i;ii;iii;iv
-2.731e-05;3.8154e-05;-7.737e-05;-0.00026678
-0.00010084;0.00012865;-0.00025024;-0.00089356
-0.00023338;0.00027775;-0.0005163;-0.0018939
-0.00043612;0.00049322;-0.00087514;-0.003262
-0.00071933;0.00078365;-0.0013287;-0.0049755
-0.0010914;0.0011573;-0.0018804;-0.0070017
-0.0015561;0.0016206;-0.0025341;-0.0093034
-0.0021098;0.0021769;-0.0032919;-0.011841
-0.0027406;0.0028265;-0.004157;-0.014573
-0.0034308;0.0035694;-0.0051359;-0.017455
-0.0041597;0.004407;-0.0062384;-0.020444
-0.004907;0.0053426;-0.0074745;-0.023501
-0.0056538;0.0063807;-0.0088512;-0.026599
-0.0063831;0.0075276;-0.010372;-0.029724
-0.0070807;0.0087902;-0.012039;-0.032867
-0.0077347;0.010173;-0.013853;-0.036031
-0.0083371;0.011676;-0.015818;-0.039223
-0.008885;0.013295;-0.017934;-0.042456
-0.0093811;0.01502;-0.020202;-0.045748
-0.0098324;0.016838;-0.022622;-0.049122
-0.010248;0.018732;-0.025194;-0.052602
-0.01064;0.020681;-0.027921;-0.056209
-0.011017;0.022661;-0.030806;-0.059954
-0.011392;0.024648;-0.033848;-0.063841
-0.011772;0.026617;-0.037047;-0.067861
-0.012168;0.028541;-0.040394;-0.071999
-0.012587;0.030395;-0.043879;-0.076236
-0.013033;0.032157;-0.047488;-0.080558
-0.01351;0.033809;-0.051203;-0.084951
-0.014015;0.035341;-0.055007;-0.089404
-0.014547;0.036752;-0.05888;-0.093904
-0.015101;0.038047;-0.062804;-0.098437
-0.01567;0.039234;-0.066758;-0.103
-0.01625;0.04032;-0.070723;-0.10758
-0.016833;0.041316;-0.074678;-0.11218
-0.017414;0.042233;-0.078607;-0.11681
-0.017986;0.043083;-0.082495;-0.12148
-0.018548;0.04388;-0.086334;-0.12619
-0.019098;0.044638;-0.090119;-0.13096
-0.01964;0.045375;-0.093847;-0.13579
-0.020179;0.046104;-0.09752;-0.14067
-0.020721;0.046834;-0.10114;-0.14561
-0.021271;0.047569;-0.10471;-0.15059
-0.021833;0.048308;-0.10823;-0.15557
-0.02241;0.049046;-0.11172;-0.16052
-0.023008;0.049774;-0.11516;-0.16539
-0.023627;0.050482;-0.11857;-0.17014
-0.024264;0.05116;-0.12193;-0.17475
-0.02491;0.051797;-0.12525;-0.17916
-0.025555;0.052388;-0.12854;-0.18337
-0.026187;0.052937;-0.13177;-0.18732
-0.026793;0.053453;-0.13495;-0.191
-0.02736;0.053953;-0.13806;-0.1944
-0.027879;0.054447;-0.14109;-0.19751
-0.028341;0.054943;-0.14401;-0.20034
-0.028739;0.055446;-0.14683;-0.20292
-0.029068;0.055963;-0.14953;-0.20527
-0.029326;0.056502;-0.15209;-0.20743
-0.029515;0.057077;-0.15451;-0.20941
-0.029639;0.057697;-0.15678;-0.21125
-0.029707;0.058364;-0.1589;-0.21298
-0.029725;0.059071;-0.16087;-0.21462
-0.029702;0.059812;-0.1627;-0.21618
-0.029645;0.060581;-0.16438;-0.21766
-0.029563;0.061375;-0.16592;-0.21904
-0.029462;0.06219;-0.16733;-0.22029
-0.029345;0.063027;-0.16863;-0.22139
-0.029212;0.063885;-0.16982;-0.22231
-0.029058;0.064763;-0.17092;-0.22301
-0.028876;0.065667;-0.17193;-0.22347
-0.028655;0.0666;-0.17289;-0.22368
-0.028387;0.06757;-0.1738;-0.22362
-0.028062;0.068584;-0.17471;-0.2233
-0.027673;0.069648;-0.17563;-0.22274
-0.027216;0.070765;-0.1766;-0.22199
-0.026691;0.071933;-0.17764;-0.2211
-0.026103;0.073151;-0.17879;-0.22012
-0.025457;0.074418;-0.18005;-0.21908
-0.024764;0.075733;-0.18146;-0.21803
-0.024035;0.077092;-0.18302;-0.21702
-0.023283;0.078485;-0.18474;-0.21609
-0.022519;0.079897;-0.18661;-0.21528
-0.021753;0.081313;-0.18865;-0.2146
-0.020992;0.082715;-0.19086;-0.21407
-0.020243;0.084091;-0.19322;-0.21366
-0.019514;0.08543;-0.19574;-0.21338
-0.018809;0.086727;-0.19841;-0.21321
-0.018132;0.087979;-0.20121;-0.21311
-0.017482;0.089185;-0.20412;-0.21307
-0.016858;0.090344;-0.20711;-0.21307
-0.016255;0.091458;-0.21016;-0.21308
-0.015671;0.092524;-0.21324;-0.21307
-0.015101;0.093541;-0.21633;-0.21303
-0.014543;0.094506;-0.21939;-0.21295
-0.013993;0.095415;-0.22241;-0.21285
-0.013448;0.09627;-0.22536;-0.21272
-0.012906;0.097071;-0.22823;-0.21259
-0.012368;0.097816;-0.231;-0.21247
-0.011838;0.098504;-0.23365;-0.21238
-0.011324;0.099129;-0.23618;-0.21232
-0.010834;0.099681;-0.23858;-0.21231
-0.010377;0.10015;-0.24083;-0.21235
-0.0099586;0.10053;-0.24293;-0.21241
-0.0095819;0.10079;-0.24486;-0.21247
-0.0092488;0.10094;-0.24661;-0.21246
-0.0089592;0.10096;-0.24818;-0.21234
-0.0087112;0.10084;-0.24955;-0.21204
-0.0085003;0.10059;-0.25072;-0.2115
-0.0083186;0.1002;-0.25168;-0.21068
-0.0081568;0.099661;-0.25244;-0.20953
-0.0080053;0.098982;-0.25297;-0.20799
-0.0078552;0.098164;-0.25329;-0.20603
-0.0076987;0.097218;-0.25338;-0.20361
-0.0075286;0.096156;-0.25323;-0.20073
-0.0073389;0.094997;-0.25285;-0.1974
-0.007125;0.09376;-0.25225;-0.19362
-0.0068852;0.092469;-0.25142;-0.18943
-0.0066211;0.091147;-0.25037;-0.18484
-0.0063379;0.089818;-0.24912;-0.17986
-0.0060422;0.088505;-0.24766;-0.17453
-0.0057403;0.087224;-0.246;-0.16885
-0.0054365;0.085987;-0.24415;-0.16285
-0.0051329;0.084799;-0.24211;-0.15655
-0.0048294;0.083657;-0.23989;-0.14996
-0.0045233;0.082554;-0.2375;-0.1431
-0.0042106;0.08148;-0.23494;-0.13595
-0.0038863;0.080418;-0.23222;-0.12854
-0.003544;0.079352;-0.22937;-0.12088
-0.0031766;0.078263;-0.22639;-0.11298
-0.0027781;0.077141;-0.2233;-0.10488
-0.002344;0.07598;-0.22013;-0.096619
-0.0018709;0.074786;-0.21688;-0.088235
-0.0013561;0.073568;-0.21357;-0.079779
-0.00079818;0.072342;-0.21022;-0.071311
-0.0001976;0.071122;-0.20681;-0.062902
0.00044386;0.069924;-0.20338;-0.054631
0.0011233;0.068766;-0.19991;-0.046592
0.0018365;0.067659;-0.19642;-0.038887
0.0025784;0.066616;-0.1929;-0.031619
0.0033431;0.06564;-0.18934;-0.024887
0.0041241;0.064726;-0.18574;-0.018766
0.0049138;0.063864;-0.18209;-0.013304
0.0057031;0.06304;-0.17839;-0.0085168
0.0064812;0.062238;-0.17462;-0.0043908
0.0072351;0.061442;-0.17078;-0.00089125
0.0079507;0.06064;-0.16686;0.0020282
0.0086139;0.059822;-0.16286;0.0044186
0.0092128;0.058978;-0.15877;0.0063333
0.0097382;0.0581;-0.15459;0.0078275
0.010183;0.057181;-0.15032;0.0089573
0.010542;0.05622;-0.14597;0.0097774
0.01081;0.055217;-0.14154;0.010338
0.010985;0.054173;-0.13704;0.010682
0.011067;0.053086;-0.13248;0.010842
0.01106;0.051956;-0.12787;0.010837
0.010971;0.050778;-0.12322;0.010675
0.010808;0.049548;-0.11856;0.010358
0.01058;0.04826;-0.11391;0.0098837
0.010299;0.046908;-0.10927;0.0092515
0.009979;0.045487;-0.10467;0.0084604
0.0096342;0.043989;-0.10011;0.0075086
0.0092822;0.042407;-0.095613;0.0063987
0.0089406;0.040737;-0.091176;0.0051463
0.0086241;0.038977;-0.086811;0.0037849
0.008343;0.03713;-0.08252;0.0023644
0.0081035;0.0352;-0.0783;0.00094291
0.00791;0.033194;-0.074147;-0.000423
0.0077673;0.03112;-0.070055;-0.0016829
0.0076804;0.028992;-0.066021;-0.0027923
0.0076523;0.026829;-0.06204;-0.0037124
0.0076825;0.024656;-0.058109;-0.0044122
0.0077661;0.022502;-0.054227;-0.0048732
0.0078952;0.020399;-0.050396;-0.0050944
0.0080591;0.018378;-0.046619;-0.005092
0.0082445;0.016468;-0.042904;-0.0048947
0.0084359;0.014696;-0.039264;-0.0045376
0.0086148;0.013085;-0.035716;-0.0040591
0.0087607;0.011651;-0.032277;-0.0035
0.0088542;0.010405;-0.028963;-0.0029047
0.0088786;0.0093484;-0.025788;-0.0023209
0.0088226;0.0084721;-0.022769;-0.0017954
0.0086797;0.0077573;-0.019919;-0.0013669
0.0084472;0.007179;-0.017253;-0.0010592
0.0081249;0.0067087;-0.014783;-0.00087896
0.0077147;0.0063158;-0.012517;-0.00081704
0.0072209;0.005969;-0.010464;-0.00085113
0.0066519;0.0056373;-0.008627;-0.00095103
0.0060209;0.0052913;-0.007005;-0.0010849
0.0053448;0.0049071;-0.0055914;-0.001222
0.0046414;0.0044704;-0.0043754;-0.0013336
0.0039295;0.0039793;-0.0033443;-0.0013944
0.0032295;0.0034424;-0.0024846;-0.0013863
0.002562;0.0028752;-0.001783;-0.0013027
0.0019458;0.0022979;-0.0012258;-0.0011491
0.0013966;0.001733;-0.00079801;-0.00094143
0.000927;0.0012057;-0.00048238;-0.00070293
0.00054671;0.0007424;-0.00026045;-0.00046074
0.00026288;0.00037078;-0.00011522;-0.00024371
8.0143e-05;0.00011668;-3.2493e-05;-8.0851e-05
0;0;0;0
3.4795e-05;-4.7701e-06;3.7324e-05;0.00043851
0.00011725;8.3918e-06;0.00012584;0.001467
0.00025245;7.0593e-05;0.00026809;0.0031131
0.00044824;0.0002114;0.00046251;0.0053878
0.0007169;0.00045497;0.00070216;0.0082945
0.0010738;0.00081791;0.00097388;0.011839
0.0015333;0.0013095;0.0012589;0.016036
0.0021039;0.0019331;0.0015352;0.02091
0.0027853;0.0026869;0.0017801;0.026495
0.0035686;0.0035658;0.0019719;0.032834
0.0044391;0.0045624;0.0020899;0.039977
0.0053787;0.0056675;0.0021132;0.047987
0.0063662;0.0068704;0.0020223;0.056938
0.0073773;0.008159;0.0018008;0.066907
0.0083836;0.0095194;0.0014353;0.077968
0.0093538;0.010935;0.00091433;0.09019
0.010258;0.012385;0.00022631;0.10362
0.011069;0.01385;-0.00064111;0.11829
0.011766;0.015311;-0.0017014;0.13419
0.01233;0.016757;-0.0029683;0.15127
0.012742;0.018183;-0.0044534;0.16945
0.012983;0.019589;-0.0061651;0.18862
0.013037;0.020979;-0.0081088;0.20861
0.01289;0.022359;-0.010288;0.2292
0.01253;0.02374;-0.012704;0.25014
0.011947;0.025132;-0.015356;0.27119
0.011132;0.026544;-0.018241;0.29209
0.010082;0.027983;-0.021357;0.31264
0.0087934;0.029445;-0.024701;0.33267
0.007271;0.030925;-0.028267;0.35205
0.0055223;0.032414;-0.03205;0.37071
0.0035611;0.033904;-0.036038;0.38862
0.0014064;0.035385;-0.040215;0.4058
-0.00091877;0.03685;-0.044564;0.42227
-0.0033886;0.038289;-0.049065;0.4381
-0.0059746;0.039696;-0.053695;0.45331
-0.0086446;0.041072;-0.058429;0.46796
-0.011362;0.042421;-0.063243;0.48206
-0.014088;0.043758;-0.068114;0.49564
-0.01678;0.045098;-0.073018;0.50871
-0.019396;0.046461;-0.077932;0.52127
-0.021898;0.047866;-0.082838;0.53326
-0.024252;0.049325;-0.087723;0.54461
-0.026428;0.050847;-0.092579;0.55521
-0.028401;0.052436;-0.097407;0.56489
-0.030147;0.054087;-0.10221;0.5735
-0.03165;0.055792;-0.10701;0.58086
-0.032898;0.05754;-0.1118;0.58684
-0.033886;0.059313;-0.11661;0.59131
-0.034618;0.061096;-0.12144;0.5942
-0.035102;0.062875;-0.1263;0.59547
-0.035353;0.064641;-0.13121;0.59512
-0.03539;0.066391;-0.13617;0.5932
-0.035234;0.068127;-0.14118;0.58979
-0.034911;0.069851;-0.14623;0.58496
-0.034442;0.071567;-0.15133;0.57882
-0.03385;0.073278;-0.15645;0.57145
-0.033151;0.074983;-0.16158;0.56295
-0.032358;0.076683;-0.16671;0.55339
-0.031477;0.078379;-0.17182;0.54288
-0.030516;0.080071;-0.17687;0.53149
-0.029479;0.081762;-0.18186;0.5193
-0.028371;0.083461;-0.18677;0.50635
-0.027198;0.085175;-0.19158;0.49263
-0.025964;0.086917;-0.19627;0.47814
-0.024677;0.088695;-0.20085;0.46283
-0.023346;0.090519;-0.20532;0.44662
-0.021981;0.092395;-0.20966;0.42948
-0.020593;0.094325;-0.21388;0.41136
-0.019192;0.096307;-0.21799;0.39222
-0.017786;0.098333;-0.22199;0.37208
-0.016381;0.10039;-0.2259;0.35098
-0.014982;0.10247;-0.22972;0.32904
-0.013596;0.10454;-0.23345;0.3064
-0.012225;0.10659;-0.23711;0.28328
-0.010875;0.1086;-0.2407;0.25989
-0.009547;0.11054;-0.24423;0.23643
-0.0082405;0.11239;-0.24771;0.21308
-0.0069524;0.11413;-0.25117;0.19002
-0.0056782;0.11575;-0.25462;0.16737
-0.0044128;0.11725;-0.25807;0.14529
-0.0031511;0.11862;-0.26154;0.12389
-0.0018888;0.11988;-0.26504;0.1033
-0.00062116;0.12104;-0.26859;0.08362
0.0006561;0.12211;-0.27218;0.064949
0.0019463;0.1231;-0.27584;0.047375
0.0032498;0.12403;-0.27957;0.030977
0.0045642;0.12492;-0.28335;0.015815
0.0058852;0.12577;-0.28719;0.0019202
0.007207;0.1266;-0.29107;-0.010722
0.0085221;0.12741;-0.29495;-0.022168
0.009822;0.1282;-0.2988;-0.032493
0.011096;0.12896;-0.30259;-0.041765
0.012334;0.12969;-0.30629;-0.050033
0.013524;0.13039;-0.30984;-0.057323
0.014656;0.13106;-0.3132;-0.063645
0.015722;0.13168;-0.31635;-0.069002
0.016714;0.13225;-0.31926;-0.0734
0.017627;0.13278;-0.3219;-0.076854
0.018456;0.13326;-0.32426;-0.079385
0.019201;0.1337;-0.32632;-0.081029
0.01986;0.13411;-0.32809;-0.081841
0.020433;0.1345;-0.32954;-0.081898
0.020918;0.13488;-0.33069;-0.081298
0.021316;0.13524;-0.33152;-0.08015
0.021628;0.13559;-0.33203;-0.078573
0.021852;0.13595;-0.33225;-0.076686
0.021983;0.13631;-0.33216;-0.074605
0.022014;0.13668;-0.3318;-0.072443
0.021937;0.13702;-0.33116;-0.070307
0.021741;0.13733;-0.33028;-0.068293
0.02142;0.13756;-0.32916;-0.066478
0.020973;0.1377;-0.32784;-0.064912
0.020403;0.13772;-0.32633;-0.06362
0.019722;0.13761;-0.32467;-0.062605
0.018951;0.13736;-0.32286;-0.061855
0.018118;0.13697;-0.32094;-0.061346
0.017259;0.13644;-0.31892;-0.061049
0.016404;0.13579;-0.31681;-0.060928
0.015583;0.13503;-0.31462;-0.060947
0.014811;0.13419;-0.31233;-0.06107
0.014101;0.13328;-0.30996;-0.061272
0.01346;0.13233;-0.30749;-0.061537
0.012896;0.13136;-0.30491;-0.061854
0.012415;0.13038;-0.30222;-0.062219
0.012023;0.12941;-0.29941;-0.062621
0.011719;0.12845;-0.29647;-0.063046
0.011498;0.12751;-0.2934;-0.063477
0.011346;0.12657;-0.2902;-0.063896
0.011248;0.12564;-0.28687;-0.064287
0.011183;0.12471;-0.28341;-0.064633
0.011132;0.12378;-0.27983;-0.064904
0.011078;0.12284;-0.27613;-0.065057
0.011004;0.1219;-0.2723;-0.065038
0.010895;0.12094;-0.26835;-0.064787
0.010737;0.11997;-0.26428;-0.064244
0.010521;0.11899;-0.26011;-0.063359
0.010243;0.11799;-0.25583;-0.062084
0.0099035;0.11698;-0.25146;-0.06038
0.0095074;0.11597;-0.24699;-0.058207
0.009061;0.11496;-0.24244;-0.055531
0.0085723;0.11397;-0.2378;-0.052333
0.0080501;0.11298;-0.23307;-0.048617
0.0075049;0.112;-0.22824;-0.044409
0.0069469;0.11104;-0.22334;-0.039762
0.0063849;0.11008;-0.21835;-0.034737
0.0058251;0.10913;-0.2133;-0.0294
0.0052709;0.10817;-0.20818;-0.023816
0.0047246;0.10719;-0.20299;-0.018053
0.0041882;0.10618;-0.19774;-0.01218
0.0036646;0.10513;-0.19242;-0.0062602
0.0031582;0.10403;-0.18701;-0.00034565
0.0026735;0.10287;-0.18152;0.0055267
0.0022135;0.10164;-0.17593;0.011332
0.0017795;0.10032;-0.17023;0.017051
0.0013716;0.098896;-0.16443;0.022661
0.00098903;0.097344;-0.15851;0.028139
0.00062945;0.095649;-0.15249;0.033473
0.00028899;0.093805;-0.14637;0.038654
-3.7756e-05;0.091811;-0.14016;0.04368
-0.0003574;0.089671;-0.13388;0.048545
-0.00067626;0.087395;-0.12757;0.053232
-0.00099785;0.08499;-0.12125;0.057705
-0.001321;0.082459;-0.11497;0.061915
-0.0016402;0.079805;-0.10877;0.065802
-0.0019473;0.077031;-0.10269;0.069302
-0.0022348;0.074143;-0.096774;0.072359
-0.002497;0.071143;-0.091045;0.074918
-0.00273;0.068029;-0.085529;0.076934
-0.0029308;0.064792;-0.08024;0.078364
-0.003097;0.061428;-0.075187;0.079174
-0.0032259;0.057936;-0.07037;0.079346
-0.0033154;0.054323;-0.065787;0.078883
-0.0033633;0.050607;-0.06143;0.077808
-0.0033687;0.04681;-0.057287;0.076164
-0.0033319;0.042959;-0.05334;0.074007
-0.0032553;0.039083;-0.049571;0.071399
-0.0031425;0.035211;-0.045961;0.068401
-0.0029972;0.031377;-0.04249;0.065074
-0.002822;0.027616;-0.039141;0.061478
-0.0026202;0.023966;-0.035899;0.057674
-0.0023978;0.020471;-0.032752;0.053717
-0.0021635;0.017169;-0.029694;0.049654
-0.0019261;0.014097;-0.026725;0.04552
-0.001692;0.011288;-0.023848;0.041344
-0.0014648;0.0087749;-0.02107;0.037157
-0.0012467;0.0065822;-0.018401;0.032994
-0.0010401;0.0047247;-0.015853;0.028895
-0.00084746;0.0032024;-0.013442;0.024898
-0.00067089;0.0020014;-0.011183;0.021043
-0.00051135;0.0010976;-0.0090956;0.017374
-0.00036956;0.00045975;-0.0072007;0.01394
-0.00024687;5.0205e-05;-0.0055162;0.010802
-0.00014571;-0.00017298;-0.0040556;0.0080136
-6.8912e-05;-0.00025432;-0.002826;0.0056213
-1.8175e-05;-0.00023977;-0.0018275;0.0036528
7.6366e-06;-0.00017414;-0.0010546;0.0021165
1.3285e-05;-9.5602e-05;-0.00049875;0.0010054
7.0617e-06;-3.177e-05;-0.00015032;0.00030471
0;0;0;0
-5.5563e-05;9.2071e-05;-0.00030746;-0.0002569
-0.00018599;0.00030491;-0.0010149;-0.00083385
-0.00039535;0.00064119;-0.0021315;-0.0017105
-0.00068572;0.0011026;-0.0036614;-0.0028559
-0.0010563;0.0016909;-0.005604;-0.0042353
-0.0015026;0.0024072;-0.0079521;-0.0058133
-0.0020154;0.0032514;-0.010692;-0.0075569
-0.0025815;0.0042206;-0.013805;-0.0094347
-0.0031843;0.0053109;-0.017265;-0.011416
-0.003805;0.0065209;-0.021047;-0.013472
-0.0044249;0.0078557;-0.025118;-0.015588
-0.0050249;0.009326;-0.029446;-0.017768
-0.0055869;0.010943;-0.033995;-0.020033
-0.0060942;0.012716;-0.038726;-0.022412
-0.0065338;0.014651;-0.043602;-0.024931
-0.0068997;0.016756;-0.048589;-0.02761
-0.0071928;0.019038;-0.053656;-0.030461
-0.0074177;0.021505;-0.058776;-0.033494
-0.0075816;0.024162;-0.063928;-0.036722
-0.0076927;0.027012;-0.069094;-0.040151
-0.0077595;0.030056;-0.074257;-0.043771
-0.0077898;0.033294;-0.079401;-0.047551
-0.0077915;0.036726;-0.084515;-0.05144
-0.0077727;0.040356;-0.089588;-0.055376
-0.0077405;0.044188;-0.094612;-0.059297
-0.0076983;0.048229;-0.099585;-0.063145
-0.0076456;0.052486;-0.10451;-0.06687
-0.0075788;0.056973;-0.10938;-0.070425
-0.0074909;0.061701;-0.1142;-0.07377
-0.0073736;0.066684;-0.119;-0.076872
-0.0072168;0.071932;-0.12377;-0.079717
-0.007009;0.077451;-0.12852;-0.082309
-0.0067367;0.083247;-0.13326;-0.084664
-0.0063852;0.089322;-0.13799;-0.086808
-0.0059431;0.095672;-0.14271;-0.088769
-0.005408;0.10229;-0.14741;-0.090577
-0.0047882;0.10915;-0.1521;-0.092267
-0.0041013;0.11625;-0.15676;-0.093876
-0.0033709;0.12355;-0.1614;-0.095439
-0.002622;0.13103;-0.166;-0.096986
-0.0018788;0.13867;-0.17057;-0.098517
-0.0011632;0.14642;-0.1751;-0.10001
-0.00049357;0.15425;-0.17957;-0.1014
0.00011615;0.16212;-0.18398;-0.10263
0.00065797;0.17;-0.18833;-0.10365
0.0011312;0.17784;-0.1926;-0.1044
0.0015426;0.1856;-0.19679;-0.10484
0.0019039;0.19325;-0.20088;-0.10492
0.0022293;0.20075;-0.20489;-0.10462
0.0025329;0.20807;-0.20879;-0.10392
0.0028273;0.21519;-0.2126;-0.1028
0.003125;0.22211;-0.21631;-0.10129
0.0034388;0.22883;-0.21991;-0.099416
0.0037817;0.23536;-0.2234;-0.097233
0.0041634;0.24172;-0.22678;-0.094806
0.0045866;0.2479;-0.23005;-0.092212
0.0050471;0.25394;-0.23321;-0.089538
0.0055348;0.25983;-0.23626;-0.086874
0.0060357;0.26559;-0.2392;-0.084315
0.0065341;0.27121;-0.24203;-0.081949
0.0070148;0.27672;-0.24475;-0.079844
0.0074642;0.2821;-0.24734;-0.078036
0.0078698;0.28736;-0.24979;-0.076535
0.0082205;0.29251;-0.2521;-0.075329
0.0085101;0.29754;-0.25424;-0.074391
0.0087415;0.30246;-0.25619;-0.073687
0.0089282;0.30726;-0.25796;-0.073179
0.009091;0.31195;-0.25952;-0.072821
0.0092527;0.31652;-0.26088;-0.072565
0.0094335;0.32097;-0.26202;-0.072367
0.0096486;0.32531;-0.26294;-0.0722
0.0099074;0.32956;-0.26365;-0.072064
0.010214;0.3337;-0.26414;-0.071982
0.010569;0.33774;-0.26444;-0.071998
0.010967;0.34169;-0.26455;-0.072157
0.011403;0.34554;-0.26449;-0.072499
0.011866;0.34931;-0.26429;-0.073058
0.012341;0.35302;-0.26396;-0.073858
0.012816;0.35666;-0.26355;-0.074923
0.013275;0.36026;-0.26306;-0.076263
0.013707;0.36381;-0.26254;-0.077875
0.014102;0.36733;-0.262;-0.079737
0.014449;0.37079;-0.26147;-0.081815
0.014743;0.37419;-0.26097;-0.084066
0.01498;0.37753;-0.2605;-0.08644
0.015164;0.38081;-0.26008;-0.088876
0.015298;0.38401;-0.25971;-0.091309
0.015389;0.38713;-0.2594;-0.093666
0.015447;0.39017;-0.25914;-0.095871
0.015478;0.39312;-0.25894;-0.097855
0.015491;0.39597;-0.25878;-0.099575
0.01549;0.39872;-0.25864;-0.10101
0.015478;0.40137;-0.2585;-0.10217
0.015455;0.40391;-0.25832;-0.10307
0.01542;0.40633;-0.25808;-0.10373
0.015369;0.40863;-0.25774;-0.10415
0.015296;0.41079;-0.25725;-0.10435
0.015191;0.41281;-0.25659;-0.10434
0.015045;0.41468;-0.25571;-0.10415
0.01485;0.41639;-0.25458;-0.1038
0.014598;0.41793;-0.25319;-0.10329
0.014284;0.41928;-0.25152;-0.10264
0.013904;0.42045;-0.24956;-0.10183
0.013455;0.42142;-0.24731;-0.10087
0.012934;0.42219;-0.24478;-0.099743
0.012342;0.42277;-0.24198;-0.098455
0.011681;0.42316;-0.23892;-0.097004
0.010956;0.42339;-0.23562;-0.095387
0.01017;0.42345;-0.23211;-0.093598
0.0093282;0.42337;-0.2284;-0.091635
0.008435;0.42317;-0.22451;-0.089505
0.0074948;0.42284;-0.22046;-0.087225
0.0065114;0.42241;-0.21628;-0.084821
0.0054885;0.42188;-0.21197;-0.082331
0.0044303;0.42126;-0.20754;-0.079795
0.0033402;0.42054;-0.203;-0.07726
0.0022184;0.41971;-0.19835;-0.074769
0.0010618;0.41876;-0.1936;-0.072367
-0.00013591;0.41766;-0.18873;-0.070091
-0.0013823;0.41639;-0.18376;-0.067969
-0.0026838;0.41493;-0.17867;-0.066014
-0.0040449;0.41325;-0.17347;-0.064218
-0.0054687;0.41131;-0.16816;-0.062559
-0.0069568;0.4091;-0.16275;-0.061
-0.0085091;0.40659;-0.15724;-0.059502
-0.010122;0.40377;-0.15165;-0.058026
-0.011784;0.40063;-0.146;-0.056536
-0.013482;0.39716;-0.1403;-0.055005
-0.015197;0.39337;-0.1346;-0.053411
-0.01691;0.38926;-0.12892;-0.051749
-0.018603;0.38483;-0.1233;-0.050028
-0.020258;0.3801;-0.11779;-0.048277
-0.021857;0.37509;-0.11241;-0.046538
-0.02338;0.3698;-0.1072;-0.044862
-0.02481;0.36425;-0.10219;-0.043296
-0.026136;0.35848;-0.097389;-0.041881
-0.027348;0.3525;-0.092817;-0.040645
-0.028443;0.34636;-0.088483;-0.039613
-0.029417;0.34007;-0.084391;-0.038804
-0.030269;0.33367;-0.080537;-0.038229
-0.030999;0.32718;-0.076912;-0.03788
-0.031605;0.3206;-0.073502;-0.037728
-0.032087;0.31393;-0.070291;-0.037724
-0.032443;0.30718;-0.067261;-0.03781
-0.032675;0.30034;-0.064391;-0.037927
-0.032782;0.2934;-0.061661;-0.038015
-0.032763;0.28636;-0.059051;-0.038019
-0.032618;0.27921;-0.05654;-0.037884
-0.032343;0.27197;-0.05411;-0.037565
-0.031935;0.26463;-0.051743;-0.03703
-0.03139;0.2572;-0.049428;-0.036263
-0.030708;0.2497;-0.047155;-0.03527
-0.029891;0.24215;-0.044921;-0.034073
-0.028946;0.23457;-0.042725;-0.032709
-0.027883;0.22696;-0.040569;-0.031221
-0.026719;0.21934;-0.038454;-0.029651
-0.025473;0.21171;-0.036383;-0.028037
-0.024169;0.20408;-0.034358;-0.026415
-0.022829;0.19645;-0.032382;-0.024821
-0.021477;0.18882;-0.030456;-0.023286
-0.020137;0.18118;-0.028582;-0.021818
-0.01883;0.17354;-0.026757;-0.020409
-0.017576;0.16588;-0.024978;-0.019027
-0.016391;0.15821;-0.023242;-0.017637
-0.015285;0.15052;-0.021546;-0.016205
-0.014259;0.14283;-0.019888;-0.014705
-0.01331;0.13514;-0.018265;-0.013113
-0.012428;0.12746;-0.01668;-0.01141
-0.011601;0.11981;-0.015135;-0.0095848
-0.010817;0.11221;-0.013631;-0.0076365
-0.010065;0.1047;-0.012172;-0.0055804
-0.0093345;0.097316;-0.010759;-0.0034483
-0.0086162;0.090101;-0.0093942;-0.0012863
-0.007901;0.083097;-0.0080831;0.00085126
-0.0071838;0.076346;-0.0068309;0.0029063
-0.0064657;0.069887;-0.0056438;0.0048187
-0.0057526;0.063756;-0.0045284;0.0065271
-0.0050537;0.057983;-0.0034923;0.007972
-0.0043789;0.052591;-0.0025441;0.0090986
-0.003737;0.047591;-0.0016918;0.0098642
-0.0031358;0.042983;-0.00094195;0.010248
-0.0025821;0.038754;-0.00029857;0.010259
-0.0020811;0.034881;0.00023713;0.0099319
-0.0016353;0.031332;0.00066684;0.0093161
-0.0012444;0.028071;0.00099444;0.0084693
-0.00090544;0.025057;0.0012253;0.0074529
-0.00061429;0.022249;0.0013663;0.0063319
-0.00036654;0.019605;0.0014262;0.0051748
-0.00015857;0.017088;0.0014155;0.0040506
1.1301e-05;0.014678;0.0013464;0.0030229
0.00014259;0.012368;0.0012318;0.0021392
0.00023386;0.010173;0.0010844;0.0014246
0.00028464;0.008113;0.00091609;0.0008807
0.00029679;0.0062161;0.00073799;0.00049204
0.00027512;0.0045122;0.00056058;0.00023543
0.00022708;0.0030341;0.00039348;8.5333e-05
0.00016223;0.001815;0.00024557;1.4837e-05
9.2548e-05;0.00088631;0.00012512;-4.9788e-06
3.2757e-05;0.0002746;4.0394e-05;-3.1142e-06
0;0;0;0
5.2353e-05;-0.0001031;-6.3777e-05;-0.00011422
0.00018039;-0.00033479;-0.00018987;-0.00038232
0.00039457;-0.00069046;-0.00035969;-0.0008172
0.00070357;-0.0011644;-0.00056124;-0.001429
0.0011142;-0.001749;-0.00078957;-0.0022201
0.0016311;-0.0024321;-0.0010466;-0.0031824
0.0022562;-0.0031974;-0.0013397;-0.0042971
0.0029896;-0.0040253;-0.0016795;-0.0055383
0.0038293;-0.0048957;-0.0020782;-0.0068758
0.0047721;-0.005792;-0.0025494;-0.0082765
0.0058149;-0.0067041;-0.0031072;-0.0097042
0.006955;-0.0076281;-0.0037649;-0.011119
0.0081914;-0.0085634;-0.0045316;-0.012484
0.0095234;-0.0095102;-0.0054091;-0.013764
0.010951;-0.010467;-0.0063925;-0.01493
0.012476;-0.011433;-0.0074726;-0.015957
0.014098;-0.012407;-0.0086387;-0.016824
0.01582;-0.013388;-0.0098791;-0.017516
0.017641;-0.014376;-0.011182;-0.018022
0.019559;-0.015373;-0.012535;-0.018341
0.02157;-0.016375;-0.013928;-0.01848
0.023669;-0.017375;-0.015351;-0.018461
0.02585;-0.018364;-0.016797;-0.018321
0.028109;-0.01933;-0.018262;-0.01811
0.030441;-0.020264;-0.019744;-0.017882
0.032843;-0.021154;-0.021239;-0.01769
0.035307;-0.021991;-0.022745;-0.017581
0.037826;-0.022766;-0.024259;-0.017603
0.040392;-0.023471;-0.025775;-0.017795
0.042995;-0.024099;-0.027286;-0.018192
0.045625;-0.02465;-0.028787;-0.018814
0.048275;-0.025126;-0.03027;-0.019665
0.050937;-0.02553;-0.031727;-0.02073
0.053606;-0.025864;-0.033154;-0.021978
0.056277;-0.026129;-0.034549;-0.023371
0.058949;-0.02633;-0.035912;-0.024862
0.061623;-0.026475;-0.037242;-0.026405
0.064304;-0.026574;-0.038537;-0.027954
0.066998;-0.026641;-0.039794;-0.029467
0.069712;-0.026683;-0.041008;-0.030901
0.072456;-0.026699;-0.042173;-0.032222
0.075237;-0.026688;-0.043287;-0.033406
0.078067;-0.026642;-0.044346;-0.034441
0.080954;-0.026556;-0.045349;-0.035326
0.08391;-0.026425;-0.046294;-0.036066
0.086939;-0.026242;-0.047178;-0.036672
0.090049;-0.025999;-0.047998;-0.037156
0.093241;-0.025687;-0.048751;-0.037535
0.096517;-0.025297;-0.049431;-0.037833
0.099878;-0.024819;-0.050031;-0.038075
0.10332;-0.024248;-0.050543;-0.038283
0.10684;-0.023583;-0.050958;-0.038467
0.11044;-0.022827;-0.05127;-0.038619
0.1141;-0.021987;-0.051472;-0.03872
0.11784;-0.021071;-0.05156;-0.038742
0.12163;-0.020092;-0.051531;-0.038652
0.12549;-0.019062;-0.051385;-0.038419
0.1294;-0.017993;-0.051126;-0.038019
0.13336;-0.016898;-0.050764;-0.037433
0.13735;-0.015783;-0.050309;-0.03665
0.14139;-0.014653;-0.049775;-0.035669
0.14546;-0.01351;-0.049176;-0.034507
0.14955;-0.012353;-0.048526;-0.033196
0.15366;-0.011184;-0.04784;-0.03178
0.15779;-0.010005;-0.047131;-0.030303
0.16192;-0.0088159;-0.046414;-0.028804
0.16604;-0.0076173;-0.045702;-0.027312
0.17015;-0.0064086;-0.04501;-0.025849
0.17422;-0.005191;-0.044351;-0.024428
0.17826;-0.0039693;-0.043741;-0.023058
0.18226;-0.0027513;-0.043195;-0.02174
0.18621;-0.0015468;-0.042725;-0.020468
0.19012;-0.00036556;-0.042342;-0.019229
0.19398;0.00078524;-0.042057;-0.018007
0.1978;0.0019009;-0.041877;-0.016785
0.20158;0.0029779;-0.041811;-0.015552
0.20533;0.0040135;-0.041869;-0.014297
0.20906;0.0050051;-0.042059;-0.013017
0.21279;0.0059506;-0.04239;-0.011714
0.21651;0.0068494;-0.042873;-0.010397
0.22024;0.0077022;-0.043518;-0.0090853
0.22397;0.0085119;-0.044336;-0.0077983
0.22771;0.0092835;-0.045333;-0.0065573
0.23144;0.010023;-0.046512;-0.005381
0.23518;0.010738;-0.047871;-0.0042859
0.2389;0.011433;-0.0494;-0.0032882
0.24259;0.012115;-0.051082;-0.0024067
0.24625;0.01279;-0.052892;-0.0016617
0.24984;0.013463;-0.054797;-0.0010724
0.25335;0.014137;-0.056762;-0.00065264
0.25676;0.014816;-0.058744;-0.0004082
0.26004;0.0155;-0.060702;-0.00033449
0.26317;0.016186;-0.062596;-0.0004167
0.26613;0.016872;-0.06439;-0.00063236
0.26888;0.017554;-0.066053;-0.00095444
0.27142;0.018227;-0.067562;-0.0013534
0.27371;0.018887;-0.068902;-0.0017974
0.27575;0.019527;-0.070065;-0.0022527
0.2775;0.020141;-0.071054;-0.0026868
0.27897;0.020722;-0.071871;-0.0030751
0.28014;0.021266;-0.072527;-0.0034058
0.281;0.021772;-0.073032;-0.0036812
0.28155;0.022236;-0.073401;-0.0039158
0.2818;0.022658;-0.073647;-0.0041327
0.28175;0.023039;-0.07378;-0.0043615
0.28143;0.023386;-0.073808;-0.0046353
0.28085;0.023706;-0.073733;-0.0049887
0.28004;0.024009;-0.073556;-0.0054574
0.27903;0.024303;-0.073275;-0.0060778
0.27783;0.024595;-0.072886;-0.006882
0.27648;0.024889;-0.072381;-0.0078882
0.27499;0.025187;-0.071751;-0.0090947
0.27339;0.025491;-0.070986;-0.010479
0.2717;0.025803;-0.070075;-0.012002
0.26995;0.026124;-0.069013;-0.013615
0.26816;0.026452;-0.067796;-0.015267
0.26634;0.026784;-0.066426;-0.01691
0.26451;0.027112;-0.064907;-0.0185
0.26267;0.027423;-0.063245;-0.019992
0.26083;0.027702;-0.061449;-0.021343
0.25897;0.027935;-0.05953;-0.022515
0.25711;0.02811;-0.057502;-0.023483
0.25522;0.028215;-0.055383;-0.024235
0.25331;0.028244;-0.05319;-0.024776
0.25135;0.028188;-0.050944;-0.025125
0.24931;0.028045;-0.048663;-0.025307
0.24718;0.027814;-0.046367;-0.025355
0.24492;0.027498;-0.044074;-0.025305
0.24251;0.027104;-0.041798;-0.025196
0.23991;0.026641;-0.039551;-0.025067
0.23711;0.026118;-0.037346;-0.024949
0.23408;0.025546;-0.035191;-0.024864
0.23081;0.024928;-0.033095;-0.024824
0.22728;0.024268;-0.031063;-0.024833
0.22349;0.023568;-0.029097;-0.024892
0.21944;0.022831;-0.027194;-0.024996
0.21513;0.022059;-0.02535;-0.025139
0.21057;0.021252;-0.023557;-0.025307
0.20577;0.020413;-0.021808;-0.02548
0.20077;0.019542;-0.020091;-0.025636
0.19558;0.018648;-0.018398;-0.025763
0.19023;0.01774;-0.016718;-0.025866
0.18474;0.016826;-0.015045;-0.025962
0.17916;0.015917;-0.013374;-0.026072
0.17352;0.015019;-0.011708;-0.026215
0.16785;0.014138;-0.01005;-0.026403
0.16218;0.013275;-0.0084053;-0.02664
0.15655;0.012429;-0.0067805;-0.026928
0.15096;0.0116;-0.0051832;-0.027266
0.14545;0.010787;-0.0036221;-0.027652
0.14003;0.0099911;-0.0021068;-0.028087
0.1347;0.009211;-0.0006482;-0.028566
0.12949;0.0084471;0.00074244;-0.029075
0.1244;0.0076991;0.0020547;-0.029592
0.11944;0.0069665;0.0032811;-0.030091
0.11461;0.0062481;0.0044172;-0.030543
0.10992;0.0055434;0.0054608;-0.03092
0.10536;0.0048526;0.0064098;-0.031195
0.10092;0.0041775;0.007262;-0.031347
0.096608;0.0035218;0.0080162;-0.031362
0.092398;0.00289;0.0086727;-0.031238
0.088282;0.0022873;0.0092335;-0.030986
0.084251;0.0017193;0.0097018;-0.030625
0.080297;0.0011924;0.010081;-0.030178
0.076414;0.00071319;0.010374;-0.029663
0.072601;0.00028743;0.010582;-0.029097
0.06886;-8.0368e-05;0.010709;-0.02849
0.065191;-0.00038691;0.010758;-0.027859
0.061595;-0.00063067;0.010733;-0.02722
0.058074;-0.00081366;0.010639;-0.026591
0.054627;-0.00094258;0.010479;-0.025982
0.051258;-0.0010281;0.010257;-0.025389
0.047971;-0.0010837;0.0099793;-0.024796
0.044772;-0.0011236;0.0096533;-0.024182
0.041667;-0.0011606;0.0092893;-0.02352
0.03866;-0.0012047;0.0088976;-0.02279
0.035757;-0.001263;0.0084872;-0.02197
0.032961;-0.0013407;0.0080648;-0.02104
0.030276;-0.001441;0.0076356;-0.01998
0.027703;-0.0015629;0.0072038;-0.018774
0.025243;-0.0017009;0.0067732;-0.017421
0.022895;-0.0018457;0.006346;-0.015937
0.020659;-0.0019862;0.0059235;-0.014356
0.018537;-0.0021105;0.0055058;-0.012715
0.016529;-0.002207;0.0050927;-0.011055
0.014636;-0.0022659;0.0046831;-0.0094136
0.012854;-0.002279;0.004275;-0.0078298
0.011177;-0.0022404;0.0038663;-0.0063391
0.0096031;-0.0021465;0.0034556;-0.0049743
0.0081286;-0.0019982;0.0030428;-0.0037644
0.0067534;-0.0018007;0.0026297;-0.0027303
0.005479;-0.001564;0.0022198;-0.0018817
0.0043111;-0.0013013;0.0018186;-0.001216
0.0032592;-0.0010285;0.0014325;-0.00072002
0.0023353;-0.00076198;0.0010691;-0.00037374
0.0015518;-0.00051783;0.00073829;-0.00015454
0.00091907;-0.00031029;0.00045247;-3.7418e-05
0.00044539;-0.00015056;0.0002257;6.3531e-06
0.00013727;-4.6043e-05;7.1236e-05;8.4834e-06
0;0;0;0
-0.00012948;-1.0816e-05;4.7982e-05;6.3071e-05
-0.00046365;-3.5461e-05;0.00018474;0.00020964
-0.0010559;-7.1183e-05;0.00043924;0.00044634
-0.0019599;-0.0001122;0.00083265;0.00078358
-0.0032275;-0.00015028;0.0013778;0.0012366
-0.0049082;-0.0001751;0.002078;0.0018252
-0.0070465;-0.00017534;0.0029278;0.0025724
-0.009681;-0.00014043;0.0039142;0.0035007
-0.012842;-6.2008e-05;0.0050193;0.0046292
-0.016548;6.5852e-05;0.0062216;0.0059705
-0.020808;0.00024672;0.0074958;0.00753
-0.025618;0.00048211;0.008813;0.0093077
-0.030962;0.00077278;0.010143;0.011299
-0.036818;0.0011202;0.011457;0.013495
-0.043158;0.0015268;0.012728;0.015882
-0.049953;0.0019946;0.013936;0.018436
-0.057174;0.0025241;0.015064;0.021122
-0.064793;0.0031132;0.016099;0.023896
-0.072775;0.00376;0.017029;0.02671
-0.081079;0.0044633;0.017846;0.029513
-0.089651;0.0052227;0.018543;0.032255
-0.098417;0.0060378;0.019115;0.034886
-0.10729;0.0069068;0.019563;0.037356
-0.11614;0.007827;0.019889;0.039618
-0.12485;0.008796;0.020096;0.041634
-0.13329;0.009812;0.020193;0.04338
-0.14133;0.010873;0.020189;0.044847
-0.14892;0.011977;0.020096;0.04604
-0.156;0.013122;0.019925;0.046968
-0.16258;0.014304;0.01969;0.047648
-0.16862;0.015524;0.019405;0.048093
-0.17408;0.01678;0.019088;0.04832
-0.17893;0.018074;0.018756;0.048342
-0.18315;0.019409;0.018425;0.048172
-0.18674;0.020788;0.018106;0.047819
-0.18976;0.022213;0.017806;0.047287
-0.19228;0.023685;0.01753;0.046577
-0.19436;0.025203;0.01728;0.045688
-0.19605;0.026762;0.017058;0.044624
-0.19741;0.028356;0.016863;0.043391
-0.19849;0.029977;0.016694;0.042002
-0.19939;0.031613;0.016553;0.040467
-0.20016;0.033253;0.016446;0.038797
-0.20086;0.03489;0.016381;0.037002
-0.20153;0.036517;0.016366;0.035092
-0.20219;0.038133;0.016412;0.033078
-0.20285;0.03974;0.016523;0.03098
-0.20354;0.041334;0.016702;0.028823
-0.20425;0.042913;0.016952;0.026637
-0.20499;0.044474;0.017271;0.024452
-0.20574;0.046019;0.017657;0.022292
-0.20648;0.047554;0.018107;0.020181
-0.20717;0.049087;0.018612;0.018136
-0.20778;0.050627;0.019163;0.016175
-0.20826;0.052177;0.019751;0.014311
-0.2086;0.053738;0.020371;0.012554
-0.20877;0.05531;0.021019;0.010906
-0.20872;0.056889;0.02169;0.0093637
-0.20844;0.058473;0.022381;0.0079222
-0.20789;0.060058;0.023089;0.0065733
-0.20707;0.06164;0.023812;0.0053074
-0.20596;0.063213;0.024552;0.0041132
-0.20455;0.064769;0.025307;0.0029773
-0.20285;0.066297;0.026077;0.0018841
-0.20085;0.067793;0.026861;0.00081835
-0.19858;0.069248;0.027657;-0.00023161
-0.19605;0.070659;0.028466;-0.0012708
-0.19329;0.07202;0.02929;-0.0022975
-0.19033;0.073324;0.030133;-0.0033067
-0.18721;0.074561;0.030993;-0.0042921
-0.18395;0.075721;0.031868;-0.0052475
-0.1806;0.076795;0.032746;-0.0061666
-0.17719;0.07778;0.033615;-0.0070444
-0.17377;0.078671;0.034456;-0.0078778
-0.17036;0.079465;0.035248;-0.0086684
-0.167;0.080159;0.035966;-0.0094232
-0.16372;0.080747;0.036583;-0.010155
-0.16052;0.081225;0.037069;-0.01088
-0.15742;0.081594;0.037391;-0.011616
-0.15442;0.081855;0.037515;-0.012382
-0.15153;0.082013;0.037413;-0.013195
-0.14875;0.082072;0.037057;-0.014069
-0.14607;0.082036;0.036425;-0.015013
-0.14349;0.081909;0.035501;-0.016033
-0.141;0.081699;0.034277;-0.017132
-0.1386;0.081415;0.032754;-0.018306
-0.13628;0.081074;0.030942;-0.019546
-0.13403;0.080696;0.028861;-0.020839
-0.13186;0.080301;0.026539;-0.02217
-0.12975;0.079908;0.02401;-0.023523
-0.1277;0.079535;0.021314;-0.024883
-0.12571;0.079197;0.018499;-0.026234
-0.12378;0.078907;0.015616;-0.027562
-0.12189;0.078677;0.012716;-0.028855
-0.12005;0.078513;0.009851;-0.030103
-0.11824;0.07842;0.007068;-0.0313
-0.11645;0.078398;0.0044087;-0.032451
-0.11467;0.078444;0.00191;-0.033565
-0.11289;0.078552;-0.00039666;-0.034658
-0.1111;0.078711;-0.0024878;-0.035744
-0.10929;0.078909;-0.0043494;-0.036842
-0.10745;0.079126;-0.005978;-0.037967
-0.10559;0.079344;-0.0073781;-0.039135
-0.10371;0.079542;-0.0085605;-0.040359
-0.10181;0.079705;-0.0095411;-0.04165
-0.099895;0.079826;-0.010341;-0.043014
-0.097954;0.079901;-0.010985;-0.044447
-0.095989;0.079933;-0.011501;-0.045942
-0.093994;0.079929;-0.011918;-0.047486
-0.091962;0.079895;-0.01226;-0.049065
-0.089883;0.079836;-0.012551;-0.050664
-0.087745;0.079758;-0.012811;-0.052265
-0.085535;0.079664;-0.013056;-0.053853
-0.08324;0.079553;-0.013299;-0.055413
-0.08085;0.079423;-0.01355;-0.056936
-0.078358;0.079267;-0.013816;-0.058414
-0.075761;0.079074;-0.014102;-0.05985
-0.073058;0.078833;-0.014409;-0.061252
-0.070253;0.078534;-0.014739;-0.062632
-0.067354;0.07817;-0.01509;-0.064004
-0.064373;0.077735;-0.015457;-0.065381
-0.061326;0.077226;-0.015834;-0.066772
-0.058231;0.076638;-0.016211;-0.068185
-0.055112;0.07597;-0.016583;-0.069623
-0.051992;0.075225;-0.016943;-0.071084
-0.048898;0.074414;-0.017289;-0.07256
-0.045855;0.073551;-0.01762;-0.074037
-0.042888;0.072654;-0.017937;-0.075494
-0.040019;0.071742;-0.018244;-0.07691
-0.037267;0.070825;-0.018548;-0.078263
-0.03465;0.069913;-0.018859;-0.079533
-0.032187;0.069008;-0.019187;-0.080698
-0.02989;0.068112;-0.019542;-0.081736
-0.027774;0.067227;-0.019934;-0.082627
-0.025851;0.066352;-0.020371;-0.083351
-0.024132;0.065482;-0.020858;-0.083896
-0.022624;0.06461;-0.021395;-0.084254
-0.021334;0.063723;-0.021977;-0.084423
-0.020268;0.06281;-0.022594;-0.084407
-0.019426;0.061861;-0.02323;-0.084212
-0.018807;0.060867;-0.023866;-0.083845
-0.018409;0.059819;-0.024484;-0.083315
-0.018226;0.058712;-0.025064;-0.082631
-0.01825;0.057539;-0.025589;-0.081802
-0.018465;0.056293;-0.026046;-0.080836
-0.018852;0.054966;-0.026422;-0.079737
-0.019386;0.053553;-0.026709;-0.078504
-0.020039;0.052051;-0.026906;-0.077133
-0.020779;0.050462;-0.027015;-0.075617
-0.021573;0.048791;-0.02704;-0.073949
-0.022387;0.047045;-0.026988;-0.07212
-0.023186;0.045236;-0.026867;-0.070128
-0.023937;0.043378;-0.026683;-0.067971
-0.024612;0.041485;-0.026441;-0.065648
-0.025187;0.039571;-0.026147;-0.06316
-0.02564;0.037651;-0.025804;-0.060514
-0.025951;0.035735;-0.025415;-0.057724
-0.026105;0.033829;-0.024981;-0.054814
-0.02609;0.031941;-0.024501;-0.051811
-0.025901;0.030072;-0.023974;-0.048748
-0.025537;0.028225;-0.023398;-0.045657
-0.025006;0.026401;-0.022769;-0.042574
-0.024318;0.024599;-0.022085;-0.039533
-0.023487;0.022824;-0.021348;-0.036569
-0.022529;0.021079;-0.02056;-0.033712
-0.021463;0.019371;-0.019729;-0.030987
-0.020306;0.017709;-0.018862;-0.028409
-0.01908;0.0161;-0.017971;-0.025988
-0.017804;0.014551;-0.017065;-0.023727
-0.016497;0.013069;-0.016154;-0.021623
-0.015179;0.011661;-0.015252;-0.019665
-0.013867;0.010335;-0.014368;-0.017843
-0.012576;0.0090992;-0.013513;-0.016141
-0.011323;0.0079589;-0.012689;-0.014542
-0.010119;0.0069176;-0.011897;-0.01303
-0.008974;0.005975;-0.011134;-0.011593
-0.007898;0.0051271;-0.010396;-0.010225
-0.0068977;0.0043689;-0.0096778;-0.0089261
-0.0059782;0.0036958;-0.0089752;-0.0077013
-0.0051417;0.003102;-0.0082824;-0.0065577
-0.0043875;0.0025794;-0.0075957;-0.0055034
-0.0037119;0.0021165;-0.0069139;-0.0045469
-0.0031097;0.0016995;-0.0062393;-0.0036973
-0.0025755;0.0013155;-0.0055778;-0.0029632
-0.0021047;0.0009571;-0.0049373;-0.0023502
-0.0016943;0.00062433;-0.0043257;-0.0018572
-0.0013414;0.00032387;-0.0037489;-0.0014752
-0.0010427;6.5612e-05;-0.0032102;-0.0011888
-0.00079392;-0.00014204;-0.0027115;-0.00097902
-0.00059028;-0.00029523;-0.0022533;-0.00082529
-0.00042705;-0.00039437;-0.001836;-0.00070876
-0.0002997;-0.00044239;-0.0014596;-0.0006139
-0.00020347;-0.00044393;-0.0011245;-0.00052896
-0.00013315;-0.00040592;-0.00083198;-0.00044517
-8.335e-05;-0.00033822;-0.00058381;-0.0003571
-4.9121e-05;-0.00025295;-0.00038071;-0.0002644
-2.6461e-05;-0.00016359;-0.00022207;-0.00017263
-1.221e-05;-8.4023e-05;-0.00010648;-9.1183e-05
-3.8222e-06;-2.6689e-05;-3.2639e-05;-3.0324e-05
0;0;0;0
6.2936e-05;3.0974e-05;-2.2361e-05;-0.00021265
0.00020553;9.861e-05;-6.769e-05;-0.00065379
0.00042966;0.00019815;-0.00013031;-0.0012698
0.00073906;0.00032303;-0.00020619;-0.0020081
0.001138;0.00046522;-0.00029261;-0.0028218
0.0016306;0.00061602;-0.00038782;-0.0036737
0.0022202;0.00076654;-0.00049144;-0.0045396
0.0029089;0.00090746;-0.00060513;-0.0054081
0.0036985;0.0010294;-0.00073341;-0.00628
0.0045897;0.0011245;-0.00088409;-0.0071642
0.0055818;0.0011888;-0.0010676;-0.008073
0.0066709;0.0012223;-0.0012953;-0.0090206
0.0078499;0.0012274;-0.0015774;-0.010022
0.0091091;0.0012074;-0.0019228;-0.011093
0.010438;0.0011657;-0.0023396;-0.012245
0.011824;0.0011061;-0.0028359;-0.013484
0.01326;0.0010336;-0.00342;-0.014808
0.014737;0.00095358;-0.0041;-0.016206
0.016251;0.00087058;-0.0048826;-0.017664
0.017799;0.00078799;-0.0057735;-0.019164
0.019382;0.00070822;-0.0067763;-0.020687
0.021002;0.00063343;-0.0078906;-0.022217
0.022669;0.00056589;-0.0091106;-0.023733
0.024391;0.00050813;-0.010425;-0.02522
0.02618;0.00046316;-0.01182;-0.026661
0.028046;0.00043434;-0.013281;-0.028046
0.029998;0.00042487;-0.014796;-0.029374
0.032042;0.00043805;-0.016351;-0.030651
0.034182;0.00047848;-0.017934;-0.031892
0.03642;0.00055288;-0.019534;-0.033111
0.038756;0.00066945;-0.021138;-0.034324
0.041185;0.00083608;-0.022735;-0.035541
0.043701;0.0010588;-0.024315;-0.036773
0.046296;0.0013413;-0.025873;-0.038026
0.048961;0.0016857;-0.027403;-0.039304
0.051688;0.0020932;-0.0289;-0.040609
0.054469;0.0025648;-0.030359;-0.041938
0.057298;0.0031013;-0.031774;-0.04329
0.060169;0.0037035;-0.033143;-0.044658
0.063077;0.0043718;-0.03446;-0.046042
0.066018;0.005106;-0.035722;-0.04744
0.068991;0.0059047;-0.036927;-0.048856
0.072;0.0067667;-0.038072;-0.050291
0.075046;0.0076906;-0.039154;-0.051746
0.078136;0.0086751;-0.040173;-0.053225
0.081272;0.0097178;-0.041128;-0.054729
0.08446;0.010816;-0.042018;-0.056267
0.087704;0.011966;-0.042847;-0.057845
0.091012;0.013164;-0.043618;-0.059475
0.094392;0.014409;-0.044334;-0.061166
0.097849;0.015699;-0.044999;-0.062928
0.10139;0.017032;-0.045617;-0.064768
0.105;0.018406;-0.046192;-0.066694
0.10869;0.019819;-0.046729;-0.068715
0.11243;0.021267;-0.047235;-0.070836
0.1162;0.022747;-0.047718;-0.07306
0.11999;0.024254;-0.048189;-0.075382
0.12376;0.025787;-0.048661;-0.077791
0.12747;0.027344;-0.049148;-0.080268
0.13111;0.028921;-0.049664;-0.082791
0.13463;0.030515;-0.050226;-0.085338
0.13801;0.032123;-0.050847;-0.087884
0.14122;0.033743;-0.051542;-0.090402
0.14425;0.035375;-0.052321;-0.092862
0.14705;0.037019;-0.053194;-0.095236
0.14962;0.038677;-0.054167;-0.097495
0.15194;0.040348;-0.055246;-0.099624
0.154;0.04203;-0.056429;-0.10161
0.15578;0.043723;-0.057714;-0.10346
0.15727;0.045429;-0.059098;-0.10516
0.15848;0.047147;-0.060573;-0.10672
0.1594;0.048879;-0.062136;-0.10813
0.16003;0.050618;-0.063781;-0.1094
0.16037;0.05236;-0.065507;-0.11052
0.16043;0.054094;-0.067313;-0.11149
0.16021;0.055817;-0.069202;-0.1123
0.15972;0.057524;-0.071179;-0.11294
0.15897;0.059217;-0.073253;-0.11339
0.15797;0.060893;-0.075434;-0.11363
0.15672;0.062551;-0.077734;-0.11362
0.15523;0.064188;-0.080164;-0.11335
0.15351;0.065803;-0.082733;-0.11279
0.15158;0.067395;-0.085447;-0.11192
0.14949;0.068968;-0.088308;-0.11073
0.14726;0.070519;-0.091311;-0.10922
0.14495;0.072044;-0.094446;-0.10737
0.14263;0.073534;-0.097699;-0.1052
0.14037;0.074981;-0.10105;-0.10272
0.13822;0.076375;-0.10449;-0.09997
0.13622;0.077707;-0.10798;-0.096978
0.13442;0.078971;-0.1115;-0.093788
0.13281;0.08016;-0.11502;-0.090447
0.13141;0.081268;-0.11852;-0.087008
0.1302;0.082291;-0.12198;-0.083521
0.12918;0.083225;-0.12536;-0.080028
0.12834;0.084068;-0.12863;-0.07656
0.12768;0.084819;-0.13178;-0.073135
0.12718;0.085481;-0.13477;-0.069762
0.12682;0.086055;-0.1376;-0.066441
0.12656;0.086545;-0.14025;-0.063165
0.12637;0.086955;-0.1427;-0.059928
0.12621;0.087289;-0.14496;-0.056716
0.12606;0.087552;-0.14702;-0.053514
0.12589;0.08775;-0.14887;-0.050306
0.12567;0.087886;-0.15052;-0.047073
0.12537;0.087961;-0.15195;-0.043806
0.12497;0.087973;-0.15317;-0.0405
0.12444;0.087918;-0.15418;-0.03716
0.12374;0.087789;-0.15497;-0.033799
0.12288;0.087581;-0.15554;-0.030436
0.12182;0.08729;-0.1559;-0.027083
0.12055;0.086911;-0.15607;-0.023754
0.11906;0.086443;-0.15605;-0.020455
0.11733;0.085885;-0.15586;-0.017199
0.11537;0.085238;-0.15551;-0.013996
0.11317;0.08451;-0.15501;-0.010857
0.11073;0.083708;-0.15439;-0.0077895
0.10809;0.082846;-0.15364;-0.0047952
0.10526;0.081934;-0.15279;-0.0018693
0.10225;0.080981;-0.15183;0.00099684
0.099105;0.079998;-0.15078;0.0038139
0.095837;0.078993;-0.14963;0.0065946
0.092487;0.077976;-0.14838;0.0093521
0.089092;0.076955;-0.14702;0.012098
0.085691;0.075941;-0.14556;0.014841
0.082316;0.07494;-0.14398;0.017582
0.078997;0.073956;-0.14228;0.020313
0.075754;0.07299;-0.14047;0.023017
0.072602;0.072036;-0.13855;0.02567
0.069551;0.07109;-0.13651;0.028242
0.066603;0.070143;-0.13436;0.030704
0.063753;0.069186;-0.1321;0.033025
0.060991;0.068213;-0.12973;0.035179
0.058306;0.067215;-0.12726;0.037141
0.055681;0.066185;-0.12469;0.038889
0.053102;0.065118;-0.12202;0.040408
0.050553;0.064009;-0.11926;0.041694
0.048018;0.062853;-0.11643;0.042759
0.045486;0.061647;-0.11353;0.043621
0.042953;0.060389;-0.11057;0.044306
0.04042;0.059079;-0.10758;0.044839
0.037894;0.057714;-0.10457;0.045242
0.035383;0.056295;-0.10156;0.045534
0.032895;0.054826;-0.098573;0.045733
0.030439;0.053309;-0.095623;0.045854
0.028024;0.051746;-0.09273;0.045907
0.025657;0.050137;-0.089907;0.045895
0.023346;0.048484;-0.087163;0.045813
0.021094;0.046787;-0.084503;0.045651
0.018903;0.045049;-0.081925;0.045396
0.016772;0.04327;-0.079425;0.045038
0.014702;0.041454;-0.076998;0.044565
0.012693;0.0396;-0.074631;0.043968
0.010745;0.037713;-0.072312;0.043236
0.0088607;0.035798;-0.070024;0.042363
0.0070436;0.033868;-0.06775;0.041344
0.0052978;0.031936;-0.065475;0.040186
0.0036277;0.030021;-0.063189;0.038905
0.0020376;0.028141;-0.060887;0.03753
0.00052933;0.026316;-0.058566;0.036091
-0.00089795;0.024562;-0.056227;0.034622
-0.0022466;0.022895;-0.053873;0.033149
-0.0035186;0.021326;-0.051511;0.031695
-0.0047146;0.019862;-0.049149;0.03028
-0.0058336;0.018507;-0.046799;0.028917
-0.0068739;0.017259;-0.044467;0.027612
-0.0078336;0.01611;-0.04216;0.026362
-0.0087114;0.01505;-0.039883;0.02515
-0.0095073;0.014067;-0.03764;0.023957
-0.010222;0.01315;-0.035433;0.022756
-0.010856;0.012286;-0.033264;0.021523
-0.011411;0.011466;-0.031131;0.020233
-0.011885;0.010679;-0.029036;0.018867
-0.012279;0.0099149;-0.026978;0.017412
-0.012588;0.009166;-0.02496;0.015861
-0.012809;0.0084258;-0.02299;0.014214
-0.012936;0.00769;-0.021073;0.012484
-0.012965;0.0069572;-0.01922;0.010697
-0.012891;0.0062281;-0.017442;0.0088879
-0.012711;0.0055068;-0.015748;0.0070976
-0.012423;0.0047999;-0.014148;0.005369
-0.012027;0.0041171;-0.012646;0.003744
-0.011525;0.0034702;-0.011247;0.0022619
-0.010925;0.0028718;-0.0099507;0.00095711
-0.010237;0.0023328;-0.008757;-0.00014305
-0.009475;0.0018599;-0.0076608;-0.0010211
-0.0086548;0.0014557;-0.0066546;-0.0016721
-0.007792;0.0011193;-0.0057291;-0.0021051
-0.0069027;0.0008466;-0.0048757;-0.0023401
-0.0060032;0.00063182;-0.0040887;-0.0024035
-0.0051099;0.00046744;-0.0033662;-0.0023244
-0.0042391;0.00034459;-0.002708;-0.0021327
-0.0034064;0.00025346;-0.0021141;-0.0018591
-0.0026276;0.00018471;-0.0015849;-0.0015338
-0.0019193;0.00013127;-0.0011232;-0.0011861
-0.0012986;8.8763e-05;-0.00073399;-0.00084365
-0.00078227;5.4634e-05;-0.00042397;-0.00053122
-0.00038527;2.789e-05;-0.00019841;-0.00027198
-0.0001206;9.1131e-06;-5.8537e-05;-8.7983e-05
0;0;0;0
4.3327e-05;7.674e-06;-5.2767e-05;5.4854e-05
0.00015084;-2.8131e-06;-0.0001813;0.00014704
0.00033229;-6.2112e-05;-0.00039516;0.00023386
0.0005936;-0.00019439;-0.00070424;0.00027407
0.00093658;-0.00041869;-0.0011127;0.00023293
0.0013595;-0.00075032;-0.0016087;8.4892e-05
0.0018577;-0.0012014;-0.00216;-0.00018624
0.002425;-0.0017818;-0.0027202;-0.00058611
0.0030534;-0.0024986;-0.0032402;-0.0011067
0.0037336;-0.0033562;-0.0036751;-0.0017249
0.0044543;-0.004356;-0.0039834;-0.0024058
0.0052039;-0.0054967;-0.0041219;-0.0031072
0.0059718;-0.0067742;-0.0040442;-0.0037822
0.0067492;-0.0081815;-0.0037065;-0.0043802
0.0075297;-0.0097098;-0.0030772;-0.0048478
0.0083089;-0.01135;-0.0021425;-0.0051304
0.0090848;-0.013092;-0.00090547;-0.0051763
0.0098578;-0.014925;0.00062051;-0.0049434
0.010631;-0.016839;0.0024157;-0.0044054
0.011407;-0.018822;0.0044536;-0.0035514
0.01219;-0.020864;0.0066969;-0.0023802
0.01298;-0.022953;0.0090962;-0.00089683
0.013775;-0.025077;0.011593;0.00088777
0.014572;-0.027219;0.014127;0.0029556
0.015363;-0.029368;0.016644;0.0052826
0.016143;-0.031511;0.019091;0.0078421
0.016903;-0.033642;0.021422;0.010609
0.017639;-0.035753;0.023591;0.013563
0.018346;-0.037837;0.025557;0.016689
0.019018;-0.039887;0.027288;0.019982
0.019653;-0.041896;0.028764;0.023437
0.020247;-0.043865;0.029979;0.027053
0.020799;-0.045798;0.030937;0.030821
0.021314;-0.047704;0.031652;0.03473
0.021798;-0.049591;0.032142;0.038763
0.022258;-0.051469;0.032434;0.042907
0.022699;-0.05334;0.032565;0.047153
0.023122;-0.055208;0.032575;0.051489
0.023524;-0.057073;0.032503;0.055899
0.023903;-0.058932;0.032384;0.060357
0.024257;-0.060782;0.032253;0.064826
0.024583;-0.062617;0.032136;0.06926
0.02488;-0.064426;0.03206;0.073612
0.025147;-0.066194;0.032043;0.077834
0.02538;-0.067905;0.032092;0.081883
0.025577;-0.069541;0.032211;0.085717
0.025732;-0.071084;0.032394;0.089302
0.025839;-0.072519;0.032632;0.092624
0.02589;-0.073837;0.032915;0.095685
0.025878;-0.07503;0.03323;0.098509
0.025795;-0.076095;0.033564;0.10113
0.025634;-0.07703;0.033904;0.10359
0.02539;-0.077838;0.034242;0.10593
0.025062;-0.078524;0.034572;0.10819
0.024652;-0.079097;0.034892;0.1104
0.024161;-0.079564;0.035204;0.11261
0.023592;-0.079937;0.03551;0.11483
0.02294;-0.080223;0.035814;0.11709
0.022199;-0.080432;0.036117;0.11939
0.021357;-0.080571;0.036422;0.12172
0.020395;-0.080648;0.03673;0.12405
0.019295;-0.080665;0.03704;0.12633
0.018037;-0.080621;0.03735;0.12854
0.016601;-0.080512;0.037651;0.13065
0.014968;-0.080335;0.037938;0.13263
0.013122;-0.080088;0.038199;0.13445
0.01105;-0.079771;0.038426;0.13609
0.0087422;-0.079385;0.03861;0.13754
0.0061906;-0.078931;0.03874;0.1388
0.0033897;-0.078412;0.038806;0.13986
0.00033752;-0.077827;0.038799;0.14076
-0.002962;-0.077181;0.038708;0.14151
-0.006497;-0.076479;0.038525;0.14214
-0.010246;-0.075728;0.03824;0.14266
-0.014179;-0.074935;0.037847;0.1431
-0.018254;-0.07411;0.03734;0.14348
-0.022423;-0.07326;0.036714;0.14381
-0.026636;-0.072394;0.035966;0.14409
-0.030842;-0.071521;0.035094;0.14433
-0.034991;-0.070649;0.034099;0.14452
-0.039034;-0.069786;0.032981;0.14464
-0.042929;-0.068932;0.031743;0.14466
-0.046638;-0.068087;0.030394;0.14458
-0.050129;-0.067248;0.02895;0.14437
-0.053377;-0.066411;0.027431;0.14403
-0.056358;-0.065566;0.025861;0.14353
-0.059061;-0.064707;0.024267;0.14286
-0.061485;-0.063823;0.022675;0.14202
-0.063643;-0.062905;0.021113;0.141
-0.065559;-0.061945;0.019608;0.13983
-0.067263;-0.060938;0.018183;0.13851
-0.068786;-0.059883;0.016859;0.13708
-0.070163;-0.058781;0.015655;0.13555
-0.071428;-0.057642;0.014587;0.13397
-0.072623;-0.056475;0.013666;0.13235
-0.073791;-0.055296;0.012902;0.13073
-0.074974;-0.054121;0.012303;0.12915
-0.076217;-0.052972;0.011874;0.12762
-0.077557;-0.051873;0.01162;0.12615
-0.079025;-0.050852;0.011546;0.12475
-0.080648;-0.049932;0.011653;0.1234
-0.082445;-0.049137;0.011946;0.12209
-0.084428;-0.048479;0.012424;0.1208
-0.0866;-0.047963;0.013089;0.11951
-0.088952;-0.047586;0.013937;0.1182
-0.091466;-0.047339;0.014967;0.11684
-0.094111;-0.047206;0.016175;0.11539
-0.096853;-0.047172;0.017552;0.11384
-0.099647;-0.047219;0.01909;0.11218
-0.10245;-0.047329;0.020776;0.11039
-0.10521;-0.047488;0.022593;0.10851
-0.10788;-0.047686;0.024526;0.10654
-0.11041;-0.047916;0.026556;0.1045
-0.11276;-0.048175;0.028666;0.10243
-0.11489;-0.048462;0.030833;0.10034
-0.11678;-0.048775;0.033038;0.098271
-0.11841;-0.049113;0.035259;0.096232
-0.11977;-0.04947;0.037477;0.094246
-0.12086;-0.049842;0.039673;0.092321
-0.12168;-0.050221;0.041832;0.090459
-0.12225;-0.050602;0.043938;0.088654
-0.12259;-0.050974;0.045974;0.086897
-0.12272;-0.051321;0.047924;0.085174
-0.12267;-0.051625;0.049773;0.083475
-0.12246;-0.051867;0.051505;0.081785
-0.12213;-0.052031;0.053105;0.080091
-0.12171;-0.052104;0.054558;0.078377
-0.12123;-0.052073;0.055851;0.07663
-0.12071;-0.051929;0.056969;0.074845
-0.12016;-0.051663;0.057904;0.073029
-0.1196;-0.051263;0.058648;0.071192
-0.11904;-0.050725;0.059199;0.069351
-0.1185;-0.050051;0.059557;0.067519
-0.11797;-0.049251;0.059727;0.065708
-0.11748;-0.048342;0.059712;0.063931
-0.11701;-0.047348;0.059522;0.062203
-0.11658;-0.046292;0.059166;0.060532
-0.11617;-0.0452;0.058657;0.058917
-0.11579;-0.044097;0.058012;0.057346
-0.11541;-0.043003;0.057244;0.055799
-0.11505;-0.041935;0.056365;0.054253
-0.11468;-0.040904;0.055386;0.052691
-0.11429;-0.039918;0.054319;0.051096
-0.11388;-0.038977;0.053171;0.049461
-0.11342;-0.038081;0.05195;0.047782
-0.1129;-0.037223;0.050662;0.046059
-0.11232;-0.036396;0.049313;0.044294
-0.11165;-0.035589;0.047907;0.042497
-0.1109;-0.034792;0.046449;0.040685
-0.11006;-0.033993;0.044947;0.038884
-0.10913;-0.033184;0.043409;0.037126
-0.10811;-0.03236;0.041842;0.035437
-0.10701;-0.031517;0.040255;0.033846
-0.10583;-0.030657;0.038654;0.032372
-0.10456;-0.029786;0.037047;0.031034
-0.10321;-0.028909;0.03544;0.029846
-0.10176;-0.028036;0.033841;0.028816
-0.10022;-0.027172;0.032257;0.027945
-0.098564;-0.026324;0.030695;0.02722
-0.096803;-0.025494;0.02916;0.026617
-0.094931;-0.024685;0.027657;0.026102
-0.092949;-0.023893;0.026187;0.025633
-0.090859;-0.023115;0.024753;0.025165
-0.088664;-0.022343;0.023354;0.024653
-0.086372;-0.021568;0.021991;0.024053
-0.08399;-0.020783;0.020668;0.023323
-0.081531;-0.01998;0.019385;0.022432
-0.079004;-0.019153;0.018141;0.021364
-0.076417;-0.018295;0.016934;0.020125
-0.073776;-0.017399;0.015764;0.018738
-0.071086;-0.016458;0.01463;0.017239
-0.068352;-0.015467;0.013535;0.015671
-0.065579;-0.014425;0.012483;0.014082
-0.062771;-0.013337;0.011477;0.01252
-0.05993;-0.012211;0.010522;0.011031
-0.057056;-0.011057;0.0096187;0.0096562
-0.054154;-0.0098879;0.0087691;0.0084271
-0.051225;-0.0087189;0.0079726;0.0073641
-0.048273;-0.0075682;0.007227;0.0064724
-0.045299;-0.0064589;0.0065296;0.0057438
-0.042303;-0.005416;0.0058776;0.0051604
-0.039284;-0.004461;0.0052674;0.0046992
-0.036244;-0.0036084;0.0046963;0.0043349
-0.033188;-0.0028644;0.0041622;0.0040403
-0.030128;-0.0022283;0.0036642;0.0037866
-0.02708;-0.0016944;0.0032014;0.0035447
-0.024063;-0.0012535;0.0027719;0.0032886
-0.021099;-0.00089518;0.0023732;0.0030004
-0.018213;-0.00060823;0.0020033;0.0026732
-0.015434;-0.00038186;0.001661;0.0023108
-0.012794;-0.00020703;0.0013464;0.0019261
-0.010325;-7.7817e-05;0.0010613;0.0015376
-0.0080623;9.4455e-06;0.00080855;0.0011657
-0.0060356;5.8857e-05;0.00059109;0.00082989
-0.0042732;7.6814e-05;0.00041034;0.00054539
-0.0027982;7.2093e-05;0.0002654;0.00032142
-0.0016281;5.4282e-05;0.0001539;0.0001614
-0.00077259;3.1855e-05;7.3455e-05;6.2549e-05
-0.00023266;1.1618e-05;2.2427e-05;1.4423e-05
0;0;0;0
7.0091e-05;0.00012665;-5.572e-05;-5.3068e-05
0.00023041;0.0003954;-0.00019806;-0.00017896
0.00048174;0.00078416;-0.00044842;-0.00038314
0.00082366;0.0012731;-0.00082944;-0.00067015
0.0012551;0.0018451;-0.0013645;-0.0010436
0.0017746;0.0024852;-0.0020758;-0.0015053
0.002381;0.0031808;-0.0029819;-0.0020539
0.0030736;0.003922;-0.0040953;-0.0026801
0.0038523;0.0047022;-0.0054224;-0.003364
0.0047173;0.0055181;-0.0069642;-0.004076
0.0056697;0.0063701;-0.0087173;-0.0047812
0.0067111;0.0072609;-0.010675;-0.0054429
0.0078439;0.0081943;-0.012829;-0.0060272
0.0090709;0.0091748;-0.015169;-0.0065057
0.010395;0.010209;-0.017683;-0.0068563
0.011817;0.011304;-0.020362;-0.0070616
0.013339;0.01247;-0.023195;-0.0071081
0.014961;0.013712;-0.026177;-0.0069879
0.016688;0.015027;-0.029301;-0.0067013
0.018524;0.016411;-0.032563;-0.0062571
0.020472;0.017851;-0.035958;-0.0056718
0.022531;0.01934;-0.039481;-0.0049669
0.024696;0.020869;-0.043129;-0.004167
0.026959;0.022435;-0.046899;-0.0033003
0.029304;0.024033;-0.050787;-0.0023992
0.031712;0.025661;-0.054789;-0.0014974
0.034164;0.027315;-0.058899;-0.00062474
0.036636;0.028992;-0.063108;0.00019921
0.039104;0.030693;-0.067405;0.0009675
0.041544;0.032417;-0.071777;0.0016829
0.043933;0.034161;-0.076207;0.002352
0.046245;0.035921;-0.08068;0.002979
0.048457;0.03769;-0.085177;0.0035654
0.050547;0.039463;-0.089679;0.0041134
0.052495;0.041235;-0.094166;0.0046288
0.054282;0.043001;-0.098617;0.0051199
0.055893;0.044753;-0.10301;0.0055931
0.057312;0.046483;-0.10733;0.0060458
0.058527;0.048178;-0.11155;0.0064655
0.059524;0.049823;-0.11566;0.0068323
0.060294;0.051405;-0.11964;0.0071223
0.060831;0.052918;-0.12347;0.0073106
0.06113;0.05436;-0.12715;0.0073722
0.061186;0.055735;-0.13066;0.0072821
0.061003;0.057048;-0.13398;0.007018
0.060585;0.058309;-0.13711;0.0065641
0.059944;0.059527;-0.14003;0.0059166
0.059096;0.060712;-0.14275;0.0050851
0.058062;0.061881;-0.14524;0.0040921
0.056869;0.063046;-0.14751;0.0029704
0.055546;0.064221;-0.14956;0.0017602
0.054123;0.065421;-0.15138;0.0005045
0.052628;0.066659;-0.15299;-0.00075466
0.051085;0.067952;-0.15437;-0.0019791
0.049512;0.069316;-0.15555;-0.0031361
0.047923;0.070766;-0.15652;-0.0041983
0.046324;0.072313;-0.15728;-0.0051444
0.044718;0.073963;-0.15785;-0.00596
0.043102;0.075716;-0.15823;-0.0066381
0.04147;0.077572;-0.15841;-0.0071778
0.039811;0.079529;-0.15841;-0.007583
0.038118;0.081586;-0.15823;-0.0078612
0.036378;0.083738;-0.15787;-0.0080233
0.034582;0.085982;-0.15733;-0.0080827
0.032724;0.088308;-0.15662;-0.0080547
0.030796;0.090706;-0.15575;-0.0079551
0.028798;0.093164;-0.15472;-0.0077956
0.026728;0.095669;-0.15354;-0.0075776
0.024588;0.098212;-0.15222;-0.0072884
0.022384;0.10078;-0.15077;-0.0069025
0.020126;0.10337;-0.14921;-0.0063849
0.01783;0.10598;-0.14755;-0.0056959
0.015513;0.10858;-0.14581;-0.0047977
0.013196;0.11117;-0.14402;-0.0036599
0.010896;0.11375;-0.14217;-0.0022622
0.0086301;0.1163;-0.14031;-0.00059514
0.0064162;0.11883;-0.13844;0.0013394
0.0042713;0.12132;-0.13658;0.0035247
0.0022126;0.12377;-0.13475;0.0059247
0.00025495;0.12618;-0.13297;0.0084833
-0.0015925;0.12854;-0.13126;0.011129
-0.0033282;0.13085;-0.12963;0.013785
-0.0049588;0.13311;-0.12809;0.016378
-0.0064954;0.13532;-0.12665;0.018846
-0.0079497;0.1375;-0.1253;0.021143
-0.0093317;0.13965;-0.12405;0.023233
-0.010651;0.14177;-0.12289;0.025094
-0.011917;0.14387;-0.12179;0.026717
-0.013143;0.14595;-0.12076;0.028103
-0.014347;0.14801;-0.11977;0.029263
-0.015548;0.15008;-0.11882;0.030213
-0.016763;0.15216;-0.11788;0.03097
-0.018008;0.15427;-0.11696;0.031555
-0.019288;0.15641;-0.11605;0.031989
-0.02061;0.1586;-0.11513;0.032297
-0.021975;0.16085;-0.1142;0.032509
-0.023388;0.16315;-0.11324;0.032646
-0.024852;0.1655;-0.11226;0.03272
-0.026367;0.16791;-0.11125;0.032733
-0.027928;0.17034;-0.1102;0.032675
-0.029524;0.17278;-0.10911;0.032534
-0.031142;0.1752;-0.10798;0.032294
-0.032768;0.17759;-0.10682;0.031935
-0.034388;0.17992;-0.10563;0.031436
-0.035992;0.18217;-0.10441;0.030771
-0.037564;0.18432;-0.10318;0.029917
-0.039089;0.18636;-0.10195;0.028857
-0.040548;0.18827;-0.10071;0.027586
-0.041927;0.19003;-0.09948;0.026114
-0.043215;0.19164;-0.098256;0.024457
-0.044405;0.19308;-0.097036;0.022642
-0.045493;0.19437;-0.095816;0.020698
-0.046476;0.19549;-0.094591;0.018661
-0.047352;0.19645;-0.093352;0.01657
-0.048123;0.19727;-0.092092;0.014468
-0.048792;0.19794;-0.090799;0.012394
-0.049366;0.19848;-0.089462;0.010385
-0.049852;0.19888;-0.08807;0.0084616
-0.050256;0.19916;-0.086617;0.0066315
-0.050585;0.1993;-0.085098;0.0048879
-0.050849;0.19929;-0.083515;0.0032132
-0.051056;0.19913;-0.081872;0.0015852
-0.051215;0.19881;-0.08018;-1.697e-05
-0.051331;0.19833;-0.078452;-0.0016102
-0.051411;0.19768;-0.076703;-0.0032081
-0.051462;0.19686;-0.07495;-0.0048216
-0.05149;0.19587;-0.073209;-0.0064553
-0.051501;0.19472;-0.071499;-0.0080997
-0.051501;0.1934;-0.069839;-0.0097288
-0.051496;0.19193;-0.068247;-0.011305
-0.051491;0.19029;-0.066738;-0.012789
-0.05149;0.1885;-0.065323;-0.014143
-0.051498;0.18655;-0.06401;-0.015335
-0.051518;0.18446;-0.062806;-0.016336
-0.051553;0.18221;-0.061712;-0.017121
-0.051608;0.17982;-0.060729;-0.017662
-0.051686;0.17729;-0.059852;-0.017941
-0.051789;0.17462;-0.059077;-0.017949
-0.051917;0.17181;-0.058392;-0.017686
-0.052066;0.16886;-0.057787;-0.017162
-0.052229;0.16576;-0.057248;-0.016388
-0.0524;0.16252;-0.056759;-0.01538
-0.052571;0.15912;-0.0563;-0.014154
-0.052733;0.15557;-0.055856;-0.012728
-0.052877;0.15186;-0.055409;-0.011126
-0.052996;0.148;-0.054944;-0.0093759
-0.053081;0.14399;-0.054451;-0.0075062
-0.053126;0.13984;-0.053919;-0.0055432
-0.053123;0.13557;-0.053342;-0.003508
-0.053063;0.1312;-0.052714;-0.0014167
-0.052934;0.12674;-0.052034;0.00071688
-0.052729;0.12224;-0.0513;0.0028767
-0.052439;0.1177;-0.050515;0.0050437
-0.05206;0.11316;-0.049683;0.0071978
-0.051584;0.10863;-0.04881;0.0093216
-0.051006;0.10416;-0.047903;0.011401
-0.05032;0.099746;-0.046965;0.013421
-0.049521;0.095421;-0.045998;0.015366
-0.048607;0.091194;-0.044999;0.017213
-0.047578;0.087073;-0.043963;0.018937
-0.046434;0.083065;-0.042884;0.020514
-0.045176;0.079173;-0.041757;0.021926
-0.043806;0.075398;-0.040577;0.023159
-0.042325;0.071738;-0.03934;0.024204
-0.040738;0.068186;-0.038042;0.025055
-0.039049;0.064734;-0.036679;0.025709
-0.037265;0.061371;-0.035251;0.026166
-0.035394;0.058088;-0.033758;0.026432
-0.033447;0.054882;-0.032203;0.026516
-0.031437;0.051755;-0.030594;0.026432
-0.029382;0.04871;-0.028937;0.026198
-0.027301;0.045753;-0.027247;0.025836
-0.025218;0.042886;-0.025536;0.02537
-0.023156;0.040114;-0.023818;0.024824
-0.021141;0.037437;-0.022107;0.024219
-0.0192;0.034858;-0.020416;0.023574
-0.017361;0.032376;-0.018757;0.022901
-0.015651;0.029991;-0.017142;0.0222
-0.014093;0.027698;-0.015581;0.021462
-0.012704;0.025494;-0.014081;0.020664
-0.011489;0.023374;-0.01265;0.019781
-0.010445;0.021334;-0.011292;0.018789
-0.0095595;0.019368;-0.010012;0.01767
-0.0088149;0.017472;-0.0088119;0.016413
-0.0081855;0.015642;-0.0076932;0.015023
-0.0076404;0.013875;-0.0066543;0.013519
-0.0071457;0.012172;-0.005693;0.011935
-0.0066693;0.01054;-0.0048077;0.010314
-0.0061833;0.0089861;-0.0039989;0.0087057
-0.0056649;0.0075218;-0.0032679;0.007158
-0.0050981;0.0061602;-0.0026157;0.0057152
-0.004476;0.0049142;-0.002042;0.0044123
-0.0038031;0.0037954;-0.0015454;0.0032739
-0.0030957;0.0028132;-0.0011244;0.0023135
-0.0023795;0.0019743;-0.00077696;0.0015353
-0.0016886;0.0012833;-0.00050006;0.00093526
-0.0010624;0.00074233;-0.00028872;0.00050237
-0.00054381;0.0003511;-0.00013744;0.00021885
-0.0001759;0.00010572;-4.1919e-05;6.0531e-05
0;0;0;0
-1.7709e-07;7.3025e-05;-0.00017158;-5.0753e-06
1.8501e-06;0.00023911;-0.00053276;-3.8459e-05
9.6212e-06;0.0005004;-0.0010502;-0.00012509
2.6933e-05;0.00085985;-0.0016951;-0.00028606
5.7165e-05;0.0013178;-0.0024446;-0.00053728
0.00010193;0.0018688;-0.0032809;-0.00088782
0.00015966;0.0025016;-0.004191;-0.001339
0.0002255;0.0032038;-0.0051677;-0.0018847
0.00029319;0.0039647;-0.0062107;-0.0025126
0.00035792;0.0047774;-0.0073276;-0.0032058
0.00041782;0.0056379;-0.0085328;-0.0039421
0.00047317;0.0065437;-0.0098436;-0.0046933
0.00052448;0.0074925;-0.011278;-0.005427
0.000571;0.0084809;-0.01285;-0.0061081
0.00061054;0.0095043;-0.014576;-0.0067012
0.00064027;0.010558;-0.016466;-0.0071721
0.00065829;0.011639;-0.018525;-0.0074895
0.00066497;0.012744;-0.020754;-0.0076243
0.00066269;0.01387;-0.023146;-0.0075493
0.00065459;0.015013;-0.025691;-0.0072401
0.00064402;0.016167;-0.028374;-0.006678
0.00063564;0.017326;-0.031177;-0.0058561
0.0006369;0.018486;-0.034078;-0.0047819
0.00065801;0.019637;-0.037052;-0.0034784
0.00071088;0.020766;-0.040072;-0.001981
0.00080749;0.021861;-0.043112;-0.00033497
0.00095813;0.022908;-0.046147;0.00141
0.0011704;0.023894;-0.049156;0.0032045
0.0014497;0.024805;-0.05212;0.0050019
0.0017995;0.025626;-0.05502;0.0067608
0.0022228;0.026343;-0.05784;0.0084466
0.0027224;0.02694;-0.060567;0.010034
0.0033017;0.027407;-0.063195;0.011508
0.0039632;0.027737;-0.065718;0.012861
0.0047091;0.027931;-0.068135;0.014091
0.005542;0.027996;-0.070441;0.0152
0.0064648;0.027942;-0.072634;0.016193
0.0074791;0.027778;-0.074707;0.017074
0.0085845;0.027513;-0.076652;0.017848
0.0097788;0.027159;-0.078458;0.018518
0.011058;0.026727;-0.080109;0.019088
0.012415;0.026228;-0.081589;0.019561
0.013845;0.025677;-0.082877;0.019938
0.015339;0.025088;-0.083957;0.020221
0.016892;0.024482;-0.084817;0.020413
0.018496;0.023882;-0.085447;0.020517
0.020141;0.023311;-0.085841;0.020541
0.021815;0.022789;-0.085998;0.020495
0.023504;0.022334;-0.085919;0.02039
0.025194;0.02196;-0.085611;0.020245
0.026867;0.021679;-0.085085;0.020079
0.028512;0.021504;-0.084352;0.01992
0.030115;0.021444;-0.083429;0.019801
0.031668;0.021507;-0.082333;0.019757
0.033168;0.0217;-0.081081;0.019825
0.034614;0.022024;-0.07969;0.020043
0.036011;0.022476;-0.078174;0.02044
0.037368;0.023049;-0.076543;0.021044
0.038694;0.023735;-0.074808;0.021869
0.039998;0.024522;-0.072975;0.022919
0.041288;0.025401;-0.071049;0.024188
0.042567;0.026358;-0.069035;0.025653
0.043835;0.02738;-0.066941;0.027285
0.045088;0.028452;-0.064777;0.029048
0.046318;0.029555;-0.062556;0.030901
0.047514;0.030669;-0.060295;0.032803
0.048662;0.031774;-0.058014;0.03471
0.049743;0.032853;-0.055728;0.036581
0.050741;0.033895;-0.053451;0.038381
0.051635;0.03489;-0.051197;0.040082
0.052407;0.035833;-0.048978;0.04167
0.053037;0.036717;-0.046806;0.043149
0.053507;0.03754;-0.044692;0.044532
0.053802;0.038307;-0.042649;0.045845
0.05391;0.03903;-0.040694;0.047117
0.053823;0.039728;-0.038843;0.048373
0.053539;0.040416;-0.037117;0.049638
0.053059;0.04111;-0.035537;0.050935
0.052389;0.041817;-0.034125;0.052284
0.051539;0.042545;-0.032901;0.053701
0.050524;0.0433;-0.031883;0.055196
0.049362;0.044089;-0.031084;0.056774
0.048078;0.04491;-0.030511;0.058427
0.046699;0.04576;-0.030167;0.060139
0.045253;0.046628;-0.030045;0.061883
0.043766;0.047501;-0.030133;0.063626
0.042267;0.048368;-0.030409;0.065331
0.040783;0.049211;-0.030842;0.066963
0.039342;0.050011;-0.031393;0.068491
0.037978;0.050744;-0.032019;0.069888
0.036719;0.051384;-0.032672;0.071135
0.035588;0.051909;-0.033305;0.072219
0.0346;0.0523;-0.033874;0.07314
0.033759;0.052542;-0.034339;0.073903
0.033063;0.052625;-0.034667;0.074521
0.032507;0.05254;-0.034832;0.075009
0.032082;0.052284;-0.034819;0.075381
0.031781;0.051858;-0.034622;0.075652
0.031586;0.051273;-0.034243;0.075837
0.031477;0.050541;-0.033691;0.075952
0.031427;0.049676;-0.032979;0.07601
0.031407;0.048694;-0.032121;0.076018
0.031389;0.047611;-0.031132;0.075979
0.031347;0.046442;-0.030028;0.07589
0.031257;0.045201;-0.028824;0.075746
0.031093;0.043902;-0.027535;0.075543
0.03083;0.042556;-0.026175;0.075278
0.030446;0.041174;-0.024757;0.074945
0.029924;0.039768;-0.02329;0.074537
0.029256;0.03835;-0.021785;0.074047
0.028439;0.03693;-0.020255;0.073471
0.027474;0.035522;-0.018708;0.072809
0.026366;0.034139;-0.017157;0.072067
0.025121;0.032794;-0.01561;0.071256
0.023751;0.0315;-0.014075;0.070389
0.022269;0.03027;-0.012554;0.069479
0.020696;0.029111;-0.011051;0.068539
0.01905;0.028029;-0.0095634;0.067582
0.017353;0.027029;-0.008085;0.066623
0.015625;0.026113;-0.0066058;0.06568
0.013886;0.025283;-0.0051133;0.06477
0.012155;0.024542;-0.0035948;0.063904
0.010451;0.023892;-0.002039;0.063091
0.0087867;0.023336;-0.00043761;0.062328
0.007176;0.022873;0.0012137;0.06161
0.0056276;0.022501;0.0029143;0.060928
0.0041482;0.022214;0.0046588;0.060268
0.0027429;0.022003;0.0064378;0.059618
0.0014157;0.021861;0.0082387;0.058963
0.00016867;0.021778;0.010046;0.058293
-0.000997;0.021746;0.011839;0.057597
-0.0020812;0.021758;0.013597;0.056873
-0.003085;0.021809;0.015294;0.056122
-0.0040115;0.0219;0.016903;0.05535
-0.0048662;0.022033;0.018399;0.054566
-0.005658;0.022213;0.01976;0.053782
-0.0063979;0.022443;0.020967;0.05301
-0.0070979;0.022722;0.022004;0.052265
-0.0077691;0.023052;0.022863;0.051563
-0.0084211;0.023437;0.023541;0.050917
-0.0090628;0.023879;0.02404;0.050334
-0.0097034;0.024384;0.024368;0.049812
-0.010352;0.024955;0.024535;0.049332
-0.011017;0.02559;0.024557;0.04887
-0.011707;0.026277;0.02445;0.048397
-0.012429;0.026998;0.024228;0.047885
-0.013186;0.027731;0.023909;0.04731
-0.013981;0.02845;0.023505;0.046652
-0.01481;0.029133;0.023034;0.045894
-0.015662;0.029756;0.022508;0.045023
-0.016528;0.030301;0.021943;0.044034
-0.017394;0.030747;0.021348;0.042926
-0.018251;0.031077;0.020729;0.04171
-0.019088;0.031279;0.020089;0.040405
-0.019896;0.031344;0.019428;0.039038
-0.020664;0.03127;0.018746;0.037635
-0.021384;0.031059;0.018041;0.036222
-0.022044;0.030713;0.01731;0.03482
-0.02264;0.030238;0.016552;0.033448
-0.023166;0.029645;0.015763;0.032115
-0.023618;0.028946;0.014941;0.030831
-0.023995;0.028159;0.014087;0.029595
-0.024291;0.027303;0.013203;0.028401
-0.024505;0.026395;0.012294;0.02724
-0.024633;0.025442;0.011368;0.026097
-0.024674;0.024451;0.010432;0.02496
-0.024625;0.023424;0.0094936;0.023817
-0.024486;0.022364;0.0085622;0.022657
-0.024256;0.021277;0.0076453;0.021469
-0.023934;0.020165;0.0067506;0.020246
-0.023521;0.019033;0.0058858;0.018987
-0.023016;0.017883;0.0050588;0.017704
-0.022423;0.016717;0.0042778;0.016413
-0.021743;0.015539;0.0035504;0.015136
-0.020983;0.014356;0.0028828;0.013893
-0.020147;0.013176;0.0022795;0.012702
-0.01924;0.012013;0.0017422;0.011576
-0.018267;0.010882;0.0012714;0.010529
-0.017233;0.0097973;0.0008664;0.0095693
-0.016145;0.0087747;0.00052569;0.0087003
-0.015009;0.007827;0.00024566;0.0079219
-0.013836;0.0069645;2.1325e-05;0.007228
-0.012636;0.0061925;-0.00015255;0.0066078
-0.011424;0.0055095;-0.00028115;0.006048
-0.010213;0.0049075;-0.0003698;0.0055357
-0.0090195;0.0043747;-0.00042406;0.0050599
-0.0078582;0.003897;-0.00044943;0.0046118
-0.0067449;0.0034606;-0.00045115;0.0041826
-0.0056932;0.0030528;-0.00043389;0.0037627
-0.0047151;0.0026636;-0.00040169;0.0033424
-0.0038209;0.0022858;-0.00035844;0.0029147
-0.0030184;0.0019161;-0.00030823;0.0024785
-0.0023127;0.0015556;-0.00025478;0.0020395
-0.001705;0.0012104;-0.00020066;0.0016084
-0.0011947;0.00088999;-0.0001478;0.0011995
-0.00077932;0.00060505;-9.8752e-05;0.00082784
-0.00045521;0.0003654;-5.7055e-05;0.00050812
-0.0002187;0.00017985;-2.6017e-05;0.0002544
-6.7192e-05;5.6055e-05;-7.2685e-06;8.0612e-05
0;0;0;0
-8.2095e-05;4.2765e-05;-9.8869e-05;-2.2999e-05
-0.00027606;0.00013294;-0.00034144;-7.003e-05
-0.00059298;0.00025971;-0.00074537;-0.00013479
-0.001045;0.00040941;-0.0013216;-0.00020928
-0.0016453;0.00056637;-0.002075;-0.00028299
-0.0024081;0.00071466;-0.0030054;-0.0003439
-0.0033497;0.00084016;-0.0041086;-0.00037974
-0.0044877;0.0009312;-0.0053769;-0.00037854
-0.0058399;0.00097779;-0.0067995;-0.00032906
-0.0074231;0.00097153;-0.0083641;-0.00022191
-0.0092554;0.00090782;-0.010057;-5.0915e-05
-0.011359;0.00078871;-0.011863;0.00018619
-0.013763;0.0006237;-0.013768;0.00048752
-0.016502;0.00042786;-0.015757;0.00084698
-0.019612;0.00021821;-0.017815;0.0012548
-0.023135;9.6892e-06;-0.019934;0.0016989
-0.02711;-0.00018747;-0.022104;0.0021653
-0.031577;-0.00036752;-0.024323;0.0026395
-0.036575;-0.00052799;-0.026587;0.0031065
-0.042139;-0.00066996;-0.02889;0.0035511
-0.048293;-0.00079894;-0.031229;0.0039584
-0.055052;-0.00092428;-0.033597;0.004316
-0.062423;-0.0010577;-0.035991;0.0046161
-0.070404;-0.0012125;-0.038407;0.004856
-0.078989;-0.0014033;-0.040839;0.0050358
-0.088164;-0.0016462;-0.043283;0.0051571
-0.097907;-0.0019595;-0.045734;0.0052218
-0.10818;-0.002364;-0.048189;0.0052323
-0.11894;-0.0028813;-0.050646;0.0051923
-0.13011;-0.0035305;-0.053109;0.0051074
-0.14162;-0.0043252;-0.05558;0.0049859
-0.15334;-0.0052736;-0.058065;0.0048382
-0.16515;-0.0063787;-0.060569;0.0046749
-0.17687;-0.007638;-0.063099;0.0045045
-0.18838;-0.0090443;-0.065663;0.0043322
-0.19956;-0.010588;-0.068266;0.0041601
-0.21037;-0.012257;-0.070914;0.0039902
-0.22076;-0.014039;-0.073607;0.0038255
-0.23069;-0.015923;-0.076342;0.0036715
-0.2401;-0.017897;-0.079116;0.0035353
-0.24892;-0.019948;-0.081924;0.0034255
-0.25713;-0.022066;-0.084761;0.0033529
-0.26476;-0.024244;-0.087618;0.0033321
-0.27186;-0.026479;-0.090488;0.0033825
-0.27847;-0.028771;-0.093361;0.003527
-0.28465;-0.031124;-0.096229;0.0037905
-0.29042;-0.03354;-0.099085;0.0041973
-0.29585;-0.03602;-0.10193;0.0047701
-0.301;-0.038566;-0.10475;0.0055291
-0.30594;-0.041182;-0.10755;0.0064912
-0.31074;-0.043872;-0.11033;0.0076689
-0.31541;-0.046638;-0.11309;0.0090684
-0.31998;-0.049477;-0.11583;0.010688
-0.32446;-0.05238;-0.11856;0.012518
-0.32886;-0.055336;-0.12127;0.014539
-0.33318;-0.05833;-0.12396;0.016725
-0.33742;-0.061345;-0.12664;0.019044
-0.34155;-0.064359;-0.12929;0.02146
-0.34552;-0.067349;-0.13192;0.023934
-0.34929;-0.070286;-0.13451;0.026424
-0.35281;-0.073144;-0.13707;0.028892
-0.35605;-0.075897;-0.13958;0.031301
-0.35896;-0.078524;-0.14204;0.03362
-0.36151;-0.08101;-0.14446;0.035825
-0.36366;-0.083341;-0.14682;0.0379
-0.36536;-0.085508;-0.14915;0.039828
-0.36662;-0.087506;-0.15143;0.041599
-0.36744;-0.089329;-0.15369;0.043206
-0.36782;-0.090976;-0.15593;0.044644
-0.3678;-0.092446;-0.15816;0.045914
-0.3674;-0.093735;-0.16038;0.047014
-0.36666;-0.094842;-0.16261;0.047945
-0.36563;-0.095762;-0.16483;0.048703
-0.36437;-0.096491;-0.16704;0.049282
-0.36293;-0.097027;-0.16925;0.049672
-0.36138;-0.097368;-0.17144;0.049861
-0.35976;-0.097512;-0.1736;0.049838
-0.35812;-0.09746;-0.17574;0.049594
-0.35651;-0.097212;-0.17785;0.049125
-0.35498;-0.096769;-0.17994;0.048433
-0.35354;-0.096137;-0.18201;0.047522
-0.35223;-0.095325;-0.18407;0.046401
-0.35105;-0.094344;-0.18612;0.045088
-0.35001;-0.093205;-0.18817;0.043605
-0.34908;-0.091918;-0.19022;0.041983
-0.34825;-0.090491;-0.19227;0.040254
-0.3475;-0.088931;-0.19432;0.038453
-0.3468;-0.087242;-0.19635;0.036612
-0.3461;-0.085428;-0.19836;0.034762
-0.34538;-0.083493;-0.20031;0.032937
-0.34459;-0.081434;-0.2022;0.031167
-0.34371;-0.079246;-0.20399;0.029485
-0.34271;-0.076918;-0.20566;0.027923
-0.34158;-0.074441;-0.2072;0.026516
-0.34028;-0.071808;-0.20858;0.025293
-0.33883;-0.06901;-0.20979;0.024285
-0.33721;-0.066042;-0.21081;0.02352
-0.33543;-0.062903;-0.21164;0.023022
-0.33351;-0.059594;-0.21228;0.022808
-0.33145;-0.056121;-0.21271;0.022884
-0.32928;-0.052494;-0.21294;0.023248
-0.327;-0.048728;-0.21297;0.023883
-0.32463;-0.04484;-0.21278;0.024769
-0.32218;-0.04085;-0.2124;0.02588
-0.31965;-0.036777;-0.21181;0.027193
-0.31706;-0.03264;-0.21103;0.028687
-0.31439;-0.028455;-0.21006;0.030343
-0.31166;-0.024242;-0.20891;0.032142
-0.30885;-0.020021;-0.20759;0.034069
-0.30598;-0.015811;-0.20612;0.036108
-0.30303;-0.011627;-0.20452;0.038242
-0.30001;-0.0074771;-0.20281;0.040448
-0.29692;-0.0033671;-0.201;0.042698
-0.29377;0.00070084;-0.1991;0.04496
-0.29057;0.0047273;-0.19712;0.0472
-0.28731;0.0087148;-0.19507;0.049387
-0.28403;0.012666;-0.19294;0.051497
-0.28071;0.016583;-0.19072;0.053511
-0.27739;0.020466;-0.18841;0.055418
-0.27407;0.024312;-0.18601;0.057205
-0.27075;0.028112;-0.18349;0.058862
-0.26746;0.031856;-0.18087;0.060381
-0.2642;0.035528;-0.17813;0.061756
-0.26098;0.039111;-0.17528;0.062988
-0.25782;0.04259;-0.17233;0.064086
-0.25472;0.045952;-0.16929;0.065064
-0.25169;0.049182;-0.16618;0.065934
-0.24874;0.052269;-0.16302;0.066711
-0.24586;0.055197;-0.15983;0.067406
-0.24308;0.057958;-0.15663;0.068026
-0.24038;0.060545;-0.15345;0.068575
-0.23777;0.062962;-0.15029;0.069056
-0.23524;0.065214;-0.14718;0.069465
-0.2328;0.067314;-0.14412;0.069794
-0.23042;0.069272;-0.14112;0.070028
-0.22809;0.0711;-0.13818;0.070149
-0.22579;0.072806;-0.13529;0.070133
-0.22349;0.074396;-0.13244;0.069956
-0.22118;0.075876;-0.12961;0.0696
-0.21881;0.077245;-0.1268;0.06905
-0.21637;0.078499;-0.12397;0.068299
-0.21385;0.079627;-0.12113;0.06735
-0.21121;0.080611;-0.11826;0.066215
-0.20845;0.081433;-0.11536;0.064917
-0.20555;0.082075;-0.11244;0.063483
-0.2025;0.082521;-0.10949;0.061944
-0.19929;0.082759;-0.10654;0.060332
-0.19592;0.082783;-0.10358;0.058676
-0.19239;0.082589;-0.10063;0.057001
-0.18869;0.082178;-0.097706;0.055325
-0.18481;0.081557;-0.094804;0.053665
-0.18077;0.080736;-0.091936;0.05203
-0.17655;0.07973;-0.089109;0.050425
-0.17216;0.078555;-0.086326;0.048846
-0.1676;0.07723;-0.083592;0.047286
-0.16287;0.07577;-0.080907;0.045734
-0.15799;0.074193;-0.078268;0.04418
-0.15294;0.072517;-0.075671;0.042618
-0.14775;0.070758;-0.073108;0.041042
-0.14242;0.068929;-0.070575;0.039454
-0.13697;0.067038;-0.068066;0.037854
-0.13142;0.065088;-0.065574;0.036245
-0.12578;0.063074;-0.063095;0.03463
-0.12007;0.060993;-0.060623;0.033015
-0.11432;0.058843;-0.058156;0.031403
-0.10853;0.056623;-0.055693;0.029799
-0.10275;0.054339;-0.053232;0.028208
-0.096985;0.051996;-0.050775;0.026634
-0.09126;0.049601;-0.048323;0.025082
-0.085593;0.047159;-0.045874;0.023559
-0.080003;0.044677;-0.043431;0.02207
-0.074507;0.042164;-0.040995;0.020623
-0.069122;0.039632;-0.038572;0.019225
-0.063867;0.037094;-0.036169;0.017877
-0.058757;0.034564;-0.033791;0.016577
-0.05381;0.032059;-0.031442;0.01532
-0.049044;0.0296;-0.029126;0.014102
-0.044472;0.027206;-0.026847;0.012922
-0.040112;0.024896;-0.024613;0.011776
-0.035978;0.022684;-0.022437;0.010665
-0.032081;0.020578;-0.020335;0.009588
-0.02843;0.01858;-0.018319;0.0085447
-0.025028;0.016685;-0.016399;0.007536
-0.021878;0.014886;-0.014582;0.0065642
-0.018977;0.013178;-0.012877;0.0056334
-0.016323;0.011559;-0.011285;0.0047496
-0.013909;0.01003;-0.0098078;0.0039203
-0.011728;0.0085951;-0.0084428;0.003154
-0.0097681;0.0072586;-0.0071846;0.0024591
-0.0080166;0.0060245;-0.0060281;0.0018432
-0.0064614;0.0048968;-0.0049695;0.0013132
-0.0050924;0.0038803;-0.0040073;0.00087449
-0.0039007;0.0029795;-0.0031414;0.0005293
-0.0028782;0.0021973;-0.0023727;0.00027556
-0.0020181;0.0015352;-0.001703;0.00010595
-0.0013149;0.00099337;-0.0011357;8.4164e-06
-0.00076465;0.00057109;-0.00067575;-3.2435e-05
-0.0003641;0.00026729;-0.00032914;-3.4161e-05
-0.00011035;7.9183e-05;-0.00010197;-1.6163e-05
0;0;0;0
2.2706e-05;-0.00014133;3.0568e-07;5.8994e-05
7.9592e-05;-0.00043977;3.3746e-06;0.000205
0.00017857;-0.00086686;8.2639e-06;0.00045286
0.00032875;-0.0013936;6.0872e-06;0.00081448
0.0005399;-0.0019905;-2.2137e-05;0.0012977
0.00082217;-0.0026282;-0.00010391;0.0019069
0.0011856;-0.0032795;-0.00027131;0.002644
0.0016387;-0.0039199;-0.00055731;0.0035101
0.0021867;-0.0045282;-0.00099377;0.0045071
0.0028307;-0.0050852;-0.0016114;0.0056372
0.0035691;-0.0055719;-0.0024409;0.0069024
0.0043991;-0.0059696;-0.0035119;0.008305
0.005318;-0.0062605;-0.0048505;0.00985
0.0063223;-0.0064281;-0.0064755;0.011547
0.0074076;-0.0064581;-0.0083971;0.013412
0.008568;-0.0063385;-0.010618;0.015463
0.0097964;-0.0060604;-0.013136;0.017723
0.011085;-0.0056185;-0.015943;0.020211
0.012425;-0.0050113;-0.019031;0.022939
0.013809;-0.0042412;-0.022385;0.025917
0.015233;-0.0033147;-0.025985;0.029146
0.016694;-0.0022422;-0.029816;0.032623
0.018193;-0.001037;-0.03386;0.036334
0.019733;0.00028601;-0.038106;0.040255
0.021319;0.0017131;-0.042541;0.044346
0.022957;0.0032348;-0.047154;0.048558
0.024653;0.0048464;-0.051933;0.052832
0.026407;0.0065469;-0.056865;0.057107
0.028218;0.0083354;-0.061935;0.061322
0.03008;0.01021;-0.067125;0.06542
0.031986;0.012167;-0.072413;0.06935
0.033926;0.014201;-0.077773;0.073069
0.035893;0.016305;-0.083177;0.076536
0.037878;0.018472;-0.088593;0.079723
0.039876;0.020695;-0.093995;0.082614
0.041882;0.02297;-0.099353;0.085208
0.043889;0.025296;-0.10464;0.087517
0.045894;0.027672;-0.10984;0.08956
0.047895;0.030102;-0.11492;0.091363
0.049896;0.032586;-0.11985;0.09295
0.051902;0.035126;-0.12461;0.09435
0.053923;0.037717;-0.12918;0.095589
0.05597;0.040353;-0.13352;0.096694
0.058055;0.043024;-0.13763;0.097686
0.060192;0.045721;-0.14149;0.098575
0.062394;0.048436;-0.14508;0.099368
0.064671;0.051162;-0.1484;0.10006
0.067032;0.053891;-0.15144;0.10065
0.06948;0.056618;-0.15421;0.10112
0.072015;0.059338;-0.15671;0.10147
0.074634;0.062047;-0.15894;0.10169
0.077334;0.064746;-0.16091;0.10177
0.080109;0.067436;-0.16264;0.10172
0.082956;0.070117;-0.16413;0.10155
0.08587;0.072788;-0.16538;0.10128
0.088846;0.075448;-0.16642;0.10096
0.091877;0.078094;-0.16723;0.10062
0.094956;0.080727;-0.16784;0.10031
0.098075;0.083349;-0.16824;0.10008
0.10123;0.085956;-0.16846;0.099988
0.10441;0.088547;-0.1685;0.10009
0.1076;0.091115;-0.16838;0.10044
0.1108;0.093656;-0.16811;0.10109
0.11399;0.09617;-0.16772;0.10208
0.11714;0.098656;-0.1672;0.10344
0.12022;0.10111;-0.16659;0.10518
0.12319;0.10355;-0.16589;0.1073
0.12603;0.10596;-0.16513;0.10977
0.12868;0.10835;-0.16432;0.11257
0.13111;0.11072;-0.16347;0.11566
0.13328;0.1131;-0.1626;0.11898
0.13516;0.11547;-0.16173;0.12248
0.1367;0.11785;-0.16085;0.12612
0.13789;0.12024;-0.15998;0.12984
0.1387;0.12264;-0.15914;0.1336
0.13912;0.12507;-0.15832;0.13736
0.13914;0.12752;-0.15755;0.14112
0.13875;0.12999;-0.15681;0.14484
0.13796;0.13248;-0.15613;0.14851
0.13676;0.13499;-0.15549;0.15212
0.13518;0.1375;-0.1549;0.15564
0.13322;0.14002;-0.15436;0.15909
0.13091;0.14253;-0.15385;0.16247
0.12827;0.14503;-0.15338;0.16578
0.12532;0.14749;-0.15293;0.16903
0.12207;0.14993;-0.1525;0.17221
0.11857;0.15232;-0.15208;0.17529
0.11484;0.15465;-0.15166;0.17828
0.11094;0.15692;-0.15121;0.18115
0.10695;0.1591;-0.15074;0.18388
0.10294;0.1612;-0.15022;0.18646
0.099021;0.16321;-0.14964;0.18889
0.095259;0.16512;-0.14898;0.19114
0.091709;0.16694;-0.14823;0.19321
0.088389;0.16867;-0.14737;0.1951
0.085296;0.1703;-0.14639;0.19682
0.082424;0.17185;-0.14529;0.19837
0.07978;0.17331;-0.14405;0.19977
0.077374;0.17468;-0.14266;0.20101
0.07521;0.17597;-0.14113;0.2021
0.073265;0.17716;-0.13945;0.20306
0.071497;0.17826;-0.13763;0.20386
0.069848;0.17927;-0.13567;0.20452
0.068263;0.18016;-0.13359;0.20502
0.066696;0.18093;-0.13139;0.20536
0.06511;0.18156;-0.12907;0.20553
0.063476;0.18203;-0.12666;0.20553
0.061761;0.18231;-0.12416;0.20537
0.059936;0.18241;-0.12158;0.20506
0.057977;0.18231;-0.11894;0.20461
0.055872;0.182;-0.11624;0.20404
0.053618;0.18151;-0.1135;0.20337
0.051219;0.18083;-0.11072;0.20258
0.048685;0.17998;-0.10792;0.2017
0.046025;0.17897;-0.10509;0.20073
0.04326;0.1778;-0.10224;0.19967
0.040414;0.17651;-0.099378;0.19856
0.037516;0.17511;-0.096497;0.19739
0.034593;0.17362;-0.093597;0.19618
0.03167;0.17206;-0.090673;0.19494
0.028765;0.17044;-0.087724;0.19368
0.025901;0.16877;-0.084747;0.19241
0.023105;0.16705;-0.081743;0.19116
0.020405;0.16528;-0.078713;0.18991
0.017827;0.16346;-0.075664;0.18867
0.015392;0.16159;-0.072603;0.18743
0.013114;0.15967;-0.069541;0.18619
0.011004;0.1577;-0.066493;0.18491
0.0090683;0.15567;-0.063473;0.18359
0.00731;0.1536;-0.060497;0.18221
0.0057255;0.15147;-0.057582;0.18076
0.0043043;0.1493;-0.054746;0.17921
0.0030303;0.14708;-0.052009;0.17755
0.0018851;0.14482;-0.049386;0.17576
0.00085171;0.14252;-0.046894;0.17385
-8.5019e-05;0.14017;-0.044543;0.17181
-0.00094005;0.13777;-0.042341;0.16964
-0.0017283;0.13532;-0.040292;0.16734
-0.0024632;0.13282;-0.038394;0.16493
-0.0031537;0.13027;-0.03664;0.1624
-0.003804;0.12767;-0.035023;0.15974
-0.0044143;0.12502;-0.033535;0.15696
-0.0049829;0.12232;-0.032168;0.15406
-0.0055075;0.11959;-0.030914;0.15103
-0.0059859;0.11682;-0.029762;0.14785
-0.0064149;0.11402;-0.028703;0.14452
-0.0067898;0.11118;-0.027726;0.14103
-0.0071044;0.10831;-0.026818;0.13735
-0.0073542;0.1054;-0.025968;0.1335
-0.0075375;0.10247;-0.025163;0.12945
-0.0076557;0.09951;-0.024392;0.12521
-0.007712;0.096533;-0.023645;0.12079
-0.0077103;0.093543;-0.022914;0.1162
-0.0076551;0.09054;-0.022193;0.11146
-0.007551;0.087525;-0.021479;0.10659
-0.0074039;0.084501;-0.020765;0.10164
-0.0072205;0.081471;-0.020049;0.096632
-0.0070086;0.078444;-0.019331;0.091615
-0.0067748;0.07543;-0.01861;0.086617
-0.0065239;0.072443;-0.01789;0.081667
-0.0062594;0.069492;-0.017169;0.076784
-0.0059839;0.066589;-0.016448;0.071988
-0.0057;0.063741;-0.015725;0.067295
-0.0054098;0.060951;-0.015001;0.062715
-0.0051144;0.058219;-0.014277;0.058258
-0.0048143;0.055543;-0.013554;0.053925
-0.004509;0.052919;-0.012834;0.049721
-0.0041977;0.050343;-0.012117;0.045648
-0.0038801;0.047811;-0.011401;0.041711
-0.0035571;0.04532;-0.010689;0.037916
-0.0032312;0.042871;-0.0099811;0.034268
-0.0029045;0.04047;-0.0092789;0.030774
-0.0025783;0.038125;-0.0085832;0.027441
-0.0022549;0.035848;-0.0078934;0.024283
-0.0019372;0.033647;-0.0072078;0.021311
-0.0016293;0.031529;-0.0065254;0.01854
-0.0013342;0.029496;-0.0058462;0.015982
-0.0010548;0.027551;-0.0051719;0.013645
-0.00079343;0.025693;-0.0045059;0.011534
-0.00055242;0.023918;-0.0038535;0.0096498
-0.00033331;0.022215;-0.0032218;0.0079925
-0.00013641;0.020572;-0.0026186;0.0065588
3.8775e-05;0.018972;-0.0020525;0.0053444
0.00019218;0.017401;-0.0015318;0.0043413
0.00032244;0.015847;-0.0010642;0.003535
0.00042739;0.014303;-0.00065667;0.0029042
0.00050454;0.01277;-0.00031414;0.0024228
0.00055136;0.011255;-3.9156e-05;0.0020625
0.00056629;0.0097647;0.00016851;0.001795
0.00054978;0.0083156;0.00031153;0.0015932
0.00050459;0.0069253;0.00039468;0.0014314
0.00043562;0.0056133;0.0004248;0.0012856
0.00035022;0.0043993;0.00041097;0.001135
0.00025827;0.0033026;0.00036394;0.00096573
0.00017092;0.0023417;0.00029523;0.0007751
9.7918e-05;0.0015331;0.0002166;0.0005717
4.528e-05;0.00089011;0.00013914;0.00037197
1.4303e-05;0.00042075;7.2289e-05;0.00019605
1.7311e-06;0.00012609;2.368e-05;6.506e-05
0;0;0;0
5.9292e-05;-0.00014009;-3.3708e-05;-0.0016061
0.00018255;-0.00045746;-0.00010479;-0.005273
0.00035627;-0.00094554;-0.00021221;-0.01102
0.00056813;-0.0015925;-0.00036121;-0.018836
0.0008065;-0.002384;-0.0005613;-0.028676
0.0010602;-0.003304;-0.00082466;-0.040448
0.0013197;-0.0043357;-0.0011658;-0.054019
0.0015793;-0.0054632;-0.0016017;-0.069211
0.0018382;-0.0066729;-0.0021507;-0.08579
0.0020997;-0.0079542;-0.0028291;-0.10347
0.0023697;-0.0092984;-0.0036497;-0.12191
0.0026545;-0.010697;-0.0046203;-0.14077
0.0029603;-0.01214;-0.0057438;-0.15968
0.0032933;-0.013615;-0.0070179;-0.17829
0.0036604;-0.015111;-0.0084361;-0.19628
0.0040682;-0.01662;-0.0099889;-0.21335
0.0045207;-0.018138;-0.011664;-0.22922
0.0050184;-0.019658;-0.013446;-0.24375
0.0055579;-0.021171;-0.015317;-0.25683
0.0061336;-0.022665;-0.017259;-0.26839
0.0067394;-0.024123;-0.019252;-0.27838
0.0073695;-0.02553;-0.02128;-0.2867
0.0080191;-0.026867;-0.023327;-0.29326
0.0086845;-0.028119;-0.025374;-0.29801
0.0093623;-0.029264;-0.027404;-0.30096
0.010049;-0.03028;-0.029395;-0.30223
0.010743;-0.031145;-0.031331;-0.30194
0.011446;-0.031836;-0.033194;-0.30022
0.012166;-0.032335;-0.034966;-0.29718
0.012915;-0.03263;-0.036631;-0.29292
0.013704;-0.03271;-0.038175;-0.28753
0.014551;-0.032569;-0.039586;-0.28113
0.015468;-0.032199;-0.040857;-0.27383
0.01647;-0.031595;-0.04198;-0.26576
0.017569;-0.030755;-0.04295;-0.25704
0.018773;-0.029673;-0.043767;-0.24781
0.020086;-0.028349;-0.04443;-0.23819
0.021508;-0.026779;-0.044946;-0.22833
0.023032;-0.024966;-0.045319;-0.21836
0.024648;-0.022912;-0.045559;-0.20842
0.026342;-0.020626;-0.045672;-0.19865
0.028102;-0.018115;-0.045666;-0.18919
0.029915;-0.015395;-0.045547;-0.18018
0.031769;-0.01248;-0.045323;-0.1717
0.033653;-0.0093869;-0.045;-0.16385
0.035558;-0.0061381;-0.044587;-0.15665
0.037474;-0.0027578;-0.044094;-0.15013
0.039398;0.00072808;-0.04353;-0.14426
0.041329;0.0042934;-0.042905;-0.13901
0.043269;0.0079122;-0.04223;-0.13431
0.045224;0.01156;-0.041514;-0.13012
0.047203;0.015213;-0.040768;-0.12634
0.049215;0.018851;-0.040004;-0.12291
0.051271;0.022456;-0.039235;-0.11978
0.053378;0.026011;-0.038472;-0.11688
0.055544;0.029502;-0.037725;-0.11418
0.057769;0.032913;-0.036999;-0.11165
0.060052;0.036228;-0.036297;-0.10927
0.062382;0.039432;-0.035618;-0.10702
0.064746;0.042518;-0.034959;-0.1049
0.067128;0.04548;-0.034314;-0.10291
0.06951;0.048321;-0.033671;-0.10106
0.071879;0.051041;-0.033014;-0.099327
0.074222;0.053644;-0.032327;-0.097704
0.076531;0.056129;-0.031592;-0.096166
0.078795;0.058498;-0.030796;-0.094682
0.081007;0.060756;-0.029928;-0.093217
0.083162;0.062911;-0.028984;-0.09173
0.085256;0.064977;-0.027962;-0.090176
0.087287;0.066971;-0.026867;-0.08851
0.089254;0.068905;-0.025708;-0.086693
0.091152;0.070793;-0.0245;-0.084695
0.092975;0.072644;-0.023256;-0.082504
0.09472;0.074468;-0.021995;-0.080126
0.096385;0.076273;-0.020737;-0.077583
0.097969;0.078067;-0.019504;-0.074906
0.099475;0.079857;-0.018322;-0.072129
0.1009;0.081643;-0.01722;-0.069284
0.10224;0.083421;-0.01622;-0.066405
0.10348;0.08518;-0.015343;-0.063526
0.10462;0.086909;-0.014603;-0.060682
0.10566;0.08859;-0.014004;-0.057903
0.10658;0.090203;-0.013549;-0.055216
0.1074;0.091719;-0.01323;-0.05264
0.1081;0.09311;-0.013038;-0.050188
0.1087;0.094343;-0.012957;-0.047871
0.10921;0.095392;-0.012965;-0.045694
0.10964;0.096233;-0.013038;-0.043662
0.11002;0.096849;-0.013149;-0.041774
0.11037;0.09723;-0.013269;-0.040023
0.11071;0.097372;-0.013371;-0.038393
0.11106;0.097273;-0.013428;-0.036863
0.11144;0.096937;-0.013418;-0.035409
0.11187;0.09637;-0.013321;-0.034011
0.11236;0.09558;-0.013122;-0.032646
0.11292;0.094578;-0.012809;-0.031293
0.11355;0.093374;-0.012374;-0.029929
0.11427;0.09198;-0.011815;-0.028537
0.11508;0.090407;-0.01113;-0.0271
0.11598;0.088666;-0.010324;-0.025609
0.11696;0.086772;-0.0094052;-0.024053
0.11802;0.084738;-0.0083845;-0.022423
0.11917;0.082581;-0.0072781;-0.020703
0.12039;0.080313;-0.0061037;-0.018871
0.12168;0.077949;-0.00488;-0.016904
0.12303;0.075503;-0.0036248;-0.014776
0.12444;0.072991;-0.002354;-0.012466
0.12589;0.070433;-0.0010795;-0.0099549
0.12738;0.067855;0.00019218;-0.0072309
0.1289;0.065286;0.0014601;-0.004286
0.13044;0.062756;0.0027288;-0.0011189
0.13197;0.060294;0.004008;0.0022611
0.1335;0.05793;0.0053115;0.0058313
0.13501;0.05569;0.0066543;0.0095549
0.13646;0.053596;0.0080509;0.013385
0.13785;0.051663;0.0095138;0.017272
0.13914;0.049904;0.011054;0.021168
0.14031;0.048324;0.012679;0.025032
0.14132;0.046928;0.014399;0.028825
0.14214;0.045721;0.016217;0.032507
0.14273;0.044704;0.018135;0.036035
0.14306;0.043875;0.02015;0.039369
0.14311;0.04323;0.022255;0.042476
0.14285;0.04276;0.024436;0.045334
0.14227;0.042455;0.026677;0.047935
0.14134;0.042307;0.028952;0.050284
0.14006;0.042311;0.031239;0.052399
0.13844;0.042463;0.033509;0.054306
0.13647;0.042757;0.035737;0.056034
0.13417;0.043186;0.037897;0.057611
0.13155;0.043738;0.039969;0.059063
0.12863;0.044401;0.041933;0.060404
0.1254;0.04516;0.043774;0.061637
0.12189;0.045999;0.045479;0.062753
0.11809;0.046897;0.047035;0.063738
0.11403;0.047829;0.048434;0.064571
0.10971;0.048763;0.049669;0.065237
0.10515;0.04967;0.050735;0.065723
0.10038;0.05052;0.051629;0.066022
0.095432;0.05129;0.052347;0.06613
0.090354;0.051965;0.052888;0.06605
0.085207;0.052532;0.053254;0.065787
0.080061;0.052986;0.053447;0.065355
0.074988;0.053322;0.05347;0.064778
0.070053;0.053543;0.053328;0.064088
0.065312;0.053656;0.053027;0.06332
0.060803;0.053676;0.052572;0.062509
0.056553;0.053621;0.051971;0.061686
0.05258;0.053512;0.05123;0.060874
0.048907;0.053368;0.050358;0.060091
0.045554;0.053209;0.049363;0.059351
0.042541;0.053052;0.048257;0.058658
0.039875;0.052912;0.047048;0.058007
0.037546;0.0528;0.045748;0.057386
0.03553;0.052722;0.044367;0.056774
0.033796;0.052672;0.04292;0.056147
0.032309;0.052635;0.041418;0.055481
0.031032;0.05259;0.039876;0.054752
0.029925;0.052516;0.038306;0.053939
0.028945;0.052392;0.036716;0.053021
0.028045;0.052201;0.035113;0.051978
0.02718;0.051926;0.033504;0.050793
0.02631;0.051557;0.031897;0.049458
0.025402;0.051083;0.0303;0.047974
0.02443;0.050502;0.028726;0.046351
0.023376;0.049814;0.027181;0.044608
0.022226;0.049022;0.025672;0.042767
0.020973;0.048129;0.024203;0.040854
0.019621;0.047142;0.022779;0.038897
0.01818;0.046066;0.021404;0.036925
0.016669;0.044907;0.020081;0.034966
0.015108;0.04367;0.01881;0.033045
0.013523;0.042362;0.017592;0.031181
0.011938;0.04099;0.016423;0.029378
0.010381;0.039556;0.015302;0.027635
0.0088788;0.03806;0.014227;0.025944
0.0074576;0.036496;0.013197;0.024297
0.0061408;0.034853;0.012207;0.022682
0.0049485;0.033126;0.011255;0.021087
0.0038961;0.031312;0.010339;0.019497
0.0029938;0.029414;0.0094584;0.017899
0.0022461;0.027437;0.008612;0.016283
0.0016503;0.02539;0.0077995;0.014651
0.0011967;0.023282;0.0070194;0.013014
0.0008696;0.021127;0.0062705;0.011394
0.00064996;0.018946;0.0055526;0.0098129
0.00051717;0.016765;0.0048667;0.0082969
0.0004494;0.014614;0.0042146;0.0068689
0.00042418;0.012523;0.0035973;0.0055499
0.00042006;0.010522;0.0030154;0.0043587
0.00041918;0.008639;0.002471;0.0033108
0.00040904;0.0069015;0.0019687;0.0024174
0.00038292;0.0053322;0.0015153;0.0016829
0.00033917;0.0039504;0.0011179;0.0011038
0.00028015;0.0027701;0.00078108;0.00066927
0.00021111;0.0018001;0.00050613;0.0003634
0.00013943;0.0010424;0.00029235;0.00016675
7.4044e-05;0.00049402;0.00013813;5.7365e-05
2.4559e-05;0.00014909;4.1508e-05;1.0757e-05
0;0;0;0
-1.512e-05;1.8951e-05;-0.00020249;-2.3596e-05
-4.8144e-05;6.8267e-05;-0.00063833;-6.8899e-05
-9.507e-05;0.00015448;-0.0012793;-0.00012667
-0.00014822;0.00028222;-0.002098;-0.00018931
-0.00019621;0.00045311;-0.0030696;-0.00025098
-0.00022525;0.00066467;-0.0041746;-0.00030763
-0.0002216;0.00091075;-0.0054016;-0.00035715
-0.00017419;0.0011836;-0.0067451;-0.00039985
-7.6473e-05;0.0014757;-0.008201;-0.00043877
7.3413e-05;0.001781;-0.0097625;-0.00047927
0.00027418;0.0020932;-0.011419;-0.00052802
0.00052337;0.0024043;-0.013159;-0.00059189
0.00081793;0.0027032;-0.014971;-0.00067773
0.0011537;0.0029766;-0.016844;-0.0007922
0.0015253;0.0032127;-0.018767;-0.00094044
0.0019272;0.0034038;-0.020724;-0.001124
0.0023542;0.0035475;-0.022696;-0.0013388
0.002802;0.0036454;-0.024661;-0.0015735
0.0032675;0.0037018;-0.0266;-0.0018105
0.0037485;0.0037232;-0.028492;-0.002027
0.0042447;0.0037158;-0.030318;-0.0021972
0.0047582;0.0036844;-0.032062;-0.0022955
0.0052938;0.0036306;-0.033709;-0.0022989
0.0058596;0.003554;-0.035249;-0.002188
0.0064662;0.0034522;-0.036677;-0.0019484
0.0071251;0.0033202;-0.037991;-0.0015701
0.0078474;0.0031496;-0.039195;-0.0010465
0.0086427;0.002932;-0.040292;-0.00037642
0.00952;0.0026599;-0.041289;0.00043518
0.010488;0.0023275;-0.042194;0.0013791
0.011553;0.001931;-0.043015;0.0024448
0.012724;0.0014693;-0.04376;0.0036231
0.014002;0.00094264;-0.044437;0.0049077
0.01539;0.00035279;-0.045049;0.0062927
0.016886;-0.00029772;-0.0456;0.0077662
0.018483;-0.0010055;-0.046089;0.0093057
0.020173;-0.0017675;-0.046512;0.01088
0.021949;-0.0025815;-0.046862;0.012458
0.0238;-0.0034462;-0.047128;0.014014
0.025717;-0.0043593;-0.047302;0.015531
0.027692;-0.0053158;-0.047376;0.017002
0.029718;-0.0063084;-0.047345;0.018425
0.031786;-0.0073275;-0.047204;0.0198
0.033892;-0.0083618;-0.04695;0.021121
0.03603;-0.0093987;-0.046577;0.022383
0.038195;-0.010426;-0.046082;0.023574
0.040384;-0.01143;-0.045462;0.024683
0.042594;-0.0124;-0.044714;0.025687
0.04482;-0.013322;-0.043837;0.026558
0.04706;-0.014183;-0.042831;0.027264
0.049309;-0.014971;-0.041693;0.027769
0.051566;-0.015675;-0.040424;0.028043
0.053828;-0.016292;-0.039024;0.028064
0.056095;-0.016822;-0.037494;0.027809
0.058366;-0.017267;-0.035833;0.027266
0.060641;-0.017629;-0.03404;0.026422
0.062921;-0.017908;-0.032113;0.025273
0.06521;-0.018101;-0.03005;0.023818
0.067507;-0.018205;-0.027852;0.022068
0.069815;-0.018216;-0.025523;0.020037
0.072132;-0.01813;-0.023066;0.017751
0.074457;-0.017945;-0.020485;0.015236
0.076787;-0.017658;-0.017777;0.012523
0.079121;-0.017268;-0.01494;0.0096434
0.08146;-0.016776;-0.011972;0.0066294
0.083803;-0.016183;-0.0088711;0.0035103
0.08615;-0.015496;-0.0056405;0.00031261
0.088501;-0.014723;-0.0022842;-0.0029418
0.090857;-0.013874;0.001189;-0.0062382
0.093222;-0.012962;0.0047646;-0.0095687
0.0956;-0.012002;0.0084212;-0.012932
0.097998;-0.011007;0.01213;-0.01633
0.10042;-0.0099946;0.015857;-0.019768
0.10287;-0.0089789;0.019563;-0.023248
0.10536;-0.0079721;0.023208;-0.026771
0.10789;-0.0069813;0.026754;-0.030333
0.11045;-0.006008;0.030163;-0.033928
0.11305;-0.0050495;0.033399;-0.037545
0.11568;-0.0041002;0.036432;-0.041163
0.11835;-0.0031536;0.039239;-0.044752
0.12104;-0.0022015;0.041804;-0.048277
0.12376;-0.0012336;0.044118;-0.0517
0.1265;-0.00023887;0.046181;-0.054981
0.12928;0.00079182;0.047998;-0.058083
0.13209;0.0018616;0.049584;-0.06097
0.13494;0.0029653;0.050961;-0.063605
0.13781;0.0040896;0.052158;-0.065961
0.14072;0.0052166;0.05321;-0.068018
0.14364;0.0063271;0.054147;-0.069767
0.14658;0.0074031;0.055004;-0.07121
0.14949;0.0084291;0.055809;-0.072354
0.15238;0.0093921;0.056592;-0.073206
0.15521;0.010281;0.057374;-0.073772
0.15796;0.011088;0.058172;-0.074053
0.16061;0.011806;0.059;-0.074048
0.16313;0.012431;0.059865;-0.073755
0.16549;0.012965;0.060775;-0.073175
0.16767;0.01341;0.061734;-0.072307
0.16964;0.013771;0.062742;-0.071143
0.17139;0.014055;0.063798;-0.06967
0.17289;0.014271;0.064899;-0.067873
0.17412;0.014425;0.06604;-0.065733
0.17506;0.014525;0.06722;-0.063236
0.17572;0.014576;0.068439;-0.060375
0.17609;0.014582;0.0697;-0.057152
0.17617;0.014542;0.071006;-0.053579
0.17598;0.014452;0.072364;-0.049683
0.17552;0.014302;0.073783;-0.045504
0.17481;0.014082;0.075273;-0.041097
0.17388;0.013783;0.076843;-0.036531
0.17274;0.013401;0.078504;-0.031879
0.17141;0.012933;0.080263;-0.027217
0.16989;0.012378;0.082125;-0.022609
0.1682;0.011739;0.084092;-0.018108
0.16634;0.01102;0.086163;-0.013758
0.16433;0.010229;0.088336;-0.0095946
0.16218;0.0093792;0.090607;-0.0056477
0.15989;0.0084822;0.092967;-0.0019428
0.15748;0.0075503;0.095404;0.0015009
0.15497;0.0065928;0.097901;0.0046698
0.15236;0.0056166;0.10043;0.0075546
0.14966;0.0046274;0.10297;0.010148
0.14687;0.0036322;0.10549;0.012446
0.14401;0.0026397;0.10794;0.014449
0.14108;0.0016592;0.1103;0.016167
0.13808;0.00069797;0.11252;0.017616
0.13505;-0.00024125;0.11458;0.018816
0.13198;-0.0011603;0.11644;0.019782
0.12889;-0.002063;0.11809;0.02052
0.12581;-0.0029526;0.11949;0.021027
0.12275;-0.0038298;0.12065;0.021293
0.11972;-0.0046929;0.12153;0.021305
0.11674;-0.0055397;0.12215;0.02105
0.11382;-0.0063688;0.1225;0.020515
0.11098;-0.0071785;0.1226;0.01969
0.10823;-0.0079629;0.12244;0.018567
0.10559;-0.0087099;0.12206;0.017142
0.10309;-0.0094015;0.12148;0.015419
0.10072;-0.010017;0.12071;0.01341
0.098474;-0.010538;0.11978;0.011136
0.096352;-0.010949;0.11871;0.0086253
0.094334;-0.011241;0.11753;0.0059133
0.092409;-0.011404;0.11624;0.0030367
0.090568;-0.011434;0.11486;3.4037e-05
0.088799;-0.01133;0.11341;-0.003055
0.087087;-0.011096;0.11189;-0.0061913
0.08541;-0.010746;0.11029;-0.0093391
0.083739;-0.010302;0.10863;-0.012471
0.082052;-0.0097902;0.1069;-0.015573
0.080324;-0.0092359;0.10508;-0.018645
0.078539;-0.0086639;0.10319;-0.021697
0.076681;-0.0080954;0.1012;-0.024747
0.074733;-0.0075495;0.099104;-0.027811
0.072684;-0.0070428;0.096896;-0.030899
0.070524;-0.0065871;0.094565;-0.034019
0.06825;-0.0061862;0.092106;-0.037164
0.065867;-0.0058347;0.089513;-0.040318
0.063389;-0.0055195;0.086787;-0.04345
0.060835;-0.0052236;0.083932;-0.046517
0.058226;-0.004929;0.080957;-0.049462
0.055589;-0.0046193;0.077878;-0.052221
0.052953;-0.0042809;0.074714;-0.054726
0.050347;-0.0039043;0.071484;-0.056914
0.047802;-0.0034843;0.068207;-0.058727
0.045344;-0.0030198;0.064902;-0.060112
0.042992;-0.0025139;0.061588;-0.061029
0.040759;-0.001976;0.058285;-0.061446
0.03865;-0.0014222;0.055014;-0.061352
0.036664;-0.00087268;0.051796;-0.060752
0.034799;-0.00034888;0.048646;-0.059668
0.033045;0.00012925;0.04558;-0.058138
0.031392;0.00054495;0.042605;-0.056206
0.029825;0.00088556;0.039726;-0.053923
0.028328;0.0011423;0.036944;-0.051344
0.026886;0.0013104;0.034258;-0.048526
0.025481;0.0013909;0.031663;-0.045535
0.024099;0.0013918;0.02916;-0.04244
0.022729;0.0013254;0.026749;-0.039305
0.021359;0.0012064;0.024432;-0.036189
0.019984;0.0010496;0.022208;-0.033133
0.018604;0.00086963;0.020078;-0.030162
0.017223;0.00068085;0.018041;-0.027288
0.015848;0.00049731;0.016098;-0.024516
0.014482;0.00033233;0.014253;-0.021848
0.013132;0.00019684;0.01251;-0.019285
0.011801;9.6913e-05;0.010874;-0.016831
0.010495;3.2379e-05;0.0093505;-0.014496
0.0092241;-1.9977e-06;0.0079418;-0.012292
0.007996;-1.4068e-05;0.00665;-0.010239
0.0068203;-1.2126e-05;0.0054767;-0.0083548
0.0057053;-3.2303e-06;0.004423;-0.0066562
0.0046593;7.6963e-06;0.0034894;-0.0051551
0.003691;1.7315e-05;0.0026747;-0.0038569
0.0028103;2.2927e-05;0.0019759;-0.0027603
0.0020286;2.2964e-05;0.001388;-0.0018602
0.0013575;1.8173e-05;0.00090635;-0.0011509
0.00080907;1.1261e-05;0.00052788;-0.0006254
0.00039409;5.1006e-06;0.00025139;-0.00027294
0.00012195;1.3225e-06;7.6094e-05;-7.4367e-05
0;0;0;0
8.6552e-05;6.8031e-05;0.00019344;-8.3874e-05
0.00027892;0.00021681;0.00062634;-0.00026947
0.00057119;0.00044199;0.0012837;-0.00054964
0.00095599;0.00074158;0.0021395;-0.00091517
0.0014249;0.0011152;0.0031588;-0.0013551
0.0019692;0.001565;0.0043034;-0.0018576
0.0025814;0.0020957;0.0055377;-0.0024104
0.0032567;0.0027135;0.0068309;-0.0030029
0.0039946;0.0034239;0.0081556;-0.0036278
0.0047992;0.0042298;0.0094863;-0.0042831
0.005677;0.0051319;0.010799;-0.0049712
0.006635;0.0061302;0.012074;-0.0056992
0.0076786;0.0072249;0.0133;-0.0064794
0.0088118;0.008416;0.014471;-0.0073303
0.010037;0.0097015;0.015592;-0.0082758
0.011355;0.011076;0.01667;-0.0093436
0.012766;0.012532;0.017717;-0.010563
0.014266;0.014056;0.018751;-0.011959
0.01585;0.015637;0.019794;-0.013558
0.017511;0.017262;0.020867;-0.015377
0.019241;0.018917;0.021992;-0.017431
0.021035;0.020589;0.023182;-0.019727
0.022886;0.022264;0.024443;-0.022265
0.024792;0.023926;0.025776;-0.025038
0.026751;0.02556;0.027179;-0.028033
0.028761;0.027152;0.028648;-0.03123
0.030823;0.02869;0.030176;-0.034605
0.032937;0.030165;0.03175;-0.038133
0.035107;0.031569;0.033357;-0.041789
0.037336;0.032897;0.034978;-0.045545
0.039629;0.034144;0.036596;-0.049374
0.04199;0.035305;0.038194;-0.05325
0.044418;0.036376;0.039761;-0.057155
0.046912;0.037353;0.041287;-0.061076
0.049466;0.038232;0.042766;-0.065004
0.052071;0.039014;0.044196;-0.068933
0.054717;0.039697;0.045579;-0.072862
0.057395;0.040284;0.046919;-0.076789
0.060097;0.040774;0.04822;-0.080718
0.062816;0.041168;0.049486;-0.084653
0.065547;0.041461;0.050722;-0.0886
0.068287;0.04165;0.051934;-0.092562
0.071034;0.041732;0.053131;-0.096538
0.073787;0.041699;0.054319;-0.10052
0.076543;0.041544;0.055504;-0.10448
0.079303;0.041262;0.056692;-0.1084
0.082066;0.04085;0.057884;-0.11225
0.084833;0.040309;0.059084;-0.116
0.087605;0.039644;0.060288;-0.11963
0.090384;0.038865;0.061496;-0.12309
0.093174;0.037985;0.062701;-0.12637
0.09598;0.037022;0.063902;-0.12944
0.098805;0.035992;0.065098;-0.13227
0.10165;0.034916;0.06629;-0.13485
0.10452;0.033814;0.067481;-0.13717
0.10741;0.032708;0.068677;-0.13923
0.11031;0.031621;0.069885;-0.14102
0.11322;0.030574;0.071112;-0.14254
0.11614;0.029579;0.072362;-0.14381
0.11905;0.028643;0.07364;-0.14482
0.12194;0.027765;0.074947;-0.14558
0.12481;0.026944;0.07628;-0.14612
0.12764;0.026173;0.07764;-0.14645
0.13044;0.025446;0.079026;-0.14656
0.13319;0.024757;0.080434;-0.14647
0.13589;0.024102;0.081861;-0.14618
0.13854;0.023478;0.083299;-0.1457
0.14112;0.022887;0.084738;-0.14504
0.14364;0.022332;0.08617;-0.14422
0.14611;0.021817;0.087584;-0.14325
0.14851;0.021348;0.088968;-0.14216
0.15084;0.020926;0.090312;-0.14095
0.15312;0.020555;0.091604;-0.13967
0.15534;0.020238;0.092834;-0.13833
0.1575;0.019977;0.093991;-0.13697
0.15961;0.019773;0.095066;-0.13563
0.16167;0.019623;0.096048;-0.13432
0.16369;0.019522;0.096926;-0.13309
0.16568;0.019461;0.097685;-0.13194
0.16764;0.01943;0.098308;-0.13089
0.16959;0.019422;0.098777;-0.12997
0.17154;0.019433;0.099075;-0.12917
0.17349;0.019462;0.099186;-0.12851
0.17546;0.019508;0.099096;-0.12799
0.17746;0.019573;0.098795;-0.1276
0.17948;0.019656;0.098277;-0.12731
0.18154;0.019764;0.097542;-0.12711
0.18365;0.0199;0.096598;-0.12697
0.18579;0.020072;0.095458;-0.12685
0.18798;0.020286;0.094139;-0.12672
0.19023;0.020542;0.092661;-0.12655
0.19252;0.020842;0.091045;-0.12631
0.19487;0.021183;0.089313;-0.12596
0.19728;0.021562;0.087489;-0.12548
0.19974;0.021976;0.0856;-0.12485
0.20226;0.022422;0.083672;-0.12406
0.20484;0.022893;0.081725;-0.12308
0.20746;0.023379;0.07978;-0.12191
0.21012;0.023868;0.077851;-0.12053
0.21282;0.024353;0.075953;-0.11894
0.21553;0.024828;0.074094;-0.11713
0.21825;0.025293;0.072279;-0.1151
0.22095;0.025748;0.070506;-0.11285
0.2236;0.026198;0.068773;-0.11038
0.22619;0.026646;0.067073;-0.10771
0.22868;0.027099;0.0654;-0.10483
0.23103;0.027563;0.063748;-0.10179
0.2332;0.028044;0.062108;-0.098617
0.23516;0.028545;0.060473;-0.095348
0.23687;0.029071;0.058834;-0.092033
0.2383;0.029622;0.057182;-0.088721
0.23942;0.030201;0.05551;-0.085465
0.2402;0.03081;0.053811;-0.082321
0.24062;0.031455;0.052082;-0.079345
0.24068;0.032144;0.050324;-0.076591
0.24037;0.032883;0.048541;-0.074105
0.23966;0.033676;0.046737;-0.071925
0.23856;0.034525;0.044918;-0.070075
0.23707;0.035427;0.043091;-0.068575
0.2352;0.036378;0.04126;-0.067436
0.23295;0.03737;0.039432;-0.066665
0.23036;0.038397;0.03761;-0.066269
0.22742;0.039446;0.035801;-0.06625
0.22417;0.040503;0.034006;-0.066603
0.22064;0.041553;0.032229;-0.06732
0.21689;0.04258;0.030472;-0.068383
0.21299;0.043574;0.028735;-0.069776
0.20901;0.044528;0.027018;-0.071476
0.20505;0.045437;0.025317;-0.073459
0.2012;0.046298;0.023631;-0.075701
0.19754;0.047107;0.021952;-0.078174
0.19411;0.047858;0.020274;-0.080849
0.19093;0.048548;0.018593;-0.083699
0.188;0.049173;0.016903;-0.086697
0.18533;0.049732;0.015197;-0.089817
0.18295;0.050229;0.013469;-0.093036
0.18084;0.050668;0.011714;-0.096329
0.17898;0.051051;0.0099275;-0.09967
0.17732;0.051381;0.0081075;-0.10303
0.1758;0.051658;0.0062578;-0.10638
0.17435;0.051883;0.0043869;-0.10967
0.17292;0.052055;0.0025081;-0.11288
0.17146;0.052169;0.00063633;-0.11594
0.16992;0.052221;-0.0012137;-0.11881
0.16825;0.052205;-0.0030287;-0.12144
0.1664;0.052114;-0.0047967;-0.12378
0.16433;0.051944;-0.006507;-0.12578
0.16202;0.051696;-0.0081511;-0.12742
0.15946;0.051371;-0.0097235;-0.12866
0.15665;0.050972;-0.011221;-0.12948
0.15359;0.050503;-0.012643;-0.12989
0.15029;0.049967;-0.013986;-0.12989
0.14676;0.049368;-0.01525;-0.12947
0.14302;0.048712;-0.016428;-0.12865
0.1391;0.048004;-0.017514;-0.12747
0.13503;0.047249;-0.018501;-0.12592
0.13084;0.046449;-0.019384;-0.12405
0.12657;0.045607;-0.020158;-0.12186
0.12224;0.044721;-0.020822;-0.11938
0.11788;0.043789;-0.021379;-0.11663
0.11353;0.042807;-0.021829;-0.11364
0.1092;0.041772;-0.022174;-0.11042
0.10493;0.04068;-0.022414;-0.10699
0.10074;0.039527;-0.022552;-0.10336
0.096639;0.038309;-0.02259;-0.099533
0.092637;0.037025;-0.022529;-0.095523
0.088741;0.035673;-0.022372;-0.091345
0.084948;0.03426;-0.022122;-0.087028
0.081249;0.032793;-0.021779;-0.082605
0.077629;0.031284;-0.021348;-0.078112
0.074068;0.029744;-0.020833;-0.073579
0.070548;0.028185;-0.02024;-0.069027
0.067052;0.02662;-0.019575;-0.064477
0.063565;0.02506;-0.018844;-0.059948
0.060075;0.023519;-0.018051;-0.055462
0.056572;0.022006;-0.017202;-0.051043
0.053056;0.020529;-0.016305;-0.046714
0.04953;0.019092;-0.01537;-0.0425
0.046002;0.017695;-0.014409;-0.038424
0.042484;0.01634;-0.013435;-0.034512
0.038991;0.015026;-0.012456;-0.030788
0.035541;0.013752;-0.011481;-0.027275
0.032155;0.01252;-0.010519;-0.023989
0.028857;0.011331;-0.0095754;-0.020942
0.02567;0.010183;-0.0086556;-0.018135
0.022614;0.0090756;-0.0077639;-0.015566
0.019707;0.0080073;-0.006904;-0.013227
0.016966;0.0069791;-0.0060793;-0.011109
0.014406;0.0059952;-0.0052924;-0.0092035
0.012039;0.0050613;-0.0045447;-0.0075011
0.0098757;0.0041838;-0.0038375;-0.0059911
0.0079208;0.0033692;-0.0031724;-0.0046642
0.0061762;0.0026245;-0.0025521;-0.003514
0.0046419;0.0019575;-0.0019799;-0.0025375
0.0033185;0.0013776;-0.0014608;-0.001732
0.0022079;0.00089421;-0.0010022;-0.0010926
0.001314;0.00051455;-0.00061387;-0.00061162
0.00064207;0.0002412;-0.00030775;-0.00027869
0.00020008;7.1803e-05;-9.794e-05;-8.0468e-05
0;0;0;0
4.0092e-05;2.8709e-05;4.2547e-05;0.00019869
0.00012781;9.4611e-05;0.0001387;0.00063237
0.00025794;0.00019846;0.00028568;0.0012775
0.00042398;0.00034019;0.00047941;0.0021072
0.0006182;0.00051927;0.00071571;0.0030912
0.00083181;0.00073605;0.00098994;0.0042005
0.0010555;0.00099298;0.0012962;0.0054138
0.0012796;0.0012954;0.0016269;0.0067193
0.0014943;0.0016517;0.0019732;0.0081092
0.0016897;0.0020719;0.0023254;0.0095748
0.0018562;0.0025652;0.0026727;0.011105
0.0019856;0.0031378;0.0030046;0.012686
0.0020719;0.0037942;0.0033123;0.014309
0.0021106;0.0045401;0.0035911;0.015965
0.0020986;0.0053836;0.0038403;0.01765
0.002034;0.006334;0.004062;0.019353
0.0019167;0.0073995;0.0042596;0.021054
0.0017479;0.0085856;0.0044376;0.022718
0.0015294;0.0098946;0.0046013;0.024295
0.0012618;0.011326;0.0047573;0.025729
0.00094497;0.012876;0.0049145;0.026965
0.00057819;0.01454;0.0050833;0.027951
0.00016024;0.016315;0.0052754;0.028642
-0.00031008;0.018197;0.0055026;0.028999
-0.00083277;0.020179;0.0057754;0.028991
-0.0014062;0.022255;0.0061044;0.028597
-0.0020274;0.024419;0.0064995;0.027811
-0.0026927;0.026665;0.0069703;0.026639
-0.0033959;0.028985;0.0075249;0.0251
-0.0041279;0.031374;0.0081691;0.023223
-0.0048762;0.033828;0.008906;0.021043
-0.005624;0.036344;0.009737;0.018604
-0.0063511;0.03892;0.010662;0.015949
-0.0070355;0.041551;0.011679;0.013127
-0.0076559;0.044232;0.012786;0.010187
-0.0081919;0.046954;0.013977;0.0071752
-0.0086241;0.049709;0.015244;0.0041305
-0.0089342;0.052489;0.016581;0.0010795
-0.0091072;0.055288;0.017982;-0.0019612
-0.0091316;0.058103;0.01944;-0.0049832
-0.0089987;0.060929;0.020948;-0.0079856
-0.0087032;0.063766;0.022501;-0.010973
-0.0082441;0.06661;0.024097;-0.013953
-0.0076244;0.069458;0.025739;-0.016934
-0.0068501;0.072304;0.027435;-0.019927
-0.0059302;0.075139;0.029192;-0.022938
-0.0048783;0.077958;0.031021;-0.025971
-0.0037146;0.080757;0.032929;-0.029026
-0.0024674;0.083531;0.034923;-0.032098
-0.0011719;0.086278;0.037011;-0.035176
0.00013122;0.088993;0.039192;-0.03825
0.0013993;0.09167;0.041465;-0.041309
0.002589;0.094301;0.043822;-0.044346
0.003659;0.09688;0.046249;-0.047355
0.0045705;0.0994;0.048729;-0.050333
0.0052884;0.10185;0.051247;-0.053278
0.0057825;0.10424;0.053787;-0.05619
0.0060286;0.10654;0.056336;-0.059072
0.0060101;0.10875;0.058878;-0.061928
0.0057165;0.11086;0.061401;-0.064761
0.0051411;0.11284;0.063893;-0.067573
0.0042772;0.11468;0.066345;-0.070357
0.0031179;0.11636;0.06875;-0.073103
0.0016579;0.11788;0.071103;-0.075793
-0.00010296;0.1192;0.0734;-0.078408
-0.0021574;0.12031;0.075637;-0.080925
-0.0044915;0.12121;0.077812;-0.083314
-0.0070879;0.12189;0.079918;-0.085536
-0.0099302;0.12235;0.08195;-0.087552
-0.013004;0.12258;0.0839;-0.089318
-0.016298;0.1226;0.085759;-0.090793
-0.019797;0.12241;0.087513;-0.09194
-0.023483;0.12203;0.089143;-0.092728
-0.027328;0.12146;0.090629;-0.093132
-0.031295;0.12072;0.091949;-0.093143
-0.035331;0.11985;0.093078;-0.092762
-0.03937;0.11886;0.09399;-0.092007
-0.043328;0.11778;0.094657;-0.090908
-0.047121;0.11663;0.095053;-0.089508
-0.050666;0.11542;0.095153;-0.087856
-0.053898;0.11418;0.094935;-0.085999
-0.056776;0.11293;0.094381;-0.083985
-0.059282;0.11169;0.093478;-0.08186
-0.061417;0.11047;0.092217;-0.079669
-0.063192;0.10928;0.090601;-0.077462
-0.064616;0.10814;0.08864;-0.075282
-0.065697;0.10704;0.086355;-0.073167
-0.066453;0.106;0.083777;-0.071141
-0.066915;0.105;0.080944;-0.069222
-0.067135;0.10404;0.077903;-0.067421
-0.067174;0.10312;0.074703;-0.065745
-0.067093;0.10221;0.071392;-0.064197
-0.066943;0.10132;0.068018;-0.062774
-0.066765;0.10044;0.064623;-0.061472
-0.066597;0.099561;0.061244;-0.060287
-0.066477;0.098678;0.057912;-0.059211
-0.06644;0.097792;0.054651;-0.058244
-0.066513;0.09691;0.05148;-0.057395
-0.06671;0.09604;0.048409;-0.056679
-0.067032;0.09519;0.045442;-0.056111
-0.067467;0.09437;0.042582;-0.055707
-0.067997;0.093588;0.039831;-0.055475
-0.068598;0.092854;0.037192;-0.055423
-0.069245;0.092178;0.034672;-0.055558
-0.06991;0.091574;0.032281;-0.055887
-0.070559;0.09105;0.030028;-0.056411
-0.071155;0.090613;0.02792;-0.057125
-0.071656;0.090267;0.025964;-0.058011
-0.072021;0.09001;0.024165;-0.059042
-0.072213;0.089841;0.022527;-0.060188
-0.072199;0.089754;0.021052;-0.061419
-0.071955;0.089745;0.019741;-0.062702
-0.071462;0.089808;0.018592;-0.064008
-0.070704;0.089937;0.017604;-0.065309
-0.069673;0.09013;0.016773;-0.066576
-0.068366;0.090385;0.016094;-0.067787
-0.06679;0.090702;0.015557;-0.068927
-0.064964;0.091081;0.015154;-0.069992
-0.062912;0.091523;0.014873;-0.070989
-0.060666;0.092028;0.014705;-0.071934
-0.058262;0.092592;0.01464;-0.072846
-0.055743;0.093214;0.014668;-0.073749
-0.053152;0.093887;0.01478;-0.074672
-0.050534;0.094602;0.014968;-0.075645
-0.04793;0.09535;0.015223;-0.076694
-0.045379;0.096115;0.015533;-0.077835
-0.042913;0.09688;0.015888;-0.079071
-0.040554;0.09762;0.016275;-0.080391
-0.038322;0.098312;0.016683;-0.081775
-0.036228;0.098932;0.017101;-0.083199
-0.034277;0.099457;0.017515;-0.084634
-0.03247;0.099868;0.01791;-0.086048
-0.030804;0.10014;0.018271;-0.087406
-0.029272;0.10027;0.018588;-0.08867
-0.027866;0.10022;0.018851;-0.089803
-0.026575;0.099996;0.019056;-0.090773
-0.025385;0.099581;0.019198;-0.091557
-0.024285;0.098977;0.019274;-0.092141
-0.023261;0.098186;0.019281;-0.092518
-0.0223;0.097212;0.019218;-0.092683
-0.021389;0.096057;0.019085;-0.092636
-0.02052;0.094724;0.018884;-0.092377
-0.019687;0.093217;0.018618;-0.091911
-0.018887;0.091543;0.018289;-0.091245
-0.018118;0.089712;0.017898;-0.090388
-0.017375;0.087734;0.017447;-0.089346
-0.016655;0.085618;0.016938;-0.088115
-0.015954;0.083374;0.016381;-0.086685
-0.01527;0.081011;0.015786;-0.085037
-0.014599;0.078534;0.015164;-0.083148
-0.013937;0.075951;0.014529;-0.080998
-0.013281;0.07327;0.013893;-0.078567
-0.012626;0.070498;0.013266;-0.075848
-0.011972;0.067642;0.012656;-0.072838
-0.011318;0.064707;0.012068;-0.069544
-0.010667;0.061704;0.011504;-0.065983
-0.010023;0.058644;0.010969;-0.062185
-0.0093928;0.055542;0.010462;-0.058194
-0.0087819;0.052415;0.0099819;-0.054064
-0.0081978;0.049279;0.0095263;-0.04986
-0.0076486;0.046152;0.0090914;-0.045644
-0.0071413;0.043046;0.0086745;-0.041478
-0.0066809;0.039976;0.0082739;-0.037422
-0.0062691;0.036953;0.0078895;-0.033526
-0.0059046;0.033986;0.0075208;-0.029832
-0.0055849;0.031083;0.0071668;-0.026376
-0.0053064;0.028246;0.0068259;-0.023178
-0.0050645;0.02548;0.0064958;-0.020243
-0.0048532;0.022787;0.0061738;-0.017563
-0.0046651;0.020174;0.005857;-0.015116
-0.0044925;0.01765;0.0055435;-0.012872
-0.0043284;0.015226;0.0052324;-0.010799
-0.0041676;0.012912;0.0049249;-0.0088639
-0.0040071;0.010719;0.0046236;-0.0070421
-0.0038452;0.008655;0.0043321;-0.0053242
-0.0036817;0.0067289;0.0040545;-0.003715
-0.0035169;0.0049492;0.0037943;-0.0022323
-0.0033517;0.0033252;0.003554;-0.00090025
-0.0031884;0.0018669;0.0033333;0.00025921
-0.0030297;0.00058362;0.0031285;0.001234
-0.0028778;-0.00051784;0.0029324;0.0020243
-0.0027334;-0.0014347;0.0027362;0.0026396
-0.0025958;-0.0021689;0.0025315;0.0030925
-0.0024627;-0.0027263;0.0023129;0.0033948
-0.0023303;-0.0031163;0.0020792;0.0035562
-0.0021933;-0.0033505;0.0018333;0.0035863
-0.0020466;-0.0034417;0.0015816;0.0034978
-0.0018866;-0.0034039;0.0013327;0.0033065
-0.0017113;-0.0032524;0.0010949;0.0030308
-0.0015202;-0.0030057;0.00087502;0.0026911
-0.0013149;-0.0026847;0.00067714;0.0023086
-0.0010999;-0.0023112;0.00050363;0.0019047
-0.00088257;-0.0019078;0.00035605;0.001501
-0.00067221;-0.0014981;0.00023541;0.0011189
-0.00047887;-0.0011058;0.00014195;0.00077785
-0.00031174;-0.00075193;7.4871e-05;0.000494
-0.00017811;-0.0004533;3.2009e-05;0.00027655
-8.2157e-05;-0.00022268;9.3969e-06;0.00012612
-2.395e-05;-6.9371e-05;1.1074e-06;3.6738e-05
0;0;0;0
9.5583e-05;-1.5953e-05;-7.3068e-05;-6.4592e-05
0.00030948;-5.462e-05;-0.00023738;-0.00018727
0.00063849;-0.00012053;-0.00049009;-0.00033824
0.0010801;-0.00021995;-0.00082788;-0.00049223
0.0016327;-0.00035966;-0.0012477;-0.00063474
0.0022964;-0.00054508;-0.0017476;-0.00076578
0.0030724;-0.00077937;-0.0023272;-0.00089871
0.0039636;-0.0010645;-0.0029891;-0.0010553
0.0049729;-0.0014027;-0.0037381;-0.0012594
0.0061027;-0.0017972;-0.0045793;-0.0015332
0.007354;-0.0022507;-0.0055182;-0.0018967
0.0087254;-0.0027647;-0.0065608;-0.0023677
0.010213;-0.0033387;-0.0077141;-0.0029618
0.011811;-0.0039708;-0.0089841;-0.0036898
0.013513;-0.0046582;-0.010374;-0.004556
0.015309;-0.0053986;-0.01188;-0.0055587
0.01719;-0.006191;-0.013493;-0.0066922
0.019148;-0.0070345;-0.015199;-0.0079466
0.021175;-0.0079271;-0.016982;-0.0093077
0.023263;-0.008865;-0.01883;-0.010755
0.025409;-0.0098427;-0.020729;-0.01226
0.027609;-0.010855;-0.022671;-0.013792
0.029861;-0.011895;-0.024647;-0.015318
0.032161;-0.012957;-0.026652;-0.016806
0.034505;-0.014036;-0.028685;-0.018239
0.036884;-0.015129;-0.030743;-0.019606
0.039289;-0.016234;-0.032822;-0.020908
0.041708;-0.01735;-0.034921;-0.022146
0.044131;-0.018471;-0.037035;-0.023321
0.046544;-0.01959;-0.039163;-0.024432
0.048936;-0.020696;-0.041304;-0.025477
0.051298;-0.021777;-0.043458;-0.026453
0.053623;-0.02282;-0.045626;-0.027364
0.055907;-0.023814;-0.047809;-0.028208
0.05815;-0.024748;-0.050006;-0.028972
0.060353;-0.025611;-0.052219;-0.029635
0.062522;-0.026396;-0.05445;-0.030167
0.064663;-0.027096;-0.056699;-0.030533
0.066784;-0.027709;-0.058968;-0.030699
0.068897;-0.028233;-0.061254;-0.030636
0.071015;-0.028668;-0.063558;-0.030318
0.073156;-0.029018;-0.065873;-0.029722
0.075337;-0.029285;-0.068194;-0.028826
0.077575;-0.029471;-0.070514;-0.027616
0.079887;-0.029581;-0.072826;-0.026086
0.082284;-0.029614;-0.075125;-0.024242
0.084778;-0.029572;-0.077407;-0.022101
0.087378;-0.029454;-0.079664;-0.019691
0.09009;-0.029257;-0.081889;-0.01704
0.092916;-0.028977;-0.084077;-0.014181
0.095857;-0.028613;-0.086219;-0.011147
0.098909;-0.028162;-0.088312;-0.0079696
0.10207;-0.027624;-0.090354;-0.0046839
0.10532;-0.026999;-0.092343;-0.0013189
0.10866;-0.026282;-0.09428;0.0021052
0.11209;-0.02547;-0.096165;0.0055806
0.11559;-0.024557;-0.098001;0.0091089
0.11916;-0.023541;-0.09979;0.012694
0.12278;-0.022418;-0.10154;0.016335
0.12645;-0.021186;-0.10325;0.020023
0.13017;-0.019846;-0.10492;0.023749
0.13392;-0.018397;-0.10657;0.027501
0.13771;-0.016835;-0.10819;0.031269
0.14154;-0.015157;-0.10979;0.035044
0.14539;-0.013361;-0.11136;0.038814
0.14926;-0.011446;-0.1129;0.042568
0.15315;-0.0094125;-0.11441;0.046292
0.15704;-0.0072631;-0.11587;0.049968
0.16094;-0.0049976;-0.11729;0.053578
0.16483;-0.0026146;-0.11866;0.057097
0.16869;-0.00011224;-0.11997;0.060501
0.1725;0.0025115;-0.12123;0.063757
0.17623;0.0052578;-0.12243;0.066832
0.17985;0.0081264;-0.12358;0.069692
0.18332;0.011115;-0.12468;0.072311
0.18661;0.014218;-0.12574;0.074681
0.18967;0.017432;-0.12678;0.076804
0.19247;0.020747;-0.12781;0.078694
0.19498;0.024154;-0.12885;0.080366
0.19715;0.027636;-0.12992;0.081838
0.19897;0.031178;-0.13102;0.083124
0.20041;0.034765;-0.13218;0.084242
0.20145;0.038384;-0.13341;0.085206
0.20209;0.042021;-0.13472;0.086029
0.20232;0.045663;-0.13611;0.086714
0.20213;0.049293;-0.1376;0.087258
0.20152;0.052897;-0.13917;0.087648
0.20048;0.05646;-0.1408;0.087875
0.19903;0.059973;-0.14247;0.087927
0.19715;0.063424;-0.14415;0.087798
0.19485;0.066806;-0.14581;0.087479
0.19214;0.070111;-0.14742;0.086961
0.18903;0.073336;-0.14895;0.086236
0.18555;0.076482;-0.15036;0.085298
0.18173;0.079552;-0.15163;0.084149
0.17764;0.082553;-0.15275;0.082799
0.17334;0.085495;-0.1537;0.081269
0.16893;0.088392;-0.15448;0.079585
0.16453;0.091256;-0.15507;0.077778
0.16024;0.094097;-0.15549;0.075884
0.15616;0.096927;-0.15573;0.073938
0.15238;0.099754;-0.15579;0.071979
0.14893;0.10259;-0.1557;0.070044
0.14584;0.10542;-0.15545;0.068168
0.14313;0.10827;-0.15506;0.066382
0.14083;0.11112;-0.15454;0.064714
0.13898;0.11398;-0.15391;0.063194
0.13759;0.11683;-0.15318;0.061851
0.13662;0.11965;-0.15236;0.060719
0.13602;0.12244;-0.15146;0.059836
0.13575;0.12518;-0.15049;0.059241
0.13573;0.12784;-0.14947;0.058969
0.13592;0.13041;-0.14838;0.05905
0.13626;0.13286;-0.14724;0.05951
0.13669;0.13519;-0.14604;0.060372
0.13714;0.13739;-0.14479;0.061654
0.13757;0.13945;-0.14347;0.063367
0.13791;0.14136;-0.14208;0.065512
0.13814;0.14313;-0.1406;0.06808
0.13826;0.14475;-0.13903;0.071049
0.13825;0.14622;-0.13735;0.074394
0.13812;0.14754;-0.13557;0.078088
0.13786;0.1487;-0.13368;0.082098
0.13748;0.1497;-0.13169;0.086384
0.137;0.15053;-0.12961;0.090888
0.13644;0.15118;-0.12746;0.095545
0.13582;0.15163;-0.12525;0.10029
0.13517;0.15187;-0.12301;0.10505
0.1345;0.15189;-0.12076;0.10976
0.13383;0.15168;-0.11853;0.11438
0.1332;0.15125;-0.11633;0.11885
0.13261;0.15058;-0.1142;0.1231
0.13209;0.1497;-0.11215;0.1271
0.13164;0.1486;-0.11019;0.1308
0.13127;0.1473;-0.10831;0.13416
0.13099;0.14582;-0.10653;0.13715
0.13078;0.14418;-0.10481;0.13979
0.13064;0.14238;-0.10315;0.14207
0.13055;0.14044;-0.10153;0.14401
0.13047;0.13838;-0.099915;0.14563
0.13038;0.13621;-0.098294;0.14695
0.13024;0.13394;-0.096641;0.14797
0.13001;0.13157;-0.094933;0.14871
0.12968;0.12911;-0.093151;0.14917
0.12919;0.12655;-0.091276;0.14935
0.12853;0.1239;-0.089296;0.14922
0.12766;0.12114;-0.087198;0.14877
0.12657;0.11828;-0.084971;0.14798
0.12524;0.11532;-0.082609;0.14682
0.12366;0.11226;-0.080108;0.14528
0.12185;0.1091;-0.077474;0.14336
0.11979;0.10585;-0.074716;0.14105
0.1175;0.10252;-0.07185;0.13835
0.11499;0.099116;-0.068894;0.13529
0.11227;0.095662;-0.065868;0.13189
0.10937;0.092173;-0.062794;0.12818
0.10628;0.08867;-0.059696;0.12419
0.10302;0.085173;-0.056597;0.11999
0.099602;0.081702;-0.05352;0.11562
0.096029;0.078274;-0.050487;0.11111
0.092314;0.074906;-0.047515;0.10652
0.088464;0.071613;-0.044622;0.10189
0.084492;0.068403;-0.041818;0.097252
0.080412;0.065283;-0.039109;0.092648
0.076243;0.062256;-0.036494;0.088108
0.072007;0.05932;-0.033966;0.083653
0.067728;0.056475;-0.031516;0.079291
0.063434;0.053716;-0.029133;0.075023
0.059148;0.051037;-0.026813;0.070842
0.054895;0.048432;-0.024553;0.066739
0.050697;0.04589;-0.022356;0.062701
0.046574;0.043402;-0.020227;0.058714
0.042549;0.040959;-0.018175;0.054766
0.038644;0.038553;-0.016212;0.050852
0.034881;0.03618;-0.01435;0.046974
0.031281;0.033839;-0.012603;0.043146
0.027863;0.031533;-0.010985;0.039392
0.024643;0.02926;-0.0095041;0.035739
0.021635;0.027023;-0.0081691;0.032218
0.018845;0.024825;-0.0069838;0.028857
0.016279;0.02267;-0.0059476;0.025682
0.013937;0.020562;-0.0050556;0.022714
0.011816;0.018507;-0.0042993;0.019969
0.0099098;0.016514;-0.0036681;0.01746
0.0082096;0.014592;-0.0031489;0.015189
0.0067053;0.012752;-0.0027255;0.013147
0.0053862;0.011006;-0.0023785;0.011316
0.0042413;0.0093679;-0.0020883;0.0096729
0.0032605;0.0078483;-0.001837;0.008194
0.0024341;0.0064573;-0.0016109;0.0068593
0.0017524;0.0052015;-0.0013998;0.0056537
0.0012053;0.0040843;-0.0011965;0.0045658
0.00078126;0.0031071;-0.00099631;0.0035874
0.00046719;0.0022704;-0.00079816;0.0027143
0.00024808;0.0015733;-0.00060484;0.0019482
0.00010812;0.0010126;-0.00042301;0.0012959
3.0956e-05;0.00058228;-0.00026198;0.00076712
-6.3727e-07;0.00027478;-0.00013194;0.00037123
-4.7411e-06;8.2748e-05;-4.2081e-05;0.00011433
0;0;0;0
-2.5758e-05;-4.9621e-05;0.00010356;5.9985e-05
-7.7181e-05;-0.00016996;0.00032376;0.00020586
-0.00014546;-0.00036999;0.00063337;0.00044379
-0.0002219;-0.00065861;0.00099835;0.00077246
-0.00029729;-0.0010452;0.0013831;0.0011858
-0.00036028;-0.0015393;0.0017539;0.0016763
-0.00039685;-0.0021504;0.0020785;0.0022377
-0.0003925;-0.0028883;0.0023249;0.0028659
-0.00033536;-0.0037623;0.002462;0.0035598
-0.00021698;-0.004781;0.0024633;0.004321
-3.1545e-05;-0.0059526;0.002312;0.0051556
0.0002242;-0.0072847;0.0020023;0.0060765
0.00055039;-0.0087832;0.0015386;0.0071063
0.00094406;-0.010451;0.00093109;0.0082763
0.0013999;-0.01229;0.00019433;0.0096245
0.001911;-0.014298;-0.00065351;0.01119
0.0024695;-0.016473;-0.0015893;0.013006
0.0030682;-0.018805;-0.002586;0.0151
0.0037026;-0.02128;-0.0036157;0.017489
0.0043725;-0.023872;-0.0046521;0.020181
0.0050824;-0.026553;-0.0056708;0.023178
0.0058393;-0.029296;-0.0066499;0.026469
0.006651;-0.032079;-0.0075707;0.030033
0.0075252;-0.034884;-0.0084184;0.033838
0.0084693;-0.037691;-0.0091836;0.037841
0.0094889;-0.040478;-0.0098628;0.041989
0.010587;-0.043226;-0.010458;0.046227
0.011765;-0.045916;-0.010975;0.050497
0.013018;-0.048532;-0.011419;0.054747
0.014337;-0.051064;-0.011798;0.058919
0.015709;-0.053508;-0.01212;0.062957
0.017111;-0.05586;-0.012392;0.066806
0.018517;-0.058121;-0.012622;0.070421
0.019896;-0.060288;-0.012815;0.07377
0.021214;-0.06236;-0.012973;0.076832
0.022434;-0.064332;-0.013094;0.079598
0.023521;-0.066199;-0.013173;0.082063
0.024441;-0.067954;-0.013203;0.084223
0.025165;-0.069588;-0.013179;0.086079
0.025671;-0.071096;-0.013095;0.087639
0.025942;-0.072468;-0.01294;0.088919
0.025969;-0.073699;-0.012705;0.089942
0.025749;-0.07478;-0.012379;0.090738
0.025282;-0.075704;-0.011952;0.091337
0.024577;-0.076465;-0.011417;0.09177
0.023645;-0.077057;-0.010769;0.092058
0.0225;-0.077482;-0.010006;0.092219
0.021158;-0.077744;-0.0091306;0.092258
0.019633;-0.077849;-0.0081472;0.092177
0.017936;-0.07781;-0.0070629;0.091978
0.016078;-0.077639;-0.0058865;0.091661
0.014066;-0.077352;-0.0046279;0.091236
0.011909;-0.076966;-0.0032978;0.090718
0.0096148;-0.076499;-0.0019078;0.09013
0.007193;-0.075969;-0.00047051;0.089501
0.0046518;-0.075396;0.00099988;0.088863
0.0020008;-0.074799;0.0024887;0.088249
-0.00074737;-0.074198;0.0039815;0.087689
-0.0035766;-0.073611;0.0054656;0.087213
-0.0064676;-0.073055;0.0069308;0.086846
-0.0093992;-0.072544;0.0083695;0.08661
-0.012349;-0.072089;0.0097778;0.086522
-0.015295;-0.071697;0.011155;0.086588
-0.018216;-0.071373;0.012504;0.086793
-0.021095;-0.07112;0.013826;0.08711
-0.023922;-0.070935;0.015125;0.087497
-0.026687;-0.070817;0.016396;0.087912
-0.029387;-0.070758;0.017633;0.088313
-0.03202;-0.07075;0.018826;0.088661
-0.034584;-0.070787;0.019963;0.08892
-0.037075;-0.070857;0.02103;0.08906
-0.039488;-0.070953;0.022012;0.089056
-0.041817;-0.071065;0.022889;0.088893
-0.044056;-0.071185;0.023639;0.088566
-0.046205;-0.071311;0.024241;0.088082
-0.048267;-0.071442;0.024673;0.087454
-0.05025;-0.071581;0.024917;0.0867
-0.052164;-0.071729;0.024958;0.085842
-0.054019;-0.071891;0.024786;0.084901
-0.055823;-0.072072;0.024391;0.083899
-0.057582;-0.072279;0.023767;0.082858
-0.059299;-0.072519;0.022912;0.081793
-0.06098;-0.072799;0.021827;0.08072
-0.062627;-0.073123;0.020519;0.079648
-0.064247;-0.073498;0.019002;0.078577
-0.065847;-0.073926;0.017294;0.0775
-0.067437;-0.074407;0.015416;0.076406
-0.069026;-0.074937;0.013396;0.075279
-0.070627;-0.075512;0.011265;0.074107
-0.072248;-0.076123;0.0090555;0.072878
-0.073899;-0.076762;0.0067994;0.071581
-0.075585;-0.077421;0.0045284;0.070206
-0.077302;-0.078091;0.0022715;0.068745
-0.079041;-0.078769;5.465e-05;0.067197
-0.080787;-0.079451;-0.0020999;0.06557
-0.082525;-0.080136;-0.0041741;0.063878
-0.084238;-0.080823;-0.0061528;0.06214
-0.085908;-0.081511;-0.008023;0.060376
-0.087514;-0.082204;-0.0097743;0.058606
-0.089034;-0.082906;-0.0114;0.05685
-0.090446;-0.083623;-0.012899;0.055126
-0.09173;-0.084363;-0.014275;0.053447
-0.092868;-0.085133;-0.015533;0.051822
-0.09385;-0.085941;-0.01668;0.050248
-0.094666;-0.086793;-0.017724;0.048715
-0.095308;-0.087692;-0.018671;0.047209
-0.095769;-0.088637;-0.019531;0.045712
-0.096044;-0.089621;-0.020311;0.044209
-0.096128;-0.090634;-0.021017;0.042685
-0.096023;-0.091661;-0.021658;0.041127
-0.095728;-0.092683;-0.022238;0.039526
-0.095249;-0.093681;-0.022761;0.037874
-0.094591;-0.094631;-0.023229;0.03617
-0.093761;-0.095514;-0.02364;0.034415
-0.092771;-0.096311;-0.023992;0.032618
-0.091633;-0.097006;-0.024283;0.030794
-0.090362;-0.097586;-0.024508;0.028958
-0.088971;-0.098041;-0.024665;0.027128
-0.087475;-0.098366;-0.024748;0.025323
-0.085887;-0.098559;-0.024754;0.023563
-0.084227;-0.098622;-0.024684;0.021867
-0.082514;-0.098559;-0.024541;0.020248
-0.080771;-0.09837;-0.024333;0.018712
-0.07902;-0.098056;-0.024065;0.017252
-0.077285;-0.097616;-0.023748;0.015854
-0.075585;-0.097045;-0.02339;0.0145
-0.07394;-0.096341;-0.023;0.01317
-0.072367;-0.095507;-0.02259;0.011844
-0.070882;-0.094547;-0.022174;0.010506
-0.069494;-0.093465;-0.021765;0.0091443
-0.068207;-0.092264;-0.021376;0.0077504
-0.06702;-0.090949;-0.021021;0.0063186
-0.065926;-0.089525;-0.020711;0.0048476
-0.064917;-0.087999;-0.020454;0.0033413
-0.063981;-0.086376;-0.020257;0.0018096
-0.063104;-0.084662;-0.020119;0.00026748
-0.062274;-0.08286;-0.020037;-0.0012673
-0.061477;-0.080973;-0.020001;-0.0027764
-0.0607;-0.079004;-0.019999;-0.0042416
-0.059934;-0.076955;-0.020019;-0.005643
-0.059169;-0.074832;-0.020042;-0.0069594
-0.058398;-0.072635;-0.02005;-0.0081717
-0.057611;-0.070368;-0.020026;-0.0092685
-0.056804;-0.068032;-0.019954;-0.01025
-0.055971;-0.065634;-0.019821;-0.011128
-0.055108;-0.063178;-0.019616;-0.011921
-0.054213;-0.060675;-0.019329;-0.012651
-0.053285;-0.058135;-0.018957;-0.013339
-0.052321;-0.055573;-0.0185;-0.014004
-0.051319;-0.053002;-0.017963;-0.01466
-0.050273;-0.050438;-0.017356;-0.015324
-0.049177;-0.047892;-0.016688;-0.016005
-0.048026;-0.045378;-0.015966;-0.016705
-0.046819;-0.042904;-0.015195;-0.017417
-0.045557;-0.040478;-0.014379;-0.018121
-0.044244;-0.038103;-0.01352;-0.01879
-0.042885;-0.035779;-0.012622;-0.019392
-0.041491;-0.033503;-0.011684;-0.019897
-0.040071;-0.03127;-0.010706;-0.020278
-0.038639;-0.029079;-0.0096895;-0.02051
-0.037208;-0.026925;-0.0086369;-0.020571
-0.035793;-0.024807;-0.0075542;-0.020447
-0.034406;-0.022726;-0.0064492;-0.020134
-0.033053;-0.020688;-0.005331;-0.019645
-0.031738;-0.018699;-0.0042101;-0.019005
-0.030459;-0.016769;-0.0030984;-0.018248
-0.029212;-0.014907;-0.0020097;-0.017406
-0.027994;-0.013122;-0.00095887;-0.016511
-0.0268;-0.01142;3.9284e-05;-0.015593
-0.025627;-0.0098085;0.00097157;-0.01468
-0.024468;-0.0082935;0.0018263;-0.013801
-0.023315;-0.0068812;0.0025926;-0.01298
-0.022161;-0.0055763;0.0032603;-0.012235
-0.021001;-0.0043821;0.0038213;-0.011574
-0.01983;-0.0033001;0.0042708;-0.010989
-0.018644;-0.0023308;0.0046078;-0.010464
-0.017444;-0.0014726;0.0048337;-0.009979
-0.016231;-0.00072203;0.0049523;-0.0095124
-0.015008;-7.383e-05;0.0049693;-0.0090448
-0.013784;0.00047738;0.0048927;-0.0085578
-0.012567;0.0009359;0.0047319;-0.0080343
-0.011366;0.001305;0.0044976;-0.0074629
-0.010192;0.0015887;0.0042004;-0.0068407
-0.0090547;0.0017923;0.0038511;-0.006174
-0.0079644;0.0019217;0.0034613;-0.0054758
-0.0069301;0.0019818;0.0030447;-0.0047624
-0.0059606;0.0019773;0.0026164;-0.0040505
-0.0050628;0.0019135;0.0021932;-0.0033555
-0.0042417;0.0017975;0.0017905;-0.0026918
-0.0035001;0.001638;0.0014208;-0.0020748
-0.0028392;0.001445;0.0010926;-0.0015223
-0.0022575;0.0012295;0.000811;-0.001051
-0.0017515;0.0010038;0.00057836;-0.00067177
-0.0013161;0.0007803;0.00039372;-0.00038702
-0.00094564;0.00057077;0.00025285;-0.00019067
-0.00063583;0.00038483;0.00014986;-7.0035e-05
-0.00038437;0.00022981;7.882e-05;-8.6365e-06
-0.00019157;0.00011142;3.3969e-05;1.1283e-05
-6.1032e-05;3.4047e-05;9.454e-06;7.9571e-06
0;0;0;0
7.6906e-05;-0.00014789;-0.00016717;1.2115e-06
0.00025217;-0.00046747;-0.00055572;-2.6011e-06
0.00052794;-0.00093548;-0.001174;-1.9305e-05
0.00090657;-0.0015258;-0.0020254;-5.5126e-05
0.0013892;-0.0022109;-0.0031084;-0.00011467
0.0019752;-0.002963;-0.0044176;-0.00020145
0.0026625;-0.0037552;-0.0059454;-0.0003181
0.0034481;-0.0045642;-0.0076824;-0.00046685
0.0043284;-0.0053711;-0.0096176;-0.00065002
0.0052989;-0.0061599;-0.011738;-0.00086978
0.0063538;-0.0069159;-0.014028;-0.0011271
0.0074857;-0.007625;-0.016471;-0.001422
0.0086858;-0.0082747;-0.019047;-0.0017559
0.0099453;-0.0088535;-0.021739;-0.0021341
0.011257;-0.0093501;-0.024527;-0.0025659
0.012618;-0.0097539;-0.027388;-0.0030632
0.014024;-0.010054;-0.030303;-0.0036377
0.015473;-0.010242;-0.033256;-0.0042993
0.016964;-0.01031;-0.036231;-0.0050558
0.018494;-0.010254;-0.039215;-0.0059136
0.02006;-0.010073;-0.042195;-0.0068778
0.02166;-0.0097686;-0.045156;-0.0079496
0.023293;-0.0093422;-0.048084;-0.0091231
0.024962;-0.0087948;-0.050966;-0.010384
0.026668;-0.0081268;-0.053794;-0.011713
0.028415;-0.0073391;-0.056558;-0.013085
0.030206;-0.0064338;-0.059254;-0.014476
0.032048;-0.0054132;-0.061874;-0.015864
0.033948;-0.0042787;-0.064411;-0.017233
0.035918;-0.0030303;-0.066858;-0.018565
0.037966;-0.0016672;-0.069206;-0.019847
0.040102;-0.00018953;-0.071448;-0.021065
0.042334;0.0014006;-0.073576;-0.02221
0.044671;0.0030999;-0.075582;-0.023284
0.047119;0.0049046;-0.077457;-0.024292
0.049686;0.0068098;-0.079192;-0.025249
0.052375;0.0088085;-0.080781;-0.026167
0.055184;0.010891;-0.082216;-0.027061
0.058099;0.013046;-0.083493;-0.02794
0.061096;0.015261;-0.084608;-0.028816
0.064145;0.017527;-0.085555;-0.029703
0.067211;0.019833;-0.086331;-0.030612
0.070257;0.022175;-0.086939;-0.03155
0.073247;0.024546;-0.087384;-0.032517
0.076143;0.026939;-0.087671;-0.033506
0.078909;0.02935;-0.087807;-0.034508
0.081516;0.031774;-0.0878;-0.035506
0.083935;0.034212;-0.087654;-0.036485
0.086147;0.036658;-0.087378;-0.037425
0.088136;0.039107;-0.08698;-0.038306
0.08989;0.041551;-0.086469;-0.039105
0.091399;0.043977;-0.085853;-0.039797
0.092654;0.046372;-0.08514;-0.040363
0.093645;0.048722;-0.084334;-0.040793
0.094363;0.051014;-0.083442;-0.041082
0.094802;0.053236;-0.082468;-0.041233
0.094956;0.055378;-0.081411;-0.041246
0.094829;0.057432;-0.080271;-0.041121
0.094426;0.059393;-0.079043;-0.040853
0.093758;0.061258;-0.077724;-0.040441
0.092834;0.063024;-0.076315;-0.039888
0.091664;0.064691;-0.074815;-0.039198
0.090254;0.066257;-0.073234;-0.038376
0.088607;0.067725;-0.071581;-0.037424
0.086729;0.069096;-0.069873;-0.036345
0.084626;0.070375;-0.068127;-0.035141
0.082308;0.071563;-0.066363;-0.03382
0.079792;0.072662;-0.064605;-0.032394
0.077104;0.073674;-0.062875;-0.030876
0.074277;0.074603;-0.061196;-0.029276
0.071353;0.075454;-0.059591;-0.027601
0.06838;0.076229;-0.058078;-0.025858
0.065399;0.076929;-0.056674;-0.024059
0.062441;0.077553;-0.055391;-0.022222
0.059528;0.078099;-0.054238;-0.020375
0.056672;0.078566;-0.053224;-0.018554
0.053882;0.078952;-0.052355;-0.016798
0.051168;0.079249;-0.051638;-0.015148
0.048544;0.079448;-0.05108;-0.013641
0.04602;0.079534;-0.050688;-0.01231
0.043601;0.079497;-0.05047;-0.011183
0.041285;0.079329;-0.050437;-0.010282
0.039062;0.079024;-0.050597;-0.0096194
0.03692;0.078575;-0.050953;-0.0092009
0.034845;0.077973;-0.051502;-0.0090235
0.032825;0.07721;-0.052235;-0.0090782
0.030844;0.076282;-0.053137;-0.0093503
0.028886;0.075188;-0.054187;-0.0098215
0.02693;0.073932;-0.055357;-0.010472
0.024954;0.072522;-0.056614;-0.011279
0.02294;0.070965;-0.057921;-0.01222
0.02087;0.069268;-0.059242;-0.013272
0.018731;0.067438;-0.060539;-0.014416
0.016512;0.065487;-0.06178;-0.015639
0.014202;0.063429;-0.062935;-0.016936
0.011795;0.06128;-0.063979;-0.018307
0.0092862;0.059055;-0.064893;-0.019749
0.006677;0.056768;-0.065665;-0.021257
0.0039728;0.054432;-0.06629;-0.022826
0.0011843;0.052062;-0.066769;-0.024452
-0.0016719;0.049673;-0.067105;-0.026129
-0.0045746;0.047287;-0.067309;-0.027848
-0.0074986;0.044928;-0.067393;-0.029595
-0.010419;0.042623;-0.067373;-0.031342
-0.01331;0.040399;-0.067265;-0.033051
-0.016152;0.038281;-0.067085;-0.034679
-0.018924;0.036292;-0.066845;-0.036177
-0.02161;0.034452;-0.066553;-0.037495
-0.024199;0.032777;-0.066214;-0.038584
-0.026685;0.031279;-0.065831;-0.039398
-0.029072;0.02996;-0.065406;-0.039895
-0.031364;0.028819;-0.064937;-0.040039
-0.033574;0.027851;-0.06442;-0.039806
-0.035714;0.027046;-0.063843;-0.039185
-0.0378;0.026399;-0.063195;-0.038183
-0.039848;0.0259;-0.06246;-0.036815
-0.041877;0.025534;-0.061625;-0.035108
-0.043904;0.025287;-0.060678;-0.03309
-0.045943;0.025143;-0.059612;-0.030791
-0.048002;0.025091;-0.058421;-0.028239
-0.050088;0.025122;-0.057108;-0.025465
-0.052199;0.025228;-0.055682;-0.022498
-0.054332;0.025404;-0.05416;-0.019368
-0.056483;0.025639;-0.052568;-0.016096
-0.058641;0.025925;-0.050931;-0.012699
-0.060797;0.026253;-0.049276;-0.0091927
-0.062936;0.026618;-0.047626;-0.0055945
-0.065045;0.027014;-0.046003;-0.0019278
-0.067108;0.027433;-0.044425;0.0017786
-0.069115;0.027867;-0.042902;0.0054945
-0.071053;0.028311;-0.04144;0.0091926
-0.072909;0.028761;-0.040035;0.01285
-0.074667;0.029221;-0.038681;0.016446
-0.076314;0.029696;-0.037366;0.019964
-0.077837;0.03019;-0.036078;0.023385
-0.07922;0.030704;-0.034799;0.026693
-0.080453;0.031239;-0.033513;0.029871
-0.081523;0.031794;-0.032201;0.032903
-0.082419;0.032369;-0.030851;0.035774
-0.083134;0.032964;-0.029452;0.038465
-0.083663;0.033576;-0.027996;0.040957
-0.084003;0.034198;-0.026484;0.043231
-0.084151;0.034823;-0.024917;0.045272
-0.084109;0.035441;-0.023303;0.047074
-0.08388;0.03604;-0.02165;0.048641
-0.08347;0.036611;-0.01997;0.049982
-0.082887;0.037145;-0.018273;0.051109
-0.082141;0.037636;-0.016572;0.052035
-0.081241;0.038078;-0.014881;0.052772
-0.080195;0.038463;-0.013215;0.053335
-0.079011;0.038786;-0.011588;0.053735
-0.077698;0.039042;-0.010012;0.053983
-0.076266;0.039227;-0.0084924;0.054089
-0.074722;0.039338;-0.0070331;0.054054
-0.073079;0.039372;-0.0056365;0.053876
-0.071347;0.039325;-0.0043054;0.053546
-0.069537;0.039193;-0.003043;0.053055
-0.067661;0.038972;-0.0018517;0.052397
-0.06573;0.038659;-0.00073152;0.051566
-0.063755;0.038251;0.00031997;0.050558
-0.06175;0.037747;0.0013062;0.049374
-0.059727;0.037145;0.002229;0.048017
-0.057701;0.036443;0.0030879;0.046499
-0.05568;0.035636;0.0038805;0.04484
-0.053672;0.034722;0.0046036;0.043068
-0.051683;0.033699;0.0052538;0.041213
-0.049713;0.032572;0.0058275;0.03931
-0.047763;0.031349;0.0063204;0.037392
-0.045829;0.030044;0.0067275;0.03549
-0.043904;0.028673;0.0070444;0.033628
-0.041976;0.027256;0.0072685;0.031822
-0.040031;0.02581;0.0074007;0.030078
-0.038058;0.024352;0.0074443;0.028395
-0.036047;0.022897;0.0074041;0.026766
-0.033991;0.021459;0.0072854;0.025181
-0.031889;0.020052;0.007094;0.023629
-0.029741;0.018687;0.0068356;0.022102
-0.027554;0.017376;0.0065155;0.020596
-0.025339;0.016124;0.0061392;0.019111
-0.023109;0.014934;0.0057149;0.017647
-0.020882;0.013805;0.0052544;0.016202
-0.018673;0.012731;0.0047726;0.014774
-0.016504;0.011704;0.0042844;0.013362
-0.014397;0.010712;0.0038034;0.011972
-0.012377;0.0097451;0.0033407;0.010608
-0.010471;0.0087945;0.0029055;0.0092809
-0.0087019;0.0078548;0.0025048;0.0080011
-0.00709;0.0069254;0.002143;0.0067823
-0.0056492;0.0060103;0.001821;0.0056385
-0.0043876;0.0051183;0.0015366;0.0045826
-0.0033074;0.0042613;0.0012851;0.0036269
-0.0024062;0.0034526;0.0010609;0.0027823
-0.0016773;0.0027053;0.00085929;0.0020566
-0.001109;0.002032;0.000676;0.0014525
-0.00068513;0.0014446;0.00050851;0.00096757
-0.00038605;0.00095186;0.00035672;0.00059483
-0.00019005;0.00055912;0.00022337;0.00032438
-7.4843e-05;0.00026884;0.00011402;0.00014417
-1.8382e-05;8.2272e-05;3.6686e-05;4.0737e-05
0;0;0;0
7.2581e-06;3.6766e-05;-6.4353e-05;-9.6103e-05
1.6236e-05;0.00012867;-0.00020511;-0.00030287
1.9731e-05;0.00028572;-0.00041603;-0.00060137
1.4389e-05;0.00051775;-0.00069286;-0.00096764
8.6799e-07;0.00083521;-0.0010348;-0.0013748
-1.7757e-05;0.0012485;-0.0014445;-0.0017954
-3.8039e-05;0.0017668;-0.0019269;-0.0022039
-5.7083e-05;0.0023963;-0.0024876;-0.0025791
-7.2314e-05;0.0031398;-0.0031313;-0.002907
-8.081e-05;0.0039984;-0.0038628;-0.0031819
-7.8647e-05;0.0049723;-0.0046879;-0.0034052
-6.0682e-05;0.0060624;-0.0056141;-0.0035823
-2.1428e-05;0.0072687;-0.0066472;-0.003721
4.3431e-05;0.0085893;-0.0077892;-0.0038314
0.00013614;0.010019;-0.0090368;-0.0039247
0.00025714;0.011553;-0.010383;-0.0040133
0.00040613;0.013184;-0.011819;-0.004109
0.00058294;0.01491;-0.013334;-0.0042215
0.00078792;0.016725;-0.014917;-0.0043566
0.0010218;0.018627;-0.016553;-0.0045136
0.0012853;0.020611;-0.018225;-0.0046868
0.001579;0.022675;-0.019919;-0.004865
0.001903;0.024817;-0.02162;-0.0050318
0.0022567;0.027033;-0.023317;-0.0051649
0.0026386;0.029317;-0.024999;-0.0052386
0.003047;0.031665;-0.026655;-0.0052238
0.0034815;0.034071;-0.028273;-0.0050881
0.0039419;0.036531;-0.029839;-0.0047974
0.0044272;0.039041;-0.031341;-0.0043196
0.0049325;0.041599;-0.032767;-0.0036274
0.0054472;0.044205;-0.034104;-0.0026986
0.0059545;0.046858;-0.035335;-0.0015154
0.0064331;0.049557;-0.036443;-6.2827e-05
0.0068578;0.052301;-0.037413;0.0016699
0.0071997;0.055087;-0.038229;0.0036877
0.0074272;0.057914;-0.038881;0.0059869
0.007506;0.060778;-0.039361;0.0085571
0.0074009;0.063678;-0.039667;0.011384
0.0070766;0.066609;-0.039799;0.014452
0.0064988;0.069568;-0.039757;0.017748
0.0056357;0.07255;-0.039544;0.021256
0.00446;0.075549;-0.039163;0.024962
0.0029496;0.078559;-0.038624;0.028843
0.0010875;0.081572;-0.037936;0.032873
-0.0011386;0.084581;-0.037113;0.037021
-0.0037377;0.08758;-0.036165;0.041249
-0.0067143;0.09056;-0.035101;0.045521
-0.010067;0.093516;-0.03393;0.049799
-0.013787;0.096441;-0.032657;0.054043
-0.017861;0.099326;-0.031293;0.058202
-0.022274;0.10217;-0.02985;0.062224
-0.027009;0.10495;-0.028338;0.066049
-0.032044;0.10767;-0.026768;0.069625
-0.037351;0.11032;-0.025151;0.072908
-0.042894;0.1129;-0.023497;0.075864
-0.04862;0.11538;-0.021815;0.07847
-0.054458;0.11776;-0.020116;0.080709
-0.060317;0.12003;-0.018407;0.082571
-0.06609;0.12217;-0.016698;0.084055
-0.071663;0.12418;-0.014994;0.08517
-0.076936;0.12603;-0.013305;0.085933
-0.081837;0.12773;-0.01164;0.086365
-0.086329;0.12924;-0.01001;0.086494
-0.090392;0.13056;-0.0084267;0.086347
-0.094003;0.13167;-0.0069003;0.085957
-0.097129;0.13258;-0.005442;0.085358
-0.099738;0.13326;-0.0040637;0.084584
-0.10181;0.1337;-0.0027789;0.08367
-0.10338;0.13391;-0.0016031;0.082648
-0.10446;0.13388;-0.00055294;0.081544
-0.10513;0.13361;0.00035385;0.080378
-0.10544;0.13311;0.001099;0.079169
-0.10542;0.13239;0.001664;0.077934
-0.10515;0.13147;0.0020298;0.076692
-0.10469;0.13034;0.0021767;0.075463
-0.10412;0.12904;0.0020853;0.07427
-0.1035;0.12757;0.001738;0.073137
-0.10293;0.12597;0.0011211;0.072096
-0.10244;0.12424;0.00022533;0.071188
-0.10208;0.12242;-0.00095409;0.070463
-0.10189;0.12052;-0.0024168;0.069975
-0.10191;0.11856;-0.004158;0.069777
-0.10217;0.11656;-0.0061694;0.069922
-0.1027;0.11455;-0.0084391;0.070448
-0.10348;0.11254;-0.010951;0.071382
-0.10453;0.11056;-0.013685;0.072735
-0.10581;0.10861;-0.016614;0.074501
-0.10733;0.1067;-0.019704;0.076659
-0.10906;0.10486;-0.022917;0.079175
-0.11099;0.10308;-0.02621;0.082008
-0.11308;0.10137;-0.029539;0.085107
-0.11532;0.099718;-0.03286;0.088415
-0.11766;0.098132;-0.036126;0.091877
-0.12009;0.0966;-0.039296;0.095433
-0.12257;0.095117;-0.042329;0.099025
-0.1251;0.093672;-0.045192;0.1026
-0.12764;0.092258;-0.047857;0.1061
-0.13019;0.090868;-0.050302;0.1095
-0.13272;0.089494;-0.052514;0.11279
-0.13522;0.08813;-0.054484;0.11596
-0.13771;0.08677;-0.056212;0.11901
-0.14017;0.085408;-0.0577;0.12198
-0.1426;0.084037;-0.058956;0.12487
-0.14499;0.082652;-0.059994;0.12773
-0.14735;0.08125;-0.060831;0.13056
-0.14965;0.079829;-0.06149;0.13338
-0.1519;0.078389;-0.061992;0.13619
-0.15409;0.076932;-0.062362;0.13901
-0.1562;0.07546;-0.062619;0.14182
-0.15822;0.073978;-0.062785;0.14459
-0.16014;0.07249;-0.062879;0.1473
-0.16195;0.071;-0.06292;0.14989
-0.16362;0.069515;-0.062924;0.15231
-0.16514;0.06804;-0.062903;0.1545
-0.16651;0.066584;-0.062864;0.15638
-0.16771;0.065152;-0.062809;0.15791
-0.16874;0.063755;-0.062737;0.15903
-0.16959;0.0624;-0.062639;0.1597
-0.17027;0.061094;-0.062506;0.15991
-0.17078;0.059839;-0.062327;0.15969
-0.17112;0.058636;-0.062092;0.15907
-0.17131;0.057478;-0.061791;0.1581
-0.17136;0.05636;-0.061415;0.15686
-0.17126;0.055272;-0.060958;0.15541
-0.17104;0.054205;-0.060419;0.1538
-0.1707;0.053149;-0.059803;0.15209
-0.17024;0.052099;-0.059125;0.15034
-0.16968;0.051048;-0.058401;0.14858
-0.169;0.049997;-0.057651;0.14684
-0.16822;0.048946;-0.056893;0.14511
-0.16733;0.047899;-0.056151;0.14338
-0.16632;0.046861;-0.055445;0.14166
-0.16519;0.045839;-0.054796;0.13991
-0.16393;0.044839;-0.054216;0.13812
-0.16254;0.043872;-0.053714;0.13627
-0.16102;0.042945;-0.05329;0.13434
-0.15937;0.042066;-0.052941;0.13234
-0.15759;0.04124;-0.052658;0.13024
-0.15567;0.040472;-0.052426;0.12805
-0.15362;0.039763;-0.052229;0.1258
-0.15144;0.039116;-0.052047;0.12348
-0.14912;0.038532;-0.051862;0.12112
-0.14668;0.03801;-0.051656;0.11873
-0.1441;0.037549;-0.051413;0.11633
-0.14139;0.037148;-0.051124;0.11392
-0.13857;0.036804;-0.05078;0.11154
-0.13562;0.036515;-0.050376;0.1092
-0.13255;0.03628;-0.049909;0.10692
-0.12936;0.036102;-0.049376;0.1047
-0.12605;0.035981;-0.048771;0.10254
-0.12263;0.035919;-0.048089;0.10043
-0.1191;0.035914;-0.047327;0.098373
-0.11545;0.03596;-0.04648;0.09634
-0.11171;0.036051;-0.045546;0.094316
-0.10786;0.036176;-0.044525;0.092282
-0.10392;0.036325;-0.043424;0.090214
-0.099883;0.036482;-0.042247;0.088089
-0.095748;0.036633;-0.041005;0.085883
-0.091519;0.03676;-0.039703;0.083579
-0.0872;0.036843;-0.038347;0.081166
-0.082796;0.036863;-0.036944;0.078639
-0.078317;0.0368;-0.035499;0.076003
-0.073779;0.03664;-0.034021;0.073263
-0.0692;0.036372;-0.032518;0.07043
-0.064608;0.035989;-0.030995;0.067518
-0.060034;0.035487;-0.029458;0.064544
-0.055514;0.034864;-0.027916;0.061527
-0.051081;0.03412;-0.026376;0.058485
-0.046772;0.033259;-0.024847;0.055434
-0.04262;0.032287;-0.023337;0.052385
-0.038658;0.031214;-0.021852;0.049349
-0.034914;0.030048;-0.020396;0.046333
-0.03141;0.028801;-0.01897;0.043348
-0.02816;0.027485;-0.017577;0.040408
-0.025174;0.026115;-0.016219;0.037528
-0.022457;0.024703;-0.014895;0.034721
-0.020005;0.023259;-0.013604;0.031991
-0.017808;0.021796;-0.012342;0.029333
-0.01585;0.020322;-0.011105;0.026737
-0.014109;0.018847;-0.0098934;0.024192
-0.01256;0.017378;-0.0087091;0.021699
-0.011177;0.015922;-0.0075567;0.019266
-0.0099352;0.014486;-0.0064434;0.016907
-0.0088119;0.013077;-0.0053801;0.014647
-0.0077862;0.011701;-0.0043807;0.012508
-0.0068413;0.010366;-0.0034597;0.010515
-0.0059653;0.0090777;-0.0026298;0.0086886
-0.0051503;0.007845;-0.0019007;0.0070469
-0.004391;0.0066755;-0.0012787;0.0056008
-0.0036845;0.0055776;-0.00076678;0.0043545
-0.0030294;0.0045603;-0.00036524;0.0033048
-0.0024273;0.0036326;-7.1223e-05;0.0024413
-0.0018819;0.0028027;0.00012193;0.0017479
-0.001399;0.0020768;0.00022542;0.0012049
-0.00098373;0.0014589;0.0002547;0.00079141
-0.00064021;0.00095057;0.00022855;0.00048654
-0.00037045;0.00055222;0.00016823;0.00027023
-0.00017492;0.00026274;9.6089e-05;0.00012484
-5.244e-05;7.9695e-05;3.3587e-05;3.7323e-05
0;0;0;0
7.7664e-05;-8.6061e-05;-3.453e-05;-6.6859e-05
0.0002457;-0.00028499;-0.0001099;-0.00020947
0.00049393;-0.00059879;-0.00022641;-0.00041231
0.00081248;-0.0010254;-0.00038829;-0.00065639
0.0011918;-0.0015597;-0.0006017;-0.00092121
0.0016223;-0.0021935;-0.0008729;-0.0011857
0.0020948;-0.002916;-0.0012075;-0.0014296
0.0026013;-0.0037119;-0.0016098;-0.0016355
0.0031355;-0.0045625;-0.0020834;-0.0017901
0.0036914;-0.0054477;-0.0026311;-0.0018846
0.0042631;-0.0063487;-0.0032556;-0.0019135
0.0048452;-0.0072484;-0.0039593;-0.0018745
0.0054334;-0.0081317;-0.0047447;-0.0017678
0.0060253;-0.008985;-0.0056149;-0.0015976
0.0066202;-0.0097958;-0.0065738;-0.0013712
0.007219;-0.010553;-0.0076245;-0.0010994
0.0078228;-0.01125;-0.0087684;-0.00079431
0.008432;-0.011882;-0.010004;-0.00046951
0.0090455;-0.012453;-0.011329;-0.00013926
0.0096615;-0.012966;-0.012739;0.00018123
0.010279;-0.01343;-0.014233;0.00047691
0.010898;-0.013848;-0.015807;0.00073586
0.01152;-0.014226;-0.017461;0.00095265
0.01215;-0.014568;-0.019189;0.0011297
0.012793;-0.014878;-0.020988;0.0012769
0.013455;-0.015161;-0.022855;0.0014107
0.014146;-0.015416;-0.024786;0.0015533
0.014877;-0.015643;-0.026779;0.0017314
0.015658;-0.015841;-0.028829;0.0019758
0.016503;-0.016005;-0.030932;0.0023216
0.017421;-0.016136;-0.03308;0.0028056
0.018421;-0.016228;-0.03527;0.0034622
0.019514;-0.016276;-0.037498;0.0043195
0.020707;-0.016273;-0.039763;0.0053979
0.022007;-0.016211;-0.042058;0.0067114
0.023423;-0.016085;-0.044376;0.0082697
0.024958;-0.015888;-0.046706;0.010079
0.026617;-0.015616;-0.04904;0.012141
0.028404;-0.015265;-0.051369;0.014452
0.030318;-0.014834;-0.053685;0.017
0.032357;-0.014324;-0.055976;0.019765
0.03452;-0.013736;-0.058228;0.022726
0.036804;-0.013075;-0.060425;0.025864
0.039207;-0.012344;-0.062547;0.029168
0.041732;-0.011551;-0.064575;0.032625
0.044375;-0.010707;-0.066491;0.036228
0.047132;-0.0098217;-0.06828;0.039966
0.049995;-0.008906;-0.069927;0.043825
0.052951;-0.0079701;-0.071423;0.047786
0.055984;-0.0070252;-0.072759;0.051825
0.059078;-0.0060823;-0.073931;0.055913
0.062212;-0.0051507;-0.074939;0.06002
0.065366;-0.0042346;-0.07578;0.064114
0.068516;-0.0033332;-0.076456;0.068164
0.071638;-0.0024434;-0.076967;0.072135
0.074709;-0.0015624;-0.07732;0.075992
0.077703;-0.00068895;-0.077521;0.079695
0.080593;0.00017798;-0.077572;0.083205
0.083352;0.0010404;-0.07747;0.086478
0.085953;0.0019024;-0.07721;0.08948
0.088371;0.0027689;-0.076784;0.092184
0.090583;0.0036444;-0.076184;0.094575
0.09257;0.0045312;-0.075406;0.09665
0.094314;0.0054298;-0.074447;0.098412
0.095798;0.0063393;-0.073306;0.09987
0.097007;0.0072587;-0.07199;0.10104
0.097925;0.0081877;-0.070504;0.10192
0.098538;0.0091261;-0.06885;0.10255
0.098837;0.010072;-0.067026;0.10292
0.098813;0.011023;-0.065024;0.10305
0.098467;0.011976;-0.062829;0.10297
0.097802;0.012933;-0.060427;0.10268
0.096826;0.013895;-0.057809;0.10221
0.09555;0.014865;-0.054967;0.10156
0.093987;0.015844;-0.051904;0.10073
0.092155;0.016834;-0.048628;0.099731
0.090071;0.017838;-0.045157;0.098559
0.087749;0.018859;-0.041525;0.097222
0.0852;0.019898;-0.037776;0.095732
0.082433;0.020955;-0.033965;0.094105
0.079459;0.022028;-0.030153;0.09236
0.076288;0.023115;-0.026403;0.090519
0.072937;0.024214;-0.022779;0.088604
0.069429;0.02532;-0.019344;0.086642
0.065795;0.026432;-0.016161;0.084667
0.062072;0.027546;-0.013286;0.082717
0.058302;0.028656;-0.010772;0.080835
0.054523;0.029759;-0.0086648;0.079069
0.050767;0.030851;-0.0070064;0.077471
0.047058;0.031925;-0.0058305;0.076096
0.043409;0.032976;-0.0051621;0.075004
0.039831;0.033993;-0.0050186;0.07425
0.036333;0.034967;-0.0054103;0.073882
0.032926;0.035888;-0.0063419;0.073932
0.029625;0.036752;-0.0078127;0.074422
0.026447;0.037553;-0.0098161;0.075357
0.023406;0.038289;-0.01234;0.076734
0.020509;0.038961;-0.015368;0.078536
0.017757;0.03957;-0.018873;0.080735
0.015146;0.040118;-0.022827;0.083298
0.012674;0.040606;-0.027194;0.086182
0.010345;0.041036;-0.031939;0.089345
0.0081609;0.041409;-0.037025;0.092748
0.0061201;0.041729;-0.042412;0.096357
0.0042146;0.041998;-0.048059;0.10014
0.0024326;0.042224;-0.053922;0.10406
0.00076173;0.042412;-0.059953;0.10809
-0.00080873;0.042569;-0.066099;0.11218
-0.0022883;0.042702;-0.072309;0.11628
-0.0036879;0.042816;-0.078536;0.12037
-0.0050208;0.042914;-0.084736;0.12438
-0.0063028;0.042998;-0.09087;0.1283
-0.0075496;0.043068;-0.096903;0.13207
-0.0087745;0.043123;-0.1028;0.13567
-0.009987;0.043162;-0.10854;0.13906
-0.011193;0.043183;-0.11409;0.14222
-0.012393;0.043181;-0.11943;0.14512
-0.013588;0.043153;-0.12452;0.14774
-0.014774;0.043095;-0.12934;0.15007
-0.015941;0.043001;-0.13386;0.15209
-0.017077;0.042872;-0.13803;0.15379
-0.018166;0.042708;-0.14185;0.15517
-0.019194;0.042508;-0.14527;0.15624
-0.020143;0.042269;-0.14827;0.15702
-0.021;0.041989;-0.15084;0.15753
-0.02175;0.041663;-0.15297;0.15778
-0.022383;0.041288;-0.15465;0.15781
-0.022889;0.040863;-0.15591;0.15765
-0.023263;0.040385;-0.15675;0.15731
-0.023501;0.039851;-0.15721;0.15682
-0.023605;0.039262;-0.15731;0.15619
-0.023578;0.03862;-0.15708;0.15545
-0.023424;0.037931;-0.15657;0.15459
-0.02315;0.037203;-0.1558;0.15363
-0.022766;0.036445;-0.15481;0.15255
-0.022286;0.035667;-0.15362;0.15134
-0.021721;0.034876;-0.15225;0.15
-0.021084;0.034081;-0.15071;0.14853
-0.020384;0.033286;-0.14899;0.14692
-0.019627;0.032499;-0.14711;0.14517
-0.018821;0.031723;-0.14504;0.14328
-0.017973;0.030962;-0.14278;0.14125
-0.017088;0.030217;-0.14032;0.13909
-0.016175;0.029491;-0.13764;0.13682
-0.015239;0.028782;-0.13474;0.13443
-0.014287;0.028089;-0.13162;0.13194
-0.013325;0.027409;-0.12828;0.12937
-0.012363;0.026736;-0.12474;0.12671
-0.011412;0.026065;-0.121;0.12398
-0.010479;0.025386;-0.11709;0.12118
-0.0095699;0.024691;-0.11302;0.11831
-0.0086904;0.023969;-0.10882;0.11539
-0.0078475;0.02321;-0.10452;0.11241
-0.0070501;0.022408;-0.10013;0.10936
-0.0063072;0.021561;-0.095668;0.10625
-0.005626;0.020673;-0.091163;0.10308
-0.0050119;0.01975;-0.086637;0.099838
-0.004468;0.018801;-0.082112;0.096547
-0.0039969;0.017839;-0.07761;0.093211
-0.0036012;0.016875;-0.073151;0.089838
-0.0032832;0.015924;-0.068755;0.086432
-0.0030437;0.014999;-0.06444;0.082995
-0.0028822;0.014109;-0.060223;0.079532
-0.002797;0.013261;-0.056121;0.076048
-0.002783;0.012456;-0.052146;0.072553
-0.0028314;0.011696;-0.048313;0.069061
-0.0029301;0.010977;-0.044633;0.065585
-0.0030659;0.010296;-0.041118;0.062141
-0.0032263;0.0096467;-0.037777;0.058743
-0.0034007;0.009024;-0.034615;0.055408
-0.0035807;0.0084248;-0.031636;0.052152
-0.0037596;0.0078477;-0.028842;0.048992
-0.0039319;0.0072926;-0.026233;0.04594
-0.0040926;0.0067608;-0.023811;0.043
-0.0042379;0.006254;-0.021575;0.040175
-0.0043654;0.0057726;-0.019526;0.037458
-0.0044749;0.0053154;-0.017662;0.034839
-0.0045661;0.0048807;-0.015978;0.032308
-0.0046369;0.0044684;-0.014466;0.029853
-0.0046823;0.0040792;-0.013111;0.027462
-0.0046949;0.003713;-0.0119;0.025126
-0.0046674;0.0033685;-0.010813;0.022837
-0.0045941;0.0030434;-0.0098331;0.020592
-0.0044733;0.0027363;-0.008943;0.018392
-0.0043054;0.0024467;-0.0081258;0.016245
-0.0040914;0.0021746;-0.0073653;0.014163
-0.0038318;0.0019206;-0.0066456;0.012165
-0.0035281;0.0016849;-0.0059523;0.010269
-0.0031855;0.0014666;-0.005275;0.0084975
-0.0028138;0.0012632;-0.0046086;0.0068716
-0.0024257;0.0010712;-0.0039527;0.0054125
-0.0020348;0.00088736;-0.003311;0.004137
-0.0016527;0.00071062;-0.0026899;0.0030534
-0.0012885;0.00054313;-0.002099;0.0021596
-0.0009506;0.0003901;-0.0015504;0.0014449
-0.00064868;0.00025774;-0.0010595;0.00089453
-0.00039332;0.00015106;-0.00064343;0.00049191
-0.00019465;7.2524e-05;-0.0003188;0.00022036
-6.1203e-05;2.232e-05;-0.00010017;6.2649e-05
0;0;0;0
4.0781e-05;2.6074e-05;-7.0793e-05;-0.00021895
0.00013987;8.0659e-05;-0.00023766;-0.0006697
0.00030524;0.00015699;-0.00050681;-0.0012897
0.00054392;0.00024797;-0.00088365;-0.0020117
0.00086165;0.00034709;-0.0013743;-0.0027659
0.001263;0.00044954;-0.0019858;-0.0034842
0.0017513;0.00055358;-0.002724;-0.004104
0.0023286;0.00066102;-0.0035934;-0.0045697
0.0029949;0.00077611;-0.0045975;-0.0048332
0.0037472;0.00090368;-0.0057404;-0.0048545
0.0045788;0.0010483;-0.0070264;-0.0046017
0.0054794;0.0012152;-0.0084583;-0.0040509
0.0064355;0.0014112;-0.010037;-0.0031867
0.0074297;0.0016456;-0.011762;-0.0020018
0.0084388;0.0019283;-0.013631;-0.00049607
0.009433;0.0022669;-0.015643;0.0013268
0.010376;0.0026655;-0.017798;0.0034615
0.011226;0.0031252;-0.020094;0.0059031
0.011936;0.0036453;-0.022527;0.0086473
0.012454;0.0042244;-0.025088;0.011691
0.012727;0.0048599;-0.027767;0.015032
0.012703;0.005548;-0.03055;0.018664
0.01233;0.0062839;-0.033425;0.02258
0.01156;0.007061;-0.036377;0.026765
0.010353;0.0078718;-0.039391;0.031202
0.0086763;0.0087071;-0.042448;0.035866
0.0065083;0.0095564;-0.045529;0.040726
0.0038356;0.010407;-0.04862;0.04574
0.00065194;0.011245;-0.051711;0.050856
-0.0030443;0.012056;-0.054795;0.056012
-0.0072518;0.012825;-0.057868;0.061142
-0.011967;0.013541;-0.060927;0.06618
-0.017181;0.014191;-0.06397;0.071067
-0.022883;0.014772;-0.066993;0.075754
-0.02906;0.015281;-0.069992;0.080198
-0.035697;0.015723;-0.072965;0.084367
-0.042773;0.016111;-0.075907;0.088244
-0.050259;0.016455;-0.078815;0.091824
-0.058113;0.016768;-0.081686;0.095106
-0.066276;0.017058;-0.084518;0.098096
-0.074667;0.017333;-0.087311;0.1008
-0.083183;0.017597;-0.090065;0.10321
-0.091698;0.017855;-0.092781;0.10535
-0.10008;0.018107;-0.095457;0.10721
-0.10822;0.018349;-0.098095;0.10881
-0.11604;0.018574;-0.1007;0.11014
-0.12348;0.018772;-0.10326;0.11122
-0.13052;0.018935;-0.1058;0.11204
-0.13714;0.019058;-0.10831;0.1126
-0.14331;0.019141;-0.11079;0.11292
-0.14899;0.019183;-0.11325;0.11298
-0.15418;0.019187;-0.11569;0.1128
-0.15891;0.019154;-0.11811;0.11237
-0.16325;0.019086;-0.12052;0.11171
-0.16725;0.018989;-0.12289;0.1108
-0.17099;0.018871;-0.12523;0.10966
-0.17452;0.018739;-0.12753;0.1083
-0.17791;0.018604;-0.12979;0.10672
-0.18124;0.018478;-0.132;0.10497
-0.18458;0.018372;-0.13418;0.10305
-0.188;0.018298;-0.13631;0.10101
-0.19154;0.018268;-0.1384;0.098858
-0.19522;0.018296;-0.14043;0.096627
-0.19903;0.018394;-0.14243;0.094333
-0.20297;0.018572;-0.14437;0.091994
-0.20702;0.018838;-0.14627;0.089621
-0.21116;0.019197;-0.14813;0.087216
-0.21537;0.019652;-0.14994;0.084775
-0.2196;0.020209;-0.15171;0.082286
-0.22379;0.020875;-0.15344;0.079736
-0.2279;0.021658;-0.15514;0.077112
-0.23186;0.022569;-0.15682;0.074399
-0.23565;0.023616;-0.15847;0.071586
-0.2392;0.024805;-0.1601;0.068663
-0.2425;0.026141;-0.16171;0.065622
-0.24549;0.027628;-0.16329;0.062461
-0.24815;0.029265;-0.16485;0.059188
-0.25045;0.031049;-0.16638;0.05582
-0.25241;0.032975;-0.16789;0.052381
-0.254;0.035035;-0.16939;0.048898
-0.25525;0.037217;-0.17088;0.0454
-0.25617;0.039512;-0.17236;0.041913
-0.25678;0.041907;-0.17385;0.038463
-0.25712;0.044391;-0.17535;0.035074
-0.25723;0.04695;-0.17689;0.031769
-0.25715;0.049569;-0.17847;0.028565
-0.25689;0.052229;-0.1801;0.025474
-0.2565;0.054911;-0.1818;0.022503
-0.256;0.057597;-0.18356;0.019655
-0.2554;0.060268;-0.18539;0.016927
-0.25475;0.06291;-0.18728;0.014317
-0.25403;0.06551;-0.18922;0.01182
-0.25327;0.068056;-0.19119;0.0094269
-0.25246;0.070539;-0.19316;0.007129
-0.25159;0.07295;-0.19511;0.0049174
-0.25066;0.075281;-0.19699;0.0027865
-0.24964;0.077527;-0.19879;0.00073644
-0.24853;0.079688;-0.20046;-0.001228
-0.24729;0.081763;-0.20198;-0.0030995
-0.24591;0.083754;-0.2033;-0.0048709
-0.24438;0.085658;-0.20441;-0.0065378
-0.2427;0.087476;-0.20528;-0.0081003
-0.24086;0.08921;-0.20588;-0.0095622
-0.23887;0.090864;-0.20622;-0.010929
-0.23674;0.092441;-0.20626;-0.012206
-0.23446;0.093943;-0.20601;-0.0134
-0.23207;0.095371;-0.20547;-0.014518
-0.22956;0.096727;-0.20464;-0.015573
-0.22697;0.098013;-0.20353;-0.016578
-0.2243;0.09923;-0.20215;-0.017546
-0.22157;0.10038;-0.20053;-0.018491
-0.21881;0.10147;-0.19868;-0.019427
-0.21601;0.10249;-0.19664;-0.020366
-0.21319;0.10344;-0.19443;-0.021319
-0.21035;0.10433;-0.19208;-0.022292
-0.20749;0.10516;-0.1896;-0.023282
-0.2046;0.10592;-0.18702;-0.02428
-0.20169;0.10661;-0.18435;-0.025269
-0.19875;0.10723;-0.18162;-0.026227
-0.19578;0.10777;-0.17883;-0.02713
-0.19277;0.10822;-0.17599;-0.027953
-0.18972;0.10857;-0.1731;-0.028676
-0.18662;0.10881;-0.17018;-0.02928
-0.18348;0.10893;-0.16723;-0.029754
-0.18027;0.10892;-0.16426;-0.030088
-0.17701;0.10876;-0.16128;-0.03028
-0.1737;0.10847;-0.15828;-0.030335
-0.17033;0.10802;-0.15528;-0.030263
-0.16691;0.10743;-0.15229;-0.03008
-0.16344;0.10668;-0.14933;-0.029805
-0.15994;0.10577;-0.14642;-0.029457
-0.1564;0.10472;-0.14356;-0.029053
-0.15282;0.10352;-0.14078;-0.028609
-0.14921;0.10218;-0.13809;-0.028143
-0.14555;0.10072;-0.1355;-0.027671
-0.14184;0.099153;-0.13301;-0.027206
-0.13808;0.097476;-0.13063;-0.026756
-0.13427;0.095706;-0.12834;-0.026326
-0.13039;0.09385;-0.12615;-0.025915
-0.12646;0.091918;-0.12404;-0.025525
-0.12247;0.08992;-0.122;-0.025149
-0.11843;0.087866;-0.12001;-0.024783
-0.11434;0.085765;-0.11805;-0.024416
-0.1102;0.083624;-0.11611;-0.024038
-0.10602;0.081451;-0.11417;-0.023637
-0.10181;0.07925;-0.11221;-0.023203
-0.097578;0.077027;-0.11021;-0.022732
-0.093334;0.074782;-0.10814;-0.022229
-0.08909;0.072517;-0.106;-0.021701
-0.084859;0.070229;-0.10377;-0.021162
-0.080652;0.067912;-0.10144;-0.020626
-0.076482;0.065562;-0.099005;-0.020103
-0.072361;0.063177;-0.096466;-0.019603
-0.068299;0.060754;-0.093821;-0.019136
-0.064308;0.058299;-0.091073;-0.018709
-0.060399;0.055819;-0.088229;-0.018328
-0.056585;0.053325;-0.085301;-0.017994
-0.052881;0.050832;-0.0823;-0.017704
-0.049306;0.048355;-0.079237;-0.017451
-0.045877;0.045908;-0.076122;-0.017223
-0.042613;0.043505;-0.072961;-0.017007
-0.039531;0.041156;-0.069762;-0.016792
-0.036645;0.03887;-0.066532;-0.016566
-0.033966;0.036653;-0.063278;-0.016316
-0.031503;0.034512;-0.060009;-0.016034
-0.029256;0.032448;-0.05673;-0.015715
-0.027218;0.030459;-0.05345;-0.015363
-0.02538;0.028537;-0.050176;-0.014983
-0.023726;0.026675;-0.04692;-0.014581
-0.022239;0.024863;-0.043696;-0.014164
-0.0209;0.023097;-0.040524;-0.013737
-0.019689;0.021377;-0.037423;-0.013302
-0.018584;0.019703;-0.034413;-0.012861
-0.017562;0.018079;-0.031515;-0.012419
-0.016599;0.01651;-0.028745;-0.011977
-0.015677;0.015003;-0.026116;-0.011538
-0.014777;0.01356;-0.023642;-0.011103
-0.013887;0.012184;-0.021331;-0.01067
-0.012996;0.010878;-0.019186;-0.010236
-0.012095;0.0096442;-0.017207;-0.0097958
-0.011183;0.0084847;-0.015385;-0.0093433
-0.010262;0.007403;-0.013709;-0.0088741
-0.0093361;0.0064032;-0.012166;-0.0083839
-0.0084128;0.0054896;-0.010749;-0.0078691
-0.0074997;0.0046652;-0.0094487;-0.0073265
-0.006605;0.0039316;-0.008258;-0.0067548
-0.0057373;0.0032877;-0.0071674;-0.0061555
-0.0049055;0.0027295;-0.006166;-0.0055331
-0.0041195;0.0022501;-0.0052433;-0.0048952
-0.0033895;0.0018412;-0.0043917;-0.0042509
-0.0027247;0.0014932;-0.0036082;-0.0036092
-0.0021321;0.0011957;-0.0028936;-0.0029795
-0.0016159;0.00093845;-0.0022502;-0.0023738
-0.0011771;0.00071311;-0.0016803;-0.0018073
-0.00081394;0.00051551;-0.0011872;-0.0012972
-0.00052309;0.00034557;-0.00077551;-0.00085966
-0.00030036;0.00020584;-0.00044987;-0.00050657
-0.00014144;9.9772e-05;-0.00021285;-0.00024425
-4.2472e-05;3.0566e-05;-6.3968e-05;-7.5074e-05
0;0;0;0
6.4577e-05;6.3511e-05;-8.2012e-06;-5.9995e-05
0.00021172;0.00021113;2.1255e-05;-0.00019894
0.00044106;0.00044663;0.00015061;-0.00042472
0.00075149;0.00077309;0.00044283;-0.00074804
0.0011419;0.0011926;0.00095472;-0.0011782
0.0016114;0.0017052;0.001728;-0.0017207
0.0021584;0.0023088;0.0027853;-0.0023774
0.0027802;0.0029992;0.0041338;-0.0031482
0.0034719;0.0037709;0.0057715;-0.0040316
0.0042265;0.0046175;0.0076916;-0.0050232
0.0050358;0.0055321;0.0098803;-0.0061145
0.0058923;0.0065082;0.012313;-0.0072928
0.0067898;0.0075395;0.014956;-0.0085425
0.0077238;0.0086195;0.017769;-0.0098457
0.0086905;0.0097413;0.020714;-0.011184
0.0096855;0.010898;0.023759;-0.012539
0.010705;0.012083;0.026878;-0.013897
0.011744;0.01329;0.030046;-0.015242
0.012801;0.014513;0.033243;-0.016563
0.013868;0.015746;0.036453;-0.017851
0.014938;0.016981;0.039668;-0.019099
0.015999;0.018212;0.042889;-0.02031
0.017036;0.019429;0.046119;-0.021491
0.018034;0.020627;0.049365;-0.022658
0.018974;0.021796;0.052636;-0.023828
0.019837;0.022932;0.055944;-0.025016
0.020604;0.024027;0.059299;-0.026234
0.021256;0.025078;0.062711;-0.027484
0.021775;0.026084;0.066185;-0.028764
0.022145;0.027045;0.069719;-0.030067
0.022353;0.027964;0.073303;-0.031378
0.02239;0.028845;0.076924;-0.032675
0.022254;0.029687;0.080566;-0.033929
0.021946;0.030491;0.084218;-0.035101
0.021475;0.031252;0.087871;-0.036152
0.020858;0.031962;0.091514;-0.037043
0.020116;0.032611;0.095136;-0.03774
0.019274;0.033187;0.098727;-0.038214
0.018357;0.033677;0.10228;-0.038443
0.01739;0.034071;0.10579;-0.038407
0.016396;0.034359;0.10925;-0.038094
0.015391;0.034538;0.11267;-0.0375
0.014388;0.034608;0.11604;-0.036629
0.013399;0.034574;0.11935;-0.035492
0.01243;0.03444;0.12261;-0.034109
0.011484;0.034211;0.12581;-0.032509
0.010564;0.033892;0.12894;-0.030722
0.0096686;0.03349;0.13201;-0.028786
0.0087978;0.033016;0.135;-0.026737
0.0079502;0.032485;0.13791;-0.024612
0.007124;0.031911;0.14074;-0.02245
0.0063168;0.031309;0.14348;-0.020283
0.0055256;0.030694;0.14614;-0.018145
0.004748;0.030076;0.14871;-0.016063
0.0039836;0.02947;0.1512;-0.01406
0.003235;0.028886;0.15361;-0.012153
0.0025068;0.028336;0.15594;-0.010355
0.0018048;0.027831;0.15819;-0.0086704
0.0011336;0.02738;0.16037;-0.0071028
0.00049512;0.026994;0.16246;-0.0056552
-0.00011192;0.026686;0.16447;-0.0043352
-0.00069142;0.026468;0.16641;-0.0031572
-0.0012482;0.026353;0.16825;-0.0021435
-0.0017862;0.026352;0.17;-0.0013232
-0.0023066;0.026469;0.17165;-0.00072751
-0.0028084;0.026708;0.17319;-0.00038475
-0.0032897;0.027069;0.17462;-0.00031655
-0.0037486;0.027551;0.17593;-0.00053913
-0.0041835;0.028159;0.17711;-0.0010651
-0.0045927;0.028893;0.17816;-0.0019033
-0.0049742;0.029752;0.17907;-0.0030576
-0.005325;0.030729;0.17984;-0.0045245
-0.0056402;0.031812;0.18046;-0.0062909
-0.0059136;0.032986;0.18094;-0.0083352
-0.0061372;0.034241;0.18129;-0.01063
-0.0063032;0.035563;0.18151;-0.013146
-0.0064056;0.036943;0.18161;-0.015854
-0.0064425;0.038365;0.18159;-0.018723
-0.0064178;0.039813;0.18147;-0.021722
-0.0063398;0.041267;0.18123;-0.024821
-0.0062197;0.042709;0.18089;-0.02799
-0.0060685;0.044128;0.18045;-0.0312
-0.005896;0.045515;0.1799;-0.034431
-0.0057116;0.046867;0.17925;-0.037667
-0.0055255;0.048182;0.17851;-0.040896
-0.0053482;0.049462;0.17769;-0.04411
-0.0051905;0.050708;0.17681;-0.047301
-0.0050621;0.051926;0.17588;-0.050461
-0.0049707;0.053117;0.17495;-0.053578
-0.0049222;0.054289;0.17404;-0.056637
-0.0049205;0.055447;0.17318;-0.059614
-0.0049687;0.056603;0.17241;-0.062472
-0.005069;0.057767;0.17175;-0.065164
-0.0052217;0.058949;0.17122;-0.06763
-0.005425;0.060156;0.17084;-0.069805
-0.0056753;0.061391;0.17061;-0.07162
-0.0059676;0.06265;0.17053;-0.073015
-0.0062984;0.063932;0.17061;-0.073931
-0.0066665;0.065234;0.17082;-0.074316
-0.0070741;0.066551;0.17116;-0.07413
-0.0075253;0.067878;0.1716;-0.073342
-0.0080236;0.069207;0.17213;-0.071942
-0.0085703;0.070529;0.17271;-0.069943
-0.009165;0.071832;0.17333;-0.067376
-0.0098074;0.073108;0.17396;-0.064285
-0.010499;0.074351;0.17457;-0.060725
-0.011243;0.075557;0.17515;-0.056757
-0.012041;0.076727;0.17567;-0.052447
-0.012894;0.077858;0.17612;-0.04787
-0.013801;0.078951;0.1765;-0.043099
-0.014757;0.080003;0.17678;-0.03821
-0.015757;0.081015;0.17698;-0.033279
-0.016794;0.081988;0.17709;-0.028382
-0.017862;0.082924;0.17713;-0.023588
-0.018954;0.083828;0.1771;-0.018953
-0.020061;0.084699;0.177;-0.014514
-0.021174;0.085538;0.17683;-0.010295
-0.022286;0.086342;0.17662;-0.0063065
-0.023391;0.087105;0.17634;-0.002553
-0.024483;0.087817;0.17601;0.00096626
-0.025552;0.088471;0.17562;0.0042536
-0.02659;0.089059;0.17515;0.007311
-0.027584;0.089572;0.1746;0.010138
-0.028525;0.090001;0.17394;0.012729
-0.029407;0.090337;0.17316;0.01508
-0.030222;0.09057;0.17223;0.017185
-0.030969;0.090691;0.17114;0.019043
-0.031648;0.090696;0.16985;0.020657
-0.032262;0.090585;0.16837;0.02203
-0.032815;0.090363;0.16666;0.023169
-0.033311;0.090034;0.16472;0.024081
-0.033754;0.089601;0.16254;0.024777
-0.03415;0.089068;0.16011;0.02527
-0.034505;0.08844;0.15745;0.025573
-0.034827;0.087724;0.15455;0.025705
-0.035124;0.086929;0.15144;0.025682
-0.035406;0.086062;0.14814;0.025526
-0.035681;0.085129;0.14467;0.025253
-0.035956;0.084131;0.14107;0.024885
-0.036237;0.08307;0.13736;0.024441
-0.036524;0.081945;0.13358;0.023944
-0.036817;0.080755;0.12975;0.02341
-0.037114;0.079501;0.12589;0.022851
-0.037413;0.078185;0.12203;0.022275
-0.03771;0.076806;0.11816;0.021688
-0.038;0.075368;0.1143;0.021094
-0.038279;0.073872;0.11046;0.0205
-0.038539;0.072323;0.10662;0.019912
-0.038771;0.070727;0.10279;0.019338
-0.038968;0.069091;0.098965;0.01878
-0.039123;0.06742;0.09514;0.01824
-0.039227;0.06572;0.091313;0.017723
-0.039275;0.063995;0.087485;0.017235
-0.03926;0.062246;0.083656;0.016784
-0.039176;0.060478;0.079834;0.016383
-0.039021;0.058691;0.076025;0.016042
-0.038791;0.056889;0.072241;0.015768
-0.038488;0.055075;0.068494;0.015567
-0.038112;0.05325;0.064794;0.015441
-0.037665;0.051415;0.061152;0.015388
-0.03715;0.049569;0.057576;0.015405
-0.036572;0.047714;0.054074;0.015484
-0.035938;0.045854;0.05065;0.015615
-0.035254;0.043993;0.047315;0.015786
-0.034525;0.042135;0.044079;0.015983
-0.033758;0.040281;0.040952;0.016192
-0.032957;0.038433;0.03794;0.016398
-0.032129;0.036593;0.035051;0.016587
-0.031275;0.034763;0.032291;0.016742
-0.030394;0.032948;0.029664;0.016849
-0.029481;0.031151;0.027174;0.016895
-0.028531;0.029379;0.024822;0.016871
-0.027538;0.027638;0.022606;0.016777
-0.026495;0.025934;0.020526;0.016615
-0.025398;0.024268;0.018581;0.016388
-0.024243;0.022642;0.016771;0.016101
-0.023031;0.021055;0.015094;0.015755
-0.021763;0.019505;0.013547;0.01535
-0.020446;0.017987;0.012125;0.014886
-0.019093;0.016498;0.010823;0.014365
-0.017717;0.015034;0.0096375;0.01379
-0.01633;0.013597;0.0085607;0.013162
-0.014945;0.012193;0.0075848;0.012483
-0.013574;0.01083;0.0066998;0.011757
-0.012228;0.0095179;0.0058956;0.010987
-0.010919;0.0082681;0.0051632;0.01018
-0.0096559;0.0070899;0.0044954;0.009342
-0.0084468;0.0059931;0.0038858;0.0084791
-0.0072979;0.0049863;0.0033287;0.0075962
-0.0062141;0.0040762;0.0028184;0.0066973
-0.0051991;0.003266;0.0023495;0.0057878
-0.004256;0.0025556;0.0019178;0.0048775
-0.0033889;0.0019421;0.0015215;0.0039811
-0.0026023;0.0014209;0.0011617;0.0031176
-0.0019017;0.00098751;0.00084147;0.0023099
-0.0012935;0.0006376;0.00056514;0.0015833
-0.00078636;0.00036759;0.00033785;0.00096435
-0.00039187;0.0001738;0.00016505;0.0004789
-0.00012427;5.2437e-05;5.1263e-05;0.00015065
0;0;0;0
3.1378e-05;-4.585e-05;-0.00022112;9.4058e-05
9.9515e-05;-0.00014765;-0.00072242;0.00031774
0.00019924;-0.00030415;-0.0014986;0.00068849
0.00032385;-0.00051294;-0.0025386;0.0012269
0.00046479;-0.0007683;-0.0038261;0.0019543
0.00061087;-0.0010626;-0.0053398;0.002889
0.00074843;-0.0013895;-0.0070542;0.0040438
0.00086306;-0.001745;-0.0089409;0.0054235
0.00094135;-0.0021273;-0.01097;0.007025
0.00097224;-0.0025344;-0.013114;0.0088376
0.00094789;-0.0029632;-0.015345;0.010845
0.0008638;-0.0034101;-0.017638;0.013026
0.00071848;-0.0038712;-0.019972;0.015361
0.00051256;-0.0043446;-0.022326;0.017829
0.00024811;-0.00483;-0.024686;0.020406
-7.1804e-05;-0.0053267;-0.027039;0.023061
-0.00044343;-0.0058306;-0.029378;0.025757
-0.00086228;-0.006334;-0.031696;0.02845
-0.001323;-0.006827;-0.033993;0.031095
-0.001819;-0.0073004;-0.036267;0.033645
-0.0023425;-0.0077476;-0.038513;0.036059
-0.0028834;-0.0081631;-0.040724;0.038301
-0.0034304;-0.0085403;-0.042892;0.040339
-0.0039721;-0.0088717;-0.045005;0.042145
-0.0044972;-0.0091501;-0.047052;0.043701
-0.0049949;-0.0093699;-0.04902;0.045002
-0.0054557;-0.0095273;-0.050895;0.046053
-0.0058719;-0.0096196;-0.052666;0.046873
-0.0062365;-0.0096448;-0.054318;0.047485
-0.0065425;-0.0096028;-0.055839;0.047915
-0.0067822;-0.0094964;-0.057219;0.048186
-0.0069477;-0.0093319;-0.058447;0.048319
-0.0070313;-0.009118;-0.059518;0.048331
-0.0070256;-0.0088632;-0.060427;0.048234
-0.0069236;-0.0085747;-0.061173;0.048037
-0.0067184;-0.008259;-0.061759;0.047744
-0.0064033;-0.0079225;-0.062192;0.047357
-0.0059724;-0.0075705;-0.062479;0.046874
-0.0054213;-0.0072067;-0.062632;0.046292
-0.0047474;-0.0068338;-0.062663;0.045615
-0.003951;-0.0064557;-0.062585;0.044846
-0.0030361;-0.0060772;-0.062411;0.043997
-0.0020096;-0.0057023;-0.062151;0.043081
-0.00088022;-0.0053326;-0.061815;0.042119
0.00034368;-0.0049661;-0.06141;0.041136
0.0016551;-0.0045981;-0.060944;0.040163
0.0030484;-0.0042222;-0.060424;0.039236
0.0045192;-0.0038316;-0.059854;0.038385
0.0060645;-0.0034191;-0.059238;0.037639
0.0076832;-0.0029776;-0.058579;0.037019
0.0093742;-0.0024998;-0.057878;0.036539
0.011138;-0.0019783;-0.05714;0.036208
0.012974;-0.001405;-0.056369;0.03603
0.014883;-0.00077317;-0.055573;0.036001
0.016863;-7.903e-05;-0.054759;0.03611
0.018902;0.00067701;-0.053935;0.036336
0.020984;0.0014919;-0.053109;0.036651
0.023083;0.0023617;-0.052287;0.037024
0.025169;0.0032816;-0.051472;0.037422
0.027208;0.0042458;-0.050666;0.037814
0.029161;0.005249;-0.049868;0.038168
0.030989;0.0062868;-0.049076;0.038452
0.032652;0.0073547;-0.048283;0.038635
0.034111;0.0084477;-0.047485;0.038693
0.035333;0.0095596;-0.046678;0.038611
0.036288;0.010682;-0.045861;0.038387
0.036953;0.011803;-0.045033;0.038028
0.037312;0.012908;-0.044199;0.03755
0.037356;0.013982;-0.043362;0.036971
0.037083;0.01501;-0.042531;0.036308
0.036493;0.015981;-0.041715;0.035579
0.03559;0.016885;-0.040924;0.034799
0.034382;0.017717;-0.040175;0.033976
0.032877;0.018479;-0.039485;0.033108
0.031087;0.019178;-0.038875;0.032184
0.029024;0.019832;-0.038364;0.031184
0.026698;0.020461;-0.037972;0.03008
0.02412;0.021088;-0.037717;0.028848
0.0213;0.021732;-0.037618;0.027463
0.01825;0.022411;-0.037694;0.02591
0.014982;0.023134;-0.037958;0.02418
0.011514;0.023913;-0.038418;0.022277
0.0078677;0.024755;-0.039074;0.020211
0.0040797;0.025667;-0.039917;0.018002
0.00019731;0.026652;-0.040933;0.015676
-0.003719;0.027709;-0.042097;0.013269
-0.0075999;0.028834;-0.043375;0.010823
-0.011373;0.030018;-0.044729;0.008381
-0.014969;0.031244;-0.046111;0.005987
-0.018325;0.032496;-0.047472;0.003682
-0.021395;0.033752;-0.048762;0.0015056
-0.024146;0.03499;-0.049933;-0.00050274
-0.026564;0.036194;-0.050944;-0.0023045
-0.028643;0.037348;-0.051761;-0.0038646
-0.03038;0.038441;-0.052361;-0.0051561
-0.031776;0.039466;-0.052728;-0.0061634
-0.032841;0.040419;-0.052856;-0.006883
-0.0336;0.041301;-0.052748;-0.0073209
-0.034095;0.042114;-0.052418;-0.0074895
-0.034381;0.042862;-0.051885;-0.0074049
-0.034512;0.043551;-0.051175;-0.0070857
-0.03454;0.044185;-0.050313;-0.0065539
-0.034509;0.044769;-0.049326;-0.0058354
-0.034455;0.045306;-0.048236;-0.0049594
-0.034413;0.045798;-0.047065;-0.003955
-0.034412;0.046242;-0.04583;-0.0028484
-0.034478;0.046632;-0.044544;-0.0016608
-0.034628;0.046964;-0.043217;-0.00040941
-0.034869;0.047235;-0.041856;0.00089076
-0.0352;0.04744;-0.040467;0.0022263
-0.035614;0.047574;-0.039052;0.0035865
-0.036101;0.047634;-0.03761;0.0049641
-0.036646;0.047619;-0.036141;0.0063539
-0.037236;0.047534;-0.034644;0.0077483
-0.037852;0.047383;-0.033118;0.0091326
-0.038473;0.047174;-0.031561;0.010483
-0.039077;0.046917;-0.029971;0.011769
-0.039641;0.046621;-0.028344;0.01296
-0.040145;0.046299;-0.026676;0.014024
-0.040568;0.045966;-0.024966;0.01493
-0.040891;0.045636;-0.023213;0.015646
-0.041095;0.045322;-0.021419;0.016144
-0.041163;0.045038;-0.019586;0.016396
-0.04108;0.044796;-0.017717;0.016385
-0.040834;0.044602;-0.015819;0.016105
-0.040418;0.044462;-0.013902;0.015561
-0.039824;0.044378;-0.011979;0.014777
-0.039053;0.044346;-0.010066;0.01378
-0.03811;0.044362;-0.0081815;0.012608
-0.037007;0.044419;-0.0063447;0.011296
-0.035763;0.04451;-0.0045751;0.0098852
-0.0344;0.044624;-0.0028922;0.0084104
-0.032945;0.044752;-0.0013121;0.0069062
-0.031422;0.044881;0.00015477;0.005403
-0.029854;0.044996;0.0015061;0.0039238
-0.028266;0.045083;0.0027463;0.0024809
-0.026676;0.045126;0.0038843;0.0010755
-0.025103;0.045116;0.0049311;-0.00029951
-0.023557;0.045044;0.005898;-0.0016564
-0.022048;0.044906;0.0067966;-0.003009
-0.02058;0.044698;0.0076383;-0.0043704
-0.019154;0.04442;0.0084333;-0.0057525
-0.017772;0.044075;0.0091884;-0.0071642
-0.016433;0.043669;0.0099075;-0.0086093
-0.015133;0.043209;0.010591;-0.010084
-0.013873;0.042704;0.011238;-0.011579
-0.012651;0.042158;0.011845;-0.013076
-0.011468;0.041576;0.01241;-0.01455
-0.010329;0.040963;0.012931;-0.015978
-0.0092381;0.040323;0.013401;-0.017335
-0.0082015;0.039661;0.013814;-0.018601
-0.0072254;0.038976;0.014161;-0.019753
-0.0063164;0.038264;0.014438;-0.020769
-0.0054818;0.037514;0.014637;-0.021633
-0.0047284;0.036711;0.014754;-0.022332
-0.0040597;0.03584;0.014785;-0.022866
-0.0034744;0.034892;0.014729;-0.023241
-0.0029654;0.033861;0.014585;-0.023472
-0.0025218;0.03275;0.014353;-0.023578
-0.0021313;0.031564;0.01403;-0.023575
-0.0017826;0.030311;0.013617;-0.023477
-0.0014667;0.029002;0.013112;-0.023298
-0.0011761;0.027652;0.012517;-0.023053
-0.00090534;0.026275;0.011838;-0.022756
-0.00065163;0.02489;0.011081;-0.022421
-0.00041385;0.023512;0.010256;-0.022051
-0.00019153;0.02215;0.0093769;-0.021645
1.6521e-05;0.020812;0.0084594;-0.021195
0.00021228;0.0195;0.0075221;-0.020694
0.0003973;0.018218;0.0065859;-0.020138
0.00057183;0.016968;0.0056714;-0.019523
0.00073501;0.015748;0.0047963;-0.018847
0.00088527;0.014558;0.003974;-0.018112
0.0010209;0.013396;0.0032139;-0.017318
0.0011405;0.012258;0.0025224;-0.01647
0.0012425;0.011146;0.0019032;-0.015577
0.0013243;0.010061;0.0013578;-0.014647
0.0013833;0.0090078;0.00088441;-0.013688
0.0014172;0.0079943;0.00047873;-0.01271
0.0014245;0.0070284;0.00013568;-0.011724
0.0014044;0.0061183;-0.0001491;-0.010741
0.0013573;0.0052711;-0.00037898;-0.0097749
0.0012857;0.0044921;-0.00055683;-0.0088418
0.001194;0.0037852;-0.0006857;-0.0079572
0.0010872;0.0031529;-0.00076919;-0.0071309
0.00096975;0.0025962;-0.0008111;-0.006365
0.00084478;0.0021142;-0.00081558;-0.0056548
0.00071563;0.0017032;-0.00078797;-0.0049916
0.00058649;0.0013571;-0.00073495;-0.0043679
0.00046243;0.0010686;-0.00066343;-0.0037801
0.00034851;0.00083049;-0.00057922;-0.0032279
0.00024891;0.00063572;-0.00048734;-0.0027105
0.00016626;0.00047797;-0.00039298;-0.0022245
0.00010153;0.00035134;-0.00030147;-0.0017655
5.4127e-05;0.0002501;-0.00021736;-0.0013318
2.2516e-05;0.00016909;-0.00014402;-0.00092992
4.7393e-06;0.00010442;-8.3999e-05;-0.00057544
-1.9903e-06;5.4053e-05;-3.9352e-05;-0.00028934
-1.852e-06;1.8127e-05;-1.1441e-05;-9.1938e-05
0;0;0;0
5.9711e-05;0.00010691;-1.4799e-05;-9.3989e-06
0.00019559;0.00035099;-5.9519e-05;-4.3236e-05
0.00040733;0.00073341;-0.00015038;-0.00012304
0.00069423;0.0012532;-0.00030633;-0.00027563
0.001056;0.0019071;-0.00054874;-0.0005295
0.0014931;0.0026903;-0.00089888;-0.0009099
0.0020064;0.003597;-0.0013734;-0.0014355
0.002597;0.0046211;-0.0019796;-0.0021186
0.0032658;0.0057552;-0.0027136;-0.0029658
0.0040148;0.0069906;-0.0035617;-0.0039787
0.0048474;0.0083156;-0.004505;-0.0051524
0.0057677;0.0097153;-0.0055232;-0.006474
0.0067804;0.011174;-0.0065959;-0.007922
0.0078899;0.012676;-0.0077021;-0.0094692
0.0090998;0.01421;-0.0088198;-0.011086
0.010414;0.015766;-0.0099295;-0.012747
0.011837;0.017336;-0.011017;-0.014428
0.013372;0.018909;-0.012074;-0.016109
0.015024;0.02048;-0.013097;-0.017768
0.016793;0.022045;-0.014087;-0.019382
0.018679;0.0236;-0.015043;-0.020928
0.020678;0.025145;-0.015964;-0.022383
0.022783;0.026678;-0.016854;-0.023733
0.024986;0.028202;-0.017715;-0.024962
0.027279;0.02972;-0.01855;-0.026058
0.029654;0.03124;-0.019361;-0.027007
0.032106;0.032766;-0.020143;-0.027791
0.034633;0.034303;-0.02089;-0.028394
0.03724;0.035852;-0.021592;-0.0288
0.039933;0.037413;-0.02224;-0.028993
0.042723;0.038986;-0.02282;-0.02895
0.045624;0.040567;-0.023317;-0.028646
0.048645;0.042155;-0.023717;-0.02805
0.051794;0.04374;-0.024006;-0.027126
0.05507;0.045316;-0.024175;-0.025844
0.058474;0.046871;-0.024216;-0.024177
0.062002;0.048394;-0.024124;-0.022106
0.065654;0.049871;-0.023896;-0.01962
0.069427;0.05129;-0.023535;-0.016717
0.073316;0.05264;-0.023045;-0.013399
0.077316;0.053912;-0.022435;-0.0096786
0.081419;0.055102;-0.021717;-0.0055806
0.085614;0.056205;-0.020904;-0.0011455
0.089888;0.057218;-0.020012;0.0035737
0.09423;0.058139;-0.019058;0.0085158
0.098627;0.058968;-0.01806;0.013617
0.10306;0.059706;-0.017034;0.018815
0.10752;0.060357;-0.015999;0.02405
0.11199;0.06092;-0.014971;0.029265
0.11644;0.061398;-0.013969;0.034405
0.12084;0.061791;-0.013008;0.039418
0.12519;0.062098;-0.012105;0.044258
0.12944;0.062321;-0.011274;0.048888
0.13359;0.06246;-0.010523;0.053282
0.13761;0.062522;-0.00986;0.057418
0.14148;0.062515;-0.0092854;0.061278
0.14519;0.062452;-0.0087989;0.064846
0.14872;0.062348;-0.0083985;0.068116
0.15206;0.062216;-0.0080809;0.071087
0.15521;0.062068;-0.0078421;0.073765
0.15814;0.061916;-0.0076765;0.07616
0.16087;0.061775;-0.0075774;0.078277
0.16339;0.06166;-0.0075366;0.080123
0.1657;0.061587;-0.0075454;0.081696
0.16782;0.061565;-0.0075951;0.082992
0.16977;0.061599;-0.0076783;0.084006
0.17156;0.061688;-0.0077895;0.084736
0.17321;0.06183;-0.0079257;0.085183
0.17476;0.062023;-0.0080867;0.085348
0.17621;0.062264;-0.0082747;0.085236
0.17758;0.062548;-0.0084943;0.084854
0.17889;0.062868;-0.0087532;0.084216
0.18016;0.063211;-0.0090614;0.083344
0.1814;0.063566;-0.0094312;0.082265
0.18263;0.063919;-0.009876;0.081009
0.18385;0.064258;-0.01041;0.079606
0.18507;0.064577;-0.011049;0.07808
0.18629;0.064871;-0.011805;0.07645
0.18751;0.06514;-0.012688;0.074731
0.18874;0.06539;-0.013703;0.072938
0.18996;0.065627;-0.014846;0.071081
0.19119;0.065858;-0.016113;0.069167
0.19242;0.066095;-0.017491;0.0672
0.19364;0.066346;-0.018966;0.065178
0.19485;0.066621;-0.020513;0.063098
0.19604;0.066929;-0.022102;0.060958
0.19721;0.067276;-0.023697;0.05876
0.19835;0.067667;-0.025262;0.056504
0.19945;0.068106;-0.026759;0.054193
0.20051;0.068591;-0.028158;0.051827
0.20153;0.069118;-0.029432;0.04941
0.20251;0.069679;-0.030559;0.04695
0.20343;0.070264;-0.031526;0.044466
0.20432;0.07086;-0.032326;0.041987
0.20516;0.071454;-0.032957;0.039556
0.20598;0.072032;-0.033426;0.037219
0.20676;0.07258;-0.033743;0.035031
0.20753;0.073084;-0.033922;0.033047
0.20827;0.073529;-0.03398;0.031324
0.20899;0.073904;-0.033935;0.029921
0.20968;0.074201;-0.033804;0.028894
0.21034;0.074416;-0.033609;0.028296
0.21097;0.07455;-0.033369;0.02817
0.21157;0.074603;-0.033105;0.028554
0.21213;0.074575;-0.032836;0.029475
0.21266;0.07447;-0.032577;0.030949
0.21313;0.07429;-0.03234;0.032981
0.21354;0.07404;-0.032131;0.035566
0.21386;0.073729;-0.031949;0.038687
0.21408;0.073363;-0.03179;0.04232
0.21417;0.072954;-0.031645;0.046432
0.2141;0.072512;-0.0315;0.050986
0.21385;0.07205;-0.031339;0.055942
0.2134;0.071579;-0.031149;0.061255
0.21271;0.071107;-0.030918;0.066873
0.21176;0.070641;-0.030634;0.072741
0.21053;0.070182;-0.030293;0.078797
0.209;0.069729;-0.029891;0.084973
0.20714;0.069279;-0.029429;0.091197
0.20496;0.068827;-0.028913;0.097392
0.20244;0.068368;-0.02835;0.10348
0.19958;0.067896;-0.027753;0.10939
0.19638;0.067407;-0.027136;0.11505
0.19285;0.066897;-0.026513;0.12039
0.189;0.066362;-0.025899;0.12537
0.18485;0.065799;-0.025309;0.12994
0.18042;0.065207;-0.024754;0.13407
0.17575;0.064585;-0.024242;0.13774
0.17086;0.063933;-0.023776;0.14092
0.16579;0.063251;-0.023359;0.1436
0.16055;0.062535;-0.022985;0.14579
0.15518;0.061781;-0.022649;0.14749
0.14971;0.060983;-0.022337;0.1487
0.14416;0.060137;-0.022038;0.14944
0.13856;0.059238;-0.021739;0.14972
0.13294;0.058289;-0.021431;0.14957
0.1273;0.057291;-0.02111;0.149
0.12166;0.056254;-0.020772;0.14805
0.11604;0.055186;-0.020418;0.14672
0.11043;0.0541;-0.020053;0.14505
0.10485;0.05301;-0.019683;0.14307
0.099311;0.051931;-0.019316;0.1408
0.093823;0.050883;-0.018961;0.13825
0.088396;0.049882;-0.018628;0.13545
0.083041;0.048943;-0.018324;0.13242
0.077766;0.048076;-0.018056;0.12916
0.072581;0.047285;-0.017828;0.1257
0.0675;0.046572;-0.01764;0.12206
0.062538;0.045934;-0.01749;0.11826
0.057712;0.045362;-0.01737;0.11432
0.053036;0.044848;-0.017273;0.11028
0.048521;0.044377;-0.017191;0.10616
0.044178;0.043934;-0.017117;0.10201
0.040019;0.0435;-0.017042;0.097856
0.036054;0.043055;-0.016953;0.093736
0.032292;0.042581;-0.01684;0.089681
0.028738;0.042056;-0.016691;0.085715
0.025395;0.041464;-0.016499;0.081864
0.022265;0.040791;-0.016261;0.078146
0.019344;0.040029;-0.015975;0.074574
0.016627;0.039173;-0.015643;0.071156
0.014103;0.038226;-0.01527;0.067893
0.011762;0.037194;-0.014863;0.06478
0.0095948;0.036087;-0.014432;0.061806
0.0075923;0.034915;-0.013986;0.058957
0.0057475;0.033691;-0.013534;0.056212
0.004054;0.032432;-0.013083;0.053548
0.0025091;0.031154;-0.012637;0.050944
0.0011137;0.029876;-0.0122;0.048384
-0.00012786;0.02861;-0.01177;0.045856
-0.0012111;0.027366;-0.011348;0.043353
-0.0021341;0.026147;-0.010932;0.040871
-0.0028987;0.024954;-0.010521;0.038412
-0.0035091;0.023787;-0.010111;0.035982
-0.003971;0.022644;-0.0097032;0.033586
-0.0042911;0.021519;-0.0092959;0.031232
-0.0044791;0.020404;-0.0088899;0.028928
-0.0045479;0.01929;-0.0084861;0.026679
-0.0045127;0.018169;-0.0080843;0.024496
-0.0043902;0.017033;-0.007683;0.022388
-0.0041972;0.015878;-0.0072794;0.020368
-0.0039506;0.014702;-0.0068701;0.018442
-0.0036666;0.013509;-0.006453;0.016614
-0.0033594;0.012308;-0.0060262;0.014882
-0.0030419;0.011108;-0.0055879;0.013246
-0.0027254;0.0099218;-0.0051368;0.011705
-0.0024185;0.0087596;-0.0046724;0.01026
-0.0021265;0.0076334;-0.0041954;0.0089094
-0.001851;0.0065551;-0.0037075;0.0076507
-0.0015916;0.0055356;-0.0032135;0.0064813
-0.0013469;0.004584;-0.0027212;0.0053977
-0.001117;0.0037069;-0.0022415;0.0043969
-0.00090349;0.0029099;-0.0017857;0.0034788
-0.00070799;0.0021977;-0.0013637;0.0026478
-0.00053146;0.0015757;-0.0009841;0.0019118
-0.00037408;0.0010491;-0.00065528;0.0012804
-0.00023684;0.00062322;-0.00038616;0.00076363
-0.00012332;0.00030316;-0.00018476;0.00037192
-4.0796e-05;9.3853e-05;-5.5886e-05;0.00011498
0;0;0;0
-1.6669e-05;2.9094e-05;9.3371e-05;4.3149e-05
-5.1865e-05;9.4651e-05;0.00026078;0.00015758
-0.00010131;0.00019517;0.00044794;0.00036388
-0.00015965;0.00032925;0.00061234;0.00068056
-0.00022112;0.00049657;0.00072716;0.0011223
-0.00028016;0.00069731;0.00077611;0.0016993
-0.00033144;0.00093056;0.00074619;0.0024172
-0.00036954;0.0011937;0.00062616;0.0032754
-0.00038878;0.0014839;0.00041226;0.0042664
-0.00038355;0.0017999;0.00011522;0.005375
-0.00034899;0.0021424;-0.0002384;0.0065806
-0.00028151;0.0025133;-0.00061183;0.007859
-0.00017819;0.0029139;-0.00096514;0.0091846
-3.6274e-05;0.0033451;-0.0012582;0.010531
0.00014717;0.0038065;-0.0014493;0.011872
0.00037526;0.004298;-0.001493;0.013183
0.00065116;0.00482;-0.0013417;0.014441
0.00097807;0.0053721;-0.00095004;0.015631
0.0013591;0.0059526;-0.00027978;0.016741
0.0017972;0.0065585;0.00069785;0.017765
0.0022959;0.0071871;0.0020027;0.0187
0.0028596;0.0078361;0.0036469;0.019541
0.0034935;0.0085049;0.0056348;0.020287
0.0042023;0.0091938;0.0079603;0.020932
0.0049899;0.0099044;0.010605;0.021469
0.0058596;0.01064;0.013538;0.021889
0.0068143;0.011404;0.016724;0.022181
0.0078565;0.012202;0.020118;0.022335
0.0089862;0.013033;0.023678;0.022341
0.010201;0.013897;0.027358;0.022189
0.011497;0.014787;0.031111;0.021871
0.012871;0.015695;0.034893;0.021377
0.014318;0.016612;0.038666;0.020696
0.015834;0.017526;0.042397;0.019819
0.017413;0.018421;0.046061;0.018742
0.019049;0.019276;0.04964;0.017473
0.020736;0.020071;0.053122;0.016023
0.022464;0.020787;0.056501;0.014415
0.024225;0.021407;0.059775;0.01267
0.026009;0.02192;0.062947;0.010817
0.027809;0.022316;0.066021;0.0088841
0.029619;0.02259;0.069002;0.0068988
0.031435;0.02274;0.071893;0.0048856
0.033254;0.022767;0.074697;0.0028644
0.035069;0.022672;0.077419;0.00084961
0.036868;0.022462;0.080063;-0.0011482
0.038633;0.022143;0.082637;-0.003121
0.04034;0.021724;0.085146;-0.005063
0.041957;0.021215;0.087593;-0.0069701
0.043452;0.020625;0.089981;-0.008839
0.044787;0.019964;0.092313;-0.010667
0.045923;0.019236;0.094594;-0.012452
0.046817;0.018446;0.096835;-0.014195
0.047427;0.017598;0.09905;-0.015897
0.047712;0.016691;0.10126;-0.017559
0.047634;0.015726;0.10347;-0.019178
0.047157;0.014703;0.10571;-0.020749
0.046252;0.01362;0.10801;-0.02227
0.044895;0.012479;0.11038;-0.023736
0.043067;0.011281;0.11284;-0.025148
0.040755;0.010029;0.11542;-0.026506
0.037947;0.008725;0.11812;-0.027813
0.034633;0.0073732;0.12097;-0.029072
0.030809;0.0059802;0.12399;-0.030291
0.026477;0.0045553;0.12717;-0.031479
0.02165;0.0031089;0.13054;-0.032651
0.016347;0.0016512;0.13409;-0.033824
0.010591;0.00019173;0.13782;-0.035016
0.0044103;-0.0012599;0.14173;-0.036243
-0.0021577;-0.0026939;0.14581;-0.037525
-0.0090644;-0.0041008;0.15005;-0.038882
-0.016245;-0.005472;0.15442;-0.04033
-0.023615;-0.0068003;0.1589;-0.04188
-0.031068;-0.008079;0.16346;-0.043537
-0.03848;-0.0093018;0.16807;-0.045301
-0.045726;-0.010461;0.17269;-0.047161
-0.052696;-0.011551;0.17728;-0.049104
-0.059317;-0.012562;0.18179;-0.051112
-0.065551;-0.013493;0.18619;-0.053169
-0.071379;-0.014339;0.19042;-0.055262
-0.076772;-0.015099;0.19445;-0.057375
-0.0817;-0.015771;0.19824;-0.059491
-0.086142;-0.016352;0.20173;-0.061591
-0.090106;-0.016838;0.2049;-0.063662
-0.093632;-0.017227;0.20771;-0.065691
-0.09678;-0.017515;0.21012;-0.067674
-0.09961;-0.017702;0.21211;-0.069607
-0.10218;-0.017785;0.21365;-0.071491
-0.10455;-0.017766;0.21472;-0.073328
-0.10677;-0.017643;0.2153;-0.075127
-0.1089;-0.017414;0.21538;-0.0769
-0.11102;-0.017075;0.21496;-0.078661
-0.11318;-0.016622;0.21403;-0.080427
-0.1154;-0.016053;0.2126;-0.082208
-0.11771;-0.015365;0.21069;-0.084012
-0.1201;-0.014555;0.20831;-0.085834
-0.12258;-0.013624;0.20548;-0.087663
-0.12515;-0.012575;0.20225;-0.089484
-0.12778;-0.011411;0.19865;-0.091275
-0.13046;-0.010135;0.19473;-0.093017
-0.13316;-0.0087481;0.19053;-0.094688
-0.13584;-0.0072502;0.18612;-0.096265
-0.13847;-0.0056396;0.18154;-0.097729
-0.14101;-0.0039147;0.17685;-0.099059
-0.14344;-0.0020739;0.1721;-0.10024
-0.14573;-0.00011583;0.16734;-0.10126
-0.14785;0.001961;0.16262;-0.10211
-0.14977;0.0041557;0.15797;-0.1028
-0.15147;0.0064629;0.15342;-0.10334
-0.15295;0.0088721;0.14902;-0.10371
-0.15421;0.011369;0.14477;-0.10392
-0.15523;0.01394;0.1407;-0.10396
-0.15603;0.016569;0.13683;-0.10384
-0.1566;0.019241;0.13316;-0.10355
-0.15696;0.021941;0.12969;-0.10308
-0.15714;0.02465;0.12644;-0.10241
-0.15717;0.027346;0.1234;-0.10154
-0.15709;0.030004;0.12056;-0.10047
-0.15693;0.032601;0.11793;-0.099188
-0.15671;0.035115;0.11547;-0.097706
-0.15648;0.037526;0.11318;-0.096035
-0.15625;0.039818;0.111;-0.094186
-0.15605;0.041977;0.10891;-0.092172
-0.15591;0.043993;0.10685;-0.090006
-0.15583;0.045865;0.10479;-0.087703
-0.1558;0.047597;0.10268;-0.08528
-0.15582;0.049196;0.10049;-0.082752
-0.15588;0.050676;0.098206;-0.080136
-0.15596;0.052052;0.095812;-0.077449
-0.15604;0.05334;0.093314;-0.074713
-0.15611;0.054552;0.090726;-0.071955
-0.15613;0.055701;0.088071;-0.069208
-0.15608;0.056797;0.08538;-0.066508
-0.15595;0.057847;0.082689;-0.063893
-0.15572;0.058855;0.08004;-0.061391
-0.15537;0.059821;0.077476;-0.059018
-0.15489;0.060741;0.075038;-0.056778
-0.15427;0.061612;0.072761;-0.054663
-0.15351;0.062432;0.070668;-0.052662
-0.15262;0.063195;0.068769;-0.05076
-0.1516;0.063892;0.067065;-0.048943
-0.15045;0.064517;0.065546;-0.047194
-0.1492;0.065059;0.064194;-0.045499
-0.14784;0.06551;0.062982;-0.043844
-0.14638;0.065863;0.061882;-0.04222
-0.14484;0.066112;0.060856;-0.040624
-0.14322;0.066253;0.059869;-0.03906
-0.14152;0.06628;0.058881;-0.037532
-0.13974;0.066191;0.057851;-0.036044
-0.13788;0.065982;0.056738;-0.034601
-0.13594;0.065648;0.055506;-0.033207
-0.13391;0.06519;0.054121;-0.031865
-0.13179;0.064607;0.052553;-0.030578
-0.12957;0.063901;0.050778;-0.02935
-0.12725;0.063068;0.048778;-0.028181
-0.12481;0.062103;0.046543;-0.02707
-0.12225;0.061004;0.044074;-0.026012
-0.11956;0.059768;0.041384;-0.025002
-0.11675;0.058396;0.038496;-0.024033
-0.1138;0.056894;0.035442;-0.023104
-0.11073;0.055266;0.032262;-0.02221
-0.10755;0.053522;0.029005;-0.021347
-0.10425;0.051674;0.025723;-0.02051
-0.10085;0.049735;0.022471;-0.019692
-0.097356;0.047723;0.019305;-0.018889
-0.093787;0.045657;0.016277;-0.0181
-0.09015;0.04356;0.013432;-0.017326
-0.086459;0.041453;0.010804;-0.016568
-0.082729;0.039354;0.0084182;-0.015827
-0.078975;0.037281;0.0062881;-0.015103
-0.075211;0.035248;0.0044184;-0.014397
-0.071451;0.033267;0.0028051;-0.013709
-0.067706;0.031346;0.0014365;-0.013043
-0.063983;0.029489;0.00029569;-0.0124
-0.060289;0.027694;-0.00063747;-0.011779
-0.056626;0.025958;-0.0013856;-0.011179
-0.052993;0.024274;-0.0019735;-0.010596
-0.049389;0.022635;-0.0024272;-0.010028
-0.045816;0.021034;-0.0027721;-0.0094704
-0.042276;0.019465;-0.0030293;-0.0089176
-0.038779;0.017924;-0.0032141;-0.008363
-0.035334;0.016406;-0.0033362;-0.0077985
-0.031954;0.014908;-0.003401;-0.0072172
-0.028654;0.01343;-0.0034122;-0.006615
-0.02545;0.01198;-0.003372;-0.0059926
-0.02236;0.010564;-0.0032817;-0.005356
-0.019405;0.0091929;-0.0031415;-0.0047144
-0.016609;0.0078802;-0.0029523;-0.0040784
-0.013991;0.0066384;-0.0027178;-0.0034581
-0.01157;0.0054806;-0.0024451;-0.0028642
-0.0093603;0.0044186;-0.0021441;-0.0023075
-0.0073738;0.0034635;-0.0018255;-0.0017986
-0.0056205;0.0026243;-0.0015001;-0.0013475
-0.004108;0.0019063;-0.001179;-0.00096205
-0.0028402;0.0013106;-0.00087427;-0.00064679
-0.0018169;0.00083454;-0.00059893;-0.00040134
-0.0010334;0.00047301;-0.00036488;-0.00022119
-0.00047974;0.00021902;-0.00018184;-9.9426e-05
-0.00014151;6.4441e-05;-5.7674e-05;-2.8357e-05
0;0;0;0
7.3479e-05;8.0199e-05;3.6297e-06;-4.3012e-05
0.00023723;0.00026578;8.4491e-06;-0.0001336
0.00048736;0.00055975;4.7311e-06;-0.0002605
0.00081918;0.00096508;-2.1248e-05;-0.00040955
0.0012267;0.001487;-8.3438e-05;-0.00056456
0.0017027;0.0021337;-0.00019426;-0.00070897
0.0022398;0.0029153;-0.00036537;-0.00082813
0.0028318;0.0038413;-0.000609;-0.00091073
0.0034739;0.0049176;-0.00093752;-0.00094808
0.0041628;0.0061458;-0.0013611;-0.00093305
0.0048962;0.0075235;-0.0018855;-0.00086125
0.0056733;0.0090454;-0.0025106;-0.00073281
0.0064941;0.010702;-0.0032316;-0.00055199
0.0073594;0.01248;-0.0040413;-0.00032474
0.0082707;0.014362;-0.0049329;-5.677e-05
0.0092303;0.016328;-0.0059008;0.0002483
0.010242;0.018356;-0.0069413;0.00059171
0.01131;0.020427;-0.0080516;0.00098068
0.01244;0.022522;-0.0092293;0.0014252
0.013639;0.024629;-0.010473;0.0019336
0.014912;0.026733;-0.011783;0.0025125
0.016263;0.02882;-0.013161;0.0031692
0.017697;0.030877;-0.014609;0.0039143
0.019216;0.032888;-0.016128;0.0047601
0.02082;0.03484;-0.017717;0.0057162
0.022509;0.036718;-0.019369;0.0067846
0.024282;0.038508;-0.021079;0.0079591
0.026136;0.040198;-0.022837;0.0092272
0.028068;0.04178;-0.024629;0.010573
0.030072;0.043243;-0.026441;0.011982
0.032141;0.044581;-0.028254;0.013442
0.034266;0.045788;-0.030049;0.014941
0.036437;0.046859;-0.031807;0.016475
0.038646;0.047799;-0.033512;0.018037
0.040884;0.04861;-0.035145;0.01963
0.043148;0.049299;-0.036692;0.021254
0.045438;0.049871;-0.038141;0.022915
0.047757;0.050334;-0.039485;0.024618
0.050111;0.050698;-0.040721;0.026366
0.052501;0.050974;-0.04185;0.028163
0.054924;0.051175;-0.04287;0.030014
0.057367;0.051315;-0.043782;0.031928
0.059816;0.051408;-0.044583;0.033916
0.062249;0.051471;-0.045274;0.035991
0.064648;0.051518;-0.045856;0.038162
0.066991;0.051561;-0.04633;0.040433
0.069256;0.051608;-0.046696;0.042798
0.071418;0.051663;-0.046956;0.045244
0.073448;0.051726;-0.047114;0.047748
0.075319;0.051797;-0.047175;0.050281
0.077003;0.051873;-0.047143;0.05281
0.078472;0.051952;-0.047025;0.0553
0.079701;0.052026;-0.046824;0.05772
0.080669;0.052091;-0.046547;0.060044
0.081354;0.052142;-0.046196;0.062253
0.08174;0.052178;-0.045776;0.064337
0.08181;0.052203;-0.045287;0.066291
0.081551;0.052221;-0.04473;0.068113
0.080952;0.052235;-0.044105;0.069802
0.080006;0.052251;-0.043411;0.071358
0.078712;0.052279;-0.042649;0.07278
0.07708;0.052328;-0.041823;0.074069
0.075123;0.052408;-0.040937;0.075229
0.072857;0.05253;-0.039997;0.076264
0.070296;0.052704;-0.039007;0.077178
0.067459;0.052934;-0.037974;0.077972
0.064366;0.053225;-0.036905;0.078637
0.061047;0.053577;-0.035811;0.079159
0.057539;0.05399;-0.034705;0.079519
0.05389;0.054461;-0.033601;0.079698
0.050159;0.054988;-0.032517;0.079681
0.046416;0.055566;-0.031468;0.079455
0.042737;0.056189;-0.030469;0.079013
0.039202;0.056851;-0.029536;0.078351
0.035884;0.057542;-0.028685;0.07747
0.032843;0.058254;-0.02793;0.076375
0.030119;0.058977;-0.027286;0.075078
0.027734;0.059701;-0.026764;0.073591
0.0257;0.060414;-0.026374;0.071931
0.024029;0.061104;-0.026125;0.070114
0.022726;0.061755;-0.026023;0.068158
0.021792;0.062355;-0.026074;0.066082
0.021208;0.062891;-0.026279;0.063901
0.020942;0.063353;-0.026641;0.061634
0.020944;0.063736;-0.027154;0.059293
0.021165;0.064031;-0.027812;0.056889
0.021553;0.064235;-0.028602;0.054427
0.022062;0.064341;-0.029508;0.051908
0.022646;0.064346;-0.03051;0.04933
0.023257;0.064246;-0.03158;0.046691
0.023848;0.064037;-0.032691;0.043996
0.024378;0.063718;-0.033815;0.041252
0.024815;0.063287;-0.034922;0.038478
0.025136;0.062743;-0.035991;0.035702
0.025326;0.06209;-0.036998;0.032962
0.025376;0.061332;-0.037926;0.030308
0.025283;0.060478;-0.038762;0.027798
0.025049;0.059543;-0.039494;0.025498
0.024681;0.058544;-0.040112;0.023472
0.024193;0.057501;-0.040609;0.021787
0.023597;0.056435;-0.040977;0.020506
0.022911;0.055365;-0.041215;0.019686
0.022151;0.05431;-0.041319;0.019375
0.021332;0.053282;-0.041288;0.01961
0.020469;0.052289;-0.041122;0.020414
0.019579;0.051336;-0.04082;0.021792
0.018673;0.050426;-0.040382;0.02373
0.017764;0.04956;-0.039806;0.026195
0.016859;0.048732;-0.039094;0.029141
0.015966;0.047936;-0.038243;0.032511
0.015088;0.047158;-0.037252;0.036244
0.014229;0.046384;-0.036119;0.040277
0.013384;0.045599;-0.034843;0.04455
0.012546;0.044788;-0.033427;0.049007
0.0117;0.043938;-0.031874;0.05359
0.010828;0.043039;-0.030191;0.058245
0.0099128;0.042085;-0.028386;0.062918
0.0089342;0.041074;-0.026468;0.067559
0.007875;0.04001;-0.024444;0.072127
0.0067197;0.038901;-0.022323;0.076586
0.0054553;0.037758;-0.020115;0.080904
0.0040728;0.036592;-0.017828;0.085055
0.0025674;0.035416;-0.015473;0.089016
0.00093854;0.034241;-0.013059;0.092766
-0.00081091;0.033081;-0.010595;0.09628
-0.002676;0.031948;-0.0080928;0.099529
-0.0046504;0.030854;-0.0055633;0.10248
-0.0067263;0.029807;-0.0030189;0.10509
-0.0088942;0.028811;-0.00047215;0.10733
-0.011142;0.027864;0.0020634;0.10916
-0.013458;0.026965;0.0045722;0.11056
-0.015826;0.026109;0.0070362;0.11151
-0.018232;0.025294;0.0094352;0.112
-0.020661;0.024517;0.011747;0.11201
-0.023095;0.023777;0.01395;0.11157
-0.02552;0.023066;0.016024;0.11066
-0.027922;0.022381;0.017951;0.10932
-0.030291;0.021715;0.019717;0.10758
-0.032615;0.021064;0.021312;0.10545
-0.034886;0.020427;0.022732;0.10299
-0.037093;0.019805;0.023974;0.10023
-0.039225;0.0192;0.025041;0.097222
-0.041272;0.018616;0.025938;0.094001
-0.043229;0.018056;0.026674;0.090612
-0.04509;0.017529;0.027257;0.087084
-0.046853;0.017039;0.027701;0.083436
-0.048512;0.016596;0.028015;0.079683
-0.050064;0.016202;0.028215;0.075832
-0.051503;0.015857;0.028313;0.071897
-0.052825;0.015556;0.028324;0.067893
-0.054024;0.015289;0.028261;0.063843
-0.055096;0.015045;0.028138;0.059771
-0.056034;0.014812;0.027968;0.055708
-0.056835;0.014572;0.027758;0.051685
-0.05749;0.014308;0.027515;0.047733
-0.057997;0.014002;0.027241;0.043885
-0.058351;0.013635;0.026939;0.04017
-0.05855;0.013196;0.026609;0.036611
-0.058592;0.01268;0.026253;0.033232
-0.058474;0.012092;0.025867;0.030054
-0.058196;0.011445;0.025443;0.027097
-0.057761;0.010757;0.024977;0.024381
-0.057174;0.010047;0.024461;0.021924
-0.056445;0.0093365;0.02389;0.01974
-0.05558;0.0086434;0.023261;0.017834
-0.054586;0.0079837;0.02257;0.016198
-0.053471;0.0073699;0.021818;0.014816
-0.052244;0.0068091;0.021008;0.013662
-0.050913;0.0063014;0.020146;0.012712
-0.049488;0.0058406;0.019239;0.011941
-0.047978;0.0054166;0.018297;0.011324
-0.046391;0.0050182;0.017328;0.010834
-0.044735;0.0046343;0.016343;0.010444
-0.043015;0.0042558;0.015351;0.010124
-0.041237;0.0038753;0.014363;0.0098476
-0.039403;0.0034866;0.013384;0.0095914
-0.037514;0.0030846;0.012422;0.0093389
-0.035567;0.0026672;0.011485;0.009079
-0.033563;0.0022374;0.010578;0.008803
-0.031502;0.0018037;0.0097066;0.0085025
-0.029388;0.0013784;0.0088726;0.0081698
-0.027228;0.00097561;0.0080767;0.0077994
-0.025036;0.00060891;0.0073193;0.0073897
-0.022825;0.00028941;0.0066;0.0069418
-0.020613;2.5134e-05;0.0059173;0.0064584
-0.01842;-0.00017878;0.0052688;0.0059432
-0.016267;-0.00031997;0.0046516;0.0054002
-0.014177;-0.00039982;0.0040634;0.0048352
-0.012171;-0.00042445;0.0035029;0.0042559
-0.010271;-0.00040426;0.0029706;0.0036732
-0.0084948;-0.00035186;0.0024691;0.0030995
-0.0068585;-0.00028013;0.0020016;0.0025474
-0.0053747;-0.00020117;0.0015721;0.0020285
-0.0040533;-0.00012567;0.0011847;0.0015517
-0.0029032;-6.2188e-05;0.00084455;0.0011249
-0.0019326;-1.6631e-05;0.0005571;0.00075581
-0.0011492;8.3549e-06;0.00032682;0.00045204
-0.00056041;1.437e-05;0.00015656;0.00022083
-0.00017409;7.8642e-06;4.7609e-05;6.8468e-05
0;0;0;0
5.8474e-05;-2.4303e-05;-0.00022117;9.6134e-07
0.00019909;-6.7001e-05;-0.00070999;-1.5889e-05
0.00043113;-0.00011277;-0.0014505;-7.1738e-05
0.00076291;-0.00014668;-0.0024268;-0.00018167
0.0012009;-0.00015465;-0.0036232;-0.00035329
0.0017491;-0.00012442;-0.0050247;-0.0005873
0.002408;-4.4822e-05;-0.0066167;-0.0008791
0.0031752;9.5675e-05;-0.0083856;-0.00122
0.0040468;0.0003081;-0.010317;-0.0015973
0.0050186;0.0006004;-0.012398;-0.001994
0.0060862;0.00097649;-0.014609;-0.0023895
0.0072442;0.0014381;-0.016934;-0.0027625
0.0084853;0.0019878;-0.019353;-0.0030922
0.0098022;0.0026308;-0.021845;-0.0033609
0.011188;0.0033731;-0.024394;-0.0035542
0.012637;0.00422;-0.026979;-0.0036614
0.014142;0.0051739;-0.029586;-0.003673
0.015696;0.0062352;-0.032196;-0.0035775
0.017291;0.007403;-0.034795;-0.0033593
0.018917;0.0086778;-0.037366;-0.0029984
0.020568;0.010061;-0.039898;-0.0024709
0.022235;0.011555;-0.042378;-0.0017515
0.023917;0.01316;-0.0448;-0.00081478
0.025616;0.014875;-0.047157;0.00036489
0.027334;0.0167;-0.049447;0.0018124
0.02907;0.018631;-0.051671;0.0035491
0.030815;0.020669;-0.05383;0.0055909
0.032554;0.022809;-0.055926;0.0079468
0.034268;0.025047;-0.057961;0.010622
0.035937;0.027374;-0.059935;0.013616
0.037541;0.029779;-0.061842;0.016925
0.039062;0.03225;-0.06368;0.020537
0.040482;0.034774;-0.065446;0.024429
0.041781;0.03734;-0.067138;0.028565
0.042938;0.039936;-0.068757;0.032896
0.043935;0.042549;-0.070301;0.037365
0.044754;0.045168;-0.071769;0.041907
0.045382;0.04778;-0.073159;0.046451
0.045808;0.050378;-0.074473;0.050917
0.046026;0.052956;-0.075708;0.055228
0.046035;0.055509;-0.076861;0.059309
0.045831;0.058036;-0.077931;0.06309
0.045416;0.060538;-0.078913;0.066513
0.044789;0.063014;-0.079808;0.069534
0.043954;0.065465;-0.080613;0.072123
0.042915;0.06789;-0.081329;0.074271
0.04168;0.070289;-0.081955;0.075979
0.040262;0.072663;-0.082492;0.077258
0.038669;0.075012;-0.082941;0.078123
0.036912;0.077339;-0.083307;0.078584
0.035;0.079645;-0.083595;0.078656
0.03294;0.081932;-0.083809;0.078354
0.030739;0.084199;-0.083955;0.077694
0.028402;0.086445;-0.084036;0.076693
0.025934;0.088669;-0.084056;0.075362
0.023347;0.090868;-0.084021;0.07371
0.020657;0.09304;-0.083936;0.071742
0.017886;0.095184;-0.083804;0.069465
0.015064;0.097299;-0.083627;0.066887
0.012226;0.099385;-0.083398;0.06402
0.0094084;0.10145;-0.083111;0.06088
0.0066514;0.10349;-0.08276;0.057485
0.0039922;0.10552;-0.08234;0.053854
0.0014633;0.10755;-0.081848;0.050011
-0.00091091;0.10958;-0.081281;0.045978
-0.0031143;0.11162;-0.080641;0.041783
-0.0051361;0.11367;-0.079931;0.037448
-0.0069681;0.11573;-0.079159;0.032997
-0.0086023;0.1178;-0.078336;0.028449
-0.010033;0.11988;-0.077473;0.02382
-0.011256;0.12195;-0.076587;0.019129
-0.012279;0.12399;-0.075693;0.014395
-0.013113;0.126;-0.074809;0.0096373
-0.01378;0.12795;-0.073954;0.0048717
-0.014304;0.12983;-0.073147;0.00010471
-0.014711;0.13162;-0.072411;-0.004667
-0.015023;0.13331;-0.071766;-0.0094536
-0.015261;0.13489;-0.071238;-0.014264
-0.015443;0.13637;-0.070847;-0.019099
-0.015587;0.13774;-0.070613;-0.023946
-0.015714;0.13901;-0.070553;-0.028781
-0.015842;0.14018;-0.070682;-0.033576
-0.015991;0.14126;-0.071013;-0.038294
-0.016176;0.14224;-0.071552;-0.042892
-0.01641;0.14314;-0.072302;-0.047319
-0.016705;0.14396;-0.073259;-0.051525
-0.01707;0.1447;-0.074414;-0.055457
-0.01751;0.14536;-0.075751;-0.059065
-0.018027;0.14597;-0.077249;-0.062307
-0.01862;0.1465;-0.078881;-0.065151
-0.019285;0.14697;-0.080614;-0.067568
-0.020017;0.14737;-0.082415;-0.069533
-0.020812;0.1477;-0.084248;-0.071025
-0.021663;0.14793;-0.086079;-0.072034
-0.022566;0.14806;-0.087875;-0.072561
-0.023511;0.14807;-0.089603;-0.072617
-0.024488;0.14795;-0.091236;-0.07222
-0.025484;0.1477;-0.092749;-0.071394
-0.026486;0.1473;-0.094123;-0.070161
-0.027481;0.14676;-0.095344;-0.068545
-0.028459;0.14607;-0.096403;-0.066571
-0.029408;0.14525;-0.097295;-0.064265
-0.03032;0.1443;-0.098018;-0.061654
-0.031186;0.14323;-0.098571;-0.058763
-0.032002;0.14205;-0.098955;-0.055608
-0.032765;0.14076;-0.099172;-0.0522
-0.033478;0.13939;-0.099225;-0.048549
-0.034147;0.13795;-0.09912;-0.04467
-0.034781;0.13646;-0.098863;-0.040587
-0.03539;0.13492;-0.098462;-0.036338
-0.035986;0.13335;-0.097922;-0.031969
-0.036578;0.13175;-0.09725;-0.027535
-0.037174;0.13012;-0.096446;-0.023087
-0.037777;0.12846;-0.095511;-0.018671
-0.038393;0.12676;-0.09444;-0.014333
-0.039022;0.12502;-0.093229;-0.010118
-0.039668;0.12324;-0.091875;-0.006071
-0.040334;0.1214;-0.090369;-0.0022307
-0.041022;0.11952;-0.088705;0.0013664
-0.041734;0.11761;-0.086875;0.0046874
-0.042472;0.11568;-0.084876;0.0077034
-0.043233;0.11374;-0.082705;0.01039
-0.044019;0.11182;-0.080369;0.012729
-0.044826;0.10992;-0.077873;0.014711
-0.045653;0.10806;-0.075226;0.016337
-0.046498;0.10625;-0.072442;0.017617
-0.04736;0.1045;-0.069534;0.018569
-0.048234;0.10281;-0.066518;0.019214
-0.049119;0.10119;-0.063411;0.019578
-0.050013;0.09962;-0.060238;0.019685
-0.050912;0.098103;-0.05702;0.019561
-0.051811;0.096626;-0.053782;0.019233
-0.052703;0.095174;-0.050544;0.018722
-0.05358;0.093731;-0.047324;0.018045
-0.054432;0.092282;-0.044142;0.01721
-0.055251;0.09081;-0.041013;0.016225
-0.056029;0.089302;-0.037951;0.015095
-0.05676;0.087744;-0.034969;0.013827
-0.057441;0.086125;-0.032076;0.012432
-0.058068;0.08444;-0.029279;0.010922
-0.058636;0.082685;-0.026579;0.0093127
-0.059145;0.080862;-0.023976;0.0076188
-0.059589;0.078977;-0.021464;0.005855
-0.059965;0.077037;-0.019038;0.0040387
-0.060271;0.07505;-0.01669;0.0021918
-0.060503;0.073025;-0.014412;0.00033895
-0.060661;0.070973;-0.012197;-0.0014939
-0.060743;0.068902;-0.010038;-0.0032823
-0.06075;0.066816;-0.0079303;-0.0050053
-0.060681;0.064718;-0.0058729;-0.0066461
-0.060538;0.062604;-0.0038662;-0.0081904
-0.060323;0.060469;-0.001914;-0.0096258
-0.060038;0.058309;-2.2154e-05;-0.010943
-0.059682;0.056123;0.001802;-0.012136
-0.059254;0.053909;0.0035507;-0.013204
-0.058753;0.051668;0.0052169;-0.014152
-0.058179;0.049398;0.0067941;-0.014981
-0.057532;0.047104;0.0082761;-0.015694
-0.056813;0.04479;0.009658;-0.016295
-0.056025;0.042466;0.010937;-0.016783
-0.055168;0.040143;0.01211;-0.017165
-0.05424;0.037836;0.013176;-0.017448
-0.053238;0.035561;0.014131;-0.017645
-0.052158;0.033333;0.014972;-0.017769
-0.050995;0.031167;0.015695;-0.017833
-0.049745;0.029077;0.016295;-0.017843
-0.048405;0.027079;0.016768;-0.017801
-0.046972;0.025184;0.017111;-0.017706
-0.045444;0.023401;0.017319;-0.017554
-0.043824;0.021731;0.017391;-0.017338
-0.042116;0.020167;0.01733;-0.017053
-0.04033;0.018699;0.01714;-0.016692
-0.038473;0.017315;0.01683;-0.016248
-0.036555;0.016001;0.01641;-0.015716
-0.034588;0.014746;0.015891;-0.015098
-0.032586;0.013537;0.015286;-0.014406
-0.030563;0.012364;0.014606;-0.013653
-0.028537;0.011216;0.013865;-0.012853
-0.026525;0.010089;0.013072;-0.012022
-0.024541;0.008984;0.012238;-0.011174
-0.022597;0.0079093;0.011373;-0.010319
-0.020702;0.0068747;0.010485;-0.0094693
-0.018862;0.0058908;0.0095837;-0.0086325
-0.017083;0.0049672;0.0086793;-0.0078147
-0.015369;0.0041129;0.0077818;-0.0070201
-0.013722;0.0033364;0.0069;-0.0062504
-0.012145;0.0026458;0.0060415;-0.0055065
-0.01064;0.0020478;0.0052136;-0.0047901
-0.0092082;0.0015456;0.004424;-0.0041051
-0.0078529;0.001137;0.0036811;-0.0034573
-0.0065766;0.00081481;0.0029933;-0.0028529
-0.0053836;0.00056841;0.0023681;-0.0022974
-0.0042804;0.00038579;0.0018121;-0.0017951
-0.0032753;0.00025516;0.00133;-0.0013489
-0.0023786;0.00016512;0.00092418;-0.00096159
-0.0016027;0.00010457;0.00059536;-0.00063633
-0.00096185;6.3263e-05;0.0003422;-0.00037594
-0.00047153;3.3394e-05;0.00016145;-0.00018228
-0.00014668;1.1623e-05;4.8713e-05;-5.6424e-05
0;0;0;0
3.127e-05;1.4086e-05;1.8267e-05;9.806e-05
0.0001037;4.2336e-05;8.5836e-05;0.00025894
0.00021876;8.0982e-05;0.00022791;0.0004059
0.00037788;0.00012803;0.00045824;0.00046611
0.00058337;0.00018303;0.00078101;0.0003762
0.00083869;0.00024664;0.0011946;8.9408e-05
0.0011472;0.00032017;0.0016937;-0.00042146
0.0015104;0.00040549;0.0022682;-0.0011677
0.0019277;0.00050548;0.0029015;-0.0021512
0.0023995;0.00062488;0.0035704;-0.0033696
0.0029298;0.00077058;0.0042487;-0.004819
0.0035272;0.00095137;0.0049091;-0.006494
0.0042029;0.0011767;0.0055261;-0.0083884
0.0049682;0.0014554;0.0060756;-0.010496
0.0058303;0.0017939;0.0065352;-0.012816
0.0067904;0.0021953;0.0068843;-0.015353
0.0078438;0.0026587;0.0071058;-0.018115
0.008981;0.0031793;0.0071888;-0.021116
0.010188;0.00375;0.0071304;-0.024368
0.011447;0.0043617;0.0069352;-0.027881
0.012735;0.0050035;0.006613;-0.031663
0.014027;0.0056619;0.0061765;-0.035709
0.015292;0.0063222;0.00564;-0.040005
0.016501;0.0069699;0.0050193;-0.044526
0.01762;0.0075909;0.004332;-0.049237
0.018615;0.0081719;0.0035964;-0.054097
0.019451;0.0087014;0.0028303;-0.05905
0.020096;0.00917;0.0020506;-0.064038
0.020519;0.0095716;0.0012728;-0.068995
0.020691;0.0099032;0.00051255;-0.073855
0.020589;0.010165;-0.0002152;-0.078555
0.02019;0.010359;-0.0008977;-0.083031
0.019474;0.010492;-0.0015262;-0.087226
0.018427;0.010572;-0.0020951;-0.091084
0.017035;0.01061;-0.0025992;-0.094561
0.01529;0.010622;-0.0030321;-0.09762
0.013184;0.010619;-0.0033867;-0.10024
0.010715;0.010614;-0.0036579;-0.1024
0.0078861;0.010618;-0.0038438;-0.10409
0.0047052;0.01064;-0.0039441;-0.10531
0.0011854;0.010686;-0.0039578;-0.10606
-0.0026598;0.010763;-0.003882;-0.10636
-0.0068177;0.010872;-0.0037135;-0.10621
-0.011276;0.011011;-0.0034504;-0.10564
-0.016019;0.011175;-0.0030929;-0.10468
-0.021027;0.011359;-0.0026418;-0.10335
-0.026271;0.011557;-0.0020977;-0.10166
-0.031712;0.011762;-0.001463;-0.099636
-0.037302;0.011967;-0.00074385;-0.097281
-0.042977;0.012163;4.8577e-05;-0.094604
-0.048668;0.012342;0.00089966;-0.091613
-0.054297;0.012496;0.0017944;-0.08831
-0.059789;0.012621;0.0027193;-0.084694
-0.065081;0.012715;0.0036623;-0.080771
-0.070129;0.012783;0.0046121;-0.07656
-0.074904;0.012833;0.0055587;-0.072098
-0.079395;0.01288;0.0064944;-0.067441
-0.083591;0.012937;0.0074138;-0.062661
-0.087485;0.01302;0.008313;-0.057835
-0.091071;0.013144;0.0091901;-0.053036
-0.094349;0.013325;0.010046;-0.048332
-0.097336;0.013576;0.010884;-0.043776
-0.10006;0.013906;0.011712;-0.039413
-0.10255;0.014319;0.012537;-0.035279
-0.10485;0.014816;0.013366;-0.031397
-0.10699;0.015391;0.014204;-0.027779
-0.109;0.016039;0.015054;-0.024422
-0.11093;0.016758;0.015916;-0.021316
-0.1128;0.017543;0.016794;-0.018444
-0.11466;0.01839;0.01769;-0.015785
-0.11653;0.019292;0.018604;-0.013318
-0.11844;0.020245;0.019538;-0.01102
-0.12041;0.021243;0.020493;-0.0088701
-0.12246;0.022287;0.021468;-0.0068488
-0.12458;0.02338;0.022465;-0.0049404
-0.12677;0.024528;0.023482;-0.0031356
-0.12903;0.025736;0.024516;-0.0014311
-0.13133;0.027009;0.025563;0.00016997
-0.13366;0.028352;0.026617;0.0016599
-0.13598;0.029767;0.027669;0.0030279
-0.13825;0.031255;0.028707;0.0042617
-0.14047;0.032815;0.029718;0.0053481
-0.14259;0.03444;0.030681;0.0062731
-0.1446;0.036122;0.031579;0.0070256
-0.14647;0.03785;0.032387;0.0076008
-0.14816;0.03961;0.033084;0.0080028
-0.14965;0.041389;0.033651;0.0082451
-0.15092;0.043172;0.034075;0.0083485
-0.15195;0.044942;0.034348;0.0083375
-0.15275;0.046682;0.034467;0.0082357
-0.15329;0.048371;0.034434;0.0080639
-0.1536;0.049993;0.034261;0.0078398
-0.15369;0.051536;0.033963;0.0075791
-0.15358;0.052995;0.033562;0.0072947
-0.15329;0.054367;0.03308;0.0069932
-0.15286;0.055655;0.032542;0.0066724
-0.15232;0.05686;0.031968;0.0063205
-0.15169;0.057986;0.031384;0.0059203
-0.15101;0.059037;0.030808;0.0054528
-0.1503;0.06002;0.03026;0.0049001
-0.1496;0.060942;0.029753;0.0042471
-0.14891;0.061812;0.029296;0.0034826
-0.14826;0.062635;0.028894;0.0025995
-0.14764;0.063417;0.028548;0.0015952
-0.14707;0.064163;0.028256;0.00047419
-0.14653;0.064875;0.028018;-0.00074946
-0.14602;0.065555;0.02783;-0.0020523
-0.14555;0.066203;0.02769;-0.0034043
-0.1451;0.066819;0.02759;-0.0047727
-0.14467;0.067399;0.027525;-0.0061253
-0.14426;0.067943;0.027487;-0.0074313
-0.14386;0.068452;0.027467;-0.0086616
-0.14348;0.06893;0.02746;-0.0097891
-0.14312;0.069381;0.027458;-0.010791
-0.1428;0.069811;0.027457;-0.011653
-0.1425;0.070224;0.027452;-0.012372
-0.14225;0.070623;0.027443;-0.012955
-0.14204;0.07101;0.027431;-0.013418
-0.14187;0.071383;0.027423;-0.013778
-0.14177;0.071743;0.027426;-0.014055
-0.14172;0.072083;0.027447;-0.014264
-0.14172;0.072396;0.027494;-0.014415
-0.14177;0.072672;0.027573;-0.014514
-0.14187;0.072898;0.02769;-0.014562
-0.142;0.073059;0.027847;-0.014554
-0.14215;0.073138;0.028044;-0.014482
-0.14232;0.073118;0.028277;-0.014333
-0.14248;0.072984;0.028537;-0.014096
-0.14263;0.072722;0.028814;-0.013761
-0.14274;0.072324;0.029099;-0.01332
-0.14283;0.071787;0.029381;-0.012769
-0.14286;0.071112;0.029648;-0.012107
-0.14285;0.070307;0.029888;-0.01134
-0.14276;0.069382;0.030088;-0.010472
-0.14261;0.068351;0.030235;-0.0095132
-0.14236;0.067229;0.030319;-0.0084756
-0.14202;0.066033;0.030332;-0.0073751
-0.14157;0.06478;0.030272;-0.0062312
-0.141;0.063487;0.03014;-0.0050631
-0.14029;0.062174;0.029945;-0.003887
-0.13943;0.060855;0.029693;-0.0027159
-0.13842;0.059543;0.029397;-0.0015622
-0.13723;0.058246;0.029068;-0.00043782
-0.13586;0.056966;0.028719;0.00064641
-0.13432;0.055702;0.028363;0.0016842
-0.1326;0.054454;0.028009;0.0026746
-0.1307;0.05322;0.027669;0.0036208
-0.12863;0.052;0.027351;0.0045278
-0.12638;0.05079;0.027061;0.0054024
-0.12398;0.049587;0.026806;0.0062517
-0.12141;0.048385;0.026585;0.0070827
-0.11871;0.04718;0.026399;0.0079009
-0.11587;0.045973;0.026244;0.0087105
-0.11291;0.044766;0.026112;0.0095138
-0.10984;0.043567;0.025994;0.010309
-0.10665;0.042379;0.025876;0.011088
-0.10335;0.041209;0.02574;0.011838
-0.099971;0.04006;0.025566;0.012546
-0.096506;0.038934;0.025338;0.013202
-0.092969;0.037836;0.025039;0.013796
-0.08937;0.036767;0.024658;0.014324
-0.085716;0.035728;0.024186;0.01478
-0.082018;0.034716;0.023617;0.015155
-0.078284;0.033725;0.02295;0.015442
-0.074522;0.032746;0.022191;0.015635
-0.070739;0.031771;0.021348;0.015732
-0.066941;0.03079;0.020434;0.015735
-0.063137;0.029792;0.019462;0.015648
-0.059335;0.02877;0.018446;0.015476
-0.055545;0.027715;0.017396;0.015225
-0.051777;0.026623;0.016326;0.014904
-0.048041;0.025493;0.015246;0.014528
-0.044346;0.024329;0.014168;0.014111
-0.040703;0.023139;0.013099;0.01367
-0.037125;0.021931;0.012048;0.013217
-0.033625;0.020717;0.011019;0.012755
-0.030218;0.019505;0.010018;0.012279
-0.026919;0.018306;0.0090494;0.011781
-0.023745;0.017126;0.0081176;0.011249
-0.020712;0.015973;0.0072278;0.010679
-0.017837;0.014853;0.0063851;0.010063
-0.015138;0.013767;0.0055937;0.0093987
-0.012631;0.012716;0.0048576;0.0086832
-0.010332;0.011696;0.00418;0.0079168
-0.0082529;0.010701;0.0035628;0.0071054
-0.0064031;0.0097281;0.0030052;0.0062617
-0.0047864;0.0087751;0.0025043;0.0054057
-0.0034031;0.0078406;0.0020556;0.004561
-0.0022493;0.0069236;0.0016554;0.0037502
-0.0013181;0.0060231;0.0013015;0.0029922
-0.00059977;0.0051398;0.00099368;0.0023029
-8.0929e-05;0.0042785;0.00073192;0.0016957
0.00025597;0.00345;0.00051539;0.0011816
0.00043385;0.0026699;0.00034206;0.00076746
0.00048121;0.0019566;0.00020905;0.00045409
0.00043114;0.0013282;0.00011311;0.00023543
0.00031979;0.00080222;5.0478e-05;9.9061e-05
0.00018508;0.00039543;1.5988e-05;2.8081e-05
6.5677e-05;0.00012352;2.3066e-06;2.6004e-06
0;0;0;0
2.8541e-05;-4.8602e-05;1.1946e-05;3.8998e-05
9.1425e-05;-0.00016553;3.1593e-05;0.00010671
0.00018597;-0.00035913;4.8817e-05;0.0001769
0.00030911;-0.00063759;5.2036e-05;0.00022624
0.00045778;-0.0010091;2.8382e-05;0.00023846
0.00062952;-0.001482;-3.5528e-05;0.00020656
0.00082298;-0.0020645;-0.00015341;0.00013097
0.0010381;-0.0027637;-0.00033971;1.5962e-05
0.0012753;-0.0035842;-0.00060931;-0.00013249
0.0015347;-0.0045276;-0.00097653;-0.00030724
0.001816;-0.005593;-0.0014543;-0.00050013
0.0021201;-0.0067773;-0.0020539;-0.00070176
0.00245;-0.008075;-0.0027839;-0.00090134
0.0028117;-0.0094779;-0.0036513;-0.0010879
0.0032141;-0.010975;-0.0046611;-0.0012524
0.0036685;-0.012555;-0.0058157;-0.0013893
0.0041876;-0.014204;-0.0071142;-0.0014963
0.0047826;-0.015912;-0.008553;-0.0015721
0.0054604;-0.017667;-0.010127;-0.0016138
0.0062226;-0.019457;-0.011832;-0.0016163
0.0070662;-0.021272;-0.013659;-0.0015725
0.0079844;-0.023101;-0.0156;-0.0014746
0.008968;-0.024938;-0.017646;-0.0013135
0.010006;-0.026778;-0.019785;-0.0010783
0.011088;-0.028616;-0.022006;-0.00075576
0.012198;-0.03045;-0.024298;-0.0003314
0.013323;-0.03228;-0.026649;0.00021012
0.014445;-0.034104;-0.029047;0.00088467
0.01555;-0.035924;-0.031482;0.0017088
0.016622;-0.037738;-0.033944;0.0026996
0.017643;-0.039542;-0.036424;0.0038745
0.018598;-0.041335;-0.038918;0.0052498
0.019467;-0.043118;-0.041417;0.0068393
0.020233;-0.044893;-0.043916;0.0086512
0.020877;-0.046666;-0.04641;0.010687
0.021381;-0.048441;-0.048893;0.012942
0.021726;-0.050222;-0.051358;0.015409
0.021895;-0.052011;-0.053799;0.018081
0.021872;-0.053814;-0.056205;0.020945
0.021644;-0.055634;-0.05857;0.02399
0.021205;-0.057473;-0.060883;0.027196
0.020552;-0.059329;-0.063133;0.030538
0.019694;-0.0612;-0.065313;0.033986
0.018648;-0.063078;-0.067413;0.037509
0.01744;-0.064957;-0.069429;0.041086
0.016098;-0.066825;-0.071353;0.0447
0.014648;-0.068667;-0.07318;0.048339
0.013119;-0.070467;-0.074906;0.051993
0.011537;-0.072208;-0.07653;0.055652
0.0099221;-0.073874;-0.078051;0.0593
0.0082948;-0.075447;-0.079468;0.062921
0.006668;-0.076911;-0.08078;0.066495
0.0050513;-0.078249;-0.081983;0.070001
0.003452;-0.079445;-0.083076;0.073414
0.0018778;-0.080489;-0.08406;0.076707
0.00033902;-0.081374;-0.084936;0.079845
-0.0011534;-0.082096;-0.085707;0.082796
-0.0025896;-0.082657;-0.08638;0.085534
-0.003963;-0.083062;-0.086964;0.088036
-0.0052712;-0.083316;-0.087469;0.090288
-0.0065152;-0.083429;-0.087903;0.092276
-0.0076985;-0.083408;-0.088275;0.093987
-0.0088253;-0.083262;-0.088592;0.09541
-0.0098989;-0.083002;-0.088859;0.096533
-0.010921;-0.082641;-0.089081;0.097349
-0.011893;-0.08219;-0.089265;0.097854
-0.012812;-0.081659;-0.089414;0.098048
-0.013673;-0.081052;-0.089533;0.09793
-0.01447;-0.080375;-0.089623;0.097503
-0.015193;-0.079635;-0.089689;0.09677
-0.015834;-0.078836;-0.089733;0.095739
-0.01639;-0.077984;-0.089757;0.094422
-0.016861;-0.07708;-0.089763;0.092835
-0.017249;-0.076122;-0.089755;0.090994
-0.017561;-0.075111;-0.089735;0.088914
-0.017802;-0.074046;-0.089712;0.086603
-0.017979;-0.072927;-0.089693;0.084071
-0.018102;-0.071754;-0.089689;0.081325
-0.018179;-0.070527;-0.089709;0.07837
-0.01822;-0.069242;-0.089763;0.075217
-0.018236;-0.0679;-0.089859;0.071874
-0.018238;-0.0665;-0.090006;0.068356
-0.018235;-0.065047;-0.090212;0.064677
-0.018235;-0.063549;-0.090485;0.060852
-0.018244;-0.062014;-0.090834;0.056902
-0.018267;-0.060454;-0.091268;0.052844
-0.018303;-0.058879;-0.091797;0.0487
-0.018348;-0.057298;-0.092436;0.04449
-0.018395;-0.05572;-0.093203;0.040238
-0.018439;-0.054152;-0.094118;0.035973
-0.018473;-0.052599;-0.095198;0.031732
-0.018494;-0.051061;-0.096459;0.02756
-0.018502;-0.049539;-0.097909;0.02351
-0.018497;-0.048033;-0.099548;0.019633
-0.018477;-0.046539;-0.10137;0.015983
-0.01844;-0.045055;-0.10335;0.012609
-0.018383;-0.043577;-0.10549;0.0095538
-0.0183;-0.042098;-0.10774;0.0068564
-0.018187;-0.040612;-0.11008;0.0045519
-0.01804;-0.039112;-0.11247;0.0026734
-0.017856;-0.037594;-0.11488;0.0012522
-0.017632;-0.036052;-0.11728;0.00031607
-0.017364;-0.034484;-0.11964;-0.00011449
-0.017051;-0.032888;-0.12192;-2.6801e-05
-0.016692;-0.031264;-0.1241;0.00058486
-0.016288;-0.029611;-0.12616;0.0017195
-0.015838;-0.027928;-0.12809;0.0033675
-0.015344;-0.026213;-0.12987;0.005508
-0.014804;-0.024464;-0.13149;0.0081095
-0.014221;-0.022681;-0.13296;0.011134
-0.013595;-0.020866;-0.13428;0.014542
-0.012927;-0.019023;-0.13544;0.018297
-0.012219;-0.017156;-0.13646;0.022366
-0.011473;-0.015263;-0.13733;0.026721
-0.010689;-0.013343;-0.13807;0.031327
-0.0098692;-0.011391;-0.13867;0.036134
-0.0090159;-0.0094051;-0.13914;0.04108
-0.0081342;-0.0073854;-0.13947;0.046093
-0.0072292;-0.0053337;-0.13967;0.051105
-0.0063048;-0.0032528;-0.13972;0.056053
-0.0053628;-0.0011465;-0.13962;0.060883
-0.0044033;0.00097842;-0.13936;0.065551
-0.0034262;0.0031114;-0.13895;0.070015
-0.002432;0.0052388;-0.13837;0.074237
-0.0014216;0.0073464;-0.13762;0.078187
-0.00039559;0.009421;-0.1367;0.081841
0.00064653;0.01145;-0.1356;0.085189
0.0017068;0.013419;-0.13432;0.088227
0.0027871;0.015314;-0.13288;0.090956
0.0038879;0.01712;-0.13128;0.093381
0.0050076;0.018821;-0.12954;0.095512
0.0061426;0.020408;-0.12766;0.097356
0.0072878;0.021875;-0.12566;0.098924
0.0084375;0.023217;-0.12355;0.10023
0.0095862;0.024436;-0.12134;0.10126
0.010729;0.025532;-0.11905;0.10204
0.011863;0.026507;-0.1167;0.10255
0.012981;0.027365;-0.11429;0.10278
0.014077;0.028114;-0.11183;0.10272
0.015145;0.02876;-0.10934;0.10236
0.016174;0.029309;-0.10684;0.10169
0.017156;0.029765;-0.10432;0.10072
0.018084;0.030124;-0.10179;0.099428
0.018954;0.03038;-0.099265;0.097838
0.019761;0.030525;-0.096742;0.09596
0.020499;0.030554;-0.09422;0.093814
0.021163;0.030466;-0.091695;0.091431
0.021748;0.030263;-0.089156;0.088842
0.022251;0.029947;-0.086596;0.086087
0.022668;0.029522;-0.084001;0.083203
0.022996;0.028994;-0.081364;0.080229
0.023232;0.02837;-0.078673;0.077207
0.023372;0.027661;-0.075923;0.074176
0.023417;0.026882;-0.07311;0.071172
0.023365;0.02605;-0.070237;0.068226
0.023219;0.025184;-0.067312;0.065362
0.022979;0.024298;-0.064345;0.062595
0.022644;0.023406;-0.061354;0.059937
0.022216;0.022523;-0.058355;0.057393
0.021698;0.021661;-0.055369;0.054962
0.021096;0.020834;-0.052416;0.052639
0.020418;0.020047;-0.049517;0.050411
0.019673;0.019302;-0.046688;0.048263
0.018871;0.01859;-0.043941;0.046178
0.018023;0.017897;-0.041284;0.044145
0.01714;0.017205;-0.038721;0.042154
0.016237;0.016497;-0.036256;0.040199
0.015327;0.015761;-0.033887;0.038282
0.014421;0.014986;-0.031616;0.036406
0.013527;0.014165;-0.029441;0.034577
0.01265;0.013295;-0.027361;0.032804
0.011791;0.012378;-0.025373;0.031094
0.010954;0.01142;-0.023476;0.029455
0.010139;0.010435;-0.021665;0.027892
0.0093496;0.0094371;-0.019941;0.026408
0.0085877;0.0084436;-0.018303;0.025001
0.0078558;0.0074707;-0.01675;0.023662
0.007156;0.0065342;-0.015283;0.02238
0.0064909;0.00565;-0.013898;0.021143
0.0058626;0.0048348;-0.012591;0.019935
0.0052721;0.0041035;-0.011357;0.018743
0.0047191;0.0034651;-0.010191;0.017554
0.0042031;0.0029214;-0.0090905;0.016353
0.0037239;0.0024678;-0.0080541;0.015131
0.0032815;0.0020957;-0.0070807;0.013881
0.0028752;0.0017943;-0.0061696;0.012606
0.0025031;0.0015512;-0.0053208;0.011312
0.0021629;0.0013523;-0.0045343;0.010007
0.0018523;0.0011834;-0.0038095;0.0087035
0.0015688;0.0010315;-0.003146;0.0074152
0.0013094;0.000887;-0.0025446;0.0061622
0.0010706;0.0007447;-0.0020075;0.0049697
0.00084987;0.00060427;-0.0015369;0.0038647
0.00064766;0.00046914;-0.001133;0.0028724
0.00046697;0.00034426;-0.00079378;0.0020136
0.00031166;0.00023404;-0.00051662;0.0013035
0.00018505;0.0001416;-0.00029976;0.00074964
8.9695e-05;6.9643e-05;-0.00014224;0.00035225
2.7582e-05;2.1455e-05;-4.2969e-05;0.00010541
0;0;0;0
5.9444e-05;7.2119e-05;-0.00022378;4.9152e-05
0.00019172;0.0002328;-0.00074122;0.00016011
0.00039346;0.00047708;-0.0015517;0.00032973
0.00066112;0.00079935;-0.0026348;0.00055074
0.00099124;0.0011935;-0.0039535;0.00081018
0.0013813;0.0016527;-0.0054623;0.0010895
0.0018306;0.0021693;-0.0071152;0.0013673
0.0023403;0.0027355;-0.0088683;0.0016232
0.0029116;0.003344;-0.010677;0.0018401
0.0035443;0.0039876;-0.012497;0.0020051
0.0042363;0.0046591;-0.014286;0.0021093
0.0049843;0.005351;-0.016011;0.002147
0.005786;0.006057;-0.017651;0.0021147
0.0066407;0.006774;-0.019198;0.0020112
0.0075486;0.0075026;-0.020654;0.0018388
0.0085098;0.0082447;-0.022025;0.0016037
0.0095243;0.0089995;-0.023324;0.0013163
0.010592;0.0097615;-0.024576;0.00099019
0.011711;0.010521;-0.025813;0.00064063
0.012882;0.01127;-0.027072;0.00028419
0.014104;0.012;-0.028388;-6.0042e-05
0.015376;0.012703;-0.029794;-0.00037025
0.016695;0.01337;-0.031316;-0.00062304
0.01806;0.013987;-0.032976;-0.0007948
0.019469;0.014541;-0.034788;-0.0008635
0.020919;0.01502;-0.036762;-0.00081009
0.022412;0.01542;-0.038896;-0.00061883
0.023945;0.015736;-0.04118;-0.00027692
0.025519;0.015972;-0.043594;0.00022504
0.027133;0.016129;-0.046114;0.00089173
0.028788;0.016213;-0.048713;0.0017219
0.030485;0.016233;-0.051357;0.0027093
0.032224;0.0162;-0.054013;0.0038462
0.034006;0.016133;-0.056643;0.0051257
0.03583;0.016048;-0.059216;0.0065426
0.037691;0.015963;-0.061707;0.0080914
0.039585;0.01589;-0.064095;0.0097645
0.041502;0.015841;-0.066364;0.011551
0.043436;0.015822;-0.068503;0.013438
0.045376;0.01584;-0.070506;0.01541
0.047317;0.015899;-0.072374;0.01745
0.049255;0.015998;-0.074111;0.019536
0.051185;0.016132;-0.075726;0.021647
0.053106;0.016295;-0.077228;0.023752
0.055018;0.016477;-0.078623;0.025818
0.056921;0.016674;-0.079919;0.027808
0.058815;0.01688;-0.081119;0.029681
0.060704;0.017089;-0.082231;0.031399
0.06259;0.017295;-0.08326;0.032928
0.064479;0.01749;-0.084209;0.034243
0.066379;0.017668;-0.085083;0.035324
0.068296;0.017822;-0.085882;0.036162
0.070239;0.017955;-0.08661;0.036747
0.072209;0.01807;-0.087267;0.037079
0.074209;0.01817;-0.087858;0.037161
0.076238;0.018259;-0.088386;0.037007
0.078291;0.01834;-0.088857;0.036636
0.080364;0.018417;-0.089273;0.03607
0.082453;0.018494;-0.089637;0.035333
0.08455;0.018577;-0.089951;0.034454
0.086651;0.018672;-0.090217;0.033459
0.088747;0.018785;-0.090436;0.032377
0.090834;0.018919;-0.090606;0.031232
0.0929;0.019077;-0.090723;0.030042
0.094924;0.019259;-0.090782;0.028814
0.096874;0.019463;-0.090785;0.027551
0.098709;0.019689;-0.090734;0.026249
0.10038;0.019933;-0.090632;0.024904
0.10183;0.020191;-0.090486;0.023515
0.103;0.020455;-0.090305;0.022079
0.10384;0.02072;-0.090099;0.020598
0.10428;0.020981;-0.089885;0.019074
0.10426;0.021235;-0.08968;0.017511
0.10373;0.021484;-0.089499;0.015913
0.10266;0.021731;-0.089357;0.014284
0.10099;0.021976;-0.089265;0.012634
0.098703;0.022223;-0.089235;0.010973
0.095778;0.022472;-0.089273;0.0093131
0.0922;0.022723;-0.089389;0.0076661
0.087965;0.022977;-0.089587;0.0060442
0.08308;0.023232;-0.089873;0.0044575
0.077565;0.023482;-0.090252;0.0029141
0.071449;0.023719;-0.09073;0.0014207
0.064765;0.023934;-0.091315;-1.8354e-05
0.057552;0.024114;-0.092015;-0.0014029
0.049861;0.02425;-0.092837;-0.0027384
0.041761;0.024332;-0.093792;-0.0040356
0.033344;0.024355;-0.094889;-0.0053094
0.024729;0.024312;-0.096138;-0.0065753
0.016059;0.024197;-0.097547;-0.0078478
0.0074826;0.024006;-0.099121;-0.0091374
-0.00087275;0.023734;-0.10086;-0.010449
-0.0089266;0.023382;-0.10276;-0.011781
-0.016638;0.022951;-0.10481;-0.013119
-0.023976;0.022441;-0.10699;-0.014441
-0.030896;0.021853;-0.10929;-0.015716
-0.037351;0.021189;-0.11167;-0.016904
-0.043312;0.020451;-0.11412;-0.01796
-0.048792;0.019643;-0.11661;-0.018839
-0.053843;0.018774;-0.11909;-0.01949
-0.05853;0.017855;-0.12153;-0.019865
-0.062918;0.016897;-0.12391;-0.019917
-0.067059;0.015909;-0.12619;-0.019603
-0.071012;0.014899;-0.12835;-0.018889
-0.07485;0.013871;-0.13037;-0.017754
-0.078653;0.012828;-0.13222;-0.016192
-0.082496;0.011774;-0.1339;-0.014212
-0.08643;0.010709;-0.13539;-0.011831
-0.09048;0.0096319;-0.13671;-0.0090757
-0.094653;0.0085388;-0.13785;-0.0059777
-0.098952;0.0074273;-0.13881;-0.0025743
-0.10337;0.0062989;-0.13961;0.001096
-0.10791;0.0051604;-0.14025;0.0049962
-0.11253;0.0040222;-0.14075;0.0090926
-0.11718;0.0028967;-0.14111;0.013354
-0.12181;0.0017951;-0.14135;0.017747
-0.12636;0.00072682;-0.14149;0.022235
-0.13076;-0.00030066;-0.14152;0.02678
-0.13497;-0.0012812;-0.14147;0.031344
-0.13892;-0.002209;-0.14133;0.035888
-0.14256;-0.0030799;-0.14112;0.040382
-0.14585;-0.0038929;-0.14084;0.044795
-0.14873;-0.0046526;-0.14049;0.049104
-0.1512;-0.0053671;-0.14007;0.053285
-0.15325;-0.0060462;-0.13959;0.057316
-0.15489;-0.0066988;-0.13903;0.061174
-0.15612;-0.0073327;-0.13842;0.064839
-0.15696;-0.0079543;-0.13775;0.068289
-0.15744;-0.0085698;-0.13702;0.071507
-0.15758;-0.0091857;-0.13624;0.074478
-0.15744;-0.0098087;-0.13542;0.077188
-0.15704;-0.010444;-0.13457;0.079623
-0.15642;-0.011095;-0.13369;0.081769
-0.1556;-0.011761;-0.13279;0.083613
-0.15462;-0.012439;-0.13187;0.085146
-0.15349;-0.013124;-0.13094;0.086368
-0.15223;-0.013809;-0.12999;0.087282
-0.15085;-0.014484;-0.12903;0.087898
-0.14935;-0.01514;-0.12805;0.088226
-0.14773;-0.015762;-0.12706;0.088281
-0.14599;-0.016341;-0.12606;0.08808
-0.14412;-0.016865;-0.12504;0.087643
-0.14211;-0.017328;-0.12399;0.086989
-0.13996;-0.017727;-0.12291;0.086138
-0.13766;-0.018062;-0.12179;0.085104
-0.13521;-0.018336;-0.12062;0.0839
-0.13261;-0.01855;-0.11938;0.082538
-0.12987;-0.01871;-0.11807;0.081028
-0.12701;-0.018818;-0.11666;0.07938
-0.12404;-0.01888;-0.11515;0.077608
-0.12099;-0.018899;-0.11353;0.075725
-0.11785;-0.018879;-0.11181;0.073745
-0.11464;-0.018823;-0.10997;0.071683
-0.11138;-0.018728;-0.10801;0.069554
-0.10807;-0.018593;-0.10594;0.067375
-0.10474;-0.018415;-0.10376;0.065163
-0.10137;-0.018189;-0.10146;0.062938
-0.097979;-0.01791;-0.099048;0.06072
-0.094571;-0.017573;-0.096526;0.058523
-0.091148;-0.017174;-0.093895;0.056359
-0.087717;-0.016711;-0.091156;0.054235
-0.084283;-0.016184;-0.088316;0.052153
-0.080854;-0.015596;-0.08538;0.050114
-0.077436;-0.014956;-0.082358;0.048116
-0.074035;-0.01427;-0.07926;0.046149
-0.070659;-0.01355;-0.076101;0.044202
-0.067312;-0.012805;-0.072893;0.042254
-0.064002;-0.012048;-0.069648;0.040287
-0.060734;-0.011288;-0.066377;0.038287
-0.057513;-0.010535;-0.063091;0.036246
-0.054339;-0.0097934;-0.059805;0.034164
-0.051212;-0.0090674;-0.056531;0.032045
-0.048133;-0.0083562;-0.053283;0.029899
-0.045102;-0.0076572;-0.050069;0.027737
-0.042121;-0.006967;-0.046898;0.025577
-0.039193;-0.0062831;-0.043776;0.02344
-0.036322;-0.0056048;-0.04071;0.021346
-0.033513;-0.0049323;-0.037708;0.019317
-0.030769;-0.0042663;-0.03478;0.017373
-0.028096;-0.0036075;-0.031933;0.015532
-0.025503;-0.0029574;-0.029171;0.013811
-0.022999;-0.00232;-0.0265;0.01222
-0.020592;-0.001703;-0.023922;0.010768
-0.018292;-0.001117;-0.021444;0.0094526
-0.016107;-0.00057495;-0.019074;0.0082681
-0.014047;-8.9634e-05;-0.01682;0.0072011
-0.012119;0.00032743;-0.014693;0.0062364
-0.010331;0.0006668;-0.012696;0.0053593
-0.0086892;0.0009218;-0.010831;0.0045579
-0.0071969;0.0010891;-0.0090977;0.0038252
-0.0058536;0.0011691;-0.0074967;0.0031577
-0.0046562;0.0011669;-0.0060314;0.0025534
-0.0036005;0.0010917;-0.0047082;0.0020101
-0.0026825;0.00095679;-0.0035348;0.0015254
-0.0018995;0.00077923;-0.0025186;0.001099
-0.00125;0.00057918;-0.0016658;0.00073407
-0.00073409;0.00037855;-0.00098248;0.00043617
-0.00035296;0.00019992;-0.00047417;0.00021147
-0.00010796;6.6232e-05;-0.00014559;6.5088e-05
0;0;0;0
3.1791e-05;0.0001104;-0.00010109;-5.5829e-05
9.9285e-05;0.00035968;-0.00032825;-0.00018613
0.00019753;0.00074512;-0.00067357;-0.00039115
0.00032249;0.001262;-0.0011237;-0.00066371
0.00047128;0.0019043;-0.0016636;-0.00099047
0.00064245;0.0026659;-0.0022797;-0.0013553
0.00083604;0.0035404;-0.0029602;-0.0017415
0.0010534;0.0045198;-0.0036922;-0.0021318
0.0012967;0.0055929;-0.0044601;-0.0025095
0.0015686;0.0067451;-0.0052467;-0.0028599
0.0018716;0.0079599;-0.0060378;-0.0031715
0.0022071;0.0092214;-0.0068231;-0.0034372
0.0025761;0.010516;-0.0075964;-0.0036543
0.0029795;0.011834;-0.0083531;-0.0038255
0.0034186;0.013166;-0.0090896;-0.0039583
0.0038946;0.014502;-0.0098045;-0.0040638
0.0044095;0.015834;-0.010501;-0.0041538
0.0049654;0.017152;-0.011188;-0.0042394
0.0055648;0.018448;-0.011879;-0.0043309
0.0062107;0.019717;-0.012591;-0.0044389
0.0069063;0.020955;-0.013339;-0.0045721
0.0076558;0.022159;-0.014138;-0.0047349
0.008464;0.023328;-0.015001;-0.0049244
0.0093369;0.024462;-0.015944;-0.0051301
0.010281;0.025563;-0.016978;-0.0053349
0.011302;0.026635;-0.018113;-0.0055175
0.012407;0.027684;-0.019352;-0.0056521
0.013604;0.028717;-0.020693;-0.0057094
0.0149;0.02974;-0.022125;-0.005657
0.016306;0.030758;-0.023636;-0.0054612
0.017829;0.031775;-0.025207;-0.0050896
0.019481;0.032792;-0.026817;-0.0045127
0.021268;0.033814;-0.028445;-0.0037049
0.023192;0.034838;-0.030073;-0.0026442
0.025252;0.035863;-0.031682;-0.001312
0.027439;0.036887;-0.033258;0.00030567
0.029742;0.037909;-0.034789;0.0022176
0.032143;0.03893;-0.036268;0.0044255
0.034624;0.039955;-0.037688;0.0069249
0.037163;0.04099;-0.039048;0.0097068
0.039732;0.042044;-0.040352;0.012759
0.042301;0.043123;-0.041607;0.016069
0.044838;0.044233;-0.042823;0.019624
0.047306;0.045378;-0.044006;0.023408
0.04967;0.046562;-0.045158;0.027405
0.051894;0.047791;-0.046275;0.031594
0.053943;0.049068;-0.04735;0.035951
0.055785;0.050398;-0.048374;0.040452
0.057391;0.051781;-0.049335;0.045074
0.058735;0.053219;-0.050219;0.049789
0.059799;0.054707;-0.051012;0.054567
0.06057;0.05624;-0.051704;0.059371
0.061042;0.057811;-0.052284;0.064155
0.061214;0.059411;-0.052748;0.068871
0.061088;0.06103;-0.053093;0.07347
0.060671;0.062658;-0.053317;0.077902
0.059973;0.064281;-0.053418;0.082126
0.059003;0.065888;-0.053397;0.086103
0.057775;0.067466;-0.053252;0.089805
0.056306;0.069007;-0.052988;0.093213
0.054615;0.0705;-0.052605;0.096313
0.05272;0.071937;-0.052108;0.0991
0.050638;0.073309;-0.051499;0.10157
0.048388;0.074609;-0.050783;0.10374
0.04599;0.075833;-0.049967;0.1056
0.043467;0.076981;-0.049057;0.10717
0.040853;0.078056;-0.048063;0.10846
0.038191;0.079062;-0.046995;0.10949
0.035532;0.080004;-0.045865;0.11026
0.032939;0.080886;-0.044684;0.1108
0.030481;0.081709;-0.043466;0.11112
0.028224;0.082475;-0.042224;0.11125
0.026231;0.083184;-0.040975;0.1112
0.024545;0.083836;-0.039736;0.11099
0.02319;0.084433;-0.038525;0.11061
0.022169;0.084978;-0.037361;0.11008
0.021474;0.085473;-0.036266;0.10939
0.021095;0.085922;-0.035258;0.10853
0.021022;0.086332;-0.034357;0.10752
0.021236;0.086711;-0.033582;0.10636
0.021704;0.087072;-0.032948;0.10504
0.022378;0.087421;-0.032474;0.10359
0.0232;0.087764;-0.032173;0.10202
0.02411;0.088101;-0.032058;0.10035
0.025056;0.088427;-0.032141;0.09861
0.02599;0.088742;-0.032429;0.096824
0.026869;0.089042;-0.032928;0.095027
0.027648;0.089329;-0.033639;0.093261
0.028288;0.0896;-0.034561;0.091578
0.028754;0.08985;-0.035686;0.090036
0.029025;0.09007;-0.037004;0.088694
0.029088;0.09025;-0.038494;0.087615
0.02894;0.090382;-0.040135;0.086854
0.028582;0.090458;-0.041895;0.086463
0.028021;0.090472;-0.043744;0.086481
0.027264;0.09042;-0.045646;0.086944
0.026324;0.090301;-0.047566;0.087877
0.025217;0.090114;-0.04947;0.089295
0.023965;0.089862;-0.051328;0.091202
0.022588;0.089552;-0.053114;0.093587
0.021108;0.089193;-0.054807;0.096433
0.019546;0.088796;-0.05639;0.099709
0.017922;0.088371;-0.05785;0.10339
0.016254;0.08793;-0.059177;0.10743
0.014559;0.087482;-0.060366;0.11179
0.012847;0.087035;-0.061415;0.11644
0.011126;0.086593;-0.062327;0.12133
0.0093989;0.086163;-0.063105;0.12642
0.0076636;0.08575;-0.063758;0.13166
0.0059141;0.085355;-0.064295;0.13699
0.0041395;0.084977;-0.064726;0.14236
0.0023246;0.084613;-0.065058;0.14772
0.00045151;0.084255;-0.065297;0.153
-0.0014978;0.083897;-0.065448;0.15816
-0.0035395;0.083534;-0.065514;0.16316
-0.0056862;0.083162;-0.065499;0.16796
-0.0079461;0.082778;-0.065404;0.17253
-0.010322;0.082377;-0.065226;0.17683
-0.012811;0.081958;-0.064962;0.18086
-0.015407;0.081516;-0.064606;0.18461
-0.018097;0.081053;-0.064153;0.18807
-0.020867;0.080571;-0.063594;0.19126
-0.023697;0.08007;-0.062925;0.19417
-0.026567;0.079553;-0.062143;0.19681
-0.029454;0.07902;-0.061249;0.19922
-0.032336;0.07847;-0.060251;0.20139
-0.035193;0.077902;-0.059163;0.20335
-0.038007;0.077314;-0.058;0.20512
-0.040762;0.076697;-0.05678;0.20669
-0.043445;0.076041;-0.055522;0.20807
-0.046043;0.075333;-0.054243;0.20926
-0.048549;0.074561;-0.052964;0.21026
-0.050959;0.073714;-0.051702;0.21105
-0.05327;0.072783;-0.050473;0.21163
-0.055483;0.071761;-0.049292;0.21197
-0.057597;0.070648;-0.048169;0.21207
-0.059612;0.069444;-0.047113;0.21192
-0.061525;0.068152;-0.046127;0.21151
-0.063328;0.066777;-0.04521;0.21085
-0.065016;0.06533;-0.044358;0.20994
-0.066579;0.063821;-0.043568;0.2088
-0.068011;0.062266;-0.042836;0.20744
-0.069303;0.060678;-0.042157;0.20586
-0.070444;0.059072;-0.041526;0.2041
-0.071427;0.05746;-0.040936;0.20216
-0.072244;0.055853;-0.04038;0.20008
-0.072887;0.054261;-0.039851;0.19787
-0.07335;0.052691;-0.039345;0.19555
-0.073631;0.051146;-0.038853;0.19314
-0.073726;0.049626;-0.03837;0.19064
-0.073639;0.048126;-0.037888;0.18807
-0.073373;0.046639;-0.037396;0.18542
-0.072935;0.045156;-0.036887;0.18269
-0.072333;0.043669;-0.036351;0.17987
-0.071579;0.042172;-0.03578;0.17694
-0.070684;0.040657;-0.035168;0.17389
-0.069661;0.039116;-0.034511;0.1707
-0.068523;0.037544;-0.033806;0.16735
-0.06728;0.035938;-0.033056;0.16381
-0.06594;0.034302;-0.032266;0.16007
-0.064514;0.032643;-0.03144;0.15609
-0.063008;0.030969;-0.030583;0.15188
-0.06143;0.02929;-0.0297;0.14742
-0.059786;0.027617;-0.028794;0.14272
-0.058081;0.02596;-0.027875;0.13782
-0.056319;0.024327;-0.026951;0.13273
-0.054502;0.022727;-0.026031;0.12747
-0.052637;0.021167;-0.025122;0.12208
-0.050729;0.019651;-0.024224;0.11658
-0.048786;0.018179;-0.023335;0.111
-0.046816;0.016748;-0.022453;0.10535
-0.044828;0.015356;-0.021573;0.099676
-0.042829;0.014;-0.020692;0.094003
-0.040827;0.012678;-0.019809;0.088354
-0.038826;0.011389;-0.01892;0.082752
-0.036829;0.010133;-0.018026;0.077217
-0.034838;0.0089096;-0.017128;0.071764
-0.032852;0.0077173;-0.016227;0.066408
-0.030869;0.0065584;-0.015324;0.061154
-0.028887;0.0054388;-0.01442;0.056003
-0.026903;0.0043675;-0.013515;0.050958
-0.02492;0.0033565;-0.012609;0.046024
-0.022939;0.0024194;-0.011701;0.041217
-0.020964;0.0015691;-0.010794;0.03656
-0.019002;0.0008173;-0.0098886;0.032084
-0.01706;0.00017356;-0.0089879;0.027822
-0.015148;-0.00035452;-0.0080927;0.02381
-0.013278;-0.00076207;-0.007204;0.020076
-0.011463;-0.001048;-0.0063251;0.016648
-0.0097198;-0.001216;-0.0054615;0.013544
-0.0080677;-0.0012751;-0.0046219;0.01078
-0.0065241;-0.0012402;-0.0038168;0.0083662
-0.0051066;-0.0011299;-0.0030576;0.0062998
-0.0038327;-0.00096484;-0.0023551;0.0045676
-0.0027198;-0.00076573;-0.0017201;0.0031483
-0.0017843;-0.00055387;-0.0011643;0.0020179
-0.0010394;-0.0003513;-0.00070101;0.0011554
-0.00049362;-0.00017963;-0.00034442;0.00054262
-0.00014871;-5.7661e-05;-0.00010734;0.00016273
0;0;0;0
3.6055e-05;-1.4312e-05;-8.0263e-05;-0.00011375
0.00011088;-5.1359e-05;-0.00025195;-0.00036391
0.00021654;-0.00011434;-0.00050594;-0.00073874
0.00034646;-0.00020331;-0.00083704;-0.0012243
0.00049614;-0.00031678;-0.0012429;-0.0018039
0.00066403;-0.00045309;-0.0017245;-0.0024585
0.00085194;-0.0006107;-0.0022871;-0.0031683
0.0010647;-0.00078746;-0.0029412;-0.0039138
0.0013089;-0.00097941;-0.0036999;-0.0046772
0.0015922;-0.0011797;-0.0045761;-0.0054452
0.0019223;-0.0013794;-0.0055804;-0.0062119
0.0023069;-0.0015698;-0.0067203;-0.0069791
0.0027541;-0.0017444;-0.0080005;-0.0077533
0.0032709;-0.0018999;-0.0094223;-0.0085414
0.0038628;-0.0020349;-0.010984;-0.0093478
0.0045336;-0.0021485;-0.012682;-0.010174
0.0052866;-0.0022404;-0.014506;-0.011019
0.0061253;-0.0023111;-0.016446;-0.01188
0.0070529;-0.0023635;-0.018487;-0.012754
0.0080717;-0.0024035;-0.020615;-0.013634
0.0091823;-0.0024382;-0.022815;-0.014513
0.010385;-0.0024741;-0.025073;-0.015376
0.011677;-0.0025157;-0.027379;-0.016209
0.013059;-0.0025667;-0.029726;-0.016999
0.014526;-0.0026312;-0.032109;-0.01773
0.016077;-0.0027145;-0.034526;-0.018386
0.017712;-0.0028215;-0.036976;-0.018952
0.019428;-0.0029551;-0.039459;-0.019413
0.021227;-0.0031151;-0.041972;-0.019759
0.023108;-0.0032994;-0.044517;-0.019985
0.025073;-0.0035065;-0.047094;-0.020099
0.027126;-0.0037353;-0.049705;-0.020114
0.02927;-0.0039844;-0.052349;-0.020049
0.031508;-0.004251;-0.055024;-0.019927
0.033834;-0.0045309;-0.057723;-0.019772
0.03624;-0.0048191;-0.060435;-0.019611
0.038706;-0.0051099;-0.063147;-0.019467
0.04121;-0.0053975;-0.065845;-0.019363
0.043725;-0.0056757;-0.068517;-0.019319
0.046219;-0.0059376;-0.071152;-0.019349
0.048662;-0.0061743;-0.073742;-0.019462
0.051018;-0.006376;-0.076276;-0.019657
0.053253;-0.0065325;-0.078743;-0.019925
0.055336;-0.0066353;-0.081134;-0.020249
0.057235;-0.0066772;-0.083441;-0.020611
0.058922;-0.006652;-0.085657;-0.020992
0.06037;-0.0065539;-0.087775;-0.021372
0.061557;-0.0063781;-0.089785;-0.021735
0.062461;-0.006123;-0.091681;-0.022071
0.063063;-0.0057914;-0.093455;-0.022378
0.063347;-0.0053905;-0.095107;-0.022661
0.063297;-0.0049306;-0.096635;-0.022937
0.062899;-0.0044244;-0.098041;-0.023225
0.062142;-0.0038855;-0.099324;-0.023553
0.061013;-0.003327;-0.10049;-0.023945
0.059503;-0.0027599;-0.10153;-0.024426
0.057604;-0.0021908;-0.10245;-0.025015
0.055314;-0.001622;-0.10326;-0.025722
0.052636;-0.0010504;-0.10397;-0.026552
0.049575;-0.00046836;-0.10457;-0.027501
0.046137;0.00013587;-0.10507;-0.028563
0.042328;0.00077563;-0.10547;-0.029726
0.038159;0.001463;-0.10579;-0.030976
0.033646;0.002207;-0.10603;-0.032298
0.028814;0.003014;-0.1062;-0.033678
0.023701;0.0038891;-0.10632;-0.035103
0.018357;0.0048377;-0.10639;-0.03656
0.012848;0.0058643;-0.10642;-0.038035
0.0072524;0.0069709;-0.10642;-0.039515
0.0016588;0.0081565;-0.10638;-0.040993
-0.0038443;0.0094179;-0.10632;-0.042467
-0.0091807;0.010751;-0.10623;-0.043939
-0.0143;0.012148;-0.10612;-0.045422
-0.019177;0.013603;-0.10598;-0.046929
-0.023805;0.015106;-0.10582;-0.048477
-0.02817;0.016644;-0.10565;-0.050085
-0.032257;0.018205;-0.10546;-0.051771
-0.036051;0.019777;-0.10527;-0.053554
-0.039554;0.021347;-0.10508;-0.055449
-0.042793;0.022909;-0.10491;-0.057463
-0.04581;0.024456;-0.10478;-0.059596
-0.04865;0.025986;-0.10469;-0.06184
-0.051352;0.027502;-0.10467;-0.064182
-0.053949;0.029008;-0.10472;-0.066607
-0.056473;0.030511;-0.10487;-0.069099
-0.058961;0.03202;-0.10513;-0.071642
-0.061451;0.033541;-0.10551;-0.07422
-0.063973;0.035082;-0.10601;-0.076811
-0.066544;0.036645;-0.10663;-0.079392
-0.069168;0.038232;-0.10738;-0.081939
-0.071837;0.039842;-0.10824;-0.084432
-0.074542;0.041473;-0.10919;-0.086852
-0.077271;0.043122;-0.11022;-0.089189
-0.080008;0.044785;-0.1113;-0.09143
-0.082731;0.046457;-0.1124;-0.093562
-0.085408;0.04813;-0.11349;-0.095568
-0.088006;0.049792;-0.11453;-0.097421
-0.090489;0.051433;-0.1155;-0.099091
-0.092828;0.053041;-0.11636;-0.10054
-0.094992;0.054606;-0.1171;-0.10172
-0.096952;0.056124;-0.11768;-0.10259
-0.098676;0.057591;-0.11811;-0.10308
-0.10013;0.059005;-0.11838;-0.10314
-0.10131;0.060365;-0.11847;-0.10272
-0.10218;0.061672;-0.11841;-0.10178
-0.10276;0.062928;-0.1182;-0.10027
-0.10303;0.064131;-0.11785;-0.098189
-0.10301;0.065278;-0.1174;-0.095527
-0.10271;0.066364;-0.11685;-0.092299
-0.10214;0.067383;-0.11622;-0.088532
-0.10134;0.068325;-0.11555;-0.084276
-0.10033;0.069182;-0.11484;-0.079589
-0.099154;0.069944;-0.11411;-0.074544
-0.097842;0.070602;-0.11336;-0.069212
-0.096429;0.071151;-0.11259;-0.063665
-0.094944;0.071585;-0.11181;-0.057975
-0.093417;0.071899;-0.11101;-0.052212
-0.091875;0.072092;-0.11018;-0.046453
-0.090336;0.072159;-0.10931;-0.040773
-0.088814;0.072102;-0.10838;-0.035239
-0.087315;0.071924;-0.1074;-0.029903
-0.085845;0.071634;-0.10635;-0.024798
-0.084403;0.071244;-0.10522;-0.019943
-0.082989;0.070766;-0.10402;-0.015344
-0.0816;0.070214;-0.10273;-0.010997
-0.080231;0.069604;-0.10135;-0.0068936
-0.078881;0.068948;-0.099895;-0.0030183
-0.077547;0.068257;-0.098354;0.00064656
-0.076227;0.067543;-0.096734;0.0041206
-0.074921;0.066811;-0.095043;0.0074219
-0.073629;0.066069;-0.09329;0.010562
-0.072351;0.065316;-0.091488;0.013545
-0.071088;0.064553;-0.089649;0.016364
-0.069842;0.063776;-0.087786;0.019006
-0.068614;0.062983;-0.085911;0.021455
-0.067401;0.062169;-0.084036;0.023695
-0.066202;0.061332;-0.082168;0.025712
-0.06501;0.060465;-0.080315;0.027489
-0.063815;0.059561;-0.07848;0.029011
-0.062604;0.058609;-0.076668;0.030263
-0.061365;0.057603;-0.074878;0.031236
-0.060089;0.056538;-0.073108;0.031931
-0.058769;0.055417;-0.071352;0.032359
-0.057402;0.054244;-0.069603;0.032541
-0.055986;0.053027;-0.067857;0.032506
-0.054521;0.051775;-0.066109;0.032283
-0.053009;0.050499;-0.064358;0.031906
-0.051452;0.049209;-0.062604;0.03141
-0.049857;0.047912;-0.060846;0.030829
-0.048227;0.046614;-0.059087;0.030196
-0.046569;0.045317;-0.057331;0.029539
-0.044889;0.044017;-0.055583;0.028877
-0.043195;0.042712;-0.053847;0.028219
-0.041494;0.041395;-0.052127;0.027572
-0.039797;0.040063;-0.05043;0.026937
-0.038109;0.038712;-0.048763;0.026309
-0.036438;0.03734;-0.047135;0.02568
-0.034788;0.035945;-0.045556;0.025037
-0.033162;0.034523;-0.044032;0.024363
-0.031561;0.033072;-0.04257;0.023641
-0.029986;0.031592;-0.041168;0.022862
-0.028435;0.030082;-0.039824;0.022019
-0.026909;0.028547;-0.038532;0.021115
-0.025406;0.026992;-0.037281;0.020159
-0.023925;0.025427;-0.03606;0.019167
-0.022467;0.023863;-0.034859;0.01816
-0.021031;0.022314;-0.033661;0.01716
-0.019618;0.020794;-0.032453;0.016195
-0.01823;0.019322;-0.031216;0.015288
-0.016868;0.017913;-0.029938;0.014461
-0.015531;0.016582;-0.028608;0.013728
-0.014219;0.015333;-0.027222;0.01309
-0.012933;0.014166;-0.025779;0.012542
-0.011673;0.013077;-0.024286;0.012071
-0.010444;0.012057;-0.022751;0.011656
-0.0092502;0.011098;-0.021192;0.011273
-0.0080954;0.010191;-0.019623;0.010897
-0.0069858;0.0093261;-0.01806;0.010501
-0.0059283;0.0084941;-0.016519;0.010063
-0.0049317;0.0076875;-0.015012;0.0095684
-0.0040061;0.0069014;-0.013553;0.0090095
-0.0031619;0.0061343;-0.012152;0.0083868
-0.0024079;0.0053883;-0.010818;0.0077078
-0.0017514;0.0046683;-0.0095615;0.0069852
-0.0011971;0.0039805;-0.0083862;0.0062363
-0.00074668;0.0033317;-0.0072946;0.005481
-0.00039875;0.0027295;-0.0062858;0.004741
-0.00014832;0.0021821;-0.0053578;0.0040365
1.3438e-05;0.0016969;-0.0045075;0.0033842
9.951e-05;0.0012793;-0.0037319;0.0027944
0.00012637;0.00093078;-0.0030288;0.0022707
0.00011231;0.00064931;-0.0023973;0.0018105
7.5231e-05;0.00042995;-0.0018381;0.0014085
3.0833e-05;0.00026624;-0.001353;0.0010591
-8.3178e-06;0.00015091;-0.00094384;0.00075881
-3.3384e-05;7.599e-05;-0.00061105;0.0005065
-4.0308e-05;3.2679e-05;-0.00035308;0.00030284
-3.0934e-05;1.1437e-05;-0.00016722;0.00014908
-1.3213e-05;2.8449e-06;-5.0465e-05;4.699e-05
0;0;0;0
8.1881e-05;-9.1775e-05;-0.00024611;-7.6041e-06
0.00026094;-0.00030031;-0.00080536;-2.9988e-05
0.00052792;-0.00062664;-0.0016771;-7.3517e-05
0.00087303;-0.0010731;-0.002857;-0.0001446
0.0012869;-0.0016429;-0.0043378;-0.00025089
0.0017616;-0.0023387;-0.0061112;-0.00040112
0.0022897;-0.003161;-0.0081692;-0.00060186
0.0028645;-0.0041085;-0.010504;-0.00085403
0.0034794;-0.0051793;-0.013107;-0.0011526
0.0041292;-0.0063722;-0.015967;-0.001489
0.0048107;-0.0076857;-0.019071;-0.0018548
0.0055235;-0.0091162;-0.022406;-0.0022435
0.0062699;-0.010656;-0.025957;-0.0026514
0.0070545;-0.012294;-0.029712;-0.0030753
0.0078838;-0.014019;-0.033659;-0.0035106
0.0087649;-0.015818;-0.037783;-0.0039528
0.0097047;-0.017682;-0.042065;-0.0043995
0.010708;-0.019598;-0.046485;-0.0048528
0.011776;-0.021554;-0.051021;-0.0053177
0.012911;-0.023538;-0.055651;-0.0058007
0.014112;-0.025534;-0.060354;-0.0063084
0.015378;-0.027529;-0.065108;-0.0068466
0.016708;-0.029509;-0.069891;-0.0074211
0.018101;-0.031464;-0.074678;-0.0080387
0.019556;-0.033384;-0.079445;-0.0087083
0.021071;-0.035263;-0.08417;-0.0094392
0.022643;-0.037094;-0.088833;-0.010238
0.024267;-0.038876;-0.093418;-0.011104
0.025941;-0.040608;-0.097911;-0.012034
0.027657;-0.042293;-0.1023;-0.013017
0.029412;-0.043934;-0.10659;-0.014041
0.0312;-0.045537;-0.11076;-0.015091
0.03302;-0.047106;-0.11482;-0.016154
0.034875;-0.048642;-0.11876;-0.017217
0.036768;-0.050148;-0.12257;-0.018267
0.038703;-0.051623;-0.12626;-0.019293
0.040683;-0.053067;-0.12984;-0.020284
0.042714;-0.054475;-0.13329;-0.021231
0.044796;-0.055842;-0.13662;-0.022128
0.046933;-0.057161;-0.13984;-0.022972
0.049123;-0.058424;-0.14295;-0.023764
0.051369;-0.059622;-0.14594;-0.024507
0.053668;-0.060748;-0.14882;-0.025209
0.056021;-0.061794;-0.15157;-0.025882
0.058426;-0.062753;-0.1542;-0.026538
0.060881;-0.063618;-0.15671;-0.027193
0.063387;-0.064381;-0.15909;-0.027856
0.065941;-0.065033;-0.16134;-0.028535
0.068546;-0.065571;-0.16347;-0.029227
0.071205;-0.065993;-0.16549;-0.029927
0.073926;-0.066299;-0.16741;-0.030629
0.076714;-0.066489;-0.16922;-0.031323
0.079576;-0.066564;-0.17095;-0.032
0.082516;-0.066528;-0.1726;-0.032652
0.08554;-0.066381;-0.1742;-0.033272
0.088653;-0.066124;-0.17574;-0.033855
0.091862;-0.065758;-0.17725;-0.034397
0.095174;-0.06528;-0.17874;-0.034901
0.098594;-0.064691;-0.1802;-0.035377
0.10212;-0.063992;-0.18166;-0.035838
0.10575;-0.063187;-0.1831;-0.036302
0.10947;-0.062283;-0.18454;-0.036785
0.11327;-0.061287;-0.18595;-0.037299
0.11711;-0.060206;-0.18734;-0.037857
0.12098;-0.059049;-0.1887;-0.038469
0.12485;-0.057829;-0.19;-0.03914
0.12869;-0.056558;-0.19122;-0.039875
0.13247;-0.05525;-0.19236;-0.040668
0.13617;-0.05392;-0.19338;-0.041512
0.13975;-0.052583;-0.19428;-0.042392
0.14318;-0.051252;-0.19504;-0.043297
0.14643;-0.049939;-0.19566;-0.04421
0.14949;-0.048655;-0.19614;-0.045117
0.15231;-0.047408;-0.19649;-0.046002
0.15488;-0.04621;-0.19672;-0.046852
0.15717;-0.045069;-0.19686;-0.047655
0.15917;-0.043992;-0.19691;-0.048406
0.16086;-0.042983;-0.19691;-0.049106
0.16221;-0.042044;-0.19687;-0.049763
0.16322;-0.041173;-0.19681;-0.050384
0.16387;-0.040373;-0.19676;-0.050981
0.16415;-0.039651;-0.19673;-0.051564
0.16406;-0.039011;-0.19673;-0.052141
0.16361;-0.038459;-0.19678;-0.052721
0.1628;-0.038001;-0.1969;-0.053311
0.16165;-0.037637;-0.1971;-0.053925
0.16017;-0.037374;-0.19738;-0.05457
0.15837;-0.037216;-0.19776;-0.055252
0.15625;-0.037167;-0.19824;-0.055973
0.15383;-0.037227;-0.19882;-0.056729
0.15112;-0.037392;-0.19952;-0.05752
0.14815;-0.037657;-0.20033;-0.05834
0.14496;-0.038018;-0.20125;-0.059188
0.14158;-0.038469;-0.20227;-0.06006
0.13807;-0.039004;-0.20337;-0.060948
0.13451;-0.039616;-0.20454;-0.061844
0.13095;-0.040296;-0.20575;-0.062736
0.12746;-0.041031;-0.20698;-0.063614
0.1241;-0.041809;-0.20821;-0.064465
0.1209;-0.042621;-0.20941;-0.065272
0.11786;-0.043459;-0.21056;-0.066017
0.11498;-0.044319;-0.21165;-0.066675
0.11228;-0.045198;-0.21264;-0.067222
0.10976;-0.046094;-0.21353;-0.06763
0.10742;-0.047009;-0.21429;-0.067876
0.10525;-0.047945;-0.21493;-0.067935
0.10323;-0.048907;-0.21544;-0.067783
0.10133;-0.049901;-0.2158;-0.067394
0.099509;-0.050934;-0.21601;-0.066743
0.097739;-0.052012;-0.21607;-0.065807
0.095997;-0.053139;-0.21596;-0.064571
0.094258;-0.054317;-0.2157;-0.063026
0.092496;-0.055542;-0.21528;-0.061171
0.090683;-0.056809;-0.21469;-0.059009
0.088791;-0.058111;-0.21393;-0.056546
0.0868;-0.059439;-0.21301;-0.053794
0.084697;-0.060786;-0.21192;-0.050769
0.082477;-0.062145;-0.21065;-0.047491
0.080137;-0.063506;-0.2092;-0.043988
0.077678;-0.06486;-0.20758;-0.040293
0.075097;-0.066194;-0.20577;-0.036441
0.072401;-0.067495;-0.20379;-0.03247
0.0696;-0.068749;-0.20163;-0.028422
0.066708;-0.069948;-0.1993;-0.024345
0.063742;-0.071082;-0.1968;-0.020293
0.060718;-0.072148;-0.19413;-0.016322
0.057658;-0.073138;-0.19133;-0.012483
0.054583;-0.074046;-0.18839;-0.0088159
0.051518;-0.074863;-0.18533;-0.0053483
0.048486;-0.075582;-0.18218;-0.002093
0.045511;-0.076198;-0.17895;0.0009468
0.042611;-0.07671;-0.17565;0.0037731
0.039802;-0.077119;-0.17231;0.0063921
0.037099;-0.077424;-0.16895;0.0088133
0.034508;-0.077629;-0.16556;0.011049
0.032031;-0.077733;-0.16216;0.01311
0.029662;-0.077735;-0.15875;0.015006
0.02739;-0.077633;-0.15533;0.01674
0.025202;-0.077422;-0.15189;0.018311
0.02308;-0.077096;-0.14842;0.019714
0.021005;-0.07665;-0.14494;0.020942
0.018957;-0.076082;-0.14142;0.021993
0.016913;-0.075389;-0.13787;0.022865
0.014858;-0.074574;-0.13428;0.023559
0.012783;-0.073642;-0.13064;0.024072
0.010688;-0.072604;-0.12695;0.024407
0.0085826;-0.071473;-0.12322;0.024568
0.006482;-0.070269;-0.11943;0.024564
0.0044011;-0.069013;-0.11558;0.024409
0.0023556;-0.067732;-0.11168;0.024119
0.00036154;-0.066453;-0.10771;0.023712
-0.0015642;-0.065201;-0.1037;0.023207
-0.0034067;-0.063998;-0.099624;0.022623
-0.0051557;-0.062864;-0.095499;0.021978
-0.0068067;-0.061813;-0.091328;0.021288
-0.0083595;-0.060857;-0.087118;0.020572
-0.009816;-0.06;-0.082878;0.019844
-0.011178;-0.059243;-0.078619;0.019114
-0.012449;-0.058582;-0.074353;0.018385
-0.013632;-0.058009;-0.070095;0.017657
-0.014732;-0.057509;-0.065857;0.016926
-0.015756;-0.057063;-0.061658;0.01619
-0.016705;-0.056641;-0.057517;0.015446
-0.017579;-0.056203;-0.053455;0.014691
-0.018375;-0.055699;-0.04949;0.013924
-0.019087;-0.055072;-0.045637;0.013142
-0.019707;-0.05427;-0.041905;0.012345
-0.020227;-0.053251;-0.038303;0.01154
-0.020637;-0.051991;-0.034837;0.010735
-0.020925;-0.050485;-0.031513;0.0099416
-0.021083;-0.048741;-0.028339;0.0091737
-0.021105;-0.046776;-0.025324;0.0084425
-0.020985;-0.044612;-0.022478;0.007758
-0.020722;-0.042279;-0.019812;0.0071275
-0.020316;-0.039812;-0.017332;0.0065565
-0.019771;-0.037247;-0.015042;0.0060477
-0.019094;-0.034622;-0.012945;0.0055995
-0.018296;-0.031971;-0.01104;0.0052049
-0.017387;-0.029322;-0.0093233;0.0048518
-0.016384;-0.026703;-0.0077917;0.0045261
-0.015301;-0.024136;-0.0064378;0.0042146
-0.014156;-0.021641;-0.005252;0.0039075
-0.012968;-0.019231;-0.004223;0.003599
-0.011754;-0.016919;-0.0033385;0.0032871
-0.010531;-0.014716;-0.0025864;0.0029708
-0.0093163;-0.012632;-0.001955;0.0026498
-0.0081287;-0.010679;-0.0014337;0.002325
-0.0069852;-0.0088709;-0.0010113;0.0019998
-0.005902;-0.0072183;-0.00067619;0.0016805
-0.0048931;-0.0057311;-0.00041654;0.0013742
-0.0039698;-0.0044176;-0.00022119;0.0010878
-0.0031394;-0.0032843;-8.0761e-05;0.00082653
-0.0024061;-0.0023355;1.2267e-05;0.00059458
-0.0017714;-0.0015707;6.4737e-05;0.00039652
-0.0012361;-0.00098253;8.4289e-05;0.00023766
-0.00079965;-0.0005569;7.9752e-05;0.0001219
-0.00046085;-0.00027318;6.0448e-05;4.8649e-05
-0.00021724;-0.00010564;3.5307e-05;1.1615e-05
-6.5187e-05;-2.4916e-05;1.2589e-05;-4.3721e-08
0;0;0;0
5.6206e-05;;;-7.2932e-05
0.00017682;;;-0.00024042
0.00035421;;;-0.00050101
0.00058292;;;-0.00084788
0.00085959;;;-0.00127
0.001182;;;-0.0017532
0.0015486;;;-0.0022813
0.0019581;;;-0.0028371
0.0024113;;;-0.0034038
0.0029117;;;-0.0039659
0.0034654;;;-0.0045088
0.0040797;;;-0.0050208
0.0047615;;;-0.0054948
0.0055173;;;-0.0059291
0.0063533;;;-0.0063269
0.0072744;;;-0.0066945
0.0082835;;;-0.0070406
0.0093804;;;-0.0073755
0.010563;;;-0.0077107
0.011827;;;-0.0080605
0.01317;;;-0.0084418
0.014592;;;-0.0088721
0.016092;;;-0.0093663
0.017669;;;-0.0099343
0.019326;;;-0.010581
0.021061;;;-0.011303
0.022877;;;-0.012097
0.024774;;;-0.012953
0.026756;;;-0.013857
0.028825;;;-0.01479
0.030985;;;-0.015734
0.033238;;;-0.016667
0.035588;;;-0.017577
0.038035;;;-0.01846
0.040581;;;-0.019318
0.043225;;;-0.020164
0.045964;;;-0.021008
0.048791;;;-0.021861
0.051698;;;-0.022733
0.054673;;;-0.023632
0.057703;;;-0.024563
0.060777;;;-0.025531
0.063882;;;-0.026537
0.067008;;;-0.027577
0.070145;;;-0.028638
0.073288;;;-0.029704
0.076432;;;-0.030755
0.079576;;;-0.031774
0.082722;;;-0.032743
0.085872;;;-0.033644
0.089033;;;-0.034457
0.09221;;;-0.035166
0.09541;;;-0.035757
0.098644;;;-0.03622
0.10192;;;-0.036556
0.10525;;;-0.036769
0.10863;;;-0.036865
0.11205;;;-0.036855
0.11552;;;-0.036751
0.119;;;-0.036562
0.12249;;;-0.036297
0.12597;;;-0.035962
0.12941;;;-0.03556
0.13278;;;-0.035086
0.13607;;;-0.034535
0.13926;;;-0.033902
0.14231;;;-0.033186
0.14521;;;-0.032387
0.14795;;;-0.031507
0.15049;;;-0.030547
0.15283;;;-0.029507
0.15495;;;-0.028391
0.15683;;;-0.027206
0.15845;;;-0.025966
0.1598;;;-0.024692
0.16087;;;-0.023402
0.16165;;;-0.022119
0.16212;;;-0.020863
0.16229;;;-0.019652
0.16215;;;-0.01851
0.1617;;;-0.017459
0.16095;;;-0.016525
0.1599;;;-0.015735
0.15856;;;-0.015102
0.15694;;;-0.014634
0.15505;;;-0.014324
0.15289;;;-0.014159
0.15049;;;-0.014124
0.14786;;;-0.014204
0.14501;;;-0.014384
0.14197;;;-0.014651
0.13877;;;-0.014998
0.13545;;;-0.015422
0.13206;;;-0.015925
0.12867;;;-0.016513
0.12533;;;-0.017191
0.1221;;;-0.017966
0.11904;;;-0.018844
0.11618;;;-0.019828
0.11355;;;-0.020925
0.11116;;;-0.022139
0.10903;;;-0.023471
0.10717;;;-0.024919
0.10558;;;-0.02647
0.10427;;;-0.028108
0.10323;;;-0.02981
0.10244;;;-0.031552
0.10187;;;-0.033311
0.10148;;;-0.035065
0.10125;;;-0.036791
0.10113;;;-0.038465
0.10109;;;-0.040062
0.10109;;;-0.041558
0.10109;;;-0.04293
0.10104;;;-0.044157
0.1009;;;-0.045217
0.10065;;;-0.046089
0.10026;;;-0.046754
0.099719;;;-0.047193
0.099013;;;-0.04739
0.098136;;;-0.047335
0.09709;;;-0.04702
0.095885;;;-0.046443
0.094535;;;-0.045607
0.093061;;;-0.044518
0.091482;;;-0.043188
0.08982;;;-0.041627
0.088097;;;-0.039849
0.086336;;;-0.037866
0.084562;;;-0.035691
0.082799;;;-0.033337
0.081065;;;-0.030815
0.079376;;;-0.028141
0.077741;;;-0.025337
0.076169;;;-0.022427
0.07466;;;-0.019439
0.073212;;;-0.016401
0.071813;;;-0.013343
0.070451;;;-0.010293
0.069113;;;-0.0072859
0.067785;;;-0.0043555
0.066458;;;-0.001536
0.065119;;;0.0011437
0.063755;;;0.0036641
0.062357;;;0.0060166
0.060918;;;0.0082022
0.059437;;;0.010228
0.057916;;;0.012106
0.05636;;;0.013844
0.054773;;;0.015453
0.053158;;;0.01694
0.051518;;;0.018309
0.049852;;;0.019559
0.048162;;;0.020682
0.046446;;;0.021667
0.044704;;;0.022499
0.042932;;;0.023168
0.041127;;;0.023662
0.039286;;;0.023974
0.03741;;;0.024096
0.035501;;;0.024025
0.033564;;;0.023759
0.031606;;;0.023305
0.029634;;;0.022677
0.027663;;;0.021896
0.025704;;;0.020987
0.023774;;;0.019979
0.021886;;;0.018899
0.020054;;;0.017778
0.01829;;;0.016641
0.016607;;;0.015517
0.015012;;;0.014431
0.01351;;;0.013403
0.012102;;;0.012445
0.010786;;;0.011561
0.0095609;;;0.010745
0.008426;;;0.0099922
0.007381;;;0.0092941
0.0064243;;;0.0086431
0.0055533;;;0.0080301
0.0047659;;;0.007444
0.0040596;;;0.0068726
0.0034316;;;0.0063045
0.0028774;;;0.0057318
0.0023913;;;0.005152
0.0019674;;;0.0045667
0.0015996;;;0.0039805
0.0012821;;;0.0033992
0.0010091;;;0.0028313
0.00077562;;;0.0022878
0.0005776;;;0.0017824
0.00041214;;;0.0013289
0.00027751;;;0.00093905
0.00017255;;;0.00062001
9.5807e-05;;;0.00037396
4.4793e-05;;;0.00019835
1.5438e-05;;;8.63e-05
2.2579e-06;;;2.6576e-05
-8.3953e-07;;;3.792e-06
0;;;0
9.3698e-05;;;-2.1453e-05
0.00030852;;;-5.7675e-05
0.00064754;;;-9.4066e-05
0.0011133;;;-0.00011968
0.0017074;;;-0.00013072
0.0024309;;;-0.00013238
0.0032854;;;-0.00013745
0.0042728;;;-0.00016291
0.0053949;;;-0.00022572
0.0066504;;;-0.00033877
0.008035;;;-0.00050941
0.0095417;;;-0.00074093
0.011162;;;-0.0010347
0.012885;;;-0.0013905
0.014701;;;-0.0018053
0.016601;;;-0.0022715
0.018575;;;-0.0027771
0.020614;;;-0.0033061
0.02271;;;-0.0038419
0.024858;;;-0.0043691
0.027056;;;-0.0048755
0.029303;;;-0.0053524
0.031598;;;-0.0057943
0.033942;;;-0.0061991
0.036335;;;-0.0065693
0.038781;;;-0.0069116
0.04128;;;-0.0072352
0.043836;;;-0.0075501
0.046451;;;-0.0078658
0.049124;;;-0.0081905
0.051854;;;-0.0085314
0.054637;;;-0.008894
0.057465;;;-0.0092816
0.060333;;;-0.0096931
0.063232;;;-0.010119
0.066157;;;-0.010541
0.069103;;;-0.010933
0.072069;;;-0.011266
0.075052;;;-0.011511
0.078052;;;-0.011638
0.081073;;;-0.011622
0.084121;;;-0.011437
0.087204;;;-0.011064
0.090334;;;-0.010486
0.093522;;;-0.0096904
0.096776;;;-0.0086729
0.1001;;;-0.0074391
0.10349;;;-0.0060047
0.10696;;;-0.0043936
0.11048;;;-0.0026356
0.11405;;;-0.00076279
0.11765;;;0.0011913
0.12127;;;0.0031932
0.12489;;;0.0052108
0.12849;;;0.0072161
0.13204;;;0.0091886
0.13552;;;0.011118
0.13891;;;0.013004
0.1422;;;0.014851
0.14536;;;0.016666
0.14838;;;0.018455
0.15126;;;0.020221
0.15398;;;0.021966
0.15654;;;0.023689
0.15894;;;0.025377
0.16119;;;0.027013
0.16328;;;0.028578
0.16523;;;0.030056
0.16703;;;0.031436
0.16869;;;0.032712
0.17022;;;0.033877
0.17163;;;0.034922
0.17293;;;0.035832
0.17411;;;0.036587
0.17517;;;0.037166
0.17611;;;0.037555
0.17695;;;0.037747
0.17767;;;0.03774
0.17829;;;0.037539
0.17881;;;0.037153
0.17924;;;0.036591
0.17959;;;0.035862
0.17988;;;0.034979
0.18012;;;0.033954
0.18035;;;0.032795
0.18058;;;0.031505
0.18083;;;0.030085
0.18113;;;0.028536
0.18147;;;0.026858
0.18186;;;0.025054
0.1823;;;0.023129
0.18276;;;0.021085
0.18323;;;0.018924
0.1837;;;0.01665
0.18417;;;0.014272
0.18462;;;0.011806
0.18505;;;0.0092771
0.18546;;;0.0067174
0.18584;;;0.004168
0.18618;;;0.0016763
0.18646;;;-0.00070447
0.18668;;;-0.0029144
0.18682;;;-0.004887
0.18686;;;-0.006554
0.18681;;;-0.0078523
0.18665;;;-0.0087292
0.18638;;;-0.0091441
0.18598;;;-0.0090692
0.18545;;;-0.0084882
0.18476;;;-0.0073975
0.1839;;;-0.005807
0.18287;;;-0.003741
0.18166;;;-0.0012365
0.18026;;;0.0016622
0.17866;;;0.0049092
0.17685;;;0.00846
0.17484;;;0.012272
0.17262;;;0.016304
0.1702;;;0.020518
0.1676;;;0.024882
0.16482;;;0.029365
0.16185;;;0.033932
0.15873;;;0.038545
0.15544;;;0.04316
0.15201;;;0.047734
0.14844;;;0.052226
0.14475;;;0.056599
0.14094;;;0.060823
0.13704;;;0.064871
0.13304;;;0.068721
0.12897;;;0.072351
0.12483;;;0.075738
0.12064;;;0.078862
0.11639;;;0.081705
0.11211;;;0.084254
0.1078;;;0.0865
0.10347;;;0.088445
0.099147;;;0.090094
0.094832;;;0.091455
0.090543;;;0.092536
0.086296;;;0.093347
0.082102;;;0.093897
0.077974;;;0.0942
0.073923;;;0.094269
0.069962;;;0.094116
0.066101;;;0.093744
0.062348;;;0.093153
0.058711;;;0.092339
0.055195;;;0.0913
0.051803;;;0.090036
0.048533;;;0.088552
0.045384;;;0.08685
0.042353;;;0.084936
0.039434;;;0.082819
0.036625;;;0.080513
0.033925;;;0.078044
0.031334;;;0.075441
0.028853;;;0.072739
0.026483;;;0.069973
0.024223;;;0.067176
0.022071;;;0.064376
0.020025;;;0.061598
0.018085;;;0.058862
0.016249;;;0.056181
0.014515;;;0.053559
0.012883;;;0.050992
0.011352;;;0.04847
0.0099229;;;0.045979
0.0085959;;;0.043504
0.0073699;;;0.041033
0.0062434;;;0.038552
0.0052149;;;0.036049
0.0042823;;;0.033509
0.0034431;;;0.030925
0.0026934;;;0.028299
0.0020283;;;0.025644
0.0014412;;;0.022986
0.00092547;;;0.020359
0.00047504;;;0.017802
8.458e-05;;;0.015353
-0.00025151;;;0.01305
-0.00053976;;;0.010925
-0.000787;;;0.0090053
-0.00099847;;;0.0073096
-0.0011759;;;0.0058459
-0.0013177;;;0.0046118
-0.0014203;;;0.0035971
-0.0014804;;;0.0027857
-0.0014959;;;0.0021554
-0.0014659;;;0.0016778
-0.0013912;;;0.0013203
-0.0012747;;;0.0010497
-0.0011216;;;0.0008362
-0.00094019;;;0.00065655
-0.00074144;;;0.00049597
-0.00053874;;;0.00034916
-0.00034688;;;0.00021867
-0.00018174;;;0.00011141
-6.0152e-05;;;3.5808e-05
0;;;0
0.00011916;;;-6.7049e-05
0.0003813;;;-0.00023142
0.00077497;;;-0.00050515
0.0012878;;;-0.00089312
0.0019072;;;-0.0013915
0.0026212;;;-0.0019895
0.0034189;;;-0.0026723
0.0042914;;;-0.0034242
0.0052325;;;-0.0042302
0.0062388;;;-0.0050751
0.00731;;;-0.0059414
0.0084474;;;-0.0068096
0.0096537;;;-0.0076611
0.010932;;;-0.0084832
0.012284;;;-0.0092699
0.013713;;;-0.01002
0.01522;;;-0.010736
0.016805;;;-0.011417
0.018467;;;-0.012061
0.020201;;;-0.012665
0.022001;;;-0.013227
0.023856;;;-0.013742
0.025755;;;-0.014202
0.027686;;;-0.014596
0.029637;;;-0.014907
0.031598;;;-0.015107
0.03356;;;-0.015169
0.035518;;;-0.015062
0.037467;;;-0.014758
0.039408;;;-0.014231
0.041346;;;-0.013458
0.043287;;;-0.012416
0.045238;;;-0.011087
0.047207;;;-0.0094631
0.049202;;;-0.0075458
0.05123;;;-0.0053502
0.053298;;;-0.0029027
0.055415;;;-0.00023915
0.057588;;;0.0025956
0.05982;;;0.0055491
0.062114;;;0.0085652
0.064469;;;0.011588
0.066882;;;0.014567
0.06935;;;0.017461
0.071865;;;0.020246
0.074418;;;0.022908
0.077;;;0.025444
0.079604;;;0.027859
0.082221;;;0.030158
0.084848;;;0.032352
0.087484;;;0.034446
0.090128;;;0.036442
0.092783;;;0.038338
0.09545;;;0.04012
0.098132;;;0.041766
0.10083;;;0.043248
0.10355;;;0.044535
0.10628;;;0.045599
0.10904;;;0.046418
0.11182;;;0.046971
0.11461;;;0.047241
0.11741;;;0.04721
0.12022;;;0.046866
0.12303;;;0.046204
0.12584;;;0.045231
0.12864;;;0.043965
0.13143;;;0.042432
0.13421;;;0.040664
0.13698;;;0.038693
0.13976;;;0.036552
0.14253;;;0.034276
0.1453;;;0.0319
0.14809;;;0.029456
0.15089;;;0.026972
0.15372;;;0.024462
0.15657;;;0.021932
0.15944;;;0.019384
0.16235;;;0.016819
0.16529;;;0.014247
0.16826;;;0.011685
0.17125;;;0.0091622
0.17425;;;0.0067103
0.17726;;;0.0043697
0.18025;;;0.0021875
0.1832;;;0.00021702
0.18608;;;-0.0014845
0.18885;;;-0.0028603
0.19147;;;-0.003858
0.19389;;;-0.0044351
0.19608;;;-0.0045629
0.19799;;;-0.0042278
0.19958;;;-0.0034297
0.20084;;;-0.0021811
0.20172;;;-0.00050988
0.2022;;;0.0015415
0.20229;;;0.0039195
0.20196;;;0.0065646
0.20121;;;0.009416
0.20003;;;0.012414
0.19844;;;0.015504
0.19642;;;0.018631
0.194;;;0.021746
0.19116;;;0.024805
0.18794;;;0.027776
0.18433;;;0.030642
0.18037;;;0.033401
0.17609;;;0.036064
0.17154;;;0.038645
0.16679;;;0.041164
0.16193;;;0.043635
0.15708;;;0.046078
0.15234;;;0.048508
0.14782;;;0.050935
0.14357;;;0.053365
0.13962;;;0.055791
0.13596;;;0.0582
0.1326;;;0.060575
0.12956;;;0.062893
0.12684;;;0.065137
0.12445;;;0.06729
0.12235;;;0.069335
0.12049;;;0.071257
0.1188;;;0.07304
0.11724;;;0.074671
0.11574;;;0.076142
0.11428;;;0.077452
0.11278;;;0.078607
0.11119;;;0.079613
0.10945;;;0.080474
0.10753;;;0.081193
0.1054;;;0.081773
0.10306;;;0.082222
0.10052;;;0.082549
0.097793;;;0.082758
0.094882;;;0.082847
0.091818;;;0.082807
0.08864;;;0.082632
0.085395;;;0.082313
0.082127;;;0.081847
0.078876;;;0.08123
0.075675;;;0.080458
0.072554;;;0.079528
0.069544;;;0.078434
0.066673;;;0.077172
0.063962;;;0.075747
0.06142;;;0.074175
0.059048;;;0.072478
0.056844;;;0.070684
0.0548;;;0.06882
0.052906;;;0.066916
0.051145;;;0.065
0.049496;;;0.063104
0.047932;;;0.061252
0.046429;;;0.059464
0.044962;;;0.057746
0.043507;;;0.0561
0.042044;;;0.054521
0.040552;;;0.052996
0.039015;;;0.051513
0.03742;;;0.050054
0.035764;;;0.048603
0.034048;;;0.047143
0.032278;;;0.04566
0.030464;;;0.044149
0.028617;;;0.042615
0.026748;;;0.041074
0.02487;;;0.039546
0.022998;;;0.038053
0.021145;;;0.03661
0.019323;;;0.035233
0.017544;;;0.03393
0.01582;;;0.032712
0.014163;;;0.031584
0.01258;;;0.030546
0.011077;;;0.029589
0.0096584;;;0.028693
0.0083254;;;0.02783
0.007082;;;0.026969
0.0059324;;;0.026075
0.0048789;;;0.025118
0.0039212;;;0.024069
0.0030575;;;0.022901
0.0022867;;;0.021596
0.0016093;;;0.020147
0.0010261;;;0.018562
0.00053662;;;0.01686
0.00013883;;;0.015072
-0.00017002;;;0.013237
-0.00039263;;;0.011396
-0.00053295;;;0.0095891
-0.00059842;;;0.0078593
-0.00060083;;;0.0062466
-0.00055496;;;0.0047871
-0.00047593;;;0.0035086
-0.00037752;;;0.0024282
-0.00027235;;;0.0015533
-0.00017232;;;0.00088319
-8.807e-05;;;0.00041016
-2.8334e-05;;;0.00012124
0;;;0
6.8306e-05;;;-1.6687e-05
0.0002089;;;-5.4865e-05
0.00040305;;;-0.00011276
0.00063203;;;-0.00018245
0.00087735;;;-0.00024727
0.0011207;;;-0.00028306
0.0013442;;;-0.00026216
0.0015325;;;-0.00015674
0.0016748;;;5.9908e-05
0.0017668;;;0.00041331
0.0018095;;;0.00092751
0.0018083;;;0.0016233
0.0017698;;;0.0025152
0.001701;;;0.0036093
0.0016077;;;0.0049042
0.0014957;;;0.0063932
0.0013719;;;0.0080653
0.0012436;;;0.0099057
0.0011172;;;0.011894
0.00099761;;;0.014003
0.00088739;;;0.016199
0.00078792;;;0.018443
0.00070159;;;0.020695
0.00063243;;;0.02292
0.0005854;;;0.025089
0.00056603;;;0.027182
0.00058065;;;0.029184
0.00063693;;;0.031087
0.00074455;;;0.032886
0.00091522;;;0.034582
0.0011621;;;0.036175
0.001498;;;0.037671
0.001934;;;0.03907
0.002478;;;0.040362
0.0031345;;;0.041532
0.0039054;;;0.042553
0.0047909;;;0.043397
0.0057904;;;0.044038
0.0069018;;;0.044457
0.0081211;;;0.044639
0.0094424;;;0.044575
0.010859;;;0.044259
0.012362;;;0.043689
0.013944;;;0.04287
0.015596;;;0.041814
0.01731;;;0.040543
0.019076;;;0.039084
0.020888;;;0.037466
0.02274;;;0.035715
0.02463;;;0.033861
0.026561;;;0.031932
0.028536;;;0.029956
0.030562;;;0.027956
0.032648;;;0.025947
0.034801;;;0.023933
0.037032;;;0.021908
0.039348;;;0.019858
0.041758;;;0.017772
0.044266;;;0.015639
0.046874;;;0.013449
0.049578;;;0.011197
0.052373;;;0.0088862
0.055249;;;0.0065266
0.058191;;;0.0041418
0.061183;;;0.0017681
0.064205;;;-0.00054719
0.067235;;;-0.0027489
0.070251;;;-0.0047794
0.073229;;;-0.0065819
0.076143;;;-0.0081042
0.07897;;;-0.0093003
0.081687;;;-0.010132
0.08427;;;-0.010571
0.086698;;;-0.010606
0.088951;;;-0.010239
0.091012;;;-0.0094916
0.09287;;;-0.0083944
0.094516;;;-0.0069876
0.095942;;;-0.0053175
0.09714;;;-0.0034332
0.098098;;;-0.001383
0.098808;;;0.00078865
0.09926;;;0.003042
0.099449;;;0.0053437
0.099378;;;0.0076678
0.099052;;;0.0099952
0.098483;;;0.012312
0.09768;;;0.01461
0.096653;;;0.016885
0.095415;;;0.019135
0.093975;;;0.021364
0.092348;;;0.023579
0.090551;;;0.025788
0.088606;;;0.027995
0.086542;;;0.030203
0.084394;;;0.032405
0.082203;;;0.03459
0.080017;;;0.036745
0.077884;;;0.038859
0.075854;;;0.040918
0.073966;;;0.042911
0.072254;;;0.044822
0.070739;;;0.046639
0.069434;;;0.048357
0.068341;;;0.049974
0.067458;;;0.051498
0.066782;;;0.052938
0.066307;;;0.054302
0.066025;;;0.055594
0.065923;;;0.056815
0.065982;;;0.057959
0.066173;;;0.059016
0.066462;;;0.059972
0.066816;;;0.060802
0.067201;;;0.061478
0.067589;;;0.06197
0.067952;;;0.06225
0.068263;;;0.062301
0.068495;;;0.062111
0.068625;;;0.061682
0.068634;;;0.061019
0.068513;;;0.060132
0.068257;;;0.059034
0.067868;;;0.057744
0.067351;;;0.056285
0.066715;;;0.054686
0.065971;;;0.052976
0.065136;;;0.051189
0.064227;;;0.049358
0.063265;;;0.047516
0.06227;;;0.045694
0.061257;;;0.043922
0.060241;;;0.042227
0.059233;;;0.040629
0.058245;;;0.039138
0.057284;;;0.037752
0.056357;;;0.036463
0.05546;;;0.035257
0.05459;;;0.034119
0.053737;;;0.033031
0.052892;;;0.031973
0.052042;;;0.030928
0.051174;;;0.02988
0.050276;;;0.02882
0.049338;;;0.02775
0.048351;;;0.026681
0.047311;;;0.025628
0.046217;;;0.024613
0.045076;;;0.023655
0.043895;;;0.022775
0.042689;;;0.02199
0.041471;;;0.021313
0.040258;;;0.020756
0.039063;;;0.020319
0.037898;;;0.019996
0.036772;;;0.019771
0.035687;;;0.019622
0.034645;;;0.019528
0.03364;;;0.01947
0.032667;;;0.019432
0.031716;;;0.019401
0.030777;;;0.019366
0.029838;;;0.019319
0.028885;;;0.019257
0.027907;;;0.019186
0.026897;;;0.019117
0.025847;;;0.019061
0.024753;;;0.019032
0.023612;;;0.019042
0.022424;;;0.019102
0.021189;;;0.019216
0.01991;;;0.019389
0.018593;;;0.01962
0.017249;;;0.0199
0.015892;;;0.020214
0.014535;;;0.020537
0.013193;;;0.020838
0.011878;;;0.021083
0.010604;;;0.021238
0.0093818;;;0.02127
0.0082218;;;0.021147
0.0071321;;;0.020839
0.0061189;;;0.020325
0.0051873;;;0.019588
0.0043415;;;0.018626
0.0035834;;;0.017448
0.0029125;;;0.016075
0.0023265;;;0.014535
0.001822;;;0.012866
0.0013947;;;0.011113
0.0010396;;;0.0093263
0.00075062;;;0.0075661
0.00052142;;;0.0058946
0.00034534;;;0.0043716
0.00021535;;;0.0030472
0.00012382;;;0.0019561
6.3027e-05;;;0.0011141
2.5928e-05;;;0.00051824
6.6606e-06;;;0.00015358
0;;;0
5.3293e-05;;;0.00018483
0.00017514;;;0.0005785
0.00036381;;;0.0011445
0.00061424;;;0.0018418
0.00091915;;;0.002629
0.0012701;;;0.0034711
0.0016578;;;0.0043444
0.0020724;;;0.0052382
0.0025037;;;0.0061524
0.0029426;;;0.0070945
0.0033829;;;0.0080757
0.0038231;;;0.0091092
0.0042664;;;0.010211
0.0047183;;;0.011398
0.0051847;;;0.012688
0.0056699;;;0.014092
0.0061754;;;0.015615
0.0067004;;;0.017251
0.0072426;;;0.018993
0.007799;;;0.020832
0.0083658;;;0.022763
0.0089382;;;0.024783
0.0095107;;;0.026899
0.010078;;;0.02912
0.010636;;;0.031466
0.011182;;;0.033963
0.011711;;;0.036649
0.012222;;;0.039568
0.012715;;;0.042774
0.01319;;;0.046317
0.013651;;;0.050244
0.014105;;;0.054589
0.014558;;;0.059376
0.015017;;;0.064618
0.015493;;;0.070315
0.015996;;;0.076449
0.016538;;;0.082983
0.017132;;;0.089861
0.01779;;;0.097011
0.018521;;;0.10435
0.019331;;;0.11181
0.020221;;;0.11928
0.02119;;;0.12667
0.022232;;;0.1339
0.023339;;;0.14087
0.024504;;;0.14752
0.025718;;;0.15379
0.026976;;;0.15963
0.028269;;;0.16503
0.029595;;;0.16998
0.030951;;;0.17448
0.032342;;;0.17853
0.033776;;;0.18217
0.035261;;;0.18541
0.036805;;;0.18829
0.038418;;;0.19081
0.040106;;;0.19301
0.041875;;;0.19488
0.043728;;;0.19643
0.045668;;;0.19766
0.047696;;;0.19856
0.049813;;;0.19914
0.052016;;;0.19942
0.054301;;;0.19939
0.05666;;;0.19907
0.059087;;;0.19848
0.06157;;;0.19766
0.064099;;;0.19662
0.066661;;;0.19541
0.069242;;;0.19406
0.071833;;;0.19261
0.074425;;;0.19109
0.077015;;;0.18954
0.079599;;;0.18797
0.082179;;;0.18641
0.084756;;;0.18486
0.087332;;;0.18331
0.08991;;;0.18176
0.092496;;;0.18017
0.095093;;;0.17852
0.097706;;;0.1768
0.10034;;;0.17499
0.10299;;;0.17307
0.10568;;;0.17105
0.10839;;;0.16891
0.11113;;;0.16667
0.1139;;;0.16436
0.1167;;;0.162
0.11953;;;0.15963
0.12238;;;0.1573
0.12526;;;0.15506
0.12817;;;0.15294
0.1311;;;0.151
0.13404;;;0.14928
0.13699;;;0.14781
0.13995;;;0.14663
0.14291;;;0.14576
0.14584;;;0.14519
0.14874;;;0.1449
0.15159;;;0.14489
0.15436;;;0.14513
0.15705;;;0.14558
0.15962;;;0.1462
0.16204;;;0.14696
0.1643;;;0.14782
0.16636;;;0.14875
0.16821;;;0.14971
0.16983;;;0.15068
0.1712;;;0.15165
0.17232;;;0.15262
0.17319;;;0.15358
0.17379;;;0.15456
0.17413;;;0.15557
0.17423;;;0.15662
0.17407;;;0.15774
0.17368;;;0.15893
0.17308;;;0.16015
0.17226;;;0.1614
0.17126;;;0.16263
0.17009;;;0.16381
0.16875;;;0.16492
0.16725;;;0.16591
0.16561;;;0.16675
0.16385;;;0.16738
0.16197;;;0.16776
0.15999;;;0.16785
0.15794;;;0.1676
0.15582;;;0.167
0.15365;;;0.16604
0.15143;;;0.16472
0.14918;;;0.16306
0.14689;;;0.16106
0.14456;;;0.15877
0.14219;;;0.15623
0.13979;;;0.15346
0.13732;;;0.1505
0.1348;;;0.14736
0.13219;;;0.14405
0.12949;;;0.14055
0.12669;;;0.13685
0.12377;;;0.13295
0.12073;;;0.12887
0.11757;;;0.1246
0.11427;;;0.12016
0.11085;;;0.11559
0.10731;;;0.11089
0.10367;;;0.10611
0.099932;;;0.10127
0.096131;;;0.096421
0.092286;;;0.091589
0.088425;;;0.086804
0.084582;;;0.082096
0.080794;;;0.077492
0.077099;;;0.073017
0.073528;;;0.068694
0.070105;;;0.064541
0.066842;;;0.060566
0.063743;;;0.05677
0.060809;;;0.053144
0.058037;;;0.049672
0.055423;;;0.046336
0.05296;;;0.043118
0.050635;;;0.039999
0.048431;;;0.03696
0.046328;;;0.033987
0.044305;;;0.031077
0.04234;;;0.028236
0.040412;;;0.025482
0.038502;;;0.022836
0.036591;;;0.020322
0.034666;;;0.017962
0.032719;;;0.015774
0.030747;;;0.013776
0.028751;;;0.011981
0.026735;;;0.010399
0.024707;;;0.0090331
0.022673;;;0.0078771
0.020645;;;0.0069168
0.018635;;;0.0061304
0.016659;;;0.0054915
0.014732;;;0.0049728
0.012871;;;0.0045469
0.011091;;;0.0041861
0.0094096;;;0.0038622
0.007843;;;0.0035507
0.0064042;;;0.0032344
0.0051045;;;0.0029065
0.0039534;;;0.002568
0.0029583;;;0.0022247
0.0021233;;;0.0018832
0.001447;;;0.0015502
0.00092188;;;0.0012328
0.00053477;;;0.0009388
0.0002683;;;0.00067681
0.000102;;;0.0004558
1.3401e-05;;;0.0002816
-2.0587e-05;;;0.00015429
-2.1916e-05;;;6.9152e-05
-9.8313e-06;;;1.9746e-05
0;;;0
4.0565e-05;;;-4.4136e-05
0.00013671;;;-0.00013679
0.00029332;;;-0.00027008
0.00051474;;;-0.00044015
0.00080539;;;-0.00064857
0.0011707;;;-0.00090183
0.0016176;;;-0.0012098
0.0021528;;;-0.0015839
0.0027812;;;-0.0020352
0.0035039;;;-0.0025734
0.0043186;;;-0.0032059
0.0052203;;;-0.0039367
0.0062037;;;-0.0047655
0.0072626;;;-0.005685
0.0083903;;;-0.0066797
0.0095791;;;-0.0077264
0.010821;;;-0.0087954
0.012106;;;-0.0098538
0.013431;;;-0.010868
0.014793;;;-0.011804
0.016192;;;-0.01263
0.017634;;;-0.013317
0.019118;;;-0.013835
0.020649;;;-0.014164
0.022226;;;-0.014289
0.023853;;;-0.014204
0.025532;;;-0.01391
0.027263;;;-0.013411
0.029046;;;-0.012715
0.03088;;;-0.011833
0.03276;;;-0.010783
0.034681;;;-0.009583
0.036636;;;-0.0082514
0.038622;;;-0.0068032
0.040636;;;-0.0052477
0.042679;;;-0.00359
0.04475;;;-0.0018321
0.046852;;;2.5664e-05
0.048989;;;0.0019839
0.051167;;;0.0040423
0.053395;;;0.0061991
0.055683;;;0.008451
0.058037;;;0.010791
0.060462;;;0.013209
0.062958;;;0.015687
0.065527;;;0.018204
0.068167;;;0.020735
0.070875;;;0.023257
0.073645;;;0.025745
0.076467;;;0.028174
0.079331;;;0.030517
0.082222;;;0.032745
0.085128;;;0.034828
0.088035;;;0.036744
0.09093;;;0.038473
0.093802;;;0.040007
0.096642;;;0.041338
0.099443;;;0.042459
0.1022;;;0.043363
0.10491;;;0.044049
0.10755;;;0.04452
0.11011;;;0.044784
0.11257;;;0.044856
0.11491;;;0.044743
0.1171;;;0.044452
0.11911;;;0.043979
0.12091;;;0.043319
0.12246;;;0.042464
0.12373;;;0.041401
0.12468;;;0.040118
0.12528;;;0.038602
0.12551;;;0.036842
0.12533;;;0.034837
0.12472;;;0.032595
0.12366;;;0.030134
0.12215;;;0.027482
0.12016;;;0.024675
0.1177;;;0.021753
0.11478;;;0.018758
0.11139;;;0.015737
0.10756;;;0.012736
0.10331;;;0.0098037
0.098657;;;0.0069852
0.093632;;;0.0043247
0.088267;;;0.0018643
0.082605;;;-0.00035431
0.0767;;;-0.0022901
0.070621;;;-0.0039036
0.064453;;;-0.0051593
0.058298;;;-0.0060293
0.052262;;;-0.0064958
0.046441;;;-0.0065527
0.040906;;;-0.0062047
0.035694;;;-0.0054635
0.030822;;;-0.0043452
0.026311;;;-0.0028696
0.022193;;;-0.0010594
0.018503;;;0.0010596
0.015256;;;0.0034599
0.012439;;;0.0061135
0.010015;;;0.0089937
0.0079353;;;0.012076
0.0061566;;;0.015333
0.0046381;;;0.018732
0.0033345;;;0.022232
0.0021885;;;0.025783
0.0011338;;;0.029336
0.00010529;;;0.032845
-0.00094981;;;0.036275
-0.0020687;;;0.0396
-0.0032773;;;0.0428
-0.0045975;;;0.045863
-0.0060488;;;0.048784
-0.0076448;;;0.051569
-0.0093867;;;0.054231
-0.011259;;;0.056791
-0.013233;;;0.059274
-0.015273;;;0.061705
-0.017341;;;0.064103
-0.019403;;;0.066487
-0.021424;;;0.068868
-0.023369;;;0.071253
-0.025203;;;0.073633
-0.026901;;;0.075987
-0.028448;;;0.078276
-0.029838;;;0.080448
-0.031075;;;0.082442
-0.032166;;;0.0842
-0.033123;;;0.085667
-0.033968;;;0.086804
-0.03473;;;0.087582
-0.035441;;;0.087985
-0.036133;;;0.088011
-0.036834;;;0.087678
-0.037567;;;0.087019
-0.038353;;;0.086085
-0.039205;;;0.084928
-0.040133;;;0.083597
-0.041136;;;0.082133
-0.042209;;;0.080567
-0.043336;;;0.078922
-0.0445;;;0.077218
-0.045679;;;0.075474
-0.046847;;;0.073701
-0.047977;;;0.07191
-0.049041;;;0.070104
-0.050015;;;0.068286
-0.050877;;;0.066458
-0.051614;;;0.064624
-0.052214;;;0.062786
-0.052669;;;0.060943
-0.052975;;;0.059093
-0.053136;;;0.05723
-0.053156;;;0.055351
-0.053045;;;0.053456
-0.052811;;;0.051547
-0.052463;;;0.049631
-0.052006;;;0.047714
-0.051447;;;0.045805
-0.050793;;;0.043916
-0.050049;;;0.042062
-0.049222;;;0.040257
-0.048316;;;0.038509
-0.047332;;;0.036821
-0.046276;;;0.035189
-0.045151;;;0.033599
-0.04396;;;0.032035
-0.04271;;;0.03048
-0.041405;;;0.02892
-0.04005;;;0.027344
-0.038649;;;0.025745
-0.037206;;;0.024117
-0.035723;;;0.022459
-0.034203;;;0.020774
-0.032647;;;0.019071
-0.031051;;;0.017366
-0.029416;;;0.015676
-0.027742;;;0.014018
-0.026034;;;0.012413
-0.024297;;;0.010877
-0.022536;;;0.0094278
-0.020762;;;0.0080831
-0.018986;;;0.0068578
-0.017222;;;0.0057619
-0.015486;;;0.0047984
-0.013793;;;0.0039644
-0.012156;;;0.0032537
-0.010587;;;0.0026583
-0.009097;;;0.0021673
-0.0076938;;;0.0017663
-0.0063855;;;0.001438
-0.0051789;;;0.0011634
-0.0040798;;;0.00092493
-0.0030941;;;0.00071045
-0.0022288;;;0.0005161
-0.0014917;;;0.00034489
-0.00089132;;;0.0002029
-0.00043638;;;9.6141e-05
-0.00013599;;;2.8497e-05
0;;;0
5.3626e-05;;;-0.00013619
0.00017174;;;-0.00045387
0.00034891;;;-0.00096132
0.00057931;;;-0.0016626
0.00085774;;;-0.0025568
0.0011802;;;-0.0036376
0.0015443;;;-0.004893
0.0019484;;;-0.0063058
0.0023919;;;-0.0078544
0.0028746;;;-0.009513
0.0033973;;;-0.011254
0.0039619;;;-0.013048
0.0045711;;;-0.014865
0.0052292;;;-0.016678
0.0059423;;;-0.018461
0.0067185;;;-0.020195
0.0075676;;;-0.021868
0.0085014;;;-0.023476
0.0095331;;;-0.025019
0.010675;;;-0.026498
0.011938;;;-0.027918
0.013325;;;-0.029282
0.014839;;;-0.030597
0.016474;;;-0.031872
0.018225;;;-0.033117
0.020083;;;-0.034337
0.022038;;;-0.03553
0.024082;;;-0.03669
0.026204;;;-0.037807
0.028395;;;-0.038872
0.030646;;;-0.039874
0.03295;;;-0.040802
0.0353;;;-0.041641
0.037687;;;-0.042379
0.040102;;;-0.043003
0.042535;;;-0.043503
0.044972;;;-0.043878
0.047403;;;-0.044133
0.049814;;;-0.044274
0.052185;;;-0.044311
0.05449;;;-0.044254
0.056697;;;-0.044112
0.058769;;;-0.043895
0.060667;;;-0.043608
0.062349;;;-0.043257
0.063774;;;-0.042847
0.064903;;;-0.042376
0.065698;;;-0.041845
0.066126;;;-0.041249
0.066162;;;-0.040586
0.065787;;;-0.039847
0.064989;;;-0.039027
0.063762;;;-0.038118
0.062104;;;-0.037113
0.060021;;;-0.036007
0.057525;;;-0.034807
0.054635;;;-0.03353
0.051375;;;-0.032203
0.047772;;;-0.030863
0.043858;;;-0.029546
0.039672;;;-0.02829
0.03526;;;-0.02713
0.030686;;;-0.026094
0.026028;;;-0.025214
0.021381;;;-0.024513
0.016844;;;-0.024011
0.012509;;;-0.023718
0.0084362;;;-0.023634
0.0046566;;;-0.02375
0.001184;;;-0.024053
-0.0019622;;;-0.024527
-0.0047501;;;-0.025152
-0.0071482;;;-0.025911
-0.0091459;;;-0.026783
-0.010765;;;-0.027754
-0.012051;;;-0.028813
-0.01306;;;-0.029958
-0.013843;;;-0.031195
-0.014449;;;-0.032532
-0.014928;;;-0.03398
-0.01534;;;-0.035548
-0.015749;;;-0.037244
-0.016216;;;-0.039072
-0.016784;;;-0.041031
-0.017478;;;-0.043116
-0.018311;;;-0.045315
-0.019286;;;-0.047606
-0.020403;;;-0.049959
-0.021652;;;-0.052342
-0.023012;;;-0.054721
-0.024448;;;-0.05706
-0.025919;;;-0.059327
-0.027378;;;-0.061487
-0.028787;;;-0.063505
-0.030111;;;-0.065343
-0.031317;;;-0.066965
-0.032378;;;-0.068334
-0.033272;;;-0.06942
-0.033985;;;-0.070196
-0.034515;;;-0.070638
-0.03487;;;-0.070728
-0.035064;;;-0.070453
-0.035119;;;-0.069809
-0.035062;;;-0.068799
-0.034932;;;-0.067436
-0.03477;;;-0.065737
-0.034624;;;-0.063718
-0.034536;;;-0.061394
-0.034542;;;-0.058782
-0.034673;;;-0.055901
-0.034951;;;-0.052772
-0.035393;;;-0.049422
-0.03601;;;-0.045875
-0.036805;;;-0.042161
-0.037774;;;-0.038311
-0.038906;;;-0.034363
-0.040187;;;-0.030363
-0.041596;;;-0.026367
-0.043113;;;-0.022426
-0.044711;;;-0.018586
-0.046367;;;-0.014884
-0.048056;;;-0.011344
-0.049757;;;-0.0079865
-0.051449;;;-0.0048233
-0.053116;;;-0.0018611
-0.054739;;;0.00090072
-0.056304;;;0.0034714
-0.057797;;;0.0058677
-0.05921;;;0.0081117
-0.060534;;;0.010228
-0.061761;;;0.01224
-0.062884;;;0.014171
-0.063897;;;0.016039
-0.064796;;;0.017852
-0.065577;;;0.019614
-0.066239;;;0.021317
-0.066776;;;0.02294
-0.067181;;;0.024452
-0.067444;;;0.025816
-0.067556;;;0.026993
-0.067508;;;0.027948
-0.067297;;;0.028655
-0.066918;;;0.029096
-0.066369;;;0.029264
-0.06565;;;0.029164
-0.064763;;;0.028812
-0.063715;;;0.02824
-0.062514;;;0.027486
-0.061167;;;0.026589
-0.059681;;;0.025588
-0.058064;;;0.024523
-0.056323;;;0.023425
-0.054462;;;0.022323
-0.05249;;;0.021237
-0.050411;;;0.020181
-0.048235;;;0.019158
-0.045969;;;0.018166
-0.043624;;;0.0172
-0.041212;;;0.016249
-0.038746;;;0.015305
-0.036242;;;0.01436
-0.033713;;;0.013407
-0.031176;;;0.012441
-0.028646;;;0.01146
-0.026141;;;0.010464
-0.023676;;;0.0094562
-0.021268;;;0.0084449
-0.018929;;;0.0074433
-0.016674;;;0.0064679
-0.014516;;;0.0055357
-0.012468;;;0.0046617
-0.010546;;;0.0038579
-0.0087672;;;0.0031347
-0.0071462;;;0.0025017
-0.0056973;;;0.0019664
-0.004432;;;0.0015317
-0.0033579;;;0.0011932
-0.002477;;;0.00093943
-0.0017854;;;0.00075464
-0.0012733;;;0.00062316
-0.00092464;;;0.00053182
-0.00071873;;;0.00046944
-0.00063177;;;0.00042487
-0.00063823;;;0.00038628
-0.00071167;;;0.00034335
-0.00082544;;;0.00028999
-0.00095364;;;0.0002252
-0.0010723;;;0.00015191
-0.0011613;;;7.4706e-05
-0.0012057;;;-1.7324e-06
-0.0011979;;;-7.3017e-05
-0.0011365;;;-0.00013464
-0.0010259;;;-0.00018101
-0.0008752;;;-0.00020508
-0.00069728;;;-0.00020143
-0.00050811;;;-0.00017101
-0.00032569;;;-0.00012223
-0.00016873;;;-6.825e-05
-5.4958e-05;;;-2.3341e-05
0;;;0
5.6129e-05;;;7.0775e-05
0.00018723;;;0.00025545
0.00039924;;;0.00058296
0.00069855;;;0.0010801
0.0010911;;;0.0017709
0.0015821;;;0.0026728
0.0021751;;;0.0037924
0.0028728;;;0.0051235
0.0036771;;;0.0066492
0.0045901;;;0.0083455
0.0056131;;;0.010185
0.0067454;;;0.01214
0.0079833;;;0.014181
0.0093201;;;0.016276
0.010747;;;0.018393
0.012256;;;0.020501
0.013836;;;0.022574
0.015482;;;0.024594
0.017184;;;0.026546
0.018938;;;0.028416
0.020738;;;0.030194
0.022579;;;0.031868
0.024461;;;0.033432
0.026384;;;0.034885
0.02835;;;0.036232
0.030367;;;0.037478
0.032441;;;0.038631
0.034583;;;0.039698
0.036802;;;0.040683
0.0391;;;0.041593
0.041475;;;0.042437
0.043918;;;0.043227
0.04641;;;0.043976
0.048932;;;0.044698
0.051455;;;0.045411
0.053953;;;0.046133
0.056392;;;0.04689
0.058742;;;0.047712
0.060969;;;0.048637
0.063039;;;0.049704
0.064922;;;0.05095
0.066588;;;0.052406
0.068016;;;0.054095
0.069184;;;0.056027
0.070077;;;0.058203
0.070685;;;0.060611
0.070998;;;0.063229
0.071009;;;0.066022
0.070715;;;0.068945
0.070111;;;0.071947
0.069195;;;0.074976
0.067967;;;0.07798
0.066427;;;0.080913
0.064577;;;0.083731
0.062416;;;0.086391
0.059946;;;0.088855
0.05717;;;0.091093
0.054092;;;0.093084
0.050724;;;0.094822
0.047087;;;0.096307
0.043212;;;0.09755
0.039147;;;0.098562
0.034949;;;0.099357
0.030688;;;0.099952
0.026434;;;0.10036
0.022248;;;0.1006
0.018178;;;0.10068
0.01425;;;0.10059
0.010474;;;0.10033
0.006854;;;0.099884
0.0034009;;;0.099236
0.00013201;;;0.098382
-0.0029356;;;0.097321
-0.0057966;;;0.096051
-0.008462;;;0.094575
-0.010955;;;0.0929
-0.0133;;;0.091038
-0.01552;;;0.089012
-0.017629;;;0.086853
-0.019645;;;0.084592
-0.021586;;;0.082263
-0.023476;;;0.079897
-0.025336;;;0.077525
-0.027182;;;0.075177
-0.029023;;;0.072886
-0.030861;;;0.070684
-0.0327;;;0.068604
-0.034542;;;0.06668
-0.036393;;;0.06494
-0.038251;;;0.063411
-0.040111;;;0.06212
-0.041964;;;0.061088
-0.043797;;;0.060336
-0.045601;;;0.059882
-0.047366;;;0.059736
-0.049083;;;0.059901
-0.050739;;;0.060377
-0.052321;;;0.061159
-0.053819;;;0.062241
-0.055224;;;0.063618
-0.056532;;;0.06528
-0.057742;;;0.067217
-0.058852;;;0.069414
-0.059861;;;0.071853
-0.060774;;;0.074518
-0.061601;;;0.077391
-0.062356;;;0.080448
-0.063053;;;0.083652
-0.063709;;;0.086951
-0.064336;;;0.090289
-0.06495;;;0.093611
-0.065564;;;0.096869
-0.066192;;;0.10002
-0.066842;;;0.10304
-0.067518;;;0.10589
-0.068221;;;0.10855
-0.068943;;;0.11101
-0.069674;;;0.11327
-0.070399;;;0.11532
-0.071102;;;0.11718
-0.071766;;;0.11886
-0.072375;;;0.12037
-0.072916;;;0.12172
-0.073378;;;0.12294
-0.073751;;;0.12404
-0.074031;;;0.12502
-0.074214;;;0.12589
-0.0743;;;0.12664
-0.074293;;;0.12726
-0.074202;;;0.12774
-0.074037;;;0.12805
-0.073806;;;0.12818
-0.073509;;;0.12811
-0.073148;;;0.12783
-0.072716;;;0.12731
-0.072207;;;0.12655
-0.071612;;;0.12555
-0.07092;;;0.12431
-0.070122;;;0.12286
-0.069207;;;0.12122
-0.068172;;;0.11941
-0.067011;;;0.11747
-0.065725;;;0.1154
-0.064312;;;0.11325
-0.062774;;;0.11104
-0.061111;;;0.10879
-0.059326;;;0.10651
-0.057421;;;0.10421
-0.055401;;;0.10191
-0.053269;;;0.099605
-0.05103;;;0.097301
-0.04869;;;0.094999
-0.046256;;;0.0927
-0.043736;;;0.090399
-0.041138;;;0.088094
-0.038474;;;0.085776
-0.035756;;;0.083441
-0.032995;;;0.081089
-0.030204;;;0.078725
-0.027397;;;0.076358
-0.02459;;;0.073993
-0.021799;;;0.071636
-0.019042;;;0.069293
-0.016337;;;0.066967
-0.013704;;;0.064659
-0.011162;;;0.062366
-0.0087289;;;0.06008
-0.0064224;;;0.057788
-0.0042591;;;0.055471
-0.0022546;;;0.053113
-0.00042336;;;0.0507
0.0012213;;;0.048218
0.0026684;;;0.045661
0.0039096;;;0.043023
0.004939;;;0.040307
0.005753;;;0.037523
0.0063518;;;0.034692
0.0067398;;;0.031846
0.0069262;;;0.02902
0.0069254;;;0.026248
0.0067568;;;0.023557
0.0064442;;;0.020966
0.0060149;;;0.018488
0.0054975;;;0.016137
0.0049215;;;0.013927
0.0043151;;;0.011874
0.0037032;;;0.0099937
0.0031067;;;0.008295
0.0025425;;;0.0067829
0.002024;;;0.0054566
0.0015616;;;0.0043114
0.001162;;;0.0033385
0.00082818;;;0.0025253
0.00056001;;;0.0018554
0.00035448;;;0.0013095
0.00020582;;;0.00086884
0.00010573;;;0.00051978
4.4375e-05;;;0.00025656
1.1927e-05;;;8.0958e-05
0;;;0
4.0334e-05;;;-1.7592e-05
0.00013314;;;-4.7638e-05
0.00027948;;;-8.289e-05
0.00048046;;;-0.00012342
0.0007381;;;-0.0001754
0.0010556;;;-0.00024862
0.0014363;;;-0.00035418
0.0018824;;;-0.00050276
0.0023936;;;-0.00070452
0.0029679;;;-0.00096986
0.0036023;;;-0.0013089
0.0042948;;;-0.0017288
0.0050449;;;-0.002231
0.0058542;;;-0.0028097
0.0067247;;;-0.0034531
0.0076579;;;-0.0041452
0.0086541;;;-0.0048685
0.009714;;;-0.0056056
0.01084;;;-0.0063402
0.012037;;;-0.0070566
0.013306;;;-0.0077398
0.014649;;;-0.0083771
0.016067;;;-0.0089612
0.017557;;;-0.0094902
0.019115;;;-0.0099667
0.02074;;;-0.010394
0.022423;;;-0.010775
0.02416;;;-0.01111
0.025944;;;-0.011399
0.027766;;;-0.011642
0.029621;;;-0.011838
0.031503;;;-0.011986
0.033407;;;-0.012083
0.035325;;;-0.012117
0.037251;;;-0.012073
0.039177;;;-0.011931
0.041097;;;-0.011667
0.043006;;;-0.011261
0.044903;;;-0.010691
0.046786;;;-0.0099427
0.048657;;;-0.0090015
0.050514;;;-0.0078586
0.052358;;;-0.0065108
0.054188;;;-0.0049622
0.056005;;;-0.0032258
0.057813;;;-0.0013229
0.059619;;;0.00071827
0.061428;;;0.0028674
0.063245;;;0.0050933
0.065074;;;0.0073643
0.066916;;;0.0096473
0.06877;;;0.01191
0.070636;;;0.014124
0.072511;;;0.016269
0.074392;;;0.01833
0.076277;;;0.020296
0.078165;;;0.022162
0.080059;;;0.023922
0.081963;;;0.025568
0.083881;;;0.027091
0.085823;;;0.028482
0.087794;;;0.029727
0.089803;;;0.030812
0.091859;;;0.031716
0.093967;;;0.032419
0.096133;;;0.0329
0.098359;;;0.03314
0.10065;;;0.033124
0.103;;;0.032842
0.10542;;;0.032289
0.10791;;;0.031467
0.11047;;;0.030386
0.1131;;;0.029064
0.1158;;;0.027527
0.11858;;;0.025807
0.12143;;;0.023943
0.12435;;;0.021972
0.12734;;;0.019927
0.13037;;;0.017844
0.13343;;;0.015753
0.1365;;;0.013681
0.13955;;;0.011655
0.14255;;;0.0096979
0.14547;;;0.0078318
0.14828;;;0.006078
0.15095;;;0.0044594
0.15345;;;0.0030004
0.15577;;;0.0017268
0.15788;;;0.00066498
0.15975;;;-0.00016019
0.16137;;;-0.00072691
0.16273;;;-0.001018
0.1638;;;-0.001021
0.16458;;;-0.00072726
0.16505;;;-0.00013143
0.16522;;;0.00076606
0.16509;;;0.0019557
0.16466;;;0.003419
0.16395;;;0.0051311
0.16297;;;0.0070631
0.16172;;;0.0091833
0.16021;;;0.011458
0.15848;;;0.013851
0.15653;;;0.016319
0.1544;;;0.018816
0.15213;;;0.021292
0.14977;;;0.023699
0.14739;;;0.025999
0.14505;;;0.028163
0.14281;;;0.03017
0.14071;;;0.032005
0.13878;;;0.033661
0.13703;;;0.035138
0.13548;;;0.036441
0.13412;;;0.037583
0.13297;;;0.038581
0.13202;;;0.03945
0.13127;;;0.040206
0.13068;;;0.040862
0.13022;;;0.041431
0.12986;;;0.04192
0.12956;;;0.042336
0.12928;;;0.04267
0.129;;;0.042904
0.12866;;;0.043008
0.12825;;;0.042944
0.12773;;;0.042679
0.12708;;;0.042185
0.1263;;;0.041443
0.12537;;;0.040447
0.12431;;;0.039205
0.12311;;;0.037742
0.12178;;;0.036093
0.12033;;;0.034307
0.11876;;;0.032438
0.11709;;;0.030541
0.11534;;;0.028666
0.11352;;;0.026859
0.11163;;;0.025155
0.1097;;;0.023584
0.10773;;;0.022165
0.10573;;;0.020907
0.10374;;;0.019808
0.10174;;;0.018857
0.099758;;;0.018033
0.097789;;;0.017313
0.095834;;;0.016666
0.093891;;;0.016064
0.091955;;;0.015478
0.090014;;;0.01488
0.088057;;;0.014242
0.086071;;;0.013539
0.084046;;;0.012756
0.081973;;;0.011884
0.079847;;;0.010928
0.077666;;;0.0099004
0.07543;;;0.00882
0.073142;;;0.007708
0.070806;;;0.0065855
0.068433;;;0.0054723
0.066032;;;0.0043862
0.063615;;;0.003342
0.061193;;;0.0023477
0.058776;;;0.0014028
0.056373;;;0.00050005
0.053987;;;-0.00037089
0.051622;;;-0.0012198
0.049278;;;-0.0020543
0.046954;;;-0.00288
0.04465;;;-0.0037001
0.042365;;;-0.0045168
0.040098;;;-0.00533
0.037846;;;-0.006135
0.035608;;;-0.00692
0.033382;;;-0.0076669
0.031168;;;-0.0083541
0.028972;;;-0.008959
0.026801;;;-0.0094605
0.024665;;;-0.0098399
0.022576;;;-0.010081
0.020541;;;-0.010172
0.018568;;;-0.010104
0.016664;;;-0.0098795
0.014837;;;-0.0095051
0.013095;;;-0.008995
0.011443;;;-0.0083675
0.0098877;;;-0.0076445
0.0084333;;;-0.0068516
0.0070854;;;-0.0060159
0.0058499;;;-0.0051648
0.0047321;;;-0.0043248
0.0037354;;;-0.0035206
0.0028606;;;-0.0027731
0.0021066;;;-0.002098
0.0014716;;;-0.0015055
0.00095355;;;-0.0010024
0.00055068;;;-0.00059484
0.00026026;;;-0.00028867
7.8362e-05;;;-8.906e-05
0;;;0
7.1806e-05;;;-3.9271e-05
0.00022679;;;-0.00011108
0.00045553;;;-0.00019253
0.00075072;;;-0.00026308
0.0011082;;;-0.00030623
0.0015267;;;-0.0003081
0.002007;;;-0.00025496
0.0025505;;;-0.0001327
0.0031587;;;6.9679e-05
0.0038334;;;0.00035556
0.004577;;;0.00071866
0.0053921;;;0.0011437
0.0062795;;;0.0016082
0.0072375;;;0.0020846
0.0082613;;;0.0025422
0.0093441;;;0.0029488
0.010477;;;0.0032713
0.01165;;;0.0034778
0.012853;;;0.0035419
0.014076;;;0.0034483
0.015308;;;0.0031961
0.01654;;;0.0027983
0.017762;;;0.0022766
0.018967;;;0.0016557
0.020151;;;0.00095728
0.021313;;;0.00019893
0.022457;;;-0.00060492
0.02359;;;-0.0014417
0.024718;;;-0.0023028
0.025851;;;-0.0031869
0.026997;;;-0.0041019
0.028162;;;-0.0050621
0.029353;;;-0.0060834
0.030575;;;-0.0071782
0.03183;;;-0.0083523
0.033118;;;-0.0096069
0.034434;;;-0.010941
0.035773;;;-0.012353
0.037128;;;-0.013841
0.038494;;;-0.015399
0.039868;;;-0.017012
0.041245;;;-0.018653
0.042622;;;-0.020293
0.043996;;;-0.021902
0.045365;;;-0.023454
0.046728;;;-0.024927
0.048088;;;-0.026305
0.049445;;;-0.027569
0.050801;;;-0.028711
0.052156;;;-0.029731
0.053509;;;-0.030641
0.054857;;;-0.03146
0.056197;;;-0.03221
0.057524;;;-0.032915
0.05883;;;-0.033596
0.060106;;;-0.034271
0.061341;;;-0.034959
0.062524;;;-0.035676
0.063648;;;-0.036439
0.064705;;;-0.03726
0.065691;;;-0.038147
0.066604;;;-0.039098
0.067443;;;-0.040111
0.06821;;;-0.041176
0.068908;;;-0.042283
0.069543;;;-0.043419
0.070118;;;-0.044572
0.070638;;;-0.04573
0.071112;;;-0.046884
0.071548;;;-0.048032
0.071957;;;-0.049178
0.07235;;;-0.050334
0.072742;;;-0.051521
0.073143;;;-0.052761
0.073565;;;-0.054076
0.074017;;;-0.055489
0.074509;;;-0.057017
0.075047;;;-0.058678
0.075639;;;-0.060482
0.076287;;;-0.062433
0.076996;;;-0.06452
0.077769;;;-0.066721
0.078606;;;-0.069007
0.079512;;;-0.071344
0.080492;;;-0.073696
0.081551;;;-0.076026
0.082697;;;-0.078297
0.083939;;;-0.080473
0.085286;;;-0.082525
0.086744;;;-0.084436
0.088313;;;-0.0862
0.089985;;;-0.087816
0.091747;;;-0.089282
0.093579;;;-0.090591
0.095458;;;-0.091723
0.097357;;;-0.092653
0.099245;;;-0.093352
0.10109;;;-0.093788
0.10287;;;-0.093926
0.10454;;;-0.093732
0.10608;;;-0.093166
0.10746;;;-0.092196
0.10866;;;-0.090796
0.10967;;;-0.088958
0.11048;;;-0.086683
0.11106;;;-0.083987
0.11142;;;-0.080894
0.11154;;;-0.077434
0.11142;;;-0.073647
0.11106;;;-0.069579
0.11046;;;-0.06528
0.10963;;;-0.060807
0.10856;;;-0.056215
0.10727;;;-0.051563
0.10576;;;-0.046901
0.10403;;;-0.042274
0.10209;;;-0.037718
0.099965;;;-0.033261
0.097668;;;-0.028921
0.095233;;;-0.024703
0.092702;;;-0.020605
0.090124;;;-0.016618
0.087549;;;-0.012732
0.085021;;;-0.0089403
0.082578;;;-0.005235
0.080247;;;-0.0016113
0.07805;;;0.0019372
0.075998;;;0.0054172
0.074101;;;0.0088309
0.072369;;;0.012171
0.070808;;;0.015418
0.06942;;;0.018544
0.068199;;;0.021511
0.06713;;;0.024278
0.066196;;;0.0268
0.065372;;;0.029034
0.064634;;;0.030939
0.06396;;;0.032481
0.063327;;;0.03364
0.062713;;;0.034412
0.0621;;;0.034816
0.061471;;;0.034885
0.060813;;;0.034663
0.060115;;;0.034198
0.059371;;;0.033538
0.058573;;;0.03273
0.057717;;;0.031818
0.056798;;;0.030844
0.055812;;;0.029842
0.05476;;;0.028835
0.053641;;;0.027833
0.052455;;;0.026836
0.051203;;;0.025838
0.049883;;;0.024828
0.048493;;;0.023794
0.047033;;;0.022723
0.045504;;;0.021601
0.04391;;;0.020416
0.042253;;;0.01916
0.04054;;;0.017834
0.038775;;;0.016449
0.036964;;;0.015026
0.035112;;;0.013593
0.033228;;;0.012181
0.031318;;;0.010819
0.029391;;;0.0095306
0.027454;;;0.0083385
0.025517;;;0.0072608
0.023586;;;0.006312
0.021674;;;0.0054996
0.019792;;;0.0048233
0.017953;;;0.0042755
0.016172;;;0.0038436
0.01446;;;0.0035099
0.012832;;;0.0032522
0.011298;;;0.0030451
0.009871;;;0.0028621
0.0085588;;;0.002678
0.0073681;;;0.0024724
0.006301;;;0.0022325
0.0053558;;;0.0019532
0.0045282;;;0.0016371
0.0038128;;;0.0012927
0.0032047;;;0.00093285
0.0026976;;;0.00057218
0.0022829;;;0.00022614
0.0019482;;;-8.9344e-05
0.0016791;;;-0.00035881
0.0014607;;;-0.00056938
0.0012791;;;-0.00071316
0.0011219;;;-0.00078824
0.00097798;;;-0.00079802
0.00083766;;;-0.00075024
0.00069429;;;-0.0006563
0.00054585;;;-0.00053053
0.00039603;;;-0.00038893
0.00025383;;;-0.00024866
0.00013169;;;-0.00012727
4.2964e-05;;;-4.0589e-05
0;;;0
8.4256e-06;;;0.00018838
2.7053e-05;;;0.00055311
5.5186e-05;;;0.0010185
9.1675e-05;;;0.0015142
0.00013423;;;0.0019748
0.00017927;;;0.0023401
0.00022288;;;0.0025571
0.00026201;;;0.0025825
0.00029513;;;0.0023858
0.0003218;;;0.0019509
0.00034167;;;0.0012743
0.00035422;;;0.00036261
0.00035903;;;-0.00077155
0.0003562;;;-0.0021125
0.00034647;;;-0.0036434
0.00033117;;;-0.0053474
0.00031199;;;-0.0072078
0.00029119;;;-0.0092081
0.00027221;;;-0.011333
0.00025981;;;-0.013571
0.00025963;;;-0.015915
0.0002777;;;-0.018365
0.00032048;;;-0.020925
0.00039478;;;-0.023598
0.00050783;;;-0.026391
0.0006673;;;-0.029306
0.00088094;;;-0.032345
0.001156;;;-0.0355
0.0014989;;;-0.038753
0.0019154;;;-0.042076
0.0024109;;;-0.045432
0.0029903;;;-0.04877
0.0036578;;;-0.052036
0.0044164;;;-0.055169
0.0052685;;;-0.058109
0.0062166;;;-0.060789
0.007263;;;-0.063146
0.0084109;;;-0.065116
0.0096642;;;-0.066641
0.011027;;;-0.067676
0.012501;;;-0.068192
0.014088;;;-0.068177
0.015789;;;-0.06763
0.017603;;;-0.06656
0.019529;;;-0.064983
0.021567;;;-0.062924
0.023711;;;-0.060415
0.025954;;;-0.057488
0.02828;;;-0.054178
0.030671;;;-0.050515
0.033104;;;-0.046527
0.035554;;;-0.042239
0.037995;;;-0.037674
0.040402;;;-0.032854
0.04275;;;-0.027801
0.045016;;;-0.022542
0.047182;;;-0.01711
0.049228;;;-0.011541
0.051138;;;-0.0058782
0.052897;;;-0.00016587
0.054494;;;0.0055489
0.055921;;;0.011222
0.057174;;;0.016815
0.058248;;;0.022294
0.05914;;;0.027628
0.059844;;;0.032787
0.060354;;;0.037743
0.060666;;;0.042468
0.060781;;;0.046934
0.060704;;;0.05112
0.060446;;;0.055014
0.060022;;;0.058613
0.059447;;;0.06192
0.058737;;;0.064944
0.057908;;;0.067693
0.056979;;;0.070184
0.055964;;;0.072436
0.054878;;;0.07447
0.053736;;;0.076305
0.052552;;;0.077958
0.051342;;;0.079443
0.050128;;;0.080771
0.048935;;;0.081954
0.047792;;;0.083
0.046732;;;0.083918
0.045779;;;0.084718
0.044955;;;0.085404
0.044268;;;0.08598
0.043722;;;0.086451
0.043314;;;0.086825
0.043041;;;0.087119
0.0429;;;0.087352
0.042888;;;0.087546
0.043003;;;0.087721
0.043244;;;0.087898
0.043604;;;0.088096
0.044078;;;0.088329
0.044653;;;0.088612
0.045318;;;0.088949
0.046059;;;0.089337
0.046865;;;0.089762
0.047728;;;0.090205
0.048644;;;0.090642
0.049606;;;0.091047
0.05061;;;0.091393
0.05165;;;0.091655
0.052722;;;0.091809
0.053823;;;0.091831
0.054952;;;0.091704
0.05611;;;0.091413
0.057303;;;0.090956
0.058539;;;0.090338
0.059829;;;0.089567
0.061182;;;0.088654
0.06261;;;0.087611
0.064121;;;0.086452
0.065722;;;0.085192
0.067417;;;0.083845
0.069207;;;0.082418
0.071093;;;0.080914
0.073073;;;0.079323
0.07514;;;0.077629
0.077286;;;0.075809
0.079498;;;0.073846
0.081758;;;0.071726
0.084047;;;0.06944
0.086342;;;0.066988
0.088621;;;0.064374
0.090859;;;0.061613
0.093034;;;0.058731
0.095122;;;0.055761
0.097101;;;0.052738
0.09895;;;0.049692
0.10065;;;0.046645
0.10219;;;0.043612
0.10356;;;0.040602
0.10474;;;0.037622
0.10574;;;0.034683
0.10656;;;0.031798
0.10718;;;0.028985
0.10761;;;0.026257
0.10783;;;0.023626
0.10784;;;0.021101
0.10765;;;0.018687
0.10724;;;0.01639
0.10661;;;0.014214
0.10576;;;0.01216
0.1047;;;0.010229
0.10343;;;0.0084198
0.10195;;;0.0067311
0.10028;;;0.0051683
0.098417;;;0.003741
0.096367;;;0.0024614
0.094141;;;0.0013413
0.091749;;;0.00039001
0.089201;;;-0.00038473
0.086508;;;-0.0009752
0.083681;;;-0.0013735
0.080729;;;-0.0015751
0.077664;;;-0.0015842
0.0745;;;-0.0014158
0.071256;;;-0.0010953
0.067948;;;-0.000655
0.064595;;;-0.00013091
0.061214;;;0.00043932
0.057822;;;0.0010172
0.054439;;;0.0015639
0.051084;;;0.002043
0.047777;;;0.0024251
0.044537;;;0.002693
0.041379;;;0.0028425
0.038318;;;0.0028817
0.035362;;;0.0028282
0.03252;;;0.0027055
0.029795;;;0.0025401
0.027192;;;0.0023579
0.024712;;;0.0021838
0.022359;;;0.0020409
0.020132;;;0.0019474
0.018032;;;0.0019106
0.016056;;;0.0019235
0.014202;;;0.0019685
0.012467;;;0.0020237
0.010849;;;0.0020691
0.0093448;;;0.0020894
0.0079553;;;0.0020744
0.0066806;;;0.0020184
0.0055225;;;0.0019192
0.0044833;;;0.0017783
0.0035644;;;0.0016012
0.0027653;;;0.001397
0.0020835;;;0.001177
0.0015146;;;0.00095315
0.0010521;;;0.00073635
0.00068822;;;0.00053509
0.00041465;;;0.00035632
0.00022139;;;0.00020711
9.6481e-05;;;9.5266e-05
2.6831e-05;;;2.6674e-05
0;;;0
4.9921e-05;;;-0.00024948
0.00015517;;;-0.00079676
0.00030571;;;-0.0016111
0.00049182;;;-0.002654
0.00070456;;;-0.0038816
0.00093647;;;-0.0052476
0.0011821;;;-0.0067068
0.0014385;;;-0.0082177
0.0017054;;;-0.0097433
0.0019855;;;-0.011252
0.0022838;;;-0.012721
0.0026073;;;-0.014134
0.0029642;;;-0.015486
0.0033639;;;-0.016779
0.0038148;;;-0.018018
0.0043226;;;-0.01921
0.0048893;;;-0.020364
0.0055122;;;-0.021489
0.0061859;;;-0.022589
0.0069031;;;-0.023663
0.0076555;;;-0.024703
0.0084341;;;-0.02569
0.0092288;;;-0.026595
0.010029;;;-0.027387
0.010825;;;-0.028032
0.01161;;;-0.028501
0.012381;;;-0.02877
0.013137;;;-0.02882
0.013879;;;-0.02864
0.014612;;;-0.028221
0.015338;;;-0.027561
0.016064;;;-0.026666
0.016796;;;-0.02555
0.017544;;;-0.024232
0.018319;;;-0.022735
0.019136;;;-0.021082
0.02001;;;-0.019298
0.020955;;;-0.017406
0.021985;;;-0.015427
0.023113;;;-0.013376
0.024349;;;-0.011265
0.025699;;;-0.0090991
0.027168;;;-0.006871
0.028759;;;-0.0045708
0.030474;;;-0.0021889
0.032312;;;0.0002777
0.034275;;;0.0028241
0.036365;;;0.0054386
0.038583;;;0.0081048
0.040929;;;0.010804
0.043403;;;0.013514
0.046001;;;0.016216
0.048724;;;0.018885
0.051571;;;0.021501
0.054543;;;0.024045
0.05764;;;0.026497
0.060859;;;0.02884
0.064188;;;0.031055
0.067619;;;0.033119
0.071144;;;0.035009
0.074757;;;0.036707
0.078456;;;0.038205
0.082235;;;0.039503
0.086082;;;0.040605
0.089979;;;0.04152
0.093907;;;0.042254
0.097842;;;0.042814
0.10176;;;0.043205
0.10563;;;0.043435
0.10942;;;0.043509
0.1131;;;0.043431
0.11664;;;0.043205
0.12001;;;0.042831
0.12318;;;0.042305
0.12612;;;0.041628
0.1288;;;0.040799
0.13123;;;0.039816
0.13337;;;0.03868
0.13521;;;0.037388
0.13676;;;0.03594
0.13799;;;0.034341
0.13891;;;0.032598
0.13953;;;0.030724
0.13984;;;0.028736
0.13984;;;0.02665
0.13953;;;0.024485
0.13891;;;0.022259
0.138;;;0.019991
0.13678;;;0.017702
0.13528;;;0.015413
0.1335;;;0.013147
0.13146;;;0.010925
0.12918;;;0.0087679
0.12669;;;0.0066943
0.12401;;;0.0047252
0.12122;;;0.0028838
0.11836;;;0.0011953
0.1155;;;-0.00031472
0.11269;;;-0.0016209
0.10999;;;-0.0026987
0.10742;;;-0.0035228
0.10502;;;-0.004065
0.10282;;;-0.0042943
0.10084;;;-0.0041806
0.099087;;;-0.0036988
0.097575;;;-0.0028324
0.096303;;;-0.0015744
0.095266;;;7.4608e-05
0.094445;;;0.0021092
0.09382;;;0.0045206
0.093361;;;0.007294
0.093033;;;0.010406
0.092799;;;0.013821
0.092621;;;0.017497
0.092461;;;0.021388
0.092286;;;0.025442
0.092063;;;0.029603
0.091767;;;0.033815
0.091372;;;0.038017
0.090861;;;0.042154
0.090218;;;0.046179
0.089432;;;0.050055
0.088497;;;0.053763
0.087411;;;0.057293
0.086177;;;0.060645
0.084805;;;0.063821
0.083307;;;0.066826
0.081702;;;0.069666
0.080008;;;0.072348
0.07825;;;0.074881
0.076453;;;0.077269
0.074644;;;0.079513
0.072848;;;0.081609
0.071086;;;0.083549
0.069376;;;0.085323
0.06773;;;0.08692
0.066157;;;0.08833
0.064659;;;0.089539
0.063233;;;0.090537
0.061873;;;0.091309
0.060568;;;0.091839
0.059306;;;0.092118
0.058073;;;0.092142
0.056854;;;0.091913
0.055633;;;0.091437
0.054394;;;0.090717
0.053123;;;0.08976
0.051808;;;0.088573
0.050439;;;0.087167
0.049011;;;0.085559
0.047519;;;0.083762
0.045963;;;0.081785
0.04435;;;0.079632
0.042689;;;0.077306
0.040989;;;0.074813
0.039261;;;0.072165
0.037514;;;0.069378
0.035757;;;0.066473
0.034001;;;0.063469
0.032255;;;0.060387
0.030528;;;0.057247
0.028828;;;0.054067
0.027165;;;0.050867
0.025545;;;0.047663
0.023974;;;0.04447
0.022457;;;0.041301
0.020998;;;0.038171
0.019601;;;0.035099
0.018268;;;0.03211
0.016998;;;0.029231
0.01579;;;0.02649
0.01464;;;0.023909
0.013543;;;0.021498
0.012492;;;0.019256
0.011481;;;0.017175
0.010502;;;0.015246
0.009548;;;0.013458
0.008615;;;0.011801
0.0077;;;0.010265
0.0068034;;;0.0088405
0.0059286;;;0.0075219
0.0050812;;;0.0063073
0.004269;;;0.0051983
0.0035015;;;0.0041989
0.0027901;;;0.0033126
0.0021461;;;0.0025408
0.0015798;;;0.0018826
0.0010985;;;0.0013344
0.00070584;;;0.00089115
0.00040136;;;0.00054719
0.00018052;;;0.00029553
3.4992e-05;;;0.00012568
-4.7001e-05;;;2.2848e-05
-8.0053e-05;;;-2.9895e-05
-8.0094e-05;;;-4.8373e-05
-6.2232e-05;;;-4.5702e-05
-3.8821e-05;;;-3.2376e-05
-1.8357e-05;;;-1.6716e-05
-5.1912e-06;;;-4.9165e-06
0;;;0