arm_joint_1.vel,arm_joint_2.vel,arm_joint_3.vel,arm_joint_4.vel,arm_joint_5.vel,time_stamp
-0.10471975511965977,-0.0,0.0,-0.0,-0.10471975511965977,1576658841601912975
-0.10471975511965977,-0.0,0.0,-0.0,-0.10471975511965977,1576658841602152109
-0.10471975511965977,-0.0,0.0,-0.0,-0.10471975511965977,1576658841612198114
-0.10471975511965977,-0.0,0.0,-0.0,-0.10471975511965977,1576658841622220039
-0.10471975511965977,-0.0,0.0,-0.0,-0.10471975511965977,1576658841632210969
-0.10471975511965977,-0.0,0.0,-0.0,-0.10471975511965977,1576658841642210006
-0.10471975511965977,0.0006712804815362806,0.0,-0.0014749261284459122,-0.10471975511965977,1576658841652205944
-0.10471975511965977,0.0013425609630725612,0.0,-0.0029498522568918244,-0.10471975511965977,1576658841662214994
-0.10471975511965977,-0.0,0.0,-0.004424778385337737,-0.10471975511965977,1576658841672220945
-0.10471975511965977,-0.0,0.0,-0.007374630642229561,-0.10471975511965977,1576658841682208061
-0.10471975511965977,0.0013425609630725612,0.0,-0.004424778385337737,-0.10471975511965977,1576658841692209005
-0.10471975511965977,-0.0,0.0010471975511965976,-0.0014749261284459122,-0.10471975511965977,1576658841702198982
-0.10471975511965977,0.0006712804815362806,0.0031415926535897933,-0.01327433515601321,-0.10471975511965977,1576658841712207078
-0.10471975511965977,0.0020138414446088417,0.0031415926535897933,-0.014749261284459123,-0.10471975511965977,1576658841722204923
-0.10471975511965977,-0.0,0.0031415926535897933,-0.004424778385337737,-0.10471975511965977,1576658841732206106
-0.10471975511965977,0.006712804815362805,0.0041887902047863905,-0.0,-0.10471975511965977,1576658841742209911
-0.10471975511965977,-0.0,0.0041887902047863905,-0.01769911354135095,-0.10471975511965977,1576658841752207994
-0.10471975511965977,0.011411768186116769,0.0031415926535897933,-0.030973448697364153,-0.10471975511965977,1576658841762212038
-0.10471975511965977,0.0013425609630725612,0.0041887902047863905,-0.02507374418358051,-0.10471975511965977,1576658841772208929
-0.10471975511965977,0.006041524333826525,0.0010471975511965976,-0.010324482899121386,-0.10471975511965977,1576658841782203912
-0.10471975511965977,0.01074048770458049,0.006283185307179587,-0.004424778385337737,-0.10471975511965977,1576658841792215108
-0.10471975511965977,0.005370243852290245,0.0010471975511965976,-0.014749261284459123,-0.10471975511965977,1576658841802213907
-0.10471975511965977,0.01342560963072561,0.0041887902047863905,-0.030973448697364153,-0.10471975511965977,1576658841812208890
-0.10471975511965977,0.014768170593798173,0.0010471975511965976,-0.02507374418358051,-0.10471975511965977,1576658841822206974
-0.10471975511965977,0.01074048770458049,0.006283185307179587,-0.004424778385337737,-0.10471975511965977,1576658841832209110
-0.10471975511965977,0.019467133964552137,0.0020943951023931952,-0.010324482899121386,-0.10471975511965977,1576658841842219114
-0.10471975511965977,0.016110731556870733,0.007330382858376184,-0.04572270998182329,-0.10471975511965977,1576658841852205991
-0.10471975511965977,0.0208096949276247,0.0041887902047863905,-0.08849556770675474,-0.10471975511965977,1576658841862175941
-0.10471975511965977,0.028865060706060066,0.007330382858376184,-0.09882005060587613,-0.10471975511965977,1576658841872205018
-0.10471975511965977,0.02483737781684238,0.0031415926535897933,-0.07374630642229563,-0.10471975511965977,1576658841882208108
-0.10471975511965977,0.0241660973353061,0.0020943951023931952,-0.05899704513783649,-0.10471975511965977,1576658841892209053
-0.10471975511965977,0.02349481685376982,0.00942477796076938,-0.05014748836716102,-0.10471975511965977,1576658841902205944
-0.10471975511965977,0.028865060706060066,0.007330382858376184,-0.051622414495606936,-0.10471975511965977,1576658841912205934
-0.10471975511965977,0.03624914600295916,0.006283185307179587,-0.07817108480763335,-0.10471975511965977,1576658841922174930
-0.10471975511965977,0.02617993877991494,0.00942477796076938,-0.11504423801878115,-0.10471975511965977,1576658841932205915
-0.10471975511965977,0.04094810937371311,0.014660765716752368,-0.16224187412905033,-0.10471975511965977,1576658841942209005
-0.10471975511965977,0.05370243852290244,0.014660765716752368,-0.16224187412905033,-0.10471975511965977,1576658841952208042
-0.10471975511965977,0.06981317007977318,0.006283185307179587,-0.1327433515601321,-0.10471975511965977,1576658841962208986
-0.10471975511965977,0.051688597078293604,0.010471975511965976,-0.12241886866101072,-0.10471975511965977,1576658841972208023
-0.10471975511965977,0.044975792262930796,0.014660765716752368,-0.1415929083308076,-0.10471975511965977,1576658841982206106
-0.10471975511965977,0.05974396285672898,0.0031415926535897933,-0.17846606154195538,-0.10471975511965977,1576658841992204904
-0.10471975511965977,0.061757804301337815,0.010471975511965976,-0.2050147318539818,-0.10471975511965977,1576658842002202987
-0.10471975511965977,0.06377164574594665,0.011519173063162575,-0.18731561831263085,-0.10471975511965977,1576658842012207031
-0.10471975511965977,0.07115573104284574,0.008377580409572781,-0.19911502734019815,-0.10471975511965977,1576658842022206068
-0.10471975511965977,0.061757804301337815,0.010471975511965976,-0.2050147318539818,-0.10471975511965977,1576658842032187938
-0.10471975511965977,0.07853981633974483,0.014660765716752368,-0.20943951023931953,-0.10471975511965977,1576658842042210102
-0.10471975511965977,0.08726646259971647,0.01780235837034216,-0.22566369765222458,-0.10471975511965977,1576658842052206993
-0.10471975511965977,0.093307986933543,0.016755160819145562,-0.24336281119357556,-0.10471975511965977,1576658842062206029
-0.10471975511965977,0.09599310885968812,0.012566370614359173,-0.2743362598909397,-0.10471975511965977,1576658842072204113
-0.10471975511965977,0.08122493826588995,0.015707963267948967,-0.2728613337624938,-0.10471975511965977,1576658842082207918
-0.10471975511965977,0.08860902356278903,0.01780235837034216,-0.2817108905331692,-0.10471975511965977,1576658842092192888
-0.10471975511965977,0.10471975511965977,0.013613568165555772,-0.2890855211753988,-0.10471975511965977,1576658842102205038
-0.10471975511965977,0.10471975511965977,0.016755160819145562,-0.30530970858830386,-0.10471975511965977,1576658842112205028
-0.10471975511965977,0.11478896234270398,0.014660765716752368,-0.3259586743865466,-0.10471975511965977,1576658842122205018
-0.10471975511965977,0.10203463319351463,0.013613568165555772,-0.320058969872763,-0.10471975511965977,1576658842132208108
-0.10471975511965977,0.11344640137963143,0.01884955592153876,-0.3259586743865466,-0.10471975511965977,1576658842142204999
-0.10471975511965977,0.12083048667653051,0.019896753472735357,-0.3451327140563435,-0.10471975511965977,1576658842152204990
-0.10471975511965977,0.1000207917489058,0.025132741228718346,-0.33923300954255986,-0.10471975511965977,1576658842162197113
-0.10471975511965977,0.11008999897195001,0.016755160819145562,-0.3451327140563435,-0.10471975511965977,1576658842172218084
-0.10471975511965977,0.09532182837815184,0.015707963267948967,-0.3421828617994516,-0.10471975511965977,1576658842182214021
-0.10471975511965977,0.11613152330577654,0.01780235837034216,-0.3495574924416812,-0.10471975511965977,1576658842192209005
-0.10471975511965977,0.1141176818611677,0.01780235837034216,-0.35398227082701894,-0.10471975511965977,1576658842202209949
-0.10471975511965977,0.12552945004728447,0.024085543677521748,-0.35250734469857303,-0.10471975511965977,1576658842212213039
-0.10471975511965977,0.13022841341803842,0.015707963267948967,-0.37315631049681586,-0.10471975511965977,1576658842222210884
-0.10471975511965977,0.1174740842688491,0.013613568165555772,-0.35545719695546485,-0.10471975511965977,1576658842232215881
-0.10471975511965977,0.11814536475038538,0.01780235837034216,-0.35545719695546485,-0.10471975511965977,1576658842242208957
-0.10471975511965977,0.11277512089809513,0.02199114857512855,-0.36873153211147813,-0.10471975511965977,1576658842252203941
-0.10471975511965977,0.11478896234270398,0.02617993877991494,-0.3421828617994516,-0.10471975511965977,1576658842262212038
-0.10471975511965977,0.11948792571345795,0.01780235837034216,-0.34660764018478935,-0.10471975511965977,1576658842272218942
-0.10471975511965977,0.10337719415658721,0.012566370614359173,-0.33185837890033026,-0.10471975511965977,1576658842282213926
-0.10471975511965977,0.09934951126736952,0.02199114857512855,-0.336283157285668,-0.10471975511965977,1576658842292207002
-0.10471975511965977,0.10740487704580488,0.015707963267948967,-0.3348082311572221,-0.10471975511965977,1576658842302212953
-0.10471975511965977,0.11210384041655885,0.013613568165555772,-0.30530970858830386,-0.10471975511965977,1576658842312213897
-0.10471975511965977,0.09934951126736952,0.011519173063162575,-0.2949852256891825,-0.10471975511965977,1576658842322210073
-0.10471975511965977,0.0758546944135997,0.014660765716752368,-0.2772861121478315,-0.10471975511965977,1576658842332228899
-0.10471975511965977,0.08592390163664392,0.014660765716752368,-0.26991148150560196,-0.10471975511965977,1576658842342211008
-0.10471975511965977,0.08793774308125275,0.015707963267948967,-0.26991148150560196,-0.10471975511965977,1576658842352200984
-0.10471975511965977,0.08793774308125275,0.014660765716752368,-0.24188788506512962,-0.10471975511965977,1576658842362210988
-0.10471975511965977,0.07652597489513598,0.015707963267948967,-0.24188788506512962,-0.10471975511965977,1576658842372215986
-0.10471975511965977,0.07115573104284574,0.01780235837034216,-0.21091443636776547,-0.10471975511965977,1576658842382213115
-0.10471975511965977,0.07249829200591831,0.014660765716752368,-0.20943951023931953,-0.10471975511965977,1576658842392213106
-0.10471975511965977,0.06242908478287409,0.01780235837034216,-0.20943951023931953,-0.10471975511965977,1576658842402214050
-0.10471975511965977,0.04296195081832196,0.014660765716752368,-0.168141578642834,-0.10471975511965977,1576658842412209987
-0.10471975511965977,0.061757804301337815,0.011519173063162575,-0.17551620928506356,-0.10471975511965977,1576658842422173976
-0.10471975511965977,0.05840140189365641,0.006283185307179587,-0.15339231735837489,-0.10471975511965977,1576658842432208061
-0.10471975511965977,0.04296195081832196,0.007330382858376184,-0.1563421696152667,-0.10471975511965977,1576658842442213058
-0.10471975511965977,0.04766091418907592,0.010471975511965976,-0.15339231735837489,-0.10471975511965977,1576658842452203989
-0.10471975511965977,0.05571627996751129,0.0,-0.12241886866101072,-0.10471975511965977,1576658842462219953
-0.10471975511965977,0.03557786552142287,0.0031415926535897933,-0.10324482899121387,-0.10471975511965977,1576658842472219944
-0.10471975511965977,0.02148097540916098,0.007330382858376184,-0.07374630642229563,-0.10471975511965977,1576658842482203960
-0.10471975511965977,0.030207621669132628,-0.0010471975511965976,-0.061946897394728306,-0.10471975511965977,1576658842492204904
-0.10471975511965977,0.028193780224523783,0.0031415926535897933,-0.057522119009390575,-0.10471975511965977,1576658842502207994
-0.10471975511965977,0.015439451075334454,0.00942477796076938,-0.03687315321114781,-0.10471975511965977,1576658842512204885
-0.10471975511965977,0.02483737781684238,0.0,-0.01917403966979686,-0.10471975511965977,1576658842522173881
-0.10471975511965977,0.008726646259971648,0.0,-0.030973448697364153,-0.10471975511965977,1576658842532205104
-0.10471975511965977,0.008055365778435367,0.0031415926535897933,-0.06342182352317423,-0.10471975511965977,1576658842542210102
-0.10471975511965977,0.014768170593798173,0.0010471975511965976,-0.061946897394728306,-0.10471975511965977,1576658842552203893
-0.10471975511965977,0.0046989633707539636,0.0020943951023931952,-0.01769911354135095,-0.10471975511965977,1576658842562203884
-0.10471975511965977,0.0006712804815362806,0.0,0.010324482899121386,-0.10471975511965977,1576658842572204113
-0.10471975511965977,0.0020138414446088417,0.0031415926535897933,0.028023596440472334,-0.10471975511965977,1576658842582202911
-0.10471975511965977,0.0013425609630725612,0.0010471975511965976,-0.0,-0.10471975511965977,1576658842592204093
-0.10471975511965977,0.0013425609630725612,0.0031415926535897933,-0.010324482899121386,-0.10471975511965977,1576658842602174997
-0.10471975511965977,-0.0026851219261451223,0.0020943951023931952,0.022123891926688684,-0.10471975511965977,1576658842612204074
-0.10471975511965977,-0.006712804815362805,0.0,0.05309734062405284,-0.10471975511965977,1576658842622203111
-0.10471975511965977,-0.005370243852290245,-0.0031415926535897933,0.05899704513783649,-0.10471975511965977,1576658842632200956
-0.10471975511965977,-0.010069207223044208,-0.0041887902047863905,0.03687315321114781,-0.10471975511965977,1576658842642200946
-0.10471975511965977,-0.011411768186116769,-0.0031415926535897933,0.030973448697364153,-0.10471975511965977,1576658842652204036
-0.10471975511965977,-0.009397926741507927,-0.010471975511965976,0.03392330095425599,-0.10471975511965977,1576658842662204027
-0.10471975511965977,-0.01812457300147958,-0.0041887902047863905,0.04424778385337737,-0.10471975511965977,1576658842672194957
-0.10471975511965977,-0.016782012038407016,-0.012566370614359173,0.04719763611026919,-0.10471975511965977,1576658842682173013
-0.10471975511965977,-0.01812457300147958,-0.005235987755982988,0.03244837482581007,-0.10471975511965977,1576658842692203998
-0.10471975511965977,-0.02349481685376982,-0.005235987755982988,0.03687315321114781,-0.10471975511965977,1576658842702203989
-0.10471975511965977,-0.02483737781684238,-0.013613568165555772,0.061946897394728306,-0.10471975511965977,1576658842712203025
-0.10471975511965977,-0.03155018263220519,-0.0041887902047863905,0.10324482899121387,-0.10471975511965977,1576658842722204923
-0.10471975511965977,-0.022152255890697258,-0.014660765716752368,0.13864305607391575,-0.10471975511965977,1576658842732203960
-0.10471975511965977,-0.027522499742987504,-0.007330382858376184,0.1327433515601321,-0.10471975511965977,1576658842742208957
-0.10471975511965977,-0.03826298744756799,-0.006283185307179587,0.12979349930324027,-0.10471975511965977,1576658842752181053
-0.10471975511965977,-0.034235304558350305,-0.01884955592153876,0.12684364704634846,-0.10471975511965977,1576658842762141942
-0.10471975511965977,-0.032221463113741466,-0.013613568165555772,0.10471975511965977,-0.10471975511965977,1576658842772171020
-0.10471975511965977,-0.03960554841064055,-0.008377580409572781,0.12684364704634846,-0.10471975511965977,1576658842782170057
-0.10471975511965977,-0.05235987755982988,-0.01780235837034216,0.1548672434868208,-0.10471975511965977,1576658842792201995
-0.10471975511965977,-0.04363323129985824,-0.010471975511965976,0.16076694800060443,-0.10471975511965977,1576658842802211046
-0.10471975511965977,-0.04698963370753964,-0.014660765716752368,0.1548672434868208,-0.10471975511965977,1576658842812200069
-0.10471975511965977,-0.04363323129985824,-0.00942477796076938,0.13716812994546984,-0.10471975511965977,1576658842822200059
-0.10471975511965977,-0.045647072744467075,-0.008377580409572781,0.1666666525143881,-0.10471975511965977,1576658842832191944
-0.10471975511965977,-0.04296195081832196,-0.02303834612632515,0.19026547056952267,-0.10471975511965977,1576658842842206001
-0.10471975511965977,-0.04296195081832196,-0.013613568165555772,0.17699113541350947,-0.10471975511965977,1576658842852200031
-0.10471975511965977,-0.04766091418907592,-0.014660765716752368,0.19764010121175227,-0.10471975511965977,1576658842862201929
-0.10471975511965977,-0.05034603611522104,-0.01884955592153876,0.21386428862465726,-0.10471975511965977,1576658842872200012
-0.10471975511965977,-0.045647072744467075,-0.015707963267948967,0.21386428862465726,-0.10471975511965977,1576658842882183074
-0.10471975511965977,-0.05235987755982988,-0.01780235837034216,0.20796458411087365,-0.10471975511965977,1576658842892215967
-0.10471975511965977,-0.05034603611522104,-0.014660765716752368,0.1932153228264145,-0.10471975511965977,1576658842902183055
-0.10471975511965977,-0.04363323129985824,-0.014660765716752368,0.22566369765222458,-0.10471975511965977,1576658842912206888
-0.10471975511965977,-0.044304511781394516,-0.028274333882308142,0.2300884760375623,-0.10471975511965977,1576658842922211885
-0.10471975511965977,-0.05303115804136616,-0.02199114857512855,0.2050147318539818,-0.10471975511965977,1576658842932173013
-0.10471975511965977,-0.05370243852290244,-0.016755160819145562,0.2153392147531032,-0.10471975511965977,1576658842942203044
-0.10471975511965977,-0.05705884093058385,-0.024085543677521748,0.23451325442290005,-0.10471975511965977,1576658842952200889
-0.10471975511965977,-0.05034603611522104,-0.016755160819145562,0.21091443636776547,-0.10471975511965977,1576658842962201118
-0.10471975511965977,-0.05840140189365641,-0.016755160819145562,0.23156340216600824,-0.10471975511965977,1576658842972210884
-0.10471975511965977,-0.05705884093058385,-0.02617993877991494,0.22566369765222458,-0.10471975511965977,1576658842982172966
-0.10471975511965977,-0.05571627996751129,-0.02199114857512855,0.2389380328082378,-0.10471975511965977,1576658842992207050
-0.10471975511965977,-0.060415243338265257,-0.02617993877991494,0.24188788506512962,-0.10471975511965977,1576658843002211093
-0.10471975511965977,-0.061757804301337815,-0.016755160819145562,0.22418877152377867,-0.10471975511965977,1576658843012209892
-0.10471975511965977,-0.056387560449047566,-0.01780235837034216,0.23598818055134596,-0.10471975511965977,1576658843022219896
-0.10471975511965977,-0.044975792262930796,-0.028274333882308142,0.22566369765222458,-0.10471975511965977,1576658843032213926
-0.10471975511965977,-0.05034603611522104,-0.02199114857512855,0.2271386237806705,-0.10471975511965977,1576658843042221069
-0.10471975511965977,-0.05504499948597501,-0.01884955592153876,0.23451325442290005,-0.10471975511965977,1576658843052211999
-0.10471975511965977,-0.05101731659675732,-0.029321531433504737,0.23451325442290005,-0.10471975511965977,1576658843062210083
-0.10471975511965977,-0.04296195081832196,-0.019896753472735357,0.24778758957891323,-0.10471975511965977,1576658843072210073
-0.10471975511965977,-0.05437371900443873,-0.02199114857512855,0.23598818055134596,-0.10471975511965977,1576658843082210063
-0.10471975511965977,-0.05974396285672898,-0.019896753472735357,0.22861354990911642,-0.10471975511965977,1576658843092200994
-0.10471975511965977,-0.05571627996751129,-0.024085543677521748,0.23598818055134596,-0.10471975511965977,1576658843102188110
-0.10471975511965977,-0.044304511781394516,-0.02303834612632515,0.2153392147531032,-0.10471975511965977,1576658843112205982
-0.10471975511965977,-0.05303115804136616,-0.019896753472735357,0.23156340216600824,-0.10471975511965977,1576658843122205018
-0.10471975511965977,-0.04766091418907592,-0.031415926535897934,0.24188788506512962,-0.10471975511965977,1576658843132221937
-0.10471975511965977,-0.04698963370753964,-0.025132741228718346,0.21386428862465726,-0.10471975511965977,1576658843142209053
-0.10471975511965977,-0.04766091418907592,-0.012566370614359173,0.22123891926688685,-0.10471975511965977,1576658843152178049
-0.10471975511965977,-0.0483321946706122,-0.020943951023931952,0.22123891926688685,-0.10471975511965977,1576658843162173032
-0.10471975511965977,-0.045647072744467075,-0.02199114857512855,0.18879054444107676,-0.10471975511965977,1576658843172204971
-0.10471975511965977,-0.04296195081832196,-0.01780235837034216,0.20648965798242774,-0.10471975511965977,1576658843182204961
-0.10471975511965977,-0.03490658503988659,-0.01884955592153876,0.19616517508330636,-0.10471975511965977,1576658843192209959
-0.10471975511965977,-0.03557786552142287,-0.01884955592153876,0.19616517508330636,-0.10471975511965977,1576658843202177047
-0.10471975511965977,-0.044975792262930796,-0.02199114857512855,0.18879054444107676,-0.10471975511965977,1576658843212193965
-0.10471975511965977,-0.05034603611522104,-0.014660765716752368,0.18879054444107676,-0.10471975511965977,1576658843222213029
-0.10471975511965977,-0.03356402407681403,-0.020943951023931952,0.19026547056952267,-0.10471975511965977,1576658843232208967
-0.10471975511965977,-0.04900347515214848,-0.029321531433504737,0.17404128315661765,-0.10471975511965977,1576658843242209911
-0.10471975511965977,-0.05303115804136616,-0.014660765716752368,0.16371680025749627,-0.10471975511965977,1576658843252207040
-0.10471975511965977,-0.03557786552142287,-0.01884955592153876,0.1799409876704013,-0.10471975511965977,1576658843262208938
-0.10471975511965977,-0.04296195081832196,-0.030368728984701335,0.1430678344592535,-0.10471975511965977,1576658843272207975
-0.10471975511965977,-0.04229067033678568,-0.02199114857512855,0.15339231735837489,-0.10471975511965977,1576658843282179117
-0.10471975511965977,-0.02148097540916098,-0.01884955592153876,0.168141578642834,-0.10471975511965977,1576658843292212963
-0.10471975511965977,-0.03356402407681403,-0.024085543677521748,0.12979349930324027,-0.10471975511965977,1576658843302203893
-0.10471975511965977,-0.03557786552142287,-0.011519173063162575,0.1312684254316862,-0.10471975511965977,1576658843312210083
-0.10471975511965977,-0.030207621669132628,-0.014660765716752368,0.13569320381702396,-0.10471975511965977,1576658843322196960
-0.10471975511965977,-0.028193780224523783,-0.027227136331111543,0.13716812994546984,-0.10471975511965977,1576658843332206010
-0.10471975511965977,-0.01342560963072561,-0.020943951023931952,0.1327433515601321,-0.10471975511965977,1576658843342209100
-0.10471975511965977,-0.028193780224523783,-0.016755160819145562,0.10471975511965977,-0.10471975511965977,1576658843352176904
-0.10471975511965977,-0.02349481685376982,-0.014660765716752368,0.11799409027567298,-0.10471975511965977,1576658843362221956
-0.10471975511965977,-0.02349481685376982,-0.016755160819145562,0.12536872091790255,-0.10471975511965977,1576658843372210979
-0.10471975511965977,-0.027522499742987504,-0.02199114857512855,0.08112093706452517,-0.10471975511965977,1576658843382208108
-0.10471975511965977,-0.011411768186116769,-0.010471975511965976,0.07817108480763335,-0.10471975511965977,1576658843392208099
-0.10471975511965977,-0.02148097540916098,-0.007330382858376184,0.07964601093607926,-0.10471975511965977,1576658843402204990
-0.10471975511965977,-0.016782012038407016,-0.015707963267948967,0.09439527222053838,-0.10471975511965977,1576658843412203073
-0.10471975511965977,-0.01812457300147958,-0.011519173063162575,0.09734512447743023,-0.10471975511965977,1576658843422205924
-0.10471975511965977,-0.02148097540916098,-0.005235987755982988,0.057522119009390575,-0.10471975511965977,1576658843432204961
-0.10471975511965977,-0.011411768186116769,-0.014660765716752368,0.05014748836716102,-0.10471975511965977,1576658843442207098
-0.10471975511965977,-0.011411768186116769,-0.014660765716752368,0.057522119009390575,-0.10471975511965977,1576658843452203989
-0.10471975511965977,-0.0208096949276247,-0.010471975511965976,0.08849556770675474,-0.10471975511965977,1576658843462203025
-0.10471975511965977,-0.009397926741507927,-0.005235987755982988,0.10619468124810567,-0.10471975511965977,1576658843472203969
-0.10471975511965977,-0.0,-0.008377580409572781,0.07817108480763335,-0.10471975511965977,1576658843482202053
-0.10471975511965977,-0.019467133964552137,-0.00942477796076938,-0.0014749261284459122,-0.10471975511965977,1576658843492206096
-0.10471975511965977,-0.0026851219261451223,-0.005235987755982988,-0.01769911354135095,-0.10471975511965977,1576658843502202987
-0.10471975511965977,-0.0006712804815362806,-0.0031415926535897933,0.030973448697364153,-0.10471975511965977,1576658843512207984
-0.10471975511965977,-0.01275432914918933,-0.005235987755982988,0.08849556770675474,-0.10471975511965977,1576658843522203922
-0.10471975511965977,-0.005370243852290245,0.0,0.09144541996364658,-0.10471975511965977,1576658843532202005
-0.10471975511965977,-0.0020138414446088417,0.0010471975511965976,0.04424778385337737,-0.10471975511965977,1576658843542207956
-0.10471975511965977,-0.0033564024076814026,-0.0010471975511965976,-0.010324482899121386,-0.10471975511965977,1576658843552206039
-0.10471975511965977,-0.0006712804815362806,0.0,-0.03687315321114781,-0.10471975511965977,1576658843562191963
-0.10471975511965977,-0.0006712804815362806,-0.0020943951023931952,-0.01327433515601321,-0.10471975511965977,1576658843572213888
-0.10471975511965977,-0.0006712804815362806,0.0010471975511965976,0.02507374418358051,-0.10471975511965977,1576658843582179069
-0.10471975511965977,-0.0020138414446088417,0.0031415926535897933,0.004424778385337737,-0.10471975511965977,1576658843592211008
-0.10471975511965977,-0.0,0.0041887902047863905,-0.03244837482581007,-0.10471975511965977,1576658843602206945
-0.10471975511965977,0.0026851219261451223,0.0020943951023931952,-0.0353982270827019,-0.10471975511965977,1576658843612205028
-0.10471975511965977,0.0006712804815362806,0.007330382858376184,-0.007374630642229561,-0.10471975511965977,1576658843622210979
-0.10471975511965977,0.006041524333826525,0.0010471975511965976,-0.0029498522568918244,-0.10471975511965977,1576658843632174968
-0.10471975511965977,0.0020138414446088417,0.00942477796076938,-0.04424778385337737,-0.10471975511965977,1576658843642205953
-0.10471975511965977,0.010069207223044208,0.0031415926535897933,-0.0722713802938497,-0.10471975511965977,1576658843652209997
-0.10471975511965977,0.007384085296899086,0.012566370614359173,-0.06784660190851198,-0.10471975511965977,1576658843662209987
-0.10471975511965977,0.006041524333826525,0.0031415926535897933,-0.04277285772493145,-0.10471975511965977,1576658843672204017
-0.10471975511965977,0.009397926741507927,0.011519173063162575,-0.023598818055134595,-0.10471975511965977,1576658843682204008
-0.10471975511965977,0.011411768186116769,0.013613568165555772,-0.020648965798242772,-0.10471975511965977,1576658843692199945
-0.10471975511965977,0.0046989633707539636,0.010471975511965976,-0.041297931596485545,-0.10471975511965977,1576658843702207088
-0.10471975511965977,0.015439451075334454,0.01780235837034216,-0.07817108480763335,-0.10471975511965977,1576658843712210893
-0.10471975511965977,0.011411768186116769,0.010471975511965976,-0.08849556770675474,-0.10471975511965977,1576658843722210884
-0.10471975511965977,0.01275432914918933,0.013613568165555772,-0.09882005060587613,-0.10471975511965977,1576658843732189893
-0.10471975511965977,0.0241660973353061,0.024085543677521748,-0.11061945963344343,-0.10471975511965977,1576658843742180109
-0.10471975511965977,0.01208304866765305,0.016755160819145562,-0.11356931189033526,-0.10471975511965977,1576658843752213001
-0.10471975511965977,0.018795853483015854,0.02199114857512855,-0.12536872091790255,-0.10471975511965977,1576658843762237071
-0.10471975511965977,0.02483737781684238,0.02199114857512855,-0.09882005060587613,-0.10471975511965977,1576658843772212028
-0.10471975511965977,0.01812457300147958,0.025132741228718346,-0.10914453350499752,-0.10471975511965977,1576658843782212972
-0.10471975511965977,0.030207621669132628,0.030368728984701335,-0.12094394253256481,-0.10471975511965977,1576658843792213916
-0.10471975511965977,0.03155018263220519,0.02617993877991494,-0.15339231735837489,-0.10471975511965977,1576658843802170038
-0.10471975511965977,0.02617993877991494,0.028274333882308142,-0.1814159137988472,-0.10471975511965977,1576658843812182903
-0.10471975511965977,0.030878902150668908,0.025132741228718346,-0.15781709574371264,-0.10471975511965977,1576658843822212934
-0.10471975511965977,0.032221463113741466,0.028274333882308142,-0.1666666525143881,-0.10471975511965977,1576658843832211971
-0.10471975511965977,0.03356402407681403,0.032463124087094536,-0.1799409876704013,-0.10471975511965977,1576658843842207908
-0.10471975511965977,0.0416193898552494,0.033510321638291124,-0.1932153228264145,-0.10471975511965977,1576658843852205038
-0.10471975511965977,0.02349481685376982,0.033510321638291124,-0.20796458411087365,-0.10471975511965977,1576658843862210035
-0.10471975511965977,0.04094810937371311,0.048171087355043496,-0.23156340216600824,-0.10471975511965977,1576658843872210979
-0.10471975511965977,0.045647072744467075,0.0439822971502571,-0.2300884760375623,-0.10471975511965977,1576658843882205963
-0.10471975511965977,0.03356402407681403,0.034557519189487726,-0.24483773732202144,-0.10471975511965977,1576658843892204999
-0.10471975511965977,0.0416193898552494,0.0439822971502571,-0.2300884760375623,-0.10471975511965977,1576658843902209997
-0.10471975511965977,0.05370243852290244,0.058643062867009474,-0.2654867031202642,-0.10471975511965977,1576658843912230968
-0.10471975511965977,0.045647072744467075,0.05235987755982988,-0.2728613337624938,-0.10471975511965977,1576658843922211885
-0.10471975511965977,0.034235304558350305,0.0460766922526503,-0.2890855211753988,-0.10471975511965977,1576658843932202100
-0.10471975511965977,0.027522499742987504,0.0460766922526503,-0.3141592653589793,-0.10471975511965977,1576658843942203044
-0.10471975511965977,0.04967475563368476,0.048171087355043496,-0.3156341914874253,-0.10471975511965977,1576658843952202081
-0.10471975511965977,0.05907268237519269,0.0439822971502571,-0.31710911761587113,-0.10471975511965977,1576658843962173938
-0.10471975511965977,0.04296195081832196,0.06283185307179587,-0.33185837890033026,-0.10471975511965977,1576658843972218990
-0.10471975511965977,0.04027682889217683,0.08168140899333463,-0.33185837890033026,-0.10471975511965977,1576658843982204914
-0.10471975511965977,0.06444292622748293,0.06702064327658225,-0.34660764018478935,-0.10471975511965977,1576658843992204904
-0.10471975511965977,0.05034603611522104,0.056548667764616284,-0.3643067537261403,-0.10471975511965977,1576658844002201080
-0.10471975511965977,0.03155018263220519,0.06283185307179587,-0.35840704921235667,-0.10471975511965977,1576658844012208938
-0.10471975511965977,0.03557786552142287,0.06387905062299246,-0.36873153211147813,-0.10471975511965977,1576658844022203922
-0.10471975511965977,0.05235987755982988,0.06806784082777884,-0.39380527629505857,-0.10471975511965977,1576658844032207965
-0.10471975511965977,0.060415243338265257,0.06178465552059926,-0.37315631049681586,-0.10471975511965977,1576658844042208909
-0.10471975511965977,0.04296195081832196,0.06283185307179587,-0.3746312366252617,-0.10471975511965977,1576658844052207946
-0.10471975511965977,0.04900347515214848,0.05550147021341968,-0.3643067537261403,-0.10471975511965977,1576658844062206983
-0.10471975511965977,0.05773012141212013,0.05026548245743669,-0.3775810888821535,-0.10471975511965977,1576658844072213888
-0.10471975511965977,0.044975792262930796,0.05235987755982988,-0.4056046853226259,-0.10471975511965977,1576658844082206010
-0.10471975511965977,0.0241660973353061,0.06178465552059926,-0.386430645652829,-0.10471975511965977,1576658844092211008
-0.10471975511965977,0.04900347515214848,0.06702064327658225,-0.39380527629505857,-0.10471975511965977,1576658844102209091
-0.10471975511965977,0.060415243338265257,0.07749261878854824,-0.4233037988639768,-0.10471975511965977,1576658844112206935
-0.10471975511965977,0.030878902150668908,0.07016223593017204,-0.39675512855195044,-0.10471975511965977,1576658844122210979
-0.10471975511965977,0.04967475563368476,0.07435102613495845,-0.41887902047863906,-0.10471975511965977,1576658844132184982
-0.10471975511965977,0.051688597078293604,0.05026548245743669,-0.39528020242350453,-0.10471975511965977,1576658844142204046
-0.10471975511965977,0.028193780224523783,0.058643062867009474,-0.38495571952438307,-0.10471975511965977,1576658844152203083
-0.10471975511965977,0.04027682889217683,0.07016223593017204,-0.36873153211147813,-0.10471975511965977,1576658844162205934
-0.10471975511965977,0.04296195081832196,0.06702064327658225,-0.34660764018478935,-0.10471975511965977,1576658844172209024
-0.10471975511965977,0.03826298744756799,0.058643062867009474,-0.3348082311572221,-0.10471975511965977,1576658844182204008
-0.10471975511965977,0.02617993877991494,0.05235987755982988,-0.3141592653589793,-0.10471975511965977,1576658844192208051
-0.10471975511965977,0.034235304558350305,0.05969026041820607,-0.3097344869736416,-0.10471975511965977,1576658844202213048
-0.10471975511965977,0.04229067033678568,0.06283185307179587,-0.320058969872763,-0.10471975511965977,1576658844212208032
-0.10471975511965977,0.034235304558350305,0.06073745796940267,-0.3097344869736416,-0.10471975511965977,1576658844222208976
-0.10471975511965977,0.02349481685376982,0.05235987755982988,-0.3038347824598579,-0.10471975511965977,1576658844232208013
-0.10471975511965977,0.03624914600295916,0.05131268000863328,-0.3126843392305334,-0.10471975511965977,1576658844242177963
-0.10471975511965977,0.028193780224523783,0.05131268000863328,-0.2905604473038447,-0.10471975511965977,1576658844252207994
-0.10471975511965977,0.02349481685376982,0.05235987755982988,-0.2831858166616152,-0.10471975511965977,1576658844262212991
-0.10471975511965977,0.02349481685376982,0.056548667764616284,-0.268436555377156,-0.10471975511965977,1576658844272209882
-0.10471975511965977,0.02349481685376982,0.04921828490624009,-0.24778758957891323,-0.10471975511965977,1576658844282217025
-0.10471975511965977,0.022823536372233538,0.03769911184307752,-0.252212367964251,-0.10471975511965977,1576658844292176008
-0.10471975511965977,0.02148097540916098,0.056548667764616284,-0.23598818055134596,-0.10471975511965977,1576658844302206993
-0.10471975511965977,0.019467133964552137,0.07016223593017204,-0.21238936249621135,-0.10471975511965977,1576658844312206983
-0.10471975511965977,0.01812457300147958,0.03560471674068432,-0.19174039669796858,-0.10471975511965977,1576658844322206974
-0.10471975511965977,0.016110731556870733,0.03665191429188092,-0.18436576605573907,-0.10471975511965977,1576658844332205057
-0.10471975511965977,0.016782012038407016,0.05026548245743669,-0.17846606154195538,-0.10471975511965977,1576658844342200994
-0.10471975511965977,0.01812457300147958,0.05445427266222309,-0.1563421696152667,-0.10471975511965977,1576658844352204084
-0.10471975511965977,0.01074048770458049,0.034557519189487726,-0.15191739122992895,-0.10471975511965977,1576658844362205982
-0.10471975511965977,0.020138414446088417,0.047123889803846894,-0.14601768671614532,-0.10471975511965977,1576658844372201919
-0.10471975511965977,0.005370243852290245,0.05235987755982988,-0.11209438576188933,-0.10471975511965977,1576658844382204055
-0.10471975511965977,0.0020138414446088417,0.029321531433504737,-0.11504423801878115,-0.10471975511965977,1576658844392206907
-0.10471975511965977,0.01812457300147958,0.030368728984701335,-0.10176990286276794,-0.10471975511965977,1576658844402204036
-0.10471975511965977,-0.0,0.033510321638291124,-0.09144541996364658,-0.10471975511965977,1576658844412177085
-0.10471975511965977,0.0026851219261451223,0.03560471674068432,-0.08997049383520064,-0.10471975511965977,1576658844422156095
-0.10471975511965977,0.01074048770458049,0.029321531433504737,-0.08849556770675474,-0.10471975511965977,1576658844432202100
-0.10471975511965977,0.0026851219261451223,0.01884955592153876,-0.09439527222053838,-0.10471975511965977,1576658844442202091
-0.10471975511965977,0.0046989633707539636,0.030368728984701335,-0.08259586319297109,-0.10471975511965977,1576658844452200889
-0.10471975511965977,0.0006712804815362806,0.024085543677521748,-0.03834807933959372,-0.10471975511965977,1576658844462202072
-0.10471975511965977,0.0013425609630725612,0.013613568165555772,-0.02507374418358051,-0.10471975511965977,1576658844472202062
-0.10471975511965977,-0.0,0.01780235837034216,-0.04719763611026919,-0.10471975511965977,1576658844482206106
-0.10471975511965977,-0.0,0.012566370614359173,-0.08702064157830883,-0.10471975511965977,1576658844492218971
-0.10471975511965977,0.006041524333826525,0.010471975511965976,-0.08849556770675474,-0.10471975511965977,1576658844502207040
-0.10471975511965977,-0.0026851219261451223,0.015707963267948967,-0.041297931596485545,-0.10471975511965977,1576658844512203931
-0.10471975511965977,0.0006712804815362806,0.0031415926535897933,0.0029498522568918244,-0.10471975511965977,1576658844522203922
-0.10471975511965977,-0.0,0.0,0.03244837482581007,-0.10471975511965977,1576658844532207965
-0.10471975511965977,-0.005370243852290245,0.008377580409572781,-0.0014749261284459122,-0.10471975511965977,1576658844542210102
-0.10471975511965977,-0.0020138414446088417,0.007330382858376184,-0.03244837482581007,-0.10471975511965977,1576658844552206993
-0.10471975511965977,-0.0006712804815362806,0.006283185307179587,-0.020648965798242772,-0.10471975511965977,1576658844562208890
-0.10471975511965977,-0.0,-0.0010471975511965976,0.014749261284459123,-0.10471975511965977,1576658844572206974
-0.10471975511965977,-0.0013425609630725612,-0.0031415926535897933,0.02507374418358051,-0.10471975511965977,1576658844582206964
-0.10471975511965977,-0.0020138414446088417,-0.0041887902047863905,-0.01327433515601321,-0.10471975511965977,1576658844592211008
-0.10471975511965977,-0.0013425609630725612,-0.005235987755982988,-0.028023596440472334,-0.10471975511965977,1576658844602164983
-0.10471975511965977,-0.0013425609630725612,-0.005235987755982988,0.004424778385337737,-0.10471975511965977,1576658844612215042
-0.10471975511965977,-0.0026851219261451223,-0.0031415926535897933,0.029498522568918245,-0.10471975511965977,1576658844622179031
-0.10471975511965977,-0.0026851219261451223,-0.015707963267948967,0.01327433515601321,-0.10471975511965977,1576658844632209062
-0.10471975511965977,-0.0026851219261451223,-0.0020943951023931952,-0.005899704513783649,-0.10471975511965977,1576658844642216920
-0.10471975511965977,-0.0026851219261451223,-0.010471975511965976,0.01769911354135095,-0.10471975511965977,1576658844652205944
-0.10471975511965977,-0.0020138414446088417,-0.010471975511965976,0.03834807933959372,-0.10471975511965977,1576658844662204980
-0.10471975511965977,-0.0020138414446088417,-0.010471975511965976,0.0353982270827019,-0.10471975511965977,1576658844672215938
-0.10471975511965977,-0.0,-0.01780235837034216,0.028023596440472334,-0.10471975511965977,1576658844682202100
-0.10471975511965977,0.0013425609630725612,-0.014660765716752368,0.0353982270827019,-0.10471975511965977,1576658844692245960
-0.10471975511965977,-0.0,-0.014660765716752368,0.05309734062405284,-0.10471975511965977,1576658844702171087
-0.10471975511965977,-0.0,-0.02199114857512855,0.05309734062405284,-0.10471975511965977,1576658844712199926
-0.10471975511965977,0.0020138414446088417,-0.013613568165555772,0.04867256223871511,-0.10471975511965977,1576658844722203969
-0.10471975511965977,-0.0,-0.02199114857512855,0.03834807933959372,-0.10471975511965977,1576658844732203960
-0.10471975511965977,0.0033564024076814026,-0.027227136331111543,0.030973448697364153,-0.10471975511965977,1576658844742202997
-0.10471975511965977,-0.0013425609630725612,-0.025132741228718346,0.023598818055134595,-0.10471975511965977,1576658844752177000
-0.10471975511965977,0.0026851219261451223,-0.031415926535897934,0.020648965798242772,-0.10471975511965977,1576658844762226104
-0.10471975511965977,0.0020138414446088417,-0.034557519189487726,0.02507374418358051,-0.10471975511965977,1576658844772209882
-0.10471975511965977,0.0020138414446088417,-0.029321531433504737,0.04572270998182329,-0.10471975511965977,1576658844782205104
-0.10471975511965977,0.0020138414446088417,-0.034557519189487726,0.03687315321114781,-0.10471975511965977,1576658844792210102
-0.10471975511965977,0.004027682889217683,-0.039793506945470715,0.02507374418358051,-0.10471975511965977,1576658844802226066
-0.10471975511965977,0.005370243852290245,-0.031415926535897934,0.03687315321114781,-0.10471975511965977,1576658844812216043
-0.10471975511965977,0.007384085296899086,-0.039793506945470715,0.07374630642229563,-0.10471975511965977,1576658844822227001
-0.10471975511965977,0.005370243852290245,-0.04921828490624009,0.09292034609209247,-0.10471975511965977,1576658844832216978
-0.10471975511965977,0.008726646259971648,-0.047123889803846894,0.07817108480763335,-0.10471975511965977,1576658844842206954
-0.10471975511965977,0.0046989633707539636,-0.034557519189487726,0.04867256223871511,-0.10471975511965977,1576658844852205991
-0.10471975511965977,0.009397926741507927,-0.033510321638291124,0.02507374418358051,-0.10471975511965977,1576658844862207889
-0.10471975511965977,0.007384085296899086,-0.0460766922526503,0.0029498522568918244,-0.10471975511965977,1576658844872209072
-0.10471975511965977,0.014768170593798173,-0.06911503837897545,0.02507374418358051,-0.10471975511965977,1576658844882201910
-0.10471975511965977,0.010069207223044208,-0.06283185307179587,0.05309734062405284,-0.10471975511965977,1576658844892208099
-0.10471975511965977,0.011411768186116769,-0.0460766922526503,0.0353982270827019,-0.10471975511965977,1576658844902209043
-0.10471975511965977,0.01074048770458049,-0.053407075111026485,0.016224187412905034,-0.10471975511965977,1576658844912226915
-0.10471975511965977,0.011411768186116769,-0.06283185307179587,0.028023596440472334,-0.10471975511965977,1576658844922162055
-0.10471975511965977,0.015439451075334454,-0.058643062867009474,0.07374630642229563,-0.10471975511965977,1576658844932208061
-0.10471975511965977,0.010069207223044208,-0.06283185307179587,0.0855457154498629,-0.10471975511965977,1576658844942212104
-0.10471975511965977,0.014768170593798173,-0.04921828490624009,0.05309734062405284,-0.10471975511965977,1576658844952208995
-0.10471975511965977,0.017453292519943295,-0.047123889803846894,0.01917403966979686,-0.10471975511965977,1576658844962194919
-0.10471975511965977,0.016110731556870733,-0.058643062867009474,0.0014749261284459122,-0.10471975511965977,1576658844972218990
-0.10471975511965977,0.02148097540916098,-0.06387905062299246,0.004424778385337737,-0.10471975511965977,1576658844982213973
-0.10471975511965977,0.01208304866765305,-0.08063421144213803,0.028023596440472334,-0.10471975511965977,1576658844992192983
-0.10471975511965977,0.015439451075334454,-0.07539822368615504,0.03687315321114781,-0.10471975511965977,1576658845002201080
-0.10471975511965977,0.02550865829837866,-0.06073745796940267,0.005899704513783649,-0.10471975511965977,1576658845012212991
-0.10471975511965977,0.0208096949276247,-0.07225663103256524,-0.01917403966979686,-0.10471975511965977,1576658845022178888
-0.10471975511965977,0.016782012038407016,-0.07330382858376185,-0.007374630642229561,-0.10471975511965977,1576658845032207965
-0.10471975511965977,0.0241660973353061,-0.0869173967493176,0.03392330095425599,-0.10471975511965977,1576658845042208909
-0.10471975511965977,0.02349481685376982,-0.07539822368615504,0.041297931596485545,-0.10471975511965977,1576658845052211046
-0.10471975511965977,0.018795853483015854,-0.06283185307179587,0.008849556770675475,-0.10471975511965977,1576658845062211036
-0.10471975511965977,0.018795853483015854,-0.058643062867009474,-0.0014749261284459122,-0.10471975511965977,1576658845072212934
-0.10471975511965977,0.02617993877991494,-0.06492624817418907,0.023598818055134595,-0.10471975511965977,1576658845082211017
-0.10471975511965977,0.02349481685376982,-0.06597344572538566,0.0353982270827019,-0.10471975511965977,1576658845092210054
-0.10471975511965977,0.02148097540916098,-0.07853981633974483,0.022123891926688684,-0.10471975511965977,1576658845102221965
-0.10471975511965977,0.022823536372233538,-0.06911503837897545,0.0029498522568918244,-0.10471975511965977,1576658845112215042
-0.10471975511965977,0.008726646259971648,-0.07853981633974483,-0.007374630642229561,-0.10471975511965977,1576658845122210025
-0.10471975511965977,0.01074048770458049,-0.06178465552059926,0.005899704513783649,-0.10471975511965977,1576658845132206916
-0.10471975511965977,0.0241660973353061,-0.056548667764616284,0.016224187412905034,-0.10471975511965977,1576658845142209053
-0.10471975511965977,0.016782012038407016,-0.07225663103256524,-0.0,-0.10471975511965977,1576658845152201890
-0.10471975511965977,0.0046989633707539636,-0.07539822368615504,-0.004424778385337737,-0.10471975511965977,1576658845162206888
-0.10471975511965977,0.022823536372233538,-0.08168140899333463,0.005899704513783649,-0.10471975511965977,1576658845172208070
-0.10471975511965977,0.02148097540916098,-0.08063421144213803,0.008849556770675475,-0.10471975511965977,1576658845182214021
-0.10471975511965977,0.014768170593798173,-0.06911503837897545,0.004424778385337737,-0.10471975511965977,1576658845192219018
-0.10471975511965977,0.018795853483015854,-0.07435102613495845,-0.0,-0.10471975511965977,1576658845202178001
-0.10471975511965977,0.018795853483015854,-0.06806784082777884,-0.004424778385337737,-0.10471975511965977,1576658845212208986
-0.10471975511965977,0.01208304866765305,-0.07016223593017204,-0.010324482899121386,-0.10471975511965977,1576658845222209930
-0.10471975511965977,0.014096890112261892,-0.06806784082777884,-0.005899704513783649,-0.10471975511965977,1576658845232177019
-0.10471975511965977,0.02349481685376982,-0.06073745796940267,0.0029498522568918244,-0.10471975511965977,1576658845242194890
-0.10471975511965977,0.008055365778435367,-0.07749261878854824,-0.004424778385337737,-0.10471975511965977,1576658845252212047
-0.10471975511965977,0.014768170593798173,-0.07435102613495845,-0.01769911354135095,-0.10471975511965977,1576658845262204885
-0.10471975511965977,0.01275432914918933,-0.05759586531581287,-0.011799409027567298,-0.10471975511965977,1576658845272206068
-0.10471975511965977,0.009397926741507927,-0.05969026041820607,0.010324482899121386,-0.10471975511965977,1576658845282206058
-0.10471975511965977,0.016782012038407016,-0.05235987755982988,0.008849556770675475,-0.10471975511965977,1576658845292207956
-0.10471975511965977,0.006712804815362805,-0.05131268000863328,-0.022123891926688684,-0.10471975511965977,1576658845302211999
-0.10471975511965977,0.011411768186116769,-0.06283185307179587,-0.02507374418358051,-0.10471975511965977,1576658845312210083
-0.10471975511965977,0.016110731556870733,-0.058643062867009474,-0.0014749261284459122,-0.10471975511965977,1576658845322211980
-0.10471975511965977,-0.0,-0.05131268000863328,0.004424778385337737,-0.10471975511965977,1576658845332206964
-0.10471975511965977,0.006041524333826525,-0.06387905062299246,-0.016224187412905034,-0.10471975511965977,1576658845342212915
-0.10471975511965977,0.009397926741507927,-0.07225663103256524,-0.03392330095425599,-0.10471975511965977,1576658845352219104
-0.10471975511965977,0.0046989633707539636,-0.05445427266222309,-0.030973448697364153,-0.10471975511965977,1576658845362219095
-0.10471975511965977,0.006041524333826525,-0.05026548245743669,-0.008849556770675475,-0.10471975511965977,1576658845372209072
-0.10471975511965977,0.0046989633707539636,-0.06597344572538566,-0.0,-0.10471975511965977,1576658845382214069
-0.10471975511965977,0.005370243852290245,-0.05026548245743669,-0.020648965798242772,-0.10471975511965977,1576658845392204046
-0.10471975511965977,0.006712804815362805,-0.032463124087094536,-0.03687315321114781,-0.10471975511965977,1576658845402198076
-0.10471975511965977,0.0006712804815362806,-0.024085543677521748,-0.03392330095425599,-0.10471975511965977,1576658845412209033
-0.10471975511965977,0.0020138414446088417,-0.034557519189487726,-0.01327433515601321,-0.10471975511965977,1576658845422205924
-0.10471975511965977,0.006712804815362805,-0.039793506945470715,-0.0,-0.10471975511965977,1576658845432215929
-0.10471975511965977,-0.0,-0.028274333882308142,-0.023598818055134595,-0.10471975511965977,1576658845442217111
-0.10471975511965977,0.0020138414446088417,-0.02303834612632515,-0.03982300546803963,-0.10471975511965977,1576658845452204942
-0.10471975511965977,-0.0,-0.033510321638291124,-0.030973448697364153,-0.10471975511965977,1576658845462208032
-0.10471975511965977,0.0046989633707539636,-0.02617993877991494,-0.005899704513783649,-0.10471975511965977,1576658845472203969
-0.10471975511965977,-0.0020138414446088417,-0.02303834612632515,0.010324482899121386,-0.10471975511965977,1576658845482207059
-0.10471975511965977,0.0020138414446088417,-0.027227136331111543,-0.0,-0.10471975511965977,1576658845492211103
-0.10471975511965977,0.0020138414446088417,-0.014660765716752368,-0.014749261284459123,-0.10471975511965977,1576658845502240896
-0.10471975511965977,-0.0046989633707539636,-0.008377580409572781,-0.014749261284459123,-0.10471975511965977,1576658845512217998
-0.10471975511965977,-0.0013425609630725612,-0.013613568165555772,0.007374630642229561,-0.10471975511965977,1576658845522216081
-0.10471975511965977,-0.0006712804815362806,-0.016755160819145562,0.020648965798242772,-0.10471975511965977,1576658845532218933
-0.10471975511965977,-0.0006712804815362806,-0.007330382858376184,0.0014749261284459122,-0.10471975511965977,1576658845542227029
-0.10471975511965977,-0.0006712804815362806,-0.007330382858376184,-0.010324482899121386,-0.10471975511965977,1576658845552227020
-0.10471975511965977,-0.0006712804815362806,-0.007330382858376184,0.0029498522568918244,-0.10471975511965977,1576658845562190055
-0.10471975511965977,-0.0013425609630725612,0.0,0.010324482899121386,-0.10471975511965977,1576658845572213888
-0.10471975511965977,-0.0020138414446088417,-0.0020943951023931952,-0.0014749261284459122,-0.10471975511965977,1576658845582227945
-0.10471975511965977,-0.0020138414446088417,-0.0031415926535897933,-0.0,-0.10471975511965977,1576658845592215061
-0.10471975511965977,-0.0020138414446088417,0.0,0.0014749261284459122,-0.10471975511965977,1576658845602216958
-0.10471975511965977,-0.0020138414446088417,0.0020943951023931952,0.004424778385337737,-0.10471975511965977,1576658845612215995
-0.10471975511965977,-0.0020138414446088417,0.006283185307179587,0.004424778385337737,-0.10471975511965977,1576658845622205018
-0.10471975511965977,-0.0006712804815362806,0.005235987755982988,0.008849556770675475,-0.10471975511965977,1576658845632220029
-0.10471975511965977,-0.0,0.014660765716752368,0.008849556770675475,-0.10471975511965977,1576658845642211914
-0.10471975511965977,0.0020138414446088417,0.007330382858376184,0.008849556770675475,-0.10471975511965977,1576658845652211904
-0.10471975511965977,0.0006712804815362806,0.011519173063162575,0.014749261284459123,-0.10471975511965977,1576658845662204980
-0.10471975511965977,-0.0020138414446088417,0.02303834612632515,0.014749261284459123,-0.10471975511965977,1576658845672210931
-0.10471975511965977,0.0006712804815362806,0.01780235837034216,0.01327433515601321,-0.10471975511965977,1576658845682212114
-0.10471975511965977,0.0020138414446088417,0.020943951023931952,0.01327433515601321,-0.10471975511965977,1576658845692210912
-0.10471975511965977,-0.0,0.024085543677521748,0.011799409027567298,-0.10471975511965977,1576658845702208995
-0.10471975511965977,0.005370243852290245,0.02617993877991494,0.01327433515601321,-0.10471975511965977,1576658845712212085
-0.10471975511965977,0.0006712804815362806,0.030368728984701335,0.010324482899121386,-0.10471975511965977,1576658845722203969
-0.10471975511965977,0.0033564024076814026,0.034557519189487726,0.020648965798242772,-0.10471975511965977,1576658845732222080
-0.10471975511965977,0.0033564024076814026,0.03769911184307752,0.02654867031202642,-0.10471975511965977,1576658845742212057
-0.10471975511965977,0.006712804815362805,0.048171087355043496,0.014749261284459123,-0.10471975511965977,1576658845752211093
-0.10471975511965977,0.0046989633707539636,0.048171087355043496,-0.005899704513783649,-0.10471975511965977,1576658845762208938
-0.10471975511965977,0.009397926741507927,0.04921828490624009,0.0014749261284459122,-0.10471975511965977,1576658845772207021
-0.10471975511965977,0.006712804815362805,0.0439822971502571,0.02654867031202642,-0.10471975511965977,1576658845782200098
-0.10471975511965977,0.009397926741507927,0.05550147021341968,0.030973448697364153,-0.10471975511965977,1576658845792206048
-0.10471975511965977,0.010069207223044208,0.06702064327658225,0.008849556770675475,-0.10471975511965977,1576658845802205085
-0.10471975511965977,0.016782012038407016,0.06492624817418907,-0.004424778385337737,-0.10471975511965977,1576658845812211990
-0.10471975511965977,0.016110731556870733,0.07016223593017204,0.016224187412905034,-0.10471975511965977,1576658845822139978
-0.10471975511965977,0.010069207223044208,0.06702064327658225,0.030973448697364153,-0.10471975511965977,1576658845832206010
-0.10471975511965977,0.022823536372233538,0.07435102613495845,0.016224187412905034,-0.10471975511965977,1576658845842209100
-0.10471975511965977,0.016782012038407016,0.07853981633974483,0.005899704513783649,-0.10471975511965977,1576658845852210044
-0.10471975511965977,0.01342560963072561,0.06911503837897545,0.023598818055134595,-0.10471975511965977,1576658845862205028
-0.10471975511965977,0.014768170593798173,0.0869173967493176,0.04719763611026919,-0.10471975511965977,1576658845872208118
-0.10471975511965977,0.022823536372233538,0.09634217471008699,0.04277285772493145,-0.10471975511965977,1576658845882206916
-0.10471975511965977,0.02550865829837866,0.09529497715889039,0.023598818055134595,-0.10471975511965977,1576658845892214059
-0.10471975511965977,0.018795853483015854,0.10157816246606997,0.010324482899121386,-0.10471975511965977,1576658845902206897
-0.10471975511965977,0.03155018263220519,0.10471975511965977,0.030973448697364153,-0.10471975511965977,1576658845912200927
-0.10471975511965977,0.02349481685376982,0.10681415022205297,0.04867256223871511,-0.10471975511965977,1576658845922209978
-0.10471975511965977,0.03356402407681403,0.11519173063162574,0.030973448697364153,-0.10471975511965977,1576658845932209014
-0.10471975511965977,0.03826298744756799,0.11205013797803598,-0.0,-0.10471975511965977,1576658845942181110
-0.10471975511965977,0.02550865829837866,0.12356931104119852,-0.016224187412905034,-0.10471975511965977,1576658845952210903
-0.10471975511965977,0.04698963370753964,0.12671090369478832,-0.0014749261284459122,-0.10471975511965977,1576658845962212085
-0.10471975511965977,0.04967475563368476,0.12042771838760875,0.016224187412905034,-0.10471975511965977,1576658845972203016
-0.10471975511965977,0.03692042648449543,0.12671090369478832,0.010324482899121386,-0.10471975511965977,1576658845982202053
-0.10471975511965977,0.04698963370753964,0.1413716694115407,0.010324482899121386,-0.10471975511965977,1576658845992201089
-0.10471975511965977,0.04766091418907592,0.15812683023068624,0.005899704513783649,-0.10471975511965977,1576658846002206087
-0.10471975511965977,0.046318353226003355,0.15603243512829307,-0.0,-0.10471975511965977,1576658846012206077
-0.10471975511965977,0.046318353226003355,0.1413716694115407,0.0029498522568918244,-0.10471975511965977,1576658846022208929
-0.10471975511965977,0.056387560449047566,0.1455604596163271,0.022123891926688684,-0.10471975511965977,1576658846032177925
-0.10471975511965977,0.05705884093058385,0.1487020522699169,0.02654867031202642,-0.10471975511965977,1576658846042211055
-0.10471975511965977,0.0483321946706122,0.1413716694115407,0.004424778385337737,-0.10471975511965977,1576658846052211046
-0.10471975511965977,0.04296195081832196,0.14765485471872028,-0.0014749261284459122,-0.10471975511965977,1576658846062175989
-0.10471975511965977,0.05571627996751129,0.14765485471872028,0.023598818055134595,-0.10471975511965977,1576658846072206974
-0.10471975511965977,0.05974396285672898,0.14974924982111348,0.030973448697364153,-0.10471975511965977,1576658846082206964
-0.10471975511965977,0.06242908478287409,0.15289084247470325,0.005899704513783649,-0.10471975511965977,1576658846092176914
-0.10471975511965977,0.05034603611522104,0.1466076571675237,-0.016224187412905034,-0.10471975511965977,1576658846102210044
-0.10471975511965977,0.06242908478287409,0.1466076571675237,-0.010324482899121386,-0.10471975511965977,1576658846112211942
-0.10471975511965977,0.06779932863516434,0.14241886696273728,0.01327433515601321,-0.10471975511965977,1576658846122208118
-0.10471975511965977,0.05437371900443873,0.1466076571675237,0.010324482899121386,-0.10471975511965977,1576658846132209062
-0.10471975511965977,0.05705884093058385,0.1466076571675237,-0.011799409027567298,-0.10471975511965977,1576658846142219066
-0.10471975511965977,0.06779932863516434,0.15289084247470325,-0.010324482899121386,-0.10471975511965977,1576658846152211904
-0.10471975511965977,0.06914188959823689,0.13613568165555767,0.005899704513783649,-0.10471975511965977,1576658846162214040
-0.10471975511965977,0.06444292622748293,0.1382300767579509,0.010324482899121386,-0.10471975511965977,1576658846172209024
-0.10471975511965977,0.05303115804136616,0.1371828792067543,-0.0,-0.10471975511965977,1576658846182209014
-0.10471975511965977,0.06511420670901921,0.14241886696273728,-0.007374630642229561,-0.10471975511965977,1576658846192207098
-0.10471975511965977,0.0825674992289625,0.1392772743091475,-0.004424778385337737,-0.10471975511965977,1576658846202200889
-0.10471975511965977,0.07451213345052714,0.1277581012459849,-0.010324482899121386,-0.10471975511965977,1576658846212205886
-0.10471975511965977,0.06914188959823689,0.13194689145077132,-0.014749261284459123,-0.10471975511965977,1576658846222210884
-0.10471975511965977,0.06779932863516434,0.13194689145077132,-0.008849556770675475,-0.10471975511965977,1576658846232213020
-0.10471975511965977,0.06578548719055549,0.12252211349000193,-0.007374630642229561,-0.10471975511965977,1576658846242208003
-0.10471975511965977,0.07652597489513598,0.10890854532444617,-0.020648965798242772,-0.10471975511965977,1576658846252203941
-0.10471975511965977,0.06444292622748293,0.10786134777324957,-0.023598818055134595,-0.10471975511965977,1576658846262203931
-0.10471975511965977,0.06914188959823689,0.10995574287564278,-0.005899704513783649,-0.10471975511965977,1576658846272211074
-0.10471975511965977,0.07249829200591831,0.10157816246606997,0.005899704513783649,-0.10471975511965977,1576658846282172918
-0.10471975511965977,0.06377164574594665,0.09529497715889039,-0.016224187412905034,-0.10471975511965977,1576658846292207002
-0.10471975511965977,0.061757804301337815,0.09005898940290741,-0.041297931596485545,-0.10471975511965977,1576658846302201986
-0.10471975511965977,0.05705884093058385,0.0973893722612836,-0.03687315321114781,-0.10471975511965977,1576658846312202930
-0.10471975511965977,0.05101731659675732,0.0890117918517108,-0.01917403966979686,-0.10471975511965977,1576658846322170972
-0.10471975511965977,0.04766091418907592,0.08482300164692443,-0.030973448697364153,-0.10471975511965977,1576658846332201004
-0.10471975511965977,0.03624914600295916,0.07958701389094143,-0.05457226675249876,-0.10471975511965977,1576658846342202901
-0.10471975511965977,0.04900347515214848,0.07853981633974483,-0.06637167578006604,-0.10471975511965977,1576658846352214097
-0.10471975511965977,0.05705884093058385,0.06283185307179587,-0.060471971266282405,-0.10471975511965977,1576658846362207889
-0.10471975511965977,0.04766091418907592,0.05969026041820607,-0.04424778385337737,-0.10471975511965977,1576658846372174978
-0.10471975511965977,0.046318353226003355,0.06387905062299246,-0.041297931596485545,-0.10471975511965977,1576658846382219076
-0.10471975511965977,0.046318353226003355,0.058643062867009474,-0.041297931596485545,-0.10471975511965977,1576658846392206907
-0.10471975511965977,0.03826298744756799,0.05131268000863328,-0.04867256223871511,-0.10471975511965977,1576658846402208089
-0.10471975511965977,0.03557786552142287,0.04084070449666732,-0.05014748836716102,-0.10471975511965977,1576658846412208080
-0.10471975511965977,0.04094810937371311,0.05445427266222309,-0.03392330095425599,-0.10471975511965977,1576658846422173976
-0.10471975511965977,0.04698963370753964,0.06283185307179587,-0.030973448697364153,-0.10471975511965977,1576658846432204961
-0.10471975511965977,0.04027682889217683,0.041887902047863905,-0.030973448697364153,-0.10471975511965977,1576658846442203998
-0.10471975511965977,0.03624914600295916,0.033510321638291124,-0.014749261284459123,-0.10471975511965977,1576658846452210903
-0.10471975511965977,0.0241660973353061,0.04084070449666732,-0.007374630642229561,-0.10471975511965977,1576658846462208986
-0.10471975511965977,0.032221463113741466,0.027227136331111543,-0.010324482899121386,-0.10471975511965977,1576658846472177028
-0.10471975511965977,0.028193780224523783,0.019896753472735357,-0.03687315321114781,-0.10471975511965977,1576658846482209920
-0.10471975511965977,0.020138414446088417,0.032463124087094536,-0.05604719288094467,-0.10471975511965977,1576658846492212057
-0.10471975511965977,0.018795853483015854,0.01780235837034216,-0.03687315321114781,-0.10471975511965977,1576658846502207040
-0.10471975511965977,0.016782012038407016,0.012566370614359173,-0.02507374418358051,-0.10471975511965977,1576658846512212038
-0.10471975511965977,0.01812457300147958,0.020943951023931952,-0.02507374418358051,-0.10471975511965977,1576658846522219896
-0.10471975511965977,0.006712804815362805,0.006283185307179587,-0.022123891926688684,-0.10471975511965977,1576658846532208919
-0.10471975511965977,0.008055365778435367,0.007330382858376184,-0.020648965798242772,-0.10471975511965977,1576658846542208909
-0.10471975511965977,0.011411768186116769,0.007330382858376184,-0.02507374418358051,-0.10471975511965977,1576658846552206993
-0.10471975511965977,0.0020138414446088417,0.0031415926535897933,-0.030973448697364153,-0.10471975511965977,1576658846562210083
-0.10471975511965977,0.0020138414446088417,0.007330382858376184,-0.02507374418358051,-0.10471975511965977,1576658846572210073
-0.10471975511965977,-0.0,-0.0010471975511965976,-0.014749261284459123,-0.10471975511965977,1576658846582207918
-0.10471975511965977,0.0006712804815362806,-0.0010471975511965976,-0.01327433515601321,-0.10471975511965977,1576658846592206954
-0.10471975511965977,0.0013425609630725612,0.0,-0.014749261284459123,-0.10471975511965977,1576658846602202892
-0.10471975511965977,-0.0020138414446088417,-0.0031415926535897933,-0.010324482899121386,-0.10471975511965977,1576658846612209081
-0.10471975511965977,-0.006041524333826525,-0.007330382858376184,-0.005899704513783649,-0.10471975511965977,1576658846622205972
-0.10471975511965977,-0.007384085296899086,-0.010471975511965976,-0.005899704513783649,-0.10471975511965977,1576658846632206916
-0.10471975511965977,-0.011411768186116769,-0.008377580409572781,-0.004424778385337737,-0.10471975511965977,1576658846642127990
-0.10471975511965977,-0.016782012038407016,-0.01884955592153876,0.004424778385337737,-0.10471975511965977,1576658846652205944
-0.10471975511965977,-0.01275432914918933,-0.013613568165555772,0.014749261284459123,-0.10471975511965977,1576658846662204027
-0.10471975511965977,-0.020138414446088417,-0.025132741228718346,0.011799409027567298,-0.10471975511965977,1576658846672205924
-0.10471975511965977,-0.022152255890697258,-0.029321531433504737,0.0014749261284459122,-0.10471975511965977,1576658846682203054
-0.10471975511965977,-0.01812457300147958,-0.016755160819145562,0.008849556770675475,-0.10471975511965977,1576658846692203998
-0.10471975511965977,-0.02148097540916098,-0.029321531433504737,0.028023596440472334,-0.10471975511965977,1576658846702209949
-0.10471975511965977,-0.03490658503988659,-0.03665191429188092,0.051622414495606936,-0.10471975511965977,1576658846712203025
-0.10471975511965977,-0.03557786552142287,-0.020943951023931952,0.06489674965162014,-0.10471975511965977,1576658846722207069
-0.10471975511965977,-0.028865060706060066,-0.03560471674068432,0.0707964541654038,-0.10471975511965977,1576658846732206106
-0.10471975511965977,-0.04027682889217683,-0.03874630939427412,0.05457226675249876,-0.10471975511965977,1576658846742214918
-0.10471975511965977,-0.051688597078293604,-0.02199114857512855,0.05457226675249876,-0.10471975511965977,1576658846752214908
-0.10471975511965977,-0.044975792262930796,-0.03769911184307752,0.06637167578006604,-0.10471975511965977,1576658846762208938
-0.10471975511965977,-0.05235987755982988,-0.04921828490624009,0.05457226675249876,-0.10471975511965977,1576658846772224903
-0.10471975511965977,-0.05101731659675732,-0.039793506945470715,0.05899704513783649,-0.10471975511965977,1576658846782190084
-0.10471975511965977,-0.05705884093058385,-0.04293509959906051,0.061946897394728306,-0.10471975511965977,1576658846792215108
-0.10471975511965977,-0.05974396285672898,-0.04084070449666732,0.09439527222053838,-0.10471975511965977,1576658846802212953
-0.10471975511965977,-0.056387560449047566,-0.032463124087094536,0.13716812994546984,-0.10471975511965977,1576658846812211036
-0.10471975511965977,-0.05235987755982988,-0.04084070449666732,0.14896753897303713,-0.10471975511965977,1576658846822208881
-0.10471975511965977,-0.07115573104284574,-0.047123889803846894,0.14601768671614532,-0.10471975511965977,1576658846832207918
-0.10471975511965977,-0.07518341393206342,-0.039793506945470715,0.11651916414722709,-0.10471975511965977,1576658846842189073
-0.10471975511965977,-0.07048445056130946,-0.0439822971502571,0.11209438576188933,-0.10471975511965977,1576658846852196931
-0.10471975511965977,-0.0832387797104988,-0.06073745796940267,0.14601768671614532,-0.10471975511965977,1576658846862175941
-0.10471975511965977,-0.08726646259971647,-0.05550147021341968,0.17846606154195538,-0.10471975511965977,1576658846872208118
-0.10471975511965977,-0.09532182837815184,-0.0439822971502571,0.15781709574371264,-0.10471975511965977,1576658846882210016
-0.10471975511965977,-0.09465054789661556,-0.0460766922526503,0.1710914308997258,-0.10471975511965977,1576658846892205953
-0.10471975511965977,-0.08928030404432531,-0.0439822971502571,0.168141578642834,-0.10471975511965977,1576658846902204036
-0.10471975511965977,-0.10069207223044208,-0.0439822971502571,0.18436576605573907,-0.10471975511965977,1576658846912204027
-0.10471975511965977,-0.09800695030429696,-0.04293509959906051,0.21238936249621135,-0.10471975511965977,1576658846922204017
-0.10471975511965977,-0.09800695030429696,-0.0460766922526503,0.21238936249621135,-0.10471975511965977,1576658846932207107
-0.10471975511965977,-0.11881664523192167,-0.06283185307179587,0.2654867031202642,-0.10471975511965977,1576658846942202091
-0.10471975511965977,-0.11143255993502257,-0.03874630939427412,0.25663714634958873,-0.10471975511965977,1576658846952205896
-0.10471975511965977,-0.10606231608273232,-0.032463124087094536,0.24483773732202144,-0.10471975511965977,1576658846962203025
-0.10471975511965977,-0.1107612794534863,-0.032463124087094536,0.2713864076340479,-0.10471975511965977,1576658846972204923
-0.10471975511965977,-0.09465054789661556,-0.039793506945470715,0.25811207247803464,-0.10471975511965977,1576658846982204914
-0.10471975511965977,-0.11344640137963143,-0.0460766922526503,0.2772861121478315,-0.10471975511965977,1576658846992213964
-0.10471975511965977,-0.12150176715806676,-0.03560471674068432,0.29646015181762836,-0.10471975511965977,1576658847002177000
-0.10471975511965977,-0.1241868890842119,-0.034557519189487726,0.2831858166616152,-0.10471975511965977,1576658847012212038
-0.10471975511965977,-0.12552945004728447,-0.0439822971502571,0.320058969872763,-0.10471975511965977,1576658847022214889
-0.10471975511965977,-0.1416401816041552,-0.033510321638291124,0.33185837890033026,-0.10471975511965977,1576658847032207965
-0.10471975511965977,-0.13291353534418354,-0.02617993877991494,0.3156341914874253,-0.10471975511965977,1576658847042208909
-0.10471975511965977,-0.12217304763960304,-0.03769911184307752,0.3480825663132353,-0.10471975511965977,1576658847052208900
-0.10471975511965977,-0.11143255993502257,-0.027227136331111543,0.320058969872763,-0.10471975511965977,1576658847062213897
-0.10471975511965977,-0.11814536475038538,-0.02199114857512855,0.34660764018478935,-0.10471975511965977,1576658847072190999
-0.10471975511965977,-0.12351560860267563,-0.029321531433504737,0.35250734469857303,-0.10471975511965977,1576658847082175970
-0.10471975511965977,-0.1241868890842119,-0.024085543677521748,0.34660764018478935,-0.10471975511965977,1576658847092206001
-0.10471975511965977,-0.1241868890842119,-0.014660765716752368,0.37315631049681586,-0.10471975511965977,1576658847102205991
-0.10471975511965977,-0.13895505967801008,-0.02617993877991494,0.3775810888821535,-0.10471975511965977,1576658847112205028
-0.10471975511965977,-0.12955713293650215,-0.014660765716752368,0.35398227082701894,-0.10471975511965977,1576658847122176885
-0.10471975511965977,-0.12217304763960304,-0.010471975511965976,0.3775810888821535,-0.10471975511965977,1576658847132215976
-0.10471975511965977,-0.1174740842688491,-0.016755160819145562,0.35693212308391076,-0.10471975511965977,1576658847142211914
-0.10471975511965977,-0.1141176818611677,-0.010471975511965976,0.38348079339593716,-0.10471975511965977,1576658847152215957
-0.10471975511965977,-0.1141176818611677,-0.013613568165555772,0.38348079339593716,-0.10471975511965977,1576658847162219047
-0.10471975511965977,-0.12083048667653051,-0.008377580409572781,0.3598819753408026,-0.10471975511965977,1576658847172204971
-0.10471975511965977,-0.13157097438111098,-0.011519173063162575,0.40707961145107174,-0.10471975511965977,1576658847182204008
-0.10471975511965977,-0.1174740842688491,-0.013613568165555772,0.38790557178127494,-0.10471975511965977,1576658847192204952
-0.10471975511965977,-0.10606231608273232,-0.006283185307179587,0.3480825663132353,-0.10471975511965977,1576658847202174901
-0.10471975511965977,-0.1174740842688491,-0.007330382858376184,0.36725660598303217,-0.10471975511965977,1576658847212218046
-0.10471975511965977,-0.11210384041655885,0.0,0.336283157285668,-0.10471975511965977,1576658847222213029
-0.10471975511965977,-0.11277512089809513,0.0020943951023931952,0.35250734469857303,-0.10471975511965977,1576658847232208967
-0.10471975511965977,-0.11277512089809513,0.0,0.35545719695546485,-0.10471975511965977,1576658847242177963
-0.10471975511965977,-0.09129414548893415,-0.0010471975511965976,0.3421828617994516,-0.10471975511965977,1576658847252187967
-0.10471975511965977,-0.08391006019203508,-0.0031415926535897933,0.3333333050287762,-0.10471975511965977,1576658847262190103
-0.10471975511965977,-0.07719725537667227,-0.0020943951023931952,0.30530970858830386,-0.10471975511965977,1576658847272212982
-0.10471975511965977,-0.07451213345052714,0.0,0.302359856331412,-0.10471975511965977,1576658847282207965
-0.10471975511965977,-0.08122493826588995,0.0031415926535897933,0.29203537343229063,-0.10471975511965977,1576658847292205095
-0.10471975511965977,-0.07316957248745458,0.005235987755982988,0.2758111860193856,-0.10471975511965977,1576658847302201986
-0.10471975511965977,-0.08525262115510764,0.007330382858376184,0.2728613337624938,-0.10471975511965977,1576658847312205076
-0.10471975511965977,-0.07384085296899086,0.0020943951023931952,0.24188788506512962,-0.10471975511965977,1576658847322176933
-0.10471975511965977,-0.05974396285672898,0.010471975511965976,0.2507374418358051,-0.10471975511965977,1576658847332211971
-0.10471975511965977,-0.06712804815362806,0.010471975511965976,0.23451325442290005,-0.10471975511965977,1576658847342199087
-0.10471975511965977,-0.05974396285672898,0.007330382858376184,0.1932153228264145,-0.10471975511965977,1576658847352209091
-0.10471975511965977,-0.05235987755982988,0.013613568165555772,0.20058995346864408,-0.10471975511965977,1576658847362212896
-0.10471975511965977,-0.051688597078293604,0.007330382858376184,0.1710914308997258,-0.10471975511965977,1576658847372209072
-0.10471975511965977,-0.05303115804136616,0.013613568165555772,0.17699113541350947,-0.10471975511965977,1576658847382210016
-0.10471975511965977,-0.044975792262930796,0.013613568165555772,0.18584069218418495,-0.10471975511965977,1576658847392148971
-0.10471975511965977,-0.046318353226003355,0.007330382858376184,0.17404128315661765,-0.10471975511965977,1576658847402209997
-0.10471975511965977,-0.04296195081832196,0.011519173063162575,0.1563421696152667,-0.10471975511965977,1576658847412208080
-0.10471975511965977,-0.046318353226003355,0.01884955592153876,0.13569320381702396,-0.10471975511965977,1576658847422204971
-0.10471975511965977,-0.034235304558350305,0.00942477796076938,0.10471975511965977,-0.10471975511965977,1576658847432213068
-0.10471975511965977,-0.027522499742987504,0.00942477796076938,0.09587019834898429,-0.10471975511965977,1576658847442209005
-0.10471975511965977,-0.03356402407681403,0.01780235837034216,0.0707964541654038,-0.10471975511965977,1576658847452203035
-0.10471975511965977,-0.027522499742987504,0.014660765716752368,0.084070789321417,-0.10471975511965977,1576658847462178945
-0.10471975511965977,-0.02349481685376982,0.00942477796076938,0.09439527222053838,-0.10471975511965977,1576658847472199916
-0.10471975511965977,-0.02685121926145122,0.01780235837034216,0.061946897394728306,-0.10471975511965977,1576658847482202053
-0.10471975511965977,-0.008055365778435367,0.011519173063162575,0.03392330095425599,-0.10471975511965977,1576658847492211103
-0.10471975511965977,-0.01208304866765305,0.0020943951023931952,0.030973448697364153,-0.10471975511965977,1576658847502198934
-0.10471975511965977,-0.0208096949276247,0.01780235837034216,0.06637167578006604,-0.10471975511965977,1576658847512208938
-0.10471975511965977,-0.014096890112261892,0.007330382858376184,0.08112093706452517,-0.10471975511965977,1576658847522177934
-0.10471975511965977,-0.009397926741507927,0.005235987755982988,0.03687315321114781,-0.10471975511965977,1576658847532206058
-0.10471975511965977,-0.008726646259971648,0.011519173063162575,-0.011799409027567298,-0.10471975511965977,1576658847542208909
-0.10471975511965977,-0.006712804815362805,0.008377580409572781,-0.030973448697364153,-0.10471975511965977,1576658847552206993
-0.10471975511965977,-0.0033564024076814026,0.0,0.010324482899121386,-0.10471975511965977,1576658847562206983
-0.10471975511965977,-0.0026851219261451223,0.0010471975511965976,0.03834807933959372,-0.10471975511965977,1576658847572206020
-0.10471975511965977,-0.0006712804815362806,0.0010471975511965976,0.011799409027567298,-0.10471975511965977,1576658847582207918
-0.10471975511965977,-0.0013425609630725612,0.0020943951023931952,-0.020648965798242772,-0.10471975511965977,1576658847592206954
-0.10471975511965977,0.004027682889217683,0.0,-0.02507374418358051,-0.10471975511965977,1576658847602211952
-0.10471975511965977,0.0013425609630725612,-0.0010471975511965976,-0.0,-0.10471975511965977,1576658847612176895
-0.10471975511965977,0.0046989633707539636,-0.0031415926535897933,0.010324482899121386,-0.10471975511965977,1576658847622206926
-0.10471975511965977,0.0046989633707539636,-0.008377580409572781,-0.01327433515601321,-0.10471975511965977,1576658847632203102
-0.10471975511965977,0.006712804815362805,-0.010471975511965976,-0.03392330095425599,-0.10471975511965977,1576658847642204046
-0.10471975511965977,0.008055365778435367,-0.010471975511965976,-0.0353982270827019,-0.10471975511965977,1576658847652224063
-0.10471975511965977,0.008726646259971648,-0.010471975511965976,-0.030973448697364153,-0.10471975511965977,1576658847662199974
-0.10471975511965977,0.009397926741507927,-0.014660765716752368,-0.051622414495606936,-0.10471975511965977,1576658847672208070
-0.10471975511965977,0.015439451075334454,-0.02199114857512855,-0.06784660190851198,-0.10471975511965977,1576658847682228088
-0.10471975511965977,0.01342560963072561,-0.01780235837034216,-0.08849556770675474,-0.10471975511965977,1576658847692188024
-0.10471975511965977,0.016782012038407016,-0.01780235837034216,-0.10619468124810567,-0.10471975511965977,1576658847702225923
-0.10471975511965977,0.018795853483015854,-0.02303834612632515,-0.11209438576188933,-0.10471975511965977,1576658847712210893
-0.10471975511965977,0.022152255890697258,-0.030368728984701335,-0.10029497673432204,-0.10471975511965977,1576658847722214937
-0.10471975511965977,0.018795853483015854,-0.032463124087094536,-0.08702064157830883,-0.10471975511965977,1576658847732209920
-0.10471975511965977,0.02148097540916098,-0.031415926535897934,-0.061946897394728306,-0.10471975511965977,1576658847742207050
-0.10471975511965977,0.02349481685376982,-0.03665191429188092,-0.08849556770675474,-0.10471975511965977,1576658847752218008
-0.10471975511965977,0.020138414446088417,-0.045029494701453704,-0.13569320381702396,-0.10471975511965977,1576658847762176990
-0.10471975511965977,0.034235304558350305,-0.04293509959906051,-0.16519172638594218,-0.10471975511965977,1576658847772208929
-0.10471975511965977,0.032892743595277746,-0.045029494701453704,-0.1710914308997258,-0.10471975511965977,1576658847782210111
-0.10471975511965977,0.03356402407681403,-0.06073745796940267,-0.16961650477127993,-0.10471975511965977,1576658847792211055
-0.10471975511965977,0.03826298744756799,-0.08587019919812101,-0.1415929083308076,-0.10471975511965977,1576658847802198886
-0.10471975511965977,0.032221463113741466,-0.07958701389094143,-0.15781709574371264,-0.10471975511965977,1576658847812215089
-0.10471975511965977,0.03557786552142287,-0.06283185307179587,-0.17699113541350947,-0.10471975511965977,1576658847822175025
-0.10471975511965977,0.04766091418907592,-0.07435102613495845,-0.18436576605573907,-0.10471975511965977,1576658847832202911
-0.10471975511965977,0.03356402407681403,-0.08168140899333463,-0.19026547056952267,-0.10471975511965977,1576658847842207908
-0.10471975511965977,0.04027682889217683,-0.08482300164692443,-0.20796458411087365,-0.10471975511965977,1576658847852202892
-0.10471975511965977,0.05303115804136616,-0.091106186954104,-0.22123891926688685,-0.10471975511965977,1576658847862202882
-0.10471975511965977,0.03826298744756799,-0.08482300164692443,-0.20206487959708996,-0.10471975511965977,1576658847872162103
-0.10471975511965977,0.038934267929104274,-0.0932005820564972,-0.22123891926688685,-0.10471975511965977,1576658847882174015
-0.10471975511965977,0.044975792262930796,-0.10681415022205297,-0.24631266345046735,-0.10471975511965977,1576658847892194032
-0.10471975511965977,0.03826298744756799,-0.10786134777324957,-0.23746310667979184,-0.10471975511965977,1576658847902209997
-0.10471975511965977,0.04766091418907592,-0.11519173063162574,-0.23598818055134596,-0.10471975511965977,1576658847912209987
-0.10471975511965977,0.05370243852290244,-0.11623892818282236,-0.268436555377156,-0.10471975511965977,1576658847922210931
-0.10471975511965977,0.05303115804136616,-0.12356931104119852,-0.26106192473492645,-0.10471975511965977,1576658847932208061
-0.10471975511965977,0.04967475563368476,-0.1277581012459849,-0.2625368508633724,-0.10471975511965977,1576658847942210912
-0.10471975511965977,0.044975792262930796,-0.11205013797803598,-0.2640117769918183,-0.10471975511965977,1576658847952204942
-0.10471975511965977,0.05101731659675732,-0.1288052987971815,-0.2640117769918183,-0.10471975511965977,1576658847962177991
-0.10471975511965977,0.04766091418907592,-0.1382300767579509,-0.26696162924871014,-0.10471975511965977,1576658847972207069
-0.10471975511965977,0.04363323129985824,-0.14032447186034408,-0.2787610382762774,-0.10471975511965977,1576658847982217073
-0.10471975511965977,0.060415243338265257,-0.1487020522699169,-0.2787610382762774,-0.10471975511965977,1576658847992212057
-0.10471975511965977,0.05504499948597501,-0.14974924982111348,-0.29351029956073654,-0.10471975511965977,1576658848002201080
-0.10471975511965977,0.04296195081832196,-0.15393804002589986,-0.3097344869736416,-0.10471975511965977,1576658848012223005
-0.10471975511965977,0.05235987755982988,-0.15498523757709648,-0.31858404374431704,-0.10471975511965977,1576658848022212028
-0.10471975511965977,0.051688597078293604,-0.16126842288427606,-0.3082595608451957,-0.10471975511965977,1576658848032211065
-0.10471975511965977,0.05974396285672898,-0.1832595714594046,-0.3333333050287762,-0.10471975511965977,1576658848042182922
-0.10471975511965977,0.05705884093058385,-0.17907078125461823,-0.3038347824598579,-0.10471975511965977,1576658848052208900
-0.10471975511965977,0.06377164574594665,-0.16755160819145562,-0.29941000407452023,-0.10471975511965977,1576658848062210083
-0.10471975511965977,0.05504499948597501,-0.16755160819145562,-0.29941000407452023,-0.10471975511965977,1576658848072220087
-0.10471975511965977,0.04766091418907592,-0.15184364492350666,-0.2949852256891825,-0.10471975511965977,1576658848082212924
-0.10471975511965977,0.04900347515214848,-0.15079644737231007,-0.29941000407452023,-0.10471975511965977,1576658848092220067
-0.10471975511965977,0.05235987755982988,-0.16022122533307945,-0.3097344869736416,-0.10471975511965977,1576658848102209091
-0.10471975511965977,0.044975792262930796,-0.15707963267948966,-0.29351029956073654,-0.10471975511965977,1576658848112209081
-0.10471975511965977,0.056387560449047566,-0.16126842288427606,-0.286135668918507,-0.10471975511965977,1576658848122210025
-0.10471975511965977,0.05235987755982988,-0.15707963267948966,-0.3097344869736416,-0.10471975511965977,1576658848132205963
-0.10471975511965977,0.03826298744756799,-0.15393804002589986,-0.29646015181762836,-0.10471975511965977,1576658848142211914
-0.10471975511965977,0.05437371900443873,-0.15812683023068624,-0.2876105950469529,-0.10471975511965977,1576658848152134895
-0.10471975511965977,0.05974396285672898,-0.15707963267948966,-0.2728613337624938,-0.10471975511965977,1576658848162204980
-0.10471975511965977,0.04900347515214848,-0.1487020522699169,-0.2743362598909397,-0.10471975511965977,1576658848172200918
-0.10471975511965977,0.04296195081832196,-0.13089969389957473,-0.2772861121478315,-0.10471975511965977,1576658848182200908
-0.10471975511965977,0.03826298744756799,-0.1329940890019679,-0.2654867031202642,-0.10471975511965977,1576658848192210912
-0.10471975511965977,0.044975792262930796,-0.1382300767579509,-0.2817108905331692,-0.10471975511965977,1576658848202205896
-0.10471975511965977,0.04027682889217683,-0.12252211349000193,-0.2625368508633724,-0.10471975511965977,1576658848212193965
-0.10471975511965977,0.03356402407681403,-0.1288052987971815,-0.2551622202211428,-0.10471975511965977,1576658848222202062
-0.10471975511965977,0.04766091418907592,-0.12985249634837814,-0.24188788506512962,-0.10471975511965977,1576658848232211112
-0.10471975511965977,0.05974396285672898,-0.11833332328521555,-0.22566369765222458,-0.10471975511965977,1576658848242209911
-0.10471975511965977,0.0416193898552494,-0.10995574287564278,-0.22271384539533273,-0.10471975511965977,1576658848252208948
-0.10471975511965977,0.046318353226003355,-0.10471975511965977,-0.20943951023931953,-0.10471975511965977,1576658848262208938
-0.10471975511965977,0.05974396285672898,-0.10367255756846318,-0.2050147318539818,-0.10471975511965977,1576658848272218942
-0.10471975511965977,0.03356402407681403,-0.09005898940290741,-0.2153392147531032,-0.10471975511965977,1576658848282211065
-0.10471975511965977,0.03557786552142287,-0.07435102613495845,-0.19764010121175227,-0.10471975511965977,1576658848292208909
-0.10471975511965977,0.04363323129985824,-0.07435102613495845,-0.19616517508330636,-0.10471975511965977,1576658848302227020
-0.10471975511965977,0.02617993877991494,-0.08587019919812101,-0.21238936249621135,-0.10471975511965977,1576658848312210083
-0.10471975511965977,0.02148097540916098,-0.07120943348136864,-0.1814159137988472,-0.10471975511965977,1576658848322207927
-0.10471975511965977,0.028193780224523783,-0.058643062867009474,-0.15191739122992895,-0.10471975511965977,1576658848332207918
-0.10471975511965977,0.02617993877991494,-0.06178465552059926,-0.13864305607391575,-0.10471975511965977,1576658848342178106
-0.10471975511965977,0.030878902150668908,-0.06387905062299246,-0.1415929083308076,-0.10471975511965977,1576658848352210998
-0.10471975511965977,0.030207621669132628,-0.05445427266222309,-0.15191739122992895,-0.10471975511965977,1576658848362230062
-0.10471975511965977,0.0208096949276247,-0.0460766922526503,-0.14749261284459125,-0.10471975511965977,1576658848372180938
-0.10471975511965977,0.0241660973353061,-0.033510321638291124,-0.14749261284459125,-0.10471975511965977,1576658848382209062
-0.10471975511965977,0.028193780224523783,-0.047123889803846894,-0.1327433515601321,-0.10471975511965977,1576658848392210960
-0.10471975511965977,0.02349481685376982,-0.05235987755982988,-0.09587019834898429,-0.10471975511965977,1576658848402206897
-0.10471975511965977,0.030878902150668908,-0.031415926535897934,-0.09734512447743023,-0.10471975511965977,1576658848412203073
-0.10471975511965977,0.015439451075334454,-0.032463124087094536,-0.08849556770675474,-0.10471975511965977,1576658848422208070
-0.10471975511965977,0.017453292519943295,-0.028274333882308142,-0.0722713802938497,-0.10471975511965977,1576658848432173967
-0.10471975511965977,0.0208096949276247,-0.02303834612632515,-0.084070789321417,-0.10471975511965977,1576658848442204952
-0.10471975511965977,0.017453292519943295,-0.029321531433504737,-0.08112093706452517,-0.10471975511965977,1576658848452208995
-0.10471975511965977,0.01208304866765305,-0.020943951023931952,-0.07374630642229563,-0.10471975511965977,1576658848462198019
-0.10471975511965977,0.010069207223044208,-0.00942477796076938,-0.03687315321114781,-0.10471975511965977,1576658848472204923
-0.10471975511965977,0.016110731556870733,-0.01780235837034216,-0.014749261284459123,-0.10471975511965977,1576658848482212066
-0.10471975511965977,0.01275432914918933,-0.016755160819145562,-0.04867256223871511,-0.10471975511965977,1576658848492207050
-0.10471975511965977,0.01074048770458049,-0.00942477796076938,-0.09292034609209247,-0.10471975511965977,1576658848502211093
-0.10471975511965977,0.008726646259971648,-0.0010471975511965976,-0.09587019834898429,-0.10471975511965977,1576658848512203931
-0.10471975511965977,0.0046989633707539636,-0.0020943951023931952,-0.04867256223871511,-0.10471975511965977,1576658848522217035
-0.10471975511965977,0.0046989633707539636,-0.011519173063162575,0.023598818055134595,-0.10471975511965977,1576658848532227039
-0.10471975511965977,0.0020138414446088417,-0.0020943951023931952,0.030973448697364153,-0.10471975511965977,1576658848542232990
-0.10471975511965977,-0.0,0.0020943951023931952,-0.02507374418358051,-0.10471975511965977,1576658848552212953
-0.10471975511965977,0.004027682889217683,-0.0010471975511965976,-0.0722713802938497,-0.10471975511965977,1576658848562227964
-0.10471975511965977,-0.0,-0.0031415926535897933,-0.05457226675249876,-0.10471975511965977,1576658848572216033
-0.10471975511965977,-0.0,-0.0041887902047863905,0.020648965798242772,-0.10471975511965977,1576658848582218885
-0.10471975511965977,-0.0026851219261451223,-0.0031415926535897933,0.05309734062405284,-0.10471975511965977,1576658848592211008
-0.10471975511965977,-0.0020138414446088417,0.0,0.022123891926688684,-0.10471975511965977,1576658848602210044
-0.10471975511965977,-0.0006712804815362806,0.0010471975511965976,-0.020648965798242772,-0.10471975511965977,1576658848612183094
-0.10471975511965977,-0.004027682889217683,0.0031415926535897933,-0.008849556770675475,-0.10471975511965977,1576658848622203111
-0.10471975511965977,-0.007384085296899086,0.0031415926535897933,0.0353982270827019,-0.10471975511965977,1576658848632208108
-0.10471975511965977,-0.0006712804815362806,0.0,0.04719763611026919,-0.10471975511965977,1576658848642191886
-0.10471975511965977,-0.011411768186116769,0.0041887902047863905,0.03392330095425599,-0.10471975511965977,1576658848652209997
-0.10471975511965977,0.0026851219261451223,0.0041887902047863905,0.029498522568918245,-0.10471975511965977,1576658848662209987
-0.10471975511965977,-0.007384085296899086,0.006283185307179587,0.03687315321114781,-0.10471975511965977,1576658848672204017
-0.10471975511965977,-0.01208304866765305,0.0020943951023931952,0.06784660190851198,-0.10471975511965977,1576658848682204961
-0.10471975511965977,-0.008726646259971648,0.005235987755982988,0.09439527222053838,-0.10471975511965977,1576658848692203998
-0.10471975511965977,-0.014096890112261892,0.0031415926535897933,0.12241886866101072,-0.10471975511965977,1576658848702204942
-0.10471975511965977,-0.009397926741507927,0.007330382858376184,0.12094394253256481,-0.10471975511965977,1576658848712205886
-0.10471975511965977,-0.014096890112261892,0.0,0.12241886866101072,-0.10471975511965977,1576658848722210884
-0.10471975511965977,-0.018795853483015854,0.005235987755982988,0.12389379478945661,-0.10471975511965977,1576658848732208967
-0.10471975511965977,-0.01208304866765305,0.0041887902047863905,0.10176990286276794,-0.10471975511965977,1576658848742202997
-0.10471975511965977,-0.016782012038407016,0.0,0.11061945963344343,-0.10471975511965977,1576658848752208948
-0.10471975511965977,-0.018795853483015854,-0.0031415926535897933,0.1430678344592535,-0.10471975511965977,1576658848762206077
-0.10471975511965977,-0.022823536372233538,-0.0041887902047863905,0.16961650477127993,-0.10471975511965977,1576658848772207975
-0.10471975511965977,-0.02349481685376982,-0.007330382858376184,0.18436576605573907,-0.10471975511965977,1576658848782202005
-0.10471975511965977,-0.0208096949276247,-0.010471975511965976,0.168141578642834,-0.10471975511965977,1576658848792212009
-0.10471975511965977,-0.018795853483015854,-0.005235987755982988,0.17551620928506356,-0.10471975511965977,1576658848802215099
-0.10471975511965977,-0.02483737781684238,-0.00942477796076938,0.2050147318539818,-0.10471975511965977,1576658848812208890
-0.10471975511965977,-0.032892743595277746,-0.010471975511965976,0.2153392147531032,-0.10471975511965977,1576658848822206020
-0.10471975511965977,-0.02483737781684238,-0.013613568165555772,0.252212367964251,-0.10471975511965977,1576658848832209110
-0.10471975511965977,-0.032221463113741466,-0.01780235837034216,0.23746310667979184,-0.10471975511965977,1576658848842206001
-0.10471975511965977,-0.030207621669132628,-0.013613568165555772,0.24926251570735922,-0.10471975511965977,1576658848852205991
-0.10471975511965977,-0.030878902150668908,-0.01780235837034216,0.26991148150560196,-0.10471975511965977,1576658848862210988
-0.10471975511965977,-0.02617993877991494,-0.019896753472735357,0.2551622202211428,-0.10471975511965977,1576658848872209072
-0.10471975511965977,-0.02685121926145122,-0.02303834612632515,0.268436555377156,-0.10471975511965977,1576658848882193088
-0.10471975511965977,-0.03155018263220519,-0.031415926535897934,0.2890855211753988,-0.10471975511965977,1576658848892206907
-0.10471975511965977,-0.028193780224523783,-0.019896753472735357,0.2817108905331692,-0.10471975511965977,1576658848902204036
-0.10471975511965977,-0.022152255890697258,-0.030368728984701335,0.3156341914874253,-0.10471975511965977,1576658848912211894
-0.10471975511965977,-0.03490658503988659,-0.03665191429188092,0.3008849302029661,-0.10471975511965977,1576658848922208070
-0.10471975511965977,-0.044975792262930796,-0.024085543677521748,0.3333333050287762,-0.10471975511965977,1576658848932210922
-0.10471975511965977,-0.02617993877991494,-0.041887902047863905,0.36725660598303217,-0.10471975511965977,1576658848942181110
-0.10471975511965977,-0.03826298744756799,-0.058643062867009474,0.3480825663132353,-0.10471975511965977,1576658848952205896
-0.10471975511965977,-0.04766091418907592,-0.033510321638291124,0.3613569014692485,-0.10471975511965977,1576658848962210893
-0.10471975511965977,-0.03759170696603171,-0.0439822971502571,0.38495571952438307,-0.10471975511965977,1576658848972187995
-0.10471975511965977,-0.03557786552142287,-0.06492624817418907,0.3643067537261403,-0.10471975511965977,1576658848982207059
-0.10471975511965977,-0.032221463113741466,-0.05759586531581287,0.3893804979097209,-0.10471975511965977,1576658848992177963
-0.10471975511965977,-0.03557786552142287,-0.0439822971502571,0.35693212308391076,-0.10471975511965977,1576658849002204895
-0.10471975511965977,-0.044304511781394516,-0.06073745796940267,0.38495571952438307,-0.10471975511965977,1576658849012175083
-0.10471975511965977,-0.02617993877991494,-0.06806784082777884,0.39675512855195044,-0.10471975511965977,1576658849022203922
-0.10471975511965977,-0.02483737781684238,-0.06283185307179587,0.3923303501666127,-0.10471975511965977,1576658849032211065
-0.10471975511965977,-0.03557786552142287,-0.06702064327658225,0.40707961145107174,-0.10471975511965977,1576658849042205095
-0.10471975511965977,-0.03557786552142287,-0.06806784082777884,0.41887902047863906,-0.10471975511965977,1576658849052201986
-0.10471975511965977,-0.028865060706060066,-0.07225663103256524,0.39528020242350453,-0.10471975511965977,1576658849062207937
-0.10471975511965977,-0.028193780224523783,-0.091106186954104,0.4159291682217473,-0.10471975511965977,1576658849072205066
-0.10471975511965977,-0.03557786552142287,-0.07330382858376185,0.39085542403816675,-0.10471975511965977,1576658849082204103
-0.10471975511965977,-0.034235304558350305,-0.06911503837897545,0.3893804979097209,-0.10471975511965977,1576658849092196941
-0.10471975511965977,-0.03557786552142287,-0.07958701389094143,0.4100294637079636,-0.10471975511965977,1576658849102225065
-0.10471975511965977,-0.03759170696603171,-0.07853981633974483,0.3716813843683699,-0.10471975511965977,1576658849112221002
-0.10471975511965977,-0.02349481685376982,-0.0879645943005142,0.386430645652829,-0.10471975511965977,1576658849122214078
-0.10471975511965977,-0.030207621669132628,-0.10367255756846318,0.37905601501059943,-0.10471975511965977,1576658849132183074
-0.10471975511965977,-0.03155018263220519,-0.09634217471008699,0.36725660598303217,-0.10471975511965977,1576658849142216920
-0.10471975511965977,-0.014096890112261892,-0.0890117918517108,0.37315631049681586,-0.10471975511965977,1576658849152210950
-0.10471975511965977,-0.028193780224523783,-0.0869173967493176,0.3436577879278976,-0.10471975511965977,1576658849162209033
-0.10471975511965977,-0.028865060706060066,-0.09529497715889039,0.3436577879278976,-0.10471975511965977,1576658849172211885
-0.10471975511965977,-0.02617993877991494,-0.10471975511965977,0.35250734469857303,-0.10471975511965977,1576658849182199954
-0.10471975511965977,-0.022823536372233538,-0.09634217471008699,0.32743360051499254,-0.10471975511965977,1576658849192208051
-0.10471975511965977,-0.016110731556870733,-0.0973893722612836,0.3097344869736416,-0.10471975511965977,1576658849202208042
-0.10471975511965977,-0.02685121926145122,-0.10053096491487339,0.3230088221296548,-0.10471975511965977,1576658849212207078
-0.10471975511965977,-0.015439451075334454,-0.09843656981248018,0.2890855211753988,-0.10471975511965977,1576658849222209930
-0.10471975511965977,-0.01342560963072561,-0.10157816246606997,0.29941000407452023,-0.10471975511965977,1576658849232211112
-0.10471975511965977,-0.0241660973353061,-0.08272860654453122,0.268436555377156,-0.10471975511965977,1576658849242189884
-0.10471975511965977,-0.017453292519943295,-0.0869173967493176,0.2743362598909397,-0.10471975511965977,1576658849252212047
-0.10471975511965977,-0.011411768186116769,-0.09424777960769379,0.268436555377156,-0.10471975511965977,1576658849262201070
-0.10471975511965977,-0.018795853483015854,-0.0890117918517108,0.23598818055134596,-0.10471975511965977,1576658849272212982
-0.10471975511965977,-0.008726646259971648,-0.0932005820564972,0.24188788506512962,-0.10471975511965977,1576658849282207965
-0.10471975511965977,-0.01275432914918933,-0.0890117918517108,0.24188788506512962,-0.10471975511965977,1576658849292206048
-0.10471975511965977,-0.01208304866765305,-0.07853981633974483,0.20648965798242774,-0.10471975511965977,1576658849302216053
-0.10471975511965977,-0.011411768186116769,-0.08587019919812101,0.21091443636776547,-0.10471975511965977,1576658849312211990
-0.10471975511965977,-0.009397926741507927,-0.07435102613495845,0.19616517508330636,-0.10471975511965977,1576658849322211027
-0.10471975511965977,-0.006712804815362805,-0.07539822368615504,0.20353980572553587,-0.10471975511965977,1576658849332207918
-0.10471975511965977,-0.006712804815362805,-0.08168140899333463,0.1814159137988472,-0.10471975511965977,1576658849342216968
-0.10471975511965977,-0.0026851219261451223,-0.05969026041820607,0.16076694800060443,-0.10471975511965977,1576658849352205991
-0.10471975511965977,-0.0046989633707539636,-0.06806784082777884,0.16224187412905033,-0.10471975511965977,1576658849362200021
-0.10471975511965977,-0.0020138414446088417,-0.07016223593017204,0.14601768671614532,-0.10471975511965977,1576658849372203111
-0.10471975511965977,-0.0020138414446088417,-0.05235987755982988,0.134218277688578,-0.10471975511965977,1576658849382213115
-0.10471975511965977,-0.0020138414446088417,-0.05131268000863328,0.134218277688578,-0.10471975511965977,1576658849392206907
-0.10471975511965977,-0.0006712804815362806,-0.05131268000863328,0.10324482899121387,-0.10471975511965977,1576658849402208089
-0.10471975511965977,-0.0,-0.06597344572538566,0.08112093706452517,-0.10471975511965977,1576658849412198066
-0.10471975511965977,-0.0013425609630725612,-0.05759586531581287,0.06637167578006604,-0.10471975511965977,1576658849422208070
-0.10471975511965977,-0.0020138414446088417,-0.03560471674068432,0.06784660190851198,-0.10471975511965977,1576658849432224035
-0.10471975511965977,-0.0,-0.0439822971502571,0.09882005060587613,-0.10471975511965977,1576658849442208051
-0.10471975511965977,-0.0026851219261451223,-0.03874630939427412,0.07374630642229563,-0.10471975511965977,1576658849452176094
-0.10471975511965977,0.0046989633707539636,-0.039793506945470715,0.022123891926688684,-0.10471975511965977,1576658849462210893
-0.10471975511965977,-0.0,-0.034557519189487726,0.02654867031202642,-0.10471975511965977,1576658849472182989
-0.10471975511965977,-0.0020138414446088417,-0.02303834612632515,0.0722713802938497,-0.10471975511965977,1576658849482209920
-0.10471975511965977,-0.0,-0.028274333882308142,0.09882005060587613,-0.10471975511965977,1576658849492212057
-0.10471975511965977,0.0020138414446088417,-0.033510321638291124,0.0707964541654038,-0.10471975511965977,1576658849502209901
-0.10471975511965977,0.0020138414446088417,-0.010471975511965976,0.029498522568918245,-0.10471975511965977,1576658849512217044
-0.10471975511965977,0.0020138414446088417,-0.013613568165555772,-0.010324482899121386,-0.10471975511965977,1576658849522211074
-0.10471975511965977,0.0013425609630725612,-0.016755160819145562,-0.01769911354135095,-0.10471975511965977,1576658849532207012
-0.10471975511965977,0.0013425609630725612,-0.010471975511965976,0.004424778385337737,-0.10471975511965977,1576658849542210102
-0.10471975511965977,0.0020138414446088417,-0.0031415926535897933,0.029498522568918245,-0.10471975511965977,1576658849552207946
-0.10471975511965977,0.0020138414446088417,-0.014660765716752368,0.016224187412905034,-0.10471975511965977,1576658849562218904
-0.10471975511965977,0.0020138414446088417,0.0031415926535897933,-0.016224187412905034,-0.10471975511965977,1576658849572180032
-0.10471975511965977,0.0013425609630725612,0.0020943951023931952,-0.030973448697364153,-0.10471975511965977,1576658849582180023
-0.10471975511965977,0.0013425609630725612,-0.0020943951023931952,0.005899704513783649,-0.10471975511965977,1576658849592211961
-0.10471975511965977,0.0006712804815362806,0.0,0.022123891926688684,-0.10471975511965977,1576658849602229118
-0.10471975511965977,0.0020138414446088417,0.0,-0.01327433515601321,-0.10471975511965977,1576658849612211942
-0.10471975511965977,0.0013425609630725612,0.005235987755982988,-0.030973448697364153,-0.10471975511965977,1576658849622198104
-0.10471975511965977,-0.0,0.008377580409572781,-0.011799409027567298,-0.10471975511965977,1576658849632210016
-0.10471975511965977,-0.0013425609630725612,0.012566370614359173,-0.0,-0.10471975511965977,1576658849642179965
-0.10471975511965977,-0.0006712804815362806,0.010471975511965976,-0.030973448697364153,-0.10471975511965977,1576658849652204990
-0.10471975511965977,0.0013425609630725612,0.014660765716752368,-0.051622414495606936,-0.10471975511965977,1576658849662204980
-0.10471975511965977,-0.0,0.014660765716752368,-0.041297931596485545,-0.10471975511965977,1576658849672204017
-0.10471975511965977,-0.0020138414446088417,0.025132741228718346,-0.01769911354135095,-0.10471975511965977,1576658849682173013
-0.10471975511965977,-0.0046989633707539636,0.024085543677521748,-0.020648965798242772,-0.10471975511965977,1576658849692207098
-0.10471975511965977,0.0006712804815362806,0.025132741228718346,-0.051622414495606936,-0.10471975511965977,1576658849702209949
-0.10471975511965977,-0.006712804815362805,0.03769911184307752,-0.06932152803695787,-0.10471975511965977,1576658849712176084
-0.10471975511965977,0.0006712804815362806,0.03665191429188092,-0.05604719288094467,-0.10471975511965977,1576658849722209930
-0.10471975511965977,-0.0020138414446088417,0.032463124087094536,-0.03834807933959372,-0.10471975511965977,1576658849732208967
-0.10471975511965977,-0.0026851219261451223,0.03560471674068432,-0.014749261284459123,-0.10471975511965977,1576658849742209911
-0.10471975511965977,-0.0046989633707539636,0.033510321638291124,-0.01327433515601321,-0.10471975511965977,1576658849752208948
-0.10471975511965977,-0.005370243852290245,0.048171087355043496,-0.041297931596485545,-0.10471975511965977,1576658849762240886
-0.10471975511965977,-0.0033564024076814026,0.05550147021341968,-0.06784660190851198,-0.10471975511965977,1576658849772208929
-0.10471975511965977,-0.0046989633707539636,0.05131268000863328,-0.04867256223871511,-0.10471975511965977,1576658849782140970
-0.10471975511965977,-0.008726646259971648,0.05026548245743669,-0.0,-0.10471975511965977,1576658849792238950
-0.10471975511965977,-0.006712804815362805,0.05759586531581287,-0.0029498522568918244,-0.10471975511965977,1576658849802206039
-0.10471975511965977,-0.0046989633707539636,0.05550147021341968,-0.057522119009390575,-0.10471975511965977,1576658849812202930
-0.10471975511965977,-0.01074048770458049,0.041887902047863905,-0.09587019834898429,-0.10471975511965977,1576658849822208881
-0.10471975511965977,-0.008726646259971648,0.048171087355043496,-0.09587019834898429,-0.10471975511965977,1576658849832220077
-0.10471975511965977,-0.014768170593798173,0.05550147021341968,-0.0707964541654038,-0.10471975511965977,1576658849842206954
-0.10471975511965977,-0.015439451075334454,0.05550147021341968,-0.0353982270827019,-0.10471975511965977,1576658849852171897
-0.10471975511965977,-0.01074048770458049,0.05550147021341968,-0.01769911354135095,-0.10471975511965977,1576658849862207889
-0.10471975511965977,-0.011411768186116769,0.048171087355043496,-0.004424778385337737,-0.10471975511965977,1576658849872203111
-0.10471975511965977,-0.014096890112261892,0.06073745796940267,-0.02654867031202642,-0.10471975511965977,1576658849882216930
-0.10471975511965977,-0.01812457300147958,0.07330382858376185,-0.05309734062405284,-0.10471975511965977,1576658849892205953
-0.10471975511965977,-0.014096890112261892,0.06283185307179587,-0.057522119009390575,-0.10471975511965977,1576658849902208089
-0.10471975511965977,-0.01812457300147958,0.06283185307179587,-0.04719763611026919,-0.10471975511965977,1576658849912173032
-0.10471975511965977,-0.018795853483015854,0.06597344572538566,-0.03687315321114781,-0.10471975511965977,1576658849922209024
-0.10471975511965977,-0.01342560963072561,0.06702064327658225,-0.03834807933959372,-0.10471975511965977,1576658849932207107
-0.10471975511965977,-0.01342560963072561,0.06702064327658225,-0.051622414495606936,-0.10471975511965977,1576658849942204952
-0.10471975511965977,-0.022823536372233538,0.05969026041820607,-0.041297931596485545,-0.10471975511965977,1576658849952207088
-0.10471975511965977,-0.018795853483015854,0.06387905062299246,-0.02507374418358051,-0.10471975511965977,1576658849962204933
-0.10471975511965977,-0.01812457300147958,0.05969026041820607,-0.007374630642229561,-0.10471975511965977,1576658849972206115
-0.10471975511965977,-0.014096890112261892,0.05445427266222309,-0.014749261284459123,-0.10471975511965977,1576658849982204914
-0.10471975511965977,-0.015439451075334454,0.05235987755982988,-0.041297931596485545,-0.10471975511965977,1576658849992203950
-0.10471975511965977,-0.02349481685376982,0.06492624817418907,-0.061946897394728306,-0.10471975511965977,1576658850002202033
-0.10471975511965977,-0.014096890112261892,0.0879645943005142,-0.04867256223871511,-0.10471975511965977,1576658850012202978
-0.10471975511965977,-0.016782012038407016,0.06702064327658225,-0.02654867031202642,-0.10471975511965977,1576658850022202968
-0.10471975511965977,-0.022823536372233538,0.039793506945470715,-0.016224187412905034,-0.10471975511965977,1576658850032200098
-0.10471975511965977,-0.016782012038407016,0.0460766922526503,-0.03982300546803963,-0.10471975511965977,1576658850042206048
-0.10471975511965977,-0.0208096949276247,0.05445427266222309,-0.07522123255074152,-0.10471975511965977,1576658850052172899
-0.10471975511965977,-0.018795853483015854,0.05445427266222309,-0.061946897394728306,-0.10471975511965977,1576658850062206983
-0.10471975511965977,-0.016782012038407016,0.04293509959906051,-0.020648965798242772,-0.10471975511965977,1576658850072206974
-0.10471975511965977,-0.02617993877991494,0.041887902047863905,0.010324482899121386,-0.10471975511965977,1576658850082206010
-0.10471975511965977,-0.01342560963072561,0.05550147021341968,0.01327433515601321,-0.10471975511965977,1576658850092205047
-0.10471975511965977,-0.01342560963072561,0.0439822971502571,-0.010324482899121386,-0.10471975511965977,1576658850102207899
-0.10471975511965977,-0.015439451075334454,0.030368728984701335,-0.029498522568918245,-0.10471975511965977,1576658850112210988
-0.10471975511965977,-0.016782012038407016,0.03874630939427412,-0.014749261284459123,-0.10471975511965977,1576658850122215032
-0.10471975511965977,-0.01812457300147958,0.041887902047863905,-0.0,-0.10471975511965977,1576658850132194042
-0.10471975511965977,-0.011411768186116769,0.032463124087094536,-0.01769911354135095,-0.10471975511965977,1576658850142208099
-0.10471975511965977,-0.008726646259971648,0.03665191429188092,-0.04424778385337737,-0.10471975511965977,1576658850152205944
-0.10471975511965977,-0.018795853483015854,0.04084070449666732,-0.041297931596485545,-0.10471975511965977,1576658850162204980
-0.10471975511965977,-0.011411768186116769,0.028274333882308142,-0.01327433515601321,-0.10471975511965977,1576658850172199010
-0.10471975511965977,-0.008726646259971648,0.024085543677521748,-0.008849556770675475,-0.10471975511965977,1576658850182205915
-0.10471975511965977,-0.01342560963072561,0.029321531433504737,-0.03687315321114781,-0.10471975511965977,1576658850192209959
-0.10471975511965977,-0.0020138414446088417,0.02617993877991494,-0.057522119009390575,-0.10471975511965977,1576658850202188014
-0.10471975511965977,-0.006041524333826525,0.014660765716752368,-0.041297931596485545,-0.10471975511965977,1576658850212208032
-0.10471975511965977,-0.009397926741507927,0.02303834612632515,0.007374630642229561,-0.10471975511965977,1576658850222209930
-0.10471975511965977,-0.006712804815362805,0.012566370614359173,0.030973448697364153,-0.10471975511965977,1576658850232217073
-0.10471975511965977,-0.0046989633707539636,0.008377580409572781,-0.0,-0.10471975511965977,1576658850242202043
-0.10471975511965977,-0.0046989633707539636,0.02303834612632515,-0.0353982270827019,-0.10471975511965977,1576658850252202033
-0.10471975511965977,-0.0026851219261451223,0.005235987755982988,-0.01917403966979686,-0.10471975511965977,1576658850262204885
-0.10471975511965977,-0.004027682889217683,0.006283185307179587,0.020648965798242772,-0.10471975511965977,1576658850272216081
-0.10471975511965977,-0.0046989633707539636,0.00942477796076938,0.0353982270827019,-0.10471975511965977,1576658850282212972
-0.10471975511965977,-0.0,0.0041887902047863905,-0.0014749261284459122,-0.10471975511965977,1576658850292207956
-0.10471975511965977,-0.0020138414446088417,0.007330382858376184,-0.030973448697364153,-0.10471975511965977,1576658850302200078
-0.10471975511965977,-0.0,0.0031415926535897933,-0.01327433515601321,-0.10471975511965977,1576658850312201023
-0.10471975511965977,-0.0020138414446088417,0.0,0.022123891926688684,-0.10471975511965977,1576658850322207927
-0.10471975511965977,-0.0,0.0,0.014749261284459123,-0.10471975511965977,1576658850332205057
-0.10471975511965977,-0.0,0.0010471975511965976,-0.023598818055134595,-0.10471975511965977,1576658850342211008
-0.10471975511965977,0.0006712804815362806,0.0020943951023931952,-0.023598818055134595,-0.10471975511965977,1576658850352206945
-0.10471975511965977,-0.0006712804815362806,0.0010471975511965976,0.0029498522568918244,-0.10471975511965977,1576658850362210035
-0.10471975511965977,0.0006712804815362806,0.0,0.01327433515601321,-0.10471975511965977,1576658850372210979
-0.10471975511965977,0.0020138414446088417,-0.0020943951023931952,-0.0,-0.10471975511965977,1576658850382214069
-0.10471975511965977,0.0020138414446088417,-0.0031415926535897933,-0.014749261284459123,-0.10471975511965977,1576658850392218112
-0.10471975511965977,0.0020138414446088417,-0.0041887902047863905,-0.01327433515601321,-0.10471975511965977,1576658850402204990
-0.10471975511965977,0.0033564024076814026,-0.011519173063162575,0.0014749261284459122,-0.10471975511965977,1576658850412208080
-0.10471975511965977,0.0020138414446088417,-0.0031415926535897933,-0.004424778385337737,-0.10471975511965977,1576658850422177076
-0.10471975511965977,0.0020138414446088417,-0.010471975511965976,-0.02654867031202642,-0.10471975511965977,1576658850432207107
-0.10471975511965977,0.0033564024076814026,-0.0020943951023931952,-0.02507374418358051,-0.10471975511965977,1576658850442207098
-0.10471975511965977,0.004027682889217683,-0.007330382858376184,-0.007374630642229561,-0.10471975511965977,1576658850452178001
-0.10471975511965977,0.0013425609630725612,-0.007330382858376184,0.005899704513783649,-0.10471975511965977,1576658850462204933
-0.10471975511965977,0.0046989633707539636,-0.007330382858376184,-0.004424778385337737,-0.10471975511965977,1576658850472202062
-0.10471975511965977,0.0013425609630725612,-0.011519173063162575,-0.020648965798242772,-0.10471975511965977,1576658850482209920
-0.10471975511965977,0.006041524333826525,-0.005235987755982988,-0.014749261284459123,-0.10471975511965977,1576658850492219924
-0.10471975511965977,0.0020138414446088417,-0.006283185307179587,-0.0,-0.10471975511965977,1576658850502207994
-0.10471975511965977,0.0020138414446088417,-0.007330382858376184,-0.004424778385337737,-0.10471975511965977,1576658850512202024
-0.10471975511965977,0.0020138414446088417,-0.0041887902047863905,-0.022123891926688684,-0.10471975511965977,1576658850522206068
-0.10471975511965977,0.0033564024076814026,-0.007330382858376184,-0.01769911354135095,-0.10471975511965977,1576658850532202959
-0.10471975511965977,0.0020138414446088417,-0.0041887902047863905,-0.0,-0.10471975511965977,1576658850542210102
-0.10471975511965977,0.0006712804815362806,-0.0010471975511965976,-0.0029498522568918244,-0.10471975511965977,1576658850552181005
-0.10471975511965977,0.0006712804815362806,-0.005235987755982988,-0.014749261284459123,-0.10471975511965977,1576658850562203884
-0.10471975511965977,0.0006712804815362806,-0.0031415926535897933,-0.008849556770675475,-0.10471975511965977,1576658850572208881
-0.10471975511965977,0.0006712804815362806,-0.007330382858376184,0.004424778385337737,-0.10471975511965977,1576658850582207918
-0.10471975511965977,0.0013425609630725612,-0.0031415926535897933,0.004424778385337737,-0.10471975511965977,1576658850592215061
-0.10471975511965977,-0.0006712804815362806,-0.005235987755982988,-0.0,-0.10471975511965977,1576658850602209091
-0.10471975511965977,-0.0013425609630725612,0.0031415926535897933,-0.0014749261284459122,-0.10471975511965977,1576658850612185955
-0.10471975511965977,-0.0006712804815362806,0.0,-0.0,-0.10471975511965977,1576658850622210025
-0.10471975511965977,-0.0020138414446088417,0.0020943951023931952,-0.0,-0.10471975511965977,1576658850632211923
-0.10471975511965977,-0.006041524333826525,0.007330382858376184,0.004424778385337737,-0.10471975511965977,1576658850642209053
-0.10471975511965977,-0.0020138414446088417,0.0041887902047863905,0.007374630642229561,-0.10471975511965977,1576658850652200937
-0.10471975511965977,-0.010069207223044208,0.014660765716752368,0.0014749261284459122,-0.10471975511965977,1576658850662204980
-0.10471975511965977,-0.0006712804815362806,0.005235987755982988,0.0029498522568918244,-0.10471975511965977,1576658850672204971
-0.10471975511965977,-0.010069207223044208,0.00942477796076938,0.007374630642229561,-0.10471975511965977,1576658850682244062
-0.10471975511965977,-0.008726646259971648,0.02199114857512855,0.007374630642229561,-0.10471975511965977,1576658850692213058
-0.10471975511965977,-0.011411768186116769,0.015707963267948967,0.0014749261284459122,-0.10471975511965977,1576658850702207088
-0.10471975511965977,-0.01208304866765305,0.015707963267948967,0.010324482899121386,-0.10471975511965977,1576658850712192058
-0.10471975511965977,-0.014096890112261892,0.02617993877991494,0.008849556770675475,-0.10471975511965977,1576658850722206115
-0.10471975511965977,-0.01208304866765305,0.02617993877991494,0.004424778385337737,-0.10471975511965977,1576658850732202053
-0.10471975511965977,-0.016782012038407016,0.02617993877991494,0.011799409027567298,-0.10471975511965977,1576658850742208957
-0.10471975511965977,-0.014768170593798173,0.027227136331111543,0.011799409027567298,-0.10471975511965977,1576658850752204895
-0.10471975511965977,-0.020138414446088417,0.025132741228718346,0.004424778385337737,-0.10471975511965977,1576658850762209892
-0.10471975511965977,-0.016782012038407016,0.03874630939427412,0.005899704513783649,-0.10471975511965977,1576658850772212028
-0.10471975511965977,-0.02550865829837866,0.048171087355043496,0.020648965798242772,-0.10471975511965977,1576658850782212018
-0.10471975511965977,-0.03356402407681403,0.03874630939427412,0.029498522568918245,-0.10471975511965977,1576658850792196989
-0.10471975511965977,-0.02617993877991494,0.03874630939427412,0.020648965798242772,-0.10471975511965977,1576658850802207946
-0.10471975511965977,-0.02617993877991494,0.04293509959906051,-0.0,-0.10471975511965977,1576658850812206029
-0.10471975511965977,-0.04027682889217683,0.04921828490624009,0.0029498522568918244,-0.10471975511965977,1576658850822206974
-0.10471975511965977,-0.04766091418907592,0.048171087355043496,0.03834807933959372,-0.10471975511965977,1576658850832209110
-0.10471975511965977,-0.034235304558350305,0.06597344572538566,0.05309734062405284,-0.10471975511965977,1576658850842214107
-0.10471975511965977,-0.03960554841064055,0.05550147021341968,0.02507374418358051,-0.10471975511965977,1576658850852215051
-0.10471975511965977,-0.056387560449047566,0.05969026041820607,0.010324482899121386,-0.10471975511965977,1576658850862205028
-0.10471975511965977,-0.051688597078293604,0.06806784082777884,0.030973448697364153,-0.10471975511965977,1576658850872178077
-0.10471975511965977,-0.03759170696603171,0.05969026041820607,0.061946897394728306,-0.10471975511965977,1576658850882193088
-0.10471975511965977,-0.05303115804136616,0.056548667764616284,0.061946897394728306,-0.10471975511965977,1576658850892203092
-0.10471975511965977,-0.05571627996751129,0.07853981633974483,0.030973448697364153,-0.10471975511965977,1576658850902203083
-0.10471975511965977,-0.05705884093058385,0.08482300164692443,0.01327433515601321,-0.10471975511965977,1576658850912201881
-0.10471975511965977,-0.05840140189365641,0.0932005820564972,0.022123891926688684,-0.10471975511965977,1576658850922199964
-0.10471975511965977,-0.05101731659675732,0.08272860654453122,0.03982300546803963,-0.10471975511965977,1576658850932209968
-0.10471975511965977,-0.05705884093058385,0.08168140899333463,0.030973448697364153,-0.10471975511965977,1576658850942198991
-0.10471975511965977,-0.06645676767209177,0.09634217471008699,0.005899704513783649,-0.10471975511965977,1576658850952203989
-0.10471975511965977,-0.07115573104284574,0.09634217471008699,-0.0,-0.10471975511965977,1576658850962203025
-0.10471975511965977,-0.08122493826588995,0.11205013797803598,0.023598818055134595,-0.10471975511965977,1576658850972201108
-0.10471975511965977,-0.05504499948597501,0.08482300164692443,0.02507374418358051,-0.10471975511965977,1576658850982208967
-0.10471975511965977,-0.06108652381980152,0.0890117918517108,0.016224187412905034,-0.10471975511965977,1576658850992233037
-0.10471975511965977,-0.06578548719055549,0.09634217471008699,-0.0,-0.10471975511965977,1576658851002213001
-0.10471975511965977,-0.06645676767209177,0.08587019919812101,0.020648965798242772,-0.10471975511965977,1576658851012207984
-0.10471975511965977,-0.06914188959823689,0.0973893722612836,0.05604719288094467,-0.10471975511965977,1576658851022203922
-0.10471975511965977,-0.07182701152438203,0.10786134777324957,0.057522119009390575,-0.10471975511965977,1576658851032208919
-0.10471975511965977,-0.06578548719055549,0.09634217471008699,0.030973448697364153,-0.10471975511965977,1576658851042207002
-0.10471975511965977,-0.06712804815362806,0.10471975511965977,0.02507374418358051,-0.10471975511965977,1576658851052206993
-0.10471975511965977,-0.07115573104284574,0.09948376736367677,0.022123891926688684,-0.10471975511965977,1576658851062211990
-0.10471975511965977,-0.07249829200591831,0.10471975511965977,0.041297931596485545,-0.10471975511965977,1576658851072218894
-0.10471975511965977,-0.06712804815362806,0.0973893722612836,0.04424778385337737,-0.10471975511965977,1576658851082205057
-0.10471975511965977,-0.06444292622748293,0.08587019919812101,0.014749261284459123,-0.10471975511965977,1576658851092215061
-0.10471975511965977,-0.07652597489513598,0.10471975511965977,-0.0,-0.10471975511965977,1576658851102212905
-0.10471975511965977,-0.06242908478287409,0.08168140899333463,-0.004424778385337737,-0.10471975511965977,1576658851112185955
-0.10471975511965977,-0.061757804301337815,0.08482300164692443,0.020648965798242772,-0.10471975511965977,1576658851122174978
-0.10471975511965977,-0.05705884093058385,0.08587019919812101,0.030973448697364153,-0.10471975511965977,1576658851132184028
-0.10471975511965977,-0.06242908478287409,0.07435102613495845,-0.0,-0.10471975511965977,1576658851142211914
-0.10471975511965977,-0.05974396285672898,0.07749261878854824,-0.007374630642229561,-0.10471975511965977,1576658851152204990
-0.10471975511965977,-0.05437371900443873,0.07539822368615504,0.005899704513783649,-0.10471975511965977,1576658851162209987
-0.10471975511965977,-0.05907268237519269,0.06283185307179587,0.02654867031202642,-0.10471975511965977,1576658851172209024
-0.10471975511965977,-0.04766091418907592,0.07539822368615504,0.0353982270827019,-0.10471975511965977,1576658851182213068
-0.10471975511965977,-0.04698963370753964,0.06178465552059926,0.014749261284459123,-0.10471975511965977,1576658851192198038
-0.10471975511965977,-0.04766091418907592,0.06597344572538566,0.005899704513783649,-0.10471975511965977,1576658851202219963
-0.10471975511965977,-0.045647072744467075,0.06702064327658225,0.02654867031202642,-0.10471975511965977,1576658851212204933
-0.10471975511965977,-0.034235304558350305,0.041887902047863905,0.051622414495606936,-0.10471975511965977,1576658851222208023
-0.10471975511965977,-0.02685121926145122,0.0439822971502571,0.04277285772493145,-0.10471975511965977,1576658851232209920
-0.10471975511965977,-0.02483737781684238,0.056548667764616284,0.0014749261284459122,-0.10471975511965977,1576658851242213010
-0.10471975511965977,-0.03557786552142287,0.07120943348136864,-0.010324482899121386,-0.10471975511965977,1576658851252213001
-0.10471975511965977,-0.03557786552142287,0.048171087355043496,0.01327433515601321,-0.10471975511965977,1576658851262211084
-0.10471975511965977,-0.01812457300147958,0.034557519189487726,0.028023596440472334,-0.10471975511965977,1576658851272206068
-0.10471975511965977,-0.02685121926145122,0.0439822971502571,0.007374630642229561,-0.10471975511965977,1576658851282207965
-0.10471975511965977,-0.028193780224523783,0.04084070449666732,-0.004424778385337737,-0.10471975511965977,1576658851292205095
-0.10471975511965977,-0.020138414446088417,0.032463124087094536,0.0029498522568918244,-0.10471975511965977,1576658851302206039
-0.10471975511965977,-0.014768170593798173,0.014660765716752368,0.020648965798242772,-0.10471975511965977,1576658851312218904
-0.10471975511965977,-0.022152255890697258,0.02199114857512855,0.007374630642229561,-0.10471975511965977,1576658851322206020
-0.10471975511965977,-0.016110731556870733,0.01884955592153876,-0.020648965798242772,-0.10471975511965977,1576658851332205057
-0.10471975511965977,-0.014096890112261892,0.014660765716752368,-0.028023596440472334,-0.10471975511965977,1576658851342175960
-0.10471975511965977,-0.018795853483015854,0.024085543677521748,-0.007374630642229561,-0.10471975511965977,1576658851352202892
-0.10471975511965977,-0.0026851219261451223,0.012566370614359173,0.01769911354135095,-0.10471975511965977,1576658851362193107
-0.10471975511965977,-0.007384085296899086,0.0020943951023931952,-0.004424778385337737,-0.10471975511965977,1576658851372205972
-0.10471975511965977,-0.01074048770458049,0.01884955592153876,-0.029498522568918245,-0.10471975511965977,1576658851382216930
-0.10471975511965977,-0.0046989633707539636,0.013613568165555772,-0.01917403966979686,-0.10471975511965977,1576658851392210960
-0.10471975511965977,-0.008726646259971648,0.0,0.011799409027567298,-0.10471975511965977,1576658851402209997
-0.10471975511965977,-0.004027682889217683,0.00942477796076938,0.010324482899121386,-0.10471975511965977,1576658851412209987
-0.10471975511965977,-0.0020138414446088417,0.006283185307179587,-0.016224187412905034,-0.10471975511965977,1576658851422209978
-0.10471975511965977,-0.0,0.0,-0.030973448697364153,-0.10471975511965977,1576658851432234048
-0.10471975511965977,-0.0,0.0041887902047863905,-0.008849556770675475,-0.10471975511965977,1576658851442205905
-0.10471975511965977,-0.0006712804815362806,0.0020943951023931952,0.010324482899121386,-0.10471975511965977,1576658851452208995
-0.10471975511965977,-0.0046989633707539636,0.0041887902047863905,-0.010324482899121386,-0.10471975511965977,1576658851462203979
-0.10471975511965977,0.0013425609630725612,0.0,-0.023598818055134595,-0.10471975511965977,1576658851472206115
-0.10471975511965977,-0.0020138414446088417,0.0010471975511965976,-0.005899704513783649,-0.10471975511965977,1576658851482206106
-0.10471975511965977,-0.0,0.0,0.010324482899121386,-0.10471975511965977,1576658851492211103
-0.10471975511965977,-0.0026851219261451223,-0.0010471975511965976,-0.005899704513783649,-0.10471975511965977,1576658851502207040
-0.10471975511965977,0.0026851219261451223,-0.0020943951023931952,-0.023598818055134595,-0.10471975511965977,1576658851512213945
-0.10471975511965977,0.0006712804815362806,-0.0031415926535897933,-0.01917403966979686,-0.10471975511965977,1576658851522217035
-0.10471975511965977,-0.0,-0.0031415926535897933,-0.0,-0.10471975511965977,1576658851532211065
-0.10471975511965977,-0.0006712804815362806,-0.0031415926535897933,0.005899704513783649,-0.10471975511965977,1576658851542210102
-0.10471975511965977,-0.0006712804815362806,-0.0031415926535897933,-0.004424778385337737,-0.10471975511965977,1576658851552210092
-0.10471975511965977,-0.0,-0.0031415926535897933,-0.011799409027567298,-0.10471975511965977,1576658851562211990
-0.10471975511965977,-0.0,-0.0020943951023931952,-0.010324482899121386,-0.10471975511965977,1576658851572211027
-0.10471975511965977,-0.0,-0.0031415926535897933,-0.010324482899121386,-0.10471975511965977,1576658851582210063
-0.10471975511965977,0.0006712804815362806,-0.0031415926535897933,-0.010324482899121386,-0.10471975511965977,1576658851592242956
