arm_joint_1.pos,arm_joint_2.pos,arm_joint_3.pos,arm_joint_4.pos,arm_joint_5.pos,time_stamp
7.048445056130946e-05,1.1344573009914987,-2.5481615092899492,1.7889821489759001,0.007367256011587333,1576658841601912975
7.048445056130946e-05,1.1344573009914987,-2.5481615092899492,1.7889821489759001,0.007367256011587333,1576658841602152109
7.048445056130946e-05,1.1344573009914987,-2.5481615092899492,1.7889821489759001,0.007367256011587333,1576658841612198114
7.048445056130946e-05,1.1344573009914987,-2.5481615092899492,1.7889821489759001,0.007367256011587333,1576658841622220039
7.048445056130946e-05,1.1344573009914987,-2.5481615092899492,1.7889821489759001,0.007367256011587333,1576658841632210969
7.048445056130946e-05,1.1344573009914987,-2.5481615092899492,1.7889821489759001,0.007367256011587333,1576658841642210006
7.048445056130946e-05,1.1344573009914987,-2.5481615092899492,1.7889821489759001,0.007367256011587333,1576658841652205944
7.048445056130946e-05,1.1344573009914987,-2.5481615092899492,1.7889821489759001,0.007367256011587333,1576658841662214994
7.048445056130946e-05,1.134517716234837,-2.5481615092899492,1.7889821489759001,0.007367256011587333,1576658841672220945
7.048445056130946e-05,1.1345479238565062,-2.5481615092899492,1.788960025083974,0.007367256011587333,1576658841682208061
7.048445056130946e-05,1.1345680622709524,-2.5481615092899492,1.7887830339485602,0.007367256011587333,1576658841692209005
7.048445056130946e-05,1.1346586851359597,-2.5481615092899492,1.788650290597,0.007367256011587333,1576658841702198982
7.048445056130946e-05,1.134729169586521,-2.5481615092899492,1.78871666227278,0.007367256011587333,1576658841712207078
7.048445056130946e-05,1.1348298616587515,-2.5481458013266813,1.7885175472454398,0.007367256011587333,1576658841722204923
7.048445056130946e-05,1.1350010381815432,-2.5480829694736093,1.788075069406906,0.007367256011587333,1576658841732206106
7.048445056130946e-05,1.1350413150104355,-2.5480829694736093,1.7876989632441525,0.007367256011587333,1576658841742209911
7.048445056130946e-05,1.1353735988487959,-2.54800442965727,1.7876768393522255,0.007367256011587333,1576658841752207994
7.048445056130946e-05,1.135403806470465,-2.5479258898409296,1.7874998482168123,0.007367256011587333,1576658841762212038
7.048445056130946e-05,1.1358971976243941,-2.547863057987858,1.7868140075670849,0.007367256011587333,1576658841772208929
7.048445056130946e-05,1.136108650976078,-2.5477216863184466,1.7859511757819437,0.007367256011587333,1576658841782203912
7.048445056130946e-05,1.1364207963999924,-2.5476902703919104,1.7851547156725829,0.007367256011587333,1576658841792215108
7.048445056130946e-05,1.1369443951755906,-2.5474860668694275,1.784601618374416,0.007367256011587333,1576658841802213907
7.048445056130946e-05,1.137276679013951,-2.547376111126552,1.784026397184322,0.007367256011587333,1576658841812208890
7.048445056130946e-05,1.1377700701678803,-2.547203323530604,1.7828759548041342,0.007367256011587333,1576658841822206974
7.048445056130946e-05,1.1384447070518242,-2.5470933677877285,1.7814157779369726,0.007367256011587333,1576658841832209110
7.048445056130946e-05,1.1389582366201996,-2.5468420403754415,1.7803759550164187,0.007367256011587333,1576658841842219114
7.048445056130946e-05,1.1397537039908199,-2.5467163766692975,1.779712238258618,0.007367256011587333,1576658841852205991
7.048445056130946e-05,1.1404786869108792,-2.5464493412937426,1.779070645392744,0.007367256011587333,1576658841862175941
7.048445056130946e-05,1.1411936006237153,-2.546245137771259,1.7776104685255825,0.007367256011587333,1576658841872205018
7.048445056130946e-05,1.1421904521387967,-2.5458838546160965,1.77542020322484,0.007367256011587333,1576658841882208108
7.048445056130946e-05,1.1432980649333315,-2.545601111277273,1.7733848051675847,0.007367256011587333,1576658841892209053
7.048445056130946e-05,1.1443654008989743,-2.545412615718058,1.7711502920829891,0.007367256011587333,1576658841902205944
7.048445056130946e-05,1.1453924600357248,-2.545019916636359,1.769114894025734,0.007367256011587333,1576658841912205934
7.048445056130946e-05,1.146540349659152,-2.5446586334811965,1.7673671065635255,0.007367256011587333,1576658841922174930
7.048445056130946e-05,1.1480003847064932,-2.544344474215838,1.7656635668851708,0.007367256011587333,1576658841932205915
7.048445056130946e-05,1.1491583435371435,-2.5440460229137467,1.764070646666449,0.007367256011587333,1576658841942209005
7.048445056130946e-05,1.1503163023677934,-2.543606199942244,1.761238788499833,0.007367256011587333,1576658841952208042
7.048445056130946e-05,1.1517058529645736,-2.542993589374794,1.7578538330350493,0.007367256011587333,1576658841962208986
7.048445056130946e-05,1.1536693483730671,-2.542648014182899,1.75484498373302,0.007367256011587333,1576658841972208023
7.048445056130946e-05,1.1554113212226538,-2.542208191211397,1.7520131255664035,0.007367256011587333,1576658841982206106
7.048445056130946e-05,1.1569921867566717,-2.5414542089745353,1.7495794974544678,0.007367256011587333,1576658841992204904
7.048445056130946e-05,1.1587140211918123,-2.541092925819372,1.7465706481524381,0.007367256011587333,1576658842002202987
7.048445056130946e-05,1.1606473089786367,-2.540543147104994,1.7427653387410476,0.007367256011587333,1576658842012207031
7.048445056130946e-05,1.1625705275582383,-2.539899120611008,1.739468878843971,0.007367256011587333,1576658842022206068
7.048445056130946e-05,1.164765614732862,-2.5393493418966298,1.7356193216487272,0.007367256011587333,1576658842032187938
7.048445056130946e-05,1.1666082796546788,-2.5387681472557153,1.731880383913117,0.007367256011587333,1576658842042210102
7.048445056130946e-05,1.1686120518920649,-2.5382340765046054,1.7283184373129201,0.007367256011587333,1576658842052206993
7.048445056130946e-05,1.1707870006522423,-2.5375429261208153,1.724358260658043,0.007367256011587333,1576658842062206029
7.048445056130946e-05,1.1730525722774272,-2.5367732359206863,1.7207520662739926,0.007367256011587333,1576658842072204113
7.048445056130946e-05,1.1757108429843108,-2.536160625353236,1.7163715356725082,0.007367256011587333,1576658842082207918
7.048445056130946e-05,1.1779159993661577,-2.5354537670061785,1.7121458723145104,0.007367256011587333,1576658842092192888
7.048445056130946e-05,1.1801110865407813,-2.534715492732585,1.7079423328484395,0.007367256011587333,1576658842102205038
7.048445056130946e-05,1.1827190112115495,-2.534024342348795,1.7036060500308088,0.007367256011587333,1576658842112205028
7.048445056130946e-05,1.1851054133234111,-2.53322323622213,1.6992033955373975,0.007367256011587333,1576658842122205018
7.048445056130946e-05,1.1878140300664102,-2.532422130095464,1.6941591481781126,0.007367256011587333,1576658842132208108
7.048445056130946e-05,1.1903514702866171,-2.531778103601478,1.689734369792775,0.007367256011587333,1576658842142204999
7.048445056130946e-05,1.1927378723984785,-2.531024121364617,1.6851547241639502,0.007367256011587333,1576658842152204990
7.048445056130946e-05,1.1958391882231763,-2.5303329709808273,1.6802210962642987,0.007367256011587333,1576658842162197113
7.048445056130946e-05,1.1985377357589522,-2.529327661331678,1.6755087072839143,0.007367256011587333,1576658842172218084
7.048445056130946e-05,1.2013973906102966,-2.528557971131549,1.670331716573069,0.007367256011587333,1576658842182214021
7.048445056130946e-05,1.2038542771727196,-2.5278039888946875,1.6655972037007574,0.007367256011587333,1576658842192209005
7.048445056130946e-05,1.206512547879603,-2.526955758878218,1.6603759652060592,0.007367256011587333,1576658842202209949
7.048445056130946e-05,1.2090801957214794,-2.5262803164576964,1.6557078240095275,0.007367256011587333,1576658842212213039
7.048445056130946e-05,1.2116881203922478,-2.5253221306983513,1.65088481556951,0.007367256011587333,1576658842222210884
7.048445056130946e-05,1.214698813351938,-2.5244424847553466,1.645663577074811,0.007367256011587333,1576658842232215881
7.048445056130946e-05,1.21741749930216,-2.5237670423348244,1.6407963208509397,0.007367256011587333,1576658842242208957
7.048445056130946e-05,1.2200657008018208,-2.523013060097963,1.6359511885189943,0.007367256011587333,1576658842252203941
7.048445056130946e-05,1.2228548712026037,-2.5222904937876374,1.6306414544565895,0.007367256011587333,1576658842262212038
7.048445056130946e-05,1.2253419653866957,-2.5213008921017566,1.6259954371519851,0.007367256011587333,1576658842272218942
7.048445056130946e-05,1.2282016202380404,-2.520452662085287,1.6206857030895794,0.007367256011587333,1576658842282213926
7.048445056130946e-05,1.2309907906388236,-2.5198400515178374,1.6161724291365351,0.007367256011587333,1576658842292207002
7.048445056130946e-05,1.2332462930567856,-2.518991821501368,1.6113494206965169,0.007367256011587333,1576658842302212953
7.048445056130946e-05,1.2357938024842157,-2.5181592994481665,1.6063051733372318,0.007367256011587333,1576658842312213897
7.048445056130946e-05,1.2384420039838764,-2.517405317211305,1.601769775492261,0.007367256011587333,1576658842322210073
7.048445056130946e-05,1.2411808283485444,-2.5167141668275153,1.5968140237006827,0.007367256011587333,1576658842332228899
7.048445056130946e-05,1.2434262615592833,-2.5160544323702614,1.5925219886669049,0.007367256011587333,1576658842342211008
7.048445056130946e-05,1.2455609334905686,-2.5153632819864717,1.588185705849274,0.007367256011587333,1576658842352200984
7.048445056130946e-05,1.247927197187984,-2.5146721316026817,1.583694555788156,0.007367256011587333,1576658842362210988
7.048445056130946e-05,1.2501726303987228,-2.514028105108696,1.5796901313494256,0.007367256011587333,1576658842372215986
7.048445056130946e-05,1.2523475791589003,-2.513431202504514,1.575375972423721,0.007367256011587333,1576658842382213115
7.048445056130946e-05,1.2543916282251784,-2.5127871760105283,1.5717919019315978,0.007367256011587333,1576658842392213106
7.048445056130946e-05,1.2564558157059023,-2.512253105259418,1.5680308403040606,0.007367256011587333,1576658842402214050
7.048445056130946e-05,1.2585804184299647,-2.511609078765432,1.5639821680814763,0.007367256011587333,1576658842412209987
7.048445056130946e-05,1.2599901074411908,-2.5109964681979817,1.5608405754278867,0.007367256011587333,1576658842422173976
7.048445056130946e-05,1.261822703155785,-2.510368149667264,1.5573007527196165,0.007367256011587333,1576658842432208061
7.048445056130946e-05,1.263635160455933,-2.5099283266957615,1.5545131423368537,0.007367256011587333,1576658842442213058
7.048445056130946e-05,1.2649642958093748,-2.5094885037242585,1.5517476558460175,0.007367256011587333,1576658842452203989
7.048445056130946e-05,1.2663135695772627,-2.508828769267005,1.548650310976281,0.007367256011587333,1576658842462219953
7.048445056130946e-05,1.2679649195618419,-2.508546025928182,1.545752081133885,0.007367256011587333,1576658842472219944
7.048445056130946e-05,1.2693947469875142,-2.5082161586995553,1.5430972141026824,0.007367256011587333,1576658842482203960
7.048445056130946e-05,1.2703513216737035,-2.507697795911713,1.540862701018087,0.007367256011587333,1576658842492204904
7.048445056130946e-05,1.2713985192249002,-2.5074935923892294,1.5388051790689048,0.007367256011587333,1576658842502207994
7.048445056130946e-05,1.272526270433881,-2.507305096830014,1.5367476571197227,0.007367256011587333,1576658842512204885
7.048445056130946e-05,1.2731404920744867,-2.5068652738585118,1.5348892501978808,0.007367256011587333,1576658842522173881
7.048445056130946e-05,1.2741977588329063,-2.50664536237276,1.5338494272773264,0.007367256011587333,1576658842532205104
7.048445056130946e-05,1.274822049680735,-2.506503990703348,1.5332963299791595,0.007367256011587333,1576658842542210102
7.048445056130946e-05,1.2752147487624337,-2.5062840792175973,1.5322565070586047,0.007367256011587333,1576658842552203893
7.048445056130946e-05,1.2758491088174855,-2.5061584155114534,1.5305972151641034,0.007367256011587333,1576658842562203884
7.048445056130946e-05,1.2762216694847381,-2.5060484597685777,1.5294467727839156,0.007367256011587333,1576658842572204113
7.048445056130946e-05,1.2764331228364223,-2.5060013358787745,1.5287166843503346,0.007367256011587333,1576658842582202911
7.048445056130946e-05,1.276584160944768,-2.505938504025702,1.529048542729235,0.007367256011587333,1576658842592204093
7.048445056130946e-05,1.27662443777366,-2.5059542119889704,1.5291370382969418,0.007367256011587333,1576658842602174997
7.048445056130946e-05,1.276664714602552,-2.5059542119889704,1.5285839409987747,0.007367256011587333,1576658842612204074
7.048445056130946e-05,1.276584160944768,-2.5059542119889704,1.5282520826198742,0.007367256011587333,1576658842622203111
7.048445056130946e-05,1.2763424999714148,-2.5059542119889704,1.5286060648907014,0.007367256011587333,1576658842632200956
7.048445056130946e-05,1.2761008389980617,-2.5060484597685777,1.5296237639193289,0.007367256011587333,1576658842642200946
7.048445056130946e-05,1.275748416745255,-2.506205539401258,1.5305308434883234,0.007367256011587333,1576658842652204036
7.048445056130946e-05,1.2752147487624337,-2.5062526632910616,1.5313273035976838,0.007367256011587333,1576658842662204027
7.048445056130946e-05,1.274822049680735,-2.5065354066298844,1.5321680114908982,0.007367256011587333,1576658842672194957
7.048445056130946e-05,1.274157482004014,-2.5066139464462243,1.5334069494387927,0.007367256011587333,1576658842682173013
7.048445056130946e-05,1.2734929143272933,-2.5070066455279227,1.5349777457655878,0.007367256011587333,1576658842692203998
7.048445056130946e-05,1.272747792992788,-2.507289388866746,1.536371550956969,0.007367256011587333,1576658842702203989
7.048445056130946e-05,1.2719926024510597,-2.5074307605361574,1.5375219933371567,0.007367256011587333,1576658842712203025
7.048445056130946e-05,1.2711266506298777,-2.507949123324,1.5384733206900045,0.007367256011587333,1576658842722204923
7.048445056130946e-05,1.2699988994208968,-2.508106202956679,1.539712258637899,0.007367256011587333,1576658842732203960
7.048445056130946e-05,1.269092670770823,-2.5086559816710574,1.5418140283709343,0.007367256011587333,1576658842742208957
7.048445056130946e-05,1.2680656116340723,-2.5090486807527563,1.5439379219958966,0.007367256011587333,1576658842752181053
7.048445056130946e-05,1.2669680680467605,-2.5092214683487035,1.5464379217836124,0.007367256011587333,1576658842762141942
7.048445056130946e-05,1.2656187942788726,-2.509802662989618,1.5490042932471082,0.007367256011587333,1576658842772171020
7.048445056130946e-05,1.2645816659348992,-2.510383857630532,1.5511060629801436,0.007367256011587333,1576658842782170057
7.048445056130946e-05,1.2635143299692564,-2.5107137248591584,1.5530750893616188,0.007367256011587333,1576658842792201995
7.048445056130946e-05,1.2619133260207924,-2.5113734593164128,1.5555529652574083,0.007367256011587333,1576658842802211046
7.048445056130946e-05,1.2606446059106888,-2.511844698214451,1.5585396906675109,0.007367256011587333,1576658842812200069
7.048445056130946e-05,1.2590436019622249,-2.512551556561509,1.5616591594291742,0.007367256011587333,1576658842822200059
7.048445056130946e-05,1.2576137745365525,-2.5131013352758873,1.5639821680814763,0.007367256011587333,1576658842832191944
7.048445056130946e-05,1.2561033934530959,-2.5134469104677817,1.5664600439772656,0.007367256011587333,1576658842842206001
7.048445056130946e-05,1.2545124587118548,-2.514279432520983,1.5697122560904888,0.007367256011587333,1576658842852200031
7.048445056130946e-05,1.2530423544572904,-2.5149077510517017,1.572544114257105,0.007367256011587333,1576658842862201929
7.048445056130946e-05,1.2514514197160496,-2.5154575297660795,1.5753317246398677,0.007367256011587333,1576658842872200012
7.048445056130946e-05,1.249769862109801,-2.516227219966209,1.5786503084288712,0.007367256011587333,1576658842882183074
7.048445056130946e-05,1.2482292734046754,-2.516871246460195,1.5820131400017279,0.007367256011587333,1576658842892215967
7.048445056130946e-05,1.2464772313478656,-2.5177037685133965,1.585530838818071,0.007367256011587333,1576658842902183055
7.048445056130946e-05,1.2446647740477177,-2.518379210933918,1.5884290686604672,0.007367256011587333,1576658842912206888
7.048445056130946e-05,1.2430537008920306,-2.518866157795224,1.5917697763413974,0.007367256011587333,1576658842922211885
7.048445056130946e-05,1.2414124201146743,-2.5197929276280333,1.5956857052124214,0.007367256011587333,1576658842932173013
7.048445056130946e-05,1.2396503088506416,-2.5206725735710385,1.5988715456498648,0.007367256011587333,1576658842942203044
7.048445056130946e-05,1.2380090280732854,-2.5212851841384882,1.6022343772227214,0.007367256011587333,1576658842952200889
7.048445056130946e-05,1.2361260863225763,-2.5222904937876374,1.6060618105260382,0.007367256011587333,1576658842962201118
7.048445056130946e-05,1.2345552899957812,-2.523060183987767,1.6094246420988951,0.007367256011587333,1576658842972210884
7.048445056130946e-05,1.2327226942811873,-2.5237199184450203,1.6130087125910186,0.007367256011587333,1576658842982172966
7.048445056130946e-05,1.2309807214316006,-2.5246309803145617,1.6165706591912157,0.007367256011587333,1576658842992207050
7.048445056130946e-05,1.22925888699646,-2.525416378477959,1.6200662341156324,0.007367256011587333,1576658843002211093
7.048445056130946e-05,1.2275370525613194,-2.526468812016912,1.624004286878583,0.007367256011587333,1576658843012209892
7.048445056130946e-05,1.2257145260539484,-2.527301334070113,1.627477737911073,0.007367256011587333,1576658843022219896
7.048445056130946e-05,1.2236604077804474,-2.527976776490635,1.6313272951063167,0.007367256011587333,1576658843032213926
7.048445056130946e-05,1.2220594038319834,-2.5290606259561232,1.634933489490367,0.007367256011587333,1576658843042221069
7.048445056130946e-05,1.2204583998835192,-2.5299402718991284,1.6385396838744173,0.007367256011587333,1576658843052211999
7.048445056130946e-05,1.218545250511141,-2.530631422282918,1.6422786216100276,0.007367256011587333,1576658843062210083
7.048445056130946e-05,1.216712654796547,-2.531730979711675,1.6457299487505912,0.007367256011587333,1576658843072210073
7.048445056130946e-05,1.2152123429203134,-2.5326106256546796,1.6495352581619813,0.007367256011587333,1576658843082210063
7.048445056130946e-05,1.2136012697646261,-2.533584519377293,1.6533848153572255,0.007367256011587333,1576658843092200994
7.048445056130946e-05,1.2118089508789243,-2.5344013334672257,1.6569467619574225,0.007367256011587333,1576658843102188110
7.048445056130946e-05,1.2100065627859995,-2.5354066431163744,1.660796319152666,0.007367256011587333,1576658843112205982
7.048445056130946e-05,1.2084156280447584,-2.5363805368389873,1.664203398509376,0.007367256011587333,1576658843122205018
7.048445056130946e-05,1.206744139645733,-2.537087395186045,1.6675883539741596,0.007367256011587333,1576658843132221937
7.048445056130946e-05,1.2050424436250389,-2.5381398287249977,1.6715706545209637,0.007367256011587333,1576658843142209053
7.048445056130946e-05,1.203481716505467,-2.539380757823166,1.675088353337307,0.007367256011587333,1576658843152178049
7.048445056130946e-05,1.2018706433497797,-2.5400876161702235,1.6785839282617239,0.007367256011587333,1576658843162173032
7.048445056130946e-05,1.2003099162302078,-2.5410143860030323,1.6825219810246745,0.007367256011587333,1576658843172204971
7.048445056130946e-05,1.1986787046600746,-2.542082527505253,1.685752069245971,0.007367256011587333,1576658843182204961
7.048445056130946e-05,1.1969870778466034,-2.542962173448258,1.6892697680623145,0.007367256011587333,1576658843192209959
7.048445056130946e-05,1.1955069043848159,-2.543888943281067,1.6928095907705845,0.007367256011587333,1576658843202177047
7.048445056130946e-05,1.1943086687252735,-2.54478429718734,1.6961945462353683,0.007367256011587333,1576658843212193965
7.048445056130946e-05,1.192828495263486,-2.545836730726293,1.699535253916298,0.007367256011587333,1576658843222213029
7.048445056130946e-05,1.191207352900576,-2.546637836852958,1.702942333273008,0.007367256011587333,1576658843232208967
7.048445056130946e-05,1.190069532484372,-2.547376111126552,1.7062166692781577,0.007367256011587333,1576658843242209911
7.048445056130946e-05,1.18874039713093,-2.548569916334916,1.7095131291752346,0.007367256011587333,1576658843252207040
7.048445056130946e-05,1.1870890471463509,-2.549418146351385,1.7124777306934107,0.007367256011587333,1576658843262208938
7.048445056130946e-05,1.1859411575229237,-2.550062172845371,1.7161502967532412,0.007367256011587333,1576658843272207975
7.048445056130946e-05,1.1845415377189206,-2.5511303143475916,1.719026402703711,0.007367256011587333,1576658843282179117
7.048445056130946e-05,1.1829808105993487,-2.5520727921436683,1.72176976530262,0.007367256011587333,1576658843292212963
7.048445056130946e-05,1.1819940282914905,-2.55282677438053,1.725331711902817,0.007367256011587333,1576658843302203893
7.048445056130946e-05,1.1807957926319483,-2.5539106238460185,1.7282078178532865,0.007367256011587333,1576658843312210083
7.048445056130946e-05,1.1795371417290677,-2.55466460608288,1.730752065424856,0.007367256011587333,1576658843322196960
7.048445056130946e-05,1.1783086984478564,-2.5552772166503304,1.7335617996995454,0.007367256011587333,1576658843332206010
7.048445056130946e-05,1.1769896323016376,-2.556235402409675,1.7363051622984547,0.007367256011587333,1576658843342209100
7.048445056130946e-05,1.176214303345463,-2.5570522164996086,1.7393582593843375,0.007367256011587333,1576658843352176904
7.048445056130946e-05,1.1750462753075899,-2.5579318624426133,1.7416370202527867,0.007367256011587333,1576658843362221956
7.048445056130946e-05,1.1740997698286237,-2.558591596899867,1.7440042766889423,0.007367256011587333,1576658843372210979
7.048445056130946e-05,1.1731734027641036,-2.559235623393853,1.7471016215586788,0.007367256011587333,1576658843382208108
7.048445056130946e-05,1.1719348902756694,-2.560225225079734,1.7494688779948344,0.007367256011587333,1576658843392208099
7.048445056130946e-05,1.1712703225989485,-2.5609163754635236,1.7515485238359432,0.007367256011587333,1576658843402204990
7.048445056130946e-05,1.1702835402910903,-2.561419030288098,1.7534733024335651,0.007367256011587333,1576658843412203073
7.048445056130946e-05,1.1695082113349156,-2.5622044284514955,1.7554644527069667,0.007367256011587333,1576658843422205924
7.048445056130946e-05,1.1688134360365257,-2.5629269947618214,1.7582078153058767,0.007367256011587333,1576658843432204961
7.048445056130946e-05,1.1678769997647824,-2.56331969384352,1.7601768416873516,0.007367256011587333,1576658843442207098
7.048445056130946e-05,1.1671922936736154,-2.5639008884844343,1.7617476380141468,0.007367256011587333,1576658843452203989
7.048445056130946e-05,1.1667089717269095,-2.564529207015152,1.7627874609347007,0.007367256011587333,1576658843462203025
7.048445056130946e-05,1.1658027430768354,-2.56515752554587,1.7640485227745222,0.007367256011587333,1576658843472203969
7.048445056130946e-05,1.1651079677784453,-2.5655502246275685,1.766194540291411,0.007367256011587333,1576658843482202053
7.048445056130946e-05,1.1649770680845457,-2.565990047599071,1.7689821506741739,0.007367256011587333,1576658843492206096
7.048445056130946e-05,1.164090977848918,-2.5664927024236457,1.7705529470009687,0.007367256011587333,1576658843502202987
7.048445056130946e-05,1.163658001938327,-2.566901109468612,1.7706635664606023,0.007367256011587333,1576658843512207984
7.048445056130946e-05,1.1634666870010892,-2.567199560770703,1.7706635664606023,0.007367256011587333,1576658843522203922
7.048445056130946e-05,1.16297329584716,-2.56760796781567,1.7715485221376697,0.007367256011587333,1576658843532202005
7.048445056130946e-05,1.1626208735943533,-2.567906419117761,1.7733626812756584,0.007367256011587333,1576658843542207956
7.048445056130946e-05,1.1623590742065542,-2.5680949146769763,1.7750440970620864,0.007367256011587333,1576658843552206039
7.048445056130946e-05,1.1621073440259784,-2.568267702272924,1.7761060438745675,0.007367256011587333,1576658843562191963
7.048445056130946e-05,1.1619361675031863,-2.568424781905603,1.7759954244149345,0.007367256011587333,1576658843572213888
7.048445056130946e-05,1.1618153370165099,-2.5685818615382825,1.7755971943602538,0.007367256011587333,1576658843582179069
7.048445056130946e-05,1.1617851293948407,-2.568691817281158,1.7762609111180545,0.007367256011587333,1576658843592211008
7.048445056130946e-05,1.1617045757370563,-2.568691817281158,1.7770573712274151,0.007367256011587333,1576658843602206945
7.048445056130946e-05,1.1616844373226103,-2.568660401354623,1.7769688756597086,0.007367256011587333,1576658843612205028
7.048445056130946e-05,1.1617851293948407,-2.568691817281158,1.7761945394422745,0.007367256011587333,1576658843622210979
7.048445056130946e-05,1.1618354754309559,-2.5684561978321394,1.7758184332795204,0.007367256011587333,1576658843632174968
7.048445056130946e-05,1.162077136404309,-2.568424781905603,1.7761502916584209,0.007367256011587333,1576658843642205953
7.048445056130946e-05,1.1621476208548704,-2.5681106226402446,1.7759954244149345,0.007367256011587333,1576658843652209997
7.048445056130946e-05,1.1625000431076769,-2.5680320828239047,1.7751768404136465,0.007367256011587333,1576658843662209987
7.048445056130946e-05,1.1628423961532603,-2.5675294279993306,1.7737609113303385,0.007367256011587333,1576658843672204017
7.048445056130946e-05,1.1631746799916207,-2.567340932440115,1.7723671061389572,0.007367256011587333,1576658843682204008
7.048445056130946e-05,1.1635573098660965,-2.5669325253951483,1.7711502920829891,0.007367256011587333,1576658843692199945
7.048445056130946e-05,1.1641916699211483,-2.5664298705705737,1.7702874602978484,0.007367256011587333,1576658843702207088
7.048445056130946e-05,1.1645138845522855,-2.566100003341947,1.7694467524046342,0.007367256011587333,1576658843712210893
7.048445056130946e-05,1.1652187290578988,-2.5653303131418173,1.7680308233213262,0.007367256011587333,1576658843722210884
7.048445056130946e-05,1.1657826046623894,-2.5648119503539752,1.7664379031026045,0.007367256011587333,1576658843732189893
7.048445056130946e-05,1.1662558574018724,-2.564340711455937,1.764756487316176,0.007367256011587333,1576658843742180109
7.048445056130946e-05,1.1672426397097306,-2.5634296495863955,1.7627432131508476,0.007367256011587333,1576658843752213001
7.048445056130946e-05,1.1678769997647824,-2.5628327469822136,1.7608184345532258,0.007367256011587333,1576658843762237071
7.048445056130946e-05,1.1686120518920649,-2.5619845169657443,1.7580971958462428,0.007367256011587333,1576658843772212028
7.048445056130946e-05,1.1696592494432614,-2.5611362869492753,1.7557299394100874,0.007367256011587333,1576658843782212972
7.048445056130946e-05,1.1702835402910903,-2.5603351808226096,1.7534954263254918,0.007367256011587333,1576658843792213916
7.048445056130946e-05,1.1712300457700562,-2.559235623393853,1.7513051610247496,0.007367256011587333,1576658843802170038
7.048445056130946e-05,1.1724182122223756,-2.5582774376345085,1.749070647940154,0.007367256011587333,1576658843812182903
7.048445056130946e-05,1.1733345100796724,-2.5571464642792163,1.7455750730157373,0.007367256011587333,1576658843822212934
7.048445056130946e-05,1.1744219844597614,-2.5560311988871915,1.7425662237137076,0.007367256011587333,1576658843832211971
7.048445056130946e-05,1.1755195280470732,-2.554994473311507,1.739712241655165,0.007367256011587333,1576658843842207908
7.048445056130946e-05,1.1765566563910466,-2.553784960139875,1.736415781758088,0.007367256011587333,1576658843852205038
7.048445056130946e-05,1.1780771066817264,-2.552418367335563,1.7331856935367917,0.007367256011587333,1576658843862210035
7.048445056130946e-05,1.1789732661245773,-2.5514601815762186,1.7300883486670553,0.007367256011587333,1576658843872210979
7.048445056130946e-05,1.1801916401985655,-2.5499522171024953,1.7263272870395179,0.007367256011587333,1576658843882205963
7.048445056130946e-05,1.1818329209759217,-2.5484128367022363,1.7229644554666614,0.007367256011587333,1576658843892204999
7.048445056130946e-05,1.1829103261487874,-2.5471876155673363,1.7187387921086636,0.007367256011587333,1576658843902209997
7.048445056130946e-05,1.1840783541866606,-2.545821022763025,1.715375960535807,0.007367256011587333,1576658843912230968
7.048445056130946e-05,1.1856793581351246,-2.54432876625257,1.71148215555671,0.007367256011587333,1576658843922211885
7.048445056130946e-05,1.1873206389124809,-2.542616598256363,1.7073892355502727,0.007367256011587333,1576658843932202100
7.048445056130946e-05,1.1888310199959375,-2.540998678039764,1.703583926138882,0.007367256011587333,1576658843942203044
7.048445056130946e-05,1.189868148339911,-2.539333633933362,1.6994246344566646,0.007367256011587333,1576658843952202081
7.048445056130946e-05,1.191227491315022,-2.5376057579738878,1.694800741043987,0.007367256011587333,1576658843962173938
7.048445056130946e-05,1.1931507098946237,-2.5363805368389873,1.6906856971456226,0.007367256011587333,1576658843972218990
7.048445056130946e-05,1.1945201220769575,-2.534935404218336,1.685973308165238,0.007367256011587333,1576658843982204914
7.048445056130946e-05,1.1956982193220538,-2.5327519973240915,1.6816812731314603,0.007367256011587333,1576658843992204904
7.048445056130946e-05,1.1975408842438706,-2.5308670417319377,1.6772564947461226,0.007367256011587333,1576658844002201080
7.048445056130946e-05,1.1993432723367956,-2.5291077498459273,1.6724998579818846,0.007367256011587333,1576658844012208938
7.048445056130946e-05,1.2008536534202523,-2.527301334070113,1.6680750795965467,0.007367256011587333,1576658844022203922
7.048445056130946e-05,1.2020116122509024,-2.525494918294299,1.663495433967722,0.007367256011587333,1576658844032207965
7.048445056130946e-05,1.203511924127136,-2.5234528830694654,1.658252071581097,0.007367256011587333,1576658844042208909
7.048445056130946e-05,1.2054049350850682,-2.5215679274773115,1.6534954348168591,0.007367256011587333,1576658844052207946
7.048445056130946e-05,1.206693793609618,-2.5194787683626747,1.648296320214087,0.007367256011587333,1576658844062206983
7.048445056130946e-05,1.2081336902425133,-2.5174210251745732,1.6437830462610428,0.007367256011587333,1576658844072213888
7.048445056130946e-05,1.2100267012004455,-2.5156617332885625,1.6392697723079979,0.007367256011587333,1576658844082206010
7.048445056130946e-05,1.2118190200861476,-2.5138081936229444,1.634026409921373,0.007367256011587333,1576658844092211008
7.048445056130946e-05,1.212836010015675,-2.5119546539573268,1.6293582687248418,0.007367256011587333,1576658844102209091
7.048445056130946e-05,1.214185283783563,-2.5101168222549766,1.624844994771797,0.007367256011587333,1576658844112206935
7.048445056130946e-05,1.2162494712642868,-2.5080590790668755,1.6193803934659048,0.007367256011587333,1576658844122210979
7.048445056130946e-05,1.2172664611938144,-2.506079875695114,1.6150441106482738,0.007367256011587333,1576658844132184982
7.048445056130946e-05,1.2187164270339328,-2.5037550971314575,1.6098228721535752,0.007367256011587333,1576658844142204046
7.048445056130946e-05,1.2205389535413038,-2.501917265429107,1.6048228725781437,0.007367256011587333,1576658844152203083
7.048445056130946e-05,1.2216868431647308,-2.5000951416900254,1.5999113685704187,0.007367256011587333,1576658844162205934
7.048445056130946e-05,1.2230965321759568,-2.4980531064651923,1.5945573867241603,0.007367256011587333,1576658844172209024
7.048445056130946e-05,1.224516290394406,-2.4960424871668945,1.5897786260679954,0.007367256011587333,1576658844182204008
7.048445056130946e-05,1.2260166022706398,-2.493906204162453,1.5846458831410037,0.007367256011587333,1576658844192208051
7.048445056130946e-05,1.2271745611012896,-2.492099788386639,1.5801547330798862,0.007367256011587333,1576658844202213048
7.048445056130946e-05,1.2282418970669327,-2.4903562044638967,1.5758184502622548,0.007367256011587333,1576658844212208032
7.048445056130946e-05,1.2296213784564898,-2.4882984612757957,1.571283052417284,0.007367256011587333,1576658844222208976
7.048445056130946e-05,1.2310411366749388,-2.486303549940766,1.5669688934915793,0.007367256011587333,1576658844232208013
7.048445056130946e-05,1.2318668116672284,-2.48451284212822,1.5626989823497286,0.007367256011587333,1576658844242177963
7.048445056130946e-05,1.2331456009845552,-2.4825336387564585,1.5582299561805375,0.007367256011587333,1576658844252207994
7.048445056130946e-05,1.2343740442657665,-2.4809000105765917,1.55407066449832,0.007367256011587333,1576658844262212991
7.048445056130946e-05,1.2353205497447328,-2.4791407186905814,1.549513142761422,0.007367256011587333,1576658844272209882
7.048445056130946e-05,1.236307332052591,-2.4772557630984275,1.5455529661065448,0.007367256011587333,1576658844282217025
7.048445056130946e-05,1.2373343911893415,-2.4754022234328095,1.5417476566951542,0.007367256011587333,1576658844292176008
7.048445056130946e-05,1.2382104122177462,-2.474114170444838,1.5378096039322038,0.007367256011587333,1576658844302206993
7.048445056130946e-05,1.2391770561111586,-2.4727318696772587,1.5338494272773264,0.007367256011587333,1576658844312206983
7.048445056130946e-05,1.239972523481779,-2.470469922966674,1.5299334984063027,0.007367256011587333,1576658844322206974
7.048445056130946e-05,1.2408586137174071,-2.4688677107133428,1.5266149146172994,0.007367256011587333,1576658844332205057
7.048445056130946e-05,1.2415332506013508,-2.4677053214315143,1.5232078352605893,0.007367256011587333,1576658844342200994
7.048445056130946e-05,1.2422683027286332,-2.4661659410312557,1.5196901364442457,0.007367256011587333,1576658844352204084
7.048445056130946e-05,1.2430335624775846,-2.464469480998317,1.5167697827099231,0.007367256011587333,1576658844362205982
7.048445056130946e-05,1.2434363307665064,-2.4633385076430248,1.5136724378401865,0.007367256011587333,1576658844372201919
7.048445056130946e-05,1.2443929054526954,-2.462081870581589,1.5104423496188901,0.007367256011587333,1576658844382204055
7.048445056130946e-05,1.2449265734355168,-2.4603539946221145,1.5078538542634674,0.007367256011587333,1576658844392206907
7.048445056130946e-05,1.2451279575799776,-2.459175897377018,1.505176863340338,0.007367256011587333,1576658844402204036
7.048445056130946e-05,1.2459939094011594,-2.45801350809519,1.5026768635526222,0.007367256011587333,1576658844412177085
7.048445056130946e-05,1.2462758472034048,-2.4569610745562374,1.5004423504680264,0.007367256011587333,1576658844422156095
7.048445056130946e-05,1.2465175081767577,-2.4557201454580695,1.4983848285188446,0.007367256011587333,1576658844432202100
7.048445056130946e-05,1.247041106952356,-2.4545891721027773,1.4966149171647096,0.007367256011587333,1576658844442202091
7.048445056130946e-05,1.2472928371329322,-2.453835189865916,1.4944910235397473,0.007367256011587333,1576658844452200889
7.048445056130946e-05,1.247675467007408,-2.452767048363695,1.4920352715358849,0.007367256011587333,1576658844462202072
7.048445056130946e-05,1.2479171279807608,-2.4517617387145463,1.490243236289823,0.007367256011587333,1576658844472202062
7.048445056130946e-05,1.248158788954114,-2.4510705883307566,1.489314032828902,0.007367256011587333,1576658844482206106
7.048445056130946e-05,1.2483198962696826,-2.4502223583142873,1.4888051833145883,0.007367256011587333,1576658844492218971
7.048445056130946e-05,1.248400449927467,-2.4495783318203013,1.4875883692586205,0.007367256011587333,1576658844502207040
7.048445056130946e-05,1.2486924569369353,-2.4490442610691914,1.4856635906609985,0.007367256011587333,1576658844512203931
7.048445056130946e-05,1.2487226645586045,-2.4482745708690614,1.48384943152301,0.007367256011587333,1576658844522203922
7.048445056130946e-05,1.2488636334597272,-2.4477405001179515,1.482566245791262,0.007367256011587333,1576658844532207965
7.048445056130946e-05,1.2490247407752957,-2.4475048806689323,1.4826326174670421,0.007367256011587333,1576658844542210102
7.048445056130946e-05,1.2490247407752957,-2.447159305477037,1.4826104935751154,0.007367256011587333,1576658844552206993
7.048445056130946e-05,1.2490348099825188,-2.4467980223218744,1.4818140334657546,0.007367256011587333,1576658844562208890
7.048445056130946e-05,1.249054948396965,-2.4464367391667117,1.480796334437127,0.007367256011587333,1576658844572206974
7.048445056130946e-05,1.249095225225857,-2.4462482436074966,1.4804644760582266,0.007367256011587333,1576658844582206964
7.048445056130946e-05,1.2491052944330803,-2.446153995827889,1.4811060689241007,0.007367256011587333,1576658844592211008
7.048445056130946e-05,1.2491052944330803,-2.4461068719380847,1.481283060059514,0.007367256011587333,1576658844602164983
7.048445056130946e-05,1.2491153636403032,-2.446153995827889,1.4806193433017136,0.007367256011587333,1576658844612215042
7.048445056130946e-05,1.2491254328475263,-2.4462639515707645,1.4803538565985934,0.007367256011587333,1576658844622179031
7.048445056130946e-05,1.2491254328475263,-2.4462168276809604,1.4809512016806137,0.007367256011587333,1576658844632209062
7.048445056130946e-05,1.2491254328475263,-2.4466880665789987,1.481592794546488,0.007367256011587333,1576658844642216920
7.048445056130946e-05,1.2491254328475263,-2.4467980223218744,1.4814600511949276,0.007367256011587333,1576658844652205944
7.048445056130946e-05,1.2491254328475263,-2.4471907214035733,1.4815485467626344,0.007367256011587333,1576658844662204980
7.048445056130946e-05,1.2491355020547492,-2.447552004558736,1.4821458918446548,0.007367256011587333,1576658844672215938
7.048445056130946e-05,1.2491355020547492,-2.447881871787363,1.4828759802782356,0.007367256011587333,1576658844682202100
7.048445056130946e-05,1.2491355020547492,-2.448494482354813,1.483362705900623,0.007367256011587333,1576658844692245960
7.048445056130946e-05,1.2492261249197565,-2.449075676995727,1.4837388120633765,0.007367256011587333,1576658844702171087
7.048445056130946e-05,1.2492865401630948,-2.4495940397835696,1.4844910243888843,0.007367256011587333,1576658844712199926
7.048445056130946e-05,1.2493670938208794,-2.4504736857265748,1.4854202278498052,0.007367256011587333,1576658844722203969
7.048445056130946e-05,1.2494879243075558,-2.451039172404221,1.4864379268784325,0.007367256011587333,1576658844732203960
7.048445056130946e-05,1.2495785471725631,-2.4517931546410825,1.4874998736909137,0.007367256011587333,1576658844742202997
7.048445056130946e-05,1.2498000697314702,-2.452751340400427,1.4885175727195414,0.007367256011587333,1576658844752177000
7.048445056130946e-05,1.2499007618037006,-2.4535053226372887,1.4895573956400958,0.007367256011587333,1576658844762226104
7.048445056130946e-05,1.2501222843626076,-2.4544949243231695,1.4903759796413831,0.007367256011587333,1576658844772209882
7.048445056130946e-05,1.2503337377142916,-2.4556416056417296,1.4910175725072574,0.007367256011587333,1576658844782205104
7.048445056130946e-05,1.2505955371020907,-2.4565683754745384,1.492234386563225,0.007367256011587333,1576658844792210102
7.048445056130946e-05,1.2508371980754438,-2.4576365169767596,1.4934069528353395,0.007367256011587333,1576658844802226066
7.048445056130946e-05,1.2510889282560198,-2.4590502336708746,1.494225536836627,0.007367256011587333,1576658844812216043
7.048445056130946e-05,1.2514111428871575,-2.4600398353567554,1.4945795191074542,0.007367256011587333,1576658844822227001
7.048445056130946e-05,1.2517937727616328,-2.461202224638584,1.4953096075410346,0.007367256011587333,1576658844832216978
7.048445056130946e-05,1.2521260565999934,-2.4626316492959672,1.4966591649485628,0.007367256011587333,1576658844842206954
7.048445056130946e-05,1.2526295169611457,-2.4642338615492974,1.498274209059211,0.007367256011587333,1576658844852205991
7.048445056130946e-05,1.252981939213952,-2.4656947021332174,1.4997565098182992,0.007367256011587333,1576658844862207889
7.048445056130946e-05,1.2534954687823274,-2.466857091415045,1.5011281911177539,0.007367256011587333,1576658844872209072
7.048445056130946e-05,1.253837821827911,-2.468019480696874,1.5016812884159212,0.007367256011587333,1576658844882201910
7.048445056130946e-05,1.2544822510901856,-2.469715940729812,1.502190137930235,0.007367256011587333,1576658844892208099
7.048445056130946e-05,1.2550259882802302,-2.471600896321966,1.5035396953377629,0.007367256011587333,1576658844902209043
7.048445056130946e-05,1.2556301407136128,-2.473061736905885,1.504889252745291,0.007367256011587333,1576658844912226915
7.048445056130946e-05,1.2561839471108802,-2.4746011173061446,1.5055087217192384,0.007367256011587333,1576658844922162055
7.048445056130946e-05,1.2567780303370397,-2.4763447012288866,1.5055529695030916,0.007367256011587333,1576658844932208061
7.048445056130946e-05,1.2575432900859913,-2.4780725771883607,1.5062609340447457,0.007367256011587333,1576658844942212104
7.048445056130946e-05,1.2581273041049277,-2.4801146124131943,1.5077653586957604,0.007367256011587333,1576658844952208995
7.048445056130946e-05,1.258842217817764,-2.48190532022574,1.5091812877790687,0.007367256011587333,1576658844962194919
7.048445056130946e-05,1.2595369931161537,-2.4836331961852145,1.5103317301592565,0.007367256011587333,1576658844972218990
7.048445056130946e-05,1.2602116300000978,-2.4852668243650817,1.5109733230251305,0.007367256011587333,1576658844982213973
7.048445056130946e-05,1.2611984123079563,-2.4869318684714843,1.511238809728251,0.007367256011587333,1576658844992192983
7.048445056130946e-05,1.2618629799846772,-2.488911071843246,1.5117919070264179,0.007367256011587333,1576658845002201080
7.048445056130946e-05,1.262487270832506,-2.4910787707742226,1.513075092758166,0.007367256011587333,1576658845012212991
7.048445056130946e-05,1.2634639839331412,-2.492900894513305,1.5141591634625735,0.007367256011587333,1576658845022178888
7.048445056130946e-05,1.264299728132654,-2.4948172660319945,1.5144246501656937,0.007367256011587333,1576658845032207965
7.048445056130946e-05,1.265024711052713,-2.4966393897710764,1.5141149156787204,0.007367256011587333,1576658845042208909
7.048445056130946e-05,1.2658906628738946,-2.498869920555125,1.5145131457334007,0.007367256011587333,1576658845052211046
7.048445056130946e-05,1.2668975835961993,-2.501084743375906,1.5155972164378082,0.007367256011587333,1576658845062211036
7.048445056130946e-05,1.2677031201740427,-2.5031896104538114,1.5162166854117556,0.007367256011587333,1576658845072212934
7.048445056130946e-05,1.2684784491302172,-2.505137397899037,1.5160175703844154,0.007367256011587333,1576658845082211017
7.048445056130946e-05,1.2694753006452986,-2.5072108490504066,1.5161503137359755,0.007367256011587333,1576658845092210054
7.048445056130946e-05,1.2703211140520343,-2.509190052422168,1.516703411034143,0.007367256011587333,1576658845102221965
7.048445056130946e-05,1.2712575503237773,-2.511310627463341,1.51732288000809,0.007367256011587333,1576658845112215042
7.048445056130946e-05,1.272334955496643,-2.5133055387983707,1.5176989861708436,0.007367256011587333,1576658845122210025
7.048445056130946e-05,1.2731908381106019,-2.5157088571783666,1.517544118927357,0.007367256011587333,1576658845132206916
7.048445056130946e-05,1.2737849213367614,-2.5178137242562717,1.5175219950354304,0.007367256011587333,1576658845142209053
7.048445056130946e-05,1.2747918420590658,-2.5196672639218898,1.5178981011981838,0.007367256011587333,1576658845152201890
7.048445056130946e-05,1.2759296624752698,-2.5216307593303835,1.5180087206578174,0.007367256011587333,1576658845162206888
7.048445056130946e-05,1.2763827768003069,-2.5237042104817524,1.5177874817385504,0.007367256011587333,1576658845172208070
7.048445056130946e-05,1.2773192130720499,-2.525824785522926,1.5177653578466237,0.007367256011587333,1576658845182214021
7.048445056130946e-05,1.278225441722124,-2.5280710242702424,1.5177653578466237,0.007367256011587333,1576658845192219018
7.048445056130946e-05,1.2789705630566293,-2.530050227642004,1.5177874817385504,0.007367256011587333,1576658845202178001
7.048445056130946e-05,1.2797458920128038,-2.5322022186097133,1.5177432339546972,0.007367256011587333,1576658845212208986
7.048445056130946e-05,1.2806722590773238,-2.5342442538345464,1.5177211100627703,0.007367256011587333,1576658845222209930
7.048445056130946e-05,1.2813569651684906,-2.536254873132844,1.5174113755757968,0.007367256011587333,1576658845232177019
7.048445056130946e-05,1.2819208407729812,-2.538328324284213,1.5170352694130431,0.007367256011587333,1576658845242194890
7.048445056130946e-05,1.2829378307025088,-2.5400876161702235,1.5169688977372628,0.007367256011587333,1576658845252212047
7.048445056130946e-05,1.28347149868533,-2.542082527505253,1.5169246499534095,0.007367256011587333,1576658845262204885
7.048445056130946e-05,1.2842770352631736,-2.544281642362766,1.5165042960068027,0.007367256011587333,1576658845272206068
7.048445056130946e-05,1.2848912569037794,-2.546245137771259,1.515752083681295,0.007367256011587333,1576658845282206058
7.048445056130946e-05,1.2854148556793774,-2.548240049106289,1.5155087208701017,0.007367256011587333,1576658845292207956
7.048445056130946e-05,1.2861901846355521,-2.550046464882103,1.5158184553570753,0.007367256011587333,1576658845302211999
7.048445056130946e-05,1.286623160546143,-2.551727216951774,1.515464473086248,0.007367256011587333,1576658845312210083
7.048445056130946e-05,1.287096413285626,-2.553612172543928,1.5146016413011072,0.007367256011587333,1576658845322211980
7.048445056130946e-05,1.2879220882779154,-2.5554814201728138,1.5141370395706468,0.007367256011587333,1576658845332206964
7.048445056130946e-05,1.2882644413234992,-2.5568480129771247,1.5142034112464269,0.007367256011587333,1576658845342212915
7.048445056130946e-05,1.288677278819644,-2.5584816411569915,1.5141149156787204,0.007367256011587333,1576658845352219104
7.048445056130946e-05,1.2891807391807963,-2.5603980126756816,1.5136503139482598,0.007367256011587333,1576658845362219095
7.048445056130946e-05,1.2895532998480486,-2.561953101039208,1.5128317299469722,0.007367256011587333,1576658845372209072
7.048445056130946e-05,1.2899258605153014,-2.56331969384352,1.5122343848649515,0.007367256011587333,1576658845382214069
7.048445056130946e-05,1.2902682135608847,-2.5650475698029944,1.5123007565407316,0.007367256011587333,1576658845392204046
7.048445056130946e-05,1.2905602205703532,-2.5668382776155405,1.512212260973025,0.007367256011587333,1576658845402198076
7.048445056130946e-05,1.2909428504448288,-2.5683933659790674,1.511703411458711,0.007367256011587333,1576658845412209033
7.048445056130946e-05,1.2911643730037359,-2.5694143835914844,1.510929075241277,0.007367256011587333,1576658845422205924
7.048445056130946e-05,1.2913154111120815,-2.570639604726384,1.5102874823754031,0.007367256011587333,1576658845432215929
7.048445056130946e-05,1.291617487328773,-2.5721161532735715,1.5104423496188901,0.007367256011587333,1576658845442217111
7.048445056130946e-05,1.2917785946443414,-2.5732785425553995,1.5103538540511832,0.007367256011587333,1576658845452204942
7.048445056130946e-05,1.2919296327526872,-2.5742053123882083,1.5097786328610892,0.007367256011587333,1576658845462208032
7.048445056130946e-05,1.2920303248249174,-2.575367701670037,1.509004296643655,0.007367256011587333,1576658845472203969
7.048445056130946e-05,1.2922317089693784,-2.5763730113191854,1.5083405798858547,0.007367256011587333,1576658845482207059
7.048445056130946e-05,1.2922317089693784,-2.577142701519315,1.508296332102001,0.007367256011587333,1576658845492211103
7.048445056130946e-05,1.2923324010416088,-2.5782893828378755,1.5083405798858547,0.007367256011587333,1576658845502240896
7.048445056130946e-05,1.2925136467716236,-2.5791061969278086,1.5080529692908076,0.007367256011587333,1576658845512217998
7.048445056130946e-05,1.2924834391499547,-2.579655975642187,1.5073671286410801,0.007367256011587333,1576658845522216081
7.048445056130946e-05,1.2925035775644007,-2.580237170283101,1.5069688985863996,0.007367256011587333,1576658845532218933
7.048445056130946e-05,1.292523715978847,-2.580896904740355,1.5071680136137398,0.007367256011587333,1576658845542227029
7.048445056130946e-05,1.2925337851860699,-2.5813681436383935,1.5071901375056667,0.007367256011587333,1576658845552227020
7.048445056130946e-05,1.2925337851860699,-2.58169801086702,1.506814031342913,0.007367256011587333,1576658845562190055
7.048445056130946e-05,1.292543854393293,-2.582153541801791,1.506592792423646,0.007367256011587333,1576658845572213888
7.048445056130946e-05,1.2925539236005157,-2.5823106214344707,1.506747659667133,0.007367256011587333,1576658845582227945
7.048445056130946e-05,1.2925539236005157,-2.5824205771773454,1.5067034118832794,0.007367256011587333,1576658845592215061
7.048445056130946e-05,1.2925539236005157,-2.5825305329202215,1.5066149163155729,0.007367256011587333,1576658845602216958
7.048445056130946e-05,1.2925539236005157,-2.5825148249569536,1.506592792423646,0.007367256011587333,1576658845612215995
7.048445056130946e-05,1.2925539236005157,-2.5824362851406137,1.5066149163155729,0.007367256011587333,1576658845622205018
7.048445056130946e-05,1.2925539236005157,-2.5822163736548625,1.5066149163155729,0.007367256011587333,1576658845632220029
7.048445056130946e-05,1.2925539236005157,-2.582106417911987,1.506747659667133,0.007367256011587333,1576658845642211914
7.048445056130946e-05,1.292563992807739,-2.581540931234341,1.506880403018693,0.007367256011587333,1576658845652211904
7.048445056130946e-05,1.2926646848799692,-2.581148232152642,1.5069467746944731,0.007367256011587333,1576658845662204980
7.048445056130946e-05,1.2927955845738688,-2.5808340728872827,1.5071237658298866,0.007367256011587333,1576658845672210931
7.048445056130946e-05,1.2928358614027613,-2.5800486747238858,1.5073892525330068,0.007367256011587333,1576658845682212114
7.048445056130946e-05,1.2929667610966606,-2.579341816376828,1.507654739236127,0.007367256011587333,1576658845692210912
7.048445056130946e-05,1.2931177992050065,-2.5785721261766987,1.5079644737231006,0.007367256011587333,1576658845702208995
7.048445056130946e-05,1.2932084220700137,-2.5776610643071574,1.5082742082100746,0.007367256011587333,1576658845712212085
7.048445056130946e-05,1.293520567493928,-2.5767657104008843,1.5086503143728283,0.007367256011587333,1576658845722203969
7.048445056130946e-05,1.293711882431166,-2.5756818609353958,1.5088273055082415,0.007367256011587333,1576658845732222080
7.048445056130946e-05,1.293983751026188,-2.5745665955433714,1.509137039995215,0.007367256011587333,1576658845742212057
7.048445056130946e-05,1.2942153427923184,-2.573529869967687,1.5098007567530156,0.007367256011587333,1576658845752211093
7.048445056130946e-05,1.294608041874017,-2.5720533214204995,1.5106635885381565,0.007367256011587333,1576658845762208938
7.048445056130946e-05,1.294910118090708,-2.570718144542724,1.510929075241277,0.007367256011587333,1576658845772207021
7.048445056130946e-05,1.2953934400374143,-2.5690373924730534,1.510929075241277,0.007367256011587333,1576658845782200098
7.048445056130946e-05,1.2958163467407822,-2.567623675778938,1.5113936769717373,0.007367256011587333,1576658845792206048
7.048445056130946e-05,1.2963097378947115,-2.566147127231751,1.5124113760003652,0.007367256011587333,1576658845802205085
7.048445056130946e-05,1.2967326445980794,-2.564356419419205,1.5131857122177992,0.007367256011587333,1576658845812211990
7.048445056130946e-05,1.297407281482023,-2.5624557558637826,1.5132963316774326,0.007367256011587333,1576658845822139978
7.048445056130946e-05,1.2981221951948592,-2.5605865082348966,1.5136060661644064,0.007367256011587333,1576658845832206010
7.048445056130946e-05,1.2985753095198964,-2.558607304863135,1.514557393517254,0.007367256011587333,1576658845842209100
7.048445056130946e-05,1.2995318842060855,-2.5566123935281055,1.5153096058427613,0.007367256011587333,1576658845852210044
7.048445056130946e-05,1.30030721316226,-2.554287614964449,1.515552968653955,0.007367256011587333,1576658845862205028
7.048445056130946e-05,1.3011228189473265,-2.5522769956661517,1.515774207573222,0.007367256011587333,1576658845872208118
7.048445056130946e-05,1.3018578710746087,-2.550156420624979,1.5165042960068027,0.007367256011587333,1576658845882206916
7.048445056130946e-05,1.3027842381391288,-2.5477059783551788,1.5175219950354304,0.007367256011587333,1576658845892214059
7.048445056130946e-05,1.3039421969697786,-2.5453654918282544,1.518384826820571,0.007367256011587333,1576658845902206897
7.048445056130946e-05,1.304697387511507,-2.542993589374794,1.5185839418479112,0.007367256011587333,1576658845912200927
7.048445056130946e-05,1.3059761768288338,-2.5403703595090468,1.5189158002268117,0.007367256011587333,1576658845922209978
7.048445056130946e-05,1.306902543893354,-2.5379827490923184,1.5198671275796591,0.007367256011587333,1576658845932209014
7.048445056130946e-05,1.3080907103456731,-2.5351396077408195,1.5211281894194804,0.007367256011587333,1576658845942181110
7.048445056130946e-05,1.3095104685641223,-2.5326734575077516,1.5220352689884749,0.007367256011587333,1576658845952210903
7.048445056130946e-05,1.310406628006973,-2.5299245639358605,1.5223007556915953,0.007367256011587333,1576658845962212085
7.048445056130946e-05,1.3117256941531918,-2.526924342951682,1.5225441185027886,0.007367256011587333,1576658845972203016
7.048445056130946e-05,1.3134374593811096,-2.524206865306327,1.5232299591525158,0.007367256011587333,1576658845982202053
7.048445056130946e-05,1.3146155566262057,-2.521677883220187,1.5238273042345365,0.007367256011587333,1576658845992201089
7.048445056130946e-05,1.3160957300879934,-2.5188818657584924,1.524424649316557,0.007367256011587333,1576658846002206087
7.048445056130946e-05,1.3177269416581263,-2.515928768664118,1.5250662421824313,0.007367256011587333,1576658846012206077
7.048445056130946e-05,1.3192272535343599,-2.512520140634973,1.5254644722371113,0.007367256011587333,1576658846022208929
7.048445056130946e-05,1.3207275654105937,-2.509425671871187,1.525575091696745,0.007367256011587333,1576658846032177925
7.048445056130946e-05,1.3223990538096189,-2.5065668225564206,1.5259511978594986,0.007367256011587333,1576658846042211055
7.048445056130946e-05,1.3242417187314361,-2.503283858233419,1.5268361535365662,0.007367256011587333,1576658846052211046
7.048445056130946e-05,1.3260944528604763,-2.5003935929921166,1.5273007552670268,0.007367256011587333,1576658846062175989
7.048445056130946e-05,1.3275645571150405,-2.497236292375259,1.5271458880235398,0.007367256011587333,1576658846072206974
7.048445056130946e-05,1.3293468067935192,-2.493969036015525,1.5273892508347333,0.007367256011587333,1576658846082206964
7.048445056130946e-05,1.3311491948864442,-2.4910944787374905,1.528141463160241,0.007367256011587333,1576658846092176914
7.048445056130946e-05,1.3331731055382765,-2.4876544347818097,1.5288715515938216,0.007367256011587333,1576658846102210044
7.048445056130946e-05,1.3349050091806398,-2.484497134164952,1.5289600471615283,0.007367256011587333,1576658846112211942
7.048445056130946e-05,1.3366872588591188,-2.4814026654011663,1.5286724365664814,0.007367256011587333,1576658846122208118
7.048445056130946e-05,1.3389326920698577,-2.4782139488577726,1.528982171053455,0.007367256011587333,1576658846132209062
7.048445056130946e-05,1.3408458414422362,-2.475025232314379,1.5294688966758423,0.007367256011587333,1576658846142219066
7.048445056130946e-05,1.342628091120715,-2.4720878431832722,1.5295131444596954,0.007367256011587333,1576658846152211904
7.048445056130946e-05,1.3446217941508776,-2.4686320912643236,1.5292034099727219,0.007367256011587333,1576658846162214040
7.048445056130946e-05,1.3467161892532709,-2.4656475782434133,1.5291812860807952,0.007367256011587333,1576658846172209024
7.048445056130946e-05,1.3488810688062254,-2.4625216935530916,1.5293582772162087,0.007367256011587333,1576658846182209014
7.048445056130946e-05,1.3507237337280424,-2.459647136275057,1.5294025250000622,0.007367256011587333,1576658846192207098
7.048445056130946e-05,1.3523750837126214,-2.4565683754745384,1.5292034099727219,0.007367256011587333,1576658846202200889
7.048445056130946e-05,1.354550032472799,-2.453379658931145,1.5291812860807952,0.007367256011587333,1576658846212205886
7.048445056130946e-05,1.356815604097984,-2.450457977763307,1.529070666621162,0.007367256011587333,1576658846222210884
7.048445056130946e-05,1.3587891687137006,-2.4477247921546836,1.528694560458408,0.007367256011587333,1576658846232213020
7.048445056130946e-05,1.3607828717438635,-2.4445674915378257,1.5284511976472144,0.007367256011587333,1576658846242208003
7.048445056130946e-05,1.362706090323465,-2.4415672705536475,1.528406949863361,0.007367256011587333,1576658846252203941
7.048445056130946e-05,1.3648306930475271,-2.438739837165417,1.5280308437006072,0.007367256011587333,1576658846262203931
7.048445056130946e-05,1.3668546036993592,-2.4360694834098653,1.5273671269428069,0.007367256011587333,1576658846272211074
7.048445056130946e-05,1.3687476146572914,-2.4333677137277783,1.5266812862930794,0.007367256011587333,1576658846282172918
7.048445056130946e-05,1.3708017329307924,-2.4305402803395473,1.5267476579688595,0.007367256011587333,1576658846292207002
7.048445056130946e-05,1.3728357127898474,-2.4280427141799437,1.5267476579688595,0.007367256011587333,1576658846302201986
7.048445056130946e-05,1.374769000576672,-2.4256236878366795,1.5260839412110587,0.007367256011587333,1576658846312202930
7.048445056130946e-05,1.3767929112285038,-2.4230789977872718,1.5252211094259178,0.007367256011587333,1576658846322170972
7.048445056130946e-05,1.37866578377199,-2.420722803297079,1.5249113749389442,0.007367256011587333,1576658846332201004
7.048445056130946e-05,1.3806292791804835,-2.418288068990547,1.5247565076954575,0.007367256011587333,1576658846342202901
7.048445056130946e-05,1.3822000755072787,-2.4161046620963025,1.524358277640777,0.007367256011587333,1576658846352214097
7.048445056130946e-05,1.3837608026268504,-2.41374846760611,1.5236060653152697,0.007367256011587333,1576658846362207889
7.048445056130946e-05,1.3855631907197754,-2.4115964766384006,1.5226326140704953,0.007367256011587333,1576658846372174978
7.048445056130946e-05,1.387274955947693,-2.409711521046247,1.5219467734207681,0.007367256011587333,1576658846382219076
7.048445056130946e-05,1.3888256138600414,-2.4077166097112173,1.521305180554894,0.007367256011587333,1576658846392206907
7.048445056130946e-05,1.3904366870157285,-2.4058002381925276,1.5207520832567267,0.007367256011587333,1576658846402208089
7.048445056130946e-05,1.392077967793085,-2.4039466985269096,1.5200883664989262,0.007367256011587333,1576658846412208080
7.048445056130946e-05,1.3932762034526271,-2.402595813685866,1.5190485435783718,0.007367256011587333,1576658846422173976
7.048445056130946e-05,1.3946254772205149,-2.4011820969917506,1.518384826820571,0.007367256011587333,1576658846432204961
7.048445056130946e-05,1.39596468178118,-2.399265725473061,1.5176326144950636,0.007367256011587333,1576658846442203998
7.048445056130946e-05,1.3972636095129525,-2.397804884889142,1.5166812871422162,0.007367256011587333,1576658846452210903
7.048445056130946e-05,1.398713575353071,-2.3966424956073134,1.5159069509247822,0.007367256011587333,1576658846462208986
7.048445056130946e-05,1.3995593887598066,-2.3951659470601263,1.5153538536266147,0.007367256011587333,1576658846472177028
7.048445056130946e-05,1.400757624419349,-2.3939878498150304,1.5152653580589077,0.007367256011587333,1576658846482209920
7.048445056130946e-05,1.4017746143488763,-2.3932181596149005,1.5149556235719344,0.007367256011587333,1576658846492212057
7.048445056130946e-05,1.4027110506206195,-2.391930106626929,1.51404854400294,0.007367256011587333,1576658846502207040
7.048445056130946e-05,1.4035467948201321,-2.3910661686471917,1.5133627033532127,0.007367256011587333,1576658846512212038
7.048445056130946e-05,1.404211362496853,-2.390532097896082,1.5128317299469722,0.007367256011587333,1576658846522219896
7.048445056130946e-05,1.405067245110812,-2.389526788246933,1.5123007565407316,0.007367256011587333,1576658846532208919
7.048445056130946e-05,1.4055908438864102,-2.3890241334223585,1.511902526486051,0.007367256011587333,1576658846542208909
7.048445056130946e-05,1.405993612175332,-2.388584310450856,1.5116591636748578,0.007367256011587333,1576658846552206993
7.048445056130946e-05,1.4065977646087147,-2.388113071552817,1.5114379247555907,0.007367256011587333,1576658846562210083
7.048445056130946e-05,1.406869633203737,-2.387893160067066,1.5110839424847637,0.007367256011587333,1576658846572210073
7.048445056130946e-05,1.407121363384313,-2.387500460985367,1.5107078363220101,0.007367256011587333,1576658846582207918
7.048445056130946e-05,1.4072220554565433,-2.3873905052424913,1.5105972168623765,0.007367256011587333,1576658846592206954
7.048445056130946e-05,1.4072623322854354,-2.3873590893159555,1.5105972168623765,0.007367256011587333,1576658846602202892
7.048445056130946e-05,1.4072925399071046,-2.3873433813526876,1.5105529690785233,0.007367256011587333,1576658846612209081
7.048445056130946e-05,1.407201917042097,-2.3874219211690275,1.51057509297045,0.007367256011587333,1576658846622205972
7.048445056130946e-05,1.4070206713120825,-2.3875475848751715,1.5107963318897168,0.007367256011587333,1576658846632206916
7.048445056130946e-05,1.4067790103387297,-2.387908868030334,1.511061818592837,0.007367256011587333,1576658846642127990
7.048445056130946e-05,1.4064870033292611,-2.3880345317364773,1.511238809728251,0.007367256011587333,1576658846652205944
7.048445056130946e-05,1.4058727816886554,-2.3886000184141234,1.5115042964313707,0.007367256011587333,1576658846662204027
7.048445056130946e-05,1.4054498749852875,-2.388867053789679,1.5121680131891715,0.007367256011587333,1576658846672205924
7.048445056130946e-05,1.4047853073085668,-2.3893854165775212,1.513075092758166,0.007367256011587333,1576658846682203054
7.048445056130946e-05,1.403929424694608,-2.390280770483794,1.5137166856240398,0.007367256011587333,1576658846692203998
7.048445056130946e-05,1.4031440265312103,-2.3906891775287606,1.5142255351383536,0.007367256011587333,1576658846702209949
7.048445056130946e-05,1.4024895280617127,-2.3913803279125507,1.5147786324365209,0.007367256011587333,1576658846712203025
7.048445056130946e-05,1.401412122888847,-2.3925113012678434,1.5156414642216618,0.007367256011587333,1576658846722207069
7.048445056130946e-05,1.4001434027787432,-2.393092495908757,1.5168140304937763,0.007367256011587333,1576658846732206106
7.048445056130946e-05,1.3992472433358922,-2.3940820975946377,1.518473322388278,0.007367256011587333,1576658846742214918
7.048445056130946e-05,1.398059076883573,-2.3953387346560735,1.5198892514715858,0.007367256011587333,1576658846752214908
7.048445056130946e-05,1.3966393186651238,-2.3960298850398636,1.5213273044468207,0.007367256011587333,1576658846762208938
7.048445056130946e-05,1.395259837275567,-2.3969723628359403,1.5232078352605893,0.007367256011587333,1576658846772224903
7.048445056130946e-05,1.3936890409487719,-2.3983075397137164,1.5250219943985777,0.007367256011587333,1576658846782190084
7.048445056130946e-05,1.3922894211447687,-2.3993913891792045,1.5268804013204196,0.007367256011587333,1576658846792215108
7.048445056130946e-05,1.3904971022590669,-2.400663734203908,1.5282963304037274,0.007367256011587333,1576658846802212953
7.048445056130946e-05,1.388684644958919,-2.402046034971488,1.5296680117031825,0.007367256011587333,1576658846812211036
7.048445056130946e-05,1.3868319108298788,-2.4031455924002443,1.531814029220071,0.007367256011587333,1576658846822208881
7.048445056130946e-05,1.3851906300525227,-2.4043708135351447,1.5344688962512738,0.007367256011587333,1576658846832207918
7.048445056130946e-05,1.3832976190945903,-2.4058944859721354,1.5375883650129367,0.007367256011587333,1576658846842189073
7.048445056130946e-05,1.381203223992197,-2.4070725832172317,1.5403096037199195,0.007367256011587333,1576658846852196931
7.048445056130946e-05,1.3792497977909266,-2.4082349724990597,1.542477745128735,0.007367256011587333,1576658846862175941
7.048445056130946e-05,1.3772057487246485,-2.4096801051197114,1.5449113732406707,0.007367256011587333,1576658846872208118
7.048445056130946e-05,1.3749603155139096,-2.4113294412628457,1.5482520809216007,0.007367256011587333,1576658846882210016
7.048445056130946e-05,1.372735020717617,-2.4126960340671575,1.5513494257913372,0.007367256011587333,1576658846892205953
7.048445056130946e-05,1.3702579957407481,-2.4141725826143445,1.5544467706610736,0.007367256011587333,1576658846902204036
7.048445056130946e-05,1.3678917320433326,-2.415570591345192,1.55754411553081,0.007367256011587333,1576658846912204027
7.048445056130946e-05,1.365475122309802,-2.4170000160025755,1.5605750887247662,0.007367256011587333,1576658846922204017
7.048445056130946e-05,1.362907474467926,-2.418288068990547,1.5641149114330366,0.007367256011587333,1576658846932207107
7.048445056130946e-05,1.3607728025366403,-2.419466166235643,1.5669688934915793,0.007367256011587333,1576658846942202091
7.048445056130946e-05,1.3579433553069649,-2.421319705901261,1.57090694625453,0.007367256011587333,1576658846952205896
7.048445056130946e-05,1.3551139080772898,-2.4227648385219127,1.5749777423690408,0.007367256011587333,1576658846962203025
7.048445056130946e-05,1.3526167446859745,-2.424194263179296,1.5786281845369443,0.007367256011587333,1576658846972204923
7.048445056130946e-05,1.3496563977623997,-2.4253252365345883,1.5829423434626488,0.007367256011587333,1576658846982204914
7.048445056130946e-05,1.3472095804071997,-2.4265504576694883,1.5867697767659656,0.007367256011587333,1576658846992213964
7.048445056130946e-05,1.3446419325653234,-2.4280898380697473,1.5906414578531365,0.007367256011587333,1576658847002177000
7.048445056130946e-05,1.3417117932634177,-2.4292993512413794,1.5951104840223274,0.007367256011587333,1576658847012212038
7.048445056130946e-05,1.3390031765204187,-2.430461740523208,1.598982165109498,0.007367256011587333,1576658847022214889
7.048445056130946e-05,1.3363751134352042,-2.431859749254055,1.6033184479271287,0.007367256011587333,1576658847032207965
7.048445056130946e-05,1.3332033131599452,-2.433100678352223,1.6079644652317338,0.007367256011587333,1576658847042208909
7.048445056130946e-05,1.3302530354435933,-2.4340902800381037,1.612123756913951,0.007367256011587333,1576658847052208900
7.048445056130946e-05,1.3271315812044495,-2.4353469170995394,1.6171901281651626,0.007367256011587333,1576658847062213897
7.048445056130946e-05,1.3243424108036665,-2.4364935984181,1.6214821631989402,0.007367256011587333,1576658847072190999
7.048445056130946e-05,1.3216640016823369,-2.4373889523243735,1.6260396849358383,0.007367256011587333,1576658847082175970
7.048445056130946e-05,1.3186533087226464,-2.4385199256796657,1.6308405694839296,0.007367256011587333,1576658847092206001
7.048445056130946e-05,1.3158641383218632,-2.4395566512553497,1.6353538434369743,0.007367256011587333,1576658847102205991
7.048445056130946e-05,1.3131555215788644,-2.4402635096024077,1.6400441085254323,0.007367256011587333,1576658847112205028
7.048445056130946e-05,1.310104551790282,-2.441363067031164,1.6451989753443506,0.007367256011587333,1576658847122176885
7.048445056130946e-05,1.307184481695599,-2.4421798811210973,1.649800744865102,0.007367256011587333,1576658847132215976
7.048445056130946e-05,1.3040730966636784,-2.442808199651816,1.6548228683324602,0.007367256011587333,1576658847142211914
7.048445056130946e-05,1.301243649434003,-2.4436093057784807,1.6594910095289914,0.007367256011587333,1576658847152215957
7.048445056130946e-05,1.2985249634837812,-2.444190500419395,1.6641591507255227,0.007367256011587333,1576658847162219047
7.048445056130946e-05,1.2957257238757747,-2.444865942839917,1.6695131325717814,0.007367256011587333,1576658847172204971
7.048445056130946e-05,1.293248698898906,-2.4453371817379552,1.6737387959297791,0.007367256011587333,1576658847182204008
7.048445056130946e-05,1.2901473830742083,-2.445777004709458,1.678716671613284,0.007367256011587333,1576658847192204952
7.048445056130946e-05,1.28730786663731,-2.4463581993503722,1.6840706534595429,0.007367256011587333,1576658847202174901
7.048445056130946e-05,1.2847905648315487,-2.4466880665789987,1.6887166707641472,0.007367256011587333,1576658847212218046
7.048445056130946e-05,1.2819812560163193,-2.447159305477037,1.6938272897992126,0.007367256011587333,1576658847222213029
7.048445056130946e-05,1.2795143002466736,-2.4474577567791282,1.6983405637522568,0.007367256011587333,1576658847232208967
7.048445056130946e-05,1.2769365831975743,-2.4475991284485397,1.7027653421375946,0.007367256011587333,1576658847242177963
7.048445056130946e-05,1.2740366515173378,-2.44775620808122,1.7078095894968794,0.007367256011587333,1576658847252187967
7.048445056130946e-05,1.2715495573332458,-2.447819039934291,1.7123671112337777,0.007367256011587333,1576658847262190103
7.048445056130946e-05,1.2689315634552543,-2.4479132877138987,1.7174334824849893,0.007367256011587333,1576658847272212982
7.048445056130946e-05,1.2666659918300693,-2.447960411603703,1.7218140130864734,0.007367256011587333,1576658847282207965
7.048445056130946e-05,1.264370212583215,-2.4479918275302386,1.7261502959041046,0.007367256011587333,1576658847292205095
7.048445056130946e-05,1.262064364129138,-2.447944703640435,1.7307963132087092,0.007367256011587333,1576658847302201986
7.048445056130946e-05,1.2600706610989754,-2.4478661638240955,1.7349334809989998,0.007367256011587333,1576658847312205076
7.048445056130946e-05,1.257724535816006,-2.4475991284485397,1.7394246310601178,0.007367256011587333,1576658847322176933
7.048445056130946e-05,1.2554589641908211,-2.447567712522004,1.7432963121472882,0.007367256011587333,1576658847332211971
7.048445056130946e-05,1.2536162992690039,-2.4473320930729847,1.7473449843698723,0.007367256011587333,1576658847342199087
7.048445056130946e-05,1.25155211178828,-2.44698651788109,1.7517033910794302,0.007367256011587333,1576658847352209091
7.048445056130946e-05,1.249558408758117,-2.4467666063953386,1.7553095854634804,0.007367256011587333,1576658847362212896
7.048445056130946e-05,1.2477358822507463,-2.4463581993503722,1.7592033904425775,0.007367256011587333,1576658847372209072
7.048445056130946e-05,1.24609460147339,-2.446091163974817,1.7625440981235077,0.007367256011587333,1576658847382210016
7.048445056130946e-05,1.2443929054526954,-2.4457298808196537,1.765486575749757,0.007367256011587333,1576658847392148971
7.048445056130946e-05,1.2427919015042315,-2.4451958100685434,1.7689157789983936,0.007367256011587333,1576658847402209997
7.048445056130946e-05,1.2413016588352208,-2.444865942839917,1.7721901150035435,0.007367256011587333,1576658847412208080
7.048445056130946e-05,1.2399221774456637,-2.4445674915378257,1.7752432120894268,0.007367256011587333,1576658847422204971
7.048445056130946e-05,1.2383211734971997,-2.443907757080572,1.7785839197703566,0.007367256011587333,1576658847432213068
7.048445056130946e-05,1.237012176558204,-2.4434679341090693,1.7813936540450463,0.007367256011587333,1576658847442209005
7.048445056130946e-05,1.2359549097997844,-2.4431851907702464,1.7841812644278088,0.007367256011587333,1576658847452203035
7.048445056130946e-05,1.2346660512752345,-2.442603996129332,1.7861945385931377,0.007367256011587333,1576658847462178945
7.048445056130946e-05,1.2336591305529303,-2.4421170492680258,1.7880971932988328,0.007367256011587333,1576658847472199916
7.048445056130946e-05,1.2326723482450719,-2.441834305929203,1.7907299364381088,0.007367256011587333,1576658847482202053
7.048445056130946e-05,1.2314841817927529,-2.441221695361753,1.7930086973065575,0.007367256011587333,1576658847492211103
7.048445056130946e-05,1.2307994757015857,-2.4406876246106424,1.7946458653091326,0.007367256011587333,1576658847502198934
7.048445056130946e-05,1.2302758769259874,-2.440577668867767,1.79546444931042,0.007367256011587333,1576658847512208938
7.048445056130946e-05,1.2294300635192517,-2.4399964742268527,1.7965706439067546,0.007367256011587333,1576658847522177934
7.048445056130946e-05,1.2288359802930922,-2.4396037751451543,1.79853967028823,0.007367256011587333,1576658847532206058
7.048445056130946e-05,1.228362727553609,-2.4394466955124745,1.8006414400212654,0.007367256011587333,1576658847542208909
7.048445056130946e-05,1.227909613228572,-2.4390854123573114,1.8017697585095263,0.007367256011587333,1576658847552206993
7.048445056130946e-05,1.2275169141468734,-2.4387241292021486,1.8015706434821863,0.007367256011587333,1576658847562206983
7.048445056130946e-05,1.2272551147590742,-2.438551341606201,1.8016370151579661,0.007367256011587333,1576658847572206020
7.048445056130946e-05,1.2270436614073903,-2.438425677900058,1.802588342510814,0.007367256011587333,1576658847582207918
7.048445056130946e-05,1.2269127617134907,-2.43833143012045,1.8034511742959547,0.007367256011587333,1576658847592206954
7.048445056130946e-05,1.2268221388484832,-2.438268598267378,1.8035396698636617,0.007367256011587333,1576658847602211952
7.048445056130946e-05,1.2268926232990447,-2.438268598267378,1.8029202008897145,0.007367256011587333,1576658847612176895
7.048445056130946e-05,1.22694296933516,-2.43833143012045,1.8025440947269604,0.007367256011587333,1576658847622206926
7.048445056130946e-05,1.2271141458579515,-2.4384099699367896,1.8026547141865938,0.007367256011587333,1576658847632203102
7.048445056130946e-05,1.2273255992096355,-2.4386141734592734,1.802455599159254,0.007367256011587333,1576658847642204046
7.048445056130946e-05,1.227627675426327,-2.438896916798096,1.8017476346175996,0.007367256011587333,1576658847652224063
7.048445056130946e-05,1.2279901668863564,-2.4393053238430626,1.8009069267243856,0.007367256011587333,1576658847662199974
7.048445056130946e-05,1.2284130735897243,-2.4396980229247616,1.8002653338585117,0.007367256011587333,1576658847672208070
7.048445056130946e-05,1.228785634256977,-2.4400907220064605,1.7994909976410776,0.007367256011587333,1576658847682228088
7.048445056130946e-05,1.2294300635192517,-2.440813288316786,1.7985175463963032,0.007367256011587333,1576658847692188024
7.048445056130946e-05,1.2299536622948501,-2.441582978516916,1.7974555995838224,0.007367256011587333,1576658847702225923
7.048445056130946e-05,1.2306182299715709,-2.4422427129741693,1.7959954227166608,0.007367256011587333,1576658847712210893
7.048445056130946e-05,1.231272728441069,-2.443075235027371,1.7940263963351855,0.007367256011587333,1576658847722214937
7.048445056130946e-05,1.2321386802622507,-2.4439862968969117,1.7918803788182964,0.007367256011587333,1576658847732209920
7.048445056130946e-05,1.232914009218425,-2.44514868617874,1.7895573701659944,0.007367256011587333,1576658847742207050
7.048445056130946e-05,1.2337900302468299,-2.446201119717692,1.7879423260553462,0.007367256011587333,1576658847752218008
7.048445056130946e-05,1.2348271585908033,-2.4473320930729847,1.7866812642155248,0.007367256011587333,1576658847762176990
7.048445056130946e-05,1.2355118646819705,-2.448714393840564,1.7847786095098293,0.007367256011587333,1576658847772208929
7.048445056130946e-05,1.2365892698548362,-2.45020665035102,1.7824777247494539,0.007367256011587333,1576658847782210111
7.048445056130946e-05,1.237676744234925,-2.4513690396328474,1.779778609934398,0.007367256011587333,1576658847792211055
7.048445056130946e-05,1.2387239417861216,-2.452672800584087,1.7764821500373211,0.007367256011587333,1576658847802198886
7.048445056130946e-05,1.2400430079323403,-2.4544792163599016,1.7741370174930922,0.007367256011587333,1576658847812215089
7.048445056130946e-05,1.241120413105206,-2.456662623254146,1.7715706460295964,0.007367256011587333,1576658847822175025
7.048445056130946e-05,1.242228025899741,-2.4584533310666923,1.7686724161872,0.007367256011587333,1576658847832202911
7.048445056130946e-05,1.2437384069831976,-2.4602754548057746,1.7657963102367304,0.007367256011587333,1576658847842207908
7.048445056130946e-05,1.2448460197777325,-2.462411737810216,1.7627653370427745,0.007367256011587333,1576658847852202892
7.048445056130946e-05,1.246074463058944,-2.464500896924853,1.7597786116326715,0.007367256011587333,1576658847862202882
7.048445056130946e-05,1.2477157438363,-2.4669513391946527,1.756039673897061,0.007367256011587333,1576658847872162103
7.048445056130946e-05,1.249054948396965,-2.469181869978702,1.7528759573515447,0.007367256011587333,1576658847882174015
7.048445056130946e-05,1.250424360579299,-2.4712710290933386,1.7497122408060282,0.007367256011587333,1576658847892194032
7.048445056130946e-05,1.2519750184916476,-2.4738314271060147,1.745862683610784,0.007367256011587333,1576658847902209997
7.048445056130946e-05,1.2533444306739818,-2.4763604091921545,1.7422564892267338,0.007367256011587333,1576658847912209987
7.048445056130946e-05,1.2546634968202006,-2.478952223131366,1.738915781545804,0.007367256011587333,1576658847922210931
7.048445056130946e-05,1.2562846391831106,-2.4817168246665253,1.7349334809989998,0.007367256011587333,1576658847932208061
7.048445056130946e-05,1.2579057815460208,-2.4844028863853445,1.7311281715876097,0.007367256011587333,1576658847942210912
7.048445056130946e-05,1.2594866470800388,-2.487528771075666,1.7269910037973186,0.007367256011587333,1576658847952204942
7.048445056130946e-05,1.2610171665779415,-2.4903090805740935,1.7229423315747345,0.007367256011587333,1576658847962177991
7.048445056130946e-05,1.2626383089408515,-2.493026558219449,1.719026402703711,0.007367256011587333,1576658847972207069
7.048445056130946e-05,1.2642594513037617,-2.496136734946502,1.71488923491342,0.007367256011587333,1576658847982217073
7.048445056130946e-05,1.2656288634860957,-2.4990270001878048,1.7109511821504693,0.007367256011587333,1576658847992212057
7.048445056130946e-05,1.2673909747501284,-2.5022314246944664,1.7067476426843986,0.007367256011587333,1576658848002201080
7.048445056130946e-05,1.2691732244286074,-2.5053258934582523,1.702809589921448,0.007367256011587333,1576658848012223005
7.048445056130946e-05,1.2707540899626253,-2.5084046542587703,1.698606050455377,0.007367256011587333,1576658848022212028
7.048445056130946e-05,1.2722946786677511,-2.511593370802164,1.6940485287184792,0.007367256011587333,1576658848032211065
7.048445056130946e-05,1.2738956826162149,-2.514389388263859,1.690353838766722,0.007367256011587333,1576658848042182922
7.048445056130946e-05,1.275516824979125,-2.517860848146076,1.685331715299364,0.007367256011587333,1576658848052208900
7.048445056130946e-05,1.2771278981348122,-2.521363723954828,1.6806193263189793,0.007367256011587333,1576658848062210083
7.048445056130946e-05,1.2789504246421832,-2.5246309803145617,1.6763272912852016,0.007367256011587333,1576658848072220087
7.048445056130946e-05,1.2807024666989928,-2.5282909357559937,1.6716591500886704,0.007367256011587333,1576658848082212924
7.048445056130946e-05,1.2822732630257878,-2.531573900078995,1.6673671150548928,0.007367256011587333,1576658848092220067
7.048445056130946e-05,1.2838944053886978,-2.534715492732585,1.6630087083453353,0.007367256011587333,1576658848102209091
7.048445056130946e-05,1.2856162398238384,-2.538092704835194,1.6582963193649505,0.007367256011587333,1576658848112209081
7.048445056130946e-05,1.287096413285626,-2.5413128373051235,1.6538051693038325,0.007367256011587333,1576658848122210025
7.048445056130946e-05,1.2888081785135435,-2.544517261811785,1.6496680015135419,0.007367256011587333,1576658848132205963
7.048445056130946e-05,1.2906206358136916,-2.547863057987858,1.6448892408573772,0.007367256011587333,1576658848142211914
7.048445056130946e-05,1.291889355923795,-2.5508789869353046,1.640486586363966,0.007367256011587333,1576658848152134895
7.048445056130946e-05,1.2934098062144745,-2.5542090751481097,1.6356193301400945,0.007367256011587333,1576658848162204980
7.048445056130946e-05,1.2952121943073995,-2.5574606235445745,1.6313494189982434,0.007367256011587333,1576658848172200918
7.048445056130946e-05,1.2968232674630866,-2.560775003794112,1.6272343750998794,0.007367256011587333,1576658848182200908
7.048445056130946e-05,1.2984142022043277,-2.5638851805211664,1.6225662339033482,0.007367256011587333,1576658848192210912
7.048445056130946e-05,1.299874237251669,-2.5667440298359327,1.6184511900049838,0.007367256011587333,1576658848202205896
7.048445056130946e-05,1.301414825956795,-2.5700112861956663,1.6136724293488194,0.007367256011587333,1576658848212193965
7.048445056130946e-05,1.3029856222835896,-2.5727601797675574,1.6097122526939418,0.007367256011587333,1576658848222202062
7.048445056130946e-05,1.304163719528686,-2.5754148255598404,1.605287474308604,0.007367256011587333,1576658848232211112
7.048445056130946e-05,1.3054626472604585,-2.5785092943236263,1.6006414570039997,0.007367256011587333,1576658848242209911
7.048445056130946e-05,1.307184481695599,-2.581258187895518,1.596703404241049,0.007367256011587333,1576658848252208948
7.048445056130946e-05,1.3084129249768106,-2.5840070814674085,1.5923007497476378,0.007367256011587333,1576658848262208938
7.048445056130946e-05,1.3096212298435759,-2.5866303113331557,1.5883626969846874,0.007367256011587333,1576658848272218942
7.048445056130946e-05,1.3114236179365009,-2.589159293419296,1.5846458831410037,0.007367256011587333,1576658848282211065
7.048445056130946e-05,1.3125916459743738,-2.591908186991187,1.580575087026493,0.007367256011587333,1576658848292208909
7.048445056130946e-05,1.3138100200483622,-2.5941387177752357,1.5769246448585894,0.007367256011587333,1576658848302227020
7.048445056130946e-05,1.3153707471679341,-2.5961179211469974,1.5734069460422457,0.007367256011587333,1576658848312210083
7.048445056130946e-05,1.3165790520346992,-2.5985055315637253,1.5693140260358087,0.007367256011587333,1576658848322207927
7.048445056130946e-05,1.3177068032436805,-2.6007046464212387,1.5653980971647845,0.007367256011587333,1576658848332207918
7.048445056130946e-05,1.3188144160382151,-2.6026210179399283,1.5615485399695406,0.007367256011587333,1576658848342178106
7.048445056130946e-05,1.319911959625527,-2.6044117257524744,1.558406947315951,0.007367256011587333,1576658848352210998
7.048445056130946e-05,1.3209390187622776,-2.6062495574548246,1.5553317263381412,0.007367256011587333,1576658848362230062
7.048445056130946e-05,1.322167462043489,-2.608181636936782,1.5521901336845516,0.007367256011587333,1576658848372180938
7.048445056130946e-05,1.323093829108009,-2.6099409288227924,1.5492476560583017,0.007367256011587333,1576658848382209062
7.048445056130946e-05,1.32398998855086,-2.611103318104621,1.545884824485445,0.007367256011587333,1576658848392210960
7.048445056130946e-05,1.3249969092731644,-2.6124542029456643,1.5424334973448817,0.007367256011587333,1576658848402206897
7.048445056130946e-05,1.3257621690221157,-2.614087831125531,1.5397786303136791,0.007367256011587333,1576658848412203073
7.048445056130946e-05,1.3269100586455427,-2.615265928370627,1.53710163939055,0.007367256011587333,1576658848422208070
7.048445056130946e-05,1.3276551799800482,-2.616491149505527,1.5344025245754938,0.007367256011587333,1576658848432173967
7.048445056130946e-05,1.328349955278438,-2.61754358304448,1.5321901353828247,0.007367256011587333,1576658848442204952
7.048445056130946e-05,1.3291353534418355,-2.618391813060949,1.5300219939740092,0.007367256011587333,1576658848452208995
7.048445056130946e-05,1.329930820812456,-2.6193971227100974,1.5278317286732674,0.007367256011587333,1576658848462198019
7.048445056130946e-05,1.3305551116602847,-2.620339600506175,1.5249998705066512,0.007367256011587333,1576658848472204923
7.048445056130946e-05,1.3310485028142138,-2.620873671257285,1.5228759768816889,0.007367256011587333,1576658848482212066
7.048445056130946e-05,1.3316425860403733,-2.621517697751271,1.521880401744988,0.007367256011587333,1576658848492207050
7.048445056130946e-05,1.3322165308520872,-2.6221931401717926,1.521172437203334,0.007367256011587333,1576658848502211093
7.048445056130946e-05,1.3326897835915703,-2.622805750739243,1.5197565081200257,0.007367256011587333,1576658848512203931
7.048445056130946e-05,1.3331630363310532,-2.6231670338944055,1.5174777472515768,0.007367256011587333,1576658848522217035
7.048445056130946e-05,1.3335154585838598,-2.623339821490353,1.5150219952477144,0.007367256011587333,1576658848532227039
7.048445056130946e-05,1.3339081576655583,-2.62382676835166,1.5139600484352334,0.007367256011587333,1576658848542232990
7.048445056130946e-05,1.3341699570533576,-2.6241095116904827,1.5143140307060605,0.007367256011587333,1576658848552212953
7.048445056130946e-05,1.3343411335761493,-2.6241880515068225,1.5144467740576206,0.007367256011587333,1576658848562227964
7.048445056130946e-05,1.334562656135056,-2.6243137152129656,1.5134954467047728,0.007367256011587333,1576658848572216033
7.048445056130946e-05,1.3346935558289559,-2.6243451311395014,1.5116149158910044,0.007367256011587333,1576658848582218885
7.048445056130946e-05,1.3348244555228554,-2.6244393789191096,1.5108848274574236,0.007367256011587333,1576658848592211008
7.048445056130946e-05,1.3348345247300786,-2.624517918735449,1.5114600486475174,0.007367256011587333,1576658848602210044
7.048445056130946e-05,1.3347741094867402,-2.624517918735449,1.5123450043245852,0.007367256011587333,1576658848612183094
7.048445056130946e-05,1.3347640402795171,-2.624517918735449,1.5123007565407316,0.007367256011587333,1576658848622203111
7.048445056130946e-05,1.3346834866217328,-2.6244393789191096,1.511836154810271,0.007367256011587333,1576658848632208108
7.048445056130946e-05,1.3344116180267107,-2.6243451311395014,1.5122565087568782,0.007367256011587333,1576658848642191886
7.048445056130946e-05,1.3344015488194876,-2.624329423176234,1.5132520838935792,0.007367256011587333,1576658848652209997
7.048445056130946e-05,1.3338175348005512,-2.624266591323162,1.5141812873545004,0.007367256011587333,1576658848662209987
7.048445056130946e-05,1.3337168427283206,-2.6242037594700904,1.5149998713557877,0.007367256011587333,1576658848672204017
7.048445056130946e-05,1.3334449741332983,-2.624078095763947,1.5156414642216618,0.007367256011587333,1576658848682204961
7.048445056130946e-05,1.3329515829793692,-2.6240623878006786,1.516460048222949,0.007367256011587333,1576658848692203998
7.048445056130946e-05,1.3326092299337857,-2.6239995559476066,1.5174777472515768,0.007367256011587333,1576658848702204942
7.048445056130946e-05,1.3320453543292952,-2.6239995559476066,1.519181286929932,0.007367256011587333,1576658848712205886
7.048445056130946e-05,1.3315620323825892,-2.6239053081679993,1.5209290743921402,0.007367256011587333,1576658848722210884
7.048445056130946e-05,1.331098848850329,-2.6240309718741424,1.5229644724493954,0.007367256011587333,1576658848732208967
7.048445056130946e-05,1.3302731738580396,-2.624078095763947,1.5254423483451849,0.007367256011587333,1576658848742202997
7.048445056130946e-05,1.3297193674607721,-2.6240623878006786,1.5275883658620735,0.007367256011587333,1576658848752208948
7.048445056130946e-05,1.329014522955159,-2.6241566355802863,1.529336153324282,0.007367256011587333,1576658848762206077
7.048445056130946e-05,1.3283700936928842,-2.624329423176234,1.5313273035976838,0.007367256011587333,1576658848772207975
7.048445056130946e-05,1.3275645571150405,-2.6244865028089133,1.5337166839257663,0.007367256011587333,1576658848782202005
7.048445056130946e-05,1.326698605293859,-2.6247378302212003,1.5369910199309162,0.007367256011587333,1576658848792212009
7.048445056130946e-05,1.3257420306076697,-2.625161945229435,1.5397343825298258,0.007367256011587333,1576658848802215099
7.048445056130946e-05,1.3250472553092794,-2.625476104494794,1.5423671256691016,0.007367256011587333,1576658848812208890
7.048445056130946e-05,1.3241611650736518,-2.625947343392833,1.545464470538838,0.007367256011587333,1576658848822206020
7.048445056130946e-05,1.3230535522791167,-2.6263557504377992,1.5481857092458207,0.007367256011587333,1576658848832209110
7.048445056130946e-05,1.3222782233229422,-2.6268584052623734,1.5518140275217975,0.007367256011587333,1576658848842206001
7.048445056130946e-05,1.3211101952850692,-2.627596679535967,1.5551104874188741,0.007367256011587333,1576658848852205991
7.048445056130946e-05,1.3201636898061033,-2.6282092901034173,1.5586724340190712,0.007367256011587333,1576658848862210988
7.048445056130946e-05,1.318975523353784,-2.628978980303547,1.5626989823497286,0.007367256011587333,1576658848872209072
7.048445056130946e-05,1.3178377029375796,-2.629732962540408,1.566283052841852,0.007367256011587333,1576658848882193088
7.048445056130946e-05,1.3168408514224985,-2.6305340686670733,1.569977742793609,0.007367256011587333,1576658848892206907
7.048445056130946e-05,1.3155620621051718,-2.631743581838706,1.5742034061516066,0.007367256011587333,1576658848902204036
7.048445056130946e-05,1.3143034112022913,-2.632576103891907,1.5779865916710705,0.007367256011587333,1576658848912211894
7.048445056130946e-05,1.3134273901738867,-2.633659953357395,1.5824777417321885,0.007367256011587333,1576658848922208070
7.048445056130946e-05,1.3122795005504593,-2.6351050859780467,1.5863715467112856,0.007367256011587333,1576658848932210922
7.048445056130946e-05,1.310789257881449,-2.6360318558108555,1.5901768561226761,0.007367256011587333,1576658848942181110
7.048445056130946e-05,1.3098427524024827,-2.637099997313076,1.595088360130401,0.007367256011587333,1576658848952205896
7.048445056130946e-05,1.308755278022394,-2.63898495290523,1.5992918995964716,0.007367256011587333,1576658848962210893
7.048445056130946e-05,1.3073053121822755,-2.640257297929934,1.603738801873736,0.007367256011587333,1576658848972187995
7.048445056130946e-05,1.306036592072172,-2.6414668111015662,1.608694553665314,0.007367256011587333,1576658848982207059
7.048445056130946e-05,1.3047376643403994,-2.6433831826202554,1.6132299515102857,0.007367256011587333,1576658848992177963
7.048445056130946e-05,1.3035998439241954,-2.6452524302491414,1.6184954377888374,0.007367256011587333,1576658849002204895
7.048445056130946e-05,1.3024318158863224,-2.6467289787963293,1.6230308356338086,0.007367256011587333,1576658849012175083
7.048445056130946e-05,1.3009012963884194,-2.6484725627190713,1.6276547290464862,0.007367256011587333,1576658849022203922
7.048445056130946e-05,1.299622507071093,-2.6504360581275646,1.6325662330542114,0.007367256011587333,1576658849032211065
7.048445056130946e-05,1.2986256555560114,-2.652383845572791,1.6373449937103761,0.007367256011587333,1576658849042205095
7.048445056130946e-05,1.297367004653131,-2.6543316330180162,1.641902515447274,0.007367256011587333,1576658849052201986
7.048445056130946e-05,1.295977454056351,-2.656248004536706,1.6472564972935326,0.007367256011587333,1576658849062207937
7.048445056130946e-05,1.2948295644329237,-2.658148668092128,1.6521016296254774,0.007367256011587333,1576658849072205066
7.048445056130946e-05,1.2938025052961735,-2.6606776501782674,1.657477735363663,0.007367256011587333,1576658849082204103
7.048445056130946e-05,1.2925337851860699,-2.6628924729990486,1.6622564960198276,0.007367256011587333,1576658849092196941
7.048445056130946e-05,1.2914966568420962,-2.6650444639667574,1.6670795044598459,0.007367256011587333,1576658849102225065
7.048445056130946e-05,1.2903185595970001,-2.6673849504936817,1.672610477441518,0.007367256011587333,1576658849112221002
7.048445056130946e-05,1.28892900900022,-2.6694741096083185,1.6773228664219024,0.007367256011587333,1576658849122214078
7.048445056130946e-05,1.288042918764592,-2.671704640392368,1.6822564943215543,0.007367256011587333,1576658849132183074
7.048445056130946e-05,1.2868950291411652,-2.6742022065519717,1.687389237248546,0.007367256011587333,1576658849142216920
7.048445056130946e-05,1.2855759629949464,-2.6766840647483074,1.6919910067692971,0.007367256011587333,1576658849152210950
7.048445056130946e-05,1.28486104928211,-2.679291586650787,1.6973449886155558,0.007367256011587333,1576658849162209033
7.048445056130946e-05,1.2838239209381366,-2.6816791970675156,1.7017918908928205,0.007367256011587333,1576658849172211885
7.048445056130946e-05,1.2828371386302782,-2.6839725597046358,1.7064821559812784,0.007367256011587333,1576658849182199954
7.048445056130946e-05,1.2817798718718585,-2.6866114975336512,1.7114379077728563,0.007367256011587333,1576658849192208051
7.048445056130946e-05,1.2807930895640003,-2.689187603509595,1.7161060489693876,0.007367256011587333,1576658849202208042
7.048445056130946e-05,1.2801385910945022,-2.6916223378161273,1.7203095884354584,0.007367256011587333,1576658849212207078
7.048445056130946e-05,1.2790007706782984,-2.694167027865535,1.7252432163351104,0.007367256011587333,1576658849222209930
7.048445056130946e-05,1.27824558013657,-2.696648886061871,1.729535251368888,0.007367256011587333,1576658849232211112
7.048445056130946e-05,1.2776615661176336,-2.6994763194501017,1.7342476403492728,0.007367256011587333,1576658849242189884
7.048445056130946e-05,1.2767150606386675,-2.7019424696831695,1.73827418867993,0.007367256011587333,1576658849252212047
7.048445056130946e-05,1.275980008511385,-2.70431437213663,1.7422122414428804,0.007367256011587333,1576658849262201070
7.048445056130946e-05,1.2753758560780026,-2.7068119382962337,1.7466812676120715,0.007367256011587333,1576658849272212982
7.048445056130946e-05,1.2745803887073819,-2.709199548712962,1.7505087009153888,0.007367256011587333,1576658849282207965
7.048445056130946e-05,1.2740668591390067,-2.71166569894603,1.754114895299439,0.007367256011587333,1576658849292206048
7.048445056130946e-05,1.273472775912847,-2.7142575128852413,1.758229939197803,0.007367256011587333,1576658849302216053
7.048445056130946e-05,1.2729290387228027,-2.716519459595826,1.7618361335818535,0.007367256011587333,1576658849312211990
7.048445056130946e-05,1.2723853015327584,-2.71893848593909,1.7653317085062703,0.007367256011587333,1576658849322211027
7.048445056130946e-05,1.271871771964383,-2.7210747689435317,1.7686281684033465,0.007367256011587333,1576658849332207918
7.048445056130946e-05,1.2714387960537923,-2.7232581758377763,1.771968876084277,0.007367256011587333,1576658849342216968
7.048445056130946e-05,1.270955474107086,-2.7257243260708446,1.7752210881975,0.007367256011587333,1576658849352205991
7.048445056130946e-05,1.2706131210615026,-2.7277349453691415,1.778207813607603,0.007367256011587333,1576658849362200021
7.048445056130946e-05,1.270220421979804,-2.7297298567041715,1.7811502912338524,0.007367256011587333,1576658849372203111
7.048445056130946e-05,1.2699384841775585,-2.731991803414756,1.7840706449681756,0.007367256011587333,1576658849382213115
7.048445056130946e-05,1.2696565463753136,-2.7339710067865175,1.7865927686478182,0.007367256011587333,1576658849392206907
7.048445056130946e-05,1.2693746085730682,-2.7356831747827237,1.7894688745982876,0.007367256011587333,1576658849402208089
7.048445056130946e-05,1.2691530860141613,-2.7372539711095185,1.7922122371971967,0.007367256011587333,1576658849412198066
7.048445056130946e-05,1.2690121171130384,-2.7390760948486013,1.7945352458494992,0.007367256011587333,1576658849422208070
7.048445056130946e-05,1.2688208021758007,-2.7410395902570945,1.7963715288794144,0.007367256011587333,1576658849432224035
7.048445056130946e-05,1.2686697640674551,-2.7424375989879417,1.7977874579627227,0.007367256011587333,1576658849442208051
7.048445056130946e-05,1.2685892104096705,-2.7439612714249333,1.8000440949392444,0.007367256011587333,1576658849452176094
7.048445056130946e-05,1.2683576186435408,-2.7452807403394406,1.802566218618887,0.007367256011587333,1576658849462210893
7.048445056130946e-05,1.2683676878507637,-2.746710164996824,1.8038494043506355,0.007367256011587333,1576658849472182989
7.048445056130946e-05,1.2683475494363174,-2.7481238816909395,1.804291882189169,0.007367256011587333,1576658849482209920
7.048445056130946e-05,1.2682669957785333,-2.7490663594870166,1.80515471397431,0.007367256011587333,1576658849492212057
7.048445056130946e-05,1.268206580535195,-2.74996171339329,1.8068140058688116,0.007367256011587333,1576658849502209901
7.048445056130946e-05,1.268186442120749,-2.7512968902710653,1.8086281650068001,0.007367256011587333,1576658849512217044
7.048445056130946e-05,1.2681763729135258,-2.7520665804711943,1.810198961333595,0.007367256011587333,1576658849522211074
7.048445056130946e-05,1.2681965113279718,-2.7527106069651803,1.8110839170106625,0.007367256011587333,1576658849532207012
7.048445056130946e-05,1.2681965113279718,-2.753527421055114,1.8112609081460758,0.007367256011587333,1576658849542210102
7.048445056130946e-05,1.268206580535195,-2.754108615696028,1.811327279821856,0.007367256011587333,1576658849552207946
7.048445056130946e-05,1.268206580535195,-2.7543442351450476,1.8120131204715835,0.007367256011587333,1576658849562218904
7.048445056130946e-05,1.2682468573640873,-2.7550353855288368,1.813097191175991,0.007367256011587333,1576658849572180032
7.048445056130946e-05,1.2682569265713102,-2.7552238810880523,1.8134954212306713,0.007367256011587333,1576658849582180023
7.048445056130946e-05,1.2682770649857564,-2.7552867129411247,1.8128759522567242,0.007367256011587333,1576658849592211961
7.048445056130946e-05,1.2682770649857564,-2.7553495447941962,1.8126768372293842,0.007367256011587333,1576658849602229118
7.048445056130946e-05,1.2682569265713102,-2.755333836830928,1.8133626778791112,0.007367256011587333,1576658849612211942
7.048445056130946e-05,1.2682468573640873,-2.7552552970145885,1.8134954212306713,0.007367256011587333,1576658849622198104
7.048445056130946e-05,1.2682468573640873,-2.755098217381909,1.8129202000405777,0.007367256011587333,1576658849632210016
7.048445056130946e-05,1.2682468573640873,-2.7548311820063534,1.8124113505262638,0.007367256011587333,1576658849642179965
7.048445056130946e-05,1.2681562344990798,-2.7543442351450476,1.8126325894455306,0.007367256011587333,1576658849652204990
7.048445056130946e-05,1.2680555424268494,-2.7539515360633486,1.8125883416616775,0.007367256011587333,1576658849662204980
7.048445056130946e-05,1.2679850579762881,-2.7533389254958984,1.811814005444243,0.007367256011587333,1576658849672204017
7.048445056130946e-05,1.2679347119401727,-2.752883394561128,1.8108184303075423,0.007367256011587333,1576658849682173013
7.048445056130946e-05,1.2678138814534963,-2.752019456581391,1.8102653330093748,0.007367256011587333,1576658849692207098
7.048445056130946e-05,1.2675822896873663,-2.7512183504547254,1.810198961333595,0.007367256011587333,1576658849702209949
7.048445056130946e-05,1.267542012858474,-2.7505900319240073,1.809778607386988,0.007367256011587333,1576658849712176084
7.048445056130946e-05,1.2671895906056674,-2.7494904744952513,1.8086724127906533,0.007367256011587333,1576658849722209930
7.048445056130946e-05,1.267038552497322,-2.7482966692868867,1.8074777226266119,0.007367256011587333,1576658849732208967
7.048445056130946e-05,1.2667666839022995,-2.7472442357479347,1.8062166607867909,0.007367256011587333,1576658849742209911
7.048445056130946e-05,1.2665350921361698,-2.7459561827599623,1.8052432095420163,0.007367256011587333,1576658849752208948
7.048445056130946e-05,1.2662229467122552,-2.7450451208904214,1.8048892272711898,0.007367256011587333,1576658849762240886
7.048445056130946e-05,1.2658403168377796,-2.743788483828986,1.8043582538649492,0.007367256011587333,1576658849772208929
7.048445056130946e-05,1.2655181022066422,-2.7422176875021904,1.8028980769977874,0.007367256011587333,1576658849782140970
7.048445056130946e-05,1.2651858183682816,-2.740803970808076,1.8010175461840194,0.007367256011587333,1576658849792238950
7.048445056130946e-05,1.2647125656287987,-2.739374546150692,1.8000440949392444,0.007367256011587333,1576658849802206039
7.048445056130946e-05,1.2642493820965386,-2.737756625934093,1.8000662188311713,0.007367256011587333,1576658849812202930
7.048445056130946e-05,1.2638667522220628,-2.735950210158279,1.7996679887764908,0.007367256011587333,1576658849822208881
7.048445056130946e-05,1.2633028766175727,-2.7343479979049485,1.7985175463963032,0.007367256011587333,1576658849832220077
7.048445056130946e-05,1.2629101775358738,-2.732792909541421,1.796968873961435,0.007367256011587333,1576658849842206954
7.048445056130946e-05,1.2623563711386063,-2.7310336176554113,1.795110467039593,0.007367256011587333,1576658849852171897
7.048445056130946e-05,1.261611249804101,-2.729227201879597,1.793694537956285,0.007367256011587333,1576658849862207889
7.048445056130946e-05,1.2610373049923875,-2.727357954250711,1.792411352224537,0.007367256011587333,1576658849872203111
7.048445056130946e-05,1.260463360180674,-2.725787157923916,1.7916591398990298,0.007367256011587333,1576658849882216930
7.048445056130946e-05,1.2598491385400683,-2.724232069560389,1.7910617948170093,0.007367256011587333,1576658849892205953
7.048445056130946e-05,1.2590939479983398,-2.7221429104457515,1.7899556002206747,0.007367256011587333,1576658849902208089
7.048445056130946e-05,1.2584998647721803,-2.720195123000526,1.7886724144889268,0.007367256011587333,1576658849912173032
7.048445056130946e-05,1.257774881852121,-2.7184672470410516,1.7874113526491053,0.007367256011587333,1576658849922209024
7.048445056130946e-05,1.2569391376526085,-2.716519459595826,1.7863272819446978,0.007367256011587333,1576658849932207107
7.048445056130946e-05,1.2561638086964342,-2.7146816278934764,1.785530821835337,0.007367256011587333,1576658849942204952
7.048445056130946e-05,1.2555999330919436,-2.712639592668643,1.7842697599955157,0.007367256011587333,1576658849952207088
7.048445056130946e-05,1.2546433584057546,-2.7107860530030248,1.7828759548041342,0.007367256011587333,1576658849962204933
7.048445056130946e-05,1.2539083062784722,-2.708853973521067,1.7815706451804596,0.007367256011587333,1576658849972206115
7.048445056130946e-05,1.2529920084211752,-2.706874770149305,1.780685689503392,0.007367256011587333,1576658849982204914
7.048445056130946e-05,1.2522569562938928,-2.704958398630616,1.7802210877729314,0.007367256011587333,1576658849992203950
7.048445056130946e-05,1.251572250202726,-2.7035132660099643,1.7796016187989843,0.007367256011587333,1576658850002202033
7.048445056130946e-05,1.2505552602731984,-2.702021009499509,1.77836268085109,0.007367256011587333,1576658850012202978
7.048445056130946e-05,1.2498000697314702,-2.699900434458336,1.7770352473354885,0.007367256011587333,1576658850022202968
7.048445056130946e-05,1.249095225225857,-2.6976070718212157,1.7759290527391542,0.007367256011587333,1576658850032200098
7.048445056130946e-05,1.2481185121252216,-2.695989151604617,1.7755308226844737,0.007367256011587333,1576658850042206048
7.048445056130946e-05,1.2474338060340548,-2.6944811871308936,1.7753095837652066,0.007367256011587333,1576658850052172899
7.048445056130946e-05,1.2465879926273191,-2.6927690191346874,1.7741148936011657,0.007367256011587333,1576658850062206983
7.048445056130946e-05,1.2457220408061371,-2.6909154794690693,1.7724998494905173,0.007367256011587333,1576658850072206974
7.048445056130946e-05,1.2451279575799776,-2.68945463888515,1.771172415974916,0.007367256011587333,1576658850082206010
7.048445056130946e-05,1.2440807600287809,-2.6880723381175704,1.7702874602978484,0.007367256011587333,1576658850092205047
7.048445056130946e-05,1.2433255694870526,-2.6863915860479,1.7700662213785818,0.007367256011587333,1576658850102207899
7.048445056130946e-05,1.2426106557742165,-2.6847893737945694,1.7696679913239013,0.007367256011587333,1576658850112210988
7.048445056130946e-05,1.2418856728541574,-2.6835013208065974,1.7686060445114202,0.007367256011587333,1576658850122215032
7.048445056130946e-05,1.2412412435918825,-2.6822918076349653,1.7676768410504993,0.007367256011587333,1576658850132194042
7.048445056130946e-05,1.240375291770701,-2.6807524272347063,1.7674113543473788,0.007367256011587333,1576658850142208099
7.048445056130946e-05,1.2397006548867568,-2.6796685777692177,1.7672343632119654,0.007367256011587333,1576658850152205944
7.048445056130946e-05,1.2392676789761659,-2.678616144230266,1.7665042747783848,0.007367256011587333,1576658850162204980
7.048445056130946e-05,1.2384621423983224,-2.67720242753615,1.765353832398197,0.007367256011587333,1576658850172199010
7.048445056130946e-05,1.2378277823432706,-2.676149993997197,1.7647343634242498,0.007367256011587333,1576658850182205915
7.048445056130946e-05,1.2373645988110105,-2.6752546400909245,1.764712239532323,0.007367256011587333,1576658850192209959
7.048445056130946e-05,1.2365993390620593,-2.674233622478508,1.7645352483969095,0.007367256011587333,1576658850202188014
7.048445056130946e-05,1.2361965707731375,-2.6732126048660905,1.7636502927198419,0.007367256011587333,1576658850212208032
7.048445056130946e-05,1.2357837332769928,-2.6725528704088366,1.762167991960754,0.007367256011587333,1576658850222209930
7.048445056130946e-05,1.2352802729158405,-2.671578976686224,1.7612830362836862,0.007367256011587333,1576658850232217073
7.048445056130946e-05,1.2348775046269187,-2.6708878263024345,1.7615263990948797,0.007367256011587333,1576658850242202043
7.048445056130946e-05,1.234494874752443,-2.670526543147272,1.7616591424464398,0.007367256011587333,1576658850252202033
7.048445056130946e-05,1.2340921064635213,-2.6696311892409987,1.760862682337079,0.007367256011587333,1576658850262204885
7.048445056130946e-05,1.233820237868499,-2.66915995034296,1.7596458682811114,0.007367256011587333,1576658850272216081
7.048445056130946e-05,1.2335584384807,-2.6687829592245293,1.7590485231990907,0.007367256011587333,1576658850282212972
7.048445056130946e-05,1.2332462930567856,-2.668358844216294,1.7594025054699178,0.007367256011587333,1576658850292207956
7.048445056130946e-05,1.23309525494844,-2.6680446849509356,1.7595131249295513,0.007367256011587333,1576658850302200078
7.048445056130946e-05,1.232873732389533,-2.6677148177223087,1.7587609126040435,0.007367256011587333,1576658850312201023
7.048445056130946e-05,1.2327730403173025,-2.66747919827329,1.7577432135754163,0.007367256011587333,1576658850322207927
7.048445056130946e-05,1.2326522098306258,-2.6673064106773423,1.7576104702238557,0.007367256011587333,1576658850332205057
7.048445056130946e-05,1.2325615869656186,-2.6672278708610024,1.7580308241704627,0.007367256011587333,1576658850342211008
7.048445056130946e-05,1.2325213101367263,-2.6671650390079304,1.7576325941157824,0.007367256011587333,1576658850352206945
7.048445056130946e-05,1.2325313793439494,-2.6671493310446626,1.7568361340064218,0.007367256011587333,1576658850362210035
7.048445056130946e-05,1.2325112409295031,-2.6671493310446626,1.7563494083840345,0.007367256011587333,1576658850372210979
7.048445056130946e-05,1.2325515177583954,-2.6671493310446626,1.7563715322759614,0.007367256011587333,1576658850382214069
7.048445056130946e-05,1.232622002208957,-2.667259286787538,1.7563936561678877,0.007367256011587333,1576658850392218112
7.048445056130946e-05,1.2327025558667413,-2.667337826603878,1.756039673897061,0.007367256011587333,1576658850402204990
7.048445056130946e-05,1.2328133171461946,-2.6673849504936817,1.7555087004908203,0.007367256011587333,1576658850412208080
7.048445056130946e-05,1.2329744244617633,-2.6677462336488444,1.7554423288150405,0.007367256011587333,1576658850422177076
7.048445056130946e-05,1.2331053241556629,-2.6678090655019164,1.7556193199504537,0.007367256011587333,1576658850432207107
7.048445056130946e-05,1.2332664314712316,-2.6682331805101516,1.7553538332473337,0.007367256011587333,1576658850442207098
7.048445056130946e-05,1.2334275387868003,-2.668358844216294,1.7547786120572397,0.007367256011587333,1576658850452178001
7.048445056130946e-05,1.2336691997601534,-2.6686415875551175,1.7543361342187058,0.007367256011587333,1576658850462204933
7.048445056130946e-05,1.233840376282945,-2.6689243308939408,1.754402505894486,0.007367256011587333,1576658850472202062
7.048445056130946e-05,1.234071968049075,-2.66915995034296,1.7544910014621926,0.007367256011587333,1576658850482209920
7.048445056130946e-05,1.2342129369501977,-2.669552649424659,1.7542255147590724,0.007367256011587333,1576658850492219924
7.048445056130946e-05,1.23448480554522,-2.6698196848002143,1.7537830369205385,0.007367256011587333,1576658850502207994
7.048445056130946e-05,1.2346660512752345,-2.670086720175769,1.753760913028612,0.007367256011587333,1576658850512202024
7.048445056130946e-05,1.2348875738341416,-2.6703851714778604,1.7539600280559522,0.007367256011587333,1576658850522206068
7.048445056130946e-05,1.2350285427352643,-2.6705893750003433,1.7537166652447587,0.007367256011587333,1576658850532202959
7.048445056130946e-05,1.235209788465279,-2.670872118339166,1.753274187406225,0.007367256011587333,1576658850542210102
7.048445056130946e-05,1.2353910341952938,-2.671139153714722,1.753274187406225,0.007367256011587333,1576658850552181005
7.048445056130946e-05,1.2355219338891936,-2.6712334014943293,1.7534511785416382,0.007367256011587333,1576658850562203884
7.048445056130946e-05,1.23564276437587,-2.6714376050168123,1.7532299396223714,0.007367256011587333,1576658850572208881
7.048445056130946e-05,1.2357031796192082,-2.6714690209433485,1.7529202051353978,0.007367256011587333,1576658850582207918
7.048445056130946e-05,1.2357635948625465,-2.671578976686224,1.7529423290273245,0.007367256011587333,1576658850592215061
7.048445056130946e-05,1.2358139408986617,-2.6715632687229562,1.7530308245950312,0.007367256011587333,1576658850602209091
7.048445056130946e-05,1.2358038716914388,-2.6717203483556355,1.753052948486958,0.007367256011587333,1576658850612185955
7.048445056130946e-05,1.2357233180336544,-2.671578976686224,1.753052948486958,0.007367256011587333,1576658850622210025
7.048445056130946e-05,1.235652833583093,-2.6715004368698847,1.753052948486958,0.007367256011587333,1576658850632211923
7.048445056130946e-05,1.2355521415108626,-2.671359065200473,1.753052948486958,0.007367256011587333,1576658850642209053
7.048445056130946e-05,1.2352903421230634,-2.6710763218616496,1.7530971962708113,0.007367256011587333,1576658850652200937
7.048445056130946e-05,1.235209788465279,-2.6709506581555065,1.7533184351900781,0.007367256011587333,1576658850662204980
7.048445056130946e-05,1.2347264665185729,-2.6703223396247884,1.7534069307577849,0.007367256011587333,1576658850672204971
7.048445056130946e-05,1.234525082374112,-2.6699924723961614,1.7534733024335651,0.007367256011587333,1576658850682244062
7.048445056130946e-05,1.2341021756707442,-2.6697411449838744,1.7536724174609055,0.007367256011587333,1576658850692213058
7.048445056130946e-05,1.2337094765890455,-2.6689243308939408,1.7539600280559522,0.007367256011587333,1576658850702207088
7.048445056130946e-05,1.2331657393990012,-2.668327428289759,1.7539821519478789,0.007367256011587333,1576658850712192058
7.048445056130946e-05,1.2326119330017338,-2.6677619416121128,1.754269762542926,0.007367256011587333,1576658850722206115
7.048445056130946e-05,1.2318768808744514,-2.6669137115956434,1.7546016209218265,0.007367256011587333,1576658850732202053
7.048445056130946e-05,1.231313005269961,-2.6660026497261025,1.754756488165313,0.007367256011587333,1576658850742208957
7.048445056130946e-05,1.2304470534487792,-2.6649816321136854,1.75504409876036,0.007367256011587333,1576658850752204895
7.048445056130946e-05,1.2296918629070508,-2.663866366721661,1.755530824382747,0.007367256011587333,1576658850762209892
7.048445056130946e-05,1.2287050805991926,-2.663018136705192,1.7558405588697208,0.007367256011587333,1576658850772212028
7.048445056130946e-05,1.227909613228572,-2.6619814111295077,1.755906930545501,0.007367256011587333,1576658850782212018
7.048445056130946e-05,1.2269933153712749,-2.6604891546190523,1.756172417248621,0.007367256011587333,1576658850792196989
7.048445056130946e-05,1.2257850105045098,-2.659044021998401,1.7567918862225682,0.007367256011587333,1576658850802207946
7.048445056130946e-05,1.224536428808852,-2.6576774291940897,1.7575662224400022,0.007367256011587333,1576658850812206029
7.048445056130946e-05,1.2236402693660013,-2.65621658861017,1.7579644524946827,0.007367256011587333,1576658850822206974
7.048445056130946e-05,1.222391687670344,-2.6546457922833753,1.7577653374673425,0.007367256011587333,1576658850832209110
7.048445056130946e-05,1.2208007529291027,-2.653216367625992,1.7580529480623897,0.007367256011587333,1576658850842214107
7.048445056130946e-05,1.2195622404406683,-2.651252872217498,1.759092770982944,0.007367256011587333,1576658850852215051
7.048445056130946e-05,1.218323727952234,-2.6495564121845594,1.7598892310923049,0.007367256011587333,1576658850862205028
7.048445056130946e-05,1.2167932084543314,-2.6477814123352816,1.7599777266600116,0.007367256011587333,1576658850872178077
7.048445056130946e-05,1.214920335910845,-2.6456765452573765,1.7599777266600116,0.007367256011587333,1576658850882193088
7.048445056130946e-05,1.2135106468996189,-2.643697341885615,1.7606856912016657,0.007367256011587333,1576658850892203092
7.048445056130946e-05,1.211949919780047,-2.641969465926141,1.7618140096899266,0.007367256011587333,1576658850902203083
7.048445056130946e-05,1.2101978777232374,-2.6400216784809145,1.7627874609347007,0.007367256011587333,1576658850912201881
7.048445056130946e-05,1.208496181702543,-2.6379325193662777,1.7632299387732346,0.007367256011587333,1576658850922199964
7.048445056130946e-05,1.206512547879603,-2.6354820770964773,1.763561797152135,0.007367256011587333,1576658850932209968
7.048445056130946e-05,1.2048007826516858,-2.6332986702022323,1.7644025050453493,0.007367256011587333,1576658850942198991
7.048445056130946e-05,1.2031897094959985,-2.631256634977399,1.7655308235336107,0.007367256011587333,1576658850952203989
7.048445056130946e-05,1.2012765601236202,-2.6289475643770106,1.766260911967191,0.007367256011587333,1576658850962203025
7.048445056130946e-05,1.199635279346264,-2.6268426972991055,1.7665042747783848,0.007367256011587333,1576658850972201108
7.048445056130946e-05,1.197158254369395,-2.623921016131267,1.7671901154281118,0.007367256011587333,1576658850982208967
7.048445056130946e-05,1.1952249665825705,-2.6217061933104864,1.7680971949971065,0.007367256011587333,1576658850992233037
7.048445056130946e-05,1.1933621632463074,-2.61938141474683,1.7690706462418806,0.007367256011587333,1576658851002213001
7.048445056130946e-05,1.1913785294233676,-2.6166953530280104,1.7693140090530743,0.007367256011587333,1576658851012207984
7.048445056130946e-05,1.1894754492582125,-2.6145119461337654,1.7693582568369275,0.007367256011587333,1576658851022203922
7.048445056130946e-05,1.1874817462280496,-2.612249999423181,1.770088345270508,0.007367256011587333,1576658851032208919
7.048445056130946e-05,1.1853571435039871,-2.6096896014105053,1.771260911542623,0.007367256011587333,1576658851042207002
7.048445056130946e-05,1.183484270960501,-2.6073805308101172,1.77207949554391,0.007367256011587333,1576658851052206993
7.048445056130946e-05,1.1815006371375614,-2.604851548723977,1.772787460085564,0.007367256011587333,1576658851062211990
7.048445056130946e-05,1.17957741855796,-2.6025581860868567,1.7731193184644645,0.007367256011587333,1576658851072218894
7.048445056130946e-05,1.177553507906128,-2.600092035853788,1.773805159114192,0.007367256011587333,1576658851082205057
7.048445056130946e-05,1.1754993896326271,-2.5975944696941844,1.7750219731701595,0.007367256011587333,1576658851092215061
7.048445056130946e-05,1.1738480396480477,-2.595568142432619,1.7759954244149345,0.007367256011587333,1576658851102212905
7.048445056130946e-05,1.1716630216806472,-2.5927721249709244,1.7767033889565882,0.007367256011587333,1576658851112185955
7.048445056130946e-05,1.1697700107227147,-2.590682965856287,1.7768361323081485,0.007367256011587333,1576658851122174978
7.048445056130946e-05,1.1678467921431135,-2.5884838509987746,1.777367105714389,0.007367256011587333,1576658851132184028
7.048445056130946e-05,1.1662055113657572,-2.586127656508582,1.7785617958784303,0.007367256011587333,1576658851142211914
7.048445056130946e-05,1.164332638822271,-2.5840384973939443,1.7792476365281573,0.007367256011587333,1576658851152204990
7.048445056130946e-05,1.1626108043871306,-2.5819807542058433,1.7795573710151311,0.007367256011587333,1576658851162209987
7.048445056130946e-05,1.1609594544025512,-2.579781639348331,1.7797343621505444,0.007367256011587333,1576658851172209024
7.048445056130946e-05,1.1591671355168494,-2.5779595156092485,1.7801547160971514,0.007367256011587333,1576658851182213068
7.048445056130946e-05,1.1575359239467162,-2.5758075246415393,1.7810839195580725,0.007367256011587333,1576658851192198038
7.048445056130946e-05,1.1560557504849287,-2.5741424805351367,1.7817918840997267,0.007367256011587333,1576658851202219963
7.048445056130946e-05,1.1544950233653568,-2.572273232906251,1.7818582557755067,0.007367256011587333,1576658851212204933
7.048445056130946e-05,1.1528638117952235,-2.5702311976814176,1.78190250355936,0.007367256011587333,1576658851222208023
7.048445056130946e-05,1.1514239151623282,-2.568566153575015,1.7825662203171608,0.007367256011587333,1576658851232209920
7.048445056130946e-05,1.1500142261511022,-2.567340932440115,1.783827282156982,0.007367256011587333,1576658851242213010
7.048445056130946e-05,1.1490173746360206,-2.565990047599071,1.7844246272390027,0.007367256011587333,1576658851252213001
7.048445056130946e-05,1.1478292081837014,-2.5641679238599893,1.7843361316712958,0.007367256011587333,1576658851262211084
7.048445056130946e-05,1.1462986886857989,-2.562644251422998,1.7844909989147828,0.007367256011587333,1576658851272206068
7.048445056130946e-05,1.1454830829007323,-2.561419030288098,1.7852874590241434,0.007367256011587333,1576658851282207965
7.048445056130946e-05,1.1444157469350895,-2.560225225079734,1.7858405563223108,0.007367256011587333,1576658851292205095
7.048445056130946e-05,1.1433685493838928,-2.5589371720917624,1.7859732996738709,0.007367256011587333,1576658851302206039
7.048445056130946e-05,1.1423817670760346,-2.5574920394711107,1.7859732996738709,0.007367256011587333,1576658851312218904
7.048445056130946e-05,1.1416970609848676,-2.5567066413077133,1.7865263969720382,0.007367256011587333,1576658851322206020
7.048445056130946e-05,1.1407505555059012,-2.5557170396218325,1.7873449809733253,0.007367256011587333,1576658851332205057
7.048445056130946e-05,1.1400658494147344,-2.554774561825756,1.7876989632441525,0.007367256011587333,1576658851342175960
7.048445056130946e-05,1.1394717661885747,-2.554177659221574,1.7874998482168123,0.007367256011587333,1576658851352202892
7.048445056130946e-05,1.1385353299168317,-2.553156641609157,1.7872122376217652,0.007367256011587333,1576658851362193107
7.048445056130946e-05,1.1381124232134636,-2.55237124344576,1.7878980782714928,0.007367256011587333,1576658851372205972
7.048445056130946e-05,1.1376391704739808,-2.5521199160334724,1.7885396711373667,0.007367256011587333,1576658851382216930
7.048445056130946e-05,1.1371155716983825,-2.5514130576864145,1.7884511755696597,0.007367256011587333,1576658851392210960
7.048445056130946e-05,1.1367631494455759,-2.550721907302625,1.7879865738391993,0.007367256011587333,1576658851402209997
7.048445056130946e-05,1.1363100351205389,-2.5504705798903378,1.788163564974613,0.007367256011587333,1576658851412209987
7.048445056130946e-05,1.1359676820749556,-2.550030756918835,1.7888272817324138,0.007367256011587333,1576658851422209978
7.048445056130946e-05,1.1356656058582641,-2.5496066419106005,1.7891591401113143,0.007367256011587333,1576658851432234048
7.048445056130946e-05,1.135423944884911,-2.5494024383881175,1.7887609100566335,0.007367256011587333,1576658851442205905
7.048445056130946e-05,1.1352426991548963,-2.5491196950492943,1.7884732994615864,0.007367256011587333,1576658851452208995
7.048445056130946e-05,1.1351319378754428,-2.5489626154166145,1.7889821489759001,0.007367256011587333,1576658851462203979
7.048445056130946e-05,1.1348902769020899,-2.5487269959675953,1.7892697595709472,0.007367256011587333,1576658851472206115
7.048445056130946e-05,1.1348298616587515,-2.548601332261452,1.788937901192047,0.007367256011587333,1576658851482206106
7.048445056130946e-05,1.1347191003792978,-2.5484599605920404,1.788650290597,0.007367256011587333,1576658851492211103
7.048445056130946e-05,1.1346788235504057,-2.5483500048491647,1.789092768435534,0.007367256011587333,1576658851502207040
7.048445056130946e-05,1.134517716234837,-2.548255757069557,1.7893803790305807,0.007367256011587333,1576658851512213945
7.048445056130946e-05,1.134517716234837,-2.548208633179753,1.7893140073548006,0.007367256011587333,1576658851522217035
7.048445056130946e-05,1.134517716234837,-2.5481772172532176,1.788937901192047,0.007367256011587333,1576658851532211065
7.048445056130946e-05,1.134507647027614,-2.5481458013266813,1.7888272817324138,0.007367256011587333,1576658851542210102
7.048445056130946e-05,1.134497577820391,-2.5481300933634135,1.789070644543607,0.007367256011587333,1576658851552210092
7.048445056130946e-05,1.134477439405945,-2.5481300933634135,1.7892033878951674,0.007367256011587333,1576658851562211990
7.048445056130946e-05,1.1344573009914987,-2.5481300933634135,1.7891591401113143,0.007367256011587333,1576658851572211027
7.048445056130946e-05,1.1344573009914987,-2.548114385400145,1.7891591401113143,0.007367256011587333,1576658851582210063
7.048445056130946e-05,1.1344472317842758,-2.548114385400145,1.7891591401113143,0.007367256011587333,1576658851592242956
