time,spline_interp_window,mean_error_neg,mean_error_pos
1,200,5.89883697443838e-12,-5.89883697443838e-12
4,200,-3.06189617096479e-06,3.61202480202767e-07
7,200,-9.73845076624288e-06,3.70506915145156e-07
10,200,-1.80412301906076e-05,-3.77587956884037e-07
13,200,-2.60674902777921e-05,-1.53764392078192e-06
16,200,-3.28500308501351e-05,-2.35554862895452e-06
19,200,-3.84559545897411e-05,-2.06134747145536e-06
22,200,-4.3628561115792e-05,-4.66329533632212e-07
25,200,-4.94359028164887e-05,1.80664797081954e-06
28,200,-5.69999783095095e-05,3.54799726670395e-06
31,200,-6.70062295099541e-05,3.34981176884298e-06
34,200,-7.94997491828105e-05,1.4175669147206e-07
37,200,-9.41643426061918e-05,-6.23397522517395e-06
40,200,-0.000110749903935952,-1.46695243934379e-05
43,200,-0.000129090978494849,-2.25219161027265e-05
46,200,-0.000149102143856663,-2.62172140545719e-05
49,200,-0.000170684194046405,-2.31246967191538e-05
52,200,-0.000193439815509498,-1.28484064065746e-05
55,200,-0.000216613274184602,2.50723727288501e-06
58,200,-0.000239136439493174,1.9345044552329e-05
61,200,-0.000259869051634518,3.41518796876978e-05
64,200,-0.000278285126636798,4.50566002640954e-05
67,200,-0.000294673616779118,5.1940010393155e-05
70,200,-0.000310022759649895,5.60538895596368e-05
73,200,-0.000325630666240801,5.95078756378409e-05
76,200,-0.000342691094729177,6.4614479981182e-05
79,200,-0.000362073645051338,7.28137164541544e-05
82,200,-0.000384410783749483,8.39787873246783e-05
85,200,-0.000410151129537634,9.69326246886376e-05
88,200,-0.000439189569820769,0.000110347766820094
91,200,-0.000470644662511761,0.000123329971870974
94,200,-0.000502993098825983,0.00013561767801176
97,200,-0.000534697427226541,0.000147592980756758
100,200,-0.00056450386512937,0.000160083262307171
103,200,-0.000591531684093489,0.000173807410939983
106,200,-0.000615385079684559,0.000188477967682421
109,200,-0.000636017224656029,0.000202683635299717
112,200,-0.000653776950518895,0.000214927487199589
115,200,-0.000669076718854413,0.000224895235790758
118,200,-0.000681534070504414,0.00023349806580299
121,200,-0.000690184561364557,0.000242251285580797
124,200,-0.000694644386000886,0.000252373846175147
127,200,-0.000695354179372898,0.000264250247839991
130,200,-0.000692879695605873,0.000277318913893899
133,200,-0.000687279809746021,0.000290452846252629
136,200,-0.000678300250134717,0.000302378873293845
139,200,-0.000666115011781091,0.000311987049724989
142,200,-0.000651531997983545,0.000318514004419179
145,200,-0.000635664381059342,0.000321576094398249
148,200,-0.000619164439442773,0.000321088330146233
151,200,-0.000601851945332873,0.000317087918812182
154,200,-0.000583025208381192,0.000309629236224041
157,200,-0.00056202032899519,0.000298744776106601
160,200,-0.000538156601600647,0.000284302061988482
163,200,-0.000510559970698114,0.000266010719964323
166,200,-0.000478219342539046,0.000243784383572952
169,200,-0.000440164606603987,0.000218169492965578
172,200,-0.000396052741479534,0.000190231307187283
175,200,-0.000346053564451548,0.00016096690875005
178,200,-0.000290307263153129,0.00013080940538017
181,200,-0.000229211598742655,9.9572214975528e-05
184,200,-0.000164106422757235,6.66502570926631e-05
187,200,-9.72038022186937e-05,3.11652498056258e-05
190,200,-3.06938496121791e-05,-7.92252049177702e-06
193,200,3.380969175833e-05,-5.17120240255792e-05
196,200,9.56986992096868e-05,-0.000101035245711387
199,200,0.00015568296929658,-0.000156068132720706
202,200,0.000215296979814185,-0.000215296979814181
205,200,0.000271174048227815,-0.000271174048227818
208,200,0.000322692045120501,-0.000322692045120492
211,200,0.000369894884884774,-0.000369894884884765
214,200,0.00041284150819844,-0.000412841508198437
217,200,0.000451604767156307,-0.000451604767156308
220,200,0.000486270318530905,-0.000486270318530898
223,200,0.000516935529211619,-0.000516935529211615
226,200,0.000543708397593006,-0.000543708397592994
229,200,0.000566706494396963,-0.000566706494396964
232,200,0.000586055926131057,-0.000586055926131051
235,200,0.000601890324102439,-0.000601890324102435
238,200,0.000614349861629833,-0.000614349861629829
241,200,0.000623580301824673,-0.000623580301824672
244,200,0.000629732078046381,-0.000629732078046378
247,200,0.000632959408879004,-0.000632959408879002
250,200,0.000633419449227372,-0.000633419449227369
253,200,0.000631271478888426,-0.000631271478888424
256,200,0.00062667612972221,-0.000626676129722208
259,200,0.000619794652322767,-0.000619794652322766
262,200,0.000610788222876668,-0.000610788222876668
265,200,0.000599817290692242,-0.000599817290692238
268,200,0.000587040966689374,-0.000587040966689374
271,200,0.000572616452955854,-0.000572616452955853
274,200,0.000556698513302747,-0.000556698513302748
277,200,0.000539438984588617,-0.000539438984588613
280,200,0.000520986328429474,-0.000520986328429476
283,200,0.000501485222769015,-0.000501485222769016
286,200,0.000481076192652899,-0.000481076192652902
289,200,0.000459895279427586,-0.000459895279427582
292,200,0.000438073747475275,-0.000438073747475276
295,200,0.000415737827492842,-0.000415737827492841
298,200,0.000393008495234184,-0.000393008495234185
1,205,5.89883697443838e-12,-5.89883697443838e-12
4,205,-2.7676021386383e-06,1.05757850003262e-07
7,205,-8.72393406254628e-06,-5.10061750183728e-07
10,205,-1.59005067029181e-05,-2.23561893890002e-06
13,205,-2.24145204199247e-05,-4.70813437769792e-06
16,205,-2.73187195623456e-05,-7.15615459562459e-06
19,205,-3.07001513386924e-05,-8.79238385938484e-06
22,205,-3.33220598945962e-05,-9.41077013097151e-06
25,205,-3.62724421446812e-05,-9.61682950071249e-06
28,205,-4.06932412330542e-05,-1.06028086204636e-05
31,205,-4.72898436012472e-05,-1.37592729520472e-05
34,205,-5.61272865406646e-05,-2.0139216157869e-05
37,205,-6.69093198558818e-05,-2.98831043743367e-05
40,205,-7.94057822291533e-05,-4.18657368904408e-05
43,205,-9.34711635096781e-05,-5.34267978722358e-05
46,205,-0.000109039985797663,-6.09750098979016e-05
49,205,-0.000126032987644568,-6.18623103142486e-05
52,205,-0.000144072800022211,-5.5675400308055e-05
55,205,-0.000162423633395707,-4.45013583662182e-05
58,205,-0.000180037301712934,-3.19200331322917e-05
61,205,-0.000195793489699642,-2.14272192269694e-05
64,205,-0.000209186157910399,-1.48767179418219e-05
67,205,-0.000220524203150758,-1.23703840418259e-05
70,205,-0.000230815807535559,-1.26390969188858e-05
73,205,-0.000241379026582912,-1.35558775753426e-05
76,205,-0.000253427562996577,-1.27908735344283e-05
79,205,-0.000267850961239306,-8.88672980829186e-06
82,205,-0.00028530163237972,-1.95290300566154e-06
85,205,-0.000306248139658291,6.85088009270563e-06
88,205,-0.000330605315006399,1.62144988842206e-05
91,205,-0.000357511660863367,2.52610526441647e-05
94,205,-0.00038546381297099,3.37463206663765e-05
97,205,-0.000412944264318814,4.20697395885178e-05
100,205,-0.000438719176849194,5.10760327351437e-05
103,205,-0.000461927766647586,6.15014295065905e-05
106,205,-0.000482194173806065,7.30758120534518e-05
109,205,-0.000499491515604536,8.44052242643006e-05
112,205,-0.000514188568080402,9.40100806702119e-05
115,205,-0.000526717737341361,0.000101593434803276
118,205,-0.000536716508755675,0.000108083812516591
121,205,-0.000543240382745421,0.000115013863278046
124,205,-0.000545925498403085,0.000123619879261934
127,205,-0.000545232435214592,0.000134303701845587
130,205,-0.00054174689183166,0.000146521095470917
133,205,-0.000535547687826908,0.000159162403177043
136,205,-0.000526400496068153,0.000170971794464978
139,205,-0.000514499256090963,0.000180856665165522
142,205,-0.000500671815720162,0.000188070985275147
145,205,-0.000486051291799442,0.000192248452939041
148,205,-0.000471309907289526,0.000193321419764592
151,205,-0.000456287378915874,0.000191344434024209
154,205,-0.000440301960856479,0.000186389212669187
157,205,-0.000422709698045213,0.000178505590547674
160,205,-0.000402849829434307,0.000167578432311642
163,205,-0.000379868244050722,0.000153334705179089
166,205,-0.000352773792672364,0.000135705383812194
169,205,-0.00032061630930618,0.000115254249485515
172,205,-0.000283072717065225,9.30639023675074e-05
175,205,-0.000240332777761765,7.01487660934883e-05
178,205,-0.000192556623555372,4.69592895131136e-05
181,205,-0.000140161960130786,2.33262316476107e-05
184,205,-8.45085835516099e-05,-1.33814682309455e-06
187,205,-2.78285053660582e-05,-2.78947867016445e-05
190,205,2.76682174142432e-05,-5.73660604708271e-05
193,205,8.03478969589545e-05,-9.08335972333683e-05
196,205,0.000129582466058446,-0.000129112040781483
199,205,0.000176061776741005,-0.000172359997163353
202,205,0.00022208731052216,-0.000220042185434855
205,205,0.000271174048227815,-0.000271174048227818
208,205,0.000322692045120501,-0.000322692045120492
211,205,0.000369894884884774,-0.000369894884884765
214,205,0.00041284150819844,-0.000412841508198437
217,205,0.000451604767156307,-0.000451604767156308
220,205,0.000486270318530905,-0.000486270318530898
223,205,0.000516935529211619,-0.000516935529211615
226,205,0.000543708397593006,-0.000543708397592994
229,205,0.000566706494396963,-0.000566706494396964
232,205,0.000586055926131057,-0.000586055926131051
235,205,0.000601890324102439,-0.000601890324102435
238,205,0.000614349861629833,-0.000614349861629829
241,205,0.000623580301824673,-0.000623580301824672
244,205,0.000629732078046381,-0.000629732078046378
247,205,0.000632959408879004,-0.000632959408879002
250,205,0.000633419449227372,-0.000633419449227369
253,205,0.000631271478888426,-0.000631271478888424
256,205,0.00062667612972221,-0.000626676129722208
259,205,0.000619794652322767,-0.000619794652322766
262,205,0.000610788222876668,-0.000610788222876668
265,205,0.000599817290692242,-0.000599817290692238
268,205,0.000587040966689374,-0.000587040966689374
271,205,0.000572616452955854,-0.000572616452955853
274,205,0.000556698513302747,-0.000556698513302748
277,205,0.000539438984588617,-0.000539438984588613
280,205,0.000520986328429474,-0.000520986328429476
283,205,0.000501485222769015,-0.000501485222769016
286,205,0.000481076192652899,-0.000481076192652902
289,205,0.000459895279427586,-0.000459895279427582
292,205,0.000438073747475275,-0.000438073747475276
295,205,0.000415737827492842,-0.000415737827492841
298,205,0.000393008495234184,-0.000393008495234185
1,210,5.89883697443838e-12,-5.89883697443838e-12
4,210,-2.39417945545791e-06,-1.05595539990414e-07
7,210,-7.43617689182482e-06,-1.23891888317499e-06
10,210,-1.31822175236593e-05,-3.77414194106552e-06
13,210,-1.77742159944967e-05,-7.3344971483824e-06
16,210,-2.02896309364787e-05,-1.11345428073275e-05
19,210,-2.08402238414951e-05,-1.43729949577832e-05
22,210,-2.02139531385384e-05,-1.68298133349001e-05
25,210,-1.95235300256095e-05,-1.90965258021938e-05
28,210,-1.9935611930168e-05,-2.23513907846561e-05
31,210,-2.21802995771275e-05,-2.79709855172938e-05
34,210,-2.63473445412588e-05,-3.69943154356798e-05
37,210,-3.21652109105081e-05,-4.95478584493831e-05
40,210,-3.94284516504789e-05,-6.44924256205682e-05
43,210,-4.80162708937537e-05,-7.91537128884463e-05
46,210,-5.78879050239118e-05,-8.9926454604369e-05
49,210,-6.89888068757735e-05,-9.41485998883187e-05
52,210,-8.09663217045182e-05,-9.1392861700226e-05
55,210,-9.3109374258632e-05,-8.37323303001627e-05
58,210,-0.000104394492769379,-7.47328661048505e-05
61,210,-0.000113726076245862,-6.78762755081597e-05
64,210,-0.000120622799526004,-6.50023715748025e-05
67,210,-0.000125418273698753,-6.61990208429408e-05
70,210,-0.000129145395162295,-7.01831144776448e-05
73,210,-0.000133146933718129,-7.48136852544118e-05
76,210,-0.000138661306353357,-7.77468924696497e-05
79,210,-0.000146602771814115,-7.75113929086692e-05
82,210,-0.000157648455452397,-7.42026549533792e-05
85,210,-0.000172291634792033,-6.89664171576782e-05
88,210,-0.000190471856047767,-6.30988118973437e-05
91,210,-0.0002113523359423,-5.74627516702451e-05
94,210,-0.000233454424500793,-5.22884689557276e-05
97,210,-0.000255285328996158,-4.71625388892764e-05
100,210,-0.000275635925654113,-4.12262499195145e-05
103,210,-0.000293670144843483,-3.37293844192675e-05
106,210,-0.000309036840939725,-2.49280720111161e-05
109,210,-0.000321733845506096,-1.62022805796475e-05
112,210,-0.00033215464886338,-9.01760736695803e-06
115,210,-0.000340756371402629,-3.65701061412267e-06
118,210,-0.000347201212775476,8.22023758799007e-07
121,210,-0.000350569387687383,5.96613344651563e-06
124,210,-0.000350521749514182,1.3025598850161e-05
127,210,-0.000347543592025171,2.24162495739039e-05
130,210,-0.000342245328155442,3.36078382864868e-05
133,210,-0.000334730491760982,4.55046962538572e-05
136,210,-0.000324789469992975,5.68649812038677e-05
139,210,-0.000312640916670347,6.66100771941453e-05
142,210,-0.000299137393901301,7.40079424480081e-05
145,210,-0.000285436732812896,7.87062633374618e-05
148,210,-0.000272235870649214,8.06513796967362e-05
151,210,-0.000259399238419101,7.99118280250669e-05
154,210,-0.000246269804583901,7.65733135005956e-05
157,210,-0.000232228328360863,7.06996591982902e-05
160,210,-0.000216638762985576,6.21897179969651e-05
163,210,-0.000198671711768376,5.07844453414422e-05
166,210,-0.000177360739770545,3.64288041207433e-05
169,210,-0.000151780395282379,1.97005638362567e-05
172,210,-0.000121632315700316,1.6963128832758e-06
175,210,-8.71309771199807e-05,-1.65555368760603e-05
178,210,-4.84612259843389e-05,-3.45905483652533e-05
181,210,-6.06548226144945e-06,-5.25639743362392e-05
184,210,3.86717437016698e-05,-7.10495658822642e-05
187,210,8.34937260734692e-05,-9.08942755791559e-05
190,210,0.000126165693558926,-0.000113106487682838
193,210,0.00016502924404437,-0.000138753843069217
196,210,0.000199431596036759,-0.000168636997303657
199,210,0.000230037887281052,-0.000202900568207556
202,210,0.000259124885009366,-0.000240995286609901
205,210,0.000290182855764307,-0.000281922606915711
208,210,0.000326528541125802,-0.000324890623160014
211,210,0.000369894884884774,-0.000369894884884765
214,210,0.00041284150819844,-0.000412841508198437
217,210,0.000451604767156307,-0.000451604767156308
220,210,0.000486270318530905,-0.000486270318530898
223,210,0.000516935529211619,-0.000516935529211615
226,210,0.000543708397593006,-0.000543708397592994
229,210,0.000566706494396963,-0.000566706494396964
232,210,0.000586055926131057,-0.000586055926131051
235,210,0.000601890324102439,-0.000601890324102435
238,210,0.000614349861629833,-0.000614349861629829
241,210,0.000623580301824673,-0.000623580301824672
244,210,0.000629732078046381,-0.000629732078046378
247,210,0.000632959408879004,-0.000632959408879002
250,210,0.000633419449227372,-0.000633419449227369
253,210,0.000631271478888426,-0.000631271478888424
256,210,0.00062667612972221,-0.000626676129722208
259,210,0.000619794652322767,-0.000619794652322766
262,210,0.000610788222876668,-0.000610788222876668
265,210,0.000599817290692242,-0.000599817290692238
268,210,0.000587040966689374,-0.000587040966689374
271,210,0.000572616452955854,-0.000572616452955853
274,210,0.000556698513302747,-0.000556698513302748
277,210,0.000539438984588617,-0.000539438984588613
280,210,0.000520986328429474,-0.000520986328429476
283,210,0.000501485222769015,-0.000501485222769016
286,210,0.000481076192652899,-0.000481076192652902
289,210,0.000459895279427586,-0.000459895279427582
292,210,0.000438073747475275,-0.000438073747475276
295,210,0.000415737827492842,-0.000415737827492841
298,210,0.000393008495234184,-0.000393008495234185
1,215,5.89883697443838e-12,-5.89883697443838e-12
4,215,-2.0777733641829e-06,-3.2909617821798e-07
7,215,-6.34465950398378e-06,-2.00994474951727e-06
10,215,-1.08773315460547e-05,-5.40228372438926e-06
13,215,-1.38381520460206e-05,-1.01149116365605e-05
16,215,-1.43250275481098e-05,-1.53479528872054e-05
19,215,-1.24701674563048e-05,-2.02856896151922e-05
22,215,-9.08197811169918e-06,-2.46936476546816e-05
25,215,-5.29361862437199e-06,-2.9148920968153e-05
28,215,-2.29219433387249e-06,-3.48153340796062e-05
31,215,-8.2825387720608e-07,-4.30550303230211e-05
34,215,-1.01199674124185e-06,-5.48925812329652e-05
37,215,-2.59233492600393e-06,-7.04400308179994e-05
40,215,-5.38426930918863e-06,-8.85437562392649e-05
43,215,-9.28745193548189e-06,-0.000106515019534964
46,215,-1.42815671005404e-05,-0.000120734121155447
49,215,-2.03325155512786e-05,-0.000128524576319685
52,215,-2.71080904549555e-05,-0.000129444664086578
55,215,-3.39176644721746e-05,-0.0001255530408152
58,215,-3.97582137462661e-05,-0.000120401133021258
61,215,-4.35545851984303e-05,-0.000117456313197617
64,215,-4.48459015786722e-05,-0.000118543960507972
67,215,-4.39862218880455e-05,-0.000123737507589459
70,215,-4.20288904368272e-05,-0.000131739411706161
73,215,-4.0337124938601e-05,-0.000140394271732562
76,215,-4.01697902925332e-05,-0.000147343813064033
79,215,-4.24615931568938e-05,-0.000151102258584896
82,215,-4.79101067957418e-05,-0.000151750642776037
85,215,-5.70290566450059e-05,-0.000150420270290355
88,215,-6.97784368315188e-05,-0.000148392839602603
91,215,-8.53419119900625e-05,-0.000146516829309632
94,215,-0.000102261280057904,-0.000145008037989789
97,215,-0.000119064196220035,-0.000143438606877553
100,215,-0.000134561984614272,-0.000140935390520531
103,215,-0.000147939023521515,-0.000136733737390515
106,215,-0.000158864615229331,-0.00013107534320911
109,215,-0.00016735703921306,-0.000125325741959863
112,215,-0.000173830233705562,-0.000120936096983873
115,215,-0.000178761767009995,-0.000118174932621186
118,215,-0.000181834286690086,-0.000116085300890875
121,215,-0.000182148455363375,-0.000113106130197206
124,215,-0.000179385574317789,-0.000107972706238027
127,215,-0.000174051385234716,-0.000100254765508166
130,215,-0.000166776748961339,-9.04681214378731e-05
133,215,-0.000157685647265737,-7.9694008860182e-05
136,215,-0.000146588915211182,-6.91598361462283e-05
139,215,-0.000133725654528694,-5.99297853373679e-05
142,215,-0.00011996887523856,-5.27214643092879e-05
145,215,-0.000106496856379933,-4.78727527889568e-05
148,215,-9.40269831089848e-05,-4.5422877041133e-05
151,215,-8.2444134346652e-05,-4.52888666655782e-05
154,215,-7.11117264663618e-05,-4.73705825831293e-05
157,215,-5.94309665974687e-05,-5.15897678178075e-05
160,215,-4.67862558876391e-05,-5.80331355897948e-05
163,215,-3.23686455593038e-05,-6.69452965532551e-05
166,215,-1.52321485858366e-05,-7.83668539181454e-05
169,215,5.52823883037987e-06,-9.17056042820718e-05
172,215,3.01904313808093e-05,-0.000105850525348734
175,215,5.85195050577432e-05,-0.000119758771354989
178,215,9.03101655061328e-05,-0.000132951471323293
181,215,0.000125099544845815,-0.000145569444104599
184,215,0.000161482684817692,-0.000158172006891134
187,215,0.000197182411678112,-0.00017159167835772
190,215,0.00022994350621997,-0.000186822408859257
193,215,0.000258087118417509,-0.000204917405370639
196,215,0.000280940018865592,-0.000226662889556226
199,215,0.000299146897397084,-0.00025218904533643
202,215,0.000314964073332018,-0.000280932169639169
205,215,0.000331861365300907,-0.000311879282968482
208,215,0.000353135066971592,-0.000344224045458382
211,215,0.000380497674222897,-0.000377947572749853
214,215,0.000413879273166791,-0.00041368885539932
217,215,0.000451604767156307,-0.000451604767156308
220,215,0.000486270318530905,-0.000486270318530898
223,215,0.000516935529211619,-0.000516935529211615
226,215,0.000543708397593006,-0.000543708397592994
229,215,0.000566706494396963,-0.000566706494396964
232,215,0.000586055926131057,-0.000586055926131051
235,215,0.000601890324102439,-0.000601890324102435
238,215,0.000614349861629833,-0.000614349861629829
241,215,0.000623580301824673,-0.000623580301824672
244,215,0.000629732078046381,-0.000629732078046378
247,215,0.000632959408879004,-0.000632959408879002
250,215,0.000633419449227372,-0.000633419449227369
253,215,0.000631271478888426,-0.000631271478888424
256,215,0.00062667612972221,-0.000626676129722208
259,215,0.000619794652322767,-0.000619794652322766
262,215,0.000610788222876668,-0.000610788222876668
265,215,0.000599817290692242,-0.000599817290692238
268,215,0.000587040966689374,-0.000587040966689374
271,215,0.000572616452955854,-0.000572616452955853
274,215,0.000556698513302747,-0.000556698513302748
277,215,0.000539438984588617,-0.000539438984588613
280,215,0.000520986328429474,-0.000520986328429476
283,215,0.000501485222769015,-0.000501485222769016
286,215,0.000481076192652899,-0.000481076192652902
289,215,0.000459895279427586,-0.000459895279427582
292,215,0.000438073747475275,-0.000438073747475276
295,215,0.000415737827492842,-0.000415737827492841
298,215,0.000393008495234184,-0.000393008495234185
1,220,5.89883697443838e-12,-5.89883697443838e-12
4,220,-1.81266755984609e-06,-5.76483206785402e-07
7,220,-5.42980012931127e-06,-2.86366141044681e-06
10,220,-8.94479918710454e-06,-7.20566669984318e-06
13,220,-1.0536755640931e-05,-1.31956916870436e-05
16,220,-9.32030438707512e-06,-2.00182548515667e-05
19,220,-5.4443831816017e-06,-2.68420324106559e-05
22,220,2.65873282337712e-07,-3.34169442768192e-05
25,220,6.660577542598e-06,-4.03044784909038e-05
28,220,1.25358959075667e-05,-4.86528536552361e-05
31,220,1.71245513881399e-05,-5.98086071821707e-05
34,220,2.02996161454092e-05,-7.47807046846319e-05
37,220,2.22954498272758e-05,-9.36655842495371e-05
40,220,2.32803232039842e-05,-0.000115294017116371
43,220,2.33378558787589e-05,-0.0001369616594017
46,220,2.24716352038856e-05,-0.000155033205634231
49,220,2.06990320803775e-05,-0.000166816565111279
52,220,1.83355249889263e-05,-0.000171854410970114
55,220,1.60550129168306e-05,-0.000172189793648148
58,220,1.48437913687164e-05,-0.000171358533739459
61,220,1.57602850712988e-05,-0.000172812397815265
64,220,1.92486429225295e-05,-0.000178361159117603
67,220,2.49380775692502e-05,-0.000188062644361978
70,220,3.17585163491461e-05,-0.000200603704890823
73,220,3.8330013196548e-05,-0.000213813333656982
76,220,4.33769748602397e-05,-0.000225317650134174
79,220,4.59479663298532e-05,-0.00023361527128507
82,220,4.53286859892788e-05,-0.000238771625668934
85,220,4.0988680050517e-05,-0.000241902412017012
88,220,3.29512260346912e-05,-0.0002442737228824
91,220,2.20159309549199e-05,-0.000246718430940295
94,220,9.62426852186652e-06,-0.000249436728847436
97,220,-2.76814480151359e-06,-0.00025198515191664
100,220,-1.39893615051011e-05,-0.000253474948773845
103,220,-2.32404882218757e-05,-0.000253125861969227
106,220,-3.02075555914738e-05,-0.000251163981302737
109,220,-3.49255714412921e-05,-0.00024893923483629
112,220,-3.78252023562743e-05,-0.000247887179989319
115,220,-3.94007449916259e-05,-0.000248260735180233
118,220,-3.93515752631642e-05,-0.000249087346506467
121,220,-3.67950841404901e-05,-0.000248790336450642
124,220,-3.14293012635892e-05,-0.00024608938478895
127,220,-2.37766966659225e-05,-0.000240538622094576
130,220,-1.44848595467499e-05,-0.000232638255876136
133,220,-3.69450002621572e-06,-0.000223453915045012
136,220,8.76681848034787e-06,-0.000214197402050699
139,220,2.26432658898569e-05,-0.000205917293012899
142,220,3.70451038299356e-05,-0.000199315589885665
145,220,5.07773249093867e-05,-0.000194714566474308
148,220,6.31058156199505e-05,-0.000192137843121962
151,220,7.41289686886298e-05,-0.000191486843506718
154,220,8.44666393899313e-05,-0.000192645822627789
157,220,9.47008922424304e-05,-0.00019552091758754
160,220,0.000105430597746403,-0.000200183235684512
163,220,0.000117447976327321,-0.000206861781651235
166,220,0.000131682286659769,-0.000215581552775996
169,220,0.000149021804189288,-0.000225734739734767
172,220,0.000169727715255281,-0.000236194714309615
175,220,0.000193548367497953,-0.000245903024815753
178,220,0.000220261738210205,-0.000254365194353974
181,220,0.000249388231159793,-0.000261706435853586
184,220,0.000279506159735566,-0.000268470460585193
187,220,0.00030832162184179,-0.000275474181301975
190,220,0.000333562669919295,-0.000283695942437143
193,220,0.00035353372559026,-0.000294173345043976
196,220,0.000367544831097481,-0.000307677004865195
199,220,0.000376223947921747,-0.000324321499899592
202,220,0.000381810667031025,-0.000343527521153366
205,220,0.000387758078703763,-0.000364266483208952
208,220,0.000397345748255742,-0.000385716440278738
211,220,0.000412269443213696,-0.000407842902082071
214,220,0.000432442521337544,-0.000431269253253665
217,220,0.000457200354289855,-0.000457027798348671
220,220,0.000486270318530905,-0.000486270318530898
223,220,0.000516935529211619,-0.000516935529211615
226,220,0.000543708397593006,-0.000543708397592994
229,220,0.000566706494396963,-0.000566706494396964
232,220,0.000586055926131057,-0.000586055926131051
235,220,0.000601890324102439,-0.000601890324102435
238,220,0.000614349861629833,-0.000614349861629829
241,220,0.000623580301824673,-0.000623580301824672
244,220,0.000629732078046381,-0.000629732078046378
247,220,0.000632959408879004,-0.000632959408879002
250,220,0.000633419449227372,-0.000633419449227369
253,220,0.000631271478888426,-0.000631271478888424
256,220,0.00062667612972221,-0.000626676129722208
259,220,0.000619794652322767,-0.000619794652322766
262,220,0.000610788222876668,-0.000610788222876668
265,220,0.000599817290692242,-0.000599817290692238
268,220,0.000587040966689374,-0.000587040966689374
271,220,0.000572616452955854,-0.000572616452955853
274,220,0.000556698513302747,-0.000556698513302748
277,220,0.000539438984588617,-0.000539438984588613
280,220,0.000520986328429474,-0.000520986328429476
283,220,0.000501485222769015,-0.000501485222769016
286,220,0.000481076192652899,-0.000481076192652902
289,220,0.000459895279427586,-0.000459895279427582
292,220,0.000438073747475275,-0.000438073747475276
295,220,0.000415737827492842,-0.000415737827492841
298,220,0.000393008495234184,-0.000393008495234185
1,225,5.89883697443838e-12,-5.89883697443838e-12
4,225,-1.55611458467255e-06,-7.98499358847519e-07
7,225,-4.54416463143333e-06,-3.6300676153157e-06
10,225,-7.07336579574419e-06,-8.82514358021761e-06
13,225,-7.33862316203689e-06,-1.59632265876195e-05
16,225,-4.47038580334091e-06,-2.4215141839008e-05
19,225,1.36659434754528e-06,-3.27358722735973e-05
22,225,9.33136842073427e-06,-4.12616445258597e-05
25,225,1.82582347773343e-05,-5.03402533586221e-05
28,225,2.69275455490025e-05,-6.11062240961924e-05
31,225,3.45562095698958e-05,-7.48924008728859e-05
34,225,4.10014848243624e-05,-9.26940560235985e-05
37,225,4.64819167835621e-05,-0.00011459393435724
40,225,5.11499620410182e-05,-0.000139409113835244
43,225,5.50734260232125e-05,-0.000164421557296167
46,225,5.82400819056754e-05,-0.000185982265990676
49,225,6.06514864126874e-05,-0.000201385455938083
52,225,6.26073038482336e-05,-0.000210160106997599
55,225,6.47656190228436e-05,-0.000214335576328633
58,225,6.80969132643983e-05,-0.000217433991247232
61,225,7.3643797122886e-05,-0.000222893425046583
64,225,8.18346053195427e-05,-0.000232509957690688
67,225,9.22827363244403e-05,-0.000246327722617048
70,225,0.000103902303298538,-0.000263019877890051
73,225,0.000115297545999415,-0.000280401723184512
76,225,0.00012517705699915,-0.000296085684696134
79,225,0.00013257358711061,-0.000308556686109562
82,225,0.000136757020540953,-0.00031786646270602
85,225,0.000137181089325439,-0.000325117019938741
88,225,0.000133853256808455,-0.000331560757082788
91,225,0.000127557315826391,-0.000338016853535324
94,225,0.00011971892591317,-0.00034467180867508
97,225,0.000111777889354981,-0.00035106846453683
100,225,0.000104890339485253,-0.000356304376468503
103,225,9.98393554942325e-05,-0.000359585593742218
106,225,9.69230925655589e-05,-0.000361124512879931
109,225,9.6090728695082e-05,-0.000362257368665514
112,225,9.68957831211463e-05,-0.00036440602524037
115,225,9.88281450117972e-05,-0.000367809707744892
118,225,0.000102172624274469,-0.000371482168998475
121,225,0.000107796015762828,-0.000373833038205728
124,225,0.000115984475660156,-0.000373568301864808
127,225,0.00012619971975626,-0.000370228397270876
130,225,0.000137778344675121,-0.000364299838654517
133,225,0.000150563826119873,-0.000356834561649096
136,225,0.000164712786498443,-0.000349030675426064
139,225,0.000179953581551006,-0.000341923062827117
142,225,0.000195380658728446,-0.000336200032528263
145,225,0.000209783196462833,-0.000332170165056798
148,225,0.000222411267069163,-0.000329843387477819
151,225,0.000233347449097711,-0.000329107430191407
154,225,0.000243195783646242,-0.000329832854918733
157,225,0.000252522521056586,-0.000331912105484138
160,225,0.000261910717652281,-0.000335402595908142
163,225,0.00027213677968208,-0.00034051963764524
166,225,0.000284114151643811,-0.000347274534705701
169,225,0.000298715294806281,-0.00035504578448746
172,225,0.00031618558133215,-0.000362693065494573
175,225,0.000336257544684897,-0.000369144232764214
178,225,0.000358693347980668,-0.000373891116119145
181,225,0.000382997580810503,-0.000377045235210644
184,225,0.000407732742386491,-0.000379136608031318
187,225,0.000430589116436178,-0.000380968454056302
190,225,0.000449278941223639,-0.000383505424440765
193,225,0.000462090824194336,-0.000387771426959963
196,225,0.000468318993414301,-0.000394523384078622
199,225,0.000468575596187614,-0.000403862180517488
202,225,0.000465084409305467,-0.000415194814004711
205,225,0.000461282708869612,-0.000427479005844717
208,225,0.000460434246019064,-0.000439879116971878
211,225,0.000464218974103828,-0.00045234696382753
214,225,0.000472534436707065,-0.00046549223776829
217,225,0.000484700191314659,-0.000480333550071344
220,225,0.000500427800210089,-0.000498008988622457
223,225,0.000519861547312966,-0.000519185331915588
226,225,0.000543708397593006,-0.000543708397592994
229,225,0.000566706494396963,-0.000566706494396964
232,225,0.000586055926131057,-0.000586055926131051
235,225,0.000601890324102439,-0.000601890324102435
238,225,0.000614349861629833,-0.000614349861629829
241,225,0.000623580301824673,-0.000623580301824672
244,225,0.000629732078046381,-0.000629732078046378
247,225,0.000632959408879004,-0.000632959408879002
250,225,0.000633419449227372,-0.000633419449227369
253,225,0.000631271478888426,-0.000631271478888424
256,225,0.00062667612972221,-0.000626676129722208
259,225,0.000619794652322767,-0.000619794652322766
262,225,0.000610788222876668,-0.000610788222876668
265,225,0.000599817290692242,-0.000599817290692238
268,225,0.000587040966689374,-0.000587040966689374
271,225,0.000572616452955854,-0.000572616452955853
274,225,0.000556698513302747,-0.000556698513302748
277,225,0.000539438984588617,-0.000539438984588613
280,225,0.000520986328429474,-0.000520986328429476
283,225,0.000501485222769015,-0.000501485222769016
286,225,0.000481076192652899,-0.000481076192652902
289,225,0.000459895279427586,-0.000459895279427582
292,225,0.000438073747475275,-0.000438073747475276
295,225,0.000415737827492842,-0.000415737827492841
298,225,0.000393008495234184,-0.000393008495234185
1,230,5.89883697443838e-12,-5.89883697443838e-12
4,230,-1.31251646800131e-06,-9.38790603799578e-07
7,230,-3.70299421609883e-06,-4.11450277928485e-06
10,230,-5.2953356050816e-06,-9.84910994582861e-06
13,230,-4.29913242471168e-06,-1.77136460460271e-05
16,230,1.40479546685865e-07,-2.68704708899206e-05
19,230,7.84406167098844e-06,-3.64661020252703e-05
22,230,1.79559783729822e-05,-4.62283006950919e-05
25,230,2.92958413084451e-05,-5.66963962707596e-05
28,230,4.06293159037449e-05,-6.89964486851176e-05
31,230,5.11586242877089e-05,-8.44528366810422e-05
34,230,6.07263377393575e-05,-0.000104052367201964
37,230,6.95363150245432e-05,-0.000127869319665345
40,230,7.7726326031452e-05,-0.000154712306641154
43,230,8.5349489481275e-05,-0.000181854825576508
46,230,9.23788918442083e-05,-0.000205639412330606
49,230,9.88014031392082e-05,-0.000223351817531313
52,230,0.000104902000964946,-0.00023451255564638
55,230,0.000111324083426645,-0.000241142518443776
58,230,0.000119023445146855,-0.000246755367848073
61,230,0.000129028009970235,-0.000254780711761011
64,230,0.000141751425912718,-0.000267006164755149
67,230,0.000156792404739072,-0.000283467394876522
70,230,0.000173050372904908,-0.000302829094798058
73,230,0.000189114883462496,-0.000322898098803138
76,230,0.000203679842278598,-0.000341278367695988
79,230,0.00021576331346078,-0.000356446359769817
82,230,0.000224620494510858,-0.000368445344914381
85,230,0.000229690430758757,-0.000378368863191464
88,230,0.000230965898843594,-0.00038746084848468
91,230,0.000229216004896409,-0.000396532014799736
94,230,0.000225851721745818,-0.000405760396123886
97,230,0.000222298164972668,-0.000414680369100486
100,230,0.000219696781205097,-0.000422381023685982
103,230,0.000218815962928029,-0.000428059943761061
106,230,0.000219939178619773,-0.000431921060456202
109,230,0.000223000919570859,-0.000435292143163836
112,230,0.00022754001831433,-0.00043958659063391
115,230,0.0002330316773129,-0.000445035162615372
118,230,0.000239746019768685,-0.000450643146536147
121,230,0.000248535153830035,-0.000454811706209389
124,230,0.000259670548974921,-0.000456238362741809
127,230,0.000272599234287813,-0.000454455088037113
130,230,0.000286643119687387,-0.000449939930934429
133,230,0.000301630994171455,-0.000443736361675667
136,230,0.000317704793442622,-0.000437034024040831
139,230,0.000334578186535761,-0.000430859335480147
142,230,0.00035133093419642,-0.00042589213927818
145,230,0.000366737528151352,-0.000422432550570775
148,230,0.000380033354010238,-0.000420482031031575
151,230,0.000391286303618039,-0.000419919845669187
154,230,0.000401085731367186,-0.000420608090813351
157,230,0.000409983200894211,-0.000422430744896938
160,230,0.000418547081817318,-0.000425436756549026
163,230,0.000427539093679946,-0.000429832971832647
166,230,0.000437857994274607,-0.000435622229366614
169,230,0.000450361558164786,-0.000442174561157419
172,230,0.000465280470807827,-0.00044834118031765
175,230,0.000482332578961894,-0.000453041476493035
178,230,0.000501265359037793,-0.000455758814114874
181,230,0.000521568713921278,-0.000456596247443003
184,230,0.0005417904561191,-0.000456075329078566
187,230,0.000559606182653499,-0.000454990813105245
190,230,0.000572713445083187,-0.00045429888528674
193,230,0.000579386164148374,-0.000455014988006884
196,230,0.000578903881209734,-0.000457887578338941
199,230,0.000571864056866052,-0.000463009075612178
202,230,0.000560475781203142,-0.000469778012163296
205,230,0.000548161643617519,-0.000477143643905294
208,230,0.00053817070854283,-0.000484261866381073
211,230,0.000532168242623799,-0.000491076030640508
214,230,0.000530037102738183,-0.00049818736264875
217,230,0.000531082159666658,-0.000506606008291564
220,230,0.000535000288987311,-0.000517461590063259
223,230,0.00054192108791449,-0.000531412421066318
226,230,0.000552536834712488,-0.000548295853551506
229,230,0.000567563549189638,-0.000567105020973321
232,230,0.000586055926131057,-0.000586055926131051
235,230,0.000601890324102439,-0.000601890324102435
238,230,0.000614349861629833,-0.000614349861629829
241,230,0.000623580301824673,-0.000623580301824672
244,230,0.000629732078046381,-0.000629732078046378
247,230,0.000632959408879004,-0.000632959408879002
250,230,0.000633419449227372,-0.000633419449227369
253,230,0.000631271478888426,-0.000631271478888424
256,230,0.00062667612972221,-0.000626676129722208
259,230,0.000619794652322767,-0.000619794652322766
262,230,0.000610788222876668,-0.000610788222876668
265,230,0.000599817290692242,-0.000599817290692238
268,230,0.000587040966689374,-0.000587040966689374
271,230,0.000572616452955854,-0.000572616452955853
274,230,0.000556698513302747,-0.000556698513302748
277,230,0.000539438984588617,-0.000539438984588613
280,230,0.000520986328429474,-0.000520986328429476
283,230,0.000501485222769015,-0.000501485222769016
286,230,0.000481076192652899,-0.000481076192652902
289,230,0.000459895279427586,-0.000459895279427582
292,230,0.000438073747475275,-0.000438073747475276
295,230,0.000415737827492842,-0.000415737827492841
298,230,0.000393008495234184,-0.000393008495234185
1,235,5.89883697443838e-12,-5.89883697443838e-12
4,235,-1.14139144044953e-06,-1.00596564777451e-06
7,235,-3.11191088427165e-06,-4.34653194394443e-06
10,235,-4.04555903243721e-06,-1.03397078216949e-05
13,235,-2.16202601489471e-06,-1.85525627374329e-05
16,235,3.38345404981967e-06,-2.81434920150211e-05
19,235,1.24013441834069e-05,-3.82550487160433e-05
22,235,2.40259104704506e-05,-4.86110295973086e-05
25,235,3.70666662265554e-05,-5.97467995440176e-05
28,235,5.02791785378669e-05,-7.27844540028191e-05
31,235,6.2855571193051e-05,-8.90444072304385e-05
34,235,7.46283171309251e-05,-0.000109509501684077
37,235,8.57911767771286e-05,-0.000134250052295031
40,235,9.64718216796872e-05,-0.000162070707147077
43,235,0.000106713272219593,-0.000190240999201181
46,235,0.000116478516526837,-0.00021509949983031
49,235,0.000125744326280194,-0.000233927995176155
52,235,0.000134785580738126,-0.000246243035220296
55,235,0.000144235579665697,-0.000254061547244522
58,235,0.000155040019345245,-0.000260893228687195
61,235,0.000168216725281237,-0.000270163722963886
64,235,0.000184169247149401,-0.000283656680160956
67,235,0.000202486198374344,-0.000301403803838288
70,235,0.000222056907071466,-0.000322065822182583
73,235,0.000241460827952849,-0.000343445604991054
76,235,0.000259381768545052,-0.000363143148581751
79,235,0.000274827694615462,-0.000379630946761695
82,235,0.000287043705325704,-0.000392948304934433
85,235,0.000295458747665513,-0.000404184798675586
88,235,0.000300055499933794,-0.000414580397382583
91,235,0.000301592969921419,-0.000424941850574957
94,235,0.000301472032116799,-0.000435443227753745
97,235,0.000301107703760593,-0.000445614941076128
100,235,0.000301631333140738,-0.00045454211601237
103,235,0.000303801214401986,-0.000461418371957002
106,235,0.000307890717682442,-0.000466443675554271
109,235,0.000313824235932436,-0.000470941831710446
112,235,0.000321130503344825,-0.000476322274689279
115,235,0.000329274624042143,-0.000482811799753558
118,235,0.000338516622886303,-0.000489411729844987
121,235,0.000349698509685463,-0.00049451926429056
124,235,0.000363081655577391,-0.000496827959710784
127,235,0.000378102991306397,-0.000495865823523214
130,235,0.00039407432845094,-0.000492106940080749
133,235,0.000410814357668645,-0.000486590815139141
136,235,0.000428454916321921,-0.00048050312799219
139,235,0.000446699575105455,-0.000474866331603971
142,235,0.000464617996424602,-0.000470356304772833
145,235,0.00048097457366592,-0.00046726919814844
148,235,0.000494994594098911,-0.000465602508918248
151,235,0.000506735851228323,-0.0004652315376047
154,235,0.000516777601106411,-0.000466014416051322
157,235,0.000525661309029511,-0.000467831158204819
160,235,0.000533945246275634,-0.000470726748208083
163,235,0.000542381034048027,-0.000474904067637942
166,235,0.000551857331799002,-0.00048036199062705
169,235,0.000563221815751869,-0.000486466584695695
172,235,0.00057669507302377,-0.000492065098470292
175,235,0.000591984852032683,-0.000496072957110378
178,235,0.000608828530849202,-0.000497969560561052
181,235,0.000626705914018916,-0.000497853998596002
184,235,0.000644154715708368,-0.000496243859330157
187,235,0.000658840434599623,-0.000493929932361029
190,235,0.000668450523911166,-0.000491864438966105
193,235,0.000671248806043057,-0.000491058857043069
196,235,0.000666504724015748,-0.000492257679178984
199,235,0.000654805640087865,-0.00049554936021693
202,235,0.000638350546004959,-0.000500328468007409
205,235,0.000620551932823441,-0.000505540293977271
208,235,0.000604648766636719,-0.000510336769183217
211,235,0.000592296215749351,-0.000514657280188916
214,235,0.000583367038698834,-0.000519099088473338
217,235,0.000577156007925736,-0.000524668375436095
220,235,0.000573349900667915,-0.000532490799085298
223,235,0.000572068215799553,-0.000543220708037211
226,235,0.000573993133244666,-0.000556691490056418
229,235,0.000579830574471509,-0.000571892314111304
232,235,0.00058944234593015,-0.000587378516447608
235,235,0.000601890324102439,-0.000601890324102435
238,235,0.000614349861629833,-0.000614349861629829
241,235,0.000623580301824673,-0.000623580301824672
244,235,0.000629732078046381,-0.000629732078046378
247,235,0.000632959408879004,-0.000632959408879002
250,235,0.000633419449227372,-0.000633419449227369
253,235,0.000631271478888426,-0.000631271478888424
256,235,0.00062667612972221,-0.000626676129722208
259,235,0.000619794652322767,-0.000619794652322766
262,235,0.000610788222876668,-0.000610788222876668
265,235,0.000599817290692242,-0.000599817290692238
268,235,0.000587040966689374,-0.000587040966689374
271,235,0.000572616452955854,-0.000572616452955853
274,235,0.000556698513302747,-0.000556698513302748
277,235,0.000539438984588617,-0.000539438984588613
280,235,0.000520986328429474,-0.000520986328429476
283,235,0.000501485222769015,-0.000501485222769016
286,235,0.000481076192652899,-0.000481076192652902
289,235,0.000459895279427586,-0.000459895279427582
292,235,0.000438073747475275,-0.000438073747475276
295,235,0.000415737827492842,-0.000415737827492841
298,235,0.000393008495234184,-0.000393008495234185
1,240,5.89883697443838e-12,-5.89883697443838e-12
4,240,-1.08206596872378e-06,-1.06999371642591e-06
7,240,-2.90694365537997e-06,-4.56775920351297e-06
10,240,-3.61206908945644e-06,-1.08076141335124e-05
13,240,-1.42056772939171e-06,-1.935293670191e-05
16,240,4.50889097777102e-06,-2.93584309716477e-05
19,240,1.39833347252581e-05,-3.99629587433787e-05
22,240,2.61335942691231e-05,-5.08866255129861e-05
25,240,3.97657475964873e-05,-6.26611049047522e-05
28,240,5.3631926464988e-05,-7.64048011044013e-05
31,240,6.69208193348141e-05,-9.34344371077321e-05
34,240,7.94614638162506e-05,-0.000114729164111015
37,240,9.14441850064777e-05,-0.000140355605784621
40,240,0.000102993219124979,-0.000169114718951418
43,240,0.000114148151224279,-0.000198272345311433
46,240,0.000124868534105858,-0.000224163364976713
49,240,0.000135127704120002,-0.000244065872828024
52,240,0.000145197105196646,-0.000257492727586015
55,240,0.000155706601772391,-0.000266457165271561
58,240,0.000167598454801053,-0.000274465192062096
61,240,0.000181887054458612,-0.000284938760112255
64,240,0.000198972515092275,-0.000299657828247486
67,240,0.000218440014798182,-0.000318650408766762
70,240,0.000239175446363214,-0.000340573538595827
73,240,0.000259754829170964,-0.000363226396270985
76,240,0.000278858535419466,-0.000384205286849359
79,240,0.00029549109554765,-0.000401979012877053
82,240,0.000308894173388608,-0.000416583188496686
85,240,0.000318493280603599,-0.00042910369802295
88,240,0.000324267660163004,-0.000440776819592344
91,240,0.000326972884529216,-0.000452405611463492
94,240,0.000328006392862134,-0.000464160451876492
97,240,0.000328779767073944,-0.000475568061727606
100,240,0.000330420920124047,-0.000485709875226171
103,240,0.00033368471082872,-0.000493775820505811
106,240,0.000338841073997558,-0.000499962172949813
109,240,0.000345810967252405,-0.000505589046203543
112,240,0.000354119689457598,-0.000512062183269834
115,240,0.000363228909407196,-0.000519604688150542
118,240,0.000373395216634592,-0.000527214192526439
121,240,0.00038545718561947,-0.000533284204463601
124,240,0.00039967275217107,-0.000536504589321611
127,240,0.000415475411705217,-0.000536399663257105
130,240,0.000432173540471873,-0.000533439819362047
133,240,0.000449582393800168,-0.000528660872131262
136,240,0.000467830373723998,-0.00052324480959764
139,240,0.000486617615609559,-0.000518210393464327
142,240,0.000505010346533703,-0.000514229811268733
145,240,0.000521769524554503,-0.00051159552239961
148,240,0.000536117001612939,-0.00051030133278348
151,240,0.000548107135885277,-0.000510218851681876
154,240,0.000558315748095275,-0.000511202519677397
157,240,0.00056728086821075,-0.000513128659455807
160,240,0.000575557332181238,-0.00051603856389908
163,240,0.000583893325881469,-0.000520131423323134
166,240,0.000593174073435267,-0.00052540242059968
169,240,0.00060424381573744,-0.000531213931988091
172,240,0.000617319704576624,-0.000536409514853856
175,240,0.000632106053042311,-0.000539900903095582
178,240,0.00064833680387658,-0.000541163805397449
181,240,0.000665488326296535,-0.000540293620272218
184,240,0.000682094899140216,-0.000537804244573901
187,240,0.000695818585761192,-0.000534482776639058
190,240,0.000704343404049432,-0.000531277746484295
193,240,0.000705929741076517,-0.000529196940746341
196,240,0.000699843604534391,-0.000528981160751341
199,240,0.000686668921353193,-0.000530715170081442
202,240,0.000668601247949948,-0.000533789845326228
205,240,0.000649049640052593,-0.000537146786651636
208,240,0.000631249628426026,-0.000539934233853436
211,240,0.000616852946046327,-0.000542087882234358
214,240,0.000605728916122442,-0.000544201302012446
217,240,0.000597168875766494,-0.000547276983326429
220,240,0.000590856166887811,-0.000552436892923445
223,240,0.000586906853032117,-0.000560331688158848
226,240,0.000585999678794847,-0.000570791065536288
229,240,0.000588837130315842,-0.000582800502763275
232,240,0.00059527757871663,-0.000594911644824576
235,240,0.000604379465150599,-0.000605861027496367
238,240,0.000614544258244495,-0.00061524033378179
241,240,0.000623580301824673,-0.000623580301824672
244,240,0.000629732078046381,-0.000629732078046378
247,240,0.000632959408879004,-0.000632959408879002
250,240,0.000633419449227372,-0.000633419449227369
253,240,0.000631271478888426,-0.000631271478888424
256,240,0.00062667612972221,-0.000626676129722208
259,240,0.000619794652322767,-0.000619794652322766
262,240,0.000610788222876668,-0.000610788222876668
265,240,0.000599817290692242,-0.000599817290692238
268,240,0.000587040966689374,-0.000587040966689374
271,240,0.000572616452955854,-0.000572616452955853
274,240,0.000556698513302747,-0.000556698513302748
277,240,0.000539438984588617,-0.000539438984588613
280,240,0.000520986328429474,-0.000520986328429476
283,240,0.000501485222769015,-0.000501485222769016
286,240,0.000481076192652899,-0.000481076192652902
289,240,0.000459895279427586,-0.000459895279427582
292,240,0.000438073747475275,-0.000438073747475276
295,240,0.000415737827492842,-0.000415737827492841
298,240,0.000393008495234184,-0.000393008495234185
1,245,5.89883697443838e-12,-5.89883697443838e-12
4,245,-1.13518700118778e-06,-1.16551208086456e-06
7,245,-3.09053877801329e-06,-4.89787838821251e-06
10,245,-4.00049758579679e-06,-1.15060229060549e-05
13,245,-2.08519510882382e-06,-2.05479301416615e-05
16,245,3.4996929799984e-06,-3.11729104697359e-05
19,245,1.25641881480508e-05,-4.25144320027174e-05
22,245,2.42421149255466e-05,-5.42872065482389e-05
25,245,3.73425450737658e-05,-6.70175140423723e-05
28,245,5.0620604124467e-05,-8.18183649826e-05
31,245,6.32679743120164e-05,-0.00010000108867651
34,245,7.51166870208462e-05,-0.000122539442632128
37,245,8.63600611222791e-05,-0.000149494656831611
40,245,9.71253266099501e-05,-0.000179662294409578
43,245,0.000107455062310549,-0.000210302803377854
46,245,0.000117311814799695,-0.000237745670160231
49,245,0.000126671914201836,-0.000259263595949274
52,245,0.000135809798221032,-0.00027436404577737
55,245,0.000145358325068069,-0.000285054861977198
58,245,0.000156262749470892,-0.000294836657037948
61,245,0.000169540455379646,-0.000307125989426034
64,245,0.000185594550915671,-0.000323697424278668
67,245,0.000204013207949283,-0.000344573580206592
70,245,0.000223685313041496,-0.000368406100447337
73,245,0.000243189879350064,-0.000392988769848966
76,245,0.000261210272847155,-0.000415912499780372
79,245,0.000276754017745869,-0.000435640699099443
82,245,0.000289065771653442,-0.000452203588260558
85,245,0.000297574040005294,-0.000466681657890178
88,245,0.00030226105954593,-0.000480305792436587
91,245,0.000303885396511924,-0.000493873656470179
94,245,0.000303847483837315,-0.000507550234542821
97,245,0.000303561897208442,-0.000520856853862531
100,245,0.000304159543358842,-0.000532869554950442
103,245,0.000306398274878967,-0.000542772872251931
106,245,0.000310551020352549,-0.000550757687462075
109,245,0.000316541731175604,-0.000558138720537997
112,245,0.000323898699986578,-0.000566316320794298
115,245,0.000332086589353714,-0.000575508198544625
118,245,0.000341364982584554,-0.000584706591781507
121,245,0.000352575447932924,-0.000592299614882792
124,245,0.000365978914982213,-0.000596971739519844
127,245,0.000381011872922412,-0.00059824188816106
130,245,0.000396985691777625,-0.000596575060210183
133,245,0.000413718620651127,-0.000593001676473803
136,245,0.000431342055350981,-0.000588698331296584
139,245,0.000449559125017516,-0.000584678392693445
142,245,0.000467439050501753,-0.000581608654513568
145,245,0.000483745783635902,-0.000579776182457481
148,245,0.000497704170135096,-0.000579169388763478
151,245,0.000509371561949758,-0.00057965448900485
154,245,0.000519326773577791,-0.000581080530075976
157,245,0.000528110828761178,-0.000583318440974398
160,245,0.000536281557223591,-0.000586404120893855
163,245,0.000544590138613912,-0.000590531366462036
166,245,0.000553924790830122,-0.000595689966862425
169,245,0.000565132748541179,-0.000601236904666167
172,245,0.000578434157309869,-0.000606010343550529
175,245,0.000593536323999838,-0.000608916623725875
178,245,0.000610176185127312,-0.000609426060188167
181,245,0.000627833103683549,-0.000607628657761933
184,245,0.000645044352280735,-0.000604032919612963
187,245,0.000659474988046604,-0.000599420550389591
190,245,0.000668812022645252,-0.000594734686420176
193,245,0.000671318836922435,-0.000590977720653241
196,245,0.00066626443234424,-0.000588885060726686
199,245,0.000654235729614962,-0.000588536076534444
202,245,0.000637431278925754,-0.000589316250977861
205,245,0.00061926312977874,-0.000590161790534656
208,245,0.000602969806712932,-0.000590215541312347
211,245,0.0005902060364786,-0.000589407804925461
214,245,0.000580844136058802,-0.000588326757903797
217,245,0.000574178436339853,-0.00058796949669788
220,245,0.000569895273005194,-0.000589452594366581
223,245,0.000568113703374735,-0.000593421314577068
226,245,0.00056951546581802,-0.000599699960144728
229,245,0.000574806040249085,-0.000607268615088868
232,245,0.000583846791563578,-0.000614673530705993
235,245,0.000595699154689067,-0.000620645849084097
238,245,0.0006087675920264,-0.00062477185953805
241,245,0.000620863441176148,-0.000627576906523502
244,245,0.00062941514929308,-0.000630148501793094
247,245,0.000632959408879004,-0.000632959408879002
250,245,0.000633419449227372,-0.000633419449227369
253,245,0.000631271478888426,-0.000631271478888424
256,245,0.00062667612972221,-0.000626676129722208
259,245,0.000619794652322767,-0.000619794652322766
262,245,0.000610788222876668,-0.000610788222876668
265,245,0.000599817290692242,-0.000599817290692238
268,245,0.000587040966689374,-0.000587040966689374
271,245,0.000572616452955854,-0.000572616452955853
274,245,0.000556698513302747,-0.000556698513302748
277,245,0.000539438984588617,-0.000539438984588613
280,245,0.000520986328429474,-0.000520986328429476
283,245,0.000501485222769015,-0.000501485222769016
286,245,0.000481076192652899,-0.000481076192652902
289,245,0.000459895279427586,-0.000459895279427582
292,245,0.000438073747475275,-0.000438073747475276
295,245,0.000415737827492842,-0.000415737827492841
298,245,0.000393008495234184,-0.000393008495234185
1,250,5.89883697443838e-12,-5.89883697443838e-12
4,250,-1.2089528112707e-06,-1.26268419359098e-06
7,250,-3.34554299011148e-06,-5.2337982027117e-06
10,250,-4.5401292048517e-06,-1.22168884084774e-05
13,250,-3.00875955281989e-06,-2.17645617152455e-05
16,250,2.09697388007154e-06,-3.30207508948074e-05
19,250,1.05911761481628e-05,-4.51135464567042e-05
22,250,2.16117553686612e-05,-5.7752282605662e-05
25,250,3.39718668897998e-05,-7.1457861674849e-05
28,250,4.64307198303243e-05,-8.73379165588346e-05
31,250,5.81840800115758e-05,-0.000106698398962305
34,250,6.90680624049663e-05,-0.000130507688790376
37,250,7.92800694687936e-05,-0.000158821638422306
40,250,8.89514147836526e-05,-0.000190430433389793
43,250,9.81287607632223e-05,-0.000222589144101766
46,250,0.000106778737570105,-0.000251621879379121
49,250,0.000114881758915705,-0.000274795962811505
52,250,0.000122716346091074,-0.000291613481828394
55,250,0.000130919440893959,-0.000304076901159571
58,250,0.000140440381639301,-0.000315681455691316
61,250,0.000152300635864203,-0.000329838326287137
64,250,0.000166907395276975,-0.000348316700481342
67,250,0.000183852915334928,-0.000371133819281746
70,250,0.000202030166186041,-0.00039693594832302
73,250,0.000220022244575046,-0.000423511494850276
76,250,0.000236516600061085,-0.000448445992629527
79,250,0.000250524840444225,-0.000470197472915735
82,250,0.0002612957069187,-0.000488790778560396
85,250,0.000268261788506888,-0.000505301022587048
88,250,0.000271409405540273,-0.000520953711841066
91,250,0.0002715012078424,-0.000536541133289946
94,250,0.000269941711934289,-0.000552222893882659
97,250,0.000268149577089264,-0.000567514943224301
100,250,0.000267259793627823,-0.000581487944233114
103,250,0.000268034297727387,-0.000593321053751531
106,250,0.000270750101558686,-0.000603199775871778
109,250,0.000275335240104695,-0.000612433452948029
112,250,0.000281322089590846,-0.000622417056692004
115,250,0.000288179396172348,-0.000633362919814416
118,250,0.000296170826743721,-0.000644257902704928
121,250,0.000306142033145778,-0.000653484742138445
124,250,0.000318358028548866,-0.000659722532183452
127,250,0.000332259385729952,-0.000662484817705406
130,250,0.000347161558300134,-0.000662231220505189
133,250,0.000362886878949654,-0.000659986783786448
136,250,0.000379570827073544,-0.000656922724290962
139,250,0.000396920615399101,-0.000654047032430721
142,250,0.000414009548364348,-0.000652021124452033
145,250,0.000429605661388438,-0.000651126688452494
148,250,0.000442937883773517,-0.0006513467590675
151,250,0.00045406765105695,-0.000652542174267432
154,250,0.000463577861323638,-0.000654556603343774
157,250,0.000472013621902517,-0.000657255597691155
160,250,0.000479936846104256,-0.000660669678900402
163,250,0.000488102797164703,-0.000664987265996303
166,250,0.000497403776568814,-0.000670192770559445
169,250,0.000508691102572528,-0.000675637797558051
172,250,0.000522189004325603,-0.000680155133066487
175,250,0.000537608872278663,-0.000682645739692221
178,250,0.000554691726534898,-0.000682574554828297
181,250,0.000572921013672549,-0.000680026205696348
184,250,0.000590838089890785,-0.000675503817859238
187,250,0.00060611209590431,-0.00066978371836241
190,250,0.000616434126964195,-0.000663803665931316
193,250,0.000620071647503175,-0.000658560675911573
196,250,0.000616297742574299,-0.000654784778338172
199,250,0.000605703416468849,-0.000652549965502134
202,250,0.000590491302964961,-0.000651236342701912
205,250,0.000574077535151714,-0.000649774738812317
208,250,0.000559704721155107,-0.000647302622337942
211,250,0.000549031671312396,-0.000643744917290433
214,250,0.000541934786193603,-0.000639684422596672
217,250,0.000537712480272015,-0.00063611285710428
220,250,0.000536055172818051,-0.000634141416269203
223,250,0.000537086004738604,-0.000634409986155731
226,250,0.000541490797990191,-0.000636737491976331
229,250,0.000549979116073812,-0.000640098640147419
232,250,0.000562416407472087,-0.000643034304362552
235,250,0.000577868190699599,-0.000644270249106875
238,250,0.000594743011744121,-0.000643387386092314
241,250,0.000610856291793245,-0.000640905682171629
244,250,0.00062364056158866,-0.000637907271494517
247,250,0.000631299765163985,-0.000635283467561951
250,250,0.000633419449227372,-0.000633419449227369
253,250,0.000631271478888426,-0.000631271478888424
256,250,0.00062667612972221,-0.000626676129722208
259,250,0.000619794652322767,-0.000619794652322766
262,250,0.000610788222876668,-0.000610788222876668
265,250,0.000599817290692242,-0.000599817290692238
268,250,0.000587040966689374,-0.000587040966689374
271,250,0.000572616452955854,-0.000572616452955853
274,250,0.000556698513302747,-0.000556698513302748
277,250,0.000539438984588617,-0.000539438984588613
280,250,0.000520986328429474,-0.000520986328429476
283,250,0.000501485222769015,-0.000501485222769016
286,250,0.000481076192652899,-0.000481076192652902
289,250,0.000459895279427586,-0.000459895279427582
292,250,0.000438073747475275,-0.000438073747475276
295,250,0.000415737827492842,-0.000415737827492841
298,250,0.000393008495234184,-0.000393008495234185
1,255,5.89883697443838e-12,-5.89883697443838e-12
4,255,-1.24344409258477e-06,-1.33656007048418e-06
7,255,-3.46480509501081e-06,-5.48924590040973e-06
10,255,-4.79256790174684e-06,-1.27575951790486e-05
13,255,-3.44090683623766e-06,-2.26902061189237e-05
16,255,1.44045978948111e-06,-3.44270027999876e-05
19,255,9.66751080363266e-06,-4.70920670399414e-05
22,255,2.03800280972896e-05,-6.03907243516735e-05
25,255,3.23930407925709e-05,-7.48398683765235e-05
28,255,4.44676317821129e-05,-9.15431233171998e-05
31,255,5.58014406611106e-05,-0.000111802432186566
34,255,6.62324561748673e-05,-0.000136582166197908
37,255,7.59599545555523e-05,-0.000165934169038626
40,255,8.5117123157651e-05,-0.000198644617548596
43,255,9.37524981686948e-05,-0.0002319645734449
46,255,0.00010183458352519,-0.000262214136856593
49,255,0.000109345666712406,-0.000286656622681489
52,255,0.000116566142795276,-0.000304790109657227
55,255,0.000124134827345412,-0.000318613053821738
58,255,0.000133002932451649,-0.000331616681369488
61,255,0.000144193799424968,-0.000347208164472135
64,255,0.000158116493747556,-0.00036715268197214
67,255,0.000174365144650575,-0.00039146346618549
70,255,0.000191834596055916,-0.000418782774055008
73,255,0.000209109818482171,-0.000446895004133985
76,255,0.000224880135262377,-0.000473381681496575
79,255,0.000238159027970451,-0.000496696828705914
82,255,0.00024819711157453,-0.000516861279921664
85,255,0.000254428848870847,-0.000534946139475513
88,255,0.000256842433964799,-0.000552172905521
91,255,0.000256202390453757,-0.000569329856333781
94,255,0.000253915108632659,-0.000586572590171002
97,255,0.00025140112154869,-0.000603413047945911
100,255,0.000249797293296253,-0.00061891788388491
103,255,0.000249867433826597,-0.000632262246138592
106,255,0.000251890429084365,-0.00064362763010735
109,255,0.000255796187826404,-0.000654319369453516
112,255,0.000261118960052037,-0.000665728427196986
115,255,0.000267329365690303,-0.000678063127356604
118,255,0.000274692945409652,-0.000690306321630226
121,255,0.000284057224824751,-0.000700836738100904
124,255,0.000295689090879835,-0.000708329462145284
127,255,0.000309030990125723,-0.000712294029936984
130,255,0.000323400249947421,-0.00071318605458505
133,255,0.000338621076809034,-0.000712026570601296
136,255,0.000354830823879484,-0.000709982786035664
139,255,0.000371738577659923,-0.000708058682608287
142,255,0.00038841951636227,-0.000706911667873649
145,255,0.00040364354917955,-0.000706819421237506
148,255,0.000416641479187792,-0.000707760968643421
151,255,0.000427476615698223,-0.000709593139369925
154,255,0.000436733730569638,-0.000712155594016675
157,255,0.000444959804904848,-0.000715309875286453
160,255,0.000452718625788399,-0.000719082496078255
163,255,0.000460767330230006,-0.000723657866725021
166,255,0.000470000093488517,-0.000729016390115511
169,255,0.000481270107593736,-0.000734505662526102
172,255,0.000494803475469313,-0.000738954461339321
175,255,0.000510313461339735,-0.000741259740470804
178,255,0.000527542959082083,-0.000740882428621751
181,255,0.00054597728904847,-0.000737903144321953
184,255,0.000564159681211936,-0.000732821004442447
187,255,0.000579761150061074,-0.000726408327336835
190,255,0.000590474664620829,-0.000719598863038728
193,255,0.000594569563097805,-0.0007133856182019
196,255,0.000591320804318933,-0.0007084946141695
199,255,0.000581321266349383,-0.000704995834540729
202,255,0.000566775456741167,-0.000702265375922196
205,255,0.000551101382357227,-0.00069923005849686
208,255,0.000537543525097448,-0.000695023342077476
211,255,0.000527762569072964,-0.000689566141983877
214,255,0.000521636788627684,-0.00068343724845109
217,255,0.000518466472008753,-0.000677624371634889
220,255,0.000517943912260465,-0.000673234698299382
223,255,0.000520194124063628,-0.000670904105817046
226,255,0.000525904803148616,-0.000670447510708488
229,255,0.000535787386790289,-0.000670835610698287
232,255,0.000549709197245145,-0.000670605270788155
235,255,0.00056673762680167,-0.000668478246771416
238,255,0.000585283095221535,-0.000664031441668164
241,255,0.00060316289746614,-0.000657780813639294
244,255,0.000617811438051083,-0.000650804488142665
247,255,0.000627434534783889,-0.000643989769987441
250,255,0.000631619608146573,-0.000637717829335219
253,255,0.000631006358438439,-0.00063204393050807
256,255,0.00062667612972221,-0.000626676129722208
259,255,0.000619794652322767,-0.000619794652322766
262,255,0.000610788222876668,-0.000610788222876668
265,255,0.000599817290692242,-0.000599817290692238
268,255,0.000587040966689374,-0.000587040966689374
271,255,0.000572616452955854,-0.000572616452955853
274,255,0.000556698513302747,-0.000556698513302748
277,255,0.000539438984588617,-0.000539438984588613
280,255,0.000520986328429474,-0.000520986328429476
283,255,0.000501485222769015,-0.000501485222769016
286,255,0.000481076192652899,-0.000481076192652902
289,255,0.000459895279427586,-0.000459895279427582
292,255,0.000438073747475275,-0.000438073747475276
295,255,0.000415737827492842,-0.000415737827492841
298,255,0.000393008495234184,-0.000393008495234185
1,260,5.89883697443838e-12,-5.89883697443838e-12
4,260,-1.2552497907199e-06,-1.36142243600968e-06
7,260,-3.50563681208156e-06,-5.57523274665473e-06
10,260,-4.87901823889426e-06,-1.29396424929303e-05
13,260,-3.58894067494339e-06,-2.30019237590753e-05
16,260,1.21550528739566e-06,-3.49006744967742e-05
19,260,9.35092619599084e-06,-4.77586503954443e-05
22,260,1.9957731661595e-05,-6.1279850839711e-05
25,260,3.1851578525975e-05,-7.59798433426171e-05
28,260,4.3794177401429e-05,-9.29609259786188e-05
31,260,5.49837956028074e-05,-0.000113523715632293
34,260,6.52590495950715e-05,-0.000138631257388643
37,260,7.48198433300484e-05,-0.000168334068806804
40,260,8.37999918818985e-05,-0.000201417000598376
43,260,9.2248659157787e-05,-0.000235129788352149
46,260,0.000100134976813901,-0.000265791206068915
49,260,0.00010744186005515,-0.000290663242518211
52,260,0.000114450331666153,-0.000309242650309411
55,260,0.000121799834938148,-0.000323526559352156
58,260,0.000130442209679649,-0.000337004869712634
61,260,0.000141401424921283,-0.000353083427434225
64,260,0.00015508717386492,-0.000373526085231131
67,260,0.000171094213461349,-0.000398344749291052
70,260,0.000188318015352148,-0.000426180350428539
73,260,0.000205344177775546,-0.000454815961068588
76,260,0.000220862651784261,-0.000481831780157109
79,260,0.000233887546671841,-0.000505680504128937
82,260,0.000243670105126099,-0.000526381641015472
85,260,0.000249645417662936,-0.00054500496902012
88,260,0.000251802306107396,-0.000562770660168147
91,260,0.000250905921776503,-0.000580465666606936
94,260,0.000248363282684867,-0.000598244260465339
97,260,0.000245595549599323,-0.00061561705652835
100,260,0.000243740214333933,-0.000631649382894079
103,260,0.000243561714559613,-0.000645515061584864
106,260,0.000245339563940652,-0.000657394261872793
109,260,0.00024900429895357,-0.000668590991291953
112,260,0.000254090797317343,-0.000680494886733939
115,260,0.00026007030668066,-0.000693312946089334
118,260,0.000267208995431645,-0.000706026694927712
121,260,0.000276355016904608,-0.000717013535203842
124,260,0.000287775885763467,-0.000724947226166105
127,260,0.000300914676278671,-0.000729335977859846
130,260,0.000315089343554897,-0.000730634077265828
133,260,0.00033012472177592,-0.000729861232767584
136,260,0.000346158791830308,-0.000728183326286787
139,260,0.000362901267938869,-0.000726603013415303
142,260,0.00037942795603319,-0.00072577637557932
145,260,0.000394509393025959,-0.000725979766056331
148,260,0.000407377009712849,-0.000727190884661621
151,260,0.000418094743124752,-0.000729265234545446
154,260,0.000427247992840128,-0.000732041150179184
157,260,0.000435384367681446,-0.000735378848137341
160,260,0.000443068282452897,-0.00073930351519064
163,260,0.000451057501883875,-0.000743998235543746
166,260,0.00046024682895287,-0.000749442085957129
169,260,0.000471490083409358,-0.000754981336578909
172,260,0.000485013995896634,-0.000759443438663328
175,260,0.000500532458358851,-0.00076172401999775
178,260,0.00051778899239276,-0.000761282683155099
181,260,0.000536269546070113,-0.000758198720536887
184,260,0.000554517977083619,-0.000752969922885875
187,260,0.000570205927641532,-0.000746367282427386
190,260,0.000581026994488458,-0.00073932322306676
193,260,0.00058525114355064,-0.000732829425329499
196,260,0.000582153961374692,-0.000727610584430467
199,260,0.000572328953745431,-0.000723735357840599
202,260,0.000557981255934541,-0.00072057851603821
205,260,0.000542529502524597,-0.000717065553078004
208,260,0.00052921880313516,-0.000712328602644456
211,260,0.00051971046959702,-0.000706287253929108
214,260,0.000513883403973767,-0.000699518971038718
217,260,0.000511038522232159,-0.000693010138000799
220,260,0.00051086874513618,-0.000687866615451167
223,260,0.000513499715086285,-0.000684722954634027
226,260,0.00051961975553254,-0.000683392745941716
229,260,0.000529940931469406,-0.000682845360970521
232,260,0.000544331192873081,-0.000681616338593895
235,260,0.000561858559751691,-0.00067842610847688
238,260,0.000580934079586617,-0.000672850247511289
241,260,0.000599375675058814,-0.000665403387729755
244,260,0.000614618378403615,-0.000657162328461844
247,260,0.000624868635148189,-0.000649013048388452
250,260,0.000629714493494247,-0.000641335391542895
253,260,0.000629796281460678,-0.000634183296118989
256,260,0.000626195970829895,-0.000627263492204642
259,260,0.00061974356901139,-0.000619805695817858
262,260,0.000610788222876668,-0.000610788222876668
265,260,0.000599817290692242,-0.000599817290692238
268,260,0.000587040966689374,-0.000587040966689374
271,260,0.000572616452955854,-0.000572616452955853
274,260,0.000556698513302747,-0.000556698513302748
277,260,0.000539438984588617,-0.000539438984588613
280,260,0.000520986328429474,-0.000520986328429476
283,260,0.000501485222769015,-0.000501485222769016
286,260,0.000481076192652899,-0.000481076192652902
289,260,0.000459895279427586,-0.000459895279427582
292,260,0.000438073747475275,-0.000438073747475276
295,260,0.000415737827492842,-0.000415737827492841
298,260,0.000393008495234184,-0.000393008495234185
1,265,5.89883697443838e-12,-5.89883697443838e-12
4,265,-1.27012730283492e-06,-1.34456421566729e-06
7,265,-3.5571051452302e-06,-5.51691149381666e-06
10,265,-4.98801546867316e-06,-1.28161309190768e-05
13,265,-3.77562964361255e-06,-2.27903720993242e-05
16,265,9.31736970905138e-07,-3.45791105098698e-05
19,265,8.95146615606524e-06,-4.73059793637675e-05
22,265,1.94247427559533e-05,-6.06758555692554e-05
25,265,3.11679988456676e-05,-7.5205184163022e-05
28,265,4.29437202708258e-05,-9.19971407431512e-05
31,265,5.39509495796026e-05,-0.000112353219717834
34,265,6.40290784703084e-05,-0.000137237343695716
37,265,7.33787861280806e-05,-0.000166700907759566
40,265,8.21346628604146e-05,-0.000199529640144606
43,265,9.03466478077924e-05,-0.000232974153963263
46,265,9.79846478597281e-05,-0.000263354100739954
49,265,0.000105032353454471,-0.000287932346767839
52,265,0.000111771562609973,-0.000306206522179935
55,265,0.000118842493850774,-0.000320174634409506
58,265,0.000127197762218737,-0.000333327461046364
61,265,0.000137862111977816,-0.00034907172565752
64,265,0.000151246011563206,-0.000369172158480825
67,265,0.000166944993159007,-0.000393641543227594
70,265,0.000183855303640142,-0.000421121688235992
73,265,0.000200563316478169,-0.000449396543454671
76,265,0.000215759757959134,-0.000476047185353162
79,265,0.000228459512609892,-0.000499527187889938
82,265,0.000237914598351609,-0.000519856936619995
85,265,0.000243560880933498,-0.000538107087270395
88,265,0.00024538795741394,-0.000555498689390044
91,265,0.000244161754343275,-0.000572819572649941
94,265,0.000241290064969456,-0.00059022488670256
97,265,0.00023819482529263,-0.000607226123856534
100,265,0.000236014302360212,-0.000622889489733596
103,265,0.000235513709076398,-0.000636389683879745
106,265,0.000236973334338857,-0.000647907753090658
109,265,0.000240324489857402,-0.000658748582424063
112,265,0.000245102828584359,-0.000670302686295183
115,265,0.000250780373401727,-0.000682777940118258
118,265,0.000257624067930965,-0.000695156746986447
121,265,0.000266482840739709,-0.000705817386378187
124,265,0.00027762498172521,-0.000713434495065468
127,265,0.00029049434039124,-0.000717517160617283
130,265,0.000304409647075804,-0.000718520547537994
133,265,0.000319196511195999,-0.000717465241734791
136,265,0.000334993688873726,-0.00071551800265296
139,265,0.000351511669563124,-0.00071368236340801
142,265,0.000367827034429103,-0.000712615282949758
145,265,0.000382711095617684,-0.000712593992079316
148,265,0.000395396059157865,-0.000713597068135598
151,265,0.000405946637313856,-0.000715480891792511
154,265,0.000414949004897451,-0.000718084675045035
157,265,0.00042295154596445,-0.000721269511991321
160,265,0.000430519450552376,-0.000725061466925716
163,265,0.00043841125862394,-0.000729644501576529
166,265,0.000447522548390965,-0.000734998570227848
169,265,0.00045870791483625,-0.00074047082055142
172,265,0.000472194863836427,-0.000744889581325118
175,265,0.000487698062568969,-0.000747151357859936
178,265,0.000504961807863947,-0.000746716630252429
181,265,0.000523472823026463,-0.000743665568427747
184,265,0.000541775740982539,-0.000738496840652267
187,265,0.000557542979173742,-0.000731982316674951
190,265,0.000568468909578035,-0.000725055297924763
193,265,0.000572824273354974,-0.000718708342450836
196,265,0.000569885432284497,-0.000713667022991674
199,265,0.000560246667384756,-0.00071000087454182
202,265,0.000546113889160765,-0.000707085545103234
205,265,0.000530906507428411,-0.000703847406254249
208,265,0.000517870407040599,-0.000699419469202971
211,265,0.000508667675061435,-0.000693722200664565
214,265,0.000503177988787865,-0.000687333942269422
217,265,0.000500703039419915,-0.000681241955568683
220,265,0.000500936522954958,-0.000676552978721811
223,265,0.00050400485702674,-0.000673902440496607
226,265,0.000510597140318687,-0.000673104808809053
229,265,0.000521426213058538,-0.000673130332779081
232,265,0.000536360800455867,-0.000672515428803768
235,265,0.000554469697752092,-0.000669981404071765
238,265,0.000574164727661975,-0.000665104712998518
241,265,0.000593264588099707,-0.000658400865140323
244,265,0.000609205086534046,-0.000650947537350352
247,265,0.000620193443725417,-0.000643631585833125
250,265,0.000625818483108919,-0.000636833732145583
253,265,0.000626721307936687,-0.000630608792005197
256,265,0.000623984665224566,-0.000624664373023503
259,265,0.000618439337615276,-0.000618231068742109
262,265,0.00061037743785165,-0.000610255234958152
265,265,0.000599817290692242,-0.000599817290692238
268,265,0.000587040966689374,-0.000587040966689374
271,265,0.000572616452955854,-0.000572616452955853
274,265,0.000556698513302747,-0.000556698513302748
277,265,0.000539438984588617,-0.000539438984588613
280,265,0.000520986328429474,-0.000520986328429476
283,265,0.000501485222769015,-0.000501485222769016
286,265,0.000481076192652899,-0.000481076192652902
289,265,0.000459895279427586,-0.000459895279427582
292,265,0.000438073747475275,-0.000438073747475276
295,265,0.000415737827492842,-0.000415737827492841
298,265,0.000393008495234184,-0.000393008495234185
1,270,5.89883697443838e-12,-5.89883697443838e-12
4,270,-1.27391501797645e-06,-1.34515483539413e-06
7,270,-3.57020983172433e-06,-5.51895718625605e-06
10,270,-5.01577054723115e-06,-1.28204685244409e-05
13,270,-3.82317269945507e-06,-2.27978108450414e-05
16,270,8.59464188055708e-07,-3.45904320105895e-05
19,270,8.84971773198015e-06,-4.73219376213569e-05
22,270,1.92889686119152e-05,-6.06971769728112e-05
25,270,3.09938447384358e-05,-7.52325674888417e-05
28,270,4.27270277926803e-05,-9.20312571547828e-05
31,270,5.3687756158297e-05,-0.000112394712766031
34,270,6.37156173691061e-05,-0.000137286829318451
37,270,7.30114864457411e-05,-0.000166758974282035
40,270,8.17101495311894e-05,-0.000199596848279226
43,270,8.98617416014328e-05,-0.000233051036809679
46,270,9.74363653814929e-05,-0.000263441163785016
49,270,0.000104417907145102,-0.000288030067885628
52,270,0.000111088360745705,-0.000306315351631756
55,270,0.000118088140543357,-0.000320294994843884
58,270,0.000126370057415405,-0.000333459747499041
61,270,0.000136959051461303,-0.000349216305551454
64,270,0.000150265786951741,-0.000369329371626211
67,270,0.000165885991906319,-0.000393811701821837
70,270,0.000182716109035462,-0.000421305076863719
73,270,0.000199342707646213,-0.000449593419087728
76,270,0.000214456709860121,-0.000476257777350611
79,270,0.000227073196039542,-0.000499751697998082
82,270,0.00023644437994113,-0.000520095538972342
85,270,0.000242006323149611,-0.000538359928387673
88,270,0.000243748818558845,-0.000555765888180207
91,270,0.000242437988554675,-0.000573101220408178
94,270,0.000239481822220557,-0.00059052104711125
97,270,0.00023630245139213,-0.000607536832985291
100,270,0.000234038338952302,-0.000623214756039259
103,270,0.000233454893640773,-0.000636729488206386
106,270,0.000234832600190709,-0.000648262048669541
109,270,0.000238102966147415,-0.000659117294873692
112,270,0.00024280184029872,-0.000670685713621284
115,270,0.000248401441362108,-0.000683175152713785
118,270,0.000255168908794551,-0.000695567987631546
121,270,0.000263953366999178,-0.000706242470240244
124,270,0.000275023301708731,-0.000713873209699087
127,270,0.000287822758262471,-0.000717969265964304
130,270,0.000301670662833919,-0.000718985775927449
133,270,0.000316392820675661,-0.000717943297882953
136,270,0.0003321281837451,-0.000716008563663314
139,270,0.000348587437331863,-0.000714185078771289
142,270,0.000364847358436356,-0.000713129774543864
145,270,0.000379679455040115,-0.000713119854169413
148,270,0.000392316129007605,-0.000714133867374057
151,270,0.000402822288438562,-0.000716028167218941
154,270,0.000411784303980266,-0.000718641938086233
157,270,0.000419750755524009,-0.000721836246461329
160,270,0.000427287028942812,-0.000725637129025794
163,270,0.000435151860034894,-0.000730228519895153
166,270,0.000444241022847557,-0.000735590345740723
169,270,0.000455409308199114,-0.000741069726621458
172,270,0.000468884417801683,-0.000745494963702468
175,270,0.000484381214668241,-0.000747762534681956
178,270,0.000501644191464356,-0.000747332892043708
181,270,0.000520160267330619,-0.000744286178100077
184,270,0.000538474271028552,-0.000739121033504681
187,270,0.000554258815835228,-0.000732609300393689
190,270,0.000565208469564102,-0.000725684252583301
193,270,0.000569594169210216,-0.000719338420509864
196,270,0.00056669247238903,-0.000714297349299093
199,270,0.000557097855954163,-0.00071063054633277
202,270,0.00054301642624615,-0.000707713632000054
205,270,0.00052786778891635,-0.000704472950266523
208,270,0.000514898024653201,-0.000700041484727494
211,270,0.000505769416356272,-0.000694339674485342
214,270,0.000500361837158017,-0.000687945833557683
217,270,0.00049797717409397,-0.000681847195882897
220,270,0.000498309318997001,-0.000677150472007656
223,270,0.000501484885336322,-0.000674491063086979
226,270,0.000508193167630903,-0.000673683409424052
229,270,0.000519147201943931,-0.000673697732526075
232,270,0.000534215909320528,-0.000673070421177309
235,270,0.00055246828083756,-0.000670522754953643
238,270,0.000572316335045329,-0.000665631160657698
241,270,0.000591578965693476,-0.000658911120233073
244,270,0.000607692176086311,-0.000651440282920108
247,270,0.000618863382819705,-0.000644105477310556
250,270,0.000624681605164296,-0.00063728739734853
253,270,0.000625788142207678,-0.000631040831138829
256,270,0.000623265936801233,-0.000625073358680141
259,270,0.000617945967423136,-0.000618615545901293
262,270,0.000610120542651758,-0.000610613720986612
265,270,0.000599808183081101,-0.000600148275344021
268,270,0.000587122272436876,-0.000587195602909221
271,270,0.000572616452955854,-0.000572616452955853
274,270,0.000556698513302747,-0.000556698513302748
277,270,0.000539438984588617,-0.000539438984588613
280,270,0.000520986328429474,-0.000520986328429476
283,270,0.000501485222769015,-0.000501485222769016
286,270,0.000481076192652899,-0.000481076192652902
289,270,0.000459895279427586,-0.000459895279427582
292,270,0.000438073747475275,-0.000438073747475276
295,270,0.000415737827492842,-0.000415737827492841
298,270,0.000393008495234184,-0.000393008495234185
1,275,5.89883697443838e-12,-5.89883697443838e-12
4,275,-1.24198821324716e-06,-1.37127347909658e-06
7,275,-3.45971009131101e-06,-5.60935387926189e-06
10,275,-4.78165126661856e-06,-1.30119930952478e-05
13,275,-3.42198680059762e-06,-2.3126003545061e-05
16,275,1.46956425675946e-06,-3.50895235141412e-05
19,275,9.70897999568901e-06,-4.80248490256645e-05
22,275,2.04360415693246e-05,-6.16355197980016e-05
25,275,3.24657773617815e-05,-7.64366436779651e-05
28,275,4.455926952775e-05,-9.35300590737769e-05
31,275,5.59141569244305e-05,-0.000114215923203766
34,275,6.6368427559189e-05,-0.000139456821486672
37,275,7.61213569261985e-05,-0.000169302811815413
40,275,8.53061316420054e-05,-0.00020253828523534
43,275,9.39712871561289e-05,-0.000236412517669024
46,275,0.000102085326667148,-0.000267243823450967
49,275,0.000109630536922328,-0.000292293731684489
52,275,0.000116887312248671,-0.000311058535312736
55,275,0.000124494467479768,-0.000325534904579101
58,275,0.00013340321396654,-0.000339212279883503
61,275,0.000144636892281955,-0.000355496047603096
64,275,0.000158604567170266,-0.000376149600785862
67,275,0.000174900367124619,-0.000401184385953254
70,275,0.000192419135328999,-0.000429240874253534
73,275,0.000209745841563964,-0.000458101678445507
76,275,0.000225569808424636,-0.000485346537808826
79,275,0.000238904516746904,-0.000509427689112108
82,275,0.000249000580760997,-0.00053036418072044
85,275,0.000255292462525143,-0.000549225331171042
88,275,0.00025776835540679,-0.000567230852822944
91,275,0.000257192782265291,-0.000585167238157283
94,275,0.000254972132657692,-0.000603188299636622
97,275,0.000252526938893141,-0.000620804192379758
100,275,0.000250994064328114,-0.000637079784818537
103,275,0.000251137318175851,-0.00065118843930912
106,275,0.00025323558564307,-0.000663309865457261
109,275,0.000257218774748617,-0.000674747611130837
112,275,0.000262621134753872,-0.000686890853555207
115,275,0.000268913284849857,-0.000699946130954763
118,275,0.000276360764967113,-0.000712894509232733
121,275,0.000285811099982289,-0.000724112930677719
124,275,0.000297531176101689,-0.000732274694871825
127,275,0.000310963439138121,-0.000736887552194214
130,275,0.000325425215738654,-0.000738405329959313
133,275,0.000340740711629414,-0.000737847276884477
136,275,0.000357047279241347,-0.000736378815225113
139,275,0.000374054004337647,-0.000735002140906892
142,275,0.000390836064392256,-0.000734372875689685
145,275,0.00040616336786025,-0.000734766913184787
148,275,0.000419266717079646,-0.000736161493541226
151,275,0.000430209420623738,-0.000738411660243059
154,275,0.00043957624961333,-0.000741355288095361
157,275,0.000447914184413294,-0.000744852134006421
160,275,0.00045578701137016,-0.000748926925080721
163,275,0.000463951866755718,-0.000753762285856697
166,275,0.000473302925090811,-0.000759336833428567
169,275,0.000484693377667311,-0.0007649963782782
172,275,0.000498349326670857,-0.000769567911993602
175,275,0.000513984035587998,-0.0007719466026959
178,275,0.000531340397557833,-0.000771591593291766
181,275,0.000549903732194513,-0.000768581716516479
184,275,0.000568217268733095,-0.000763414303446556
187,275,0.000583952020924206,-0.000756859886641082
190,275,0.000594800957054842,-0.000749850430339142
193,275,0.000599033414593599,-0.000743377155400009
196,275,0.000595924351629479,-0.000738164297372312
199,275,0.000586066645489655,-0.00073428005406072
202,275,0.000571664802988195,-0.000731098736277307
205,275,0.000556136830250025,-0.000727545378410565
208,275,0.000542727208437115,-0.00072275165447871
211,275,0.00053309662092259,-0.000716636694007044
214,275,0.000527123341312446,-0.000709777501436048
217,275,0.000524107657115759,-0.00070316000112706
220,275,0.000523741860638956,-0.00069788959404962
223,275,0.00052615096582479,-0.000694600371781682
226,275,0.000532022667665778,-0.000693105465049309
229,275,0.000542068402698656,-0.000692373785782644
232,275,0.000556155492442103,-0.000690940413188837
235,275,0.000573351328446518,-0.000687525317266686
238,275,0.000592066329735749,-0.000681703615241692
241,275,0.000610117790532988,-0.000673989479480419
244,275,0.000624940114616108,-0.000665459249646077
247,275,0.000634739119054498,-0.000656998444753334
250,275,0.00063910222359236,-0.000648986449169182
253,275,0.000638669127790815,-0.000641476741421391
256,275,0.000634521174974855,-0.000634175591931504
259,275,0.000627487744096122,-0.000626312257051282
262,275,0.000617859544206586,-0.000616831755387906
265,275,0.000605653496373752,-0.000604813168772303
268,275,0.00059098138479694,-0.000590231581563008
271,275,0.000574395252186414,-0.0005739464334566
274,275,0.00055690970071723,-0.000556845296347183
277,275,0.000539438984588617,-0.000539438984588613
280,275,0.000520986328429474,-0.000520986328429476
283,275,0.000501485222769015,-0.000501485222769016
286,275,0.000481076192652899,-0.000481076192652902
289,275,0.000459895279427586,-0.000459895279427582
292,275,0.000438073747475275,-0.000438073747475276
295,275,0.000415737827492842,-0.000415737827492841
298,275,0.000393008495234184,-0.000393008495234185
1,280,5.89883697443838e-12,-5.89883697443838e-12
4,280,-1.18747119695848e-06,-1.39830655241244e-06
7,280,-3.27098911702097e-06,-5.70293262114955e-06
10,280,-4.38172471327556e-06,-1.32102967963056e-05
13,280,-2.73653836778024e-06,-2.34658781912375e-05
16,280,2.51216554880002e-06,-3.56064817867344e-05
19,280,1.11776798060613e-05,-4.87530703013414e-05
22,280,2.23971002364916e-05,-6.26078501487567e-05
25,280,3.49827699035519e-05,-7.76845958711533e-05
28,280,4.76930856412733e-05,-9.50838125721056e-05
31,280,5.97230009862242e-05,-0.000116104324165293
34,280,7.09078186251087e-05,-0.000141707382764799
37,280,8.14441287314583e-05,-0.000171941712958904
40,280,9.14624326011491e-05,-0.000205590372488293
43,280,0.000101008580363076,-0.000239901303970905
46,280,0.000110048389895155,-0.000271191488436583
49,280,0.000118561462624002,-0.000296721121684012
52,280,0.000126825507555962,-0.000315985163351651
55,280,0.000135476654203995,-0.000330978950378292
58,280,0.00014546342859836,-0.000345190589859179
61,280,0.000157806485991366,-0.000362024134866818
64,280,0.000172912205806628,-0.000383241645144538
67,280,0.000190372031216643,-0.000408853233909158
70,280,0.000209078120084737,-0.00043749803900428
73,280,0.000227612756870838,-0.000466957339884052
76,280,0.000244662578849389,-0.000494809542523491
79,280,0.000259238381535643,-0.00051950555038656
82,280,0.00027058809383919,-0.000541063078533704
85,280,0.00027814349249759,-0.000560550112197483
88,280,0.000281890085557645,-0.000579185030432277
91,280,0.000282589710558064,-0.000597752992414582
94,280,0.000281646071735241,-0.000616406477302313
97,280,0.000280477016077676,-0.000634654306909606
100,280,0.000280216721621189,-0.000651560016363665
103,280,0.000281626312258363,-0.00066629563471601
106,280,0.000284981987875294,-0.000679039538267724
109,280,0.000290210971170141,-0.000691093941582057
112,280,0.000296844826083667,-0.000703846688579698
115,280,0.000304351486486217,-0.000717502984180418
118,280,0.000312993806987707,-0.000731042560982766
121,280,0.000323616627144112,-0.000742841027970712
124,280,0.000336484147841108,-0.000751570351421706
127,280,0.00035103612957083,-0.000756736948410267
130,280,0.000366587213659723,-0.000758793312946171
133,280,0.00038295892051324,-0.000758757360442105
136,280,0.000400285917241685,-0.000757793179848852
139,280,0.000418274604287606,-0.000756901633787415
142,280,0.000435997473804289,-0.000756737010713038
145,280,0.000452221748926169,-0.000757573870932346
148,280,0.000466175546670603,-0.000759388121289726
151,280,0.000477919490290238,-0.000762033471964583
154,280,0.000488035665585226,-0.000765346464457348
157,280,0.000497068367599794,-0.000769185522371655
160,280,0.000505578697359819,-0.000773574039507344
163,280,0.000514321105816444,-0.000778693307098183
166,280,0.000524187082169861,-0.000784520608933769
169,280,0.000536027132391286,-0.000790400422191299
172,280,0.000550064673345712,-0.000795158405154143
175,280,0.000566010283199035,-0.000797688392638766
178,280,0.000583604169769715,-0.000797448194247209
181,280,0.000602328967351236,-0.000794515309410085
184,280,0.000620725219858019,-0.00078938573589927
187,280,0.000636461255720038,-0.000782828672969191
190,280,0.000647227357903634,-0.000775774751554298
193,280,0.00065129017855676,-0.000769213859209206
196,280,0.000647921990447755,-0.000763868898177887
199,280,0.000637712985583158,-0.000759806732960385
202,280,0.000622864985456377,-0.000756400341064098
205,280,0.000606793310871692,-0.000752573423572882
208,280,0.00059273975767042,-0.000747456321200305
211,280,0.000582362323905043,-0.000740966830167018
214,280,0.000575536597860884,-0.000733680621608835
217,280,0.0005715601817264,-0.000726582286582474
220,280,0.000570122682487351,-0.000720775892752813
223,280,0.000571346428765857,-0.00071689419839316
226,280,0.000575916430233745,-0.000714749000924908
229,280,0.000584541438107144,-0.00071330787897358
232,280,0.000597086088584059,-0.000711104578441665
235,280,0.000612615087894256,-0.000706857736023309
238,280,0.000629536169740917,-0.000700141135639359
241,280,0.000645663943026576,-0.000691467616351742
244,280,0.000658430126208486,-0.000681912184519018
247,280,0.000666037851035377,-0.000672359025851208
250,280,0.000668071851930784,-0.000663186191410618
253,280,0.000665169143135174,-0.000654445826420428
256,280,0.000658408382652916,-0.000645842867997485
259,280,0.00064861626411499,-0.000636605239188943
262,280,0.000636080811252717,-0.000625676625297261
265,280,0.00062081625981292,-0.000612134774848803
268,280,0.000602931708674339,-0.000595953438897403
271,280,0.00058297651522652,-0.000577990723835029
274,280,0.000561962596323919,-0.000559132868251053
277,280,0.000541035134819997,-0.000540041943834516
280,280,0.000520986328429474,-0.000520986328429476
283,280,0.000501485222769015,-0.000501485222769016
286,280,0.000481076192652899,-0.000481076192652902
289,280,0.000459895279427586,-0.000459895279427582
292,280,0.000438073747475275,-0.000438073747475276
295,280,0.000415737827492842,-0.000415737827492841
298,280,0.000393008495234184,-0.000393008495234185
1,285,5.89883697443838e-12,-5.89883697443838e-12
4,285,-1.11497917969371e-06,-1.38611282435152e-06
7,285,-3.01999396963031e-06,-5.66071086289951e-06
10,285,-3.84972135392896e-06,-1.31207993642675e-05
13,285,-1.8245277456988e-06,-2.33124441003519e-05
16,285,3.89967645336797e-06,-3.5373036710449e-05
19,285,1.31326779818233e-05,-4.84241265716498e-05
22,285,2.50080666411116e-05,-6.21685067561693e-05
25,285,3.83346794636653e-05,-7.71205384647213e-05
28,285,5.18674072524742e-05,-9.43813134593799e-05
31,285,6.47976975130596e-05,-0.00011525024231239
34,285,7.69573469011052e-05,-0.000140689163796344
37,285,8.85394395590737e-05,-0.000170747389158059
40,285,9.967097075183e-05,-0.000204208562796725
43,285,0.000110394284577216,-0.000238321213988845
46,285,0.00012067169288211,-0.000269402910422759
49,285,0.000130479291062091,-0.000294714434555698
52,285,0.000140091282092469,-0.000313751332684635
55,285,0.00015014028945516,-0.000328509528406918
58,285,0.000161571333149386,-0.000342477715476283
61,285,0.000175401562396421,-0.000359060533623797
64,285,0.000192033850588827,-0.000380020629251278
67,285,0.000211056134868077,-0.000405368702234115
70,285,0.000231357067066453,-0.000433744477074412
73,285,0.000251515425612842,-0.000462929819884867
76,285,0.000270214341750649,-0.000490503723298996
79,285,0.000286461104964089,-0.000514917677439308
82,285,0.000299500138131714,-0.000536189984024779
85,285,0.000308759711960043,-0.000555389214946492
88,285,0.000314221828464838,-0.00057373433591735
91,285,0.000316644819153776,-0.000592011092772384
94,285,0.000317428882232203,-0.000610372551328039
97,285,0.00031798835865759,-0.000628328120056972
100,285,0.000319453920434703,-0.000644941920744921
103,285,0.000322583185425101,-0.000659386569101922
106,285,0.000327648847483832,-0.000671841028087611
109,285,0.000334574623278036,-0.000683608098923749
112,285,0.000342888570717399,-0.000696076212189557
115,285,0.000352055117641259,-0.000709451159463313
118,285,0.000362333612628478,-0.000722713260002134
121,285,0.000374565389204003,-0.000734238709448494
124,285,0.000389011142222461,-0.000742700060738373
127,285,0.000405107126144945,-0.000747604317604814
130,285,0.000422164476266881,-0.000749404560716138
133,285,0.000440001206962666,-0.000749119292143551
136,285,0.000458748479311578,-0.00074791318749636
139,285,0.000478109187725098,-0.000746787696054094
142,285,0.000497152318325502,-0.000746397692930533
145,285,0.000514641588216173,-0.000747018325090834
148,285,0.000529801608383441,-0.000748626086037899
151,285,0.000542689496048898,-0.000751075272609667
154,285,0.000553883830981668,-0.000754203012965099
157,285,0.000563925402194935,-0.000757868317366364
160,285,0.000573371804683541,-0.000762095166271808
163,285,0.000582973983367578,-0.000767065437573755
166,285,0.000593619921416212,-0.000772757001720307
169,285,0.000606156618769615,-0.000778514922547212
172,285,0.000620803986261746,-0.000783165444996345
175,285,0.000637269096027456,-0.000785602990542711
178,285,0.00065528864985417,-0.000785285955446874
181,285,0.00067434177600433,-0.000782292425797988
184,285,0.000692965512361319,-0.000777118986026444
187,285,0.000708824681324068,-0.000770535422045201
190,285,0.000719606059827892,-0.000763472951447233
193,285,0.000723572793989689,-0.000756922048445696
196,285,0.000719993650546778,-0.000751606201943075
199,285,0.000709455315474639,-0.000747592863097949
202,285,0.000694156104235648,-0.000744255596076245
205,285,0.000677507831603052,-0.000740518688620344
208,285,0.000662748787387125,-0.000735513068102351
211,285,0.000651533463609305,-0.00072915711740143
214,285,0.000643733942523892,-0.000722027094311942
217,285,0.000638644320288285,-0.000715108176549116
220,285,0.000635950697857208,-0.000709505018436369
223,285,0.000635771897821761,-0.000705850964905537
226,285,0.000638789423822704,-0.000703958400036532
229,285,0.000645708521045156,-0.000702795489113403
232,285,0.000656390319656052,-0.000700896564697182
235,285,0.000669896019854155,-0.000696980850140551
238,285,0.000684629849311573,-0.00069062271602285
241,285,0.000698402910899825,-0.000682335588064557
244,285,0.000708643417045112,-0.000673195059282761
247,285,0.000713550993465137,-0.00066408590204602
250,285,0.000712706868552386,-0.000655386754075142
253,285,0.000706744550516284,-0.000647150347251839
256,285,0.000696739191330177,-0.000639082205351513
259,285,0.000683513978593991,-0.000630410838079835
262,285,0.000667353430008022,-0.000620080517397777
265,285,0.00064826827528802,-0.000607169578490234
268,285,0.000626364107281736,-0.000591652359069584
271,285,0.000602186777347644,-0.00057438755218633
274,285,0.000576744696309184,-0.000556261983088337
277,285,0.00055117954098873,-0.000537938310123184
280,285,0.000526280003070019,-0.000519685497793479
283,285,0.000502634705758528,-0.00050109059427756
286,285,0.000481076192652899,-0.000481076192652902
289,285,0.000459895279427586,-0.000459895279427582
292,285,0.000438073747475275,-0.000438073747475276
295,285,0.000415737827492842,-0.000415737827492841
298,285,0.000393008495234184,-0.000393008495234185
1,290,5.89883697443838e-12,-5.89883697443838e-12
4,290,-1.03222403713102e-06,-1.34938182051208e-06
7,290,-2.73341146951369e-06,-5.53351040729668e-06
10,290,-3.24217420836508e-06,-1.28511370833509e-05
13,290,-7.82813593896826e-07,-2.28500736949194e-05
16,290,5.48482504510867e-06,-3.46694579556668e-05
19,290,1.53665935200977e-05,-4.74325853170576e-05
22,290,2.79921467054208e-05,-6.08439949256636e-05
25,290,4.21663867064178e-05,-7.54197940565622e-05
28,290,5.6640269398962e-05,-9.2262820546186e-05
31,290,7.06013073614908e-05,-0.000112674231041155
34,290,8.38773623225816e-05,-0.000137617610388418
37,290,9.66575834976198e-05,-0.000167144015909154
40,290,0.000109065031224336,-0.000200038838076916
43,290,0.000121138114673504,-0.000233552352242578
46,290,0.000132835210764899,-0.000264003872168844
49,290,0.000144128479966997,-0.000288655926387307
52,290,0.000155288190328005,-0.000307005807269285
55,290,0.00016694303040274,-0.000321051184486514
58,290,0.000180034085263331,-0.000334282497867086
61,290,0.000195574569203963,-0.000350106133216431
64,290,0.000213963420690085,-0.000370286483010721
67,290,0.000234784641936078,-0.000394835993199731
70,290,0.000256922949847125,-0.000422396134359914
73,290,0.000278953187925012,-0.000450750518678336
76,290,0.00029955455248605,-0.000477479884862859
79,290,0.000317730398087368,-0.00050103746911038
82,290,0.00033272121268039,-0.000521443319214233
85,290,0.000343951332044559,-0.000539767753139857
88,290,0.000351398823268533,-0.000557231482674516
91,290,0.000355818082932891,-0.000574621999727616
94,290,0.000358605374315874,-0.000592094116189965
97,290,0.000361171103447873,-0.000609158986608579
100,290,0.000364642007406529,-0.00062488247884356
103,290,0.000369771769126335,-0.000638438954679294
106,290,0.000376829147535208,-0.000650009123149809
109,290,0.000385733924373214,-0.000660897531551208
112,290,0.000396010222622928,-0.000672494356537086
115,290,0.000407118535196595,-0.000685007135760073
118,290,0.000419314275745977,-0.000697417934551669
121,290,0.000433434842868932,-0.000708104694628695
124,290,0.000449736996492965,-0.000715741715001506
127,290,0.000467653056152107,-0.000719837745477486
130,290,0.000486490222214645,-0.000720847612799347
133,290,0.000506062574127907,-0.00071979156511265
136,290,0.000526497338044054,-0.00071783602410106
139,290,0.000547493473447486,-0.00071598418511847
142,290,0.000568116031533378,-0.00071489266935303
145,290,0.000587124794477996,-0.00071483836984426
148,290,0.000603740438340594,-0.000715799526169426
151,290,0.000618016145415653,-0.000717632181240814
154,290,0.000630526560545212,-0.000720175209291775
157,290,0.000641808537815338,-0.000723289366658819
160,290,0.000652415737293787,-0.000727000379874676
163,290,0.000663095168973552,-0.000731491872906011
166,290,0.000674730881096699,-0.000736743462275316
169,290,0.000688165938676299,-0.00074210195789268
172,290,0.00070361631761922,-0.000746395350774347
175,290,0.00072078515513321,-0.000748519808469689
178,290,0.000739405218078589,-0.000747935473313643
181,290,0.000758951699790717,-0.000744722177469707
184,290,0.000777957703225868,-0.000739378251442643
187,290,0.000794084115855874,-0.000732675227219787
190,290,0.00080501377968895,-0.000725546068468459
193,290,0.00080900590591491,-0.00071898299547618
196,290,0.000805325326343955,-0.000713711243219813
199,290,0.000794554792024481,-0.000709800008932286
202,290,0.000778888683491766,-0.000706624602853901
205,290,0.000761734880591951,-0.000703111058801398
208,290,0.000746327738208215,-0.00069839205022123
211,290,0.0007343178134349,-0.000692387706066959
214,290,0.0007255732535992,-0.000685676030207282
217,290,0.000719384219931427,-0.000679243946431787
220,290,0.0007154328784592,-0.000674197855138275
223,290,0.000713834116846515,-0.00067117284733294
226,290,0.000715265503807047,-0.000669983053170053
229,290,0.000720428349598811,-0.00066959838400803
232,290,0.000729179849461642,-0.00066855491848227
235,290,0.000740577268667209,-0.000665573626019816
238,290,0.000753020899960504,-0.000660230623274361
241,290,0.000764317911285989,-0.000653041082040752
244,290,0.000771892580142719,-0.000645082341410459
247,290,0.000773940597321331,-0.000637240919826379
250,290,0.000770039256287194,-0.000629897201083707
253,290,0.000760818130322652,-0.000623105663138482
256,290,0.000747348436473935,-0.00061657357584052
259,290,0.000730449427413885,-0.000609531194969818
262,290,0.000710401685915688,-0.000600924538561726
265,290,0.000687212006768009,-0.000589833687875477
268,290,0.000660982047891482,-0.000576234726697859
271,290,0.000632253725717503,-0.000560988094153708
274,290,0.00060203151614241,-0.000544982361565274
277,290,0.000571453161061472,-0.000528881933354444
280,290,0.000541303417231311,-0.000512957520098269
283,290,0.000512166972930348,-0.000496797916049414
286,290,0.000484872436830092,-0.000479327460359696
289,290,0.000460249698143904,-0.000459725826921347
292,290,0.000438073747475275,-0.000438073747475276
295,290,0.000415737827492842,-0.000415737827492841
298,290,0.000393008495234184,-0.000393008495234185
1,295,5.89883697443838e-12,-5.89883697443838e-12
4,295,-9.9907726629674e-07,-1.32620559785745e-06
7,295,-2.61860572711714e-06,-5.45323679495252e-06
10,295,-2.9987503794031e-06,-1.26809289860779e-05
13,295,-3.653656490302e-07,-2.25581780892683e-05
16,295,6.12015004949895e-06,-3.42252058900011e-05
19,295,1.62620954419575e-05,-4.68063919115112e-05
22,295,2.91885723169649e-05,-6.0007359372185e-05
25,295,4.37029296942009e-05,-7.43452996188774e-05
28,295,5.85545703638303e-05,-9.09241345598219e-05
31,295,7.29294538186009e-05,-0.000111046104913433
34,295,8.66538887013708e-05,-0.000135675879598458
37,295,9.99154711418576e-05,-0.000164865600007869
40,295,0.000112835708392084,-0.000197401740687002
43,295,0.000125451456537131,-0.000230535661058546
46,295,0.000137719539411057,-0.000260587758956986
49,295,0.000149610564396686,-0.000284821646985706
52,295,0.000161393246456484,-0.000302735701587824
55,295,0.000173694721059617,-0.000316328676506877
58,295,0.000187454520192468,-0.00032909209564275
61,295,0.00020368430506357,-0.000344433428872653
64,295,0.000222781461052643,-0.00036411815274456
67,295,0.000244328437288406,-0.000388159797280041
70,295,0.000267208397590303,-0.000415200917127354
73,295,0.000289994632374475,-0.000443026208545342
76,295,0.000311364784871493,-0.000469217494313669
79,295,0.000330320656552816,-0.000492229094701025
82,295,0.000346101182284145,-0.000512082141572551
85,295,0.000358129144759277,-0.000529848036965459
88,295,0.00036638105798112,-0.000546748576738828
91,295,0.000371609765444602,-0.000563572336873829
94,295,0.000375209977342223,-0.000580475213333108
97,295,0.00037859054661872,-0.000596969444735435
100,295,0.000382876657266007,-0.000612121983012723
103,295,0.000388820439132918,-0.000625108274021153
106,295,0.000396689098061625,-0.000636110110866554
109,295,0.000406400862706546,-0.00064643312491681
112,295,0.000417478302964511,-0.000657468576897321
115,295,0.000429380358662133,-0.000669425088532498
118,295,0.000442360890365405,-0.000681285809225651
121,295,0.00045725574358655,-0.000691429764765383
124,295,0.000474320125167338,-0.000698532338233853
127,295,0.00049298480155614,-0.000702103363510228
130,295,0.0005125554200355,-0.000702598751409032
133,295,0.000532844506967103,-0.000701039834147601
136,295,0.000553977735417373,-0.000698594117481411
139,295,0.000575652511785035,-0.00069626588083613
142,295,0.000596932334179555,-0.000694712829471729
145,295,0.000616575431691518,-0.000694212940499501
148,295,0.000633800927294471,-0.000694745537568517
151,295,0.000648660450197206,-0.000696167747662841
154,295,0.000661727092156059,-0.000698319529087638
157,295,0.000673536154171409,-0.000701062722251209
160,295,0.000684639743225311,-0.000704424137758072
163,295,0.000695783316225065,-0.000708588483646688
166,295,0.000707849368327038,-0.000713536460511342
169,295,0.000721679411458609,-0.000718615962333926
172,295,0.000737487868440947,-0.00072265606420247
175,295,0.000754976323396109,-0.000724554017738139
178,295,0.000773875990098712,-0.000723771049347668
181,295,0.000793660508798427,-0.000720388075266354
184,295,0.000812861429365825,-0.000714904510070748
187,295,0.000829138086187057,-0.000708092969819977
190,295,0.000840171768184626,-0.000700887502253164
193,295,0.00084422013346265,-0.000694281411729618
196,295,0.000840546460745649,-0.000689001017298002
199,295,0.000829731947996313,-0.000685116600263031
202,295,0.000813969422664222,-0.000682004554936807
205,295,0.000796665211509821,-0.000678591999207856
208,295,0.000781052116330601,-0.000674012690594442
211,295,0.000768779141135204,-0.000668187842121904
214,295,0.000759712880165131,-0.000661696541730743
217,295,0.000753141941564995,-0.000655526797282342
220,295,0.000748746938276721,-0.000650786093246298
223,295,0.000746641204878613,-0.000648110604700589
226,295,0.000747500756998634,-0.000647315545871283
229,295,0.000752025351809119,-0.000647371912188601
232,295,0.000760070631464199,-0.000646816866359721
235,295,0.000770692308149865,-0.000644372461883496
238,295,0.000782289121525376,-0.000639615899485413
241,295,0.000792666686449546,-0.000633063435032086
244,295,0.000799247727335691,-0.000625793491686813
247,295,0.000800226381888779,-0.000618693671964278
250,295,0.000795178390488469,-0.000612145443731455
253,295,0.000784731773331425,-0.000606204369016188
256,295,0.000769956194378161,-0.000600578801740085
259,295,0.000751669353215847,-0.000594500081754951
262,295,0.000730150279531942,-0.000586915311167909
265,295,0.000705404215029446,-0.000576905655309987
268,295,0.000677531264543278,-0.000564448282039788
271,295,0.000647071791419163,-0.000550404714553934
274,295,0.000615028718467689,-0.000535664608246458
277,295,0.000582538234498501,-0.000520893451611047
280,295,0.000550383543182459,-0.000506363039296554
283,295,0.000519147779712343,-0.000491663249627433
286,295,0.00048965799967391,-0.000475719505827307
289,295,0.000462742539194898,-0.000457712565860162
292,295,0.000438478091159551,-0.000437568394575055
295,295,0.000415737827492842,-0.000415737827492841
298,295,0.000393008495234184,-0.000393008495234185
1,300,5.89883697443838e-12,-5.89883697443838e-12
4,300,-1.04068593110743e-06,-1.32989792675e-06
7,300,-2.76275353799001e-06,-5.46602957291702e-06
10,300,-3.30446172557394e-06,-1.27080627106533e-05
13,300,-8.89758827759947e-07,-2.26047256353535e-05
16,300,5.32186283292728e-06,-3.4296072509852e-05
19,300,1.51366080742573e-05,-4.69063152347514e-05
22,300,2.76844847768345e-05,-6.01409094057921e-05
25,300,4.17707480523265e-05,-7.45168787471926e-05
28,300,5.61467067828722e-05,-9.11379775445462e-05
31,300,7.00002265532305e-05,-0.000111306278893631
34,300,8.31595220982151e-05,-0.000135986284090555
37,300,9.58140956395615e-05,-0.000165229966905634
40,300,0.000108087360521249,-0.000197823634261602
43,300,0.000120018078920384,-0.000231018477958466
46,300,0.000131564980762961,-0.000261134728208107
49,300,0.000142700579523839,-0.000285435829991241
52,300,0.000153695496257429,-0.000303419992128368
55,300,0.00016517877252492,-0.000317085800740362
58,300,0.000178091846404643,-0.000329924612104497
61,300,0.000193448285197163,-0.000345343728475322
64,300,0.000211647380374147,-0.000365108458778191
67,300,0.000232273487156332,-0.000389232165412018
70,300,0.000254211675455111,-0.000416357235402426
73,300,0.000276037141778657,-0.000444268197385614
76,300,0.000296429435449477,-0.000470546706518621
79,300,0.000314392264031068,-0.000493646915447494
82,300,0.000329166468481072,-0.000513589788414714
85,300,0.000340176737585324,-0.000531446559834874
88,300,0.000347401491438652,-0.000548438857944413
91,300,0.00035159547962803,-0.000565355091101857
94,300,0.000354155318437905,-0.000582350987647201
97,300,0.000356491766905037,-0.000598938618576603
100,300,0.000359731915113285,-0.000614184768199327
103,300,0.000364629799003504,-0.000627264714748892
106,300,0.000371454530509822,-0.000638360083708519
109,300,0.00038012624437869,-0.000648776338823427
112,300,0.000390169416598865,-0.000659904573196396
115,300,0.000401044893089002,-0.000671953240929178
118,300,0.000413008440507029,-0.000683905323802477
121,300,0.000426897810457212,-0.000694139679982216
124,300,0.000442970115873246,-0.000701331524927942
127,300,0.000460658029295546,-0.000704990524896173
130,300,0.000479269104098592,-0.000705572423078792
133,300,0.000498617772736105,-0.000704098384070506
136,300,0.000518831614366453,-0.000701735746004134
139,300,0.000539609941480375,-0.000699488620682718
142,300,0.000560018158279304,-0.000698014545743588
145,300,0.000578816399945832,-0.000697591330675392
148,300,0.000595225695545462,-0.000698198131504567
151,300,0.000609299580379016,-0.000699691907592538
154,300,0.000621613052294777,-0.000701912449621829
157,300,0.000632703318385132,-0.000704721430378096
160,300,0.00064312439172411,-0.000708145492843232
163,300,0.00065362363531101,-0.000712369177433044
166,300,0.000665085450394179,-0.000717373017119183
169,300,0.000678353254992985,-0.000722504738260895
172,300,0.000693643378020576,-0.000726593248323589
175,300,0.000710659309691006,-0.000728535631305769
178,300,0.000729134169870876,-0.000727792945991541
181,300,0.000748543504901834,-0.000724445940993569
184,300,0.000767420770746448,-0.000718993863265749
187,300,0.000783427207882849,-0.000712209161244578
190,300,0.000794246011325532,-0.000705025715046542
193,300,0.000798136745270602,-0.00069843666140831
196,300,0.000794364594534559,-0.000693168151755891
199,300,0.000783512663172089,-0.000689290299771389
202,300,0.000767775684724749,-0.000686179332144235
205,300,0.000750561892044973,-0.000682762199140344
208,300,0.000735105993022243,-0.000678172490655318
211,300,0.000723058897757186,-0.000672331252091866
214,300,0.000714289106583285,-0.000665817403767856
217,300,0.000708087133737142,-0.000659618785922019
220,300,0.000704135498252668,-0.000654842715401315
223,300,0.000702549440800157,-0.000652125199661092
226,300,0.000704006883099555,-0.000651281285304772
229,300,0.00070920948841519,-0.000651281800139938
232,300,0.00071801480499317,-0.000650663739251127
235,300,0.000729480451111468,-0.00064814898851455
238,300,0.000742007072521347,-0.000643314581033063
241,300,0.000753402190173596,-0.000636676605050644
244,300,0.000761090434573522,-0.00062931331610792
247,300,0.000763267849518089,-0.000622112149096978
250,300,0.000759512081478906,-0.000615454404262124
253,300,0.000750453056744676,-0.000609395476008582
256,300,0.000737162345367846,-0.000603643550635296
259,300,0.000720459553027626,-0.000597429800371458
262,300,0.000700625615503409,-0.000589701159701531
265,300,0.000677667680590235,-0.000579538626333934
268,300,0.000651687759214951,-0.000566919200504576
271,300,0.000623228120815327,-0.000552704237787495
274,300,0.000593293594293882,-0.000537783225954048
277,300,0.000563022274552296,-0.000522821485875326
280,300,0.000533199271353381,-0.00050809064457747
283,300,0.000504409625981946,-0.000493180412762376
286,300,0.000477482300115667,-0.000477016046030979
289,300,0.000453247535974329,-0.000458778134724629
292,300,0.000431783932534121,-0.000438392476069746
295,300,0.00041196656781206,-0.000416309737964557
298,300,0.000392030221085688,-0.000393217131468892
1,305,5.89883697443838e-12,-5.89883697443838e-12
4,305,-1.12697485572722e-06,-1.3528657236538e-06
7,305,-3.0617350737243e-06,-5.5456104116895e-06
10,305,-3.93864422980956e-06,-1.2876864971476e-05
13,305,-1.97775532876658e-06,-2.28943208336345e-05
16,305,3.66533463600016e-06,-3.47369952962156e-05
19,305,1.28007258113804e-05,-4.75280633950241e-05
22,305,2.45623214070919e-05,-6.09719438610383e-05
25,305,3.7759271863924e-05,-7.55846235536854e-05
28,305,5.11467813931149e-05,-9.24688198937918e-05
31,305,6.39166109085678e-05,-0.000112925569112328
34,305,7.59008704741972e-05,-0.000137918335640631
37,305,8.72929576408667e-05,-0.000167498056384242
40,305,9.82201810816481e-05,-0.000200450001401103
43,305,0.000108725198302791,-0.000234024325626446
46,305,0.000118770634559398,-0.000264540222407359
49,305,0.00012833289865545,-0.000289260099859787
52,305,0.000137686506974457,-0.000307681129939455
55,305,0.000147464396406755,-0.000321800861902442
58,305,0.000158611900359771,-0.000335109615161236
61,305,0.000172146481463193,-0.000351013655105608
64,305,0.000188471326517791,-0.000371277253796147
67,305,0.000207174686073453,-0.000395912736766962
70,305,0.000227145525370652,-0.000423561454178905
73,305,0.000246962936246711,-0.000452006897803387
76,305,0.000265310363353224,-0.000478829685932676
79,305,0.000281195409582829,-0.000502482934348029
82,305,0.000293862811222266,-0.000522986570427146
85,305,0.000302741152386504,-0.000541410791719827
88,305,0.00030781274849947,-0.000558976189597757
91,305,0.000309836244477287,-0.000576470135554655
94,305,0.000310212151933482,-0.000594047321065743
97,305,0.00031035512523396,-0.000611218780262385
100,305,0.000311396149791669,-0.000627050260589096
103,305,0.000314093156876613,-0.000640716003414577
106,305,0.000318719153752015,-0.000652396597357274
109,305,0.000325198170493459,-0.000663396469297641
112,305,0.0003330585784188,-0.000675105675473671
115,305,0.000341765118775822,-0.000687731633122332
118,305,0.000351577453551569,-0.000700256287159522
121,305,0.000363337229679429,-0.000711057458886412
124,305,0.000377305455422202,-0.000718809326897774
127,305,0.000392918698649435,-0.000723020520585311
130,305,0.00040948840806471,-0.000724145746276146
133,305,0.000426832911450881,-0.000723205131700185
136,305,0.000445083683295415,-0.000721364978125508
139,305,0.000463943931418189,-0.000719628360490327
142,305,0.000482482955349735,-0.000718651779567214
145,305,0.000499464785601781,-0.00071871200798002
148,305,0.00051411434656892,-0.000719787164890424
151,305,0.000526489068881109,-0.000721733172795054
154,305,0.000537167845715749,-0.000724388785511642
157,305,0.000546691779494345,-0.00072761463896108
160,305,0.000555618778620036,-0.000731436339260473
163,305,0.000564700101421244,-0.000736037389960842
166,305,0.000574824044475434,-0.00074139728716906
169,305,0.000586837921131087,-0.000746862720379586
172,305,0.000600961955630461,-0.000751261560193062
175,305,0.000616903533516737,-0.000753489853743194
178,305,0.000634399669985636,-0.000753007622949311
181,305,0.000652929806707922,-0.000749894579559285
184,305,0.000671031294975267,-0.000744648933662255
187,305,0.000686369270594939,-0.000738042096829916
190,305,0.000696630823910538,-0.000731006912313981
193,305,0.000700079414447286,-0.00072453547998632
196,305,0.000695984122350802,-0.000719352914408189
199,305,0.00068493194700489,-0.000715528292396881
202,305,0.000669121517280223,-0.000712436803777069
205,305,0.000651964961358365,-0.000709004361949865
208,305,0.000636700882457892,-0.000704363519946103
211,305,0.000624984086008562,-0.00069843428630371
214,305,0.000616686967672974,-0.000691794544475762
217,305,0.000611103937016842,-0.00068543109783622
220,305,0.000607921408403205,-0.00068045022636725
223,305,0.000607258517831464,-0.000677486900659428
226,305,0.000609797082350684,-0.000676355130451386
229,305,0.00061624266055431,-0.000676024706685939
232,305,0.000626456696017578,-0.000675031587582811
235,305,0.000639500702347563,-0.000672096622153473
238,305,0.000653779220624655,-0.000666795806635962
241,305,0.000667103667128748,-0.000659644192409508
244,305,0.000676902567694284,-0.000651718998149922
247,305,0.000681375861447334,-0.000643906621884536
250,305,0.000680105090188624,-0.000636587326992852
253,305,0.000673724075535964,-0.000629815471015342
256,305,0.00066330828287094,-0.000623298203386123
259,305,0.000649681213201876,-0.00061626565946965
262,305,0.000633127697637261,-0.000607663736885571
265,305,0.000613658779301271,-0.000596572396477569
268,305,0.000591380364449867,-0.000582967601616703
271,305,0.000566838617849946,-0.000567709671012285
274,305,0.000541042263733113,-0.000551687055570855
277,305,0.00051513329233019,-0.00053556403929876
280,305,0.000489900708733099,-0.0005196112123573
283,305,0.000465933449555786,-0.000503417248583654
286,305,0.000444064371805002,-0.000485906366713938
289,305,0.000425127613029686,-0.000466258120224753
292,305,0.000409205667535134,-0.000444397269477672
295,305,0.000395177508667488,-0.000420773445506186
298,305,0.000381281811033369,-0.000396072822505349
1,310,5.89883697443838e-12,-5.89883697443838e-12
4,310,-1.20231428423012e-06,-1.36891066135934e-06
7,310,-3.32281968145933e-06,-5.60121314726102e-06
10,310,-4.49253254918322e-06,-1.29948253768539e-05
13,310,-2.92815867386575e-06,-2.3096725792503e-05
16,310,2.21805216941444e-06,-3.50452187040552e-05
19,310,1.07595473458768e-05,-4.79627661590853e-05
22,310,2.18335772835416e-05,-6.15530739003207e-05
25,310,3.4252639641535e-05,-7.6331415798975e-05
28,310,4.6775285849421e-05,-9.3399796287648e-05
31,310,5.85966240394076e-05,-0.000114058538609073
34,310,6.95521114937491e-05,-0.000139270394206353
37,310,7.98384929816172e-05,-0.00016908558699682
40,310,8.95864243944127e-05,-0.000202288674050176
43,310,9.88419104567123e-05,-0.000236129097313414
46,310,0.000107570923641936,-0.000266925337145398
49,310,0.000115753219972381,-0.000291939088673845
52,310,0.000123666663049883,-0.000310666810866263
55,310,0.000131947536983106,-0.000325105339990474
58,310,0.000141544522397791,-0.000338744282470755
61,310,0.000153478429141962,-0.000354989190708645
64,310,0.000168155791234681,-0.000375603623776515
67,310,0.000185168206444195,-0.000400599194220231
70,310,0.000203407987229281,-0.000428616539212401
73,310,0.000221457572645581,-0.00045743843753623
76,310,0.000238003754563005,-0.000484644794495765
79,310,0.00025205748309254,-0.000508688012884007
82,310,0.000262866841739227,-0.000529587307090429
85,310,0.000269863761836364,-0.000548412161676622
88,310,0.000273033906026183,-0.000566382455026032
91,310,0.000273139266443159,-0.000584284845644145
94,310,0.000271583701919125,-0.000602273312017954
97,310,0.000269785214038308,-0.00061985817529059
100,310,0.000268878135431968,-0.000636104469918349
103,310,0.000269623744588459,-0.000650185724281707
106,310,0.000272298395989301,-0.000662281814010857
109,310,0.000276829466928411,-0.000673696452998033
112,310,0.000282748675941951,-0.00068581898449302
115,310,0.000289524111496059,-0.00069885611274453
118,310,0.00029741878279608,-0.000711789069680242
121,310,0.000307277683993721,-0.000722994963613093
124,310,0.000319365170570097,-0.000731147260149635
127,310,0.000333121157613106,-0.00073575387569334
130,310,0.000347860441044637,-0.000737268803583084
133,310,0.000363404695865861,-0.000736711458560568
136,310,0.000379888743782553,-0.000735247428905631
139,310,0.000397019139832948,-0.000733879076568263
142,310,0.000413868530765873,-0.00073326218933278
145,310,0.000429204294311402,-0.000733672826834837
148,310,0.000442254702082415,-0.000735088395247874
151,310,0.000453080531927224,-0.000737364104080284
154,310,0.000462264024241543,-0.000740337994161563
157,310,0.000470349628665197,-0.000743869988424387
160,310,0.000477898600819624,-0.000747984979997628
163,310,0.000485665546251603,-0.000752865759444081
166,310,0.000494542108756909,-0.000758491109882373
169,310,0.000505378948902349,-0.000764207007818748
172,310,0.00051839963814848,-0.000768840610865621
175,310,0.000533314909256843,-0.000771287253168467
178,310,0.000549865124641449,-0.000771006243658376
181,310,0.000567533073191403,-0.000768076581094998
184,310,0.000584859453416687,-0.000762995762579247
187,310,0.000599512748342902,-0.000756534486694578
190,310,0.000609183395531965,-0.00074962488370447
193,310,0.000612138201727416,-0.000743258340492587
196,310,0.000607649594293198,-0.000738159258631939
199,310,0.000596307919831439,-0.000734396001951592
202,310,0.000580315154431145,-0.000731343047287983
205,310,0.000563086773492178,-0.000727925595054009
208,310,0.000547864727451456,-0.000723275485292269
211,310,0.000536307168957052,-0.000717312013552452
214,310,0.000528289840889882,-0.000710612350299412
217,310,0.000523110500033994,-0.000704162585918888
220,310,0.000520458907970743,-0.000699068287404802
223,310,0.000520457547917845,-0.000695963712359508
226,310,0.000523791584142705,-0.000694662157533408
229,310,0.000531169922457062,-0.000694132700881096
232,310,0.000542457353654512,-0.000692910587634042
235,310,0.000556718738560421,-0.000689715953815509
238,310,0.000572361965473509,-0.000684124082675308
241,310,0.00058720179789199,-0.000676649312604425
244,310,0.000598670108868651,-0.000668368149290448
247,310,0.000604970184747851,-0.000660166277772476
250,310,0.000605686914548662,-0.000652423248441783
253,310,0.000601457467107186,-0.000645192705850634
256,310,0.000593360655023389,-0.000638181086444868
259,310,0.00058222332652386,-0.000630617812600742
262,310,0.000568333659935433,-0.000621448068949686
265,310,0.000551706045600596,-0.000609751103347143
268,310,0.000532449736993669,-0.000595502166175908
271,310,0.000511114246099825,-0.000579560863157108
274,310,0.000488711644369004,-0.000562814932209041
277,310,0.000466387269250345,-0.000545927944349849
280,310,0.000444933473054133,-0.000529169776752543
283,310,0.000424942539612591,-0.000512128390266107
286,310,0.000407250673150803,-0.000493727290638432
289,310,0.000392695358436019,-0.00047314531835791
292,310,0.000381362436991903,-0.000450306520797827
295,310,0.000372134229382875,-0.000425659816003477
298,310,0.000363252757433882,-0.00039989066518169
1,315,5.89883697443838e-12,-5.89883697443838e-12
4,315,-1.25482630130122e-06,-1.37648116337178e-06
7,315,-3.5048264523709e-06,-5.62745198773619e-06
10,315,-4.87872143933711e-06,-1.30504987852052e-05
13,315,-3.59092167729397e-06,-2.31922683911565e-05
16,315,1.20861843002116e-06,-3.51907335083944e-05
19,315,9.33564161920142e-06,-4.81680245774772e-05
22,315,1.992969368965e-05,-6.1827515734116e-05
25,315,3.18055676718282e-05,-7.66841492425148e-05
28,315,4.37241103666668e-05,-9.38395979282336e-05
31,315,5.48827252777583e-05,-0.000114593853427011
34,315,6.51191650587021e-05,-0.000139909335574909
37,315,7.46324698500389e-05,-0.00016983593668224
40,315,8.35555909145224e-05,-0.000203157882211707
43,315,9.1936828348107e-05,-0.000237124282503268
46,315,9.97444499955728e-05,-0.000268053286308762
49,315,0.00010696050725058,-0.000293206257148908
52,315,0.000113865159086317,-0.000312079322384181
55,315,0.000121096984982821,-0.00032666898667539
58,315,0.000129606960937205,-0.000340464524839778
61,315,0.000140418192168833,-0.000356871157671879
64,315,0.000153939508068147,-0.000377652112637061
67,315,0.00016976480177475,-0.000402818670674128
70,315,0.000186788681118801,-0.000431011137348693
73,315,0.000203595880527285,-0.000460011959836944
76,315,0.00021887548724147,-0.000487400711835904
79,315,0.000231640746743721,-0.00051162946453157
82,315,0.000241142037910445,-0.000532717100706364
85,315,0.000246813587446292,-0.000551732773314877
88,315,0.000248643353364856,-0.000569896029133535
91,315,0.000247395623171988,-0.000587993195060822
94,315,0.000244476551070874,-0.000606177917976662
97,315,0.000241306434017108,-0.000623960187417216
100,315,0.000239021900013302,-0.00064040470623174
103,315,0.000238386522919194,-0.000654684671193708
106,315,0.00023967895258766,-0.000666979626326258
109,315,0.000242828861683974,-0.000678592953914629
112,315,0.000247370264115657,-0.000690913665601586
115,315,0.000252773543720226,-0.000704148134028832
118,315,0.000259304005074383,-0.000717277259516999
121,315,0.000267808937701199,-0.00072867781877202
124,315,0.000278554992453132,-0.000737022945793438
127,315,0.000290984379789466,-0.000741820225377694
130,315,0.000304414191003461,-0.000743523319256637
133,315,0.000318668396467628,-0.000743151310564967
136,315,0.000333884113259107,-0.00074186945597549
139,315,0.000349770191787527,-0.000740679785831183
142,315,0.000365401574173047,-0.000740237756309341
145,315,0.000379547933517105,-0.000740819095438595
148,315,0.000391439836803954,-0.000742400877785377
151,315,0.000401140357253274,-0.000744837981251062
154,315,0.000409234030632131,-0.000747968115058101
157,315,0.000416267601951731,-0.000751650870532173
160,315,0.000422804622204847,-0.000755910809195133
163,315,0.00042960199230965,-0.000760930390002753
166,315,0.00043755365143325,-0.000766688064466629
169,315,0.000447512555513844,-0.000772529477485995
172,315,0.000459704571383336,-0.000777281455066251
175,315,0.000473842727174635,-0.000779838999745849
178,315,0.000489669680673115,-0.000779661088848856
181,315,0.000506670516139247,-0.000776826389527899
184,315,0.00052338822745437,-0.000771832067276892
187,315,0.000537493593015455,-0.000765448489072254
190,315,0.000546679345755774,-0.000758607453570453
193,315,0.000549214587790239,-0.000752300016048117
196,315,0.000544374041854155,-0.00074725024647126
199,315,0.000532750349921011,-0.00074352617706191
202,315,0.000516547783451167,-0.000740501953049501
205,315,0.000499184113215871,-0.000737102443239894
208,315,0.00048390358502338,-0.000732459156068682
211,315,0.000472366646893144,-0.000726491055478534
214,315,0.000464451337077442,-0.000719774980327278
217,315,0.000459457707731678,-0.000713296689393629
220,315,0.000457077815808577,-0.000708161418064497
223,315,0.000457436439897217,-0.000705003092335225
226,315,0.000461221039636366,-0.000703634677349192
229,315,0.000469142816209117,-0.000703024919453957
232,315,0.000481068855780448,-0.000701708732273988
235,315,0.00049606631454707,-0.000698405920225518
238,315,0.000512545376179084,-0.000692691434951341
241,315,0.000528323099546039,-0.000685079283235451
244,315,0.000540833653072133,-0.000676645639158358
247,315,0.000548282618473029,-0.000668275856152187
250,315,0.000550257180139214,-0.000660349153001183
253,315,0.000547396802278115,-0.000652918842650605
256,315,0.000540782592861094,-0.000645691029939236
259,315,0.000531243695486073,-0.000637894805636344
262,315,0.000519070583851276,-0.000628475022766328
265,315,0.000504279943670521,-0.000616510597577626
268,315,0.000486983323789538,-0.000601976448845997
271,315,0.000467732531564814,-0.000585731850685538
274,315,0.00044754193381769,-0.000568664209407564
277,315,0.000427559163368636,-0.000551436764423179
280,315,0.000408578867899351,-0.00053431906129837
283,315,0.00039119562661336,-0.000516898729275087
286,315,0.000376247939107146,-0.000498098942494234
289,315,0.000364575585519302,-0.000477098209837188
292,315,0.000356266702744909,-0.000453820247070176
295,315,0.000350205906719666,-0.000428713640631488
298,315,0.00034463751463995,-0.000402463520120953
1,320,5.89883697443838e-12,-5.89883697443838e-12
4,320,-1.29522307776452e-06,-1.35790732643694e-06
7,320,-3.64486403929477e-06,-5.56306334662323e-06
10,320,-5.17590670267514e-06,-1.29138512431661e-05
13,320,-4.10102431497845e-06,-2.29577147219228e-05
16,320,4.31565888126293e-07,-3.48334233562078e-05
19,320,8.23934381125201e-06,-4.76639044570545e-05
22,320,1.84635924218402e-05,-6.11533290306658e-05
25,320,2.99208419184019e-05,-7.58174362117411e-05
28,320,4.13736762698993e-05,-9.27586956963428e-05
31,320,5.20212361479639e-05,-0.000113277895990676
34,320,6.17030113742451e-05,-0.000138338253801311
37,320,7.06197792573093e-05,-0.000167990458309049
40,320,7.89062282279579e-05,-0.000201019531847088
43,320,8.66123955501788e-05,-0.000234675381625867
46,320,9.37082862368053e-05,-0.00026527695326772
49,320,0.000100177688849525,-0.000290086407163852
52,320,0.000106302499529554,-0.000308600667545249
55,320,0.000112723034924989,-0.000322817035943182
58,320,0.000120392008200993,-0.000336225584045411
61,320,0.000130334261744942,-0.000352232329516935
64,320,0.000142960362115318,-0.000372601296693645
67,320,0.000157865939619775,-0.000397344563384814
70,320,0.000173947339256521,-0.000425103232026552
73,320,0.000189791032620555,-0.000453660546665529
76,320,0.000204087844121198,-0.000480596877869277
79,320,0.000215852756408859,-0.000504365093694269
82,320,0.000224337885527996,-0.000524984873793429
85,320,0.000228979195351264,-0.000543526167991825
88,320,0.000229766381060312,-0.000561209319936395
91,320,0.000227465467329033,-0.000578821453396093
94,320,0.000223484345528674,-0.000596517012121348
97,320,0.000219245049782834,-0.0006138067825188
100,320,0.000215885945262173,-0.000629756264308209
103,320,0.000214172342994459,-0.000643539451133539
106,320,0.000214384630000652,-0.000655336683888407
109,320,0.00021645421611402,-0.000666452141728545
112,320,0.000219916852410135,-0.000678275633167222
115,320,0.000224244659894548,-0.000691014327716636
118,320,0.000229704680312028,-0.000703649922567883
121,320,0.000237145940353649,-0.000714559991297399
124,320,0.000246836828039941,-0.000722418464775229
127,320,0.000258221290998192,-0.000726733724668309
130,320,0.000270618157689743,-0.000727960229578962
133,320,0.000283853135655105,-0.000727117859512368
136,320,0.000298065079139476,-0.000725372668011854
139,320,0.000312964575720522,-0.000723727482290885
142,320,0.000327628304686459,-0.00072283855539723
145,320,0.000340827676306742,-0.000722982412230005
148,320,0.000351794994733656,-0.000724136924226162
151,320,0.000360595070354948,-0.000726157766157554
154,320,0.000367814176105705,-0.00072888344411712
157,320,0.000374000794165174,-0.000732174346301011
160,320,0.000379720212694166,-0.000736055831101615
163,320,0.000385731069778901,-0.000740711154345164
166,320,0.000392929041754523,-0.000746119564413761
169,320,0.000402168821727269,-0.000751627503077114
172,320,0.000413678013697071,-0.000756062593211131
175,320,0.000427171382964896,-0.000758320634224746
178,320,0.000442393324484152,-0.000757861400312528
181,320,0.000458830659683345,-0.00075476435549757
184,320,0.000475028119611842,-0.000749527462144301
187,320,0.000488658219834677,-0.000742921884099627
190,320,0.000497415430453151,-0.000735880216890502
193,320,0.000499570590750224,-0.000729394312664049
196,320,0.000494400160629213,-0.000724189038256765
199,320,0.000482498519231676,-0.000720333222761186
202,320,0.000466071675185997,-0.000717201808277213
205,320,0.000448539136431468,-0.000713720460481227
208,320,0.000433146885944383,-0.000709021484679281
211,320,0.000421557108912233,-0.000703024641684553
214,320,0.000413649580755339,-0.000696307567225362
217,320,0.000408726090797141,-0.000689856816950917
220,320,0.000406480433158411,-0.000684778423118615
223,320,0.000407039123596248,-0.00068170710859428
226,320,0.000411091358917477,-0.000680456635391788
229,320,0.000419350077473224,-0.000679996546729204
232,320,0.000431684102596512,-0.000678862553101467
235,320,0.000447162327652078,-0.00067577525579531
238,320,0.000464196673478073,-0.000670310403324021
241,320,0.000480605936112084,-0.000662982799342071
244,320,0.000493826021146347,-0.000654869414800488
247,320,0.000502064247464565,-0.00064685640000186
250,320,0.000504909536625268,-0.000639323770600934
253,320,0.0005030030900039,-0.000632325636413466
256,320,0.000497427752739904,-0.000625568899148726
259,320,0.000489014405599207,-0.000618283446446464
262,320,0.000478055259448092,-0.00060941492820158
265,320,0.00046456873716839,-0.000598043057533011
268,320,0.000448668124773912,-0.000584143550086993
271,320,0.000430906966789148,-0.000568576476848111
274,320,0.000412301367203499,-0.000552230040998174
277,320,0.000394000696005442,-0.000535768278818808
280,320,0.00037680133804477,-0.000519461532746438
283,320,0.000361299609693002,-0.000502898228893535
286,320,0.000348335747714687,-0.00048500233827149
289,320,0.000338751269416419,-0.000464953166632199
292,320,0.000332636048861377,-0.000442675226612318
295,320,0.00032887643915325,-0.000418617901520674
298,320,0.000325718494656491,-0.000393467117827569
1,325,5.89883697443838e-12,-5.89883697443838e-12
4,325,-1.31669140787814e-06,-1.32422730794684e-06
7,325,-3.71929499023134e-06,-5.44629211296577e-06
10,325,-5.33388401651442e-06,-1.2666003237562e-05
13,325,-4.3722211852015e-06,-2.25322300275252e-05
16,325,1.83868166379115e-08,-3.41851676960741e-05
19,325,7.65633044224396e-06,-4.67491691941689e-05
22,325,1.76838032076807e-05,-5.99298311679123e-05
25,325,2.89182458600457e-05,-7.42443183919258e-05
28,325,4.01231529169136e-05,-9.07965262021853e-05
31,325,5.04985755985248e-05,-0.000110888668744822
34,325,5.98849142751703e-05,-0.000135485388366313
37,325,6.84838568039954e-05,-0.000164638799887362
40,325,7.64310021644093e-05,-0.000197135351281104
43,325,8.37772981690297e-05,-0.000230226375397888
46,325,9.04936603792984e-05,-0.000260232243499955
49,325,9.65647879054989e-05,-0.000284416541618429
52,325,0.000102273487437472,-0.000302277619624213
55,325,0.000108260986171912,-0.0003158142046885
58,325,0.000115480907822608,-0.000328517794138952
61,325,0.000124959005325536,-0.000343795831280487
64,325,0.000137106755787787,-0.000363413766088909
67,325,0.000151520700065629,-0.000387385102013422
70,325,0.000167098093705898,-0.000414352367130037
73,325,0.000182426318852178,-0.000442100231125334
76,325,0.000196197110462401,-0.000468210490206779
79,325,0.000207426361735593,-0.000491137438070751
82,325,0.000215367099264843,-0.000510902180010084
85,325,0.000219456197471387,-0.00052857609148976
88,325,0.000219684262085497,-0.000545380941796647
91,325,0.000216818228329666,-0.000562105280339604
94,325,0.000212266898123782,-0.000578904976508975
97,325,0.000207453216140021,-0.000595292242351305
100,325,0.000203516458097666,-0.000610334003226283
103,325,0.000201222845573092,-0.000623205678417805
106,325,0.000200853676135882,-0.000634089034459375
109,325,0.000202341270167901,-0.000644289676146646
112,325,0.000205222289293339,-0.000655198837632807
115,325,0.000208969765066342,-0.000667025114069976
118,325,0.000213851649780333,-0.000678751628289153
121,325,0.00022071788067494,-0.000688757379506698
124,325,0.000229837756319338,-0.00069571772423256
127,325,0.000240656134889408,-0.00069914246977361
130,325,0.000252492755395129,-0.000699487500372074
133,325,0.000265174235925597,-0.000697774121673028
136,325,0.000278840341274621,-0.000695169812859759
139,325,0.000293202569568485,-0.000692678826785618
142,325,0.00030733851064402,-0.000690958842138292
145,325,0.000320020485319296,-0.000690287809456803
148,325,0.000330481708295182,-0.000690645025818038
151,325,0.00033878790050806,-0.000691887591633761
154,325,0.000345526245441623,-0.000693855438636818
157,325,0.000351246135823723,-0.000696410380663274
160,325,0.000356513770363785,-0.00069957920174544
163,325,0.000362088697696641,-0.000703546583349473
166,325,0.000368867504706044,-0.00070829319949737
169,325,0.000377705795046842,-0.000713166917598755
172,325,0.000388832083267572,-0.000716996786169473
175,325,0.000401962045217824,-0.00071868003025836
178,325,0.000416840986399603,-0.000717677849699892
181,325,0.000432956638790033,-0.000714071134157091
184,325,0.000448854643987094,-0.000708359271634291
187,325,0.000462208428104421,-0.000701314851618325
190,325,0.000470713371791936,-0.000693871895276049
193,325,0.000472641224881204,-0.000687023680394504
196,325,0.000467269357824152,-0.000681496499450119
199,325,0.000455193060310945,-0.000677360607175327
202,325,0.000438619251518593,-0.00067399237130995
205,325,0.000420968349934979,-0.000670318883170282
208,325,0.000405487249085022,-0.000665473873702294
211,325,0.000393839044704825,-0.00065937852935908
214,325,0.000385904422763306,-0.000652611911508872
217,325,0.000380986083132515,-0.000646162001440792
220,325,0.000378778730481853,-0.000641136257052156
223,325,0.000379409791117016,-0.000638170826848706
226,325,0.000383569372393437,-0.000637080898484228
229,325,0.000391971323210863,-0.000636837440816699
232,325,0.000404485377450925,-0.000635977589980991
235,325,0.000420181339026966,-0.000633223372903727
238,325,0.000437472039325757,-0.000628151963738122
241,325,0.000454177184933467,-0.000621279591778584
244,325,0.000467733591990982,-0.000613684653616015
247,325,0.000476349489930592,-0.000606254725192941
250,325,0.000479614710859449,-0.000599371247804031
253,325,0.000478171366701584,-0.000593089756904948
256,325,0.000473103213145082,-0.000587118579844872
259,325,0.000465242041504466,-0.000580689029903462
262,325,0.000454880973194631,-0.000572748182615559
265,325,0.000442039341646004,-0.000562377176740006
268,325,0.000426831343421043,-0.000549553153562927
271,325,0.00040981143359281,-0.000535137609708852
274,325,0.000391996626699346,-0.000520020173999508
277,325,0.0003745372032777,-0.000504866308356427
280,325,0.000358230458726325,-0.000489947780855939
283,325,0.000343673619965322,-0.000474854443250435
286,325,0.000331707834307859,-0.000458511692191228
289,325,0.000323175529609103,-0.000440100259070144
292,325,0.000318167490480917,-0.000419546082163721
295,325,0.000315570980575544,-0.000397299970420714
298,325,0.000313632964806071,-0.000374049275951342
1,330,5.89883697443838e-12,-5.89883697443838e-12
4,330,-1.29687150817829e-06,-1.30519845894485e-06
7,330,-3.65056621637405e-06,-5.38030864117371e-06
10,330,-5.18798137636815e-06,-1.25259332973857e-05
13,330,-4.12170366890908e-06,-2.22917357015816e-05
16,330,4.00136236645359e-07,-3.38187049951663e-05
19,330,8.19510481123088e-06,-4.62319880573088e-05
22,330,1.84045715886194e-05,-5.92379754623181e-05
25,330,2.9845153333618e-05,-7.3354625913005e-05
28,330,4.12795205815082e-05,-8.96866286735604e-05
31,330,5.19069005702392e-05,-0.000109536991818304
34,330,6.15668696878023e-05,-0.000133871151621913
37,330,7.04602918090513e-05,-0.000162742016833308
40,330,7.87219419311071e-05,-0.000194936829353803
43,330,8.64019438842823e-05,-0.000227707715961959
46,330,9.34703892477527e-05,-0.000257375841848224
49,330,9.99111531494773e-05,-0.000281205586971905
52,330,0.000106006218297017,-0.000298696095132126
55,330,0.000112395987904767,-0.000311846887428269
58,330,0.000120033261704242,-0.000324150255116193
61,330,0.000129942968649095,-0.000339014435429035
64,330,0.00014253576186415,-0.000358205672270782
67,330,0.000157407358223357,-0.000381738263018845
70,330,0.000173454189291295,-0.000408255529677428
73,330,0.000189262813229213,-0.00043554293586132
76,330,0.000203524141012784,-0.000461183071706195
79,330,0.000215253241858706,-0.000483631024836616
82,330,0.000223702318377819,-0.000502908694473628
85,330,0.000228307421009026,-0.000520088250010415
88,330,0.000229058331500319,-0.000536392254662035
91,330,0.000226721161091894,-0.000552610051765568
94,330,0.000222703887721369,-0.000568898304639534
97,330,0.000218428632078597,-0.000584770019258703
100,330,0.000215033845900583,-0.000599292914910944
103,330,0.000213284926781399,-0.000611643204808365
106,330,0.000213462348308355,-0.00062200344941267
109,330,0.000215497606881005,-0.000631680047447706
112,330,0.000218926540141243,-0.000642065026994868
115,330,0.000223221355660917,-0.000653367777134473
118,330,0.000228649181751187,-0.000664572214625734
121,330,0.000236059131669368,-0.00067405813261319
124,330,0.00024571968000233,-0.000680501681535004
127,330,0.00025707486094367,-0.000683413462626255
130,330,0.000269443589521094,-0.00068325015405735
133,330,0.000282651659841376,-0.000681033855401588
136,330,0.000296838012716047,-0.000677932839770423
139,330,0.000311713322289083,-0.000674952153945448
142,330,0.000326354354415045,-0.000672750270542527
145,330,0.000339532605929688,-0.00067160593402889
148,330,0.000350480467551605,-0.000671499235409608
151,330,0.000359262836234867,-0.000672288069024668
154,330,0.00036646607148089,-0.000673813160535111
157,330,0.000372638742035229,-0.000675937117705209
160,330,0.000378346222625,-0.000678687518495445
163,330,0.000384347237902758,-0.000682249838300211
166,330,0.000391537550769966,-0.000686605545069684
169,330,0.000400771940899167,-0.000691103300141704
172,330,0.000412278098856608,-0.000694572945960292
175,330,0.000425770876509579,-0.000695912501502517
178,330,0.000440994755377811,-0.000694583960531029
181,330,0.000457436643456126,-0.000690669006637063
184,330,0.000473641358360193,-0.000684667821753158
187,330,0.000487281502221377,-0.000677353789294338
190,330,0.000496051631707297,-0.000669661724355661
193,330,0.000498222672667229,-0.000662585698652377
196,330,0.000493071171570798,-0.000656852798589105
199,330,0.000481191594125885,-0.000652534072826485
202,330,0.0004647900355272,-0.000649006683032542
205,330,0.000447286090280344,-0.000645198514451754
208,330,0.000431925827927926,-0.00064024409195833
211,330,0.000420371520223763,-0.000634065395933522
214,330,0.000412503029154479,-0.000627242281673786
217,330,0.000407622230609846,-0.000620763524396445
220,330,0.000405423005276943,-0.000615737375927013
223,330,0.000406031955479197,-0.000612800778699417
226,330,0.000410138364589736,-0.000611769714295673
229,330,0.000418455257526012,-0.000611615945501942
232,330,0.000430851544187372,-0.000610877402381295
235,330,0.000446396204504858,-0.000608276905788557
238,330,0.000463501245882948,-0.00060339242380515
241,330,0.000479985550925522,-0.000596740979653672
244,330,0.000493285111791171,-0.000589401763853243
247,330,0.000501607333929892,-0.00058226314627457
250,330,0.000504541225466544,-0.000575707362140532
253,330,0.000502728074342856,-0.000569790740834997
256,330,0.00049725081226464,-0.000564222403635337
259,330,0.000488940406564108,-0.000558234457749421
262,330,0.000478089154673867,-0.000550774772640279
265,330,0.000464715566042033,-0.000540925280994967
268,330,0.00044893301324881,-0.00052866391802781
271,330,0.000431295127384936,-0.000514852974291525
274,330,0.000412818099006177,-0.00050038287253605
277,330,0.000394651384667261,-0.000485919868611118
280,330,0.000377591455784387,-0.000471736524521257
283,330,0.000362234715295317,-0.000457423485947054
286,330,0.000349421486530976,-0.000441906943468034
289,330,0.000339993373364185,-0.000424368422404221
292,330,0.000334040336424566,-0.000404734654960345
295,330,0.000330448815382027,-0.000383457244013361
298,330,0.000327464951167397,-0.000361224335601704
1,335,5.89883697443838e-12,-5.89883697443838e-12
4,335,-1.25774236535965e-06,-1.31032840043602e-06
7,335,-3.51486309692802e-06,-5.39810063830047e-06
10,335,-4.89986514984099e-06,-1.25637101524797e-05
13,335,-3.62694090821825e-06,-2.23566109051445e-05
16,335,1.1541732552066e-06,-3.39175827258768e-05
19,335,9.25943810800655e-06,-4.6371563182032e-05
22,335,1.98286174805855e-05,-5.94247335360907e-05
25,335,3.16767224343675e-05,-7.35948431790461e-05
28,335,4.35648178012763e-05,-8.99863720632547e-05
31,335,5.46905251158937e-05,-0.00010990211895123
34,335,6.48918150628357e-05,-0.000134307310805812
37,335,7.43679458135852e-05,-0.000163254647064117
40,335,8.32520866618942e-05,-0.000195531160315612
43,335,9.15927557347101e-05,-0.000228388768027063
46,335,9.93584389078399e-05,-0.00025814842607707
49,335,0.000106531405605858,-0.000282074305113148
52,335,0.000113392032832969,-0.000299665339622566
55,335,0.000120579118100201,-0.000312920841392896
58,335,0.000129043855435696,-0.000325332892368187
61,335,0.000139809568089736,-0.000340309520469745
64,335,0.000153285303483772,-0.000359616760289729
67,335,0.000169065172788387,-0.000383268699893728
70,335,0.000186044001864791,-0.000409908451974133
73,335,0.00020280674317087,-0.000437321270833925
76,335,0.000218042701978914,-0.000463089537296911
79,335,0.000230765341802257,-0.000485668129675867
82,335,0.000240225259548378,-0.000505078737879995
85,335,0.000245856899952799,-0.000522393321990689
88,335,0.000247648439060147,-0.00053883423591115
91,335,0.000246364382407243,-0.000555190613666646
94,335,0.000243411102228349,-0.000571618909263883
97,335,0.00024020911350993,-0.00058763191936581
100,335,0.000237895262285639,-0.000602297153948462
103,335,0.000237233340446159,-0.000614790616912129
106,335,0.000238502215875466,-0.00062529465940669
109,335,0.000241631779269694,-0.000635115470844194
112,335,0.000246156262567408,-0.000645644869994175
115,335,0.000251546267637064,-0.00065709203662515
118,335,0.00025806731708647,-0.000668440678184502
121,335,0.000266566918469556,-0.000678070378504963
124,335,0.000277311940669832,-0.000684657078712856
127,335,0.000289744812177513,-0.00068771117073144
130,335,0.000303182842316956,-0.000687689123419307
133,335,0.000317450219491547,-0.000685612827037938
136,335,0.000332684278809452,-0.000682650345386948
139,335,0.000348594088711275,-0.000679806515936117
142,335,0.000364254809348229,-0.000677739601989486
145,335,0.000378436331852665,-0.000676728138702475
148,335,0.000390369441239836,-0.000676752007768307
151,335,0.000400117428760417,-0.000677668894215171
154,335,0.000408265048212482,-0.000679319314392274
157,335,0.000415359262638187,-0.000681565666752063
160,335,0.000421963841061309,-0.000684435319943206
163,335,0.000428835902431014,-0.000688113540048277
166,335,0.0004368696039454,-0.000692581585705607
169,335,0.000446918119573638,-0.000697187908941245
172,335,0.000459207534178606,-0.000700762142887367
175,335,0.000473451093924233,-0.000702202097209237
178,335,0.000489391674626871,-0.000700969556357658
181,335,0.00050651457857797,-0.000697145994612073
184,335,0.000523363017689837,-0.000691231384593175
187,335,0.000537607988390464,-0.000683998900404186
190,335,0.000546942441644101,-0.000676383147828317
193,335,0.000549635697596654,-0.000669377989269021
196,335,0.000544962697014379,-0.000663710301819075
199,335,0.000533516299901789,-0.00065945092482731
202,335,0.000517500995750229,-0.000655976810649914
205,335,0.000500334773361915,-0.000652215635219563
208,335,0.000485262096576098,-0.00064730171409862
211,335,0.000473943631443219,-0.000641156818356546
214,335,0.000466257634246546,-0.000634360593977942
217,335,0.000461504375172462,-0.000627901606868325
220,335,0.000459376129204691,-0.000622887899541383
223,335,0.000459997892963283,-0.000619956205119234
226,335,0.000464057344118006,-0.00061892229587205
229,335,0.000472265901882927,-0.000618757725274179
232,335,0.000484490870454032,-0.000618000214076869
235,335,0.000499799624058998,-0.000615372373823134
238,335,0.000516602564398919,-0.000610451963282563
241,335,0.000532716968374328,-0.000603755796365926
244,335,0.00054557722244043,-0.000596362854280531
247,335,0.000553389126343857,-0.000589161297585255
250,335,0.000555740082506087,-0.000582533152191168
253,335,0.000553269773165489,-0.000576534538170296
256,335,0.000547059524324521,-0.000570874367488216
259,335,0.000537938697611995,-0.000564784538040937
262,335,0.000526197984757179,-0.000557212709979705
265,335,0.000511854289504788,-0.00054724060667973
268,335,0.000495019378731685,-0.000534845954043523
271,335,0.000476245277825216,-0.000520890833311968
274,335,0.000456546571637799,-0.000506265457923202
277,335,0.000437071111020764,-0.000491635874415119
280,335,0.000418613761686974,-0.000477274435480434
283,335,0.000401769320870795,-0.000462771577487891
286,335,0.000387376506199803,-0.000447053281705226
289,335,0.000376275315843412,-0.000429300864140612
292,335,0.000368554104727932,-0.000409440847686973
295,335,0.00036309770681985,-0.000387924625909436
298,335,0.000358150657346662,-0.000365440135534623
1,340,5.89883697443838e-12,-5.89883697443838e-12
4,340,-1.24032938932095e-06,-1.33152922785985e-06
7,340,-3.45446656085241e-06,-5.47163738845759e-06
10,340,-4.77162017270241e-06,-1.27198614474672e-05
13,340,-3.40668831195814e-06,-2.26247988938533e-05
16,340,1.48988694569394e-06,-3.43263730839863e-05
19,340,9.73336066486237e-06,-4.69486651120137e-05
22,340,2.04627909729866e-05,-6.01969997671977e-05
25,340,3.24924832285441e-05,-7.45882699673386e-05
28,340,4.45827965604702e-05,-9.12260991915632e-05
31,340,5.59306468004037e-05,-0.000111412429729191
34,340,6.63732989300088e-05,-0.000136111632069841
37,340,7.61093054177846e-05,-0.000165375549177437
40,340,8.52711298545332e-05,-0.000197990357168214
43,340,9.39065846642376e-05,-0.000231207117035755
46,340,0.00010198345001975,-0.000261345928185421
49,340,0.000109483289642676,-0.000285670104791547
52,340,0.000116685774834258,-0.000303677724868155
55,340,0.000124228997402563,-0.000317367243729652
58,340,0.000133063445672785,-0.00033022988684684
61,340,0.00014421173719223,-0.00034567282566784
64,340,0.00015808221367938,-0.000365461238311573
67,340,0.000174268280601883,-0.000389608356370464
70,340,0.000191664058117976,-0.000416756436063648
73,340,0.000208853792982562,-0.000444689875220926
76,340,0.000224526084764996,-0.000470990198192877
79,340,0.000237693691275644,-0.000494111426819087
82,340,0.000247606503719033,-0.000514074394535531
85,340,0.000253698261127694,-0.000531950204950401
88,340,0.000255956433843319,-0.000548960355493677
91,340,0.000255144821699762,-0.000565893123717444
94,340,0.000252669091228325,-0.000582904107155169
97,340,0.000249949051712502,-0.000599505245996618
100,340,0.000248120843482985,-0.000614763193744584
103,340,0.000247947552727513,-0.00062785309782619
106,340,0.000249707341627079,-0.000638956452918063
109,340,0.000253329395174872,-0.000649378591959068
112,340,0.000258347239606488,-0.000660510477245514
115,340,0.00026423077108742,-0.000672560432072736
118,340,0.000271244806522524,-0.000684511307414866
121,340,0.00028023614776275,-0.000694741830631474
124,340,0.000291470957988664,-0.00070192708637562
127,340,0.000304390959987512,-0.000705576610097401
130,340,0.0003183127573807,-0.000706146014182166
133,340,0.00033305983286863,-0.000704656332418216
136,340,0.000348768815856537,-0.000702274772131924
139,340,0.000365148069082036,-0.000700005314319896
142,340,0.000381272046993395,-0.000698505365812917
145,340,0.00039590993502,-0.000698052605293256
148,340,0.000408291812474132,-0.000698626057980878
151,340,0.000418480264903523,-0.000700082552430788
154,340,0.000427059340403277,-0.00070226174851896
157,340,0.000434575296312581,-0.000705025188224671
160,340,0.00044159119595226,-0.000708399383723331
163,340,0.000448863452568517,-0.000712568744624344
166,340,0.000457285517656486,-0.000717513673092803
169,340,0.00046770985948238,-0.000722581764681573
172,340,0.000480361857206109,-0.000726601796049601
175,340,0.000494954051288648,-0.00072847072038895
178,340,0.000511228611843391,-0.000727649465677207
181,340,0.000528670135458811,-0.000724218649720621
184,340,0.000545821128344275,-0.00071867738866665
187,340,0.00056035188122479,-0.000711798000145331
190,340,0.000569954639361671,-0.00070451423346665
193,340,0.000572898017197832,-0.000697819094560863
196,340,0.000568456249796595,-0.000692438604047516
199,340,0.000557221491459492,-0.000688442744802253
202,340,0.000541397525974915,-0.000685207612708048
205,340,0.000524401636442117,-0.000681660027224366
208,340,0.000509477580997401,-0.000676933447440343
211,340,0.000498285319988223,-0.000670948787952249
214,340,0.000490702403994907,-0.000664284838271474
217,340,0.000486028397500865,-0.00065792930783033
220,340,0.000483954869786867,-0.000652989382669282
223,340,0.000484606111769995,-0.000650100939437244
226,340,0.000488669095417056,-0.000649078893931184
229,340,0.000496854534239162,-0.000648893943152229
232,340,0.000509029026729334,-0.00064808295137843
235,340,0.000524259241412288,-0.000645367673679579
238,340,0.000540954874286158,-0.000640325012352062
241,340,0.000556932496548504,-0.000633470924833443
244,340,0.000569625788951587,-0.000625883535857818
247,340,0.000577239845539063,-0.000618450149510851
250,340,0.000579361363029466,-0.000611551935230406
253,340,0.000576629317958187,-0.000605244156615288
256,340,0.000570124330624724,-0.000599234869157883
259,340,0.00056067505695494,-0.000592755114280981
262,340,0.000548571482975129,-0.000584751695662624
265,340,0.000533829806727046,-0.000574305480204797
268,340,0.0005165610893846,-0.000561393337336817
271,340,0.000497316650632176,-0.000546876491826352
274,340,0.00047711036961922,-0.000531644300638334
277,340,0.000457089391494101,-0.000516361953837436
280,340,0.000438047876266737,-0.000501300947643181
283,340,0.000420579915468522,-0.000486050861951094
286,340,0.000405523521024059,-0.000469536821555695
289,340,0.000393717985399811,-0.000450939285991948
292,340,0.000385250957819142,-0.000430183921679588
295,340,0.000379006566545563,-0.000407721265710514
298,340,0.000373228641103598,-0.000384238398338139
1,345,5.89883697443838e-12,-5.89883697443838e-12
4,345,-1.2633004733713e-06,-1.3531758560024e-06
7,345,-3.53415508375628e-06,-5.54672964658362e-06
10,345,-4.9408592832961e-06,-1.28793356998264e-05
13,345,-3.69739795314809e-06,-2.28987288670892e-05
16,345,1.04670003695348e-06,-3.47439698671473e-05
19,345,9.10760295755859e-06,-4.753827715655e-05
22,345,1.96252821420612e-05,-6.09861128869408e-05
25,345,3.14149561548579e-05,-7.56035073385428e-05
28,345,4.32378973308578e-05,-9.2493221352858e-05
31,345,5.42919347076411e-05,-0.000112956334581634
34,345,6.44152464727987e-05,-0.000137956354876864
37,345,7.38072983007928e-05,-0.000167544262564879
40,345,8.260146698835e-05,-0.000200505371124305
43,345,9.08464781654349e-05,-0.000234089878911146
46,345,9.85110252108036e-05,-0.000264617022693131
49,345,0.000105577585052037,-0.000289349254007026
52,345,0.000112326742196294,-0.000307783788229225
55,345,0.000119397501657625,-0.000321918218036554
58,345,0.000127741264967137,-0.0003352429062622
61,345,0.000138381562878087,-0.000351164161716696
64,345,0.000151727650314903,-0.000371446299881352
67,345,0.000167373845951197,-0.000396101689711
70,345,0.000184215183151125,-0.000423771724787157
73,345,0.000200836821875552,-0.000452239940302051
76,345,0.00021592827489976,-0.00047908699796862
79,345,0.000228503213240089,-0.000502766056988898
82,345,0.000237812441306973,-0.000523297088161217
85,345,0.00024329061133893,-0.0005417503324562
88,345,0.000244926106883552,-0.000559346424666192
91,345,0.000243483640980685,-0.000576872779705714
94,345,0.000240369793367541,-0.000594484132470603
97,345,0.000237005286533582,-0.000611691560513039
100,345,0.000234527174015426,-0.000627560854698205
103,345,0.000233699455206757,-0.000641266299815635
106,345,0.000234801205494528,-0.000652988527904343
109,345,0.000237762523077873,-0.000664032009265606
112,345,0.000242117847398322,-0.000675786843558107
115,345,0.00024733798782731,-0.000688460491439618
118,345,0.000253688674475647,-0.000701034941246635
121,345,0.000262017622400236,-0.000711888057701146
124,345,0.000272591907987574,-0.000719694062818599
127,345,0.000284854167230851,-0.000723961629411515
130,345,0.000298121916957431,-0.000725145507227603
133,345,0.000312219553073657,-0.000724265867417591
136,345,0.000327284618190696,-0.000722489054670245
139,345,0.00034302638825212,-0.000720818187344563
142,345,0.000358520230912144,-0.000719909809633739
145,345,0.00037253624480609,-0.000720040737582434
148,345,0.00038430542245219,-0.000721189133773008
151,345,0.000393891262604119,-0.00072321096412288
154,345,0.000401878726562932,-0.000725945025870409
157,345,0.000408814984873752,-0.000729251998357281
160,345,0.000415264014063356,-0.000733157531121296
163,345,0.000421983140583871,-0.000737845171134262
166,345,0.000429866729136427,-0.00074329445792367
169,345,0.000439768161193132,-0.000748852124404791
172,345,0.000451913729119861,-0.00075334608459895
175,345,0.00046601688658352,-0.000755672429060627
178,345,0.000481820716903475,-0.00075529122312982
181,345,0.000498810729874124,-0.000752282221975148
184,345,0.000515530344910783,-0.000747143679106481
187,345,0.000529650765944395,-0.000740647049516257
190,345,0.000538865151442243,-0.000733725219876864
193,345,0.000541443029053171,-0.000727370333480947
196,345,0.000536659547046444,-0.000722307548310462
199,345,0.000525107772929539,-0.000718605984603441
202,345,0.000508992403696809,-0.000715640875605262
205,345,0.000491731635653431,-0.000712338178137788
208,345,0.000476570140141663,-0.000707830488652561
211,345,0.000465168790714905,-0.000702037859108242
214,345,0.000457406051159429,-0.000695538216378629
217,345,0.000452582399164586,-0.000689318407258416
220,345,0.000450390317217094,-0.000684484755150482
223,345,0.000450955009439983,-0.000681672274066129
226,345,0.000454964361005997,-0.000680695017164738
229,345,0.000463129998632207,-0.00068052281880983
232,345,0.000475319434017562,-0.000679691680641844
235,345,0.000490600248892734,-0.000676922495092984
238,345,0.000507383052461799,-0.000671791301822029
241,345,0.000523485329128266,-0.000664813195628945
244,345,0.000536341672850335,-0.000657065438610218
247,345,0.000544158090877619,-0.000649434472213932
250,345,0.000546522193134572,-0.000642300603240327
253,345,0.000544073869362559,-0.000635718232650623
256,345,0.000537894653067001,-0.000629394553299595
259,345,0.000528814113379728,-0.000622559743972436
262,345,0.000517123149532945,-0.000614159745709579
265,345,0.000502838872774386,-0.000603274562775423
268,345,0.000486073257483887,-0.000589880201961683
271,345,0.000467378536551794,-0.000574837025398416
274,345,0.000447769502333476,-0.000559033527412951
277,345,0.000428394213183255,-0.00054313403543236
280,345,0.000410047742316999,-0.000527409183038584
283,345,0.000393325094472065,-0.000511447687489529
286,345,0.000379065194778961,-0.000494173810942113
289,345,0.000368108248910127,-0.000474767150293715
292,345,0.000360542819294837,-0.000453152509326456
295,345,0.000355253947402608,-0.000429779562494633
298,345,0.000350486375963842,-0.000405334527414057
1,350,5.89883697443838e-12,-5.89883697443838e-12
4,350,-1.31355793299426e-06,-1.35235504211527e-06
7,350,-3.70852306265379e-06,-5.54388084788824e-06
10,350,-5.31121967428815e-06,-1.28732826666812e-05
13,350,-4.33366148218527e-06,-2.28883262711606e-05
16,350,7.65938107537433e-08,-3.47281033013748e-05
19,350,7.73768564194286e-06,-4.75158631351865e-05
22,350,1.77915565116115e-05,-6.09560988455281e-05
25,350,2.90553961510171e-05,-7.55648716339119e-05
28,350,4.02924480619097e-05,-9.24449732631295e-05
31,350,5.07025124487328e-05,-0.000112897514306238
34,350,6.01257386659112e-05,-0.000137886033536506
37,350,6.87635635547656e-05,-0.000167461542201573
40,350,7.67513350788604e-05,-0.000200409384701348
43,350,8.4139750035028e-05,-0.000233979790313141
46,350,9.08994729688678e-05,-0.000264492026725965
49,350,9.70149519748009e-05,-0.000289208576397879
52,350,0.000102768742726837,-0.000307626685626568
55,350,0.000108801821405898,-0.000321743978010168
58,350,0.000116067560709915,-0.000335050847303149
61,350,0.000125591462559007,-0.000350953633237335
64,350,0.000137784753044434,-0.000371216682215325
67,350,0.000152243722006689,-0.000395852394113259
70,350,0.000167865373976756,-0.000423502193433943
73,350,0.000183236840082361,-0.000451949646290892
76,350,0.000197049604265609,-0.000478775445318343
79,350,0.00020831930870973,-0.000502432780639626
82,350,0.000216298728991979,-0.000522941653974367
85,350,0.000220424488517733,-0.000541372337214471
88,350,0.000220686942001423,-0.000558945496073585
91,350,0.000217852773649762,-0.000576448576387539
94,350,0.000213330534366807,-0.000594036343973437
97,350,0.000208542917808857,-0.000611219907304771
100,350,0.000204628948679393,-0.000627065088168008
103,350,0.000202354597538945,-0.000640746202273972
106,350,0.000202000910941317,-0.000652443912582985
109,350,0.000203499958252482,-0.00066346272031761
112,350,0.000206388150080838,-0.000675192756057826
115,350,0.00021013826696465,-0.00068784151138269
118,350,0.000215018010181601,-0.000700391005550012
121,350,0.000221877065955412,-0.000711219134203046
124,350,0.000230984481839461,-0.000719000150278557
127,350,0.000241784864993763,-0.000723242757510344
130,350,0.000253597703412547,-0.000724401736567428
133,350,0.000266249364169001,-0.000723497289521804
136,350,0.000279879361041145,-0.00072169579198355
139,350,0.000294198941139391,-0.000720000393232966
142,350,0.000308285443284808,-0.00071906766838452
145,350,0.000320910937279577,-0.000719174464404178
148,350,0.000331308386808778,-0.000720298974795586
151,350,0.000339543261792911,-0.000722297196397468
154,350,0.000346202494699911,-0.000725007957369472
157,350,0.00035183522724174,-0.00072829196797457
160,350,0.000357007407112025,-0.000732174908671864
163,350,0.000362478331929725,-0.000736840357354448
166,350,0.000369144337562856,-0.000742267884471125
169,350,0.000377860776650343,-0.000747804253858435
172,350,0.000388855912724936,-0.000752277410459021
175,350,0.000401845170620355,-0.000754583475748629
178,350,0.000416573604822862,-0.000754182545988581
181,350,0.000432528696293672,-0.000751154407268768
184,350,0.000448255835614953,-0.000745997344020356
187,350,0.000461428197884506,-0.000739482842157086
190,350,0.000469740912736462,-0.000732543819272637
193,350,0.000471465478986516,-0.000726172449580948
196,350,0.000465879016070787,-0.00072109392198526
199,350,0.000453576562663577,-0.000717377387644905
202,350,0.000436764786926121,-0.000714398110726562
205,350,0.000418863856330429,-0.000711082078973381
208,350,0.000403120413385613,-0.00070656191975819
211,350,0.000391197302811913,-0.000700757715960953
214,350,0.000382974959562465,-0.000694247425376764
217,350,0.000377755832493462,-0.000688017925721603
220,350,0.000375234375258471,-0.000683175571319646
223,350,0.000375537763147368,-0.000680355407103496
226,350,0.000379355852499765,-0.000679371517153812
229,350,0.000387402241199556,-0.000679193766755419
232,350,0.00039954641211256,-0.000678358188470059
235,350,0.00041485791813629,-0.000675585705651202
238,350,0.000431749339641672,-0.000670452388878951
241,350,0.000448040132199063,-0.000663473363874548
244,350,0.000461166860933519,-0.000655725923655782
247,350,0.000469337504261499,-0.000648096540592019
250,350,0.0004721416432743,-0.000640965552404794
253,350,0.000470221138880148,-0.000634387390976638
256,350,0.00046465949575131,-0.000628069280083608
259,350,0.000456288254186464,-0.000621241429432195
262,350,0.000445400284584665,-0.000612849810984101
265,350,0.00043201466936049,-0.000601974459925052
268,350,0.000416245354060644,-0.000588591413968051
271,350,0.000398646542742302,-0.000573561066164439
274,350,0.000380234998927685,-0.000557771941762829
277,350,0.000362160752137972,-0.000541888399111614
280,350,0.00034522084675588,-0.000526181102714005
283,350,0.000330012258685626,-0.000510238800749218
286,350,0.000317375884224529,-0.000492985786295439
289,350,0.000308153900211923,-0.00047360168717138
292,350,0.000302436840243909,-0.000452011338080423
295,350,0.000299111716956874,-0.000428664444398192
298,350,0.000296425244248023,-0.000404247254661737
1,355,5.89883697443838e-12,-5.89883697443838e-12
4,355,-1.38944721414668e-06,-1.32789995780635e-06
7,355,-3.97185314955408e-06,-5.45902327175884e-06
10,355,-5.87060758093351e-06,-1.26930204727427e-05
13,355,-5.29478971196386e-06,-2.25786026149345e-05
16,355,-1.38902273495877e-06,-3.42558066199026e-05
19,355,5.66776729811018e-06,-4.68488271470159e-05
22,355,1.50204573980753e-05,-6.00631025507385e-05
25,355,2.54891718067861e-05,-7.44156393140819e-05
28,355,3.5840088536597e-05,-9.1010174481363e-05
31,355,4.52759423025521e-05,-0.000111148763907152
34,355,5.36398169696813e-05,-0.000135795891646239
37,355,6.11360838898968e-05,-0.000165003514227763
40,355,6.79030255373804e-05,-0.000197557921333165
43,355,7.39942732195528e-05,-0.000230710287521255
46,355,7.93834259926177e-05,-0.00026078082576259
49,355,8.4057866461597e-05,-0.000285032963796706
52,355,8.83030848110997e-05,-0.000302964893202834
55,355,9.27629917326606e-05,-0.000316575182860617
58,355,9.83938944348008e-05,-0.000329355171806035
61,355,0.000106224229348241,-0.000344712145052421
64,355,0.000116668157074844,-0.000364411394283913
67,355,0.000129324901965719,-0.000388466264658152
70,355,0.000143094403062418,-0.000415519125959469
73,355,0.000156566726003294,-0.000443354489582865
76,355,0.000168436289241049,-0.000469553993444129
79,355,0.000177721669469509,-0.000492571772948092
82,355,0.00018367857677654,-0.000512428775095897
85,355,0.000185746569078102,-0.000530196217060955
88,355,0.000183918935599246,-0.000547095709838445
91,355,0.000178965295057286,-0.000563915644545692
94,355,0.000172297132866863,-0.000580811732281352
97,355,0.000165340077194888,-0.000597296026800381
100,355,0.000159236087255453,-0.000612435295170802
103,355,0.000154754068119668,-0.000625404798384947
106,355,0.000152178000851956,-0.000636386144684652
109,355,0.000151442889328884,-0.000646684780573975
112,355,0.000152088078669448,-0.000657691781914443
115,355,0.000153589283922522,-0.000669615585566596
118,355,0.000156217140876385,-0.000681439156069798
121,355,0.000160824270265363,-0.000691541334348786
124,355,0.000167682654153437,-0.000698597318621857
127,355,0.000176239834211206,-0.000702116757904311
130,355,0.000185818232943525,-0.000702555378146716
133,355,0.000196247151934172,-0.000700934326702536
136,355,0.000207669039471771,-0.000698420924463415
139,355,0.000219798077177317,-0.000696019265991116
142,355,0.000231714538382515,-0.00069438687168168
145,355,0.000242193427400121,-0.000693801533782531
148,355,0.000250470642425823,-0.000694242391078876
151,355,0.000256614587890718,-0.000695566385690921
154,355,0.000261215130773355,-0.000697613291059869
157,355,0.000264824347296284,-0.000700244762730165
160,355,0.000268011119663741,-0.000703487426442458
163,355,0.000271537680005274,-0.000707525805371334
166,355,0.000276303298699524,-0.000712340415247143
169,355,0.000283166262896002,-0.000717278965187901
172,355,0.000292357770638055,-0.00072117034541779
175,355,0.000303596181270011,-0.000722911622694073
178,355,0.000316629483788729,-0.000721963838559583
181,355,0.000330948093666032,-0.000718407724385722
184,355,0.000345100335994693,-0.000712742509885182
187,355,0.000356762320383096,-0.000705740626253196
190,355,0.000363632110975989,-0.000698335936365004
193,355,0.000363984141099663,-0.00069152155971601
196,355,0.000357098464700836,-0.000686023630491003
199,355,0.000343573054964424,-0.000681912245130818
202,355,0.000325617514562241,-0.000678563613083662
205,355,0.000306654945476916,-0.000674904667374178
208,355,0.000289934924728158,-0.00067006898065673
211,355,0.000277123231546807,-0.000663977581092788
214,355,0.000268103235396599,-0.000657209371758969
217,355,0.000262180319644328,-0.000650752175652759
220,355,0.000259051872454172,-0.000645713292379857
223,355,0.0002588480036266,-0.000642728712154373
226,355,0.000262261504011815,-0.000641613464338498
229,355,0.000270008906004332,-0.00064133835949856
232,355,0.000281962626980557,-0.00064044037547781
235,355,0.000297195154348608,-0.000637641380911261
238,355,0.000314122002990019,-0.000632518391660498
241,355,0.000330565562985745,-0.00062558747872829
244,355,0.000343965333971434,-0.000617926880413955
247,355,0.000352532228874155,-0.000610424014368359
250,355,0.000355858763295811,-0.00060346016359457
253,355,0.000354589732655218,-0.000597090705256616
256,355,0.000349811576135249,-0.000591023808412071
259,355,0.000342358768545184,-0.000584490628048951
262,355,0.000332527114794678,-0.000576438081410478
265,355,0.000320338631808916,-0.000565947148963883
268,355,0.00030591019964519,-0.000552994813703677
271,355,0.000289798956871291,-0.000538442413962743
274,355,0.000273024601520034,-0.000523179420271181
277,355,0.000256740097623201,-0.000507871136258915
280,355,0.000241745424074106,-0.000492789171710672
283,355,0.000228640491287571,-0.000477523220087191
286,355,0.000218269130071525,-0.000460998519748142
289,355,0.000211476451775887,-0.000442395643793787
292,355,0.000208355924507361,-0.000421640372209006
295,355,0.000207797495412949,-0.000399183355650951
298,355,0.000208050812900445,-0.000375711787938161
1,360,5.89883697443838e-12,-5.89883697443838e-12
4,360,-1.48379359517842e-06,-1.30353655806581e-06
7,360,-4.29926716484354e-06,-5.37447463768918e-06
10,360,-6.56621264585569e-06,-1.25133946819221e-05
13,360,-6.49011140407058e-06,-2.22699376570862e-05
16,360,-3.21198879394321e-06,-3.37850703969424e-05
19,360,3.09282697037727e-06,-4.61839174730077e-05
22,360,1.15728107375749e-05,-5.91728471519098e-05
25,360,2.10516845873393e-05,-7.32697958288217e-05
28,360,3.02992243698628e-05,-8.95794304602371e-05
31,360,3.85217626380234e-05,-0.000109404736812876
34,360,4.55659810947067e-05,-0.000133711128853703
37,360,5.16398489296572e-05,-0.000162551493024021
40,360,5.68852464548993e-05,-0.000194713048917426
43,360,6.13594028156836e-05,-0.000227447901004895
46,360,6.50395149060759e-05,-0.000257077192169161
49,360,6.79165631689178e-05,-0.00028086528006191
52,360,7.0279635626675e-05,-0.000298311286174544
55,360,7.27762408087068e-05,-0.000311414709298863
58,360,7.63662837613915e-05,-0.00032366781838303
61,360,8.20817987532773e-05,-0.000338478828352511
64,360,9.03405442240752e-05,-0.000357613960803648
67,360,0.000100745342362724,-0.000381087490806205
70,360,0.000112199730048638,-0.000407542718056703
73,360,0.00012329737075798,-0.000434765083862299
76,360,0.000132736280781332,-0.000460337156050956
79,360,0.000139538634650319,-0.000482713999939643
82,360,0.000142963740290676,-0.000501917492441711
85,360,0.000142454753456192,-0.000519019780642682
88,360,0.000138008561209775,-0.000535243405449944
91,360,0.000130398380106536,-0.000551377687892955
94,360,0.000121039293399008,-0.000567579268982561
97,360,0.000111360527091917,-0.000583361132385859
100,360,0.000102507638237208,-0.000597790975083065
103,360,9.52531297438095e-05,-0.000610044987978634
106,360,8.98845805140049e-05,-0.000620305709226612
109,360,8.63405922621964e-05,-0.000629879515243175
112,360,8.41641079452237e-05,-0.000640158411802058
115,360,8.28344404497862e-05,-0.000651351765675932
118,360,8.26258234020215e-05,-0.000662443471316348
121,360,8.4394475374085e-05,-0.000671813299560172
124,360,8.84159762678134e-05,-0.000678137378537926
127,360,9.41414655916252e-05,-0.000680926287177009
130,360,0.000100896963688235,-0.000680636681340199
133,360,0.000108515369979241,-0.000678290638293097
136,360,0.000117142730591131,-0.000675056408839527
139,360,0.000126496824982719,-0.000671939017453409
142,360,0.000135661524323581,-0.00066959691444296
145,360,0.000143415430764265,-0.000668308821967738
148,360,0.000148998040338349,-0.000668054808725158
151,360,0.000152481355314733,-0.000668692746747547
154,360,0.000154458840509838,-0.000670063339388305
157,360,0.000155486169984027,-0.000672029172104016
160,360,0.000156135823779402,-0.000674617800547515
163,360,0.000157173631863328,-0.000678014677805528
166,360,0.000159502462452307,-0.000682201249520602
169,360,0.00016398420053367,-0.000686526154722894
172,360,0.00017085364198863,-0.000689819213548745
175,360,0.000179832743999338,-0.000690978422667592
178,360,0.000190673093400484,-0.000689465753534441
181,360,0.000202868703501742,-0.000685362867432839
184,360,0.000214971497233744,-0.000679169923987664
187,360,0.000224661182042691,-0.000671660284306291
190,360,0.000229639419911183,-0.000663768741176141
193,360,0.000228184242003335,-0.000656489344004769
196,360,0.000219579300103731,-0.000650549156889139
199,360,0.000204426165235111,-0.000646019206182245
202,360,0.000184938037907138,-0.00064227663124446
205,360,0.00016454161794027,-0.000638249295012587
208,360,0.000146490080192067,-0.000633071700053167
211,360,0.000132452801731205,-0.000626665804439812
214,360,0.000122316749859253,-0.000619611441161323
217,360,0.000115390905780863,-0.000612897363127342
220,360,0.000111376255498045,-0.000607631799855733
223,360,0.000110406506649103,-0.000604451671472768
226,360,0.000113178047922092,-0.000603172937252804
229,360,0.000120411009549357,-0.000602767337674332
232,360,0.000131981406745155,-0.000601772780492775
235,360,0.000146965324755441,-0.000598912064255289
238,360,0.000163781876299576,-0.000593763134735653
241,360,0.000180257049296373,-0.000586842992848786
244,360,0.000193833941219311,-0.000579230806806161
247,360,0.000202727062833307,-0.000571814924170824
250,360,0.000206532527578097,-0.000564977557857988
253,360,0.000205898728710347,-0.000558775014943868
256,360,0.000201915703250762,-0.00055291639439818
259,360,0.000195421523846462,-0.000546633781121128
262,360,0.000186715593244953,-0.000538875022268073
265,360,0.000175823526209255,-0.000528722028218426
268,360,0.000162865800634483,-0.000516152711878863
271,360,0.000148403152926294,-0.000502029341494424
274,360,0.000133458878955337,-0.000487242317507367
277,360,0.000119189540591233,-0.000472457873459805
280,360,0.000106398714565124,-0.000457948549048602
283,360,9.56899091296943e-05,-0.000443304967646679
286,360,8.79105529306986e-05,-0.000427453297525863
289,360,8.39093551559094e-05,-0.000409575041698571
292,360,8.37833817498502e-05,-0.000389596910061865
295,360,8.64261776973844e-05,-0.000367970483185054
298,360,9.00909892441436e-05,-0.000345383884798838
1,365,5.89883697443838e-12,-5.89883697443838e-12
4,365,-1.5574352722866e-06,-1.30219448422408e-06
7,365,-4.55485777556121e-06,-5.36981722683626e-06
10,365,-7.10928839919162e-06,-1.25034999034975e-05
13,365,-7.42343746153944e-06,-2.22529347131711e-05
16,365,-4.63555926956713e-06,-3.37591397222191e-05
19,365,1.08178901007178e-06,-4.61472907347855e-05
22,365,8.87985327355157e-06,-5.91238072501163e-05
25,365,1.75851266480537e-05,-7.32066768960026e-05
28,365,2.59701560312637e-05,-8.95006178615755e-05
31,365,3.32440450235661e-05,-0.000109308667146136
34,365,3.92562463753251e-05,-0.000133596289949313
37,365,4.421750032378e-05,-0.000162416423944988
40,365,4.82724582284556e-05,-0.000194556339959419
43,365,5.14811202820889e-05,-0.000227268193696163
46,365,5.38234544262419e-05,-0.000256873179270606
49,365,5.52932121512497e-05,-0.00028063570556702
52,365,5.61822525270667e-05,-0.00029805494530947
55,365,5.71408551305569e-05,-0.000311130448522315
58,365,5.91316960555782e-05,-0.000323354535386405
61,365,6.31895806181814e-05,-0.000338135472059784
64,365,6.97350383055668e-05,-0.000357239531371426
67,365,7.83736623541619e-05,-0.000380681039623703
70,365,8.80117606908935e-05,-0.000407103347745785
73,365,9.72457678394028e-05,-0.000434291948277409
76,365,0.000104776471137748,-0.000459829460279194
79,365,0.000109628816165084,-0.000482171000300704
82,365,0.00011106488189461,-0.000501338496487927
85,365,0.000108530595127629,-0.000518404147158986
88,365,0.000102025613974524,-0.000534590544453914
91,365,9.23259260379172e-05,-0.000550687060634758
94,365,8.08493856178163e-05,-0.000566850387945016
97,365,6.90279897664533e-05,-0.000582593561284371
100,365,5.80100665832601e-05,-0.000596984328865696
103,365,4.85708900246652e-05,-0.000609198932826028
106,365,4.10008100404369e-05,-0.000619419962552063
109,365,3.52411993924777e-05,-0.000628953845692574
112,365,3.08377720851177e-05,-0.000639192639253945
115,365,2.72726120525516e-05,-0.000650345761241428
118,365,2.48227239684145e-05,-0.000661397157339239
121,365,2.43470974523442e-05,-0.000670726649616818
124,365,2.61240834536692e-05,-0.000677010417437342
127,365,2.96075925283175e-05,-0.000679759090960794
130,365,3.4126416066483e-05,-0.000679429377282621
133,365,3.95162245372625e-05,-0.000677043404900992
136,365,4.59258351146355e-05,-0.000673769475852405
139,365,5.30757983049072e-05,-0.000670612665843333
142,365,6.00527563251478e-05,-0.000668231476414681
145,365,6.56380823734057e-05,-0.000666904680958571
148,365,6.90740435307508e-05,-0.000666612399405089
151,365,7.04354131135648e-05,-0.000667212555019124
154,365,7.03184269857791e-05,-0.000668545902386761
157,365,6.92815302552322e-05,-0.000670475078197136
160,365,6.78999740115274e-05,-0.000673027689335767
163,365,6.69423592695366e-05,-0.000676389240121948
166,365,6.73143252932264e-05,-0.000680541227430882
169,365,6.98805281174385e-05,-0.000684832341525313
172,365,7.48785346708813e-05,-0.000688092453774252
175,365,8.2033073183194e-05,-0.000689219612079697
178,365,9.10985015365585e-05,-0.000687675839129318
181,365,0.000101571604088152,-0.000683542847439251
184,365,0.000112007074816084,-0.000677320847867022
187,365,0.00012008739221407,-0.000669783252752599
190,365,0.000123516989312171,-0.000661864906116038
193,365,0.000120576668322031,-0.00065455990859751
196,365,0.000110552852075699,-0.000648595375526608
199,365,9.40498826434317e-05,-0.000644042384488926
202,365,7.32837315823622e-05,-0.000640278126077482
205,365,5.16838697604595e-05,-0.000636230514461672
208,365,3.25062430827731e-05,-0.000631034103440678
211,365,1.74229996654715e-05,-0.00062461090232072
214,365,6.32387785761243e-06,-0.000617540795323228
217,365,-1.47937008865284e-06,-0.00061081258659045
220,365,-6.28298712382964e-06,-0.000605534556872883
223,365,-7.95049456210771e-06,-0.000602343677529417
226,365,-5.78273266794993e-06,-0.000601055959067025
229,365,9.43199838485429e-07,-0.000600643193196809
232,365,1.21060892189534e-05,-0.000599643338906829
235,365,2.67847917668909e-05,-0.000596779245976853
238,365,4.34011912491647e-05,-0.000591628911413282
241,365,5.97840466320757e-05,-0.00058470938736365
244,365,7.33792264366017e-05,-0.000577099893272052
247,365,8.24040124751371e-05,-0.000569688827934151
250,365,8.64572892349281e-05,-0.00056285845549779
253,365,8.61902210201265e-05,-0.000556665134271791
256,365,8.26956158989282e-05,-0.000550818014458498
259,365,7.68143175659541e-05,-0.000544549232190735
262,365,6.88484998161994e-05,-0.000536806685856479
265,365,5.88265484601764e-05,-0.000526672337067765
268,365,4.68717124404971e-05,-0.000514124149963861
271,365,3.35474992103076e-05,-0.000500024444022487
274,365,1.98799756877532e-05,-0.000485263670918465
277,365,7.02847478995115e-06,-0.00047050811542656
280,365,-4.20065570448118e-06,-0.000456030368476221
283,365,-1.32011364953487e-05,-0.000441421104673038
286,365,-1.91227678893959e-05,-0.000425606543521424
289,365,-2.11140696513722e-05,-0.000407768239266419
292,365,-1.907520478927e-05,-0.000387832953037712
295,365,-1.4109857270711e-05,-0.000366252316637221
298,365,-7.96200980258183e-06,-0.00034371450502829
1,370,5.89883697443838e-12,-5.89883697443838e-12
4,370,-1.58282746463691e-06,-1.30682535902664e-06
7,370,-4.64299646679249e-06,-5.38589178803091e-06
10,370,-7.29658420472935e-06,-1.25376593190488e-05
13,370,-7.74535730568617e-06,-2.23116485073709e-05
16,370,-5.12662638550555e-06,-3.38487057757444e-05
19,370,3.87995080288842e-07,-4.62738352846502e-05
22,370,7.95069667897416e-06,-5.92932848897043e-05
25,370,1.63889152288625e-05,-7.34248705750537e-05
28,370,2.44761413187562e-05,-8.97731388861768e-05
31,370,3.14224222401573e-05,-0.000109640955178742
34,370,3.70781544345483e-05,-0.00013399361300873
37,370,4.16550218302884e-05,-0.000162883878406381
40,370,4.52986194780213e-05,-0.000195098850554326
43,370,4.80698912616171e-05,-0.000227890513512441
46,370,4.99497488137276e-05,-0.000257579889752506
49,370,5.09328873158401e-05,-0.000281431216515135
52,370,5.13121095290102e-05,-0.000298943494880751
55,370,5.17386387212189e-05,-0.000312116103230077
58,370,5.31760946774507e-05,-0.000324441190100309
61,370,5.66602264048771e-05,-0.000339326850005849
64,370,6.26125070818099e-05,-0.000358539184132046
67,370,7.06394736358123e-05,-0.000382092347137595
70,370,7.96483776849019e-05,-0.000408629518308063
73,370,8.82365974438645e-05,-0.00043593601853952
76,370,9.51058639418691e-05,-0.000461594295248955
79,370,9.92820664491948e-05,-0.000484059293342263
82,370,0.000100028227630153,-0.000503352769321821
85,370,9.67912179771676e-05,-0.000520546749862097
88,370,8.95716392917458e-05,-0.000536863655459483
91,370,7.91464228676212e-05,-0.000553092686732372
94,370,6.69343666959275e-05,-0.000569390364280634
97,370,5.43684115200139e-05,-0.000585269551360303
100,370,4.25978291304224e-05,-0.000599797824540613
103,370,3.23988371747283e-05,-0.000612151254314941
106,370,2.40627292937919e-05,-0.000622512258426372
109,370,1.75318219406425e-05,-0.000632187092880008
112,370,1.23527728107346e-05,-0.000642567643038612
115,370,8.00860952938292e-06,-0.000653863155263761
118,370,4.77728046132525e-06,-0.000665057403596065
121,370,3.51871891733866e-06,-0.000674530038461298
124,370,4.51221953787063e-06,-0.00068095706757901
127,370,7.21263656995365e-06,-0.00068384894946552
130,370,1.09497050949131e-05,-0.000683662219572659
133,370,1.55600392729569e-05,-0.000681418834754931
136,370,2.11933999691955e-05,-0.000678286925405205
139,370,2.75712813810482e-05,-0.0006752713955863
142,370,3.37812694166916e-05,-0.000673030575195481
145,370,3.86056809653098e-05,-0.000671843065981233
148,370,4.12877267990787e-05,-0.000671688816230004
151,370,4.19031239255316e-05,-0.000672425577563024
154,370,4.10490518996695e-05,-0.000673893932922747
157,370,3.9284899520491e-05,-0.000675956347354659
160,370,3.71868615686983e-05,-0.000678640256100646
163,370,3.55244827502909e-05,-0.000682130991836345
166,370,3.52043460203475e-05,-0.000686409879793333
169,370,3.70920511048373e-05,-0.000690825438590689
172,370,4.14261086235803e-05,-0.000694207367953807
175,370,4.7932190497353e-05,-0.000695453544141023
178,370,5.63655982994266e-05,-0.00069402581819637
181,370,6.62240600781189e-05,-0.000690005730992336
184,370,7.6063213502655e-05,-0.000683893321742823
187,370,8.35664807578758e-05,-0.000676461831144142
190,370,8.64392385649439e-05,-0.000668645931572697
193,370,8.29632328266368e-05,-0.000661439552025032
196,370,7.24258300661217e-05,-0.000655569636187097
199,370,5.54323160447779e-05,-0.000651107090000832
202,370,3.41996060108405e-05,-0.00064742893241562
205,370,1.21581145234175e-05,-0.000643462905957215
208,370,-7.43526882133564e-06,-0.000638343392781149
211,370,-2.29074522161174e-05,-0.00063199223055001
214,370,-3.43677536207627e-05,-0.000624989131841577
217,370,-4.25034770919956e-05,-0.00061832272915445
220,370,-4.76099218892079e-05,-0.000613101131595508
223,370,-4.95496656354578e-05,-0.000609961138879963
226,370,-4.76226049041008e-05,-0.000608718589871172
229,370,-4.11048947241714e-05,-0.000608345104636588
232,370,-3.01168051427956e-05,-0.000607378470520624
235,370,-1.55785361754141e-05,-0.00060454136565941
238,370,9.32739635959517e-07,-0.00059941161541569
241,370,1.72467249487439e-05,-0.00059250610029337
244,370,3.08102319750271e-05,-0.000584903868092906
247,370,3.98414862183337e-05,-0.000577493145966309
250,370,4.39403158570304e-05,-0.000570656026417782
253,370,4.37588288863803e-05,-0.000564448696112495
256,370,4.0390777065707e-05,-0.000558580133609165
259,370,3.46779477807396e-05,-0.000552282303396966
262,370,2.69234585176063e-05,-0.000544502932220226
265,370,1.71566387779353e-05,-0.000534323810047345
268,370,5.50168119544608e-06,-0.000521722729373959
271,370,-7.47696308557974e-06,-0.000507561838034112
274,370,-2.07522834558904e-05,-0.000492731416059018
277,370,-3.31640033072394e-05,-0.000477897576579784
280,370,-4.39048311698965e-05,-0.000463332738882216
283,370,-5.23675440525437e-05,-0.000448627405928257
286,370,-5.77009985708071e-05,-0.000432707625578696
289,370,-5.90527707983118e-05,-0.000414754780434911
292,370,-5.63220800519487e-05,-0.00039469545998294
295,370,-5.06116666081959e-05,-0.000372981124381088
298,370,-4.36645694828386e-05,-0.000350299776949044
1,375,5.89883697443838e-12,-5.89883697443838e-12
4,375,-1.57309384486021e-06,-1.32617445080381e-06
7,375,-4.60920509603076e-06,-5.45306375556298e-06
10,375,-7.22476619266884e-06,-1.26804209915402e-05
13,375,-7.62189900288072e-06,-2.25570597593029e-05
16,375,-4.93826938340818e-06,-3.42231195268234e-05
19,375,6.54153949348263e-07,-4.68028974998256e-05
22,375,8.30720534177968e-06,-6.0001934579186e-05
25,375,1.68479663713205e-05,-7.43373397943001e-05
28,375,2.5049572385881e-05,-9.09129527358801e-05
31,375,3.21217154360884e-05,-0.000111030931804851
34,375,3.79144367225362e-05,-0.000135655863602434
37,375,4.26390649327029e-05,-0.000164839807204132
40,375,4.64408398763438e-05,-0.000197369154837792
43,375,4.93803501964491e-05,-0.000230495183608569
46,375,5.14381522847906e-05,-0.000260538209033465
49,375,5.26085860819703e-05,-0.000284761761398364
52,375,5.31840991081469e-05,-0.000302664134828924
55,375,5.38155593904393e-05,-0.000316244000751099
58,375,5.54662314729313e-05,-0.000328992800747361
61,375,5.91715091219281e-05,-0.000344317922377343
64,375,6.53525102748363e-05,-0.000363984759871646
67,375,7.36154166183539e-05,-0.000388006760934199
70,375,8.28671245296054e-05,-0.000415026397895834
73,375,9.17046569825034e-05,-0.000442828284697858
76,375,9.88293897653151e-05,-0.000468994161802513
79,375,0.000103266856907451,-0.000491978267160928
82,375,0.000104279725832328,-0.000511801650320741
85,375,0.000101314511791511,-0.000529535631001664
88,375,9.4371461345578e-05,-0.000546401922745335
91,375,8.42271505474302e-05,-0.000563189019215375
94,375,7.23000221472821e-05,-0.000580052734056931
97,375,6.0022661647627e-05,-0.000596505223571274
100,375,4.85439855980905e-05,-0.000611613357372873
103,375,3.86398564053888e-05,-0.00062455249900036
106,375,3.06012124694877e-05,-0.000635504359242075
109,375,2.43700150025451e-05,-0.000645774487148355
112,375,1.94925664591125e-05,-0.00065675406112721
115,375,1.54515392236422e-05,-0.000668651620585471
118,375,1.25245264199808e-05,-0.000680450232608995
121,375,1.1571106118016e-05,-0.000690528840668798
124,375,1.28702177173022e-05,-0.000697562745529677
127,375,1.58763602240215e-05,-0.000701061698753191
130,375,1.99189134785813e-05,-0.000701481528836439
133,375,2.48341364003345e-05,-0.000699843485679155
136,375,3.07714346134783e-05,-0.000697314992719459
139,375,3.74519470745755e-05,-0.000694900247065402
142,375,4.39629044509054e-05,-0.000693256871659536
145,375,4.90862683907748e-05,-0.000692662761295553
148,375,5.20648944254679e-05,-0.000693097157305164
151,375,5.2974144321636e-05,-0.000694417104354845
154,375,5.24108423934047e-05,-0.000696462478432285
157,375,5.09340221988833e-05,-0.000699095037628242
160,375,4.91195232778819e-05,-0.000702341510229829
163,375,4.77365350955423e-05,-0.000706386521957935
166,375,4.76912853660203e-05,-0.000711210691089381
169,375,4.98490185744529e-05,-0.000716161829288505
172,375,5.44478900997161e-05,-0.000720068929325939
175,375,6.12132166217473e-05,-0.000721829160505262
178,375,6.9899944472931e-05,-0.000720903666915746
181,375,8.00054464606912e-05,-0.000717373282475156
184,375,9.00850050133529e-05,-0.00071173733944261
187,375,9.78216870749011e-05,-0.000704768371559677
190,375,0.000100920514125609,-0.00069740034424802
193,375,9.76628768273645e-05,-0.000690626479549407
196,375,8.73357864624423e-05,-0.000685173014195055
199,375,7.0544173551358e-05,-0.000681110147172151
202,375,4.95045981014522e-05,-0.000677814190475292
205,375,2.76471194309569e-05,-0.000674212179675517
208,375,8.2282718951258e-06,-0.000669437789973602
211,375,-7.07920793960084e-06,-0.000663412152077357
214,375,-1.83849932739578e-05,-0.000656714271609816
217,375,-2.63767434055409e-05,-0.00065033207411485
220,375,-3.13501128346392e-05,-0.000645372961744551
223,375,-3.31680344251781e-05,-0.000642473027259403
226,375,-3.11307599914112e-05,-0.000641447402567997
229,375,-2.45147998032446e-05,-0.000641267000783032
232,375,-1.34407791486965e-05,-0.000640468902294173
235,375,1.17074671591845e-06,-0.000637775078282801
238,375,1.77422500076885e-05,-0.0006327626471569
241,375,3.41030781431554e-05,-0.000625947782465625
244,375,4.76996880935287e-05,-0.000618408825054677
247,375,5.67499501214532e-05,-0.00061103329512131
250,375,6.08533371643971e-05,-0.000604202578214982
253,375,6.06616019767505e-05,-0.000597972154046106
256,375,5.72681410769487e-05,-0.000592050294218657
259,375,5.15143866098454e-05,-0.000585668256267029
262,375,4.37031008206734e-05,-0.000577773059980831
265,375,3.38632579701727e-05,-0.000567445788373678
268,375,2.21186954512097e-05,-0.00055466352698647
271,375,9.03350916714837e-06,-0.000540287716698498
274,375,-4.36564551362481e-06,-0.000525207930586226
277,375,-1.69188472237518e-05,-0.000510089574825989
280,375,-2.78191597343753e-05,-0.000495204361748856
283,375,-3.64597152950835e-05,-0.000480142087362016
286,375,-4.19897257623723e-05,-0.000463828092571506
289,375,-4.35571224507559e-05,-0.000445443053023936
292,375,-4.10614799179839e-05,-0.000424912851250616
295,375,-3.56058936814578e-05,-0.00040268824045507
298,375,-2.8933757997816e-05,-0.000379456517002258
1,380,5.89883697443838e-12,-5.89883697443838e-12
4,380,-1.54827352043715e-06,-1.35569330269951e-06
7,380,-4.52303050676466e-06,-5.55555084081487e-06
10,380,-7.04159895751329e-06,-1.289825996771e-05
13,380,-7.30699630019757e-06,-2.29315685600417e-05
16,380,-4.45778395095291e-06,-3.47945503618656e-05
19,380,1.33317381442578e-06,-4.761043685502e-05
22,380,9.2168157829429e-06,-6.10837032164476e-05
25,380,1.80193279726401e-05,-7.57303927516504e-05
28,380,2.65129501720122e-05,-9.26532793274325e-05
31,380,3.3906478872307e-05,-0.000113153455620802
34,380,4.00490597147258e-05,-0.000138194442509078
37,380,4.51511258273503e-05,-0.000167827233343864
40,380,4.93570214605315e-05,-0.000200837154629083
43,380,5.27264396978736e-05,-0.000234474417745991
46,380,5.52390413717572e-05,-0.000265058272487675
49,380,5.6888270863376e-05,-0.00028985118341612
52,380,5.79656801335152e-05,-0.000308350378933075
55,380,5.9121241649876e-05,-0.000322553464740576
58,380,6.13173243971686e-05,-0.000335950816697191
61,380,6.5588426582281e-05,-0.000351948756638663
64,380,7.23547705832505e-05,-0.000372311613071653
67,380,8.12216425273501e-05,-0.000397051767976212
70,380,9.10950432323399e-05,-0.000424810627959239
73,380,0.000100571100112724,-0.000453371741238166
76,380,0.000108350293397371,-0.000480315782551287
79,380,0.000113457261556301,-0.000504095924125843
82,380,0.000115153776453549,-0.000524732149785559
85,380,0.000112885457781259,-0.000543294713526262
88,380,0.000106651656540639,-0.000561004263165645
91,380,9.72280532251682e-05,-0.00057864822664344
94,380,8.60321950257037e-05,-0.000596381351880883
97,380,7.44957718853111e-05,-0.000613714729455354
100,380,6.37668047942334e-05,-0.000629714163257384
103,380,5.46202605997908e-05,-0.000643553951101716
106,380,4.7346182142567e-05,-0.000655414738052774
109,380,4.18856350753141e-05,-0.000666601007437002
112,380,3.77840262931804e-05,-0.000678502871938481
115,380,3.4523132621225e-05,-0.000691327805240141
118,380,3.23796516239205e-05,-0.00070405780870393
121,380,3.22122658117498e-05,-0.000715070760076968
124,380,3.42990190248596e-05,-0.000723040894400139
127,380,3.80935147100445e-05,-0.000727476897511087
130,380,4.292423714833e-05,-0.000728833532182996
133,380,4.86265496996638e-05,-0.000728130982591717
136,380,5.53489624288386e-05,-0.000726535606451437
139,380,6.28117187330366e-05,-0.000725050535146309
142,380,7.01011537201445e-05,-0.000724332325894979
145,380,7.59983334790707e-05,-0.000724657807767245
148,380,7.97452179816905e-05,-0.000726005156370868
151,380,8.1416273435283e-05,-0.000728230350648458
154,380,8.16074285945639e-05,-0.000731172200863768
157,380,8.087682145826e-05,-0.000734691399383673
160,380,7.97993960067698e-05,-0.000738813608771364
163,380,7.91434461458563e-05,-0.00074372238902382
166,380,7.98143040302722e-05,-0.000749397292693949
169,380,8.26763185857618e-05,-0.000755185065722199
172,380,8.79667496318037e-05,-0.000759913635155271
175,380,9.54100182889508e-05,-0.000762479104572874
178,380,0.00010476017533018,-0.000762341552340316
181,380,0.00011551369800353,-0.000759580746651504
184,380,0.000126224973177926,-0.000754694954041621
187,380,0.000134576172237962,-0.00074845564252835
190,380,0.000138271421104509,-0.000741795711809407
193,380,0.000135591214880073,-0.000735707318202701
196,380,0.000125821669287526,-0.000730915632715505
199,380,0.000109566819287983,-0.000727489788611109
202,380,8.90423293294023e-05,-0.000724805032160198
205,380,6.76773631706199e-05,-0.000721787333209918
208,380,4.8727559607476e-05,-0.000717569301237116
211,380,3.38647596470412e-05,-0.00071207100122572
214,380,2.29783945291739e-05,-0.000705870373074821
217,380,1.53799093968894e-05,-0.000699954276604414
220,380,1.07727541904947e-05,-0.000695429048242664
223,380,9.29310048667812e-06,-0.000692929715026164
226,380,1.16398009117829e-05,-0.000692270343139565
229,380,1.85354496365241e-05,-0.000692420779971707
232,380,2.98585258134667e-05,-0.000691917040188307
235,380,4.46875786269157e-05,-0.00068948002924685
238,380,6.14441847345672e-05,-0.000684685799831406
241,380,7.79567959935637e-05,-0.000678049459767235
244,380,9.16709738157122e-05,-0.000670648284176114
247,380,0.000100803692904272,-0.000663368727531416
250,380,0.000104953530637316,-0.000656591109658659
253,380,0.000104771344209836,-0.000650369844544374
256,380,0.000101349634580882,-0.000644412138068598
259,380,9.5528938335898e-05,-0.000637948182041848
262,380,8.76111221607373e-05,-0.000629923930529812
265,380,7.76242647567373e-05,-0.000619419400822199
268,380,6.56913079573653e-05,-0.000606410612735993
271,380,5.23754521065994e-05,-0.000591757941426582
274,380,3.87024570134348e-05,-0.000576349894246528
277,380,2.58313484858144e-05,-0.000560850811648252
280,380,1.45681671932241e-05,-0.000545531340238909
283,380,5.51888532667219e-06,-0.000529980210301788
286,380,-4.66604529740202e-07,-0.000513121697019024
289,380,-2.53712924991323e-06,-0.00049413541031331
292,380,-5.93158950989066e-07,-0.000472946166992041
295,380,4.26131529023605e-06,-0.000450003654534848
298,380,1.02820036577249e-05,-0.000425994103582785
1,385,5.89883697443838e-12,-5.89883697443838e-12
4,385,-1.51949985479103e-06,-1.3736644881235e-06
7,385,-4.42311985722785e-06,-5.6179516353394e-06
10,385,-6.82921295187051e-06,-1.3030908053554e-05
13,385,-6.94182151224354e-06,-2.31596408779629e-05
16,385,-3.9005319004862e-06,-3.51425831111686e-05
19,385,2.12076666157116e-06,-4.81023254935474e-05
22,385,1.0271988014936e-05,-6.1742702460596e-05
25,385,1.93782932316115e-05,-7.65791165763487e-05
28,385,2.82108971541025e-05,-9.37137009661552e-05
31,385,3.59775713276198e-05,-0.000114446907565572
34,385,4.25264364473569e-05,-0.000139741616510451
37,385,4.80669006953934e-05,-0.000169648180410958
40,385,5.2742283376044e-05,-0.000202951285029537
43,385,5.66112526268997e-05,-0.000236900501006
46,385,5.96524443343382e-05,-0.000267814437391974
49,385,6.18582779335391e-05,-0.000292954918007997
52,385,6.3519280439247e-05,-0.000311818530514339
55,385,6.5284399373163e-05,-0.000326402239871604
58,385,6.81149787739919e-05,-0.000340195781196881
61,385,7.30444919026017e-05,-0.000356604835584479
64,385,8.04921361909959e-05,-0.000377393090799584
67,385,9.0062172820445e-05,-0.000402572288080796
70,385,0.000100659577662702,-0.00043078319329355
73,385,0.000110879453186247,-0.000459808713913842
76,385,0.000119421254673925,-0.000487228883938483
79,385,0.000125308595649737,-0.000511496234853283
82,385,0.000127802223031731,-0.000532630109740489
85,385,0.000126346731566019,-0.00055170012185448
88,385,0.000120940447307786,-0.0005699262782715
91,385,0.000112358025804483,-0.000588095366189813
94,385,0.000102015989300989,-0.000606361492789193
97,385,9.13450027943307e-05,-0.000624235107905583
100,385,8.1492062328748e-05,-0.000640781374688038
103,385,7.3231109805508e-05,-0.000655173950209859
106,385,6.68511631192431e-05,-0.000667592838793997
109,385,6.22922629766328e-05,-0.000679341883025464
112,385,5.9098791326844e-05,-0.000691810554846852
115,385,5.67515000488834e-05,-0.000705205687199662
118,385,5.55260617612537e-05,-0.000718508640704367
121,385,5.62801340283952e-05,-0.000730096652366654
124,385,5.92907357444442e-05,-0.00073864331648591
127,385,6.40104454101611e-05,-0.000743656678158363
130,385,6.97667223605977e-05,-0.000745590859415711
133,385,7.63939050096508e-05,-0.000745465403692374
136,385,8.40394784761139e-05,-0.000744446027961059
139,385,9.24226612111277e-05,-0.000743535222864482
142,385,0.000100628763376614,-0.000743388904879803
145,385,0.000107437826115422,-0.000744283262335403
148,385,0.000112090784453423,-0.000746195830097558
151,385,0.000114661079651871,-0.000748981946367435
154,385,0.000115743615519493,-0.000752479780667312
157,385,0.000115895505108981,-0.000756549384622634
160,385,0.000115690667454723,-0.000761215780055102
163,385,0.000115896371516451,-0.000766661886220276
166,385,0.000117416924502926,-0.000772866614929568
169,385,0.000121115650393874,-0.000779176071382007
172,385,0.00012722878406274,-0.000784417541882813
175,385,0.000135479721684061,-0.000787486489270244
178,385,0.000145621489084817,-0.000787842351168153
181,385,0.00015714953856703,-0.000785564255028992
184,385,0.000168617232053592,-0.000781149826646482
187,385,0.000177705715983086,-0.000775369893296861
190,385,0.000182118091330385,-0.000769156713936359
193,385,0.000180133828251963,-0.000763501804141459
196,385,0.000171038017524674,-0.000759129694177969
199,385,0.000155433669163626,-0.000756108876567727
202,385,0.000135535422670758,-0.000753813956839936
205,385,0.000114771416858895,-0.000751170264100317
208,385,9.63962655778608e-05,-0.000747309767084241
211,385,8.20807848886947e-05,-0.000742151890034189
214,385,7.17133810852616e-05,-0.000736273932107784
217,385,6.4604474364552e-05,-0.000730662112383576
220,385,6.04564897208515e-05,-0.000726422126548268
223,385,5.94045737848358e-05,-0.000724188360897001
226,385,6.21465542368406e-05,-0.000723774240872955
229,385,6.94040003015571e-05,-0.000724148973123527
232,385,8.10543661855365e-05,-0.000723847931572973
235,385,9.61751761270651e-05,-0.00072159138093733
238,385,0.000113186981837822,-0.00071695473315919
241,385,0.00012991721022895,-0.000710452455322378
244,385,0.000143810397766229,-0.000703161181807206
247,385,0.000153082494206896,-0.000695966726345582
250,385,0.000157331051983021,-0.000689248768021576
253,385,0.00015720590334357,-0.000683061080080261
256,385,0.000153798524301575,-0.000677110227660226
259,385,0.000147948426496481,-0.000670625761830519
262,385,0.00013995645166811,-0.000662552995915367
265,385,0.000129849653571789,-0.000651971306463037
268,385,0.000117749949094971,-0.000638856072549044
271,385,0.000104219513635614,-0.000624067028587329
274,385,9.02830820567044e-05,-0.000608492041188999
277,385,7.7098655220159e-05,-0.000592794810064995
280,385,6.54712488494594e-05,-0.000577245341081045
283,385,5.60058101895861e-05,-0.000561431723778964
286,385,4.95512068786526e-05,-0.000544277592599445
289,385,4.69575870966917e-05,-0.000524961916723701
292,385,4.83234557806013e-05,-0.000503408872217679
295,385,5.25437969075259e-05,-0.000480067505819563
298,385,5.78732957154498e-05,-0.000455623407428956
1,390,5.89883697443838e-12,-5.89883697443838e-12
4,390,-1.48952191791125e-06,-1.37276367397096e-06
7,390,-4.31901670337125e-06,-5.61482279056693e-06
10,390,-6.60789110474739e-06,-1.30242548249608e-05
13,390,-6.5612412994039e-06,-2.31481977756161e-05
16,390,-3.31970745332594e-06,-3.51251155083999e-05
19,390,2.94176740784342e-06,-4.807762962695e-05
22,390,1.13720433212696e-05,-6.1709605430029e-05
25,390,2.07952275551392e-05,-7.65364763449458e-05
28,390,2.99814811481035e-05,-9.36604063603156e-05
31,390,3.81375218415443e-05,-0.000114381878274949
34,390,4.5110416526851e-05,-0.000139663803087978
37,390,5.11085195822464e-05,-0.000169556564272813
40,390,5.62740965082162e-05,-0.000202844878455195
43,390,6.06647616385235e-05,-0.000236778347138181
46,390,6.42580970557253e-05,-0.000267675610236659
49,390,6.70454683911586e-05,-0.00029279852243445
52,390,6.93163488557288e-05,-0.000311643702255079
55,390,7.17186321673069e-05,-0.000326208145522423
58,390,7.52126085607963e-05,-0.000339981618216828
61,390,8.08306974932022e-05,-0.000356369832295871
64,390,8.89910425926976e-05,-0.000377136506388014
67,390,9.9296851236728e-05,-0.00040229341259512
70,390,0.000110652045493235,-0.000430481347645872
73,390,0.00012165067402684,-0.000459483249879546
76,390,0.000130991138316565,-0.000486879184156231
79,390,0.000137695998082567,-0.000511121712824985
82,390,0.000141024946439095,-0.000532230209831318
85,390,0.000140421524328406,-0.000551274319292889
88,390,0.000135883004001852,-0.000569474079149196
91,390,0.000128182987203051,-0.000587616307461786
94,390,0.000118736942373076,-0.000605855142273675
97,390,0.000108974480705109,-0.000623701064284089
100,390,0.000100041544439538,-0.000640219267505349
103,390,9.27110216738016e-05,-0.000654583439874023
106,390,8.72708764987382e-05,-0.0006669736165763
109,390,8.36600958171737e-05,-0.000678693671060494
112,390,8.14220077744277e-05,-0.000691133106132452
115,390,8.00363104456701e-05,-0.000704498785596942
118,390,7.97776226456287e-05,-0.000717772100937687
121,390,8.15025481348618e-05,-0.000729330320023659
124,390,8.54870520036844e-05,-0.000737847068017502
127,390,9.11826589490102e-05,-0.000742830420878716
130,390,9.79157745021138e-05,-0.000744734531502256
133,390,0.000105519683273006,-0.000744578974185807
136,390,0.000114140816576671,-0.000743529496765354
139,390,0.000123497339060394,-0.00074258862074688
142,390,0.000132673507082311,-0.000742412293470788
145,390,0.000140448307981412,-0.000743276734128746
148,390,0.00014606162297974,-0.00074515950845029
151,390,0.000149585839534698,-0.000747915985499861
154,390,0.000151614807651217,-0.000751384365662975
157,390,0.000152704586578144,-0.000755424731428378
160,390,0.000153428041546028,-0.000760062135481024
163,390,0.000154551387710762,-0.000765479527939733
166,390,0.000156977878477312,-0.000771655851479177
169,390,0.000161569784021538,-0.000777937242161675
172,390,0.000168562285413062,-0.000783151017155692
175,390,0.000177677725022588,-0.00078619267016276
178,390,0.00018866807487327,-0.00078652166966999
181,390,0.00020102773346331,-0.00078421717399311
184,390,0.000213309008911743,-0.000779776839789105
187,390,0.000223191993853332,-0.000773971525197479
190,390,0.000228378735459122,-0.000767733520037722
193,390,0.000227147650081766,-0.000762054370749588
196,390,0.000218782774694263,-0.000757658638462143
199,390,0.000203886065507889,-0.000754614846560505
202,390,0.000184671108220779,-0.000752297631437132
205,390,0.000164564987841912,-0.000749632353061014
208,390,0.00014682126441727,-0.000745751011030796
211,390,0.000133109700204065,-0.00074057306045221
214,390,0.000123317647692349,-0.000734675831346154
217,390,0.000116754473275262,-0.00072904557365444
220,390,0.000113121548143264,-0.000724788013927043
223,390,0.000112552965123197,-0.000722537569322361
226,390,0.000115745498091568,-0.000722107696146845
229,390,0.000123419662469243,-0.000722467631911165
232,390,0.000135451858658924,-0.000722152781402829
235,390,0.000150918557095084,-0.000719883440201142
238,390,0.000168239255685559,-0.000715235051111975
241,390,0.000185240327537672,-0.000708722112082405
244,390,0.000199365255313353,-0.000701421288356018
247,390,0.000208828934966024,-0.000694218424527986
250,390,0.000213227865123923,-0.000687493230545647
253,390,0.000213210824232177,-0.00068129951051734
256,390,0.000209868234499991,-0.000675343860444903
259,390,0.000204038553762974,-0.000668855862260668
262,390,0.000196021569957117,-0.000660780860152126
265,390,0.000185843283033921,-0.00065019826153081
268,390,0.00017362455607701,-0.000637083476335495
271,390,0.000159926510680503,-0.000622296269843388
274,390,0.000145772827903557,-0.000606724539528872
277,390,0.000132320454804247,-0.000591032015966147
280,390,0.000120373353302249,-0.000575488735884209
283,390,0.000110535416838698,-0.000559682819688131
286,390,0.000103654459247873,-0.000542537932681877
289,390,0.000100579574905969,-0.000523233074909935
292,390,0.000101408214946068,-0.000501692453301499
295,390,0.000105034309541478,-0.000478365145458041
298,390,0.000109711490126354,-0.000453936772142413
1,395,5.89883697443838e-12,-5.89883697443838e-12
4,395,-1.44987659907324e-06,-1.3512148072252e-06
7,395,-4.18132770446743e-06,-5.53998301074911e-06
10,395,-6.31513528644927e-06,-1.28651294120558e-05
13,395,-6.05777074430007e-06,-2.28745393359138e-05
16,395,-2.55124946589965e-06,-3.47074239744979e-05
19,395,4.02811030119647e-06,-4.74871522577778e-05
22,395,1.28277933722606e-05,-6.09183368107966e-05
25,395,2.26705317935738e-05,-7.55171583871875e-05
28,395,3.23251113818595e-05,-9.23865283018606e-05
31,395,4.09968746566403e-05,-0.000112827676679957
34,395,4.85315132873646e-05,-0.000137804261846902
37,395,5.51360064303705e-05,-0.000167367414602418
40,395,6.09512443642153e-05,-0.000200302598898556
43,395,6.6033466200781e-05,-0.000233860163564685
46,395,7.03588788007262e-05,-0.000264359495841999
49,395,7.39174725734701e-05,-0.000289063197740625
52,395,7.69973455080049e-05,-0.000307468635110403
55,395,8.02450161003236e-05,-0.000321573551101521
58,395,8.46193993633991e-05,-0.000334868459020625
61,395,9.11515395323624e-05,-0.000350759818151607
64,395,0.000100258205013444,-0.000371012094449235
67,395,0.00011154122796221,-0.000395637807341691
70,395,0.0001239031552247,-0.000423278500883957
73,395,0.000135936660243632,-0.000451717860741618
76,395,0.000146338769276107,-0.000478536699101074
79,395,0.000154130666820386,-0.000502188325637696
82,395,0.000158570670768824,-0.000522692861623296
85,395,0.000159100946841776,-0.000541120698501851
88,395,0.00015571739206866,-0.000558692621539157
91,395,0.000149192232971216,-0.000576196196123086
94,395,0.000140939562768612,-0.00059378630762295
97,395,0.000132387617432133,-0.000610974184064281
100,395,0.000124680963980237,-0.000626825766785712
103,395,0.000118591115288464,-0.000640515491050144
106,395,0.000114404660225772,-0.000652224139370042
109,395,0.00011205921047307,-0.000663256332520043
112,395,0.000111096718953767,-0.000675002320632295
115,395,0.000110995508521118,-0.000687669714837903
118,395,0.000112028822767987,-0.000700240653946859
121,395,0.000115051890233001,-0.000711093153154462
124,395,0.000120339300784573,-0.000718901584949671
127,395,0.00012734120389769,-0.0007231747726183
130,395,0.000135382629881767,-0.000724367616381598
133,395,0.000144295488124901,-0.000723500437863562
136,395,0.000154224834720146,-0.00072173973222649
139,395,0.000164887459092883,-0.000720088768302678
142,395,0.000175366242379375,-0.000719204240758831
145,395,0.000184438796696711,-0.000719363116112915
148,395,0.000191343628044994,-0.000720543707420799
151,395,0.000196151748659723,-0.000722602131073238
154,395,0.000199455633323962,-0.000725377334782029
157,395,0.000201809966064644,-0.000728730148362228
160,395,0.000203786236890389,-0.000732686371825116
163,395,0.000206149285735186,-0.000737429702615832
166,395,0.000209800990782138,-0.000742939830735332
169,395,0.000215602246985176,-0.00074856363957224
172,395,0.000223786860192005,-0.000753129193621356
175,395,0.000234075797551432,-0.000755532733910508
178,395,0.000246219655864723,-0.000755234476253121
181,395,0.000259711458408173,-0.000752314326291215
184,395,0.000273102138078895,-0.000747270688008101
187,395,0.000284070412289743,-0.000740875166869593
190,395,0.000290316952989897,-0.000734060800021489
193,395,0.000290118801310077,-0.000727819881229834
196,395,0.000282758619001379,-0.000722877718950029
199,395,0.000268836987053173,-0.000719303583893481
202,395,0.000250566115941704,-0.000716472859778983
205,395,0.000231371715454044,-0.000713311653901789
208,395,0.00021450597041426,-0.000708952713186893
211,395,0.000201637267857657,-0.000703316240066332
214,395,0.000192651585052402,-0.000696980311887303
217,395,0.000186856913169726,-0.000690931925917921
220,395,0.000183953248178183,-0.000686277556034483
223,395,0.000184073307682682,-0.000683652366721689
226,395,0.000187912490337874,-0.000682870561612306
229,395,0.000196189936342696,-0.0006829021255433
232,395,0.000208780670877952,-0.000682283210628506
235,395,0.000224759789156193,-0.000679734859773527
238,395,0.000242545413863383,-0.000674833263110542
241,395,0.000259962542884915,-0.000668093665912941
244,395,0.00027445328366083,-0.000660593480750619
247,395,0.000284231156922634,-0.000653219299545055
250,395,0.000288891286076659,-0.000646351579569894
253,395,0.000289081074346157,-0.000640044872259782
256,395,0.000285889568718395,-0.000634006520942884
259,395,0.00028015385180709,-0.000627466854877824
262,395,0.000272172336326332,-0.000619371965578409
265,395,0.000261969647005718,-0.000608802007782481
268,395,0.000249665271706964,-0.000595733138755117
271,395,0.000235818956802287,-0.000581025871099841
274,395,0.000221453008128948,-0.000565568849617334
277,395,0.000207722997523096,-0.000550026552208127
280,395,0.000195431511682517,-0.000534669762927497
283,395,0.000185181068826456,-0.00051908734950685
286,395,0.000177818107567267,-0.000502203724576442
289,395,0.000174190347059233,-0.00048319863550709
292,395,0.000174393863213558,-0.000461997036554273
295,395,0.000177321210981655,-0.000439048752645789
298,395,0.000181224646575728,-0.000415040151870792
1,400,5.89883697443838e-12,-5.89883697443838e-12
4,400,-1.39429955020895e-06,-1.33561547405416e-06
7,400,-3.9882890243842e-06,-5.48580186829311e-06
10,400,-5.90465452399775e-06,-1.27499195145878e-05
13,400,-5.35177157953164e-06,-2.26763892680912e-05
16,400,-1.47355971008798e-06,-3.44049578513745e-05
19,400,5.55175870558471e-06,-4.70595297247816e-05
22,400,1.48697643515511e-05,-6.03452530437557e-05
25,400,2.53012851428738e-05,-7.47788440923046e-05
28,400,3.5613202765077e-05,-9.14637497157353e-05
31,400,4.50089556064743e-05,-0.000111701735569593
34,400,5.33323312053148e-05,-0.000136456995509655
37,400,6.07884045867213e-05,-0.000165781195866065
40,400,6.75161618980302e-05,-0.000198460336121241
43,400,7.35699381199561e-05,-0.000231745300634959
46,400,7.89240359819122e-05,-0.000261956012178784
49,400,8.35665417621377e-05,-0.000286355608293225
52,400,8.77836493183778e-05,-0.000304441990358539
55,400,9.22199730154675e-05,-0.000318213437055279
58,400,9.78325237351454e-05,-0.000331160997220486
61,400,0.000105650441581348,-0.000346691665668433
64,400,0.000116088590829063,-0.000366570443884284
67,400,0.000128746899502708,-0.000390810386826618
70,400,0.000142526010317073,-0.000418053574080786
73,400,0.000156016692583692,-0.000446084226842761
76,400,0.000167914068428425,-0.000472483692829348
79,400,0.000177237418218367,-0.000495705817246309
82,400,0.000183243155714641,-0.000515771256895827
85,400,0.000185371542506412,-0.000533750938752254
88,400,0.000183616571491858,-0.000550866183611805
91,400,0.000178748565061554,-0.000567905092392736
94,400,0.000172179712303435,-0.000585023085994732
97,400,0.000165336345057592,-0.000601731927973717
100,400,0.000159361126211264,-0.000617098095198713
103,400,0.000155023664508784,-0.00063029655846302
106,400,0.000152608644687913,-0.000641508635809485
109,400,0.000152051774298359,-0.00065203948354311
112,400,0.000152893102132298,-0.000663279887326461
115,400,0.000154609046911797,-0.000675437993821026
118,400,0.000157470948098502,-0.00068749647736719
121,400,0.000162332130099863,-0.000697833888690605
124,400,0.000169465278653036,-0.000705125135810655
127,400,0.000178318639101835,-0.000708879577543542
130,400,0.000188215337624468,-0.000709552649640886
133,400,0.000198985379477821,-0.00070816520925706
136,400,0.000210771916623724,-0.000705884287084774
139,400,0.00022328983435637,-0.000703713687486721
142,400,0.000235620109680816,-0.000702310640659978
145,400,0.000246538450582939,-0.000701952648652886
148,400,0.000255281458931617,-0.000702618560051718
151,400,0.000261918242831159,-0.000704165026777618
154,400,0.00026703937293343,-0.000706431532072774
157,400,0.000271197629134153,-0.000709279441282611
160,400,0.000274962597310726,-0.00071273508994882
163,400,0.000279097213265928,-0.000716982711046914
166,400,0.000284501451051687,-0.000722002530108255
169,400,0.000292034301490707,-0.000727141966051819
172,400,0.000301927666299481,-0.000731229618902831
175,400,0.000313900608495597,-0.000733162265219498
178,400,0.000327701820749153,-0.000732400656345631
181,400,0.000342822422205204,-0.000729025233453618
184,400,0.000357811441629674,-0.000723534936057182
187,400,0.000370345692304177,-0.000716701905152521
190,400,0.000378123942046741,-0.000709459713415825
193,400,0.000379421327856842,-0.000702801190143507
196,400,0.000373518607354371,-0.00069745217932138
199,400,0.000361014457397485,-0.000693482487191226
202,400,0.000344119184331256,-0.00069026803300223
205,400,0.000326256593811513,-0.000686735459580032
208,400,0.000310676966531131,-0.000682018049380017
211,400,0.000299046785394192,-0.000676036540364599
214,400,0.000291250123537695,-0.000669369545411388
217,400,0.000286593068001631,-0.000663004597318856
220,400,0.000284773710623342,-0.000658048705493702
223,400,0.000285922864876542,-0.000655137569951032
226,400,0.000290734025284693,-0.000654085929853977
229,400,0.000299924427915496,-0.000653864305569889
232,400,0.000313367193818561,-0.000653009384743005
235,400,0.000330135514075224,-0.000650242745809312
238,400,0.000348645607240256,-0.000645141114431386
241,400,0.000366720567067834,-0.000638220271412983
244,400,0.000381800596866787,-0.000630558164854399
247,400,0.000392097313237422,-0.000623041922207502
250,400,0.000397203935454871,-0.000616052536276332
253,400,0.000397765962611157,-0.000609645094025911
256,400,0.000394870537562354,-0.000603527474314787
259,400,0.000389352838790971,-0.000596930541931989
262,400,0.0003815093748799,-0.000588800923921706
265,400,0.000371362866427509,-0.000578219310552157
268,400,0.000359030897164326,-0.000565162394618819
271,400,0.000345071309331357,-0.000550491224255608
274,400,0.000330504504634644,-0.000535094979793583
277,400,0.000316484150779148,-0.000519638674663661
280,400,0.000303810930331432,-0.00050439362845152
283,400,0.000293085457379539,-0.000488949244418938
286,400,0.000285152266404617,-0.000472230470726573
289,400,0.000280857172429743,-0.000453417590275619
292,400,0.000280294347234905,-0.000432436092851963
295,400,0.000282354441640329,-0.00040973633891376
298,400,0.000285287807727,-0.00038600523208057
1,405,5.89883697443838e-12,-5.89883697443838e-12
4,405,-1.35820327065794e-06,-1.35373804359231e-06
7,405,-3.86290318670321e-06,-5.54875466820271e-06
10,405,-5.63800874485586e-06,-1.2883797956959e-05
13,405,-4.89311837084209e-06,-2.29066765162657e-05
16,405,-7.73374479011281e-07,-3.47565248199422e-05
19,405,6.54177765665932e-06,-4.75566350795956e-05
22,405,1.61966958249555e-05,-6.10115432019276e-05
25,405,2.70109850457311e-05,-7.56373532221894e-05
28,405,3.77503041092331e-05,-9.25368997369515e-05
31,405,4.76168685085578e-05,-0.000113011336152997
34,405,5.64532428866902e-05,-0.000138024244077381
37,405,6.44632793735096e-05,-0.000167626677591476
40,405,7.17847412211129e-05,-0.00020060402392896
43,405,7.84707405149706e-05,-0.000234206555200882
46,405,8.44943570892414e-05,-0.000264753581930037
49,405,8.98424543269222e-05,-0.000289507629408212
52,405,9.48000031905133e-05,-0.000307965986766883
55,405,0.000100010395149617,-0.000322126320437899
58,405,0.000106429418190711,-0.000335479067009526
61,405,0.000115084989522485,-0.000351430609047302
64,405,0.000126390750524687,-0.000371745335787633
67,405,0.0001399454063265,-0.00039643568994036
70,405,0.000154648376747452,-0.0004241431388421
73,405,0.000169089208203833,-0.000452651291440066
76,405,0.000181961799926265,-0.000479540883202313
79,405,0.000192284209386595,-0.000503265147085862
82,405,0.000199311627450698,-0.000523844127644168
85,405,0.000202483092812496,-0.000542348139602807
88,405,0.000201791375474919,-0.000559997891509265
91,405,0.000198005574933302,-0.000577580872033041
94,405,0.000192536657380336,-0.000595251889825097
97,405,0.000186809731760855,-0.000612522096192578
100,405,0.000181966238066857,-0.000628457355755787
103,405,0.000178774562147439,-0.000642232027059266
106,405,0.000177518165845104,-0.000654026815897128
109,405,0.000178131533814329,-0.000665146266325607
112,405,0.000180153491952028,-0.000676980551758537
115,405,0.00018305923608503,-0.000689737206608658
118,405,0.00018711888277974,-0.000702398292967617
121,405,0.000193184533548354,-0.000713341749312301
124,405,0.000201527651232793,-0.000721241871413361
127,405,0.000211595258281622,-0.000725607405838251
130,405,0.000222709257977786,-0.000726893176089851
133,405,0.000234698432682963,-0.000726119427073775
136,405,0.000247704711463697,-0.000724452577233997
139,405,0.00026144175671896,-0.000722895818684456
142,405,0.000274989322558555,-0.000722105769373496
145,405,0.000287121894073119,-0.000722359319100693
148,405,0.000297074850236274,-0.000723634704203593
151,405,0.000304916076257107,-0.000725787964354578
154,405,0.000311234919892218,-0.000728657970547112
157,405,0.000316582938142084,-0.00073210547587784
160,405,0.000321528493988861,-0.000736156203639729
163,405,0.000326833300340074,-0.000740993774559552
166,405,0.000333396108352439,-0.000746597801919918
169,405,0.00034207468595338,-0.000752315092391048
172,405,0.000353099711964154,-0.000756973633749427
175,405,0.000366189026507095,-0.000759469590304512
178,405,0.000381090099357085,-0.000759263101151388
181,405,0.000397292826763905,-0.000756433995213667
184,405,0.000413345014598239,-0.000751480599756355
187,405,0.000426922253246462,-0.000745174443526877
190,405,0.000435722087631358,-0.0007384484869527
193,405,0.000438018431857155,-0.000732294947081475
196,405,0.00043309082064849,-0.000727439055650269
199,405,0.000421536707968278,-0.000723950006652133
202,405,0.00040556517726636,-0.000721203107087497
205,405,0.000388598811303296,-0.000718124387533246
208,405,0.000373886667876742,-0.000713846518196023
211,405,0.000363094006995512,-0.000708289624789513
214,405,0.000356103678901376,-0.000702031707942562
217,405,0.000352220547739067,-0.000696059688204903
220,405,0.000351141482450688,-0.000691479962734488
223,405,0.0003529960736147,-0.000688927619297663
226,405,0.00035847659285934,-0.000688216784808843
229,405,0.00036829905335704,-0.000688317367386609
232,405,0.000382335353262176,-0.00068776544242646
235,405,0.000399657460760829,-0.000685281976115637
238,405,0.000418680371512548,-0.000680443081867975
241,405,0.000437225956376234,-0.000673763928238463
244,405,0.0004527331957655,-0.000666321851078684
247,405,0.000463412483385374,-0.000659003365591737
250,405,0.00046885581561577,-0.000652188852332921
253,405,0.000469707468653465,-0.000645932786018505
256,405,0.000467053362459277,-0.000639942433258312
259,405,0.000461727452620468,-0.000633448046592605
262,405,0.000454025024824686,-0.00062539564081683
265,405,0.000443967576775062,-0.000614865293950465
268,405,0.000431671469306869,-0.000601833086540239
271,405,0.000417693321765874,-0.00058715945447132
274,405,0.00040305231296287,-0.00057173296582603
277,405,0.000388900887707569,-0.000556218021786523
280,405,0.000376038505671298,-0.00054088532968975
283,405,0.000365064558046855,-0.000525323680548735
286,405,0.000356822356420131,-0.000508457410275379
289,405,0.000352156492918966,-0.000489466189522147
292,405,0.000351159916428102,-0.000468274895826168
295,405,0.000352722054872522,-0.000445333277396866
298,405,0.000355092037437953,-0.000421327625605027
1,410,5.89883697443838e-12,-5.89883697443838e-12
4,410,-1.38779405161774e-06,-1.37882387698956e-06
7,410,-3.96570357221521e-06,-5.6359028299844e-06
10,410,-5.85665096846593e-06,-1.30691463284229e-05
13,410,-5.269248076011e-06,-2.32255243649974e-05
16,410,-1.3476507191255e-06,-3.52433327998387e-05
19,410,5.72968241827451e-06,-4.82450252308393e-05
22,410,1.51080957150614e-05,-6.19342989510007e-05
25,410,2.56081807811349e-05,-7.68264193818838e-05
28,410,3.59965829968356e-05,-9.40233825063382e-05
31,410,4.54765044453168e-05,-0.000114825503117464
34,410,5.38914963596389e-05,-0.000140195524208603
37,410,6.14463974597431e-05,-0.00017018366124744
40,410,6.82799575878129e-05,-0.000203574462853933
43,410,7.44462754193829e-05,-0.00023761736252544
46,410,7.99194173786888e-05,-0.000268630832171059
49,410,8.4687233438776e-05,-0.000293876558468876
52,410,8.90356811522407e-05,-0.000312850991936642
55,410,9.36091385787425e-05,-0.000327550960392529
58,410,9.93643802948295e-05,-0.000341466061811095
61,410,0.000107330310099264,-0.000358001840144182
64,410,0.000117921555961868,-0.00037892184601448
67,410,0.000130737809601899,-0.000404237683518134
70,410,0.000144679477428945,-0.000432589981378078
73,410,0.000158337092449368,-0.000461761509927797
76,410,0.000170405540483868,-0.000489332166021654
79,410,0.000179903865594357,-0.000513754344002969
82,410,0.000186088245236794,-0.000535047249811501
85,410,0.000188398704695136,-0.00055428035955912
88,410,0.000186829000562434,-0.000572673543179608
91,410,0.000182149218924048,-0.000591013450728762
94,410,0.000175771312562773,-0.000609454052243848
97,410,0.000169121377013483,-0.000627505660418314
100,410,0.000163341838858275,-0.000644233301258748
103,410,0.000159202070536308,-0.000658810494695981
106,410,0.00015698652048015,-0.000671417107910463
109,410,0.00015663065993434,-0.000683356846344697
112,410,0.000157674301385887,-0.000696019044798823
115,410,0.000159593627251679,-0.000709610399071862
118,410,0.000162659740688191,-0.000723112132641797
121,410,0.000167725729797681,-0.00073490134537179
124,410,0.000175064044012141,-0.000743651494418794
127,410,0.000184122692370236,-0.000748870487736541
130,410,0.000194224564744956,-0.000751012310214254
133,410,0.000205199430088036,-0.000751096368143809
136,410,0.000217190204056124,-0.000750288241355499
139,410,0.000229911535638249,-0.000749590283349528
142,410,0.000242444165534284,-0.000749658273460583
145,410,0.00025356356542492,-0.00075076826287452
148,410,0.000262506100873879,-0.000752897649315175
151,410,0.000269340643680296,-0.000755901633841235
154,410,0.000274657528190865,-0.000759618248832464
157,410,0.000279009297996103,-0.00076390740877181
160,410,0.000282965302668259,-0.000768793998338533
163,410,0.000287288241704925,-0.000774460799645691
166,410,0.000292877852852889,-0.00078088658736222
169,410,0.000300592890629626,-0.000787417329544616
172,410,0.000310665020446493,-0.000792880175355675
175,410,0.000322813069015874,-0.000796170450491142
178,410,0.000336785492702744,-0.000796747455432415
181,410,0.000352073174346923,-0.00079469018048939
184,410,0.000367224906409188,-0.000790496114313382
187,410,0.000379917265865976,-0.000784935947038102
190,410,0.000387848784230155,-0.000778941800477334
193,410,0.000389294362195996,-0.000773505053065012
196,410,0.000383534521078243,-0.000769350097924508
199,410,0.000371167701429847,-0.000766545290435162
202,410,0.000354403973290751,-0.000764465098983724
205,410,0.00033666690601156,-0.000762034715533361
208,410,0.000321206543980017,-0.00075838597167702
211,410,0.00030968913379499,-0.000753438154514674
214,410,0.000301998512288341,-0.000747768426061478
217,410,0.000297440530194849,-0.000742362868253461
220,410,0.000295713043046716,-0.000738327039634879
223,410,0.000296946628012451,-0.000736295189358367
226,410,0.000301834543310377,-0.00073608060572465
229,410,0.000311093788702979,-0.000736652358238585
232,410,0.000324597248934719,-0.000736545683681997
235,410,0.00034141787878174,-0.0007344807096284
238,410,0.000359971660493671,-0.000730032710877955
241,410,0.00037808145151948,-0.00072371601737193
244,410,0.00039318721886284,-0.000716607126348213
247,410,0.000403500342818869,-0.000709591714396196
250,410,0.000408613806357534,-0.000703049323457482
253,410,0.000409172872265689,-0.000697033589634636
256,410,0.000406264447094232,-0.000691250940923783
259,410,0.000400723473020474,-0.000684930791251482
262,410,0.000392846222322158,-0.000677018316799474
265,410,0.000382655179292468,-0.000666592756973541
268,410,0.000370267691356757,-0.000653629353706716
271,410,0.000356241364450861,-0.000638987704270447
274,410,0.000341596363975643,-0.000623555538133365
277,410,0.000327486121330884,-0.000607996417863928
280,410,0.000314711082777983,-0.000592580212185375
283,410,0.000303871626099808,-0.00057689487349704
286,410,0.00029581204947232,-0.000559863899097114
289,410,0.000291377931613434,-0.000540666121024365
292,410,0.000290663207997954,-0.000519225578202216
295,410,0.000292558293140947,-0.000495991180226391
298,410,0.000295313302818193,-0.000471648379853974
1,415,5.89883697443838e-12,-5.89883697443838e-12
4,415,-1.45496295006564e-06,-1.39387295586151e-06
7,415,-4.19907059541557e-06,-5.68818810145438e-06
10,415,-6.35302861522114e-06,-1.31803579717484e-05
13,415,-6.12323211764749e-06,-2.34168556249902e-05
16,415,-2.65162019947754e-06,-3.55354799868387e-05
19,415,3.88556518285862e-06,-4.86581877207329e-05
22,415,1.26358851357202e-05,-6.24881791852009e-05
25,415,2.24221479964904e-05,-7.75402228673626e-05
28,415,3.20132158729982e-05,-9.49158178155959e-05
31,415,4.06145075758939e-05,-0.000115914781888542
34,415,4.80717910657213e-05,-0.000141499361145073
37,415,5.45921217898952e-05,-0.000171719274118436
40,415,6.03164663181015e-05,-0.000205358572494107
43,415,6.5301140053353e-05,-0.000239666192834987
46,415,6.95224261473767e-05,-0.000270960110115723
49,415,7.29703913006957e-05,-0.000296501514079927
52,415,7.59332097934151e-05,-0.000315786358310909
55,415,7.90574764126621e-05,-0.000330810973692354
58,415,8.33021824624923e-05,-0.00034506446126439
61,415,8.96984484691159e-05,-0.000361951868044367
64,415,9.86631191298823e-05,-0.000383236247720548
67,415,0.000109798102891518,-0.000408928707454583
70,415,0.000122006022891114,-0.000437669379034964
73,415,0.000133879628862474,-0.00046724053586072
76,415,0.000144116023353846,-0.000495221577851749
79,415,0.000151736467154594,-0.000520064402416897
82,415,0.000155999354448175,-0.000541787718561477
85,415,0.000156346927246009,-0.000561460505462902
88,415,0.000152775158868676,-0.000580302136120489
91,415,0.000146056352128995,-0.000599098763655554
94,415,0.000137604676537259,-0.000618003861170934
97,415,0.000128848444355801,-0.000636527244425597
100,415,0.000120932298894253,-0.000653733442491693
103,415,0.000114627829319232,-0.000668795478365554
106,415,0.000110221700790806,-0.000681892722293196
109,415,0.00010765160128096,-0.000694328382782661
112,415,0.00010645956000425,-0.000707491297699637
115,415,0.000106123976105026,-0.000721587665908648
118,415,0.000106918169467247,-0.000735598213953245
121,415,0.000109697444920635,-0.000747899544762129
124,415,0.000114736468624723,-0.000757164618557799
127,415,0.000121485466345622,-0.000762900846359495
130,415,0.000129269544683823,-0.000765561716122005
133,415,0.000137920689318536,-0.000766166137202749
136,415,0.000147584032633918,-0.000765879192497551
139,415,0.000157976440346476,-0.00076570273857214
142,415,0.000168180869883564,-0.000766292057826764
145,415,0.000176975009653343,-0.000767922704512811
148,415,0.000183597441947069,-0.000770571579419664
151,415,0.000188119255291333,-0.000774093386671516
154,415,0.000191133000760319,-0.000778325661713709
157,415,0.000193193438672012,-0.000783127822094721
160,415,0.00019487213532619,-0.000788524255559352
163,415,0.000196934006947914,-0.00079469724728618
166,415,0.000200281008011457,-0.000801625075009698
169,415,0.000205774109761754,-0.00080865320985195
172,415,0.000213647194337697,-0.000814608304041259
175,415,0.000223621305179135,-0.000818385186338902
178,415,0.00023544711537854,-0.000819442660291821
181,415,0.000248617724503181,-0.000817859219275468
184,415,0.000261684141741372,-0.000814131855006686
187,415,0.000272325160797015,-0.000809030760684712
190,415,0.000278241529910477,-0.000803487561188884
193,415,0.000277710366503476,-0.000798493138018681
196,415,0.000270014408618283,-0.000794771387363011
199,415,0.000255754313535334,-0.000792390167666736
202,415,0.000237142368022056,-0.00079072345038216
205,415,0.00021760435815652,-0.000788695930537994
208,415,0.000200392545053965,-0.000785438942792726
211,415,0.000187175392040776,-0.000780871277311844
214,415,0.000177838952676274,-0.000775569599176068
217,415,0.000171691294422714,-0.000770519493386961
220,415,0.000168432489539812,-0.000766826021554317
223,415,0.000168195331923558,-0.000765122935896296
226,415,0.00017167529651975,-0.000765223027779178
229,415,0.000179591599818374,-0.000766094869773367
232,415,0.000191819343291365,-0.000766273201726218
235,415,0.000207433698442369,-0.000764477654276775
238,415,0.000224852864248489,-0.000760283005290748
241,415,0.000241901914886183,-0.000754203087774946
244,415,0.000256023034086615,-0.000747313902032797
247,415,0.00026542981887239,-0.000740500627719225
250,415,0.000269717468940963,-0.000734142309841377
253,415,0.000269533463806663,-0.000728292087567361
256,415,0.000265966926747887,-0.000722655891958841
259,415,0.000259855016669445,-0.000716462640007901
262,415,0.000251496222576542,-0.00070865701096184
265,415,0.00024091524548986,-0.000698317747291966
268,415,0.000228231649562237,-0.000685419593996866
271,415,0.000214005257457002,-0.000670821651413515
274,415,0.000199258451302496,-0.000655411152076087
277,415,0.000185146879225995,-0.000639851161618591
280,415,0.00017247320421639,-0.000624411051829781
283,415,0.000161840020784025,-0.000608678278174541
286,415,0.000154093843832344,-0.000591575841016615
289,415,0.000150082468806765,-0.000572282075460294
292,415,0.000149902047909569,-0.000550720523494543
295,415,0.000152445212383312,-0.00052733959778064
298,415,0.000155964294731253,-0.000502824254141197
1,420,5.89883697443838e-12,-5.89883697443838e-12
4,420,-1.51726110278857e-06,-1.39998847534982e-06
7,420,-4.4155336236683e-06,-5.70943688929945e-06
10,420,-6.81349116231741e-06,-1.32255578091824e-05
13,420,-6.9154967474172e-06,-2.34946243256298e-05
16,420,-3.86145739625982e-06,-3.56542353966685e-05
19,420,2.17441701421853e-06,-4.88261477181197e-05
22,420,1.03417196698593e-05,-6.27133616808862e-05
25,420,1.94652909875382e-05,-7.78304458044569e-05
28,420,2.83160251545926e-05,-9.52786991695875e-05
31,420,3.6101373061142e-05,-0.000116357739667297
34,420,4.26691347472278e-05,-0.000142029613388839
37,420,4.82283977397459e-05,-0.000172343838899818
40,420,5.29221606878974e-05,-0.000206084267918109
43,420,5.6808771074169e-05,-0.00024049963703897
46,420,5.98665441297785e-05,-0.000271907721269425
49,420,6.20875786347243e-05,-0.000297569510385477
52,420,6.3762080948634e-05,-0.000316980758002799
55,420,6.55386779381123e-05,-0.000332137595037446
58,420,6.83783929866896e-05,-0.000346528922561931
61,420,7.33143787000731e-05,-0.000363559587625978
64,420,8.07655118551281e-05,-0.000384992443950227
67,420,9.03357329780487e-05,-0.000410838398728696
70,420,0.000100929697285415,-0.000439737383782261
73,420,0.000111142186590513,-0.000469471472542314
76,420,0.000119672335521115,-0.000497619864961154
79,420,0.000125543436946043,-0.000522634258479973
82,420,0.000128015917128261,-0.000544533162136478
85,420,0.000126534050158658,-0.000564385355140447
88,420,0.000121095841437344,-0.00058341001052359
91,420,0.000112475625856592,-0.000602393081439566
94,420,0.000102089605006211,-0.000621487841023607
97,420,9.13681232279801e-05,-0.000640203905067069
100,420,8.14578559110828e-05,-0.000657605602674463
103,420,7.31324243015943e-05,-0.000672865756874487
106,420,6.66805256390696e-05,-0.000686163537945553
109,420,6.20418799749806e-05,-0.000698801954428066
112,420,5.87605486034007e-05,-0.000712169644220097
115,420,5.6316962748155e-05,-0.000726472606218532
118,420,5.49864743726884e-05,-0.000740691366999318
121,420,5.56264203861919e-05,-0.000753202329523515
124,420,5.85134990277389e-05,-0.000762678254046003
127,420,6.30999681429093e-05,-0.000768626351618388
130,420,6.87129664116776e-05,-0.00077149991022785
133,420,7.51865115927121e-05,-0.000772317639264173
136,420,8.26677681497336e-05,-0.000772244421655573
139,420,9.08756338786952e-05,-0.000772281914000119
142,420,9.88950982864462e-05,-0.000773085198730467
145,420,0.000105505881860616,-0.000774929630130367
148,420,0.000109948598971994,-0.000777791909021594
151,420,0.000112296370226647,-0.000781526539560695
154,420,0.000113143778778246,-0.00078597085722539
157,420,0.000113047617024239,-0.000790984079596537
160,420,0.000112581483343942,-0.000796590394451328
163,420,0.000112512326041888,-0.000802971887000689
166,420,0.000113744131671826,-0.000810106635011495
169,420,0.00011713990355818,-0.000817339909638175
172,420,0.000122935555919367,-0.000823498163141435
175,420,0.000130854164274696,-0.000827476024314909
178,420,0.000140648433796143,-0.000828732096737904
181,420,0.000151813496130442,-0.000827344673818282
184,420,0.000162902392545439,-0.000823810547305246
187,420,0.000171595948824493,-0.000818899710430403
190,420,0.000175596945287478,-0.000813543588105454
193,420,0.000173184531435589,-0.000808732861862282
196,420,0.00016364347739061,-0.000805191227922172
199,420,0.000147576472512453,-0.000802986344762332
202,420,0.000127197835648036,-0.000801491983867459
205,420,0.000105935384954908,-0.000799632640298629
208,420,8.70434136278199e-05,-0.00079653944874673
211,420,7.2192417072646e-05,-0.000792130999409594
214,420,6.12704809281729e-05,-0.000786983757400339
217,420,5.3587704736166e-05,-0.000782083107752884
220,420,4.88461928358289e-05,-0.000778533912109429
223,420,4.71807712026512e-05,-0.000776969722720481
226,420,4.92889468619083e-05,-0.000777203130984702
229,420,5.58919683830705e-05,-0.000778202509504877
232,420,6.68669693175841e-05,-0.00077850239816074
235,420,8.12911532485769e-05,-0.000776822227623703
238,420,9.75847512326348e-05,-0.000772736575791841
241,420,0.000113574869525704,-0.000766759075704356
244,420,0.000126705723938454,-0.000759965527697051
247,420,0.000135192943572977,-0.000753240911457218
250,420,0.000138633760206211,-0.000746964072024378
253,420,0.000137677685431967,-0.000741187948599026
256,420,0.000133415874608158,-0.000735618272275185
259,420,0.00012668751871906,-0.000729483760077324
262,420,0.000117793138849383,-0.000721728891285114
265,420,0.000106759468099299,-0.000711432208402252
268,420,9.37081027011271e-05,-0.000698568256459679
271,420,7.92008973976931e-05,-0.000683995935826761
274,420,6.42622663968345e-05,-0.000668602279070037
277,420,5.00498899053018e-05,-0.000653050151855899
280,420,3.7368462991486e-05,-0.000637608726005476
283,420,2.68226122452272e-05,-0.000621865257016026
286,420,1.92608846494487e-05,-0.000604742545283661
289,420,1.55331077290638e-05,-0.000585418725945063
292,420,1.57374657658474e-05,-0.000563817141021555
295,420,1.87686220818282e-05,-0.000540386003206805
298,420,2.28809412597914e-05,-0.000515810068355797
1,425,5.89883697443838e-12,-5.89883697443838e-12
4,425,-1.54857503361808e-06,-1.3837565797194e-06
7,425,-4.52434663185243e-06,-5.65303146920266e-06
10,425,-7.04497814474193e-06,-1.31055595117053e-05
13,425,-7.31382235131775e-06,-2.32881360737806e-05
16,425,-4.46977601922727e-06,-3.53388823893632e-05
19,425,1.31396122423263e-06,-4.83800774302082e-05
22,425,9.18799281455743e-06,-6.21152438631444e-05
25,425,1.79781694182505e-05,-7.70594724835724e-05
28,425,2.64563954723103e-05,-9.43145846481701e-05
31,425,3.38311321164917e-05,-0.000115180720523877
34,425,3.99511896404741e-05,-0.000140620448477879
37,425,4.50266658208087e-05,-0.00017068380935168
40,425,4.92015695563368e-05,-0.000204155177139104
43,425,5.25352585791821e-05,-0.0002382838107113
46,425,5.50070583702165e-05,-0.000269388007351241
49,425,5.66100779590699e-05,-0.000294729279110829
52,425,5.76355339550341e-05,-0.000313803901881681
55,425,5.8733063474336e-05,-0.000328608528855755
58,425,6.08647001501724e-05,-0.000342632583381489
61,425,6.50646068378636e-05,-0.000359281434784534
64,425,7.17526705639521e-05,-0.000380318459061449
67,425,8.05338421042504e-05,-0.000405755085682161
70,425,9.03137869249974e-05,-0.000434231768743488
73,425,9.96882970891131e-05,-0.000463531103952729
76,425,0.000107357517474024,-0.000491232813538113
79,425,0.000112345751198195,-0.000515789117216739
82,425,0.00011391443477423,-0.000537219046302251
85,425,0.000111508852542648,-0.000556591902280333
88,425,0.000105128020153235,-0.000575127380458642
91,425,9.55472827478882e-05,-0.000593611956266729
94,425,8.41838521660577e-05,-0.000612199425115775
97,425,7.2469082999164e-05,-0.000630399925073018
100,425,6.15506608860478e-05,-0.000647278307518944
103,425,5.22032173224285e-05,-0.000662007917758119
106,425,4.47164597975058e-05,-0.00067476844834491
109,425,3.90311186123564e-05,-0.000686863430095623
112,425,3.46922653107623e-05,-0.000699682023184281
115,425,3.11813413661511e-05,-0.000713430748783653
118,425,2.87747089916231e-05,-0.000727090655745628
121,425,2.83307153459916e-05,-0.000739038669307174
124,425,3.01270689180127e-05,-0.000747948071999133
127,425,3.3617037802887e-05,-0.000753326597148974
130,425,3.8128770930237e-05,-0.00075562805501984
133,425,4.34972963083656e-05,-0.000755871677277406
136,425,4.98707886506584e-05,-0.000755222869125849
139,425,5.69691560027047e-05,-0.000754683809439115
142,425,6.38783981209924e-05,-0.000754910102925814
145,425,6.93792457427732e-05,-0.000756177626145594
148,425,7.27133234885327e-05,-0.000758463602196182
151,425,7.39547622139335e-05,-0.000761623057510001
154,425,7.36991553223294e-05,-0.000765493849840735
157,425,7.25043054607619e-05,-0.000769935719045139
160,425,7.09448212582469e-05,-0.00077497337517635
163,425,6.97886612689297e-05,-0.00078078942572118
166,425,6.99408222962171e-05,-0.000787362470722445
169,425,7.22653179141599e-05,-0.000794038303610493
172,425,7.69990725908227e-05,-0.000799643898921971
175,425,8.38661720951787e-05,-0.000803074407726397
178,425,9.26203318488316e-05,-0.000803788955879026
181,425,0.000102757693748148,-0.000801866359063622
184,425,0.000112832309310641,-0.000797803931305339
187,425,0.000120526014569313,-0.000792372188111676
190,425,0.000123542600093667,-0.000786503076670267
193,425,0.000120162225634531,-0.000781187800788908
196,425,0.000109670671563365,-0.000777150578964829
199,425,9.26716374897086e-05,-0.000774459591951133
202,425,7.13804525101217e-05,-0.000772489133508439
205,425,4.92259450318035e-05,-0.000770164220973755
208,425,2.94634184991408e-05,-0.000766616511313906
211,425,1.37643785676674e-05,-0.000761765117002622
214,425,2.017921125796e-06,-0.00075618702542893
217,425,-6.4648440350525e-06,-0.000750868143902701
220,425,-1.19808023260476e-05,-0.000746913856342051
223,425,-1.43941175220262e-05,-0.000744958237273396
226,425,-1.30062723480961e-05,-0.000744814400371313
229,425,-7.09500798513279e-06,-0.000745451240514526
232,425,3.21781936795215e-06,-0.000745403819858692
235,425,1.70104235439439e-05,-0.000743392091351123
238,425,3.27040458490544e-05,-0.000738991155165837
241,425,4.81268027888757e-05,-0.000732715166617937
244,425,6.07239204237359e-05,-0.000725640448319173
247,425,6.87120381053508e-05,-0.000718652502232735
250,425,7.16893978603147e-05,-0.000712130695674071
253,425,7.03065215320898e-05,-0.000706128490119599
256,425,6.56555747282088e-05,-0.000700352138939278
259,425,5.8576758682626e-05,-0.000694030881433472
262,425,4.93716047296663e-05,-0.000686109719157797
265,425,3.80678562191469e-05,-0.000675667716891848
268,425,2.4788119633052e-05,-0.000662679941942508
271,425,1.00952599638314e-05,-0.000648005816955054
274,425,-4.98529833102788e-06,-0.000632532896771948
277,425,-1.92948647951236e-05,-0.000616924569335493
280,425,-3.20277341104268e-05,-0.000601450528742757
283,425,-4.2578269437463e-05,-0.000585698552766918
286,425,-5.00969135436399e-05,-0.000568591964080002
289,425,-5.37328286544244e-05,-0.000549309420094609
292,425,-5.33868202383882e-05,-0.000527774785107982
295,425,-5.01632147238649e-05,-0.000504436794089721
298,425,-4.58066372784115e-05,-0.000479980725170724
1,430,5.89883697443838e-12,-5.89883697443838e-12
4,430,-1.53279696703103e-06,-1.34962908855068e-06
7,430,-4.46951301152292e-06,-5.53443011416525e-06
10,430,-6.92831241418806e-06,-1.2853224173899e-05
13,430,-7.11304888472723e-06,-2.28538928880822e-05
16,430,-4.16312012145361e-06,-3.46756437444627e-05
19,430,1.74777331768174e-06,-4.74418419685561e-05
22,430,9.76973393750157e-06,-6.08570964809909e-05
25,430,1.87281114738435e-05,-7.54375843309676e-05
28,430,2.73943094330371e-05,-9.22862131289504e-05
31,430,3.49762880241784e-05,-0.000112704209295659
34,430,4.1322356606281e-05,-0.000137655227452078
37,430,4.66421120252181e-05,-0.0001671903946935
40,430,5.10790622491905e-05,-0.000200095171267539
43,430,5.46920640796333e-05,-0.000233619902299131
46,430,5.74599420667661e-05,-0.000264083971325051
49,430,5.93753043095479e-05,-0.000288749976650963
52,430,6.07288664865992e-05,-0.000307115280422308
55,430,6.21697647834974e-05,-0.000321177622084807
58,430,6.46595319027542e-05,-0.000334427511240701
61,430,6.92318297690342e-05,-0.000350271403469421
64,430,7.63060444782303e-05,-0.000370473761021339
67,430,8.54866258754583e-05,-0.000395047099620144
70,430,9.56787384963168e-05,-0.00042263295961646
73,430,0.000105477673473045,-0.000451015022971368
76,430,0.000113583074752423,-0.000477774098166897
79,430,0.000119018744522223,-0.000501363491173927
82,430,0.000121045618364403,-0.000521803319559892
85,430,0.000119108479688809,-0.000540163971064271
88,430,0.000113205843214567,-0.000557666227248513
91,430,0.0001041125531529,-0.000575097649795944
94,430,9.32453204126034e-05,-0.000592613120371547
97,430,8.20349986544216e-05,-0.00060972386329635
100,430,7.16287725865405e-05,-0.000625495816204637
103,430,6.28007727740078e-05,-0.000639103410654736
106,430,5.58402057753542e-05,-0.000650727425454829
109,430,5.06873009610045e-05,-0.000661672477675005
112,430,4.68866289440572e-05,-0.000673328813743087
115,430,4.39191302672834e-05,-0.000685904041085606
118,430,4.20606662131244e-05,-0.000698380294808261
121,430,4.21690830097134e-05,-0.000709135586401813
124,430,4.45215882151559e-05,-0.000716844284650894
127,430,4.85709489939807e-05,-0.000721015209136738
130,430,5.36448133451506e-05,-0.000722103256376309
133,430,5.95777083462772e-05,-0.000721128744289049
136,430,6.65173077801159e-05,-0.000719258164332955
139,430,7.41830187615633e-05,-0.000717494781635722
142,430,8.16603401164632e-05,-0.000716495287159785
145,430,8.7729501651388e-05,-0.00071653664371856
148,430,9.16316270561634e-05,-0.000717597160663591
151,430,9.34403462557781e-05,-0.000719532950681049
154,430,9.37507517229359e-05,-0.000722182957778437
157,430,9.3120145174003e-05,-0.000725408008066291
160,430,9.21226343073335e-05,-0.000729233897851554
163,430,9.15256767463963e-05,-0.0007338443208748
166,430,9.22337683639475e-05,-0.000739218963432654
169,430,9.51104218033562e-05,-0.000744704705209248
172,430,0.000100392060602047,-0.000749129606995031
175,430,0.000107802269598305,-0.000751389906113286
178,430,0.000117094263283078,-0.000750945814673075
181,430,0.00012776368262206,-0.000747877234611939
184,430,0.000138364078202106,-0.000742682566208855
187,430,0.000146576785125548,-0.000736133411225073
190,430,0.000150105093031232,-0.000729162803102035
193,430,0.00014722866073931,-0.000722763031901318
196,430,0.00013723276769058,-0.000717659402373966
199,430,0.000120720612563919,-0.000713921181526839
202,430,9.99070235252244e-05,-0.000710923749374361
205,430,7.82203280510169e-05,-0.000707593209507332
208,430,5.89153286550272e-05,-0.000703062305146374
211,430,4.36630300621219e-05,-0.000697251235018987
214,430,3.23520272300478e-05,-0.000690738072768004
217,430,2.4292929019564e-05,-0.000684509811957065
220,430,1.91883490888352e-05,-0.000679672922758113
223,430,1.71736227323548e-05,-0.000676862565951321
226,430,1.89467662943517e-05,-0.000675892941465066
229,430,2.52295376632797e-05,-0.000675734030431856
232,430,3.58995797095741e-05,-0.000674921981261164
235,430,5.00346053353433e-05,-0.000672177833154064
238,430,6.60553549161374e-05,-0.000667077772538365
241,430,8.17894440268843e-05,-0.000660137040982975
244,430,9.46815977972346e-05,-0.000652433047353433
247,430,0.000102947954648268,-0.000644852379866695
250,430,0.000106186255675888,-0.000637775492092033
253,430,0.000105046521792897,-0.000631256931759625
256,430,0.000100620417676159,-0.000625004038493235
259,430,9.37476436289732e-05,-0.000618247137847025
262,430,8.47292300549868e-05,-0.000609932317630378
265,430,7.3592419373369e-05,-0.000599139728876693
268,430,6.0459317135414e-05,-0.000585845525146649
271,430,4.58922874029336e-05,-0.000570910215339302
274,430,3.09162537027275e-05,-0.000555222440550904
277,430,1.66894055605461e-05,-0.000539446674977558
280,430,4.0169473637355e-06,-0.000523853698970112
283,430,-6.49598497887535e-06,-0.00050803237655553
286,430,-1.40003351653732e-05,-0.000490907116659639
289,430,-1.76457663518853e-05,-0.000471657662948823
292,430,-1.73335849376382e-05,-0.00045020896597412
295,430,-1.41686182816431e-05,-0.000427010846958913
298,430,-9.89599248213325e-06,-0.000402749670287894
1,435,5.89883697443838e-12,-5.89883697443838e-12
4,435,-1.47607212911081e-06,-1.31011002290947e-06
7,435,-4.27236377532197e-06,-5.39708067374634e-06
10,435,-6.50882340054988e-06,-1.25609767072498e-05
13,435,-6.39108889572168e-06,-2.23509234014676e-05
16,435,-3.06034214036845e-06,-3.39073719018345e-05
19,435,3.30793212632466e-06,-4.63549310915665e-05
22,435,1.18620522279687e-05,-5.93994535490104e-05
25,435,2.14255837191795e-05,-7.3558359981042e-05
28,435,3.07681459250742e-05,-8.99358016558422e-05
31,435,3.90959148735078e-05,-0.000109834248651812
34,435,4.62554157422867e-05,-0.000134218599247642
37,435,5.24544611960748e-05,-0.000163141224196338
40,435,5.78347750218226e-05,-0.000195388827403201
43,435,6.24534298397634e-05,-0.000228212997650862
46,435,6.62874660188876e-05,-0.0002579343621338
49,435,6.93277074769538e-05,-0.000281816762815388
52,435,7.18630857113377e-05,-0.000299358805498751
55,435,7.45409527263949e-05,-0.000312559473287314
58,435,7.83210570434348e-05,-0.000324910519441025
61,435,8.42352764058993e-05,-0.000339819643197007
64,435,9.27012127284311e-05,-0.000359052550463336
67,435,0.000103321531674958,-0.000382623000621391
70,435,0.000114999613599841,-0.000409173777679506
73,435,0.000126328965454118,-0.00043648980725646
76,435,0.00013600744700332,-0.000462153141491979
79,435,0.000143057076254008,-0.000484618330014633
82,435,0.000146737004606929,-0.000503906734049574
85,435,0.000146490231290706,-0.000521089984993963
88,435,0.000142313486843239,-0.000537390108066965
91,435,0.00013497983129452,-0.000553595908609583
94,435,0.000125904191372142,-0.00056986351194452
97,435,0.000116515636555624,-0.000585705386050502
100,435,0.000107959567371928,-0.000600188712219499
103,435,0.000101008330204871,-0.000612489165667542
106,435,9.59493474317757e-05,-0.00062278876886052
109,435,9.27210642418527e-05,-0.000632393382526221
112,435,9.08662670669615e-05,-0.00064269449675016
115,435,8.98641122686524e-05,-0.000653900962616561
118,435,8.99886769481634e-05,-0.000664996158888848
121,435,9.20960231524004e-05,-0.000674359340715454
124,435,9.64615742582357e-05,-0.000680666120538733
127,435,0.000102536313248983,-0.000683426561597599
130,435,0.000109646103942391,-0.000683096804066721
133,435,0.000117623689234857,-0.000680698409523254
136,435,0.000126614958727892,-0.000677399113082884
139,435,0.000136337535355178,-0.000674203423530988
142,435,0.000145875133761359,-0.000671769275487724
145,435,0.000154006199571772,-0.000670374875424205
148,435,0.000159970072295013,-0.000669999776349665
151,435,0.000163838597674852,-0.000670501334607982
154,435,0.000166205084002795,-0.000671719737864348
157,435,0.000167625048813966,-0.000673517055887013
160,435,0.000168670815625496,-0.00067592032864061
163,435,0.000170108057879626,-0.000679114493523416
166,435,0.000172839487267935,-0.000683080480489749
169,435,0.000177726832252533,-0.000687166412881438
172,435,0.000185004732189621,-0.000690201595146656
175,435,0.000194394987736277,-0.000691083508266362
178,435,0.000205649029202219,-0.00068927360800731
181,435,0.000218260713371941,-0.000684853039964762
184,435,0.000230781806651044,-0.000678321448075395
187,435,0.000240891859960659,-0.000670451677758134
190,435,0.00024629237875841,-0.000662178006112137
193,435,0.000245261237683241,-0.000654493966856677
196,435,0.000237081931994697,-0.00064812610840051
199,435,0.000222355876190456,-0.000643144941408182
202,435,0.000203296114255187,-0.000638927089551808
205,435,0.000183329189484198,-0.000634399900079895
208,435,0.000165708120209994,-0.000628697359870785
211,435,0.000152102126976219,-0.000621740911309651
214,435,0.000142398020559401,-0.000614109871697026
217,435,0.000135904625639074,-0.000606792478254267
220,435,0.000132322771692188,-0.000600896444811012
223,435,0.000131786009832014,-0.000597058175805116
226,435,0.000134990572221552,-0.000595093114822666
229,435,0.000142656432568049,-0.000593972486653877
232,435,0.000154659449560703,-0.000592233683365918
235,435,0.000170075551920415,-0.000588598987817546
238,435,0.000187323695841506,-0.000582645830094297
241,435,0.000204229712717691,-0.000574890695422752
244,435,0.000218236543497396,-0.000566412236326167
247,435,0.00022755854242047,-0.000558098284679192
250,435,0.000231791666401606,-0.000550330537708792
253,435,0.000231584152172388,-0.000543164786802849
256,435,0.000228025880228455,-0.000536309615242842
259,435,0.000221954766691878,-0.0005289965922406
262,435,0.000213670057785098,-0.000520173049263235
265,435,0.00020319721174605,-0.000508920381001828
268,435,0.00019065654994482,-0.000495215984674766
271,435,0.00017660865226198,-0.00047992161283879
274,435,0.000162076658043123,-0.000463927150247882
277,435,0.000148216972632778,-0.000447898314755806
280,435,0.000135833016237072,-0.000432107130371142
283,435,0.000125528140583602,-0.000416143704778532
286,435,0.000118149617793067,-0.000398933690561513
289,435,0.000114546000528124,-0.000379658075044161
292,435,0.000114814198208313,-0.000358243052435223
295,435,0.000117847599293419,-0.00033513968761577
298,435,0.000121899293503975,-0.000311035588628201
1,440,5.89883697443838e-12,-5.89883697443838e-12
4,440,-1.41382533153409e-06,-1.28439439402259e-06
7,440,-4.05600653184525e-06,-5.3076988250641e-06
10,440,-6.0484290532081e-06,-1.23707788581519e-05
13,440,-5.59866777690417e-06,-2.20235605816e-05
16,440,-1.84984157280657e-06,-3.34072959511167e-05
19,440,5.02062782955288e-06,-4.56473946601903e-05
22,440,1.41591217634216e-05,-5.84505100974293e-05
25,440,2.4387268793095e-05,-7.23348637800023e-05
28,440,3.44727512533017e-05,-8.84054077863426e-05
31,440,4.36198081815704e-05,-0.00010796541300514
34,440,5.16730277653531e-05,-0.000131980578525348
37,440,5.88382856789713e-05,-0.000160504075910251
40,440,6.52553687190069e-05,-0.000192323409875417
43,440,7.09794125153517e-05,-0.000224690970013752
46,440,7.59855204466571e-05,-0.000253928184330007
49,440,8.02625794403267e-05,-0.000277299695597834
52,440,8.40975840033763e-05,-0.000294304910430626
55,440,8.81359491498104e-05,-0.000306943612742072
58,440,9.33354864106046e-05,-0.000318708356602402
61,440,0.000100726136538853,-0.00033300764205902
64,440,0.000110723564458828,-0.000351607975830252
67,440,0.00012292849884411,-0.000374523918107774
70,440,0.000136242383058733,-0.000400399053710167
73,440,0.000149256787063368,-0.000427019109066507
76,440,0.000160667633633189,-0.000451966937126771
79,440,0.000169495003784411,-0.000473697888329826
82,440,0.000174996111927447,-0.000492234124711071
85,440,0.000176612020300571,-0.000508648078477966
88,440,0.000174337522451301,-0.000524162575659923
91,440,0.000168943741419292,-0.000539567222408232
94,440,0.000161843666941811,-0.000555018944855866
97,440,0.000154464431508028,-0.000570031011791821
100,440,0.000147949498654503,-0.000583671405318342
103,440,0.000143069277774746,-0.000595116601461737
106,440,0.00014010925425573,-0.000604549423498157
109,440,0.000139005936296322,-0.000613276532965669
112,440,0.000139300173337996,-0.000622690220760064
115,440,0.000140469184751967,-0.000633000138775834
118,440,0.000142785110649145,-0.000643190466586673
121,440,0.000147102076086083,-0.0006516412601513
124,440,0.000153693567449273,-0.000657028932722317
127,440,0.000162008630731684,-0.000658864348348932
130,440,0.000171371192760748,-0.000657604448016083
133,440,0.000181612059442498,-0.000654271594111189
136,440,0.000192875183388078,-0.000650034322560212
139,440,0.000204876250540816,-0.000645897942958814
142,440,0.000216697038555042,-0.000642521190737406
145,440,0.000227114056065733,-0.000640183073177385
148,440,0.000235364705591109,-0.000638863944098255
151,440,0.000241518895884588,-0.000638421960654175
154,440,0.000246167998247367,-0.000638698111320585
157,440,0.000249865593224209,-0.000639555266676032
160,440,0.000253182067341861,-0.000641021267495424
163,440,0.000256881157052234,-0.000643281851987287
166,440,0.000261863637056578,-0.000646318750916228
169,440,0.000268989298826639,-0.000649480888434342
172,440,0.000278490844728243,-0.000651598369800086
175,440,0.000290088138428131,-0.00065156947680468
178,440,0.000303530673245696,-0.000648856466025154
181,440,0.00031831036897508,-0.000643541283867044
184,440,0.000332977055031497,-0.000636124375077292
187,440,0.000345208345345751,-0.000627379385885118
190,440,0.000352703808385114,-0.000618241394199924
193,440,0.000353739381798204,-0.000609704734551272
196,440,0.000347596623854168,-0.000602496756158189
199,440,0.000334875012060366,-0.000596688770495481
202,440,0.000317785653411112,-0.000591658202045554
205,440,0.000299753154211377,-0.000586333198867182
208,440,0.000284028595803286,-0.000579848548648979
211,440,0.000272279261740142,-0.00057212649458638
214,440,0.000264390025808147,-0.000563747154790205
217,440,0.000259667775696481,-0.000555699567292075
220,440,0.000257811403891707,-0.000549092246731905
223,440,0.000258952524516768,-0.000544562398357822
226,440,0.000263785432744323,-0.000541926266566182
229,440,0.000273028165291285,-0.000540155876957481
232,440,0.000286554643856452,-0.000537789422409151
235,440,0.000303438860170406,-0.000533549986590235
238,440,0.000322097833437121,-0.000527015800396528
241,440,0.000340355458059975,-0.000518704149864873
244,440,0.000355652737997003,-0.000509694488328826
247,440,0.000366202090497733,-0.000500875448473298
250,440,0.000371597535486493,-0.000492629528335525
253,440,0.000372485372704547,-0.000485013320113655
256,440,0.000369953545657149,-0.000477736207899464
259,440,0.000364838033476032,-0.00047003056171502
262,440,0.00035743614539329,-0.000460844513837728
265,440,0.000347771402656519,-0.000449260259768938
268,440,0.000335962189645431,-0.000435255997537315
271,440,0.000322567149250264,-0.000419694280509857
274,440,0.000308607483826261,-0.000403465794250825
277,440,0.0002952376617276,-0.000387237057424279
280,440,0.000283259166170049,-0.000371280894849033
283,440,0.000273273411890868,-0.000355188215020026
286,440,0.000266125734020398,-0.000337885471331064
289,440,0.00026266274823095,-0.000318554451916494
292,440,0.00026297942695171,-0.000297122151795333
295,440,0.000265967221652111,-0.000274040436658932
298,440,0.000269877285062357,-0.000249997715359948
1,445,5.89883697443838e-12,-5.89883697443838e-12
4,445,-1.40235011942948e-06,-1.30923790700103e-06
7,445,-4.01611908685324e-06,-5.39405828150767e-06
10,445,-5.96354695115184e-06,-1.25545644669993e-05
13,445,-5.45256319021892e-06,-2.2339920330249e-05
16,445,-1.62664127055589e-06,-3.38906156054098e-05
19,445,5.33644248169642e-06,-4.63312977644442e-05
22,445,1.45827148031856e-05,-5.93678579743953e-05
25,445,2.49334496615681e-05,-7.35177555308877e-05
28,445,3.51559747949674e-05,-8.98851802908175e-05
31,445,4.44541746443037e-05,-0.000109772640921334
34,445,5.26722828004078e-05,-0.000134145074289826
37,445,6.00158203409916e-05,-0.00016305488973805
40,445,6.66242194660122e-05,-0.000195288829760012
43,445,7.25522612087549e-05,-0.000228098521727088
46,445,7.77746943512574e-05,-0.000257804631422476
49,445,8.22800512243143e-05,-0.000281671039398283
52,445,8.63549717382939e-05,-0.000299196390046349
55,445,9.06445163106317e-05,-0.000312379705058836
58,445,9.61061418756572e-05,-0.000324712776284409
61,445,0.000103769434589876,-0.000339603341548942
64,445,0.000114049704780905,-0.000358817145349196
67,445,0.000126547326525739,-0.00038236798565532
70,445,0.000140163388591797,-0.000408898685064339
73,445,0.000153489106343146,-0.000436194207783789
76,445,0.000165220047958308,-0.000461836644542093
79,445,0.000174375939856902,-0.000484280583556585
82,445,0.000180213641852748,-0.000503547424641106
85,445,0.000182173861587493,-0.000520708837781585
88,445,0.000180251038012006,-0.000536986886785859
91,445,0.000175215939569366,-0.000553170415583712
94,445,0.000168481201400215,-0.000569415588086538
97,445,0.000161473601397124,-0.000585234910861814
100,445,0.000155336248500007,-0.000599695603790208
103,445,0.000150839197505758,-0.000611973380676523
106,445,0.00014826757920477,-0.000622250302575323
109,445,0.000147557547199292,-0.000631832268803165
112,445,0.000148249596334149,-0.000642110808034253
115,445,0.00014982059138394,-0.000653294809941578
118,445,0.000152542317863009,-0.000664367691877258
121,445,0.000157268546231273,-0.000673708747578486
124,445,0.000164272408278586,-0.000679993628076293
127,445,0.000173002595401302,-0.000682732435198367
130,445,0.000182782679830268,-0.000682381347708084
133,445,0.000193443112874913,-0.000679961965771337
136,445,0.000205127492549721,-0.000676642063092511
139,445,0.000217551150201409,-0.000673426187045754
142,445,0.000229795508887721,-0.000670972310839908
145,445,0.000240636722647033,-0.000669558679534844
148,445,0.0002493118394009,-0.000669164884728491
151,445,0.000255890413306137,-0.000669648321353509
154,445,0.000260963461067363,-0.000670849215663743
157,445,0.000265084208632711,-0.000672629676016223
160,445,0.000268822687932295,-0.000675016780964292
163,445,0.00027294228082139,-0.000678195506494958
166,445,0.000278343407404691,-0.00068214682115126
169,445,0.000285885504557314,-0.000686218886863767
172,445,0.000295800920048439,-0.000689241046669358
175,445,0.0003078091629482,-0.000690110820137731
178,445,0.000321659371979398,-0.000688289701624373
181,445,0.000336843112339555,-0.000683858875313266
184,445,0.00035190985884725,-0.000677318023729806
187,445,0.000364536870836675,-0.00066944003088166
190,445,0.000372423362178517,-0.000661159212456707
193,445,0.000373844915924758,-0.000653469140762938
196,445,0.000368082735747933,-0.000647096402797847
199,445,0.000355735944558762,-0.000642111547814702
202,445,0.000339015294754987,-0.000637891238074351
205,445,0.00032134503804496,-0.00063336285941403
208,445,0.000305975901174162,-0.000627660437300789
211,445,0.000294574813099274,-0.000620705452708537
214,445,0.000287026293009932,-0.00061307726152655
217,445,0.000282636873998671,-0.000605764139564892
220,445,0.000281105093955446,-0.000599873839241931
223,445,0.000282562212406558,-0.000596042803584256
226,445,0.000287702169928105,-0.000594086514766674
229,445,0.000297242648640343,-0.000592976236168146
232,445,0.000311057215645479,-0.000591249398444532
235,445,0.000328219508077443,-0.000587628323043355
238,445,0.000347146190543634,-0.000581690478638849
241,445,0.000365660802850808,-0.00057395238904633
244,445,0.000381203994360378,-0.000565492745377792
247,445,0.000391987827725238,-0.000557199418096595
250,445,0.000397605968273136,-0.000549454143018445
253,445,0.00039870436114872,-0.000542312750119939
256,445,0.000396370595260598,-0.000535483861271287
259,445,0.000391440295143905,-0.000528199084273054
262,445,0.000384210415434122,-0.00051940578918107
265,445,0.000374704122782245,-0.000508185409275142
268,445,0.000363039446971338,-0.000494515380362381
271,445,0.000349774676295047,-0.000479257493588272
274,445,0.000335930658511991,-0.000463301672295501
277,445,0.00032266150737975,-0.00044731367292658
280,445,0.000310768351517454,-0.000431565558078794
283,445,0.00030085225106576,-0.00041564747402553
286,445,0.00029375818655839,-0.000398485111939049
289,445,0.000290332419071051,-0.000379259497732143
292,445,0.000290669566436305,-0.000357896864202299
295,445,0.00029366072552697,-0.000334848314819312
298,445,0.000297556694476626,-0.0003108014962143
1,450,5.89883697443838e-12,-5.89883697443838e-12
4,450,-1.43970159081522e-06,-1.39310455618351e-06
7,450,-4.1459666630769e-06,-5.68560926893596e-06
10,450,-6.23990052812862e-06,-1.31750688299658e-05
13,450,-5.92829792632554e-06,-2.34080984542747e-05
16,450,-2.35349758665213e-06,-3.55226392242431e-05
19,450,4.30785890229543e-06,-4.86407899600649e-05
22,450,1.32029330146925e-05,-6.24658931770103e-05
25,450,2.31541334557231e-05,-7.75128595189336e-05
28,450,3.29299227010377e-05,-9.48833301909546e-05
31,450,4.17353199290966e-05,-0.000115877265208463
34,450,4.94156934682668e-05,-0.000141457052787066
37,450,5.61776991337839e-05,-0.000171672553616759
40,450,6.21619038631252e-05,-0.000205307961539757
43,450,6.74242234271313e-05,-0.000239612355275689
46,450,7.19405413453577e-05,-0.000270903851955965
49,450,7.57005246861397e-05,-0.000296443783480937
52,450,7.89919480973496e-05,-0.000315728245590651
55,450,8.24610067339827e-05,-0.000330753711325521
58,450,8.70662922679019e-05,-0.000345009423882421
61,450,9.38385255931304e-05,-0.000361900572435471
64,450,0.000103194151774807,-0.000383190352829636
67,450,0.000114734679627485,-0.000408890014383335
70,450,0.000127362332656099,-0.000437639831041785
73,450,0.000139669460962262,-0.00046722221836077
76,450,0.000150352767461985,-0.000495216718416918
79,450,0.000158433113312469,-0.000520075370775836
82,450,0.000163168493065038,-0.000541817026599543
85,450,0.000164000749098892,-0.000561510807222238
88,450,0.000160925455102396,-0.000580376227799956
91,450,0.000154714514256181,-0.00059919958361073
94,450,0.000146781696438439,-0.000618134489914183
97,450,0.000138554914279254,-0.000636690904626013
100,450,0.000131178411456062,-0.000653933498975095
103,450,0.000125423377503284,-0.000669035438114503
106,450,0.000121576077948883,-0.000682176234447012
109,450,0.000119573801132614,-0.000694659238637402
112,450,0.00011895817663683,-0.000707873430708104
115,450,0.000119207203973647,-0.000722025151680361
118,450,0.000120593803394976,-0.000736095270254494
121,450,0.00012397288009826,-0.000748460531515935
124,450,0.000129618700610859,-0.000757794037843927
127,450,0.000136981091066656,-0.00076360334241443
130,450,0.000145384758434082,-0.000766342075339005
133,450,0.000154661288760051,-0.000767029288131801
136,450,0.000164955414796583,-0.000766830205845398
139,450,0.000175983602627919,-0.000766746827202218
142,450,0.000186828410049376,-0.000767434576759304
145,450,0.000196267125836825,-0.000769169150924762
148,450,0.00020353793264936,-0.000771927592644739
151,450,0.000208711519381311,-0.000775564748200138
154,450,0.000212380037474865,-0.000779918295193038
157,450,0.000215097847615668,-0.000784847793328688
160,450,0.000217436116471359,-0.000790377772508643
163,450,0.000220159360634738,-0.000796690660068177
166,450,0.000224169134948065,-0.000803764875898535
169,450,0.000230326011023962,-0.000810946033278513
172,450,0.000238863471369149,-0.00081706092659322
175,450,0.000249502159791265,-0.000821004526760594
178,450,0.000261992349750685,-0.000822235779484348
181,450,0.000275826741182439,-0.000820833320296689
184,450,0.000289555943642647,-0.000817294283071221
187,450,0.000300858351203001,-0.000812389003163881
190,450,0.000307434312471768,-0.000807049247610747
193,450,0.000307560545238435,-0.000802266040068059
196,450,0.000300519387913074,-0.000798763418881507
199,450,0.000286911098143915,-0.000796609384652618
202,450,0.000268947563066267,-0.000795178050990479
205,450,0.00025005416912599,-0.000793394255080513
208,450,0.000233482777806114,-0.000790389473738025
211,450,0.000220901452800823,-0.000786082639285159
214,450,0.000212195848037318,-0.000781050558959415
217,450,0.000206673631345641,-0.00077627895991907
220,450,0.000204034475353299,-0.000772873045930727
223,450,0.00020441077432409,-0.000771466711369219
226,450,0.000208497603571694,-0.000771872889757581
229,450,0.00021701377995385,-0.000773060295822974
232,450,0.000229834005310332,-0.000773563811569517
235,450,0.000246033051512562,-0.000772103209792949
238,450,0.000264028717905521,-0.000768253410515738
241,450,0.000281645679033463,-0.000762528388901428
244,450,0.000296325718995343,-0.000756004287410226
247,450,0.000306282035181568,-0.000749566427853749
250,450,0.00031110942765745,-0.000743593997395907
253,450,0.000311454976305141,-0.000738140277361551
256,450,0.000308407404770805,-0.000732911340969098
259,450,0.00030280347232707,-0.000727136247367349
262,450,0.00029494126834699,-0.000719759817960358
265,450,0.000284845094219073,-0.000709860937376168
268,450,0.000272634114463924,-0.000697414492770126
271,450,0.000258867752112694,-0.000683279726635919
274,450,0.000244567989661564,-0.000668344013664494
277,450,0.000230890075605631,-0.000653270561646567
280,450,0.000218636273301572,-0.000638328884527669
283,450,0.000208408777627541,-0.000623106579929407
286,450,0.000201053703854831,-0.000606526790372269
289,450,0.000197418447796653,-0.000587767993117287
292,450,0.000197598762023118,-0.000566753872310166
295,450,0.000200486878144561,-0.000543932982768931
298,450,0.000204334729032101,-0.00051999042247293
