time,spline_interp_window,mean_error_neg,mean_error_pos
1,200,-1.96634153404318e-10,1.96634153404318e-10
4,200,-2.95920376122077e-06,2.58510070458725e-07
7,200,-9.39595566032017e-06,2.80118092141307e-08
10,200,-1.73444291759526e-05,-1.07438897154196e-06
13,200,-2.49242846827722e-05,-2.68084951579868e-06
16,200,-3.11907265440221e-05,-4.01485293506897e-06
19,200,-3.6233261982693e-05,-4.28404007849523e-06
22,200,-4.08175951588852e-05,-3.2772954905306e-06
25,200,-4.60341830017029e-05,-1.59507184395779e-06
28,200,-5.30274286697257e-05,-4.24552373072598e-07
31,200,-6.25051786189558e-05,-1.15123912214667e-06
34,200,-7.45349301552726e-05,-4.82306233605303e-06
37,200,-8.88228930977177e-05,-1.15754247336363e-05
40,200,-0.00010514136614303,-2.02780621863417e-05
43,200,-0.000123347299154877,-2.8265595442681e-05
46,200,-0.000143377674247945,-3.19416836632701e-05
49,200,-0.000165155689988151,-2.86532007773937e-05
52,200,-0.000188306437361803,-1.79817845542473e-05
55,200,-0.000212096586848485,-2.00945006320892e-06
58,200,-0.00023548041241055,1.56890174697309e-05
61,200,-0.000257340058788204,3.16228868414152e-05
64,200,-0.000277171946550518,4.39434201778441e-05
67,200,-0.000295287432517496,5.25538261315659e-05
70,200,-0.000312697158818461,5.87282887282417e-05
73,200,-0.000330721640985993,6.45988503830647e-05
76,200,-0.000350577041738328,7.25004269903668e-05
79,200,-0.000373155365552689,8.38954369555474e-05
82,200,-0.000399111483512188,9.86794870874164e-05
85,200,-0.000428916418871721,0.000115697914022768
88,200,-0.000462487463577197,0.000133645660576574
91,200,-0.00049896558008239,0.000151650889441653
94,200,-0.00053684986414357,0.000169474443329393
97,200,-0.000574625268764739,0.00018752082229501
100,200,-0.000611060415902746,0.000206639813080611
103,200,-0.000645296981657531,0.000227572708504077
106,200,-0.000676961566135623,0.000250054454133538
109,200,-0.000706029746631393,0.000272696157275137
112,200,-0.000732872759196736,0.000294023295877482
115,200,-0.000757925469953822,0.000313743986890229
118,200,-0.000780827824285375,0.00033279181958401
121,200,-0.000800637782627956,0.000352704506844262
124,200,-0.000816993944088511,0.000374723404262838
127,200,-0.000830359348167468,0.000399255416634628
130,200,-0.000841322153530972,0.000425761371819061
133,200,-0.000849963639766166,0.000453136676272834
136,200,-0.000856051939755293,0.000480130562914482
139,200,-0.000859783453048446,0.000505655490992405
142,200,-0.000861988487484866,0.00052897049392056
145,200,-0.000863802619922762,0.000549714333261728
148,200,-0.000865900533337291,0.000567824424040809
151,200,-0.00086812440446845,0.000583360377947818
154,200,-0.000869794947508636,0.000596398975351541
157,200,-0.000870270667406241,0.000606995114517707
160,200,-0.000868893263127931,0.000615038723515813
163,200,-0.000864811083715188,0.000620261832981448
166,200,-0.000857035439960343,0.000622600480994301
169,200,-0.000844618625884865,0.000622623512246501
172,200,-0.000827240024616223,0.000621418590324008
175,200,-0.000805091857981222,0.000620005202279753
178,200,-0.000778336718153855,0.000618838860380927
181,200,-0.000747394770833369,0.000617755387066282
184,200,-0.00071362827209781,0.000616172106433266
187,200,-0.000679271693509899,0.000613233141096849
190,200,-0.000646537552095714,0.000607921181991775
193,200,-0.000617061995700084,0.000599159663432845
196,200,-0.000591475551547088,0.000586139005045386
199,200,-0.000569090827622926,0.000568705664198798
202,200,-0.00054776427074421,0.000547764270744209
205,200,-0.000526476186782437,0.00052647618678243
208,200,-0.000505277569061655,0.000505277569061657
211,200,-0.00048420016681234,0.000484200166812341
214,200,-0.00046327406232812,0.000463274062328119
217,200,-0.000442527696743222,0.000442527696743218
220,200,-0.000421987897422844,0.000421987897422847
223,200,-0.000401679906842927,0.000401679906842926
226,200,-0.000381627412837639,0.000381627412837646
229,200,-0.000361852580096593,0.000361852580096589
232,200,-0.000342376082796875,0.000342376082796879
235,200,-0.000323217138259912,0.000323217138259912
238,200,-0.000304393541526092,0.000304393541526095
241,200,-0.000285921700745151,0.000285921700745147
244,200,-0.000267816673283418,0.000267816673283419
247,200,-0.000250092202453421,0.000250092202453422
250,200,-0.000232760754774565,0.000232760754774566
253,200,-0.000215833557677309,0.000215833557677305
256,200,-0.000199320637566969,0.000199320637566972
259,200,-0.000183230858165686,0.000183230858165685
262,200,-0.000167571959055912,0.000167571959055915
265,200,-0.000152350594350271,0.000152350594350269
268,200,-0.000137572371417279,0.000137572371417281
271,200,-0.000123241889594652,0.000123241889594652
274,200,-0.000109362778825459,0.000109362778825463
277,200,-9.59377381553081e-05,9.59377381553058e-05
280,200,-8.29685740320892e-05,8.29685740320896e-05
283,200,-7.04562383521031e-05,7.04562383521037e-05
286,200,-5.84008662005582e-05,5.84008662005603e-05
289,200,-4.68018132359422e-05,4.68018132359411e-05
292,200,-3.5657692672094e-05,3.56576926720961e-05
295,200,-2.49664118132252e-05,2.49664118132254e-05
298,200,-1.47252081013488e-05,1.47252081013494e-05
1,205,-1.96634153404318e-10,1.96634153404318e-10
4,205,-2.83919380430733e-06,1.77349515671757e-07
7,205,-8.98223434573338e-06,-2.51761466997846e-07
10,205,-1.64714125045453e-05,-1.6647131372744e-06
13,205,-2.34345060570262e-05,-3.68814874060525e-06
16,205,-2.89348367680258e-05,-5.54003738995291e-06
19,205,-3.30700292621645e-05,-6.42250593591802e-06
22,205,-3.6613905101167e-05,-6.11892492440016e-06
25,205,-4.06650386157579e-05,-5.22423302964573e-06
28,205,-4.63759503661335e-05,-4.920099487397e-06
31,205,-5.44626042099102e-05,-6.58651234338928e-06
34,205,-6.50006148546096e-05,-1.12658878439311e-05
37,205,-7.77043095208821e-05,-1.90881147093465e-05
40,205,-9.23541043070897e-05,-2.89174148125286e-05
43,205,-0.000108815066478516,-3.80828949034193e-05
46,205,-0.000127032295551471,-4.29827001441239e-05
49,205,-0.000146937107493503,-4.09581904653502e-05
52,205,-0.000168162710692528,-3.15854896377692e-05
55,205,-0.000189983893029754,-1.69410987322059e-05
58,205,-0.000211363045869159,-5.94288976103693e-07
61,205,-0.000231190431352579,1.39697224259245e-05
64,205,-0.000248970587450686,2.49077115984231e-05
67,205,-0.000265022988385124,3.21284011924859e-05
70,205,-0.000280366393686817,3.69114892323286e-05
73,205,-0.000296329436289988,4.13945321316804e-05
76,205,-0.000314136396314483,4.79179597834263e-05
79,205,-0.000334687395639155,5.79497045914932e-05
82,205,-0.000358645422748712,7.13908873632601e-05
85,205,-0.000386489618299715,8.70923587340627e-05
88,205,-0.00041814539163965,0.0001037545755174
91,205,-0.000452761822623932,0.000120511214404657
94,205,-0.000488846124410454,0.000137128632105763
97,205,-0.000524891367404846,0.000154016842674467
100,205,-0.000559674290965566,0.000172031146851434
103,205,-0.000592344688594169,0.000191918351453094
106,205,-0.000622537277798816,0.000213418916046118
109,205,-0.000650235753275503,0.000235149461935187
112,205,-0.000675819468477747,0.000255640981067467
115,205,-0.000699731406929329,0.00027460710439115
118,205,-0.00072161963141459,0.000292986935175419
121,205,-0.000740550219771733,0.000312323700304264
124,205,-0.000756169888509313,0.00033386426936806
127,205,-0.000768949794529373,0.000358021061160273
130,205,-0.000779486213899693,0.000384260417538857
133,205,-0.000787868543609022,0.00041148325895906
136,205,-0.000793873033941247,0.000438444332337963
139,205,-0.000797704201848051,0.000464061610922511
142,205,-0.000800200472570331,0.000487599642125213
145,205,-0.000802505540367887,0.000508702701507392
148,205,-0.000805302205617525,0.00052731371809249
151,205,-0.000808440762460826,0.000543497817569069
154,205,-0.000811250042491848,0.000557337294304463
157,205,-0.000813096668060578,0.000568892560562946
160,205,-0.00081333045553532,0.000578059058412558
163,205,-0.00081110787135916,0.000584574332487437
166,205,-0.00080544834372608,0.000588379934865821
169,205,-0.000795412284059119,0.000590050224238371
172,205,-0.000780687192887421,0.000590678378189627
175,205,-0.000761473409439374,0.000591289397771017
178,205,-0.000737941643290637,0.000592344309248308
181,205,-0.000710520177542021,0.000593684449058788
184,205,-0.000680579385673239,0.00059473265529847
187,205,-0.000650361856648597,0.000594638564580844
190,205,-0.000622088224895844,0.000592390381839209
193,205,-0.00059740275566136,0.000586917055386912
196,205,-0.000576944093570916,0.000577414518847837
199,205,-0.000560032964012287,0.000563734743589903
202,205,-0.000544378462886087,0.00054642358797337
205,205,-0.000526476186782437,0.00052647618678243
208,205,-0.000505277569061655,0.000505277569061657
211,205,-0.00048420016681234,0.000484200166812341
214,205,-0.00046327406232812,0.000463274062328119
217,205,-0.000442527696743222,0.000442527696743218
220,205,-0.000421987897422844,0.000421987897422847
223,205,-0.000401679906842927,0.000401679906842926
226,205,-0.000381627412837639,0.000381627412837646
229,205,-0.000361852580096593,0.000361852580096589
232,205,-0.000342376082796875,0.000342376082796879
235,205,-0.000323217138259912,0.000323217138259912
238,205,-0.000304393541526092,0.000304393541526095
241,205,-0.000285921700745151,0.000285921700745147
244,205,-0.000267816673283418,0.000267816673283419
247,205,-0.000250092202453421,0.000250092202453422
250,205,-0.000232760754774565,0.000232760754774566
253,205,-0.000215833557677309,0.000215833557677305
256,205,-0.000199320637566969,0.000199320637566972
259,205,-0.000183230858165686,0.000183230858165685
262,205,-0.000167571959055912,0.000167571959055915
265,205,-0.000152350594350271,0.000152350594350269
268,205,-0.000137572371417279,0.000137572371417281
271,205,-0.000123241889594652,0.000123241889594652
274,205,-0.000109362778825459,0.000109362778825463
277,205,-9.59377381553081e-05,9.59377381553058e-05
280,205,-8.29685740320892e-05,8.29685740320896e-05
283,205,-7.04562383521031e-05,7.04562383521037e-05
286,205,-5.84008662005582e-05,5.84008662005603e-05
289,205,-4.68018132359422e-05,4.68018132359411e-05
292,205,-3.5657692672094e-05,3.56576926720961e-05
295,205,-2.49664118132252e-05,2.49664118132254e-05
298,205,-1.47252081013488e-05,1.47252081013494e-05
1,210,-1.96634153404318e-10,1.96634153404318e-10
4,210,-2.61707716075569e-06,1.17302165307434e-07
7,210,-8.21625788503271e-06,-4.58837889966068e-07
10,210,-1.48545310710622e-05,-2.10182839365654e-06
13,210,-2.06743725130581e-05,-4.4343406298193e-06
16,210,-2.47538019938294e-05,-6.67037174997948e-06
19,210,-2.72051421559321e-05,-8.00807664334257e-06
22,210,-2.88169125790465e-05,-8.22685389439579e-06
25,210,-3.070238561184e-05,-7.91767021596067e-06
28,210,-3.40287798324548e-05,-8.25822288237339e-06
31,210,-3.95267571164656e-05,-1.06245279779585e-05
34,210,-4.72866301893303e-05,-1.60550297876105e-05
37,210,-5.70374242896603e-05,-2.46756450702373e-05
40,210,-6.85742535337413e-05,-3.5346623737307e-05
43,210,-8.17768832048274e-05,-4.53931005773829e-05
46,210,-9.66051108371608e-05,-5.12092487911219e-05
49,210,-0.000113004950416249,-5.01324563478477e-05
52,210,-0.000130624308347953,-4.17348750568031e-05
55,210,-0.000148752670531416,-2.80890340273931e-05
58,210,-0.00016636712634858,-1.27602325256605e-05
61,210,-0.000182372635959219,7.7028420519742e-07
64,210,-0.000196288435351955,1.06632642511389e-05
67,210,-0.000208448696766369,1.68314022246718e-05
70,210,-0.000219886877751359,2.05583681114122e-05
73,210,-0.000231946309259076,2.39856902865254e-05
76,210,-0.000245865969427306,2.94577706042928e-05
79,210,-0.000262560678152851,3.84465134300585e-05
82,210,-0.000282708121938396,5.08570115326094e-05
85,210,-0.00030680213945842,6.55440875087009e-05
88,210,-0.000334782838078366,8.12121701332427e-05
91,210,-0.000365813995671596,9.69989080590403e-05
94,210,-0.000398417523413948,0.00011267462995742
97,210,-0.000431101189729004,0.000128653321843561
100,210,-0.000462656431993158,0.000145794256419521
103,210,-0.00049224774172593,0.000164848212463161
106,210,-0.000519524534453414,0.000185559621502555
109,210,-0.000544485202889564,0.000206549076803803
112,210,-0.000567523798505829,0.00022635154227547
115,210,-0.000589098002843946,0.000244684620827184
118,210,-0.000608870576706222,0.000262491387689527
121,210,-0.000625922295948776,0.000281319041707894
124,210,-0.000639914575098126,0.000302418424434092
127,210,-0.000651333269074265,0.000326205926622982
130,210,-0.000660789351962917,0.000352151862093944
133,210,-0.000668386918770774,0.000379161123263635
136,210,-0.000673916917799676,0.00040599242901055
139,210,-0.000677598564019257,0.000431567724543038
142,210,-0.000680284980688349,0.000455155529235028
145,210,-0.000683134560084702,0.000476404090609257
148,210,-0.000686844800603081,0.000495260309650574
151,210,-0.000691280694403012,0.000511793284008962
154,210,-0.000695785771096486,0.000526089280013159
157,210,-0.000699741351051452,0.000538212681888866
160,210,-0.000702511948654153,0.000548062903665524
163,210,-0.000703268728365625,0.000555381461938679
166,210,-0.000701045816397807,0.000560113880747995
169,210,-0.00069491832219167,0.000562838490745539
172,210,-0.000684588444294323,0.000564652441477265
175,210,-0.000670271219952076,0.000566584705956006
178,210,-0.000652152056758562,0.000569100282408963
181,210,-0.000630673935832514,0.000572044479234815
184,210,-0.00060722192867162,0.000574844106491005
187,210,-0.000584053322258109,0.00057665277275241
190,210,-0.000563403449037696,0.000576462654913779
193,210,-0.000546931272274691,0.000573206673249838
196,210,-0.000535290134612829,0.000566084733345923
199,210,-0.000527815459457815,0.000554952778531299
202,210,-0.000522231040728241,0.000540360639127706
205,210,-0.000515047173032131,0.000523307421880716
208,210,-0.000502947675940247,0.000504585593906032
211,210,-0.00048420016681234,0.000484200166812341
214,210,-0.00046327406232812,0.000463274062328119
217,210,-0.000442527696743222,0.000442527696743218
220,210,-0.000421987897422844,0.000421987897422847
223,210,-0.000401679906842927,0.000401679906842926
226,210,-0.000381627412837639,0.000381627412837646
229,210,-0.000361852580096593,0.000361852580096589
232,210,-0.000342376082796875,0.000342376082796879
235,210,-0.000323217138259912,0.000323217138259912
238,210,-0.000304393541526092,0.000304393541526095
241,210,-0.000285921700745151,0.000285921700745147
244,210,-0.000267816673283418,0.000267816673283419
247,210,-0.000250092202453421,0.000250092202453422
250,210,-0.000232760754774565,0.000232760754774566
253,210,-0.000215833557677309,0.000215833557677305
256,210,-0.000199320637566969,0.000199320637566972
259,210,-0.000183230858165686,0.000183230858165685
262,210,-0.000167571959055912,0.000167571959055915
265,210,-0.000152350594350271,0.000152350594350269
268,210,-0.000137572371417279,0.000137572371417281
271,210,-0.000123241889594652,0.000123241889594652
274,210,-0.000109362778825459,0.000109362778825463
277,210,-9.59377381553081e-05,9.59377381553058e-05
280,210,-8.29685740320892e-05,8.29685740320896e-05
283,210,-7.04562383521031e-05,7.04562383521037e-05
286,210,-5.84008662005582e-05,5.84008662005603e-05
289,210,-4.68018132359422e-05,4.68018132359411e-05
292,210,-3.5657692672094e-05,3.56576926720961e-05
295,210,-2.49664118132252e-05,2.49664118132254e-05
298,210,-1.47252081013488e-05,1.47252081013494e-05
1,215,-1.96634153404318e-10,1.96634153404318e-10
4,215,-2.43049995356854e-06,2.36304111669431e-08
7,215,-7.57261679578002e-06,-7.8198745772022e-07
10,215,-1.34953983138579e-05,-2.78421695658943e-06
13,215,-1.83533791910276e-05,-5.59968449155353e-06
16,215,-2.12366380991014e-05,-8.43634233622018e-06
19,215,-2.22695565696522e-05,-1.048630050185e-05
22,215,-2.22527130713701e-05,-1.15229126950206e-05
25,215,-2.23114388419113e-05,-1.2131100750622e-05
28,215,-2.36250113484269e-05,-1.34825170650579e-05
31,215,-2.69361513555112e-05,-1.69471328447215e-05
34,215,-3.2347230477622e-05,-2.35573474965952e-05
37,215,-3.95993328423645e-05,-3.34330329016514e-05
40,215,-4.84996314550438e-05,-4.54283940934229e-05
43,215,-5.89399504879154e-05,-5.68625209825445e-05
46,215,-7.08921463642393e-05,-6.41235418917643e-05
49,215,-8.43142919585234e-05,-6.45427999124633e-05
52,215,-9.88663525656063e-05,-5.76864019759483e-05
55,215,-0.000113849872973686,-4.56208323137146e-05
58,215,-0.000128254001453681,-3.19053453138701e-05
61,215,-0.000140995757054383,-2.00151413416934e-05
64,215,-0.000151606434653397,-1.17834274332765e-05
67,215,-0.000160432265379346,-7.2914640981934e-06
70,215,-0.000168518765670115,-5.24953647290582e-06
73,215,-0.000177221325366857,-3.51007130433333e-06
76,215,-0.000187790981496367,2.77378139765211e-07
79,215,-0.000201154612844465,7.59076110264433e-06
82,215,-0.000218001964802831,1.8341215231009e-05
85,215,-0.000238838934934955,3.13896079995472e-05
88,215,-0.000263617689495273,4.54464130611102e-05
91,215,-0.00029151406524617,5.96553239464374e-05
94,215,-0.000321062032252487,7.37927142047467e-05
97,215,-0.000350781417826812,8.82786147291662e-05
100,215,-0.00037947571823454,0.000103978343099681
103,215,-0.000406321483884189,0.000121648722972105
106,215,-0.000430980189190882,0.000141040230752388
109,215,-0.000453462285757567,0.000160779504584591
112,215,-0.000474173883944699,0.000179407553255208
115,215,-0.000493584724183021,0.000196648024551783
118,215,-0.000511369626163845,0.000213450038582823
121,215,-0.000526621424632302,0.000231366839071667
124,215,-0.000539013593003913,0.000251655312448034
127,215,-0.000549044045087674,0.000274737894344733
130,215,-0.00055733581385832,0.000300090943459043
133,215,-0.000564005053211551,0.000326625397085565
136,215,-0.000568854770338201,0.000353106018980725
139,215,-0.000572116239096925,0.000378460799230798
142,215,-0.000574654641635548,0.000401964302087634
145,215,-0.000577640429120845,0.000423270819951896
148,215,-0.000581783158836567,0.000442333298686377
151,215,-0.000586959881831261,0.000459226880818967
154,215,-0.00059252618660591,0.000474043877556353
157,215,-0.000597875452417485,0.000486854718002141
160,215,-0.000602384252541216,0.000497564861063721
163,215,-0.000605235810327164,0.000505921868214541
166,215,-0.000605476310876267,0.000511877308372224
169,215,-0.000602192922518496,0.00051601555706675
172,215,-0.000595099902689978,0.000519439808721996
175,215,-0.000584424347526022,0.000523185081228721
178,215,-0.000570363723509272,0.000527722417692062
181,215,-0.000553373070647462,0.000532903171388629
184,215,-0.00053484951932729,0.000538160197253799
187,215,-0.00051706241541999,0.000542653148740329
190,215,-0.000502259150260282,0.000545380247620951
193,215,-0.00049211074600148,0.000545280459048313
196,215,-0.000487282604176325,0.00054155973348566
199,215,-0.000487122207079546,0.000534080059140167
202,215,-0.000489365407518713,0.000523397311211538
205,215,-0.000490534558990871,0.000510516641323274
208,215,-0.00048732553995579,0.000496236561468982
211,215,-0.000478018026662228,0.000480568128135263
214,215,-0.000462674105125824,0.000462864522893297
217,215,-0.000442527696743222,0.000442527696743218
220,215,-0.000421987897422844,0.000421987897422847
223,215,-0.000401679906842927,0.000401679906842926
226,215,-0.000381627412837639,0.000381627412837646
229,215,-0.000361852580096593,0.000361852580096589
232,215,-0.000342376082796875,0.000342376082796879
235,215,-0.000323217138259912,0.000323217138259912
238,215,-0.000304393541526092,0.000304393541526095
241,215,-0.000285921700745151,0.000285921700745147
244,215,-0.000267816673283418,0.000267816673283419
247,215,-0.000250092202453421,0.000250092202453422
250,215,-0.000232760754774565,0.000232760754774566
253,215,-0.000215833557677309,0.000215833557677305
256,215,-0.000199320637566969,0.000199320637566972
259,215,-0.000183230858165686,0.000183230858165685
262,215,-0.000167571959055912,0.000167571959055915
265,215,-0.000152350594350271,0.000152350594350269
268,215,-0.000137572371417279,0.000137572371417281
271,215,-0.000123241889594652,0.000123241889594652
274,215,-0.000109362778825459,0.000109362778825463
277,215,-9.59377381553081e-05,9.59377381553058e-05
280,215,-8.29685740320892e-05,8.29685740320896e-05
283,215,-7.04562383521031e-05,7.04562383521037e-05
286,215,-5.84008662005582e-05,5.84008662005603e-05
289,215,-4.68018132359422e-05,4.68018132359411e-05
292,215,-3.5657692672094e-05,3.56576926720961e-05
295,215,-2.49664118132252e-05,2.49664118132254e-05
298,215,-1.47252081013488e-05,1.47252081013494e-05
1,220,-1.96634153404318e-10,1.96634153404318e-10
4,220,-2.2752387088666e-06,-1.13912057769235e-07
7,220,-7.03682180993453e-06,-1.25663972982657e-06
10,220,-1.23635934240836e-05,-3.78687246286345e-06
13,220,-1.64198845681986e-05,-7.31256275976868e-06
16,220,-1.8305570247745e-05,-1.10329889908962e-05
19,220,-1.8154828327945e-05,-1.41315872643125e-05
22,220,-1.6778033611139e-05,-1.63730373833389e-05
25,220,-1.53103136686488e-05,-1.83335872796461e-05
28,220,-1.49407423012663e-05,-2.11762154464016e-05
31,220,-1.64218366072536e-05,-2.6262219186768e-05
34,220,-1.98657645347149e-05,-3.46153240044938e-05
37,220,-2.50234065449202e-05,-4.63467278773327e-05
40,220,-3.17117319768039e-05,-6.03019619355763e-05
43,220,-3.98323613362985e-05,-7.37914421866237e-05
46,220,-4.93669473803136e-05,-8.31946230500107e-05
49,220,-6.0283359317001e-05,-8.5834173713885e-05
52,220,-7.22513587748602e-05,-8.12675272063012e-05
55,220,-8.45822868757459e-05,-7.15524938555392e-05
58,220,-9.62750882242341e-05,-6.02396541464861e-05
61,220,-0.000106256578202757,-5.07955345411783e-05
64,220,-0.00011406784802257,-4.50446681724723e-05
67,220,-0.000120064925145979,-4.30596416467102e-05
70,220,-0.000125303122344493,-4.35420661971437e-05
73,220,-0.000131147625792948,-4.43356946674474e-05
76,220,-0.000138859268851751,-4.30814064221451e-05
79,220,-0.000149374726640418,-3.8292578314756e-05
82,220,-0.000163393540884262,-3.00493987953441e-05
85,220,-0.000181431405480444,-1.9482326486002e-05
88,220,-0.000203450283017023,-7.87221383063739e-06
91,220,-0.000228635806590057,3.93330660473591e-06
94,220,-0.000255531742598044,1.57192822725396e-05
97,220,-0.000282667714687224,2.79144179691395e-05
100,220,-0.000308857015456641,4.13927051777558e-05
103,220,-0.000333285991648468,5.69196414574313e-05
106,220,-0.000355625914011496,7.42543771173504e-05
109,220,-0.000375897030482309,9.20322242047941e-05
112,220,-0.000394515247755016,0.000108802865409492
115,220,-0.00041196010259403,0.000124298622422237
118,220,-0.000427916211024298,0.000139477289254744
121,220,-0.000441486204124629,0.000155900783533574
124,220,-0.000452353351644166,0.000174834665591703
127,220,-0.000461025363725585,0.000196710044965159
130,220,-0.000468135069677267,0.000221011954254453
133,220,-0.000473808419728559,0.00024666000465741
136,220,-0.00047785821740396,0.000272427633833693
139,220,-0.000480525532895765,0.000297251505772811
142,220,-0.000482685344685481,0.000320414858629833
145,220,-0.000485517900273507,0.000341580658708668
148,220,-0.000489742553277259,0.000360710525775331
151,220,-0.000495246151078941,0.000377888276260936
154,220,-0.000501394078513188,0.000393214895275405
157,220,-0.000507589511170625,0.000406769485825591
160,220,-0.000513218818660129,0.000418466180722091
163,220,-0.00051747502066543,0.000428061215341597
166,220,-0.000519414098621102,0.000435514832504952
169,220,-0.000518133017190788,0.00044142008164539
172,220,-0.000513355830144257,0.000446888831089985
175,220,-0.000505319429950478,0.000452964772632746
178,220,-0.000494231079425749,0.000460127623282043
181,220,-0.00048055561491145,0.000468237410217726
184,220,-0.000465699963127937,0.000476735662278371
187,220,-0.000451943266280104,0.000484790706819976
190,220,-0.000441542712036314,0.000491409439518524
193,220,-0.000436179118883555,0.000495539499429894
196,220,-0.000436527684688199,0.000496395510920525
199,220,-0.00044194568807864,0.000493848136100839
202,220,-0.000450178778196101,0.000488461924073796
205,220,-0.00045775910487128,0.000481250700366122
208,220,-0.0004613923428976,0.000473021650874626
211,220,-0.000459367964857485,0.000463794505989123
214,220,-0.000451757853100211,0.000452931121184103
217,220,-0.000439211876072357,0.00043938443201354
220,220,-0.000421987897422844,0.000421987897422847
223,220,-0.000401679906842927,0.000401679906842926
226,220,-0.000381627412837639,0.000381627412837646
229,220,-0.000361852580096593,0.000361852580096589
232,220,-0.000342376082796875,0.000342376082796879
235,220,-0.000323217138259912,0.000323217138259912
238,220,-0.000304393541526092,0.000304393541526095
241,220,-0.000285921700745151,0.000285921700745147
244,220,-0.000267816673283418,0.000267816673283419
247,220,-0.000250092202453421,0.000250092202453422
250,220,-0.000232760754774565,0.000232760754774566
253,220,-0.000215833557677309,0.000215833557677305
256,220,-0.000199320637566969,0.000199320637566972
259,220,-0.000183230858165686,0.000183230858165685
262,220,-0.000167571959055912,0.000167571959055915
265,220,-0.000152350594350271,0.000152350594350269
268,220,-0.000137572371417279,0.000137572371417281
271,220,-0.000123241889594652,0.000123241889594652
274,220,-0.000109362778825459,0.000109362778825463
277,220,-9.59377381553081e-05,9.59377381553058e-05
280,220,-8.29685740320892e-05,8.29685740320896e-05
283,220,-7.04562383521031e-05,7.04562383521037e-05
286,220,-5.84008662005582e-05,5.84008662005603e-05
289,220,-4.68018132359422e-05,4.68018132359411e-05
292,220,-3.5657692672094e-05,3.56576926720961e-05
295,220,-2.49664118132252e-05,2.49664118132254e-05
298,220,-1.47252081013488e-05,1.47252081013494e-05
1,225,-1.96634153404318e-10,1.96634153404318e-10
4,225,-2.11002170610643e-06,-2.44592237417741e-07
7,225,-6.46648135389166e-06,-1.70775089285831e-06
10,225,-1.11584047046166e-05,-4.74010467134978e-06
13,225,-1.43603044155309e-05,-8.94154533413093e-06
16,225,-1.51822371324581e-05,-1.35032905098963e-05
19,225,-1.37685623610054e-05,-1.76007155650464e-05
22,225,-1.0939836543875e-05,-2.09904395612505e-05
25,225,-7.84136889276736e-06,-2.42406496885198e-05
28,225,-5.67241484883561e-06,-2.85062636983591e-05
31,225,-5.19567315070983e-06,-3.51405181522801e-05
34,225,-6.53349338686832e-06,-4.51590778123704e-05
37,225,-9.44693765895603e-06,-5.86650799147219e-05
40,225,-1.37631569462638e-05,-7.44959948479629e-05
43,225,-1.93939533951046e-05,-8.99541778778541e-05
46,225,-2.63311614027575e-05,-0.000101411022682245
49,225,-3.45528318177491e-05,-0.000106181137707644
52,225,-4.3738907908927e-05,-0.000103813895240443
55,225,-5.3210912438534e-05,-9.63590448672598e-05
58,225,-6.19779716515132e-05,-8.73591063313237e-05
61,225,-6.89770825706804e-05,-8.02725453530219e-05
64,225,-7.37595180476376e-05,-7.69158343235302e-05
67,225,-7.66914871850522e-05,-7.73534991075548e-05
70,225,-7.8838484394836e-05,-8.02790901966749e-05
73,225,-8.15758774921789e-05,-8.35282996929263e-05
76,225,-8.61746814778501e-05,-8.4733946219141e-05
79,225,-9.35817531117489e-05,-8.24013458872065e-05
82,225,-0.000104506815759547,-7.66026264055221e-05
85,225,-0.000119475744958788,-6.84601856545194e-05
88,225,-0.000138460684937893,-5.92468153364489e-05
91,225,-0.000160657450433286,-4.98020872756626e-05
94,225,-0.000184619989483833,-4.03328932780811e-05
97,225,-0.000208888107376166,-3.0402467805693e-05
100,225,-0.00023228527834967,-1.91287586335931e-05
103,225,-0.000254008030786897,-5.73820746109686e-06
106,225,-0.000273737817077015,9.53639676263383e-06
109,225,-0.000291505066796987,2.53384268265498e-05
112,225,-0.000307735868281264,4.02256261620293e-05
115,225,-0.000322919939934639,5.39383772015375e-05
118,225,-0.000336752079422447,6.74425346984269e-05
121,225,-0.000348345099463852,8.23080770209393e-05
124,225,-0.000357392451448363,9.98086252436989e-05
127,225,-0.000364412027159024,0.000120383349644396
130,225,-0.000370046837544603,0.00014352534356519
133,225,-0.000374433014474808,0.000168162278945575
136,225,-0.000377393543114505,0.000193075654186866
139,225,-0.000379179675296363,0.000217210194020241
142,225,-0.000380676571142246,0.000239857197342416
145,225,-0.000383074659792938,0.000260687691198959
148,225,-0.000387103476506224,0.000279671356097552
151,225,-0.000392660050304667,0.000296900069210958
154,225,-0.00039911994766328,0.000312482876390773
157,225,-0.000405896525813055,0.000326506941385491
160,225,-0.000412386336003248,0.000338894457747379
163,225,-0.000417792579557947,0.000349409721594772
166,225,-0.0004211814195521,0.000358021036490191
169,225,-0.000421660002289714,0.000365329512608522
172,225,-0.000418962563180934,0.000372455079018504
175,225,-0.000413336176335104,0.000380449488255772
178,225,-0.000404998286208885,0.000389800518070393
181,225,-0.000394423910784025,0.000400376256383875
184,225,-0.000383030158421252,0.00041162629277642
187,225,-0.000373106352965835,0.000422727015345698
190,225,-0.000366919863726513,0.000432693380509373
193,225,-0.000366161690830608,0.000440481088064968
196,225,-0.000371517213784904,0.000445312823120575
199,225,-0.000382353892858139,0.000447067308528258
202,225,-0.000396427558831936,0.000446317154132681
205,225,-0.000410280543177317,0.000444084246202208
208,225,-0.000420628702328112,0.000441183831375285
211,225,-0.000425771690507094,0.000437643700783382
214,225,-0.000425791571703936,0.0004328337706427
217,225,-0.000421348396005538,0.000425715037248851
220,225,-0.000412710208701247,0.000415129020288874
223,225,-0.000399712333444249,0.000400388548841616
226,225,-0.000381627412837639,0.000381627412837646
229,225,-0.000361852580096593,0.000361852580096589
232,225,-0.000342376082796875,0.000342376082796879
235,225,-0.000323217138259912,0.000323217138259912
238,225,-0.000304393541526092,0.000304393541526095
241,225,-0.000285921700745151,0.000285921700745147
244,225,-0.000267816673283418,0.000267816673283419
247,225,-0.000250092202453421,0.000250092202453422
250,225,-0.000232760754774565,0.000232760754774566
253,225,-0.000215833557677309,0.000215833557677305
256,225,-0.000199320637566969,0.000199320637566972
259,225,-0.000183230858165686,0.000183230858165685
262,225,-0.000167571959055912,0.000167571959055915
265,225,-0.000152350594350271,0.000152350594350269
268,225,-0.000137572371417279,0.000137572371417281
271,225,-0.000123241889594652,0.000123241889594652
274,225,-0.000109362778825459,0.000109362778825463
277,225,-9.59377381553081e-05,9.59377381553058e-05
280,225,-8.29685740320892e-05,8.29685740320896e-05
283,225,-7.04562383521031e-05,7.04562383521037e-05
286,225,-5.84008662005582e-05,5.84008662005603e-05
289,225,-4.68018132359422e-05,4.68018132359411e-05
292,225,-3.5657692672094e-05,3.56576926720961e-05
295,225,-2.49664118132252e-05,2.49664118132254e-05
298,225,-1.47252081013488e-05,1.47252081013494e-05
1,230,-1.96634153404318e-10,1.96634153404318e-10
4,230,-1.9407015365515e-06,-3.10605535246594e-07
7,230,-5.88180046779855e-06,-1.93569652758586e-06
10,230,-9.92253075017855e-06,-5.22191480073486e-06
13,230,-1.22476132361015e-05,-9.76516523463466e-06
16,230,-1.19773127665629e-05,-1.47526785766774e-05
19,230,-9.26619704233081e-06,-1.93558433119557e-05
22,230,-4.94503070128259e-06,-2.33272916208294e-05
25,230,-1.69331150292082e-07,-2.72312238120221e-05
28,230,3.85143797434037e-06,-3.22185707557151e-05
31,230,6.3443697387974e-06,-3.9638582132135e-05
34,230,7.17690635944114e-06,-5.05029358220513e-05
37,230,6.57777753945478e-06,-6.49107821802597e-05
40,230,4.70962410437786e-06,-8.16956047140791e-05
43,230,1.65043571274716e-06,-9.8155771807981e-05
46,230,-2.60183022790979e-06,-0.000110658690258496
49,230,-8.03543276127318e-06,-0.000116514981630831
52,230,-1.43405233513677e-05,-0.000115270031330075
55,230,-2.08488329555787e-05,-0.000108969602061557
58,230,-2.65796960140392e-05,-0.000101152226687179
61,230,-3.04803177447404e-05,-9.52723840460335e-05
64,230,-3.21121791944348e-05,-9.31425596479992e-05
67,230,-3.18516976609662e-05,-9.4823292476488e-05
70,230,-3.07745757514053e-05,-9.90041461417485e-05
73,230,-3.02663894761275e-05,-0.000103516825864518
76,230,-3.16083620310557e-05,-0.000105990163386339
79,230,-3.57575583712471e-05,-0.000104925487937799
82,230,-4.34339100575588e-05,-0.000100390940345972
85,230,-5.51735008227091e-05,-9.35049316099997e-05
88,230,-7.09586830902601e-05,-8.55362665508263e-05
91,230,-8.99954797918237e-05,-7.73205301115083e-05
94,230,-0.000110848047161434,-6.90606272166467e-05
97,230,-0.000132066398680886,-6.03158054469307e-05
100,230,-0.000152484216784726,-5.0200025696163e-05
103,230,-0.000171308238050691,-3.7935742782352e-05
106,230,-0.000188230123063094,-2.37517587733406e-05
109,230,-0.000203290509594086,-9.00071399889523e-06
112,230,-0.000216925694173273,4.879121853689e-06
115,230,-0.000229635603400622,1.76321180981445e-05
118,230,-0.000241125243136633,3.02281163691716e-05
121,230,-0.000250517634295647,4.42410819162864e-05
124,230,-0.000257516436462329,6.09486226954308e-05
127,230,-0.00026264974961489,8.07938958655765e-05
130,230,-0.000266570792897268,0.000103273981650224
133,230,-0.000269425906374357,0.000127320538870141
136,230,-0.000271048283406164,0.000151719052807962
139,230,-0.000271699384020538,0.000175418235076146
142,230,-0.000272274576534508,0.000197713371452741
145,230,-0.000273974498284035,0.000218279475864607
148,230,-0.000277538892722058,0.000237090215700721
151,230,-0.000282874997066322,0.000254241455015166
154,230,-0.000289368585986992,0.000269846226540825
157,230,-0.000296443224910247,0.00028399568090751
160,230,-0.00030350567328049,0.000296615998548778
163,230,-0.000309769340616991,0.000307475462464287
166,230,-0.000314310598189863,0.000316546363097849
169,230,-0.000316246800498279,0.00032443379750565
172,230,-0.000315322391147557,0.000332261681637729
175,230,-0.000311794652442193,0.000341085754911042
178,230,-0.000305891237034049,0.000351397781956961
181,230,-0.000298097371099997,0.00036306983757827
184,230,-0.000289840371195965,0.000375555498236494
187,230,-0.000283419769362367,0.000388035138910609
190,230,-0.000281113143103154,0.000399527702899587
193,230,-0.00028462170074075,0.000408992876882234
196,230,-0.000294641029977163,0.000415657332847951
199,230,-0.000310548799276252,0.000419403780530121
202,230,-0.000330111047614876,0.000420808816654714
205,230,-0.00034988031465915,0.000420898314371373
208,230,-0.000366582665038108,0.000420491507199861
211,230,-0.000378527961169666,0.000419620173152953
214,230,-0.000385808475238742,0.000417658215328171
217,230,-0.000389094465527301,0.000413570616902387
220,230,-0.000388664185519919,0.00040620288444397
223,230,-0.000384363167064905,0.000394871833913076
226,230,-0.000375474260960626,0.000379715242121602
229,230,-0.000361256576461401,0.000361715104677718
232,230,-0.000342376082796875,0.000342376082796879
235,230,-0.000323217138259912,0.000323217138259912
238,230,-0.000304393541526092,0.000304393541526095
241,230,-0.000285921700745151,0.000285921700745147
244,230,-0.000267816673283418,0.000267816673283419
247,230,-0.000250092202453421,0.000250092202453422
250,230,-0.000232760754774565,0.000232760754774566
253,230,-0.000215833557677309,0.000215833557677305
256,230,-0.000199320637566969,0.000199320637566972
259,230,-0.000183230858165686,0.000183230858165685
262,230,-0.000167571959055912,0.000167571959055915
265,230,-0.000152350594350271,0.000152350594350269
268,230,-0.000137572371417279,0.000137572371417281
271,230,-0.000123241889594652,0.000123241889594652
274,230,-0.000109362778825459,0.000109362778825463
277,230,-9.59377381553081e-05,9.59377381553058e-05
280,230,-8.29685740320892e-05,8.29685740320896e-05
283,230,-7.04562383521031e-05,7.04562383521037e-05
286,230,-5.84008662005582e-05,5.84008662005603e-05
289,230,-4.68018132359422e-05,4.68018132359411e-05
292,230,-3.5657692672094e-05,3.56576926720961e-05
295,230,-2.49664118132252e-05,2.49664118132254e-05
298,230,-1.47252081013488e-05,1.47252081013494e-05
1,235,-1.96634153404318e-10,1.96634153404318e-10
4,235,-1.82821463702884e-06,-3.19142451194614e-07
7,235,-5.49326063683998e-06,-1.96518219137437e-06
10,235,-9.10101179249424e-06,-5.28425506164372e-06
13,235,-1.08428287930235e-05,-9.8717599593092e-06
16,235,-9.84561631604742e-06,-1.49144216491613e-05
19,235,-6.27058189895298e-06,-1.95831226336871e-05
22,235,-9.55130016250866e-07,-2.36299891106072e-05
25,235,4.93858208857704e-06,-2.76187154060388e-05
28,235,1.01944509425792e-05,-3.2699726407542e-05
31,235,1.40329297753634e-05,-4.02217658127527e-05
34,235,1.63148209666291e-05,-5.11960055197856e-05
37,235,1.72622143829506e-05,-6.57210899008424e-05
40,235,1.70311110132309e-05,-8.2629996480628e-05
43,235,1.56928606794051e-05,-9.9220587661002e-05
46,235,1.32387809523802e-05,-0.000111859764255846
49,235,9.6739729518273e-06,-0.000117857641847789
52,235,5.30164537710977e-06,-0.000116759099859285
55,235,7.83427434234954e-07,-0.000110609395013059
58,235,-2.90665515357496e-06,-0.000102946554188376
61,235,-4.72244744091941e-06,-9.72245502417268e-05
64,235,-4.23207031118727e-06,-9.52553627003727e-05
67,235,-1.81858089882121e-06,-9.7099024565121e-05
70,235,1.43567835246164e-06,-0.000101444593463575
73,235,4.13849159567079e-06,-0.000106123268633872
76,235,5.00199579825389e-06,-0.000108763375834958
79,235,3.0624861685503e-06,-0.00010786573831478
82,235,-2.40660869094365e-06,-0.00010349799091779
85,235,-1.1948012349542e-05,-9.67780386605294e-05
88,235,-2.55507170674709e-05,-8.89741803813256e-05
91,235,-4.24273856129204e-05,-8.09214950406163e-05
94,235,-6.11488140565653e-05,-7.28223815803821e-05
97,235,-8.02716557168364e-05,-6.42355815986973e-05
100,235,-9.86362328648909e-05,-5.42745500067488e-05
103,235,-0.000115455921915079,-4.21612356399503e-05
106,235,-0.000130429023288349,-2.81239345834846e-05
109,235,-0.000143602814593479,-1.35147811845318e-05
112,235,-0.000155420232196697,2.28460852237831e-07
115,235,-0.000166387842534576,1.28506668231523e-05
118,235,-0.000176217291304252,2.53221843455652e-05
121,235,-0.000184038239256679,3.92174846515816e-05
124,235,-0.000189560985813168,5.58146816797704e-05
127,235,-0.000193320270788533,7.55574385717071e-05
130,235,-0.000195975953163344,9.79433415335254e-05
133,235,-0.000197681012839099,0.000121904555368601
136,235,-0.000198275283012455,0.000146227071342181
139,235,-0.000198026863547864,0.000169860107049346
142,235,-0.000197837762598993,0.000192099454250756
145,235,-0.000198915257338416,0.000212620632855893
148,235,-0.000202005731055696,0.00023139781623635
151,235,-0.000207023060805196,0.000248527374428816
154,235,-0.000213359661093718,0.000264122846148805
157,235,-0.000220445737184047,0.000278275888008731
160,235,-0.000227694688357226,0.000290913186424772
163,235,-0.000234326563969128,0.000301803530379207
166,235,-0.000239424375126514,0.000310919716298458
169,235,-0.000242112116165156,0.000318867347221326
172,235,-0.000242140870527004,0.000326770845080469
175,235,-0.000239774560353176,0.000335686455275471
178,235,-0.000235247478132164,0.000346106448420307
181,235,-0.000229051489877456,0.00035790340530037
184,235,-0.000222620551981608,0.000370531408359808
187,235,-0.000218260836321637,0.000383171338560231
190,235,-0.000218256560238155,0.000394842645183207
193,235,-0.000224315571890178,0.000404505520890158
196,235,-0.000237140098816339,0.000411387143653097
199,235,-0.000256114449317117,0.000415370729188047
202,235,-0.000279011302206037,0.000417033380203589
205,235,-0.00030238983698578,0.000417401475831942
208,235,-0.000322982758122028,0.000417294755575524
211,235,-0.000339106567869304,0.00041674550342973
214,235,-0.000350860178249203,0.000415128128474697
217,235,-0.000358920487380242,0.000411408119869875
220,235,-0.000363572388583659,0.000404431490166272
223,235,-0.000364668053544347,0.000393515561306684
226,235,-0.000361496972897386,0.000378798616085634
229,235,-0.000353324895733611,0.000361263156093816
232,235,-0.00034026168616204,0.00034232551564458
235,235,-0.000323217138259912,0.000323217138259912
238,235,-0.000304393541526092,0.000304393541526095
241,235,-0.000285921700745151,0.000285921700745147
244,235,-0.000267816673283418,0.000267816673283419
247,235,-0.000250092202453421,0.000250092202453422
250,235,-0.000232760754774565,0.000232760754774566
253,235,-0.000215833557677309,0.000215833557677305
256,235,-0.000199320637566969,0.000199320637566972
259,235,-0.000183230858165686,0.000183230858165685
262,235,-0.000167571959055912,0.000167571959055915
265,235,-0.000152350594350271,0.000152350594350269
268,235,-0.000137572371417279,0.000137572371417281
271,235,-0.000123241889594652,0.000123241889594652
274,235,-0.000109362778825459,0.000109362778825463
277,235,-9.59377381553081e-05,9.59377381553058e-05
280,235,-8.29685740320892e-05,8.29685740320896e-05
283,235,-7.04562383521031e-05,7.04562383521037e-05
286,235,-5.84008662005582e-05,5.84008662005603e-05
289,235,-4.68018132359422e-05,4.68018132359411e-05
292,235,-3.5657692672094e-05,3.56576926720961e-05
295,235,-2.49664118132252e-05,2.49664118132254e-05
298,235,-1.47252081013488e-05,1.47252081013494e-05
1,240,-1.96634153404318e-10,1.96634153404318e-10
4,240,-1.81326699602657e-06,-3.38792689121269e-07
7,240,-5.44162338777151e-06,-2.03307947112439e-06
10,240,-8.99181660398876e-06,-5.42786661898153e-06
13,240,-1.0656080969418e-05,-1.01174234618857e-05
16,240,-9.56219479738732e-06,-1.52873451964887e-05
19,240,-5.87223926097228e-06,-2.01073847571565e-05
22,240,-4.24492470393581e-07,-2.43285387734733e-05
25,240,5.61801469516991e-06,-2.85133720034358e-05
28,240,1.1038305127055e-05,-3.38111797664742e-05
31,240,1.50559584191781e-05,-4.1569576192099e-05
34,240,1.75309033155252e-05,-5.27986036102911e-05
37,240,1.86843560469823e-05,-6.75957768251364e-05
40,240,1.86714439667316e-05,-8.4792943793187e-05
43,240,1.75626432610381e-05,-0.000101686837348205
46,240,1.53483978650749e-05,-0.000114643228735937
49,240,1.20329352628307e-05,-0.000120971103970858
52,240,7.91859051793961e-06,-0.000120214212907317
55,240,3.66611920074435e-06,-0.000114416682699929
58,240,2.48673398743164e-07,-0.000107115410659803
61,240,-1.28846557835803e-06,-0.000101763240075301
64,240,-5.14292249675147e-07,-0.000100171020905565
67,240,2.18726261469614e-06,-0.000102397656583287
70,240,5.73298293529392e-06,-0.000107131075167926
73,240,8.72977922945156e-06,-0.000112201346329495
76,240,9.88891482888736e-06,-0.000115235666258801
79,240,8.24581130627225e-06,-0.000114733728635695
82,240,3.07302362838016e-06,-0.000110762038736479
85,240,-6.17304540980761e-06,-0.000104437372009564
88,240,-1.94822617042143e-05,-9.70268977251494e-05
91,240,-3.60681616587267e-05,-8.93645652755746e-05
94,240,-5.45024149797337e-05,-8.1651644034649e-05
97,240,-7.33425486213406e-05,-7.34457460323461e-05
100,240,-9.14297584904473e-05,-6.38591966117052e-05
103,240,-0.000107978294637077,-5.21128150400481e-05
106,240,-0.000122687331117894,-3.84337678343951e-05
109,240,-0.000135605019177358,-2.41730597738093e-05
112,240,-0.000147175168817429,-1.0767324994833e-05
115,240,-0.000157905220110359,1.52944136697907e-06
118,240,-0.000167507692388999,1.36887164971222e-05
121,240,-0.000175113120039996,2.72861011958299e-05
124,240,-0.000180432676120372,4.36008389697885e-05
127,240,-0.000184001974080628,6.30777225287018e-05
130,240,-0.00018648174653705,8.52154676468352e-05
133,240,-0.000188025847026835,0.000108947368695701
136,240,-0.000188474982382349,0.000133060546508665
139,240,-0.000188098126103728,0.000156505348248919
142,240,-0.000187798159980351,0.00017857869524529
145,240,-0.000188783234820497,0.000198957236975348
148,240,-0.000191800607549427,0.00021761627637884
151,240,-0.000196765028857209,0.000234653313060572
154,240,-0.000203069786886346,0.000250183015304181
157,240,-0.000210145960535322,0.000264298169290223
160,240,-0.000217407822720881,0.000276926591002997
163,240,-0.000224076296434612,0.000287838198992903
166,240,-0.000229235266418958,0.000297006919254496
169,240,-0.000232009600645403,0.000305039484394709
172,240,-0.0002321512561916,0.000313061445914322
175,240,-0.000229925028834366,0.00032213017878105
178,240,-0.000225566084697903,0.000332739083176995
181,240,-0.000219567163431391,0.000344761869455671
184,240,-0.000213363095063087,0.000357653749629361
187,240,-0.000209260925105716,0.000370596734227807
190,240,-0.0002095457445356,0.000382611402100697
193,240,-0.000215926275147435,0.000392659075477574
196,240,-0.00022910561811558,0.000399968061898599
199,240,-0.000248468955376188,0.000404422706647908
202,240,-0.00027178983937853,0.000406601242002217
205,240,-0.000295628323260942,0.000407531176661867
208,240,-0.000316717985124833,0.000408033379697393
211,240,-0.000333376200860406,0.000408141264672341
214,240,-0.000345702756125009,0.000407230370234972
217,240,-0.000354375422672801,0.000404267315112847
220,240,-0.000359679967460757,0.000398099241425104
223,240,-0.000361469435809444,0.000388044600682692
226,240,-0.000359034191989712,0.000374242805248253
229,240,-0.000351640858728013,0.000357677486280567
232,240,-0.000339400173769104,0.00033976610766115
235,240,-0.000323222804825908,0.000321741242480123
238,240,-0.000304676392137932,0.000303980316600636
241,240,-0.000285921700745151,0.000285921700745147
244,240,-0.000267816673283418,0.000267816673283419
247,240,-0.000250092202453421,0.000250092202453422
250,240,-0.000232760754774565,0.000232760754774566
253,240,-0.000215833557677309,0.000215833557677305
256,240,-0.000199320637566969,0.000199320637566972
259,240,-0.000183230858165686,0.000183230858165685
262,240,-0.000167571959055912,0.000167571959055915
265,240,-0.000152350594350271,0.000152350594350269
268,240,-0.000137572371417279,0.000137572371417281
271,240,-0.000123241889594652,0.000123241889594652
274,240,-0.000109362778825459,0.000109362778825463
277,240,-9.59377381553081e-05,9.59377381553058e-05
280,240,-8.29685740320892e-05,8.29685740320896e-05
283,240,-7.04562383521031e-05,7.04562383521037e-05
286,240,-5.84008662005582e-05,5.84008662005603e-05
289,240,-4.68018132359422e-05,4.68018132359411e-05
292,240,-3.5657692672094e-05,3.56576926720961e-05
295,240,-2.49664118132252e-05,2.49664118132254e-05
298,240,-1.47252081013488e-05,1.47252081013494e-05
1,245,-1.96634153404318e-10,1.96634153404318e-10
4,245,-1.8978408801332e-06,-4.02858201922176e-07
7,245,-5.73392072042973e-06,-2.25449644579649e-06
10,245,-9.61021532745203e-06,-5.8963051643982e-06
13,245,-1.1714187403739e-05,-1.09189378467508e-05
16,245,-1.11688436404303e-05,-1.650437384931e-05
19,245,-8.13149358839465e-06,-2.18187502662698e-05
22,245,-3.4356437356627e-06,-2.66094478870278e-05
25,245,1.76044666079126e-06,-3.14354156294001e-05
28,245,6.24457211448711e-06,-3.7442332972627e-05
31,245,9.24108384154878e-06,-4.59741982060465e-05
34,245,1.06146822081586e-05,-5.80374378194441e-05
37,245,1.05913550674026e-05,-7.37259507767314e-05
40,245,9.33100139463803e-06,-9.18679691942723e-05
43,245,6.90886899835082e-06,-0.000109756610065662
46,245,3.3201734358956e-06,-0.000123754028796433
49,245,-1.42608618652124e-06,-0.000131165595560917
52,245,-7.02280318310186e-06,-0.000131531444373241
55,245,-1.28044503612773e-05,-0.000126892086547859
58,245,-1.77931040113695e-05,-0.000120780803555701
61,245,-2.09387112014577e-05,-0.000116646822844933
64,245,-2.1805494828492e-05,-0.000116297378534519
67,245,-2.07726140403416e-05,-0.000119787758216974
70,245,-1.89185132942864e-05,-0.000125802274111569
73,245,-1.76315104507829e-05,-0.000132167380048127
76,245,-1.81955705559507e-05,-0.000136506656377284
79,245,-2.15705004148871e-05,-0.000137316180938705
82,245,-2.84789734386291e-05,-0.000134658843168501
85,245,-3.94598152099946e-05,-0.000129647802674908
88,245,-5.44981200027331e-05,-0.000123546612887942
91,245,-7.28026525985137e-05,-0.000117185607359763
94,245,-9.29403110815306e-05,-0.000110762439623994
97,245,-0.000113463850783695,-0.000103831105870413
100,245,-0.000133209695989723,-9.55003156018986e-05
103,245,-0.000151387325127422,-8.49872722455661e-05
106,245,-0.000167691140631267,-7.25155264782842e-05
109,245,-0.000182164522123517,-5.9432467238901e-05
112,245,-0.000195246507983949,-4.71711128237965e-05
115,245,-0.000207439766662604,-3.59818425283306e-05
118,245,-0.000218452045870142,-2.48895633268403e-05
121,245,-0.000227409108371002,-1.23150585788865e-05
124,245,-0.000234017355600036,3.0245310623734e-06
127,245,-0.00023880762938553,2.15776141468534e-05
130,245,-0.000242435890721572,4.28465222889853e-05
133,245,-0.000245051221523162,6.57681657004609e-05
136,245,-0.000246489557000473,8.91332810548338e-05
139,245,-0.000247015099031454,0.000111895831355494
142,245,-0.000247525957783276,0.000133356353771425
145,245,-0.000249225512442015,0.000153195113620403
148,245,-0.00025285624831075,0.000171391029682338
151,245,-0.000258328144457347,0.000188045217402232
154,245,-0.000265029717402115,0.0002032759609039
157,245,-0.000272387274421332,0.000217179662208079
160,245,-0.000279810316809552,0.000229687753139256
163,245,-0.000286514995936165,0.000240573768088011
166,245,-0.000291580424921418,0.000249815248889083
169,245,-0.000294126700114605,0.000258022543989585
172,245,-0.000293901006971177,0.00026632482073049
175,245,-0.000291163369645745,0.000275783069919679
178,245,-0.000286144182640335,0.000286894307579446
181,245,-0.00027933141398191,0.000299535859903495
184,245,-0.000272155122076541,0.000313166554744285
187,245,-0.00026691758081475,0.000326972018471732
190,245,-0.000265899109550678,0.000339976445775729
193,245,-0.00027080365845681,0.000351144774725975
196,245,-0.000282329557085305,0.000359708928702834
199,245,-0.000299857215750125,0.000365556868830617
202,245,-0.000321155415278351,0.000369270443226225
205,245,-0.000342779437186116,0.000371880776430176
208,245,-0.00036145808795263,0.000374212353353195
211,245,-0.000375503971845896,0.000376302203399015
214,245,-0.000385012102901087,0.00037752948105607
217,245,-0.000390655481250141,0.000376864420892096
220,245,-0.00039271510222785,0.000373157780866444
223,245,-0.000391039239532566,0.000365731628330216
226,245,-0.000384913485812975,0.000354728991486258
229,245,-0.000373599692173297,0.0003411371173335
232,245,-0.000357203824736126,0.000326377085593694
235,245,-0.000336631779592138,0.000311685085197097
238,245,-0.000313446425358729,0.00029744215784707
241,245,-0.000289803755453578,0.000283090290106214
244,245,-0.000268242653740163,0.000267509301240146
247,245,-0.000250092202453421,0.000250092202453422
250,245,-0.000232760754774565,0.000232760754774566
253,245,-0.000215833557677309,0.000215833557677305
256,245,-0.000199320637566969,0.000199320637566972
259,245,-0.000183230858165686,0.000183230858165685
262,245,-0.000167571959055912,0.000167571959055915
265,245,-0.000152350594350271,0.000152350594350269
268,245,-0.000137572371417279,0.000137572371417281
271,245,-0.000123241889594652,0.000123241889594652
274,245,-0.000109362778825459,0.000109362778825463
277,245,-9.59377381553081e-05,9.59377381553058e-05
280,245,-8.29685740320892e-05,8.29685740320896e-05
283,245,-7.04562383521031e-05,7.04562383521037e-05
286,245,-5.84008662005582e-05,5.84008662005603e-05
289,245,-4.68018132359422e-05,4.68018132359411e-05
292,245,-3.5657692672094e-05,3.56576926720961e-05
295,245,-2.49664118132252e-05,2.49664118132254e-05
298,245,-1.47252081013488e-05,1.47252081013494e-05
1,250,-1.96634153404318e-10,1.96634153404318e-10
4,250,-1.99142092930895e-06,-4.80216075560303e-07
7,250,-6.05742130184208e-06,-2.52191989098131e-06
10,250,-1.02947960218189e-05,-6.46222159150934e-06
13,250,-1.28858268894523e-05,-1.18874943786162e-05
16,250,-1.29483396935298e-05,-1.79754373212132e-05
19,250,-1.06344630825901e-05,-2.38879072259487e-05
22,250,-6.77252264232274e-06,-2.93680045946868e-05
25,250,-2.51559672737122e-06,-3.49703980576803e-05
28,250,9.29290078121068e-07,-4.1836486806635e-05
31,250,2.7916698926233e-06,-5.13059888433499e-05
34,250,2.94142398464999e-06,-6.43810503700562e-05
37,250,1.60972110962613e-06,-8.11512900631394e-05
40,250,-1.03835885475097e-06,-0.000100440659751395
43,250,-4.92238719767264e-06,-0.00011953799614088
46,250,-1.00419674594212e-05,-0.000134801174349597
49,250,-1.63829196314797e-05,-0.000143531284264326
52,250,-2.36329561256959e-05,-0.000145264179611636
55,250,-3.11213688471655e-05,-0.000142036091418451
58,250,-3.78650531838712e-05,-0.000137376020868153
61,250,-4.28087753015644e-05,-0.000134728915121373
64,250,-4.55115771948587e-05,-0.000135897728009514
67,250,-4.63474371092838e-05,-0.000140933466837555
70,250,-4.63896185997648e-05,-0.000148516163537222
73,250,-4.70212586244426e-05,-0.000156467991650801
76,250,-4.95211413270803e-05,-0.000162408251241369
79,250,-5.48438926104705e-05,-0.000164828739861048
82,250,-6.37070049832746e-05,-0.000163788066658432
85,250,-7.66441231259939e-05,-0.000160395110954176
88,250,-9.36351604100449e-05,-0.000155909145890765
91,250,-0.000113883700714744,-0.00015115622473282
94,250,-0.000135951461221958,-0.000146329720726422
97,250,-0.000158386016361257,-0.000140979349773794
100,250,-0.000180018609515013,-0.000134209541090289
103,250,-0.000200053538208723,-0.000125233217815443
106,250,-0.000218180023974495,-0.000114269650338616
109,250,-0.000234436265532257,-0.00010266194731109
112,250,-0.000249256120359457,-9.18388467417157e-05
115,250,-0.000263137076003806,-8.20464476382848e-05
118,250,-0.000275781699273595,-7.23053766876281e-05
121,250,-0.000286310572030962,-6.10321369617268e-05
124,250,-0.000294424914808396,-4.69395888262102e-05
127,250,-0.000300650388531861,-2.95750434436133e-05
130,250,-0.000305637773293099,-9.43188891197326e-06
133,250,-0.000309530970104775,1.24310652679622e-05
136,250,-0.000312160733274723,3.48088360572809e-05
139,250,-0.000313786083778571,5.66596667469264e-05
142,250,-0.00031529995088112,7.72883747934124e-05
145,250,-0.000317900532866144,9.63795058020694e-05
148,250,-0.000322325134134358,0.000113916258840348
151,250,-0.000328478552851313,0.000130004029640807
154,250,-0.000335744124634951,0.000144765382614786
157,250,-0.000343542975859237,0.000158301000070579
160,250,-0.000351279426916383,0.000170546594120211
163,250,-0.000358164448273442,0.000181279979441815
166,250,-0.000363271972148322,0.000190482978157667
169,250,-0.000365716913987973,0.000198770219002427
172,250,-0.00036524127834552,0.000207275149604605
175,250,-0.000362099908473227,0.000217063041059639
178,250,-0.000356518017970786,0.000228635189677361
181,250,-0.000348978393962829,0.000241873201939011
184,250,-0.000340905913953087,0.00025624018598461
187,250,-0.000334597670929733,0.000270926048471608
190,250,-0.00033232880334458,0.000284959264377429
193,250,-0.000335798080467776,0.000297309052059351
196,250,-0.000345698650949152,0.000307211615185258
199,250,-0.000361405744200308,0.000314559195167004
202,250,-0.000380682960146012,0.000319937920409039
205,250,-0.000400080399400044,0.000324383195739428
208,250,-0.000416321687539297,0.000328723786356447
211,250,-0.000427714247929406,0.000333001001951353
214,250,-0.000434347913703224,0.000336598277300136
217,250,-0.000436890504090354,0.000338490127258078
220,250,-0.000435617833523256,0.000337531590072088
223,250,-0.00043037299479792,0.000333049013380779
226,250,-0.000420436399660716,0.000325189705674559
229,250,-0.000405064718313525,0.0003149451942399
232,250,-0.000384358735976613,0.000303740839086134
235,250,-0.000359219167838286,0.000292817109430999
238,250,-0.000331203701613628,0.000282559327265431
241,250,-0.000302463149817969,0.000272413759439571
244,250,-0.00027553121541248,0.000261264505506618
247,250,-0.000252170188066439,0.000248186485668471
250,250,-0.000232760754774565,0.000232760754774566
253,250,-0.000215833557677309,0.000215833557677305
256,250,-0.000199320637566969,0.000199320637566972
259,250,-0.000183230858165686,0.000183230858165685
262,250,-0.000167571959055912,0.000167571959055915
265,250,-0.000152350594350271,0.000152350594350269
268,250,-0.000137572371417279,0.000137572371417281
271,250,-0.000123241889594652,0.000123241889594652
274,250,-0.000109362778825459,0.000109362778825463
277,250,-9.59377381553081e-05,9.59377381553058e-05
280,250,-8.29685740320892e-05,8.29685740320896e-05
283,250,-7.04562383521031e-05,7.04562383521037e-05
286,250,-5.84008662005582e-05,5.84008662005603e-05
289,250,-4.68018132359422e-05,4.68018132359411e-05
292,250,-3.5657692672094e-05,3.56576926720961e-05
295,250,-2.49664118132252e-05,2.49664118132254e-05
298,250,-1.47252081013488e-05,1.47252081013494e-05
1,255,-1.96634153404318e-10,1.96634153404318e-10
4,255,-2.0353212385872e-06,-5.44682924488296e-07
7,255,-6.20921756123222e-06,-2.74483343418292e-06
10,255,-1.06160990996524e-05,-6.93406398114658e-06
13,255,-1.34358628815208e-05,-1.26952500736394e-05
16,255,-1.3783949923118e-05,-1.92025930873866e-05
19,255,-1.18101041004661e-05,-2.56144521358437e-05
22,255,-8.34026622672374e-06,-3.16704300276583e-05
25,255,-4.52512988401386e-06,-3.79216976999278e-05
28,255,-1.56933488396611e-06,-4.55061566511228e-05
31,255,-2.40964335592977e-07,-5.57600271898609e-05
34,255,-6.67752197846939e-07,-6.96819578251875e-05
37,255,-2.61614494279469e-06,-8.73580695402756e-05
40,255,-5.91867792020821e-06,-0.000107608816470731
43,255,-1.04925376467752e-05,-0.000127719537629423
46,255,-1.63349428902402e-05,-0.000144044610441149
49,255,-2.34293288695766e-05,-0.000153881627099498
52,255,-3.14610232240997e-05,-0.000156762943637841
55,255,-3.9756933086414e-05,-0.000154721293389905
58,255,-4.73315690719477e-05,-0.000151282179845877
61,255,-5.31273125739506e-05,-0.0001498870524732
64,255,-5.67008208145011e-05,-0.000152335367410071
67,255,-5.84236872666328e-05,-0.000158674634268268
70,255,-5.93667907127296e-05,-0.000167581387286343
73,255,-6.09108833384191e-05,-0.000176874302313369
76,255,-6.43323645149424e-05,-0.000184169181719238
79,255,-7.05834753725853e-05,-0.00018795432536286
82,255,-8.03793236474715e-05,-0.000188284844699645
85,255,-9.42511692475863e-05,-0.000186266121357053
88,255,-0.000112176540771808,-0.000183153930784371
91,255,-0.000133356637326989,-0.000179770828553015
94,255,-0.000156350791322422,-0.000176306690215895
97,255,-0.000179704192415171,-0.000172307733982014
100,255,-0.000202245699215088,-0.000166874891373538
103,255,-0.000223177224475161,-0.0001592175878368
106,255,-0.000242185604954969,-0.000149551596067985
109,255,-0.000259306654601914,-0.000139216527025164
112,255,-0.000274971846120921,-0.000129637621023997
115,255,-0.000289676282287205,-0.000121057479379059
118,255,-0.000303120145136522,-0.000112493231084011
121,255,-0.000314421631758475,-0.000102357881517632
124,255,-0.000323279577913052,-8.93607933523611e-05
127,255,-0.000330217259753699,-7.30457800575186e-05
130,255,-0.000335883072599619,-5.39027320379663e-05
133,255,-0.000340418532690975,-3.29869611012441e-05
136,255,-0.000343652009563062,-1.14999525930703e-05
139,255,-0.000345840139419014,9.52003447069698e-06
142,255,-0.000347873466751092,2.93813152397636e-05
145,255,-0.000350947805070553,4.77719330126484e-05
148,255,-0.000355798074005588,6.46785845500042e-05
151,255,-0.000362326686949247,8.02101632775925e-05
154,255,-0.000369914594746927,9.449273129994e-05
157,255,-0.000377980539000088,0.000107630468618534
160,255,-0.000385926455328415,0.000119562585038602
163,255,-0.000392960929426439,0.000130070392931475
166,255,-0.000398155508739557,0.000139139212112619
169,255,-0.000400622723942197,0.000147387169009889
172,255,-0.000400102194814955,0.000155951208944993
175,255,-0.000396846379837577,0.000165900100706559
178,255,-0.000391078107837241,0.000177738638297626
181,255,-0.000383277781166058,0.000191351925892626
184,255,-0.000374867892555236,0.000206206569324773
187,255,-0.000368143150220424,0.000221495972944709
190,255,-0.000365376307840915,0.00023625210942307
193,255,-0.000368263749914349,0.000249447694810299
196,255,-0.000377496240318031,0.000260322430467508
199,255,-0.000392446623691033,0.000268772055499732
202,255,-0.000410876115185592,0.000275386196004613
205,255,-0.000429332430643004,0.000281203754503417
208,255,-0.000444536810867616,0.000287056993887628
211,255,-0.000454794294452547,0.000292990721541678
214,255,-0.000460192329758121,0.000298391869934754
217,255,-0.000461396351241439,0.000302238451615342
220,255,-0.000458679788562443,0.000303389002523559
223,255,-0.000451883349744573,0.000301173367991192
226,255,-0.000440285061761685,0.000295742354201844
229,255,-0.000423139210043179,0.000288090986135205
232,255,-0.000400544195036776,0.000279648121493794
235,255,-0.000373398347158245,0.000271657727188524
238,255,-0.000343256969350152,0.000264508622903547
241,255,-0.000312268489355342,0.000257650573182199
244,255,-0.000282964225362452,0.000249971175270885
247,255,-0.00025710408226821,0.000240548847064666
250,255,-0.000235066362294819,0.000228968141106185
253,255,-0.00021617708784723,0.000215139515777595
256,255,-0.000199320637566969,0.000199320637566972
259,255,-0.000183230858165686,0.000183230858165685
262,255,-0.000167571959055912,0.000167571959055915
265,255,-0.000152350594350271,0.000152350594350269
268,255,-0.000137572371417279,0.000137572371417281
271,255,-0.000123241889594652,0.000123241889594652
274,255,-0.000109362778825459,0.000109362778825463
277,255,-9.59377381553081e-05,9.59377381553058e-05
280,255,-8.29685740320892e-05,8.29685740320896e-05
283,255,-7.04562383521031e-05,7.04562383521037e-05
286,255,-5.84008662005582e-05,5.84008662005603e-05
289,255,-4.68018132359422e-05,4.68018132359411e-05
292,255,-3.5657692672094e-05,3.56576926720961e-05
295,255,-2.49664118132252e-05,2.49664118132254e-05
298,255,-1.47252081013488e-05,1.47252081013494e-05
1,260,-1.96634153404318e-10,1.96634153404318e-10
4,260,-2.04730787511777e-06,-5.69364351614167e-07
7,260,-6.25067451902174e-06,-2.83019503971582e-06
10,260,-1.07038720019005e-05,-7.11478872992934e-06
13,260,-1.35861592899067e-05,-1.30047051441164e-05
16,260,-1.40123393377947e-05,-1.9672829871588e-05
19,260,-1.21315179600715e-05,-2.62762062393788e-05
22,260,-8.76899790837095e-06,-3.25531212697447e-05
25,260,-5.0748347032972e-06,-3.90534301133449e-05
28,260,-2.25303009493724e-06,-4.69137184822586e-05
31,260,-1.0710291308072e-06,-5.7468890898683e-05
34,260,-1.65592770832153e-06,-7.17162800852518e-05
37,260,-3.77353423803048e-06,-8.97406912387244e-05
40,260,-7.25574600817575e-06,-0.000110361262708297
43,260,-1.20191114739409e-05,-0.000130862017720419
46,260,-1.80602113415318e-05,-0.000147596017913485
49,260,-2.53618427683998e-05,-0.000157859539694667
52,260,-3.36086953323293e-05,-0.000161183623310936
55,260,-4.21270381044307e-05,-0.000159599686309577
58,260,-4.99307436385933e-05,-0.0001566319163944
61,260,-5.59615552665367e-05,-0.000155720447246408
64,260,-5.97754921488151e-05,-0.000158663419217403
67,260,-6.17435096969612e-05,-0.000165507026132739
70,260,-6.29358486318262e-05,-0.00017492648644457
73,260,-6.4732623077508e-05,-0.000184739160215541
76,260,-6.84095943437154e-05,-0.000192559534029138
79,260,-7.4918365499246e-05,-0.000196874591957861
82,260,-8.49734062186688e-05,-0.000197738129670705
85,260,-9.9105338348464e-05,-0.000196254213008724
88,260,-0.000117291052425971,-0.000193677301634785
91,260,-0.000138731109496545,-0.000190828635333892
94,260,-0.000161984203907933,-0.000187896773872547
97,260,-0.000185594887255694,-0.000184426619673336
100,260,-0.000208391380088131,-0.000179517788472015
103,260,-0.000229574957096747,-0.000172378389928514
106,260,-0.000248831816979562,-0.000163222880952588
109,260,-0.000266197135622485,-0.000153389556715907
112,260,-0.000282101747668892,-0.000144302341747712
115,260,-0.000297040117832504,-0.000136202521576181
118,260,-0.000310711790087531,-0.00012810590940854
121,260,-0.00032223432346206,-0.00011842419483718
124,260,-0.000331305915654551,-0.000105865424748103
127,260,-0.000338449204756951,-8.99720968242364e-05
130,260,-0.000344311948026922,-7.1232785684018e-05
133,260,-0.000349035023643097,-5.07014873485805e-05
136,260,-0.000352446163079257,-2.95783713772329e-05
139,260,-0.000354801364477023,-8.90038099942007e-06
142,260,-0.000356990534267116,1.06421147209804e-05
145,260,-0.000360208847899282,2.87384748689001e-05
148,260,-0.000365190586940183,4.53767119914055e-05
151,260,-0.000371837526721358,6.06670353006522e-05
154,260,-0.000379529980026669,7.47368226876083e-05
157,260,-0.00038768605039606,8.76915699401577e-05
160,260,-0.000395707035387686,9.94718026499399e-05
163,260,-0.000402800882634564,0.00010986014897469
166,260,-0.000408038501520568,0.000118843244516305
169,260,-0.000410531784658598,0.000127040531489041
172,260,-0.000410019713767731,0.000135590271001024
175,260,-0.000406754109266193,0.000145562547627288
178,260,-0.000400957161919634,0.000157463471157286
181,260,-0.000393108636018637,0.000171179461551865
184,260,-0.000384630386232907,0.000186178440430647
187,260,-0.000377816482716549,0.000201655127930687
190,260,-0.000374939041087352,0.000216642812509035
193,260,-0.000377693807781415,0.000230115526002547
196,260,-0.000386770908614536,0.000241314285558751
199,260,-0.00040154255016426,0.000250136146069084
202,260,-0.000419769309521292,0.000257172049417609
205,260,-0.000437998264465417,0.000263462213911999
208,260,-0.000452950017739458,0.000269840218230159
211,260,-0.000462928969875013,0.000276352185542916
214,260,-0.000468021931170856,0.000282386364105892
217,260,-0.000468893698022611,0.000286922082253967
220,260,-0.000465817062028679,0.000288819191713675
223,260,-0.000458632093150972,0.000287408853603227
226,260,-0.0004466161803018,0.000282843189892617
229,260,-0.00042902297084909,0.000276118541347962
232,260,-0.00040595022717901,0.000268665081458194
235,260,-0.000378295641645825,0.000261728092920633
238,260,-0.000347613879130514,0.000255697711205842
241,260,-0.000316052729314514,0.000250025016643568
244,260,-0.000286142872324865,0.000243598922266641
247,260,-0.000259643574996778,0.000235499161756517
250,260,-0.000236932501490918,0.000225311603442271
253,260,-0.000217335036150763,0.000212948021492436
256,260,-0.000199734919556285,0.000198667398181539
259,260,-0.000183267856660379,0.000183205729853911
262,260,-0.000167571959055912,0.000167571959055915
265,260,-0.000152350594350271,0.000152350594350269
268,260,-0.000137572371417279,0.000137572371417281
271,260,-0.000123241889594652,0.000123241889594652
274,260,-0.000109362778825459,0.000109362778825463
277,260,-9.59377381553081e-05,9.59377381553058e-05
280,260,-8.29685740320892e-05,8.29685740320896e-05
283,260,-7.04562383521031e-05,7.04562383521037e-05
286,260,-5.84008662005582e-05,5.84008662005603e-05
289,260,-4.68018132359422e-05,4.68018132359411e-05
292,260,-3.5657692672094e-05,3.56576926720961e-05
295,260,-2.49664118132252e-05,2.49664118132254e-05
298,260,-1.47252081013488e-05,1.47252081013494e-05
1,265,-1.96634153404318e-10,1.96634153404318e-10
4,265,-2.05425642581787e-06,-5.60435092679409e-07
7,265,-6.27471246717995e-06,-2.79930417186544e-06
10,265,-1.07547776494381e-05,-7.04936873831138e-06
13,265,-1.3673348393929e-05,-1.28926533490078e-05
16,265,-1.41448651105733e-05,-1.95025084283939e-05
19,265,-1.23180710690692e-05,-2.60364421386364e-05
22,265,-9.01790647620279e-06,-3.22332063371012e-05
25,265,-5.39406430777246e-06,-3.86431210095852e-05
28,265,-2.65018376903227e-06,-4.64032367032955e-05
31,265,-1.55334736268396e-06,-5.68489227755459e-05
34,265,-2.23028844131294e-06,-7.09779767840975e-05
37,265,-4.44645287064585e-06,-8.88756687608448e-05
40,265,-8.03337539409069e-06,-0.000109361601890108
43,265,-1.29072419220166e-05,-0.000129720264233462
46,265,-1.90642706158037e-05,-0.000146305182264425
49,265,-2.64868960880802e-05,-0.000156413097225289
52,265,-3.48594453718032e-05,-0.000159575514198166
55,265,-4.35078249932648e-05,-0.000157824315565465
58,265,-5.14455449615175e-05,-0.00015468415386611
61,265,-5.76139860634696e-05,-0.000153595627616237
64,265,-6.15688049148465e-05,-0.000156357342002781
67,265,-6.36805943823577e-05,-0.000163015955686225
70,265,-6.5019232642027e-05,-0.000172247151953824
73,265,-6.69644712731305e-05,-0.000181868755703374
76,265,-7.07917090405529e-05,-0.000189495718353484
79,265,-7.74521864682678e-05,-0.000193615488811781
82,265,-8.76600106860225e-05,-0.000194282327582375
85,265,-0.000101945440995466,-0.000192600765341445
88,265,-0.000120285005389112,-0.000189825726586997
91,265,-0.000141878902367507,-0.000186778915939167
94,265,-0.000165285463733557,-0.000183649357999554
97,265,-0.000189048878538001,-0.0001799824200259
100,265,-0.00021199700478432,-0.000174878182589075
103,265,-0.0002333307546192,-0.000167545220184151
106,265,-0.00025273596419583,-0.000158198454555975
109,265,-0.000270247446855288,-0.000148176645711376
112,265,-0.000286295674696134,-0.000138904183014701
115,265,-0.000301374749887263,-0.000130622816829277
118,265,-0.00031518385385806,-0.000122348825197431
121,265,-0.000326840183091796,-0.000112494362546686
124,265,-0.000336041572742086,-9.97679405981794e-05
127,265,-0.000343310298356078,-8.37125218699747e-05
130,265,-0.000349293754646598,-6.48171458156095e-05
133,265,-0.000354132457247449,-4.41362732913565e-05
136,265,-0.000357653775087595,-2.28705386916425e-05
139,265,-0.00036011334376383,-2.05735008106717e-06
142,265,-0.000362400707162062,1.76124586414005e-05
145,265,-0.000365710678187193,3.58277817255513e-05
148,265,-0.000370777175861075,5.25761668833223e-05
151,265,-0.00037750161297041,6.79673584917423e-05
154,265,-0.000385263939754258,8.2128269606656e-05
157,265,-0.00039348189720771,9.5163931180831e-05
160,265,-0.000401556420344124,0.000107014403970767
163,265,-0.000408695094251674,0.000117461851299078
166,265,-0.000413968465769422,0.000126492443932528
169,265,-0.000416488064965429,0.000134725159250256
172,265,-0.000415992511013963,0.000143297793525254
175,265,-0.000412733261788424,0.000153279966497439
178,265,-0.000406932145509622,0.000165177323121128
181,265,-0.000399068563923342,0.000178875818522051
184,265,-0.000390564009154436,0.000193842909484691
187,265,-0.00038371218881221,0.000209272851310991
190,265,-0.000380784855969607,0.000224198467622867
193,265,-0.000383477394517926,0.000237593325422052
196,265,-0.000392479567728116,0.00024869797702093
199,265,-0.000407163219632913,0.000257409012475838
202,265,-0.000425288564778185,0.000264316908835707
205,265,-0.00044340231839892,0.000270461419573068
208,265,-0.000458224720693088,0.000276675658530708
211,265,-0.000468059809647481,0.000283005284044335
214,265,-0.00047299403301602,0.000288838079534451
217,265,-0.000473691824649558,0.000293152908500775
220,265,-0.000470425613601604,0.000294809157834746
223,265,-0.000463035107289317,0.000293137523819434
226,265,-0.000450797332080107,0.000288289663589734
229,265,-0.000432965572797159,0.0002812614530766
232,265,-0.000409637229281745,0.000273482600933841
235,265,-0.000381709631343355,0.000266197925023676
238,265,-0.00035073708131809,0.000259797095981547
241,265,-0.000318867006342644,0.000253730729302027
244,265,-0.000288629723999158,0.000246887273182847
247,265,-0.000261784138578068,0.00023834599647035
250,265,-0.000238707551695156,0.00022769230265849
253,265,-0.000218724985149153,0.000214837501080638
256,265,-0.000200719816975141,0.000200040109176195
259,265,-0.000183827389581244,0.000184035658454401
262,265,-0.000167721715275517,0.000167843918169014
265,265,-0.000152350594350271,0.000152350594350269
268,265,-0.000137572371417279,0.000137572371417281
271,265,-0.000123241889594652,0.000123241889594652
274,265,-0.000109362778825459,0.000109362778825463
277,265,-9.59377381553081e-05,9.59377381553058e-05
280,265,-8.29685740320892e-05,8.29685740320896e-05
283,265,-7.04562383521031e-05,7.04562383521037e-05
286,265,-5.84008662005582e-05,5.84008662005603e-05
289,265,-4.68018132359422e-05,4.68018132359411e-05
292,265,-3.5657692672094e-05,3.56576926720961e-05
295,265,-2.49664118132252e-05,2.49664118132254e-05
298,265,-1.47252081013488e-05,1.47252081013494e-05
1,270,-1.96634153404318e-10,1.96634153404318e-10
4,270,-2.04306251226253e-06,-5.76007341102081e-07
7,270,-6.23597693618345e-06,-2.85319008179522e-06
10,270,-1.06727225825549e-05,-7.16351648911925e-06
13,270,-1.35327656581362e-05,-1.30882178863528e-05
16,270,-1.39311163583136e-05,-1.97998514642242e-05
19,270,-1.20170877381978e-05,-2.64551321511761e-05
22,270,-8.61618979001922e-06,-3.27920185708731e-05
25,270,-4.87868527501788e-06,-3.93600374753898e-05
28,270,-2.00878318387357e-06,-4.72954461782325e-05
31,270,-7.74135804737508e-07,-5.79328208030022e-05
34,270,-1.30204627561152e-06,-7.22691656737357e-05
37,270,-3.3585302476787e-06,-9.03889575886093e-05
40,270,-6.77569224978041e-06,-0.000111111006498261
43,270,-1.14702879777168e-05,-0.000131719007230531
46,270,-1.74391053783074e-05,-0.000148565693025224
49,270,-2.46651488496156e-05,-0.000158947011890917
52,270,-3.28333152100377e-05,-0.000162393675676023
55,270,-4.12700807712993e-05,-0.000160936773529236
58,270,-4.89895253278893e-05,-0.000158100164755761
61,270,-5.49335994521616e-05,-0.000157323654638004
64,270,-5.86585295452595e-05,-0.000160405055129226
67,270,-6.05354782593508e-05,-0.000167390231656176
70,270,-6.16348935558715e-05,-0.000176954074272394
73,270,-6.33370967995627e-05,-0.000186913614641957
76,270,-6.69180565407234e-05,-0.00019488301094978
79,270,-7.33295830887795e-05,-0.000199348918869776
82,270,-8.32863533588988e-05,-0.000200364805672321
85,270,-9.73191964381821e-05,-0.000199034408799895
88,270,-0.000115405210104575,-0.000196611859516805
91,270,-0.000136745162644054,-0.000193918069209458
94,270,-0.000159897955644967,-0.000191141269245737
97,270,-0.000183408347943493,-0.000187826033649678
100,270,-0.000206104767328547,-0.00018307164975843
103,270,-0.000227188695732248,-0.000176085898833388
106,270,-0.000246346539093218,-0.000167082909385635
109,270,-0.000263613680537986,-0.000157400648188307
112,270,-0.000279421161950532,-0.000148462711372046
115,270,-0.00029426365528521,-0.000140510056066483
118,270,-0.000307840911756821,-0.00013255816708019
121,270,-0.000319270697634077,-0.000123018405607007
124,270,-0.000328251417856032,-0.000110598490134338
127,270,-0.000335305917755279,-9.48405899465734e-05
130,270,-0.000341082161830057,-7.62329512634882e-05
133,270,-0.000345721235499637,-5.58292417076721e-05
136,270,-0.000349051077478407,-3.48293024398383e-05
139,270,-0.000351327893148576,-1.42697482908716e-05
142,270,-0.000353441796181521,5.15938007398899e-06
145,270,-0.000356588169267557,2.31477701382298e-05
148,270,-0.000361501501213989,3.96837628475074e-05
151,270,-0.000368083774592944,5.48778958125448e-05
154,270,-0.000375715509428924,6.88578753229288e-05
157,270,-0.000383815016502463,8.17295255651155e-05
160,270,-0.000391783800612345,9.34337005293321e-05
163,270,-0.000398830016632184,0.000103753356771901
166,270,-0.000404024781186476,0.00011267545829329
169,270,-0.000406480194128726,0.000120819775706359
172,270,-0.000405935444418636,0.000129324898517821
175,270,-0.000402642559715033,0.000139261239701292
178,270,-0.000396823938024182,0.000151135237444813
181,270,-0.000388959550877285,0.000164833640107804
184,270,-0.000380471460184649,0.000179824697708492
187,270,-0.000373653943340999,0.000195303458782512
190,270,-0.000370779323204726,0.000210303540185504
193,270,-0.000373543553452572,0.0002237993021529
196,270,-0.000382636967140903,0.00023503209023081
199,270,-0.000397431978087909,0.000243899287709277
202,270,-0.000415689370624883,0.000250992164870946
205,270,-0.000433956429772263,0.00025735126842206
208,270,-0.00044895396551343,0.000263810505439114
211,270,-0.000458986585620643,0.000270416327491544
214,270,-0.000464141307633243,0.000276557311233556
217,270,-0.000465083135187529,0.000281213113398576
220,270,-0.000462085067122433,0.000283243914111756
223,270,-0.00045498738064056,0.000281981202889879
226,270,-0.000443067671894751,0.000277577430101576
229,270,-0.000425579795493639,0.000271029264911479
232,270,-0.000402621721063921,0.000263767209207123
235,270,-0.000375091348200537,0.000257036874084442
238,270,-0.000344543549025,0.000251228723412615
241,270,-0.000313126320459481,0.000245794165919874
244,270,-0.000283370549871499,0.000239622443037691
247,270,-0.000257035711336987,0.000231793616846129
250,270,-0.000234499676257127,0.000221893884072876
253,270,-0.000215088036216115,0.000209835347284944
256,270,-0.000197684739034408,0.000195877317155497
259,270,-0.000181425696905653,0.000180756118427489
262,270,-0.000165985491923276,0.000165492313588419
265,270,-0.000151312494165072,0.000150972401902148
268,270,-0.0001372602105772,0.00013718688010485
271,270,-0.000123241889594652,0.000123241889594652
274,270,-0.000109362778825459,0.000109362778825463
277,270,-9.59377381553081e-05,9.59377381553058e-05
280,270,-8.29685740320892e-05,8.29685740320896e-05
283,270,-7.04562383521031e-05,7.04562383521037e-05
286,270,-5.84008662005582e-05,5.84008662005603e-05
289,270,-4.68018132359422e-05,4.68018132359411e-05
292,270,-3.5657692672094e-05,3.56576926720961e-05
295,270,-2.49664118132252e-05,2.49664118132254e-05
298,270,-1.47252081013488e-05,1.47252081013494e-05
1,275,-1.96634153404318e-10,1.96634153404318e-10
4,275,-1.99009625086177e-06,-6.23165441477484e-07
7,275,-6.05266003890878e-06,-3.01640393166555e-06
10,275,-1.02843256975762e-05,-7.50931866429627e-06
13,275,-1.28672144563035e-05,-1.36807758893546e-05
16,275,-1.29189915331124e-05,-2.0700967724268e-05
19,275,-1.05916250057828e-05,-2.77242440241981e-05
22,275,-6.713279889189e-06,-3.44861983394945e-05
25,275,-2.43687396724652e-06,-4.1533992348939e-05
28,275,1.03072874671175e-06,-5.00015182927458e-05
31,275,2.91922094188453e-06,-6.12209872212245e-05
34,275,3.09864445761227e-06,-7.61870383850962e-05
37,275,1.80032862004332e-06,-9.49817835092554e-05
40,275,-8.10486122305998e-07,-0.000116421667471032
43,275,-4.65321048790441e-06,-0.000137788020024992
46,275,-9.72728744621371e-06,-0.000155431209337613
49,275,-1.60183764179797e-05,-0.000166644818344193
52,275,-2.32140292442311e-05,-0.00017095719381984
55,275,-3.06433772593742e-05,-0.00017039705983997
58,275,-3.73231552805211e-05,-0.000168485910636449
61,275,-4.2197968902715e-05,-0.00016866118641843
64,275,-4.48266995497508e-05,-0.000172718334065858
67,275,-4.55831648964478e-05,-0.000180700853932198
70,275,-4.5540467926893e-05,-0.000191281270997661
73,275,-4.60815850284997e-05,-0.000202274251853062
76,275,-4.84851397742085e-05,-0.000211291589609998
79,275,-5.37055974961201e-05,-0.000216817574869094
82,275,-6.2460290132036e-05,-0.000218903309827427
85,275,-7.52827017917364e-05,-0.000218650166854178
88,275,-9.21525852758159e-05,-0.000217309912140358
91,275,-0.000112273363892916,-0.000215701091999092
94,275,-0.000134206594254017,-0.000214009572724927
97,275,-0.000156499690217987,-0.000211777563268646
100,275,-0.000177983734596375,-0.000208101985894066
103,275,-0.000197862864343978,-0.000202188256789316
106,275,-0.00021582614042205,-0.000194248139392156
109,275,-0.000231911600979797,-0.000185617235402443
112,275,-0.00024655294292385,-0.00017771677587751
115,275,-0.000260247493231225,-0.000170785352873703
118,275,-0.000272697658139361,-0.000163836086126278
121,275,-0.000283023858939657,-0.000155277971755794
124,275,-0.000290927155593804,-0.000143816363176355
127,275,-0.000296933048457062,-0.000128991064599059
130,275,-0.000301692157050311,-0.000111287957170373
133,275,-0.0003053482218155,-9.17583434395879e-05
136,275,-0.000307731836489665,-7.15996994941274e-05
139,275,-0.000309101861477679,-5.18462750915921e-05
142,275,-0.000310351065473561,-3.31857458239008e-05
145,275,-0.000312677486190287,-1.59260591342814e-05
148,275,-0.000316818267457837,-7.65090037756191e-08
151,275,-0.000322678046870982,1.44758072516307e-05
154,275,-0.000329639999476877,2.78609609948229e-05
157,275,-0.000337125091078715,4.01871414855563e-05
160,275,-0.000344537481497953,5.13975677873601e-05
163,275,-0.000351087980630844,6.12775615298395e-05
166,275,-0.000355850360124551,6.98164517867703e-05
169,275,-0.000357939374855226,7.76363742443068e-05
172,275,-0.00035709686880524,8.58782834824591e-05
175,275,-0.000353577524656075,9.56149575481399e-05
178,275,-0.000347606395436645,0.000107355199702682
181,275,-0.00033966610770082,0.000120988123378819
184,275,-0.000331181378381554,0.000135984343668052
187,275,-0.000324449139896243,0.00015154127417933
190,275,-0.000321744370125921,0.000166694896841588
193,275,-0.000324765677769986,0.000180421936963545
196,275,-0.000334206050907482,0.000191966105164619
199,275,-0.000349440558379242,0.000201227149808141
202,275,-0.000368232639539214,0.000208798706250068
205,275,-0.00038713223443049,0.000215723686269919
208,275,-0.000402862808059125,0.0002228383620175
211,275,-0.000413731623220021,0.000230191550135534
214,275,-0.000419828352475184,0.000237174192351547
217,275,-0.000421820654483564,0.000242768310472234
220,275,-0.000419984183106749,0.000245836449696057
223,275,-0.000414161870570014,0.000245712464613088
226,275,-0.000403633968048846,0.000242551170665289
229,275,-0.000387656985174549,0.000237351602090526
232,275,-0.000366331546596442,0.000231546625849687
235,275,-0.00034055820693216,0.000226384218111968
238,275,-0.000311894493325857,0.000222257207819898
241,275,-0.000282491057722382,0.000218619368774923
244,275,-0.000254881442511864,0.000214362307481878
247,275,-0.000230827776792938,0.000208568451094084
250,275,-0.000210710586989422,0.000200826361412588
253,275,-0.000193858119708204,0.00019105050607761
256,275,-0.000179156977792328,0.000179502560835676
259,275,-0.000165745728458165,0.00016692121550299
262,275,-0.000153301608821762,0.000154329397640434
265,275,-0.000141775643983615,0.000142615971585045
268,275,-0.000131023995912451,0.000131773799146381
271,275,-0.000120462568066016,0.000120911386795821
274,275,-0.000109044704437277,0.000109109108807325
277,275,-9.59377381553081e-05,9.59377381553058e-05
280,275,-8.29685740320892e-05,8.29685740320896e-05
283,275,-7.04562383521031e-05,7.04562383521037e-05
286,275,-5.84008662005582e-05,5.84008662005603e-05
289,275,-4.68018132359422e-05,4.68018132359411e-05
292,275,-3.5657692672094e-05,3.56576926720961e-05
295,275,-2.49664118132252e-05,2.49664118132254e-05
298,275,-1.47252081013488e-05,1.47252081013494e-05
1,280,-1.96634153404318e-10,1.96634153404318e-10
4,280,-1.90941351179558e-06,-6.76364237575862e-07
7,280,-5.77336150078282e-06,-3.20056023738519e-06
10,280,-9.69245250575605e-06,-7.8995690038149e-06
13,280,-1.18527819615253e-05,-1.43496345974938e-05
16,280,-1.13759892914507e-05,-2.17183269464847e-05
19,280,-8.41801677867953e-06,-2.91573737166041e-05
22,280,-3.81100364344374e-06,-3.63997462688213e-05
25,280,1.28815812498971e-06,-4.39899840925916e-05
28,280,5.668630307915e-06,-5.30593572387465e-05
31,280,8.55613138918641e-06,-6.49374545682552e-05
34,280,9.81672900278683e-06,-8.0616293142474e-05
37,280,9.67777826950477e-06,-0.000100175362496944
40,280,8.30054543248588e-06,-0.000122428485319632
43,280,5.76164556792161e-06,-0.000144654369175752
46,280,2.05766150098954e-06,-0.000163200760042422
49,280,-2.80104039441447e-06,-0.000175358618665592
52,280,-8.50598616469667e-06,-0.000180653669630997
55,280,-1.4390281349594e-05,-0.000181112014824709
58,280,-1.94746349715815e-05,-0.000180252526289236
61,280,-2.27076268310769e-05,-0.000181510022044371
64,280,-2.36521125572203e-05,-0.000186677326780696
67,280,-2.26858840301908e-05,-0.000195795318662323
70,280,-2.08860184394183e-05,-0.000207533900480116
73,280,-1.96394663776976e-05,-0.000219705116635518
76,280,-2.022882562333e-05,-0.000229918138050778
79,280,-2.36125357137473e-05,-0.000236654633137177
82,280,-3.05119027921197e-05,-0.000239963081902392
85,280,-4.1464385173597e-05,-0.000240942234526298
88,280,-5.64537098641161e-05,-0.000240841235010518
91,280,-7.46872743776903e-05,-0.000240476007478829
94,280,-9.47306095306494e-05,-0.00024002979603642
97,280,-0.000115135103387216,-0.000239042187444712
100,280,-0.000134735812964305,-0.000236607481778174
103,280,-0.000152740849422074,-0.00023192847303558
106,280,-0.000168843247927113,-0.000225214302465321
109,280,-0.000183085020834011,-0.0002177979495779
112,280,-0.000195903839254743,-0.000211098023241297
115,280,-0.000207801004371694,-0.00020535049332251
118,280,-0.000218482896627642,-0.000199565857367422
121,280,-0.00022707391151935,-0.000192150489307242
124,280,-0.000233279083213892,-0.000181807120366713
127,280,-0.000237627886271858,-0.000168072932567584
130,280,-0.000240774914419486,-0.000151431184866957
133,280,-0.000242867882304099,-0.000132930557624772
136,280,-0.000243741357868077,-0.000113765904739087
139,280,-0.000243658175721656,-9.49688537781558e-05
142,280,-0.000243515078764209,-7.72244581445381e-05
145,280,-0.000244514078914083,-6.08380430921e-05
148,280,-0.0002473962942066,-4.58162804125302e-05
151,280,-0.000252070336441893,-3.20436452324594e-05
154,280,-0.000257923354872483,-1.93874439996366e-05
157,280,-0.000264380289506909,-7.73686526495434e-06
160,280,-0.000270849274371988,2.85393222446648e-06
163,280,-0.00027654509356934,1.21728922875995e-05
166,280,-0.000280545492951478,2.02119661875674e-05
169,280,-0.000281969201599913,2.75959117998961e-05
172,280,-0.000280562037702367,3.54683058939371e-05
175,280,-0.000276582658145696,4.49045487059638e-05
178,280,-0.000270260090164165,5.64160656866655e-05
181,280,-0.00026208093451699,6.98945924581396e-05
184,280,-0.000253473882342497,8.48133663012465e-05
187,280,-0.000246739840263439,0.000100372423014277
190,280,-0.000244157760366196,0.000115610366715533
193,280,-0.000247430225555542,0.000129506544903089
196,280,-0.00025725419811586,0.000141307290385721
199,280,-0.000273008721093344,0.000150914973716115
202,280,-0.000292461208047316,0.000158925852439593
205,280,-0.000312165573226213,0.000166385460525015
208,280,-0.000328849255841447,0.000174132692311564
211,280,-0.00034082349289327,0.000182218986631298
214,280,-0.000348181931149071,0.000190037907401121
217,280,-0.00035159620347314,0.000196574098617064
220,280,-0.000351345937932424,0.000200692727666962
223,280,-0.000347278040957548,0.000201730271330242
226,280,-0.000338676737929384,0.000199844167238216
229,280,-0.000324802512684564,0.000196036071818118
232,280,-0.00030575996407778,0.000191741474220178
235,280,-0.000282453620932011,0.000188210972802955
238,280,-0.000256444984596787,0.000185840018698345
241,280,-0.000229888681222318,0.000184085007897141
244,280,-0.00020532222740406,0.000181840169093535
247,280,-0.00018451172644603,0.000178190551630196
250,280,-0.000167841678977404,0.000172727339497566
253,280,-0.000154644305810431,0.000165367622525177
256,280,-0.000143810183993494,0.000156375698648927
259,280,-0.000134481854948331,0.000146492879874375
262,280,-0.000126340529996341,0.000136744715951795
265,280,-0.000119341208443416,0.000128022693407524
268,280,-0.000113344026463576,0.000120322296240513
271,280,-0.000107768861719974,0.000112754653111472
274,280,-0.000101573032410902,0.00010440276048377
277,280,-9.35805907355806e-05,9.45737817210596e-05
280,280,-8.29685740320892e-05,8.29685740320896e-05
283,280,-7.04562383521031e-05,7.04562383521037e-05
286,280,-5.84008662005582e-05,5.84008662005603e-05
289,280,-4.68018132359422e-05,4.68018132359411e-05
292,280,-3.5657692672094e-05,3.56576926720961e-05
295,280,-2.49664118132252e-05,2.49664118132254e-05
298,280,-1.47252081013488e-05,1.47252081013494e-05
1,285,-1.96634153404318e-10,1.96634153404318e-10
4,285,-1.8064974193087e-06,-6.94594584739648e-07
7,285,-5.41702690413694e-06,-3.26367792838931e-06
10,285,-8.93717492808412e-06,-8.03334579011213e-06
13,285,-1.05580148607407e-05,-1.45789569853077e-05
16,285,-9.40616406027578e-06,-2.20671961968026e-05
19,285,-5.64254274462717e-06,-2.96489058451972e-05
22,285,-1.04268068821769e-07,-3.70561720462334e-05
25,285,6.04679004307755e-06,-4.48326490441253e-05
28,285,1.15948154375761e-05,-5.41087216444815e-05
31,285,1.57605486637245e-05,-6.6213093463053e-05
34,285,1.84050794207145e-05,-8.21368963159552e-05
37,285,1.9750784894538e-05,-0.000101958734493515
40,285,1.99539533935439e-05,-0.000124491545438445
43,285,1.90862220591372e-05,-0.000147013151470771
46,285,1.71391957816942e-05,-0.000165870413322345
49,285,1.41182630003118e-05,-0.000178353406493909
52,285,1.0326919733791e-05,-0.000183986970325956
55,285,6.42708250759973e-06,-0.000184796321459358
58,285,3.39306436446946e-06,-0.000184299446691367
61,285,2.27130756919587e-06,-0.00018593027879657
64,285,3.49397855782221e-06,-0.000191480757220272
67,285,6.67830751539117e-06,-0.000200990874881428
70,285,1.07422393176694e-05,-0.000213129649325627
73,285,1.429384543708e-05,-0.0002257082397091
76,285,1.6045550160509e-05,-0.000236334931708859
79,285,1.50339360157355e-05,-0.000243490508490961
82,285,1.05327189247991e-05,-0.000247222564817862
85,285,1.99946263775625e-06,-0.000248628965624199
88,285,-1.05545377861372e-05,-0.000248957969666371
91,285,-2.63416577956828e-05,-0.000249024615822926
94,285,-4.39324061419954e-05,-0.000249011262953836
97,285,-6.18831488241037e-05,-0.000248456612575271
100,285,-7.90339207937283e-05,-0.000246454079516493
103,285,-9.45978111457974e-05,-0.000242205572531025
106,285,-0.000108272832981716,-0.000235919347622059
109,285,-0.000120105976590854,-0.000228927499054849
112,285,-0.000130539891019996,-0.000222647750452156
115,285,-0.000140080855386317,-0.00021731518643574
118,285,-0.000148440228067385,-0.000211939419306272
121,285,-0.000154747382494767,-0.000204925937749716
124,285,-0.000158712330770318,-0.0001949765877456
127,285,-0.000160869525389434,-0.000181627666070432
130,285,-0.000161878538013144,-0.000165361546436108
133,285,-0.000161892061223566,-0.000147226023957315
136,285,-0.000160749640897881,-0.000128415067286906
139,285,-0.00015871908958112,-0.000109959418747873
142,285,-0.000156702128107442,-9.25432464975857e-05
145,285,-0.000155905746329995,-7.64709905446587e-05
148,285,-0.000157076040218894,-6.17484374355604e-05
151,285,-0.000160126599509077,-4.82591770516883e-05
154,285,-0.000164449551387841,-3.58696305955795e-05
157,285,-0.000169474813798545,-2.44681013728762e-05
160,285,-0.000174615498702783,-1.41078628854871e-05
163,285,-0.000179091368136975,-5.00008606920176e-06
166,285,-0.000181985145888424,2.84806558432879e-06
169,285,-0.000182420538973444,1.00622351958534e-05
172,285,-0.000180148343514554,1.77868847799559e-05
175,285,-0.000175432194333394,2.70982998181438e-05
178,285,-0.000168506096599031,3.85087910063251e-05
181,285,-0.00015986162900548,5.19109792118306e-05
184,285,-0.000150932460625856,6.67789869607335e-05
187,285,-0.0001440244760177,8.23137352965777e-05
190,285,-0.000141421605202214,9.75547135828764e-05
193,285,-0.000144831409018942,0.000111482154562938
196,285,-0.000154955827687066,0.000123343276290772
199,285,-0.000171178882187582,0.000133041334564274
202,285,-0.000191272964014607,0.000141173472174012
205,285,-0.000211796965351366,0.00014878610833407
208,285,-0.000229483303344078,0.000156719022628852
211,285,-0.000242648192927773,0.00016502453913565
214,285,-0.00025139025880465,0.000173097107016597
217,285,-0.000256386111773783,0.000179922255512957
220,285,-0.000257920357836929,0.000184366037257781
223,285,-0.000255844881359486,0.000185765814275718
226,285,-0.000249448885657151,0.000184279909443338
229,285,-0.000237997832501325,0.000180910864433078
232,285,-0.000221601298681512,0.000177095053640394
235,285,-0.000201168790955469,0.00017408396066908
238,285,-0.000178266788607544,0.000172273921896277
241,285,-0.000155054895722716,0.000171122218557988
244,285,-0.000134075606831261,0.000169523964593626
247,285,-0.000117100003171973,0.000166565094591098
250,285,-0.000104517563308827,0.000161837677786079
253,285,-9.56654859888851e-05,0.00015525968925333
256,285,-8.94393261952959e-05,0.000147096312173964
259,285,-8.49866032846112e-05,0.000138089743798768
262,285,-8.19935065130122e-05,0.000129266419123265
265,285,-8.0420013121224e-05,0.000121518709919003
268,285,-8.01312372180094e-05,0.000114842985430165
271,285,-8.05520344013436e-05,0.000108351259562668
274,285,-8.0644700804302e-05,0.000101127414025154
277,285,-7.92382665609384e-05,9.24794974264847e-05
280,285,-7.55147469440678e-05,8.21092522206184e-05
283,285,-6.88562257046539e-05,7.04003371856223e-05
286,285,-5.84008662005582e-05,5.84008662005603e-05
289,285,-4.68018132359422e-05,4.68018132359411e-05
292,285,-3.5657692672094e-05,3.56576926720961e-05
295,285,-2.49664118132252e-05,2.49664118132254e-05
298,285,-1.47252081013488e-05,1.47252081013494e-05
1,290,-1.96634153404318e-10,1.96634153404318e-10
4,290,-1.68986421818152e-06,-6.91741639460567e-07
7,290,-5.01312360398554e-06,-3.25379827282852e-06
10,290,-8.08090979301929e-06,-8.01240149869982e-06
13,290,-9.08984131687567e-06,-1.4543045971939e-05
16,290,-7.1720806957492e-06,-2.2012552214817e-05
19,290,-2.49409330957638e-06,-2.95718984873805e-05
22,290,4.10145852458731e-06,-3.69533067448251e-05
25,290,1.14471597206843e-05,-4.4700567070823e-05
28,290,1.83216489631928e-05,-5.39442001104132e-05
31,290,2.39401216391679e-05,-6.60130453188255e-05
34,290,2.81581222857721e-05,-8.18983703516035e-05
37,290,3.1192482927004e-05,-0.000101678915338532
40,290,3.31939467091918e-05,-0.00012416775356176
43,290,3.42286056117231e-05,-0.000146642843180789
46,290,3.42825193629582e-05,-0.000165451180766904
49,290,3.33555312400107e-05,-0.000177882977660306
52,290,3.17455920996445e-05,-0.000183463209040921
55,290,3.01090733053306e-05,-0.000184217227389089
58,290,2.94147427377648e-05,-0.00018366315534151
61,290,3.07034974997566e-05,-0.00018523506151221
64,290,3.44019588653308e-05,-0.000190725021185952
67,290,4.01218118575151e-05,-0.000200173163121154
70,290,4.67754561900569e-05,-0.000212248640702834
73,290,5.2965418173383e-05,-0.000224762748926684
76,290,5.73985769323609e-05,-0.000235323909309152
79,290,5.91059698327664e-05,-0.000242413040855763
82,290,5.73557676346045e-05,-0.000246077874168432
85,290,5.1599988925939e-05,-0.000247416410021214
88,290,4.18443836040081e-05,-0.000247677043009974
91,290,2.88710310580047e-05,-0.00024767494785271
94,290,1.41038773747869e-05,-0.00024759261924885
97,290,-1.0189886066649e-06,-0.000246968894554019
100,290,-1.53431470000936e-05,-0.000244897324436908
103,290,-2.80872320624394e-05,-0.000240579953490495
106,290,-3.89548020571252e-05,-0.000234225173557442
109,290,-4.79983924355182e-05,-0.000227165214742442
112,290,-5.56661974064328e-05,-0.0002208179365077
115,290,-6.24700412490231e-05,-0.000215418559314421
118,290,-6.81268275029074e-05,-0.000209976831302748
121,290,-7.17714747616403e-05,-0.000202898376998084
124,290,-7.31195402891016e-05,-0.000192885178219401
127,290,-7.27110217426856e-05,-0.000179473667582662
130,290,-7.12110359454611e-05,-0.000163146354639214
133,290,-6.87778206415075e-05,-0.000144951170343196
136,290,-6.52564668700646e-05,-0.000126082219186905
139,290,-6.09203323381568e-05,-0.000107570379332782
142,290,-5.6676683041951e-05,-9.00999547776654e-05
145,290,-5.37380539966165e-05,-7.39755213696008e-05
148,290,-5.28560863342824e-05,-5.92030014945109e-05
151,290,-5.39499149518773e-05,-4.566612087324e-05
154,290,-5.64172121987315e-05,-3.32314365477859e-05
157,290,-5.96934411802007e-05,-2.1787387663238e-05
160,290,-6.31972590198975e-05,-1.13873835609471e-05
163,290,-6.61539729162585e-05,-2.24273101615734e-06
166,290,-6.76518518185929e-05,5.6392706400262e-06
169,290,-6.68201479052249e-05,1.28841286889016e-05
172,290,-6.34152024606951e-05,2.06361693056145e-05
175,290,-5.77061954686451e-05,2.99715421322111e-05
178,290,-4.9932677260151e-05,4.14024220251506e-05
181,290,-4.05917716912483e-05,5.48212940123097e-05
184,290,-3.11226929970586e-05,6.97021447803295e-05
187,290,-2.38368708971415e-05,8.52457595332804e-05
190,290,-2.10237805746933e-05,0.000100491491795237
193,290,-2.43965280312844e-05,0.000114419438470064
196,290,-3.46625986481104e-05,0.0001262766817723
199,290,-5.12115585681717e-05,0.000135966341660417
202,290,-7.1821344447599e-05,0.000144085425085513
205,290,-9.30563936316284e-05,0.000151680215422236
208,290,-0.000111654668428493,0.00015959035641552
211,290,-0.000125937928935231,0.000167868036303226
214,290,-0.000136010345016058,0.000175907568408029
217,290,-0.000142554072632057,0.000182694346131747
220,290,-0.000145859262946997,0.000187094286267967
223,290,-0.000145783345488283,0.000188444615001911
226,290,-0.000141621068733632,0.000186903519370681
229,290,-0.000132643439616443,0.000183473405207269
232,290,-0.000118965580088257,0.00017959051106768
235,290,-0.000101502542068816,0.000176506184716252
238,290,-8.18263500045039e-05,0.000174616626690688
241,290,-6.21021531422718e-05,0.000173378982387549
244,290,-4.48779911744545e-05,0.000171688229906768
247,290,-3.1930490501823e-05,0.00016863016799681
250,290,-2.3654674850395e-05,0.000163796730053917
253,290,-1.93932881292113e-05,0.000157105755313413
256,290,-1.80474304834539e-05,0.000148822291116908
259,290,-1.87701664316807e-05,0.000139688398875773
262,290,-2.12532303920878e-05,0.000130730377746081
265,290,-2.54621447673995e-05,0.000122840463659952
268,290,-3.12675688284056e-05,0.000116014890022058
271,290,-3.80999033350863e-05,0.000109365534898907
274,290,-4.49269895825316e-05,0.000101976144159687
277,290,-5.058340286679e-05,9.3154630573834e-05
280,290,-5.42567036227297e-05,8.26026007557883e-05
283,290,-5.53345207632676e-05,7.07035776442163e-05
286,290,-5.29605628083308e-05,5.8505539278731e-05
289,290,-4.62772577358902e-05,4.68011289584395e-05
292,290,-3.5657692672094e-05,3.56576926720961e-05
295,290,-2.49664118132252e-05,2.49664118132254e-05
298,290,-1.47252081013488e-05,1.47252081013494e-05
1,295,-1.96634153404318e-10,1.96634153404318e-10
4,295,-1.6201267689156e-06,-7.05156095232889e-07
7,295,-4.77157981925883e-06,-3.30026270281519e-06
10,295,-7.56875301368868e-06,-8.11092635179354e-06
13,295,-8.2115271108583e-06,-1.47120166274409e-05
16,295,-5.8353268580109e-06,-2.22697289824914e-05
19,295,-6.0987986213472e-07,-2.99344166074252e-05
22,295,6.61888933265295e-06,-3.7437676387873e-05
25,295,1.4680303413259e-05,-4.53226733379365e-05
28,295,2.23497388371005e-05,-5.47193030330936e-05
31,295,2.88391287641772e-05,-6.69557798590177e-05
34,295,3.40007555045926e-05,-8.302274640169e-05
37,295,3.8048188855316e-05,-0.000102998317721329
40,295,4.11289097355899e-05,-0.000125694942030522
43,295,4.33057478977789e-05,-0.000148389952419204
46,295,4.45615008431656e-05,-0.000167429720389109
49,295,4.48927496218377e-05,-0.000180103832210862
52,295,4.45941828634763e-05,-0.00018593663799483
55,295,4.43189097045254e-05,-0.000186952865151805
58,295,4.50324357986052e-05,-0.000186670011248898
61,295,4.77723960214995e-05,-0.000188521519830595
64,295,5.29621494201473e-05,-0.00019429884111208
67,295,6.02101187905565e-05,-0.000204041478782215
70,295,6.84254416193892e-05,-0.000216417961156466
73,295,7.6207381990054e-05,-0.00022923895816094
76,295,8.22595568003393e-05,-0.000240112266242541
79,295,8.56097411889779e-05,-0.000247518179337223
82,295,8.55228436889034e-05,-0.000251503802977336
85,295,8.14476206611752e-05,-0.000253166512867387
88,295,7.33865597759194e-05,-0.000253754078533662
91,295,6.21184781953289e-05,-0.000254081049624595
94,295,4.90640597791514e-05,-0.000254329295770073
97,295,3.56581311393804e-05,-0.000254037029256128
100,295,2.30518499351593e-05,-0.000252297175681917
103,295,1.2023319682555e-05,-0.000248311154570835
106,295,2.86571989101798e-06,-0.000242286732695996
109,295,-4.47674711779681e-06,-0.000235555515092513
112,295,-1.04555377798101e-05,-0.000229534736153046
115,295,-1.55857386011888e-05,-0.000224458991269222
118,295,-1.95875153486541e-05,-0.000219337403511641
121,295,-2.15990488427611e-05,-0.000212574972336118
124,295,-2.13391585744798e-05,-0.000202873054492082
127,295,-1.93511044282284e-05,-0.000189767457525925
130,295,-1.63032654541555e-05,-0.000173740065919439
133,295,-1.23571416233688e-05,-0.000155838185557188
136,295,-7.36108620218322e-06,-0.000137255295861915
139,295,-1.59171912466014e-06,-0.000119021649926497
142,295,4.04043138596158e-06,-0.000101820926678206
145,295,8.31956808749263e-06,-8.59570768955302e-05
148,295,1.04907876207252e-05,-7.14353978948274e-05
151,295,1.0631692861681e-05,-5.81389903273806e-05
154,295,9.34134923397497e-06,-4.59337861656228e-05
157,295,7.18103140521293e-06,-3.47075994850797e-05
160,295,4.72882002471108e-06,-2.45132145575406e-05
163,295,2.75614566699118e-06,-1.55613130886876e-05
166,295,2.17147715568907e-06,-7.85856934006713e-06
169,295,3.84230008542415e-06,-7.78850960811389e-07
172,295,8.00901094461576e-06,6.82279329378613e-06
175,295,1.43991675225612e-05,1.6023138135333e-05
178,295,2.27699572611234e-05,2.73349834898499e-05
181,295,3.26209940772196e-05,4.06514394547757e-05
184,295,4.25098015086727e-05,5.54471177863186e-05
187,295,5.01216876088875e-05,7.09234287581172e-05
190,295,5.31639149675913e-05,8.61203509637911e-05
193,295,4.9920115356171e-05,0.000100018606376776
196,295,3.9679541166388e-05,0.000111865902281183
199,295,2.30493640281667e-05,0.000121565983705037
202,295,2.2483850583396e-06,0.000129716482668991
205,295,-1.9291095315386e-05,0.000137364307617269
208,295,-3.83103016282946e-05,0.000145349727364368
211,295,-5.3134256204476e-05,0.000153725555217701
214,295,-6.38703911352097e-05,0.000161886729569519
217,295,-7.12041246086096e-05,0.000168819268891189
220,295,-7.54288700155242e-05,0.000173389715045871
223,295,-7.64053191103863e-05,0.000174935919288336
226,295,-7.34314825979928e-05,0.000173616693725274
229,295,-6.57816296387702e-05,0.000170435069259213
232,295,-5.35741444113269e-05,0.000166827909515739
235,295,-3.77273410624404e-05,0.000164047187328741
238,295,-1.98165062655824e-05,0.000162489728305486
241,295,-2.01005149472189e-06,0.000161613302912114
244,295,1.31407213307261e-05,0.000160313514318088
247,295,2.38559235829725e-05,0.000157676786341469
250,295,2.97372693089073e-05,0.000153295677448044
253,295,3.14387523724801e-05,0.000147088651942707
256,295,3.0056010401404e-05,0.00013932138223662
259,295,2.64327166501195e-05,0.00013073655481073
262,295,2.08738744733294e-05,0.000122361093890655
265,295,1.34106992413053e-05,0.000115087860478116
268,295,4.16926945615555e-06,0.000108913713047297
271,295,-6.2840778691046e-06,0.000102951154734299
274,295,-1.69204462566517e-05,9.62845564778596e-05
277,295,-2.65776732295776e-05,8.82224561169995e-05
280,295,-3.4446581449817e-05,7.84670853357055e-05
283,295,-3.9918062057299e-05,6.7402592142191e-05
286,295,-4.21390857990535e-05,5.60775796456486e-05
289,295,-4.02553428800537e-05,4.52853162147709e-05
292,295,-3.41641667488671e-05,3.50738633333615e-05
295,295,-2.49664118132252e-05,2.49664118132254e-05
298,295,-1.47252081013488e-05,1.47252081013494e-05
1,300,-1.96634153404318e-10,1.96634153404318e-10
4,300,-1.62311142794093e-06,-7.47472429921165e-07
7,300,-4.78192298729307e-06,-3.44686012361324e-06
10,300,-7.59069593402745e-06,-8.42182850219823e-06
13,300,-8.24917842007454e-06,-1.52453060430424e-05
16,300,-5.8926625859911e-06,-2.30815470909319e-05
19,300,-6.9074343205198e-07,-3.10789637284426e-05
22,300,6.51078710432354e-06,-3.89672117332781e-05
25,300,1.45413843167565e-05,-4.72875150116186e-05
28,300,2.21765572693413e-05,-5.71678280310135e-05
31,300,2.86283717288179e-05,-6.99344240692148e-05
34,300,3.37492426119517e-05,-8.65760046042905e-05
37,300,3.77528723224524e-05,-0.000107168743588524
40,300,4.07868743862434e-05,-0.000130523148126587
43,300,4.29142111624136e-05,-0.000153914610200489
46,300,4.4117812758912e-05,-0.00017368756020405
49,300,4.43943928325621e-05,-0.000187129643299955
52,300,4.40387726197306e-05,-0.000193763268490663
55,300,4.37041938635904e-05,-0.000195611222079031
58,300,4.43562948244265e-05,-0.000196189060524266
61,300,4.70328429847592e-05,-0.000198928286262908
64,300,5.21573299982064e-05,-0.000205618408402238
67,300,5.93383112675101e-05,-0.000216296989523182
70,300,6.74850568859911e-05,-0.000229630616833294
73,300,7.51969635438084e-05,-0.000243428019150748
76,300,8.11777807454052e-05,-0.00025529505181453
79,300,8.44554162362687e-05,-0.000263710067652674
82,300,8.42949111559911e-05,-0.000268718231089606
85,300,8.01451544723691e-05,-0.000271414976721899
88,300,7.20087664622069e-05,-0.000273046132967942
91,300,6.06646968944245e-05,-0.000274424308368221
94,300,4.75337622354438e-05,-0.000275729431444716
97,300,3.40509217039878e-05,-0.000276497773375524
100,300,2.13674655658742e-05,-0.000275820318651889
103,300,1.02616299439148e-05,-0.000272896545689275
106,300,1.02672695422486e-06,-0.000267932280152883
109,300,-6.39290847480477e-06,-0.000262257185969897
112,300,-1.24486001724339e-05,-0.000257286556425055
115,300,-1.76553020380781e-05,-0.000253253045802065
118,300,-2.17330472318024e-05,-0.000249163836063601
121,300,-2.38198839674145e-05,-0.000243421985557549
124,300,-2.3634499129221e-05,-0.00023472690992543
127,300,-2.17200199948921e-05,-0.00022261247560569
130,300,-1.87446930079268e-05,-0.000207558625972229
133,300,-1.4869885532688e-05,-0.000190610725801666
136,300,-9.94381822880021e-06,-0.000172960313408832
139,300,-4.24297842362142e-06,-0.000155635700778674
142,300,1.32223826630905e-06,-0.000139318625730543
145,300,5.53616720550527e-06,-0.00012431109793501
148,300,7.64403764145972e-06,-0.000110616473600505
151,300,7.72358505691687e-06,-9.81159122703863e-05
154,300,6.37400748217341e-06,-8.66734048091654e-05
157,300,4.15671219154469e-06,-7.61748241844539e-05
160,300,1.64991244105036e-06,-6.66710135601109e-05
163,300,-3.74828588079838e-07,-5.83707135338932e-05
166,300,-1.00890946551126e-06,-5.12786572594304e-05
169,300,6.15288010081168e-07,-4.47667712779277e-05
172,300,4.73829293381251e-06,-3.76881632367619e-05
175,300,1.10877957016865e-05,-2.8964117316392e-05
178,300,1.94211163622749e-05,-1.80798924828829e-05
181,300,2.92380014391969e-05,-5.14043753086807e-06
184,300,3.90961070769816e-05,9.33080040377444e-06
187,300,4.6680873935722e-05,2.4537172702611e-05
190,300,4.96996972118634e-05,3.9520599067192e-05
193,300,4.64363412834899e-05,5.32637425788667e-05
196,300,3.6180191149064e-05,6.50162516296654e-05
199,300,1.9538551045219e-05,7.46838123555407e-05
202,300,-1.26964530450632e-06,8.28659978850782e-05
205,300,-2.28119648657119e-05,9.06116577704104e-05
208,300,-4.18294995669728e-05,9.87630019339578e-05
211,300,-5.66471391256801e-05,0.00010737478479106
214,300,-6.73721830264011e-05,0.000115843885841892
217,300,-7.46899168505589e-05,0.000123158264665742
220,300,-7.88936213822863e-05,0.000128186404233697
223,300,-7.9843855769325e-05,0.000130268096908449
226,300,-7.68384981097591e-05,0.000129564095904603
229,300,-6.91516849573103e-05,0.000127079373232612
232,300,-5.69016678838998e-05,0.000124252733625996
235,300,-4.10066284295824e-05,0.000122338091026557
238,300,-2.30417206611402e-05,0.000121734212149484
241,300,-5.17522344582435e-06,0.000121900808568838
244,300,1.00416939036413e-05,0.000121735424562019
247,300,2.08292753661743e-05,0.00012032642505499
250,300,2.67893675953578e-05,0.000117268309621478
253,300,2.85760970618571e-05,0.00011248148367428
256,300,2.72852340000766e-05,0.000106233560732515
259,300,2.37605842712024e-05,9.92691683850145e-05
262,300,1.83072838365713e-05,9.26171719653495e-05
265,300,1.09566806732132e-05,8.71723735831269e-05
268,300,1.83498588990438e-06,8.29335728205064e-05
271,300,-8.49133089359275e-06,7.90152139214541e-05
274,300,-1.89932405928168e-05,7.45036089326801e-05
277,300,-2.85084481240907e-05,6.87092368010914e-05
280,300,-3.62276435426958e-05,6.13362703186238e-05
283,300,-4.15415853818062e-05,5.27707986013933e-05
286,300,-4.35971117818162e-05,4.40633658665236e-05
289,300,-4.15397803409194e-05,3.60091815906334e-05
292,300,-3.526679190106e-05,2.86582483654509e-05
295,300,-2.58788682631851e-05,2.15356981106919e-05
298,300,-1.51170299678304e-05,1.39301195846286e-05
1,305,-1.96634153404318e-10,1.96634153404318e-10
4,305,-1.66936153208018e-06,-8.10479047303931e-07
7,305,-4.94217467550252e-06,-3.66517080991328e-06
10,305,-7.93061310246476e-06,-8.88489609882199e-06
13,305,-8.83233738111561e-06,-1.60397387812894e-05
16,305,-6.7805520682347e-06,-2.42911085919768e-05
19,305,-1.94276458031664e-06,-3.27845730033327e-05
22,305,4.83732072898948e-06,-4.12469431829436e-05
25,305,1.23912467370957e-05,-5.02165984268586e-05
28,305,1.94966100918621e-05,-6.08186485925357e-05
31,305,2.53675641438195e-05,-7.4376522347578e-05
34,305,2.98586113935059e-05,-9.187607655994e-05
37,305,3.31855418284051e-05,-0.000113390640571779
40,305,3.54980565582183e-05,-0.000137727876877671
43,305,3.68612055258193e-05,-0.000162160332849471
46,305,3.72600064229413e-05,-0.000183029594270896
49,305,3.66932604901754e-05,-0.000197620461694504
52,305,3.54578765476596e-05,-0.000205452499512654
55,305,3.42091839223715e-05,-0.00020854564941805
58,305,3.391490845834e-05,-0.000210412623259799
61,305,3.56149052219015e-05,-0.000214482078864305
64,305,3.97347534504081e-05,-0.000222540680728762
67,305,4.58850961304247e-05,-0.000234623146823929
70,305,5.29772909390194e-05,-0.000249393219747264
73,305,5.96128221501548e-05,-0.000264656783706822
76,305,6.44975268520147e-05,-0.000278016849431462
79,305,6.66614003739118e-05,-0.000287948925139096
82,305,6.53715714391753e-05,-0.000294495330644037
85,305,6.00790165994193e-05,-0.00029874865593273
88,305,5.07884437151749e-05,-0.000301951884813445
91,305,3.82808901391947e-05,-0.000304914781216546
94,305,2.39792599216424e-05,-0.000307814429053893
97,305,9.32059986505131e-06,-0.000310184254893454
100,305,-4.54171218102623e-06,-0.000311112398616384
103,305,-1.68273525099604e-05,-0.000309795494027987
106,305,-2.72409214218826e-05,-0.00030643652218336
109,305,-3.58359964046011e-05,-0.000302362302399558
112,305,-4.30618137036316e-05,-0.000298985283351229
115,305,-4.94312396345732e-05,-0.000296535274711911
118,305,-5.46622197737356e-05,-0.000294016613834197
121,305,-5.78907147511251e-05,-0.00028982951445583
124,305,-5.88333238673153e-05,-0.000282670547608238
127,305,-5.80310868161415e-05,-0.000272070735119705
130,305,-5.61501624573741e-05,-0.000258507175754036
133,305,-5.33498305715548e-05,-0.000243022389677725
136,305,-4.94762242345727e-05,-0.000226805070595486
139,305,-4.4803743189967e-05,-0.000210880685882144
142,305,-4.02406954705284e-05,-0.000195928128746919
145,305,-3.70006581279418e-05,-0.000182246564250266
148,305,-3.58363143309599e-05,-0.000169836503990514
151,305,-3.66678410130457e-05,-0.000158576262900869
154,305,-3.88939525601231e-05,-0.000148326987235736
157,305,-4.19511541140933e-05,-0.000138971705352605
160,305,-4.52591448351798e-05,-0.000130558415805223
163,305,-4.80442739583569e-05,-0.000123293014581212
166,305,-4.93958524695046e-05,-0.000117177390224085
169,305,-4.84441745835391e-05,-0.000111580624664926
172,305,-4.49466236215635e-05,-0.000105352980941003
175,305,-3.91734216037847e-05,-9.7412898622635e-05
178,305,-3.13651608978599e-05,-8.7242792065783e-05
181,305,-2.20200073963836e-05,-7.49447654549468e-05
184,305,-1.25782173710671e-05,-6.10394213158928e-05
187,305,-5.35226257801888e-06,-4.63205636569274e-05
190,305,-2.63266023702256e-06,-3.17434281663814e-05
193,305,-6.13355838621611e-06,-1.83225071527855e-05
196,305,-1.65634844433615e-05,-6.80530761398689e-06
199,305,-3.33130465880383e-05,2.71670119608674e-06
202,305,-5.4161223512939e-05,1.08459370161372e-05
205,305,-7.56734945998871e-05,1.86340940084241e-05
208,305,-9.45888641936676e-05,2.69262267054884e-05
211,305,-0.0001092301344279,3.57799341327925e-05
214,305,-0.000119702517203376,4.45949404006254e-05
217,305,-0.00012668921051774,5.23620496983963e-05
220,305,-0.00013048140757133,5.79525896073195e-05
223,305,-0.000130937579928129,6.07091971001992e-05
226,305,-0.000127353518102435,6.07954700017738e-05
229,305,-0.000119001271064201,5.92192249326086e-05
232,305,-0.000105997002801546,5.74221112363482e-05
235,305,-8.92568072707716e-05,5.66608874649007e-05
238,305,-7.0353750954873e-05,5.7337164943605e-05
241,305,-5.14540251373322e-05,5.89134998566022e-05
244,305,-3.51067115470659e-05,6.02902810914627e-05
247,305,-2.30894786214034e-05,6.05587181842305e-05
250,305,-1.57983921229696e-05,5.93161553187721e-05
253,305,-1.25772379973476e-05,5.64858425179901e-05
256,305,-1.2328158426315e-05,5.23382379111618e-05
259,305,-1.42052599649332e-05,4.76208136971865e-05
262,305,-1.79013190680821e-05,4.33652798197912e-05
265,305,-2.33829001749585e-05,4.04692829986847e-05
268,305,-3.05217045929898e-05,3.89344674261806e-05
271,305,-3.87491751186387e-05,3.78781219563236e-05
274,305,-4.70341950836936e-05,3.63894032459763e-05
277,305,-5.42123818206787e-05,3.37816348521211e-05
280,305,-5.94723378010875e-05,2.97618341768933e-05
283,305,-6.2202733974313e-05,2.47189349464538e-05
286,305,-6.1548320897008e-05,1.97063259880859e-05
289,305,-5.66525685835633e-05,1.5522061388504e-05
292,305,-4.74105902921308e-05,1.22189883496037e-05
295,305,-3.49210202398741e-05,9.32508340118558e-06
298,305,-2.09227913836079e-05,6.13177991163604e-06
1,310,-1.96634153404318e-10,1.96634153404318e-10
4,310,-1.70380666690022e-06,-8.67418278685411e-07
7,310,-5.06154172630027e-06,-3.86249110242244e-06
10,310,-8.18384766611665e-06,-9.3035102599122e-06
13,310,-9.26685387026159e-06,-1.67580305961079e-05
16,310,-7.44223371124351e-06,-2.53849328234038e-05
19,310,-2.87596342129662e-06,-3.43272553919188e-05
22,310,3.5897838301904e-06,-4.33092804469677e-05
25,310,1.07880821048754e-05,-5.28668582623129e-05
28,310,1.74980592348802e-05,-6.41225696731183e-05
31,310,2.2935399755007e-05,-7.83973143246837e-05
34,310,2.69561373500419e-05,-9.66744200626686e-05
37,310,2.97775931917412e-05,-0.000119024687206948
40,310,3.15509995740368e-05,-0.00014425324922981
43,310,3.23429376240934e-05,-0.000169630124480808
46,310,3.2139956217877e-05,-0.000191494369721355
49,310,3.09423877802661e-05,-0.000207128256481734
52,310,2.90486723156236e-05,-0.000216048820132017
55,310,2.71156703352006e-05,-0.000220273473342593
58,310,2.61126388672995e-05,-0.000223312398940283
61,310,2.70809641624955e-05,-0.000228591725729204
64,310,3.04477566424121e-05,-0.000237895589184275
67,310,3.58251904778628e-05,-0.000251256178253929
70,310,4.21261545301853e-05,-0.000267334706513338
73,310,4.79536642575936e-05,-0.000283934529148274
76,310,5.20150879325295e-05,-0.000298656127865317
79,310,5.33419520685636e-05,-0.000309972481860069
82,310,5.12029165732982e-05,-0.000317923381924537
85,310,4.50504891825966e-05,-0.000323598889022886
88,310,3.48909089412221e-05,-0.000328239457941112
91,310,2.15067443862369e-05,-0.000332652323587269
94,310,6.32243075203508e-06,-0.000337012040850907
97,310,-9.22345397459128e-06,-0.000340849507277734
100,310,-2.39760007598347e-05,-0.000343250333726593
103,310,-3.71533547127881e-05,-0.000343408624980514
106,310,-4.84585849493425e-05,-0.000341524833072266
109,310,-5.79437377730372e-05,-0.000338923248296641
112,310,-6.60565182451431e-05,-0.000337013790305987
115,310,-7.33082614969718e-05,-0.000336023739751554
118,310,-7.94153819206048e-05,-0.000334954904963621
121,310,-8.35123089617698e-05,-0.000332204970657659
124,310,-8.53141107368031e-05,-0.000326467978842806
127,310,-8.53602957552578e-05,-0.000317272422325043
130,310,-8.43154916926464e-05,-0.000305092870845875
133,310,-8.23374471452624e-05,-0.000290969315549521
136,310,-7.92707640047515e-05,-0.000276087921118397
139,310,-7.5388310830354e-05,-0.000261471625905033
142,310,-7.15968644706387e-05,-0.000247796794096349
145,310,-6.91084707930009e-05,-0.000235360061730515
148,310,-6.86742817819767e-05,-0.000224159411383568
151,310,-7.02129431867194e-05,-0.000214070628966433
154,310,-7.31216382089217e-05,-0.000204952331711187
157,310,-7.68353408062224e-05,-0.000196685018953055
160,310,-8.07722189546019e-05,-0.000189314160223493
163,310,-8.41570907047429e-05,-0.00018304312248782
166,310,-8.60777358582979e-05,-0.000177871265267254
169,310,-8.56629174459027e-05,-0.000173165141470592
172,310,-8.26684876044177e-05,-0.000167772485112819
175,310,-7.7363137169774e-05,-0.000160609206741951
178,310,-6.99859273253762e-05,-0.000151155191691644
181,310,-6.10334927795661e-05,-0.000139510015124119
184,310,-5.19445586197999e-05,-0.000126191750542857
187,310,-4.50300654179179e-05,-0.000111991672933857
190,310,-4.25789992094443e-05,-9.78624889631675e-05
193,310,-4.63039768482557e-05,-8.48161619170166e-05
196,310,-5.69119945678723e-05,-7.3597669770973e-05
199,310,-7.37921293635916e-05,-6.42959527566598e-05
202,310,-9.4721828743865e-05,-5.63060641130792e-05
205,310,-0.000116265040906246,-4.8573780655692e-05
208,310,-0.000135159239011268,-4.02515188296472e-05
211,310,-0.00014972569400829,-3.12791505872147e-05
214,310,-0.00016006808661384,-2.22544227957899e-05
217,310,-0.000166868083641316,-1.41840022436841e-05
220,310,-0.000170415347106784,-8.19403232737288e-06
223,310,-0.000170566817389972,-4.93934705178439e-06
226,310,-0.00016661675382093,-4.25381956988167e-06
229,310,-0.000157835674185338,-5.12710423879514e-06
232,310,-0.000144338211287048,-6.11502269258627e-06
235,310,-0.000127038927898132,-5.9582873570583e-06
238,310,-0.000107509359317305,-4.25275788458487e-06
241,310,-8.7914165643791e-05,-1.53334906874453e-06
244,310,-7.08008974222512e-05,1.10285700036122e-06
247,310,-5.79456919057617e-05,2.74959888104242e-06
250,310,-4.97430836726801e-05,3.00674977947348e-06
253,310,-4.55353274843414e-05,1.80008874081532e-06
256,310,-4.42230343382489e-05,-5.97397083315045e-07
259,310,-4.49587796052161e-05,-3.43570647174807e-06
262,310,-4.7433808555863e-05,-5.68060045846081e-06
265,310,-5.16131544451347e-05,-6.43190330148292e-06
268,310,-5.73669873961664e-05,-5.68544178614541e-06
271,310,-6.41252190212083e-05,-4.32139803614357e-06
274,310,-7.08552014677631e-05,-3.24808637233681e-06
277,310,-7.63910208841128e-05,-3.1496542154514e-06
280,310,-7.99197485574499e-05,-4.31655514101249e-06
283,310,-8.0828524252957e-05,-6.35732640060594e-06
286,310,-7.82605673430195e-05,-8.2160501446598e-06
289,310,-7.13578166577695e-05,-9.09214326416819e-06
292,310,-6.00138542710559e-05,-8.93022953490606e-06
295,310,-4.53257832158398e-05,-8.19980340479477e-06
298,310,-2.90310052646517e-05,-7.60690248317933e-06
1,315,-1.96634153404318e-10,1.96634153404318e-10
4,315,-1.71507097520501e-06,-9.16236489469893e-07
7,315,-5.10058316175439e-06,-4.031695278348e-06
10,315,-8.26668579153142e-06,-9.66253443300672e-06
13,315,-9.40901499238962e-06,-1.73741750760612e-05
16,315,-7.65875088079725e-06,-2.63233641975753e-05
19,315,-3.18137643291981e-06,-3.56510065253558e-05
22,315,3.18142843788804e-06,-4.50792504823542e-05
25,315,1.0263231049342e-05,-5.51418126200217e-05
28,315,1.68436524896119e-05,-6.69591400511829e-05
31,315,2.21388705495548e-05,-8.18499986988013e-05
34,315,2.60054121700036e-05,-0.000100795582686209
37,315,2.86610917787559e-05,-0.000123864558610949
40,315,3.02576349258044e-05,-0.000149859926222979
43,315,3.08621159943626e-05,-0.000176049570149521
46,315,3.04615771164551e-05,-0.00019877041342964
49,315,2.90568439729936e-05,-0.000215302593871312
52,315,2.6946849824396e-05,-0.000225161013122259
55,315,2.47889484379772e-05,-0.000230360950130537
58,315,2.35528900980801e-05,-0.000234410454000645
61,315,2.42805543113306e-05,-0.000240733519814359
64,315,2.73995447553887e-05,-0.000251112149324285
67,315,3.25225288571364e-05,-0.000265576397756504
70,315,3.85628887339688e-05,-0.000282785344963847
73,315,4.41241331001277e-05,-0.000300540212409773
76,315,4.7914123484108e-05,-0.000316439348078535
79,315,4.89648796555507e-05,-0.000328953597443387
82,315,4.65455547780982e-05,-0.000338120617573997
85,315,4.01091498436502e-05,-0.00034502833571222
88,315,2.96623971530378e-05,-0.00035091507292171
91,315,1.59883584993744e-05,-0.000356585930388196
94,315,5.1196237310107e-07,-0.00036221332927887
97,315,-1.53277199829561e-05,-0.000367326033417129
100,315,-3.03752862789272e-05,-0.000371007519939486
103,315,-4.3848388367854e-05,-0.000372449759906642
106,315,-5.5449602109565e-05,-0.000371851071629008
109,315,-6.52304805515656e-05,-0.000370533611679061
112,315,-7.36382354990787e-05,-0.000369905165986827
115,315,-8.11837088273619e-05,-0.000370190881481223
118,315,-8.75828216724234e-05,-0.000370390432770165
121,315,-9.19695102239777e-05,-0.000368899370846815
124,315,-9.40583493422891e-05,-0.000364409603997984
127,315,-9.43883542808662e-05,-0.000356447491307327
130,315,-9.36236594591665e-05,-0.000345485468793982
133,315,-9.19215202174449e-05,-0.000332561393879856
136,315,-8.91260451912978e-05,-0.000318859297525049
139,315,-8.5509609683885e-05,-0.000305399984359739
142,315,-8.19784972877499e-05,-0.000292857684848513
145,315,-7.97442606142359e-05,-0.000281526901307209
148,315,-7.95575583918352e-05,-0.000271403482589551
151,315,-8.13365431136287e-05,-0.000262361080884117
154,315,-8.44779047252826e-05,-0.00025425617970064
157,315,-8.84161239283677e-05,-0.000246967144652033
160,315,-9.25688754428398e-05,-0.00024053731154741
163,315,-9.61604840632897e-05,-0.000235167913629767
166,315,-9.82782363353551e-05,-0.000230856176697972
169,315,-9.80504020335978e-05,-0.000226966519938508
172,315,-9.52323400388565e-05,-0.000222344543644014
175,315,-9.00922479309836e-05,-0.00021590402464019
178,315,-8.28686936373496e-05,-0.000207122714538343
181,315,-7.40578186102329e-05,-0.000196098054778368
184,315,-6.50978546810621e-05,-0.000183345985141413
187,315,-5.8299249165598e-05,-0.000169655646891154
190,315,-5.59504948433343e-05,-0.00015597761297129
193,315,-5.97637153120948e-05,-0.000143321712945728
196,315,-7.04454135493483e-05,-0.000132430791067705
199,315,-8.73841732943362e-05,-0.00012339165384651
202,315,-0.000108356948799467,-0.000115597220798814
205,315,-0.000129927195006238,-0.000107991135017742
208,315,-0.000148831891819134,-9.97236792261205e-05
211,315,-0.000163391816931476,-9.07325916538654e-05
214,315,-0.000173710157803722,-8.16134854460651e-05
217,315,-0.000180468087993224,-7.33708936686827e-05
220,315,-0.000183954776260002,-6.71288259958711e-05
223,315,-0.00018402666972774,-6.35399827102197e-05
226,315,-0.000179977534470426,-6.24361032423566e-05
229,315,-0.000171077395017699,-6.28047082270889e-05
232,315,-0.000157440390917351,-6.31994855761361e-05
235,315,-0.000139980591685416,-6.23590139929868e-05
238,315,-0.000120269039364546,-5.98770194076649e-05
241,315,-0.000100469900797937,-5.62862828914185e-05
244,315,-8.31302332741607e-05,-5.26817528120236e-05
247,315,-7.00256807902812e-05,-4.99675568888337e-05
250,315,-6.15502846685801e-05,-4.85416881933456e-05
253,315,-5.70458064143776e-05,-4.84762339580712e-05
256,315,-5.54123637690612e-05,-4.94960733090429e-05
259,315,-5.58020388474629e-05,-5.08490713027664e-05
262,315,-5.79055836641094e-05,-5.14988552508979e-05
265,315,-6.16875382179348e-05,-5.05431156891366e-05
268,315,-6.70175793759626e-05,-4.79755456804576e-05
271,315,-7.33251254944511e-05,-4.46741936262391e-05
274,315,-7.95770354648205e-05,-4.15452401250079e-05
277,315,-8.46069021793399e-05,-3.92706988751687e-05
280,315,-8.76013036690888e-05,-3.81388897298991e-05
283,315,-8.79468864432575e-05,-3.77562162184351e-05
286,315,-8.47863766181428e-05,-3.70646267689143e-05
289,315,-7.72612197678734e-05,-3.52614045499914e-05
292,315,-6.52645047101695e-05,-3.22890396150756e-05
295,315,-4.98928412220284e-05,-2.86148926897722e-05
298,315,-3.28831378198718e-05,-2.49428676611061e-05
1,320,-1.96634153404318e-10,1.96634153404318e-10
4,320,-1.71431353198652e-06,-9.38816872209561e-07
7,320,-5.09795719662541e-06,-4.10997018929137e-06
10,320,-8.26111247939092e-06,-9.8286454664507e-06
13,320,-9.39944776172374e-06,-1.76592912751754e-05
16,320,-7.64417541369007e-06,-2.67576820543896e-05
19,320,-3.1608106650572e-06,-3.62637499807485e-05
22,320,3.20893431724154e-06,-4.58986709260678e-05
25,320,1.02985945973155e-05,-5.61951888906526e-05
28,320,1.68877590097464e-05,-6.82727784361902e-05
31,320,2.21925730917904e-05,-8.34492329345096e-05
34,320,2.60695315307057e-05,-0.000102704773957775
37,320,2.87364165006834e-05,-0.000126107095552415
40,320,3.03449212981158e-05,-0.000152458224917238
43,320,3.09620880526293e-05,-0.000179025074128316
46,320,3.05749266426646e-05,-0.000202143593673572
49,320,2.91842304955224e-05,-0.000219092948809847
52,320,2.70889006180438e-05,-0.000229387068633719
55,320,2.49462585239309e-05,-0.000235040259542112
58,320,2.37260222439576e-05,-0.000239559598088364
61,320,2.44700390311273e-05,-0.000246368106803116
64,320,2.76058803095274e-05,-0.000257246814887842
67,320,3.27461812524399e-05,-0.000272224805017469
70,320,3.88042917236764e-05,-0.000289960184493695
73,320,4.43836881838638e-05,-0.00030825320222882
76,320,4.81921999079198e-05,-0.000324701233655979
79,320,4.92618144118816e-05,-0.000337774151697274
82,320,4.68616526058142e-05,-0.00034750864087123
85,320,4.04446832280064e-05,-0.000354991655868546
88,320,3.00176063257005e-05,-0.000361460545201762
91,320,1.63634514384098e-05,-0.000367719437505452
94,320,9.07114803007986e-07,-0.000373939781395665
97,320,-1.49123645912989e-05,-0.000379649368144643
100,320,-2.99396167082335e-05,-0.000383930702337777
103,320,-4.33923256544179e-05,-0.000385974782484632
106,320,-5.49730995432739e-05,-0.000385978954344458
109,320,-6.47335236759156e-05,-0.000385264401938583
112,320,-7.31208421111484e-05,-0.000385237938645914
115,320,-8.06459289778363e-05,-0.000386123738844226
118,320,-8.70247376655471e-05,-0.000386920504590275
121,320,-9.13912366176253e-05,-0.000386022814326085
124,320,-9.34600329479249e-05,-0.000382121603787329
127,320,-9.37701741635393e-05,-0.000374742259506538
130,320,-9.29858269375068e-05,-0.000364356244951683
133,320,-9.12642788636928e-05,-0.000352000444993528
136,320,-8.84496708312891e-05,-0.000338857918041041
139,320,-8.48144103970414e-05,-0.000325948496173277
142,320,-8.12648134070908e-05,-0.00031394543730364
145,320,-7.90124647263641e-05,-0.000303142271196859
148,320,-7.88080553369654e-05,-0.000293533874155495
151,320,-8.05697699855516e-05,-0.000284992925817006
154,320,-8.36943308713973e-05,-0.00027737493713997
157,320,-8.76162509496471e-05,-0.000270557301186144
160,320,-9.17532371938741e-05,-0.000264582381213531
163,320,-9.53296466522515e-05,-0.000259650437913963
166,320,-9.74327981240051e-05,-0.00025575772453518
169,320,-9.71909936372944e-05,-0.000252267687712494
172,320,-9.43596243265695e-05,-0.000248024955187435
175,320,-8.92069200252457e-05,-0.000241942331234556
178,320,-8.19714809143047e-05,-0.000233496594914014
181,320,-7.31494806996197e-05,-0.000222784215114551
184,320,-6.4179183466202e-05,-0.000210320159066199
187,320,-5.73710687834147e-05,-0.00019689259548148
190,320,-5.50136616843481e-05,-0.000183451124752942
193,320,-5.88191180204053e-05,-0.000171004603893357
196,320,-6.94939730226678e-05,-0.000160294904604827
199,320,-8.64268426839579e-05,-0.000151407860845487
202,320,-0.000107394713510282,-0.000143735419580876
205,320,-0.000128961072696727,-0.000136220251352973
208,320,-0.000147862932401382,-0.000128011666333462
211,320,-0.00016242110257114,-0.000119046430201118
214,320,-0.000172738802920078,-0.000109919183549889
217,320,-0.000179497239259126,-0.000101633486894592
220,320,-0.000182985612601902,-9.53123773582424e-05
223,320,-0.000183060402325689,-9.16075826722757e-05
226,320,-0.000179015406758055,-9.03498697162026e-05
229,320,-0.000170120682682252,-9.05257865736686e-05
232,320,-0.000156490401899638,-9.06880486052591e-05
235,320,-0.000139038666179867,-8.95742619633054e-05
238,320,-0.000119336549819168,-8.67771800267106e-05
241,320,-9.95482519143538e-05,-8.2828611315583e-05
244,320,-8.2220862007548e-05,-7.88225316465307e-05
247,320,-6.91300563494542e-05,-7.56620961877853e-05
250,320,-6.06699085159107e-05,-7.37443254596952e-05
253,320,-5.61822122658711e-05,-7.31403341436444e-05
256,320,-5.45671175942715e-05,-7.35740288144989e-05
259,320,-5.49767388695695e-05,-7.4292301977637e-05
262,320,-5.71018603598667e-05,-7.42578083935705e-05
265,320,-6.09070543177105e-05,-7.25672660468668e-05
268,320,-6.62620298636954e-05,-6.92133954493359e-05
271,320,-7.25962376076893e-05,-6.50732724512235e-05
274,320,-7.88765686946979e-05,-6.10521050999331e-05
277,320,-8.39366482706051e-05,-5.78309345427191e-05
280,320,-8.69630866200322e-05,-5.56971080815938e-05
283,320,-8.73425625058254e-05,-5.42560566946738e-05
286,320,-8.42178342978274e-05,-5.24487562589318e-05
289,320,-7.67303798238107e-05,-4.94715173919381e-05
292,320,-6.47733201550154e-05,-4.52658575958911e-05
295,320,-4.94432973221053e-05,-4.02981650452846e-05
298,320,-3.24772520950469e-05,-3.52713710760035e-05
1,325,-1.96634153404318e-10,1.96634153404318e-10
4,325,-1.69511521655606e-06,-9.45803499270488e-07
7,325,-5.03139349935218e-06,-4.13419360384415e-06
10,325,-8.11982685675215e-06,-9.88006039732453e-06
13,325,-9.15689419315484e-06,-1.77475570195743e-05
16,325,-7.27461840153678e-06,-2.68921624779026e-05
19,325,-2.63932523457719e-06,-3.64535135173465e-05
22,325,3.90646261786559e-06,-4.61524905780989e-05
25,325,1.11954696969712e-05,-5.65215422288435e-05
28,325,1.80064743143935e-05,-6.86798475996738e-05
31,325,2.35548114844812e-05,-8.39449046307742e-05
34,325,2.76961653715697e-05,-0.000103296639462705
37,325,3.06475076269106e-05,-0.000126802450710277
40,325,3.25597210239881e-05,-0.000153264070140678
43,325,3.34990371695068e-05,-0.000179948114398366
46,325,3.34516554189922e-05,-0.000203190238539647
49,325,3.24175586768053e-05,-0.000220269312389729
52,325,3.06948374268602e-05,-0.0002306989696136
55,325,2.89400026599607e-05,-0.000236493221176541
58,325,2.81219618839519e-05,-0.000241158848200294
61,325,2.92817518289091e-05,-0.00024811857778385
64,325,3.28461333959856e-05,-0.000259153143697106
67,325,3.84269312355558e-05,-0.000274291333183346
70,325,4.49366846885235e-05,-0.000292190958112658
73,325,5.09780596925651e-05,-0.000310651971965719
76,325,5.52580749996864e-05,-0.000327271454744059
79,325,5.68079076030033e-05,-0.000340518983938157
82,325,5.48958678896799e-05,-0.000350430948634907
85,325,4.89741140750382e-05,-0.0003580940080934
88,325,3.90485356834226e-05,-0.000364745215394566
91,325,2.59013517314251e-05,-0.000371188403741358
94,325,1.09566479330146e-05,-0.000377594726318193
97,325,-4.34734724556355e-06,-0.00038349167896571
100,325,-1.88560742909275e-05,-0.000387961470837683
103,325,-3.1788027832643e-05,-0.00039019480501206
106,325,-4.28466265070136e-05,-0.000390388731816469
109,325,-5.20842661381109e-05,-0.000389864139840616
112,325,-5.99490013076613e-05,-0.000390027547031791
115,325,-6.6952516667447e-05,-0.000391102832336173
118,325,-7.2811576129936e-05,-0.000392088402378874
121,325,-7.66609586614249e-05,-0.000391378540170303
124,325,-7.82160818986759e-05,-0.000387663886014528
127,325,-7.80168038717209e-05,-0.000380469531012466
130,325,-7.67281017764766e-05,-0.000370266643200452
133,325,-7.45080737297786e-05,-0.000358091812017636
136,325,-7.12016711437323e-05,-0.000345127800441384
139,325,-6.70821120979913e-05,-0.000332394145119123
142,325,-6.30565229616057e-05,-0.000320563808532649
145,325,-6.03372991224535e-05,-0.000309930025015039
148,325,-5.96759420855567e-05,-0.000300487375437276
151,325,-6.09914471204921e-05,-0.000292108244005195
154,325,-6.36813469494343e-05,-0.000284647846245744
157,325,-6.7180965050474e-05,-0.000277983279789056
160,325,-7.09088189201099e-05,-0.000272156612461527
163,325,-7.40900761294195e-05,-0.000267367809523392
166,325,-7.58128660005606e-05,-0.000263612828790739
169,325,-7.52063010846138e-05,-0.000260254821467272
172,325,-7.20265830389571e-05,-0.000256138119862922
175,325,-6.65427522199157e-05,-0.000250175232820597
178,325,-5.89942193314077e-05,-0.000241842643968855
181,325,-4.98779686022107e-05,-0.000231236526764817
184,325,-4.06330746402799e-05,-0.000218871553006895
187,325,-3.35708275378883e-05,-0.000205535595975985
190,325,-3.09805628510404e-05,-0.000192177960633048
193,325,-3.45752469540772e-05,-0.000179807208559201
196,325,-4.50622256009963e-05,-0.000169164916024945
199,325,-6.18309253075424e-05,-0.00016033662155681
202,325,-8.26591431026389e-05,-0.000152713976688695
205,325,-0.000104111176704303,-0.00014523935653097
208,325,-0.00012292484879354,-0.000137061775823698
211,325,-0.000137421779840169,-0.000128117704814059
214,325,-0.000147706000081187,-0.00011900148866435
217,325,-0.000154459525850451,-0.000110716392457795
220,325,-0.000157972368684496,-0.00010438515788578
223,325,-0.000158101818483528,-0.000100659217248127
226,325,-0.000154142484098038,-9.93690419927193e-05
229,325,-0.000145365232834199,-9.95008847716108e-05
232,325,-0.00013188504701629,-9.96071655137404e-05
235,325,-0.000114616838936898,-9.84251949398317e-05
238,325,-9.51324934151622e-05,-9.55474309971834e-05
241,325,-7.55970200708175e-05,-9.15053867742733e-05
244,325,-5.85583189689186e-05,-8.73927426560899e-05
247,325,-4.57928768830829e-05,-8.41123583792442e-05
250,325,-3.76955779120712e-05,-8.20609590324837e-05
253,325,-3.36090263377723e-05,-8.1309363865561e-05
256,325,-3.2434182678028e-05,-8.15811840217348e-05
259,325,-3.33239718242232e-05,-8.21230165747506e-05
262,325,-3.59699885673799e-05,-8.18972208535168e-05
265,325,-4.03376156829913e-05,-8.00002194109849e-05
268,325,-4.62973728145269e-05,-7.64244373273393e-05
271,325,-5.32795210948234e-05,-7.20466550212001e-05
274,325,-6.02517621917699e-05,-6.77717851083654e-05
277,325,-6.6048531774221e-05,-6.42805733044856e-05
280,325,-6.98572506496665e-05,-6.18600714799265e-05
283,325,-7.10654081039046e-05,-6.01154151811945e-05
286,325,-6.8816573029694e-05,-5.79872848536574e-05
289,325,-6.22530337777535e-05,-5.46716956832722e-05
292,325,-5.1268721942189e-05,-5.01098697405942e-05
295,325,-3.69610900766388e-05,-4.47678997685128e-05
298,325,-2.10678894739555e-05,-3.93484216712981e-05
1,330,-1.96634153404318e-10,1.96634153404318e-10
4,330,-1.63546001631962e-06,-9.66609950804785e-07
7,330,-4.82453219656509e-06,-4.20634266098365e-06
10,330,-7.68069241803868e-06,-1.00332222557186e-05
13,330,-8.40290345403838e-06,-1.80105359164523e-05
16,330,-6.12567206646455e-06,-2.72928966920496e-05
19,330,-1.0178078769287e-06,-3.70190753691519e-05
22,330,6.0756825558063e-06,-4.69090864295063e-05
25,330,1.39850399039932e-05,-5.74945124833866e-05
28,330,2.14865586103736e-05,-6.98936667024328e-05
31,330,2.77930898203569e-05,-8.5423181068427e-05
34,330,3.27578338293896e-05,-0.000105062115763501
37,330,3.65952784197745e-05,-0.00012887700344404
40,330,3.94538224960977e-05,-0.000155668709918792
43,330,4.13972137961229e-05,-0.000182702985873804
46,330,4.24091678064857e-05,-0.000206314620406955
49,330,4.24871835625988e-05,-0.00022378161738503
52,330,4.19268676794669e-05,-0.000234616744514591
55,330,4.13822472789692e-05,-0.000240833146802481
58,330,4.18197460000596e-05,-0.00024593673941202
61,330,4.42779167038532e-05,-0.000253349383483798
64,330,4.91810364226111e-05,-0.000264850946829258
67,330,5.61384459377708e-05,-0.000280469350733266
70,330,6.40602007213439e-05,-0.000298861541107486
73,330,7.15464828420575e-05,-0.000317826605474175
76,330,7.73018271830045e-05,-0.000334960757876429
79,330,8.03549268683792e-05,-0.000348732709846302
82,330,7.99716084164481e-05,-0.000359177984512275
85,330,7.56015461735955e-05,-0.000367382375175
88,330,6.72481457952498e-05,-0.000374582068956985
91,330,5.56911424290644e-05,-0.000381580033102758
94,330,4.23521379201307e-05,-0.000388546554838319
97,330,2.86668768657418e-05,-0.000395008264045862
100,330,1.57874349103656e-05,-0.000400046503920753
103,330,4.49283355552113e-06,-0.00040285111158251
106,330,-4.9228297040036e-06,-0.000403618271400328
109,330,-1.25144345612309e-05,-0.000403668006005497
112,330,-1.87325194667733e-05,-0.000404405967386875
115,330,-2.40912529413584e-05,-0.000406055168532226
118,330,-2.83098827663557e-05,-0.00040761315010822
121,330,-3.05256717769901e-05,-0.000407473329166854
124,330,-3.04565214789369e-05,-0.000404325480053768
127,330,-2.86447737711649e-05,-0.000397693827911452
130,330,-2.57578897184707e-05,-0.000388048674817813
133,330,-2.19564513066599e-05,-0.00037642574425358
136,330,-1.70878938167272e-05,-0.000364006933237687
139,330,-1.14279191972598e-05,-0.000351810912459142
142,330,-5.8861376862001e-06,-0.00034050977844131
145,330,-1.67742854037996e-06,-0.000330395899558857
148,330,4.44222866279351e-07,-0.000321462990724316
151,330,5.57337395275865e-07,-0.000313582570185117
154,330,-7.38101544488223e-07,-0.000306608987509774
157,330,-2.87990130001957e-06,-0.000300418474369996
160,330,-5.28906323673698e-06,-0.000295052232633755
163,330,-7.19323879463323e-06,-0.000290709361602853
166,330,-7.68304116478901e-06,-0.000287384953134965
169,330,-5.8900667672051e-06,-0.000284441292475366
172,330,-1.57300112818097e-06,-0.000280721845975546
175,330,4.99663152703916e-06,-0.000275138256520019
178,330,1.35769366256248e-05,-0.000267166141778886
181,330,2.36684460698753e-05,-0.000256900809250852
184,330,3.38296013829079e-05,-0.000244856064775911
187,330,4.17466286035387e-05,-0.000231818915676543
190,330,4.51277083068396e-05,-0.000218737800955244
193,330,4.22573902495526e-05,-0.000206620416234751
196,330,3.24258448087603e-05,-0.000196207471827114
199,330,1.62411615997939e-05,-0.000187583640300439
202,330,-4.07694027518279e-06,-0.000180139707230205
205,330,-2.50952424031073e-05,-0.000172817181768356
208,330,-4.35540513339098e-05,-0.000164764212696538
211,330,-5.77774714063248e-05,-0.000155916404303481
214,330,-6.78720167262713e-05,-0.000146867235793086
217,330,-7.45221874965196e-05,-0.000138619106290128
220,330,-7.80204791225299e-05,-0.00013229389152758
223,330,-7.8226665373433e-05,-0.000128542157846838
226,330,-7.44378389686327e-05,-0.000127193510737355
229,330,-6.59273510832184e-05,-0.000127233336892759
232,330,-5.28126679103914e-05,-0.000127213190283575
235,330,-3.60111856116643e-05,-0.000125869515672083
238,330,-1.7097272875082e-05,-0.000122793905047169
241,330,1.7615768106816e-06,-0.00011851700553888
244,330,1.80149795116715e-05,-0.000114131631573784
247,330,2.98839645853412e-05,-0.000110539776930064
250,330,3.69711640640091e-05,-0.00010813730073804
253,330,3.99314897968643e-05,-0.000106994156289045
256,330,3.98614973971626e-05,-0.0001068330887679
259,330,3.76057781045777e-05,-0.000106899829289933
262,330,3.34702532591744e-05,-0.000106155871225635
265,330,2.74870562165403e-05,-0.000103696771169518
268,330,1.9783183464304e-05,-9.95140882433431e-05
271,330,1.09258900006869e-05,-9.44837369073126e-05
274,330,1.94499028889396e-06,-8.95097638188026e-05
277,330,-5.99643520887628e-06,-8.52720487350224e-05
280,330,-1.20882911689844e-05,-8.20567775679226e-05
283,330,-1.57205507461955e-05,-7.9468219905573e-05
286,330,-1.60392667021489e-05,-7.64461902349365e-05
289,330,-1.21892112565343e-05,-7.21858377835304e-05
292,330,-4.06679987231277e-06,-6.66275186634884e-05
295,330,7.22803102791282e-06,-6.02364596592683e-05
298,330,1.99550462823951e-05,-5.37144307167249e-05
1,335,-1.96634153404318e-10,1.96634153404318e-10
4,335,-1.55762301633993e-06,-1.01044774945727e-06
7,335,-4.55458700594769e-06,-4.358376729284e-06
10,335,-7.10756195806344e-06,-1.03560133442601e-05
13,335,-7.41870475794083e-06,-1.85648470554182e-05
16,335,-4.62571627944741e-06,-2.8137693191222e-05
19,335,1.0993997438597e-06,-3.82115248178903e-05
22,335,8.90844264126583e-06,-4.85045586967728e-05
25,335,1.76284589730666e-05,-5.95465797177483e-05
28,335,2.6032549070044e-05,-7.24541033320319e-05
31,335,3.33303699656727e-05,-8.85419638010092e-05
34,335,3.93719278434273e-05,-0.000108787423586408
37,335,4.43685163736652e-05,-0.000133255217624195
40,335,4.8465340349005e-05,-0.000160744414002734
43,335,5.17229533952726e-05,-0.000188518965687638
46,335,5.41218768871466e-05,-0.000212911864056392
49,335,5.56564157480868e-05,-0.000231199315255382
52,335,5.66189824811379e-05,-0.000242892289270745
55,335,5.76604100962235e-05,-0.00025000213338894
58,335,5.97439281203547e-05,-0.000256032965052861
61,335,6.39048953026827e-05,-0.000264404847682707
64,335,7.05643945635152e-05,-0.000276895851369498
67,335,7.93285725723441e-05,-0.000293532099677705
70,335,8.91042906892223e-05,-0.000312968740798581
73,335,9.84885368709065e-05,-0.000333003064533985
76,335,0.000106182651888573,-0.000351229487206594
79,335,0.000111212134754423,-0.00036611492262806
82,335,0.000112839617874803,-0.000377693096206452
85,335,0.000110511581484113,-0.000387048003522037
88,335,0.000104228237125847,-0.000395414033976891
91,335,9.47661258357053e-05,-0.000403592357095142
94,335,8.35436553468131e-05,-0.000411751462382384
97,335,7.19933761445177e-05,-0.000419416182000434
100,335,6.12641697613284e-05,-0.000425666061424192
103,335,5.21318635868086e-05,-0.000429689140052821
106,335,4.48873610038083e-05,-0.000431679804535083
109,335,3.94725882073365e-05,-0.00043295627978188
112,335,3.54338126348273e-05,-0.00043492242006164
115,335,3.22536716535945e-05,-0.000437799440641733
118,335,3.02097233703391e-05,-0.000440583084468422
121,335,3.01615108378527e-05,-0.000441664970873319
124,335,3.23879384385216e-05,-0.000439733076481613
127,335,3.63434701614218e-05,-0.000434309828715416
130,335,4.13574508298052e-05,-0.000425863731932217
133,335,4.72661043459026e-05,-0.000415428711892356
136,335,5.42188013167778e-05,-0.00040418486789434
139,335,6.1936645681873e-05,-0.00039314907290679
142,335,6.95068330913128e-05,-0.000382991625732637
145,335,7.57112901762973e-05,-0.000374003097026169
148,335,7.97928374509472e-05,-0.000366175403979502
151,335,8.18268016648211e-05,-0.000359378267119654
154,335,8.24099721148648e-05,-0.000353464238294731
157,335,8.21013473421052e-05,-0.000348307751456056
160,335,8.14767318691834e-05,-0.000343948210751167
163,335,8.130528014414e-05,-0.000340582917761484
166,335,8.24931848639511e-05,-0.000338205166624243
169,335,8.59056554966588e-05,-0.000336175444864352
172,335,9.17808124040094e-05,-0.000333335421112859
175,335,9.98439372488055e-05,-0.000328594940533895
178,335,0.000109849941346262,-0.000321427823077146
181,335,0.000121296162486722,-0.000311927578520918
184,335,0.000132737848081348,-0.000300606214984781
187,335,0.000141858030057009,-0.000288248942070822
190,335,0.000146361694876823,-0.000275802401061134
193,335,0.000144530198185572,-0.000264272489858034
196,335,0.000135650516248382,-0.000254398121053167
199,335,0.000120327544568644,-0.000246262169494253
202,335,0.000100777808136556,-0.000239253623036338
205,335,8.0431331253229e-05,-0.000232312193110977
208,335,6.25446132567726e-05,-0.000224584230779399
211,335,4.87903556965139e-05,-0.000216003542609933
214,335,3.90588503545753e-05,-0.000207161810086065
217,335,3.26624029162201e-05,-0.000199059634612183
220,335,2.93053238640416e-05,-0.000192817094200829
223,335,2.91246453169657e-05,-0.000189082957473011
226,335,3.28200804436253e-05,-0.000187685032197769
229,335,4.11150839569661e-05,-0.000187606907348322
232,335,5.38889955518535e-05,-0.000187398339174791
235,335,7.02212249548155e-05,-0.000185793974719053
238,335,8.85342093658384e-05,-0.000182383608249579
241,335,0.000106657261184311,-0.000177696089176008
244,335,0.000122036802364325,-0.000172822434204517
247,335,0.000132890668151364,-0.000168662839392865
250,335,0.000138818296465809,-0.000165611366150986
253,335,0.00014047140504488,-0.000163736170049775
256,335,0.000138943355389893,-0.000162758198553675
259,335,0.000135075544628562,-0.000161921385057602
262,335,0.000129170699989008,-0.000160185425211622
265,335,0.000121257760714834,-0.000156644077889862
268,335,0.000111460529181752,-0.000151287104493678
271,335,0.000100343066276007,-0.000144988621762843
274,335,8.89319923488625e-05,-0.000138650878634347
277,335,7.83871937505357e-05,-0.000132951957144979
280,335,6.95155716927641e-05,-0.000128176245486296
283,335,6.29239589087782e-05,-0.000123926215525946
286,335,5.94631085250188e-05,-0.00011913988403051
289,335,5.99850542097987e-05,-0.000113010602507066
292,335,6.4590186388263e-05,-0.000105476929347369
295,335,7.21753745257992e-05,-9.7002293615449e-05
298,335,8.0997189348759e-05,-8.82866675367817e-05
1,340,-1.96634153404318e-10,1.96634153404318e-10
4,340,-1.50288079868367e-06,-1.06897781849753e-06
7,340,-4.36471172543837e-06,-4.56139222387618e-06
10,340,-6.70437738833598e-06,-1.07871042318364e-05
13,340,-6.72624929144947e-06,-1.93052379143596e-05
16,340,-3.57024292745651e-06,-2.92662432108306e-05
19,340,2.58942335126414e-06,-3.98047277984163e-05
22,340,1.09023342551777e-05,-5.06365430493846e-05
25,340,2.01933217257619e-05,-6.22891084645552e-05
28,340,2.9233271474981e-05,-7.58765741060707e-05
31,340,3.72296259174842e-05,-9.27114088462648e-05
34,340,4.40301766179414e-05,-0.000113768509757777
37,340,4.98440026278866e-05,-0.00013911024638753
40,340,5.48140941211078e-05,-0.000167533321434784
43,340,5.89987901046313e-05,-0.00019629932247614
46,340,6.23763973343018e-05,-0.000221738875499964
49,340,6.49390061147614e-05,-0.000241125821263615
52,340,6.69768143302423e-05,-0.000253968764364129
55,340,6.91384403718503e-05,-0.000262276686698923
58,340,7.23848991477772e-05,-0.000269551340321814
61,340,7.7749334788351e-05,-0.000279210423263942
64,340,8.56506155950637e-05,-0.000293029640227246
67,340,9.56926736185867e-05,-0.000311032749387155
70,340,0.000106780155600162,-0.000331872533545815
73,340,0.000117507834877722,-0.000353343917116064
76,340,0.000126574837603614,-0.000373038951031475
79,340,0.000133004448171247,-0.000389422183714662
82,340,0.00013605708436812,-0.000402524975184602
85,340,0.000135177011809835,-0.000413428955632518
88,340,0.000130362227421059,-0.000423366149071394
91,340,0.000122387057618668,-0.00043313535963633
94,340,0.000112667695516982,-0.000442902711443807
97,340,0.000102634476982519,-0.000452190671266608
100,340,9.34340689289754e-05,-0.000460076419190548
103,340,8.58400841270948e-05,-0.000465745629225744
106,340,8.01412113409074e-05,-0.000469390322631859
109,340,7.62771621466067e-05,-0.000472326358930769
112,340,7.3791989362799e-05,-0.000475955227001794
115,340,7.21661157379918e-05,-0.00048049577672327
118,340,7.16748847600684e-05,-0.000484941385652372
121,340,7.31756248629841e-05,-0.000487681307731665
124,340,7.69450258103257e-05,-0.000487401154197239
127,340,8.24353369723338e-05,-0.000483620987082183
130,340,8.89736885534564e-05,-0.000476806945354881
133,340,9.63940898371019e-05,-0.000467990589386635
136,340,0.000104843696811507,-0.000458349653086855
139,340,0.000114041398797312,-0.000448898644035122
142,340,0.000123072176825806,-0.00044030549564528
145,340,0.000130715742909376,-0.000432858413182583
148,340,0.000136212702943334,-0.000426546948450025
151,340,0.000139636169058401,-0.000421238456585615
154,340,0.000141580715932722,-0.000416783124048349
157,340,0.000142603127488491,-0.000413053019400525
160,340,0.000143276993629544,-0.000410085181400561
163,340,0.0001443692541851,-0.000408074546240866
166,340,0.000146783887233305,-0.000407012042669564
169,340,0.000151383887623394,-0.000406255792822528
172,340,0.000158405161098291,-0.000404645099941718
175,340,0.000167570774701973,-0.000401087443802214
178,340,0.00017863342513086,-0.000395054278964613
181,340,0.000191088235556449,-0.000386636749818191
184,340,0.000203488238771099,-0.00037634449909341
187,340,0.000213514252082851,-0.000364960371003325
190,340,0.000218869047336014,-0.000353428641440935
193,340,0.000217831765556551,-0.000342752842919511
196,340,0.000209687168390765,-0.000333669522641623
199,340,0.000195037936723222,-0.000326259190065913
202,340,0.000176098380925319,-0.000319908467658375
205,340,0.00015629631067933,-0.000313554701461498
208,340,0.000138886010704561,-0.000306341877147434
211,340,0.000125537967931505,-0.00029820143589546
214,340,0.000116140259523474,-0.000289722693799975
217,340,0.000110002976546919,-0.000281903886876316
220,340,0.000106828214865609,-0.000275862727747953
223,340,0.000106750791979651,-0.000272245619646825
226,340,0.000110468206438858,-0.000270878004952913
229,340,0.000118701698337367,-0.000270741107250357
232,340,0.0001313283927512,-0.000270382317400221
235,340,0.000147425484788088,-0.000268533917055313
238,340,0.000165413197029202,-0.000264783335095039
241,340,0.000183118627255096,-0.000259657055539967
244,340,0.000197985982801057,-0.00025424372970721
247,340,0.000208230884293744,-0.000249441188265456
250,340,0.000213450555034707,-0.00024564112723558
253,340,0.000214294498142366,-0.000242909336799401
256,340,0.000211853860499225,-0.000240964399032317
259,340,0.000206967824614157,-0.000239047881940136
262,340,0.000199936903096478,-0.000236117115783905
265,340,0.00019078782057096,-0.000231263494048639
268,340,0.000179642164794511,-0.000224474412746663
271,340,0.000167061782034548,-0.000216621623228661
274,340,0.000154071078023518,-0.000208605009042576
277,340,0.000141827724492822,-0.0002011002868361
280,340,0.000131136408035379,-0.000194389479411765
283,340,0.000122601746765602,-0.000188072693248117
286,340,0.000117072279191112,-0.000181085579722684
289,340,0.00011539782436139,-0.000172619124953472
292,340,0.000117676558082785,-0.000162609521943183
295,340,0.000122803135201864,-0.000151517834366764
298,340,0.000129031911826136,-0.000140041669060627
1,345,-1.96634153404318e-10,1.96634153404318e-10
4,345,-1.4901103236559e-06,-1.12636600571631e-06
7,345,-4.32041191162959e-06,-4.76047281870005e-06
10,345,-6.61029960618117e-06,-1.12098953769442e-05
13,345,-6.5646551455279e-06,-2.00314716747026e-05
16,345,-3.32390425654031e-06,-3.03733655736518e-05
19,345,2.93722447425161e-06,-4.13678986732378e-05
22,345,1.13678055231333e-05,-5.2728636268019e-05
25,345,2.07921605974175e-05,-6.49807117811013e-05
28,345,2.99806651748963e-05,-7.92359891968988e-05
31,345,3.81402514360577e-05,-9.68046513100509e-05
34,345,4.51182007113856e-05,-0.000118659309115454
37,345,5.11230818182606e-05,-0.000144860046082346
40,345,5.62973746962924e-05,-0.000174201278832252
43,345,6.06989081183508e-05,-0.000203942308864067
46,345,6.43054786060983e-05,-0.000230411476088429
49,345,6.71086662300049e-05,-0.000250880335185001
52,345,6.93981586401418e-05,-0.000264855204673076
55,345,7.18220639934602e-05,-0.000274342780372393
58,345,7.53408869639515e-05,-0.000282842528259024
61,345,8.09872614477939e-05,-0.000293769860286407
64,345,8.91795455122937e-05,-0.00030889819507875
67,345,9.95211609739878e-05,-0.000328249004733794
70,345,0.000110916244339907,-0.000350472785975953
73,345,0.000121959058713853,-0.000373362177140349
76,345,0.000131348220013959,-0.000394506943082834
79,345,0.000138106502399508,-0.000412369346148325
82,345,0.00014149381342382,-0.00042697846027807
85,345,0.000140953908468304,-0.000439413629585584
88,345,0.000136484274223465,-0.000450904592006119
91,345,0.00012885872687204,-0.000462247865597082
94,345,0.000119492949294151,-0.000473607288397223
97,345,0.000109816767122154,-0.000484503041101627
100,345,0.000100976337035573,-0.000494010017718371
103,345,9.37447615709858e-05,-0.000501311606179877
106,345,8.84102192582529e-05,-0.00050659754166808
109,345,8.4911911439397e-05,-0.000511181397627146
112,345,8.27933806988644e-05,-0.00051646237685867
115,345,8.15345395509745e-05,-0.000522657043163302
118,345,8.14102212494579e-05,-0.000528756488020466
121,345,8.32772439940939e-05,-0.00053314767929502
124,345,8.74117873143035e-05,-0.000534513942145352
127,345,9.32655903461552e-05,-0.000532373052526831
130,345,0.000100165273059928,-0.000527188863330119
133,345,0.000107944334504856,-0.000519990648848813
136,345,0.000116749420435027,-0.000511953856914594
139,345,0.00012629890993688,-0.00050409070902935
142,345,0.000135677273807559,-0.000497066852529182
145,345,0.000143663713825281,-0.000491168206601645
148,345,0.000149498325651173,-0.000486382036972018
151,345,0.000153253711181802,-0.000482573412700588
154,345,0.000155523934861136,-0.000479590234168645
157,345,0.000156865270377204,-0.000477302283860761
160,345,0.00015785079739967,-0.000475744314457642
163,345,0.000159246945523568,-0.00047510897607399
166,345,0.00016195718259292,-0.000475384911380195
169,345,0.000166843993222752,-0.000475927956434438
172,345,0.000174142772921827,-0.000475575128400948
175,345,0.000183576078499951,-0.000473231620977091
178,345,0.000194896096419386,-0.000468366602645764
181,345,0.000207597439617449,-0.000461068931718506
184,345,0.000220232630652337,-0.000451845964848074
187,345,0.000230481976597908,-0.000441478260169799
190,345,0.000236047739064328,-0.000430907807498984
193,345,0.000235208548843365,-0.000421135853271175
196,345,0.000227248657347166,-0.000412896658611215
199,345,0.000212770235226113,-0.000406268446900054
202,345,0.000193987082617461,-0.000400635554525947
205,345,0.00017432649896929,-0.000394933041453682
208,345,0.000157042258766748,-0.000388302607277685
211,345,0.000143804338706152,-0.000380673407099531
214,345,0.000134500305716661,-0.000372632470935899
217,345,0.000128439740630534,-0.000365175748724406
220,345,0.000125324229077392,-0.000359418667010812
223,345,0.000125288078323149,-0.000356005342949341
226,345,0.000129028276683471,-0.000354758932842248
229,345,0.000137265554018309,-0.000354658374195969
232,345,0.000149876525169535,-0.000354248771793849
235,345,0.000165937875010698,-0.00035226012121098
238,345,0.000183869315888788,-0.000348277565249059
241,345,0.000201497435350215,-0.000342825301850927
244,345,0.000216265930496076,-0.000336989696255995
247,345,0.000226389911718877,-0.000331666293055225
250,345,0.000231466092085989,-0.000327244502191782
253,345,0.000232143464481663,-0.00032378782776977
256,345,0.000229512665554235,-0.000321012565786866
259,345,0.000224412367578415,-0.000318157998171169
262,345,0.000217142572929331,-0.000314179169106005
265,345,0.000207729495997609,-0.000308165185998682
268,345,0.000196294214305979,-0.000300101158783809
271,345,0.000183398063887689,-0.000290856552734349
274,345,0.000170064940241011,-0.000281328965320521
277,345,0.000157452004863174,-0.000272191827112317
280,345,0.000146363434112936,-0.000263724874834549
283,345,0.000137403335870558,-0.00025552592888806
286,345,0.000131419738409448,-0.00024652835457263
289,345,0.000129261950544958,-0.000235920851928582
292,345,0.000131027637849244,-0.000223637327880886
295,345,0.000135610944934733,-0.000210136560026786
298,345,0.000141265717674721,-0.00019611386912496
1,350,-1.96634153404318e-10,1.96634153404318e-10
4,350,-1.50638373587783e-06,-1.15952923923165e-06
7,350,-4.37687311092036e-06,-4.87553079962143e-06
10,350,-6.73022558287831e-06,-1.14542767580874e-05
13,350,-6.77068550550583e-06,-2.04513022478328e-05
16,350,-3.63804122116562e-06,-3.10134682694568e-05
19,350,2.49361606811475e-06,-4.22717935613565e-05
22,350,1.07739982230877e-05,-5.39385405570122e-05
25,350,2.00280643355761e-05,-6.65375398184625e-05
28,350,2.9026827267839e-05,-8.11793524690642e-05
31,350,3.69778565848931e-05,-9.91728584423996e-05
34,350,4.37290710016876e-05,-0.000121489365872289
37,350,4.94896767200933e-05,-0.000148187655366903
40,350,5.44027910642123e-05,-0.000178060840686703
43,350,5.85268801914199e-05,-0.000208366920469535
46,350,6.18403780078585e-05,-0.000235432931764957
49,350,6.43355019684886e-05,-0.000256529126391574
52,350,6.63025771078588e-05,-0.000271160520007601
55,350,6.83903489674513e-05,-0.000281332505571725
58,350,7.15599596057162e-05,-0.000290543246198959
61,350,7.68446803033294e-05,-0.00030220685098166
64,350,8.46635065120794e-05,-0.000318095435682977
67,350,9.46204974330227e-05,-0.0003382291695396
70,350,0.000105620426957661,-0.000361257246414857
73,350,0.000116258195574277,-0.000384971001782818
76,350,0.000125233056585509,-0.000406958897638254
79,350,0.000131568421535143,-0.000425681893465052
82,350,0.000134524835360963,-0.000441167760343362
85,350,0.000133546690828888,-0.000454494539525648
88,350,0.000128632112013903,-0.00046689066608608
91,350,0.000120555552483253,-0.000479151355221041
94,350,0.000110733332501537,-0.000491439142108183
97,350,0.000100595915085597,-0.000503272904581525
100,350,9.1290094299461e-05,-0.000513726233788092
103,350,8.3589610064194e-05,-0.000521981214799242
106,350,7.77832782941426e-05,-0.000528226279935833
109,350,7.38109377158315e-05,-0.000533773699780978
112,350,7.12167682981856e-05,-0.000540021374275202
115,350,6.94813199400275e-05,-0.000547184564358089
118,350,6.88800632795617e-05,-0.000554253058648006
121,350,7.02704539010799e-05,-0.00055961252214874
124,350,7.39293087184801e-05,-0.000561944977157607
127,350,7.93090042523242e-05,-0.000560766896768933
130,350,8.57367978573857e-05,-0.000556540831012298
133,350,9.30468259673919e-05,-0.000550294751320228
136,350,0.000101386371720915,-0.000543202802663351
139,350,0.000110474451588881,-0.000536275903682492
142,350,0.000119396173752945,-0.000530178398852685
145,350,0.000126931377375784,-0.000525194904500417
148,350,0.000132320795503051,-0.000521311383489899
151,350,0.000135637667415777,-0.000518391602020365
154,350,0.000137476694942441,-0.000516282157612033
157,350,0.000138394789155546,-0.000514851529888409
160,350,0.000138965667109257,-0.000514133168669134
163,350,0.000139956395783086,-0.000514318421207846
166,350,0.000142271080405575,-0.000515394627313883
169,350,0.000146772842976215,-0.00051671632018434
172,350,0.000153697716388266,-0.000517119214122387
175,350,0.000162768894836021,-0.000515507199964334
178,350,0.000173739202166254,-0.000511348143332017
181,350,0.00018610388870075,-0.000504729599675891
184,350,0.000198416114382211,-0.000496157622787659
187,350,0.00020835682366897,-0.000486411467941594
190,350,0.000213628915555707,-0.000476431822091924
193,350,0.000212511658218658,-0.000467218628813135
196,350,0.000204289940454482,-0.000459504846368999
199,350,0.000189566570298034,-0.000453367395279407
202,350,0.000170555985271075,-0.000448189309071562
205,350,0.000150686122206166,-0.000442904344849158
208,350,0.000133211392972956,-0.00043665289934558
211,350,0.000119802411652233,-0.000429362824801324
214,350,0.000110347382557672,-0.000421619848372016
217,350,0.000104156523906011,-0.000414418617134196
220,350,0.000100932058711352,-0.000408873254772573
223,350,0.000100808931624119,-0.000405626575580292
226,350,0.000104484768344461,-0.000404500432998561
229,350,0.000112680936116826,-0.000404472461672733
232,350,0.000125274687167559,-0.000404086463525098
235,350,0.000141343343754723,-0.000402071131269681
238,350,0.000159307255609788,-0.00039801030484711
241,350,0.000176993647663646,-0.000392426879339178
244,350,0.0001918468544019,-0.00038640591712421
247,350,0.000202082623601554,-0.000380841659932115
250,350,0.000207298305714442,-0.000376122214844984
253,350,0.000208143531009333,-0.000372309783105866
256,350,0.000205709573519032,-0.000369119357851379
259,350,0.000200835742902769,-0.000365788918148536
262,350,0.000193822678920132,-0.00036127220531961
265,350,0.000184697233346253,-0.000354657023910856
268,350,0.00017358112108835,-0.000345927180995797
271,350,0.000161036315564171,-0.000335950838986353
274,350,0.000148087349656468,-0.000325624292491648
277,350,0.000135892022246962,-0.000315619669220644
280,350,0.000125255147078912,-0.000306215403037075
283,350,0.000116781469417063,-0.000297008011480703
286,350,0.000111319654919307,-0.000286929556990254
289,350,0.000109719649785501,-0.000275167436744993
292,350,0.000112079756972281,-0.000261654254808824
295,350,0.000117294758476589,-0.000246847485917935
298,350,0.000123619137556155,-0.000231441147969904
1,355,-1.96634153404318e-10,1.96634153404318e-10
4,355,-1.55017996022867e-06,-1.16716721172792e-06
7,355,-4.52884313240858e-06,-4.9020332889044e-06
10,355,-7.05305399237839e-06,-1.1510574061301e-05
13,355,-7.32536391193932e-06,-2.05480284149579e-05
16,355,-4.48386825152657e-06,-3.11609611033279e-05
19,355,1.29903476874743e-06,-4.24800946176538e-05
22,355,9.17474999160114e-06,-5.42173951442659e-05
25,355,1.79699294907571e-05,-6.68963969980488e-05
28,355,2.64572791104352e-05,-8.16273650552032e-05
31,355,3.38460613975577e-05,-9.97188830021603e-05
34,355,3.99858880490341e-05,-0.000122141962725588
37,355,4.50876582486454e-05,-0.000148955088586507
40,355,4.92961823024382e-05,-0.000178951078098217
43,355,5.26716193497161e-05,-0.000209387633651426
46,355,5.51940962785622e-05,-0.000236591496048532
49,355,5.68575235258612e-05,-0.000257832620860975
52,355,5.79539191081016e-05,-0.000272615727499832
55,355,5.91337215486886e-05,-0.000282945912676639
58,355,6.13597658880174e-05,-0.000292321043259249
61,355,6.56670163886874e-05,-0.000304154932092862
64,355,7.24761614844272e-05,-0.000320219398693492
67,355,8.13929533582176e-05,-0.000340534316050653
70,355,9.13238588835025e-05,-0.000363748581780545
73,355,0.000100865471530488,-0.000387653235110062
76,355,0.000108718737583756,-0.000409836441786833
79,355,0.000113908761569011,-0.000428758865047592
82,355,0.000115697781405986,-0.000444447979725346
85,355,0.000113531882842524,-0.000457981530825377
88,355,0.000107410882935542,-0.000470587657174734
91,355,9.81109282342218e-05,-0.000483061277722628
94,355,8.70500319850926e-05,-0.00049556463139957
97,355,7.56603501869294e-05,-0.000507616299792417
100,355,6.50903698856991e-05,-0.00051828957780105
103,355,5.61155239843876e-05,-0.000526766254249662
106,355,4.90263213792911e-05,-0.000533234465211983
109,355,4.37642937788432e-05,-0.000539006185023931
112,355,3.98753141339305e-05,-0.000545479017378921
115,355,3.68416253252819e-05,-0.000552867926969354
118,355,3.49403909730567e-05,-0.000560162406166471
121,355,3.50307596434623e-05,-0.000565747823726876
124,355,3.73912412323405e-05,-0.000568305905700758
127,355,4.1475905242172e-05,-0.000567352828935267
130,355,4.6613702009692e-05,-0.00056335084721287
133,355,5.26404609505258e-05,-0.000557327635718889
136,355,5.97051581852059e-05,-0.000550457043176841
139,355,6.75285031665751e-05,-0.000543749691980367
142,355,7.51972970582282e-05,-0.000537869630357381
145,355,8.14930720047698e-05,-0.000533101178387176
148,355,8.56582540337979e-05,-0.000529430002686852
151,355,8.77677754082578e-05,-0.000526719573208458
154,355,8.84180309385764e-05,-0.000524816191225084
157,355,8.81676246791765e-05,-0.000523588040113052
160,355,8.75919666661772e-05,-0.000523068273444893
163,355,8.74598168610013e-05,-0.000523447942227051
166,355,8.86769734741413e-05,-0.000524714090021753
169,355,9.21082514870045e-05,-0.000526220953778898
172,355,9.79913767747998e-05,-0.000526803951554529
175,355,0.000106051236513739,-0.000525366677937789
178,355,0.000116042347532537,-0.000521376702303377
181,355,0.000127461653134906,-0.000514921283854585
184,355,0.000138864006245489,-0.000506506180135972
187,355,0.000147932044304543,-0.00049691035017464
190,355,0.000152370359288691,-0.000487074184677691
193,355,0.000150459912356093,-0.000477997330972429
196,355,0.000141487285285341,-0.0004704124510755
199,355,0.000126056979093226,-0.000464396169259616
202,355,0.00010638512428345,-0.000459331222804858
205,355,8.59013506704928e-05,-0.000454151072567741
208,355,6.78617631059412e-05,-0.000447995819034509
211,355,5.39386686525233e-05,-0.000440793018198497
214,355,4.4021964605834e-05,-0.000433128100968196
217,355,3.74235621645574e-05,-0.000425995418172972
220,355,3.38473773247167e-05,-0.000420508797250395
223,355,3.34300477186787e-05,-0.000417310756246449
226,355,3.68708920285157e-05,-0.000416222852355195
229,355,4.48929704806149e-05,-0.000416222423974837
232,355,5.73752282832572e-05,-0.000415852976780498
235,355,7.33966806764298e-05,-0.000413842907239065
238,355,9.13793703735384e-05,-0.000409775759044009
241,355,0.000109152215287418,-0.000404174131029955
244,355,0.000124161242885589,-0.0003981227893281
247,355,0.000134623893926992,-0.000392515679421191
250,355,0.000140139211845401,-0.000387740612144161
253,355,0.000141358519891521,-0.000383859492492908
256,355,0.000139374785080076,-0.000380587017356889
259,355,0.000135029010052231,-0.000377160869555995
262,355,0.000128623527549519,-0.000372534494165311
265,355,0.000120186882328994,-0.000365795399483951
268,355,0.000109842482279817,-0.000356927096338292
271,355,9.81539938016549e-05,-0.000346797450893101
274,355,8.6147642759204e-05,-0.000336302461510333
277,355,7.49829210161141e-05,-0.000326113959651822
280,355,6.54663352975638e-05,-0.000316510082934122
283,355,5.82043238502683e-05,-0.000307087052649881
286,355,5.4047245314009e-05,-0.00029677663499062
289,355,5.38467388706068e-05,-0.000284765930888497
292,355,5.77028004586096e-05,-0.00027098724816024
295,355,6.45119050569038e-05,-0.000255897765294902
298,355,7.25302289051591e-05,-0.000240191203942866
1,360,-1.96634153404318e-10,1.96634153404318e-10
4,360,-1.61442428730368e-06,-1.17290586593937e-06
7,360,-4.75179289872159e-06,-4.9219489038081e-06
10,360,-7.52672053775907e-06,-1.15528867900131e-05
13,360,-8.13930880393033e-06,-2.06207402572289e-05
16,360,-5.72520328533881e-06,-3.12718559055469e-05
19,360,-4.54352429789097e-07,-4.2636738072838e-05
22,360,6.82709837774514e-06,-5.44271347920766e-05
25,360,1.49482509833005e-05,-6.71663622247779e-05
28,360,2.26842610034076e-05,-8.19644670937863e-05
31,360,2.92468407573038e-05,-0.000100129814932151
34,360,3.44880517142046e-05,-0.000122633199473202
37,360,3.8621242830206e-05,-0.000149532886924566
40,360,4.17936741836748e-05,-0.00017962147664621
43,360,4.40679546862208e-05,-0.000210156452875437
46,360,4.5426660998238e-05,-0.000237464338261322
49,360,4.58661533289199e-05,-0.000258814870221908
52,360,4.56808994670742e-05,-0.000273712550014942
55,360,4.55237877084034e-05,-0.000284162256198561
58,360,4.63601028656395e-05,-0.000293661637487279
61,360,4.92272589736724e-05,-0.000305624288572912
64,360,5.45483942385515e-05,-0.000321821810818125
67,360,6.19317106155699e-05,-0.000342273859059055
70,360,7.02861247504881e-05,-0.000365629112758556
73,360,7.82106798858072e-05,-0.000389678392990125
76,360,8.44087720784424e-05,-0.000412009647348074
79,360,8.79079556263933e-05,-0.00043108332091572
82,360,8.79729182217172e-05,-0.000446926670372758
85,360,8.40521953845592e-05,-0.00046061722257105
88,360,7.61480539441651e-05,-0.000473382898184337
91,360,6.50390902219955e-05,-0.000486018398008423
94,360,5.21457672369318e-05,-0.000498685742820483
97,360,3.8902690760036e-05,-0.00051090329605398
100,360,2.6460797609597e-05,-0.000521744134455462
103,360,1.55979704608975e-05,-0.000530389828695726
106,360,6.60716798256797e-06,-0.000537028296695177
109,360,-5.67628344657098e-07,-0.000542971294636328
112,360,-6.37809579757568e-06,-0.000549616208059259
115,360,-1.13395417231608e-05,-0.000557177783502988
118,360,-1.51723527289202e-05,-0.000564645295185414
121,360,-1.70149304763507e-05,-0.000570403893709743
124,360,-1.65863152972811e-05,-0.000573135086972837
127,360,-1.44299879169391e-05,-0.000572354833668448
130,360,-1.12145482262701e-05,-0.000568525169425705
133,360,-7.10171703733007e-06,-0.000562673551276536
136,360,-1.94006845726806e-06,-0.000555973609791137
139,360,3.99355673903756e-06,-0.000549435749209734
142,360,9.78840948753856e-06,-0.000543723799606928
145,360,1.42284717051213e-05,-0.000539121862908601
148,360,1.65586191917008e-05,-0.000535615387578523
151,360,1.68562339825319e-05,-0.00053306762541535
154,360,1.57201606603715e-05,-0.000531324659538853
157,360,1.37114530519366e-05,-0.000530254455171928
160,360,1.14079709656701e-05,-0.000529889947733797
163,360,9.58092413528196e-06,-0.000530421970077491
166,360,9.13856054361651e-06,-0.000531837347611923
169,360,1.09481449443496e-05,-0.000533490099133575
172,360,1.52498529850479e-05,-0.000534215424545177
175,360,2.1771021614198e-05,-0.000532916700282466
178,360,3.02686174328463e-05,-0.000529061277566818
181,360,4.02420335170037e-05,-0.000522736197448113
184,360,5.02485725636458e-05,-0.000514446999317575
187,360,5.79733217853227e-05,-0.000504972424048934
190,360,6.11233229309714e-05,-0.000495252644195945
193,360,5.79819869310679e-05,-0.000486287088932512
196,360,4.78383453365293e-05,-0.000478808202121947
199,360,3.12993489364392e-05,-0.000472892389883581
202,360,1.05835780068075e-05,-0.000467922171344142
205,360,-1.0876887865558e-05,-0.000462830789206773
208,360,-2.98234940567506e-05,-0.000456758125804359
211,360,-4.45814837317564e-05,-0.000449631518976866
214,360,-5.5258509822648e-05,-0.00044203618147943
217,360,-6.25402113584491e-05,-0.00043496624598804
220,360,-6.67202225707936e-05,-0.000429535321786907
223,360,-6.76594560550263e-05,-0.000426385708768646
226,360,-6.46561433567618e-05,-0.000425338745973964
229,360,-5.69847744772947e-05,-0.000425371553647691
232,360,-4.47639544360327e-05,-0.000425027419311593
235,360,-2.89122182206828e-05,-0.000423034521279188
238,360,-1.10050733455086e-05,-0.000418976185090578
241,360,6.7888478746122e-06,-0.00041337479142704
244,360,2.19180226795215e-05,-0.000407314888266383
247,360,3.26023416004821e-05,-0.000401690202938014
250,360,3.84432978435745e-05,-0.00039688832812348
253,360,4.00946644318041e-05,-0.000392970950665331
256,360,3.86518581522189e-05,-0.000389652549299653
259,360,3.49583314182933e-05,-0.000386170588692976
262,360,2.93188667438754e-05,-0.000381478295767012
265,360,2.1764458658331e-05,-0.000374662960667521
268,360,1.24209648231194e-05,-0.000365707876067506
271,360,1.85450141023838e-06,-0.000355480689978381
274,360,-8.9062559433212e-06,-0.000344877182608727
277,360,-1.869936560157e-05,-0.00033456896726702
280,360,-2.67158710670477e-05,-0.000324833963416435
283,360,-3.23468843207187e-05,-0.000315268174196281
286,360,-3.47395969504733e-05,-0.000304803147644698
289,360,-3.30399200021949e-05,-0.000292625766540476
292,360,-2.71454077650347e-05,-0.000278668120546989
295,360,-1.81571354877585e-05,-0.000263387169999921
298,360,-7.81647715840846e-06,-0.0002474764183963
1,365,-1.96634153404318e-10,1.96634153404318e-10
4,365,-1.66002431655703e-06,-1.19960543995584e-06
7,365,-4.91005798225937e-06,-5.01461702013254e-06
10,365,-7.86299924783848e-06,-1.17497890548503e-05
13,365,-8.71723326001692e-06,-2.09591389146978e-05
16,365,-6.60668915411191e-06,-3.17880098376781e-05
19,365,-1.6995989251418e-06,-4.33659027995708e-05
22,365,5.15960849470519e-06,-5.54035624712762e-05
25,365,1.28017514042557e-05,-6.84233016522077e-05
28,365,2.00037018728268e-05,-8.35341637031396e-05
31,365,2.59788886724387e-05,-0.000102043510795016
34,365,3.05810897251056e-05,-0.000124921133299096
37,365,3.40253704397013e-05,-0.000152224294060909
40,365,3.64607073473733e-05,-0.000182744589078345
43,365,3.79514258125255e-05,-0.000213738499226605
46,365,3.84818189483358e-05,-0.000241531543792706
49,365,3.80499634167876e-05,-0.000263392456832564
52,365,3.6952043459475e-05,-0.000278824736241881
55,365,3.58426638248944e-05,-0.00028983225721666
58,365,3.56888257785441e-05,-0.000299911665109382
61,365,3.75296598081216e-05,-0.00031247555124973
64,365,4.17900205724557e-05,-0.000329294513638322
67,365,4.80798264796188e-05,-0.000350387203749163
70,365,5.53097106281669e-05,-0.000374401297683071
73,365,6.2080432713392e-05,-0.000399126613151407
76,365,6.70971052449838e-05,-0.000422150094386446
79,365,6.93889989737391e-05,-0.000441931183109368
82,365,6.82225180444936e-05,-0.000458496132637821
85,365,6.30479144301902e-05,-0.000472921466461558
88,365,5.38691714128488e-05,-0.000486434101892251
91,365,4.14666017667291e-05,-0.000499827736363586
94,365,2.72623849634833e-05,-0.000513263387290696
97,365,1.26928432269768e-05,-0.000526258414744911
100,365,-1.08937017171854e-06,-0.000537884892110735
103,365,-1.33046561045413e-05,-0.000547323386696838
106,365,-2.36583394500665e-05,-0.00055476081306158
109,365,-3.22047222747749e-05,-0.000561507924025342
112,365,-3.93937654026851e-05,-0.000568961101766164
115,365,-4.57390597279701e-05,-0.000577334089460926
118,365,-5.09592754053537e-05,-0.000585615157965493
121,365,-5.41910976435558e-05,-0.000592188454520939
124,365,-5.51518503216058e-05,-0.000595734483662086
127,365,-5.43832977119543e-05,-0.000595768200720547
130,365,-5.2552323252756e-05,-0.000592750637963409
133,365,-4.98189313032769e-05,-0.000587708249060485
136,365,-4.60299795178895e-05,-0.000581813661219905
139,365,-4.14605922186739e-05,-0.000576076275319779
142,365,-3.70198020169004e-05,-0.000571158918072659
145,365,-3.39219105428911e-05,-0.000567344688042303
148,365,-3.29203255439378e-05,-0.000564618030330428
151,365,-3.39359485320149e-05,-0.000562841193373575
154,365,-3.63682184715591e-05,-0.000561859256929454
157,365,-3.96543650830888e-05,-0.000561539182858852
160,365,-4.32148121053534e-05,-0.000561912903218917
163,365,-4.62766333518657e-05,-0.000563170247500578
166,365,-4.7929864387e-05,-0.000565297037750693
169,365,-4.73055240042819e-05,-0.000567646289403628
172,365,-4.41617201033667e-05,-0.000569052199000044
175,365,-3.87693992829703e-05,-0.000568417139613564
178,365,-3.13698784892823e-05,-0.000565207459103515
181,365,-2.24620481934833e-05,-0.000559509195157652
184,365,-1.34868892458167e-05,-0.000551826883805154
187,365,-6.75759798094098e-06,-0.000542938262557625
190,365,-4.56541619714732e-06,-0.00053378250060676
193,365,-8.62521651116369e-06,-0.000525358023764361
196,365,-1.96462509192781e-05,-0.000518396272531668
199,365,-3.7019852179627e-05,-0.000512972649665912
202,365,-5.85257235634174e-05,-0.000508468670931738
205,365,-8.07300690310559e-05,-0.000503816575670201
208,365,-0.000100372617505838,-0.000498155242852109
211,365,-0.000115776895699971,-0.000491411006955319
214,365,-0.000127048840092751,-0.000484168077372904
217,365,-0.000134872373260394,-0.000477419583418753
220,365,-0.000139539412981758,-0.000472278131014997
223,365,-0.000140909155399396,-0.000469385016692165
226,365,-0.000138278115606142,-0.000468560576128874
229,365,-0.000130919067150506,-0.000468780926207863
232,365,-0.000118948898599096,-0.000468588351088817
235,365,-0.00010328442848684,-0.000466710025723167
238,365,-8.54994478752266e-05,-0.000462728272288933
241,365,-6.77608726263246e-05,-0.000457164468105292
244,365,-5.26185090475152e-05,-0.000451102157787978
247,365,-4.18507501547577e-05,-0.000445434065304298
250,365,-3.58543862891699e-05,-0.000440546779973734
253,365,-3.39739279749712e-05,-0.00043650098527673
256,365,-3.51122419723194e-05,-0.000433010156587295
259,365,-3.84241594149541e-05,-0.000429310755209866
262,365,-4.36031813362432e-05,-0.000424355004704075
265,365,-5.06165967540376e-05,-0.000417229191853592
268,365,-5.93368315540826e-05,-0.000407915605969328
271,365,-6.91960531115951e-05,-0.000397280891700619
274,365,-7.91638693367902e-05,-0.00038621982589396
277,365,-8.80766221409162e-05,-0.000375403018495734
280,365,-9.51236385737173e-05,-0.000365107385607026
283,365,-9.96943141633532e-05,-0.000354927927005071
286,365,-0.000100934124044938,-0.000343795187365921
289,365,-9.79872628115688e-05,-0.000330895046106262
292,365,-9.07495682996222e-05,-0.000316158589527399
295,365,-8.03203993050592e-05,-0.000300041774602915
298,365,-6.84394133631396e-05,-0.000283237101467766
1,370,-1.96634153404318e-10,1.96634153404318e-10
4,370,-1.65947687298816e-06,-1.23017595067495e-06
7,370,-4.90815628485565e-06,-5.12073196996907e-06
10,370,-7.85895494285266e-06,-1.19752885809273e-05
13,370,-8.71027645022279e-06,-2.13467293628349e-05
16,370,-6.59606839881816e-06,-3.23792637624354e-05
19,370,-1.68458124017045e-06,-4.42012589641885e-05
22,370,5.17973763698643e-06,-5.65223258477246e-05
25,370,1.28276880749712e-05,-6.98636434211648e-05
28,370,2.00361236865721e-05,-8.53331212539932e-05
31,370,2.60184547872792e-05,-0.000104236987725864
34,370,3.06284408425725e-05,-0.000127543899416759
37,370,3.40811288048139e-05,-0.000155309985380914
40,370,3.65254767486254e-05,-0.000186325707824937
43,370,3.80257915818789e-05,-0.000217846413832717
46,370,3.85663479612261e-05,-0.000246196488900009
49,370,3.81452040921354e-05,-0.000268643533291435
52,370,3.70585257596568e-05,-0.000284689911111412
55,370,3.59608992557748e-05,-0.000296338363764641
58,370,3.58193073894621e-05,-0.000307084402812329
61,370,3.76728621918782e-05,-0.000320339485792856
64,370,4.19463998653286e-05,-0.000337873076915574
67,370,4.82498203613801e-05,-0.000359702693863178
70,370,5.54937383220422e-05,-0.000384474878945216
73,370,6.2278894986085e-05,-0.000409978316081756
76,370,6.73103844066811e-05,-0.000433798815713778
79,370,6.96174588780908e-05,-0.000454394685771175
82,370,6.84665040886274e-05,-0.000471791045780315
85,370,6.33077535547126e-05,-0.000487063285439657
88,370,5.41451721018359e-05,-0.000501437188269597
91,370,4.17590540477331e-05,-0.000515705317912496
94,370,2.75715604075222e-05,-0.000530027557992256
97,370,1.3018994948563e-05,-0.000543920134788869
100,370,-7.46007514626038e-07,-0.000556453987895585
103,370,-1.29438663104761e-05,-0.00056680855082976
106,370,-2.32799247741225e-05,-0.000575169604358489
109,370,-3.18085034285439e-05,-0.000582846767510847
112,370,-3.89795815542993e-05,-0.000591235288673599
115,370,-4.53067685020833e-05,-0.000600547777232325
118,370,-5.05087528831517e-05,-0.000609771370251623
121,370,-5.37222383627353e-05,-0.000617289081181247
124,370,-5.46645672764154e-05,-0.000621780280764763
127,370,-5.38775223531299e-05,-0.000622758790542471
130,370,-5.20280054875944e-05,-0.000620684508990192
133,370,-4.92760394955828e-05,-0.000616582755986428
136,370,-4.54685004880082e-05,-0.000611625024948044
139,370,-4.08805312434498e-05,-0.000606819582961839
142,370,-3.642118282973e-05,-0.000602828122949104
145,370,-3.3304775333681e-05,-0.000599932609682281
148,370,-3.22847349591318e-05,-0.000598116354471831
151,370,-3.32819816745657e-05,-0.000597240471962967
154,370,-3.5695972900965e-05,-0.000597148908122146
157,370,-3.89639568153591e-05,-0.000597707491018848
160,370,-4.25063756130415e-05,-0.000598947018918946
163,370,-4.55503215640284e-05,-0.000601056187522069
166,370,-4.71858486892336e-05,-0.000604019685083796
169,370,-4.65439942387037e-05,-0.000607189393247196
172,370,-4.33828845686236e-05,-0.00060939837476165
175,370,-3.79734847342279e-05,-0.000609547868909499
178,370,-3.05571301382394e-05,-0.000607103089758754
181,370,-2.16327297083545e-05,-0.000602148941205916
184,370,-1.26412827513586e-05,-0.000595188825488858
187,370,-5.89600405841624e-06,-0.0005869993463279
190,370,-3.68815388436065e-06,-0.000578518539123447
193,370,-7.73262330243385e-06,-0.000570743695896019
196,370,-1.87386827654696e-05,-0.000564405123355562
199,370,-3.60976834881006e-05,-0.000559577090468013
202,370,-5.75893471980834e-05,-0.000555639979206752
205,370,-7.97798963123296e-05,-0.000551524895121518
208,370,-9.94090782106919e-05,-0.000546369583391856
211,370,-0.000114800438061868,-0.000540099244704317
214,370,-0.0001260599308017,-0.000533296954660697
217,370,-0.000133871497462923,-0.000526954708783588
220,370,-0.000138527074280927,-0.000522183979203845
223,370,-0.000139885875854792,-0.000519624928660694
226,370,-0.000137244435733864,-0.000519096759041471
229,370,-0.000129875545923191,-0.00051957445343763
232,370,-0.000117896113445904,-0.000519599162217576
235,370,-0.000102222975293455,-0.000517896926541426
238,370,-8.44299409838557e-05,-0.000514048934795936
241,370,-6.6683944835713e-05,-0.000508575430508983
244,370,-5.15348116129139e-05,-0.000502558824505031
247,370,-4.07609527879604e-05,-0.000496890706960076
250,370,-3.47591771584954e-05,-0.000491956533402317
253,370,-3.28740137052536e-05,-0.000487815853520926
256,370,-3.40083476449226e-05,-0.0004841810088986
259,370,-3.73170285677674e-05,-0.000480287327048515
262,370,-4.24935759636841e-05,-0.00047508589773899
265,370,-4.95052973070476e-05,-0.000467661873962423
268,370,-5.82246369401405e-05,-0.000457996411238428
271,370,-6.80837806946883e-05,-0.000446955020425066
274,370,-7.80523549374426e-05,-0.000435431344577528
277,370,-8.69667200361665e-05,-0.000424094859850915
280,370,-9.40162214971308e-05,-0.00041322134855503
283,370,-9.85902733050432e-05,-0.000402404676675816
286,370,-9.98343690515216e-05,-0.000390574255098042
289,370,-9.68927217861883e-05,-0.000376914829447089
292,370,-8.96611878019547e-05,-0.000361356352232985
295,370,-7.92391443513089e-05,-0.000344353646638029
298,370,-6.73662674260273e-05,-0.000326598079005903
1,375,-1.96634153404318e-10,1.96634153404318e-10
4,375,-1.62592218558608e-06,-1.27334611007526e-06
7,375,-4.79166908800967e-06,-5.27059976357849e-06
10,375,-7.61138425474218e-06,-1.22938029294659e-05
13,375,-8.28469812924538e-06,-2.18942606329405e-05
16,375,-5.94678514359262e-06,-3.32146037666373e-05
19,375,-7.67122589532173e-07,-4.53816209609431e-05
22,375,6.4086153039885e-06,-5.81033445413996e-05
25,375,1.441000153906e-05,-7.18993749620329e-05
28,375,2.20126628882392e-05,-8.78760432382409e-05
31,375,2.84287828268243e-05,-0.000107337999195591
34,375,3.35108939800618e-05,-0.000131252320859963
37,375,3.74728164600899e-05,-0.000159673558731524
40,375,4.04622815013118e-05,-0.000191390596462771
43,375,4.25423691713898e-05,-0.000223657202583519
46,375,4.3696127286748e-05,-0.000252796184035431
49,375,4.39203872126321e-05,-0.000276073562529034
52,375,4.35100878938817e-05,-0.000292990123614668
55,375,4.31185887822592e-05,-0.000305547030142926
58,375,4.37116458465085e-05,-0.000317238215120944
61,375,4.63271442775871e-05,-0.00033147355753302
64,375,5.13886934375684e-05,-0.000350020943034389
67,375,5.85049664378003e-05,-0.000372896310753666
70,375,6.65853510800672e-05,-0.000398744624446319
73,375,7.4229361762948e-05,-0.000425352989478325
76,375,8.01408656993511e-05,-0.000450305637736574
79,375,8.33478883433586e-05,-0.00047205929859686
82,375,8.31155885430424e-05,-0.000490637513031474
85,375,7.88929729746108e-05,-0.000507114092184787
88,375,7.06827796233205e-05,-0.000522713241023105
91,375,5.92640759667123e-05,-0.000538225944634682
94,375,4.60577961796722e-05,-0.000553810508089343
97,375,3.24990171893386e-05,-0.000568981579113015
100,375,1.97391469700026e-05,-0.000582808518744814
103,375,8.55653935303738e-06,-0.000594469181948042
106,375,-7.55375836934537e-07,-0.000604147770935686
109,375,-8.25214596309681e-06,-0.000613152326182746
112,375,-1.43849771462428e-05,-0.000622876517521887
115,375,-1.96687055772722e-05,-0.000633531375784595
118,375,-2.38232467076643e-05,-0.00064410245948139
121,375,-2.59865310428742e-05,-0.000652971203507948
124,375,-2.58771277586992e-05,-0.000658815400053715
127,375,-2.40380464242982e-05,-0.000661147292104914
130,375,-2.11374157746059e-05,-0.000660425199583298
133,375,-1.73364854656119e-05,-0.000657672863813258
136,375,-1.24833584484529e-05,-0.000654060199657574
139,375,-6.85440434192704e-06,-0.000650593895648954
142,375,-1.35990105407796e-06,-0.000647934066154604
145,375,2.78460448805017e-06,-0.000646361097392884
148,375,4.82445924039698e-06,-0.000645856722120148
151,375,4.83751639427593e-06,-0.000646280476427533
154,375,3.42309168845861e-06,-0.000647474727727399
157,375,1.14271010572912e-06,-0.000649303725535149
160,375,-1.42529738945423e-06,-0.000651796689562561
163,375,-3.50924990729578e-06,-0.000655140736955164
166,375,-4.20042830896673e-06,-0.000659318977414456
169,375,-2.63109668469791e-06,-0.000663681714029424
172,375,1.43939176906672e-06,-0.000667060430995355
175,375,7.73884515692072e-06,-0.000668354789040495
178,375,1.60247012358814e-05,-0.00066702842367877
181,375,2.57968242380613e-05,-0.000663164660252597
184,375,3.56129880164284e-05,-0.000657265322445752
187,375,4.31587509396245e-05,-0.000650105435424478
190,375,4.61416259125798e-05,-0.000642621456035065
193,375,4.2845495021848e-05,-0.000635809097743968
196,375,3.25598609743519e-05,-0.000630397088707037
199,375,1.58921457152674e-05,-0.000626458119336133
202,375,-4.93859932340326e-06,-0.000623370993050518
205,375,-2.64998233987751e-05,-0.000620065236845863
208,375,-4.55325007309376e-05,-0.000615677017347615
211,375,-6.03614033287912e-05,-0.000610129956688247
214,375,-7.1093712968407e-05,-0.000604005551915447
217,375,-7.841459752274e-05,-0.000598294219997737
220,375,-8.26172200673996e-05,-0.000594105854511868
223,375,-8.35620220416733e-05,-0.000592079039642992
226,375,-8.05467638351433e-05,-0.000592031398724341
229,375,-7.28454642930619e-05,-0.000592936336293291
232,375,-6.05762572788006e-05,-0.000593333424164152
235,375,-4.46572066240115e-05,-0.000591947124942956
238,375,-2.66633486869382e-05,-0.00058835704846236
241,375,-8.76284462638593e-06,-0.000583081859696167
244,375,6.49325395351347e-06,-0.000577202390914737
247,375,1.73253087400514e-05,-0.000571608653739987
250,375,2.33352840953638e-05,-0.000566684525146026
253,375,2.51774241984924e-05,-0.000562487976267934
256,375,2.39476169925298e-05,-0.000558729770134319
259,375,2.04897860469915e-05,-0.000554643655704264
262,375,1.51091850317685e-05,-0.000549179144192013
265,375,7.83727963226461e-06,-0.000541419810035856
268,375,-1.19960133401379e-06,-0.000531345230201333
271,375,-1.14348705390305e-05,-0.0005198193369924
274,375,-2.18393811897499e-05,-0.000507734194910178
277,375,-3.12507204941539e-05,-0.000495757701555672
280,375,-3.88594607987285e-05,-0.000484164060684581
283,375,-4.40562429284003e-05,-0.000472545559728777
286,375,-4.59877873150138e-05,-0.000459830031018945
289,375,-4.37995338484148e-05,-0.000445200641626358
292,375,-3.73885656617143e-05,-0.000428585765506958
295,375,-2.78554868476342e-05,-0.000410438647288964
298,375,-1.69412002381805e-05,-0.000391449074761967
1,380,-1.96634153404318e-10,1.96634153404318e-10
4,380,-1.57939353698079e-06,-1.32457328615459e-06
7,380,-4.63012489425704e-06,-5.44845645332294e-06
10,380,-7.26801686033806e-06,-1.2671842064889e-05
13,380,-7.69437911973043e-06,-2.25441857405098e-05
16,380,-5.04606534556467e-06,-3.42062689672544e-05
19,380,5.05767929378447e-07,-4.67830309699646e-05
22,380,8.11376723509662e-06,-5.99806546686012e-05
25,380,1.66058263326472e-05,-7.43168911116656e-05
28,380,2.4755892753546e-05,-9.08962219089653e-05
31,380,3.17744707320296e-05,-0.000111021447480528
34,380,3.75124136523126e-05,-0.000135657796446673
37,380,4.21818623854955e-05,-0.000164857969902009
40,380,4.59288689249226e-05,-0.000197409002093477
43,380,4.88148340972107e-05,-0.000230562812145333
46,380,5.08211264777552e-05,-0.000260640357593677
49,380,5.19428981907556e-05,-0.000284905810743504
52,380,5.24734089399903e-05,-0.000302858107739558
55,380,5.30643389361863e-05,-0.000316496562026892
58,380,5.46797649070532e-05,-0.000329313257207085
61,380,5.83558928024946e-05,-0.00034471622285888
64,380,6.45146527435399e-05,-0.000364471495231958
67,380,7.27630386004897e-05,-0.00038859316404936
70,380,8.2008758934103e-05,-0.000415724343661011
73,380,9.0849648901886e-05,-0.000443650290027331
76,380,9.79878964757247e-05,-0.000469953385629645
79,380,0.000102449847868638,-0.000493088510438185
82,380,0.000103498982687672,-0.000513077356019694
85,380,0.000100582628367988,-0.000530991884112995
88,380,9.37018436537919e-05,-0.000548054450278804
91,380,8.36340167815706e-05,-0.000565054190199848
94,380,7.17984026851848e-05,-0.000582147559540382
97,380,5.96283990507275e-05,-0.000598847356620779
100,380,4.82737346114379e-05,-0.000614221093074596
103,380,3.85110839576282e-05,-0.000627444774459571
106,380,3.06321976729208e-05,-0.000638700753583139
109,380,2.45798491530525e-05,-0.000649295221514753
112,380,1.99011530361898e-05,-0.000660619998681502
115,380,1.60795938903927e-05,-0.000672884266509326
118,380,1.33935770231504e-05,-0.000685071734103178
121,380,1.27034926879496e-05,-0.00069556198695319
124,380,1.42890924679421e-05,-0.000703030967843238
127,380,1.76056875529336e-05,-0.000706989070353996
130,380,2.19834699669598e-05,-0.000707892765001642
133,380,2.72595108129669e-05,-0.00070676394370504
136,380,3.35840278987698e-05,-0.000704770671921386
139,380,4.06789723645446e-05,-0.00070291778877784
142,380,4.76323870611937e-05,-0.000701863559236047
145,380,5.32270458206365e-05,-0.000701886520108824
148,380,5.67066163577478e-05,-0.000702966554746943
151,380,5.81472726228154e-05,-0.00070496134983601
154,380,5.8146651113564e-05,-0.000707711423382796
157,380,5.72645975717365e-05,-0.00071107917549718
160,380,5.60777637207325e-05,-0.000715091976485347
163,380,5.53561512093231e-05,-0.000719935094087309
166,380,5.60067999352689e-05,-0.000725589788598966
169,380,5.88957665673229e-05,-0.000731404513703784
172,380,6.42620186679701e-05,-0.000736208904191461
175,380,7.18316851007722e-05,-0.000738900771384717
178,380,8.13605243817096e-05,-0.000738941901391877
181,380,9.23467215018399e-05,-0.000736413770149839
184,380,0.000103346371073091,-0.000731816351936813
187,380,0.000112043352223054,-0.000725922822513475
190,380,0.000116143498615632,-0.000719667789320554
193,380,0.000113929013096319,-0.00071404511641897
196,380,0.000104687719130995,-0.000709781682559
199,380,8.90253594237943e-05,-0.000706948328746943
202,380,6.91593061656753e-05,-0.000704922008996497
205,380,4.85204308584803e-05,-0.000702630400897805
208,380,3.03660800410633e-05,-0.000699207821670731
211,380,1.63698024634968e-05,-0.000694576044042203
214,380,6.42273710865782e-06,-0.000689314715654337
217,380,-1.61963137440238e-07,-0.000684412404070114
220,380,-3.67914059148085e-06,-0.000680977153460719
223,380,-3.99091593377405e-06,-0.00067964569860575
226,380,-3.96728794950045e-07,-0.000680233813432864
229,380,7.8277227386972e-06,-0.000681713053073911
232,380,2.05626255627476e-05,-0.000682621139937618
235,380,3.68882366045118e-05,-0.000681680687224478
238,380,5.52278402646891e-05,-0.000678469455361566
241,380,7.34115961434441e-05,-0.000673504259917154
244,380,8.88867733955862e-05,-0.000667864083756024
247,380,9.98720544673736e-05,-0.000662437089094549
250,380,0.000105967724479894,-0.00065760530350127
253,380,0.000107826348371149,-0.000653424848705718
256,380,0.000106542134843188,-0.000649604638330938
259,380,0.000102957328224474,-0.000645376571930454
262,380,9.73755029438538e-05,-0.000639688311312961
265,380,8.98264454456923e-05,-0.000631621581511187
268,380,8.04348053064508e-05,-0.000621154110085103
271,380,6.97654906131182e-05,-0.000609147979933128
274,380,5.8845968917694e-05,-0.000596493406150817
277,380,4.88369737711367e-05,-0.000583856436933605
280,380,4.05462535859355e-05,-0.000571509426631652
283,380,3.45814882961053e-05,-0.000559042813271255
286,380,3.17942782287688e-05,-0.000545382579777561
289,380,3.30375042530101e-05,-0.000529710043816269
292,380,3.84124039947127e-05,-0.000511951729937769
295,380,4.68166941200821e-05,-0.000492559033364722
298,380,5.65077925560837e-05,-0.000472219892481176
1,385,-1.96634153404318e-10,1.96634153404318e-10
4,385,-1.53099865958054e-06,-1.36216568333096e-06
7,385,-4.46208366722576e-06,-5.57898782534638e-06
10,385,-6.9108017535567e-06,-1.29493192518722e-05
13,385,-7.08018654519477e-06,-2.30212758450075e-05
16,385,-4.10881565738381e-06,-3.49342993542735e-05
19,385,1.83043043497829e-06,-4.78119892669533e-05
22,385,9.88847431978826e-06,-6.1359188765448e-05
25,385,1.88914858159755e-05,-7.60923091607074e-05
28,385,2.76116885129372e-05,-9.31144923249896e-05
31,385,3.52578627028073e-05,-0.000113727198940759
34,385,4.16791378276919e-05,-0.000138894317890784
37,385,4.70859308165596e-05,-0.000168667210532124
40,385,5.16225697206592e-05,-0.000201831571374154
43,385,5.53487314244748e-05,-0.000235637979803579
46,385,5.82440605613111e-05,-0.000266406053618941
49,385,6.03019853132356e-05,-0.000291398625387693
52,385,6.18140414419166e-05,-0.00031011329151701
55,385,6.34301852159577e-05,-0.000324548025714393
58,385,6.61127694209784e-05,-0.000338193571843865
61,385,7.08962760647521e-05,-0.000354456619746631
64,385,7.82009113262002e-05,-0.000375101865934786
67,385,8.76319451334924e-05,-0.000400142060393843
70,385,9.80953621052997e-05,-0.000428218977736147
73,385,0.000108187273457003,-0.000457116534184597
76,385,0.000116608143218371,-0.000484415772482928
79,385,0.000122382593660301,-0.000508570232863839
82,385,0.00012477238044775,-0.000529600267156507
85,385,0.00012322310707375,-0.000548576497362214
88,385,0.000117734108340387,-0.000566719939304102
91,385,0.000109081048542029,-0.000584818388927359
94,385,9.86814586704606e-05,-0.00060302696215866
97,385,8.79670124696239e-05,-0.000620857117580871
100,385,7.80857147306552e-05,-0.000637375027089939
103,385,6.9812516101744e-05,-0.000651755356506085
106,385,6.34374432244189e-05,-0.000664179118899166
109,385,5.89015455522817e-05,-0.000675951165601107
112,385,5.57502137814064e-05,-0.000688461977301409
115,385,5.34652085377035e-05,-0.000701919395688484
118,385,5.23232111866006e-05,-0.0007153057901297
121,385,5.31828880394202e-05,-0.000726999406377676
124,385,5.63222667372379e-05,-0.000735674847478698
127,385,6.1194934527705e-05,-0.000740841167275898
130,385,6.7129359492788e-05,-0.000742953496547895
133,385,7.39608887933e-05,-0.000743032387476016
136,385,8.18380162949291e-05,-0.000742244565779867
139,385,9.04809691957384e-05,-0.000741593530849088
142,385,9.89760664045545e-05,-0.000741736207907739
145,385,0.00010610435781114,-0.00074294979403111
148,385,0.000111107787188271,-0.000745212832832395
151,385,0.000114060804544116,-0.000748381671259668
154,385,0.000115559322434304,-0.000752295487582108
157,385,0.000116161462658441,-0.000756815342172086
160,385,0.000116442152997828,-0.000761967265598199
163,385,0.000117169671159105,-0.000767935185862923
166,385,0.000119249333097942,-0.000774699023524568
169,385,0.000123545471540965,-0.000781605892529091
172,385,0.000130295330108545,-0.000787484087928611
175,385,0.000139223313722125,-0.000791230081308301
178,385,0.000150083456955587,-0.000792304319038913
181,385,0.000162372220857867,-0.000790786937319814
184,385,0.000174643976098767,-0.00078717657069164
187,385,0.000184580877863775,-0.000782245055177537
190,385,0.000189887035874682,-0.000776925658480642
193,385,0.000188842929034864,-0.000772210904924352
196,385,0.000180734656868096,-0.000768826333521373
199,385,0.000166166238136373,-0.000766841445540457
202,385,0.000147353321088573,-0.000765631855257731
205,385,0.000127725053284409,-0.000764123900525807
208,385,0.000110537057320617,-0.000761450558826982
211,385,9.74611580051576e-05,-0.000757532263150633
214,385,8.83867703787937e-05,-0.000752947321401304
217,385,8.26253233854339e-05,-0.000748682961404442
220,385,7.98802507662648e-05,-0.00074584588759367
223,385,8.02877078988791e-05,-0.000745071495011025
226,385,8.45465312105194e-05,-0.000746174217846618
229,385,9.33792986727886e-05,-0.000748124271494738
232,385,0.000106664473239136,-0.000749458038626561
235,385,0.000123480587894779,-0.000748896792705016
238,385,0.000142249203098288,-0.000746016954419638
241,385,0.000160798754507727,-0.000741333999601127
244,385,0.000176574787335765,-0.000735925571376728
247,385,0.000187794260086582,-0.000730678492225244
250,385,0.000194055733939128,-0.000725973449977669
253,385,0.000196010049889297,-0.000721865226625971
256,385,0.000194749692697023,-0.000718061396055656
259,385,0.000191115182748657,-0.000713792518082678
262,385,0.000185408370530934,-0.00070800491477818
265,385,0.000177657318546103,-0.000699778971437333
268,385,0.000167984952428509,-0.000689091075882563
271,385,0.000156954456323023,-0.000676801971274723
274,385,0.00014559157383955,-0.000663800532971821
277,385,0.000135055314586903,-0.000650751469431727
280,385,0.000126151703035487,-0.000637925795267057
283,385,0.000119486695177187,-0.000624912608766548
286,385,0.000115910167397024,-0.000610636553117794
289,385,0.000116273276621941,-0.00059427760624893
292,385,0.000120675536535742,-0.000575760952972805
295,385,0.000128012939862495,-0.000555536648774517
298,385,0.000136541180587079,-0.000534291292300569
1,390,-1.96634153404318e-10,1.96634153404318e-10
4,390,-1.48344365631967e-06,-1.37884193556767e-06
7,390,-4.29694146791837e-06,-5.63689802602031e-06
10,390,-6.55971199525762e-06,-1.30724339344515e-05
13,390,-6.47646069481395e-06,-2.32329783802068e-05
16,390,-3.187437011667e-06,-3.52573859500558e-05
19,390,3.13280674942249e-06,-4.82686689685245e-05
22,390,1.16335213465208e-05,-6.19710834552813e-05
25,390,2.11392047687115e-05,-7.68804535585161e-05
28,390,3.04204087755282e-05,-9.40993339877374e-05
31,390,3.86842418292721e-05,-0.000114928598262663
34,390,4.57781615421988e-05,-0.000140331548103308
37,390,5.19109130134356e-05,-0.000170358957703992
40,390,5.72251524643655e-05,-0.000203795934411334
43,390,6.17788849496444e-05,-0.000237892470449291
46,390,6.5550083272725e-05,-0.000268967596453645
49,390,6.85305037858366e-05,-0.000294283557829117
52,390,7.10100104207825e-05,-0.00031333736382012
55,390,7.36368876163334e-05,-0.000328126400971426
58,390,7.73718163282655e-05,-0.000342140825984273
61,390,8.32476067344999e-05,-0.000358786741537148
64,390,9.16827931840959e-05,-0.00037982825697939
67,390,0.000102280973775393,-0.000405277535133759
70,390,0.000113946461297226,-0.000433775763449839
73,390,0.00012527369513512,-0.000463106270987795
76,390,0.00013496146748898,-0.000490849513328617
79,390,0.000142032728799866,-0.000515458443542247
82,390,0.000145747562902911,-0.000536952826295096
85,390,0.000145549901461279,-0.000556402696425723
88,390,0.000141437407447207,-0.000575028482594511
91,390,0.000134184073325216,-0.000593617393583903
94,390,0.000125205758257263,-0.000612323958157812
97,390,0.000115932464157429,-0.000630659047736361
100,390,0.000107510523987003,-0.000647688247052756
103,390,0.000100713216564306,-0.000662585634764467
106,390,9.58288967010791e-05,-0.000675531636778583
109,390,9.27969420210352e-05,-0.0006878305172643
112,390,9.11610713904022e-05,-0.00070087216974836
115,390,9.04013736052278e-05,-0.000714863848756437
118,390,9.07928582011498e-05,-0.000728787336493138
121,390,9.31925196596044e-05,-0.00074102029154833
124,390,9.78767137918225e-05,-0.000750236729805558
127,390,0.000104297356015583,-0.000755945117945217
130,390,0.000111781242583081,-0.000758599999583143
133,390,0.000120162048825221,-0.000759221339737933
136,390,0.000129586596777854,-0.000758975276966459
139,390,0.000139773441809192,-0.000758864723495593
142,390,0.000149807230998252,-0.00075954601738663
145,390,0.000158467342404917,-0.000761295768552147
148,390,0.000164994047972119,-0.000764091933442572
151,390,0.00016946012587817,-0.000767790271843226
154,390,0.000172459816848884,-0.000772229374860534
157,390,0.000174549570854005,-0.000777269715704133
160,390,0.000176302643844983,-0.00078293673777986
163,390,0.000178485641698598,-0.000789413781927453
166,390,0.000182002208540705,-0.000796680181542461
169,390,0.000187715005268068,-0.00080408246340809
172,390,0.000195859603671205,-0.000810448335413716
175,390,0.000206158736841712,-0.000814673681981767
178,390,0.000218364767523637,-0.000816218362320232
181,390,0.00023197248493607,-0.000815161925465742
184,390,0.000245534587918954,-0.000812002418796181
187,390,0.000256731559827926,-0.000807511091171941
190,390,0.000263265838554948,-0.000802620623133409
193,390,0.000263416231173553,-0.000798322951841235
196,390,0.00025646716537764,-0.000795343029145382
199,390,0.000243020988099378,-0.000793749769151851
202,390,0.0002252916757578,-0.000792918198974015
205,390,0.000206706704082766,-0.000791774069301725
208,390,0.000190520023841176,-0.000789449770454547
211,390,0.000178401788011116,-0.000785865148259107
214,390,0.000170239739803531,-0.00078159792345719
217,390,0.000165343636332477,-0.000777634736711499
220,390,0.000163415239509293,-0.00077508170529291
223,390,0.000164589032881708,-0.000774573637080716
226,390,0.000169562181047138,-0.000775924379102263
229,390,0.000179055590147342,-0.000778103559589099
232,390,0.00019294605130591,-0.00077964697404966
235,390,0.000210310425678208,-0.000779275308784104
238,390,0.000229568601892982,-0.000776564397319232
241,390,0.000248547343778424,-0.000772029128323
244,390,0.000264690524717381,-0.000766746557759885
247,390,0.000276213431384168,-0.00076160292094596
250,390,0.00028271295312789,-0.000756978318549453
253,390,0.000284838259114607,-0.000752926945399601
256,390,0.000283680162274387,-0.000749155788219135
259,390,0.000280077511163755,-0.000744894819661283
262,390,0.00027433048443959,-0.000739089774634431
265,390,0.000266465472774279,-0.000730820451271
268,390,0.000256603729972349,-0.000720062650230667
271,390,0.000245306768348814,-0.000707676527511534
274,390,0.00023359865968372,-0.000694550371308866
277,390,0.000222636741756041,-0.000681348302917779
280,390,0.000213225367206342,-0.000668340749788135
283,390,0.000205968820196656,-0.000655116223045928
286,390,0.00020171530528216,-0.000640598778715999
289,390,0.000201314307559942,-0.00062396780756374
292,390,0.000204863668883965,-0.000605147907239244
295,390,0.000211257710148459,-0.000584588546064863
298,390,0.000218750453508442,-0.000562975735524346
1,395,-1.96634153404318e-10,1.96634153404318e-10
4,395,-1.4282074685802e-06,-1.37288393771828e-06
7,395,-4.10510532085042e-06,-5.61620539436677e-06
10,395,-6.15182848731478e-06,-1.3028436211191e-05
13,395,-5.7749987944893e-06,-2.31573112857176e-05
16,395,-2.11678205749932e-06,-3.51418913829056e-05
19,395,4.64635304887036e-06,-4.81053950054557e-05
22,395,1.36617409126527e-05,-6.1752284351193e-05
25,395,2.37519631528785e-05,-7.65985897464939e-05
28,395,3.36856551590452e-05,-9.37470720790423e-05
31,395,4.26680090234151e-05,-0.000114498811046741
34,395,5.05445659882235e-05,-0.00013981731454776
37,395,5.75221547825499e-05,-0.000169753562954601
40,395,6.37415152577237e-05,-0.00020309286979206
43,395,6.92587360983855e-05,-0.000237085433462287
46,395,7.4049873737942e-05,-0.000268050490779213
49,395,7.81047681585893e-05,-0.000293250493325745
52,395,8.17113669220689e-05,-0.000312182656524467
55,395,8.55160380971381e-05,-0.000326844573098346
58,395,9.04775462695366e-05,-0.000340726605926769
61,395,9.76267852471524e-05,-0.0003572350638664
64,395,0.000107380373008973,-0.000378134262444767
67,395,0.000119339991283323,-0.000403436570662806
70,395,0.000132408036489011,-0.000431783382148278
73,395,0.000145177031641516,-0.0004609582321395
76,395,0.000156343852570682,-0.00048854178239566
79,395,0.000164929533347553,-0.000512987192164872
82,395,0.000170192241437239,-0.000534314432291719
85,395,0.000171573992132844,-0.000553593743792925
88,395,0.000169070532036556,-0.000572045761507062
91,395,0.000163453937242879,-0.000590457900394759
94,395,0.000156138150543735,-0.000608984895398082
97,395,0.000148551257483171,-0.00062713782411533
100,395,0.000141837674652408,-0.000643982477457893
103,395,0.000136768764499737,-0.000658693140261434
106,395,0.000133630965466893,-0.000671450444611178
109,395,0.000132361738807533,-0.000683558860854523
112,395,0.000132502887017839,-0.00069640848869638
115,395,0.000133532582523811,-0.000710206788840611
118,395,0.000135723918491082,-0.000723935749669969
121,395,0.000139931973031037,-0.000735973235952511
124,395,0.000146431185584849,-0.000744993469749962
127,395,0.000154671555200275,-0.000750505123920907
130,395,0.000163977961759481,-0.000752962948259324
133,395,0.000174182164223328,-0.000753387113962003
136,395,0.000185429068257623,-0.000752943965763986
139,395,0.000197435312860519,-0.000752636622070336
142,395,0.000209283628741042,-0.00075312162712051
145,395,0.000219751477589021,-0.000754675797005253
148,395,0.00022807721497734,-0.000757277294353169
151,395,0.000234331702714258,-0.000760782085127791
154,395,0.000239107265155588,-0.000765028966613675
157,395,0.000242958435901026,-0.000769878618198632
160,395,0.000246456554531958,-0.000775356689466709
163,395,0.000250366310555137,-0.000781646727435801
166,395,0.000255589431726408,-0.000788728271679636
169,395,0.000262986662572488,-0.000795948055159577
172,395,0.000272791658513827,-0.000802133991943201
175,395,0.000284725236271995,-0.000806182172631099
178,395,0.000298537842221022,-0.000807552662609444
181,395,0.000313722349209954,-0.000806325217093024
184,395,0.000328829539708676,-0.00080299808963791
187,395,0.0003415379807028,-0.000798342735282676
190,395,0.000349548193714264,-0.000793292040745883
193,395,0.000351137069446543,-0.000788838149366336
196,395,0.000345587119223517,-0.000785706219172192
199,395,0.000333498773607284,-0.000783965370447627
202,395,0.000317084092646877,-0.00078299083648418
205,395,0.000299768635702105,-0.000781708574149882
208,395,0.000284804437169818,-0.000779251179942484
211,395,0.000273859733658068,-0.000775538705866772
214,395,0.000266820352007788,-0.000771149078842719
217,395,0.000262994132962964,-0.000767069145711189
220,395,0.000262080922064912,-0.000764405229921253
223,395,0.000264213286491314,-0.000763792345530354
226,395,0.000270086474469569,-0.000765044545744032
229,395,0.000280419475771368,-0.000767131664972007
232,395,0.000295087165150293,-0.000768589704900881
235,395,0.000313164487391646,-0.000768139558009015
238,395,0.000333069414754151,-0.000765357264001344
241,395,0.000352626794695965,-0.000760757917724028
244,395,0.000369278584229888,-0.000755418781319713
247,395,0.000381238153660188,-0.000750226296282643
250,395,0.000388100475965961,-0.000745560769459231
253,395,0.000390512803943206,-0.000741476601856871
256,395,0.000389564034151966,-0.000737680986376492
259,395,0.000386091098778709,-0.000733404101849483
262,395,0.000380392260110295,-0.000727591889362408
265,395,0.000372491992449074,-0.000719324353225866
268,395,0.000362509633229515,-0.000708577500277704
271,395,0.000351004778396616,-0.000696211692694204
274,395,0.000338999583360379,-0.000683115424848809
277,395,0.000327649469529738,-0.000669953024214799
280,395,0.00031775687317521,-0.000656995124420224
283,395,0.000309924162088817,-0.000643830442769242
286,395,0.000304997624455665,-0.000629383241464885
289,395,0.00030382482900282,-0.000612833117450707
292,395,0.000306501701214215,-0.000594104874554976
295,395,0.000311920645614045,-0.000573648187278221
298,395,0.000318333767987276,-0.000552149273282365
1,400,-1.96634153404318e-10,1.96634153404318e-10
4,400,-1.35895505208671e-06,-1.37095997217662e-06
7,400,-3.86456735461856e-06,-5.60952353806064e-06
10,400,-5.64034461286182e-06,-1.30142294257239e-05
13,400,-4.89528142809161e-06,-2.31328794195294e-05
16,400,-7.73916390217005e-07,-3.51046011712476e-05
19,400,6.54490905123582e-06,-4.80526800704259e-05
22,400,1.62061565095076e-05,-6.16816452017102e-05
25,400,2.70300348288748e-05,-7.6507593778303e-05
28,400,3.77828066240624e-05,-9.36333535747249e-05
31,400,4.76672912125831e-05,-0.000114360071175699
34,400,5.65266570618799e-05,-0.000139651321366227
37,400,6.45653601262932e-05,-0.000169558151405638
40,400,7.19217674823596e-05,-0.00020286594170556
43,400,7.86495950399603e-05,-0.000236824957554961
46,400,8.47225264577547e-05,-0.000267754502654624
49,400,9.0128028943156e-05,-0.000292917095474253
52,400,9.51516772831271e-05,-0.000311810018323286
55,400,0.000100437466771691,-0.000326430930811506
58,400,0.000106941789219794,-0.000340270262705139
61,400,0.000115693165660566,-0.000356734389747661
64,400,0.000127105841298212,-0.000377587694353439
67,400,0.000140779125086331,-0.000402842612410242
70,400,0.000155613040668932,-0.000431140604432649
73,400,0.000170197738286737,-0.00046026527254581
76,400,0.00018322772099481,-0.000487797345395738
79,400,0.000193721650089449,-0.000512190049117396
82,400,0.000200935320260984,-0.00053346342144217
85,400,0.000204308374027769,-0.000552687770273619
88,400,0.000203834185217192,-0.000571083797337143
91,400,0.000200282457149021,-0.00058943898448021
94,400,0.000195064759840407,-0.000607908133531707
97,400,0.000189606806060631,-0.000626002388976755
100,400,0.000185050639626127,-0.000642787608613587
103,400,0.000182165250210439,-0.000657438144164683
106,400,0.000181234703480532,-0.000670134694602112
109,400,0.000182194087915302,-0.000682181797160066
112,400,0.000184582833236147,-0.000694969618430311
115,400,0.00018787673909431,-0.000708705686003548
118,400,0.000192346525880657,-0.000722372055149347
121,400,0.000198844898931829,-0.000734346657522582
124,400,0.000207643924914188,-0.000743303782071814
127,400,0.000218191230100747,-0.000748752168542462
130,400,0.000229809321598915,-0.00075114663361534
133,400,0.000242327585594784,-0.000751507415374035
136,400,0.000255888554979381,-0.000751000925440439
139,400,0.000270206495976093,-0.000750630349106453
142,400,0.000284361766519191,-0.000751052297498359
145,400,0.000297129455523743,-0.000752543653593706
148,400,0.000307745545787834,-0.000755082646907949
151,400,0.000316278526344978,-0.000758525310291446
154,400,0.000323318348776235,-0.000762710507915584
157,400,0.000329417173906528,-0.000767498986054992
160,400,0.000335143968542452,-0.000772916461180552
163,400,0.000341261049415995,-0.000779146547197001
166,400,0.000348667771508292,-0.000786168850564874
169,400,0.000358222506571233,-0.000793330171132362
172,400,0.000370156537250521,-0.000799458489853884
175,400,0.000384188307492944,-0.000803449964216856
178,400,0.000400065890897803,-0.000804764726494293
181,400,0.000417279787539351,-0.000803482598787775
184,400,0.000434378407112705,-0.000800101901540232
187,400,0.000449037943828707,-0.00079539415667706
190,400,0.000458956546434548,-0.000790292317803649
193,400,0.000462408732858942,-0.000785788595145618
196,400,0.000458674641650955,-0.000782608213617971
199,400,0.000448352330597951,-0.000780820360391711
202,400,0.000433651486974213,-0.000779800335645207
205,400,0.000417995297364763,-0.000778474163133303
208,400,0.00040463342339168,-0.000775974506240578
211,400,0.000395231728888246,-0.000772221483858669
214,400,0.000389673667920662,-0.00076779308979437
217,400,0.000387264708458111,-0.000763676237775358
220,400,0.000387702323267156,-0.000760977318137535
223,400,0.000391116706750693,-0.000760331411825198
226,400,0.000398200734361393,-0.000761552638930697
229,400,0.000409671023096162,-0.000763610900750568
232,400,0.000425400074933802,-0.000765042265858262
235,400,0.000444460461884847,-0.000764567693618961
238,400,0.000465267783433294,-0.000761763290624443
241,400,0.000485644514262494,-0.000757144218607662
244,400,0.000503030238610494,-0.00075178780659812
247,400,0.000515635954006785,-0.00074658056297689
250,400,0.000523054260655712,-0.000741902861477195
253,400,0.000525930038578506,-0.00073780916999328
256,400,0.000525349811560431,-0.000734006748312883
259,400,0.000522148139013194,-0.000729725842154238
262,400,0.000516620910448901,-0.000723912459490722
265,400,0.000508790227395114,-0.000715646671519773
268,400,0.000498773054511553,-0.000704904551966068
271,400,0.000487126614968436,-0.000692546529892707
274,400,0.000474870691401007,-0.000679461166559968
277,400,0.000463158332443425,-0.000666312856327963
280,400,0.000452789601591455,-0.000653372299711569
283,400,0.000444364493862347,-0.000640228280901763
286,400,0.000438726924666431,-0.000625805128988406
289,400,0.000436722089956007,-0.000609282507801904
292,400,0.000438443542440256,-0.000590585288057326
295,400,0.000442781313868603,-0.000570163211142051
298,400,0.000447985137251225,-0.000548702561604814
1,405,-1.96634153404318e-10,1.96634153404318e-10
4,405,-1.31101756509057e-06,-1.40092374917222e-06
7,405,-3.69804895273412e-06,-5.71360890216686e-06
10,405,-5.28622547159759e-06,-1.32355812302145e-05
13,405,-4.28616532631432e-06,-2.35136295607862e-05
16,405,1.5596928983295e-07,-3.56858685887882e-05
19,405,7.85971332393899e-06,-4.8874570746884e-05
22,405,1.79684047858763e-05,-6.27832521628451e-05
25,405,2.93006289165491e-05,-7.79269970930142e-05
28,405,4.06210247272927e-05,-9.54076203550135e-05
31,405,5.11307879322707e-05,-0.00011652525557671
34,405,6.06714633955378e-05,-0.000142242464586229
37,405,6.9445883468057e-05,-0.000172609281686029
40,405,7.75907916229941e-05,-0.000206410074330839
43,405,8.51582801668807e-05,-0.000240894094852795
46,405,9.21204091549656e-05,-0.000272379633995768
49,405,9.84630221913013e-05,-0.000298128197272605
52,405,0.000104470070459481,-0.000317636054035862
55,405,0.000110783925650165,-0.000332899850938455
58,405,0.00011835935597091,-0.000347409004789737
61,405,0.000128223258851479,-0.000364568878376303
64,405,0.000140788255892686,-0.000386142841155647
67,405,0.000155652032444794,-0.000412142316058664
70,405,0.000171712988548406,-0.000441207750643069
73,405,0.000187559650840878,-0.000471121734077121
76,405,0.000201884898773903,-0.000499463982049968
79,405,0.000213705770040405,-0.000524686707739693
82,405,0.000222276435727344,-0.000546808935920827
85,405,0.000227034914749692,-0.000566899961540021
88,405,0.000227972957331469,-0.00058617947336583
91,405,0.00022585864318907,-0.000605433940288838
94,405,0.000222101918736276,-0.00062481715118106
97,405,0.000218126873138982,-0.000643839237570731
100,405,0.000215073926610258,-0.000661565044299211
103,405,0.000213710445220275,-0.000677167910132129
106,405,0.00021431887103261,-0.000690827521084664
109,405,0.000216832668922822,-0.000703847401434128
112,405,0.000220789645008882,-0.00071761670481542
115,405,0.000225663975338703,-0.000732341945862361
118,405,0.000231724756699756,-0.000747004166887661
121,405,0.000239823070825313,-0.000759980286589296
124,405,0.000250229360778365,-0.00076994358095897
127,405,0.000262389629228568,-0.000776401776785229
130,405,0.000275624759679918,-0.000779808677792021
133,405,0.000289762514715159,-0.000781183509106021
136,405,0.000304943803621938,-0.000781691669392285
139,405,0.00032088126902029,-0.00078233533098582
142,405,0.000336653645241074,-0.000783770092056057
145,405,0.000351034397596005,-0.000786271822623625
148,405,0.000363257885279793,-0.000789817739247155
151,405,0.000373390973722583,-0.000794262861820099
154,405,0.000382021990902055,-0.000799445041556994
157,405,0.000389701474039762,-0.00080522401177556
160,405,0.000396996766338917,-0.000811624475989839
163,405,0.00040466856092814,-0.000818829035147667
166,405,0.000413614589185204,-0.000826816282752735
169,405,0.00042469159925861,-0.000834932005696336
172,405,0.00043812925019069,-0.000842003171976017
175,405,0.000453644362324848,-0.000846924926122329
178,405,0.000470983385657048,-0.000849156387451405
181,405,0.000489635196658135,-0.000848776365107957
184,405,0.000508146581419862,-0.000846282166578033
187,405,0.000524192110549683,-0.000842444300830154
190,405,0.000535468309191458,-0.000838194708512866
193,405,0.00054024807167048,-0.000834524586894861
196,405,0.000537809912932465,-0.000832158147934307
199,405,0.000528750267161396,-0.000831163565845317
202,405,0.000515277198028203,-0.000830915127849404
205,405,0.000500812268514494,-0.000830337844744506
208,405,0.000488603516639013,-0.000828563366958362
211,405,0.000480315182631639,-0.000825510800425711
214,405,0.00047582909695523,-0.000821757125996484
217,405,0.000474449103975568,-0.000818288244441474
220,405,0.00047587105285585,-0.000816209533139725
223,405,0.000480223514395606,-0.000816155060078639
226,405,0.000488197740444139,-0.000817937932393714
229,405,0.000500508724394955,-0.000820527038424594
232,405,0.000517027344623508,-0.00082245743378786
235,405,0.000536824549536945,-0.000822449064891827
238,405,0.000558314315015891,-0.000820077025371396
241,405,0.000579317492140331,-0.000815855464002637
244,405,0.000597272041544929,-0.000810860696858193
247,405,0.000610387337155806,-0.000805978219362246
250,405,0.000618254355573936,-0.000801587392291162
253,405,0.000621516353217176,-0.000797741670582299
256,405,0.000621258230267416,-0.000794147301066531
259,405,0.000618312922532984,-0.000790033516505198
262,405,0.000612974695922614,-0.000784345311914834
265,405,0.000605264028360498,-0.000776161745535975
268,405,0.000595296260902984,-0.000765457878136435
271,405,0.000583626993116916,-0.000753093125822442
274,405,0.000571274384034154,-0.000739955036897389
277,405,0.000559389858685496,-0.00072670699276453
280,405,0.000548771856963329,-0.000713618680981857
283,405,0.000540018750281525,-0.000700277872783474
286,405,0.000533972830447048,-0.000685607884302376
289,405,0.000531477669808817,-0.000668787366412077
292,405,0.000532625197472644,-0.000649740176870787
295,405,0.000536303821584581,-0.000628915044109003
298,405,0.000540761651551433,-0.000606997239718587
1,410,-1.96634153404318e-10,1.96634153404318e-10
4,410,-1.3305112826235e-06,-1.43610664598176e-06
7,410,-3.76577208684016e-06,-5.83583431537598e-06
10,410,-5.43026459336568e-06,-1.34955327035224e-05
13,410,-4.53395787892996e-06,-2.39608145620756e-05
16,410,-2.22365008891507e-07,-3.63686185100713e-05
19,410,7.3246980917718e-06,-4.98400409043368e-05
22,410,1.72512185608459e-05,-6.40774217967826e-05
25,410,2.83764307671655e-05,-7.95946693679184e-05
28,410,3.94656228499939e-05,-9.74924223595021e-05
31,410,4.97206396514175e-05,-0.000119069638323564
34,410,5.89836751634075e-05,-0.000145287703012372
37,410,6.74582108648381e-05,-0.000176195474652534
40,410,7.52816393568201e-05,-0.00021057614462294
43,410,8.25067020738026e-05,-0.000245677789179864
46,410,8.91061081989599e-05,-0.000277817522991333
49,410,9.50663504642534e-05,-0.000304255675494357
52,410,0.000100672029181209,-0.00032448733996562
55,410,0.000106566165168415,-0.000340507986982206
58,410,0.000113704175761349,-0.000355805857277616
61,410,0.000123113607517668,-0.000373785137562589
64,410,0.000135207731166157,-0.000396208021218776
67,410,0.000149584881184978,-0.000423084755101221
70,410,0.000165144106742657,-0.000453054610691793
73,410,0.000180474583604469,-0.000483899001082899
76,410,0.000194269840350038,-0.00051319646588783
79,410,0.000205547563800211,-0.000539398042208841
82,410,0.000213562574169873,-0.000562521578744587
85,410,0.000217753539501899,-0.000583635194365895
88,410,0.000218112859148271,-0.000603957401765457
91,410,0.000215409261953271,-0.000624273493757995
94,410,0.00021105334345862,-0.000644736083139707
97,410,0.000206469841958114,-0.00066485412536296
100,410,0.000202799826792778,-0.000683691289193264
103,410,0.000200811313160699,-0.000700419737320394
106,410,0.000200787392253375,-0.000715217979683698
109,410,0.000202662178074255,-0.000729388364484622
112,410,0.000205974125869279,-0.00074431886928223
115,410,0.00021019806081427,-0.000760214832634474
118,410,0.000215603728824619,-0.000776056120778243
121,410,0.000223042860761507,-0.000790218476335637
124,410,0.000232786548815866,-0.000801373999222532
127,410,0.000244281444785265,-0.000809029240151589
130,410,0.000256849081301636,-0.000813636826770952
133,410,0.000270317870075634,-0.000816214808131426
136,410,0.000284829369522827,-0.000817927406822222
139,410,0.000300096871391184,-0.00081977561910248
142,410,0.000315199759139484,-0.000822413867065808
145,410,0.000328912147207357,-0.000826116844656979
148,410,0.000340469043917444,-0.000830860592358768
151,410,0.000349937963827815,-0.000836498953988767
154,410,0.00035790788404407,-0.000842868604685692
157,410,0.000364929990915668,-0.000849828101691396
160,410,0.000371572276773778,-0.000857400972444073
163,410,0.000378596083874919,-0.000865768641815712
166,410,0.000386899792724798,-0.000874908527234156
169,410,0.000397340800599826,-0.000884165239514844
172,410,0.000410149415670281,-0.000892364570579484
175,410,0.000425043107407465,-0.000898400488882759
178,410,0.000441768974935286,-0.000901730937664981
181,410,0.000459816543852487,-0.000902433549994987
184,410,0.000477733249378767,-0.000901004457282993
187,410,0.000493194311249502,-0.000898212992421651
190,410,0.000503896903736467,-0.000894989919983675
193,410,0.000508114570292865,-0.000892325261161913
196,410,0.000505126474992369,-0.000890942051838668
199,410,0.000495529701146855,-0.000890907290152204
202,410,0.00048153296155519,-0.000891594087248194
205,410,0.0004665584683269,-0.000891926277848732
208,410,0.000453854908608654,-0.000891034336305696
211,410,0.000445087171758253,-0.000888836192477972
214,410,0.000440137737366482,-0.000885907651139653
217,410,0.000438311098927038,-0.000883233436985685
220,410,0.00043930375473105,-0.000881917751319251
223,410,0.00044324492470596,-0.000882593486051911
226,410,0.000450826509829009,-0.000885072572243318
229,410,0.000462764152621613,-0.000888322722157257
232,410,0.000478929380587156,-0.000890877815334472
235,410,0.000498393791260707,-0.000891456622107403
238,410,0.000519572009650817,-0.000889633060035135
241,410,0.00054028553596538,-0.00088592010181787
244,410,0.000557972979966999,-0.00088139288745241
247,410,0.000570844364709711,-0.000876935736287076
250,410,0.000578491315922419,-0.000872926833022401
253,410,0.000581557739150888,-0.000869418456519881
256,410,0.000581129183704948,-0.000866115677534545
259,410,0.000578039234520847,-0.00086224655275189
262,410,0.000572582806635234,-0.000856754901112586
265,410,0.000564781027100228,-0.000848718604781337
268,410,0.000554749886100099,-0.000838111548450098
271,410,0.000543045632329622,-0.000825791972149244
274,410,0.000530687073948574,-0.000812646248106334
277,410,0.000518826285115668,-0.000799336581648758
280,410,0.000508262354851223,-0.00078613148425866
283,410,0.000499594303697041,-0.000772617551094311
286,410,0.000493665072587998,-0.00075771692221283
289,410,0.000491318883000938,-0.000740607072411906
292,410,0.000492648313169593,-0.000721210683373886
295,410,0.000496542420367946,-0.000699975307453429
298,410,0.000501249963130716,-0.000677585040166539
1,415,-1.96634153404318e-10,1.96634153404318e-10
4,415,-1.38923040362652e-06,-1.45960550230344e-06
7,415,-3.96978185748489e-06,-5.9174768393857e-06
10,415,-5.86419877434315e-06,-1.36691878126201e-05
13,415,-5.28051246297509e-06,-2.42595752796595e-05
16,415,-1.36229822076071e-06,-3.68248019655545e-05
19,415,5.7125657952736e-06,-5.04851883331472e-05
22,415,1.50900044908845e-05,-6.49422985403682e-05
25,415,2.55911900028414e-05,-8.07092648737188e-05
28,415,3.59833482383936e-05,-9.88859501809879e-05
31,415,4.54702618075722e-05,-0.000120770536120217
34,415,5.38960624703152e-05,-0.000147323632549672
37,415,6.1466169473453e-05,-0.00017859332180199
40,415,6.83199131860626e-05,-0.000213362019362068
43,415,7.45119728105575e-05,-0.000248877025592186
46,415,8.00169952980599e-05,-0.000281454679266398
49,415,8.48234111484888e-05,-0.000308354533927714
52,415,8.92177584413447e-05,-0.000329070906958844
55,415,9.38449957631736e-05,-0.000345598493042859
58,415,9.96624782174043e-05,-0.000361424757019298
61,415,0.000107699690129659,-0.000379953109704912
64,415,0.000118371839996686,-0.000402944968587349
67,415,0.000131279200064607,-0.000430409804627669
70,415,0.000145322757269911,-0.000460986113413758
73,415,0.0001590936251458,-0.000492454532144044
76,415,0.000171287270039926,-0.000522392824537822
79,415,0.00018092331654104,-0.000549251251803337
82,415,0.000187258522632008,-0.000573046886745308
85,415,0.000189733494123642,-0.000594847072340533
88,415,0.000188342568135925,-0.000615869545387739
91,415,0.000183856411281076,-0.000636898822807633
94,415,0.00017768755686878,-0.000658086741502452
97,415,0.000171262680960775,-0.000678941481030571
100,415,0.000165724790666083,-0.000698525934263519
103,415,0.000161843838950726,-0.000716011487997046
106,415,0.00015990485477417,-0.000731575876276559
109,415,0.000159843889907802,-0.000746520671409496
112,415,0.000161201337365567,-0.000762233075060945
115,415,0.000163453960091217,-0.000778917649894837
118,415,0.000166873441768112,-0.000795553486254107
121,415,0.000172313451025374,-0.000810515550866868
124,415,0.00018004701782193,-0.000822475167755004
127,415,0.000189522731723296,-0.000830938111737161
130,415,0.000200064063129348,-0.000836356234567526
133,415,0.000211501361518706,-0.000839746809402914
136,415,0.000223978123074926,-0.000842273282938552
139,415,0.000237209577313909,-0.000844935875539568
142,415,0.0002502770454624,-0.000848388233405598
145,415,0.00026195657972798,-0.000852904274587441
148,415,0.000271485126201281,-0.00085845926367387
151,415,0.000278932137208308,-0.000864906268588487
154,415,0.000284888527622634,-0.000872081188576014
157,415,0.000289907421561647,-0.000879841804984353
160,415,0.00029455874912452,-0.000888210869357678
163,415,0.000299605790335722,-0.000897369030673983
166,415,0.000305948863468904,-0.000907292930467143
169,415,0.000314447303568426,-0.000917326403658617
172,415,0.000325333356572559,-0.000926294466276111
175,415,0.000338326429720556,-0.000933090310880316
178,415,0.00035317555990429,-0.000937171104817563
181,415,0.000369372210490427,-0.000938613705262701
184,415,0.000385465754466674,-0.000937913467731976
187,415,0.000399133349336336,-0.000935838949224032
190,415,0.000408074107139183,-0.000933320138417583
193,415,0.000410563509096326,-0.000931346280611526
196,415,0.000405882657049438,-0.000930639635794158
199,415,0.00039463057207835,-0.000931266426209749
202,415,0.000379017904749884,-0.000932598987109987
205,415,0.000362468804941523,-0.000933560377322989
208,415,0.000348233897567892,-0.000933280295306641
211,415,0.000337980009754774,-0.000931675895025834
214,415,0.000331591558860897,-0.000929322205360687
217,415,0.00032837497614791,-0.000927203175112142
220,415,0.000328028697674925,-0.000926422229689416
223,415,0.00033068388113733,-0.00092761148511006
226,415,0.000337034365280329,-0.000930582096539751
229,415,0.000347797730393295,-0.00093430100034828
232,415,0.000362847441747575,-0.000937301300182419
235,415,0.000381257034646209,-0.000938300990480602
238,415,0.000401443071865691,-0.00093687321290794
241,415,0.000421228991381883,-0.000933530164270643
244,415,0.000438055340725346,-0.00092934620867152
247,415,0.000450134080718089,-0.000925204889564909
250,415,0.000457058774856959,-0.000921483615757357
253,415,0.000459475266455685,-0.000918233890216375
256,415,0.000458471042592062,-0.000915160007802999
259,415,0.000454881625970294,-0.00091148924930874
262,415,0.000449003869394999,-0.00090616465778028
265,415,0.000440860837686245,-0.000898263339488341
268,415,0.000430570458796271,-0.000887758403230886
271,415,0.000418690919187803,-0.000875507313144306
274,415,0.000406242964788588,-0.000862395665562166
277,415,0.000394380607525293,-0.000849084889917875
280,415,0.000383904874186202,-0.000835842721799581
283,415,0.000375416723081076,-0.000822254980471583
286,415,0.000369761032912743,-0.000807243030096999
289,415,0.000367783962926021,-0.00078998356957954
292,415,0.000369580029122592,-0.000770398504707552
295,415,0.000374040226544407,-0.000748934611941723
298,415,0.000379415251494133,-0.000726275210904063
1,420,-1.96634153404318e-10,1.96634153404318e-10
4,420,-1.44462405973998e-06,-1.47262551839844e-06
7,420,-4.16225430029039e-06,-5.96271621267153e-06
10,420,-6.27362825122373e-06,-1.37654207202697e-05
13,420,-5.98497033811904e-06,-2.44251507349309e-05
16,420,-2.43804897515616e-06,-3.70776438177749e-05
19,420,4.19106456382326e-06,-5.08427952677234e-05
22,420,1.30501020677676e-05,-6.54217440787913e-05
25,420,2.29620425566471e-05,-8.13271973735607e-05
28,420,3.26959188209044e-05,-9.96585928358994e-05
31,420,4.1457320353763e-05,-0.000121713686959916
34,420,4.90921857983611e-05,-0.00014845266443997
37,420,5.58077412847075e-05,-0.000179923182444776
40,420,6.17451240650904e-05,-0.000214907231295301
43,420,6.69608202251125e-05,-0.000250651686189906
46,420,7.14312835990855e-05,-0.000283472460738731
49,420,7.51467515701083e-05,-0.000310628683320854
52,420,7.83955691009165e-05,-0.00033161424615508
55,420,8.1824501661213e-05,-0.000348423418760546
58,420,8.63927112376366e-05,-0.000364543240812867
61,420,9.31314890389877e-05,-0.000383376697964885
64,420,0.000102457850445237,-0.000406684782540333
67,420,0.00011397387458568,-0.000434476540336325
70,420,0.000126582355279998,-0.000465390041776848
73,420,0.000138876212944585,-0.000497205498896384
76,420,0.000149552720810311,-0.000527500250250347
79,420,0.000157633310349102,-0.000554724131883027
82,420,0.000162376546427018,-0.00057889379143523
85,420,0.00016322484173805,-0.000601076146719837
88,420,0.000160174340285424,-0.000622488509371662
91,420,0.000153997515564504,-0.000643914971147465
94,420,0.000146108707768199,-0.000665506943785589
97,420,0.000137936399841394,-0.000686772181680473
100,420,0.000130625405776372,-0.000706773152539745
103,420,0.000124947485422318,-0.000724680817995204
106,420,0.000121189474621878,-0.00074067248692835
109,420,0.000119289232029631,-0.000756049306482707
112,420,0.000118788957542753,-0.000772198053159442
115,420,0.000119167220988176,-0.000789322864458541
118,420,0.000120697512932431,-0.000806402405559055
121,420,0.000124235308887829,-0.000821811218025146
124,420,0.000130055445696535,-0.000834220200714794
127,420,0.000137608319807237,-0.000843134703282709
130,420,0.000146219208503005,-0.000849006152319171
133,420,0.000155720268145616,-0.000852851395817067
136,420,0.000166256801801886,-0.000855833455307713
139,420,0.000177545845870881,-0.000858952125992295
142,420,0.000188670528462536,-0.00086286062890655
145,420,0.000198408708667601,-0.000867832456937338
148,420,0.000205999139459952,-0.000873842449509538
151,420,0.000211513080048761,-0.000880743249382794
154,420,0.000215543252190809,-0.000888370330637934
157,420,0.000218644586886638,-0.000896581049458923
160,420,0.000221388821118672,-0.000905397732226042
163,420,0.000224541041794536,-0.000915000602753325
166,420,0.000229003374071094,-0.000925365877410749
169,420,0.000235636959875868,-0.000935836965955847
172,420,0.000244675852030363,-0.000945238459252418
175,420,0.000255841264657014,-0.000952463124697208
178,420,0.000268884041530883,-0.000956967704472632
181,420,0.000283297452901809,-0.000958828630589634
184,420,0.000297632678640744,-0.00095854083340053
187,420,0.000309568683134146,-0.000956872444740033
190,420,0.000316806385304991,-0.000954753028122951
193,420,0.000317623073257568,-0.000953171403684247
196,420,0.000311301655716776,-0.000952849406248324
199,420,0.000298442960645625,-0.000953852832895489
202,420,0.000281259445494134,-0.000955553593713536
205,420,0.000263177067022959,-0.000956874322366656
208,420,0.000247448257029938,-0.000956944292148827
211,420,0.000235741649524063,-0.000955680231860995
214,420,0.000227943468747217,-0.000953656745219364
217,420,0.000223361952844269,-0.000951857355860966
220,420,0.000221697344757521,-0.000951385064031102
223,420,0.000223082609065566,-0.000952871560583381
226,420,0.000228213391396786,-0.000956127575519555
229,420,0.000237809078923743,-0.000960119620045529
232,420,0.000251744943800992,-0.000963380372644126
235,420,0.000269096328214768,-0.000964627402589876
238,420,0.000288281601824759,-0.00096343342638394
241,420,0.000307126009489998,-0.000960310215668635
244,420,0.000323071905624264,-0.000956331709382842
247,420,0.000334333057932757,-0.000952381025816977
250,420,0.000340504836795509,-0.000948835148613656
253,420,0.000342234892409451,-0.000945745155576484
256,420,0.000340612518735572,-0.000942814916402578
259,420,0.000336475045361272,-0.000939271286719509
262,420,0.000330121131974348,-0.000934056884410056
265,420,0.000321575650278077,-0.000926248390581008
268,420,0.000310958335107889,-0.000915818488866416
271,420,0.000298829179809701,-0.00090362421823874
274,420,0.000286210737194455,-0.000890550749867637
277,420,0.000274258826072017,-0.000877259088022584
280,420,0.000263776280113853,-0.00086401654312782
283,420,0.000255365864512928,-0.000850408509283706
286,420,0.000249874264855263,-0.000835355925489453
289,420,0.000248149447268866,-0.000818035065484842
292,420,0.00025028773463862,-0.000798367409894306
295,420,0.000255181928889657,-0.000776799310014609
298,420,0.000261084533207856,-0.000754013660303836
1,425,-1.96634153404318e-10,1.96634153404318e-10
4,425,-1.47047317878121e-06,-1.46185843456359e-06
7,425,-4.25207744829403e-06,-5.92530065276846e-06
10,425,-6.46471620698262e-06,-1.36858214494612e-05
13,425,-6.31377974933077e-06,-2.42881786757657e-05
16,425,-2.94020235839459e-06,-3.68684560502028e-05
19,425,3.48077882310338e-06,-5.05468950290754e-05
22,425,1.2097729715216e-05,-6.50249807637976e-05
25,425,2.17344634690264e-05,-8.08157665343455e-05
28,425,3.11608470061103e-05,-9.90190361819642e-05
31,425,3.95833039507817e-05,-0.000120932892358168
34,425,4.6848607077308e-05,-0.000147517865914703
37,425,5.31648166467917e-05,-0.000178821960177665
40,425,5.86739040426762e-05,-0.000213627511625437
43,425,6.34331894816326e-05,-0.000249181741613747
46,425,6.74199609291193e-05,-0.00028180090991014
49,425,7.06252898993253e-05,-0.000308744491051083
52,425,7.33383554861266e-05,-0.000329506723412768
55,425,7.62067572903176e-05,-0.000346082222671725
58,425,8.01904914296617e-05,-0.000361958374660972
61,425,8.6321683244055e-05,-0.00038053851119072
64,425,9.50181822446268e-05,-0.000403583970742115
67,425,0.000105882901691745,-0.000431104145269645
70,425,0.000117819469536222,-0.000461737451354702
73,425,0.000129421640325551,-0.000493264447189164
76,425,0.000139387521421742,-0.000523262817485817
79,425,0.000146739378427822,-0.000550182744446351
82,425,0.000150736610340963,-0.000574041221868964
85,425,0.00015082246398626,-0.000595905513723931
88,425,0.000146993917498075,-0.000616993277803465
91,425,0.000140024278502876,-0.000638088952021701
94,425,0.000131328721324687,-0.000659344294274381
97,425,0.000122336563039491,-0.000680267405113327
100,425,0.00011419345177071,-0.000699921098403592
103,425,0.000107671981498644,-0.000717476681934317
106,425,0.000103059822197042,-0.000733111810744428
109,425,0.000100295666651578,-0.000748127978134821
112,425,9.89225488905793e-05,-0.000763912306764085
115,425,9.84198728720741e-05,-0.000780669280289554
118,425,9.90619632937155e-05,-0.000797377910047697
121,425,0.000101705129798899,-0.000812413083760056
124,425,0.000106625043360945,-0.000824446046442039
127,425,0.000113272934559634,-0.000832982493905693
130,425,0.000120974914809157,-0.000838474198898727
133,425,0.000129563974602385,-0.000841938355571393
136,425,0.000139186251137273,-0.000844538331612433
139,425,0.000149559614943999,-0.000847274268380381
142,425,0.000159768028263617,-0.000850799733068401
145,425,0.000168590184317944,-0.000855388564720732
148,425,0.000175265670212037,-0.00086101594891965
151,425,0.000179866579286146,-0.000867534874582169
154,425,0.000182986467428171,-0.000874781161946539
157,425,0.000185181099769756,-0.000882612513354088
160,425,0.000187023047424463,-0.000891051601342523
163,425,0.000189278231431029,-0.000900278995883231
166,425,0.000192849611077417,-0.000910271259503605
169,425,0.000198599162422258,-0.000920372148118552
172,425,0.000206761772418203,-0.000929406598749299
175,425,0.000217059489318772,-0.000936267724949939
178,425,0.00022924399103015,-0.000940412615060295
181,425,0.000242809381933283,-0.000941918047248706
184,425,0.000256307676030248,-0.000941279298024896
187,425,0.000267418671838623,-0.000939264845380938
190,425,0.000273844122412489,-0.000936804598989038
193,425,0.000273862149987237,-0.000934887725141562
196,425,0.000266756497418901,-0.000934236404820311
199,425,0.000253128826801595,-0.000934916781262967
202,425,0.000235192429716461,-0.000936301110714718
205,425,0.00021637409705525,-0.000937312372997139
208,425,0.00019992709474693,-0.000937080187561632
211,425,0.000187520890931607,-0.000935521629366502
214,425,0.000179042543982276,-0.000933211648285353
217,425,0.000173801126174904,-0.000931134114112605
220,425,0.000171497714582935,-0.000930392373250975
223,425,0.00017226610791607,-0.000931618462711427
226,425,0.000176802785933785,-0.000934623458653133
229,425,0.000185827969939769,-0.000938374218439365
232,425,0.000199217766219699,-0.000941403766710375
235,425,0.000216048351090917,-0.000942430018898032
238,425,0.000234738928344213,-0.00094102603766093
241,425,0.000253115576969756,-0.000937703940798756
244,425,0.000268621485512434,-0.00093353801340781
247,425,0.000279471255808552,-0.000929411719935864
250,425,0.00028526109236926,-0.000925702390182951
253,425,0.000286639479522604,-0.000922461448110046
256,425,0.000284696545360681,-0.000919393109571683
259,425,0.000280270453602024,-0.000915724576352806
262,425,0.000273660698065522,-0.00091039881249359
265,425,0.00026489298458558,-0.000902492845258212
268,425,0.000254087882128734,-0.000891979704438126
271,425,0.000241806218172025,-0.00087971677516318
274,425,0.000229071379657499,-0.000866589574760403
277,425,0.000217040019526142,-0.000853259453656686
280,425,0.000206515805580533,-0.000839994068433657
283,425,0.000198102337144746,-0.000826379159349058
286,425,0.00019264713393592,-0.0008113360115595
289,425,0.00019099899621319,-0.00079404124496216
292,425,0.000193255080992535,-0.000774416686338843
295,425,0.000198309024330209,-0.000752909033143726
298,425,0.000204414163543201,-0.000730201525992265
1,430,-1.96634153404318e-10,1.96634153404318e-10
4,430,-1.45056221672e-06,-1.43186383885657e-06
7,430,-4.18288107246725e-06,-5.82106205322616e-06
10,430,-6.31749252601948e-06,-1.34640440620668e-05
13,430,-6.06041943220025e-06,-2.39065223406152e-05
16,430,-2.55322863440621e-06,-3.62855352315028e-05
19,430,4.02821016429266e-06,-4.97222788151612e-05
22,430,1.2831830323621e-05,-6.39191928671095e-05
25,430,2.26808124343091e-05,-7.93902852914368e-05
28,430,3.23443908576053e-05,-9.72362945535198e-05
31,430,4.1028356657476e-05,-0.000118756277928959
34,430,4.85788500478451e-05,-0.000144911720893642
37,430,5.52032987294862e-05,-0.000175751581397772
40,430,6.10430415254966e-05,-0.000210059150543844
43,430,6.61547660922016e-05,-0.0002450826043117
46,430,7.05151278347245e-05,-0.000277139157093003
49,430,7.41145657069081e-05,-0.000303489238048331
52,430,7.72416262423013e-05,-0.00032362804017801
55,430,8.05432764813479e-05,-0.000339551133782657
58,430,8.49788799814752e-05,-0.000354746859319417
61,430,9.15799295222352e-05,-0.000372619503222617
64,430,0.000100763642054423,-0.000394931358597528
67,430,0.000112132298278053,-0.000421692772022735
70,430,0.000124588893583616,-0.000451543114703755
73,430,0.000136726549958251,-0.000482263899456571
76,430,0.00014724274220364,-0.000511433765618109
79,430,0.000155159103362446,-0.00053750385001415
82,430,0.000159734399871532,-0.000560492101067018
85,430,0.000160411245995629,-0.000581466737371091
88,430,0.000157185987308774,-0.000601646371342724
91,430,0.000150831298877089,-0.000621816395520132
94,430,0.000142761722464248,-0.000642129522423196
97,430,0.000134405942585915,-0.000662094807227845
100,430,0.000126908974805158,-0.000680776018423253
103,430,0.000121042780541928,-0.000697345418422656
106,430,0.000117094397209651,-0.00071198161688913
109,430,0.000115001885033651,-0.000725987061747655
112,430,0.000114307645481927,-0.000740749830280956
115,430,0.000114490449952151,-0.000756475360770466
118,430,0.000115823990581642,-0.00077214361917678
121,430,0.000119163944453457,-0.000786130447845551
124,430,0.000124785349980572,-0.000797108046416308
127,430,0.000132138805182438,-0.000804583065325193
130,430,0.000140549788912894,-0.000809008231944055
133,430,0.00014985065910447,-0.000811401695047243
136,430,0.000160186920394802,-0.000812927776947646
139,430,0.000171275810753694,-0.000814587573627859
142,430,0.000182200659861885,-0.000817035606905207
145,430,0.000191739528380839,-0.00082054667044801
148,430,0.000199131370855283,-0.00082509690446271
151,430,0.000204447648065113,-0.000830540252490386
154,430,0.000208281283337915,-0.000836713489393415
157,430,0.000211187409244957,-0.000843475272137248
160,430,0.000213737964339494,-0.000850849227883716
163,430,0.00021669823709989,-0.000859016881228298
166,430,0.00022097055425381,-0.000867955749322516
169,430,0.000227416259299498,-0.000877010542705388
172,430,0.00023626960662929,-0.000885007153022272
175,430,0.000247252011936374,-0.00089083964845135
178,430,0.000260114520566578,-0.000893966071956571
181,430,0.000274350604340509,-0.000894464156330389
184,430,0.000288511644699907,-0.000892830132706661
187,430,0.000300276807602022,-0.000889833433701544
190,430,0.000307347213540573,-0.000886404923611377
193,430,0.000308000352190627,-0.000883534723352633
196,430,0.000301519333847868,-0.000881945968531246
199,430,0.000288505188046075,-0.000881705757008989
202,430,0.000271170573806043,-0.000882187299655182
205,430,0.00025294164945919,-0.000882314530915505
208,430,0.00023707104837415,-0.000881218024865497
211,430,0.000225227606130677,-0.000878815811087543
214,430,0.000217297748541432,-0.000875683794079377
217,430,0.00021258991532204,-0.000872806798259542
220,430,0.000210804550985596,-0.000871289124654871
223,430,0.00021207482168147,-0.000871763764900433
226,430,0.000217096574608805,-0.00087404274977951
229,430,0.000226589398510935,-0.000877093891279509
232,430,0.000240428767113202,-0.000879451168664792
235,430,0.000257690224172614,-0.000879833451991327
238,430,0.000276792340919611,-0.000877814758541842
241,430,0.000295560563784026,-0.000873908160740116
244,430,0.000311437448750404,-0.000869188898306599
247,430,0.000322636965094724,-0.000864541390313151
250,430,0.00032875468476778,-0.000860343921183925
253,430,0.000330438459537277,-0.000856648869504004
256,430,0.000328777784934989,-0.00085316140575206
259,430,0.000324610192119086,-0.00084910968633713
262,430,0.000318234542348128,-0.000843437629923519
265,430,0.000309675908896187,-0.000835223218399509
268,430,0.000299054228169445,-0.000824440436180674
271,430,0.000286929695084612,-0.000811947623020974
274,430,0.000274325064023388,-0.000798631250871563
277,430,0.000262396355366418,-0.000785153624783431
280,430,0.000251946604355956,-0.000771783355962332
283,430,0.000243578777755718,-0.000758107139290122
286,430,0.000238139762722516,-0.000743047214547522
289,430,0.000236477726955125,-0.000725781156255826
292,430,0.000238689194909199,-0.000706231745820964
295,430,0.000243667170080652,-0.000684846635321208
298,430,0.00024966435722613,-0.000662310019996153
1,435,-1.96634153404318e-10,1.96634153404318e-10
4,435,-1.39092774132438e-06,-1.3952544106978e-06
7,435,-3.97561934742694e-06,-5.69382510163166e-06
10,435,-5.87648655564565e-06,-1.31933135521457e-05
13,435,-5.301427999315e-06,-2.34405842978743e-05
16,435,-1.39388630036874e-06,-3.55738277418328e-05
19,435,5.66839305957365e-06,-4.87153920248262e-05
22,435,1.50314676617298e-05,-6.25688689827707e-05
25,435,2.55166423182805e-05,-7.76494185801389e-05
28,435,3.58912756119323e-05,-9.50589313426954e-05
31,435,4.53592828281307e-05,-0.000116097616606433
34,435,5.37649284022665e-05,-0.000141728111907612
37,435,6.13137642565719e-05,-0.000172000527256835
40,435,6.81452534356145e-05,-0.000205699305816981
43,435,7.43142078171783e-05,-0.000240073775628268
46,435,7.97954070278665e-05,-0.000271442303142763
49,435,8.45774142429918e-05,-0.000297066469581415
52,435,8.89469002175481e-05,-0.000316442620004949
55,435,9.35489562134537e-05,-0.000331567476774357
58,435,9.93410700096097e-05,-0.000345930532407182
61,435,0.00010735285860704,-0.000362937225398139
64,435,0.000117999663177981,-0.000384351000912866
67,435,0.000130881888643927,-0.000410183357590346
70,435,0.000144900654616842,-0.000439074818696488
73,435,0.000158647207305342,-0.000468808049107657
76,435,0.000170817145732538,-0.000496962840221172
79,435,0.000180430227162585,-0.000521991480923189
82,435,0.000186743342253808,-0.000543913071696424
85,435,0.000189197229492419,-0.000563796983195643
88,435,0.000187786358673894,-0.000582862979897589
91,435,0.000183281529085819,-0.00060189760640085
94,435,0.000177095406713366,-0.000621054727285713
97,435,0.00017065480029365,-0.000639844549788491
100,435,0.000165102849611198,-0.00065733199445873
103,435,0.000161209640307432,-0.00067269047577007
106,435,0.00015926033401725,-0.000686099755445951
109,435,0.000159191115187439,-0.000698863433471764
112,435,0.00016054250950746,-0.000712370739190615
115,435,0.00016279141259644,-0.000726828262944307
118,435,0.000166209640813197,-0.000741217122753836
121,435,0.000171650995462239,-0.000753914313025237
124,435,0.000179388639177995,-0.000763593185458438
127,435,0.000188871294201383,-0.000769761542549945
130,435,0.000199422563607731,-0.000772873263732011
133,435,0.000210872929551028,-0.000773947649839369
136,435,0.00022336602089036,-0.00077415017524529
139,435,0.000236617199817004,-0.000774483087992753
142,435,0.000249707920233174,-0.000775602061959476
145,435,0.000261414367021807,-0.000777783042874171
148,435,0.000270973618949073,-0.000781003323003652
151,435,0.00027845526101633,-0.000785117997949395
154,435,0.000284450340772669,-0.000789964994634158
157,435,0.000289512115010804,-0.000795404122083779
160,435,0.000294210646505445,-0.000801460159520483
163,435,0.000299309347956418,-0.000808315783600132
166,435,0.000305708670312884,-0.000815949663534622
169,435,0.000314268081294547,-0.000823707661923373
172,435,0.000325219959515183,-0.000830416822472131
175,435,0.000338283844889456,-0.000834972365419454
178,435,0.000353208906984678,-0.000836833485789684
181,435,0.000369486741842916,-0.00083607906843565
184,435,0.000385666855127363,-0.000833206496551621
187,435,0.000399426537016733,-0.000828986354814116
190,435,0.000408465032226237,-0.000824350659579872
193,435,0.000411057954652393,-0.000820290683825734
196,435,0.000406486538812344,-0.000817530715218062
199,435,0.000395349938461343,-0.000816139003678968
202,435,0.000379858936841657,-0.000815489912138179
205,435,0.000363437816506169,-0.000814508527101764
208,435,0.000349337335044964,-0.000812326574705653
211,435,0.000339224452259273,-0.000808863236592599
214,435,0.000332983718183225,-0.000804695569320746
217,435,0.000329921696753924,-0.000800809549369003
220,435,0.000329736956705894,-0.00079831062982461
223,435,0.000332560788410007,-0.000797832954382999
226,435,0.000339087163286852,-0.000799189705887857
229,435,0.000350033794301251,-0.000801349848386964
232,435,0.000365274279399982,-0.000802848513205079
235,435,0.000383882286561545,-0.000802405722458564
238,435,0.000404274511237834,-0.000799596645490511
241,435,0.000424274524080157,-0.000794935506785099
244,435,0.000441323005294517,-0.000789498698123169
247,435,0.000453632048378352,-0.00078417179063695
250,435,0.000460795349503938,-0.000779334220811001
253,435,0.000463458884660453,-0.000775039519290789
256,435,0.000462710273601102,-0.000770994008615369
259,435,0.000459385171705555,-0.000766426997254161
262,435,0.000453780564453829,-0.000760283555931844
265,435,0.000445919649341459,-0.000751642818597113
268,435,0.000435920486996097,-0.000740479921725916
271,435,0.000424341396555914,-0.000727654357132597
274,435,0.000412203256624079,-0.000714053748828707
277,435,0.000400660211802707,-0.000700341553925612
280,435,0.000390513421555509,-0.000686787535689459
283,435,0.000382363976867684,-0.000672979541062483
286,435,0.000377056889117492,-0.000657840961885801
289,435,0.000375438450225185,-0.000640550524741088
292,435,0.00037760330886788,-0.000621032163094655
295,435,0.000382442592762956,-0.000599734681085178
298,435,0.000388207130888524,-0.000577343426012622
1,440,-1.96634153404318e-10,1.96634153404318e-10
4,440,-1.32688616579024e-06,-1.37133355976394e-06
7,440,-3.75302382727335e-06,-5.61068152963729e-06
10,440,-5.40281757148354e-06,-1.30163903398796e-05
13,440,-4.48615888147541e-06,-2.31360694770293e-05
16,440,-1.48483228904391e-07,-3.51086542950161e-05
19,440,7.43047105493311e-06,-4.80572378855724e-05
22,440,1.73947687015168e-05,-6.16861570355182e-05
25,440,2.85637216733414e-05,-7.65113166602502e-05
28,440,3.97026957033964e-05,-9.36353522364313e-05
31,440,5.00136132274125e-05,-0.000114359218050981
34,440,5.93387458310842e-05,-0.000139646296591074
37,440,6.78816525869424e-05,-0.000169547442818226
40,440,7.57798036898141e-05,-0.000202847844846221
43,440,8.30860181678067e-05,-0.000236797575666205
46,440,8.97730827978e-05,-0.000267715746681144
49,440,9.58275679054215e-05,-0.000292864684062927
52,440,0.000101534151395908,-0.000311741477823165
55,440,0.000107535931681519,-0.000326343595273778
58,440,0.000114788403691421,-0.000340161273883216
61,440,0.000124319191576951,-0.000356600697097116
64,440,0.000136541643660609,-0.000377426055032032
67,440,0.000151054172014203,-0.00040264959127786
70,440,0.000166755903399977,-0.000430912574051411
73,440,0.000182236091176857,-0.000459998413179995
76,440,0.000196188341518219,-0.000487487645011801
79,440,0.000207630418838518,-0.000511833303383929
82,440,0.000215817220946384,-0.000533055233730004
85,440,0.000220187493478324,-0.00055222355165572
88,440,0.000220733713380083,-0.000570558766588697
91,440,0.000218224687089538,-0.000588848168078475
94,440,0.000214071087742181,-0.000607246365656235
97,440,0.000209697731225414,-0.000625264311509206
100,440,0.000206245764474028,-0.00064196767113786
103,440,0.000204483280279744,-0.000656530603966734
106,440,0.000204693447427774,-0.000669133616670201
109,440,0.00020681045751521,-0.000681081054184558
112,440,0.00021037284338175,-0.000693762890803817
115,440,0.000214855507796838,-0.000707386461820705
118,440,0.000220528274269606,-0.00072093363020713
121,440,0.000228242951254835,-0.000732782135320047
124,440,0.000238270708537241,-0.000741606073810287
127,440,0.000250058275508031,-0.000746913993125278
130,440,0.000262927262392847,-0.000749160517648177
133,440,0.000276706158495966,-0.000749365693164654
136,440,0.000291536599826735,-0.000748695738998869
139,440,0.000307131955726744,-0.000748153648144731
142,440,0.00032257168724851,-0.000748395839430868
145,440,0.000336629986425259,-0.000749699003536906
148,440,0.00034854193917343,-0.000752041177680574
151,440,0.000358375137644678,-0.000755278202414263
154,440,0.000366718636538416,-0.000759248749611629
157,440,0.000374123699797638,-0.000763813373249458
160,440,0.000381158397347317,-0.000768997597500866
163,440,0.000388584149037578,-0.000774984843972628
166,440,0.000397299412967921,-0.000781754526827566
169,440,0.000408161664008302,-0.000788653253616004
172,440,0.000421401287922782,-0.000794508812994619
175,440,0.000436735831776324,-0.000798217170152863
178,440,0.000453912472286542,-0.000799238265065991
181,440,0.000472420812645809,-0.000797651727537768
184,440,0.000490808365667573,-0.000793955685713369
187,440,0.000506750428680855,-0.000788921469220212
190,440,0.000517944253551166,-0.000783481839365961
193,440,0.000522663461325327,-0.00077862881407839
196,440,0.000520187293670736,-0.000775087425974742
199,440,0.000511112911492958,-0.000772926669928065
202,440,0.000497649105184557,-0.00077152165381899
205,440,0.000483218164448708,-0.000769798209104508
208,440,0.00047106885402578,-0.000766888806871463
211,440,0.00046286614086729,-0.000762713373713518
214,440,0.000458492582157673,-0.000757849711139724
217,440,0.000457252748984327,-0.000753284540579921
220,440,0.000458843217232064,-0.000750124060072253
223,440,0.000463393284422023,-0.00074900315826307
226,440,0.000471594929125121,-0.000749735762946967
229,440,0.000484163871456458,-0.00075129158312265
232,440,0.000500971716513105,-0.000752206495065787
235,440,0.000521090139423827,-0.00075120126584365
238,440,0.000542933842790859,-0.000747851809750249
241,440,0.000564324404415781,-0.000742673096220673
244,440,0.000582700511654864,-0.000736742261986681
247,440,0.000596272265155866,-0.000730945623131421
250,440,0.000604631368241339,-0.00072566336109036
253,440,0.000608421804050778,-0.000720949751459874
256,440,0.000608729199487648,-0.000716511861729945
259,440,0.00060638721708192,-0.000711579745320898
262,440,0.000601690849463918,-0.000705099217908339
265,440,0.00059466130127946,-0.000696150158391864
268,440,0.000585414640306475,-0.000684708448198345
271,440,0.000574507192833441,-0.000671634324093024
274,440,0.000562957844613821,-0.00065781615503838
277,440,0.000551918747400025,-0.000643918143096692
280,440,0.000542189067806044,-0.000630210796485022
283,440,0.000534367903967362,-0.000616282707096512
286,440,0.000529298274412549,-0.000601058011723207
289,440,0.000527824478212146,-0.000583716181897681
292,440,0.000530039171193556,-0.000564181896037169
295,440,0.000534831488224452,-0.000542904703231258
298,440,0.000540450265433233,-0.000520570695730827
1,445,-1.96634153404318e-10,1.96634153404318e-10
4,445,-1.31462391728815e-06,-1.39696410914712e-06
7,445,-3.71040060020592e-06,-5.69977676815278e-06
10,445,-5.31211346214052e-06,-1.32059979560188e-05
13,445,-4.33003281245715e-06,-2.34624507080115e-05
16,445,9.00270508357664e-08,-3.56072839268039e-05
19,445,7.76794897010655e-06,-4.87628042528556e-05
22,445,1.7847418850512e-05,-6.26325620217209e-05
25,445,2.91473698282169e-05,-7.77316756975405e-05
28,445,4.04327888098446e-05,-9.51619943056973e-05
31,445,5.09052194048246e-05,-0.000116223685681858
34,445,6.04065543725044e-05,-0.000141879345861923
37,445,6.91399739590913e-05,-0.000172179043356154
40,445,7.72425695330485e-05,-0.00020590717982705
43,445,8.47667812961805e-05,-0.000240313041814513
46,445,9.16850171990164e-05,-0.000271714954270234
49,445,9.79834687408615e-05,-0.000297374456914836
52,445,0.000103946435000603,-0.000316787853308661
55,445,0.000110216635564162,-0.000331951824312379
58,445,0.000117749186534397,-0.000346355820943154
61,445,0.000127571333236303,-0.000363405240195376
64,445,0.000140096045166014,-0.000384863485734312
67,445,0.000154921355569033,-0.000410742014698622
70,445,0.000170946012381279,-0.000439681308853826
73,445,0.000186758890135324,-0.000469463991575976
76,445,0.000201053216178201,-0.000497669812761999
79,445,0.000212846376098039,-0.000522751019797737
82,445,0.000221392888877155,-0.000544726671665528
85,445,0.000226131121325711,-0.000564666097519815
88,445,0.000227053171563086,-0.000583789020336955
91,445,0.000224927467200859,-0.000602881943215218
94,445,0.000221164302548176,-0.000622098689234517
97,445,0.000217188114666121,-0.000640949424130834
100,445,0.000214139671663115,-0.000658499026953332
103,445,0.000212786687504557,-0.000673920870675339
106,445,0.000213411952149339,-0.000687394675519917
109,445,0.000215949278368226,-0.000700223999972125
112,445,0.000219936820174553,-0.000713798031874681
115,445,0.000224849101511426,-0.000728323320069087
118,445,0.000230955567061677,-0.000742780941075954
121,445,0.00023910764645375,-0.000755547847800992
124,445,0.000249576130645997,-0.000765297350443736
127,445,0.000261807370203281,-0.000771537210000384
130,445,0.000275122596524956,-0.000774721264402809
133,445,0.000289349920088964,-0.000775868772985426
136,445,0.000304630598078276,-0.000776145168621101
139,445,0.000320677621008138,-0.00077655265785252
142,445,0.000336570071104793,-0.00077774687305701
145,445,0.000351081761575113,-0.000780003718462968
148,445,0.000363447399509172,-0.000783300444836807
151,445,0.000373734198232294,-0.00078749210627971
154,445,0.000382530833617595,-0.00079241658821402
157,445,0.000390388190781725,-0.000797933658165275
160,445,0.000397873960823289,-0.000804068053855333
163,445,0.000405749184766087,-0.000811002410439708
166,445,0.000414911941883311,-0.000818715355629926
169,445,0.000426219328218585,-0.000826552710525084
172,445,0.000439901350709595,-0.000833341477330564
175,445,0.000455675177594985,-0.000837976834784568
178,445,0.000473287606766061,-0.000839917936411089
181,445,0.000492227862588853,-0.000839243625562614
184,445,0.000511043079050445,-0.000836451243933046
187,445,0.000527408174653529,-0.000832311334698573
190,445,0.000539020022437311,-0.000827755872715555
193,445,0.000544151864622275,-0.000823776089460522
196,445,0.000542082564049464,-0.000821096231099435
199,445,0.000533408902798095,-0.000819784506054093
202,445,0.00052033929243444,-0.000819215235753865
205,445,0.000506295643835324,-0.000818313465204461
208,445,0.000494526342914763,-0.000816210879041457
211,445,0.000486695977797943,-0.000812826617407267
214,445,0.000482686726842988,-0.000808737695359671
217,445,0.000481802782310957,-0.000804930047877243
220,445,0.0004837403412603,-0.000802509086546852
223,445,0.000488628322385831,-0.000802108913563598
226,445,0.000497158325432159,-0.0008035426702708
229,445,0.000510045691688035,-0.000805779279215909
232,445,0.000527161647424183,-0.000807353830223314
235,445,0.000547577488943039,-0.000806986303909023
238,445,0.000569707540020505,-0.000804251828115792
241,445,0.000591372999631843,-0.000799664585827437
244,445,0.000610012176306971,-0.000794300927324457
247,445,0.000623834791867299,-0.000789046382238731
250,445,0.000632432170809077,-0.000784280345554455
253,445,0.000636447917445455,-0.000780056306416748
256,445,0.000636967279853555,-0.000776080545864326
259,445,0.000634823541737013,-0.000771582330866242
262,445,0.000630311316899819,-0.000765506690646841
265,445,0.000623451431161479,-0.000756932717654452
268,445,0.000614359573473561,-0.000745835506864685
271,445,0.000603591691298209,-0.000733074508591515
274,445,0.000592166291562569,-0.000719537305346152
277,445,0.000581235147192709,-0.000705887312739618
280,445,0.000571597045976271,-0.000692394252537699
283,445,0.000563850707222425,-0.000678645930182282
286,445,0.000558838770633399,-0.000663565696014133
289,445,0.000557405156453402,-0.000646332235114578
292,445,0.000559642141683498,-0.000626869439449572
295,445,0.000564438482365022,-0.000605626071657444
298,445,0.000570042635800057,-0.000583287437537808
1,450,-1.96634153404318e-10,1.96634153404318e-10
4,450,-1.35209115235494e-06,-1.48071499464458e-06
7,450,-3.84065062977569e-06,-5.99092530223187e-06
10,450,-5.5893236115414e-06,-1.38256457465526e-05
13,450,-4.80724217293545e-06,-2.45291542076561e-05
16,450,-6.3908237787979e-07,-3.72370544330158e-05
19,450,6.7361768501081e-06,-5.10691079078757e-05
22,450,1.64633596502514e-05,-6.57263198125645e-05
25,450,2.73625373928238e-05,-8.17212634560334e-05
28,450,3.81998352185235e-05,-0.000100153242708444
31,450,4.81779349708858e-05,-0.000122319880250249
34,450,5.7139867643343e-05,-0.000149181226962141
37,450,6.52899517162058e-05,-0.000180784806199173
40,450,7.27664167920017e-05,-0.000215912474468622
43,450,7.96228413066438e-05,-0.000251810973155197
46,450,8.58327714447609e-05,-0.000284796082055367
49,450,9.13835369397516e-05,-0.00031212679573454
52,450,9.65605751045513e-05,-0.000333296872597849
55,450,0.000102007743759229,-0.000350300448350762
58,450,0.000108681297240714,-0.00036662442885522
61,450,0.000117609619108084,-0.000385671665950412
64,450,0.000129206817091565,-0.000409203018146384
67,450,0.000143072062670752,-0.00043722739742659
70,450,0.000158105242015667,-0.000468382740401338
73,450,0.00017289636789298,-0.000500449125291473
76,450,0.000186139805883772,-0.000531003756838687
79,450,0.000196854079810308,-0.000558496337273652
82,450,0.00020429484688898,-0.000582943380423466
85,450,0.000207901612164053,-0.000605411670287385
88,450,0.000207667611988963,-0.000627118384686503
91,450,0.000204362412209416,-0.000648847481563944
94,450,0.000199397445368652,-0.000670750238844365
97,450,0.000194198286761827,-0.000692334277108558
100,450,0.000189906842731449,-0.000712661930250453
103,450,0.000187291965477006,-0.0007309040260882
106,450,0.000186637583191521,-0.000747237739689625
109,450,0.000187878646879825,-0.000762964084384588
112,450,0.000190554448789321,-0.000779469702860574
115,450,0.000194140651097225,-0.000796958598803905
118,450,0.00019890783672048,-0.000814409303579959
121,450,0.00020570857352161,-0.000830196224939249
124,450,0.000214814790693043,-0.000842990127926073
127,450,0.000225673977033725,-0.000852296228381458
130,450,0.00023760850217715,-0.000858565819082039
133,450,0.000250447614835315,-0.000862815614207017
136,450,0.000264333710425282,-0.000866208501474056
139,450,0.000278980917696383,-0.000869744142270636
142,450,0.000293469457108987,-0.000874075623818865
145,450,0.00030657428010404,-0.00087947630519193
148,450,0.000317531232005692,-0.000885920892001019
151,450,0.000326408664373354,-0.000893261893192133
154,450,0.000333796391314263,-0.000901334649032386
157,450,0.000340246436179145,-0.000909996381892108
160,450,0.000346327628300702,-0.000919269284337929
163,450,0.000352802146936798,-0.00092933344637018
166,450,0.000360569209594761,-0.000940164950545175
169,450,0.000370487050552289,-0.000951107072806781
172,450,0.00038278681498115,-0.000960984270205155
175,450,0.000397186809354062,-0.000968689176323334
178,450,0.000413434969796467,-0.000973678399530072
181,450,0.000431021658908465,-0.000976028238022644
184,450,0.000448495148911231,-0.000976233488339738
187,450,0.000463531496541529,-0.000975062148502339
190,450,0.000473828713072698,-0.000973443648211611
193,450,0.00047766117895929,-0.000972366673788838
196,450,0.000474308895276429,-0.000972552926244792
199,450,0.000464369782337432,-0.000974068068846067
202,450,0.00045005338994267,-0.000976283877866802
205,450,0.000434782767203062,-0.000978122853157512
208,450,0.000421807438266711,-0.000978714134198544
211,450,0.000412793129492856,-0.000977974315977117
214,450,0.000407623157473791,-0.0009764778683958
217,450,0.000405602852704598,-0.000975208181277949
220,450,0.000406429550477865,-0.000975268121055207
223,450,0.000410233307722455,-0.000977289244767497
226,450,0.000417706862417105,-0.000981082148602902
229,450,0.000429566694084641,-0.000985613209953671
232,450,0.000445685167229872,-0.000989414973488969
235,450,0.000465134716389319,-0.000991204874669612
238,450,0.000486330803573015,-0.00099055549618314
241,450,0.000507095765990276,-0.00098797847585815
244,450,0.000524869050405139,-0.000984547618819929
247,450,0.00053786151687306,-0.000981145909545143
250,450,0.000545665628124425,-0.000978150197862794
253,450,0.000548926126706468,-0.00097561142776278
256,450,0.000548729398930392,-0.000973233335128589
259,450,0.000545909866733907,-0.000970242641774089
262,450,0.000540763282155138,-0.000965581831768402
265,450,0.000533311609247652,-0.000958327452404649
268,450,0.000523671675197118,-0.000948452053503221
271,450,0.000512400565699763,-0.000936812540222892
274,450,0.000500517925916831,-0.000924293949919659
277,450,0.000489176667008486,-0.000911557153049327
280,450,0.00047917671499646,-0.000898869326222464
283,450,0.000471117927423998,-0.000885815729725765
286,450,0.00046584408222744,-0.000871317168744778
289,450,0.000464200237885077,-0.000854549783205611
292,450,0.000466279809632063,-0.000835434919919014
295,450,0.000470972691743833,-0.000814418796368101
298,450,0.000476528479756549,-0.000792184173197277
