x_nom,v_nom,f_nom,x_ki,v_ki,f_ki,x_kp,v_kp,f_kp
0.334209965756978,-0.308338352989185,4.16092868524555,0.340995392813669,-0.387174708949014,-0.499825444957523,0.316768038331544,0.204823993231671,-3.9063388448208
0.333895876866326,-0.307543947330633,4.17756166915021,0.340609525731935,-0.387023055442594,-0.584964263550372,0.317062616172132,0.205424954019581,-3.92091018791847
0.333584570085541,-0.3068926533063,4.03389843309447,0.340199397271918,-0.386782813444669,-0.709955772851077,0.317265049910008,0.205939132310038,-3.87396971294288
0.333576729430105,-0.306400264417051,3.85431550976521,0.339814099182441,-0.386397879731586,-0.807313413227773,0.317479093044201,0.206412482278665,-3.90904133593065
0.333106768969141,-0.306041883599013,3.77170556170204,0.339399170024846,-0.385819701623485,-0.886317721105798,0.317683812451975,0.20690054190684,-3.97627336585281
0.332823874695345,-0.305764969462265,3.7146584305646,0.338973223134187,-0.38501486638306,-0.863496906171447,0.317904497236349,0.207458878680805,-3.94903577305557
0.332521200240369,-0.305515589798868,3.69682633678913,0.338390813416496,-0.383982446866727,-0.887000608576089,0.317913674319777,0.208127058246271,-3.96277417140142
0.332191493249411,-0.305247192388403,3.62667762444237,0.338012076389913,-0.382769949482275,-0.849235160514242,0.318128820513548,0.208909401165147,-3.95240215082782
0.331883700349023,-0.304918802680993,3.4236137021432,0.337607466266097,-0.381468830654578,-0.905807389479965,0.318319851615543,0.209773076059744,-4.04673128993827
0.331563937636275,-0.304495479129857,3.2846101488777,0.337210858701719,-0.380193206883097,-0.962488048305221,0.318538382297503,0.210664785487723,-3.9964726556109
0.331252549761747,-0.303948841979278,3.23305884196439,0.336936812645754,-0.37905207800328,-0.975548690573711,0.318736837075198,0.211527111478139,-3.95093068846712
0.330938288176606,-0.303256202595455,3.1447273996687,0.336854649564795,-0.378116434582537,-1.09596931446485,0.319062410081436,0.212311225379444,-4.00359348489151
0.330651197714746,-0.302401574342747,2.96285447243843,0.336186979293378,-0.377403678903912,-1.11231774122634,0.319282975991423,0.212989188565118,-3.97166741072139
0.330176331050888,-0.301385827809361,2.85518580605746,0.336135816590423,-0.376889183274025,-1.13563081438398,0.319512853257291,0.213557009745698,-4.01032490940498
0.32986046800536,-0.300242114657002,2.79531882057593,0.335744644680056,-0.376512842053638,-1.1534528124826,0.319731972859015,0.214026810482924,-3.95326296890352
0.329584878924563,-0.299036121614431,2.7318353642376,0.335343165954454,-0.376182379705002,-1.14335092164464,0.319959521163037,0.214418838992228,-4.09733708803696
0.329281396048381,-0.297848692350768,2.77621854047093,0.33480885884779,-0.375802836080981,-1.1406902337641,0.320159328633177,0.214757436515418,-4.08879661255388
0.328977832359221,-0.296762807287051,2.80128181620918,0.334421195401687,-0.375310880586246,-1.13817264531377,0.320384654000426,0.21506851746642,-4.11975841234061
0.328659704749905,-0.295864068995854,2.70194823807516,0.3340384090522,-0.37467921565458,-1.21318751199561,0.320601555778841,0.215378974577216,-4.09830538179892
0.328345134249613,-0.295238834414444,2.73171959940874,0.333668221319427,-0.373898871868702,-1.27722650178106,0.320831657436729,0.215719957273027,-4.11243970130438
0.328389171962762,-0.294943786150002,2.62437802301148,0.333333463844279,-0.372962997244626,-1.36329503522852,0.321136387440412,0.216130953308286,-4.08550807853681
0.328392241906803,-0.294953817479542,2.65141176673553,0.332911872867769,-0.371861962161388,-1.41368673581434,0.321143583798309,0.216651524044488,-4.07698412384761
0.327787393100494,-0.295154198685199,2.73129862635446,0.332553405276873,-0.370587460793287,-1.41367236523638,0.321357447313306,0.217299197191114,-4.07723783988786
0.327460745166347,-0.295403649460925,2.7316303540185,0.332141766421656,-0.369141681440528,-1.48991451848365,0.321570726422793,0.218059591676642,-4.06771647542828
0.32714874095834,-0.295595136676283,2.73746493391517,0.331600627242614,-0.36755287286425,-1.52368044130831,0.321811372604305,0.21890064825573,-4.11329443793234
0.326733225446673,-0.295666147819679,2.69426603882096,0.331235439984554,-0.365890231509222,-1.57159025662572,0.32202977092892,0.2197894297242,-4.11436953012981
0.326445529965984,-0.295589034947759,2.65950894866303,0.330858127716405,-0.364260028521168,-1.62383932269533,0.322255439642917,0.220697023758622,-4.19401833611651
0.326122592902422,-0.29536189005986,2.70566718630641,0.330531301161728,-0.362777639519963,-1.63206056348335,0.322471804112278,0.22159680750682,-4.12121858753048
0.325855218172457,-0.294996157813496,2.75009150843397,0.330524116886621,-0.361518649801205,-1.77439072551612,0.322685720387279,0.222461627007805,-4.1117751089159
0.325535440567452,-0.294507134776017,2.70296331385014,0.330384192271584,-0.360468838283055,-1.72656832968995,0.322897661043736,0.223261379651162,-4.12253304326551
0.32524126597503,-0.293912054660578,2.60321887245672,0.329745060540548,-0.359526977314029,-1.8457326063686,0.323125225838205,0.223962391781809,-4.17580829858313
0.324947150085405,-0.293230647077974,2.41790962987996,0.329387195159636,-0.358568220468676,-1.911449789307,0.323352904355626,0.224530967672355,-4.18563602667326
0.32466441298836,-0.292483689594292,2.48066617670972,0.329024413410072,-0.357494235993364,-1.92958497706318,0.323675145026762,0.224942780821381,-4.23948977453264
0.32436882882118,-0.291691316587494,2.39598922470843,0.328628226782385,-0.356236336427384,-1.93119226661559,0.32389100941305,0.225192766752208,-4.19285010868674
0.324057129303636,-0.290877171927434,2.36377712466251,0.328133438641929,-0.354753096186538,-2.01081377103139,0.324149394703568,0.225296453132632,-4.17739767099478
0.323621882937292,-0.290077105405483,2.30083247417967,0.327767414153399,-0.353038758346603,-1.99821964133564,0.324379563727406,0.225283955136721,-4.12576504194725
0.323608651804374,-0.28933672319716,2.22187277158255,0.327423598249776,-0.351119434006991,-2.01853973654166,0.324611653508898,0.225194362525501,-4.10792523442689
0.323088003034734,-0.288696111877131,2.14043047508489,0.327084751946298,-0.349034583219706,-2.03639951394642,0.324839595676888,0.225072466697649,-4.11177983621266
0.323034432894228,-0.288178492836199,2.10227938308531,0.326757637556179,-0.346822488554864,-2.01327413981383,0.32507460064729,0.224967022674703,-4.14846067826539
0.32274786973106,-0.28778284021349,2.1304235559318,0.326372953982538,-0.344518655592913,-2.05996244869862,0.325302362922912,0.224930131306853,-4.16471832037388
0.322448107438822,-0.287481086877553,1.9936887897075,0.326018783946654,-0.342162058097567,-2.10006199257869,0.325520471407744,0.225011897729899,-4.07376612893794
0.322150797594346,-0.287230116217367,1.9938743297989,0.325668003674508,-0.339799750347255,-2.1577627287154,0.325526455529945,0.225241735041617,-4.12454300956231
0.321863117272102,-0.286986548944784,1.98687429596385,0.325339847749249,-0.337484097787806,-2.22065252945276,0.325755791621118,0.225608612447715,-4.121018424108
0.321572112966679,-0.286710422952471,1.95809088873923,0.325054682827881,-0.33525957050113,-2.22590271208062,0.326088670118781,0.226069963591384,-4.07518887444424
0.321292781817791,-0.286365782020993,1.8694670193532,0.324962671149316,-0.333144446009287,-2.19914551243485,0.326318665565941,0.226583890984581,-4.09234074062734
0.32087070905423,-0.285929581839511,1.84813964074264,0.324228548616533,-0.331132974933961,-2.12172867219869,0.326554370445398,0.227126523158784,-4.07946386424967
0.320573369174574,-0.285405113711288,1.75358501086768,0.324185017189552,-0.329217667727881,-2.1316499910532,0.326769266786912,0.227685681960324,-4.06454257090273
0.320281623323364,-0.284824414757372,1.59522082914133,0.323846435914658,-0.32738969100527,-2.12828916381757,0.327004800864558,0.228251653788033,-4.04927872246906
0.319975208205925,-0.284238189760102,1.57465737211398,0.323533369284166,-0.325620372306923,-2.17240862646028,0.327235059427727,0.228815123680197,-3.99270312764778
0.31968257690742,-0.283707334243986,1.5716775082422,0.323180355212191,-0.323863486253956,-2.16821353547853,0.327477775549963,0.229368482582232,-4.02611274825688
0.319390551690992,-0.283295151954003,1.58566046102993,0.32285135640042,-0.322071695129724,-2.22808258811587,0.327689028344681,0.229907862624848,-4.03289672892452
0.319375156096736,-0.28304947221385,1.53536702261528,0.322531533597869,-0.320203275030633,-2.25883218862406,0.328027410985621,0.230438977994636,-4.05800501238754
0.31884871024328,-0.282988413975217,1.44090142232374,0.322198954676279,-0.318221077487798,-2.37460717154106,0.328248087752974,0.230985807409687,-4.0117507350996
0.31880549164514,-0.283097999773461,1.42085242610337,0.321884604563168,-0.316091859991215,-2.38704153335884,0.328513608733378,0.231593020416596,-3.93142551987207
0.31880549164514,-0.28331917388984,1.33731303432229,0.321530068033856,-0.313790476439584,-2.45301045069533,0.328749396717499,0.232320496315744,-3.94471854757293
0.318162829999522,-0.283545933283203,1.24126181794358,0.321097344206442,-0.311311740850089,-2.49497341280196,0.328990750523592,0.233232902615851,-3.87108670726324
0.317842517407742,-0.283672078433139,1.16645333944756,0.320779787842745,-0.308681133318103,-2.48156666855509,0.328991648363794,0.23437355695464,-3.79648181434593
0.317557175728304,-0.28363604972629,1.11780029399415,0.32050734025668,-0.305949976474276,-2.47808810531137,0.328991648363794,0.235725318310556,-3.77584004150426
0.317257787064313,-0.283414176518639,1.17775443897043,0.320152626475789,-0.303181252235872,-2.49442646266963,0.329439903905989,0.23720293042064,-3.76660358080465
0.316974416076816,-0.282996534136091,1.17424367777628,0.319860373207256,-0.300442284976128,-2.52600929017358,0.329699392219922,0.238698655643663,-3.73866251180096
0.31669280472046,-0.282377121340114,1.16181252577471,0.319597576828319,-0.297796495721527,-2.44846669490002,0.330046761516708,0.240133093816131,-3.6709462083743
0.316404818452986,-0.281552042222039,1.13962913955409,0.31956223925586,-0.29527802793749,-2.50511864199879,0.330299670877382,0.241468524143108,-3.64544645385704
0.316114440974355,-0.280521329500301,1.04144870562419,0.319246113842329,-0.292866715420153,-2.6160686014199,0.330535503833517,0.242696271439776,-3.65231758908434
0.315740961125174,-0.279296886235137,1.07125710925054,0.318923844158616,-0.290498081939044,-2.68947497958172,0.330804755744837,0.243821749356595,-3.65941136267969
0.315458217655636,-0.277911203197337,0.940211551905651,0.318515446666492,-0.288103358856278,-2.70246907483148,0.331034496809513,0.244856367442675,-3.56121683352067
0.315185175590619,-0.276416151245901,0.920889802638719,0.318232226285514,-0.285638997481449,-2.76292224023272,0.331300253354001,0.245815214239935,-3.50340513539402
0.3149072363005,-0.274873252817224,0.938661196711155,0.317960659945028,-0.283085752447776,-2.80324002086022,0.331542104707687,0.246716460062365,-3.48525516584624
0.314617993624242,-0.27334704306296,0.895152933833884,0.317676953543102,-0.280433812812049,-2.89640503115081,0.331790631790244,0.247580399245356,-3.39870981709011
0.314359605536664,-0.271898793770955,0.923692332080814,0.317376742344231,-0.277675256503931,-2.94968805970521,0.332029856329235,0.248430043287418,-3.3857713103478
0.314345236225413,-0.270570518242922,0.89229179222592,0.317099388189789,-0.274805214141764,-2.99106591620336,0.332407408296335,0.249299213042898,-3.37830764506787
0.313811772688056,-0.269374384927548,0.846117263407728,0.316835066067643,-0.27182219738321,-3.0202299480051,0.332652983676554,0.250244647082903,-3.35059779948956
0.313784028230473,-0.268299281751532,0.808778973066625,0.316562341488923,-0.268726016318088,-3.02173488350954,0.33291769074214,0.251342808536193,-3.40770271565845
0.313535567265796,-0.267313847947636,0.761109591929695,0.31626783953408,-0.26552020217889,-3.09829946459624,0.332925321264677,0.252660703184582,-3.3929803843148
0.313153888566994,-0.266368238769703,0.763116198587003,0.315907305460085,-0.262222440716458,-3.11890712322624,0.333174595321267,0.254218073567632,-3.32184361304949
0.312882630916364,-0.265413564662745,0.754066685439449,0.315645814559991,-0.258873825410814,-3.22861734060794,0.333181946402192,0.25596909943583,-3.31252980014473
0.312608024625657,-0.26441855969873,0.791134990727538,0.315416091393779,-0.255533757311231,-3.26721187079919,0.333678044699452,0.257819503263096,-3.18129894391857
0.312338063345499,-0.263366266421062,0.80706434189015,0.315185464225107,-0.252260599420523,-3.2814286287683,0.333940311301542,0.259668380833353,-3.17807946219232
0.312064835878068,-0.26224646446572,0.840535946348237,0.31511793003206,-0.249091357400129,-3.26579577010245,0.334187617823151,0.261438727794532,-3.17193734002452
0.311802915886298,-0.261053299840059,0.667307861684912,0.314662357569936,-0.246036683407999,-3.36000173161845,0.334577570410419,0.263082001206532,-3.22318290899783
0.311534421396014,-0.259784494326717,0.62826238487115,0.314631817161585,-0.243088718425479,-3.37436305597636,0.334836135053526,0.264576225682543,-3.21631029367061
0.311275653321854,-0.258440551078206,0.612352965777593,0.314390725488432,-0.240220577483915,-3.35248810396048,0.335112333312054,0.265922768426304,-3.1318271103939
0.311012241523692,-0.257024457095795,0.578687693473363,0.314142603245599,-0.237383779193746,-3.34714697955527,0.335380521568173,0.267136171165762,-3.061285275044
0.310743362277821,-0.255544334219611,0.491582830982994,0.313790694907431,-0.234526009056118,-3.30963462190018,0.335645781383948,0.268235086107841,-3.05391396559353
0.310377313538976,-0.254022516057291,0.426962956347233,0.313562920561111,-0.231614401890394,-3.26491322905187,0.335914529991147,0.269238896727795,-2.99935005741313
0.310128146839988,-0.25250564581443,0.406721399266193,0.313328206406234,-0.228638703217012,-3.33049836237634,0.33618139895096,0.270166553151463,-2.96326380895927
0.309855011181813,-0.251059786573054,0.455721435236093,0.313097579568687,-0.22560009788973,-3.2878555730086,0.336449239802833,0.271035632103365,-2.99596398032523
0.3098394419914,-0.249742843873602,0.419093383196653,0.312876264200445,-0.222503188931981,-3.34168478303778,0.336702199674899,0.271863553995045,-2.94270641582546
0.309583392119491,-0.248574201302981,0.273732322368876,0.31263340069299,-0.219355332548476,-3.30016168439546,0.337117542792797,0.272677077868115,-2.95243743891409
0.309334849045952,-0.247531597672326,0.174112717577018,0.312406684415384,-0.216168714084918,-3.33389203474188,0.33738905608646,0.273521133060152,-2.93951587850091
0.309085509995526,-0.246572143951727,0.098214272176768,0.312198859953329,-0.212960902276577,-3.27979401154687,0.33738905608646,0.274445630826665,-2.95661982384707
0.308848109887233,-0.245648963964375,0.0554888879345579,0.311971582818318,-0.209754664897648,-3.2612577092968,0.337973727485644,0.275485409383703,-2.93491908986101
0.308595269348076,-0.244714865029449,0.0750903474336786,0.311700909204889,-0.206579022919798,-3.16818118490208,0.337973727485644,0.27665816564141,-2.93937938606039
0.308351240086849,-0.243722727422218,-0.0193136609087208,0.311640968130822,-0.203466360106673,-3.18919536787273,0.338244586368692,0.277961041826568,-2.91587022993122
0.308104635653059,-0.242628069429341,-0.0348966029081206,0.311298069411642,-0.20044488658173,-3.15424703689561,0.338518154678131,0.279361469077611,-2.90869454134177
0.307775221751536,-0.241396674879293,-0.138466866502637,0.311268966668573,-0.197532078847605,-3.18886787409241,0.33882459185826,0.280806819146312,-2.89266776225166
0.307497573853891,-0.240015223824311,-0.172791770823499,0.311070713387529,-0.194727248695287,-3.19574160435072,0.339114027200364,0.282242994709968,-2.83997682540587
0.307267696954143,-0.238493862046156,-0.217136570202512,0.310883373478041,-0.192007855123942,-3.20075955611308,0.339376200164811,0.283619529887745,-2.81667191735488
0.307019126811097,-0.236857450275116,-0.193916932848804,0.310684558378624,-0.189337989280132,-3.18507701568122,0.339642897907799,0.284886827403363,-2.75482675707715
0.306785521145766,-0.23513589032738,-0.33886077782391,0.310487241255884,-0.186680210687669,-3.21626377010014,0.340063676185389,0.286002600596863,-2.71931983656908
0.306562905185695,-0.23335925521768,-0.357179099698358,0.310290549898458,-0.18400103656138,-3.22753243270457,0.340372663008502,0.286947382431404,-2.68549926151717
0.306337774389433,-0.231555149042669,-0.417589035707684,0.310104947642709,-0.181272883792239,-3.19800281236224,0.340656270723727,0.287729986372014,-2.67362678789576
0.30610361626822,-0.229748188651421,-0.400684864386312,0.309873468786756,-0.17847699166565,-3.18361361273225,0.340968605176758,0.288377577786577,-2.57063644343995
0.305857149500115,-0.227962799153874,-0.429903511379958,0.309692015332644,-0.175606652575011,-3.20653082254385,0.341246853670527,0.288925273341249,-2.49193653628903
0.305629334754113,-0.22622258466424,-0.467635976129825,0.309522858354855,-0.17266590831559,-3.20359252604316,0.341550198979067,0.289411859047042,-2.46307948019759
0.305613440855194,-0.224540399106294,-0.479446517118626,0.309352201269064,-0.169663623218888,-3.14884508381934,0.341818394506098,0.289876918469382,-2.4970017689325
0.305096550759643,-0.222915416057057,-0.492298269840535,0.309184889414019,-0.166609329671256,-3.13804691405067,0.342102408506187,0.29036018218595,-2.44895723541356
0.305057721617801,-0.221345754156109,-0.586322504249111,0.308999183549065,-0.16351386226842,-3.20922430851867,0.34253185243986,0.290905438984467,-2.36555155176204
0.304834036474538,-0.219830905091496,-0.535950832691781,0.308838349152573,-0.160391814404952,-3.21300756829146,0.342555480489522,0.291554445007874,-2.28543661587444
0.304611179656559,-0.21836022627012,-0.663508194463688,0.308668344716014,-0.157263064584759,-3.28438512821268,0.342844988459098,0.292323076862692,-2.25901215117063
0.304395337073316,-0.216912310805181,-0.70353871301172,0.30848344065453,-0.1541520050661,-3.277614690758,0.343139927690906,0.293189160158688,-2.16596751169953
0.304176881200423,-0.215463186606256,-0.703672313114624,0.308444445530815,-0.151082058810055,-3.26801128456397,0.343450593481512,0.294109426758037,-2.14596595244584
0.303959248920814,-0.213989746420792,-0.757686089205138,0.30819621492545,-0.14806861120256,-3.21167909573909,0.343761432419081,0.295040434765136,-2.13600919205441
0.303742103191504,-0.212470144015242,-0.766281867220293,0.308172714743347,-0.145115425576878,-3.21979083477362,0.344053881208868,0.295945268037947,-2.14708406939525
0.303530609880884,-0.210885774891898,-0.825410817107596,0.308027356583098,-0.142211636168993,-3.22219949178069,0.344364264391464,0.296792420928048,-2.05712607448113
0.303228044803565,-0.209227980820642,-0.806358238646062,0.307874829237982,-0.139331958113666,-3.22538076063284,0.344654141670179,0.297554134108134,-2.04581124157845
0.303017343932377,-0.207506688968128,-0.854317610634162,0.307713419971906,-0.136446335185055,-3.19924102958051,0.344976206525798,0.298205664136682,-1.97695032387261
0.302798716551157,-0.205751652294143,-0.864201253612349,0.307562638548922,-0.133530925327545,-3.19287413881691,0.345243411391238,0.298726705072785,-1.75279341662563
0.302571274070936,-0.204006202225955,-0.894226897199419,0.307423713868529,-0.130571392407501,-3.18006228417854,0.345694909179325,0.299109858850494,-1.73213990018658
0.302378531661444,-0.202317632143636,-0.934085390272348,0.307286863721942,-0.127561792207803,-3.2721417896471,0.34599836899554,0.299374065155847,-1.64205487602087
0.302368258279134,-0.200721960786627,-0.965867120366385,0.307117972422926,-0.124505033205439,-3.27587270500421,0.346323947790216,0.299567977867377,-1.60335256068847
0.301983980548019,-0.199233162158567,-1.019675357064,0.306996495418133,-0.121414505747344,-3.19828601465077,0.346607081408026,0.299758757529696,-1.64015927502485
0.301964967456034,-0.197845991315768,-1.08777937984005,0.30687902893978,-0.118312118083565,-3.23641380534585,0.346919980894729,0.300014251978703,-1.61366745016822
0.301773821102953,-0.196538580087268,-1.09587275832559,0.306765537897376,-0.115222905817859,-3.16363313691682,0.346921517967069,0.300381022213596,-1.59217503490203
0.301496096577251,-0.195275285499306,-1.13877039050419,0.306655622831065,-0.112170907620984,-3.14517838169736,0.347505723599249,0.30087144047541,-1.56644545348091
0.301303745206609,-0.194021350958305,-1.10275773736169,0.306556823897483,-0.109175931189998,-3.1476881556056,0.347518967845929,0.301468427907333,-1.52581335651443
0.301097404235224,-0.192754438267218,-1.10658775034181,0.306526532636292,-0.106248517563568,-3.1168305437007,0.34782649493146,0.302128665864272,-1.54260649872993
0.300908249721915,-0.191461807698025,-1.10975473680285,0.306342764977475,-0.103387621503708,-3.03782475596468,0.348255416579071,0.302788449109878,-1.50466230024399
0.30071184519436,-0.190134491459757,-1.08842117015929,0.306324884445025,-0.10058392793311,-3.04177122493096,0.348565723845811,0.303388073095149,-1.52005314969009
0.300523932331713,-0.188764969317541,-1.14950635179929,0.306188898086721,-0.0978229507785874,-3.07287110722918,0.348875949901304,0.303889040595732,-1.43483613686482
0.30034145542661,-0.187345991092874,-1.18341329807616,0.30609582577682,-0.0950869447135484,-3.05582405565427,0.349175513301946,0.304266901565963,-1.39769673333318
0.300151420197375,-0.185869680903389,-1.24446530216062,0.305999530247715,-0.0923582686521881,-3.12568102021406,0.3494593846618,0.304499629492706,-1.38792928056936
0.299969603070814,-0.184327416348556,-1.24212268512803,0.305908596582527,-0.0896211091419973,-3.10917488996298,0.349810500160433,0.304565441749777,-1.53404071772844
0.299784542476729,-0.182711739629406,-1.22723790642234,0.305816576689555,-0.0868609348256791,-3.09831299814156,0.350106070720075,0.304446608109147,-1.48791975262548
0.299521178073661,-0.181023223684728,-1.2736100557049,0.305728148083843,-0.0840646465376948,-3.08020322008262,0.350422886148011,0.304131422827045,-1.5586515559182
0.299323463735233,-0.179279792095253,-1.23600069504241,0.305632205398943,-0.081222433462216,-3.07215416050729,0.350710240538462,0.303614157311455,-1.42971765471971
0.299145260553818,-0.177518549679923,-1.3407307735154,0.305516965090789,-0.0783313076349722,-3.03390100087693,0.35116091463094,0.30290227122768,-1.33616621594019
0.298962350108706,-0.175785227905851,-1.47220404664688,0.305442885237162,-0.0753977099026781,-3.07682643953997,0.351453389135336,0.302028556768418,-1.26898527905506
0.298951561478471,-0.174117407843264,-1.51095808496644,0.305369392903353,-0.0724356896867379,-3.03374496860089,0.351764275737489,0.301051902453889,-1.22890439321348
0.298612438704013,-0.172535693545922,-1.48564456420732,0.305295620535927,-0.069462632772975,-3.07494453128407,0.35207552429873,0.300045887304428,-1.19524907736276
0.298592655624241,-0.171046882773123,-1.480185909676,0.305226142896823,-0.0664968731814354,-3.02930397685766,0.352374067496855,0.299089734034198,-1.1972244673222
0.298430064866981,-0.169644171581937,-1.52670071859191,0.305164618206741,-0.063557060273348,-3.03254704413807,0.352674365248185,0.298259702396958,-1.24326410164934
0.298255395333635,-0.168303449561109,-1.5948960758099,0.305106922658217,-0.0606611438985339,-3.00751982497212,0.352675850499501,0.297605985927051,-1.17854253931455
0.298086238608974,-0.166989075655482,-1.70366670860316,0.305055930179356,-0.0578241661042632,-2.99874370369062,0.353026872895702,0.297126931342613,-1.00292923873799
0.297914181364529,-0.165664790504304,-1.71798188776153,0.305041318789724,-0.0550552774728261,-3.0083677785784,0.353294184369915,0.29677182149586,-1.05131802289373
0.297691569005097,-0.164301890533344,-1.73432776011942,0.304943395338588,-0.0523569964599594,-2.97896936476191,0.35360087388,0.29646694358609,-1.09772375543326
0.297515313674234,-0.162885206425535,-1.72636911302532,0.304933341502265,-0.0497279733167874,-2.96084209303034,0.353887583517797,0.296136079992936,-1.18016510189045
0.297357506965217,-0.161413381075373,-1.78619179420594,0.304860378307168,-0.0471656975107164,-2.92108363904676,0.354324347290063,0.29571489117275,-1.2601589422123
0.297187792801682,-0.159892985442589,-1.8423513631398,0.3048129993379,-0.0446680680161364,-2.92763940522737,0.354624719580816,0.29516506076258,-1.21136410774031
0.2970373474249,-0.158333000099867,-1.88508853839004,0.304770581343647,-0.0422347924686413,-2.80643651777419,0.354918932513562,0.294475695294308,-1.2004611665403
0.296878601397014,-0.156742408985338,-1.89272590371162,0.304729658573943,-0.0398671767158021,-2.83476436761155,0.355226716777607,0.293651242959167,-1.20184125722107
0.296723098266769,-0.155129690677358,-1.9649023290981,0.304693384955999,-0.0375666668737296,-2.83647342203194,0.355514265926745,0.292701254780833,-1.23167117173317
0.296559084940158,-0.153503491895938,-2.03071637451823,0.304658142236096,-0.0353340006110825,-2.80497903204832,0.355805008178223,0.291637525710948,-1.20712187994197
0.296419415474409,-0.151874463261614,-2.05525138629169,0.30462589856758,-0.033168928508809,-2.83039306702154,0.356138339014618,0.290475664917863,-1.19004490923457
0.296188699768732,-0.150257452614347,-2.14537437251479,0.304597552822044,-0.0310700539576335,-2.76344010154932,0.356419102211993,0.289237764438831,-1.21382507251531
0.296184489138874,-0.148669745683474,-2.33798499881056,0.304564472868227,-0.0290349400741538,-2.71198316407221,0.356697825382607,0.287950464494185,-1.1310955812843
0.29589769494665,-0.147125801321045,-2.4280928098019,0.304540021400508,-0.0270606012465246,-2.71115160308558,0.356953122401554,0.286640986603609,-1.17317936456851
0.295881955264725,-0.145633622723147,-2.5447209297719,0.30450634158217,-0.0251442706415988,-2.67594651732689,0.357409499957221,0.285339337036777,-1.13372173604995
0.295742368473781,-0.144189954980693,-2.79150179010013,0.30448253128227,-0.0232840896770655,-2.63489010508275,0.357409499957221,0.284078270564802,-1.11314787191899
0.295595471326573,-0.142776428023642,-2.8336523109184,0.304462424235172,-0.0214789987702481,-2.62984122328598,0.357934298731381,0.282883639713936,-1.06985345202153
0.295448345132715,-0.141365023425702,-2.90353957131648,0.304446028898308,-0.0197274212760739,-2.66104954006548,0.357962996629748,0.281764441057725,-1.04848239028529
0.295302741943968,-0.139927010822152,-3.01779768567152,0.304441013149933,-0.0180256087207035,-2.67410061615175,0.358247156236079,0.280703971448889,-1.02581181817397
0.295152900538751,-0.138436808634275,-3.16277029960745,0.304408886128455,-0.0163672778283383,-2.65406538438296,0.35854870198367,0.27965738516439,-0.969550617124422
0.295016064242862,-0.136873290779778,-3.39207203305881,0.304408049923535,-0.0147444215275274,-2.67579259836866,0.358838658206112,0.278565922062421,-0.929479601024546
0.294828113495499,-0.13522294698622,-3.58127815491418,0.304398093279794,-0.0131475131250862,-2.70068541863229,0.359120888565093,0.277373102195455,-0.885430208621795
0.294683948976154,-0.133484300031877,-3.64548992064643,0.30437388431104,-0.0115659538425227,-2.76595045077668,0.359412412075196,0.276031168593152,-0.875917570509888
0.294541580946222,-0.131668735507702,-3.68490323758438,0.304352162522351,-0.00999059980857015,-2.80666075513009,0.359808280343319,0.274508843144059,-0.831749844966824
0.294412302295511,-0.129796291009107,-3.77168745100684,0.304341921417885,-0.00841616183667003,-2.75158777200545,0.36007271398233,0.272800745354661,-0.841969659162087
0.29427929197354,-0.127890928706385,-3.91570216678456,0.304331889086374,-0.00684094657069718,-2.70024680175436,0.360355743345425,0.270925222698732,-0.919564523316169
0.294152495670295,-0.125978271111601,-4.09803070221799,0.304325507034275,-0.00526518253096725,-2.67706732583289,0.360616042701685,0.268912111907727,-0.911604582620014
0.294025858888323,-0.124084947666419,-4.5044702314219,0.304323472254901,-0.00368969038694946,-2.62405022267259,0.360894961897727,0.266793834836416,-0.937468533170944
0.293900983401309,-0.122238444348296,-4.54882669804078,0.304320945466583,-0.00211511655529157,-2.65521836935951,0.361151217383938,0.264603443384045,-1.01630625503755
0.293777754420498,-0.120464988911155,-4.60018434135485,0.304318744560208,-0.000541547401606602,-2.71976947748438,0.361434524803233,0.262375534235506,-0.987815354079707
0.293770140970335,-0.118781748018257,-4.65070143949472,0.304328419537091,0.00103196868995459,-2.63340186471586,0.361698497440219,0.260148110286241,-0.934214985146874
0.293608813068548,-0.117189388441276,-4.66896805886369,0.304330290499527,0.00260786120439276,-2.65525406200137,0.361972394654299,0.257964001198637,-0.831127774190155
0.293478751597006,-0.115676819876783,-4.77685542977804,0.304320578617161,0.00418912992579646,-2.68769771037396,0.362217568549875,0.255865252554079,-0.837951643696719
0.293369950663335,-0.114232636168438,-4.87420466516548,0.304330002196768,0.00577752324415142,-2.63677304660106,0.362224764301389,0.253873505504834,-0.811941381532849
0.293254274469181,-0.112848968339704,-4.90961297976591,0.304333418569346,0.00737285338336603,-2.67688220376925,0.362587380071914,0.251973122175761,-0.8302659845494
0.29314837739403,-0.111518490002212,-5.10298211927664,0.304333418569346,0.00897302082073868,-2.67769578799431,0.362863090536137,0.250123298983818,-0.73831979837968
0.293049570120663,-0.110231604108098,-5.19149400426994,0.304337034755298,0.0105734983881493,-2.66522414102069,0.363100114497591,0.248284202864045,-0.745027601734526
0.292939762867,-0.108975174384407,-5.19384619945807,0.304356833127018,0.0121675984955408,-2.57798123376991,0.363365124270364,0.246425585452695,-0.728309403072131
0.29283824465534,-0.107732541823718,-5.41565542484454,0.304369687008928,0.0137485401462327,-2.61431390541123,0.363596249908861,0.244521717283579,-0.609009558081221
0.292732893512712,-0.106484415251273,-5.44742056573841,0.304401236021495,0.0153119569128865,-2.59654602595842,0.36385948067434,0.242548978887936,-0.524030285215929
0.292622632924246,-0.105210923465267,-5.49596167361882,0.304413918080368,0.0168569084118748,-2.63201697421752,0.364116037006315,0.240487937913196,-0.574996175958231
0.292473357881279,-0.103896708174129,-5.5154949475924,0.304422152524151,0.0183842873410017,-2.58808645310489,0.364369497099835,0.238325716985444,-0.622513160840342
0.29235088316888,-0.102537381344628,-5.58384230858082,0.304439852434456,0.0198940806811239,-2.57621806056444,0.364585570781128,0.236054562712496,-0.696501811119609
0.292248880025796,-0.101141247205621,-5.56272027948159,0.304463511367757,0.0213844971313498,-2.51753659414583,0.364818880688499,0.233669426232728,-0.763122766152199
0.292147392863223,-0.0997229470115421,-5.5506592337174,0.304486223085337,0.0228531288886405,-2.51827062981767,0.365176655414886,0.231174613160455,-0.751526806016626
0.292145269620613,-0.0982926214464703,-5.6143776529206,0.304509382425896,0.0242979816812071,-2.54002332054682,0.365409685290211,0.22859667071059,-0.740456573900528
0.291950899036334,-0.0968500702250291,-5.60723908710947,0.304538659064489,0.0257181399479588,-2.54443444420751,0.365635042139867,0.225986378544353,-0.743431940321857
0.291939506991929,-0.0953870382711071,-5.69573215666631,0.30458472645412,0.0271154317565115,-2.53815207754836,0.365877148580003,0.223404163313184,-0.700426414221308
0.291845593992056,-0.0938883421957495,-5.85381392221567,0.304612985212444,0.0284960929804577,-2.48852917873424,0.365878064913007,0.220899290734724,-0.718682570750528
0.291747205615828,-0.0923303939588939,-6.10827191402091,0.304632148072314,0.0298696007869506,-2.55711872755527,0.366326090199423,0.218499682145319,-0.789316120760109
0.291652516492947,-0.0906854203847906,-6.35116994054481,0.304659934807234,0.0312448576478143,-2.46181691555517,0.366333352817913,0.216216232342734,-0.717772043867978
0.291515010099152,-0.0889303491299799,-6.39769412794053,0.304668971476854,0.0326269190305863,-2.48717537740703,0.366554556918536,0.214042731222909,-0.696762808309793
0.291416026915498,-0.0870533830970717,-6.47582700953847,0.304722231565667,0.0340163201842977,-2.42097362204657,0.366751093254423,0.211949936129036,-0.630616109778287
0.291330772195199,-0.085054392960183,-6.63863813119652,0.304727917230002,0.0354097961241994,-2.4427582376196,0.366962631527436,0.209891029558709,-0.550533860071028
0.291241682506093,-0.08294036465008,-6.93381619848575,0.304764487262721,0.0368000787732135,-2.44931817584432,0.36717763230974,0.207815336861608,-0.643210170754092
0.291157037810528,-0.0807214080827175,-7.11923494529632,0.304799104995111,0.038176156590089,-2.41985362890475,0.367490455901619,0.20568214187898,-0.620669691123651
0.291073366009881,-0.0784096338022317,-7.26907562369345,0.304866027811882,0.0395268495658534,-2.4037574447845,0.367692468832512,0.203471713007688,-0.65855602867759
0.290997614719235,-0.0760188161124906,-7.37916779176651,0.304906440236046,0.0408452589459359,-2.4172799839724,0.367893084604148,0.201184616683267,-0.550685550174517
0.290921903071209,-0.0735636661692459,-7.45211806090736,0.30494486091545,0.0421292632680836,-2.32892188659534,0.36809388228938,0.198830902350265,-0.541959488613807
0.290850321204502,-0.0710592305985113,-7.52533417945195,0.304983142115361,0.0433784142905695,-2.37110682520756,0.368288730908867,0.196422159926334,-0.413735666722457
0.290776801860122,-0.0685213120092461,-7.79272663634913,0.305027900539716,0.0445915932347292,-2.36804815390627,0.368494615833793,0.193970246997028,-0.321031479008163
0.290687101818758,-0.0659673430670191,-7.85271914459705,0.30508072657131,0.0457674382504441,-2.25161814049131,0.368679299043722,0.191487449530065,-0.388219385520909
0.290682584796532,-0.0634150778807236,-8.28238559185174,0.305128546087161,0.0469060809383741,-2.33454738266153,0.368851094452072,0.188986531423571,-0.417601533884824
0.290561801865969,-0.0608798950975542,-8.83672798213031,0.305187968501871,0.0480105077188854,-2.28859295251056,0.369142864823515,0.186486248759574,-0.384840083446455
0.290559922690017,-0.0583736376781905,-10.3366184241663,0.305235119821581,0.0490874213868276,-2.29570605615223,0.369334650600776,0.18401833045181,-0.315217221763792
0.290499106652405,-0.0559033899324543,-10.631107792577,0.30531224703285,0.0501477451765105,-2.3174653526134,0.369334650600776,0.181619809202265,-0.349500329958534
0.290441554832285,-0.0534705559649778,-9.79595688487256,0.305324868879111,0.0512055189024985,-2.28340530395504,0.369700007348412,0.17931787068131,-0.393202389417427
0.290392289503396,-0.0510730545764319,-8.99284810658136,0.305407050476497,0.052274846861103,-2.26258592258795,0.369701063349806,0.177125785127179,-0.412806696739092
0.290344664673813,-0.0487078013800312,-8.60740054157646,0.305411521551937,0.0533661165025311,-2.28882690494412,0.369879447054238,0.175041139163927,-0.380770287096443
0.290297595414488,-0.0463708560088193,-8.49780743437226,0.305453336685707,0.0544820916079811,-2.28252585113704,0.370053915932219,0.173042296170186,-0.311598573858091
0.290260189256989,-0.0440568584664272,-8.43152044306441,0.305513201714521,0.055616509579229,-2.24084188686574,0.370227975598371,0.171095382444318,-0.228396263196432
0.290212945914858,-0.0417591438679178,-8.67105468825401,0.305565026309362,0.0567573208395052,-2.26010517046861,0.370423252198035,0.16916599927535,-0.222971386887109
0.290165099051351,-0.0394711293454144,-8.93427078047758,0.305626596050515,0.0578908661780373,-2.18533420383118,0.37057942343675,0.167223755325188,-0.174661876524105
0.290119443724197,-0.0371883704982038,-9.38780878168303,0.305684220428448,0.0590036941989195,-2.18675953454434,0.370738724306339,0.165241813748456,-0.237920023547855
0.290084790633546,-0.034909400712093,-9.766161430983,0.305747966859081,0.0600830827237281,-2.1512091884232,0.370981385802291,0.163199786552568,-0.234971129630364
0.290048300639487,-0.0326350673151496,-9.86574562339064,0.305808497814403,0.0611174195393018,-2.15796228330826,0.371149635562922,0.161090812409118,-0.203636212143778
0.290009591954844,-0.0303680259687243,-9.6630479997435,0.305877910297962,0.0620971351083646,-2.22557512847671,0.371304588238646,0.15892307853015,-0.137449776829771
0.289979241458764,-0.0281129759463428,-9.53447293035297,0.305966810378168,0.0630171000578753,-2.21487710632251,0.371473879471702,0.156713367259734,-0.118986893078532
0.289950923699852,-0.0258765914600182,-9.45651514148766,0.306032880204407,0.0638790886173505,-2.20325060837813,0.371624843703825,0.154481744574503,-0.0629399264646684
0.289925279833912,-0.0236664420887938,-9.52138602574533,0.306099059845873,0.0646914227537979,-2.16112202897993,0.371799724596936,0.152250857440917,0.0890210091034238
0.289923623368964,-0.0214888235681817,-9.73329051091581,0.306167839884884,0.0654664574220971,-2.1171757276211,0.371928783427268,0.150042731691372,0.144166044880645
0.289899921296074,-0.0193466063770635,-9.92720508940432,0.306241118959946,0.0662190595122146,-2.1654014894355,0.37193467539385,0.147869396061479,0.116151495905888
0.289884095427934,-0.0172391789068378,-10.0285322159837,0.306306360213536,0.066966150936726,-2.18523036294798,0.372292922104137,0.145731031263674,0.0714199682507493
0.289866669013144,-0.0151641922292533,-10.0489804304329,0.306364296323903,0.0677243240869277,-2.14923255153063,0.372311066739303,0.143629565928051,0.127362060381077
0.289853929778115,-0.0131188064273128,-10.0278442487146,0.306381075555326,0.0685047410230193,-2.14123071541463,0.372582285589501,0.14157906210861,0.122698806144915
0.289843739393499,-0.0110996756051264,-9.96526830758407,0.306490226767752,0.0693096509183013,-2.17523100039379,0.372600290520119,0.139599582005721,0.191356213651735
0.289839829498781,-0.00910236682984004,-9.9502126358161,0.306500713534154,0.0701325109713947,-2.10962994314696,0.372729270700897,0.13770367480425,0.22409177735247
0.289828081375931,-0.00712111805410127,-10.0298931222909,0.306568247854505,0.070958488715221,-2.12387833111164,0.372883154835481,0.135890190781136,0.269403000720587
0.289822698902361,-0.00514937570064085,-10.0526597898768,0.30667839773848,0.0717674548651167,-2.14635459533716,0.373024007167628,0.134150738750029,0.236048507767066
0.289819614481431,-0.00318049218246502,-10.1920696729742,0.306753055094684,0.0725417083224392,-2.12266683181154,0.373160178325318,0.132477891994192,0.204123044588383
0.289812955506895,-0.00120793594471984,-10.0594618971864,0.306838328524526,0.0732712905165493,-2.08813703764079,0.373269003037611,0.130865151408925,0.282510917115278
0.289822695003319,0.000775182125434747,-10.0673850234645,0.306915372493885,0.0739531103240123,-2.06850032110324,0.373398491950199,0.129303015980832,0.291001699773622
0.289827015436354,0.00277720738523821,-10.0778453881805,0.30699119940105,0.0745883058416101,-2.09969745820428,0.373526699588729,0.127778003325159,0.363423631544316
0.289832845593097,0.00480863969341728,-10.0867368263129,0.307069851891377,0.075180571358393,-2.08543821102769,0.373661751994731,0.126276297498067,0.491727172205066
0.289836903088369,0.00688156284017549,-10.0646060036413,0.307145870864753,0.075735035869178,-2.0467987770051,0.373850130881008,0.124791279787238,0.522536615569325
0.289844986948805,0.00900838123477217,-10.1225910374929,0.307211422710071,0.0762567991325478,-2.03938228082796,0.373983846713716,0.12333099729683,0.634476307313888
0.289845604519171,0.0112002889631392,-10.3086618034998,0.307284419645391,0.0767492505741781,-2.04770599913604,0.374116104371122,0.121919409835084,0.61930069968822
0.289845606829453,0.013465624402218,-10.4261703088915,0.307368471112523,0.0772147299232696,-2.10602745190848,0.374253687854888,0.12058964118118,0.664403767279441
0.289872897202385,0.015809440553089,-10.3730697007386,0.307489003705796,0.0776593749562278,-2.08352000535145,0.374254202097153,0.119368201421276,0.69690869581479
0.289874078375061,0.0182344076429151,-10.4174310543512,0.307565625359947,0.078098177730569,-2.10507145631173,0.374254202097153,0.118253609057173,0.730656161819306
0.289892009249023,0.0207409671457633,-10.5273107364525,0.307638275376782,0.0785529495489253,-2.10982066547277,0.374479546183039,0.117210883789332,0.760024841801284
0.289908019941822,0.0233265325442827,-10.5648318353706,0.307650740594323,0.0790421945859575,-2.10173721557324,0.37460261796297,0.116192236669681,0.877941871475439
0.289927341051596,0.0259856386335603,-10.5741974714046,0.30773597111059,0.0795719328868152,-2.13074515757277,0.374711179695761,0.115157394561211,0.812930564194454
0.289973024943876,0.0287119793236639,-10.739551804749,0.307818440147821,0.0801363345401551,-2.1315658436576,0.374826651037131,0.114075448766307,0.816256376831137
0.290004240017003,0.0315012827737626,-10.6795293997502,0.307901494012643,0.0807249160893372,-2.09237935271723,0.375012324550885,0.11292395815305,0.880744337445006
0.290038797340473,0.0343524960237267,-10.692985727541,0.307978507726517,0.0813271925474233,-2.05944508082083,0.375128643116033,0.11169422058702,0.89527912728804
0.290072004447944,0.0372665647144003,-10.7432400956484,0.308064262142824,0.0819331532624314,-2.15147855082838,0.375235273700725,0.110391693697961,0.943152279865077
0.290113728404299,0.0402447767174815,-10.8018266055651,0.308145383357863,0.0825329915090952,-2.14385631015146,0.375346782714389,0.109028645420008,0.937173455251414
0.290143832026663,0.0432875131087717,-10.8103523646197,0.308227517975377,0.0831170760949557,-2.14232756203851,0.375443997087728,0.10761745019121,1.02533936718753
0.290186284249526,0.0463931287313697,-10.8468326769209,0.308310880080769,0.0836758047952376,-2.22622877723602,0.375546381088387,0.106168024179194,0.91280174519071
0.290238386790961,0.0495579373073365,-10.8620057143517,0.308398039265568,0.0842005219676816,-2.20117444912039,0.375657745803246,0.104688002176097,0.915570792098509
0.290290286119253,0.0527777070845225,-10.964753008368,0.308524604245434,0.0846870903690852,-2.22927115034206,0.375764975330778,0.103184765861132,0.94868503739073
0.290350089940753,0.0560498646853546,-11.0129327371557,0.308607409963378,0.085139941394739,-2.22695583240651,0.375877451440277,0.101667884747582,1.05467598722766
0.290441876283709,0.0593767181560285,-11.0591211439431,0.308697706995023,0.0855718292808189,-2.30663863895468,0.375983696386677,0.100150512251062,1.15552658828629
0.290507154676861,0.062767543205063,-11.0852456431013,0.308776696244896,0.0859995483581117,-2.27650112464671,0.376084740334241,0.0986502210414772,1.19797162403234
0.290510975598769,0.0662349465564021,-11.1679133120059,0.308865502090024,0.086440449029629,-2.31673826854015,0.376228549705023,0.097189511324328,1.23666193723968
0.290645038480323,0.0697892128696961,-11.1843469321931,0.30895523785108,0.0869117852603356,-2.29329257395069,0.376228979166165,0.0957913902424925,1.26735082781252
0.290653726585972,0.0734365397537957,-11.2266491368568,0.309041486098745,0.0874309780255545,-2.34263377715345,0.376318466216898,0.0944691117828844,1.3338677226942
0.290721108899504,0.0771770374764083,-11.3208208586704,0.309114873553052,0.0880133140771401,-2.29346090547434,0.376419785579996,0.0932212989885439,1.27300399287697
0.290789698829308,0.0810013767762229,-11.4170314352268,0.309135757762215,0.0886657373603714,-2.26490619218835,0.376497720496798,0.0920371452599465,1.47547562539905
0.290871261717289,0.0848920820163108,-11.5532058621942,0.309261363768963,0.0893817467519108,-2.35214515304296,0.376586635585957,0.0909017663311393,1.48615891825269
0.290972535704272,0.0888289089847516,-11.5610804723778,0.309286260085587,0.090142706929139,-2.37008377006221,0.376673173059399,0.0897973971591854,1.50862921156136
0.291067810595571,0.0927932467045103,-11.6048492750005,0.309449423467424,0.0909246682703033,-2.35271223581443,0.376771688186365,0.0887046620007773,1.50365878365042
0.291155164910966,0.0967699296324645,-11.5495400262903,0.309534661276119,0.0917067867246667,-2.36184469587286,0.376858975529917,0.087604638947997,1.46996424739207
0.291299085145113,0.100749050185871,-11.5705291352706,0.309625765385898,0.0924753813778443,-2.37542465775028,0.37694686495397,0.0864807173102936,1.50323897260783
0.291408952069117,0.104729290188418,-11.5923605874201,0.309719170736579,0.0932212416764951,-2.43566614164143,0.377086713205635,0.0853222843441951,1.5224381200557
0.291513689038586,0.108718719070192,-11.6526123544483,0.30981546426942,0.0939362058481084,-2.33845351051054,0.377172246288549,0.0841295262883187,1.51298367190563
0.291633474740204,0.112731318718059,-11.7136356544783,0.309913073785301,0.0946129371586775,-2.39298813267824,0.377262062923928,0.0829135503505627,1.54445376440155
0.291741268337706,0.116783334276658,-11.7904160521601,0.310012875877146,0.0952464889989556,-2.42786947997705,0.377331535233416,0.0816908505839105,1.54231377856825
0.291861178221051,0.120891527280661,-11.7846173821491,0.310146654538486,0.0958374305364803,-2.48904446373558,0.37741614984762,0.0804781153500195,1.45710801473263
0.291987237691805,0.125072930545855,-11.7770577115292,0.310243247484068,0.0963949180950718,-2.49412697500651,0.377495929523583,0.0792893533118054,1.48119039656523
0.292128348199618,0.129343770596382,-11.8747797862318,0.310335011467029,0.0969356822257061,-2.54556998257585,0.377496112420877,0.0781321754820326,1.53500908637049
0.292132014523111,0.133711152823713,-11.8402424907967,0.310436982783076,0.0974795898528915,-2.56059607628488,0.377656233463217,0.077005690396094,1.65383552985173
0.292262895779693,0.138159950478684,-11.8963110607143,0.310522738881227,0.0980447332269761,-2.55734005451817,0.377657964858486,0.0759026764880969,1.66794840004327
0.292392038203868,0.142651284871153,-11.9415612404688,0.310549335617975,0.0986421163929062,-2.60038156703109,0.377733471045494,0.0748107751287042,1.72222672885162
0.292611045467557,0.147138498902219,-11.9877662742522,0.31073382443406,0.0992735965731672,-2.63126194871428,0.377853470318011,0.0737141883933724,1.74741654555276
0.292772619923799,0.151584746919259,-11.9326186026082,0.31074733037168,0.0999344093028157,-2.68441387731047,0.377930073795126,0.0726007493676425,1.77051131310213
0.292901450337939,0.155966234881645,-11.8860732911712,0.310850080312492,0.100613510269772,-2.66270898070294,0.378006387921068,0.0714665184977067,1.78001118160797
0.293063079712909,0.160263952756855,-11.8677865522493,0.310987482438519,0.101294147592646,-2.70074329351463,0.378067026217948,0.0703124692726791,1.75908547742882
0.293225784296349,0.164457579833877,-11.8431933660657,0.311089515031027,0.101960336651081,-2.7228733608558,0.378138177558843,0.069139700229759,1.91845492610768
0.293402033955646,0.168526195844705,-11.9457400010022,0.311185469180387,0.102601256914707,-2.73379934146017,0.378203010558129,0.067947686029641,1.88744636197429
0.293567244070435,0.172450399983863,-11.8879930667943,0.311294495008798,0.103209332522471,-2.71455379114001,0.378267817542348,0.0667342403523295,1.92398250723464
0.293754529811958,0.176214736481328,-11.9223920064048,0.311411217656848,0.103779027709194,-2.75235794794124,0.378330004718876,0.0654955020566425,1.89339226757018
0.294024544019793,0.179815292197761,-11.7583579720494,0.31151930992276,0.104308426592455,-2.69658639641949,0.378392944131941,0.0642258730643841,1.86286484303538
0.294223164728198,0.183269437809786,-11.7845984708457,0.311630359233361,0.104799944254373,-2.65982594673042,0.378457528949417,0.0629191318091447,1.78620749246159
0.294400594904211,0.186615706154806,-11.8167474112435,0.311731949184213,0.105259211072575,-2.6088290437908,0.378557328748763,0.0615720587119448,1.92717793868085
0.294580442987202,0.189902521996766,-11.7422677624364,0.311844830119821,0.105694799646778,-2.66664538865512,0.37861848037213,0.0601887064741751,1.89433845042606
0.294761925563256,0.193177795277975,-11.7141329712484,0.31200331697542,0.106121808255683,-2.66302381973726,0.37868388222009,0.0587810411026695,1.87614470614146
0.294962524668542,0.196487015583908,-11.6732240465599,0.312110952051638,0.106566572233732,-2.70622443092128,0.378743762486849,0.0573658689535478,1.86798019145101
0.295210967297213,0.199875141220763,-11.6097374790574,0.31220801383549,0.107065214662534,-2.75820506045461,0.378793232603711,0.0559614191541829,1.8031754151628
0.295225802338379,0.203377925872209,-11.4038791469209,0.312301934411762,0.107654178994211,-2.73459907771059,0.378842549041551,0.0545838980888002,1.80927887831086
0.295382934171396,0.207000549207231,-11.3504248686385,0.312307741856151,0.108355456524281,-2.69354714440144,0.378844730495558,0.0532423752466008,1.81925819812743
0.295583953940458,0.210709511538257,-11.2423499453624,0.312346321158431,0.109162847932008,-2.79066830538421,0.378900285303876,0.0519343815993818,1.84647884421179
0.295909926627846,0.214454798628942,-11.1918194704231,0.312540278803446,0.110043653216477,-2.81614159868468,0.37894602836598,0.0506467707731039,1.93159719154233
0.296140380645278,0.218199446968707,-11.1169421700603,0.312647479394011,0.11095757475692,-2.81884330457265,0.378991551945845,0.0493609227626072,1.95846470891305
0.296341346664755,0.221927175467983,-11.095115155152,0.312761450640102,0.11187155199709,-2.86635239028088,0.379067602910288,0.0480583227303798,2.01933230679868
0.296550792216161,0.225630097706724,-11.0839936093234,0.312880522430948,0.112760722067898,-2.83479170449014,0.379120933713944,0.0467249247711626,2.01946817825692
0.296778229090756,0.229297608186886,-11.1005934003776,0.313043088268796,0.113607949321096,-2.83809634229219,0.379166523045528,0.0453527052158522,2.05345642606255
0.297018206125606,0.232915653871797,-10.9622691334878,0.313152201594146,0.114406508553737,-2.850913337918,0.37922272661701,0.0439382540144689,2.12233162421706
0.297254079686443,0.236470473043399,-10.8353557321729,0.313263598295448,0.11515845881139,-2.88277468872573,0.37926182578233,0.0424810357564484,2.13206014704273
0.297504298256742,0.239951396355559,-10.7363046158105,0.313373115064905,0.1158686112374,-2.80530754161915,0.379306169460128,0.040982275545493,2.21175339848897
0.297761572460071,0.243355075279895,-10.6486564160761,0.313492266734173,0.116540966512835,-2.89977902121767,0.379347266424226,0.0394440773744261,2.11163584358458
0.298134484737051,0.246696289233837,-10.6174832199069,0.313621391561708,0.117179788350719,-2.9166563516312,0.379385293301979,0.0378690429013575,2.03667186215391
0.298397917950804,0.250019448568906,-10.5920812564555,0.313743889570891,0.117792298648448,-2.94459066734879,0.379425799531464,0.0362606437963305,1.88432580472787
0.298623023645508,0.253390911623266,-10.6942882345597,0.31387264648138,0.118391262436747,-2.94621775409959,0.379478189560201,0.0346247438421456,1.87584780808079
0.29863565042667,0.25686869956831,-10.6767018929386,0.314045669085537,0.118998594161561,-2.94362968090517,0.379517062633852,0.0329709435320672,1.80818194240565
0.29913204821332,0.260481191630806,-10.5293879910324,0.314149351410783,0.119645928569956,-2.82736360069334,0.379517208649801,0.0313097334600786,1.74010139229199
0.299147552527744,0.264229841572524,-10.5164861581744,0.314166929398907,0.120363672332731,-2.8987058764987,0.379517398254344,0.0296457152392656,1.75239921980281
0.299409080587702,0.268090340515694,-10.401922316699,0.31429027975138,0.121165303898465,-2.92754409506711,0.379571746241761,0.0279749210158118,1.66653202836513
0.299688680888145,0.272009327048978,-10.3771757341373,0.314414337593785,0.122044926927636,-2.98530652317207,0.379605011966083,0.026290017977604,1.59736597133102
0.299968298001925,0.275918512732463,-10.2076131584253,0.314536250833623,0.122987510542477,-3.01040900021206,0.379626834448484,0.0245860200811189,1.58700593912876
0.300386650162146,0.279760872910033,-10.1941972555594,0.314663360047476,0.123976776885245,-3.02522714383286,0.379657805948178,0.0228612066331052,1.6210380438484
0.300670923494432,0.283508555246126,-10.215956623824,0.314775210028149,0.124996213125909,-3.06602536879623,0.379691343359705,0.0211168035836622,1.58481204410653
0.30095948898657,0.287161895460517,-10.2059391336062,0.31490619354919,0.126027977257447,-3.12814037181915,0.37971507588115,0.0193577170558574,1.58968002915672
0.30123307269221,0.290734740755989,-10.1499393679251,0.315026505976909,0.127052948998989,-3.10813960809677,0.37973204848428,0.01759220961144,1.67907051787409
0.301540542120692,0.294242954849117,-10.09066193355,0.315172585736663,0.128053709929738,-3.08638910286642,0.379748289081271,0.0158301387952073,1.61021970507487
0.301835003183299,0.29770270321662,-10.0089414652581,0.315364377453998,0.129021455330664,-3.08937140452269,0.379763871245448,0.0140814919454428,1.54042281019967
0.302143274906282,0.301132025990262,-9.96064281785316,0.315489091760719,0.129961993850183,-3.14967010239219,0.379771400580534,0.0123556976908225,1.51819306761335
0.302438857255426,0.304551382060566,-9.95042364876176,0.31561328427679,0.130893506921217,-3.14462756862138,0.379784582951951,0.0106612494032428,1.51937011399578
0.302774782875956,0.307984750626399,-9.95787250904158,0.315749827907171,0.131839058884422,-3.16111376598317,0.379791596455392,0.00900559761792939,1.60022507604094
0.30309642778388,0.31146594394414,-9.9644608170285,0.315886201643835,0.132822534974963,-3.21953735377049,0.379796778446264,0.00739517506126727,1.59409065140176
0.303595795937926,0.31504814347766,-9.92429203978708,0.316013220519856,0.133868418708429,-3.29004524988029,0.379804400525911,0.00583535178726478,1.53631580875325
0.303603112329479,0.318789391302693,-9.85324522347977,0.316153922214453,0.135001334202248,-3.18555244011771,0.379804396824697,0.00433019434419725,1.47076341967527
0.303603112329479,0.322700570656723,-9.78126241319346,0.316268226538826,0.136242087940783,-3.19683133765377,0.379797624679989,0.00288161165237918,1.38226692872644
0.304217685446627,0.326718043161,-9.75876760807174,0.31628724536041,0.13759696583743,-3.13928087883418,0.379797501143526,0.00148832649711775,1.37594570672867
0.30457213811025,0.330748450386544,-9.68926967102944,0.31643539477069,0.139047990666748,-3.21922520933002,0.379795954553748,0.00014594702206692,1.34850165501713
0.304896926587793,0.334722329733905,-9.7166962546349,0.31662755925496,0.140559593169396,-3.20485368885199,0.379795762457154,-0.00115193096082934,1.39739094149432
0.305276347975043,0.338598925194493,-9.67655905100855,0.316770352579894,0.142096461556219,-3.25649277312434,0.379790821320693,-0.00241275592392081,1.36044689590172
0.305593561527205,0.342349872838321,-9.64884323661793,0.316907776132207,0.143631760024818,-3.24081055969232,0.379791244683257,-0.0036444097041698,1.42361803228915
0.305934148962732,0.345949825080918,-9.68025023767133,0.317051501547835,0.145143137013809,-3.33933526461075,0.379789455285175,-0.00485461156859094,1.36726441438827
0.306276872756689,0.349371974075175,-9.60125527438763,0.317202571019124,0.146608808180806,-3.33738458105274,0.37977782084375,-0.00605080449440522,1.40311505322891
0.306640001095604,0.35258761621784,-9.57787405442606,0.317355007098145,0.14800791523512,-3.22378901211478,0.37977267703251,-0.00724065875459967,1.36862104043828
0.306994476660202,0.355568910052342,-9.6034516069193,0.317507093395505,0.149322116047541,-3.27218130187459,0.379768485842772,-0.00843210091651946,1.39184902861012
0.307364971856465,0.358293952730025,-9.62253017286695,0.317677146852715,0.1505384045419,-3.24967442965522,0.379758862308988,-0.00963262023957022,1.45094947992738
0.307870900127854,0.360758803510823,-9.58858795935626,0.317895660564907,0.151655337521689,-3.27123948251002,0.379751363141262,-0.0108487965251518,1.48684698815795
0.308243703638723,0.362991403508709,-9.45900529768348,0.318047989615239,0.152688629971152,-3.23889319777373,0.379741799732153,-0.0120861820050842,1.58869140772947
0.308603275162107,0.365050617415263,-9.4908207850931,0.318197946309871,0.153668802469849,-3.23611491666321,0.379732019149899,-0.0133491432104753,1.54440461917647
0.308963842856875,0.367010580185963,-9.40690607281229,0.3183608695452,0.154633405024011,-3.2119272498115,0.379718169608238,-0.0146408707706908,1.54298880796741
0.309346148005682,0.368949157223824,-9.41717602935882,0.318512422992934,0.155621671751451,-3.19338296546798,0.379702112476225,-0.0159634891775135,1.56469188648569
0.30973779422167,0.370940848056556,-9.40394298789363,0.318650647301147,0.156669609424205,-3.20711323349475,0.379701963353891,-0.017317777143249,1.63183104813514
0.309748697871785,0.373038416024618,-9.50662664267121,0.318693043808437,0.157801301543781,-3.22960602623427,0.379661398995521,-0.018703255636211,1.68160153243105
0.310466313130436,0.375257444744733,-9.51273149373863,0.318977967023501,0.159024760672187,-3.22449589081702,0.379659542820012,-0.0201189095219645,1.59155014062065
0.310514167263697,0.377580673051906,-9.51615345785459,0.319003398743497,0.160335550522908,-3.27818673203977,0.379643374262422,-0.0215626547234996,1.5882724378454
0.310876057466186,0.379961491966629,-9.4729681522183,0.319162486014219,0.161717733680215,-3.27574758983394,0.379621964987561,-0.0230298414897045,1.58810817341401
0.311445673266105,0.382330745756447,-9.50207073390722,0.319403898407992,0.163146616088117,-3.28893838425954,0.3796017305086,-0.0245132032350454,1.59948838600051
0.311809251293395,0.384625388699014,-9.36614509895905,0.319560006732963,0.164601117657353,-3.27613839213145,0.379574569039548,-0.0260040345850323,1.57236115769654
0.312196529111536,0.386807164541244,-9.36092378886801,0.31972650708545,0.166071135687296,-3.32470596359533,0.379547307083606,-0.0274931952930624,1.54665977525302
0.312596628165588,0.38885386013194,-9.2861151349811,0.319891312373934,0.167552689701815,-3.33602780306025,0.379518920306913,-0.0289719977537176,1.52410962262747
0.313020181703006,0.390750722608663,-9.16400301097291,0.32006170191715,0.169042524583882,-3.31431741843959,0.379471970335419,-0.030433716589632,1.45737207388862
0.313405732186651,0.39249077261193,-9.06092563500361,0.320227019604602,0.17053701950655,-3.26902123174305,0.379437336618629,-0.0318754491070502,1.33596297087387
0.313787666473232,0.394072246514412,-9.06416875888333,0.320402625889008,0.172032374713907,-3.27836717742916,0.379401226601123,-0.0332986417669215,1.38750440237635
0.314172605961375,0.395492210305694,-9.01465472905396,0.320577102666281,0.173525124056667,-3.25648934098244,0.379366517169992,-0.0347077078392389,1.36394792763523
0.3145513463762,0.396741922123014,-8.90670406824338,0.320753316252988,0.175012879883845,-3.24461410803174,0.37933625286214,-0.0361081130098753,1.44870938502518
0.314942549417007,0.397809366817736,-8.90114255365161,0.320935659026207,0.176496669951303,-3.24215151994411,0.37929569167161,-0.0375052289113484,1.50288934725959
0.315536894799579,0.398696116986525,-8.86889849966955,0.321204470797129,0.177988301966477,-3.27183765589813,0.379257813995462,-0.0389042597801729,1.45831138094459
0.315960292416678,0.399440742033343,-8.86196030728744,0.321389194644083,0.179518912080584,-3.23611530256135,0.379218434347444,-0.0403109926102777,1.59905140971811
0.31636492988215,0.400123856179836,-8.84069125067963,0.32155414774387,0.181134470252714,-3.24574330162026,0.379155173554206,-0.0417327301820587,1.54335359868651
0.316777467712995,0.40085136965666,-8.84063620399907,0.32157567408737,0.182872824749281,-3.22315290645534,0.379153039467148,-0.0431771968841133,1.59491825089239
0.317171366096803,0.401730511598752,-8.79241515725882,0.32176743002329,0.184741185052379,-3.17636955357611,0.37910789248137,-0.0446485959223136,1.67650044584869
0.317192219548521,0.402833709238648,-8.73973501117922,0.32195241075168,0.186715811646767,-3.09781694421937,0.379070109790306,-0.0461448835297108,1.65998667189559
0.317592358637049,0.404159587293791,-8.77240847130061,0.322125751275378,0.188757026782648,-3.13879914347376,0.37903108780648,-0.0476586290136425,1.73373454064585
0.317988256568462,0.405631656891831,-8.6945756835019,0.322301612494744,0.190818910812217,-3.12837323045201,0.378981107311144,-0.0491787514235612,1.77540041029604
0.318395180589884,0.407137953125985,-8.64245839453405,0.322509352370813,0.192853466449663,-3.09222117768984,0.378940307680466,-0.0506914256741594,1.7571897825543
0.318988009743195,0.408575441733418,-8.59171231746987,0.322794218703768,0.194820613568085,-3.01982797667868,0.378886272007053,-0.0521806865605242,1.65956363428131
0.319420434605043,0.409877657102569,-8.62276067168155,0.323000703342649,0.196700329062764,-3.01409054272541,0.378835113540294,-0.0536294692040165,1.71758809747398
0.31981488518108,0.411017218757495,-8.62286215046538,0.323205430149521,0.198493693232285,-3.00296645073304,0.378763761306397,-0.0550223829537441,1.6753975676965
0.320269436748255,0.41198936160207,-8.6742584658503,0.323386763499847,0.200212300634023,-2.99479012341211,0.378670026228646,-0.056350782480914,1.72791869312855
0.320649337675682,0.412797670847016,-8.70595131571803,0.323577076149147,0.201867518842923,-2.95182344452303,0.378607885789996,-0.0576169448785817,1.75382547060271
0.321090054319248,0.41344898196959,-8.61938057074121,0.323786390675952,0.203466761169892,-2.96768902120224,0.378550189955327,-0.0588329215923018,1.68806356544188
0.321487751752697,0.413951868259422,-8.54239507025235,0.323992872383392,0.205015149919162,-2.97210438327908,0.378493551491136,-0.0600152623646704,1.65056229980033
0.321923490777231,0.414316653947925,-8.32056048099201,0.324192227197266,0.206517781505155,-2.91532527633874,0.37843768662189,-0.0611805922371919,1.63267448951671
0.322325872593908,0.414559357687058,-8.06726441424832,0.324413367183616,0.207982374284548,-2.94303254537213,0.378378750377924,-0.0623426671567413,1.65879904367664
0.322937230364969,0.414715927306843,-7.75398633936303,0.324708858315172,0.209427119749372,-2.96314694652655,0.378378441915489,-0.0635087700783143,1.75758493508957
0.323365170367442,0.414861302011762,-7.51472472074685,0.324938684593925,0.210891024293731,-2.96476672646886,0.37824861105828,-0.064678176203701,1.79058962428739
0.323808928074881,0.415105314145317,-7.14128034800781,0.325160241296436,0.212432038706974,-2.89309258240522,0.37824861105828,-0.0658441025235836,1.72587439358777
0.32383931710534,0.415547422880768,-7.08625322241141,0.325183825410278,0.214103782448446,-2.90699795954755,0.37818404763199,-0.0669943439825189,1.78235454524722
0.324247582878996,0.416223125668468,-7.12532701579295,0.325377422077916,0.215926812850735,-2.8805467844605,0.378078671726415,-0.0681127558614978,1.87069911814163
0.324665772404565,0.417096073246198,-7.32389504737099,0.325589707679542,0.217882080945685,-2.84382541112978,0.377999273163279,-0.0691861412602025,1.87447602936716
0.325097241546813,0.418093578008285,-7.49290972279376,0.325807821081782,0.219927664196404,-2.81557995767805,0.377928502731675,-0.0702092422538881,1.93912690287229
0.325507520685322,0.419137237692523,-7.58505005042727,0.326038267477735,0.222015824885746,-2.82927453937726,0.377860148870146,-0.0711824135294482,2.00061602903689
0.325938967313489,0.420150733373211,-7.63166665755961,0.326260988707949,0.224100356115176,-2.85949385942567,0.377789298622153,-0.0721074748418808,2.00316092000525
0.326353380854225,0.421062449056012,-7.53942792719658,0.326524932069439,0.226142295374103,-2.75438907977661,0.377714886711205,-0.0729859424221599,2.08502035049846
0.326945605645709,0.421817861618538,-7.53103836976289,0.326852804071965,0.228120711207418,-2.78262257178273,0.377650994129628,-0.0738185721278254,2.14879068084319
0.327377307378528,0.422395671737273,-7.43150563617941,0.327086989932761,0.230042089049376,-2.7132635577979,0.377568564975994,-0.0746052710567723,2.08023482012825
0.327788446312502,0.422807543674811,-7.32819174288324,0.327318707442406,0.231937057495265,-2.76455964023464,0.377495792134472,-0.0753457241061284,2.11762814354526
0.328203782091745,0.423080613172605,-7.31639771124727,0.327554701066035,0.233847903239168,-2.71408368108048,0.377415908002793,-0.0760403167095317,2.17640360371104
0.328643735172745,0.423244054467951,-7.36184185330713,0.327781088104147,0.235818784370911,-2.71629466227964,0.377338073846004,-0.0766915758376189,2.24662320481151
0.329062381990465,0.423327450487617,-7.41301271827094,0.327993041026731,0.237887311446367,-2.70389878559636,0.377207879244085,-0.0773080800308181,2.26243556610307
0.329486994544484,0.423362200012274,-7.51798578978651,0.328059449363892,0.240071537924828,-2.59851342688095,0.377134247148191,-0.0779073670316797,2.26576105483418
0.329927309306291,0.423385450547074,-7.57140941283328,0.328460522017551,0.24236257331649,-2.6235785535595,0.377134247148191,-0.078509255907401,2.14718402653971
0.330523437081904,0.42345458020968,-7.59902620295476,0.328513202214389,0.244730545136917,-2.62274419929884,0.377049054387913,-0.079123299482561,2.25676005991347
0.330962420343699,0.423657015109557,-7.56026493776192,0.328878990212058,0.24713413285299,-2.55602720940146,0.376982275682362,-0.0797446884293829,2.28978611431511
0.330976919902046,0.424078423725461,-7.53091317286435,0.329128542979092,0.249530527823289,-2.57045887208345,0.376902698725026,-0.0803598523137672,2.3661788898488
0.331388174824063,0.424744863463009,-7.54213433567329,0.329378693818141,0.251884855915034,-2.58134524745435,0.376818607110151,-0.0809521378747613,2.47560151028935
0.331828961426375,0.42560805960382,-7.46878286744786,0.329631882706232,0.254170223529619,-2.53887651417568,0.37673757121232,-0.0815043613078838,2.44934996568525
0.332275736738951,0.426583234298707,-7.44285342272231,0.32988763247573,0.256362122713017,-2.44546570149927,0.376655032146844,-0.0819998160552326,2.41696683521838
0.332701941569726,0.42758373851985,-7.38940375303427,0.330145516591264,0.258436169204605,-2.40201770086557,0.376568958532289,-0.0824226192390801,2.42330940256634
0.33314822410553,0.428529770379092,-7.40191299967115,0.330404802602291,0.260368058987528,-2.39401829831758,0.376484939351899,-0.0827589387130458,2.46168483821023
0.333579850571532,0.429347400415004,-7.36293424966826,0.33066182402371,0.26213364160544,-2.36302553330531,0.376350691348035,-0.0830010542719134,2.49231315016833
0.334010134829562,0.429970809636319,-7.36569840687861,0.330948766343432,0.263712643230421,-2.25236340006818,0.37626181859196,-0.0831522827688935,2.61791859794622
0.334635542824607,0.430355377577966,-7.38821138482132,0.33133702607606,0.265100585051306,-2.16444957285796,0.376179591140211,-0.0832270106350234,2.68609322438079
0.335072923365336,0.430494832378411,-7.32882396274926,0.331610503622701,0.266321598019551,-2.0035613320515,0.376096439210953,-0.0832453421865869,2.67769766846554
0.335479143195315,0.430419272332009,-7.29677249826401,0.331873953478111,0.267427110076944,-1.9093013199522,0.376020722414009,-0.0832280569783895,2.65944529237925
0.335900634907575,0.430173555343868,-7.13912495608986,0.332151211514423,0.268482596683239,-1.87509475250999,0.375934147999869,-0.083194839166333,2.65745289972289
0.33634170087085,0.429802074000668,-7.21276667437428,0.332420184212376,0.269556898351447,-1.80552120660583,0.375849542346273,-0.0831645680084259,2.72999267583917
0.336793380840424,0.429349734469779,-7.22496970757793,0.332644890699992,0.270712582078648,-1.76639000971887,0.375772388405908,-0.0831556890941052,2.75851778849429
0.337231240425478,0.428868003092999,-7.19579329024863,0.332733013030966,0.271990616331753,-1.76016394534775,0.375692021004212,-0.0831841456052749,2.76521450354604
0.337695176892876,0.428410819069247,-7.18937953393049,0.333207003078689,0.273403302064771,-1.73457008819901,0.375688891579294,-0.0832575242658234,2.83489385925527
0.337720915383592,0.428015977486609,-7.00038945854035,0.333256889082366,0.274940604890449,-1.62967837986913,0.37556341994169,-0.083371136763826,2.797192576189
0.33875732968484,0.427703388645239,-6.98154995783481,0.333535283085213,0.276570193759444,-1.49039037249321,0.375473440853338,-0.0835131377508905,2.72041609184244
0.338815292462958,0.427499518814792,-7.17763890931423,0.333827749201092,0.278236426593445,-1.33634110433653,0.375396568844214,-0.0836727866413118,2.80269087866038
0.339186016315384,0.427433019885882,-7.14348792455608,0.334208855502919,0.279879591623871,-1.42535037010951,0.375305525843608,-0.0838427033374285,2.82565834981071
0.339598187557553,0.427499749682768,-7.11322343143174,0.334509971382929,0.281460338276164,-1.51191774098657,0.375211845411529,-0.0840179180843768,2.87208975076396
0.340015195009113,0.427657618702811,-7.03679028558689,0.33479149196958,0.282964332738772,-1.57052788256029,0.375131413661069,-0.0841954398396629,2.95165563705859
0.340476671053609,0.427850314883847,-6.9554703332425,0.33508028177763,0.284391254950542,-1.55215021333343,0.375068939019494,-0.0843720540965285,2.99955736378095
0.340905911924577,0.428023879828866,-6.8360185873284,0.335348047602821,0.285743804714205,-1.40319443698056,0.374977560565085,-0.0845413298587057,3.02160620066455
0.341351596451654,0.428131821282626,-6.78055691858483,0.335630487917545,0.287021912888483,-1.27120253005319,0.374896406582404,-0.0846933475358369,2.98304711445311
0.341798930118795,0.428136069294365,-6.75972491775332,0.335898988925139,0.288220388144671,-1.15441272438406,0.374818628084691,-0.0848171884935515,2.99345972185387
0.34222341161282,0.428006115661884,-6.68502073477805,0.33620453018764,0.289330397742731,-1.15766665726957,0.374672686318352,-0.0849062247931565,3.13438232924786
0.342655915206404,0.427720504298459,-6.63844705801808,0.336533382271609,0.290348044426197,-1.24612083468652,0.374577665108609,-0.0849648843357588,3.12138142829861
0.343287700152222,0.427279207506875,-6.58421249890434,0.336947668708415,0.29129011234418,-1.25602048456471,0.37449715844835,-0.0850101082661462,3.20853764351793
0.343687396238152,0.426719987671104,-6.55980757096984,0.337242629729953,0.292205513265972,-1.2249221305925,0.374410505886034,-0.0850658323939548,3.12976681444732
0.344130952663082,0.426116665382033,-6.49435796150998,0.337505059202778,0.293164562207037,-1.15290356961308,0.374323222772824,-0.085157761093926,3.05615195323228
0.344562219598328,0.42556115788912,-6.37592105548211,0.337587301082592,0.294228894820945,-1.05306137358248,0.374239586873048,-0.0853103277676536,3.05530242391981
0.344979692769968,0.425142563016721,-6.3424448120047,0.338100698867176,0.295432492920325,-0.999538631214291,0.374238250965041,-0.085540064179778,3.10155607811926
0.345003342076571,0.424920279359593,-6.49242001512953,0.338139186558323,0.296782809662821,-0.959071267475389,0.374153805056119,-0.0858469968665712,3.16171654877761
0.345852063481206,0.424908893495197,-6.40700837158803,0.33841778606983,0.298257457411064,-1.04337385556638,0.374078117393819,-0.086213664431222,3.17873869301051
0.345868873005912,0.425087552046785,-6.3558660842188,0.338732801533024,0.299799737130256,-0.941472045328161,0.373993012114418,-0.0866128080094229,3.22048594527725
0.346295728983648,0.425403389781045,-6.26404753843222,0.339047915485641,0.301333603266454,-0.890243459393635,0.373872898244886,-0.0870165383002655,3.20714704769648
0.346901681520194,0.425776124026768,-6.239833428768,0.339367094589408,0.302786052220604,-0.795124159133809,0.373778471933843,-0.0874028660790819,3.16387395140487
0.347343659495453,0.426130522789396,-6.27125406277052,0.339790461895817,0.30410303618743,-0.959822539794966,0.373686409167597,-0.0877580276993549,3.11786342870691
0.347750039575579,0.426419676737498,-6.25445704744658,0.340106606935916,0.3052596864092,-0.907870024635718,0.373580266643745,-0.088075473890976,3.15399135476157
0.348188823582501,0.426614116406507,-6.20611073737099,0.340418000591402,0.306258709191134,-0.938254582600394,0.373489046829164,-0.0883549081247023,3.18827682707535
0.348599024146661,0.426686584287366,-6.17107417469138,0.340721193132367,0.307117537785011,-0.789234964900484,0.373385818648713,-0.0886020630513345,3.21410100783673
0.349039767438856,0.426609043074238,-6.1177030125466,0.341027370956398,0.307857020337261,-0.734231803894282,0.373298198789603,-0.0888276558753539,3.25362243054995
0.349481374171517,0.426355088586636,-6.06403113715286,0.341322590562555,0.308496514616457,-0.677353220178529,0.37321685468722,-0.0890447334813981,3.28128221537524
0.349900311583005,0.425901788805776,-6.00572735875846,0.341627829844544,0.309055311077248,-0.669382212161565,0.373137923697048,-0.0892661916269577,3.36060940054282
0.3503220173108,0.425232212889636,-5.99124022893752,0.342106618355577,0.309565952846345,-0.608601859946138,0.372995108898377,-0.0895068060678438,3.34446323479824
0.350947160943976,0.424348777313225,-5.89142004782132,0.342435499874297,0.310092637774409,-0.598288797871403,0.372905750382134,-0.0897889657385609,3.34735632993156
0.351400258743751,0.4232935163275,-5.82149032032694,0.342707783573674,0.310726318462275,-0.62104032301188,0.372810621180267,-0.0901429459660965,3.43620780907116
0.351799372244663,0.422149613035273,-5.6210226578303,0.342749412778162,0.311544469876261,-0.686817276636889,0.372807978097333,-0.0905964763449401,3.36143477035208
0.352215535959781,0.421020143089128,-5.66859996272767,0.343052483869079,0.312570187696072,-0.721865300989215,0.372717395502134,-0.0911606912303043,3.34931424136079
0.352646206663701,0.420002601382654,-5.50925723973105,0.343386059037944,0.313771953852116,-0.61115870863294,0.372716625933877,-0.0918231192062035,3.45448344851067
0.352667526978891,0.419163422129806,-5.43660277611053,0.343706463198934,0.315094112873749,-0.576283842480248,0.372547509006411,-0.0925530304077969,3.35459168424827
0.35349907486222,0.418525970500107,-5.39409387694609,0.344004265445347,0.316478003743056,-0.64335830219652,0.372448108240154,-0.0933158304440196,3.34928006514104
0.35353912550408,0.418080629972542,-5.26366505538767,0.344304417830205,0.317862990035062,-0.698515626330138,0.372361581650943,-0.0940846343011065,3.3227159105815
0.353937706301364,0.417784926493302,-5.30675787128096,0.34463166095365,0.319183812345438,-0.700142805755493,0.372209688275421,-0.0948436661991062,3.28817688888666
0.354374498369274,0.417557437197679,-5.20444319244052,0.34496660839265,0.320374107528985,-0.69631162827806,0.372109426144868,-0.0955892890412027,3.26141589071782
0.354975632357709,0.417306781245185,-5.19924016345858,0.345321548809151,0.321376341019842,-0.632760638916719,0.372017683172116,-0.0963289035903552,3.30278461937655
0.3554355057794,0.416975882183359,-5.24112569895927,0.345798427995189,0.322157704133447,-0.63831469193235,0.371919770822308,-0.0970753773661355,3.25545584423774
0.355873770491585,0.416553780063071,-5.1662442719034,0.346116774423053,0.322723184981343,-0.569997208398148,0.371831619280654,-0.0978418464548827,3.21773938885366
0.356246541720509,0.416055308291815,-4.94091408441309,0.346455823208208,0.323111654593584,-0.605541564219999,0.371725498474923,-0.0986403823805133,3.24028529850196
0.356645288018551,0.415497571630228,-4.82776205820228,0.346770673391273,0.323378444740671,-0.694899788820181,0.371624484904064,-0.0994828937627388,3.16237064552504
0.357087606794943,0.414891153221997,-4.94099975359109,0.347065586255288,0.323580172134457,-0.677863074011938,0.37153062143087,-0.100381620282391,3.25797852341069
0.357482472917337,0.414243450307091,-4.8855786123588,0.347388034439783,0.323766684253047,-0.570657370382353,0.371435497673832,-0.101346098090026,3.32337198544645
0.357924424388951,0.413567141699399,-4.79260179288597,0.347658743622568,0.323972671061251,-0.548538828309964,0.371435232706444,-0.102377502286327,3.24702263416383
0.358527514278698,0.412897563597744,-4.63019821110829,0.347782407794777,0.324207500789102,-0.500824414443592,0.371160238574706,-0.103470436999189,3.2283095297903
0.358970071630269,0.412305692164756,-4.61072993272956,0.348483854348799,0.324462405885486,-0.53419833038332,0.371157843876062,-0.104622525182427,3.16154968373017
0.35898248492668,0.411875449218828,-4.64638222791446,0.348547854325273,0.324732685206699,-0.492482617142262,0.371057446571436,-0.10583467058218,3.20820532050316
0.359748179623784,0.411665441956721,-4.58100539492169,0.348887707030224,0.325016841406195,-0.398038426271932,0.370946733055852,-0.107102244052453,3.25354192293536
0.359789247870785,0.411696585049168,-4.48169654903072,0.349195013665025,0.325297196354534,-0.22321714250876,0.370843019067364,-0.108413779032327,3.16065897933109
0.36020547579545,0.411949291148767,-4.45066409285969,0.349537177112049,0.325539103726393,-0.190114914887979,0.370728521294216,-0.109755879776989,3.13914382011798
0.360617756689242,0.412360092048338,-4.47228836656393,0.349849200619263,0.325702759701897,-0.191136575122172,0.370622264755573,-0.111115463933873,3.09270662896252
0.361032712623703,0.412838114938859,-4.29859900018109,0.350171139872072,0.32574713196678,-0.313378201763306,0.370503561988581,-0.112479938781753,3.04927631554499
0.361458040326126,0.413287844580231,-4.17175954528375,0.350495142778492,0.325629390079956,-0.348135564397037,0.370395908718003,-0.113837085630186,3.07762973778779
0.36189140178411,0.413622477269346,-4.25712990291212,0.350844215376884,0.325309765669612,-0.234899964224014,0.370284698657469,-0.115174249529753,2.94947980754382
0.362508648489212,0.413781008255551,-4.20609039041455,0.351318098084047,0.324766183256949,-0.162580683696793,0.370173592358714,-0.116478716680871,2.95564337486828
0.3629168008054,0.413746063560263,-4.17243987761258,0.351635498023413,0.324008713310437,-0.0956159579093604,0.369978128541017,-0.11774339133847,2.93084745147039
0.363336053877272,0.413540392951745,-4.08092689145859,0.351959175046533,0.32307725308957,-0.0995287212291568,0.369857643266311,-0.11897521126401,2.85258519239661
0.36372331842645,0.413203491072472,-4.21335523720693,0.352302643787125,0.322027478925389,-0.0853135579176434,0.369731187816478,-0.12019663685926,2.79854258424109
0.364103444407335,0.412770979570335,-4.20249936255809,0.352644144596682,0.320922953511739,-0.163331032030671,0.369613197854629,-0.121439156193437,2.80627565479757
0.364508913292489,0.412266879108327,-4.16302939325875,0.352952016813147,0.319833669889217,-0.260884729889995,0.369483303345769,-0.122737354088164,2.70039275724992
0.364919437415941,0.411705365266802,-4.09837115988316,0.353266409690344,0.31883253840422,-0.252312774663463,0.369367048316183,-0.124124531342438,2.72519109983433
0.365349567699074,0.411098302086297,-4.05085092091725,0.353581559669375,0.317985823061268,-0.220789079981287,0.369359926380652,-0.125624613811107,2.856033788985
0.365822206495263,0.410465423990019,-4.02415936861618,0.353621782304577,0.317330080797205,-0.189010418466061,0.369133158666092,-0.127245563617793,2.8198649875621
0.366229145083288,0.40984595863705,-3.81975425377911,0.353900781504441,0.316844592847826,-0.155472772738255,0.369126670003743,-0.128979720195753,2.81675341271961
0.36687963910663,0.409308126752588,-3.759114552347,0.354264888864475,0.316454904618892,-0.154799880350485,0.369001710673623,-0.130804878106725,2.88546230364155
0.366916814022335,0.408928534361473,-3.65177633493744,0.35471788475637,0.316074819098013,-0.229838299912986,0.36879552959122,-0.132688970422668,2.8915644763686
0.366916814022335,0.408727708051874,-3.42397834179854,0.355033972579977,0.315644479868315,-0.178559130347061,0.368667174260985,-0.134603076819979,2.90561229344809
0.367709613448544,0.408636376913982,-3.28306600716402,0.355347198739951,0.315134379226147,-0.149549505146977,0.368528826091102,-0.136529015290108,3.00233731506539
0.368121647572736,0.408549585371664,-3.02760907423518,0.355686444696434,0.314530675219164,-0.0744443704883513,0.368390871957017,-0.138455255970579,3.04364242783221
0.368517815372387,0.408389231148865,-3.25331957361177,0.355984033033677,0.313825310726645,0.0405177062904791,0.368249260395911,-0.140371741040101,2.99632829129456
0.368927837153239,0.408105188623709,-3.14740223377734,0.3563223164314,0.313013628667336,0.0757185720970162,0.368122624197629,-0.142267737265514,2.92312515393386
0.369362619572308,0.407655235059161,-2.87147621694238,0.356620946091075,0.312093058805839,0.166437316521285,0.367976357250372,-0.144130500703087,3.01713703413557
0.369752316576284,0.407000086200883,-2.77309691012992,0.356909126230528,0.311060328604482,0.157405213106054,0.367831544260063,-0.14594698870656,3.15108967494764
0.370172818872791,0.406103411131244,-2.4650298321738,0.357249988329227,0.309912828655316,0.172102133000463,0.367594188902142,-0.147711953426201,3.07676971148855
0.370574886210791,0.404934265449794,-2.43723304635521,0.357708328564694,0.308662642040224,0.148674114020812,0.367448758370188,-0.149437438381475,2.96262400907486
0.371179574556305,0.403482007363275,-2.17830798889298,0.358012826382043,0.307353195203926,0.19353867508664,0.367284640761008,-0.151153736292969,3.05909725864966
0.371596547997946,0.40177628139038,-2.12174211189033,0.358308364636628,0.306052817382435,0.289340449656952,0.367125889006208,-0.152902623608795,3.10101703336738
0.372005515579207,0.399887998948301,-1.99013812337246,0.358384307837452,0.304823995114101,0.295598501340768,0.366966190441898,-0.154728848819999,3.09127669147831
0.372371943584382,0.397909287505341,-2.04284372117634,0.358902519700313,0.30370108428615,0.40077283960734,0.366965503365385,-0.156666022837072,3.11994185897462
0.372814853971445,0.39593711474603,-0.937290649838923,0.358944125317441,0.302689344375978,0.359803654696471,0.366805971079904,-0.158719892466255,3.11256547159343
0.373204093164792,0.394064240256188,0.501542213685821,0.35925154610431,0.301763568303974,0.305307026934887,0.366664897389903,-0.160865699711914,3.06291756282741
0.373216524282837,0.392359405009249,0.797548169457738,0.359572923271556,0.300867283460006,0.338429199406989,0.366504821254857,-0.163060317054089,3.08778975122154
0.374011187088392,0.3908524890113,0.158777174400489,0.359866249419359,0.299927874140074,0.335524317018679,0.366351540606959,-0.165254802970763,3.07769478101144
0.37402700794137,0.389541185621249,-0.574009443605746,0.360200722487045,0.298876712164976,0.392814570406381,0.366082406758205,-0.167405931274451,3.10314870008374
0.374368549572745,0.388391340802721,-0.405335123958907,0.360637557880427,0.297666197394189,0.404689506719171,0.365910660816925,-0.169487858504524,3.16972073756044
0.374954729425038,0.3873384176928,0.461777324073023,0.360953234080203,0.296283341085576,0.561133080389058,0.365741321742496,-0.171494058795098,3.12284716198394
0.375348423273502,0.386319545819884,1.43131158578246,0.361239650670311,0.294747674017777,0.570952755288764,0.365560333817941,-0.173429038310709,3.13354609540658
0.375745919222194,0.385300043897756,1.82550742707229,0.361534650929295,0.293094296980894,0.533715938293961,0.365377544334957,-0.175301698987349,3.22097187426105
0.376101125432733,0.384263956010163,1.77907386438208,0.361810400070803,0.291359783949666,0.583112063737732,0.365206791598733,-0.177123310396728,3.19899104281319
0.376479174623912,0.383195915325382,1.32699958896666,0.362109112752717,0.289577985795868,0.539749655185952,0.365044607348312,-0.178904825543039,3.20547201565613
0.376867304565914,0.38207567782534,1.13142180221512,0.362396052859595,0.287780686233853,0.68326431325117,0.364872895423684,-0.180653513609683,3.11978626150781
0.37725460179818,0.380880967126357,1.18894807547198,0.362670306273527,0.285998266557444,0.661651357459252,0.364680503311268,-0.182374418827017,3.13024438294975
0.377638278779041,0.37959496945602,1.47501271633387,0.362961900931648,0.28425873101222,0.746095276675796,0.364409542369195,-0.184079843604724,3.07433379069262
0.378230180650774,0.378223553878968,1.67719503485781,0.36320797802357,0.282581879494976,0.680662651958444,0.364228205187233,-0.185796062942743,3.06547486922351
0.37861147770497,0.376815346733907,1.65881369306864,0.363310614612207,0.280970380568021,0.653036180234182,0.36422500322137,-0.187552825692141,3.03962556125175
0.37899931143366,0.375462029676957,1.53469647849509,0.363966686947538,0.279417092510393,0.645014680907189,0.363825837899704,-0.189369453248889,3.11931800171534
0.379369625544744,0.374278207596848,1.43935111892323,0.363999191186205,0.277925096838218,0.651013880421299,0.363811741281544,-0.191254842215105,2.9867335435352
0.379737579711553,0.373377900752908,1.56523828357185,0.364252548936713,0.276502415265886,0.627045866869789,0.363624368284013,-0.19320642796858,2.94145015206894
0.379804961908553,0.372837944478696,1.52202552822806,0.364540607823496,0.275138987108216,0.616796818887266,0.363427781336628,-0.195203376697079,3.02292780169819
0.379807791492485,0.372645304196909,1.63514008600512,0.364810723403886,0.273805613998301,0.622979368097654,0.363255648545375,-0.197209243241284,3.0020448610294
0.380469574766147,0.372684895943415,1.77218687145842,0.365078712303266,0.272467158379793,0.594968444322959,0.36305609022469,-0.199179826492017,3.03090072507234
0.380864718879799,0.372799070266387,1.79622790948027,0.36535303274834,0.271087856135615,0.501026271702233,0.362849728534339,-0.201069616149059,3.1124619549146
0.381247317075237,0.372853450788034,1.97509813329814,0.365635767578385,0.269632471266619,0.533728835459196,0.362526876226698,-0.202843884689414,3.08071574554341
0.381823919824516,0.372759993541285,2.19018124447626,0.365906190920224,0.268068358909835,0.566119055353729,0.362322991952535,-0.20449201831923,3.09346726838937
0.382195783330994,0.372479449298294,2.26840695287562,0.366182138330507,0.266369097732332,0.591733213257649,0.362114984990561,-0.2060278361541,3.18457560995714
0.382579698063514,0.372013915433486,2.39610157849171,0.366582177176994,0.264524327688831,0.699934131017659,0.361891013186117,-0.207479191564951,3.10649345974018
0.382948162345015,0.371386102606539,2.27396643823631,0.366843623904092,0.262551048524956,0.724166871334113,0.361676816920419,-0.208880674166481,3.21931442884819
0.383273454956285,0.370619765706387,2.36544173066731,0.367089498375155,0.260491174778681,0.701184483506662,0.361467141791601,-0.210271870079025,3.27559020918663
0.383643568778365,0.369730490650678,2.49047774523821,0.367356707131375,0.258397017222858,0.707528001129825,0.361242099825571,-0.211692605804442,3.30955998792799
0.384020262102171,0.368725608939613,2.61263772720623,0.367613541353062,0.25632158057072,0.702905520624789,0.361237340865824,-0.213169627204654,3.20612164720908
0.384384035597106,0.367608703665089,2.62536926818478,0.367862611513666,0.254316299091889,0.90317530262739,0.360856016084358,-0.21470488952717,3.18344729700821
0.384736280749031,0.366381792347596,2.71526086810731,0.368073144500409,0.252424150142604,1.0398368864406,0.360840558374504,-0.216277218649792,3.13293987296952
0.385110334755785,0.365048807476274,2.70825765796236,0.368142048992113,0.250665102759596,1.10775064265093,0.360497005402543,-0.217851998317598,3.16753690712141
0.385687848681223,0.36363266527929,2.60559750755261,0.36859056152529,0.249030659343766,1.10844757945749,0.36026105681242,-0.219394020257347,3.22160668403392
0.38605392004161,0.36219782545908,2.63639427987286,0.36864709945932,0.247495093027684,1.06832849767499,0.360052242744303,-0.220878770978352,3.21949567037713
0.386428888641403,0.360845514439406,2.64312412485689,0.369013573462727,0.24602715997789,1.12193371866189,0.359821654535975,-0.222292115497843,3.18252181740483
0.386448371448525,0.3596676674182,2.74830101595604,0.369258592235428,0.244596979767962,1.18835901399874,0.359594692987238,-0.223624026673421,3.071631389462
0.386786208548187,0.358695401883423,2.9226377623596,0.369483915012391,0.243181288029227,1.24376409660708,0.3593656885177,-0.22486640460466,2.98731510411601
0.387123895918299,0.357889720101193,2.88235382343635,0.369729557150071,0.241761126209734,1.35859193476961,0.359153710314999,-0.226012138579725,3.02065139475217
0.387478705867889,0.357171034573084,2.90742516962378,0.369960831948216,0.240316211702271,1.41902820404704,0.358928911246861,-0.227052697605823,3.04864394505871
0.387841893775005,0.356447727645148,2.94928702988715,0.370215944090287,0.238824509307433,1.3891746942798,0.358707993670962,-0.227976101423858,2.99024379368683
0.388219011470242,0.355628405551376,3.04017475297796,0.370444174031675,0.237264389862131,1.50445515854853,0.358501452016723,-0.228768064138586,3.11364663326194
0.388568241519108,0.354629238846205,3.16694329913146,0.370696159386884,0.235616158935593,1.41180921038968,0.358136609363098,-0.229421621264138,2.9815850441716
0.38910643747341,0.353388002079035,3.24318653123137,0.37094294805393,0.233866415689542,1.52142090183048,0.357896571595009,-0.229952123934579,2.93388212689667
0.389484736399046,0.351880761715747,3.46244450954967,0.371319168780534,0.232020162474973,1.43564220536035,0.357658253822314,-0.230401525874756,2.99871332364124
0.389810728111817,0.350121427734333,3.4071118584442,0.371551563544945,0.230113582930034,1.46816930364282,0.357425885384562,-0.230828008066034,3.06377474871189
0.39016959653072,0.348141976188779,3.46525815987416,0.371779084281088,0.228211275989943,1.55024057305273,0.357198897175693,-0.23129508857452,3.15152763826538
0.390490122070011,0.345974745325498,3.62483609943119,0.371974442571185,0.226388213593411,1.54562742797156,0.356955013174669,-0.231863551428328,3.14566970719984
0.390828448342733,0.343646550190563,3.9675285959022,0.372175079303842,0.224709730031227,1.66834969291621,0.356955013174669,-0.232573894139135,3.09859367191289
0.391184219440017,0.341179277738671,4.11787401201449,0.37220650315736,0.223211789609647,1.68583345692909,0.356718420755794,-0.233424353944693,3.03872149679477
0.391508213836668,0.338595638717276,4.15502505703109,0.372435035303711,0.221886173588443,1.79053341566236,0.356488769962529,-0.234369476367041,3.07176102049202
0.392023182931474,0.33593426524294,4.20523233673114,0.37265767594488,0.220686059376364,1.77083437343591,0.356282516085949,-0.235341284640748,3.08560205801602
0.392384424280834,0.333262480868819,4.07446248376637,0.372879383026765,0.219547391461578,1.80359232798329,0.355923154872063,-0.236273560319556,3.09609161717668
0.392400979034937,0.330654969987331,4.11292555676052,0.373105330989169,0.218406187225471,1.8054578354201,0.355670053625869,-0.237119401004057,3.01038322549049
0.392713827934518,0.328146078541728,4.21102641352722,0.373424766520916,0.217210149592785,1.73852877297266,0.355439271267615,-0.237855422070573,2.95506995176323
0.393035258826963,0.325711956641364,4.24382315428369,0.37364397770694,0.215928499780412,1.75480345977059,0.355193312185566,-0.238472118049261,2.92815374546252
0.393361524142348,0.323295797450186,4.41861442244742,0.373872837683435,0.214552527841548,1.83768010567377,0.354955382380603,-0.238964184706833,2.82533769502688
0.393727121457931,0.320835946193573,4.48828229807546,0.374090486305666,0.213086567700807,2.08904773212283,0.354708827226784,-0.239328011947875,2.85056755472026
0.394011707534779,0.318275008947732,4.25935326221113,0.374286620763779,0.211538840854094,2.06480601231591,0.354470071247152,-0.23956200497598,2.88526992487102
0.394317043497694,0.31555952772056,4.26207877299558,0.374492281614337,0.209916108785872,2.17297873490229,0.354219413483157,-0.239668657882788,2.86047166918723
0.394806095859875,0.31264810605404,4.38776086956165,0.374703983079233,0.208222384292827,1.98403333212745,0.353891838016877,-0.239661798379185,2.84170041788514
0.395118489439129,0.309528318257258,4.59052368283741,0.374935165943512,0.20646189145052,2.04650630456853,0.353639759694257,-0.239575419275371,2.96624016822395
0.395429204167001,0.306219923897251,4.85239207000973,0.375134501691089,0.204642510349039,2.08895257949265,0.353403977135689,-0.239463783677613,2.91035173104951
0.395729214515883,0.302759743530186,4.94050266268361,0.375337186790319,0.202775997632353,2.27078378673748,0.353146822521396,-0.239388643480485,2.99992851561752
0.396038805494807,0.299188666677552,4.88011647488253,0.375562340458437,0.200879244884748,2.29743797090228,0.353143319581619,-0.239399366681834,3.00380545758901
0.396341314630494,0.295549631499828,4.77921684275295,0.375864252289844,0.198982691634914,2.32429332452584,0.352660353811497,-0.239522191518723,3.06584108091463
0.396660126945783,0.29188948813851,4.87657241493301,0.376043082593212,0.197135554453253,2.31215479846767,0.352656755333286,-0.239763703135477,3.11208665728402
0.396911189806486,0.288257759680824,5.08715262600211,0.376072551375329,0.195388653986344,2.46397132505861,0.352422985491041,-0.240108839678071,3.24619154254476
0.397191294051614,0.28469619235779,5.37877764163156,0.376241194256854,0.193764912929078,2.36853030241554,0.35219405342271,-0.240516393808376,3.31995258740642
0.397205374310393,0.28122240227603,5.34653980311165,0.376435822707115,0.192250697003888,2.36261439356117,0.351819666420339,-0.24093628651835,3.24345475380341
0.397894134076895,0.277832773857422,5.26908388269893,0.376634094996842,0.190812251935396,2.38267751172262,0.351597601077987,-0.241335243420784,3.23836956622082
0.39793918154809,0.27452683044496,5.33890565423701,0.376837166221885,0.189413023704745,2.46403411235686,0.351340774244067,-0.241702475168719,3.21977837758995
0.398198063682983,0.271311020020866,5.31977823981714,0.37702739601369,0.188020025616726,2.48389093665654,0.351086030437803,-0.242040304867024,3.23755576460858
0.398468062818006,0.268178707320764,5.46353333206937,0.37721362044806,0.18660355552149,2.54228789976676,0.350843730867878,-0.242357553918807,3.2730502204415
0.398725127982601,0.265105664612022,5.55162785182264,0.377396046802374,0.185135318711913,2.48522845922839,0.350582866357298,-0.242668286886263,3.25314458523516
0.399003138421718,0.262061385768295,5.56314978497394,0.377595383383252,0.183589958487854,2.45177773773257,0.350345521782981,-0.242991236551059,3.31663420781523
0.399258342547056,0.259016018565611,5.63506046090794,0.377881624095357,0.181953842040294,2.54226287270629,0.35009572706435,-0.243348748669631,3.30721585177452
0.399540619246015,0.255941941038347,5.75948946398455,0.378045733309442,0.180233965907372,2.55717186261715,0.349839098456617,-0.24376899026337,3.32665188100594
0.399743981424574,0.252814087255446,5.55599985969268,0.378219947832267,0.178454999970923,2.66103496875085,0.349460505834884,-0.244291967439435,3.37859313906935
0.400126551090145,0.2496148834044,5.67624039377777,0.378408808261987,0.176649026174372,2.67870741974315,0.34945992268875,-0.244958505554053,3.30549129646822
0.400383148834177,0.246345237890046,5.68533635731865,0.378603680711019,0.174851032355709,2.54038076165812,0.349456407774147,-0.245771598645946,3.40979231984876
0.400626690769115,0.24302816846402,5.7246552601097,0.378753402103155,0.173096309318417,2.54353190247403,0.348951285825086,-0.246678680653127,3.4719423076626
0.400857388113759,0.239698752888294,5.79769121307628,0.378800975447075,0.17141038151496,2.59593226972759,0.348722947795899,-0.247607509996248,3.52057407800619
0.401097303585843,0.236393294101191,5.86069774259924,0.379085432958424,0.169800629766209,2.69572009258939,0.348492057405039,-0.248502113975366,3.5546733494643
0.401330350623038,0.233146870343798,6.06729393621784,0.379121281845615,0.168259194135997,2.79829822720758,0.348257060836088,-0.249318852334611,3.56886943173646
0.401591576502913,0.229992113742511,6.12473641009832,0.379370058960856,0.166769519207661,2.79641193216766,0.347987636465093,-0.250013223897647,3.44501205708872
0.401596800809424,0.226945665873039,6.00804213060202,0.379516915794241,0.165311930292436,2.78877542808009,0.347734500306988,-0.250542496595208,3.4682323826306
0.40182621166238,0.223989292828207,6.0767730108238,0.379689017071439,0.163868924113637,2.86111899936615,0.34735870678162,-0.25087881575222,3.51678179839717
0.4021528330609,0.221075206981928,6.16772289661468,0.379858808774,0.162426681392662,2.85229483493873,0.347095772919286,-0.25102162184327,3.69005843003418
0.402357185967064,0.218154298491288,6.20228295710318,0.380022806478859,0.160973974985414,2.86161999778665,0.346844615548352,-0.250996582535343,3.71765809214676
0.402587154767834,0.215192169424993,6.16226177310894,0.380179779580823,0.159501455197611,2.99488642792332,0.346630461714286,-0.250840632723408,3.65912535090073
0.402816557989715,0.212165239488099,6.18353349159159,0.380345019653752,0.158001078124544,2.98805035936364,0.346356849836776,-0.250589209739581,3.51084971144243
0.40300803736376,0.209054134852376,6.17960450263123,0.38050697592643,0.156466379061331,3.01405056705291,0.346116760003704,-0.250274176832227,3.53965234504766
0.403212941329099,0.205839632022487,6.23487496364973,0.380671211356447,0.154894576535423,3.03406718955482,0.345874540890283,-0.249925877236031,3.56148355322061
0.403421176758225,0.202500749463737,6.2429383460747,0.38087670965696,0.153290857244556,2.96914705515618,0.345605985538747,-0.249574246618653,3.5845032095694
0.403635607949074,0.199016805173387,6.23760020607039,0.381025860208174,0.15167208089025,2.94238394492477,0.345367071152552,-0.249252603038099,3.53107172017622
0.403845751510986,0.195372938670776,6.25877208558942,0.381172409463968,0.150064726556919,2.96120482523646,0.344969540926898,-0.249004391221295,3.5363994366784
0.404133562844301,0.191568428484204,6.15956257075086,0.381316591975406,0.14849843990916,2.99422373243678,0.344968288756299,-0.248877267708574,3.46031058256017
0.404305760981292,0.187622808890878,6.12285114855325,0.381465726068326,0.14699905922744,3.04120769706279,0.344727160272454,-0.248898523009296,3.46181797885062
0.404490180177937,0.183571943981346,6.11428606994964,0.381465726068326,0.145577655003602,3.05493418356436,0.344475411783294,-0.249061098007812,3.49256976470313
0.404682089388094,0.179458287166147,6.15525769930608,0.381633799366602,0.144219162757955,2.93136809593114,0.344208817673959,-0.249336921465807,3.48724902440001
0.404852934643324,0.17532553643275,6.20425572372406,0.381777361539824,0.14288532553702,2.96281580574733,0.344002753448124,-0.249692093682165,3.52056498031433
0.405024802948836,0.171217545291983,6.39631888417602,0.381939370448838,0.141531531869607,2.96541139382981,0.343755481427439,-0.250088042405959,3.50823526814595
0.405194090183318,0.167174711984516,6.36233275081141,0.382147966745415,0.140122814528001,3.04587147086598,0.343481837289781,-0.250481330831138,3.4683448706716
0.405207233981469,0.163225116592488,6.36592864540844,0.382283699323029,0.138640700380857,3.02540431887774,0.343230942353603,-0.25082892587191,3.49629406502216
0.405521649460407,0.159379510387097,6.31354811956133,0.382401111906015,0.137078993646307,3.10993949257898,0.34296767204516,-0.251092062933677,3.55992165640637
0.405542760188672,0.155635819415592,6.43821155671142,0.382539960380408,0.135434063550266,3.01050253435343,0.342734639276329,-0.251237596773506,3.62268383333996
0.405699563558474,0.151980356103276,6.51662729459218,0.382678225671454,0.133700381546888,3.03004505620958,0.342338822112397,-0.251245826884452,3.53430163060873
0.405821604150199,0.148384511837155,6.6440063718747,0.38282328975265,0.131872858082607,3.04370829927004,0.342075083040247,-0.251123345171277,3.52212735144673
0.406050923164815,0.144812888551632,6.74500808200492,0.382959392046871,0.129949991176197,3.05200492445963,0.341841424079994,-0.250904130832534,3.48214430092043
0.40620629229531,0.141239450947224,6.70851771301143,0.383097872405771,0.127935969579746,3.2637210795025,0.341568167296409,-0.250637003295407,3.45398209019449
0.406347521007834,0.137654021997484,6.65301396317385,0.383278711070806,0.125844250732048,3.19747871021554,0.34131248991067,-0.250376305864226,3.4212302521263
0.406488207346054,0.134056964328869,6.68406432069847,0.383405248239309,0.12370120858408,3.1673217393857,0.341058406706725,-0.250180529831934,3.4494326337982
0.406619092482407,0.130452467582532,6.70375740209115,0.383519876874099,0.1215438592296,3.13077175279902,0.340813465542224,-0.250106606403643,3.45859051276147
0.406743606803616,0.126845369883032,6.69321450858847,0.383625469552082,0.119410131034445,3.07261822482105,0.340803971169678,-0.250193933216379,3.39514698908748
0.406867318769957,0.123239845701607,6.64092631514456,0.383648943393314,0.117327221490119,3.06251987565826,0.340299675729662,-0.250454827146592,3.29290216308335
0.406989943280153,0.119639298130087,6.65849613333175,0.383846188746382,0.115306373848606,3.03709662407297,0.340297402926145,-0.250879868465085,3.2472487109305
0.407118308770251,0.116047184251305,6.726408861411,0.383859816471966,0.113345018858436,3.05141043433212,0.340049658668661,-0.251437086330274,3.14350378760892
0.407206229195854,0.112466563411758,6.49616110563709,0.383977275130016,0.111428037226009,2.98661271558972,0.339804944520808,-0.252067760456638,3.17980139313259
0.407321510330124,0.108899511418491,6.57379269741207,0.384094777682419,0.10952876134721,2.94811337563108,0.339423907031959,-0.252704374828484,3.13127205980824
0.407507830221387,0.105350675898509,6.60635602639696,0.384212406676429,0.107616549391231,2.80105322046295,0.339180720912051,-0.253297056514642,3.15523904889139
0.407512986203776,0.101830612627543,6.7257687241303,0.384368059015074,0.105667103897721,2.89596331149854,0.338909117308817,-0.253819475036367,3.03437344671434
0.407696311875138,0.0983524669132051,6.89373438151566,0.384473023263579,0.103667999918602,2.92512690104475,0.338667518195628,-0.254257771453852,2.97803538851817
0.407707279906876,0.0949258637627159,6.96870136282756,0.38457249700321,0.101616988543505,2.87610868581931,0.338418756236927,-0.25460024803453,2.8691353151193
0.407796470210739,0.0915516736283566,6.92479717751621,0.384674371819123,0.0995161157183812,2.95044390184305,0.338158014509601,-0.25483407605533,2.76993900252332
0.407887187066986,0.0882197838306517,6.98070940173215,0.384765175020799,0.0973675291556314,2.99800845523845,0.337890783998491,-0.254946696275041,2.80290090276436
0.407976121244331,0.0849131051765313,7.11317055696366,0.384873451083783,0.0951731147241896,2.94785890495101,0.33764205421163,-0.254927903230936,2.82003791466908
0.408060838936184,0.0816132998555823,7.24978204876619,0.384973059327799,0.0929360901281385,3.01123219598351,0.337375374547086,-0.25477219484492,2.78638309054788
0.408142163282251,0.0783037498495893,7.3893300959653,0.385059837464809,0.090661933203006,3.00295347795829,0.337019454729882,-0.254486729369051,2.70286053699364
0.408263234990362,0.0749728929461925,7.29812769856687,0.385153897503734,0.0883584493638987,3.12004199633129,0.336734523412305,-0.254102958054061,2.60799632466367
0.408337110717624,0.0716181707582775,7.26830839268571,0.385282253710768,0.0860379936575129,3.09559954491311,0.336478961011908,-0.253679019572636,2.50945141674208
0.408406021529341,0.0682456637485135,7.3753579736674,0.385363670753511,0.0837197230959194,3.04080658576721,0.336214123192122,-0.253285453255524,2.45200003231157
0.408469770817193,0.0648652417974061,7.34687147090201,0.385380727666136,0.0814228987951987,3.04309909742353,0.336212396698094,-0.252981106717723,2.44779390153466
0.40852552551662,0.0614862494857533,7.28795102393915,0.385399310254034,0.0791525928474575,2.95514317695109,0.335696913671619,-0.252799927233894,2.3959788474135
0.408586049998651,0.0581160339159263,7.34245385727178,0.385525479117564,0.0768946371440259,2.87969761849564,0.335694274719448,-0.252754931203478,2.3379909879842
0.408641534637673,0.0547601348486411,7.26306980590869,0.385605712196003,0.0746264045364327,2.87258782293614,0.335453132719877,-0.252836491257986,2.28227076429022
0.408687141224002,0.0514225865998238,7.30310902132855,0.385682418842358,0.0723284859874893,2.84288225276923,0.335202236498122,-0.253007137676255,2.21118277754892
0.408737953574461,0.0481064588489101,7.45254744508734,0.385753129063115,0.0699864926426141,2.80287238966603,0.334834982521351,-0.253218586651517,2.19645643321084
0.408816931301735,0.0448158941426007,7.24720803624013,0.385830039350062,0.067589275092329,2.77914348630038,0.334591886569793,-0.253437339638237,2.13220616244484
0.408821702565448,0.041557744465821,7.35544810815515,0.385926672298791,0.0651304835142609,2.78687646364402,0.334329540721321,-0.253650288887106,2.0389361598647
0.408897493867127,0.0383405089943975,7.44086519957901,0.385992435684552,0.0626113923468604,2.59499409779179,0.334074253860877,-0.253855405607203,1.99294859422568
0.408901878839646,0.0351722515648728,7.36068159524089,0.386057273418216,0.0600403879813894,2.59597554223406,0.333804794466318,-0.254055445019805,1.97142799631649
0.40893643438286,0.0320587227548105,7.50846325292377,0.386107835589681,0.0574290819461456,2.61922629203481,0.33354506496122,-0.254257631016606,1.99592493749399
0.408966143425008,0.0290023276889017,7.62486632158727,0.386159807488951,0.0547886690005259,2.62617680031278,0.333289744722462,-0.254473663220335,1.91238881161628
0.408996445568272,0.0260034188473485,7.64179551548802,0.386219419372653,0.05212882358941,2.60347463533851,0.333033874623305,-0.254717766940779,1.79438819962388
0.409024356243526,0.0230624709513307,7.62344168336263,0.386264074033983,0.049458294630919,2.60056011388779,0.332798169823333,-0.255006153273436,1.7097352851585
0.409042895339956,0.0201810791430571,7.57653319222063,0.386311990604722,0.0467856370678795,2.53562329109251,0.332409573423778,-0.255359898782782,1.71637917936819
0.409076418248072,0.0173625278540496,7.59009791718267,0.38637715959899,0.0441199776701918,2.50729448450728,0.332399308109878,-0.255803806764675,1.71689069271161
0.409090105379459,0.0146123789886842,7.87789515288316,0.386388013237643,0.0414712174516,2.58012782697056,0.331872790262421,-0.256360429357172,1.70717605067079
0.409096724902262,0.0119376983761804,7.81209019174032,0.386457619967449,0.038848988736189,2.64424132025187,0.331872790262421,-0.257044631453517,1.55191732383689
0.40910601969875,0.00934501135845086,7.79319117611761,0.386463224634412,0.0362613236924752,2.68580751010232,0.331632540098369,-0.257852092106276,1.52070153050931
0.409110952105181,0.00683903399818838,7.72427356291804,0.386500919137019,0.0337133071938534,2.64106415981716,0.331333526646226,-0.258751029987447,1.50730601342903
0.409114183985763,0.00442274355543717,7.67493213714976,0.386530965733174,0.0312065044179935,2.56949832867455,0.33107813299218,-0.259694300266135,1.51660043170678
0.409118747083923,0.00209791530310109,7.57516545021799,0.386566359332462,0.0287405803323976,2.53995159414973,0.330822465270872,-0.260634936282274,1.47319344570694
0.40911881648525,-0.000134251405711086,7.60494414547034,0.386594772484676,0.0263154798703676,2.40820299389532,0.330556094958928,-0.261528541621414,1.47132177093289
0.409119529808905,-0.00227251107300343,7.66993917530857,0.386618085157076,0.0239319828968323,2.37638433191689,0.33028970844393,-0.262333497162831,1.49651543565328
0.409119567917457,-0.00431507044401144,7.70192430624125,0.386639405768744,0.0215912634776041,2.42087450052252,0.329933649838047,-0.263018763174022,1.51449493007886
0.409111265249597,-0.00625956451678201,7.77939159382623,0.386671841631904,0.0192951961311902,2.34780727926767,0.329656216600291,-0.26357378120009,1.47989449007971
0.409098971725753,-0.00810406976060512,7.60262623227642,0.386688894484944,0.0170473719714716,2.39495862618455,0.32939485250753,-0.264009061870716,1.48223347936768
0.409079920629906,-0.00984888697798894,7.73185221107367,0.386702214539251,0.0148529549326497,2.32827226158589,0.329121989993714,-0.264347034598996,1.43958249873357
0.409065567464287,-0.0114978821173033,7.74870286283622,0.386711024880858,0.0127170520188135,2.21869363459074,0.328867152088104,-0.264613873774066,1.36643288794134
0.409048658887234,-0.0130585743297039,7.91388635218509,0.386723146669561,0.0106433630029491,2.25098643026251,0.328584863785728,-0.264837887138978,1.47555388706596
0.409032932191848,-0.0145413615091562,8.11916023917523,0.3867264016934,0.00863377877057912,2.19052504516158,0.328288378765738,-0.265052692415178,1.54090195784634
0.40901513613953,-0.015958614416019,8.28796915815177,0.386730791081956,0.00668820801363607,2.23371043556743,0.328023960454427,-0.265300433861546,1.46685171770053
0.409001807338762,-0.0173236752236064,8.39131769623402,0.386735980479626,0.00480453584232707,2.27463339070487,0.327761660968711,-0.26562547835799,1.43919692958847
0.408987657489713,-0.0186497309494602,8.44688585004016,0.386735980479626,0.00297889665560259,2.24594072167296,0.327750386800574,-0.266055121801583,1.44933547529384
0.408963445418337,-0.019949345016581,8.49280722708058,0.386735539473302,0.00120585762626033,2.27896622277609,0.327237754369494,-0.266586617516356,1.42282881819883
0.408942775359263,-0.0212349284826841,8.58559655694984,0.386733618536572,-0.0005215163384805,2.34939603671258,0.327219740600403,-0.267193732860189,1.4523506315489
0.408925759801879,-0.0225189444951614,8.77295924801954,0.386735146071159,-0.00221113928125657,2.3228789541414,0.326833784005333,-0.267836883702337,1.4501122613635
0.408902866813959,-0.0238132694761733,8.86787874503713,0.386734221236457,-0.00387090725115641,2.34781699226959,0.326552766520205,-0.268471531588527,1.46913013560321
0.4088804930507,-0.0251286982934402,8.89604284217434,0.386729838008427,-0.00550801223800838,2.53748934353223,0.326279500055149,-0.269059872229241,1.35210552379094
0.408854622851129,-0.0264746427940875,8.83834674768109,0.386722198558478,-0.00712901187871499,2.59633060412196,0.325996560170735,-0.269575049278889,1.29053929935856
0.408852127492453,-0.0278581421431808,8.88296685461675,0.386717323793206,-0.0087400620301961,2.60617869130202,0.325740802084984,-0.269995842697492,1.26070713844655
0.408797612089716,-0.0292833001834287,8.85694193504148,0.386709968199522,-0.0103467355300599,2.5819750665716,0.325470119017696,-0.270301886485452,1.12701943062883
0.40879384326467,-0.0307517677262896,8.83370158592516,0.386697154466013,-0.0119538070603832,2.58537833700289,0.32518844901337,-0.270472422279293,1.16743477978245
0.408770275771044,-0.032262282287726,8.80473181250163,0.386688105229381,-0.0135653307460894,2.56632626537499,0.324931600460767,-0.270489384378728,1.15838155064444
0.408723421854306,-0.0338103594592212,8.86499266568811,0.386673520630933,-0.0151847904700858,2.59987871634653,0.32451323626476,-0.270348431301558,1.05428891863947
0.408689365235883,-0.0353905996801502,8.90909705641492,0.386653861242494,-0.0168154208837362,2.65448843591218,0.324231275630576,-0.270073300657492,0.99828672718571
0.408651937256766,-0.0369989590818061,8.75505627880378,0.386638696344572,-0.0184606507452293,2.64905856252001,0.32395526740191,-0.26971804585072,0.926429048898468
0.408616666832513,-0.0386324447827396,8.7780333184567,0.38661880928463,-0.0201240739008971,2.53433455436361,0.323675023036977,-0.269355214902873,1.00697953394692
0.4085779621273,-0.0402879389272866,8.79194132936739,0.386601526129986,-0.0218089936493435,2.41010025032349,0.323399365412687,-0.26906534020801,0.949580115299443
0.408537753225279,-0.0419617479955355,8.86560464903381,0.386575458137731,-0.0235182810175193,2.45274199579832,0.323121243854318,-0.268928971788044,0.922126333209732
0.408493166096008,-0.0436498285908452,8.93136262071229,0.386551205292414,-0.0252543308156671,2.43329761516668,0.32311142015154,-0.26900087619593,0.88930674421395
0.408447750842255,-0.0453483140654624,8.93157603515937,0.386547129960263,-0.0270176883341362,2.51156501313773,0.32310717489862,-0.269267757639335,0.839710428012941
0.408399362700725,-0.0470540035477819,8.92789162495234,0.386520425067477,-0.0288050295419337,2.5592311203959,0.322605599275559,-0.269639634992776,0.873233779494647
0.408349406765993,-0.0487651489474635,8.89126822948861,0.386477997004301,-0.0306098327711653,2.48809489947507,0.322307096638181,-0.269998116327653,0.841438569128473
0.408273366245615,-0.0504835152202878,8.91453551209356,0.386447023404491,-0.0324256630727941,2.41863648687545,0.3220479417897,-0.270246268337352,0.91805516908841
0.40821971309021,-0.0522167795749658,8.88804380417909,0.386411289245067,-0.0342480342094744,2.4232078410537,0.321628599144004,-0.270321986345009,0.886291524741344
0.408166477488469,-0.053977402830164,9.08582904616074,0.386380293823021,-0.0360734968767362,2.32989342012409,0.321360126331343,-0.270196865321623,0.85116496888092
0.408162666806083,-0.055775931987785,9.02774408667891,0.38634940977261,-0.0378979185506565,2.42804341312944,0.321079579540606,-0.269870990721398,0.901615433643255
0.408109164034495,-0.0576135362130048,9.0343007902665,0.386308053403631,-0.0397157361311283,2.49709341722485,0.320822369570713,-0.269359066352419,0.843108991977375
0.408052455408636,-0.0594808539396966,8.92012810181469,0.386263518896467,-0.0415207156515492,2.46730227784519,0.320549301931176,-0.268678490179571,0.849497136579066
0.407992504463818,-0.0613625703658336,8.8643452915381,0.386221653236142,-0.043307613732653,2.45066627277087,0.320280565922421,-0.267846472999595,0.869399266926346
0.407932911744218,-0.0632413814849943,8.80946335325735,0.386152965853299,-0.0450743625018652,2.32088305729514,0.319991194709625,-0.26688222308154,0.812349455147034
0.407868880440499,-0.0650998333835323,8.7767392611508,0.386104149065245,-0.0468241337280568,2.30954625409972,0.319723261681967,-0.265809638855652,0.799613755079399
0.407765778802774,-0.0669234520917485,8.75326817723747,0.386059114539968,-0.0485644363241463,2.31704427762856,0.319453065117842,-0.264657485191236,0.893398301631241
0.407695239649898,-0.0687047718523697,8.74318157127153,0.386044976781373,-0.0503023770847251,2.29894738542192,0.319201639725537,-0.263456785145715,0.846751256069913
0.407629185137498,-0.0704435992086547,8.68638229011121,0.385962224007097,-0.0520406848462022,2.30536152742748,0.318933293946545,-0.262240735573853,0.716464618619766
0.407555616642373,-0.0721433930547539,8.53711163500225,0.38595469256094,-0.0537768401113338,2.34185540004605,0.318538690091227,-0.261049598342133,0.616620001489242
0.407480655601482,-0.0738084393372867,8.5803070111795,0.385899172295766,-0.0555023503567299,2.32983125978622,0.318529647400756,-0.259930014156338,0.58396516475774
0.407410801182933,-0.0754431577275625,8.62608938348081,0.385841461530654,-0.0572025964258547,2.18706841636771,0.318007032597178,-0.258926474624364,0.498611492756498
0.4073311763075,-0.0770519009510605,8.64918322518026,0.385787143342429,-0.0588593259924479,2.2221991777137,0.318007032597178,-0.258068860995129,0.504328878231171
0.407253457520118,-0.0786390067419094,8.71204489202214,0.385725190482018,-0.0604539864149687,2.20011180851948,0.318007032597178,-0.257346824164783,0.508747304390299
0.40717223419108,-0.0802099080382778,8.77436439381076,0.385626246508381,-0.061971539393938,2.15462569288605,0.317482332051448,-0.25669751562072,0.508250519379784
0.407053610044659,-0.0817742677315231,8.7414838957069,0.385562033557552,-0.0634044921415679,2.20518891728447,0.317204513592166,-0.256042374985204,0.451722033967833
0.40696742299621,-0.0833497232093091,8.79930154573425,0.385494706764718,-0.0647532948617557,2.28288114245764,0.316946065763114,-0.255328502906183,0.433244200965887
0.406882707548543,-0.0849605103184597,8.68788264072846,0.385431167361973,-0.0660227797118581,2.21446156144198,0.316711489727766,-0.254526462159915,0.344423915557619
0.406877282707338,-0.086627445839429,8.64010730790885,0.385364894214725,-0.0672188955145888,2.20276815868305,0.316454975589336,-0.253610757528272,0.341394247520838
0.406798264580322,-0.0883565648990332,8.95391293947631,0.385295879526989,-0.0683476278430001,2.20987000300029,0.316206969055491,-0.25255268681714,0.294486984035441
0.406695290009164,-0.090138358844154,8.89550289083802,0.385226454440921,-0.0694150155176088,2.2202137557012,0.315952121153462,-0.251323866692646,0.21952125811719
0.406601622538051,-0.0919567644863789,8.78507743023573,0.385158779573765,-0.0704272334662536,2.3761811458526,0.315573005969481,-0.249907479252991,0.151513658204034
0.406515179146131,-0.0937958510377899,8.76833926251879,0.385083218570548,-0.0713914924131646,2.32296792477004,0.315332382017037,-0.248310592650698,0.143695043147181
0.406422416341914,-0.0956399041674022,8.76464992693092,0.384968973081907,-0.0723193861622851,2.32597615952746,0.31508707275999,-0.246563244634316,0.177165753608984
0.406326998137955,-0.0974718940240887,8.75129523079175,0.384907293527269,-0.0732292889336044,2.20865760518547,0.314841638501286,-0.244706129897717,0.178602104829686
0.406234497938205,-0.0992743623150821,8.68440372697881,0.384884128465841,-0.074141906675325,2.24163867755109,0.314579459007391,-0.242783014235994,0.11945650091619
0.406066745339429,-0.101034666117848,8.68082887753064,0.384769192346335,-0.0750729474573152,2.22234041153653,0.314331654282427,-0.240841347161562,0.0586394783446769
0.405965283363523,-0.10275183458536,8.58638004135137,0.384756279658153,-0.0760298490582962,2.23521784749444,0.314092403471905,-0.238928648483707,0.00780111061303645
0.405860373511018,-0.104437319551489,8.54912130108111,0.38468281483108,-0.0770104482836615,2.32674325645538,0.314088555866446,-0.237076785337903,-0.0220556674494723
0.405754940922733,-0.106109210359813,8.32187575848181,0.384603908284945,-0.078003028427796,2.29843564671402,0.313643310210648,-0.235289336735706,-0.0451023899649445
0.405643502400773,-0.107787555315315,8.36422159630865,0.384524777628973,-0.0789905701384549,2.31409821291562,0.313629771364258,-0.233546324255002,-0.00754794256310243
0.405535279269321,-0.10949344075316,8.30293602387548,0.384435559342218,-0.079956517961431,2.26155638944342,0.313273081377361,-0.231814972337651,-0.026308702577494
0.405421403974074,-0.111247106766678,8.39670947173901,0.384322059077854,-0.0808895478893338,2.32430369045,0.313040044417524,-0.230059505622804,-0.108879431634416
0.405413944215423,-0.113061575037494,8.42921885423464,0.384240965298871,-0.0817866244062936,2.30677689767478,0.312820312243759,-0.2282506132469,-0.152997429734581
0.405206613029224,-0.114937362585864,8.47356156344836,0.384157996365168,-0.0826519862267617,2.38640969345933,0.312574477620349,-0.226367190855441,-0.199764312716656
0.405200194937032,-0.116863868482519,8.49685550688599,0.384076888156394,-0.0834930974161912,2.43923928724055,0.312339454172658,-0.224393182378478,-0.245790478206274
0.405018451451101,-0.118823757351896,8.45170567585902,0.383994965197703,-0.0843175677563405,2.51210317202681,0.312126106421827,-0.222316027483928,-0.23088186917025
0.404888113391511,-0.120798824362715,8.41081495566438,0.383912248444498,-0.0851321398298753,2.45827238899373,0.311908580801478,-0.220124466381274,-0.287171207116628
0.40477068429804,-0.122776118488299,8.4501362642464,0.383825778881871,-0.085942566314961,2.46561567298958,0.311682093968362,-0.217808365181897,-0.298559207240059
0.404641568867337,-0.124748336415467,8.49589924323832,0.383746636370278,-0.086752416426213,2.47918945618393,0.311373235043977,-0.215366591520627,-0.270498178854247
0.404519924618728,-0.126710416885874,8.56711769641833,0.38371460275053,-0.0875606666043301,2.4775716950338,0.311148152576884,-0.21281737971644,-0.303339062831382
0.404381385987158,-0.128658118917347,8.54006855145848,0.383515679029668,-0.0883635846946615,2.63126615576664,0.310950504263429,-0.21019853628959,-0.377453613746786
0.404264611703853,-0.130587775930039,8.45665630366367,0.383502278122028,-0.0891603152805311,2.67451124756025,0.310717756304136,-0.207558494042884,-0.316767638606024
0.404128869751102,-0.132495184221396,8.32556435444477,0.383409210108283,-0.0899516692264977,2.65448744409387,0.310516566726598,-0.204950223045716,-0.320112558232661
0.404009275898527,-0.134374078649571,8.23182042952496,0.383322703655561,-0.0907339778236134,2.53516639095615,0.310298194753697,-0.20243046792648,-0.323216927543656
0.403875760433577,-0.136216733326643,8.2239104703538,0.383227065467136,-0.0914988755681532,2.5823933673171,0.31010359599464,-0.2000555618562,-0.352791350582847
0.403655868794213,-0.138020779849376,8.24529383919395,0.383133477143167,-0.0922371154616204,2.64430030605323,0.310095220387978,-0.197865086371225,-0.407481001273304
0.403503213497122,-0.139799671135637,8.2699738822904,0.383044352119124,-0.0929400610614952,2.69037028843904,0.309898716642062,-0.195858545423906,-0.424825400967939
0.403351146632724,-0.141586042087584,8.22983618787612,0.382948475228605,-0.0935993421153715,2.71640916375345,0.30988865146956,-0.193984183797109,-0.418302128003537
0.403207850773667,-0.143422718622183,8.07713643310644,0.382854790366026,-0.0942075391138145,2.80168587773731,0.30951678879705,-0.192155241434252,-0.446430993477074
0.403199531279178,-0.145347045934685,8.14001545044201,0.382713865532371,-0.0947617359650204,2.71227027742042,0.309233575911817,-0.19028896332659,-0.422180517662839
0.402932090587133,-0.147380851211771,8.1501469969934,0.382624183842067,-0.0952675413694578,2.64121880021576,0.309042798656911,-0.18833715894956,-0.469445380548843
0.402916503170755,-0.149530367901773,8.23849342139864,0.382529001214431,-0.0957384944248979,2.6684232994451,0.308843960564958,-0.186284473523488,-0.455783667866077
0.402780674533921,-0.151785264103417,8.24806977017739,0.38243024664187,-0.0961917543760754,2.71748456117035,0.308647737169313,-0.18413123179261,-0.479606047907459
0.402620549585026,-0.154116344329575,8.22657571814912,0.382334240064948,-0.0966453368213399,2.76792732725852,0.308470344120411,-0.181883329743486,-0.437450189625247
0.402477609259042,-0.156481349868801,8.20839815320293,0.382234985495702,-0.0971178562442528,2.78420271536025,0.308295085354611,-0.179548405830108,-0.472296805989084
0.402319898019554,-0.158833267066916,8.15697119405258,0.382135101874098,-0.0976285047397052,2.71094788485363,0.308110986994345,-0.177133889815323,-0.397561131109047
0.402149459651273,-0.161125671906799,8.22620341490742,0.382053020737636,-0.0981942962862267,2.74509796303602,0.307929957439428,-0.174647589221476,-0.444743431309215
0.401906687386394,-0.163321341499865,8.16057839149527,0.382038765364222,-0.0988220353356918,2.70994958640905,0.307747895986957,-0.172101041764201,-0.531576667738543
0.401715479527788,-0.165403048452342,8.29591957215186,0.381929224782173,-0.0995014436236517,2.75174449261142,0.307501568384466,-0.169516244027403,-0.569578995642824
0.401538229203333,-0.167376269563996,8.17491847254628,0.381786324613355,-0.100210729463682,2.66548784149849,0.30732685929855,-0.166929410780036,-0.571183902704776
0.401366095156019,-0.169261441863922,8.20787918340282,0.381686168022661,-0.100929832829162,2.79195895745383,0.307325687987065,-0.164380811445871,-0.49928053567314
0.401224568288198,-0.171082997709512,8.193912410004,0.381589916184976,-0.101645811060093,2.8663741999447,0.306997380982437,-0.161900672096561,-0.458131359915906
0.401061938885726,-0.172861301349835,8.15839045698491,0.381485753431145,-0.102349182074726,2.85353344916588,0.306992653420665,-0.159506506359157,-0.436798564445012
0.400885887643833,-0.174610441185222,8.09770806225521,0.381384579042999,-0.103030584818581,2.80618517239117,0.3068323999048,-0.157201932515984,-0.456948632820203
0.400698840040913,-0.176341586286763,8.06728815378217,0.381279506306745,-0.103680652305196,2.73701855659086,0.306686783268935,-0.154972733006703,-0.471666885005106
0.400521750320725,-0.178069127459934,7.97916675469889,0.381165144103048,-0.104291335561536,2.81120365521804,0.306531572165981,-0.152791477111812,-0.481466105942732
0.400237657399544,-0.179816647897603,7.99814496094721,0.381051303049689,-0.104858612458738,2.79593929663825,0.306375443582193,-0.150626888068258,-0.473894715932603
0.400220283958419,-0.181613149130605,8.008205085753,0.380897811505464,-0.105386789481718,2.84949230561392,0.306210969034633,-0.148449441973886,-0.456712476724397
0.400049262607138,-0.183475794079969,7.83025978159566,0.380803018672,-0.105891270690332,2.81921252023299,0.306054100061361,-0.146234179935599,-0.484986095769134
0.399853791223502,-0.185399294268198,7.81863329954582,0.380693796244476,-0.106396031114374,2.86793851180561,0.305908307529229,-0.143962545374866,-0.517249250405442
0.399670422898275,-0.18736397380284,7.7780612247167,0.380587493864894,-0.10692811234305,2.78202561383799,0.305703012514698,-0.141625514922236,-0.502443975458629
0.399501007408012,-0.18934555151921,7.74177870918844,0.380492064056482,-0.107512370393463,2.84986489880971,0.30555902042562,-0.139227718355727,-0.477599889437097
0.399315611043757,-0.191315953089615,7.80518651152087,0.380460746484115,-0.108165546545266,2.84850855892214,0.305421145463829,-0.136786648940729,-0.455547405106802
0.399120639510489,-0.193242743381858,7.83046054248618,0.380276069784768,-0.108892935232838,2.89742674624389,0.305287570650385,-0.134326254084112,-0.42944026279519
0.39892439032799,-0.195093560669464,7.71827195763489,0.380262917595807,-0.10968947024589,2.93821809591025,0.305155316515939,-0.131871475899374,-0.493208256005824
0.398614521436769,-0.196847072005867,7.71071351164998,0.380149715964019,-0.11053944539568,2.92454440735064,0.305027620118778,-0.129446583011742,-0.476931650957005
0.398414958286594,-0.198504805916555,7.651881516491,0.380015041001161,-0.111418539769133,2.9457543389026,0.30489433923289,-0.127075415139905,-0.637289817879006
0.398200941948721,-0.200092357576018,7.73569457483563,0.379844845670082,-0.112305349245043,2.94207219858646,0.304767992661082,-0.124779812507442,-0.572249032863451
0.397989328717798,-0.201650313080014,7.92863209092177,0.37973523757824,-0.113192218160333,2.92894049690316,0.304765432618713,-0.122570714055803,-0.562742751466616
0.397796235614793,-0.203225190018045,7.92764482062516,0.379628880640519,-0.114083152001816,3.03981351352025,0.304645934253951,-0.120437379441684,-0.632376158654705
0.397613974889565,-0.204863176716336,7.79401321906477,0.379543576879985,-0.114983419029929,3.0730053112854,0.304462454196861,-0.118351854511708,-0.704365933306238
0.39740607131028,-0.206602236429173,7.79271986426749,0.379427349803235,-0.115892258029113,3.09893389209853,0.304339379281867,-0.116287077317144,-0.752936518170329
0.397395789189264,-0.208456750283126,7.7560421822297,0.379306850508317,-0.116803381071932,3.02755097430851,0.304222410742702,-0.114227118339309,-0.775991012181221
0.397198082283703,-0.210402752299352,7.79812948676965,0.379174563878227,-0.117709916065648,3.03454474417627,0.304104900302341,-0.112164086543915,-0.844728953330022
0.396858889092675,-0.212388514862186,7.75445806001033,0.379058001787079,-0.118608266572477,2.92403851987289,0.30398945439448,-0.11009347087125,-0.810956425354644
0.396631732648396,-0.214366888648378,7.83483375122273,0.378926707179479,-0.119500258798486,2.89761872892289,0.303878902605983,-0.108012774553534,-0.846052289659631
0.39642362712361,-0.21631229457702,7.79570272112314,0.378741107661651,-0.120397686997714,2.91842677375536,0.303775002776979,-0.105920695173938,-0.84501066574467
0.396205638949672,-0.218212422961406,7.84594198761792,0.37861458082903,-0.121327649059855,2.90155090447789,0.303673905132978,-0.103815970632962,-0.855622734729133
0.395990890335771,-0.220057341201356,7.65689795807091,0.378509338532599,-0.122328124026085,2.86585914747094,0.303560321000458,-0.101697895917746,-0.892798992256529
0.395755352927914,-0.221836705082956,7.63723659321584,0.378509338532599,-0.123428210576363,2.79017723314237,0.303428118900902,-0.0995698114116176,-0.910579621368932
0.395567636268337,-0.223538462641874,7.62236243514055,0.378465666074721,-0.124626147845214,2.66681060158332,0.303333203294376,-0.0974423760298431,-0.894109564130005
0.395355369735897,-0.225145131179398,7.7459033475823,0.378247382066418,-0.125888611550404,2.67240085114033,0.303239324499424,-0.0953322642769663,-0.913196827665311
0.395126560192804,-0.226634320911823,7.73353177852702,0.378122482162002,-0.127172598793059,2.69228819372771,0.303149060698687,-0.0932579130620248,-0.952300934854963
0.394766985593778,-0.227991743752014,7.71912958973167,0.377987291713792,-0.128443372674398,2.78414207020513,0.303052606266692,-0.0912372554338865,-0.977848221254652
0.394524612357299,-0.229228643159652,7.63689164322157,0.37785373668625,-0.129675074232685,2.79791944225113,0.302958147471341,-0.0892867321151413,-1.00896285074415
0.394288151319853,-0.230385302930195,7.62673990960992,0.377725365449661,-0.130845731538784,2.82640022240418,0.302954620009848,-0.087415806890558,-1.03218814995167
0.394038491148532,-0.231519498903399,7.56015972781669,0.377585255724925,-0.13193662818948,2.80045406891398,0.302869599534428,-0.0856187742616635,-1.12637519152691
0.393855877385131,-0.232693078684281,7.72886289586927,0.377387574176375,-0.132936863928602,2.81017616909807,0.302779466834767,-0.0838745861217369,-1.09075808911081
0.393617356762377,-0.233963167770188,7.8370520469125,0.37727049318567,-0.133847963142064,2.86803256008151,0.302685721297335,-0.0821565472116211,-1.19364963937641
0.393394299669762,-0.23537496163681,7.79221812211683,0.377140970663407,-0.134681337112221,2.87850983187474,0.302571831741618,-0.0804424412037184,-1.20133467199161
0.393379912225182,-0.236946658759614,7.75875602325026,0.376997144656332,-0.135451593195433,2.91240265636607,0.302490787879756,-0.0787189607367883,-1.25581163689407
0.393148692922141,-0.23865106672848,7.75070785003261,0.37686231616851,-0.136173935413661,2.87598882644279,0.302414521363547,-0.0769803421818307,-1.28793743265574
0.392886242982219,-0.240420631193334,7.74797147010555,0.376713131724632,-0.136865567901385,2.83806123986464,0.302336765400033,-0.075224335709531,-1.32674135619127
0.392528125895505,-0.242181005238017,7.78554450439527,0.376572336908403,-0.137547028884388,2.73921906128453,0.302259893985047,-0.0734497623909765,-1.34813660198614
0.392266636110131,-0.243881706005291,7.81761767859863,0.37643420317123,-0.138241950004878,2.73238942458458,0.302184663070971,-0.071656366269022,-1.37935974975641
0.392012828760996,-0.245501075622629,7.85685748985851,0.37630182938651,-0.138974913771704,2.69088545599149,0.302114469204159,-0.0698450842632758,-1.41414430146919
0.391769842126752,-0.247033578703753,7.84341151143954,0.376182443038339,-0.139766322709956,2.71532478747994,0.302039229068698,-0.068018461071264,-1.43826726145428
0.391547360304112,-0.248476269009879,7.83506156440785,0.376131171196981,-0.140626695291112,2.75492607030225,0.301955255274934,-0.0661821200885609,-1.51608690876861
0.391303651511106,-0.249821267427181,7.62119520719888,0.375803745076908,-0.141560580594498,2.71754077730894,0.3018871922338,-0.064346333091119,-1.59575016212382
0.391060933058674,-0.251054118143949,7.61589603040891,0.375785034899995,-0.142577060427753,2.74776713983752,0.301827079182754,-0.0625242468212511,-1.623654741749
0.390798355346789,-0.252156587735375,7.58417332011849,0.375657337196246,-0.14368666397005,2.58206811941437,0.301826690922799,-0.0607259819424713,-1.61903223733024
0.390535363008923,-0.253110951075307,7.58632652257734,0.375526218791106,-0.14488823020143,2.61638234464927,0.301703957976201,-0.0589548204854606,-1.67192572415629
0.390286167475337,-0.253905409772732,7.68467603617224,0.375379777564327,-0.14616712363637,2.60535597042052,0.301702284036235,-0.0572088396021569,-1.66335939410438
0.389869529000997,-0.254545976190586,7.59450971985853,0.375224137144939,-0.147503305145463,2.72817302005276,0.30163817329976,-0.055482196037815,-1.67857951841793
0.389604692800183,-0.255072424744364,7.48902030710118,0.375079180093399,-0.148876900559417,2.76950091175984,0.301582274361551,-0.0537650107518242,-1.7581647907434
0.389282136161356,-0.25556290993374,7.43730627017265,0.374921207163761,-0.150269790336581,2.69980736460107,0.301513072879226,-0.0520467458309446,-1.7588087569994
0.389074134107943,-0.25611660605634,7.38593203904569,0.374768193231459,-0.151666031598867,2.69235230890937,0.301449046874513,-0.0503211161528984,-1.79422471156799
0.389062900095489,-0.256816657809888,7.37052589193368,0.374609361195527,-0.153053600224138,2.65130089370327,0.301400236264897,-0.048587710444631,-1.85552990680024
0.388822118070145,-0.257694516020604,7.4904106614786,0.374380833506532,-0.154429764559707,2.62134984644088,0.301348572077614,-0.0468503797983757,-1.88826025061225
0.38859287523545,-0.258724918366115,7.50045923040628,0.374239137746987,-0.155806422770386,2.73654663623957,0.301304805680531,-0.0451149391876486,-1.83064779074974
0.388357447175073,-0.259847598980341,7.37711289533382,0.374084032050353,-0.157208112075916,2.86862828361819,0.301260590810831,-0.0433877314688444,-1.80527502511827
0.388075171522443,-0.260988231528836,7.41644058960032,0.373908300954966,-0.158665634485235,2.78990184890525,0.301217287712407,-0.041675025985813,-1.80890884033905
0.387800738935449,-0.262072927262933,7.20734992414416,0.373743635197021,-0.160213323475731,2.69627661520466,0.301180770044086,-0.0399828095180953,-1.9008232416536
0.387398712281511,-0.263045177175983,7.1175203761333,0.373596680562517,-0.16188507561995,2.62529980991771,0.301135125631603,-0.0383169745389666,-1.88412408037142
0.387125530132514,-0.263880322797026,7.05781778565875,0.373596680562517,-0.163696972777544,2.61959019775888,0.301097383889653,-0.0366840060367548,-1.79811714195756
0.386857851281485,-0.264584388539013,7.02680301829815,0.37354656302816,-0.165623916467173,2.63887017105651,0.301057682363126,-0.035091606715322,-1.83803858764169
0.386587939179669,-0.265179893739738,7.12807002378587,0.373230033735329,-0.167602524443773,2.64599267829836,0.301025791156794,-0.0335485487146682,-1.78893776796435
0.386328677853482,-0.265693238849236,6.92133082431069,0.372968985809071,-0.169569081262751,2.76431842202529,0.300994129731795,-0.0320633345725473,-1.83419510995559
0.386101535163969,-0.266147481691248,6.66141256551798,0.372804226975778,-0.171491820324196,2.65432794654833,0.30099305151924,-0.030641712718316,-1.83032419745888
0.385830377325116,-0.266558193161268,6.65034926883455,0.372625714140281,-0.173368162489055,2.66112833171372,0.300939318261464,-0.0292850040010388,-1.86563683286917
0.385556521664989,-0.26693451679583,6.61040038088421,0.372461979834426,-0.175206239854296,2.56557685156386,0.300938315928328,-0.0279905470230274,-1.87944248285618
0.385294076518821,-0.26728673776915,6.64105566375203,0.372289735634113,-0.177014128274078,2.58229481803287,0.300907672407705,-0.0267523599909686,-1.88753522011318
0.38486258340536,-0.267636489633606,6.66927610960488,0.372114033267505,-0.178797382695809,2.60584292364784,0.300880283374915,-0.0255617355938669,-1.9643359260722
0.384832848655444,-0.268018722405325,6.55424029865857,0.37193495814613,-0.18055948934874,2.67377757586916,0.300848922295594,-0.0244094047630975,-1.93817372327655
0.384313982092776,-0.268473615100845,6.40319624776491,0.371750773648113,-0.182303320838779,2.65956393540997,0.300817247558717,-0.0232880510592348,-1.97732672460596
0.384269185762061,-0.269037671055488,6.27626708891199,0.37155523827302,-0.18403494532941,2.66383112408385,0.300796958270914,-0.0221931660031027,-1.99252452365596
0.384012952692335,-0.269731350509183,6.29160517325627,0.371272063138149,-0.185772715221226,2.63481155242639,0.300768368476497,-0.021122470828811,-2.14493760443398
0.383754381103216,-0.270547161817984,6.29568170311407,0.371082294358276,-0.187556071240649,2.62181123338249,0.300753270062954,-0.0200749266507755,-2.1766548015659
0.383527527788196,-0.271452080717836,6.39347608935978,0.370929633446381,-0.189439213052769,2.63975437329631,0.300732081082949,-0.0190498370456202,-2.17115055252036
0.383250415759546,-0.272397590812922,6.35109465387386,0.370869359232808,-0.191469287962331,2.78497541570302,0.300713886283254,-0.0180464218059426,-2.1927985073409
0.38296489807381,-0.273327806058701,6.25039854339669,0.370570705861722,-0.193670237703222,2.87350507949616,0.300692583436957,-0.0170640812216324,-2.2644764515572
0.382678314452077,-0.27418971492342,6.20026949322308,0.370570705861722,-0.196036386505781,2.92375424892588,0.30067766594466,-0.0161027097336103,-2.22662424108346
0.382264033624709,-0.274948826153429,6.10072549417079,0.370527343674967,-0.198520769315207,2.77697953057494,0.300664689069718,-0.0151620675328092,-2.25026584684183
0.381957955668133,-0.275604262734701,6.07581112048566,0.370137150603528,-0.201036036199951,2.62160184647235,0.300664552515896,-0.0142404412513946,-2.2718387197492
0.381676863881312,-0.276189926802151,5.98414669096665,0.369905594647187,-0.203489613373544,2.61512325551959,0.300630090176394,-0.013334469654026,-2.30964343586095
0.381394512559177,-0.276760645559318,5.95148542732929,0.369616755176337,-0.205820842581932,2.63999642330994,0.300629843803185,-0.0124405216026758,-2.42508360230331
0.381126854405461,-0.277378459899107,5.95450999749644,0.36939924537599,-0.208007076855838,2.60484985684494,0.300614992624932,-0.011555369906035,-2.50640354440055
0.380830339380782,-0.278102375910514,5.94969137905328,0.369193735981914,-0.210050031257071,2.55810617073985,0.300602041056625,-0.0106757963883816,-2.52799222101912
0.380825664427607,-0.278971776356027,5.71293870759361,0.368978743499332,-0.211961813635314,2.62048767099502,0.300591515224425,-0.00979880429834281,-2.58628432108948
0.380328827635655,-0.27999198827862,5.72584194728165,0.368763913299613,-0.213757016423168,2.52565367363598,0.300576461523963,-0.00892237984361153,-2.5726872406539
0.380319365617239,-0.281136192464705,5.732622988273,0.368570441323021,-0.215449013026547,2.47860032152747,0.300568095217967,-0.00804586671094978,-2.63208881388023
0.379878387121935,-0.282356714493538,5.68962922524225,0.368363723165047,-0.217046875663504,2.53794580606069,0.300560991252535,-0.0071696792110787,-2.69706810678384
0.379591667835483,-0.283600158223724,5.68313834622784,0.36814646674948,-0.218553907544863,2.54380145822884,0.30055496264101,-0.00629456543909426,-2.71182138690261
0.379319237706235,-0.284822128869762,5.74002273430974,0.367931685189553,-0.21996947620447,2.51537025980247,0.300550728728494,-0.00542098199897374,-2.68563194311192
0.378997466635265,-0.285990093747787,5.79893392917086,0.367688659466909,-0.221294881017041,2.61371983720413,0.300545858589944,-0.00454884883945274,-2.78848266093968
0.378718905997941,-0.287078967345128,5.91896506132289,0.367358256929718,-0.222545019799058,2.66644095159582,0.30054324735297,-0.00367761898742672,-2.84261641668642
0.378426611088621,-0.288068176360634,5.82472158682953,0.367134838845047,-0.223759440313987,2.73298852034465,0.300535438330048,-0.00280662410141071,-2.99150367149766
0.378154621431806,-0.288938398260196,5.81708250803247,0.366912076344076,-0.224999712652886,2.71136853867775,0.300537245017175,-0.00193533783837716,-2.93569433251393
0.377854272506328,-0.289668063760853,6.02483356617951,0.366725053139145,-0.226331123113475,2.63600314004705,0.300535908458544,-0.00106309533183703,-2.99017899753663
0.377614288242333,-0.29023299323309,6.10757361090577,0.366662561896147,-0.227800714275037,2.7130913174165,0.30053795522316,-0.000188621597911263,-2.93744209501479
0.377169935089189,-0.290614861803447,6.21299457580181,0.366270013053859,-0.229428276984243,2.80104987409984,0.300534568010515,0.00068984261684571,-2.94803589537136
0.376875309554363,-0.290816709093134,6.21251344377576,0.366241031362978,-0.231210302339484,2.83037378841395,0.300534440520614,0.00157407169219481,-2.89446753174869
0.376567230507937,-0.290869088665657,6.15213888362921,0.366016747119021,-0.233118871903201,2.84136814093663,0.300548175088362,0.00246624026455192,-2.92784735134118
0.376266512074745,-0.290821651079346,6.09609253488707,0.365781311354508,-0.235098902575564,2.7930063331915,0.300548785664316,0.00336987993242076,-2.97788169862423
0.375959579352513,-0.29073440861358,6.16092590579791,0.365531797247436,-0.237081417092435,2.71940028888583,0.300545790701287,0.00428944772204141,-2.99007420981703
0.375653300535062,-0.290675540832394,6.30442562194386,0.365177417909173,-0.239006726599619,2.61452101068701,0.300548686995736,0.00522852104078192,-2.97284207487593
0.375364788548439,-0.290720149846192,6.45039603212924,0.364941781898412,-0.240839260949792,2.65211913967417,0.300551738163875,0.00618881170523155,-2.91963540895366
0.37508628912465,-0.290941256932509,6.42914210490685,0.36471729657461,-0.242564774735576,2.63742531232134,0.300560997729675,0.00717062468580189,-2.99164048959103
0.375067282787552,-0.291383865214602,6.33270991426047,0.36446443628809,-0.244177587710877,2.62378579835918,0.300563899003022,0.00817350004125217,-2.96945045588998
0.374825548097836,-0.292036417836984,6.37576949515499,0.364199693029677,-0.245673920565233,2.56279967095242,0.300573308224795,0.00919629356075812,-2.9693535017574
0.374393076945701,-0.292837921334008,6.43362806953713,0.363970054369354,-0.247052105868114,2.55838742256013,0.300580625769936,0.0102371561450446,-3.00466489015512
0.374093472268867,-0.293719104405682,6.51911216246359,0.363730428664109,-0.248311158048643,2.54509184459357,0.300596707063689,0.0112940479691186,-3.01339492824426
0.373791082286262,-0.294629526788903,6.53897622318384,0.36346594086572,-0.249451568302089,2.52140325410563,0.300609894449395,0.0123659028429244,-2.97408013598443
0.373497669495746,-0.295534597877237,6.49747648923586,0.363076851056889,-0.25048743189182,2.52506532522016,0.300638625412935,0.0134540420429696,-2.9359424524662
0.373163006241649,-0.296408151765909,6.50571323049035,0.362823096379849,-0.251461800768618,2.66096830662728,0.300642400827702,0.0145625826711972,-2.92679673200211
0.37285758326622,-0.297233111087327,6.65443400279004,0.362565045861683,-0.252446196971424,2.69606007811721,0.300658339560845,0.0156970929137856,-2.9231194668626
0.372546600520369,-0.298002591755443,6.67305112663655,0.362346972103551,-0.253519986330161,2.78424325101635,0.300678068568325,0.0168632318225891,-2.83420960639473
0.372256144050465,-0.29871585634786,6.7166471636258,0.362309473780518,-0.25473930087785,2.77753325872766,0.300696595078934,0.0180665488870875,-2.8539193407135
0.372008198727242,-0.299369918064556,6.8775616839849,0.362047602861722,-0.256113556402217,2.75815608598255,0.300696778333963,0.0193118702428828,-2.86523400003436
0.371706178237398,-0.299955591959843,6.8110338338334,0.361777160643157,-0.257609844067001,2.82154295059396,0.30073234568991,0.0206021202613465,-2.81585972732492
0.371225801111049,-0.300471377222765,6.73075131812829,0.361523842864063,-0.259176890568584,2.85998459936474,0.300732485049982,0.0219377290578421,-2.8059091486615
0.370911272257633,-0.300947215097506,6.71772985090783,0.361278931090099,-0.260760136985627,2.85678298581565,0.300750587035026,0.0233158481519853,-2.81956490459456
0.370601456444448,-0.301444704479007,6.68675262129221,0.36101458375976,-0.262303313946255,2.88024668710305,0.300772638769234,0.0247299370278139,-2.80864821221006
0.370592799986257,-0.302024915031995,6.78928766977268,0.360727948627421,-0.263752359323207,2.8979430804203,0.300812158396999,0.0261718974177864,-2.8084876519357
0.369980367947095,-0.30272367147908,6.75395896242816,0.360331993596554,-0.265069404172304,2.90467946509178,0.300842231801888,0.0276353880306303,-2.78546652463378
0.369948804660899,-0.303554693330817,6.63697955709302,0.360063076051459,-0.266246825366025,2.8594100137467,0.300868901683391,0.0291169705456076,-2.81454145000354
0.369666823918778,-0.304509202779475,6.4386971997524,0.359785454859071,-0.267306250007426,2.82318169082165,0.300900446128535,0.0306149716653874,-2.78051955651347
0.369353350751887,-0.305547272016106,6.44682828128409,0.359514929702868,-0.268284993426722,2.7582691562278,0.300932278454014,0.0321282915478495,-2.76289172535329
0.36903518058535,-0.306606348801478,6.27508579949787,0.359263473349927,-0.269223608189407,2.74064595543625,0.300962988420154,0.0336559915133128,-2.78449294266176
0.368784659720154,-0.307615323052529,6.21791770628494,0.359021486504731,-0.270158743810738,2.76306360555661,0.301000574094211,0.0351972823629307,-2.72109282154838
0.368463458887118,-0.308499484765806,6.15216783695412,0.35872725806787,-0.271120673939605,2.65305028675328,0.301038958947898,0.0367517098657911,-2.73692741416613
0.367982791923447,-0.309194332669522,6.04502498882305,0.358480370412872,-0.272131386682752,2.59979208766834,0.301068044163703,0.0383187661284408,-2.70494836365092
0.367633765843845,-0.309669396099959,5.9813323174237,0.35839120743397,-0.273198638679586,2.48367890291466,0.301101256301038,0.0398971376498307,-2.71641566944795
0.36732528740438,-0.309934916400341,5.9678774312066,0.357774856272706,-0.274320314841053,2.46869493902259,0.301176114875764,0.0414863430944162,-2.70634458749194
0.367008006934838,-0.310025847540462,5.89892286637513,0.357735778108039,-0.275500336584527,2.54703608263125,0.301219103106562,0.0430907605919971,-2.69808899758867
0.366699586682886,-0.309985213637449,5.8826341357179,0.357457050561627,-0.276745522073227,2.58407876379348,0.301269862599294,0.0447205226930671,-2.68281893863901
0.36638923208665,-0.30985787657049,5.7589607161675,0.357167485373746,-0.278048539129587,2.61400988977232,0.301270250923265,0.0463859464418304,-2.60629113487999
0.366074901017272,-0.309688270273436,5.73074372028297,0.356884929008543,-0.279389063947466,2.60659528991917,0.301312255061324,0.0480902797740514,-2.61010126071539
0.365833355984838,-0.30951561697131,5.78448034543001,0.356612886567839,-0.280744919172528,2.63179129671166,0.30136405221863,0.0498280027357132,-2.66714150791748
0.365504244139228,-0.309372280487137,5.68517473890715,0.356325507257754,-0.282094460696346,2.69147430133165,0.301412235363281,0.0515887481928249,-2.5940999249356
0.365016328599467,-0.30929389540365,5.71366589530288,0.356066450481762,-0.283413768982573,2.7422155290197,0.301467332277432,0.0533610779579351,-2.68144809684324
0.364969002740117,-0.309321914091659,5.69912279944852,0.355793186645205,-0.284674002114329,2.77009454481804,0.301520663232832,0.0551337228134415,-2.64664313264421
0.364693713039083,-0.309479353036175,5.48878441592945,0.355496713136938,-0.285841348482221,2.70932378044405,0.301580052085417,0.0568963925499684,-2.63503057957584
0.364371684820066,-0.309751326272727,5.43785670400918,0.355202013780059,-0.286883562857901,2.64818520336664,0.301664714105258,0.0586420170349713,-2.61491331423269
0.364052255364185,-0.310098107430402,5.43818719309098,0.354765805681325,-0.28778482154301,2.57277140365468,0.301722528974412,0.0603692187528408,-2.61048351212166
0.363736951798325,-0.310476337211003,5.33570670322978,0.354482931375159,-0.288560001127355,2.5279698462228,0.301788377428682,0.0620821965290435,-2.55262399845052
0.363427975609891,-0.310846034405038,5.26282290905171,0.354183501816397,-0.289253467604536,2.50619895799023,0.301851050435614,0.0637883037594926,-2.56384801430592
0.363105866131841,-0.311169354081069,5.18923792086568,0.353896985272373,-0.289924899031701,2.51688135168487,0.301914396844018,0.0654959372586763,-2.4986188745679
0.362831910393602,-0.311407571414812,4.98638294494853,0.353597474954567,-0.290638060568874,2.4309839096513,0.301979630391418,0.0672135515785529,-2.52728011108164
0.362508033146411,-0.311517886547931,4.98268911615356,0.353336237171569,-0.291451126928379,2.32888248436698,0.302050471510207,0.0689494872687022,-2.55527338246199
0.362204640806998,-0.311456630894939,5.0691548905506,0.353295897375962,-0.292393919597408,2.32211644516909,0.302121339305168,0.070712443551853,-2.53613674217605
0.361701749161797,-0.311195901005647,5.1099584099844,0.353013202842299,-0.293445190445659,2.43732341785602,0.302196674004526,0.0725120183137548,-2.56997238765427
0.361393085429934,-0.310743452595312,5.11527407729573,0.352560403781242,-0.294546049699962,2.46799482932427,0.302267062858711,0.0743572373207612,-2.55779470232539
0.361070157442533,-0.310144002220028,4.91819901696849,0.352264460261757,-0.29564152962651,2.51119122604268,0.302267212475112,0.0762509238312996,-2.57278340471885
0.360759121064991,-0.309462453407501,4.83234283727099,0.351966544635162,-0.296701656048546,2.44088803121894,0.302381810296209,0.0781850195952389,-2.63138934977641
0.36045423132519,-0.308769420038135,4.84509579836728,0.35166899240084,-0.297712153995841,2.3791174919699,0.302468820062247,0.0801447465591646,-2.6380592417199
0.360143543491268,-0.308136280588738,4.74861887821055,0.351363629867651,-0.298662780721937,2.37024274606745,0.302549372642237,0.0821166091981106,-2.67869781677348
0.359837072287212,-0.307628677861968,4.6543722016698,0.351073768231318,-0.299544332332618,2.46224652673487,0.302628589306364,0.0840902555046139,-2.59330497119801
0.359820750242002,-0.307283063760688,4.64556350533056,0.350757756600498,-0.300349175316308,2.56316097169124,0.302712449856791,0.0860558801328862,-2.67574025159227
0.35956886619988,-0.307077722043466,4.50841897155243,0.350437761210845,-0.301073614362753,2.57683209443243,0.302802066983441,0.0880030734986999,-2.62461174477796
0.359100299564484,-0.306941095347748,4.54159506029467,0.350131335444582,-0.301720281204732,2.53670174766432,0.30289269579868,0.0899216223656621,-2.67960408533679
0.358731286295996,-0.306800406360669,4.46032415018117,0.349838472337442,-0.302299924735734,2.4341126133961,0.302991868454003,0.0918029106786769,-2.60038994513045
0.358404953577323,-0.306616436598025,4.38890928207515,0.34938063857551,-0.302839202055905,2.34655912580409,0.303093931723897,0.0936423014450185,-2.5658254556256
0.358116596730284,-0.306378483979808,4.07879759517354,0.349095370623398,-0.303390993146822,2.31696311735541,0.303237989417823,0.0954434251575086,-2.59778650327055
0.357803000966062,-0.306085895604715,4.01933488886018,0.348840782473141,-0.304024675981842,2.31241891518998,0.303330609453796,0.0972213937248501,-2.5760534116015
0.357496755557583,-0.305739115778626,4.00068158412115,0.348764342452378,-0.304794443573929,2.27061861736627,0.303414305899038,0.0989996016384038,-2.62577952085801
0.357187747908092,-0.305338934397818,4.00252098034277,0.348208946131125,-0.305721341438868,2.19955513346754,0.303505169724233,0.100802075599524,-2.59047806717949
0.356887416686591,-0.304886555534086,4.07880891797284,0.348177483850795,-0.306799677485215,2.06359824543492,0.303609381276708,0.102649593173498,-2.64324058142914
0.35659354968222,-0.30438161525097,3.85516613299273,0.347849334222745,-0.307998330828698,2.00314267579779,0.303734552274057,0.104561870348447,-2.59419876162118
0.356312829952233,-0.303822215007901,3.76314159798848,0.347535621818916,-0.30925794958151,1.96280321817807,0.303817885502451,0.106557955053142,-2.65917781594456
0.355834168747851,-0.303216884401025,3.68997334833728,0.347205967670272,-0.310504607705412,2.04020032241762,0.303820373701922,0.108644658823992,-2.69033739632515
0.355501018825656,-0.302605064282906,3.59123777292387,0.346888433944847,-0.311669189424328,2.00702230909126,0.303820373701922,0.110799264012111,-2.65497901422561
0.35519718138538,-0.302063074515358,3.48574301497997,0.346435159642092,-0.312702402662499,1.93935642371475,0.304103961778928,0.112972713074964,-2.61038102509496
0.354906507445,-0.301688703175755,3.46224135798169,0.346101824691548,-0.313587367811399,1.75278363823096,0.304223848514163,0.115117900960078,-2.62825387283689
0.354600101565612,-0.301579992606087,3.384513762017,0.34577750192036,-0.314340197867675,1.88517651362172,0.304340426332443,0.117209199562108,-2.56586624761776
0.35453969980936,-0.301805621814913,3.34412985701801,0.345458433236586,-0.314996443441065,1.9744894748367,0.304454626373911,0.119236129517544,-2.59591756861433
0.354537344107621,-0.302363538568462,3.29747043477507,0.345168242637333,-0.315597129365875,2.01209306043728,0.304573695361267,0.1211910731653,-2.61168582567338
0.354005906147825,-0.303170480457315,3.27294915297263,0.344830332260256,-0.316182951085386,1.93286319545684,0.304686402778616,0.123064499541768,-2.67379962277654
0.353683981477028,-0.304108421300748,3.28143639791202,0.344505600583555,-0.316795422358603,1.9481333424858,0.304802058352264,0.124843896497515,-2.65849183587816
0.353372667040679,-0.305074047536559,3.32916911765446,0.344188403616135,-0.317479912469121,1.89960420766806,0.30493983126916,0.126515742364443,-2.67383690756893
0.353064486199957,-0.305987976864205,3.46648212803667,0.343851551013232,-0.318285783693149,2.0355375535378,0.305141722397427,0.128073513296232,-2.67021582222242
0.352617813718194,-0.306792661323096,3.61515554513666,0.343588071729886,-0.319256998768657,2.05337860361818,0.305273474851573,0.129526401775189,-2.64986577648884
0.352287365179917,-0.307460877535386,3.60016810928305,0.343527725713705,-0.32040853545829,1.98745349738837,0.305393099733657,0.130898465506671,-2.64126828466012
0.351995868834142,-0.30799578752018,3.5278109468714,0.343066765038521,-0.321710383789163,1.85263109094145,0.305525657565869,0.132219628163331,-2.65175292257353
0.351677525552624,-0.308416242966711,3.63475872251791,0.342737503512365,-0.323105599575228,1.8159973062294,0.305651226741751,0.133518980665117,-2.63034104676321
0.351375674314422,-0.308744178688855,3.69390426358228,0.342399801675148,-0.324540724796131,1.7793615923862,0.305785423169198,0.134820946431091,-2.68268364930575
0.351067476472504,-0.309000714637041,3.82386085705736,0.34207777291742,-0.325974576071926,1.6047847341302,0.305790643894228,0.136138831504835,-2.66633738255709
0.350772982702679,-0.309204754597217,3.8609077822784,0.341742772092096,-0.327372051187679,1.61678980397241,0.306077540806351,0.13747207967523,-2.63235273740026
0.350466018378713,-0.309374596379012,3.85826331092096,0.341420040233428,-0.32869980727976,1.54868357378833,0.30608032951351,0.138812325041196,-2.65309966996238
0.349999763825445,-0.309540231282986,3.7895793354129,0.341099441954851,-0.329924042250731,1.4520416185832,0.306298206642121,0.140149111690866,-2.69296280413831
0.349684839978876,-0.309754942676585,3.75368675417623,0.340776756769236,-0.331008627252949,1.38476549434343,0.30644192539434,0.141473123386273,-2.72868587536172
0.349658117028002,-0.310080535320295,3.88233754627101,0.340425079183261,-0.331918792693204,1.2908562863924,0.306578321306803,0.142779653555265,-2.76384970638266
0.349082515487745,-0.310560583369621,3.93502530120234,0.339938765344542,-0.33263577367261,1.17226052458521,0.306704423896608,0.144066779352285,-2.76586329658297
0.349051706286523,-0.311211823060573,3.94990053813905,0.339615832536577,-0.333172402153107,1.14164332418191,0.306852573322571,0.14533035551626,-2.80911615847238
0.348743955246123,-0.312021058519253,3.89261666658246,0.339278895575977,-0.333571105473303,1.08228872735116,0.307003148247033,0.146563610572935,-2.82872383206043
0.348415119841722,-0.312942129996855,3.75813473992189,0.338952774538219,-0.333887817451295,1.07537653006963,0.307154903765863,0.147760143910633,-2.84438429716214
0.348106818808856,-0.313909719877875,3.82125281244021,0.338601885150732,-0.334180481798937,0.947122934217018,0.307311394104858,0.148915837438293,-2.87356949405669
0.347756123655491,-0.314858463697982,3.93915765507495,0.338310145288315,-0.334499966409055,0.993137978569033,0.307447230165369,0.150029918659984,-2.94036389119603
0.347438078098722,-0.315730175416207,4.14407644687859,0.338231422477532,-0.33487156388445,1.00041785282387,0.307686653245403,0.151109598801635,-2.93349451262114
0.347151155859088,-0.316474367239162,4.04960684369042,0.337657975052717,-0.335283443492222,1.08860329608802,0.307837775150693,0.15217746230698,-2.92746367123859
0.346667946123908,-0.317055171603069,3.94820066960671,0.337540913139074,-0.335703485225998,1.04447824134998,0.307997221031513,0.153269611391748,-2.96490911099047
0.346331932514455,-0.317465749055067,3.80300606331436,0.336798713408835,-0.336111618215462,0.890517294823794,0.307998906911747,0.154419786761876,-2.98990788788992
0.346016364473223,-0.317731702390624,3.83887791174271,0.336742804819118,-0.336514810375004,0.828233445393242,0.308298803717333,0.155646389000026,-2.9511196876924
0.345704751664354,-0.317896471527184,3.85113434259473,0.33640899883935,-0.336927676572571,0.755824466426749,0.308298803717333,0.156952230990602,-2.97312150323211
0.345395116172688,-0.31800608383094,3.81390629386201,0.33606372001723,-0.337346154103844,0.795970165744221,0.308464653068524,0.158324177021947,-3.00379076906908
0.345077693747007,-0.318103687642369,3.69157451629919,0.335720403571909,-0.337748610916057,0.75788222129738,0.308619072201445,0.159731225027698,-3.12132983457632
0.344769429443727,-0.318228635664621,3.69279188717242,0.335383738287499,-0.338110303856474,0.711578015482659,0.308779421217942,0.16113095676448,-3.16339183115666
0.344476836418994,-0.318409112049626,3.62299970587011,0.335045325252219,-0.338408059271084,0.517504497922504,0.308946873880304,0.162480088898768,-3.21394475629676
0.344458950096224,-0.318646909269095,3.69412188821057,0.334708282314008,-0.338618825023012,0.446430799049757,0.309198864990961,0.163744406706163,-3.22677462305646
0.343645366838349,-0.318922070964814,3.70526115931606,0.334381299513731,-0.338718633943143,0.362801160610488,0.309351099554906,0.16490664769973,-3.30795277669691
0.343620636620175,-0.31922076166786,3.65861155721913,0.334017453138382,-0.338686736271124,0.422621040986561,0.309521096178749,0.165965267272282,-3.3748712196682
0.343313815652365,-0.319537866624729,3.69960481268239,0.333503913627425,-0.338521981478592,0.350445744299027,0.309688846968095,0.166925987185985,-3.33674570569779
0.342952562888097,-0.319855065224528,3.72113079207203,0.333144881191764,-0.338262354159787,0.326002109207657,0.309854543020984,0.167796141054721,-3.37176335143503
0.342633238919242,-0.320140577136972,3.78090058863692,0.332809790496758,-0.337984455186018,0.240754758604209,0.310028777002275,0.16858388363902,-3.38330211462284
0.342324308448654,-0.320362833493405,3.79505870139069,0.332512822647255,-0.337777115995907,0.171515712602541,0.310203912099084,0.169299195172747,-3.31576297412801
0.341987684028455,-0.320492996217513,3.77978382549808,0.332408721891116,-0.337708705930798,0.0912735935827258,0.310383510453451,0.169955259909396,-3.39420046733844
0.341680585409738,-0.320502089068038,3.72081715931585,0.331808625256255,-0.337814801262026,0.11607557617085,0.310556156356857,0.170570742000262,-3.46569626493529
0.341386565755023,-0.320358118681222,3.75663397439545,0.331752780449569,-0.338105852280937,0.0663562209771758,0.310811034424891,0.17117536685068,-3.43815735164762
0.341061322660742,-0.320026728226221,3.71222625582576,0.33139432233756,-0.338566791333937,0.021820204558741,0.310978863855295,0.171812952746062,-3.49759804093118
0.340560369473347,-0.31948666480055,3.71981465925898,0.331080784873421,-0.33915046636614,-0.0597722130979628,0.310984139757664,0.172527094463804,-3.54965776856814
0.340198276431499,-0.31875315680542,3.62520481519947,0.330746625660242,-0.339786691048673,-0.0922533026284078,0.311154344434316,0.173333326302365,-3.51646232613305
0.339908516677233,-0.317881628003759,3.58365388727235,0.330381435495766,-0.340401305869385,-0.0722039041881541,0.311161602887389,0.174206187473756,-3.53489415532226
0.339592042770699,-0.316947971731659,3.38835447481677,0.329885965432846,-0.340936621714133,-0.13094001655801,0.311661636347326,0.175099816236124,-3.55571789828995
0.339257922900598,-0.316031703481886,3.21804398202996,0.329551480609776,-0.341368298196081,-0.130253385133735,0.311676804916438,0.175979974630197,-3.57415434313406
0.338942226463681,-0.315213425240423,3.10092359818911,0.329184708990932,-0.341705155661119,-0.231151048281176,0.311852652875394,0.176828209167617,-3.60040555939313
0.338638283120717,-0.314569853242796,3.04315066328255,0.328841154442865,-0.341974860377724,-0.317728806057277,0.312040761215056,0.17762414973244,-3.63514450227929
0.338616284426708,-0.314148836568345,3.07843343538871,0.328509275189123,-0.342211624056534,-0.396043372014326,0.312213557956926,0.178341658277379,-3.59167740361983
0.338325046265389,-0.313937883153682,3.00657836080313,0.328165105325557,-0.34245103139397,-0.438664353007257,0.312491103225866,0.178961866289339,-3.65419360977931
0.338029208800841,-0.313864104719846,2.92786544784978,0.327794389674431,-0.342730341264958,-0.419328133758702,0.31266161588189,0.179484234755897,-3.7242785856158
0.337568670634833,-0.313833589765337,2.74710090457912,0.3274549097816,-0.343091268691854,-0.488492475292953,0.31285018508863,0.179925858816171,-3.81572369317958
0.337203844412158,-0.313774208941877,2.73598472790915,0.327112732855612,-0.343579596914401,-0.464616389914859,0.313019197626759,0.180312478817018,-3.85489031271537
0.33689001573825,-0.313649860381336,2.80867847286616,0.326797537619421,-0.344233615475082,-0.576691193658771,0.313215694673278,0.18067165065409,-3.96230339780268
0.336562806360996,-0.313448701733989,2.83450809208293,0.326797537619421,-0.345049841456148,-0.623792659459699,0.313378680284897,0.181031086411036,-3.94267573580268
0.336279481591801,-0.313166671717519,2.85941807766341,0.326619886517937,-0.345950793840508,-0.731682144905901,0.313573000340952,0.181418590986059,-4.01152295706802
0.335949940759655,-0.312799148005936,2.79665544422822,0.325550107140575,-0.34682165132059,-0.784789859496778,0.313759277297029,0.181863031779174,-4.0228140413168
0.335637140173762,-0.312339777374557,2.7432767730713,0.325497367020423,-0.347591489578448,-0.773900968125536,0.313952173002477,0.182392807537376,-3.98909853484489
0.335349945469004,-0.311780062378035,2.7428655920541,0.325192156041739,-0.348244993514331,-0.838031083975111,0.313952173002477,0.183022741668647,-3.9766101505289
0.335056847180876,-0.311109258405044,2.73811451891523,0.32483592729771,-0.34876952021805,-0.850200038830957,0.31413912406489,0.183737449248477,-4.13205944352549
0.33457720387714,-0.310325095282366,2.70095164431071,0.324462755273272,-0.349133646497294,-0.919028829669592,0.314413037901697,0.184497025601323,-4.09987619754988
0.334254914342434,-0.309452952073079,2.75264178088483,0.324113782885143,-0.349302298596302,-0.908298619904308,0.314603006380717,0.185262598254265,-4.20690196831825
0.333947440729663,-0.308550950498691,2.67143777120095,0.323763702940362,-0.349245334482592,-0.931659318822262,0.314785747053659,0.186010248323516,-4.25523444959198
0.333620865416505,-0.307696875479104,2.50157259922991,0.32339564843551,-0.348939913926355,-0.962935995745376,0.314982036657803,0.186725806835826,-4.29892052442524
0.333315576298944,-0.306970383790783,2.45249812267201,0.322893806916215,-0.348382053503838,-0.977213862176378,0.31515338222146,0.187397173698792,-4.3351393038266
0.333301619982972,-0.306426736962533,2.43779738151054,0.322547461734893,-0.347600410663034,-0.995191933739252,0.315342266185225,0.18801113984208,-4.39122511584755
0.332973151763198,-0.30606772041666,2.37877249564464,0.322213825660918,-0.346652576473104,-1.12508978995688,0.315534527605164,0.188553206735957,-4.45146518015341
0.332710172332609,-0.305839275232696,2.32608576032775,0.321901193094677,-0.345604765342102,-1.15446367645434,0.315735304710242,0.189009519111857,-4.45003053513025
0.332405041336505,-0.305655350281251,2.21154713395742,0.321571318732263,-0.344516478742792,-1.18152416415995,0.315915688940751,0.189370166099957,-4.46588253952014
0.332091826917812,-0.305422467320429,2.04574837537766,0.321175624864669,-0.343441372344003,-1.29468587462098,0.316205579777102,0.189635808207488,-4.51160985632699
0.331594926842605,-0.305063147981381,1.91974710252523,0.320839741583579,-0.34243491820418,-1.30822971251122,0.31639220935985,0.189825596494035,-4.56569942562261
0.331291942594473,-0.304537350727173,1.93496733863585,0.320552207732549,-0.34154872047616,-1.35635172877241,0.316582451121062,0.189976668417009,-4.55907289820098
0.330973464829154,-0.303843203796519,1.95402159257975,0.320478074787517,-0.340804527323293,-1.35011466101054,0.316768151192678,0.190134804785603,-4.55454106285131
0.330686650184856,-0.3029981173533,2.01508699357239,0.319987885799573,-0.340177368322507,-1.30977079073643,0.316965499702513,0.190347155929711,-4.57388722083711
0.330385338269794,-0.30202187660121,1.95354304016076,0.319634342967354,-0.339615795722846,-1.36251338977174,0.317147063280202,0.190660536038735,-4.56499930239935
0.330112258576842,-0.300929413555976,1.90846898062463,0.319291545639385,-0.339073445310422,-1.42704730425457,0.317338578473142,0.19111744797029,-4.56334098202287
0.329813464119628,-0.299728444110535,1.87174477278885,0.31894930547624,-0.338516278638188,-1.50407093627231,0.317341103686176,0.191741140981273,-4.63370400846032
0.329517258799416,-0.298423513142138,1.92007184199654,0.318638397500419,-0.337913214235946,-1.57345094015675,0.317524939148203,0.192517941671869,-4.56300687698094
0.329047709536736,-0.297032100863326,1.85177265129788,0.318296947121413,-0.337230191106578,-1.61423611235612,0.317753741160016,0.193401152445058,-4.5520067324027
0.328748163479983,-0.295603635299601,1.83835749912389,0.31792675404948,-0.336432518486509,-1.64256691342404,0.318023511132272,0.194338464137224,-4.57460284212058
0.328456797737416,-0.294215265730378,1.78804430644367,0.317576188998476,-0.335491570116432,-1.65715600440574,0.318213875962626,0.195294213887028,-4.52912100690076
0.328434783064407,-0.29293982194489,1.77770230438937,0.317236538220139,-0.334391108138066,-1.69771313620935,0.31841214829236,0.196250013777336,-4.57516621733582
0.327863154790885,-0.291822810165887,1.77346249080749,0.316751144484457,-0.333136298621987,-1.67863351410505,0.318611308098544,0.197195198216909,-4.59572633413732
0.3278301352965,-0.290886042776211,1.68986254141914,0.31642366499195,-0.3317636542519,-1.71065334031415,0.318803486786079,0.198120486448012,-4.59902516227773
0.32754665116655,-0.290129110694145,1.70281265106969,0.316102297065743,-0.330337523203376,-1.79706758760759,0.318998703541133,0.199015658741422,-4.63170141431242
0.327229239271612,-0.289524833815329,1.60279114562693,0.31577707292903,-0.328933640105262,-1.76401115102229,0.319188485252873,0.199868156101864,-4.5825406490258
0.326945905457158,-0.289029448977798,1.48133501068695,0.315449099780729,-0.327625974127478,-1.78784850465649,0.319388972410195,0.20066463091466,-4.59452842672749
0.326686205736247,-0.288594759418977,1.42567754183308,0.315198558745371,-0.326474009944997,-1.86586707885321,0.319703204149376,0.20140045679482,-4.56407878865977
0.326407200106606,-0.288168140960267,1.24114237971274,0.315145255480673,-0.325496365599131,-1.83403940520796,0.319910640012417,0.202092319709192,-4.58445006834211
0.326084006784854,-0.287693117137723,1.09773379821423,0.314788366991141,-0.324650534374227,-1.91349296759927,0.320113514246393,0.202779694395166,-4.59235320220572
0.325786776387106,-0.287119344591957,1.0880327896632,0.314312982285803,-0.323855152461101,-1.93043829883536,0.320322400451386,0.203510731442359,-4.61832699109834
0.325336409105611,-0.286419371203582,1.08795484913459,0.313980233399279,-0.323037204014317,-1.9337471470918,0.320322400451386,0.204322101897604,-4.64397952326493
0.325049229115371,-0.285602361938831,1.00735967308369,0.313658941126495,-0.322151861652026,-1.92269500487396,0.32074457449331,0.205229803371019,-4.62268306080191
0.324761331471256,-0.284711092464802,0.940783766229973,0.313351940151188,-0.321169722474903,-1.94122099434688,0.320758902277926,0.206234492383661,-4.61289535802127
0.324469874497726,-0.28380561927455,0.985220639505836,0.313020936797393,-0.320062785925874,-1.92569563139088,0.320958294144494,0.207321479554306,-4.64779643437365
0.324188019322899,-0.282950689977128,0.923129825754153,0.312717596501347,-0.318800497772062,-1.99926591689007,0.321156312834554,0.208455470030876,-4.63013508850442
0.323922020457062,-0.282210923631141,0.875385032704747,0.312411247125564,-0.31734933745913,-2.01641644268802,0.321444754768297,0.209591701271485,-4.60626562248911
0.323635917640946,-0.281643383417812,0.798914985130648,0.312057846416375,-0.31567736137039,-2.07019672770508,0.321676089922541,0.210696419531455,-4.64821739594145
0.323627798092178,-0.281276382125831,0.785817547603042,0.311602960464356,-0.313769295847466,-2.05096396208253,0.321888049792579,0.211754531689735,-4.67440315651246
0.323355475346951,-0.281084765533949,0.697579883960087,0.311301900557464,-0.311641204240225,-2.08374460774314,0.32212025280162,0.212764523434103,-4.59159391686746
0.32304274386129,-0.280995169896292,0.736701274554199,0.310993573518373,-0.309336735167613,-2.0428520133107,0.322335498579518,0.21373243149754,-4.58471215834419
0.32261697852014,-0.280926531548811,0.816695362209597,0.310692829165328,-0.306910175711698,-2.12449380850879,0.322541554506224,0.214667640542147,-4.56178208355086
0.322328120633707,-0.280826032257123,0.683215836873333,0.310393942768201,-0.304414993691985,-2.14703442445354,0.322727980427722,0.215577941606781,-4.47055950239632
0.322062420905091,-0.280671838082681,0.73132820970746,0.310085162435619,-0.301901333490704,-2.21390014270433,0.322965693631809,0.216466831652601,-4.49737444226416
0.321768698378753,-0.280456163912611,0.698885416418446,0.309821298733269,-0.299411018566631,-2.17829741678229,0.323188981421277,0.21733628226072,-4.51182545889014
0.321506468503127,-0.28017274452545,0.69475104914653,0.309722141240183,-0.296966205683483,-2.17939493885148,0.323404255211647,0.218192295366596,-4.56348932691695
0.321222144052345,-0.279813180066298,0.728198859120469,0.309103606720458,-0.294570413779929,-2.13774254427373,0.32371643154598,0.219052556859703,-4.53538957295493
0.320958417696145,-0.279366555310444,0.73452382077419,0.309059038478593,-0.292224103284214,-2.24892557382721,0.323958604003866,0.219955544615521,-4.49151652241965
0.320643728567468,-0.278821587515295,0.769749170109798,0.308742644088514,-0.289924847858317,-2.23966682915523,0.324185251697955,0.220958418009293,-4.52179561526663
0.32036908508012,-0.278172951479614,0.786583685054294,0.308438744741466,-0.287655622276884,-2.29422980660551,0.324193150655501,0.222112256022045,-4.39168525768498
0.319961570615738,-0.277432600307529,0.75027842051515,0.308168852825403,-0.285387956766171,-2.35078773297141,0.324412487236979,0.223432124765152,-4.37289071503628
0.319674028854108,-0.276641079185458,0.656109782047131,0.30788118487782,-0.283091450344604,-2.41125840291836,0.324642936585055,0.224892968839103,-4.40194483469955
0.319379840293169,-0.275867878484922,0.620082736184348,0.307579651605123,-0.280737285838818,-2.43353827593896,0.324861530316531,0.226449389938845,-4.36063072520574
0.319103237355956,-0.275195474492186,0.619249522783116,0.307284286401743,-0.278301465726772,-2.39226616443928,0.325096113291528,0.228052034018739,-4.39897080382122
0.319085972876617,-0.274688195362916,0.598322592063322,0.306997218326177,-0.275767972979261,-2.43698394881112,0.325320066632776,0.229651996163405,-4.25952155483063
0.318842159356223,-0.274360164088728,0.593003323129994,0.306711443981236,-0.273129153227078,-2.4505361694019,0.325567483949749,0.231203964280343,-4.30428916470634
0.318566818267637,-0.274170730192905,0.594616193928039,0.306419930786423,-0.270387475255705,-2.53470800218996,0.325906541860741,0.232676365695305,-4.22562503805403
0.318294104442727,-0.274049160080006,0.57402090864716,0.306033643166551,-0.267563936890648,-2.50412656356138,0.326170405786872,0.234063526746653,-4.17830285510959
0.317998715788335,-0.273921229258859,0.642938075253417,0.305764206555741,-0.264706561432033,-2.50481455489153,0.326379422925674,0.235385539971226,-4.20082928231975
0.317599980840486,-0.273728170428517,0.713396247483389,0.305545337691032,-0.261880841994977,-2.49250240557543,0.326631619774548,0.236675207265455,-4.09057321440809
0.317319903230738,-0.273439775162852,0.615501959402558,0.305468011776176,-0.259141838923074,-2.51314008092693,0.326850681477963,0.237966584564676,-4.02248421915328
0.317047149540788,-0.273053002466705,0.618643748967644,0.305033419278408,-0.256516434300843,-2.47202428638447,0.327082051695959,0.239290933679796,-4.11341221400637
0.316774613603406,-0.27257844052287,0.695586921088744,0.304989233998649,-0.254005858043735,-2.54060884460905,0.327331634260264,0.240676759903254,-4.07854218638039
0.316495645339769,-0.272029624406405,0.671178699232909,0.304736085362518,-0.251586314324597,-2.54480647916585,0.32758115440095,0.24214771271278,-3.99852028380994
0.316252585085031,-0.2714187114029,0.665899452525547,0.304489400640409,-0.249207111989662,-2.52534511076874,0.32758166738508,0.243713870458457,-3.99491431605432
0.315977280256114,-0.270754291479249,0.713836184969667,0.304218933295374,-0.246804231418814,-2.48601280664302,0.328207681706448,0.245373024299501,-4.02695459711645
0.315691542415028,-0.270042766451372,0.74605649523102,0.303868563652106,-0.244323582757312,-2.47551003329639,0.328207681706448,0.247127149080951,-3.92251529542738
0.315400791233268,-0.269296072224533,0.78227084351818,0.303609946985973,-0.241736676267547,-2.45010493949819,0.328463663930654,0.248981754738473,-3.87250181082798
0.315007352824074,-0.268540202281194,0.720211161283823,0.303366878612418,-0.239040487977118,-2.49578386264335,0.328709274596359,0.25092831600964,-3.91985111915449
0.314985354502838,-0.267812155211573,0.699415494912097,0.303126851906198,-0.236246104968082,-2.47412044772539,0.328968798406156,0.252943359429759,-3.91149122624836
0.314450182790557,-0.267148700457095,0.699041718368821,0.302896679175111,-0.233368783772912,-2.44920269515047,0.329218833730939,0.254999637524212,-3.84977015661944
0.314438116908016,-0.266578394011558,0.830958183237894,0.302656857477574,-0.230424656115415,-2.44961288117148,0.32947145380515,0.257070114942813,-3.80787996288139
0.314185256477675,-0.266109590632825,0.794060269036623,0.302427744454485,-0.227430618708481,-2.43431103777837,0.329734632407371,0.259127186090039,-3.74205874118094
0.313928260377133,-0.265719344708028,0.827755245980459,0.302209842652086,-0.224404014621261,-2.4515006859949,0.329979442863911,0.261142067069041,-3.72538847608722
0.313660000449528,-0.265361419200877,0.73455366090206,0.301983529044273,-0.221362274888526,-2.36010733172196,0.330252304554653,0.263087524054133,-3.72322232641327
0.313392847029355,-0.264982483431326,0.706916692077471,0.301732681941665,-0.218326832046505,-2.44852609687694,0.3306671740941,0.264950414367551,-3.71858051841676
0.313123816949579,-0.2645296538248,0.628139256277977,0.301425163076494,-0.215333126074224,-2.4305861002627,0.330937636508319,0.26674784067497,-3.63106465072789
0.312846403702486,-0.263955109750067,0.626810444697692,0.301239047460159,-0.212433992835174,-2.41659027001277,0.331215031768951,0.268528435015028,-3.58330997956953
0.312451398701765,-0.263227434745597,0.58722919572654,0.301208734564843,-0.209679491632402,-2.41655187434317,0.331486693570393,0.270358011631214,-3.52320464264664
0.31217668917945,-0.262344575420941,0.524757480218461,0.301029769316832,-0.207083576217405,-2.48180977650543,0.331734014406529,0.27230600298717,-3.47637822198931
0.311911834078368,-0.261333714162219,0.438777896423619,0.300959399388988,-0.204609264843102,-2.36124415215438,0.33202197914549,0.274434835031784,-3.41682346713664
0.31164441677787,-0.260238205340978,0.464523214454432,0.300585250359021,-0.202186644591077,-2.31155605750754,0.332022972972785,0.276779224747155,-3.38060423833771
0.311393520438869,-0.259106240225474,0.393198517867873,0.300375197478815,-0.199747268120419,-2.37910239051634,0.332301586661473,0.279321788556887,-3.46142839986262
0.311125793880877,-0.257987167170703,0.344180563805274,0.30017106257687,-0.197244557705385,-2.3790457184801,0.332579888465464,0.281993457848244,-3.4792601925275
0.310859186790294,-0.256931684295589,0.258903239779108,0.299954744895934,-0.194650450111252,-2.33214080464324,0.332870786264386,0.284702628981731,-3.34718993466042
0.310618420045434,-0.255992232537871,0.255630524080163,0.299763216924496,-0.191946208352418,-2.27706824311697,0.333319760046846,0.287368944540195,-3.36477941887321
0.310340024642802,-0.255222675843823,0.24909237566419,0.299553230187337,-0.189120301077606,-2.30893364202347,0.333599519227717,0.289943760088685,-3.2763585642137
0.310097413495258,-0.254673417553682,0.233644990386761,0.299309646500481,-0.186171987402037,-2.33064488784707,0.333894965996527,0.292409117371969,-3.29440305635187
0.310088793624226,-0.25436710404745,0.145434370736772,0.299125567369691,-0.183115055315024,-2.29866059813969,0.33419170673805,0.294762339899173,-3.32740389970846
0.310088793624226,-0.254261101340382,0.0619746814079132,0.298948304523927,-0.17997548428732,-2.24060321429133,0.334493305146211,0.29700472346071,-3.26667743001129
0.309483651465053,-0.254250287316525,-0.0162073084394936,0.298761368281752,-0.176784775240668,-2.25458887702122,0.334778051585,0.299138161309004,-3.34011432344314
0.309201733566541,-0.254227029608172,-0.0814202059445411,0.298591166844092,-0.173575901072503,-2.10347509047003,0.335075703618516,0.30116305650578,-3.2927863098007
0.308941443043407,-0.254127468213521,-0.0537234934569388,0.298413008925939,-0.170382810108426,-2.06899705781326,0.335369564889098,0.303076968763002,-3.23208326811859
0.308704335260885,-0.25392119809415,-0.119088268662832,0.298237894824104,-0.167240715504603,-2.12644640564217,0.335693994066914,0.304875920234268,-3.20934524289649
0.308459528192057,-0.253584325957526,-0.184406628904197,0.29808838257531,-0.164182697244926,-2.07718686951106,0.335986669577232,0.306556581891988,-3.22643689266727
0.308202431835661,-0.253089129470459,-0.230263628573964,0.298064749572266,-0.161227385549841,-2.10862869253167,0.336297829226739,0.308116829850994,-3.24302977615021
0.307966662090395,-0.252406283336301,-0.269548795779023,0.297890425900425,-0.158366776237709,-2.12680684868244,0.336620989826324,0.309559402887207,-3.00636385098187
0.307581776044996,-0.251515477350357,-0.352652863710944,0.297680258353225,-0.155572641359443,-2.1031845696516,0.337112215627143,0.310906834083993,-3.04114108328063
0.307330179761195,-0.250419124162602,-0.405887065210848,0.297526865807992,-0.152816070862859,-2.07062208516524,0.337414863457925,0.312212708218319,-3.00746795982244
0.307066730914033,-0.249145165330006,-0.370105070862055,0.29737317742058,-0.150077164193626,-2.05739262111202,0.337432473175588,0.313542611829166,-2.97296530098756
0.306808646661759,-0.247737841215992,-0.523645521329878,0.297223856820645,-0.147341793839386,-2.05768724039487,0.338052763421709,0.314945154606034,-3.00934693897009
0.306549448458478,-0.246249687849228,-0.648212044994597,0.297075069515189,-0.144597891850742,-2.09830029115273,0.338075589573707,0.3164451049783,-3.02685915014228
0.306300651224811,-0.24473886636818,-0.71570353792393,0.296916329817126,-0.141836055469864,-2.08854466060014,0.338369611238226,0.318039681209697,-3.03120055520305
0.306066732767575,-0.2432622183512,-0.748869987744198,0.296759197367177,-0.139052106849437,-2.03355637095745,0.338721182010491,0.319691919758078,-2.97569609476431
0.306059314415727,-0.241858258724228,-0.766252310847262,0.296621186861743,-0.13624861206406,-2.00594787458999,0.339021557256228,0.321342624231666,-2.98372130715741
0.305600865361791,-0.240535900383264,-0.878599427730775,0.296473239292969,-0.133435058336887,-1.99265695074699,0.339348470010697,0.322927558380374,-2.96697636134467
0.305567342251122,-0.239281655157511,-0.901552194307106,0.296296719782066,-0.130629720407015,-2.00553062924854,0.339668887149699,0.324385800396643,-2.93303146875317
0.305239079132568,-0.238070088037609,-0.977757656350484,0.296165388625331,-0.127862397606649,-2.011336153926,0.340196748349046,0.325674340637368,-2.9355328569523
0.304995708679384,-0.236870023939579,-1.06864971996658,0.296043038937313,-0.1251723257715,-1.95686113324992,0.34049616035098,0.326786566895991,-2.92496196160131
0.304771636518392,-0.235652150283029,-1.16431727650902,0.29593833288881,-0.122598703353331,-1.96415420175646,0.340856504241694,0.327752476037469,-2.85249086948573
0.304518873478812,-0.234392278918198,-1.21148796952035,0.29593833288881,-0.120164018324867,-1.89783639542633,0.341180341218163,0.328621467972933,-2.90551169652485
0.304285247405637,-0.233069470339427,-1.3475947477457,0.295905849991958,-0.117857032842484,-1.90509099998747,0.341470236140605,0.329446168479442,-2.88478135263651
0.30405728779221,-0.231664499098733,-1.44324636945112,0.295691240248972,-0.115632637504761,-1.92251778895868,0.341808733241962,0.330274833530756,-2.74501094998921
0.303835803894371,-0.230159881808606,-1.56738893703267,0.2956535211725,-0.113430862260427,-1.91080142106489,0.342165166045209,0.331152482392753,-2.68213966319776
0.303499240878909,-0.228546104534774,-1.6207444361637,0.295419728013927,-0.111196756101094,-1.97818123139757,0.342493155585168,0.332127064221684,-2.61502044455312
0.303270245883314,-0.226832176647076,-1.69887213090945,0.295312134006595,-0.10889203444872,-1.91972209398396,0.342852918702406,0.333247045873704,-2.65832625763478
0.303040074987944,-0.225047302745369,-1.77049155134663,0.295172622025546,-0.10649879219658,-2.03884881317039,0.342852918702406,0.334536375296858,-2.75529866491156
0.302817184275701,-0.223232019121785,-1.81303950491377,0.295067655908008,-0.10401485211388,-2.06281332710652,0.343206887070977,0.335965064468752,-2.66195885547719
0.302579349716476,-0.221431405359255,-1.86625289854056,0.294967166150841,-0.101445991885131,-2.02604397651378,0.343697821889818,0.337460434665768,-2.59974712794409
0.302342795523627,-0.219695229016822,-1.95227063871053,0.294864937877512,-0.0988006352022685,-2.02026315812032,0.34405847207703,0.338953297435654,-2.62044632190253
0.302124612586265,-0.218075280159912,-2.00874239822788,0.294770731899843,-0.0960876002128738,-2.06742106756121,0.344380332309821,0.340401690841133,-2.63929045406313
0.302111764601738,-0.216608007637701,-2.0391458745928,0.294667672834742,-0.0933160346116585,-2.06812327681414,0.344703424229576,0.341777682216277,-2.63363424969183
0.301903111086474,-0.215291472446419,-2.09344301276508,0.294577007924927,-0.0904960677999348,-2.06443018574875,0.34503139549211,0.343049977037786,-2.63761400130874
0.301697703277747,-0.214084192536204,-2.11683223026431,0.29448956831228,-0.0876390137344782,-2.01453234911731,0.345364264938391,0.344178697535995,-2.63360519302704
0.301394843131134,-0.212930522855768,-2.18122487692147,0.294390171547051,-0.0847577348724858,-2.05855839766534,0.345707093581632,0.345116986288059,-2.60895714393157
0.301179459984686,-0.211786040512738,-2.27397031269833,0.294301693650275,-0.0818680359217266,-2.07452357028908,0.346058657495005,0.345817647181613,-2.53156742028544
0.30095857768506,-0.210623855152514,-2.37214359713778,0.294211382276356,-0.0789898255704323,-2.00185688987569,0.346573923421276,0.346249561430858,-2.61965047005933
0.30075317275995,-0.209427551738193,-2.52019374944369,0.294143484443749,-0.0761451980312862,-2.0546032386622,0.346939445368823,0.346416341692542,-2.65512950704615
0.300539583953097,-0.208184496557777,-2.62283547251983,0.294121391538267,-0.0733532448796797,-2.0120445964972,0.347269032520926,0.346356677296363,-2.67200568798296
0.300313628035696,-0.206884903792898,-2.80894932035859,0.293984058166327,-0.0706272225672545,-2.0247009225282,0.347616954605747,0.346126376520249,-2.7033899703794
0.300103737631728,-0.205523570544687,-2.94142376197803,0.293977378686148,-0.0679760962239694,-1.94379832171033,0.347972516112461,0.345784013014346,-2.62120718101528
0.299896624654651,-0.204100200653046,-2.94189878785196,0.293910198769333,-0.0654042055052013,-1.9751623823042,0.348301590302413,0.345387619098344,-2.70990535270731
0.299688871196381,-0.202619252981401,-2.976246082444,0.293844458163866,-0.0629096061498256,-1.89859067384319,0.348653955766689,0.3449945033938,-2.68402095356831
0.299417386900473,-0.201094052584923,-3.02983873192107,0.293771609486188,-0.0604871906492135,-1.93187142937442,0.349003069509047,0.344654970248749,-2.65717866449898
0.299206377155913,-0.199553602633973,-3.21184852025553,0.293706526202632,-0.0581336693752904,-1.87879726451127,0.349004679347954,0.344394797137043,-2.63105608017477
0.298998808493558,-0.198043768251771,-3.3527010076116,0.29365138119217,-0.0558489555256667,-1.89021450511888,0.349742935373392,0.344206623426823,-2.60154808732312
0.298793647993581,-0.196617987212145,-3.38040596820754,0.293598644505558,-0.0536346652351336,-1.89575848334038,0.349756168464955,0.344064703022836,-2.57233945613199
0.29878942179497,-0.195316863710509,-3.45272103830297,0.293544437854508,-0.0514926406568984,-1.93884735917941,0.350256712203998,0.343937511039517,-2.58925600552701
0.298594680831187,-0.19414674444367,-3.46540638420079,0.293492476876396,-0.0494247510756359,-1.92468376692082,0.35059602757749,0.343790703328003,-2.5068160941737
0.298403270798291,-0.193078511411845,-3.58912353931504,0.293443643504405,-0.0474334176126348,-1.91588781464941,0.350932122837544,0.343594425708043,-2.44773517538205
0.298179997726351,-0.192067218147125,-3.82825009885543,0.293390595716839,-0.0455221841890487,-1.93933103387363,0.351288394527715,0.343325914055546,-2.4403493776055
0.297995019010056,-0.191069313259234,-3.9502282006688,0.293346196599025,-0.0436961976080504,-2.01369459165806,0.351607112572798,0.342963773921444,-2.38839351558387
0.297792522119796,-0.190047996609593,-4.1408109147796,0.293298301825425,-0.0419623521858907,-2.02297461209155,0.351958002946427,0.342484369457859,-2.40480012303026
0.297540989541709,-0.188976315761033,-4.23787041499678,0.293259196201409,-0.0403287426952944,-1.9586291219416,0.352301943118934,0.341862431045205,-2.35375862930326
0.297353953386392,-0.18784141180155,-4.15911999638931,0.293229399950065,-0.0388025988865853,-1.9964249920288,0.352656495996592,0.341076803913432,-2.37333669052761
0.297162132196007,-0.186643369524692,-4.241965201777,0.293224125450869,-0.0373863393579957,-1.91158323718818,0.353157301645718,0.340125348549784,-2.31495013372914
0.296983368053531,-0.185388404406679,-4.2698305436776,0.293181968722242,-0.0360746075647265,-2.01452170956569,0.3535234680854,0.339042457958169,-2.32520570200175
0.296796398120088,-0.184083570201681,-4.26434928112553,0.29314878049634,-0.0348556858463117,-1.94857782178391,0.353884801862736,0.337902011330712,-2.31020240401395
0.296608435735216,-0.182735617847156,-4.35147047020167,0.29311070749005,-0.0337157510249669,-1.99441006094053,0.354232136537781,0.336797547447064,-2.35890871865469
0.296435886137089,-0.181351387681646,-4.34105626214598,0.293064584671737,-0.0326423798882863,-1.9836572564633,0.354235224615297,0.335808688266684,-2.41792657570312
0.296238954139437,-0.179938511885803,-4.32772155144574,0.29303423954282,-0.0316261066871242,-2.01557079150596,0.354889380807197,0.334980112659648,-2.43775997024367
0.296054107589843,-0.178508346896322,-4.41242948563745,0.293001871753638,-0.0306601479003289,-1.95090058788704,0.354899231287247,0.334323785366051,-2.4221632726771
0.295802996628482,-0.177082894864933,-4.42205301815589,0.292966641971708,-0.0297394575210566,-2.01488408904248,0.35522249632724,0.333818089816603,-2.40140039922048
0.295614301873407,-0.175698609387943,-4.5202708250848,0.292935185437923,-0.0288604075710293,-1.99207622162297,0.355574765262312,0.333402880559184,-2.37826724341983
0.295608825298611,-0.174392890825232,-4.50300857445059,0.292910517623885,-0.0280204737781343,-2.04709350833107,0.355900553664075,0.332994234293535,-2.34854863920074
0.295438761459776,-0.173179756820854,-4.55887497094545,0.292883035878008,-0.0272173655805032,-2.08305074448099,0.356256887015732,0.332507936180689,-2.3539674637791
0.295266586382924,-0.172042747074467,-4.63249518695722,0.292853861942249,-0.0264485418241089,-2.15342789207178,0.356722269700609,0.331877895571289,-2.29443394976144
0.295084293707762,-0.17094936253809,-4.5926513334045,0.29282955934149,-0.0257115455479989,-2.16355541526007,0.357088964674303,0.331071268516014,-2.26682220740345
0.29492739656364,-0.169864519931366,-4.63380968094308,0.292796531305344,-0.0250046767436996,-2.19435004932268,0.357428312153427,0.330090041642862,-2.24355291716736
0.29474101262355,-0.168754136181483,-4.6293959386448,0.292772188855166,-0.0243274345357433,-2.18726025202196,0.357736421633905,0.3289553932729,-2.20396975455266
0.294573109967717,-0.167586126088988,-4.65046487625618,0.292754793385256,-0.023679648122637,-2.19629910739474,0.358044204318827,0.327690340529953,-2.26789417231512
0.294389662069439,-0.166333358764332,-4.68188024266195,0.292748331215293,-0.0230593418711899,-2.26567450699571,0.358388152049705,0.326312703039163,-2.3126491610114
0.294159054125974,-0.164979544254028,-4.80486093663941,0.292702605563253,-0.0224619985422716,-2.25013476805201,0.358699585950186,0.324836696427842,-2.4526599828138
0.293987849257468,-0.163524984370201,-4.80237245571984,0.292698862816204,-0.0218819305066928,-2.2744949952511,0.35904162088326,0.323276322417724,-2.43276744549321
0.293824305301639,-0.161985280214354,-4.83352882003773,0.292673523795171,-0.0213129231007829,-2.30456564413822,0.359359888119365,0.321647557928241,-2.42726680675838
0.293669968897924,-0.160383446975418,-4.7994639223066,0.292653024572924,-0.0207478395795592,-2.30670953056988,0.359702739021164,0.319973113850272,-2.35084666789737
0.293507673335472,-0.158743482973798,-4.82538115050163,0.292629100618979,-0.0201792024570523,-2.25740259989741,0.360179153636347,0.31829009666012,-2.41812567771086
0.29335079884889,-0.157088930472335,-4.80008854713552,0.292607229628277,-0.0196004007537378,-2.41208515111869,0.360206762046274,0.316647820070869,-2.33269355184603
0.293182530883358,-0.155444262168168,-4.85207993957362,0.292582206883651,-0.0190065747905797,-2.46630091224569,0.360818092157126,0.315094670041926,-2.448828924671
0.293022733102825,-0.15383390053945,-4.85957516116584,0.292556233351984,-0.0183952821915782,-2.46400299970785,0.360826258263889,0.313666212332631,-2.42174306078495
0.293014574870772,-0.152274443501312,-4.8318885363326,0.292542164433607,-0.0177665420188379,-2.54090937690734,0.361136923422034,0.312371231328664,-2.5033696537572
0.292715841632084,-0.150768387858708,-4.91577664704193,0.292519498403354,-0.0171222239137446,-2.53132676204226,0.361463018522197,0.311183337202601,-2.37790991530198
0.292698911641491,-0.149307839981763,-4.87618506655318,0.292495392242175,-0.016465915374243,-2.50061614096096,0.361765699828583,0.310054302298365,-2.34236936710929
0.292487777771302,-0.147879771147332,-4.88436383361018,0.292480326373138,-0.0158032700198546,-2.57339726760453,0.362091658325438,0.308932652466379,-2.34077663567351
0.292343057994972,-0.146468801945015,-4.94378625143397,0.292464263982587,-0.0151416012938218,-2.60030231117597,0.362402170008845,0.307770081168931,-2.27575751752742
0.292193296992761,-0.145061539794389,-4.9164921924953,0.292450356345085,-0.0144886474455931,-2.52916107174954,0.362709064831411,0.306521346612419,-2.26345251518346
0.292048016618034,-0.143648444656161,-4.94440665628957,0.29244650741184,-0.0138513658553995,-2.64436001467408,0.363015350743755,0.30514635839277,-2.21401821615344
0.291903921349169,-0.142222041969359,-4.9427018577594,0.292420925990691,-0.0132355366960466,-2.69929947401192,0.363493202059401,0.30362179931564,-2.1850124008737
0.291759989348268,-0.140775860341814,-4.891366768996,0.292419260129461,-0.0126461564417656,-2.67323389439933,0.363774716629207,0.301955811335778,-2.14202474306475
0.291618095389684,-0.139304534861717,-4.91646021981417,0.292404762918475,-0.0120873701597818,-2.66531976780163,0.364083125796093,0.300186237516301,-2.0577764179088
0.291475528089438,-0.137804113590111,-4.9593723082132,0.29240329987326,-0.0115615128239581,-2.72359169088825,0.364371129821177,0.298364202572513,-2.00603619610644
0.291334293613352,-0.136272757623415,-4.927471906909,0.292393200369092,-0.0110684868774877,-2.84254520180491,0.364689666552677,0.296543373549647,-2.04519360838909
0.291181396075354,-0.134712870166321,-4.95207736650387,0.292376702814351,-0.010606468997752,-2.85046597307804,0.364985085506612,0.294779921064505,-2.10322187166877
0.291006914168812,-0.133135362418389,-4.96502105344482,0.292368443082512,-0.0101733324718973,-2.82732988518758,0.365297214439486,0.293129273716384,-2.13648093812838
0.290871557987033,-0.131560648129659,-4.91465849450458,0.292358653604813,-0.00976731933748539,-2.81765501761199,0.365300206245539,0.291624634049549,-2.09974464937324
0.290864949676545,-0.13000980427912,-4.82743134092195,0.292348041368099,-0.00938681435027346,-2.81449942300314,0.365605139202918,0.290248791930163,-2.11145012745945
0.290607142082884,-0.128494958184181,-4.84031785476405,0.292340761029531,-0.00903025786026797,-2.77118904436267,0.365887960384639,0.288935989734128,-2.07553674594211
0.290597379221981,-0.127018734173924,-4.88384190017261,0.292323115454067,-0.00869648753211071,-2.73309005222734,0.366341681491925,0.287610614030303,-2.05285245342978
0.29047614193324,-0.125573539959204,-4.83828294414048,0.292326001892576,-0.00838460505315352,-2.76946188223731,0.366643606945922,0.286224425635388,-2.12599468554952
0.290346593731844,-0.124138865731016,-4.86963569623693,0.29232058246001,-0.0080927978512917,-2.8022096967471,0.366913743595039,0.284762164060872,-2.09368710727147
0.290208311474877,-0.12268672164253,-4.88073590746679,0.292311309911147,-0.00781753805316588,-2.76583391463213,0.367209390263784,0.283225408922576,-2.11636432068957
0.290085632380252,-0.12119037786172,-4.95269024790222,0.29229930549745,-0.0075545702283099,-2.67825648365512,0.367494993392926,0.281619991423873,-2.03682177692334
0.289955429607087,-0.11962736921632,-4.95777588993946,0.292288155975374,-0.00730049776994602,-2.6528969191081,0.367778640198245,0.279953437656525,-2.04578973388151
0.289837439243998,-0.117979583284206,-4.95494033216308,0.292285753265751,-0.00705299725472654,-2.67331447933065,0.368045773055306,0.278233968516351,-2.01166369316551
0.289673223238872,-0.116235427466346,-5.03933874574466,0.292283251846813,-0.0068097925917324,-2.64478702332459,0.368316322975275,0.276467840667801,-2.05022615225511
0.289561297126944,-0.114392737673079,-5.03531546223898,0.292264387229747,-0.00656836502529367,-2.7022035745468,0.368587377150775,0.274660846058056,-1.96863251464657
0.289451346118943,-0.112457554937507,-5.08807798696995,0.292262389742818,-0.00632690494917764,-2.70580924699585,0.369029954843495,0.272831472121711,-1.96130284936213
0.289336964742218,-0.110439329246069,-5.17377062583636,0.29225428895043,-0.00608457677302114,-2.74114006937037,0.369289881152498,0.271027228093831,-1.87670483742843
0.289229907621438,-0.108347897292771,-5.2362746462337,0.292257358538194,-0.00584037695232445,-2.7474594901346,0.36953582171422,0.269317744054306,-1.69841560627039
0.289114890464832,-0.106193643843748,-5.31522577351091,0.29224612672732,-0.00559224833854659,-2.72334931291042,0.369539486205093,0.267761592258737,-1.68470420979131
0.289004582669985,-0.103988967701715,-5.3477944008791,0.292241700571701,-0.00533756298141616,-2.7178770431854,0.370076465846507,0.26638478451983,-1.70647629134729
0.288887597615573,-0.101750052852574,-5.39058611713459,0.292230883252023,-0.00507418356644459,-2.76874418434909,0.370076465846507,0.265186602045615,-1.6870166285693
0.288780717798498,-0.0994963001412357,-5.38531021271435,0.29222987717164,-0.00480089269946206,-2.81060917763313,0.370358097799353,0.264142801915694,-1.6762002911404
0.288775385651338,-0.0972449476856619,-5.4257302553524,0.292221810970912,-0.00451706396524786,-2.74441016379629,0.370616673850935,0.26320201273597,-1.6520893423277
0.288564235699567,-0.0950075313197316,-5.51571817509702,0.292220713956711,-0.00422212080170301,-2.78040533726002,0.370893072707227,0.262296344629669,-1.71375266778339
0.288550693511332,-0.0927927402685982,-5.51261171535417,0.292219375655477,-0.00391513722104497,-2.70844336365128,0.371165083802685,0.261357240684133,-1.63792361085468
0.288470949620391,-0.0906061865344139,-5.53358013350435,0.292207395313907,-0.00359500160419503,-2.71656746003071,0.371435371458794,0.260324390133155,-1.62437623963307
0.288369951903233,-0.088445929294661,-5.60898759776148,0.292207749498138,-0.00326083291217982,-2.69692281064626,0.371848163220061,0.259156955251796,-1.55734597339582
0.28829281269384,-0.0863033620980852,-5.63794991436208,0.292215621559378,-0.00291127455292491,-2.71296221642108,0.372097760153165,0.257845541852385,-1.56276055106705
0.288212464092636,-0.0841669200584545,-5.60718583204053,0.292210287682516,-0.00254321970937891,-2.70152164767061,0.372349989986386,0.256409172277293,-1.53320217338235
0.288131516373426,-0.0820231357356773,-5.67224039531695,0.292203078121592,-0.0021521885838695,-2.67898566752505,0.372613653283748,0.254879973775142,-1.48274423816495
0.28803324519434,-0.0798582890222393,-5.71194423975359,0.292202665820463,-0.00173386057401428,-2.62463508797251,0.372875074597744,0.253293283484241,-1.17437308076903
0.287944206322632,-0.0776618667624013,-5.80177009500865,0.292201132526219,-0.0012845311854511,-2.58856861596029,0.373119208697573,0.251685809342148,-1.06211105817807
0.287868881543106,-0.0754282366008773,-5.93280966908756,0.292203262294152,-0.000800468821836847,-2.60113659331008,0.37336364871654,0.250093756162254,-0.836018167085246
0.287794283897085,-0.0731551634526625,-5.99554837411193,0.292199876472291,-0.000277585946642915,-2.58163080938083,0.373594171482086,0.248549656657005,-0.897437137068027
0.287721519039247,-0.0708418796587717,-6.01148842074017,0.292198118756777,0.000287980644990742,-2.58997423316765,0.373847802769377,0.24708388101062,-0.955732642209106
0.287638459786796,-0.0684892361979448,-6.07148413225326,0.292190857760739,0.000898925997649532,-2.62578447009529,0.37423895573816,0.24573304675104,-0.910885440575013
0.287568338074023,-0.0661010243825676,-6.1245986149345,0.292200383432471,0.00155667072107068,-2.62377166790881,0.37425584913807,0.24453816001456,-0.734335750926247
0.287505902882517,-0.0636841046662692,-6.16618909187185,0.292201243267208,0.00226239320035095,-2.64260368792152,0.374463798901344,0.243520962788652,-0.390473309508801
0.287437221404063,-0.061247294492148,-6.1803196321412,0.292203358338163,0.00301783359753003,-2.58702682874159,0.374706568143316,0.242666693572246,-0.281660251619237
0.287377462399338,-0.0588008493357076,-6.37944615314591,0.292206858659252,0.00382500889995817,-2.62875233925336,0.37495993363086,0.241935841504036,-0.235641085996776
0.287308550353444,-0.056356061742878,-6.49486738979918,0.292206864348739,0.00468550171323235,-2.75671293848389,0.375215323348564,0.241284266320326,-0.419986584325211
0.287305988560164,-0.0539220597819386,-6.58781019388657,0.292211610084053,0.00559999670096982,-2.68094869480249,0.375446350963386,0.240670917003503,-0.390389751090674
0.287242536937811,-0.0515013114085628,-6.64567530386785,0.292217827355165,0.00656815924440855,-2.64834574192924,0.37568613089969,0.240056466591043,-0.429252374357662
0.287185652917735,-0.0490901685479491,-6.69195693472887,0.292217272242553,0.0075885078825824,-2.59872117173689,0.375925048961979,0.239401324755168,-0.303684238725058
0.287127653498754,-0.0466844904743098,-6.75046786889838,0.292227159590344,0.00865814675019034,-2.63050658364628,0.376179790853197,0.238666684399508,-0.27200474225612
0.287080215593245,-0.0442836713232848,-6.80648973253514,0.292234646284879,0.00977276949469308,-2.58528126431598,0.376430561440067,0.237819554562712,-0.252692937398503
0.287030804786115,-0.0418907843564865,-6.86640378980903,0.292238146785411,0.0109268594899643,-2.58955524945102,0.376772962796663,0.236842334933139,-0.289972994107573
0.286994319653913,-0.0395112197733027,-6.91637882364796,0.292258147783679,0.0121139296624738,-2.54978506835574,0.377009350872803,0.235741399068911,-0.481345514645189
0.286954120983031,-0.0371512495550715,-6.97254427760067,0.292262157291054,0.0133271776169415,-2.51806131908177,0.377241029932565,0.234544122670167,-0.538176730136656
0.286922574763352,-0.0348167952158654,-6.93313441857462,0.292293522564301,0.0145606709798641,-2.52622054148034,0.377458018691118,0.233286150550979,-0.542119384878548
0.28689523408904,-0.0325124575189455,-7.04145607312108,0.292305023105159,0.015810486891625,-2.53437754921921,0.377702900562875,0.232002356040815,-0.32496961019015
0.286860828874109,-0.0302412697796269,-7.08157739550302,0.292321822057743,0.0170747421610833,-2.44933896068349,0.377931692517612,0.2307263646869,-0.265545044355756
0.286826298324538,-0.0280056025649647,-7.16531570049535,0.292341656635039,0.0183524829020976,-2.38362078073214,0.378173936492426,0.229492939537056,-0.106299226556209
0.286807961537207,-0.025807916586639,-7.17554335900187,0.292353266711073,0.0196425368402002,-2.44519006571159,0.378392856699723,0.22833439256898,0.0610751149647777
0.286784264267897,-0.0236501319031983,-7.29047854388835,0.292375235402501,0.0209430750437368,-2.47651314818292,0.378402642124624,0.227265409573439,0.0315671454575717
0.286762189447337,-0.021532707277558,-7.24463549736525,0.292408693273228,0.0222525441955308,-2.54941544849535,0.37877930328431,0.22627268963209,0.0235566918881396
0.28674965158569,-0.0194544282354298,-7.28265264857178,0.292432741854455,0.0235713767255068,-2.45345799094638,0.37901804076652,0.225329635524944,0.0584380470853201
0.286726056636992,-0.0174126269521554,-7.25898858345341,0.292454191984354,0.0249023542253064,-2.47888976412216,0.37920358397255,0.224416247174987,0.150834424086364
0.286713075424166,-0.0154034456922495,-7.27635920732961,0.292485122606857,0.0262495710372075,-2.45884792911801,0.379439481657877,0.223518758818997,0.272558125969396
0.286712288856743,-0.0134212485732261,-7.41687518213059,0.292509139921782,0.0276176889139108,-2.46149875432188,0.379660129601276,0.222622162994313,0.377735562321974
0.286701721023885,-0.0114573094308286,-7.41662133814318,0.292538260836569,0.0290116803109848,-2.53630752536854,0.379888973589777,0.221710076496505,0.423256333959905
0.286690513258515,-0.00950016634970822,-7.48445575783532,0.292568396121088,0.0304365398775227,-2.51463561213828,0.380093737304753,0.220766004142224,0.38189647622689
0.286661447055667,-0.00753860776494075,-7.48377488187716,0.292595571188435,0.0318963984312647,-2.49146429909687,0.380327791382111,0.21977274944608,0.485769068546185
0.286661654024778,-0.00556445112534383,-7.47302196784084,0.292599950478553,0.0333921629317775,-2.49631486580893,0.380539956477343,0.218715175815605,0.46741451773486
0.286655139313412,-0.00357237927555817,-7.49874445083445,0.292641789513327,0.0349196649099584,-2.39540477104485,0.380897198145934,0.217591266298549,0.545601452335166
0.286652497223784,-0.00155819637570366,-7.58186962572789,0.292693916972943,0.0364719207453587,-2.42723348586202,0.381111796400211,0.216424654512372,0.567699038135841
0.286649090900212,0.000481894403229393,-7.72692627138324,0.292727381433467,0.0380434229870424,-2.37647896224592,0.381304760586821,0.215262474973038,0.660558360194697
0.286650958019203,0.00255103315204671,-7.6360833846332,0.292766104680899,0.0396311660596998,-2.40542987921468,0.381514062981831,0.214160008997352,0.555557705971899
0.286650787863281,0.00465152900757758,-7.65875040698828,0.292800833666484,0.0412324939984958,-2.46249484652118,0.381743927582583,0.213167090278331,0.637571760563536
0.286659321378762,0.00678519397873417,-7.58113543879343,0.292838710846086,0.0428432051510677,-2.40128255473971,0.38174706121013,0.212317176605229,0.695741992497952
0.286675576042034,0.00895404216158857,-7.57057494880169,0.292883186693946,0.0444571355217936,-2.37132471106916,0.382161457218567,0.211621133783178,0.793577097304407
0.286664654838062,0.0111596636348572,-7.65645030550711,0.292924952831001,0.0460666366612752,-2.43946024600602,0.382165873019364,0.211069982074588,0.802675552516025
0.286665946708537,0.0134004100488931,-7.74418964561363,0.292973869214162,0.0476632352980693,-2.44803154004083,0.382371882510559,0.210633636929943,0.816607175204445
0.286681945113447,0.0156692010882162,-7.77615603358349,0.293022309850763,0.0492387860030373,-2.42700211256183,0.382582128352938,0.210257404986754,0.843864740376909
0.286682927890061,0.0179545575644421,-7.72132575219347,0.293104042277823,0.05078827398088,-2.48817850466998,0.382824685507308,0.20987485765769,0.90253366300099
0.286743399411153,0.0202444218374569,-7.7731862180768,0.293156598506995,0.0523129661186195,-2.47062824965179,0.383142320857262,0.209431521709463,1.06382144878804
0.286747215084884,0.0225298590188795,-7.77569902675454,0.293208443755373,0.0538203893161451,-2.45873317505616,0.38334305144487,0.20889892168315,1.06504865342535
0.286769725228213,0.0248049212395131,-7.74202824186126,0.293266390667454,0.0553214080814888,-2.47064298352303,0.383550591243094,0.208270674436944,1.20437353863914
0.286796862256424,0.0270639204534855,-7.79462122696789,0.29332327563017,0.0568281810631444,-2.40162712206811,0.383758313433619,0.207549664387901,1.25525715542098
0.286828913338198,0.0293004123500442,-7.87811142279628,0.293386032637018,0.0583539696586874,-2.46683368762159,0.383972642538733,0.206740377438737,1.29084553196531
0.286846710680628,0.0315072345216307,-7.81934491640519,0.293440012774993,0.0599120259615022,-2.52786836819236,0.384173755954503,0.205847817570594,1.26499825957032
0.286877725504582,0.0336754930836343,-7.8798587590084,0.293450433572115,0.0615106952378508,-2.4696947647926,0.384376431987424,0.20487700330652,1.30158049339918
0.286912843798649,0.035794773734717,-7.87257458157471,0.293500623676098,0.0631463684084878,-2.4965880714775,0.384577593682986,0.20383448473304,1.41976908317529
0.286990089315389,0.0378572239367296,-7.82855911505886,0.293529616375906,0.0648012601038482,-2.50341028229987,0.38492024560301,0.202738502488567,1.44520776830474
0.287031876470607,0.0398627427586353,-7.81992962947834,0.293675772470119,0.06645139060711,-2.44722745466924,0.385113089173165,0.201631694542662,1.48623677912345
0.287075066650769,0.0418197580843114,-7.81105599662697,0.293745143198742,0.0680795763972163,-2.45365095860768,0.385289987940199,0.200575151556873,1.5507277545437
0.287117332979956,0.0437414468344422,-7.84081533552149,0.293813298342672,0.069680789676997,-2.47890943540758,0.385291501849983,0.199617873423467,1.56668101695234
0.28715729383163,0.0456420843889218,-7.90173120343261,0.293881904641004,0.0712571187177984,-2.53956828662566,0.385494781890644,0.1987682952423,1.53908038109085
0.287211675843086,0.0475358003358153,-7.82407719336824,0.293952935861336,0.0728117649378082,-2.49591835602264,0.38569262688774,0.197995146160018,1.51240723235408
0.28725154488194,0.0494364449156909,-7.83737344189964,0.294024574049829,0.0743470479591545,-2.47651754536651,0.385897642382836,0.197248997630664,1.55234195333583
0.287300122051285,0.0513570993011989,-7.8737285995067,0.294093771954352,0.0758640351880393,-2.45689845122068,0.386092045346338,0.196478294943068,1.6508682263129
0.287353818011001,0.0533086623897726,-7.89764682612136,0.294174287002382,0.0773631479323978,-2.46967526002571,0.386298945488895,0.195633509579735,1.74150542460381
0.287357523759782,0.0552963539821964,-7.90611040052567,0.294284718399808,0.0788473861796914,-2.50727943391142,0.386494961128246,0.194669150445847,1.80475755578018
0.287410391707321,0.0573142418530961,-7.90300072945553,0.294368006333544,0.0803264698434948,-2.5665345784112,0.386775531178973,0.193550460461034,1.82891654555484
0.287414350238898,0.0593428639701225,-7.86963730490221,0.294450184999757,0.0818172404823818,-2.58346533633615,0.386984444861675,0.19226183998349,1.84513249531532
0.287576385018292,0.061356748672957,-7.95398379079373,0.294524629537672,0.0833387089936762,-2.54335655447885,0.387170788008747,0.190807217823493,1.92337575938974
0.28764665110105,0.0633388759622129,-7.94738547752256,0.294548796283215,0.0849050193670391,-2.557414760883,0.387366222992997,0.189201359982067,1.95777362899111
0.28770668567558,0.0652876631980437,-7.99783365401437,0.29469977736905,0.086522249753605,-2.58216064911171,0.387552308532459,0.187461904883457,2.07079072054683
0.287778542342091,0.0672113539816548,-7.97966329425751,0.294711640218048,0.0881894115584574,-2.54044171456039,0.387732119378051,0.185606099684729,2.12304507685507
0.287840698879867,0.069120535205974,-8.05000614356624,0.294795813231894,0.0898971883278876,-2.58468780644489,0.387909138651664,0.183649309785591,1.99124556482968
0.287908604344339,0.0710249240970794,-8.05670344938912,0.294886587844784,0.091626052309587,-2.57367820839557,0.388100378664816,0.181604630974177,1.9119893529319
0.287963699134463,0.0729314815772188,-8.11777639551012,0.294983652622694,0.0933510423810621,-2.63019981219272,0.38826947322598,0.179484250516908,1.76258352452252
0.288036374197562,0.0748429389512546,-8.13019988275583,0.295132348406892,0.0950511946856768,-2.6146981535687,0.388484275803774,0.177304130854476,1.84829977555718
0.288112687958956,0.0767582057350331,-8.17865778890024,0.295218107533404,0.0967158548079554,-2.59882044480238,0.388748956875567,0.175091213709049,1.96550003277139
0.288186382464024,0.0786749711551113,-8.1786496986466,0.295317954951922,0.0983435826363622,-2.62287295459715,0.388768280346237,0.172882720425907,1.91983919637461
0.288316060324453,0.0805948129635011,-8.19411426953429,0.295419506964877,0.0999369576027326,-2.59315236648362,0.389049225409538,0.170713883805368,1.87390164377083
0.288408124067551,0.0825276334520773,-8.13526417916914,0.295519003756964,0.101499501779887,-2.54699995446823,0.389060668660289,0.168605328887815,1.90151019128878
0.28841146670025,0.0844883091664792,-8.18255575467956,0.295625621464585,0.103035354777634,-2.60233845395939,0.3892338990138,0.166555610956518,1.7682294313627
0.288571114068941,0.0864887617193872,-8.18037422570206,0.295726731865807,0.104549426284356,-2.57345871385882,0.389395818881238,0.16454126034404,1.79825883033782
0.288584011039587,0.0885343474184029,-8.09111917780499,0.295840130637559,0.106048737814126,-2.63631495197707,0.389563526920033,0.162526813257503,2.02047063139312
0.288661624969538,0.0906216478174174,-8.12890864220266,0.296003697699156,0.107547206427851,-2.52649455573134,0.389740382721879,0.160475862319029,1.98369279500511
0.288750246096641,0.0927358874697309,-8.16247739019836,0.296113014150158,0.109070831623282,-2.5958412238388,0.389898356804413,0.158355390638394,2.10509633416844
0.288842147652337,0.0948534759407754,-8.17130670241123,0.296208039786932,0.110653864046161,-2.62061535312682,0.39005704746573,0.156137313045534,2.01792673097085
0.288936931896601,0.0969482282149267,-8.18063383763047,0.296208039786932,0.112321276325301,-2.62404211247731,0.390306054305876,0.153804388857561,2.05075243643646
0.289089156742698,0.0989983017282079,-8.19283468126076,0.296240914068172,0.114069296359576,-2.703071873594,0.390473548605813,0.151359106225572,2.06090161060896
0.289201784440864,0.100993027492348,-8.25801073493499,0.296459870892974,0.115866029346133,-2.70639659777332,0.390615449340571,0.148823673969594,2.05000139723868
0.28930456303192,0.102934496171841,-8.21706367441474,0.296581358074195,0.117673617574135,-2.70552044898786,0.390737540910995,0.14622804935419,2.07849351726565
0.289408576844756,0.104832635207927,-8.22858799808053,0.296700719986836,0.119465371989789,-2.68110996502684,0.39087540403557,0.143598536796316,2.12863850531283
0.289518013355348,0.106700167785607,-8.31665505360001,0.296825237605717,0.121224473330714,-2.71534161461992,0.391030648774463,0.140956103340592,2.20890151103494
0.289626503645184,0.108550888301356,-8.38016141059713,0.296946341267427,0.122937395455773,-2.71364365814358,0.391178384003743,0.138321128155043,2.14114858889679
0.289733028056519,0.110399130065663,-8.37822262924506,0.297069683603859,0.124591227239044,-2.76269040059845,0.391320569496333,0.135714836996244,2.10172684662824
0.289840521748588,0.112258792608945,-8.39702218023302,0.297188969041797,0.126172968734116,-2.78681986195982,0.3913232847277,0.133149813280028,1.91126484849631
0.289952684558505,0.11414408532047,-8.34279563969923,0.297334552622847,0.127671017328364,-2.75704575880255,0.391472601192915,0.130618401002333,1.83818886693542
0.290148910182076,0.116073755968586,-8.31475089075475,0.297508933628641,0.129080579896254,-2.77912417886355,0.391671490601241,0.128098342029201,1.81825072887075
0.290159394009007,0.118068987944817,-8.33725895593497,0.297641715791553,0.130408997623553,-2.73532990203284,0.391798147542101,0.125571101230465,1.80716605680027
0.290159394009007,0.120136623451193,-8.37930304964406,0.297775040530394,0.131674894979867,-2.73393407419301,0.391901103103779,0.123028436545115,1.69845208739922
0.290391756289768,0.122258486200825,-8.3860878572352,0.297907089872522,0.132902617123897,-2.78267825700876,0.392017201563947,0.120464339329168,1.63374721838678
0.29050690087898,0.124405455138921,-8.4236905972973,0.29803860798719,0.134117958562128,-2.75995752209195,0.392131283203595,0.117868617500525,1.54078962342362
0.290633569869168,0.126554711538522,-8.42146206085719,0.298177529004063,0.135347034595022,-2.80816720762095,0.392256633881891,0.115227883872861,1.47162804344585
0.290755902889962,0.128689903193409,-8.35951936336357,0.298317253001284,0.136616355010906,-2.77113952440732,0.392374428261165,0.112528875356956,1.49379978572993
0.290882418809579,0.130794958625599,-8.42325941166521,0.298433230387401,0.137949439048295,-2.752318077059,0.39248523040874,0.10976018064089,1.53651772531682
0.291015894723337,0.132852302237064,-8.45244340009868,0.298453097040757,0.139355566083204,-2.78642594117719,0.392596160436169,0.106912319564345,1.48799216146929
0.291150717123835,0.134843618263194,-8.39737010963341,0.298601008122779,0.140819540469732,-2.8487322470985,0.392715195140382,0.103978045038742,1.48362064489547
0.291284441112593,0.136751976056989,-8.43415212246385,0.298805073563462,0.142309001663248,-2.86408255853181,0.392815852428129,0.100954222438127,1.49791192479557
0.291500352530881,0.138567916927569,-8.40113637527891,0.29895280957536,0.143793740018548,-2.86083940343784,0.392975318865191,0.0978460236409663,1.41531968538351
0.291644637609746,0.140297188598975,-8.45026930319805,0.299097818871838,0.145254933649488,-2.89684470678491,0.393074519485871,0.0946711745090262,1.45623137183814
0.291786605956835,0.141961357887229,-8.44671581302865,0.299242822688594,0.146680937069778,-2.89276694068277,0.393154833480598,0.0914583679926885,1.48543823692105
0.291928835202771,0.143590560652826,-8.51943365748787,0.299397260158799,0.148062245378746,-2.95803353575696,0.393246021860694,0.0882401655025496,1.53403435097297
0.292077069284864,0.145217383706735,-8.46520243728833,0.299541385474088,0.149390307526603,-2.93417358219239,0.393327487798262,0.085046300613907,1.47399126164289
0.29222656473687,0.146875552569264,-8.51710383091706,0.299696365201091,0.150657305290649,-2.97388785312869,0.393328823628769,0.081896727435026,1.4935355879601
0.292374551217265,0.148600023587899,-8.5733724510725,0.299841154484732,0.151855696835967,-2.98356606906693,0.39340907557619,0.0787946136709512,1.45729964450272
0.292515833028872,0.150423287102691,-8.48377623626601,0.300002888122456,0.15297946786607,-3.02208455747144,0.393490612360211,0.0757274002974771,1.3028459601351
0.292523723930224,0.15236443440248,-8.54002118455588,0.300221036522815,0.154029731650169,-3.05564947889093,0.393570110675692,0.0726759532091585,1.29885459995491
0.2927541281449,0.154418194589532,-8.51097087156932,0.300375808830403,0.155021265637609,-3.0231185281443,0.393645796130293,0.0696218292887254,1.30070838252331
0.292766317335703,0.1565549693785,-8.48532995689252,0.300530717954561,0.155982347470502,-3.05851161725259,0.393713974430241,0.0665497616271237,1.27149738167294
0.293077236472566,0.158733228980908,-8.48535568165558,0.300705320749574,0.156949390520206,-3.0498795097594,0.393824481282543,0.0634503893453251,1.20095883021316
0.293236659639528,0.160918135412807,-8.57464275947041,0.300867347453994,0.15796364575884,-3.05467328126443,0.393889789725762,0.0603237315328027,1.15979114509034
0.293407833035255,0.163092516727706,-8.52086412387081,0.301013812393563,0.159066880584715,-3.11249799781942,0.393936628794499,0.0571782008214865,0.973893561237487
0.293557740406776,0.165251565994246,-8.53919462303324,0.301035933346132,0.160287916834923,-3.12586865322055,0.393995257296015,0.0540252168323579,0.959848412120872
0.293729286357306,0.167392937364833,-8.53202762676223,0.301193862579461,0.161627075471642,-3.2503629127203,0.394046746948525,0.0508755500935555,0.986319289218134
0.293899732075633,0.169513536813086,-8.52350216701866,0.301339819180217,0.163055078140482,-3.18778981266375,0.394093318139328,0.0477389969528634,0.988443841477026
0.29406644281826,0.171610025595784,-8.55149994493488,0.301503194508679,0.164525546139209,-3.22360760104208,0.394137850239964,0.044624496118549,0.926994925347005
0.294235746063086,0.173678643026138,-8.59155752128768,0.301672390778327,0.16598788802592,-3.1782140240179,0.394178116101308,0.0415402448883391,1.00549121952697
0.294412078463751,0.175716514833802,-8.5738745721246,0.301920143554644,0.167398575993977,-3.28857889109884,0.394239026136936,0.038494615571572,1.01728852466222
0.294683788186032,0.177729382572985,-8.53375939722095,0.302100885151513,0.16873141857418,-3.3236441343081,0.394239742426307,0.0354962626985207,1.04661927980994
0.294871274360741,0.179741843464413,-8.56989071300096,0.302279429153149,0.169979650367856,-3.28164350662253,0.394299789036509,0.0325525419328321,1.09655523651979
0.295045720132129,0.181794632782767,-8.58773069616525,0.302460650763318,0.17114958647786,-3.29587948309073,0.394302302051167,0.0296680872041059,1.08893121542449
0.295059220795,0.183924977213403,-8.57700141968667,0.302633699800223,0.172254081953144,-3.2732232109865,0.394332155172209,0.0268441911180524,1.29510060952914
0.295406989088033,0.186151293328536,-8.55753395620087,0.302798378735998,0.173308576651078,-3.326642784597,0.394361239264745,0.0240791267065458,1.26620538293263
0.295417590203671,0.188473304170623,-8.61136051244069,0.302969308688784,0.174328341461123,-3.29590097223767,0.394384137356535,0.0213701340233064,1.28539556754262
0.295604771044686,0.190871610311336,-8.6595476968626,0.303155249005878,0.175328377701287,-3.34087256971922,0.394413766581189,0.0187156993788829,1.32399702374026
0.295804690516341,0.193305372488,-8.60980526469138,0.303354257032233,0.17632814455565,-3.47418313570597,0.394430419905666,0.0161165069867302,1.31070532901888
0.295989581895258,0.195721672864249,-8.54165885616499,0.303604662261664,0.177360192984415,-3.4142960737384,0.394445906321695,0.0135751095548096,1.24774225841186
0.296272118410555,0.198072015976555,-8.53695424252996,0.303776837133851,0.178475734564719,-3.4377556402964,0.394459270081364,0.0110950484811376,1.27311982974298
0.296480864686945,0.200324097392056,-8.51699734725486,0.303937043781488,0.179736165514803,-3.40990358603622,0.394468205668257,0.00868003422352098,1.22997222963777
0.296682196201988,0.202463042331385,-8.53075492509724,0.303937043781488,0.18118597213113,-3.34084355302455,0.394466328557222,0.00633296730791523,1.22994763624308
0.29688372121864,0.204483816912733,-8.50725914879914,0.303994176602305,0.182823184304807,-3.32828801565575,0.394472493624471,0.00405486021292515,1.28122898742612
0.297099337563082,0.206384394971499,-8.50639011650769,0.304327856817369,0.184597225067869,-3.36553662622594,0.394469197599261,0.00184442931192153,1.10835261118655
0.297300149614905,0.208164067115525,-8.4793151071586,0.304381863183793,0.186435192655704,-3.41901203248426,0.394468812660269,-0.0003016336064526,1.21030534326618
0.297519477766586,0.209823427854833,-8.42342132352848,0.304732174017315,0.188267857118782,-3.39463185215808,0.39446778822099,-0.00238812377008274,1.19259642234642
0.297719938507105,0.211363755722842,-8.55776132072163,0.304917645523521,0.190043634829067,-3.43705332700837,0.394463301302844,-0.00442061276877399,1.3400736393423
0.297931611168599,0.212787870896205,-8.50541192747824,0.305107373446027,0.191731480137621,-3.41185144286474,0.394460971796126,-0.00640460643291077,1.44882995736312
0.298248497494841,0.214107688343623,-8.55215113513032,0.305291559523835,0.193311843391609,-3.48747266789961,0.394460825896982,-0.00834460655876421,1.50208438726762
0.298481195697871,0.215355676458687,-8.53169211041246,0.305492380797753,0.194768435631244,-3.51691860294353,0.394446886082768,-0.0102436334241883,1.64083775464116
0.298689531182064,0.216586663487502,-8.58811350613199,0.305775142379517,0.196092917458619,-3.57957845064143,0.394437790258999,-0.0121037070275022,1.71318324003054
0.298909160217266,0.217867430419068,-8.51603274814265,0.305975580454015,0.197294687441005,-3.4721559815114,0.394426036378493,-0.0139264532346546,1.75704544306327
0.299118812027773,0.219262690913329,-8.50963405026035,0.306182107051698,0.19840198802211,-3.57693728977008,0.394411595322718,-0.0157131824137447,1.80002695363699
0.299134324745514,0.220815886898778,-8.54637953967392,0.306384576805407,0.199454283967774,-3.47392951540849,0.394391868976503,-0.0174650111758909,2.03153812507388
0.299354214374375,0.222529569460393,-8.59298830220851,0.306584920350411,0.200495319310065,-3.40170740091681,0.394376899843072,-0.0191831025083867,2.06652067403511
0.299583824098348,0.224366497517274,-8.53613974131131,0.306779360316975,0.201569276730353,-3.44050813105975,0.394356603611566,-0.0208684913043236,2.06837283044038
0.299808067834888,0.226270407493639,-8.52655509126343,0.30695118131549,0.202713988301826,-3.47758027404503,0.394337336060253,-0.0225217250064169,2.06139508948986
0.300035864733748,0.228183914330816,-8.50634543100913,0.307010668586886,0.203949611168864,-3.50194757842636,0.394311476307879,-0.0241431305318383,2.00697910819146
0.300365718494996,0.2300600477293,-8.49447315078697,0.307376342612072,0.205274664663948,-3.50292451470328,0.394275204258726,-0.0257340883160701,1.97454637895898
0.300611860983921,0.231872685252049,-8.39868105102813,0.30742261148882,0.206674417472879,-3.49468748595878,0.394249179149802,-0.0272984536936929,1.95529227684782
0.300841955760734,0.233618103213912,-8.43239890638021,0.307723135902523,0.208128602535498,-3.42903334323091,0.394216140561535,-0.028842743010639,2.00806174549757
0.301096903705243,0.235307247101576,-8.36024965624025,0.307913218643776,0.209615062222221,-3.43984537826588,0.394191080395545,-0.0303749050550469,2.01775630675323
0.301366319278994,0.236960623371647,-8.33591500762565,0.308122906459894,0.211113635018546,-3.489355558975,0.39416633184296,-0.0319019054455717,2.04414163627269
0.301581565895367,0.238606812102025,-8.35297623012949,0.308336071924917,0.212606455475438,-3.39394352315912,0.394165941262447,-0.0334264595226659,1.94592574952969
0.301815240399809,0.240277851963283,-8.32319748757427,0.308551223928428,0.214075882116651,-3.39396109509604,0.394106863419796,-0.034945255036506,2.03724574262573
0.302058342129821,0.242004255331205,-8.31512120303006,0.308763213564264,0.215504227337338,-3.35113851755008,0.394105395984925,-0.0364496549642292,2.07286900427346
0.302307842225837,0.243815175283158,-8.31038827403311,0.308982196344613,0.216873921271358,-3.26782079120811,0.39406426044182,-0.0379267650106536,2.13315795401839
0.302565843954672,0.245737089946783,-8.34560777390791,0.309196259867316,0.218167341742946,-3.24716837364562,0.394006017572049,-0.0393615034383333,2.1710012718314
0.302572234049335,0.247779583168734,-8.37191849981887,0.309419762422825,0.219369112130203,-3.24191104029413,0.393967126401555,-0.0407404263157562,2.21909477648532
0.302939199550302,0.249920685232078,-8.33874205522738,0.309752498278729,0.220475251135521,-3.24023381394233,0.393923419652462,-0.0420535851436182,2.1885923761932
0.30319039589775,0.252116717718462,-8.34211651606289,0.309980212010358,0.221504700678121,-3.24373047101878,0.39387953764047,-0.0432935289345022,2.2446594438403
0.303460141079214,0.25432545774012,-8.319416340087,0.310203289061211,0.222499663174877,-3.1827887371008,0.393824433382594,-0.0444548552338662,2.2762951510783
0.303714066010571,0.256514461776339,-8.32655435997742,0.310418444720493,0.223514104064963,-3.15624788924134,0.393777202211894,-0.0455349112523966,2.34624513096598
0.303971571367143,0.258656211836411,-8.34192597216778,0.310648413272218,0.224603672588001,-3.14793873794483,0.393733163216154,-0.0465336967513508,2.56822955978957
0.304219276170099,0.26072347944283,-8.33961505361228,0.310853020804366,0.225818249086556,-3.070626345066,0.393680289676171,-0.0474529108595869,2.548160490903
0.304489326833746,0.262687855283103,-8.37329373451065,0.310888547354839,0.227185972562421,-3.07456640117913,0.393632352922514,-0.0482954359702979,2.54211787255691
0.30476184904873,0.264521121406833,-8.31439208114089,0.311122181702388,0.228695478815831,-3.03922251181335,0.393582930264518,-0.049065664600163,2.52001209021668
0.305031712886413,0.266197731330721,-8.29576664450762,0.311356897271341,0.230300205125387,-3.00090548819062,0.39350957973206,-0.0497710265670674,2.61471450341491
0.30530381989367,0.267697892695866,-8.30139969776411,0.31167593061044,0.231945594778478,-2.99298376086608,0.393455693346889,-0.0504241784455622,2.61829207565356
0.305683613522176,0.269015533927268,-8.26585397744828,0.31191805512137,0.233592578434407,-2.99539370826417,0.393403866251496,-0.0510422912072701,2.66708172445314
0.305963080655738,0.270168956319315,-8.21036742032501,0.312143900581845,0.235220701161798,-3.05701112099711,0.393403235841052,-0.0516408658084578,2.67729801480558
0.306258932475144,0.27120237979485,-8.31021389860149,0.312388586171049,0.236819161493517,-2.99405995728337,0.39335374731123,-0.0522265451922233,2.74657173949636
0.306513744034671,0.272176090611619,-8.27431841485414,0.312633497945294,0.238380663928206,-3.04261483287633,0.39329729873619,-0.0527962941510247,2.72715068523373
0.306796489275873,0.273156097675618,-8.29674877911211,0.3128833359146,0.239901209314154,-2.98739941779913,0.393245999425535,-0.0533424742093564,2.56616871028374
0.307074857725947,0.274210268893684,-8.28285974014579,0.313116290003731,0.241380293881959,-2.98063262519533,0.393185832312066,-0.0538572343699365,2.65552354356478
0.307355371573269,0.275403732499293,-8.15060879746714,0.313364498296713,0.242819597043378,-2.98945797595441,0.39313419481528,-0.0543336617683617,2.69445150233535
0.30737111104409,0.276778967631168,-8.19098128410173,0.313616282197193,0.244224350027657,-2.90937545793463,0.393083414107833,-0.0547652488655703,2.79249694372529
0.307631252220831,0.278328608204084,-8.2072652176611,0.313960335919474,0.245611547394249,-2.8638158547058,0.393024360003928,-0.0551451851108143,2.89598727297621
0.307910688331673,0.279995031118689,-8.24897098868313,0.314208465192469,0.247019299714881,-2.85440099177646,0.392973784523309,-0.0554668328279347,2.94311619111655
0.308313448223734,0.281704333278416,-8.26589918801857,0.314451179670467,0.248505111799852,-2.87450675293428,0.392882690671623,-0.0557264486405961,3.0310098604025
0.308604328778654,0.283400383905674,-8.29330595505167,0.314679621564446,0.250129306160806,-2.9341750545907,0.39282539589526,-0.0559265826640537,3.06441490876145
0.308898566304751,0.285052510523603,-8.31344117608445,0.314709682942883,0.251928330917364,-2.94913258197464,0.392772571602975,-0.0560762718884441,3.19888780184355
0.309175188563096,0.286644313521585,-8.31920053269258,0.314972853894585,0.253892759550762,-2.98360705206123,0.392712038030668,-0.0561878379120182,3.23021945916824
0.309459853161323,0.288162726882779,-8.32498250040382,0.315225631982614,0.255970559055066,-2.92564407348064,0.39266186236504,-0.0562741557469465,3.44650774258286
0.309765273996242,0.289594730576522,-8.2567806628614,0.315487656976835,0.258090316067088,-2.86247729530759,0.392601205392521,-0.056347943470009,3.46918177865622
0.310037074251476,0.290927765158554,-8.24836427761259,0.315755325095936,0.260180811198449,-2.91767813667699,0.392543573492618,-0.0564220909084491,3.49307331460846
0.310343706135458,0.292149487830141,-8.25339006499505,0.316124879177502,0.26218426336136,-2.90653256829853,0.392486025213326,-0.0565101792680619,3.46255943527951
0.310615132749049,0.293246694405427,-8.22469441569564,0.316412112795075,0.264068185909368,-2.84889785567458,0.392428883871086,-0.0566255368128634,3.48398759915849
0.31092491059124,0.294208080219509,-8.2151077320297,0.316683879931932,0.265826978491196,-2.77650595714462,0.392427309471499,-0.0567765965599267,3.57507328137631
0.311376832764798,0.295037749944746,-8.10710785389129,0.316946440246997,0.267470924708043,-2.81841347734763,0.39237733445636,-0.0569614865107639,3.51297043007809
0.311685268803625,0.295772658637124,-8.0840388947345,0.317204445483932,0.269014185883523,-2.7194704730273,0.392284379913604,-0.0571699428737812,3.69266569305569
0.311987453151922,0.296484058669199,-8.14602655520442,0.317472204442918,0.270469311029357,-2.69669470125451,0.392227996057775,-0.057391866094111,3.70278209030967
0.312280336318436,0.297256345992425,-8.05171901702144,0.317755089315858,0.271847182482669,-2.65374240863415,0.392172517524422,-0.057621964429422,3.72504412818595
0.312289886837112,0.29815584939346,-8.03964050710623,0.318018609837893,0.273158260008781,-2.59245570029893,0.392114445857459,-0.0578576710950568,3.58195129516804
0.312843931078443,0.299213219682453,-8.06627785830597,0.318273734502055,0.274412007042797,-2.55185678617305,0.392059445949341,-0.0580964737079688,3.62669511563974
0.312884265231097,0.300427624143499,-8.00972127228312,0.318583356971535,0.275619579622219,-2.59638666441512,0.391997992618173,-0.058335514672292,3.72585982559869
0.313182239143942,0.301769263273734,-7.98382353198978,0.318994996370414,0.276807710777526,-2.49880389426673,0.391936253406735,-0.0585722093350882,3.7542682619551
0.313475169217284,0.303178691548646,-8.0232946371338,0.31928135638303,0.278033759157197,-2.47565839247122,0.391881998506298,-0.0588045430551557,3.83443057956769
0.313917859633093,0.304587726051404,-7.98674472563377,0.319513904826209,0.279376657716009,-2.4669211692164,0.391821854473881,-0.0590311044086194,3.96262393940293
0.314241850059871,0.305949634289698,-7.95700874820963,0.319551111313825,0.280898487069051,-2.32505610897104,0.391739094059091,-0.0592526214771907,3.9366165850761
0.314555469267169,0.307247401216996,-7.90236704667869,0.319828567115135,0.282608907601259,-2.34040924325805,0.391673843669625,-0.0594746985241595,3.9652149897666
0.314853243834188,0.308481027623104,-7.9520531533535,0.320110408186569,0.284466009255492,-2.12795519354024,0.391619030755556,-0.0597081704811352,3.99017871551946
0.315158335695491,0.309653897561789,-7.83818976147266,0.320408741394863,0.286404069557322,-2.07314361461948,0.391559396825623,-0.0599652044093121,4.05365416222995
0.315463565304784,0.310767487680562,-7.92623073656787,0.320709952551944,0.288355738264584,-2.02987026819416,0.39155932546009,-0.0602535131472471,4.3564813912003
0.315787649091859,0.311821987314598,-7.89361904364947,0.320997016214846,0.290258542907796,-1.92079029775809,0.39143433520704,-0.0605739805818017,4.3283621762933
0.316102388610774,0.312821748178916,-7.85808190082631,0.321299032411526,0.292057520609587,-1.95210695280122,0.39143227900315,-0.0609226216614922,4.3228828331554
0.316572933354032,0.313788909157199,-7.82186871622778,0.321750793078435,0.29371611783236,-1.88059242559566,0.391371362617746,-0.0612908933229879,4.30850460079385
0.316905457218646,0.314779113637623,-7.72384405998562,0.322043142518418,0.295229960246841,-1.85392970808895,0.391305203088524,-0.0616651120629323,4.20520678317749
0.317220800688792,0.315876426271381,-7.73676085961722,0.322328280157781,0.296624774839445,-1.79515379878498,0.391208896191581,-0.0620314041247087,4.28329792274879
0.317238906280973,0.317154373814741,-7.67309323461725,0.322630208202268,0.297939799833089,-1.74016445080632,0.391144975767812,-0.0623824985553036,4.33094412554625
0.317527518398651,0.318631362887293,-7.61517039844924,0.322934708908792,0.299216369047814,-1.59657376104023,0.391078501671738,-0.062718878937816,4.35440554766539
0.317854178464729,0.320264386946875,-7.61004116081837,0.323228005926764,0.30049521787827,-1.48793682645091,0.391015832870007,-0.0630455251039604,4.40670622940338
0.318194951728705,0.321979333128501,-7.63509150537042,0.323481456472714,0.301808857503131,-1.46503271409299,0.390950410071107,-0.0633690401440095,4.41452073138403
0.318509536333949,0.323697850564391,-7.62500085816609,0.323587658498622,0.303167930440458,-1.50403962745109,0.390893388861683,-0.0636962864859954,4.32953224263503
0.318829946518775,0.325343501675872,-7.58950001781848,0.324241072888491,0.304565468236217,-1.54314151795678,0.390824775141497,-0.0640337040710112,4.2083317763128
0.319155545143579,0.326843060328074,-7.53359592243591,0.32434699262219,0.306004116918012,-1.4896574246144,0.390766258321394,-0.0643870474633876,4.30999235371059
0.319671664262437,0.328140448862517,-7.51338187092343,0.324863897955823,0.30751071420931,-1.48940418565244,0.390702261134347,-0.0647618295228766,4.31762420136192
0.320019934890496,0.329216631952843,-7.52268206833955,0.324909500077089,0.309118670248145,-1.38825864898644,0.390607348682774,-0.0651656686275331,4.37714412691173
0.320331628045269,0.330090395248795,-7.50580761883478,0.32521582132746,0.310838415389039,-1.41441677609588,0.390536645972761,-0.0656118747457505,4.40608216778676
0.320649525419757,0.330797798868539,-7.48936098662763,0.325520094359496,0.312645247732289,-1.33093855411398,0.390470892413644,-0.0661204653219519,4.4715959935265
0.320986464342708,0.331375645473477,-7.45749433355496,0.325851096582144,0.314492671445515,-1.2292502600628,0.390398656609679,-0.0667146469568534,4.4435822828506
0.32134733383834,0.331860486374515,-7.41189259426874,0.326157273271212,0.316329853456571,-1.21450526024369,0.390396120357573,-0.0674136131899352,4.49161915115951
0.321658240060401,0.332292435065713,-7.39423065502052,0.326475614361913,0.31810725658703,-1.25051169780069,0.390329108541132,-0.06822541517405,4.50171851518505
0.322012683455938,0.332715501805701,-7.32160910356655,0.326815593412309,0.31977758226498,-1.14063979225512,0.390255695911571,-0.0691464242532289,4.64281996756699
0.32234195538168,0.333176834186226,-7.31629860877504,0.327149539623461,0.321299240465707,-1.09587937443584,0.390195031067157,-0.0701669278982356,4.65206293489087
0.32269758657063,0.333721540545079,-7.29057510745466,0.327510042325337,0.322642984271497,-0.998427503089346,0.390119724833774,-0.0712752315538948,4.64395596185683
0.322708073340912,0.334372399784184,-7.13184021329869,0.327944377260134,0.323802329710574,-0.95518072844488,0.390063676909887,-0.0724575141948548,4.63775217319153
0.32322238448262,0.335111647578124,-7.1874114659041,0.32827539955744,0.324801789000275,-0.86886484005069,0.39000181436819,-0.0736969023287555,4.61556072059206
0.323556006797926,0.335895521827979,-7.12064213211449,0.328599741133669,0.325692260358407,-0.850101982067144,0.389878547713719,-0.0749763789060493,4.60240814483592
0.323878485630448,0.336682700585314,-7.17254075707556,0.328922690506183,0.32653687820082,-0.879721162043497,0.389799111532049,-0.0762852474951638,4.52331330720188
0.324230190187786,0.337441350276911,-7.13533628148226,0.329251946772269,0.327401233638782,-0.866276912945116,0.389714677210063,-0.0776223377130845,4.55647359353425
0.32457197744496,0.338143884286802,-7.13987599512815,0.329592802324682,0.328350931799343,-0.806229100111999,0.389632904974049,-0.0789934661883565,4.49801784965789
0.324933579759933,0.338766888496899,-7.10813947180523,0.329863964582576,0.329443414106524,-0.76190987143655,0.389552835900039,-0.0804077022662118,4.44373801057208
0.325259382417153,0.339292106469971,-7.10798446133734,0.329920555910319,0.330702049876044,-0.697911459988341,0.389481662155299,-0.0818748380583918,4.29695911685659
0.325603687337426,0.339704561698454,-6.90436999212294,0.330281434505573,0.332093674904496,-0.680027650448467,0.389391391375932,-0.0834037630594071,4.28957743483557
0.32595743954708,0.339991551495409,-6.72063315535027,0.330763575481409,0.333546889658749,-0.705565073105224,0.38932163194976,-0.0850026875848558,4.32227637801794
0.326311887458435,0.340147245135664,-6.54377031574385,0.331072787739739,0.334995015449619,-0.645709281139472,0.389181415899552,-0.0866826638007744,4.38333534402388
0.326795253313497,0.340185320767185,-6.67083830496729,0.331416505120616,0.336393593283511,-0.524470002077323,0.389100542313466,-0.088460616459567,4.47785461138924
0.327143774322115,0.340151878490282,-6.65347328816135,0.331755192899455,0.337710103665436,-0.50011528807907,0.389099656152769,-0.0903542338445738,4.39351001850522
0.327483038873918,0.340123926226795,-6.64682415639257,0.332102359927527,0.338914943695078,-0.474676923683677,0.388938833450643,-0.0923729824998197,4.41730000188689
0.32783794926352,0.34019538118523,-6.54060567578491,0.332429602725755,0.339979529904882,-0.545873111239647,0.388927415049953,-0.0945152783096061,4.42601017768247
0.328180738909653,0.340460517917133,-6.56076792062397,0.332765123856556,0.340874974436107,-0.564851610482076,0.388828942587714,-0.0967687760196729,4.43965122810124
0.328203255772258,0.340986248910367,-6.53253362681289,0.33313342907303,0.341573092945736,-0.522735718035407,0.388732115116806,-0.0991111026474935,4.33252776167714
0.328531720726139,0.341779165693151,-6.4149366777827,0.333503055631725,0.342054484081868,-0.378672651765453,0.388616664985977,-0.101515232912577,4.40546327722327
0.328876727156013,0.342782899743316,-6.32464658026178,0.333996001178325,0.342323614656858,-0.236798281576963,0.388509344343563,-0.10395578208789,4.35702176491643
0.329206576990323,0.343907950459357,-6.23084405505981,0.334318289950656,0.342419931332872,-0.195751156012579,0.38841443369336,-0.106410132709827,4.22555224290256
0.329580282305859,0.345061065425203,-6.26440182973585,0.334670018466117,0.342411918068341,-0.297417367808308,0.388305969478515,-0.108857144591125,4.28294329806969
0.33007375316412,0.346166633921042,-6.26068004662599,0.335007977414888,0.34238083778445,-0.328470296093987,0.388140861379102,-0.11128005873012,4.2098404846947
0.330442562621987,0.347183383988039,-6.27187790820302,0.335365625602747,0.342410531344226,-0.309555606582297,0.388018794095066,-0.113672944082792,4.1855435543524
0.330763862986165,0.348102650927749,-6.16195286440836,0.335667327936386,0.342577970318842,-0.228493771694786,0.387899194035785,-0.116042686483031,4.1314074106838
0.331111996658809,0.348929390247967,-6.10394103090857,0.335720858147644,0.342926795043175,-0.1823797847523,0.38777752027573,-0.118404739136099,4.08230701781885
0.331447536881406,0.349667222809216,-6.15770369099204,0.336039872866089,0.343436854783166,-0.143427698290342,0.387652763266302,-0.120778788981432,4.06086523715248
0.331806202901058,0.350315626741352,-6.0200855947345,0.336406071765896,0.344029769457769,-0.180772991357564,0.387530772185323,-0.123187061122242,3.98793509115728
0.33214916889862,0.350872157101852,-5.9766540078207,0.336924053393889,0.344615619651753,-0.22085015315758,0.387403637977753,-0.125653254830026,3.88107753094223
0.332517973115513,0.351335053150439,-5.92978647003245,0.337302384295215,0.345136957953345,-0.174216839244602,0.387292437631407,-0.128200790300324,3.80919976288784
0.332876096448643,0.35170621715282,-5.90701608331858,0.337622012868147,0.345575112829149,-0.155542968008656,0.387156787332506,-0.130848833007411,3.82247142790416
0.333256280515279,0.351997328592502,-5.85266626684078,0.337958893596181,0.345929076870673,-0.0670782843870306,0.387152701180478,-0.133604081877127,3.73339005148121
0.333763555230738,0.352243507290577,-5.87911936859248,0.338302718067046,0.346197866729607,-0.0760736883228408,0.386945181688754,-0.136455471820005,3.79384432365327
0.334132446303411,0.352511023862716,-5.76947673294997,0.338667177447454,0.346378060035545,-0.0743390449467607,0.386800487369056,-0.139382111448013,3.78596706637801
0.334141152237897,0.352874794139995,-5.83970929262219,0.339002569704422,0.346467856687721,-0.0830017646748816,0.386664869648907,-0.142365608401829,3.75266978240721
0.334799752906524,0.35338584098326,-5.80563948090731,0.339400225148639,0.346474091395293,-0.025628073930255,0.386523117265242,-0.145392066965098,3.73459429640822
0.334850510096077,0.354063006705743,-5.72519106274433,0.339890235830016,0.346425923206651,0.00153804879634856,0.386381123859683,-0.148447988662877,3.77134563439354
0.335188619680172,0.354891563115033,-5.60905440692724,0.340193046097897,0.346380133767688,0.048972700893092,0.386218686901719,-0.151518789843301,3.71892721884516
0.335552956813204,0.355819050207385,-5.54092988306903,0.340287253356004,0.346398095923864,0.145075492485535,0.386094668132403,-0.154588231062065,3.79149082421931
0.335906272148031,0.356768531295626,-5.40184160432687,0.340889357236056,0.346518106333059,0.143365300662688,0.385939192441658,-0.157636444169426,3.71164585236341
0.336284919488578,0.35765895393545,-5.33488138865011,0.340943114524757,0.346749823248371,0.0915447714053141,0.385773442203865,-0.160641451731666,3.74489071445887
0.336645849057619,0.358415459367119,-5.24250608195261,0.341300529724089,0.347071906860344,0.0135770722206641,0.385514795071454,-0.163589282765699,3.69270263172026
0.337100320652182,0.35897855601339,-5.19266934025029,0.341655350107951,0.347429282204836,0.043261968685786,0.38534174816877,-0.166486142841015,3.53910563589555
0.337545356036711,0.359318059601724,-5.15453304797211,0.342003532832026,0.347747100784652,0.105079482081104,0.385160884214482,-0.169360270182682,3.42184101798168
0.337913683941727,0.359440247650333,-5.17054277537264,0.34234539146947,0.347947642403607,0.1113658095336,0.384983708317374,-0.172254035099226,3.3635674977431
0.338278266618371,0.359379243443155,-5.24305393421743,0.342732628674895,0.347959421883924,0.0109639936936847,0.384803746038554,-0.175213371225816,3.24984748981162
0.338634808054339,0.3591814714735,-5.215210672399,0.343215590928039,0.347730246997184,-0.0217982651051369,0.384802228977294,-0.178274102960856,3.30729581260592
0.338983798403075,0.358895704347957,-5.10555715120395,0.34355118474998,0.347239922511358,-0.0112372392087554,0.384472406061229,-0.1814514424718,3.30278493187865
0.339361291568205,0.358571011003714,-5.08701808861749,0.343912680552252,0.346497095933931,0.0486596634599665,0.384469178116505,-0.184739254223874,3.02168492667417
0.339735114280245,0.358259724049717,-5.00413505475787,0.344268434949417,0.345525966260207,0.0209687123516957,0.384281980817465,-0.188109098696198,3.15339550634547
0.340108059400433,0.358020836897939,-5.03882113199401,0.344635096477407,0.344358738049951,0.0159519018115792,0.38409057636444,-0.191511654771244,3.10511021580771
0.340450414216177,0.357912716454734,-5.00483343466754,0.344969961232188,0.343034038313953,-0.0638972774850743,0.383778127649045,-0.19489505775493,3.15802680820177
0.340467313790195,0.357965821778159,-4.96495841654223,0.34531691830195,0.341594565964352,-0.111101305363961,0.383584940305491,-0.198227102888737,3.21190312270501
0.340987057954728,0.358159718061286,-4.95242573045221,0.345655841541474,0.340084789469013,-0.0404245479111616,0.38337563151151,-0.201499094139707,3.27686945498303
0.34135979787549,0.358439658243572,-4.88677491710464,0.346021449607893,0.338554389326075,0.0381174053081741,0.383161362642414,-0.204715835043688,3.3133057134345
0.341713310896829,0.358751436231745,-4.84162534515571,0.346495239232986,0.33706552829852,0.0750846852862372,0.382965241260132,-0.207887160052123,3.30155562826285
0.342084742005242,0.359052733113108,-4.89517253887926,0.346544445149545,0.335683004700236,-0.0036472752979293,0.382750648114966,-0.211023964338861,3.34288430894095
0.342439725697159,0.359306720149851,-4.72929109768929,0.346834668801016,0.334441055079618,-0.0357043980990919,0.382561769299169,-0.214135199143358,3.23808215408052
0.342798017964559,0.359478352830128,-4.54706421521379,0.347181163114781,0.333325358253291,0.0656210236741157,0.382343467511829,-0.217228595579833,3.37357929990566
0.343184050580422,0.359538358058637,-4.37859108642092,0.347532500308714,0.332292223213812,0.154922079247017,0.3819758224903,-0.220322629885456,3.3605175807645
0.343707836132449,0.359478288969958,-4.42993664886903,0.347861821642098,0.331293536150826,0.230337069819697,0.381742727720695,-0.223459431244941,3.3239333030696
0.344086558403965,0.359328063353153,-4.35678339728327,0.348173735607352,0.330283336716661,0.335172290481418,0.381742240068347,-0.226694384574778,3.32948307192779
0.344451678868553,0.359155932389186,-4.47135051405644,0.348531053379238,0.329216008082188,0.134977314107221,0.381290398739957,-0.2300734462157,3.25826780423958
0.344812828164805,0.359051241856915,-4.36569018340999,0.348848048751423,0.328047279352145,0.170989696573644,0.38128122118916,-0.233620432276917,3.18291713958751
0.345161559413326,0.359102139213648,-4.46712859760834,0.349211130505603,0.326739743815071,0.207330371328292,0.38128122118916,-0.237319907450856,3.18972981302586
0.345169405821877,0.359368647289972,-4.43005344995663,0.349654837290082,0.325274151487046,0.26367923896489,0.38080818749905,-0.241108013306952,3.18284753237652
0.345852960713482,0.359866699686192,-4.37868972459202,0.349978880179094,0.323659944775257,0.261041792357438,0.380570959276043,-0.244902530468915,3.15810673772425
0.345894771225081,0.360575586034489,-4.35625655709827,0.35029743985622,0.321931821796948,0.34572101391915,0.380346716555639,-0.248636036750682,3.25542426072623
0.34626005327951,0.361442314282212,-4.30405139675061,0.350617783464434,0.320135866731557,0.316703059852213,0.380092750647995,-0.252253736655099,3.16784646350844
0.346628202667399,0.362381074445928,-4.30755706337886,0.350957305596347,0.318321414438839,0.245833220167954,0.379848290135569,-0.25570004233421,3.14763598578365
0.347120966735966,0.363296307395678,-4.36811268185226,0.351276940515245,0.316541267740412,0.20268705673035,0.379598660880306,-0.258918535709446,3.1843667961397
0.347489281950497,0.364113463347506,-4.27671703096753,0.351588113171142,0.314851162345999,0.185657511066443,0.379163418063975,-0.261865888926336,3.28797500329877
0.347861441991671,0.364785355442601,-4.23966369771254,0.351860135134374,0.313299468463615,0.17781175742845,0.378913417257373,-0.264528948503512,3.3655595083668
0.348234235190169,0.365280432249866,-4.2905682803438,0.351920773186466,0.31190451518974,0.225906724271288,0.378634284634307,-0.266925995430818,3.30095530562349
0.34859797026722,0.365573130518342,-4.33644459366585,0.35235926812855,0.310640123532241,0.19431211822633,0.37836106778711,-0.269092411693025,3.27652830007271
0.348977904553362,0.365644362928712,-4.29380785593413,0.352672459959547,0.309452494798008,0.168707288640629,0.378092138808145,-0.271068392723122,3.35819535743811
0.349507178395174,0.365494645893948,-4.2091433787648,0.3529870328259,0.308288496950944,0.209927345813107,0.377856645535493,-0.272892671290489,3.41605102556271
0.349904781348299,0.365161778745621,-4.18140296058692,0.353298555316243,0.307104333810524,0.234402709573618,0.377569576445943,-0.274598499625497,3.43394500267072
0.350273959612442,0.364722457042843,-4.09942044189878,0.353599744228668,0.305860303320604,0.141119857225633,0.377308315128471,-0.276213628878703,3.60249331409008
0.350616556690524,0.364274178600326,-4.01241031932367,0.35390673893716,0.304517219264094,0.332003860027786,0.37701422283645,-0.277766899769225,3.54756709030787
0.350977406616877,0.363916961534452,-3.84017091907908,0.354211868080867,0.303036530650206,0.247908990933184,0.376571880777272,-0.279299159353777,3.58106977544749
0.351340480353649,0.363740420537084,-3.7029269919643,0.354551261734095,0.301385871685503,0.421063664017139,0.376544196940438,-0.280860301113399,3.51414306340001
0.35136301964603,0.363791699112484,-3.73564618180136,0.354980388152088,0.299552796505777,0.449379716226499,0.376280516355872,-0.282482957328485,3.59730512636534
0.35136301964603,0.364023476973701,-3.72844012332156,0.355286294392042,0.297556977300423,0.456516626741481,0.375992738454564,-0.284164329583262,3.59107432248806
0.352078730601951,0.364290826398402,-3.41358380929281,0.355554751503043,0.295445333080601,0.453871689489077,0.375709658046782,-0.285877565685596,3.68092379392919
0.352654249440024,0.364434280444756,-3.40349300112039,0.355863577386539,0.293275274197691,0.537296817140245,0.375433999925897,-0.287588189283565,3.63658980061213
0.353035127420263,0.364362836558514,-3.07595780623682,0.356157700473737,0.29110524506826,0.49916172739867,0.375170659896292,-0.289256622382525,3.72310091779876
0.353420456424525,0.364057609681851,-3.07425580034583,0.356462822088629,0.288994770159545,0.576815315678463,0.374895237428504,-0.290834777753805,3.73694460414826
0.353769425422091,0.363531164445496,-2.87596570578233,0.356700647698704,0.286997870454524,0.609543730933503,0.374606973379235,-0.292269235136266,3.74904234025538
0.354064632238849,0.362797500336403,-2.75609715723262,0.356735895424111,0.285138211020646,0.685945237411514,0.374120547415088,-0.293519298006665,3.81068114346058
0.354486816314351,0.36186288899311,-2.85084356532438,0.35701785784158,0.283386169191908,0.659411253602884,0.373814164396847,-0.294580291588064,3.84416212899861
0.354853423102591,0.360731564993485,-2.80778163422879,0.357465676572704,0.281674998854969,0.526566161062201,0.373505856600325,-0.295487512255542,3.84542152397089
0.355216413669393,0.359414018728061,-2.73460511862788,0.357751031651431,0.279944613420445,0.531572096072721,0.373218832409982,-0.296299027138573,3.84784338916951
0.355591146442645,0.357928377710208,-2.58648514933944,0.358028570725123,0.278162399320006,0.583831286471577,0.3729100459597,-0.297079928048037,3.89659869017007
0.355953956037168,0.356301297183387,-2.48328812210907,0.358309612186566,0.276312713197227,0.618728971900839,0.372605354566534,-0.297897777170489,3.9920089728561
0.35645058915602,0.354577601089689,-2.41807211581601,0.358596508281967,0.274385035879523,0.687200883076343,0.372324973589749,-0.298815781712045,4.18835788605718
0.356809068270529,0.352832876262498,-2.26604117019968,0.358868882992024,0.272371615304933,0.746266249646692,0.372324973589749,-0.299867377876895,4.2754974265883
0.357189438764203,0.351167805760957,-2.12857869262153,0.359139599282404,0.27026691077367,0.758172862798416,0.37202436449577,-0.301025925153335,4.3398979482515
0.357202163501794,0.34967579945872,-2.11987270029534,0.359404796887847,0.268065497645614,0.659219690001749,0.371731180882993,-0.302208834791187,4.36522853940169
0.357816824400281,0.348413784190234,-2.03767405232168,0.359652858565856,0.265759706318544,0.663954962852825,0.371229050474962,-0.303321872608432,4.38516550817599
0.357861719101357,0.347398302212024,-2.04946547046586,0.359934599487921,0.263341879694937,0.686522406936394,0.37093189873003,-0.304301427027796,4.52037962652243
0.358191006808014,0.346605534380738,-1.96495902935634,0.360344423657966,0.260817777234867,0.713468907021343,0.370607839910241,-0.305121804783411,4.70477762472265
0.358554055774127,0.345970841396236,-1.90785577473664,0.360602531632784,0.25822265882814,0.785917727913836,0.370306535307164,-0.305778442145177,4.71456770336018
0.358903202555965,0.345405987504913,-1.94503217641629,0.360854011046393,0.255620553341301,0.875016656549696,0.369992361454696,-0.306273520338938,4.57296027171239
0.359258727451909,0.344820031623982,-1.89483605628862,0.361105362720183,0.253088092324429,0.871806161705649,0.369691843540699,-0.306611077305065,4.52523537927844
0.359598960547407,0.344129468512367,-1.87055817265082,0.361341893653637,0.250697395891566,0.756182950765179,0.369387542803582,-0.306794329310574,4.50035377976203
0.360146850080969,0.343272196273712,-1.66976696091163,0.361376342834623,0.248495720267988,0.837297027421806,0.369131149711887,-0.30682165722705,4.66381101669831
0.360489420643784,0.3422256162885,-1.26323051252133,0.361614631841989,0.246484625406005,0.809578271612274,0.368776472076025,-0.306689049142526,4.78975133796416
0.360837457620395,0.341006365269169,-0.910265439470689,0.361848219697268,0.24462042594577,0.908854813810985,0.36828338043296,-0.306409265522267,4.57212712438926
0.361163105768009,0.339649971470078,-0.85902406111656,0.362115045150117,0.242838551983387,0.908172455806243,0.367991444490582,-0.306033823351337,4.46104514205608
0.361482432569513,0.338192783929728,-1.13465657759272,0.362454463505703,0.241081067889608,1.01290787131502,0.367682907173183,-0.305651408154682,4.30279400339697
0.361841004053543,0.336667342203618,-1.2622089151723,0.362702377784986,0.239312744550765,1.07828760856111,0.367364389324351,-0.305362810204114,4.48477170707482
0.362184229524449,0.335105514507928,-1.16950814709926,0.362949115435902,0.237521251274658,1.04292582233689,0.36735782334216,-0.305245328428138,4.61941691652452
0.36249891990081,0.33354082055527,-0.839123363554344,0.363182562539898,0.235706780311136,1.02630223847604,0.367056296820346,-0.305321005092453,4.6899548169295
0.362844086024788,0.332007285567816,-0.549065331527546,0.363415382126,0.233872971195524,1.10887961528078,0.366755720411523,-0.305553998374586,4.59372633484847
0.363176596882887,0.330542401543721,-0.401029864545814,0.363650475523435,0.232023554885274,1.13015000309921,0.366487365667017,-0.305875077568133,4.48003156659023
0.363695315875069,0.329196928540442,-0.349197511227193,0.363877812741329,0.230161935560575,1.21090300955882,0.366169379233137,-0.306201998166263,4.58454437201138
0.363725304786016,0.328029828929178,-0.439615731984746,0.364114673234167,0.228291926183721,1.28835822541513,0.365862128499674,-0.306450671652792,4.75034412167773
0.364029416756874,0.327076419033926,-0.437020785921926,0.364354388997113,0.226420999068998,1.29797825959899,0.365374239721997,-0.306553288428663,4.93628335289498
0.364318481328679,0.326325024689783,-0.358792259135024,0.364661366025801,0.224568278601979,1.32021212325961,0.365062529847834,-0.306477650075692,4.8472565463248
0.364656677266134,0.325728328134484,-0.302575859487054,0.364901719497086,0.222772986164181,1.31471324353716,0.364770170356362,-0.306226243592527,4.70542474665827
0.364976750002609,0.325226030744426,-0.185377175434082,0.365114858080247,0.22109004916948,1.36606612998563,0.364467097544208,-0.305817311835538,4.65036855067598
0.365321381325021,0.324757061199831,-0.183716233801638,0.36514632218238,0.219565644020005,1.52172106936598,0.364143982279875,-0.305271388779087,4.72204709743113
0.365650637308043,0.324263932010864,-0.259808643713066,0.365353799768665,0.218210266432452,1.52738143433052,0.36384415827408,-0.304610011239808,4.85514212212583
0.365971873434602,0.323693453571675,-0.188200104477218,0.365578928921095,0.216996331896589,1.64843733185285,0.363542423426139,-0.303855652644026,4.91869209685029
0.366304159742773,0.322995813553065,-0.0693512627123487,0.365801400646997,0.215877982141978,1.60654020407901,0.363272548776857,-0.30302817119892,4.81394035576529
0.366645852477205,0.322128044585591,-0.0476003610647115,0.366024847055347,0.214807844948386,1.66135816851083,0.362946465414749,-0.302142806318581,4.74296307712702
0.367124255246953,0.321067556955807,-0.0838369412494582,0.366229239913351,0.213740687006499,1.64637116166553,0.362633791634624,-0.30121696830656,4.84175378357107
0.367452500149111,0.319827203755598,-0.0648961966419801,0.366435344920764,0.212633018848477,1.72401469194264,0.36215608926541,-0.300282640428079,4.94254128663905
0.367780395291083,0.318454143924608,0.00544487703277929,0.366753749274419,0.211449484794284,1.71374794889259,0.362155630846447,-0.299386548485452,4.9952120473597
0.368093432643556,0.317013660406523,0.0655549207964981,0.366980135062994,0.210174329461188,1.81714102742523,0.361554600775724,-0.298576829328028,4.9182964470668
0.368410338976623,0.315575650736188,0.189900404156297,0.367182560589966,0.208813625735709,1.7422771419137,0.361547593341487,-0.297891275278872,4.95196026358985
0.368726879917743,0.314204715624901,0.219079207880033,0.367390497389925,0.207385152300926,1.80738032911652,0.361256237399711,-0.297343879405732,4.96302630399138
0.368745356851583,0.312942707612428,0.305994871483731,0.367599037775064,0.205908987478054,1.90448491606211,0.360957660406964,-0.296915043609946,5.08359436647973
0.369338988402201,0.311796907939761,0.390626673081123,0.367803217291402,0.204405020280575,1.91117353915281,0.360656254098115,-0.296562715268674,5.16779260686239
0.369377082154086,0.310748667095719,0.562508414894854,0.368004727126991,0.202892978847056,2.02079853197984,0.36035239565394,-0.296239707898855,5.24468543604671
0.369830103879497,0.309766366808397,0.731726287225977,0.368208125328508,0.201392366556444,2.17632780588303,0.360100444411927,-0.295897667712472,5.16452236241666
0.370141782357551,0.308814653425429,0.953461459449936,0.368412716215678,0.199924052636836,2.20366552359172,0.359767467769587,-0.295485189341619,5.12937567973258
0.370435877508695,0.307863999881337,1.02869141253793,0.368675207008288,0.198512575691453,2.20240993758256,0.359475777290661,-0.294953005666476,5.26252483395755
0.37075106812718,0.306891796097592,1.14826171088785,0.368707500327461,0.197179625603434,2.18941607293205,0.359025136099224,-0.294269084458895,5.34257897759834
0.371056863298982,0.305877075952393,1.23089072882686,0.368906683753726,0.195928342491538,2.21561678334879,0.35873651605438,-0.293433391050618,5.38295609582804
0.371360622690805,0.304798973571167,1.32274149352607,0.369123182785805,0.194738781239583,2.45131397550616,0.358415580499776,-0.292477868876474,5.33586431104118
0.371674896964842,0.30363744858151,1.42988429043478,0.369316434842556,0.19358098419637,2.49645245269944,0.358123013105363,-0.291453576321277,5.14117730764721
0.371968019670284,0.302373716963267,1.50750656271115,0.369518106810786,0.192426708526729,2.44777865936175,0.3578418376809,-0.290417777480777,5.16159993142546
0.37229563240929,0.300991170604088,1.58855732015793,0.369705572813464,0.19125093117844,2.50278739491307,0.357594773887932,-0.289425086908837,5.2291991832478
0.372587205742913,0.299478467943436,1.59120320245633,0.369899827714394,0.190030000822544,2.40129517846052,0.357272616237226,-0.28852339006047,5.20209079508701
0.37299547123625,0.297837871352324,1.56945864721398,0.370083236441065,0.18874018352728,2.43158063752426,0.357006316538239,-0.287750362094576,5.14175698725505
0.373321239612827,0.296095917635007,1.55055639265851,0.370262372917616,0.187357968062415,2.50572398469884,0.356997705407414,-0.287122888286921,5.13022938485483
0.373609578995246,0.29430465102704,1.52536831136293,0.370542520140246,0.18586649992683,2.564142778914,0.356290854091317,-0.286637891744786,5.01384211697716
0.373901024903292,0.292530570970713,1.49116316072539,0.370742832119358,0.184266123058855,2.58315372059807,0.356262411907611,-0.286293196572495,5.00315300812539
0.374197686000025,0.290843935025815,1.52054551077097,0.370927444375756,0.182577558068229,2.62683489713145,0.355975719988955,-0.286090865977384,5.05941751751706
0.374493364790892,0.289310785984637,1.5629449095993,0.371128975917895,0.180835345992726,2.53474825175365,0.355675816774157,-0.28601992178625,4.96271104090302
0.374509085750935,0.287972759681328,1.6263944523357,0.371307804144604,0.179081270062371,2.60020070774355,0.355385763579772,-0.28605603468378,4.85579250185467
0.374798574721172,0.286820805420864,1.63897179460352,0.371489696304443,0.177361238741162,2.63909784669584,0.355090064048456,-0.286173469179063,4.79173265214497
0.375081023471419,0.285793794321192,1.78847024234237,0.371654865309008,0.175722231178127,2.71187773810874,0.354848984865839,-0.286346416726662,4.74884174156094
0.375344755361869,0.284804806917159,1.90427522736073,0.371816509489571,0.174205887232307,2.77046936353734,0.354546830301503,-0.286544349915152,4.74799975438029
0.375768167758115,0.283771127708181,2.08598166122375,0.371840508789854,0.172835168826543,2.87065163149372,0.354263127357772,-0.286732294441254,4.68753632141789
0.376091307296299,0.282636043529506,2.15644897664297,0.372015434552997,0.171601126616278,2.92795106577105,0.35395087368216,-0.286878640522367,4.56354377815187
0.376371044226409,0.281374815720754,2.16914682967836,0.37218993224997,0.170466715375874,2.92293622236035,0.35352715172612,-0.286969898852756,4.50957772608854
0.376651702245591,0.279982907283944,2.20002581848111,0.372423001863166,0.169387535384366,2.92372228966709,0.353237742832611,-0.28702400444846,4.47215977811726
0.376934355494086,0.278462286938021,2.29561133576029,0.372591199108825,0.168329445475922,2.93498367519994,0.352947743691045,-0.28708830948393,4.5178684847524
0.377219093344236,0.276816911183659,2.29511872604852,0.372766536228331,0.16727129406212,3.02086490988351,0.35265798158637,-0.287225115444932,4.44996806307735
0.377501489259571,0.275053221493414,2.56415908020666,0.372927687852232,0.166198739506909,3.02903139185048,0.352367456917641,-0.287500918863571,4.41978546006949
0.377770917010268,0.273180587734481,2.61414104075767,0.373088302657969,0.16509862093167,3.08866401246336,0.352081774220006,-0.287978038316288,4.32621828171529
0.378067429536055,0.271211481438537,2.59517794682381,0.37326029236307,0.163957319913843,3.15726875886583,0.352076840416344,-0.288697240994893,4.23098900510552
0.378321945812861,0.269163740829167,2.5174631519846,0.373431862345962,0.162762298329047,3.12025135264532,0.351522673744648,-0.289664770895136,4.01456036596776
0.378713259516544,0.267068383519139,2.52832604229572,0.373605687874251,0.161504435528752,3.07480643402923,0.351522673744648,-0.29085562716477,3.94300181644739
0.378981454441333,0.264974809795566,2.60244357493249,0.373760674583812,0.160179602135804,3.07547250242562,0.351219209374506,-0.292214064620068,3.9734253761502
0.379001005554026,0.262936341585547,2.6630003230344,0.373978819034394,0.158791723997722,3.00449562415854,0.350918488166935,-0.293655293487368,3.92429040272462
0.379489732209036,0.260988831105709,2.69244456098802,0.374157145642201,0.157358199748056,3.09925585286398,0.350436616017215,-0.295093393759033,3.81963105624191
0.379526886537308,0.259145887723779,2.6095329760974,0.374320614374493,0.155911364440198,3.1555064911867,0.350148746610498,-0.296474900381715,3.64076750568609
0.379781887818511,0.257398218794433,2.65704247195334,0.374449081481529,0.154489520592112,3.01840844771044,0.34984246598251,-0.297782594578991,3.45770716877863
0.380041493439291,0.255710574763153,2.79774120334989,0.374489432919677,0.153121548722495,3.00304749798003,0.349546656431543,-0.299017509193335,3.39461038775442
0.380299714406547,0.254031013531933,2.89629606260272,0.374756909297313,0.151819047325917,2.94581295798502,0.349239764866041,-0.3001849133333,3.44231296266046
0.380555518623613,0.2523046829875,2.96159836014072,0.374779240062615,0.150579185475544,2.98754685366987,0.348967617208605,-0.301288573422806,3.39916520517275
0.380817231745489,0.250481934255829,2.99797519213103,0.374932196486551,0.14938562550094,3.02807429430216,0.348685498057997,-0.302326635456979,3.27244828864717
0.381214887839334,0.248529977895975,3.0133925514808,0.375094187643017,0.148208229561368,3.08695046248246,0.348359925117921,-0.303291132301775,3.08784175770248
0.381451858120466,0.246445849374812,2.98637658306134,0.375253461542978,0.147012163376271,3.13260634999385,0.348039234304322,-0.304176873718255,2.87093706206767
0.381704279458928,0.244254468873141,3.02708404777463,0.375464246680424,0.145771157883597,3.15794280126074,0.34756919685588,-0.304999527400379,2.85625213708156
0.381936088600447,0.241993555400695,3.08745144492704,0.37559944996292,0.144473940952887,3.05872950434152,0.347273328954187,-0.305810877182033,2.83505338083651
0.382184921509191,0.239702747493009,3.18030472344521,0.375745431406925,0.143121083675849,3.03090288118347,0.346954453207942,-0.306689996022125,2.81338612273583
0.382431045167316,0.237422381410708,3.19937259348864,0.37587847591373,0.141717197080384,3.10802566567177,0.346954453207942,-0.307709007125528,2.69223354641804
0.382674619141264,0.235195631447643,3.16040086435927,0.37602109509381,0.140265869498701,3.16002573534542,0.346348044672559,-0.308908591520971,2.50013184902733
0.382914325824276,0.233069740565139,3.15601098269792,0.376156680476538,0.138768947325829,3.08418750841072,0.346341068531858,-0.310299724759618,2.36927845503843
0.383153327006293,0.23109182527246,3.1739793116817,0.376300385588391,0.137227683237073,3.09118117650637,0.346029329982096,-0.31186297569618,2.27781253641601
0.383167344994023,0.229287145592929,3.28170236519098,0.376445436533175,0.135645756479717,3.09552418154683,0.345737788108176,-0.313541625180354,2.31551025298194
0.383167344994023,0.227625405359239,3.24280594966212,0.376647537000718,0.134035686144447,3.0337933681218,0.345426265622648,-0.315254524124407,2.28790085277498
0.38369646296981,0.226021458206916,3.36355901552186,0.376780407992504,0.132424361688607,3.03482933034267,0.344950108040885,-0.316926373636765,2.25888144535632
0.383955968525791,0.224386985890194,3.34819881882534,0.376879807606951,0.130847221585995,3.05276860728449,0.344588342031491,-0.3185139904021,1.99395363015282
0.384177748855088,0.222671854796181,3.28420648001809,0.376898940136818,0.129329801925279,3.09223558215783,0.344281661625497,-0.320011711201906,2.05100305950156
0.384391459415556,0.220856084368627,3.34971463175525,0.377046906789458,0.127873388926415,3.10680995984269,0.343947134429502,-0.321436482700409,2.09761352622208
0.384615510546737,0.218927222987159,3.43557247843805,0.377179152625532,0.126459135242152,3.00958224804755,0.343626821815542,-0.322812463445411,2.13187692955684
0.38483009296765,0.216872355996951,3.47708524722585,0.377306975504668,0.125061705865003,3.00790594570388,0.343310266144699,-0.324164894645835,2.13024279775895
0.385052602761582,0.21468061635388,3.46900023317746,0.377425077836904,0.123656214808689,2.91626421023272,0.342994981817565,-0.32551700002827,2.07102070641839
0.385373787619058,0.212352840515332,3.58244487971581,0.377545283426216,0.122217665682348,2.96770113042409,0.342694957410813,-0.326886760550115,2.00989190026789
0.385610835297099,0.20991357095803,3.57100037180695,0.377671897446819,0.120720255755188,2.92116108751611,0.342349617883948,-0.328289862917169,1.93876393727939
0.385795148624858,0.207410901886833,3.5378004903974,0.377798821179808,0.119139945948441,2.92497256986416,0.341835272826863,-0.32975104297702,1.89524868179893
0.3859854469472,0.204902203107842,3.62181637944431,0.377979639311162,0.117460453483695,2.89756822191309,0.341820948933439,-0.33130719120059,1.89253512756818
0.386191693027213,0.202441830706053,3.68140159259258,0.378087119351482,0.115678099444895,2.86051587843501,0.341164962654027,-0.332996530920765,1.85599794573302
0.386387861905227,0.200079524292553,3.77996936759598,0.378186989286692,0.113798807612784,2.83757511743888,0.341135267064682,-0.334847432033336,1.90246428581317
0.386599933738411,0.197860364817543,3.84332148773216,0.378301128255418,0.11183030427674,2.78742017399472,0.340813636454428,-0.336864401369799,1.76755978767402
0.386616459213402,0.195813462425304,3.934909473573,0.378420037050343,0.109778856952957,2.90732683616185,0.340450144243646,-0.339017971666469,1.70279291838367
0.386802130215715,0.193931005794665,3.91764366229984,0.378531270407281,0.107651240923786,2.91469691847997,0.340128508304949,-0.341255885950494,1.63942476192785
0.386810184490791,0.192155597705531,3.81282407217178,0.378641510113291,0.10545654357349,2.89969353336499,0.339798622594252,-0.343518242332816,1.5584444379788
0.387175036419798,0.190394661608522,3.83545619954422,0.378750566078457,0.103206275225006,2.84389014247802,0.339485806657358,-0.345738533495271,1.45636310421922
0.387492337033625,0.188561588476093,3.81929859729696,0.378851953375075,0.10091458967058,2.78619505943446,0.339127973798824,-0.347841128984394,1.36495328101338
0.387692205022464,0.186610685296467,3.80420552214513,0.378988515999127,0.0985989279401473,2.74680123174159,0.338799529255022,-0.349747546862017,1.25951444005005
0.387869933814174,0.184535340627327,3.90231017852344,0.379012149016729,0.0962781407869403,2.66267244521238,0.338206210019471,-0.351397233529022,1.27032240080411
0.388046802419473,0.182344616109862,3.91658652679657,0.379161341094736,0.0939677382771054,2.55764298250995,0.337867115964662,-0.352772119159958,1.26471028419796
0.388221767304473,0.180047573325241,3.97416894912528,0.379178356555833,0.0916758392124438,2.54756761161329,0.337479597477713,-0.353899302364894,1.32985711312445
0.388387610044833,0.177649108305253,3.90358771031062,0.379276568116872,0.0894007815871984,2.54336312577046,0.337146312135537,-0.354831048911504,1.3414582348524
0.388567714862307,0.175149950294148,3.93787697744966,0.379366071176552,0.0871317654041853,2.29310553632513,0.336777129033532,-0.355626760780789,1.29063899148761
0.388739716491956,0.172550341687651,4.00005560713015,0.379454200582753,0.0848536493312351,2.25355139815015,0.336426191728529,-0.356347241334704,1.21299051084631
0.389026319394411,0.169860782614311,4.10086852765906,0.379536734206717,0.0825512052295365,2.2475326553977,0.336056774429451,-0.357054146077836,1.23953244340057
0.389206016128371,0.167114404205909,4.19930139655122,0.379623213593599,0.0802107585471346,2.30745163702501,0.335735733069677,-0.357808261655051,1.32414081259539
0.389355106889295,0.164363923339176,4.24545078943622,0.379734379674903,0.0778226949399126,2.23322519061586,0.335366088237609,-0.358666578195456,1.38623880342418
0.389362237065824,0.161659629504175,4.28138525089428,0.379810969111845,0.0753843503905315,2.27754006304152,0.335014203107431,-0.35967515717706,1.3224486224644
0.389654744215149,0.159031781706306,4.23186083300191,0.379879091284782,0.0728991747972059,2.20901995215769,0.334996722760942,-0.36084445615349,1.20936832561764
0.389661054210802,0.156490160421393,4.40226776676236,0.379954251226271,0.0703731195763417,2.18960879395523,0.334650441514213,-0.362121293220268,1.32140502053618
0.389814711083975,0.154025383128257,4.43296952609651,0.38003098639018,0.0678130804954773,2.20608010394135,0.334050286999136,-0.363405720583717,1.34183418830652
0.389964891870212,0.151608505965247,4.65947650280691,0.380101727235356,0.0652278335359397,2.19339154254133,0.333707033926638,-0.364605967901224,1.34199719825173
0.390133782858754,0.149199427897012,4.68480866965085,0.380161288322602,0.062627424241035,2.26777344457124,0.333312628501399,-0.365666414073957,1.29042732859334
0.390274819488775,0.146758955290884,4.70145704383124,0.380180601833527,0.0600199345376105,2.26711826973093,0.332955424941898,-0.366555167353954,1.20762402045705
0.390503226539608,0.144258049101595,4.59653330642133,0.380306858680645,0.0574106577773997,2.10715954355975,0.332562852725392,-0.367248705015712,1.18942030540894
0.390660619532524,0.14168539124958,4.61581077104874,0.380314977468269,0.0548048823574864,2.08463901714309,0.332223345797674,-0.367726229421509,1.13129781534647
0.390803743099277,0.139048405305812,4.66934531124183,0.380370484681452,0.0522075320543132,2.0163162691418,0.33186521036016,-0.367964834438347,1.1271472841554
0.39094821270688,0.136365593728497,4.71360356430189,0.3804112520453,0.0496195638710707,2.0231097785798,0.33151852137391,-0.367938731621304,1.04240381512782
0.39104810254315,0.133656673840827,4.7032261043201,0.380467649987618,0.0470379878537793,2.00341710612091,0.330935300614001,-0.367634741204174,1.06402149755921
0.391169499530091,0.130935357973784,4.64619091811824,0.38052108940443,0.0444595194251707,1.94509061651137,0.330561791914931,-0.367076431932302,0.975229027255042
0.391296134258288,0.128207173693472,4.75961998001145,0.380569153222023,0.0418834334843415,1.896272046926,0.330173225378345,-0.366329867606425,0.909848854939436
0.391434742277999,0.125472893751864,4.60655208549738,0.380609814205735,0.0393118922807341,1.81204903121382,0.329799309272562,-0.365487545260369,0.974880804553828
0.391559406595644,0.122733385424953,4.72774910746804,0.38064198792116,0.0367486049489105,1.6873967715541,0.329430965916771,-0.364645940617575,0.852748147998291
0.391684242575224,0.119993023455849,4.80990500418434,0.380691262159061,0.0341980544899226,1.65093563155397,0.329419829986578,-0.363878522428718,0.806872983984069
0.391870671283338,0.117262528585371,4.93057075533815,0.380721241822525,0.0316660210924464,1.64159096387968,0.328718247856206,-0.363218929989016,0.81628288640201
0.391882138487638,0.114558490298319,4.95961806897822,0.380749280251636,0.0291596294636806,1.6467548597038,0.328685657611942,-0.362666420701097,0.778253007130174
0.392096113958331,0.111898621501801,5.07135448030231,0.380779746902346,0.0266863759750234,1.67882509437543,0.328338004603197,-0.36218629626884,0.829738338021491
0.392109824501174,0.109297190596335,5.1364542568521,0.380801786612215,0.0242535363662925,1.65340109502019,0.327987498892059,-0.361705275853882,0.853069236573997
0.392216872557779,0.106760247600677,5.18117845627474,0.380829500946891,0.0218683297772915,1.66064639381165,0.327466434273695,-0.361136124706336,0.854219903658782
0.39231425203655,0.104281993283484,5.21272470819975,0.380847353801566,0.0195377893053933,1.69952909179681,0.327055385577413,-0.360416945992291,0.802366766991724
0.392419232830612,0.101847805462966,5.28208414311411,0.380847353801566,0.0172670771444526,1.69086219766884,0.326703095437066,-0.359523842429404,0.822884533721385
0.392524828210111,0.0994404266028719,5.35755064492875,0.38085414270407,0.0150572083727237,1.68021433106465,0.326350886832554,-0.358455869282824,0.779008462607076
0.392624638516206,0.0970432523174223,5.37310124312909,0.380891024521165,0.0129058520865021,1.74058160783091,0.325974009733194,-0.357219525452801,0.724162834690326
0.392719489002581,0.0946418139460779,5.43763441902441,0.380900832758213,0.0108111662610207,1.66217011672396,0.325589669086234,-0.355826150090154,0.660024769939034
0.392862494270922,0.0922268824893058,5.38353489235706,0.380905484959282,0.00877357088550927,1.6360141382096,0.325254499636739,-0.354292975294849,0.596152464367435
0.392946375733074,0.0897980717071022,5.32720111694431,0.380913197746305,0.00679408017285416,1.58869213365052,0.324920129967462,-0.352638820192294,0.526346496626592
0.393033082876235,0.0873629238203116,5.35352939299926,0.380916680681416,0.00487269280857177,1.57102248447138,0.324556737478018,-0.350882754755322,0.508297258294211
0.393120987201443,0.0849323628586315,5.4038263701816,0.380918434901991,0.00300822278758657,1.49829912448175,0.324019154573929,-0.3490525057743,0.507105579642023
0.393215442354384,0.0825184023931937,5.47252095249397,0.380921216458784,0.0011986448018523,1.49241309317674,0.324010763795729,-0.347185921428205,0.47891159443495
0.393287126995055,0.0801342557260632,5.49460402162196,0.380924802715827,-0.000558345594927425,1.4895984314688,0.323314773087348,-0.34531992228292,0.37570987499522
0.393368338240671,0.0777935710053628,5.39552401544428,0.380918975371012,-0.00226499895386706,1.45499002086092,0.323285055706514,-0.343481306767219,0.337251283355884
0.393438390895068,0.0755076572306115,5.34107823825619,0.380914187654103,-0.00392399344249072,1.4876979776311,0.322946499773657,-0.341674627522719,0.333213448728831
0.393442034158702,0.0732795376255278,5.41239054970007,0.380905520655884,-0.00553930977789893,1.42614936457936,0.322584953980661,-0.33987215871657,0.280001636207398
0.393516611391832,0.0710983383451176,5.38836240852793,0.380894670597169,-0.00711673541265916,1.42138122922625,0.322254610990607,-0.338025063496899,0.282575350325826
0.393621703477057,0.0689431218525561,5.50654158390311,0.38088995960714,-0.00866357439784909,1.46877971038397,0.321918839366609,-0.336079683062841,0.216432258267924
0.393703612267586,0.0667945191689599,5.70765226330391,0.380882735049257,-0.0101874316592092,1.46807669507919,0.321615268430399,-0.333979505142361,0.154708182483427
0.393766441839936,0.0646413077266876,5.75180093830889,0.380879659484743,-0.011694787538976,1.61080456391266,0.321274083781119,-0.331665388747938,0.108989008855034
0.39383673576321,0.0624785282135182,5.7773244470318,0.380859070957192,-0.0131905121312301,1.56438722474177,0.320771662258231,-0.329089986386531,0.135206983103341
0.393901716023555,0.0603043422887809,5.78901205804595,0.380857632588853,-0.0146779717657009,1.5588578589323,0.320441779213226,-0.326237499781997,0.1189604573725
0.393962017097424,0.0581188492612438,5.77577858373807,0.380846647295938,-0.0161584216281492,1.63617197312722,0.320127025366901,-0.323125421318684,0.0499220011600743
0.394011858498288,0.0559229656333304,5.92433540229586,0.380832540544252,-0.0176303854018824,1.62650084428199,0.319771356888506,-0.319789595397032,0.0251886925343272
0.39406769949816,0.0537169945809426,5.92623283045005,0.380806146721064,-0.0190907460791847,1.68735252135456,0.319457174149203,-0.31627378196497,-0.140475206087593
0.394119537097847,0.0515000733055972,5.93709668427971,0.380785416557908,-0.0205367670188844,1.85958240480448,0.319135055612454,-0.312627108569532,-0.177927390256518
0.394165627594167,0.0492708365810847,5.93914332822707,0.380766621744642,-0.0219668178854167,1.8400537393607,0.318837598170155,-0.30890135379906,-0.202065676002344
0.394241456757856,0.0470296218873577,5.86464086380087,0.380745005610687,-0.0233796492383677,1.68594335989027,0.3185241212282,-0.305148016884524,-0.192333227756589
0.394290555513452,0.0447814619333844,5.78311931949644,0.38071763380379,-0.0247739643688144,1.68854441128461,0.318225609379918,-0.30141175949914,-0.245582018331665
0.394332086132619,0.0425366890529792,5.86201356854589,0.380688448523403,-0.0261490562190698,1.51703568414539,0.318224346090947,-0.297715674494421,-0.217143954712954
0.394373984185904,0.0403084588448212,5.85546607658789,0.380660365948006,-0.0275054462142315,1.54587281392172,0.317519386856492,-0.294059579607974,-0.17846470967823
0.394413209196286,0.0381102663249175,5.86387824238712,0.380636721793451,-0.0288444226394856,1.55658511862042,0.3174743515601,-0.290440578361961,-0.279481358037658
0.394440607945644,0.0359539963840218,5.90870047961339,0.38060964725148,-0.0301669428300503,1.63082149035423,0.31718174735957,-0.286858693417561,-0.292019271099018
0.394442042851962,0.0338466211077839,5.86640592861573,0.380572943116768,-0.0314736362147218,1.63712079294808,0.316886859377442,-0.283301684230973,-0.379762020304347
0.394481691423947,0.0317869749241458,5.91015330059373,0.380527585328862,-0.0327665924132239,1.64410370999902,0.316608375092846,-0.279743710254256,-0.423298009646493
0.394484161194542,0.0297657676143601,5.93461968671818,0.380497251775161,-0.0340503619156104,1.45995873938249,0.316334982523381,-0.276155577738559,-0.494247323055775
0.394545054735143,0.0277696926913397,5.90665087255085,0.380493327304548,-0.0353291090968424,1.58613876955043,0.316052897228481,-0.272508574328104,-0.544200598855193
0.394593249712194,0.0257882359354835,6.01717185423653,0.38045220353377,-0.0366023331553823,1.60437480245562,0.315772723852336,-0.268775186380967,-0.547616805780017
0.394617439018338,0.0238185847789559,6.1017720687354,0.380417572635115,-0.0378643630127373,1.61060794505788,0.315517150062452,-0.264932363392676,-0.577833351777439
0.394643981690998,0.0218647589842559,6.12015383317665,0.38037733237233,-0.0391071348483645,1.71130576017376,0.315111485311197,-0.260970630676604,-0.578812902719913
0.394662088153692,0.0199337258282722,6.17756951236119,0.380339680789585,-0.0403221941997961,1.70291213100037,0.314874300998704,-0.256904445847658,-0.637490995187078
0.39467847736995,0.0180326579495703,6.18610829896489,0.380295207364677,-0.0415011459101816,1.81056169374139,0.314631972054121,-0.252769710686731,-0.74320114259614
0.394691641451667,0.0161677043905137,6.21154609989666,0.380256694532394,-0.0426357494365503,1.75367625816878,0.314362818946049,-0.248611440229672,-0.767072757371909
0.394708957441678,0.0143438105539995,6.2430786083701,0.380208548054835,-0.0437184883303784,1.76243640041192,0.314092670735657,-0.244478589072895,-0.741187850386722
0.394724643457906,0.0125654506691014,6.43800989670923,0.380142565108689,-0.0447444318160005,1.82434095778699,0.313856184599891,-0.240425952179737,-0.85867233230733
0.394734820057348,0.010837428832151,6.42941616906485,0.380100779441164,-0.0457130643213128,1.99025760356673,0.313620010721859,-0.236508547853713,-0.806414127989459
0.39474863471808,0.00916516298549585,6.41577581635864,0.380059780307076,-0.0466273342923661,2.00995409466152,0.313619076457824,-0.232760271117057,-0.821395660633943
0.39475609249415,0.00755456069268547,6.3251262027976,0.380010213941393,-0.0474908242313301,2.03868131346906,0.313375661152028,-0.229170887239499,-0.882994266311669
0.394756360024902,0.00601134407355971,6.32461206417157,0.379968951691645,-0.0483061481206914,1.99120297186792,0.313146020690252,-0.22568966448751,-0.923559752848629
0.394760333144478,0.00453996481520962,6.30062456819576,0.37991505853189,-0.0490750954668749,1.95251162301006,0.312815420579711,-0.222256316391828,-0.96102651661987
0.394760557624081,0.00314299381465578,6.23253991007323,0.379863638251139,-0.0497993762514922,1.91754059531135,0.312602739018553,-0.218827523937787,-1.02055848989347
0.394761386962665,0.00182121264858838,6.29206013905278,0.379820215838911,-0.0504802003434403,1.88967543776718,0.312379169199071,-0.215380119671884,-1.14301493732269
0.39475965618987,0.000573788199214327,6.41986983226144,0.37980272374577,-0.0511163998990855,1.91329990126166,0.312158622720692,-0.211902020651563,-1.19207770997056
0.394755239231732,-0.000601844472386551,6.34719916436568,0.379680410983662,-0.0517053602214742,1.92365871513247,0.311926461692748,-0.208387031699538,-1.20044696407519
0.394750426882271,-0.00171027162273582,6.31164380672478,0.37967289033434,-0.0522468005716802,1.89931258852392,0.311723820030342,-0.204834490718644,-1.25235986663137
0.394745727953213,-0.00275809498710895,6.379092420446,0.379620430018981,-0.0527422635451281,1.81720296347591,0.311525905346142,-0.201247592735686,-1.30196730683508
0.394746084155888,-0.00375326263907239,6.44659736025722,0.379563082073953,-0.0531913334186218,1.8739436749577,0.311320941489776,-0.197630655214588,-1.27089267799067
0.394739284236344,-0.00470412989623076,6.5750821218167,0.379509617767615,-0.0535915644341784,1.89061122366945,0.311120006209502,-0.193990082811276,-1.27121505430854
0.394736542531965,-0.00561896849267694,6.72833593045559,0.37945375892226,-0.0539406988516619,1.94479791626663,0.310850584108621,-0.190341345653672,-1.37035972628808
0.394727957051651,-0.00650600805364318,6.81609811594186,0.379399854766885,-0.0542373004578256,2.04072879368294,0.31065249090202,-0.186717036438008,-1.41031850162754
0.394721458157789,-0.00737356853731683,6.88767230052508,0.379344866186301,-0.0544805030963247,2.06559161564794,0.310469067321844,-0.183163381310468,-1.42982031031983
0.394716796362826,-0.00822981148340349,6.98879036060021,0.379287128140831,-0.0546701027972144,2.10621111569981,0.310468916361499,-0.179718577082895,-1.49572558062764
0.3947118357084,-0.00908209946060693,7.02652497404365,0.379228243477937,-0.0548070054242579,2.1069043825608,0.31027539990346,-0.176389680125601,-1.51649298738762
0.394699794361823,-0.00993669936395602,7.18797801695084,0.379174935617384,-0.054894018924707,2.17059745458414,0.31009908059405,-0.173152078922032,-1.481156672792
0.394691135255496,-0.0107991947940107,7.20934260015219,0.379088788215615,-0.054937776537881,2.12822917362683,0.309930645266667,-0.16996694902724,-1.58579305943046
0.394679216464271,-0.0116747684236498,7.24380653168637,0.37903268059151,-0.0549512019854513,2.26726011298385,0.309750385513644,-0.166794395534973,-1.63143756844525
0.394678080743013,-0.0125675782482763,7.33552613580867,0.378976076479341,-0.0549533561488997,2.32940724517595,0.309581063847499,-0.163598425669776,-1.62818719924571
0.394662341410633,-0.0134797067270341,7.29079045305734,0.37892960114064,-0.0549658254742101,2.43633574939998,0.309347163859478,-0.160352654785379,-1.69019432414571
0.394661254974814,-0.0144106783210372,7.25452195747239,0.378883217496905,-0.0550078692688719,2.39958819252589,0.309193030416774,-0.157045569782055,-1.79000424047457
0.394634574443457,-0.0153582600431539,7.19028260224707,0.378875263274015,-0.055091105041133,2.37996857160465,0.309056001880079,-0.153677369090461,-1.73024201421235
0.394613800561893,-0.0163205018254743,7.34749086876729,0.378821760266692,-0.0552153584137194,2.40428296962129,0.308907489559825,-0.150250820529337,-1.76075333122982
0.394599015219031,-0.0172972699237621,7.3529594762847,0.37877546648323,-0.0553692147066604,2.5038978505288,0.308742063092137,-0.146767216965343,-1.78245111272707
0.394582268870548,-0.0182898200829071,7.27443638927156,0.378722316722354,-0.0555343785556722,2.4243467029593,0.30858932216175,-0.143229333022915,-1.7958279650479
0.394561155678183,-0.01929969862185,7.16869827082369,0.378663531591292,-0.0556901692823922,2.48549678607974,0.308447329438108,-0.139644115763245,-1.77736715118564
0.394543674938046,-0.0203285302938929,7.1106490375857,0.378579718973908,-0.0558178362564812,2.4911046140329,0.308305354407452,-0.13602211800263,-1.81627658902119
0.394514734152881,-0.0213785795501492,7.13881870343444,0.378525534184723,-0.0559042466656022,2.41077268000333,0.308167651758447,-0.132377133709384,-1.87582021585816
0.394492651721584,-0.0224533949210805,7.16898059766198,0.378459970856944,-0.0559425044491916,2.43430338794725,0.307987980508228,-0.128729373172924,-1.90453789822189
0.394471796492705,-0.0235577633578582,7.20832246560506,0.378404187737185,-0.0559299986708744,2.50163708295028,0.307858978097225,-0.1251096104995,-1.91493332100583
0.394445748700585,-0.0246970241542818,7.23955862568527,0.378346872263596,-0.055866539876732,2.49383601891043,0.307742853078516,-0.121555946879432,-1.92058389959645
0.394419772340794,-0.0258766367120728,7.20861464667514,0.378286064374471,-0.0557534293918209,2.59059679233185,0.30773893462237,-0.118101216355108,-1.90073243457126
0.394397369038319,-0.0271014726711941,7.29417381976203,0.378236428168958,-0.0555927382796342,2.64577397491214,0.307515885517914,-0.114764009101404,-1.8748534063306
0.394395676840128,-0.0283738456043746,7.31004502590109,0.378183258373536,-0.0553867972090654,2.72774625376541,0.307507446853333,-0.111550370640095,-1.86022309448788
0.394343611594925,-0.0296920498226053,7.28565298816391,0.378099026408908,-0.05513964054556,2.69025295792634,0.307401810378787,-0.108455203173523,-1.92038286721108
0.394342349588212,-0.0310508756556014,7.42572966505607,0.378042539267596,-0.0548600974423463,2.76397779922087,0.307287093457257,-0.105461018572375,-1.85289556756808
0.39429820250309,-0.0324425827016599,7.41340934770254,0.377986298292286,-0.0545626579908179,2.71873069684131,0.307195027235134,-0.102542054368674,-1.8216992635219
0.394264213012681,-0.033858022136955,7.33399819537149,0.377931109217744,-0.054265033972079,2.98968159336186,0.307083315957609,-0.0996703170969389,-1.82927193572289
0.394229540506947,-0.0352882527174664,7.28656962122734,0.377885473279428,-0.0539843938800406,2.93837260432023,0.30698667657756,-0.0968188794049742,-1.89905533758553
0.3941932800134,-0.0367251927158755,7.20508651279918,0.377876942055557,-0.0537323499817833,2.96195319914219,0.306849188842948,-0.0939657219373018,-1.89389184966059
0.394154697598892,-0.0381612943999302,7.13174808872892,0.377818448487606,-0.0535107765891063,2.89010816356849,0.306749540160452,-0.0910981322271351,-1.87841097927996
0.394113864169762,-0.0395895556511102,7.05366810217885,0.377764481861942,-0.0533129981214953,2.81967364619993,0.306656307653435,-0.0882134025946758,-1.88262863641814
0.394070175355002,-0.0410039220178192,6.96438655020836,0.377713737748376,-0.0531287462606035,2.8042528449194,0.306560493991273,-0.0853158095621167,-1.79218479064509
0.394028312448124,-0.0423994495645048,6.89158980300999,0.377654925792627,-0.0529475526052168,2.79951560830838,0.306473481089315,-0.0824138987004733,-1.8348135546359
0.393987484347133,-0.0437724572269391,6.86509606145027,0.377601290517844,-0.0527599379894822,2.81596758522538,0.306389558412552,-0.0795193328356602,-1.74995512019769
0.393912230678311,-0.0451221693448486,6.72935258440727,0.377541613978867,-0.0525586546829009,2.8783220871636,0.306310700981827,-0.076645880982017,-1.71879249614239
0.393866798041105,-0.046453382881694,6.65183982807671,0.37746160651897,-0.0523410679368989,2.84751019741075,0.306239481214649,-0.0738082542248419,-1.72417315514426
0.393816920561132,-0.0477767685394987,6.6758337419762,0.377410979420569,-0.0521112173593692,2.76243425205248,0.306160190138492,-0.0710215234070783,-1.7571788974441
0.393769347257624,-0.0491063189287906,6.62763038009074,0.377358375045261,-0.0518788279396624,2.74801295138093,0.306092047260864,-0.0683000608108552,-1.74140305339085
0.393717848392365,-0.0504571180139525,6.74598162774969,0.377308648348743,-0.0516560201940143,2.7636051321766,0.306089819290019,-0.0656530740835842,-1.74362064625308
0.393666416977902,-0.0518437468494016,6.71460714157574,0.377256906835972,-0.0514549627929164,2.78390138977014,0.306005768157943,-0.0630795681731428,-1.75346950943666
0.393663591634503,-0.0532763887609224,6.71463623029905,0.377209281858708,-0.0512870493843372,2.97736461590404,0.305942507962599,-0.0605701391346336,-1.72402222043219
0.393608829473954,-0.0547559303177627,6.71249907293674,0.377162801162467,-0.0511622391631292,2.95044592794547,0.305877909486508,-0.0581137786538358,-1.78445293154075
0.393555204211651,-0.0562737066116654,6.66923484914583,0.377117800174123,-0.0510876304106929,2.95252374704977,0.305817366534287,-0.0557017662455334,-1.77885911131673
0.393500210787234,-0.0578165401790751,6.72270297110772,0.377099567965917,-0.0510659810342633,2.9153416646637,0.305762787434002,-0.0533277450658215,-1.85330548865783
0.393407060345343,-0.059372902991714,6.88709549777036,0.376983692713239,-0.0510974299661021,2.91145799733072,0.305703875884806,-0.0509872223944287,-1.73681120691162
0.393348486558453,-0.0609369594969088,7.06127253643692,0.376976312062041,-0.0511833519996481,2.94263103635752,0.305655660590987,-0.0486775279455262,-1.75843974273665
0.393298572864469,-0.0625077847204803,7.00437315959759,0.376926385843356,-0.051325738633317,3.05941849530997,0.305596924581958,-0.0463981304832131,-1.76891187140669
0.393237918393791,-0.064084889330408,7.06220306229344,0.376876598193064,-0.0515233838215256,3.15121209929664,0.305551712737025,-0.0441510581849385,-1.77547796684417
0.393174008993079,-0.0656651778590483,6.93289111618174,0.376824139455899,-0.0517716536158152,3.09341060829009,0.305504827112841,-0.0419408384461378,-1.74696657068237
0.393120772273225,-0.0672425747603016,6.84866682975476,0.376771748331199,-0.0520649626743387,3.05486680476657,0.305463173481693,-0.039773847747292,-1.73009543137804
0.393045328918882,-0.0688085071289341,6.83933746211409,0.376713219985123,-0.0523982807150792,2.94841568598565,0.305424490405454,-0.0376575746812816,-1.7765819782405
0.392976147543133,-0.0703531868354975,6.86016006574864,0.37666687450377,-0.0527673538341597,2.99707239398716,0.305387317678747,-0.035600007818729,-1.72013817765678
0.392900830573578,-0.0718684294183602,6.82374028325415,0.376612684331887,-0.053168201724936,2.9842447534044,0.305356548562252,-0.0336091055421248,-1.73003327134865
0.392768620035357,-0.0733529668745179,6.77627815983636,0.376555207405084,-0.0535973910810421,3.01052592228352,0.305319698053275,-0.0316920296722981,-1.69418536121266
0.392693705160974,-0.0748178095854107,6.63345581594661,0.376475401116969,-0.0540546197469448,3.02510879297584,0.305319698053275,-0.0298525706325526,-1.70336773177202
0.392625501295392,-0.0762853114441879,6.49370858729938,0.376416288093732,-0.054545742521911,2.9850577358119,0.305319528406744,-0.0280868106420995,-1.74869627932768
0.392545193481145,-0.0777812654963645,6.54091135999816,0.376365438001042,-0.0550825728318045,2.91434670721789,0.305266362558021,-0.0263824329066509,-1.76164922090296
0.392540784929328,-0.0793247446197726,6.575489501566,0.376309527071789,-0.055679749009746,2.90041106540663,0.305230311567584,-0.0247247682531644,-1.76618809321137
0.392463484547873,-0.080920337530708,6.50269151904722,0.376251756176951,-0.0563521934768394,2.94108403569924,0.305203647733857,-0.0231029734854918,-1.78702906230982
0.392378421581635,-0.0825583080317114,6.55218808857296,0.376205174142424,-0.0571129130733966,2.9416915019597,0.30518553983474,-0.0215102845344335,-1.80803612036062
0.392298139180836,-0.0842218565777886,6.49732708144192,0.376205174142424,-0.0579670836763952,2.94984826655815,0.305164804139357,-0.0199412010229034,-1.77395370951387
0.392203637630475,-0.0858934022541605,6.56802299614943,0.376182674688448,-0.0589046438882207,3.00035173851134,0.305143980244252,-0.018390111690489,-1.76248437269733
0.392118969307091,-0.0875567057083594,6.63420336143435,0.376071009235205,-0.0599016464605822,2.92631745747137,0.305122979676709,-0.0168516735425268,-1.77144203470276
0.392027599044793,-0.0891977380155336,6.62196473561499,0.376012637809148,-0.060931510907759,2.92968783675221,0.305108389996531,-0.0153213281298962,-1.81729636276527
0.391898931551498,-0.0908073095726831,6.77335174729421,0.375944104088635,-0.0619736845455369,2.91128433615295,0.305091782945016,-0.0137953426548065,-1.7789827145304
0.391801699964863,-0.0923847900002587,6.78785863389591,0.375868014829428,-0.0630148452272552,2.90094427542185,0.305073149396918,-0.0122709413708368,-1.77553671313061
0.391706039118283,-0.0939385159436871,6.80452901624778,0.37577138671369,-0.0640495727483534,2.97828186027649,0.305063865275043,-0.0107465114241283,-1.79450833242549
0.391612058292182,-0.0954820673394907,6.74946395447571,0.375709188554889,-0.0650816901088169,3.0589352102777,0.305054539830979,-0.00922124383377931,-1.78243837643856
0.391516314457738,-0.09703072792993,6.74155733646624,0.375650147984151,-0.066121583943882,3.03577098569442,0.305043390971781,-0.00769458750908766,-1.81199731978726
0.39141158210622,-0.0986004644101618,6.67790059435546,0.375590869137254,-0.0671805382219692,3.05315140703186,0.305037686248607,-0.00616605455686608,-1.79857869913776
0.391316914221929,-0.100208058046288,6.76299721359468,0.375529361614089,-0.0682668932143132,3.00532005813256,0.305037654815804,-0.004634890622877,-1.78670947174323
0.391212794205542,-0.101871056800497,6.79995105328923,0.375464979486545,-0.0693852813074662,2.99888918307358,0.305029953700191,-0.00309973088295873,-1.80545032734769
0.391104306146397,-0.103606031488096,6.78728100084937,0.375395241169029,-0.0705376645123427,3.00186924192387,0.305025444361262,-0.00155897817052479,-1.83372880495086
0.391097427987451,-0.10542261716914,6.78370544204429,0.375312424795424,-0.0717262989245852,2.9704365756434,0.305028849081417,-1.13902392764735e-05,-1.88849190181664
0.390936525387959,-0.107316358750127,6.6234840002896,0.375198323228091,-0.0729589729347316,2.93902424976617,0.305022187066716,0.00154361948076057,-1.8237041531679
0.390927827217798,-0.109267125442862,6.60280364148821,0.375131597492875,-0.0742519032989424,2.91769765004377,0.30502112023678,0.00310562318315606,-1.8867129835837
0.390738143698597,-0.111244623376751,6.71940811341072,0.375112139805164,-0.0756247258923083,2.80323808346671,0.305036147242492,0.00467342261458501,-1.91846170375593
0.390620240687416,-0.113218593192176,6.76697746039099,0.374987622385597,-0.0770927393378913,2.77467478214309,0.305035128664022,0.00624594380378269,-1.83662053726313
0.390506188929487,-0.11516665404707,6.82791493792643,0.374974141314461,-0.0786637604776372,2.77159577114725,0.305036476982381,0.00782202690991387,-1.90288263512333
0.390386206739716,-0.117073642250757,6.80001282081827,0.374897559006002,-0.0803365323302047,2.80424939171101,0.305046795743482,0.00939933485678894,-1.88568102444642
0.390263951261909,-0.11892737297926,6.80089664199514,0.37482889657431,-0.0820992294395458,2.82306999208881,0.305056391098672,0.0109742542516476,-1.90912419326372
0.390154794631174,-0.120716353847798,6.78698131138667,0.374746981879099,-0.083931702785478,2.86158917044001,0.305065596069786,0.0125425241242976,-1.93678139043072
0.390029513117867,-0.122429428353266,6.77710050108523,0.374662647399933,-0.0858096516030103,2.85518028569025,0.305081687589445,0.0140995983978796,-1.94137600713478
0.389861854127186,-0.124059016530158,6.79609976170676,0.37457463350054,-0.0877077676649845,2.79622689565269,0.305096490973245,0.0156409885354389,-1.9765314698936
0.38972762678762,-0.125606895059738,6.98059923352365,0.374463068814431,-0.089603736721197,2.73358382549006,0.305115394961303,0.0171631436545821,-1.96391182423944
0.389592014157583,-0.127086463178162,6.88222482933863,0.374320296368159,-0.0914848094728346,2.70848685456437,0.305156124423555,0.0186652648987459,-1.95620266785945
0.389450008696298,-0.128520192814116,6.86450766307189,0.374228270780937,-0.0933525578635759,2.86193936716604,0.305169415179509,0.0201509331108301,-1.90369341771797
0.389330700712234,-0.129935761802523,6.79688399936048,0.374142488028663,-0.0952200323479569,2.80396741604721,0.305193743984157,0.0216270866789474,-1.95704010196718
0.389204785983643,-0.131362346645055,6.84745221927461,0.374039513206456,-0.0971046635979083,2.7454060308717,0.305194637513689,0.0231002999809521,-1.88199904947046
0.389069299455886,-0.132825719823934,6.84405816031519,0.373942267688391,-0.0990244137920251,2.84094420250132,0.305217123755547,0.024572939778939,-1.95540600178071
0.389063939183622,-0.134340737951357,6.89205112297607,0.37384394699558,-0.100997338258728,2.807775408059,0.305217951405342,0.0260414577428185,-1.87576797912745
0.388808188344417,-0.135906939348506,6.87761781335659,0.373745925922629,-0.103040860346251,2.72660548038508,0.305275911477718,0.0274984082405845,-1.86508200088774
0.38879162637999,-0.137512452335624,6.85533752291426,0.373655665050751,-0.105168348173902,2.75326065507855,0.305307267076314,0.0289373385859344,-1.90337194376947
0.388584006066959,-0.139140005134478,6.81477281799456,0.373637955046494,-0.107381140235721,2.78125600970586,0.305334193611901,0.0303557374982839,-1.86358479028578
0.388439394119473,-0.140772085255936,6.78378719426846,0.373526659121721,-0.109662152669644,2.73657189324729,0.305364916518284,0.0317534442755654,-1.93757389933306
0.388300188892333,-0.142395849855507,6.68177958607787,0.373344928353532,-0.111983447203118,2.75064729166778,0.305386060922677,0.0331300040340081,-1.96448536646931
0.388161104602603,-0.144002876697037,6.67006233027052,0.373221548413769,-0.114323345351676,2.672597221036,0.305444822460803,0.0344846813611549,-1.91744519679625
0.388014329486834,-0.145585674020276,6.73660247061129,0.373111353006278,-0.116673464999471,2.63197708608686,0.305467500538107,0.0358181174671695,-1.91599408294385
0.387856872690803,-0.147137407486671,6.71571443988083,0.373010683450652,-0.119031560802316,2.62125292862224,0.305506086695875,0.0371325290575665,-1.9403429434759
0.38770141127221,-0.148654148154101,6.76224015781882,0.372891297517805,-0.121393356009388,2.67235023548679,0.305547619563596,0.0384306295993901,-1.91330091700291
0.387545953509028,-0.150135817369505,6.63031579567208,0.372767731453996,-0.123750801203931,2.81041154764692,0.305584133655879,0.039715331162722,-1.87468484963528
0.387416821296935,-0.151584091604589,6.6059600706018,0.372648083685327,-0.126093703700817,2.80817012132457,0.305626554676606,0.0409900577410695,-1.85416790564529
0.387257862315315,-0.152999059541638,6.72794870330595,0.372516602213221,-0.128410938805141,2.7927908843889,0.30567462481055,0.0422583346611667,-1.86328596053256
0.387112284746971,-0.154379697211514,6.74802542264626,0.372392542330648,-0.130690981601002,2.75919016664382,0.305674686284491,0.0435217681492416,-1.8924250568171
0.38686168223065,-0.155732070209412,6.78231359396446,0.372247627156169,-0.132924324335852,2.72895154822061,0.305756894839266,0.0447779130156922,-1.88458349291097
0.386696160524531,-0.157080145329421,6.64728128830438,0.372035706385831,-0.135110720224541,2.7568709173567,0.305756894839266,0.0460203394995396,-1.88149574520576
0.386536561469971,-0.158464614749767,6.67543322716279,0.371897952675666,-0.137266584961418,2.83500714348328,0.305836276439357,0.0472403634925236,-1.8089084307874
0.386527349208118,-0.159923025234433,6.66411264898713,0.371785374616442,-0.139422460224499,2.84361032661925,0.305884053944152,0.0484297751806183,-1.79119769219611
0.386360040189655,-0.16146777553611,6.57035107536132,0.371634165535353,-0.141613063032315,2.81615982990756,0.305937264825178,0.0495833428624647,-1.79794519966366
0.386201891992784,-0.163083881799358,6.43951613722802,0.371487845082199,-0.143871703700794,2.82493265785902,0.305983869646405,0.0506985869072556,-1.81108808732245
0.386029973266039,-0.164742684831629,6.45180151218764,0.371369268881186,-0.146227003566882,2.81808417107809,0.306036705797116,0.051773972073103,-1.77764889563758
0.385894620879751,-0.166411235348902,6.47283983702937,0.37134983165375,-0.148691574343806,2.80524197531919,0.30609138621584,0.052808400428583,-1.80082312467172
0.385722096002123,-0.168054293312155,6.48026034553619,0.37119379132411,-0.151249556909304,2.86214820637816,0.306154257698425,0.0538018639621457,-1.82370321543545
0.385462982846798,-0.169641549435325,6.43946698030072,0.371040187115211,-0.153859533298454,2.87725975650963,0.306191431845529,0.0547552127826511,-1.75994037457345
0.385273258076075,-0.171156166809363,6.29665835198507,0.370875011190156,-0.156471200503872,2.874535052431,0.306253206015576,0.0556693849878082,-1.76152214771911
0.385307747239105,-0.172586737727638,6.21953238061773,0.370635481893638,-0.159042079288586,2.7594132434487,0.306343245530009,0.0565474457504545,-1.74190131760472
0.384911251223823,-0.173915305835428,6.27771467719698,0.370489162352406,-0.16154627280003,2.64062087519284,0.3063969570652,0.0573984859880685,-1.81663831614134
0.384779924013071,-0.175126512929057,6.33574189690262,0.37032096370453,-0.163972435376758,2.69098792525188,0.306456501080897,0.058237737732334,-1.85825995321231
0.384607773458668,-0.176219846986186,6.39753334911604,0.370153056990557,-0.166315933771514,2.74752464472873,0.306504464187038,0.0590823924045733,-1.82610058178194
0.384426654212898,-0.177203942712554,6.30058537902352,0.369982426482348,-0.168574181445979,2.78656541905664,0.30655883257428,0.0599478134349214,-1.81761585509658
0.384236013112423,-0.178089019627759,6.23227837837186,0.369815263917057,-0.170746035408271,2.80079673002731,0.306621718203701,0.0608455364309542,-1.81993168682376
0.384055140801134,-0.178889731206135,6.2541344756507,0.369627759932222,-0.172832397730931,2.78285169108175,0.306623957678634,0.0617798557160243,-1.82044587379113
0.383769089992995,-0.179630936406194,6.22258110910603,0.369451336612776,-0.174837359854016,2.74522522088044,0.306682199898041,0.0627431439908563,-1.80264652056311
0.383762686909574,-0.180346141576649,6.27148315474813,0.369272402422726,-0.176768992374174,2.7452933060382,0.306746069282237,0.0637158197983808,-1.82618254458785
0.383423927344945,-0.181068595018485,6.36321283909202,0.36907601132866,-0.178641489990316,2.71523671363051,0.306807325485568,0.0646726204230002,-1.84657921422726
0.383402945495995,-0.181823484933232,6.37644071554335,0.368803336277186,-0.180482207705411,2.75107372797888,0.306917597003338,0.0655906641720112,-1.82338817758443
0.383219609657017,-0.182620944551535,6.38631206043996,0.368647841438088,-0.182337263045362,2.81561544249195,0.306984314302855,0.0664553684891577,-1.79299075520913
0.383041911170672,-0.183452061800837,6.33104014438653,0.368492911550729,-0.184261808842169,2.81595958582771,0.307059421423287,0.0672613575917342,-1.77138635530473
0.382847631455284,-0.18429525610439,6.24857521279899,0.368463454782074,-0.186295027004901,2.92460275493108,0.307121868850721,0.0680087626785815,-1.79142984471677
0.382689076423873,-0.185124429245683,6.36565567812791,0.368271454993535,-0.188440551821846,2.95658789085047,0.307191499777603,0.068699335736069,-1.82400371999447
0.382504152100557,-0.185911877985279,6.29324133871554,0.368080545846706,-0.190670144276533,2.98922102523092,0.307259863745688,0.0693348886805113,-1.82026393187882
0.382215399745753,-0.186635567662652,6.25584525229965,0.367878204460123,-0.192942116597124,3.01328210152722,0.30733350286233,0.0699173530641288,-1.80781283266747
0.382024219773725,-0.187291257495492,6.26708417346245,0.36769089139891,-0.195214083221759,3.02538824737771,0.307401749433994,0.0704490400265414,-1.7838756700994
0.38182813877536,-0.187895606260581,6.26566727268158,0.367483672719755,-0.197447374830546,2.99605587320763,0.307467539595852,0.0709320944593874,-1.72726848296526
0.381630243486483,-0.188478474415899,6.21780527070693,0.367194970822152,-0.19961355092057,3.00711314596063,0.307536157042656,0.0713684421753078,-1.76550555752975
0.381440277926021,-0.189075249275203,6.14239066027133,0.367006926287264,-0.201701779316645,3.04317616632216,0.307658312907207,0.0717634451967005,-1.79431632116736
0.381274075300664,-0.189722108725785,6.0025325462791,0.366810049958133,-0.20371645735275,2.95408565755324,0.307736804062273,0.0721318256479858,-1.7638643586081
0.381082533478906,-0.190453382977268,6.0411711415827,0.366604960789154,-0.205667448701159,3.00833875856914,0.307810513631815,0.0724976726165766,-1.80686724042725
0.380832596947371,-0.191304547801025,6.13100745061755,0.366392088443239,-0.207564534515835,3.02079504151299,0.307810947362867,0.0728844047713656,-1.82698388028425
0.380675267846951,-0.192313554211148,6.24487337319034,0.366191423978317,-0.209417450069271,2.97317511296978,0.307880601862704,0.0733031913496646,-1.77690652787061
0.380672208027866,-0.193500851649907,6.29836133087055,0.365968683686623,-0.211236954859537,3.00377528376595,0.307957948705827,0.0737513007164779,-1.85024496736999
0.380672208027866,-0.194836465723248,6.19329811525444,0.365745321422677,-0.213036804922555,3.02522001667132,0.308031417272238,0.0742189617151365,-1.8920037493478
0.380189165041893,-0.196242530379817,6.22981647371554,0.365508589827674,-0.214838239017038,3.06838748284135,0.308097364941803,0.0746943817576185,-1.85686134900835
0.379973880329083,-0.197642069239341,6.31062723715767,0.365220105555941,-0.216673436332246,3.08321197753627,0.308165738083282,0.0751637605350823,-1.90695165259609
0.379771086898344,-0.198994373721399,6.520967406069,0.365190274359031,-0.218575940248942,3.05774626308211,0.308243784352938,0.0756113841899927,-1.93481012356596
0.379600996690155,-0.200284103593401,6.44307822304007,0.36498465780311,-0.220558334552024,3.08066171252702,0.30835602035306,0.07602360571283,-1.93011749773186
0.379401133667637,-0.201498219820358,6.39656769670631,0.364760968546947,-0.222602321355129,3.10470090371914,0.308440081908541,0.0763941426705435,-1.88524374440413
0.379201965355558,-0.202618024352424,6.48558842225658,0.364527281265961,-0.224671595953866,3.0673428257219,0.30851207102582,0.0767249364203304,-1.8834430958811
0.379013729204484,-0.203620237539334,6.523282962891,0.364306307546941,-0.226726614884521,3.14025380717014,0.308591362050006,0.0770223195555271,-1.94286975143446
0.378790884839552,-0.204481600299837,6.51731840101396,0.364088021805844,-0.228728182118738,3.16383892727828,0.308668077514433,0.0772936997827601,-1.90440568922852
0.378465588980902,-0.205190880309457,6.52293947445555,0.363842747631934,-0.230637331804095,3.26657402177734,0.308749866932995,0.077546945233071,-1.95199687610296
0.37825799695858,-0.205762241817236,6.42864633803618,0.363587442626294,-0.232420514713021,3.26060800591464,0.308825149150217,0.0777905310974999,-1.94092867521282
0.378052739043842,-0.206234874397194,6.34938484073474,0.363237916362644,-0.23406187961359,3.25387522317972,0.308900000897329,0.0780331316495815,-1.9754922592999
0.377841826666409,-0.206660677468165,6.43851402046411,0.363002718805515,-0.235573753795378,3.32673639612866,0.308983883855735,0.0782834466171639,-1.96786476155607
0.377628801232757,-0.207095418392785,6.38249787779218,0.362767466663525,-0.23699267298742,3.39199599305664,0.309068075094796,0.0785511028370962,-1.99466878696994
0.377418474307204,-0.207593271140504,6.39309439153539,0.362562805656125,-0.238363595903027,3.36462979557796,0.309147087660109,0.0788461343097771,-2.01046419762025
0.377413151814713,-0.208194564328468,6.37217474937655,0.362317558421324,-0.239728050898476,3.28821048548235,0.30914831618497,0.0791735772260724,-2.02630596779544
0.377026839816394,-0.208915335173889,6.32356191711248,0.36206427624948,-0.241123006355322,3.35781426627319,0.309269393066794,0.07952849487153,-2.12712041362129
0.377012669593759,-0.20974840195938,6.41920475634243,0.361851419919323,-0.242579888555205,3.38124741115562,0.309360439200163,0.0799001094008486,-2.0966079294315
0.376810853266081,-0.210663242627216,6.51720353783538,0.361776691701508,-0.244114367338262,3.33572480948245,0.309432380661483,0.0802797968424464,-2.10364873337876
0.376591403538883,-0.211606768627789,6.54580545012021,0.361347113485955,-0.24571955577175,3.44007382474308,0.309523754209075,0.080663098515758,-2.09513319274378
0.376248594620645,-0.212523173894267,6.47278615568257,0.361294655184066,-0.247373171149707,3.43805850046824,0.30960447804193,0.0810478183818413,-2.16462872509247
0.376032451598865,-0.213379381893793,6.44501363315216,0.360907406661284,-0.24904744778169,3.39535055025959,0.309678370138578,0.0814326457996948,-2.17704194997731
0.375803070834216,-0.214170312463102,6.49535336992936,0.360672553929368,-0.250716702578642,3.44510700368681,0.309764582422133,0.0818160224288442,-2.19258520389774
0.375579254831755,-0.214908196710749,6.71210628749152,0.360441661482447,-0.252362182615269,3.44610588947054,0.3098391711817,0.0821953317131988,-2.2697359240014
0.375357488248336,-0.21561270609267,6.85079915291894,0.360178279998401,-0.253968606390466,3.52215210071033,0.309920844706673,0.0825667200711468,-2.24251145539548
0.375181326355741,-0.216304103237752,6.79923986840603,0.359937811389798,-0.255518656876994,3.57815518271961,0.310007840518882,0.0829253827071742,-2.30692637903264
0.374973660795337,-0.216996979777332,6.6621791480089,0.359675558414015,-0.256992787315309,3.53809191696365,0.310085819647895,0.0832669423724833,-2.28812241729028
0.374735981636612,-0.217699135676762,6.59873083728426,0.359404787675193,-0.258371810875467,3.55271916725267,0.310214295136553,0.083590834526011,-2.37794772277571
0.37452761365636,-0.218415767403891,6.70023082916061,0.359139510686358,-0.259639784609968,3.48608124282601,0.310291317168534,0.0839039414030541,-2.46634654458495
0.374317152275298,-0.219153880112467,6.76233327580198,0.358870497533602,-0.260787757345164,3.41666342480538,0.310377488131719,0.0842203555335581,-2.4973133716104
0.373983524666535,-0.219930104608728,6.75355739526556,0.358497153000942,-0.261822145936466,3.43392054326296,0.31046539277722,0.0845579598798507,-2.51695955862916
0.373744558362477,-0.220778512375604,6.67158258686381,0.358215154114965,-0.262774955830559,3.48399834274833,0.310556167465715,0.0849348834065243,-2.55431459825583
0.373737035669274,-0.22173740045751,6.66510130149214,0.357968488349052,-0.263702898783991,3.38906938973874,0.310556167465715,0.0853631116013038,-2.63284857513416
0.37350205502396,-0.222819779444002,6.48894956806768,0.35770058455706,-0.264674714770868,3.35865299188762,0.310647705186385,0.0858404111236019,-2.65611732399564
0.373272018230122,-0.224004361473846,6.33053369962991,0.357427021917779,-0.265760634969444,3.3685981037659,0.310734047022618,0.0863500718904724,-2.68066127150637
0.373066192208956,-0.225251329160512,6.27343360338025,0.357206934457256,-0.2670233814864,3.39225423419356,0.310822875880299,0.0868694472323348,-2.70059798475447
0.372856202101066,-0.226514157927554,6.37504709704598,0.357157415274619,-0.268496987345137,3.39919643276203,0.31094708209806,0.0873787724052763,-2.79321014954672
0.372627732759245,-0.227740554755747,6.42637426775584,0.356916166173976,-0.270160059335955,3.2903946575093,0.311030255709511,0.0878654184757904,-2.80795967791215
0.372405833445227,-0.228875936948838,6.36261615054725,0.356795591222026,-0.271931710207468,3.33710778219778,0.311112460426232,0.0883227459114376,-2.88466415345934
0.372030588269696,-0.229877019315404,6.48345991093002,0.356186797549282,-0.273707170717954,3.33837621829787,0.31120515380731,0.0887462127662838,-2.88085159771434
0.371791066542486,-0.230727924943049,6.40227938282598,0.355914862815268,-0.275410061650968,3.34905225975385,0.311298620773135,0.0891315802366048,-2.92245387825187
0.371561708662043,-0.231441847869475,6.46607483457344,0.35564206363,-0.277012295027186,3.35916102650722,0.31138382040676,0.0894753317597948,-2.89866948725677
0.371324924670351,-0.232046765391372,6.44697082996687,0.355382447515914,-0.278512204015261,3.27900285102493,0.311478943158114,0.0897748574895722,-2.85141971718968
0.371143973109506,-0.232570105070816,6.45178158854501,0.355103493886448,-0.279909970068302,3.20892237089707,0.311569806049271,0.090029475530769,-2.92870225600983
0.370907267540343,-0.233030811030545,6.50804233862878,0.354831770096908,-0.281200878296648,3.13327026944018,0.311715251795852,0.0902446273923292,-2.91020857839777
0.370672535223338,-0.233439450545801,6.42640976169219,0.354556520370574,-0.2823761860616,3.2261327306013,0.311800007888511,0.0904365722901954,-2.91718627248198
0.370431512235794,-0.233803570137035,6.4466488088399,0.354264990983349,-0.283425021781486,3.16871185589858,0.311896595474442,0.0906301674830537,-2.93602689887125
0.370193874984408,-0.234134771996957,6.42726956792547,0.353961166344491,-0.284340909207591,3.18777264779008,0.311897897722604,0.0908488446913164,-2.99180247019836
0.369823310530451,-0.234460340416571,6.31954855464558,0.353522498363273,-0.2851367197035,3.02093540608444,0.312079537658965,0.0911075217779887,-3.04638746487813
0.369574364968358,-0.234832313486052,6.21018041181884,0.353241234543289,-0.285859045565492,2.90998497322429,0.312079929893067,0.0914131047351252,-3.01984099635948
0.369558252623682,-0.235310797343732,6.21606888308078,0.352950426044429,-0.286585117766589,2.81034365812188,0.312170975577522,0.0917639776754917,-3.05991299841993
0.369339041410313,-0.235927730914271,6.11512940524289,0.352693963521052,-0.287403569613579,2.85249614073165,0.3122642494075,0.0921478718849619,-3.1595424474234
0.369128230202813,-0.236671627355275,6.16177230437357,0.352452180252703,-0.28839114562235,2.83072653768809,0.312344582716308,0.0925454635513637,-3.16274170252429
0.368882554998725,-0.237503270705794,6.04484535633188,0.352426386588398,-0.28958540427288,2.89333673629976,0.312485294377162,0.0929383490426717,-3.20535186585434
0.368634536986605,-0.238375385442364,5.85558136979882,0.352116372003556,-0.290963425550866,2.82209062805118,0.312586966545534,0.0933158762794575,-3.2275260178301
0.368396930143285,-0.23924161261855,5.80029839881934,0.351836417785975,-0.292450211458827,2.69827890544937,0.312676229919758,0.0936767147691644,-3.34234741411434
0.368146627951041,-0.240058641913773,5.8421280368166,0.35150494193137,-0.293952564500341,2.64921921008202,0.312770875126473,0.0940248345828718,-3.39449801825065
0.367906723524812,-0.240788723373377,5.86744454599673,0.351068979623893,-0.295393124500481,2.56386648360133,0.312866575663504,0.0943654513918027,-3.36662645170706
0.36752628006034,-0.241409534463208,5.75578199341452,0.350754660615081,-0.296729909229887,2.60190810120411,0.312962302513906,0.0947040218890673,-3.38159992450687
0.367281857641825,-0.241926690481056,5.66565086333769,0.350460582456705,-0.297954382253793,2.72347028578781,0.313053461560481,0.0950459350342394,-3.40699654577944
0.367036601567104,-0.24237340356415,5.6955575479501,0.350176581410686,-0.299074342419908,2.73219115918987,0.313137033618232,0.0953951992893694,-3.39832336668934
0.366799221268908,-0.242796414709739,5.75427438522206,0.349846683540091,-0.300100911279552,2.73575730345894,0.313235779614817,0.0957541945850243,-3.40268198059122
0.366579206700172,-0.243242758531717,5.74827949575171,0.349578432817776,-0.301045115390437,2.66605772707742,0.313377091627523,0.0961277351948239,-3.62073101674899
0.366337322124238,-0.243754387718067,5.73553153193387,0.349279452970831,-0.301915823351011,2.6352709752078,0.31347553983899,0.096528941564884,-3.46394841368324
0.366086472290039,-0.244364135939329,5.73743343302365,0.348980510398305,-0.302717574336232,2.54790787433325,0.313571089339157,0.0969782535340173,-3.51153445136058
0.366082456454181,-0.245084815707101,5.72583166690336,0.348674456048573,-0.303452152524467,2.59015353235725,0.313576547292638,0.0974937716767793,-3.54599432862913
0.365609379240338,-0.245901446305225,5.67884042878925,0.348338525794434,-0.304126552483921,2.47824372300531,0.313771718053146,0.0980843745534656,-3.56458737862791
0.365580367656622,-0.246778940793878,5.51365346651374,0.347873777043903,-0.304769612450186,2.33969735726038,0.313775831736225,0.0987509763291265,-3.54584578500859
0.365196431830432,-0.247674691990939,5.40313663343351,0.347562784590623,-0.305447224248068,2.26851737865968,0.313878577248166,0.0994866322767053,-3.63917290739945
0.364930158232971,-0.248549904220554,5.19829403315187,0.34729050007059,-0.306251953671222,2.17561344513452,0.313979376844587,0.100274512165499,-3.62927915411861
0.364664479974323,-0.249380207572527,5.1994048126343,0.347251274415293,-0.307261527319175,2.07162443216189,0.314071253465848,0.101090793562105,-3.55394002212077
0.364435785289634,-0.250154111864114,5.13250852036373,0.34693710833479,-0.308499410737183,2.16370489385343,0.314180565649118,0.101910267384146,-3.6590043803068
0.364223134883974,-0.250860501260117,4.98853507492826,0.346668185669324,-0.309932233064159,2.14135505994432,0.31432635039906,0.102712104343654,-3.6788669182353
0.363946640160941,-0.251481452480292,4.79196935344643,0.346346143770045,-0.311494936461914,1.99755892970126,0.31444208200392,0.103485601327187,-3.79079879139091
0.363688268584251,-0.251995872310949,4.83434990042382,0.34603248039855,-0.313112567257324,1.79535234580279,0.314541022928766,0.104230841973763,-3.8676857315643
0.363419817533625,-0.252386320521815,4.81513595568435,0.345716485803668,-0.314710002207452,1.62838111857423,0.314641393434282,0.104953266324845,-3.80577087995134
0.363166540703749,-0.252644189584008,4.79338178791504,0.34535241421723,-0.316220487167512,1.64536763298309,0.314744910433109,0.105658450092128,-3.7973647274661
0.362773918382611,-0.252778616515922,4.83960431548884,0.344892901439408,-0.317600681481702,1.64613840619221,0.314851863096245,0.106350631221538,-3.86024179157232
0.362523349601969,-0.252827243230384,4.78881635277319,0.344591549095314,-0.318842920605831,1.60606043583219,0.314956275866312,0.107033283920683,-3.83091842607977
0.362267136308586,-0.252854268378757,4.79825561447644,0.344250928549718,-0.31997029921878,1.5802207454119,0.315069768579078,0.107709931216757,-3.90874634737803
0.362042932112322,-0.25293491693905,4.8253205149659,0.34393445976173,-0.321020348223311,1.44357109053671,0.315176308023683,0.108385880778873,-3.8579933145008
0.361783204150898,-0.253142848458782,4.8799866027114,0.343644433340611,-0.322032063233677,1.36608995071362,0.315344282823255,0.109072941719627,-3.91221750796348
0.361520900603259,-0.253544109802611,4.84030153138583,0.343317561643546,-0.323039764231147,1.41285723783466,0.315460715046895,0.109793204560073,-3.95311901708845
0.361504290857025,-0.254182260552203,4.97489951535481,0.342993042771549,-0.324072515045359,1.48049194284631,0.31546605849864,0.110571391629535,-3.99212766531426
0.36125354685737,-0.255052217652257,4.94324740399225,0.342676638271459,-0.325155819220111,1.51705260463508,0.315577149656223,0.111419231437455,-4.04742747037351
0.361237913087884,-0.256084724876211,4.92799274065264,0.342387101346474,-0.326306273650564,1.48335021967504,0.315694430349626,0.112330819124699,-4.00511879949667
0.360768843266109,-0.257165451185785,4.96179723326379,0.342261602728225,-0.327521203848051,1.41603921659225,0.315813669083876,0.113292008382173,-3.97458407687415
0.360308921320142,-0.258188940349004,4.98110944731731,0.341496584397151,-0.328788243217908,1.28935864603724,0.315927393917563,0.114288983903219,-3.97355560050118
0.360067746567284,-0.25910483171378,5.07758459920946,0.341441015949998,-0.330110130183277,1.25140031776989,0.31604541211429,0.115310039673979,-3.96112595023799
0.35979179196877,-0.259915028637136,5.01042197206966,0.341119139472408,-0.331499677685412,1.27151228123211,0.316164070761945,0.116345140283025,-3.94188554025212
0.359558527431342,-0.260642269311866,5.02639361066239,0.340804106683822,-0.332952008226024,1.20145989940786,0.31628459860598,0.11738594353085,-3.96663392376041
0.359288983850906,-0.261310161662594,4.99618121831223,0.340461953439889,-0.334440192954682,1.19344888423273,0.316405745701652,0.118427041576514,-4.00413678867093
0.359033393755042,-0.261939295119032,5.00030562709191,0.340125274761442,-0.335929568409087,1.19824728803511,0.316580441197145,0.119470205647174,-4.03038824930964
0.358778132343388,-0.262548156159696,4.93458095900304,0.33979366743039,-0.337385066230434,1.09887251285002,0.316709521858036,0.120529769911608,-4.07113929604131
0.358496380901513,-0.263155237965557,4.96245413613983,0.339456066843929,-0.338771022396631,0.997750590876464,0.31682903297827,0.121632818234762,-4.14280166037644
0.358212553123612,-0.263783047115266,4.9597460813199,0.339134578255926,-0.340050263640975,0.869353977830985,0.316955437306946,0.122813714653457,-4.19353275181988
0.35793857290116,-0.264461939691883,4.91474170758169,0.33874311852111,-0.341189614677279,0.849192890291323,0.317080056533087,0.124109271248449,-4.15656218257443
0.357665648410272,-0.265225533664799,5.06159539132541,0.338238633555981,-0.342178128225185,0.760755128770679,0.317198825957835,0.125554386921589,-4.23302577227249
0.357660443770054,-0.266094817505763,5.1558740792214,0.337871976161905,-0.343045715274752,0.682215989191396,0.31720024131165,0.127171534046313,-4.20632753722323
0.357050676704441,-0.267072381945067,5.21183503379585,0.337564048245348,-0.343859421914349,0.690336533244287,0.317333806664007,0.128956319811531,-4.22747761484752
0.357004747689145,-0.268156261018865,5.25872240844652,0.337210181200505,-0.344701832729283,0.725670349708851,0.317334570470059,0.130870971109799,-4.22552161503494
0.356743498529418,-0.26934208241828,5.22890326110604,0.336852589798595,-0.345656030938135,0.680998545611012,0.317594445022848,0.132854178110896,-4.24939113768511
0.356483084788205,-0.270608553007574,5.27827462981901,0.336566312500602,-0.346794851910019,0.613021491494786,0.317727582123319,0.134843812995657,-4.28434410704681
0.356210471837814,-0.27191647073401,5.36871752488989,0.336520581047648,-0.348153748549208,0.552070467852316,0.317932594927684,0.136796475622038,-4.25567938783372
0.355942980558363,-0.273219991293411,5.3421465472556,0.336150089580701,-0.349702166399689,0.438710719485355,0.318067790537524,0.138691452969402,-4.27646137983029
0.355649020204933,-0.274473488824913,5.33311842598627,0.335804642608706,-0.351350750982958,0.480094912568884,0.318207327773479,0.140523137070616,-4.27516066101514
0.355370537392182,-0.275634462305857,5.32428373008786,0.335404535031559,-0.35299113209202,0.498749364640931,0.318346028574987,0.142291738515636,-4.23875990635002
0.355095800734251,-0.276667234538133,5.22190801828421,0.33487866076831,-0.35453570862923,0.474660448458965,0.318487445765724,0.143997930650418,-4.22587605363649
0.354666569513199,-0.277552421092806,5.25177591881607,0.334535924253046,-0.355937109259467,0.418239520346526,0.318636844358268,0.145641919525065,-4.14711335122571
0.354414576074088,-0.278297912336367,5.272480972375,0.334215682864448,-0.357179685341352,0.435334423067836,0.31878376538171,0.147224271738978,-4.20395261247196
0.35412769815612,-0.278936346283664,5.06982766566622,0.333852341542371,-0.358256703953956,0.4223097910322,0.318933696118139,0.148746666780567,-4.21383317994708
0.353856896863848,-0.279510759829506,5.01258396916445,0.33347605937888,-0.359159373387986,0.435614750862274,0.319092632645946,0.150213938211071,-4.22639973141262
0.353574567898301,-0.280064983505604,5.03832610220432,0.333113083286358,-0.359879614507363,0.379185870387353,0.319315669905447,0.151640104198112,-4.17807761649814
0.353285890071732,-0.280642721841909,5.06200793881449,0.332769568771936,-0.360411687017578,0.328307712273084,0.319465636761986,0.153054959329583,-4.2140469812491
0.35300951234431,-0.28128920502088,5.10642159777798,0.332404560728105,-0.36074997966075,0.28716555464369,0.319628145308093,0.154500548030423,-4.25036485512081
0.352700361221126,-0.282048064373525,5.20546789499873,0.332019395164615,-0.360893151975829,0.195312868350982,0.319631867238866,0.156015260207933,-4.26265715851475
0.352680803891778,-0.282942740085248,5.18523241316912,0.33146888959882,-0.360862005359378,0.199287867822527,0.319922111369889,0.15762130040259,-4.36082894669478
0.352409163099137,-0.283952959596533,5.19935563650174,0.331108510361006,-0.36071790455521,0.173593686491256,0.319937051364606,0.159324457318577,-4.29494004435176
0.351976169478789,-0.28502256883815,5.11702256308322,0.330775204808248,-0.360558580417414,0.12122444251457,0.32009832921799,0.161114593432831,-4.34882408188187
0.351689835029462,-0.286097268264524,5.06224727518158,0.330399776769671,-0.360495473348823,0.0452859429583803,0.320274139063323,0.162965448618196,-4.35243778689097
0.351390662944495,-0.287145693022719,5.04310367513259,0.330094013368878,-0.360630150679886,-0.0567141298735547,0.32043722850871,0.164842355977179,-4.37664827197835
0.351141114717304,-0.288149586917577,5.08655315534878,0.330037863718996,-0.36102502091043,-0.0828243318456451,0.320604331216007,0.166712444255355,-4.29613781659744
0.350842448437696,-0.289089698008629,5.12434210259246,0.329659868458182,-0.361676279503867,-0.1714202412903,0.320867418386848,0.168553399730496,-4.38488560206338
0.350551610013183,-0.28994295950972,5.32581841328409,0.329286956155148,-0.362520688725933,-0.0860361924014327,0.321034972661062,0.170361246461428,-4.46326200779509
0.350249253951371,-0.290685867844582,5.27761280415698,0.328938720821719,-0.363468778158678,-0.214603944151046,0.321194375201775,0.172149124436606,-4.36557847895154
0.349976284818917,-0.291296443638773,5.16142605998489,0.328566333531036,-0.364427253421513,-0.281989237272844,0.321377823402202,0.173937446996323,-4.41237795422645
0.349660085189882,-0.291757244965772,5.04967600328659,0.32818290480186,-0.365305720115507,-0.290984752929554,0.321538895400743,0.175746925367296,-4.35040097870345
0.34921081390825,-0.292068574142318,4.93618798806103,0.327766480574135,-0.366025598651842,-0.297686099603711,0.321728478167874,0.17759818176969,-4.38885170962165
0.348907331901606,-0.292264407634546,4.91734838615399,0.327244521192588,-0.366536773381542,-0.338852947476791,0.321932492011466,0.179514721094531,-4.35913290014649
0.348657288821394,-0.292409081869398,4.86489230983125,0.326891872351429,-0.366829354988116,-0.31420022418881,0.322104083012133,0.181525180006365,-4.34007752039026
0.3483619118153,-0.29257148585149,4.89810147763248,0.326521897165729,-0.366926309182227,-0.34031375867612,0.322273073159281,0.18366314822911,-4.28557252609876
0.348347623179494,-0.292795794571906,4.80986012772486,0.326144905308972,-0.366865005738893,-0.394062696372176,0.322567278195305,0.185967521485616,-4.24233310822544
0.347770982003425,-0.293091631728429,4.59643723182856,0.325795994195925,-0.366685862625815,-0.441531415738033,0.322568251406248,0.18847375238582,-4.20186478219227
0.347742515209588,-0.293443612237705,4.55453186395281,0.325397403547321,-0.366430843240917,-0.597835331188898,0.322569849192422,0.191186133720412,-4.16390351803333
0.347454240314873,-0.293815530384406,4.55793001357359,0.325033549089685,-0.366144824328131,-0.586447372018758,0.322923281575277,0.194059670670243,-4.14210028136403
0.347019119510729,-0.294155248132679,4.66903939520342,0.324698159344369,-0.365868894638989,-0.575128920267048,0.322955357646808,0.197016128110929,-4.13518252856531
0.346699714909357,-0.294419340072167,4.57795917811435,0.32459329376047,-0.365624279441501,-0.530429632867817,0.323333233076235,0.199972296695429,-4.09604736775658
0.346393875765897,-0.294591808302128,4.50666591113536,0.323770668892508,-0.365414382210892,-0.466436497332229,0.323531725873978,0.202859437657498,-4.09149467500428
0.346096539292362,-0.294676775143389,4.54538396719671,0.323725001623681,-0.365246401972093,-0.52799201106343,0.323729888813364,0.205629749855838,-4.13094969442699
0.345830664045477,-0.294683362975172,4.64182142037825,0.323370641062381,-0.365127233264737,-0.5767136049975,0.323951122660689,0.208251144315179,-4.09319997904735
0.345537735972194,-0.294616977412077,4.63891376887707,0.323007025633639,-0.365038916633604,-0.605282480382465,0.324265692905046,0.210706241658232,-4.07797201419873
0.345248456022449,-0.29447690324088,4.53011881672469,0.322650410518678,-0.364938457360071,-0.661487783917251,0.324473154476198,0.212999218671794,-4.07801994292354
0.344965805602211,-0.294257425411967,4.45731889136098,0.322284797487711,-0.364773897400475,-0.715820585338623,0.324673654680542,0.215153791251637,-4.03620012465373
0.344661941253445,-0.293949913325968,4.46369116269012,0.321918869262253,-0.364491598148083,-0.747804041506597,0.324905135254186,0.217202022300701,-4.0011999895827
0.344361087288096,-0.293545805411949,4.48985588911692,0.321553836786298,-0.36403830994339,-0.849466476403345,0.325122941943274,0.21917766182949,-3.95150656064148
0.344051404924616,-0.293043218136429,4.57985022108832,0.321149944984348,-0.363365037122051,-0.827922876873306,0.325333395912346,0.221114829254053,-3.94066594876137
0.343596536250098,-0.292461470786595,4.50110177796742,0.320780923791449,-0.36243405814183,-0.86281945644738,0.325546852197254,0.223046601931658,-3.93021837555296
0.343280965103814,-0.291856432975632,4.42971276223516,0.320277070327081,-0.361230280202885,-0.813401786759652,0.325797805426408,0.225005296666527,-3.9242985583861
0.343030882516875,-0.291311978964649,4.35002120939261,0.319913303323992,-0.359771247146495,-0.880230017066755,0.326019361273014,0.227025600854972,-3.90855054231747
0.343016607671781,-0.29090277980561,4.22147500771911,0.319550415747863,-0.358104259104639,-0.836269629856172,0.326258917699079,0.229142200374508,-4.00539142314214
0.342467957728121,-0.290667853693273,4.22509373352973,0.319183495999733,-0.356292770408118,-0.959305506341278,0.326259385483003,0.231373752529204,-3.99513237707035
0.342422037769409,-0.29061539516933,4.07107858525519,0.318821414737847,-0.35440667658501,-1.00527301556608,0.326608448866068,0.233708251942079,-3.95346496833915
0.342142111854926,-0.290727747576597,3.9869009420443,0.318459761611722,-0.352519569688943,-1.0174478765667,0.32684001929915,0.236112662081818,-3.99183771137932
0.341852298746507,-0.290957603047254,3.91251092613483,0.318143357470791,-0.350700767685475,-1.08463240653884,0.327076714282062,0.238553759965497,-3.99486416273507
0.341560815043609,-0.291237358624696,3.86610961264235,0.31804203059726,-0.348996365422753,-1.139025667419,0.327315068271864,0.241004423664149,-3.94736017918638
0.341246742925004,-0.291495854808089,3.83415507919714,0.31743552793657,-0.347418738951537,-1.15843800179139,0.327569115948805,0.243439574252067,-3.90052668932219
0.340949591645869,-0.291669606635727,3.85227396573143,0.317349294594489,-0.345956150343832,-1.13605913579661,0.327781852895907,0.245833052121688,-3.88682382522838
0.340500548093901,-0.291715048540166,3.85445052292983,0.316889644713178,-0.344582955632231,-1.15267520583518,0.328034660651216,0.248155420682059,-3.87288180469464
0.3402402685999,-0.291619162998313,3.76594543016104,0.316544011508664,-0.343265478533196,-1.16344666028893,0.328292872388078,0.250376361894403,-3.89030447177675
0.339941532798309,-0.291394576922716,3.73830975600259,0.316211568996297,-0.341971557552834,-1.22344934514563,0.328657341986477,0.252476483486684,-3.80846397112016
0.339658737305044,-0.291063916738813,3.73305190777567,0.315857765681466,-0.340674348473356,-1.27745248418914,0.328916006787577,0.254460118059024,-3.83126197561663
0.339354181351876,-0.290650865407099,3.60247342140348,0.315529946107867,-0.339349003660628,-1.24894858976256,0.329166045344187,0.256355038156544,-3.85155381625746
0.339064705808136,-0.290180362031072,3.59156372554654,0.315172193662298,-0.337971941543947,-1.24504270621805,0.329440012961115,0.258201623909505,-3.80511948834131
0.338761343314617,-0.289680766448956,3.57881771189559,0.314817898281638,-0.336523289789902,-1.21328590686782,0.329701153120208,0.260045229666623,-3.76184207242482
0.33845294348946,-0.289188266279274,3.57918867573797,0.314494841341497,-0.33498836096615,-1.34275502853141,0.32995950419681,0.261934022716507,-3.78708995243334
0.338035508970612,-0.288752768117831,3.55421080106454,0.314139246003205,-0.333359877851271,-1.36689991856935,0.330216863850256,0.263917255611484,-3.78879131976824
0.338007133316008,-0.288428550450946,3.58860924760238,0.313653648707927,-0.331648822052787,-1.36601779642241,0.330494024637088,0.266039177897766,-3.74139661469134
0.337730788117502,-0.288245762407292,3.6114840657938,0.313327374946358,-0.329897711277356,-1.34690958959667,0.330494024637088,0.268319676693286,-3.72768942321755
0.337432036480481,-0.288196057365477,3.54711051428597,0.3130299938735,-0.328171705536602,-1.32435132327556,0.330773417220776,0.270730208533909,-3.73780723525258
0.337143485752924,-0.288248384730973,3.4028771946712,0.312944117969328,-0.326525739118438,-1.31489234214983,0.331050671962923,0.273197499012485,-3.68700008182482
0.336854145782185,-0.288367633741384,3.35773025876118,0.312369593591167,-0.324983321982358,-1.37177438442213,0.331483675065767,0.275640945016072,-3.73613293649533
0.336571732007491,-0.288519541566364,3.43464996919022,0.31232721061125,-0.323539493795012,-1.46186685826961,0.331757235242673,0.278007080714595,-3.6719038256402
0.336263587219392,-0.288671247874895,3.44606576575974,0.311990059690409,-0.322161242062606,-1.57226362616485,0.332046570734265,0.280273437767511,-3.70832146251343
0.33596195101958,-0.28879399297412,3.44016592751839,0.311633039050294,-0.320786759948273,-1.54188094483373,0.332303849667279,0.282431554020767,-3.61158316899387
0.335664568864073,-0.288865320265632,3.41628965435573,0.31131879230605,-0.319341215901777,-1.54142770371845,0.332571038225646,0.28447165459954,-3.62523260499618
0.335385084605574,-0.288870310150002,3.32914134341969,0.310987974070925,-0.317755303700656,-1.5710808756326,0.332866729704201,0.286378044607327,-3.63575627250402
0.334962318119103,-0.288808555186694,3.33172078712182,0.310530787201136,-0.315978089354362,-1.59356829113242,0.333150654643844,0.288132007295656,-3.60259163018676
0.334661953890899,-0.288705658646271,3.30585118849765,0.310215158756985,-0.313988131711836,-1.71462819856865,0.33346991575567,0.289716826713223,-3.58579147329899
0.334376039369681,-0.288613992431971,3.40001494563122,0.309898956736332,-0.311792471838062,-1.70580873915179,0.333750189798871,0.29112361551112,-3.56983007677579
0.334094986504477,-0.288599767889841,3.47771175586563,0.309583708673436,-0.309413051974194,-1.77352025349723,0.334196957082793,0.292362261136304,-3.52123209076862
0.333796107008421,-0.288726661635317,3.51977656799877,0.309273838989834,-0.306876607720518,-1.78116839620104,0.33449932332886,0.293474299268847,-3.53579246988254
0.333780021455896,-0.289038042822203,3.47682731665381,0.308948707736561,-0.304213329638112,-1.76574623763491,0.334800020948032,0.294532476881355,-3.50589172975555
0.333210941602287,-0.289548106601045,3.44757556309669,0.308643358376419,-0.301458436655878,-1.81518526702585,0.335065261191885,0.295618878222269,-3.48894475716408
0.333175884212403,-0.290243234380003,3.59022078585411,0.308332392483684,-0.298652306795424,-1.79393109546946,0.335071403879999,0.296792478944272,-3.49526878505861
0.333175884212403,-0.291068596072053,3.61457747607061,0.308054306522744,-0.29583808336015,-1.87713769113618,0.335643491103589,0.298072764284366,-3.50697086366881
0.332476529167406,-0.291925428924149,3.62003099260235,0.307753403071812,-0.293060502569781,-1.84382485041314,0.335665829407734,0.299447496582185,-3.4517974942473
0.332185823495013,-0.292718007239702,3.64888886179043,0.307360529599849,-0.290367924585492,-1.87877605022863,0.33599020654977,0.300878022899308,-3.3606182338543
0.331904240603976,-0.29339470859668,3.65069275653185,0.307318639171775,-0.287804049184885,-1.72942356645568,0.336290852244472,0.302300853702921,-3.37237014895385
0.331608012064253,-0.293935255923163,3.62722372170004,0.307030918397632,-0.285385164849781,-1.53464061256729,0.336742304866544,0.303650381393486,-3.35698190570133
0.331309576310233,-0.294325736765895,3.65371042031686,0.30673495597161,-0.283091067734733,-1.58576014397105,0.337068587753955,0.304888153506558,-3.38457853235539
0.331014495955269,-0.29455223643111,3.54436215206089,0.30646654432891,-0.280881122103285,-1.63322310056806,0.337360090575863,0.30600758913153,-3.33897097370837
0.330731750473118,-0.294601089667887,3.61146560560146,0.30617860752437,-0.278710788035867,-1.64891344386755,0.337674189393024,0.307018234867071,-3.40121271852071
0.330414560561582,-0.294461856474073,3.6402454388713,0.305885801471556,-0.276537143880626,-1.76898760067479,0.337963227220317,0.307931874780325,-3.4419220517221
0.329976205714866,-0.294140209432735,3.72284965291857,0.305607654786454,-0.274321022528243,-1.81843659735313,0.338286302076117,0.308758503131776,-3.42657886810002
0.329676953676147,-0.293673470943007,3.5937440180318,0.305329410804372,-0.272027648315822,-1.82895506407765,0.338585488360183,0.309506891026396,-3.48969388455135
0.329367618694583,-0.293130686831839,3.57406360379914,0.305060806918524,-0.269625509978853,-1.7910392376804,0.338895094634091,0.310185674989095,-3.46992650454265
0.329095064942464,-0.292597399445699,3.507348147433,0.304772481576174,-0.267087949331721,-1.77384288564839,0.339237168145981,0.310805629210535,-3.42056277819182
0.328796325935156,-0.292162127514655,3.5708203423123,0.304409977915657,-0.264401466337048,-1.75841030708559,0.33954901199511,0.311382837047109,-3.43422181604939
0.328508022568501,-0.291906544071272,3.4987641790783,0.304149336,-0.261574724175899,-1.81518911760726,0.339855769978226,0.311942074267929,-3.38393280510315
0.328500593471175,-0.291883656760383,3.46848759870028,0.303882239419125,-0.258637195274775,-1.84030228199801,0.340333843763347,0.312520291353531,-3.38478933967761
0.328222606833435,-0.292090567844119,3.41461263687871,0.303615964170273,-0.255630197938182,-1.90072360551719,0.340336146274138,0.313162273715815,-3.29717327532048
0.327905878336991,-0.292469672334277,3.39040884664794,0.303339393069993,-0.252601745569143,-1.97548826758755,0.340965929305404,0.313908905994897,-3.37804648223022
0.327592015803074,-0.292939951851793,3.38111318676031,0.303097367924061,-0.249605034021736,-1.98764410216548,0.340965929305404,0.314788223799497,-3.28918258674078
0.327304878219392,-0.293424137392128,3.34925362455425,0.302882083848388,-0.246690332569917,-2.07130458505909,0.341300959689519,0.315803319991452,-3.33251250511741
0.326887885469209,-0.293861836894114,3.33159681074001,0.302811746267877,-0.243888796057744,-2.10224658045633,0.341585266832344,0.316922091098683,-3.33283159539122
0.326590338269935,-0.294217994055264,3.20192322310382,0.302393470346876,-0.241204515739649,-2.1238609003972,0.341902726007329,0.318086023432871,-3.39478506248176
0.326295769147565,-0.294481250643024,3.22464430227015,0.302342759523711,-0.2386221199433,-2.15243228482067,0.34222280151426,0.319227070330958,-3.26983931796424
0.326025846703104,-0.294650668411427,3.18676280119158,0.302009231141878,-0.236115403926236,-2.19726406789876,0.342574858852762,0.320277776917353,-3.21950214808963
0.325712012248035,-0.294725473793156,3.16143638705552,0.301778294794885,-0.233653423332227,-2.16783595089795,0.342891897292604,0.321179109664538,-3.30869548324281
0.325400345199317,-0.294705650967309,3.13942532811661,0.301547055819296,-0.231208245235041,-2.11521672736997,0.343366621872257,0.321892536419617,-3.29092712890612
0.325099831307035,-0.294596404328351,3.12229285124202,0.301306325413113,-0.228757761619723,-2.16611426117742,0.343699494966644,0.322412308053046,-3.27990948986783
0.324799752222705,-0.294409326218921,3.05413432045884,0.3010692367791,-0.226284293653115,-2.17655010744051,0.344020928984294,0.322764150608711,-3.2206829298204
0.324498880865409,-0.294160871911515,3.10976527307017,0.30083309980649,-0.223774811536019,-2.17139728138722,0.344338880450523,0.322989756760699,-3.28416837228007
0.324201979914817,-0.293871140756405,3.07405068774106,0.300616859073766,-0.221220902258493,-2.19340067246982,0.344662280878504,0.323133229732279,-3.27762857888958
0.323900133633237,-0.293566707072903,3.05676761669493,0.300384003042094,-0.218617378471548,-2.24039159340452,0.344964435274839,0.323236326225858,-3.2651670272788
0.323437952472406,-0.293287792702512,3.01809173901683,0.300169988344773,-0.215961880959182,-2.20304174165283,0.345312128832214,0.323338872816249,-3.33703101149267
0.323425643296151,-0.293081609251291,2.97990770440924,0.299923089779788,-0.21325801686393,-2.16251662434731,0.34564591605676,0.323485049722879,-3.29611318363694
0.323153901616572,-0.292972859355234,2.87187718976254,0.299637663738148,-0.21052334617531,-2.24350453882723,0.346114067593724,0.323731433797226,-3.28976379833418
0.322850725619449,-0.292946015390906,2.79396742055456,0.29941704182618,-0.20779669809528,-2.24536273092351,0.346118141348684,0.324136121617624,-3.19511401195694
0.322537007063191,-0.292961636558749,2.75016741992027,0.299213742287412,-0.205135617598299,-2.29520469171107,0.34647011511569,0.324721579409456,-3.25221284236849
0.322248719621576,-0.292978584824317,2.65154819556428,0.299026648218575,-0.202601450925209,-2.31855865765397,0.346475796628636,0.32544381901652,-3.12842755402377
0.321943649406377,-0.292960347260267,2.61606304162404,0.299026648218575,-0.200232337469393,-2.37964285133563,0.347123172126903,0.326205998507436,-3.18338552479192
0.321660769293771,-0.292873355648641,2.55772400080612,0.298962584667536,-0.198014954271928,-2.27355509581986,0.347459091618392,0.326908974319651,-3.08144912687766
0.32135224786962,-0.292685638310273,2.49994914101794,0.298587945788089,-0.195886941011727,-2.28263607837333,0.347779832503745,0.32748671998024,-3.0994380060694
0.321072651139065,-0.292366435395581,2.44205405990444,0.298387132212532,-0.193775082690074,-2.25761281220194,0.348126924182022,0.327899647412666,-3.10704883745051
0.320764776983805,-0.291888926257888,2.39185523468441,0.298193293445261,-0.191624999747523,-2.30953440976724,0.348419690976343,0.32811474514064,-3.08339377973866
0.32033560222353,-0.291241675711388,2.33825546758757,0.297986747064528,-0.189400979953672,-2.22948052314981,0.348770352157485,0.328098148004281,-3.09628284811635
0.320026393772957,-0.290443311141979,2.29738465861246,0.297729891398281,-0.187080989516872,-2.24343335954191,0.349123956235832,0.327820782809356,-3.12038967736885
0.319744458045181,-0.289542994130161,2.34362752047914,0.297552817292273,-0.184658623857934,-2.26388206565115,0.349611239551989,0.327275040223595,-3.12142789672986
0.319447791100453,-0.288606083733978,2.33276807266901,0.297368127141454,-0.182140490483981,-2.30206588560796,0.349935181823814,0.32649021947642,-3.05333971719325
0.319159342930701,-0.287702591166626,2.23254070317158,0.297194137694511,-0.179538342321377,-2.30713027392057,0.350270637072703,0.325529567392656,-3.13853103292514
0.318855507883043,-0.286899998208267,2.12392882265825,0.296996764033769,-0.17686507679979,-2.30895896548305,0.350601178545137,0.3244737580082,-3.10135770792626
0.318840658114234,-0.28624784241896,2.08848540732642,0.29682583702794,-0.174135630459351,-2.27491068503438,0.350917876259093,0.323408598192766,-3.17726949604604
0.318330392559838,-0.285763710883802,1.97526036853041,0.296644234623864,-0.171367889659235,-2.21634902781909,0.351250437824246,0.322421337431656,-3.12965449522517
0.318289933244251,-0.285433913300556,1.93708753180555,0.296477325158421,-0.168582269700501,-2.27035171738585,0.351572237684686,0.321594337908854,-3.13761757336251
0.318018961146502,-0.285216605936547,1.88391422832192,0.29629445635356,-0.165802742003767,-2.27019415216426,0.351578016390982,0.320980027118433,-3.09045434296693
0.317579959919398,-0.28505175254688,1.82235605714323,0.296077051316902,-0.16306140347406,-2.26001453021208,0.351850949924497,0.320567502419188,-3.10598659194268
0.317268197080546,-0.284889270844863,1.87560228944659,0.295922464843009,-0.160402193837115,-2.2334114024468,0.352223843196673,0.320284610797728,-3.03593641283848
0.316992609482917,-0.28470678419864,1.80590354366772,0.2957905886042,-0.157874138797531,-2.28282880193544,0.35271213695341,0.320045776624972,-2.98586792566439
0.316707443864581,-0.284499756470776,1.78256608184921,0.295766713710773,-0.155512053260568,-2.36642734958159,0.353022183997201,0.31979608532977,-2.99504868577597
0.31642654517719,-0.284267402135414,1.65474631102009,0.295626487673252,-0.153317002568678,-2.30876375108928,0.353337887705911,0.319514804038491,-3.01455366721965
0.316130632324268,-0.284009256158212,1.5168743623015,0.29558029379869,-0.151251620610583,-2.34281249565012,0.353661835904399,0.319195737527349,-2.94258198912151
0.315840245410245,-0.283726241107281,1.52023751156166,0.295290716571987,-0.149255580388164,-2.32686729094771,0.353961081271156,0.3188333642987,-2.87350587197372
0.315593227435779,-0.283419124705656,1.41790673669515,0.29514284631994,-0.147271278411674,-2.27250622304139,0.354288798704856,0.318418975533581,-2.8800253485285
0.315301148229943,-0.283085255010243,1.49597250163876,0.29498176855562,-0.145259733827438,-2.32731716533673,0.354577117387232,0.317939539538022,-2.95918751249603
0.314995478362486,-0.282722494017367,1.39970174666314,0.294785613260969,-0.143201165509518,-2.35165568523852,0.354906923618284,0.317377734176749,-2.94521589335913
0.314566869948844,-0.282345193165548,1.35585506399736,0.294636771613325,-0.141091639562236,-2.37363571909012,0.355242050527518,0.31671851406132,-3.03600454232406
0.314294974820837,-0.281999516163641,1.26336694880961,0.294508521239303,-0.138938646051425,-2.34355463733686,0.355738774581251,0.315967085101882,-3.04272185891063
0.313999301190614,-0.281756242180293,1.21239430918564,0.294375817900212,-0.136753359095235,-2.38901842357104,0.356046795393899,0.315166862692501,-2.96852608898659
0.313984311246583,-0.281675596702174,1.13904100228024,0.294245812543895,-0.134545018585621,-2.35447969116216,0.356376311775249,0.314398009624801,-2.95540623204765
0.313708229245816,-0.281770735260447,1.08276355536431,0.294101056406396,-0.132321017600956,-2.39911574771785,0.356701746778934,0.313760762129962,-2.88534960619585
0.313418440175139,-0.282004307007061,1.04118782055961,0.29396255827338,-0.13008991770094,-2.34087638761106,0.357012776361819,0.3133568650492,-2.85873828221721
0.313144969529517,-0.282313307009156,0.989903855297088,0.293828324855755,-0.127863470959302,-2.3343250440377,0.357012776361819,0.313254997027923,-2.93162931355271
0.312860194560825,-0.282628888615924,0.959061895477829,0.293714275741578,-0.12565403084582,-2.37597468147761,0.357012776361819,0.31343987841142,-2.96485306227611
0.312591266252082,-0.282880784785244,0.810600171151455,0.293671318658023,-0.123468393253081,-2.31941334302845,0.357601070073904,0.313802892275026,-2.92556789095707
0.31228330896927,-0.28300075783204,0.637568300935588,0.29340400441355,-0.121307819283492,-2.27744140116281,0.357941844450415,0.314200403595293,-2.84151530522059
0.311868369165868,-0.282935774455713,0.577317546976136,0.293387536453292,-0.11917469701605,-2.32747143484632,0.358251344749865,0.314513376455143,-2.86448299044786
0.311566549931603,-0.28266343900096,0.584752968535945,0.293266926611126,-0.117071556574173,-2.35863494257113,0.358737824223042,0.314663580996985,-2.80503107000478
0.311283745967153,-0.28219237498711,0.538219639719291,0.29314693780052,-0.114994382309878,-2.34081466261958,0.359041601084031,0.314611794418941,-2.73540133834488
0.31100633102971,-0.28154794479599,0.562809604628639,0.293024366776746,-0.112933928946766,-2.37230160295924,0.359366119570625,0.314350811010593,-2.74697578389777
0.310707601848526,-0.280760519918026,0.479999305002473,0.292918791745466,-0.110880970402273,-2.41445481334932,0.359687827444546,0.31389060602613,-2.72738103468428
0.310438952350701,-0.27986196458121,0.374769356023996,0.292810694022245,-0.108827044799963,-2.36005467609762,0.360014356938359,0.313247619245347,-2.72070863257937
0.310174413354117,-0.278883068093413,0.279336675713869,0.292699351327149,-0.106763437084237,-2.36813403817355,0.360307133538841,0.31244080854587,-2.56901544110942
0.309914253695672,-0.277849814778808,0.169917327708385,0.292590659605399,-0.104681802684605,-2.40134617397044,0.360607357638065,0.31148742771408,-2.5775658666502
0.309614197045341,-0.276783558116442,0.144933394869766,0.292477343676128,-0.102576206170656,-2.44493159123342,0.360912582132124,0.310399312472393,-2.57169875984098
0.309321473415592,-0.275708639725583,0.154087934954496,0.292348594649278,-0.100445971342894,-2.50210065143744,0.361215399877387,0.309186210001064,-2.55879107148316
0.308932153355107,-0.274660702320965,0.176163065704478,0.292253615397401,-0.0982974707585142,-2.48086380622835,0.361712973357888,0.307872313790696,-2.5880189271289
0.308925802079911,-0.273681837062605,0.157604058336833,0.292154447559337,-0.0961428960403763,-2.45857847957074,0.362034689545693,0.306511493905739,-2.58594470554411
0.308379155365847,-0.272808282590148,0.0624121475197623,0.292045498585054,-0.093998019244571,-2.47212929380618,0.362035315131913,0.3051727891486,-2.44369064018584
0.308347637036076,-0.27206536807392,-0.0472007630884705,0.291956695960923,-0.0918814640305323,-2.39767913861301,0.362661927523999,0.303912651008498,-2.42745261269958
0.308083768625753,-0.271460371797319,-0.0391993249174516,0.291860132926199,-0.0898141191552863,-2.45590793204274,0.362667273950319,0.302767162735574,-2.41102873996702
0.30781492338453,-0.270973394765373,-0.0272853077650193,0.291784807156762,-0.0878158580236267,-2.45108730554877,0.3629669430417,0.301747828133668,-2.40263518255411
0.307561127727469,-0.270563183932075,-0.0269892181531444,0.29177094412073,-0.0858981178618549,-2.40716961739282,0.36326981209978,0.300833757440312,-2.43838427316782
0.307286104598158,-0.270180027297192,-0.00448763330432911,0.291676752879601,-0.0840571246664472,-2.42738003994337,0.363573428320915,0.299981519147284,-2.37253785582398
0.30700710067222,-0.269772711960839,0.0240531288791808,0.291592821324492,-0.0822758733652595,-2.43546200864223,0.36385907429839,0.299141042417871,-2.41887866756637
0.306718193950738,-0.269295122532724,-0.0447744598924247,0.291506017098917,-0.0805329746470223,-2.35865153106122,0.364143843303418,0.298262464574717,-2.3401213545242
0.306329700465589,-0.268718272564102,-0.180547761131085,0.291403685415159,-0.078809852952761,-2.35043701878763,0.364623810613497,0.297308597367733,-2.27193254465969
0.306055605641007,-0.268041249989569,-0.231420197271275,0.291327390845039,-0.0770937304508851,-2.43840048497161,0.364931529676513,0.296274032462816,-2.25596780414341
0.305790675989736,-0.26728919559255,-0.178811049390952,0.291234449117267,-0.075377948114249,-2.4732540110039,0.365213691533529,0.295187559446817,-2.24604946191571
0.305509158081574,-0.266500880341218,-0.209352138516365,0.291162356021308,-0.0736608551086988,-2.45705452451088,0.365511940742457,0.29409513247419,-2.1766488654332
0.305251668975802,-0.265719481314652,-0.190830247240632,0.291085551783985,-0.0719443179143964,-2.43704378647926,0.365812053363597,0.29304601499475,-2.21720330595087
0.304980181251091,-0.264989732778304,-0.221830303746779,0.291008285351098,-0.0702326809136621,-2.40582494843328,0.366107246049018,0.292090502532094,-2.04075440491872
0.304717113965488,-0.264357272487654,-0.293396902100411,0.290938258120223,-0.0685323661456553,-2.44297104985151,0.366394677936495,0.291279791724589,-1.99445068240559
0.304443786723731,-0.263864152710448,-0.357540074093048,0.290871897788464,-0.066851438001204,-2.41560827813167,0.366657005220006,0.29066280344908,-2.00975205753125
0.30443062949706,-0.263530353586983,-0.395214688411594,0.290799503228264,-0.0651992714128769,-2.46654512393909,0.366950882118957,0.290277420417583,-1.96469875595248
0.304164305625943,-0.263331674973182,-0.358435305150627,0.290726820101342,-0.0635870267428838,-2.42307825791947,0.366956433645216,0.290129349147233,-1.94412016933182
0.303804628435488,-0.263207107262865,-0.480008112851529,0.290672401809444,-0.0620269386754912,-2.42873016013856,0.367261766184693,0.290172012047524,-1.93590543242987
0.303511371531145,-0.263093727343952,-0.495445896096755,0.290654076305787,-0.0605286439895739,-2.4049779944042,0.367708714711458,0.290322119826783,-1.93659285724267
0.303248736861295,-0.262948512081734,-0.492022221466965,0.290544867554438,-0.059096614572465,-2.40026551732396,0.368006731186778,0.290502996226106,-1.91258701391083
0.302975782148423,-0.26274415124115,-0.520422830010577,0.290537568368577,-0.0577309752048295,-2.3858818461914,0.368304182243248,0.290666210622324,-1.94963722230396
0.302726535796996,-0.262458873296061,-0.599676057323248,0.290482830903862,-0.0564272130735399,-2.32014995271642,0.368598383542003,0.290781743696572,-1.95334881014431
0.302452469295565,-0.262071814454053,-0.643405146300901,0.290417259696441,-0.0551754096414078,-2.31905658051529,0.368888270482829,0.290825177607477,-1.96832352933985
0.302197401941426,-0.261561966120355,-0.708200024820304,0.290363285140802,-0.0539630336991147,-2.29802407885293,0.369177857195968,0.290772681577632,-1.95293353924464
0.301943768958569,-0.260907312602177,-0.65654176907076,0.290311652763944,-0.0527779655432848,-2.3218476427243,0.369438236906721,0.290597628860414,-1.93923250466184
0.301690628186847,-0.26008584188084,-0.685541861109163,0.290258561932231,-0.0516086930849727,-2.24389067960063,0.369732253698376,0.290267956136648,-1.90062797832263
0.301295056699919,-0.259085519720803,-0.757999011324046,0.290203748345869,-0.050444166734388,-2.21122978238676,0.370038211304083,0.289750966321169,-1.8823121569992
0.301023521447558,-0.257919291637144,-0.740307644596765,0.290147233399968,-0.0492748915120776,-2.22874596642769,0.370490248028459,0.28903053736574,-1.81002221818933
0.300769405897778,-0.256627488505034,-0.797315547567202,0.290088388630226,-0.0480944379700563,-2.31085630779319,0.3707885137877,0.288125153499428,-1.74148367808335
0.300514633526563,-0.255265341677589,-0.855921739938685,0.290039032611953,-0.0469002320540253,-2.26595581195967,0.371059671903438,0.287086595209688,-1.63722899275629
0.300247791627871,-0.253892556914023,-0.881620885486536,0.28998895894209,-0.0456931241716369,-2.33805017164129,0.371358892774055,0.285982646297746,-1.58957547742497
0.299979911165176,-0.252572037487776,-0.908008258602495,0.289941395130801,-0.0444765223769729,-2.32737200376949,0.371654578202957,0.284884922074434,-1.48493531036256
0.299742553465806,-0.251365780879304,-0.925166127940522,0.289890311905716,-0.0432561675286746,-2.3262983340234,0.371914467335834,0.283865533775784,-1.30339257669068
0.299726366331594,-0.250314226403095,-0.947490802748351,0.289844084278918,-0.0420404120458079,-2.37727269980669,0.372189300524673,0.282988720545455,-0.992373257213163
0.299488417054334,-0.249410645723829,-0.986193817244492,0.289802080832735,-0.0408400257663679,-2.25153393348761,0.37219930410131,0.282287423227933,-0.864092767312515
0.299232651766936,-0.248602665566047,-0.977946014237066,0.289762801830201,-0.0396671521887839,-2.33817100650956,0.372478729047856,0.281738418298539,-0.938049212159613
0.298874681517282,-0.247824886255265,-1.03667972968984,0.289727335816643,-0.0385334886210619,-2.37877360189534,0.372768553785771,0.281268820031291,-0.890459861229692
0.2986164026048,-0.247029647502947,-1.01644080867132,0.289715651805538,-0.037446924208555,-2.33214728679162,0.373237700352896,0.280798405380227,-0.884772957926087
0.298370515812948,-0.246193058079002,-1.09851690429509,0.289706320375031,-0.0364073043520756,-2.33267302053059,0.373509005337178,0.280278037407306,-0.804470767397196
0.298109955377476,-0.245305073103473,-1.03643565837205,0.289648392972008,-0.0354058357364396,-2.3586249608415,0.37377683035608,0.279692499694412,-0.793552166738286
0.297873896681675,-0.244360689673928,-1.0623460387363,0.289616100203934,-0.0344299254083405,-2.27293809087609,0.374057758445994,0.279040892460737,-0.784522372401004
0.297627819914718,-0.243356217225339,-1.13695649277896,0.28957647960847,-0.0334681737402598,-2.32044864815104,0.37434047954586,0.278322970087594,-0.815367960317017
0.297394832303829,-0.242287311296557,-1.18482962092418,0.289539518512617,-0.0325117615512376,-2.26114546662027,0.374596877572411,0.277535509341511,-0.731215039571831
0.297145322667073,-0.241148492863397,-1.12764887080263,0.289505916326193,-0.0315540413594316,-2.33963444971745,0.374840981940236,0.276669353279491,-0.840378429729371
0.296897148340125,-0.239936798868306,-1.11532781146864,0.289474851928025,-0.0305899253900809,-2.35973760999724,0.375152685616692,0.275708769085396,-0.777332637503447
0.296546195536773,-0.238662135227603,-1.17947371534816,0.289444535335046,-0.0296150774751711,-2.27587055862118,0.375431668984108,0.274639634319067,-0.863640857388893
0.296302334150744,-0.237358678321801,-1.16426017001276,0.289418399955413,-0.0286252414185516,-2.31100476378023,0.375849822142125,0.273465797864938,-0.738920603449752
0.296051193782217,-0.236080973893407,-1.263072575382,0.289384983744065,-0.0276163465021369,-2.33852905576166,0.376133103166314,0.272223546711497,-0.704363013594101
0.296046781721432,-0.234879874962618,-1.29241999389427,0.289348396566623,-0.0265857997441712,-2.32176123043934,0.376420588415,0.270981355982682,-0.651128238299715
0.295618419679803,-0.233782175522871,-1.30221360741821,0.289316754587638,-0.0255341880358152,-2.40691285570827,0.376690064502729,0.269821548256983,-0.544211240523558
0.295584458608753,-0.232789665089545,-1.30224126716075,0.289286839905362,-0.0244659009542269,-2.42133923528517,0.376698331558131,0.268808269869777,-0.512150929453276
0.295367308282957,-0.231879954998934,-1.3205465088196,0.289263268551981,-0.0233882634942934,-2.42171060958181,0.376977969889174,0.267958252568699,-0.521132956179986
0.295127252347118,-0.231005837804982,-1.36288275424766,0.289243185625302,-0.0223096059318621,-2.41077435454798,0.377246424011625,0.267240556553248,-0.481813466010675
0.294828143817178,-0.230110359750389,-1.37222150546953,0.2892380904724,-0.0212368352761056,-2.43272274430645,0.377509465089699,0.266601396383677,-0.35910128850851
0.294581289760524,-0.229148086784577,-1.45196357420427,0.289207115024003,-0.0201738550170725,-2.36024732808674,0.377788300618832,0.265983816665262,-0.341743220123728
0.294334519179779,-0.228092393569073,-1.49577429740978,0.289204124432467,-0.0191214850586449,-2.40604975434742,0.378060408391705,0.265333862693205,-0.13754245815543
0.294102416588726,-0.226930685448512,-1.57391678193224,0.289184789626038,-0.0180777027862828,-2.43745944238213,0.378347218491589,0.264602870013156,-0.140538816750522
0.293872073335775,-0.225657977761379,-1.55712428948821,0.289169137727074,-0.0170380183836832,-2.45791729632074,0.378606834539009,0.263751480756209,0.0404533537652862
0.293651910400724,-0.224272626161817,-1.62312518079621,0.289147220511937,-0.0159968728981701,-2.41845382362412,0.379036921079578,0.262760030688361,0.0503383870274146
0.293423744927259,-0.22277412249847,-1.64580501401017,0.289129786937132,-0.0149495040014587,-2.41948166379934,0.379274899974909,0.261639877394411,-0.00482287889263766
0.293198431860369,-0.221162717348829,-1.68963890826706,0.289105587200298,-0.0138933192542503,-2.3815351386549,0.379536878314187,0.260429240247257,0.0645863911777904
0.292977631963326,-0.219441464280197,-1.73659624882173,0.289092765598524,-0.0128284612315164,-2.38452487090333,0.379768080659582,0.259175499893631,0.109128351281446
0.292674481912862,-0.217623162798564,-1.74301176714336,0.289077617999819,-0.0117573840240878,-2.38172405383202,0.38005107792966,0.257924072187297,0.217396135074353
0.292428820813982,-0.215740000637935,-1.79970782553117,0.289067701507938,-0.0106836931051727,-2.35791452538412,0.380314919828597,0.256719822281901,0.197271818273969
0.292220022219446,-0.213845487292844,-1.88375816081749,0.289064972329413,-0.00961067136561726,-2.33195314214971,0.380570787113292,0.255605983492018,0.339384489897281
0.292006975277102,-0.21200190849367,-1.88277524585835,0.289058189487344,-0.0085399435527862,-2.33981551146175,0.380574321943839,0.254609513156068,0.362207621192723
0.291992329974696,-0.210259417950017,-1.85942911670039,0.289051674574551,-0.00747106699577438,-2.25403167201978,0.381081337891004,0.253729672816661,0.453145528142181
0.291604071612799,-0.208644130464109,-1.89197897889429,0.289044301271441,-0.00640226041381036,-2.27455815173372,0.381087443540552,0.252945055744268,0.557285193184438
0.29157947412713,-0.207160856402444,-1.99924305821845,0.289034185226341,-0.00533170287518565,-2.260784323219,0.381480107273653,0.252224511312439,0.67241817999983
0.291385852214739,-0.205793680724152,-2.0087055545496,0.289023282845898,-0.00425881893130088,-2.27184396733325,0.381724928844422,0.251534747232095,0.644785915340694
0.291170540350285,-0.204503543709198,-2.00969661396497,0.289022270945757,-0.00318481890405764,-2.28847471286632,0.381958128930948,0.25084772350554,0.67130896592258
0.290960819942118,-0.203237789090681,-2.13646970056081,0.289017221858366,-0.00211213005610798,-2.28524104354992,0.38222522413901,0.250140863051985,0.742138956076677
0.290732199568637,-0.201946323783759,-2.08867636076802,0.289019856898401,-0.00104336516120439,-2.27727996002961,0.382474059467612,0.249393136769866,0.823940949155131
0.290440202142488,-0.200594589263541,-2.18202729657443,0.289020313146199,1.96511661960685e-05,-2.29007735993949,0.382717668362158,0.248584043928084,0.889812687177447
0.290240722199247,-0.199171157770311,-2.25801394524503,0.289031572173331,0.00107695775853524,-2.28864416847228,0.382960895652217,0.247692829833232,0.825599246008342
0.290041026981092,-0.197684666969005,-2.30628145435646,0.289034288315349,0.00213120772515101,-2.28410607131221,0.383217999619474,0.246700858485431,0.80614228680958
0.289843154971029,-0.196153193049566,-2.33371463847342,0.28903225548597,0.00318691568820656,-2.26531578060102,0.383616674723817,0.24560441308045,0.884221737417576
0.289648350434446,-0.194596999127127,-2.32817375055724,0.289029211057312,0.00424809457296357,-2.30311966479369,0.383855442920877,0.24442986938122,0.864714452621166
0.289448242657512,-0.193037861819416,-2.36616650857599,0.289022915861805,0.005315787414426,-2.29776226039923,0.384105627940158,0.24323239740494,0.926130920257533
0.289218093438387,-0.191502239945262,-2.42167331694743,0.289027565180383,0.00638715743449821,-2.31358869284755,0.384310735996979,0.242073768842995,0.99624605886524
0.289035865367328,-0.190020714612926,-2.61563935665673,0.289038941028309,0.00745666245937975,-2.27316151549086,0.384310735996979,0.24099385033619,1.00697760577716
0.289028976554544,-0.188613922414616,-2.73115957240056,0.289044900033807,0.00851800235295674,-2.25598665692545,0.384807378362482,0.239999547456893,1.09931486805284
0.288772033993456,-0.187276148677885,-2.72527384295671,0.289054218338599,0.00956534583942322,-2.28079978272736,0.384812663799033,0.239074595510877,1.0808313880027
0.288590672963645,-0.185979687747514,-2.81353811195328,0.289080252384084,0.0105945735030232,-2.22476950428001,0.385049332621379,0.238182940109211,1.01119838948683
0.288386780484264,-0.184693255924302,-2.72529765750312,0.289097376480773,0.0116050805362753,-2.20892298927191,0.385291007741512,0.237265998265645,1.16129159172598
0.28819898618487,-0.183391590923487,-2.83422966230389,0.289106088781861,0.0126000814800694,-2.19980862531746,0.385656321367407,0.236260373955243,1.14611324413191
0.288016671445518,-0.182054624850753,-2.89896212553676,0.289116235014222,0.0135845255945862,-2.20653284587181,0.385893777158864,0.235123653503266,1.16076779408044
0.287828122685658,-0.180665457847587,-3.00577187305563,0.289129201388106,0.0145627707181868,-2.18604981412981,0.386132940369551,0.233839208971052,1.21703151203101
0.287639656009585,-0.179209971195323,-3.24477767437586,0.289136330948805,0.0155378098981977,-2.21244136821941,0.386366899679318,0.232403550671308,1.2710813211829
0.287463587303954,-0.177676640258767,-3.32494154494147,0.289172326901432,0.0165121502657571,-2.1722136216657,0.386569195442306,0.230814231829234,1.30449471599242
0.287297983126937,-0.176055812109586,-3.45217350847253,0.289172569584241,0.0174885816399269,-2.18691290049502,0.386808703930103,0.229064539105699,1.38562791821894
0.287065365702942,-0.174341474943156,-3.43005696417903,0.289177058950007,0.0184685311695751,-2.22204876950276,0.387027366537681,0.227145649288439,1.3020909098241
0.286901989719067,-0.172535468419344,-3.51253934234051,0.289200994204674,0.0194502416564458,-2.19734045310381,0.387380547327746,0.225057933099976,1.36850235526789
0.286728288122419,-0.170648083741178,-3.58784010150299,0.289240570474649,0.0204309987979961,-2.23845473454968,0.387594156858404,0.22282378612274,1.47271473517746
0.286542757690401,-0.168695002998208,-3.6226198317984,0.289262358314837,0.0214113177579368,-2.17366764981479,0.387822011558645,0.220487858293086,1.48511258051854
0.286369002650997,-0.166696255166458,-3.67821981860386,0.289286367566565,0.0223960171682445,-2.26218736374,0.388041703406364,0.21810550764029,1.42240487630399
0.286193293093151,-0.164677482830115,-3.77866445829474,0.289306650852445,0.0233921591804962,-2.3556495134925,0.388231009546319,0.215731977552261,1.35333023076087
0.286006417702346,-0.162671003265907,-3.81307035374462,0.289327639844545,0.0244068643157248,-2.30141977943487,0.38843667706207,0.213412955069896,1.2353076052564
0.285854865001096,-0.160712683096323,-3.90222229649227,0.289351152624243,0.0254461340756912,-2.29138529071868,0.388446795966057,0.211172138473966,1.18074195326599
0.285837870580628,-0.158828153260964,-3.97209237611128,0.289369540477068,0.0265142387610492,-2.26262139976108,0.388878113355236,0.2090079352251,1.27920461980027
0.285686797359422,-0.157016806171544,-4.0144688798233,0.289398318352356,0.0276135157086607,-2.26107303983374,0.388909427283705,0.206904063010104,1.27023313235187
0.28546161947198,-0.155255251208691,-4.1331810771428,0.289424161470444,0.0287447002497305,-2.29702092144521,0.389113767955509,0.204833050574272,1.23987853326845
0.285316892866951,-0.153517273200926,-4.24181888819246,0.289450173256297,0.0299069897509912,-2.30637827176959,0.389315399099213,0.202752438934613,1.13631942107787
0.285161478782373,-0.151784962960462,-4.32601160848735,0.289462417163732,0.0310975475407862,-2.31763239015539,0.389624096855883,0.200616908665926,1.15142950862042
0.285008396195299,-0.150045900183159,-4.34107570922724,0.289534659572497,0.0323125544218182,-2.31312819347012,0.389838384398338,0.198399343658326,1.14571884793061
0.284853385042838,-0.148289636681266,-4.42643736467605,0.289539151399731,0.0335493259767419,-2.28671789361398,0.390046827357635,0.196096605949738,1.27762362507635
0.284702395947345,-0.146507734567771,-4.4981289778636,0.289570598881259,0.0348053536869359,-2.22798727329658,0.390230736811377,0.193719096372593,1.30344967600844
0.284554079888299,-0.144694322821649,-4.51965223765872,0.289602307838787,0.0360752027254611,-2.2664580115985,0.390391994475378,0.191277932651772,1.34856551976606
0.28439781392354,-0.142846586857788,-4.65580962779026,0.289632244246485,0.0373495309116194,-2.34868308454593,0.39059331512152,0.188778891743536,1.37133365479089
0.284253250094166,-0.140966258137128,-4.70495072083308,0.289666587907984,0.0386158723572373,-2.30787097516949,0.390798102409728,0.186224527020495,1.29671580300027
0.284065179401535,-0.139063133827973,-4.779265592973,0.289708317624247,0.0398596943725615,-2.31607073494978,0.390972306393716,0.183618480425036,1.34492991100924
0.283915343959158,-0.137159019738483,-4.79905459827425,0.289754185377448,0.041066635962571,-2.31725066976211,0.39114679877124,0.180965649760912,1.30337593365145
0.283783914162436,-0.135287196898729,-4.81954255800947,0.28982702034889,0.0422264830020547,-2.34015838424112,0.391340392640747,0.178272516078732,1.36345730891004
0.283650971088215,-0.133484453074499,-4.86420543945906,0.289876323652398,0.0433370160730221,-2.3431448718528,0.391617784321118,0.175555782511301,1.37671040754425
0.283640835319604,-0.131778823640813,-5.06494136588501,0.28992995199799,0.0444046879860307,-2.36983951249066,0.391797316726527,0.172850469788813,1.41857674395809
0.283398480800268,-0.130182866894464,-5.14071701174143,0.289971923987888,0.0454418689829959,-2.37474912333951,0.391802421691247,0.170196821462425,1.36840303317412
0.283381831491133,-0.128695825695346,-5.16614602485986,0.290017295229075,0.0464631590355914,-2.36128554481518,0.391955441713248,0.167612591471205,1.29647321573418
0.283261618377725,-0.12730418927117,-5.15878139199212,0.290051788128433,0.0474823719960348,-2.38896181614981,0.3921230135406,0.165083428697652,1.22490640085697
0.283133630784563,-0.125979913532728,-5.28227423595473,0.290101349327515,0.0485106848796387,-2.35126342924344,0.392302537164217,0.162577817956091,1.21295426490589
0.283001969204785,-0.124686387818494,-5.35442004860543,0.290140736112276,0.0495559546477594,-2.39875866524355,0.392463618449987,0.160062774207685,1.2654749430891
0.282839671781536,-0.123389529540241,-5.38294489310237,0.290180931199902,0.0506217979978689,-2.43484699489093,0.392623471602747,0.157508312100593,1.16885698754429
0.282701721033102,-0.122065372178168,-5.41985670240749,0.290204197090843,0.0517064746126743,-2.42570862280853,0.392785998555554,0.154886727229408,1.22463501570506
0.282573927035983,-0.120701382210632,-5.37266444536808,0.290316594206262,0.0528050289343138,-2.3835239508201,0.392939119392599,0.152173474707358,1.19781072281159
0.282457613234472,-0.119292764635647,-5.37788128328206,0.290326083480604,0.0539134008089036,-2.45040471728039,0.393168690296549,0.149353033250199,0.991692793706342
0.282330894035521,-0.117838142353925,-5.30780656738368,0.290383153862512,0.0550280781692071,-2.41909137642793,0.393329344002031,0.146426430405963,0.997883663593933
0.282217704564784,-0.116337558867234,-5.335841955272,0.290440904745628,0.0561430224448334,-2.38995133362269,0.393457241295421,0.143410657416284,1.03497730186942
0.282100210523618,-0.114791854494344,-5.32943001688039,0.290494918632351,0.0572498172055551,-2.34259880896098,0.39359720621047,0.14032924987757,1.11158033045629
0.281984505049062,-0.113202412993347,-5.38470162410177,0.29055373162714,0.0583394924470592,-2.32612132580706,0.393736290094543,0.137204813357771,1.09479149497937
0.281869366439229,-0.111571513709985,-5.50880090172244,0.290614764796171,0.0594032440289126,-2.35759347654802,0.393869015166803,0.134058110092125,1.19033951987973
0.281750392263984,-0.109903970463723,-5.46895834551698,0.290675872505278,0.0604328171438977,-2.31691372983693,0.394008511299521,0.130909838449324,1.19199188023116
0.281600420861487,-0.108210897223215,-5.49069763989404,0.290739139197389,0.0614214843265581,-2.42477995130142,0.394152087429481,0.127780472594943,1.23596414189291
0.281489281340732,-0.106511568387498,-5.53199407871325,0.290833299467745,0.0623664670625642,-2.53469030388032,0.394154756513712,0.12468369144266,1.20216656939334
0.281483889563761,-0.104824936838335,-5.592507314826,0.290893840323542,0.0632715513443214,-2.52395630861473,0.39434314184999,0.121619039511676,1.17937729143341
0.281386080102839,-0.103155147419714,-5.69763232121651,0.290957308582573,0.064146479158,-2.57617654888257,0.39446118990263,0.118576208171294,1.19061063345798
0.281272680924265,-0.10148815856941,-5.91976447478224,0.291021105344839,0.0650035633643617,-2.58502130276503,0.394579749733548,0.115545247528989,1.26208326403799
0.281170796847611,-0.0998015260422642,-6.07153038550611,0.291086196063641,0.0658552246379851,-2.58845265322867,0.394676555514784,0.11251853209148,1.22952777873646
0.281067446886689,-0.0980731798669894,-6.11502933499993,0.291149250165889,0.0667132817286664,-2.62837974852356,0.394797657762397,0.109487848921891,1.18937897021942
0.280964649649701,-0.096283915017757,-6.04162590790263,0.291215870001604,0.067588730781932,-2.658411866496,0.394926755638479,0.106445680860154,1.04321755583468
0.280853442864022,-0.094418242484006,-6.15181017111228,0.291283455498382,0.068491498998819,-2.68092698207533,0.395028141015407,0.103388410194445,1.1070385207305
0.280762675441012,-0.0924658522407599,-6.26415302952957,0.291338914624121,0.0694289495977452,-2.68540336242991,0.395123340251917,0.100315723150703,1.09105854465848
0.28062532950743,-0.0904238656933456,-6.38322552028553,0.291368813646333,0.0704034523867938,-2.66847653568091,0.395218457796559,0.0972272717280346,1.1031959195931
0.280541720752895,-0.0882988722538873,-6.42394085561793,0.291524682051512,0.0714140470227441,-2.63456564607411,0.395316830438445,0.0941219586764661,1.07785077319285
0.280448662956058,-0.0861057335114759,-6.56863851486395,0.29153592073592,0.0724613222105554,-2.63133269003397,0.395456565205032,0.0910022235822673,1.00716429924694
0.280365056374302,-0.0838635369961644,-6.79168638130356,0.291611415893722,0.0735466197494072,-2.69290637440684,0.39554099560912,0.0878787232591978,0.89620377306487
0.280282468671952,-0.0815924652047134,-6.76946939313645,0.291683012185691,0.0746671664737263,-2.67480912597117,0.395607040561615,0.0847686293483889,0.912478776543735
0.280205758578751,-0.0793125832193166,-6.78376674710433,0.291753297782738,0.0758155149028746,-2.67158736695419,0.395699829660872,0.0816882303555958,0.886875138043963
0.280123099581133,-0.0770421954247643,-6.93533050198535,0.291829264719345,0.0769819518638121,-2.66633919609378,0.395700377556733,0.0786462481580682,1.03508168238618
0.280121435181473,-0.0747943436754417,-6.94942438200673,0.291913574209865,0.0781560756098038,-2.65686129251315,0.395866013407056,0.0756430924866532,1.15332437871028
0.279956188425772,-0.0725759061552694,-7.03307854012169,0.291986513504291,0.079327647535454,-2.73283596403905,0.39587111260807,0.0726747396657983,1.12643417716837
0.279947412175954,-0.0703913741283967,-7.14587360652925,0.292068078927129,0.0804874672382435,-2.75119549250894,0.395939964500051,0.0697333313108197,1.10661063176084
0.279880956959647,-0.0682434433438626,-7.14915070103241,0.29219272157228,0.0816303769632897,-2.76799876840569,0.396014048088822,0.0668055023514456,1.09303220879853
0.279815077622356,-0.0661294681694426,-7.16264661743682,0.29227599752643,0.0827596656680643,-2.82007692005722,0.396114336569848,0.0638771755705574,1.06600098247619
0.279750038077199,-0.0640416993179599,-7.1807776365395,0.292364209258576,0.0838876574543802,-2.79834570386803,0.396186965250323,0.0609411265692295,1.07118905252033
0.279689443078207,-0.06197067176436,-7.29104752250814,0.292446178612735,0.0850316309515817,-2.84171601602978,0.396225766378098,0.0579973972800027,1.20151437954857
0.279615542960391,-0.0599075137368775,-7.45161112249377,0.292523257680144,0.0862083006386848,-2.83117395985508,0.396286078685299,0.0550480199629168,1.21089756103116
0.279556710770827,-0.0578452951292283,-7.52618478115888,0.292550279141452,0.0874280725487804,-2.94264406949007,0.396348447345373,0.0520942794747536,1.19066293415929
0.279502488315431,-0.055779238884781,-7.68627809014709,0.29269301214021,0.0886918872856005,-3.00561850255609,0.396398900021384,0.0491380923864072,1.21618985828104
0.279439638487137,-0.0537060835340379,-7.73748533624084,0.292706180411078,0.0899916891379777,-2.99978010766908,0.396447592427061,0.046183144575056,1.15626530042051
0.279384530005078,-0.051624222269731,-7.81706747776357,0.292804830764543,0.091311038322889,-3.01546284099986,0.396494770850223,0.0432343628863195,1.12685524648918
0.279327772282511,-0.0495343530470912,-7.76198495879521,0.292942011977608,0.0926288958868787,-2.93959240940201,0.396532406105594,0.0402975731129072,1.16542870323384
0.279282479640782,-0.0474393585270915,-7.68906731190102,0.293037512942489,0.0939283345234904,-3.01863682143089,0.396595713305662,0.0373806950264397,1.1780074778466
0.279230334941583,-0.0453437829242591,-7.73379129850816,0.293129398637965,0.0952005826928854,-2.97664187741148,0.396629982031427,0.034495515889587,1.08185752624714
0.279178315786391,-0.0432541072471,-7.76959867509542,0.293225740280924,0.0964413975609301,-3.01438770325235,0.396656092927168,0.0316570676845233,1.09648119668945
0.279132661629977,-0.0411795505996999,-7.79574660267291,0.293326974267019,0.0976475838229648,-3.03793954863343,0.396680269838253,0.0288799218907404,0.988899260143576
0.279091952173726,-0.0391313396747577,-7.70275370221788,0.293424371147096,0.098816445431827,-3.1010317731721,0.396682014776374,0.0261742279896067,0.990370515206796
0.279089214397336,-0.0371193409620308,-7.78002787260892,0.293518299309583,0.0999454630658825,-3.02896964574701,0.396719237579312,0.0235445705372532,0.996786659569673
0.279031523755222,-0.0351486955263292,-7.852396590775,0.293622094588483,0.101031563014789,-3.02617091187254,0.396744268131458,0.0209925204110711,1.11109354279331
0.279028306031835,-0.0332191437570342,-7.88514673191278,0.293719943175901,0.102071105688655,-3.12788892810395,0.396764123237994,0.018519982718358,1.2441490119143
0.278990951392935,-0.031325755007609,-7.9194926094275,0.293833314756163,0.103061840182744,-3.11977925277948,0.396781504828006,0.016130115487049,1.2710097282483
0.278959304446633,-0.0294601500958283,-7.94885955702359,0.293987641478092,0.104008054100944,-3.11261810497535,0.396796232301264,0.0138267683129076,1.23461438610271
0.27893064398744,-0.0276125935579229,-8.04834297434047,0.294097266064715,0.104926003539555,-3.19341510419834,0.396817867864569,0.0116146497834665,1.32983218677318
0.278905579284754,-0.0257735483466845,-8.04063058838992,0.294200338036983,0.105843189754539,-3.16809098365473,0.396826622890188,0.00949994491890343,1.39605607486146
0.278870610206869,-0.0239344155960059,-8.03139812738803,0.294294804412915,0.106790165439243,-3.19482115950941,0.396833340975033,0.00748996986698525,1.46708132326189
0.278845647515141,-0.0220884530709079,-8.0144047809698,0.294327201265171,0.107790530614826,-3.26508050481265,0.396837021829795,0.00559190063347849,1.5491040216728
0.278824204718559,-0.0202311669829132,-8.16261028409135,0.294512381135315,0.108856720888669,-3.27677628289158,0.396839349097886,0.00381175438626501,1.63307457599155
0.278801710805228,-0.0183597238785381,-8.08665041236101,0.294528973767976,0.109991444728032,-3.25348745928362,0.396839368874016,0.00215400798381275,1.60548863679392
0.278784938312673,-0.0164723175543791,-8.05416647277463,0.294638087825501,0.111186720070309,-3.33155065180691,0.396837370445043,0.000621357708668783,1.58382773524113
0.278767226280053,-0.0145680245569919,-8.03170936602291,0.294745527503872,0.112422082035999,-3.39297524084326,0.396829878131957,-0.000785730576317151,1.59722525900726
0.278747351302771,-0.012646916956817,-8.07391708264961,0.294862898362059,0.113670088206996,-3.36935479692687,0.396826461067442,-0.00206947194259391,1.58200850949397
0.27874674050095,-0.0107095843147113,-8.01965949576986,0.295037222318594,0.11490710171841,-3.39589549869535,0.3968181558101,-0.0032348667358449,1.60472039366146
0.278739135070621,-0.00875571737314673,-7.98680128189412,0.295151436871135,0.116121327427804,-3.38179764413181,0.396810374603021,-0.00428943423765317,1.69249013141682
0.278729768738391,-0.00678316801711362,-8.01354223776987,0.295271711180889,0.117312775842297,-3.39822403270367,0.396810315414835,-0.00524246417462175,1.78847908420705
0.27872927205972,-0.00478856411794717,-8.0178326777856,0.295382783374504,0.118487170425035,-3.37221650928202,0.396802013092811,-0.00610393074142704,1.77052508831952
0.278708329140117,-0.00276903956670277,-8.01550653570023,0.295506892892759,0.119651025865108,-3.42829984574746,0.396795551557097,-0.00688385238531487,1.66385887656028
0.278707223132526,-0.000724146932663299,-7.96909236130343,0.295622468243281,0.12081046983518,-3.40982852549715,0.396790084785785,-0.00759222793885783,1.81727675212343
0.278702658744945,0.00134337217731237,-8.00672299161824,0.295748432894463,0.121971469093068,-3.43770083029709,0.396780135868258,-0.0082390393764831,1.93568043540948
0.278703363227637,0.00342827814775316,-8.04121066354729,0.295866498994872,0.123140215421024,-3.49733387635929,0.396772474645878,-0.00883424620604532,1.99158641181355
0.278708717480371,0.00552381392352549,-8.02727552329537,0.296006839737051,0.124325130399358,-3.54680543600991,0.396764752621217,-0.00938776837430908,2.12348872842854
0.278711176126023,0.00762260879572132,-8.07833281809442,0.296182298552502,0.125541972475757,-3.56029868106158,0.396752498375208,-0.00990941202324096,2.20694211957441
0.27874010705067,0.00971834663589309,-8.04625510619097,0.296298773594988,0.126816025559657,-3.5138195090253,0.396746717459737,-0.010408798705336,2.192271839395
0.278750157714629,0.0118078219152374,-8.03354078439323,0.296317610510072,0.128171655598797,-3.59093265766715,0.396733364385429,-0.0108952499782529,2.20983659148897
0.278764571410748,0.0138913925272052,-8.06310977559184,0.296454720235698,0.129616545058669,-3.52052407037292,0.396725647179016,-0.0113775656723949,2.31430140004451
0.278781697207086,0.0159714453146898,-7.95532845709596,0.296588080617949,0.131139456243764,-3.51649244764369,0.396718890811696,-0.0118635581648879,2.41511430027331
0.278787841754644,0.0180504380331668,-7.91221324411606,0.296720540699792,0.13272067447306,-3.6041881897393,0.396707431034672,-0.0123595542605462,2.53048961821919
0.278810704986493,0.0201297139408984,-8.06362865645843,0.296849929409138,0.134339432462295,-3.51023059934409,0.396695317880017,-0.0128704692005902,2.49433533484864
0.278834533805964,0.0222097262816976,-8.10201364761591,0.296982916162611,0.135974715153559,-3.63250581417543,0.396683778877518,-0.0134000515671434,2.54349293292014
0.278856488946194,0.0242909423331862,-8.03844761535672,0.297130327961439,0.137605440879776,-3.64507934768957,0.396683778877518,-0.0139502639305553,2.52838248880102
0.278876838446841,0.0263743239278746,-7.97416089117246,0.2972695072673,0.13921184381262,-3.64973866954836,0.396665311588804,-0.0145205037145316,2.50591928833116
0.278933303611981,0.0284627640703953,-7.96692256285617,0.297409937760736,0.140776265271458,-3.74548680782152,0.396649659847064,-0.0151082166599449,2.52515543736083
0.278963946030237,0.0305632255313209,-7.93383747187293,0.297560387969885,0.142284315643078,-3.65783974004856,0.396637417182441,-0.0157101018012378,2.50567446983918
0.278965209868924,0.0326851046131355,-7.92758156621201,0.297766525728388,0.143729735051999,-3.70291609405484,0.396625351930615,-0.0163221222578418,2.57505689773147
0.27900197953021,0.0348351759589478,-7.89033520170716,0.297911485149922,0.145120225372287,-3.62200909441057,0.396611634230593,-0.0169388065586032,2.59083801620225
0.279038085097235,0.0370153502382804,-7.89915264638138,0.29805943602124,0.146476485819483,-3.75326563288427,0.396591931522042,-0.017553336185494,2.57108457526482
0.279060347450617,0.039223756064425,-7.84045784484852,0.298192087227351,0.147824663245734,-3.64117089727201,0.396572982278197,-0.0181584779221865,2.43359225744284
0.27910136033875,0.0414552774971009,-7.74283471197526,0.298345888697174,0.149189963314551,-3.7371288690911,0.396554113505646,-0.0187476136386097,2.49547421053166
0.279143300187643,0.0437019822929549,-7.75842615363337,0.298477977239386,0.150592487755374,-3.70702956001155,0.396522007997504,-0.0193158206036061,2.63542398434445
0.279192259648133,0.0459548697840905,-7.71598146935541,0.298532875414607,0.152042772356725,-3.63460372330717,0.396503746058504,-0.0198608509524477,2.69960536919138
0.279241629620212,0.0482055363942079,-7.69852476586761,0.298864253794196,0.153544254455807,-3.68467073646474,0.396480210755789,-0.0203830601798627,2.79667016333043
0.279288150213678,0.050447237021734,-7.70472952190426,0.298885498645132,0.155101768357815,-3.71603103477953,0.396461399308096,-0.0208843933335328,2.83031015583451
0.279378521819515,0.052677273148564,-7.77612807245808,0.299041280222468,0.156719286532859,-3.67722215202779,0.396434775528735,-0.0213676921810945,2.93841605586449
0.27943441393405,0.0549003481578328,-7.72877744695951,0.299198943490775,0.158390481954628,-3.6862552413713,0.396416104809603,-0.0218365446626765,2.91714683807449
0.279490227949976,0.0571284265340801,-7.67608477510607,0.299355849096571,0.160099710398345,-3.6853966406921,0.396392837118724,-0.0222946249232647,2.93833013286143
0.279530649767123,0.059375821806925,-7.70534227001687,0.299529415454439,0.161829443097892,-3.62003808285032,0.396391684001048,-0.0227443084684847,2.99001447004029
0.279592453964839,0.061654434593711,-7.69182950397461,0.299686599946363,0.163563675887606,-3.5670249559994,0.396337868510754,-0.0231864757729235,3.12424265642625
0.279653869602543,0.0639729090927617,-7.71002681639755,0.29985486023998,0.165287792035298,-3.57117504590774,0.396335777747646,-0.0236218534791907,3.20520747091677
0.279720328998104,0.0663382522902805,-7.63602898942311,0.300014803782784,0.166987479855283,-3.63630722156631,0.396311248878555,-0.0240510081267185,3.22327270478294
0.279786138003021,0.0687558127400759,-7.6774462407855,0.300185679472172,0.168649772713845,-3.66989357163079,0.396288477053854,-0.0244729573702591,3.18621747466954
0.279790324304611,0.0712243268912994,-7.62950613608939,0.300448713499524,0.170270633223377,-3.62992821735906,0.39626371083572,-0.0248852214958571,3.09929863334038
0.279856779217798,0.0737301989302756,-7.58881922333965,0.300635371648093,0.171865786230465,-3.59914745115217,0.39623336304043,-0.0252852191644096,3.08449591814991
0.279988926324749,0.0762514162219446,-7.58506485347868,0.300821393773652,0.173472812134994,-3.57116336495907,0.396207535871152,-0.025671385984296,3.1364123321046
0.280067258951712,0.0787696656344085,-7.631176659072,0.300967676909715,0.175138791718011,-3.52804870761361,0.396177052821999,-0.026043576579087,3.14857182187604
0.280155312007502,0.0812763081272901,-7.62857032231062,0.301018588119872,0.176901381497666,-3.4978521203755,0.396154937844047,-0.026402761735571,3.10686164050978
0.280218122673887,0.0837679919109243,-7.6045865695049,0.301305415846775,0.17877797344173,-3.53109426945512,0.396125670800778,-0.0267506412898893,3.14113497898545
0.280309104206315,0.0862408615153896,-7.60948177832318,0.301332106748544,0.180765636352628,-3.5056866035229,0.396086276269614,-0.0270903062253806,3.03846169402314
0.280396093399677,0.0886892440012273,-7.44031605440363,0.301506992227286,0.182839999484003,-3.5397406310631,0.396058079834895,-0.0274275217085648,3.09037191881978
0.280490152695037,0.0911072176774267,-7.39773003753303,0.301701510506389,0.184956803702687,-3.40979518446827,0.396031434267925,-0.0277706185149028,3.14429366909969
0.280584390262134,0.0934899267658146,-7.4024894498379,0.301977158119694,0.187068496592336,-3.37360266625651,0.396008419277634,-0.0281286718751599,3.20437076076619
0.280678137371005,0.0958337758539047,-7.41150657557797,0.302164471601451,0.189143111903633,-3.32446688924975,0.395981568698939,-0.0285098183255197,3.27301985991885
0.280781078676348,0.0981375108336066,-7.40717976452777,0.302356211570636,0.191166804994315,-3.28958413194709,0.395952841436853,-0.0289203384770658,3.26569189270341
0.280942354089488,0.100407262621832,-7.32629393951288,0.302550750493728,0.19313480507383,-3.28446281380072,0.395952825066861,-0.0293636356680044,3.26881948230962
0.281054885898702,0.102663114384206,-7.17037267453672,0.302739574057659,0.195044343083246,-3.24971292574372,0.395887621624043,-0.0298401501621468,3.25125112583013
0.281154311291448,0.104937342781424,-7.09457007996086,0.302941254599094,0.196892874452283,-3.24774365151932,0.395886840788462,-0.0303486918780047,3.26196783080336
0.28115914805047,0.107259429600273,-7.05283678586466,0.303144295258264,0.198678322336508,-3.25104678290428,0.395858256435408,-0.0308865972190834,3.30285310438044
0.281245883283664,0.109638872718349,-6.99538332737928,0.303324442998569,0.200398700697252,-3.14781086417988,0.395811251142471,-0.0314496020678475,3.46729909590397
0.281362597098569,0.112062001033119,-7.08998185141616,0.303542132142721,0.202053341265822,-3.11561819373368,0.395777774570995,-0.0320341942456429,3.39996907385608
0.281479007746546,0.114502909499731,-7.08178346525772,0.303849940239259,0.203651540748928,-3.10385888938665,0.395742188216662,-0.0326397231351438,3.51406963183823
0.281610209526252,0.116935049656941,-7.0966262594452,0.304046854567692,0.205223554404927,-3.12879870067659,0.395712727708437,-0.0332675867937836,3.44135538935235
0.281737168568183,0.119336479257844,-7.05191857214113,0.304260960490397,0.206819779075691,-3.06581376444109,0.395682038216186,-0.0339193464267358,3.36456653482398
0.281860031884083,0.121690317866773,-7.03407471459467,0.304441078227834,0.208495740925778,-3.01109268579228,0.395647008627764,-0.0345958494997332,3.37795018868863
0.281970656039583,0.123983353941899,-7.03703565113651,0.30450850385866,0.210293551459554,-2.92738577252721,0.39560732895475,-0.0352977064201487,3.38522998920772
0.28215616728679,0.126207374094972,-7.00416537314303,0.304856925900499,0.21223316996616,-2.93029090121275,0.395572350528966,-0.0360261243958574,3.36519867617005
0.28228142382027,0.128363370790503,-6.88368258954338,0.304890897004597,0.214313957708208,-2.9003490239839,0.395538657586473,-0.0367828707790424,3.3841600767039
0.282398800353294,0.130461350398337,-6.78377184113394,0.305105702392916,0.216513055166663,-2.89435663048227,0.395500387314907,-0.0375700030881668,3.37542796709078
0.28253572242728,0.132514577039605,-6.75176245578594,0.305325789345076,0.21878368021362,-2.90121532390724,0.395443463927953,-0.038391136409553,3.20159399584937
0.282663135898466,0.134535563402397,-6.64421106340996,0.305540843705653,0.221066392776157,-2.88170872433658,0.395403546578485,-0.0392534769650393,3.22838564934939
0.282806161504684,0.136536462562626,-6.63676313441881,0.305868040543383,0.223307870952649,-2.87473374852325,0.395368513415037,-0.0401675989908348,3.28775895741493
0.282956741897533,0.138531248832206,-6.56302129001212,0.306092873016254,0.225474531851054,-2.75537126457261,0.395332371600055,-0.0411440085116672,3.3860230094332
0.2830972248038,0.140537154497274,-6.52946855266396,0.306333470811279,0.227553790033304,-2.83697845545119,0.395332089291394,-0.0421880314157816,3.44065374875078
0.283223676775776,0.142573452342461,-6.52751495301495,0.30655413832101,0.229545023761578,-2.7255610302711,0.395285455384034,-0.0432960682804431,3.38712636000006
0.283377796950689,0.144656381688272,-6.5999961717824,0.306782945878419,0.231450866567253,-2.77154566434941,0.395245559619991,-0.0444564405067774,3.37419873655828
0.283381452327069,0.146791930846592,-6.57630952287067,0.307024914639301,0.233274720542673,-2.75225807946178,0.395200090715622,-0.0456535143638116,3.40691914129314
0.283733143077452,0.148976871235657,-6.58710165793772,0.307276640364248,0.235022352802537,-2.67741858963129,0.395150165395678,-0.046871285812292,3.34206255087823
0.283773535808945,0.151209702600624,-6.57313912954375,0.307494724075734,0.236703230325396,-2.68644319864422,0.395083002365811,-0.0480961384858536,3.47754912793051
0.283909292398649,0.153492014376871,-6.56043929246786,0.307759110691898,0.238332429485533,-2.67467008562131,0.395033153077756,-0.0493190698102118,3.40512924901528
0.284066377541749,0.155817839956591,-6.67710107512189,0.308112511932435,0.239939344719702,-2.52005724026484,0.394979999509643,-0.0505358307644495,3.41703576009828
0.284202934873367,0.158169848005969,-6.59156825057894,0.308340320555222,0.241573947662264,-2.53855332271772,0.394924124866277,-0.0517453253626367,3.45282651172225
0.284358043534175,0.160523421459615,-6.5466317992883,0.308380280253893,0.243288382229773,-2.38929431417052,0.394876779441602,-0.0529480311217716,3.34235774938894
0.284533664887435,0.16285049058571,-6.56296944710957,0.308620115262109,0.245104789246696,-2.23604436825906,0.394821136902263,-0.054144970305093,3.28314096983305
0.284699179319592,0.165123083990941,-6.51855953120678,0.308879366215505,0.247007670525501,-1.96248760448201,0.394763026536289,-0.0553375652760217,3.23029976047992
0.284865887284314,0.167317018866141,-6.51944499404831,0.309117357242229,0.248962880595245,-1.88525738233191,0.39470088176575,-0.0565285806164273,3.24966752605819
0.285116742103562,0.169417507589221,-6.51148474222433,0.309381539358848,0.250933907029922,-1.88556170833781,0.394639193450868,-0.0577232672483484,3.23342727134092
0.285279505045609,0.171425393566451,-6.51904627617859,0.309630761240832,0.252885895256746,-1.90958229305885,0.394575348120276,-0.0589305149980861,3.24041349103392
0.285454405848617,0.173356265070503,-6.56262556153389,0.309880324195001,0.254785432699853,-1.80518319491377,0.394480420844255,-0.0601652829573228,3.1441244769783
0.285633237967699,0.175233186289005,-6.55946899774148,0.310154018929059,0.256602743455233,-1.77388540205902,0.394415475297102,-0.06145014800778,2.98050648141079
0.285815577706632,0.177081949582294,-6.44881083672492,0.310519894173548,0.258321055503047,-1.69091723606489,0.394415162829097,-0.0628099103090207,3.02255485708904
0.285990644494378,0.178930379561559,-6.43988679313591,0.310777395095956,0.259947292054801,-1.64124931977474,0.394354372328044,-0.0642613233624742,2.93014195272571
0.286179283136657,0.180804908757596,-6.4781208696499,0.311042153773437,0.26151089238663,-1.63675748523602,0.394301277458032,-0.0658085889719497,3.0666177228664
0.28618700743161,0.182720552640762,-6.5544945036516,0.31130518545629,0.263052393457586,-1.57766319668919,0.394240406605883,-0.067446490046384,3.12021800992782
0.286551788616393,0.184674412979615,-6.4758354978943,0.311560223206834,0.264614517852067,-1.66735223771363,0.394183258709668,-0.0691638192325946,3.13433517973964
0.2865591052715,0.186650725463496,-6.57231209676865,0.311835688469405,0.266239711038813,-1.70500982116125,0.394117883790145,-0.0709444603281243,3.09676565926593
0.286856133154634,0.18862785025051,-6.53797745649184,0.312099933294674,0.267970497686253,-1.73228786494419,0.39404756366037,-0.0727683643739856,3.07270614148652
0.287026388482172,0.190583246866717,-6.51495937038706,0.312366564509451,0.269849059934365,-1.72641750585651,0.393972611529688,-0.0746134991976964,3.01726771172803
0.287225920092585,0.192498723987491,-6.4535900626816,0.312601590443908,0.27190965375066,-1.79232795035147,0.393883408306362,-0.0764594060738565,2.9606635825778
0.287416541840674,0.194360873894116,-6.51676352735822,0.312649544029494,0.274159915253047,-1.83172987447872,0.393755214155545,-0.0782929209326304,3.0834092300121
0.287620515034789,0.196158425748581,-6.662107896624,0.313046833538328,0.276569055568482,-1.84108238197437,0.393686779745588,-0.0801123832345688,3.06403804448326
0.287821318208783,0.197881672721397,-6.67994829033471,0.313334135734673,0.279083812613126,-1.8394177308882,0.393601793727719,-0.0819253987493685,3.11993226301519
0.288003489888975,0.199521461108785,-6.74129893813968,0.31360750356046,0.281653240161905,-1.92991113509511,0.393525751512338,-0.083742714677615,2.98041365594949
0.288196944127626,0.201066354571366,-6.73448923604262,0.313892585087484,0.284234487383744,-1.92392115737404,0.39344307651827,-0.0855744386197487,2.96501573099077
0.288401314951987,0.202503204418562,-6.66110296391457,0.31417966741902,0.286787568237222,-1.98099345566349,0.393348762524903,-0.0874298261670486,2.88520247506569
0.288709111556873,0.203826811145442,-6.65580399150478,0.314488403705361,0.289274584933342,-1.9219129598274,0.393265289208722,-0.0893182982361477,2.94857060290274
0.288927023328734,0.205052758320256,-6.62470131690356,0.314772861492854,0.291661524670453,-1.89670149110564,0.393170363251424,-0.0912505164204307,2.95899781132234
0.289128115261414,0.20621882996254,-6.63910784677994,0.315072290875365,0.293918052535011,-1.84168264793251,0.393049319725174,-0.0932388095110394,2.91167434028182
0.289328527900058,0.207374070573741,-6.62211920089299,0.315369633690713,0.296016612677713,-1.84800160273432,0.39304697408328,-0.0952933853744611,2.93750804449119
0.289540843172077,0.208569256472962,-6.65165303968491,0.315689246417288,0.297935750988366,-1.80442758348844,0.392919733465208,-0.0974154194774923,2.77294493617431
0.28975597919278,0.209851365102218,-6.63200552166961,0.316113385792956,0.299671271450058,-1.65425718509857,0.392834112114986,-0.099596044259898,2.80850464200947
0.289768212286163,0.21124941089936,-6.55658298680172,0.316410900308769,0.301247632395681,-1.63843462660777,0.392731327306421,-0.101821725962548,2.86313375129761
0.289968526186449,0.212754577070935,-6.66822303999626,0.316724497447053,0.302716123728816,-1.63104407371693,0.392631673348257,-0.104077718150635,2.80682721097142
0.290176131742166,0.214319687521998,-6.71218742902783,0.317030302219468,0.304141936801941,-1.62221983252314,0.392527979165434,-0.106348306517816,2.85105610229218
0.290486560531001,0.215884786510488,-6.70675962361676,0.31731277032317,0.305588800839778,-1.5931591559818,0.392417862654515,-0.108617030626279,2.86224729272999
0.290721788858203,0.217403987238331,-6.70205568914144,0.317404707211474,0.307101236280819,-1.64700850225568,0.392309649325639,-0.110867345011445,2.86786145361443
0.290943182756124,0.218852988694511,-6.7294974750217,0.317928267086223,0.308694329501939,-1.61241781243723,0.392191194199664,-0.113084469684168,2.8541779989098
0.291174204155844,0.220221952971543,-6.74179443149847,0.317969211041501,0.310356423998577,-1.6177797628962,0.392017403709224,-0.115260767620882,2.83666817022918
0.291402930159803,0.221508087765314,-6.72181750591275,0.318325730345168,0.31205163963597,-1.60237006741336,0.39188771150245,-0.117402076061466,2.89146866304367
0.291617897969022,0.222712177862585,-6.78349144555435,0.318772422780551,0.313730291570532,-1.59999999998965,0.391789312587397,-0.119527186731371,2.9728713296676
0.291835647627089,0.223835742485045,-6.90224626065577,0.319066850788599,0.315353246698309,-1.66070415889622,0.39165348630866,-0.121660916843449,2.92555144007218
0.292058694463015,0.224878956323556,-6.86412713024181,0.319369791623106,0.316900755600022,-1.66668466562288,0.391530204421876,-0.123829859435426,2.87704196289679
0.292297041479425,0.225841429213185,-6.90242861549295,0.319669344157297,0.318358910967577,-1.65821799886783,0.391393530921298,-0.126060667641698,2.81049768717291
0.292525787108042,0.226726627952543,-6.92057710382654,0.320002573248729,0.319709911718625,-1.69522028522856,0.391392821122363,-0.128373697804039,2.80027856811557
0.292860312935763,0.227551338710614,-6.9467460748269,0.320329063263625,0.320934064224074,-1.68239465792077,0.391138177623318,-0.130777208765455,2.80000116510017
0.293103837333184,0.228351981797499,-6.99918549413817,0.320646771895673,0.322013777136945,-1.60947735785021,0.391132881944305,-0.133268046678134,2.79706286458004
0.293116583550252,0.229172521472952,-6.92158371072642,0.320998619370566,0.32293846475453,-1.5679119387947,0.391005110846419,-0.135830109425039,2.78795249033464
0.293564819124283,0.230045838756806,-6.950041981458,0.321464499569099,0.323716922278396,-1.62133883267203,0.390872340677893,-0.138431021212548,2.84685571476563
0.293589343103222,0.23098902486743,-6.97732485587994,0.321786197288202,0.324390344034343,-1.59907643885228,0.390723459868795,-0.141029018455689,2.79624920775309
0.293815957942138,0.232000849969762,-7.03956184834808,0.322106143154687,0.325029241602118,-1.59944942942637,0.390496624110124,-0.143588051335808,2.67552670392116
0.294055491858288,0.233056983644959,-7.07766787709129,0.322439336602656,0.325717161478742,-1.58835577077392,0.390363843850106,-0.146088238685628,2.68335874512535
0.294280961685774,0.234117284594861,-7.05311559573243,0.322735168834649,0.326532443911417,-1.49676195653327,0.390221312476923,-0.148524007001655,2.72974257320742
0.294521742150992,0.235137684719322,-7.07265248717795,0.322780550067513,0.327521680440258,-1.3810606334513,0.390067530769943,-0.150895258370219,2.83951770539402
0.294763379655971,0.236074914440804,-7.12291706517696,0.323111801828848,0.328672751499279,-1.43762373936211,0.389913365132982,-0.153202390394835,2.9164954334724
0.295001148602041,0.236889579487036,-7.19422855955682,0.323448549422384,0.329918417784516,-1.40100784006304,0.389760492586273,-0.155446170514211,2.89814765880597
0.295346346350667,0.237554811985142,-7.17589958420406,0.323795870361603,0.331167477570124,-1.42773681629865,0.389602863027056,-0.157627985324963,2.87909861847869
0.295602391943707,0.238067058477075,-7.22015359357625,0.324126350016724,0.332331265511659,-1.43314538258718,0.389439091344732,-0.159751405201879,2.86527928503736
0.295837047595475,0.238446830277393,-7.30139257774439,0.324621298399303,0.333340325551975,-1.43615940123749,0.389200448486643,-0.161828256274333,2.87732562698416
0.296074720985008,0.238727615152498,-7.33943909245472,0.324950987377371,0.334157684017587,-1.40927277223004,0.389052647738579,-0.163885345510635,2.99510613071497
0.296308107389636,0.238945354277748,-7.28974197670433,0.325300428388191,0.334778198072348,-1.40793173154161,0.388864526075592,-0.165961097957081,3.02348201095308
0.296549076802293,0.239135025797626,-7.38456763137772,0.325630380566893,0.335213533487782,-1.35260344350538,0.388862188867855,-0.168087496877974,3.01155075672447
0.2967923775176,0.239331071012601,-7.40351565728128,0.325950272362018,0.335478445121887,-1.31057471669631,0.388681282682462,-0.170270454949795,3.01845594371475
0.297027108306845,0.239570394779677,-7.45312602878118,0.326284470055356,0.335585081597615,-1.31734476220424,0.388515613052934,-0.17248799829146,2.90493908480322
0.297387002277815,0.239897247104689,-7.46927335401229,0.32662638409135,0.335542844594761,-1.32595083537002,0.388338900334268,-0.174704083398403,2.95601330496805
0.297411192933384,0.240357919241426,-7.49701555512965,0.326966289454741,0.335361496248668,-1.32077963261862,0.388172309036578,-0.176879173044251,3.08549642735123
0.297660587880701,0.240976492118722,-7.48255491452907,0.327331366339402,0.335058218604765,-1.27997925065171,0.3879985016097,-0.178973599035156,3.1834357931424
0.297676781474819,0.241731010287114,-7.49422443687683,0.327818872705281,0.334671077443732,-1.28418346296232,0.387726786184598,-0.180954354050909,3.03530644175893
0.298119736873901,0.242559073542744,-7.53320713905179,0.328106092623275,0.33426452892445,-1.26357011338998,0.387532491664875,-0.182805098338931,3.0047887789215
0.29837315664323,0.243391129952473,-7.46354934503881,0.32819904199983,0.333907565395417,-1.30539164236761,0.387374600584833,-0.184526607736449,3.05544891548691
0.298607132708122,0.244175861051808,-7.54356946710278,0.328767390174351,0.333646145393104,-1.37665207159112,0.387179043138499,-0.186126800246259,2.91306484770602
0.298855651614145,0.244877351898732,-7.52417987787716,0.328817791572698,0.333496435813597,-1.34702480781792,0.386991035298399,-0.187613518084557,3.0054106052583
0.299098914016296,0.245463683406449,-7.52766489546181,0.329162655844334,0.333442467230254,-1.29044529905179,0.386809788367647,-0.188994078342524,3.00550096867821
0.299368208402405,0.245907107974706,-7.55225801986564,0.329501983341988,0.333434352498484,-1.21834409350543,0.386608559966993,-0.190275992486865,3.04786583047382
0.299732326781273,0.246195858542136,-7.55256124588915,0.32982319516563,0.333402241473435,-1.17473077817367,0.38643086061596,-0.191466760560037,3.10306003249265
0.29999525608967,0.246346701646103,-7.61553476972799,0.330185031093976,0.333273720551197,-1.20686943100866,0.386234070739631,-0.192575357063771,3.2045786513149
0.300235736628511,0.246403875085854,-7.67792530889692,0.330531610830685,0.332984739113772,-1.21599409935172,0.38593729919581,-0.193620238919351,3.21845811226054
0.300481334191668,0.246425477208257,-7.67742809451038,0.331030046905993,0.332494155430258,-1.26552628378847,0.385733472584171,-0.194640432440125,3.20068334689694
0.300733544856964,0.246472787858118,-7.67761642377728,0.331364816635797,0.331797952640239,-1.13766028171077,0.3855442154708,-0.195692691622251,3.27466802649968
0.300983160465752,0.246603514803559,-7.72012379347446,0.331698123415523,0.330926218883958,-1.09630472733746,0.385538487075046,-0.19682575358701,3.23585095754619
0.300991472810506,0.246858561526123,-7.73845765258655,0.332019305012628,0.329925331645885,-1.01626127462581,0.385367548184623,-0.198051200163449,3.35391429307366
0.301475591366181,0.247252509820525,-7.75057057325757,0.332357804979959,0.328844388288849,-1.09265764982338,0.385161548319163,-0.199339279178885,3.30104656766578
0.301490149672499,0.247777211350296,-7.8179813043943,0.33267750374793,0.327732057257797,-1.03963147568727,0.384963282709648,-0.200637945862934,3.39039398710046
0.301709474162765,0.248402156891714,-7.7473499240538,0.33301485971111,0.326637625942679,-0.998566973744291,0.384765429749493,-0.201891988255163,3.40589738213422
0.302083345141922,0.249077064380038,-7.72993137051832,0.333361663261304,0.325612622724279,-0.983856999082694,0.384443859917246,-0.203056853960048,3.46736502135045
0.302345920628191,0.249753852475531,-7.75038535852505,0.333647957851169,0.324705214472066,-0.873526370922524,0.38423842102608,-0.204110319443136,3.45930545666973
0.302608576519706,0.250404689440986,-7.77021239988063,0.333716166246478,0.323939124184633,-0.820974633793777,0.384033991149484,-0.205053353777784,3.40133197878592
0.302845813851906,0.251016960339438,-7.77010368553419,0.334184825230099,0.323297541714787,-0.864652236415718,0.383808628449117,-0.205899757516816,3.45793165089254
0.303103634667988,0.251582018452018,-7.77808766576991,0.334504853172043,0.322738569989364,-0.949796509213816,0.383641129011092,-0.206666257862291,3.54248295303822
0.303348056789811,0.252090822505864,-7.8121440125199,0.334817958585082,0.322221185322461,-0.960475176490124,0.383412580959311,-0.207367994792291,3.58680075243507
0.30361072792312,0.25253391364621,-7.77369195796434,0.335130600823174,0.321710222840957,-0.944873835905265,0.383206763329845,-0.20801868337614,3.46026999739792
0.30385405518672,0.252901566407652,-7.67779344195843,0.335458288015094,0.321169901157183,-1.00922210747824,0.382989570029174,-0.208633373016833,3.5190654662276
0.304092100691238,0.253182319034802,-7.78523470695158,0.335772616980183,0.320562600176565,-0.956855262263053,0.382777531785356,-0.209230310337589,3.57383165262346
0.304351318546595,0.253364024268893,-7.75262488904701,0.336110523512292,0.319851732338197,-0.955938369107598,0.38255537045842,-0.20983137443651,3.64342886336921
0.304739446394812,0.253444920283764,-7.80396372906944,0.336454706593905,0.319008242494902,-0.948526295076043,0.382350774186371,-0.21046453927979,3.76721743161794
0.304988535990647,0.253448077470939,-7.89853626029831,0.336909389067652,0.318023978540513,-0.952645521954926,0.381994357619119,-0.211169516686927,3.70962740039223
0.305236682080618,0.25342165123375,-7.84014445121177,0.337238613578327,0.316924046674561,-0.890856695992112,0.381994357619119,-0.211989796510948,3.69678580567238
0.305506384933739,0.253426681093152,-7.86522530733826,0.337539829832731,0.315762905931978,-0.821009340176779,0.381994357619119,-0.212938831842847,3.71263609580921
0.305767205441055,0.253529010726436,-7.8394156548706,0.337841015382517,0.31460666859883,-0.834589269907491,0.381610293513822,-0.213979305502869,3.81932749210181
0.306011487328745,0.253793011153725,-7.81122492399191,0.338161189898111,0.313520460792525,-0.786947090244454,0.381378349858074,-0.215050097327953,3.83704456756983
0.306029461266529,0.254261197117818,-7.90467713089885,0.338488574080109,0.312567212755407,-0.802697515061494,0.381160533440109,-0.216101968157531,3.91881966047532
0.306267996032883,0.254929121047902,-7.95584169058195,0.338756803748963,0.311802793267886,-0.808082453609279,0.38094248177082,-0.217101865994164,3.94114590520558
0.306555330607953,0.255746047439757,-7.85049234788011,0.338799573590803,0.311250976632403,-0.760024654711893,0.380725480804455,-0.218022503685013,4.01886697062196
0.306797780833422,0.256642274809592,-7.87386102059535,0.339059528655647,0.310869944796081,-0.725344677496695,0.38049798067996,-0.218838089235733,3.98935056393981
0.307164053281778,0.257556541252122,-7.91345617560104,0.339254248549508,0.310553337500364,-0.611755300841594,0.380283095235651,-0.219524340356393,3.88600237733177
0.307449315445412,0.258451173904754,-7.89931624206042,0.340182873131278,0.310190536082424,-0.560876251170869,0.380056863909152,-0.220058036378654,3.8727150568462
0.307703171684072,0.259313785829344,-7.89767343201421,0.340237788755735,0.309732843739369,-0.460818254417349,0.379858838047332,-0.220417920529547,3.90465982539473
0.307978676859405,0.260147824416347,-7.85293740858689,0.340552340923191,0.309189606914752,-0.522029545483622,0.379489915514259,-0.220593889647465,3.9897134976381
0.308231565714008,0.260962653703747,-7.85122405034344,0.34086115239101,0.308578620682796,-0.431036011517127,0.379258483581003,-0.220601333984769,4.03178506993027
0.3084869587009,0.26176875743942,-7.87975380812054,0.341135106378246,0.307902902904666,-0.481635953909663,0.379051698460492,-0.220482241800215,3.95336601891285
0.308754306620267,0.26257596618034,-7.86511940916436,0.341451105094402,0.307155200125775,-0.373820114402857,0.378862595929753,-0.220288699842606,3.81950307796554
0.309019979210444,0.263393967904369,-7.80682809500968,0.341753789439592,0.306323053971967,-0.330748360453563,0.378649238193422,-0.220068029910468,3.81512205080422
0.309293442635679,0.264234148920404,-7.82067993529738,0.342062625898896,0.30539174369205,-0.387045021434929,0.378395154674585,-0.219862203085338,3.91986038679654
0.309557208778993,0.265112599613946,-7.81019187957771,0.342362703116759,0.304346537376237,-0.39088822765764,0.378185675345175,-0.219710108363725,4.02274558338981
0.309929083287209,0.266053063015867,-7.83748502873338,0.342693330787953,0.303175384151964,-0.435822759852164,0.378178045224077,-0.219637671829868,4.0792429410421
0.30995676218411,0.267083082362721,-7.68281984064056,0.34303211833585,0.301876741804133,-0.473125703341242,0.377747056671464,-0.219647541083714,3.99614795305883
0.310511681766186,0.26822744911563,-7.69617986784386,0.343469183588077,0.300473810503406,-0.427946516907302,0.377738441047153,-0.219724057569774,4.0067707369023
0.310520929146033,0.269505183500525,-7.75167794756949,0.343769941937124,0.299024621036154,-0.31187994069217,0.377393812626696,-0.219843220124471,4.07454760034852
0.31077318700859,0.270918077694654,-7.69812505160281,0.344028607079419,0.297609572612719,-0.220487594809012,0.37716576128172,-0.219981663448025,4.11787683543128
0.311047226986019,0.272437894871228,-7.66843430361151,0.344113027642186,0.29629898944831,-0.174220923002486,0.37693602987525,-0.220125771293762,4.14830856288405
0.311320533833891,0.274013975020719,-7.63961633296321,0.344616673737028,0.29513261431949,-0.24413710533475,0.376742015432419,-0.220270597240594,4.14147264620526
0.31159197335389,0.275589085797886,-7.6837112431518,0.344657614623114,0.294121186831526,-0.221292003880726,0.37653018778083,-0.220410243206309,4.08168354072243
0.311867050175884,0.277105313588913,-7.61202612392993,0.344950021494554,0.293245722993214,-0.1062292359169,0.376317246150965,-0.220533003999278,4.20694338376619
0.312154659971787,0.278507229189807,-7.48399230529385,0.345258501444931,0.29245554574591,0.0167810644758903,0.376071247567765,-0.220623982253265,4.23797698148242
0.312558300915788,0.279752869549298,-7.51506990107734,0.345541781929935,0.291681775177162,0.108349171124922,0.375862295916786,-0.220669145003532,4.16612116952673
0.312850293241446,0.280827057251598,-7.44443879897359,0.345844424927457,0.290855678772426,0.117200991625476,0.375647997828912,-0.22065594503456,4.1010228158141
0.313137138481566,0.281742264286078,-7.40078811866801,0.346277154561382,0.289924313631771,0.121789169712103,0.37540883593809,-0.220574974656598,4.10489968785198
0.31342423996127,0.282526728203468,-7.39977913878465,0.346575599463904,0.288864356422144,0.165331988050671,0.375055926597475,-0.220431205385397,4.11610949999033
0.3137003654981,0.283213813851181,-7.26768954284522,0.346854611088278,0.287681736314407,0.160032068364517,0.374836297489657,-0.22025721810928,4.13259486292078
0.313997628328747,0.283838356300969,-7.1991111497758,0.347151844122725,0.286397076359224,0.292270584910233,0.374638852437552,-0.220109741668088,4.13063880647976
0.314268769469189,0.284436034011025,-7.17719875005067,0.347432550649257,0.28503426801058,0.360507659236236,0.374449357207402,-0.220046964277315,3.99666485797423
0.314562636801391,0.285045479586097,-7.15172629472125,0.347716190831235,0.283617368215291,0.429907532785774,0.374446547234193,-0.220103670648938,4.06962157009592
0.314977936408681,0.285713250011778,-7.19585149136525,0.347997174941318,0.282169900479126,0.427671034805404,0.373956275247694,-0.220286797066128,4.01480107225911
0.315004174542,0.286486417127041,-7.12337044043342,0.348276031910824,0.280714407926788,0.535938935765699,0.373945940216367,-0.220589646117378,4.00111480112341
0.315277575178548,0.287386645230782,-7.07914174032378,0.348558895278829,0.279273054680811,0.502341667975514,0.373738777035397,-0.220994395002228,4.05044103957468
0.315574663975567,0.288396709950628,-7.06014086145698,0.348856810226053,0.277872031547724,0.53184931052676,0.373513111490262,-0.221462453503241,4.13096889304554
0.315864694586394,0.289476503580963,-6.93631622919252,0.349254480493578,0.276552518012014,0.531716345918345,0.373292753278225,-0.221940602973554,4.23527076797607
0.316168317463277,0.29058290579383,-6.86881996876034,0.349501860031646,0.275375481624346,0.6235500129766,0.372954564380966,-0.222382165168164,4.25480046162636
0.316458521988528,0.291676369841897,-6.90915817321259,0.349540750471971,0.274398859596099,0.636217587596541,0.372723968729393,-0.222763397754232,4.31452810019611
0.316762094051038,0.29272096134844,-6.7857804153308,0.349817342612438,0.273642129938187,0.650615636603417,0.372500684515337,-0.223084318655945,4.29821095638674
0.317045486402265,0.293683141414011,-6.75391830654232,0.350095656686414,0.273079748664561,0.755590726298452,0.372278457787947,-0.223357298990153,4.48091084510957
0.317340358298267,0.294530011007219,-6.6195459191378,0.350351856968697,0.272663124458322,0.779468634479185,0.37206822399632,-0.223596584351918,4.48466596217637
0.317640819394436,0.295231521704667,-6.3463770263988,0.350638100277671,0.272338516984586,0.907331968813649,0.371830016803163,-0.223815269052608,4.51059552809732
0.318092431996115,0.295773501167561,-6.43503592620084,0.350912340990394,0.272052375281368,0.94998057221471,0.371605799737476,-0.224026340721796,4.53509158270432
0.318410802697753,0.296174559065325,-6.38737615235968,0.351185103770819,0.271753103337001,0.86727871020514,0.371396513283843,-0.224243383465375,4.53533986985728
0.318694330523752,0.296487451037406,-6.41204203389521,0.351474498961951,0.271394471219974,0.883847643608709,0.371147521115593,-0.224480504093732,4.60313299945431
0.319022299209375,0.296785024602134,-6.38921441029704,0.351855285313188,0.270944874905519,0.910186468238506,0.370932598481084,-0.224755900212585,4.70795541137053
0.31932856513111,0.297144203740903,-6.23920433228815,0.352129964230945,0.270397985609457,0.956312003237141,0.370559916752293,-0.225103473354742,4.71605015480648
0.319338674580026,0.297626231325471,-6.11157709011073,0.352417533288646,0.269772683289993,0.997541781423781,0.37033044641103,-0.225581988613223,4.6185290052942
0.319890379633676,0.298260949827244,-5.92230774554822,0.352688175187195,0.269103027113991,0.96250658620728,0.370318541373999,-0.226258133006864,4.54207739993012
0.31991832247167,0.299047159176107,-5.74016930645039,0.352961972753404,0.268429788294117,0.959234315606203,0.370104795154782,-0.227166925901687,4.5380840193316
0.320209316530695,0.299955138575194,-5.67614626401338,0.35323862756047,0.267797541796652,0.966924769364352,0.370094745225431,-0.22828586175614,4.47776708496842
0.320660966475594,0.300934876678919,-5.65406024664961,0.353507974087151,0.267253360523531,0.973300808070672,0.369676485844703,-0.229546331962013,4.49102318657099
0.320958369791753,0.301942716365355,-5.55663960258365,0.353736572353632,0.266838788508042,0.924619548111157,0.369425512271968,-0.230870744925825,4.53052420336764
0.321284469211468,0.302958999923579,-5.52816255125945,0.353776633594348,0.266568153465651,0.989473105777183,0.369205004341778,-0.232199718867984,4.45636401596692
0.321562045665724,0.303979745319209,-5.45231038338205,0.354075129550956,0.266410201216244,1.07020074330223,0.368968037283284,-0.233490343129597,4.41525128404344
0.321869409308977,0.305003074362114,-5.38381360921768,0.35443750509642,0.266302019819009,1.15919328252597,0.36872241395772,-0.234705644721995,4.4246438040319
0.322161604253883,0.306024012333252,-5.34371051026211,0.35470929745964,0.266183966078985,1.18712717811332,0.368459083645265,-0.23581572285144,4.49675600018359
0.32248929097654,0.307035743215117,-5.28450048719183,0.355009047407437,0.266017833755669,1.21986306247993,0.368115973978153,-0.236808332773192,4.36895368984767
0.322805358089491,0.308033298860557,-5.31913949590985,0.355275150124556,0.265782489761804,1.27085863619898,0.367897047705706,-0.237696390753643,4.30636598457996
0.323100766693748,0.309018061596972,-5.2966735633189,0.355526026639372,0.265464190171426,1.30684180040206,0.367665227964565,-0.238512468543875,4.3558686092755
0.323573831186398,0.310008149929337,-5.37033980888162,0.355788460130129,0.26504964952787,1.29863995594294,0.367406074039501,-0.239297164911533,4.4453185944294
0.323892485662273,0.311052313941974,-5.27242648728005,0.356063571871119,0.264523807762062,1.28367388087904,0.367164579740706,-0.240094320552673,4.37019085315948
0.324192029535405,0.312230400781307,-5.23767875675465,0.356325448504525,0.263871619652241,1.35700738807108,0.366918621618353,-0.240951595283788,4.30446253639493
0.324526309551109,0.313633305827025,-5.225850745135,0.35660070972587,0.263080010866083,1.38574916059227,0.366676109837358,-0.241920270445588,4.12247232350796
0.324543985737244,0.315323113102464,-5.10975412988471,0.356856963962202,0.262140192982268,1.49418071578041,0.366418002393355,-0.243050292450763,4.1437039585907
0.324543985737244,0.31728318227772,-5.05701453602185,0.357231419162887,0.26105535158301,1.52377840876718,0.366417223985431,-0.24437215690312,4.12569652158732
0.325144794572171,0.319408771998879,-4.94913771356725,0.357499919573084,0.259851091980249,1.49402156402023,0.366168585779905,-0.245873012922061,4.11002808897842
0.325494765888943,0.321563356808625,-4.91844453912219,0.357767106809818,0.258576271173288,1.48263087202314,0.365938241923633,-0.247496529062564,4.04713271303448
0.325812879674647,0.323636544884849,-4.89988951028381,0.358009115453891,0.257292653108693,1.46812210830181,0.365561161812064,-0.249173222952266,3.8798446112922
0.326280794113716,0.325557747402388,-4.94897746700798,0.358300645241787,0.256066094474839,1.51127870196031,0.365314076584995,-0.250850804177892,3.76045422518746
0.326620088697766,0.327292713720684,-4.97446720054685,0.358521745763834,0.254959659098163,1.59741559550202,0.365050709155829,-0.252500468685937,3.73756476435855
0.326961012733424,0.328838241450831,-4.91885944496266,0.358565100712092,0.254015025268625,1.55679690358886,0.364811592961589,-0.254106146938847,3.57340689653664
0.327277258788943,0.330208435731464,-4.9372508198934,0.358825944076839,0.253230527139463,1.5442014807866,0.364536781396019,-0.255655491136452,3.60694782013131
0.327608779952189,0.331421529668936,-4.92602177168484,0.359079166866263,0.252562281631975,1.44571701004146,0.364274846342386,-0.257138814842475,3.59095645193513
0.327950306276908,0.332495640619485,-4.84169872678065,0.359304182921559,0.251944785317009,1.47590041959869,0.364018482191859,-0.2585501344528,3.49623291201309
0.328279209677425,0.333449499838991,-4.71087162300755,0.359578675935545,0.251308463514634,1.55948170429449,0.363753759583595,-0.259889041574282,3.41662456710513
0.328617332937288,0.334303076073513,-4.70927180376734,0.359946810431252,0.250594412824677,1.6404264085253,0.363355597988985,-0.261169829620302,3.37673689482408
0.328951017665697,0.335077203562199,-4.7671611412059,0.360202344284662,0.249768360758924,1.67105324397081,0.36310287010378,-0.262433511757589,3.31510380705672
0.329287074574351,0.335796770224566,-4.82898404157983,0.360444799479962,0.248820489791192,1.72587507114112,0.362830615584681,-0.263747220206351,3.34790286100777
0.329810423297714,0.336498827677383,-4.78159231416728,0.360690490788921,0.247752360989976,1.78693238720401,0.362561943056254,-0.265186738295024,3.35420872358339
0.329832467289444,0.337231883777193,-4.756542037045,0.360950813343343,0.246567962239478,1.8112389293307,0.362560982067248,-0.26680707627196,3.34406637380547
0.330464105092232,0.338042430364941,-4.72373733532788,0.361208779720849,0.245274017579598,1.78291997418838,0.362277890846983,-0.268615253691548,3.2764882569246
0.330501377823545,0.338961763331514,-4.6595529417368,0.361459857731868,0.243881589576437,1.81403310577667,0.362016697358173,-0.270570466076472,3.19399510314641
0.330825850221002,0.339991830621068,-4.69460166947261,0.361665267673282,0.24240313832054,1.85228179243885,0.361731167132452,-0.272609113677657,3.06114419786059
0.331169925444564,0.341096816070301,-4.75897902639527,0.361920519523901,0.240849948138597,1.81909652492254,0.361465480759313,-0.2746640034619,3.09400474788231
0.331531669073951,0.342217198278838,-4.72935253420975,0.362270765077746,0.239240170117824,1.88849628018836,0.361205304514797,-0.276669695274768,3.00945999129399
0.331864592985977,0.34328985735116,-4.64841509975195,0.36251325018938,0.237611800250027,1.8999202427594,0.360792276609391,-0.27857010178563,2.92901666732605
0.332209895443608,0.344253944951323,-4.63271838653509,0.362708583866887,0.236018134190847,1.94097391797219,0.360528838215471,-0.280330304908155,2.87806868559322
0.332560468489608,0.345052912841218,-4.64812365400948,0.362775940085348,0.234503635770053,1.96382083069338,0.360236678649602,-0.281937847780171,2.63592124656882
0.333080260109323,0.345648005306024,-4.65696305699194,0.3631981975975,0.233089511483,2.01914189746133,0.359945743250353,-0.283393090354163,2.4703317426641
0.333437240033468,0.346036209404164,-4.74297012585809,0.363238719765239,0.231778635801174,2.00759398750033,0.359645413523859,-0.284702508146734,2.44242213969407
0.333791055324688,0.346251601269851,-4.6840998257702,0.363470842915243,0.230556329323408,1.96206586199759,0.359369836610301,-0.285877365939719,2.47340993718923
0.334147074623382,0.346349644305418,-4.66297937685283,0.363695701513305,0.22938591109397,1.85400491430425,0.359068685731479,-0.286932514906036,2.45662768402248
0.334494864144966,0.346393500916967,-4.48908244195872,0.363937645012323,0.228218367362638,1.88379840997467,0.358785047608193,-0.287885361197165,2.41336202675991
0.334832422757774,0.346448705185931,-4.37923530154377,0.364268932805598,0.227012645197852,1.90370459148917,0.358483741931357,-0.28875824963115,2.24522942657508
0.335186448537187,0.34658139461861,-4.35606941615236,0.364498748910737,0.225750201197068,1.95895582704743,0.358078705072106,-0.289587917308412,2.14104513134656
0.335545158258867,0.346852488513,-4.22133964593306,0.364736798298816,0.224435398513774,1.98203887649039,0.357773298191157,-0.290437064740387,2.22355678113171
0.335556357965844,0.347293265066779,-4.23857974845401,0.364958613537027,0.223086023521397,2.01550757907275,0.35748998479388,-0.291388684558721,2.15861923851023
0.335884970931473,0.34787457504297,-4.26267721268829,0.365195457079375,0.22172579617874,2.03668861720293,0.357476148047388,-0.292512174065207,2.07052926344622
0.33638687473891,0.34851604937868,-4.27330279549148,0.365422938089714,0.220382733177115,1.99685085962636,0.357172159888001,-0.293827427075687,2.20476086483759
0.336777060803093,0.349135191742529,-4.09414650423615,0.365641461483735,0.219088745654959,2.08157252320959,0.356849234964992,-0.295304809067471,2.23692064271465
0.337128303318547,0.349679408543206,-3.96689659568113,0.365857001480993,0.217876998434753,2.04902182103908,0.356582669750919,-0.296892763839488,2.19128680554378
0.3375079937419,0.350121209984633,-4.04047484158486,0.366031615079725,0.2167733456529,2.10562683600197,0.356274887892181,-0.298536064950309,2.0611410200544
0.337836979280152,0.350444212465717,-3.90806175593789,0.3660746946261,0.215780383016197,2.058504781873,0.355982292512006,-0.300178056953623,1.93471513467367
0.338196986210824,0.350635010109177,-3.76247780964683,0.366398932143542,0.214869409112601,1.99043718721899,0.355680396785679,-0.301762731004524,1.84076001114102
0.338521007959291,0.350678939580737,-3.61290090883306,0.366611505141978,0.213995212870935,1.98517399258144,0.355262556602908,-0.303244839433018,1.82525396227279
0.338907824813552,0.350559611585156,-3.58571789018906,0.366832452818185,0.21311659819395,1.98298306861632,0.354936353464563,-0.304602846531764,1.80970826305506
0.339236827098125,0.350261109503642,-3.61190589122601,0.367055318833398,0.21220140391453,1.96777580980215,0.354644552499975,-0.30584072710892,1.78991238951186
0.339598165293584,0.349772117947004,-3.49454873043737,0.367260306117079,0.211222358620828,1.90860062317461,0.354314283760526,-0.30697731224761,1.56395318346614
0.340108082471277,0.349098318266427,-3.46037983369168,0.367484192190832,0.210154629953044,1.93607793075573,0.354016898631649,-0.308037409086584,1.42785169450457
0.340488379064933,0.348280316540109,-3.36112268579189,0.367685495082923,0.208974794459599,1.93324010519379,0.353676546853798,-0.309050779546265,1.38140503229099
0.340852984554863,0.347398065259518,-3.30635767235508,0.367886115999313,0.207659266063977,1.91327753936872,0.353359696160509,-0.310054226159692,1.37011043192114
0.341212199059404,0.346551117636143,-3.26303814853202,0.368097995700863,0.206184687163295,1.82448903417781,0.353040967881655,-0.311092170372991,1.44979267295857
0.34122196182107,0.345823426388432,-3.27592050760993,0.368391874734873,0.204535020092649,1.81638602555233,0.352737167848245,-0.312216908617389,1.55325757066435
0.341827555354908,0.345258744312215,-3.17734334092175,0.36859123254261,0.202710881846357,1.81944415273526,0.352278270476793,-0.313490098766232,1.57159348252036
0.341902305138895,0.344861512200453,-3.09653356535608,0.368795809274912,0.200729737172299,1.83349735568276,0.352278270476793,-0.314964697615107,1.48501417417978
0.342233832971094,0.344600968445324,-3.03073766506337,0.369001185423618,0.198617854566029,1.81996064708383,0.352276030810439,-0.316636535081951,1.43345270893642
0.342580495835943,0.344410780731413,-2.97884901395939,0.369196883485911,0.196404745076695,1.87641257739157,0.351657202843229,-0.318424103345723,1.49412634539568
0.342930034001471,0.34420533020571,-2.96947244224761,0.369418499083592,0.194123341063789,1.88773689223194,0.351321823701404,-0.320218030373291,1.65488333774275
0.343443991541129,0.343910397996171,-2.96925200639529,0.369609951309871,0.191811263775231,1.86171598491496,0.350986708358621,-0.321935069439162,1.77013328432768
0.343795016933646,0.343486466566174,-2.95266894537795,0.369776399553613,0.189506062434701,1.82708277778512,0.350663899140522,-0.323520416366167,1.75888766710473
0.344162303242723,0.342930585879778,-2.97054834048161,0.369837314960006,0.187232638485012,1.86382124385434,0.350350736540641,-0.324928578233486,1.6847974211206
0.344491119248322,0.342261085113466,-2.96043353503131,0.370128664918777,0.184994648334068,1.92594094486567,0.350006282928389,-0.326117883987595,1.58636366346029
0.344843394457481,0.34150362203929,-3.05724023080888,0.370176543720907,0.1827778353622,1.922733892545,0.349550162477125,-0.327060965075204,1.55423366019407
0.345205930918337,0.340687727796468,-3.12971230766283,0.37044895984897,0.180558183606025,1.85437196904601,0.349216247812252,-0.327758372726837,1.57723599198503
0.345547755866857,0.339848378109011,-3.04731067422514,0.370634953161367,0.178311445749983,1.82999839658571,0.348892818137209,-0.328238229450221,1.60661905421953
0.34589016989121,0.339026116238019,-3.09251423426584,0.37082115639909,0.176022124780055,1.84832468977885,0.348546363651716,-0.328543213726271,1.5192550337521
0.346236176256762,0.338264760170898,-3.11259146316207,0.371008907005754,0.173684987888273,1.82715696916216,0.348233506340099,-0.328720604905964,1.49996524806216
0.346544938950627,0.337611653908349,-3.08768534115922,0.371178614533792,0.171301184831435,1.85954494962036,0.347881647208572,-0.328819929274096,1.47746345296879
0.347078891114441,0.337123165154859,-3.11958451189991,0.371352838905641,0.168875026542835,1.77544200921586,0.347556643845634,-0.328893443956854,1.45770854233101
0.347104178816559,0.336852205551172,-3.14079721982925,0.371512099755083,0.166411847929106,1.74127721291471,0.347224350825458,-0.328990027997615,1.54073012428914
0.347104178816559,0.336800884517571,-3.13075690171048,0.37168586294349,0.163916752089689,1.70102464211212,0.347219465643482,-0.32913727487997,1.47232483167718
0.347764926163738,0.336896593537813,-3.16484447239034,0.371837230335727,0.161394270250646,1.68470708551752,0.346473722317261,-0.329335055427882,1.46878985236601
0.348117327402268,0.337039771073928,-3.12952471434912,0.372004178774893,0.158849767324253,1.76018951825144,0.346467861962233,-0.329571877572028,1.51504975193504
0.348462304588188,0.337158401376922,-3.08215064625954,0.372235962341136,0.156295626357394,1.71815826673027,0.346049094029236,-0.329831215638618,1.60132211005111
0.348798131395073,0.337209494187065,-3.05918699526777,0.372395947881835,0.153759122726947,1.79509841362069,0.345738758289501,-0.330083481309104,1.56163325687381
0.349139532846531,0.337159123131275,-3.10106794085814,0.372537515396569,0.151281584454196,1.83898656648377,0.345404652025242,-0.33028988252611,1.59930775632489
0.349462245069265,0.336973662780785,-3.03795718105805,0.372660221422285,0.148905430322915,1.7646156379697,0.345066595005694,-0.330411483087625,1.63322930719729
0.349803883629775,0.336618515782943,-3.0192623556944,0.37268339421398,0.146655772293885,1.75249020692416,0.344746577238953,-0.330410634055094,1.6510543529078
0.350166704379434,0.336062824499733,-2.98483979791393,0.372833465362529,0.144528129966273,1.80449832616862,0.34440371761792,-0.33025057179454,1.69461234329813
0.350641662304092,0.335293965714337,-2.87324382248964,0.372980766916626,0.14249267772817,1.88707155740968,0.34406226908144,-0.329897545230045,1.73909746377004
0.350986510058501,0.334332150231718,-2.82045240304695,0.373130345282643,0.14050957255799,1.95561820376049,0.343695031399574,-0.329323980671042,1.72841576932202
0.351315904777355,0.333228783579944,-2.75945949351267,0.373274297227657,0.138539838816155,2.08639497988887,0.3434254727143,-0.32851114460859,1.6885313682078
0.351667716201281,0.332051745457589,-2.68752113975825,0.373418031956229,0.136549047465649,1.99707688710624,0.342880388995289,-0.327458586538482,1.75388988798765
0.351983830626302,0.330873960376499,-2.71339583823948,0.373611023125876,0.134510983470265,1.94930968487232,0.342536192489892,-0.326201636549042,1.78741069440965
0.352317142344561,0.329763247374758,-2.68620740712918,0.373735162954722,0.132411472846772,1.9130019259948,0.342207376744316,-0.324816038189398,1.81695779068141
0.352338985787723,0.328762958436139,-2.72261215472004,0.373874412257397,0.130247207250386,1.83120372771083,0.341877022300283,-0.323401802801437,1.90074381344973
0.352960562069554,0.327879464921425,-2.66245498010193,0.374014053349918,0.128021454093334,1.88285022873887,0.341552355236971,-0.322060686548676,1.87215276418402
0.35299503720799,0.327091273430536,-2.69057735143015,0.374152208883773,0.125742435866589,1.85657282971142,0.34154884143829,-0.320866102321129,1.90385956156356
0.353475409981047,0.326362320791172,-2.63188421947135,0.374284085315023,0.123423743729272,1.7852426489741,0.341232483954216,-0.319831330787335,1.86929777889952
0.353804609413885,0.325652211407425,-2.73191838773374,0.374402067902195,0.121083051780309,1.83729031779238,0.34090323534716,-0.318909697803896,1.87031638285335
0.354122415999636,0.324927626216226,-2.6854021642302,0.374510358309959,0.118738853394508,1.78828591185398,0.340557213726961,-0.31802741309877,1.87530025597215
0.354456523418312,0.324164424958471,-2.68070917977246,0.374631816175007,0.116408525796545,1.74546346904218,0.340262842455608,-0.317108826779133,1.86989184304673
0.354778741938719,0.323342364586187,-2.58616150756646,0.374780672866411,0.114109049788138,1.82673180107244,0.339963909417031,-0.316081570265546,1.85875837061786
0.355122377598412,0.322444162445497,-2.57109606668033,0.374796315964206,0.111854091860872,1.75865014534469,0.339477743990496,-0.314884684702259,1.80155173055203
0.355449360678866,0.321457035749649,-2.54221464466621,0.374908302865531,0.109645811485491,1.79612604996657,0.339160407720799,-0.313485245405257,1.70971561658458
0.355747887328353,0.32037069120194,-2.58829104742904,0.375040100779484,0.107473653060569,1.91200292775086,0.338842559005681,-0.311881762065103,1.62766683727152
0.356050440852739,0.319175542753221,-2.46930202345088,0.375156276886349,0.105324052004033,1.93852113312445,0.33854402876142,-0.310089156398943,1.73541529776028
0.356564087481179,0.317873922929697,-2.48890255126541,0.375262853711981,0.103188378143243,1.95161315292026,0.338234423921567,-0.308124392662347,1.82051838171647
0.356877970071313,0.316499578988035,-2.42678899571458,0.375371413575719,0.101063242927494,1.96932542150075,0.337935411058348,-0.306002201783284,1.77497228858744
0.357176587185484,0.315119709363685,-2.36104465873454,0.375473960760055,0.0989483784784216,1.92175272681145,0.337614736938801,-0.303735654381599,1.63439005590699
0.357511616709429,0.313818028902904,-2.30573516367281,0.375562065228202,0.0968443897939354,2.01243718134154,0.337343879085056,-0.301336421106737,1.5496767366335
0.357829628258463,0.312677009242891,-2.38383825872424,0.375641105657326,0.0947496336087092,2.08575327809502,0.337024816081328,-0.298817314330848,1.5289364350139
0.357840314459231,0.311753233924344,-2.31894821393624,0.3757393249779,0.0926588513992154,2.1147045159413,0.33656318095811,-0.296205851248177,1.62870335297496
0.358144636207776,0.311047231404592,-2.35375637841096,0.375866178710832,0.090566942180331,2.13977704542078,0.336265499323504,-0.29356217895821,1.66470239703281
0.358449123706394,0.310500912239125,-2.31973951448975,0.375956507782486,0.0884746663408591,2.03373282472576,0.335974091383437,-0.290974289697794,1.7474294729426
0.358775198974168,0.310026237493394,-2.28572468890507,0.376041459620114,0.0863895530845572,2.02639526354531,0.335960758002061,-0.288520017313734,1.68953620376348
0.35908000676444,0.309533055565987,-2.22689799483462,0.376125748102957,0.0843221794873347,2.11869953625629,0.335680261119382,-0.286227245848913,1.64520250830103
0.359545081722391,0.308947808982487,-2.185495100969,0.376209206278935,0.0822830984361648,2.05538433652621,0.335370904054208,-0.284071594427971,1.63077016377732
0.359869756910257,0.308228717525747,-2.2139466954824,0.376284501602335,0.0802817490807934,2.08427294778202,0.335100199052423,-0.282004628535768,1.64766613033135
0.360172907984077,0.307366395526169,-2.30804837463955,0.376356170455018,0.0783245313117446,2.11950995625672,0.334802853308193,-0.279975518796032,1.70586416194079
0.360482539892957,0.306368945185765,-2.2440005666523,0.376379115074178,0.0764116592770343,2.0494523894675,0.334539161032693,-0.277935031381946,1.72364623416557
0.360798652041017,0.30524892563893,-2.17798251976849,0.376540413595127,0.0745379469507003,2.10067883988015,0.334257477998067,-0.275833781813085,1.8028115940754
0.361067725009984,0.30401818401023,-2.18607702281187,0.37655342046996,0.07269785353925,2.0801464940393,0.333987974860226,-0.273623989837282,1.7302478389123
0.361389215196957,0.302685511133648,-2.10819035127045,0.3766396197779,0.0708867622881139,2.14671751569252,0.333570095845251,-0.271270178961927,1.64029731669796
0.361685463921225,0.301256589738738,-1.95307940857504,0.376713102162579,0.0690986737571074,2.2644270463027,0.333320787465437,-0.268762571790545,1.68834895475991
0.361973313265533,0.299737743538843,-2.0934271110383,0.376778903428451,0.0673267039217461,2.26638887632841,0.333019832209937,-0.266118026923224,1.67654003583256
0.362413013021705,0.29814699882326,-1.93739577735854,0.376849375964167,0.0655647740384666,2.26019746825727,0.332758890284009,-0.263369367845794,1.65051860037101
0.362745868374997,0.296530347279728,-1.9754454545287,0.376913570277582,0.0638077003581278,2.31649370313755,0.332494630903368,-0.260555981435945,1.63988052332168
0.363051735384513,0.294967045928004,-1.9097201465051,0.376977523085989,0.062050998559938,2.33219624383177,0.332243042292145,-0.25771900248824,1.52215248839256
0.363335854163787,0.293552130351747,-1.81162550134643,0.377043215381495,0.0602911724332157,2.34390704102381,0.331989175346341,-0.254893846573368,1.45575026796233
0.363354092055221,0.292359649701251,-1.75899789638909,0.377108483931194,0.0585263406878093,2.37567652317271,0.331983399422651,-0.252097887809645,1.36047916552595
0.363606308811489,0.291407219216683,-1.64547963789936,0.377164018140873,0.0567565890982404,2.44241158183942,0.331342425458282,-0.249332788043428,1.36353850254398
0.363914644066337,0.290652974315139,-1.69069402245114,0.377224566066377,0.0549841245522462,2.47952562681824,0.331327979015472,-0.246604684646576,1.32898610037197
0.364200467410862,0.290024064538346,-1.69898256877161,0.377304728060472,0.0532147642066553,2.44971426361328,0.33108768615706,-0.243925618991087,1.33143228432148
0.364503347595187,0.289442311491142,-1.53551187054859,0.3773554421418,0.0514599470985111,2.39033035554784,0.330839068575013,-0.241295058571646,1.31679052839482
0.364793179917564,0.288832750733415,-1.34084334981185,0.377404458276996,0.0497359232326857,2.39231806320895,0.330603570654621,-0.238697599816136,1.25335656569891
0.365112166650121,0.288128756711899,-1.19414885329041,0.377446256803027,0.0480594712799797,2.38646923439892,0.330352243517066,-0.236114548196876,1.18655787957537
0.365549093507915,0.287285649192856,-1.015474806077,0.377453375882417,0.0464423030049725,2.45854640558996,0.330115539797059,-0.233529507331584,1.11562015113707
0.365861249818455,0.286295992128076,-0.979344087734807,0.377504060765164,0.0448874107009116,2.42801574903582,0.329892327557816,-0.230928057521303,1.11851811315612
0.366148824176197,0.285189122878118,-1.06919271652302,0.377549947749716,0.0433905087959011,2.44976937406,0.329656120999864,-0.228296123697046,1.17634429646713
0.366443247057693,0.284014696977701,-0.976065497614567,0.37759219993626,0.0419444976710762,2.36241676716448,0.329437798814757,-0.225618802555898,1.19055120188525
0.36668904217374,0.282826476050295,-0.997344845183795,0.377628447585835,0.0405417946699826,2.32706107434339,0.329212411407783,-0.222882300913818,1.16679726356312
0.36698141822774,0.281674460031114,-0.887200477445265,0.377669402623672,0.0391744586508678,2.40858994052417,0.328874777556154,-0.22008287388737,1.11466119534469
0.367259472575305,0.280603957976293,-0.774917177902612,0.377723737323861,0.0378353654258914,2.43107019170388,0.328661588128697,-0.217237917218141,0.988066603407251
0.367534278785323,0.279652858433042,-0.632119438336429,0.37776338232968,0.0365204232228053,2.47035841776616,0.328452221070214,-0.214385446184492,0.943447620197773
0.367560581183814,0.278838594257988,-0.602630276234805,0.37780089199958,0.035229168785823,2.42270016507854,0.328235673167708,-0.211572928315665,0.901836128949699
0.368107615350785,0.278150079746527,-0.611462708781046,0.377832806149319,0.0339631558145191,2.47299552492796,0.328013269911968,-0.208850249736474,0.914343356314182
0.368143042443725,0.277557963014679,-0.591178780872727,0.377863241940754,0.0327239495091096,2.46135562825364,0.327800955391398,-0.206266132959404,0.822563848137134
0.368553038050733,0.277026104900526,-0.597233970589691,0.377892601881749,0.031511976734564,2.55888540958998,0.327800955391398,-0.20385278835009,0.769373648890858
0.3688206351407,0.276517706262409,-0.602094975531359,0.377923014835132,0.0303262429749618,2.55075718597774,0.327615637215176,-0.201603912717866,0.65594440224976
0.369115361899551,0.276002558611588,-0.484768486427977,0.377949414050799,0.0291644900339758,2.57928097740594,0.327398503785957,-0.199474941147692,0.678198696757425
0.369350430613028,0.27545663947438,-0.461683836625051,0.377978519955072,0.0280236412286145,2.6134766108032,0.327090094060473,-0.197412147357051,0.604204106662284
0.369637395589984,0.274854249052251,-0.4123001095349,0.378015786811621,0.0269009103911805,2.64665414661408,0.326893336231467,-0.195380521527013,0.474085343348897
0.369900781016843,0.274164778906644,-0.361783603279885,0.37804172010973,0.025795182665811,2.71764850500907,0.32669915143372,-0.19336740781867,0.414074607959851
0.370180094456362,0.273354781419716,-0.363010233838403,0.378070093351338,0.0247070464401506,2.65191081045981,0.326509675996333,-0.191370776888919,0.281427839475128
0.370455881562998,0.272393412443408,-0.362909379696053,0.378074192690984,0.023636711814814,2.63261075034339,0.326319200917786,-0.189389820633409,0.193070380876149
0.370887134112722,0.27126612019171,-0.270109517747326,0.378101196601121,0.0225817132088344,2.69427686697929,0.32614869030853,-0.187421529948072,0.103016090531692
0.371170269352433,0.269990895341967,-0.16366157873111,0.37812593775044,0.0215370691368429,2.70027771996757,0.32595905869077,-0.185459726992956,0.126950442013751
0.371434704224981,0.268618870157603,-0.0426303761418967,0.378148859314775,0.0204974330605331,2.71482128505754,0.325763153427392,-0.183496627315581,0.0707636266656924
0.371716311626291,0.267219228368271,0.0595746494115021,0.378171680265892,0.0194586257472462,2.63175150371642,0.325572117099448,-0.181528119452134,0.041156690850104
0.37197975480255,0.265866364793607,0.138297334257979,0.37819195059573,0.018417917157583,2.75923310826635,0.325299522415812,-0.179562651324224,-0.111054489017057
0.372222217501203,0.26463420101042,0.237315346810793,0.378213945582088,0.0173740018436467,2.53724404419187,0.325124020479148,-0.177628853403022,-0.0894083095840316
0.372481180971873,0.263592185917357,0.257306757211368,0.378230622246391,0.0163270653417668,2.64092097186132,0.324945879353774,-0.175770385590086,-0.127921431024692
0.372731315160602,0.262799000648748,0.380035254355812,0.378254610488234,0.0152790129804624,2.59590131979628,0.324938602033974,-0.174026400803643,-0.116314483204165
0.372777543639231,0.262281886527537,0.397511865842284,0.378269357268216,0.0142337090193085,2.73303303393072,0.324615061529163,-0.172417259201763,-0.198898008131713
0.372779557578435,0.262002653986534,0.507463757674647,0.378283301608572,0.0131967807138581,2.76687690131698,0.324590285759044,-0.170945884603293,-0.17756555425248
0.37327147864871,0.261855378161911,0.609479890757695,0.378301733475861,0.0121752078222561,2.76709902277676,0.324426551198135,-0.169599224977185,-0.26167839023036
0.373685418624761,0.261722090515444,0.658442878930225,0.378312167346652,0.0111771143734716,2.78286769159198,0.324256221782681,-0.168345975223465,-0.291854670473647
0.373953419277779,0.261529900431449,0.747029839799956,0.378320710348824,0.010211259280188,2.74157866899703,0.324097269671085,-0.167142390097345,-0.305137850432507
0.374228136204132,0.261254717887434,0.880329688441145,0.378327949986417,0.00928593009997564,2.70959958386397,0.323899957681463,-0.165944414148192,-0.353611308523184
0.374491796164559,0.26089489249071,0.929596943572626,0.378329489860318,0.0084078942306649,2.83097452390272,0.323651087495642,-0.164720423224232,-0.38393460943733
0.374722166595688,0.260452583568258,0.896548309282848,0.378341521582001,0.0075820624081668,2.84331778655826,0.32347673791799,-0.163460779327399,-0.465475405854575
0.374990009914927,0.259926834098189,0.942685464649243,0.378341532671189,0.00681163444535083,2.84348152061387,0.323319395402063,-0.162176078133396,-0.507987464847888
0.375253757322742,0.259313172917195,1.06971068777548,0.378341712955728,0.00609777559499159,2.90987503419152,0.323158498937561,-0.160886201963898,-0.552288756450617
0.375509812066363,0.258606273481845,1.11378755449453,0.378342889805376,0.00543888402463405,2.87857169195671,0.323007083349021,-0.159611608244144,-0.637745232949426
0.375769777806954,0.257803903056745,1.17773857198543,0.378348015176383,0.00483073962212538,2.86053516230473,0.322847635779044,-0.158370587922472,-0.693527204355135
0.37616015878867,0.2569171440012,1.24913856176215,0.378356240169356,0.00426781279153948,2.952632079102,0.322693397582068,-0.157179337917965,-0.712885965212669
0.376429493468025,0.255983625141401,1.16445556006103,0.378357769830823,0.0037445278877683,3.00479776659866,0.322536103709691,-0.156052685494128,-0.76325232446941
0.376667644869401,0.255067728003276,1.1892787440492,0.378363459832692,0.00325565807331209,2.99007557756623,0.322380153825936,-0.155004944349987,-0.910779893153153
0.376939138194702,0.254242738774543,1.20159769263466,0.378366048129891,0.00279622164241479,2.99812877270618,0.322219878494566,-0.154047985337149,-0.902922208124563
0.376950921948808,0.253562000809017,1.38076508496821,0.378367814583281,0.00236131106307148,3.01290649160385,0.322216734934696,-0.153184893535043,-0.948420413132597
0.377182449974559,0.253031959680032,1.58683890611874,0.378368844894268,0.00194584144908864,2.96732916729206,0.32183182756137,-0.152410534640405,-0.976271901365928
0.377425116037053,0.252608929613947,1.6748766223085,0.378370791719628,0.00154431244893417,3.01746970609659,0.321825057674559,-0.151721960716,-1.01697624478194
0.377685963596261,0.252221237068744,1.87646987355031,0.378368672149054,0.00115065898822774,3.07671411225579,0.32167942554056,-0.151118048888674,-1.10442860764422
0.377949030331945,0.251793718877059,1.85871556284437,0.37837112753488,0.000758222080783282,3.18220960329305,0.321526696792579,-0.150588219701008,-1.20094133154141
0.378331264179536,0.251266432983746,2.03751118929622,0.378372241842359,0.00036008513507864,3.24321024640686,0.321378580913587,-0.150111332277744,-1.2236512471528
0.37860005340506,0.250608897172251,2.11507854730203,0.378375958610546,-5.03056992551565e-05,3.3109587748957,0.321235158066999,-0.149662209076318,-1.23492917835771
0.378847820649557,0.249819992178248,2.20630272066367,0.378373411438566,-0.000478834202508835,3.33913160171123,0.321086421313324,-0.149214061504626,-1.25861081769552
0.379091783711606,0.248913520500533,2.38072588817037,0.378373938394425,-0.00093087115865375,3.31695057505305,0.320934749681469,-0.148738892312286,-1.2884452208755
0.379327462034265,0.247904325633423,2.50158152541911,0.378376424617796,-0.00141126732066537,3.32808888246404,0.320781816281129,-0.148209100609485,-1.29367406996545
0.379552215949583,0.246801427700549,2.58002404102494,0.378375909293583,-0.00192398734779264,3.40662509173117,0.320620716289002,-0.14760083311282,-1.30933604391589
0.379784408241501,0.245605452720395,2.63935176148068,0.378373326030509,-0.00247200807811633,3.47328004655881,0.32040522982657,-0.146900352236173,-1.35865194020752
0.380045373819945,0.244310079278379,2.71282379811922,0.37837226577588,-0.00305759608548242,3.47083317947328,0.320261296958372,-0.146109861234406,-1.46467116856779
0.380282697327741,0.242909072039655,2.81608864794547,0.378370490420968,-0.00368240645649671,3.54902623155278,0.32011037446911,-0.145246105746001,-1.41699552554817
0.380667324864907,0.24140973020058,2.88293431592194,0.378368065904027,-0.00434733824633286,3.43168693092535,0.319960109039088,-0.144333675841365,-1.45443844769153
0.380897404724119,0.239846144983253,2.92379523380593,0.378362919536007,-0.00505256998442817,3.3870428838132,0.319815227480032,-0.143400251292573,-1.45581652020506
0.381158731854469,0.238279652845443,3.03865982757679,0.378357618619298,-0.00579787056521906,3.41836046486216,0.319678494249532,-0.142474601261221,-1.42823046851489
0.381401889750482,0.236783671966407,3.17924107206429,0.378351364829068,-0.00658298879973995,3.46909036848458,0.31953704109923,-0.141582434232405,-1.50651426446908
0.381416451831935,0.23541728650773,3.3242076378778,0.378339728227713,-0.00740805035373795,3.47759898096762,0.319533333220991,-0.140738260112961,-1.55081542312569
0.38164257064052,0.234199325990603,3.19175080216483,0.378335799274173,-0.00827372832632224,3.47252483357649,0.319232498575728,-0.139942517330425,-1.61422076479881
0.381878630049544,0.23310531970243,3.22912079301577,0.378326165006216,-0.00918091637632617,3.37663782843777,0.319219007946512,-0.139187523097237,-1.62493482578047
0.382092778222537,0.232086660861306,3.24722487558433,0.378317355919237,-0.010130383250628,3.33189612847844,0.319094866793519,-0.138458904796245,-1.63187631916547
0.382322370596429,0.231086986785807,3.38748247203086,0.378302558893427,-0.0111228706883453,3.37355709723944,0.318888764059902,-0.137734523094703,-1.65121968761375
0.382583416743107,0.230048938770918,3.4923893539576,0.378299201142611,-0.0121591687901183,3.3475254645365,0.318753953600444,-0.136993296360537,-1.68434782495893
0.382809516211694,0.228921083521113,3.58325558825269,0.378276769509077,-0.0132399231386773,3.44897911534461,0.318612839045171,-0.136223198507916,-1.6952135492645
0.383168910460883,0.227669307337309,3.7918790017881,0.378275056419182,-0.0143652428369694,3.50319472715226,0.318482415032242,-0.13541826557901,-1.66884728310353
0.383401419126247,0.226287481212,3.84207951134134,0.378262473355904,-0.0155338631868371,3.51798957546014,0.318349081539489,-0.134573108238712,-1.63427292883161
0.383631524427188,0.224796300324517,3.9278555368927,0.378245651034011,-0.0167426102340151,3.49201676488257,0.318222748102556,-0.133680857706473,-1.70605628485038
0.383852179075596,0.223230736071569,3.94783349366883,0.378227394150462,-0.0179871268668046,3.44482067139717,0.318076760127878,-0.132733548721538,-1.71369119293304
0.384083402652828,0.221629393648837,4.21302308665836,0.378207685021844,-0.0192630227215213,3.44153231144621,0.317948180397471,-0.131723542060071,-1.64395722599989
0.384279478853297,0.220030063505395,4.23393919821382,0.378187048799903,-0.0205664466526117,3.49003907194731,0.317817480952315,-0.130645301689853,-1.70023709855412
0.384497616603729,0.218467563835694,4.34088809487112,0.378162383690389,-0.021894511532112,3.51330669784589,0.317625540494495,-0.129499613978573,-1.73050320504656
0.384737772725281,0.216970768840523,4.37152068498499,0.378130155486204,-0.0232461728774453,3.49079486094092,0.317490642590639,-0.128299595378189,-1.7579726658631
0.384749755073255,0.215554673972996,4.32276865934741,0.378106529757689,-0.024622961126309,3.53129932137725,0.317358046930437,-0.12707192591711,-1.76756053416845
0.385163777038198,0.214214231863101,4.43235807135592,0.37808124236802,-0.0260284600979876,3.46426309063255,0.317221261858541,-0.12584988643719,-1.70326054402314
0.385184987283302,0.212929177034469,4.48490399272857,0.378058852564856,-0.0274667852453569,3.4318962353804,0.317221261858541,-0.124659250868259,-1.74524659420037
0.385505573910379,0.21167186427201,4.49042969738425,0.378029629281363,-0.0289414016664651,3.42588375214741,0.317106462890975,-0.123503511183962,-1.78377811718024
0.385721266871038,0.210414159493442,4.60400436192281,0.378003343272189,-0.0304548410585832,3.39082627104143,0.316980103918867,-0.122362131785033,-1.75970105058796
0.385931432754383,0.209134678227572,4.69107560784528,0.377970109757414,-0.0320090287806347,3.4074014760983,0.316839376886065,-0.121203492839804,-1.81235075941053
0.38612310297046,0.207818075175491,4.62912476478307,0.377933470685727,-0.0336058541479917,3.39849673848136,0.316716885138874,-0.119997123458946,-1.82525994255229
0.386329762986341,0.206448373124198,4.64780819199265,0.377907039664059,-0.035246685783168,3.37640041166651,0.316598989253764,-0.11871756030039,-1.82660151130951
0.386537822861968,0.20500687377989,4.67331058647242,0.377900747957317,-0.0369295500790519,3.22349805981777,0.316428445363868,-0.117346265573783,-1.80293073612624
0.386755170373317,0.203474888016562,4.74897043451146,0.377853508962652,-0.038646883798692,3.16150553369362,0.316315250849828,-0.115874607063547,-1.90448171770269
0.386958394063018,0.201836338494365,4.79187092873257,0.377796196010217,-0.0403882273377758,3.20406710598393,0.316204908552895,-0.114302841414954,-1.82695445188348
0.3871581630397,0.200077846809577,4.84759056234737,0.377755560246428,-0.0421453215910815,3.15163028025352,0.316089100432196,-0.112634832660026,-1.86814216627572
0.387356840922075,0.198189531186631,4.92859023209814,0.377710345737795,-0.0439136529177967,3.2525157161369,0.31597967602867,-0.110874590533503,-1.83885802635058
0.387677859768429,0.196173787451833,5.03252029039619,0.377670455739003,-0.0456903190699498,3.27835006505016,0.315861071773956,-0.109026400589719,-1.89668311039526
0.387895309192441,0.194058478380688,5.09137261451665,0.377629375902351,-0.0474716682599478,3.27415840451433,0.315754106162586,-0.107095887393624,-1.84495111202544
0.38807671267718,0.191897751236997,5.13833748756962,0.377580017190015,-0.0492523960097497,3.23183731763009,0.315642217758114,-0.105091325978088,-1.89065797324914
0.388238103135425,0.189756931418253,5.24493722595735,0.377527211456742,-0.0510262741487352,3.22702807786841,0.315494584936443,-0.103026650643097,-1.90491545897565
0.388430740330063,0.187694875767173,5.25855773292157,0.377469361244092,-0.0527882638475296,3.33076606771942,0.315402818493002,-0.100924378403382,-1.80960555534256
0.388435172420077,0.185747147209954,5.37414453956606,0.377387575320217,-0.0545376640181159,3.42897848582156,0.315300894751741,-0.0988141084305398,-1.83129010934309
0.388607376326401,0.183911512344908,5.47158635476097,0.377332149156661,-0.0562806065283441,3.39060957013331,0.315205450654417,-0.0967261540128028,-1.85670272450636
0.388824949557866,0.182151394745371,5.55994737555302,0.377273785405074,-0.0580291574507621,3.42933307456945,0.31520294454141,-0.0946816778037673,-1.85409101465754
0.389001455279362,0.180416524351207,5.56365781354712,0.377225313912364,-0.0597975555891758,3.30705318875888,0.31511025712118,-0.0926834121778506,-1.73305196884407
0.389178848506556,0.178658940602425,5.53146542350433,0.377158010912163,-0.0615994374495188,3.29996524091525,0.315019468745089,-0.0907157952679221,-1.74605359390719
0.389435290238945,0.176840344798655,5.57204108995913,0.377095943906241,-0.0634476014586299,3.25424041086102,0.31492766496989,-0.0887543425412542,-1.8033248101276
0.389630686029125,0.174939116337562,5.59149335323098,0.377040902577434,-0.0653530730387312,3.25344259882046,0.314828219373908,-0.0867739173506518,-1.75498683467514
0.389800839500364,0.172951687689661,5.72349855829205,0.377031039467653,-0.0673200150034683,3.22783060600828,0.314748304480334,-0.0847520940464726,-1.74089633830016
0.389966949044489,0.170884246173678,5.71056271697484,0.376962950867653,-0.069340229230159,3.17245867749605,0.31462583499049,-0.082671431326553,-1.68500074129047
0.390126525721947,0.168743432564112,5.71153035812672,0.376882203159822,-0.0713954280835132,3.15637895709389,0.314545644209123,-0.0805219127847426,-1.72752411034807
0.390289405162799,0.166532494580464,5.80019218758308,0.37677363294407,-0.0734671634185991,3.07566686247761,0.314461268397415,-0.0783008535599894,-1.75980662911923
0.390462215469399,0.164251967107239,5.87841992194134,0.376698124687271,-0.0755448841313342,3.13134455297803,0.314382173027034,-0.0760101728456626,-1.73800271488703
0.390630142054436,0.161902161091278,5.90633835230302,0.376622539129796,-0.0776260538240582,3.10890124652905,0.314299999897781,-0.0736543995356152,-1.68036168305603
0.390785870647317,0.159486258537234,5.98115928888091,0.376544205660008,-0.0797117399874906,3.04908676801143,0.314228436710926,-0.0712404665775624,-1.72109643745437
0.391030515314311,0.157016401486169,5.97906280417874,0.376465038102222,-0.0818033156668107,3.03923994555297,0.314144393660885,-0.068778233588235,-1.67628637473466
0.391190731548784,0.154521279701938,5.94639436320257,0.376386142304708,-0.083901377640443,3.06922604287973,0.314073239405309,-0.066281200490605,-1.59728010441493
0.391338848686565,0.152043455798289,5.9520622265779,0.376298666566769,-0.0860055755163427,3.07183902559994,0.314006333017906,-0.0637652869448087,-1.57569814892803
0.391350433891703,0.149620043578769,5.99513260834398,0.376215500368965,-0.0881147545422916,3.08034981666013,0.314006333017906,-0.0612443499242738,-1.56242943490195
0.391491118852649,0.147261890846444,6.25688040780235,0.376126209163917,-0.0902274546979979,3.01412612694564,0.313865554942635,-0.0587279502171813,-1.51372895497042
0.391641888950177,0.144952294211788,6.2264573752897,0.376016387419881,-0.092344544070507,3.06207074924517,0.313861886365618,-0.0562242096415714,-1.43947696072184
0.391817102913492,0.142663607464536,6.16499802403292,0.375865245697185,-0.0944754642951929,3.05825940877075,0.313808821771501,-0.0537402580206471,-1.39866500219076
0.391963118179931,0.140371618186439,6.22294739613714,0.375781079697935,-0.0966415730839401,3.04996944742877,0.313757736048879,-0.0512790156215679,-1.37134468608382
0.392076011983193,0.138057046686052,6.21272824218725,0.375764702875332,-0.0988669935400006,2.98161356376185,0.313704350856653,-0.0488394110570782,-1.36917349521336
0.39222705408796,0.135700733215126,6.22138878357137,0.375670118994931,-0.101163362092402,2.99219239230685,0.313659944984184,-0.0464194288050598,-1.23277402182412
0.39235369637958,0.133282988228393,6.31119169467592,0.37557148144105,-0.103525289264554,2.98619621610065,0.313603620618198,-0.0440180538633538,-1.14500115898587
0.392565373429683,0.130790564914101,6.32781708139855,0.375468975088391,-0.105937291993442,3.00952539264563,0.313556311404443,-0.0416363777393123,-1.17265599285508
0.392696977456764,0.128225001499877,6.27330001818201,0.375367700494493,-0.108380088621324,2.95975359885135,0.313522634116241,-0.0392775379807824,-1.15216628088634
0.392822304075939,0.125602989432767,6.33851593901878,0.375259229212568,-0.110832096869021,2.93724267891412,0.313487212429843,-0.0369450041401975,-1.09021713761599
0.3929527124224,0.12294972078192,6.29117847628116,0.375156618252915,-0.113269500087283,2.95110203104628,0.313450175825381,-0.0346411981925521,-1.00343818928964
0.393091793767789,0.120294477377198,6.35779355104756,0.375026474605005,-0.115668560651213,2.87740688435286,0.313416529937923,-0.032367712048625,-0.961555974159502
0.393201345942887,0.117669798247909,6.36976394894528,0.374846381411811,-0.118012342463754,2.77360114638648,0.313385611632072,-0.0301258424038132,-0.91064532009045
0.393304617031545,0.115106993321568,6.39451080336422,0.374739432061222,-0.120296779294435,2.80162476558306,0.313364200710772,-0.0279163669400586,-0.959611283067006
0.393310393965943,0.112622343734806,6.44909214758981,0.374626623186458,-0.122528077293789,2.7535238681347,0.31332828687196,-0.0257395274811955,-0.915955834583502
0.393310393965943,0.110199612775384,6.4895479894325,0.374503450004749,-0.124714856292678,2.75396958930342,0.31329980483481,-0.0235961971864544,-0.988230321802252
0.393522503172018,0.107790288111994,6.55179235928929,0.374373029440122,-0.126864558698254,2.729695327029,0.313276940913947,-0.0214886347066974,-0.961817995687764
0.393700571351335,0.105340715378073,6.59713907415641,0.374240988858424,-0.128984964921141,2.77715802177288,0.313276761772143,-0.0194187877671417,-0.95074891168001
0.393815516663775,0.102819039042722,6.51781802166885,0.374100219751853,-0.13108635500685,2.6781174754536,0.313252655968829,-0.0173858177272076,-0.992288714031502
0.393918316290828,0.10021707956416,6.55249388729519,0.373967841725873,-0.133182498357167,2.76351128918058,0.313238960594238,-0.015386062977328,-1.01762089580053
0.39401767920998,0.0975377852635491,6.68455798706344,0.37382398062928,-0.135291672084522,2.73401414301716,0.313218266260196,-0.0134150947355957,-1.02131531137289
0.394110015155186,0.0947863036465336,6.70642439546954,0.373635702461377,-0.137437754840816,2.77616053224375,0.313206626477629,-0.011469406370987,-1.04925948751089
0.39419427379577,0.0919666095784608,6.71064203870176,0.373621298942062,-0.139644279964791,2.7877120697447,0.313188541838716,-0.009547031513379,-1.07886853924275
0.394285969751352,0.0890803216084503,6.72705952515757,0.373505446469424,-0.141919611476434,2.77906287839455,0.313184903437176,-0.00764748315124026,-1.04176277112058
0.394371159129999,0.0861268721552182,6.63668093899711,0.373355051223538,-0.144249698129336,2.72630240447434,0.313172989756226,-0.00577131701664484,-1.12159790796022
0.394452520796898,0.0831049818348432,6.55214855036538,0.373193689361087,-0.146607940042967,2.62196411089339,0.313168450561163,-0.00391978580623822,-1.10695885958048
0.394575617500518,0.0800163682148392,6.57252005992149,0.373035161902402,-0.148968431813543,2.5358602172151,0.313167302130961,-0.0020943188162724,-1.10540934013973
0.394663089074134,0.0768707741907901,6.52075300825456,0.372886390403338,-0.15131044207468,2.50538228816215,0.31317956677459,-0.000295007547857585,-1.15648052348108
0.394740178359318,0.073687375868751,6.50776107609269,0.372735743296103,-0.153616420335351,2.61776191016927,0.313182219288285,0.00148105273135213,-1.08270535370062
0.394808442088547,0.0704908252973779,6.5585241457074,0.372586651296533,-0.155868885160591,2.56425803954771,0.313181169228549,0.00323954360421145,-1.14928539512768
0.394869405138873,0.0673062865695116,6.3952172694019,0.372435338801227,-0.158050173084888,2.56386684312598,0.313182481702096,0.00498698077022115,-1.17480584352181
0.394935084998931,0.0641558798386349,6.32787196901645,0.372186297804358,-0.160148938945212,2.48546351576215,0.313190317320045,0.00672918946657247,-1.21305141392489
0.394938709785638,0.061055062919247,6.40388354408995,0.372021499235555,-0.162169885349902,2.39902544310005,0.313190480765374,0.00847077681161268,-1.22352598633252
0.395042770511849,0.0580105121933157,6.43126640240662,0.371852235588989,-0.164135758599115,2.47675125462995,0.31319677633781,0.0102144673999894,-1.18917530639402
0.395052323410701,0.0550213810568719,6.3919057208339,0.371678417005268,-0.166080647885463,2.52830762552639,0.313196978650251,0.0119599921204529,-1.22357815685699
0.395100810289581,0.0520809067184505,6.47176294591068,0.371504759012485,-0.16804389058243,2.53743720878068,0.313205914944977,0.0137033194813097,-1.21834485804495
0.395187232244136,0.049179061657513,6.51690591471763,0.371351294853317,-0.170064409864882,2.606257290994,0.31321835110463,0.0154373186099507,-1.23281930496856
0.395242059902333,0.0463087215110647,6.49923426819352,0.371311217113254,-0.17216956680244,2.62694619287787,0.31325424848336,0.0171544476829202,-1.14368574614606
0.395285564523598,0.0434694152804239,6.51491682866778,0.371045626508678,-0.174365399520217,2.55398492075423,0.313270662913938,0.0188497687182553,-1.11925328984653
0.395324649761792,0.0406646321164359,6.43613056432619,0.371019313999132,-0.176635173090856,2.61526833558696,0.313289841101476,0.0205215092608236,-1.10055930577011
0.395354132964189,0.037897445736207,6.54258360806844,0.370824882092256,-0.178940383963388,2.66790792857337,0.313313335772698,0.0221694656846874,-1.04789924525286
0.395390174095872,0.0351684881475997,6.58761006114646,0.370623906480912,-0.181227228376032,2.7676989507125,0.313332615763857,0.0237935666641029,-1.06888452564355
0.39542651019627,0.0324764361600887,6.58233457121632,0.370349007925471,-0.183445605819631,2.76606490936488,0.31335472260297,0.0253930812932203,-1.16620495217869
0.395462055733296,0.0298199163929281,6.54656099766726,0.370155870129327,-0.185566786450694,2.77574572423991,0.313378791951424,0.0269660500674391,-1.11571937591591
0.395497420036792,0.0271993315013247,6.46023109184404,0.369966486907445,-0.187584078413199,2.80999580089607,0.313404875968735,0.0285091715270279,-1.1381217530073
0.395524497271168,0.0246177825199815,6.43150703322326,0.369775472907337,-0.189502658601364,2.70323703641892,0.313434993529577,0.0300187025255978,-1.09748888708614
0.395557777098181,0.022081359600522,6.34462638341312,0.369575996768964,-0.191331929179704,2.63106230374425,0.313492467616892,0.0314930020854388,-1.1373303055061
0.395579732657786,0.0195990278882994,6.37482361116743,0.369396551431191,-0.193082327932674,2.61627456974518,0.313521975546238,0.0329353164473699,-1.1133456274077
0.395592389377544,0.0171812804491709,6.33272273968641,0.369222087645628,-0.194761966378809,2.57306009680815,0.313558848561113,0.0343537955602532,-1.05576014988919
0.395593124994638,0.0148373268225263,6.27882749573986,0.369027989250254,-0.196373680216755,2.57370328226202,0.313590899245123,0.0357583092814069,-1.07147417007234
0.395611136312127,0.0125728575098084,6.1044436272574,0.36882350745394,-0.19791809940076,2.57254580331433,0.313592560585192,0.0371556354220192,-1.11270233684193
0.395611623526786,0.0103898473632202,6.18523181877316,0.368511936309237,-0.199405586848845,2.55741574691186,0.313627904521719,0.0385453726238954,-1.104336228787
0.395618838403245,0.00828717881353629,6.22320829941768,0.368317071675277,-0.200868485126698,2.47484634422105,0.313670073149123,0.0399198030123088,-1.08570435693567
0.395623862464015,0.00626119729050857,6.24584252900953,0.368118553803141,-0.202359666029698,2.4523183199699,0.313699480105567,0.0412668692189731,-1.15255802750453
0.395632428962776,0.00430675568129256,6.26874957605651,0.367941179209843,-0.203935555490366,2.52984142741475,0.313743939884871,0.0425728129229545,-1.17766683514109
0.395635366174566,0.00241840970023485,6.32182093281361,0.367910684016281,-0.205632129401852,2.65523047994221,0.31381582477636,0.0438253442583313,-1.17716099168444
0.395634223460278,0.000590742677530832,6.33140174451083,0.367697229664468,-0.207447209305696,2.7029639281066,0.313867982238301,0.0450177768936213,-1.19158619542638
0.395632878145965,-0.00118213440007289,6.38254990973039,0.367491873168651,-0.209343076006108,2.67947556480903,0.313908147495291,0.0461499081294548,-1.22993184906265
0.395627538631741,-0.00290706771732622,6.39486983081501,0.36731425159473,-0.211262836647624,2.59418704635899,0.313954650379281,0.0472247003928688,-1.21268044033162
0.395625744420489,-0.0045918659556333,6.47587269946103,0.367080289482263,-0.21314435727797,2.58690337333877,0.313999635094027,0.0482451755568358,-1.20703145699031
0.395617101390913,-0.00624505013039634,6.71638409376165,0.36675151938293,-0.214934456023506,2.66987448637736,0.314054336621847,0.0492138843649142,-1.22963298523568
0.395610003193236,-0.00787569027842515,6.73299314184392,0.36652494878978,-0.216603792399001,2.87387231980334,0.314098729348411,0.0501334007252155,-1.20258489902794
0.395602853632335,-0.00949318415482558,6.8313557672496,0.366316516080095,-0.218147875702993,2.98119826009006,0.314151448599352,0.0510064168883567,-1.25525642279359
0.395593758547002,-0.0111067888052569,6.82646525828932,0.366088062465645,-0.219574673857569,3.00015803886475,0.314205710075599,0.0518365810869653,-1.20958475411916
0.395582244730591,-0.0127252942622474,6.69383437831069,0.3658793574314,-0.220894285463782,2.92714033709995,0.314298153289902,0.0526309632548943,-1.22671177926681
0.395567021273788,-0.014357183928986,6.79403495942685,0.365663435443809,-0.222114879802663,2.91645983805908,0.314299366950413,0.053399994383042,-1.21213235469986
0.395552563332025,-0.0160106724720215,6.7991199819584,0.365459272055334,-0.223240810183634,3.04965097083848,0.314351681755276,0.0541510053760953,-1.23328415674163
0.395551437158093,-0.017692556067162,6.95768381441422,0.365208963966589,-0.224275494520546,3.03855405190595,0.314351681755276,0.0548807379481382,-1.25330835044376
0.39553472043714,-0.0194063203343517,7.01779896644546,0.364875940104597,-0.225233633590924,3.0434068106686,0.314456388165164,0.0555756875381688,-1.29847466646097
0.395521568609286,-0.0211513050070391,6.98001061429655,0.364643637246642,-0.226154496732254,3.02453838516324,0.314509522485782,0.0562200582805456,-1.33022519899392
0.395502734152739,-0.022923320143688,6.91218948235967,0.364418793995245,-0.227100965179414,2.98992277208488,0.314570174333725,0.0568020679527796,-1.35878718005495
0.395478190374767,-0.0247156932399202,6.95348461771534,0.364214149929538,-0.228141784511332,2.87899715379745,0.314623047698427,0.0573134663546301,-1.36420034930843
0.39545763029427,-0.0265203509741538,6.94984514325166,0.364181181197208,-0.229324834826204,2.85215264706464,0.314679465013868,0.0577466833299515,-1.37554282781877
0.395415845285452,-0.0283293930220089,6.98085705894431,0.363954469115036,-0.230655668011902,2.86929496070551,0.314743737212676,0.0580940891497317,-1.43284811155662
0.395383015479139,-0.0301370724311849,7.01213245699649,0.363724546870979,-0.232099402401996,2.90403076415679,0.314802750184224,0.0583495566490091,-1.48791401677957
0.395351186312216,-0.0319407600779577,7.05229313614703,0.363486180129594,-0.233600797570704,2.93255762725336,0.31490062509163,0.0585119250703638,-1.50056697599337
0.395314764944198,-0.033740305266319,7.02594932536185,0.363292413719856,-0.235098203862111,3.01480947217776,0.314959890884665,0.0585883832126729,-1.52622614930618
0.395279417112246,-0.0355370821508326,7.08552224354637,0.363016691661453,-0.236529195702674,2.99988120692934,0.315017885795774,0.0585939867457516,-1.60490533109805
0.395243063071501,-0.0373334922896427,7.08208428579647,0.3626582457324,-0.237843422083931,2.98317177541028,0.315078295283446,0.0585476832081925,-1.63271882529309
0.395201294137937,-0.0391327796645822,7.15155482774861,0.362415556678391,-0.239018073548842,3.08608851489646,0.315131841434267,0.0584690396216167,-1.66132432783854
0.39515999497415,-0.0409390882107974,7.32919882869683,0.362174999706931,-0.240057695421538,3.06129891542843,0.315192335193071,0.0583770060504403,-1.68335112920629
0.395119246296656,-0.0427565894029618,7.31854326007926,0.361926676731322,-0.240980940958957,3.06826443461349,0.315241914454814,0.0582881836049619,-1.74121330965017
0.395116991695959,-0.0445872630603853,7.28963533499805,0.361686801339012,-0.241810821757914,3.0237350939934,0.315241914454814,0.0582118314017119,-1.74607790452298
0.394997968783789,-0.046431318584434,7.26118137718507,0.361439672799593,-0.242572280080079,3.181862603952,0.315298401766436,0.0581443651619037,-1.77193677046352
0.394995255891127,-0.0482905592866327,7.27882300970053,0.361192226078726,-0.243291648534217,3.25700914874719,0.315360018425234,0.0580709683639966,-1.78246043567113
0.394956536698055,-0.0501673644215523,7.32492154948292,0.360972336793147,-0.243994170546956,3.23673194631565,0.315456025808955,0.0579750830788522,-1.86208702290189
0.394903441780576,-0.0520598705254989,7.38744791672678,0.36076037821999,-0.244695890093665,3.20893292722023,0.315515110475352,0.057846972494328,-1.8036199535345
0.394856211732995,-0.0539610825557809,7.39908300411806,0.360663578079965,-0.24539397701528,3.16871564126621,0.315574524442525,0.0576848566748909,-1.88373436676612
0.394805006541431,-0.055861083710338,7.40086842759341,0.360126578106375,-0.246073473618314,3.16108246820222,0.315631463856837,0.0574910351675163,-1.86137945933986
0.394746855002864,-0.0577482665541859,7.45131017590259,0.360048088767075,-0.246730893612444,3.15940018007003,0.315683360265002,0.0572682982972608,-1.85507365083743
0.394687560825332,-0.0596107147360046,7.32383594876029,0.359607873939675,-0.247386203804398,3.21214424016466,0.315739907392958,0.0570184508416455,-1.95023788089514
0.394595599220425,-0.0614394511920376,7.28940834678847,0.359563129741725,-0.248069905002942,3.15161030539204,0.315800530271231,0.0567422852114287,-2.03966380738697
0.394532338697827,-0.0632317844890336,7.41201860834612,0.359311171808905,-0.24880054646859,3.16438804578844,0.315848243863466,0.0564397233854261,-2.00929787942023
0.394468471771008,-0.0649911496945288,7.44478733811928,0.359056251860944,-0.249574014337286,3.12830880061064,0.315900345770931,0.0561097281788534,-2.03980705279263
0.394409779212802,-0.0667235118145057,7.50780230435841,0.358819937804736,-0.250370478805956,3.11065744716612,0.315987166499048,0.0557520426887543,-2.08651022833639
0.394338836614088,-0.0684343793726541,7.5719300540287,0.358591234023377,-0.251162605472263,3.18699563382305,0.316041556739352,0.0553706370857142,-2.08373876710246
0.394271921580285,-0.0701282597457505,7.57856985683017,0.358356125302501,-0.251915607283402,3.12532426712421,0.316096625272658,0.0549745845489202,-2.11932956141602
0.394202827481949,-0.0718089835908825,7.61195774080948,0.358085145681145,-0.252588350964001,3.17534775379792,0.316150669151824,0.0545755372984733,-2.17098091810926
0.394129854882774,-0.0734806388468118,7.66966117902687,0.35780892725336,-0.253142685199079,3.03139466667433,0.31620573482269,0.0541855662022315,-2.12115199982804
0.394010908161166,-0.075149883826762,7.69278045547247,0.357415262887149,-0.253559892704325,2.9895258072873,0.316261474433749,0.053815890831973,-2.18046263135681
0.394000083624897,-0.0768266407234797,7.80996040736617,0.357165731810826,-0.253854009584719,2.94017338819389,0.31626413003708,0.0534731515776697,-2.23468170367207
0.393864288373657,-0.0785211927311705,7.86424220905392,0.356896328093711,-0.254069298231692,3.17493020661131,0.316313049101678,0.0531542421886863,-2.26583521532477
0.393851197856114,-0.0802403677986507,7.88766488466959,0.356639648424836,-0.254266581556674,3.11200251235628,0.316369550388491,0.0528459375324538,-2.27300563438593
0.393771948503902,-0.0819838076765167,7.88122157216772,0.356371523615311,-0.254513504663852,3.1022655873636,0.316421531242026,0.0525305839654626,-2.38775728157705
0.393691685992683,-0.0837423099347368,7.87901605379225,0.356128712619341,-0.254879791639976,3.16629633202797,0.316508641113886,0.0521930217995006,-2.35958652085905
0.3935991888721,-0.0855013423766034,7.83557139827424,0.355941654266001,-0.255425357545501,3.07198733143665,0.316561993217079,0.0518249789658948,-2.50154265493008
0.393512173125935,-0.0872459636571994,7.87662335770275,0.355904135008155,-0.256175258788206,2.98914854716575,0.316612593364214,0.051425039152893,-2.49217003721589
0.39342575304525,-0.0889625422085933,7.94177200422451,0.355645981702112,-0.257099345681273,2.98195355590148,0.316665665313157,0.0509953970780463,-2.54871809812292
0.393329449462359,-0.0906384745136903,7.94889289092799,0.355365864998335,-0.258124113552482,2.93650619846888,0.316719394463227,0.0505395873677377,-2.54578839585059
0.393243056560631,-0.0922626350200104,7.97592165089764,0.354961093254076,-0.259172247410493,2.87588886489337,0.316775136419538,0.0500625140955602,-2.58398597441788
0.393106632289177,-0.0938280206623825,7.83875937942347,0.354712158906383,-0.260193855976825,2.79634198621904,0.316824889786678,0.0495707796067432,-2.61087612364849
0.393020315494275,-0.0953348876714532,7.9291730984128,0.354443983773076,-0.261168010111801,2.69715681280135,0.316870914026136,0.0490721153185182,-2.65795663798696
0.392918098725994,-0.0967904870369483,7.92428085220829,0.354177695752902,-0.262088022714357,2.61872029291133,0.316924749316176,0.0485744816586267,-2.62192305096209
0.392818645421628,-0.0982061248406035,8.00176450551812,0.353916286324821,-0.262951103221377,2.49867559786585,0.316963450870675,0.0480858705386094,-2.74185440049466
0.392708462896395,-0.0995961492276115,8.1285158812951,0.353657761457181,-0.263754455923529,2.55537683789718,0.317038804526255,0.04761481089169,-2.79174682437284
0.392588837373602,-0.100979472916892,8.10741216618108,0.353431532764902,-0.264491322346006,2.52804179610961,0.317039317391883,0.0471701987068839,-2.82099755393314
0.392500574277495,-0.102377990904075,8.09948698756564,0.353154744344457,-0.265147842493965,2.40446646722519,0.317139164556277,0.0467606129786899,-2.93473207374992
0.392497009886559,-0.103806213480948,8.11167805622076,0.352890699669935,-0.265704895179348,2.36013148059502,0.31714149179389,0.046393929341577,-2.95781611925927
0.392397482121866,-0.105259668570515,8.17640291866611,0.352606971264522,-0.266146296452455,2.36046383967162,0.317184124211662,0.0460753945290001,-3.02078222952427
0.3922347367329,-0.106718278294996,8.25030785000762,0.352187346981951,-0.266474020456433,2.40860424035342,0.317231274512086,0.045805389232472,-3.06379618483715
0.39213169590653,-0.108161716943489,8.35898668791628,0.351926033719134,-0.266722231609279,2.43021409738436,0.317277874080494,0.0455806276444985,-3.06998173186703
0.392020244962115,-0.109577707835629,8.31882614213885,0.351670110753416,-0.266954330062357,2.50666306622381,0.317319610381242,0.0453966269198119,-3.07542023579744
0.391902205349328,-0.110959782357106,8.32665564541112,0.351391754151917,-0.267246210791073,2.60205792795056,0.317362032430097,0.0452482475645856,-3.06670851680453
0.391787050002488,-0.112304347166392,8.34285195232354,0.351151506989367,-0.267669209647928,2.48459772822402,0.317413178983516,0.045130175852825,-3.17541306992212
0.391679842164606,-0.113609638428128,8.18359065306418,0.351115913288867,-0.268267765315315,2.42450520663318,0.317479893391394,0.0450393640027347,-3.22781743848987
0.391562636558732,-0.114874410626283,8.22701794426081,0.350869092453916,-0.269035367730777,2.50351965215249,0.317521912845643,0.0449773886453532,-3.22840204680448
0.39145381333531,-0.11609696543981,8.25295574188,0.350597182233879,-0.269914811064242,2.51131365508849,0.317565044236617,0.0449497764511567,-3.31268035446503
0.391324626051351,-0.117275345510677,8.17803962001826,0.350316104102479,-0.270826255735834,2.49880368443903,0.31761154101908,0.0449634614747274,-3.42593907922991
0.391220243930859,-0.118409171295576,8.21913371792068,0.349896057791532,-0.271700224472484,2.44907228661302,0.317656027014425,0.0450253957343542,-3.42120627705161
0.391018843665757,-0.119505186254488,8.21110784828832,0.349617869934087,-0.272498337420512,2.3762574872978,0.317700493722295,0.0451423815845246,-3.41076391119763
0.39089942131882,-0.120584439965975,8.03401943770366,0.349339393192757,-0.273213523713089,2.26483940916073,0.317742456375648,0.0453209125078624,-3.48762112378631
0.390774811740361,-0.121682889470659,8.13500827658638,0.349066004572872,-0.273855638696989,2.18769914381035,0.317793091944289,0.0455671837256749,-3.50698735383164
0.390656119907913,-0.122844478257163,8.13849231847056,0.348779874495118,-0.274440061031388,2.13575938165058,0.317836685499743,0.0458866510193843,-3.56058498919082
0.390525917619358,-0.124113047869752,8.16523996604368,0.348510555397751,-0.274984357673652,2.0781727698081,0.317838720029789,0.0462808491657483,-3.6412385064612
0.390518907111955,-0.125519659558082,8.33178355257955,0.348246370219455,-0.27550610127205,1.99004641975516,0.317886884698377,0.0467435739840509,-3.69895917981604
0.390518907111955,-0.127064116632334,8.36282934623663,0.347985471078888,-0.2760207039193,1.94499765812205,0.317960755935491,0.0472629242767237,-3.80599778198355
0.390264837767742,-0.1287122891687,8.34797351966911,0.347642545501707,-0.276547016441477,1.94489638563627,0.318005887260371,0.0478280346929192,-3.8222357188452
0.390125188639968,-0.130419667551766,8.38935836340562,0.347245390769169,-0.277123513102428,1.82170723161402,0.318056807214134,0.0484322894163775,-3.80923101235763
0.390002792509496,-0.132152438398054,8.32068090844064,0.347003784309885,-0.277814894187392,1.69376914084816,0.318104009318639,0.0490716999171065,-3.85672519352132
0.389881604603799,-0.133885394032357,8.44946353876429,0.346963760327711,-0.278685399536789,1.76261914896319,0.318158056049283,0.0497431633413056,-3.96159649682042
0.389755869158045,-0.135592063052034,8.4939108729296,0.346681232835567,-0.27975979057946,1.80270253736824,0.318203642379238,0.0504439185152251,-3.87043970803807
0.389609702244357,-0.13724391134061,8.51039608886112,0.346404046752025,-0.281016612434864,1.82798315903932,0.318252111225193,0.0511708554824281,-4.01326506709128
0.389385022884781,-0.138819776326357,8.49272650753332,0.346108864060332,-0.282412210333195,1.79673225389977,0.318300572831772,0.0519197134843487,-4.04765405990549
0.389233411665501,-0.140316914079374,8.41898711387382,0.345825747180497,-0.283899912816317,1.69565552215888,0.318354907183945,0.0526855520006728,-4.10152697115875
0.389098993036021,-0.141751505955612,8.32249487883753,0.345580196808084,-0.285431992501982,1.71193531180439,0.318434332827513,0.0534654456764829,-4.09423243688375
0.388962962905272,-0.143148905406568,8.36977965652115,0.345275786045414,-0.286956620594312,1.6869588577727,0.318488072955225,0.0542615929808414,-4.15288901192793
0.388805669318493,-0.144535954809288,8.37582810417197,0.344965922362567,-0.288420676997354,1.63421295903754,0.318544276703656,0.0550815865385076,-4.20469675057321
0.388666285519266,-0.145939957153578,8.34461107081199,0.344659233618008,-0.289779448070367,1.65043245250527,0.31860383299456,0.0559362540232121,-4.17923408192686
0.388515533707529,-0.147389335954418,8.1900904340158,0.344226396784835,-0.291010795982538,1.66180207466804,0.318660554497304,0.0568380949576421,-4.16069901270696
0.388366798128129,-0.148910669398364,8.15288077944109,0.343918994834137,-0.292127036015027,1.56176727134928,0.318721543827086,0.0577998346067887,-4.17529436421845
0.388359727463544,-0.150517270078534,8.08391377559751,0.343637952907512,-0.293171952967705,1.53293188622696,0.318721543827086,0.0588308765324728,-4.25304502592358
0.388218128195649,-0.152196070983772,8.12570575699383,0.34333776368628,-0.294204876291503,1.47647202772879,0.318837058428033,0.059934534677052,-4.1796541173578
0.387986063608338,-0.153912438574701,8.03195155142294,0.343036713171164,-0.295287953453578,1.46752794053132,0.31883966368102,0.0611085485128383,-4.29066058576039
0.387834128649961,-0.155631327546301,8.09263814330469,0.342795902476671,-0.29647595128645,1.48943640055438,0.31890296109961,0.062344933205786,-4.30285322125059
0.387665122004334,-0.15733006599138,8.1486615719307,0.342694378658345,-0.297799438235735,1.47026942768672,0.318964893505878,0.0636295450325187,-4.35640696775823
0.387494920925658,-0.158996316387971,8.04110350527795,0.342213231402158,-0.299254643680758,1.58248805538615,0.319054023832602,0.0649464930269804,-4.29675980128967
0.387338625290921,-0.160622973818816,8.00370971342969,0.342148543900636,-0.300810594474551,1.49882509332779,0.319132254137519,0.0662847566137113,-4.39718403114413
0.387197088076356,-0.16220390598589,8.04209556595345,0.341690247223788,-0.302421312231151,1.41571921636079,0.319201952271917,0.0676408194728798,-4.46423811175579
0.387028755585544,-0.163730476501325,8.13215998002316,0.341393010773003,-0.304039167250305,1.36574748986553,0.319276741618352,0.0690169843664724,-4.32218813761943
0.386860099928299,-0.16519153391697,8.09190110082886,0.34107556705492,-0.30562742108958,1.42020778982281,0.319340687784311,0.0704184631670971,-4.46674028904491
0.386695216148966,-0.166575699126408,8.09154503775262,0.34077731503764,-0.307160473856266,1.4331947384376,0.319412287884076,0.0718511123375141,-4.43034263744811
0.386527039630901,-0.167874270850723,8.03213320863084,0.340462085515239,-0.308616625845431,1.46135198048206,0.319482764018896,0.073320306866033,-4.4813843920055
0.386262015120816,-0.169088468957039,7.97978584081713,0.340157147912021,-0.309974500931398,1.42316725168663,0.319560064814698,0.074830925042579,-4.49653804102804
0.386083082612918,-0.170239249746079,7.9303078432475,0.339856332561448,-0.311211013160789,1.30835177463661,0.319632204416144,0.0763876596893592,-4.52551222968395
0.385903290118431,-0.171368439372443,7.86200525018012,0.339585762678936,-0.312297814045835,1.20374569243406,0.319709034106773,0.077995762114844,-4.54493377781745
0.38574977139387,-0.172528911125049,7.78926662045925,0.339227649056757,-0.313203778137115,1.1106319647458,0.319830943757886,0.0796643564595557,-4.54870665823054
0.385574686855819,-0.173774669797815,7.76232568403103,0.338760400451009,-0.313912524371461,0.99953386222257,0.319921850576899,0.0814115228900143,-4.58822237199953
0.385399629823978,-0.175154520882473,7.77516847725749,0.338433191849503,-0.314443098695633,0.912680246802196,0.320005658158474,0.083264086374575,-4.53881117864939
0.385387606400736,-0.176700017064122,7.80441463981173,0.33811025150744,-0.314851055371483,0.758973397053011,0.32000857401184,0.0852472723337596,-4.49560374743035
0.385233025470846,-0.178405772099774,7.78177126776016,0.337785036941276,-0.315212595051039,0.744501782893217,0.32008393916271,0.0873701218583694,-4.5192754208646
0.38522380641908,-0.180219429737351,7.61913454887484,0.337470386927318,-0.315610761053202,0.786097270937212,0.320086243551654,0.0896176173284362,-4.5627987832793
0.384778022679234,-0.182061588413746,7.58526890659989,0.337197260029471,-0.31612295218192,0.709176903832878,0.320257869096128,0.0919561315158892,-4.60819250666534
0.384579348743478,-0.18386706746911,7.61043686610749,0.337110325261519,-0.31680139376907,0.743384726370801,0.320352328614932,0.0943486833546442,-4.67301395747248
0.384398822841889,-0.185607397576885,7.65892844253893,0.336582773204089,-0.317661136198771,0.696897016884356,0.320455365568595,0.0967662429463915,-4.6256717808311
0.384207461143206,-0.187278819188459,7.6274772044574,0.336539049968999,-0.318683097629033,0.634200814529492,0.320550419569217,0.0991882564951578,-4.58668129351677
0.384023515034869,-0.188883537035241,7.54130319290136,0.336221677913832,-0.319813751473381,0.542790824656379,0.320701192653527,0.101601687063734,-4.54583123059131
0.383852006908929,-0.19042218048302,7.56995875346308,0.335857036836973,-0.320969328575288,0.520777219712417,0.320810959581852,0.104003844766424,-4.52135825372968
0.383654202130587,-0.191892054093028,7.58765045714989,0.335392918207652,-0.322066041823968,0.566065775082863,0.320907516211054,0.106402139568574,-4.55765534030573
0.383465217737949,-0.193287649520672,7.6029611824605,0.335046308091691,-0.323052660362609,0.540538734580959,0.321018631905831,0.108808800508554,-4.49371607805809
0.38326859584588,-0.194604854747119,7.64451637158483,0.334730217776272,-0.323913591429246,0.591996035023102,0.32113019085337,0.111236859490709,-4.45000292169923
0.382948932269713,-0.195851609797236,7.66781500561803,0.334396273023034,-0.324651931730587,0.537956568630232,0.321242923029214,0.113699573435462,-4.44245519522818
0.382751589134671,-0.197060414983598,7.68679179553886,0.334068229101821,-0.325275861570866,0.545638106511894,0.321353920328894,0.116210445862174,-4.52283322395676
0.382537264461094,-0.198285859177902,7.60826490417449,0.333777673566487,-0.325792592484012,0.516412100733905,0.321476877340087,0.118780731429106,-4.50891588086595
0.382532868690931,-0.199582836625081,7.64461990213221,0.333440873025031,-0.326205218400552,0.490652847930645,0.321477804825667,0.121414299782166,-4.50389352990678
0.382144345971876,-0.200989233053715,7.63694860219174,0.333104233693114,-0.326514166080822,0.46214506104266,0.321793088853281,0.12410895070448,-4.48911078181228
0.382120950773106,-0.202525828273025,7.54129514364858,0.332750504930809,-0.326726408636923,0.358114526362667,0.321795662788567,0.126865201487734,-4.52252448400055
0.381939454108775,-0.204194693490377,7.6098500197195,0.332256182074289,-0.326872350346574,0.378940186482222,0.321922801543163,0.129685360231299,-4.52319001122172
0.38174401105132,-0.205973033590307,7.57805190784913,0.331937600046437,-0.327019470960848,0.265001757664669,0.322046765326842,0.132563329565243,-4.5371459087539
0.381530559564788,-0.207819064008571,7.56900954527241,0.331643995518464,-0.327260048525964,0.188959697591961,0.322174981218133,0.135482867502412,-4.57150904077049
0.381326701997862,-0.209684246585195,7.43921819625964,0.331593614482955,-0.327668669577898,0.172583616971457,0.322316713086908,0.138423405533308,-4.51459961787741
0.381125676718816,-0.211520390584149,7.25541039895713,0.331248915726596,-0.328264181595084,0.0602060245294689,0.322465127723369,0.141364430144483,-4.55770773426344
0.380793976976044,-0.213288798736839,7.23629016038411,0.330930314348674,-0.329010897063186,0.000967983243342463,0.322615274120468,0.144288117514637,-4.53353414984149
0.380559653464939,-0.214973764435482,7.29384883382237,0.330615391477813,-0.329845911984209,-0.0853249178322972,0.322767811465109,0.147180590263874,-4.54712092115513
0.380325127068337,-0.216586969691707,7.39225398477356,0.33028051205133,-0.330698271408347,-0.133244961340386,0.322911762107615,0.150032608999534,-4.619136401333
0.380115226936349,-0.218158315140281,7.39552218533679,0.329953982687395,-0.331494101923294,-0.150738632595306,0.323139877458013,0.152843639053065,-4.54562695468286
0.379884952718721,-0.219724615845903,7.25714638790409,0.329619158702839,-0.332159004963633,-0.179940403335919,0.323298206434589,0.155628054221918,-4.57402029471442
0.379693325353765,-0.221322712977275,7.27625667585591,0.329246519678834,-0.332625347679367,-0.235107730735827,0.323450674461075,0.158414827551037,-4.54613888848942
0.379477814928574,-0.222985165301972,7.27332180873589,0.328754136986884,-0.332849312605256,-0.279278413524952,0.323603269013162,0.161239478013492,-4.51243199995467
0.379249966535292,-0.224738805240006,7.28603502251318,0.328390735748874,-0.332828395085215,-0.302285977458839,0.323769191070614,0.16413754732333,-4.51130813034719
0.379037030970875,-0.226602119513921,7.19295456443044,0.328064727838394,-0.332599696354351,-0.368678214862774,0.323940260828071,0.167140813518049,-4.44619772283406
0.37902180730518,-0.22857290024759,7.27891562257285,0.327738604653238,-0.332220189638001,-0.370817296998994,0.32394370428874,0.170268972739957,-4.46766271622915
0.378660413037945,-0.230619143563958,7.29089375110564,0.327414700293819,-0.331749429192458,-0.267217421139674,0.324265351136432,0.173522252861958,-4.47295549009201
0.37840408716494,-0.232694547037228,7.26326911491747,0.327089588512476,-0.331243575889361,-0.283645957123734,0.324265351136432,0.17688368613757,-4.52327998187575
0.378174303533565,-0.234762298879443,7.16939689404289,0.326756183883301,-0.330755807222262,-0.235373211568143,0.324547332544827,0.180325621100896,-4.53590162615139
0.377914425442354,-0.236800368137988,6.96754858377919,0.326410103520231,-0.3303391667443,-0.138634733956091,0.32473014158021,0.183817638327563,-4.59214158712711
0.377680438303627,-0.238794467769144,7.04717039760225,0.326078213313165,-0.330048399030942,-0.254414060948328,0.324901869509675,0.187333942757786,-4.60762729273814
0.377474385487151,-0.240731134215636,7.08827948581081,0.325807974801798,-0.32993138989951,-0.334327261077892,0.325085980288215,0.190852115135933,-4.54253967191033
0.377228707077014,-0.242592193133566,7.11821600554825,0.325715706131914,-0.330005850794654,-0.423378372925584,0.325268692445,0.194347305957609,-4.40927177656027
0.376991754661622,-0.244353240424183,7.11503425302328,0.325270885122888,-0.330239709395606,-0.43446535747252,0.325468738669694,0.197791167621759,-4.45457192168226
0.376746230032405,-0.245986139195794,7.04083561512251,0.325160086500945,-0.330555864745498,-0.450554283930815,0.325683364335363,0.201154988350667,-4.43781672913011
0.376497663161083,-0.247464208794696,6.94561693274829,0.324552785057906,-0.330859792488644,-0.477369069169604,0.325889677388926,0.204413015737812,-4.37731798636977
0.376106541924368,-0.248774597679132,6.92715075525584,0.324216411472885,-0.331074772439477,-0.500363956855367,0.326096038315705,0.207545733897895,-4.37837756257507
0.375843475743124,-0.249933273510917,6.85546658845394,0.323889882626351,-0.33115899710776,-0.50218669644415,0.326432296709273,0.210547948256708,-4.42022686768369
0.375601669179209,-0.250985817454785,6.87961014877545,0.323551908684818,-0.331093756739589,-0.497336311641108,0.326636910271253,0.213438827593549,-4.42520028162528
0.375338744171796,-0.251993357043076,6.91806974199266,0.323221661011198,-0.3308664167586,-0.494080124892969,0.32685096066393,0.21626053834112,-4.41267965057569
0.375099629263201,-0.253019961127374,6.8943386931717,0.322895684873837,-0.33046471067768,-0.566433956536228,0.327068553750491,0.219065906066548,-4.37680940168225
0.374864806718218,-0.254126814349751,7.03579467250173,0.322565203428698,-0.329876680705954,-0.54603284792069,0.327290920907693,0.221909281634399,-4.36741642279318
0.374617686718666,-0.255364516809411,6.95923484970519,0.322195218677474,-0.329096291343804,-0.569636480026994,0.32750291770803,0.224839826096067,-4.34893160193656
0.374602970698888,-0.256754277354483,6.95476815236191,0.321718296093075,-0.328138790871395,-0.565748465441346,0.32750862399264,0.227888187520985,-4.24738247008886
0.374352568837634,-0.258269376714115,6.93944393756237,0.321405142822931,-0.327054320470328,-0.673641097572297,0.327971797516274,0.231058912688515,-4.24464602128893
0.373960689800568,-0.25984755706509,7.01856680238917,0.321071057877803,-0.325922343618768,-0.662383493931153,0.327985499475866,0.234336938041278,-4.22022125207285
0.373676264025826,-0.261429770343654,7.07164868125139,0.320795586653134,-0.324826631769423,-0.633531642722765,0.328217880844234,0.237688467859958,-4.33169447334688
0.373408939267015,-0.262982416364394,7.08604249310884,0.320710358191691,-0.323825832289345,-0.652123844737025,0.328465735149074,0.241056408531804,-4.24915280216447
0.373133484050258,-0.264491159641199,7.14544011411777,0.320154441817603,-0.322940657756295,-0.53369448630179,0.328729432904656,0.244372424126668,-4.21283311766563
0.372868462534514,-0.26594926724439,7.0027595605741,0.320106269967019,-0.322159659816403,-0.465588095572182,0.329097105481345,0.247580647215958,-4.25724182413525
0.372624301257241,-0.267350918959301,6.82516969653809,0.319782377573125,-0.321440150120547,-0.459190419454852,0.329330603867499,0.250651825983286,-4.20712565393251
0.372360435319663,-0.268686702153891,6.87391417020032,0.319437192127905,-0.320710275730168,-0.501415616574269,0.329583491811391,0.25357921167728,-4.24179239343444
0.37209400286883,-0.269945282510527,6.95590723032284,0.318958907417217,-0.319896589614226,-0.557087175944808,0.329834532473335,0.256365074550261,-4.27710577916362
0.371653007176862,-0.271128383509695,7.04143041896029,0.318635070333616,-0.31895576819729,-0.545251999285947,0.330102147801164,0.25901245207954,-4.20169184880096
0.371369320186555,-0.272270257647022,7.06230587927041,0.318324786818798,-0.317877282931879,-0.640259794810189,0.330341888499658,0.261523726232252,-4.22116122635247
0.371092661418931,-0.273440105570837,6.97571765948591,0.318002892550268,-0.316665681397036,-0.658284164988034,0.330625980121742,0.263900706134015,-4.19356098249173
0.370821420762475,-0.274726445376499,6.92797377502754,0.317699838033347,-0.315327182901434,-0.688548223984429,0.330880227543364,0.266148528529334,-4.13723569519996
0.370532326422157,-0.276218497379453,6.97017661213183,0.317377263640306,-0.313866411441388,-0.705338242290335,0.331321638150906,0.268289326398004,-4.11036003554361
0.370527667144585,-0.277976691691782,7.07810833298225,0.317066774573471,-0.312287007074799,-0.658108343832673,0.331593691230031,0.270378902358835,-4.15452641986737
0.370527667144585,-0.27998892195125,7.26926420865346,0.316758045725731,-0.310592642069069,-0.65941426244078,0.331886975775844,0.272503211891132,-4.12131726504401
0.370036335994954,-0.282159448781106,7.24355376941581,0.316425985209268,-0.308791248414372,-0.711157278359815,0.331886975775844,0.274742670697221,-4.08242204535334
0.369716991363035,-0.284356846588425,7.15891729472813,0.31598097779846,-0.306907545311795,-0.694560483075113,0.332136176258371,0.277130423933828,-4.08635473059931
0.369437656592949,-0.286467298313245,6.98837389328704,0.315676513836798,-0.304996473025511,-0.71206931680847,0.332413257319171,0.279644112628924,-4.02240882260052
0.368998235223007,-0.288412487846499,6.95532999664613,0.315368138209783,-0.303140521837025,-0.754333457867092,0.332697930563802,0.282230562227355,-3.98334716531654
0.368690004169528,-0.290151200444117,6.97894684522165,0.315116901714834,-0.301426457828576,-0.794717267549372,0.33298215395623,0.284829520580174,-3.9883067877143
0.368408272201038,-0.29167474716061,7.0936925793807,0.315074899620583,-0.299909654837274,-0.799865419268219,0.333278293372129,0.287381834549318,-3.96279652394641
0.368087921726082,-0.292993676621895,7.06156114358225,0.314782153511204,-0.29858604851496,-0.826375618251227,0.333562896649912,0.289830724122562,-3.91410290515509
0.367781444023224,-0.294127071978225,6.97341699700084,0.314474481121321,-0.297396397844091,-0.863102589169432,0.333873320652374,0.292125898084491,-3.93468737803977
0.367539987948963,-0.295096271728258,6.81617150578093,0.314201190763648,-0.296254899259043,-0.805340029633598,0.33434082578043,0.294238042223847,-3.92550496564413
0.367242034530901,-0.29591741929149,6.60038915479229,0.313860954491147,-0.295074302639626,-0.809705994778136,0.334653818035996,0.296175752240838,-3.91762653981333
0.366956017962624,-0.296597570455237,6.59760308838592,0.313435453572229,-0.293785259228033,-0.798255274822282,0.334911855198652,0.297982596716873,-3.85424852903574
0.366665985477684,-0.297136966218972,6.60793150318811,0.313116555320581,-0.292352614465957,-0.791991632080504,0.335216028693572,0.299715981124059,-3.82025202405795
0.366357777519965,-0.297535826947509,6.62823011050982,0.312819264869923,-0.290775329552452,-0.77948337436609,0.335533801814237,0.301433719490642,-3.80654334092489
0.365902736577236,-0.297809806329499,6.57294387654875,0.312546804008799,-0.289070204617917,-0.721975586747732,0.335845930089421,0.303195974290922,-3.8042063308009
0.365577667083267,-0.298008962555912,6.44232765708106,0.312255775482383,-0.287257033336595,-0.683957630447638,0.336175736335269,0.30507026419091,-3.8278959410233
0.365258935274768,-0.298216063478363,6.50774110217945,0.311969596840095,-0.285353860958859,-0.749389751637236,0.33647887578639,0.307126544799932,-3.8118262216575
0.365250812049682,-0.298514928095864,6.62102765642604,0.311683366648185,-0.28337815081883,-0.75882574336176,0.336481902347482,0.309411403789255,-3.72471537468612
0.364721640823108,-0.298960415111731,6.68782267779843,0.311385735855683,-0.281349286126139,-0.767410849728507,0.336805825140726,0.311910363505007,-3.70615636661308
0.364681831286428,-0.299573552714763,6.59197812187935,0.311095330450848,-0.279292834747956,-0.782096451417482,0.336811599172151,0.314532728130243,-3.66356288029975
0.364381403758097,-0.300341949951425,6.54811050857282,0.310718215930486,-0.277244958341983,-0.799629625480488,0.337598865386154,0.317146477744034,-3.61190189344387
0.364105510731223,-0.301217867894161,6.52577825545923,0.310646461645052,-0.275248453313765,-0.776156039599215,0.337876063628378,0.31964234445939,-3.49793153120086
0.363795272656078,-0.302129730991527,6.56766043667674,0.310171421379948,-0.273341852923305,-0.84393964532476,0.338188063403466,0.321963614187967,-3.5989704200298
0.363467891853089,-0.303000275331861,6.62499624833149,0.310134557174084,-0.271550116093457,-0.830590355849213,0.338517198552258,0.324083717265883,-3.55298946565854
0.363165056635225,-0.303759700669421,6.60536970176402,0.309861079311906,-0.269874291329975,-0.87385867871245,0.338834708643408,0.325980054907844,-3.48008672426795
0.362678722968931,-0.304360840268177,6.52022230906992,0.309581136296475,-0.26828719339454,-0.847537669857605,0.33916918105446,0.327629064745118,-3.55477307973648
0.362365458482443,-0.304794745402717,6.6070140576542,0.309311670105989,-0.266745585024598,-0.855976142845517,0.339510034000618,0.32901193989796,-3.51929209987947
0.362060426673568,-0.305088941035201,6.59366564306781,0.309052009222293,-0.265203985558712,-0.90221184183076,0.340003589627229,0.33012890174318,-3.49197994823447
0.361784781913023,-0.305287371697011,6.6430812424675,0.308779695591378,-0.263618587000588,-0.866676768487902,0.340337738247084,0.3310150202686,-3.50061650250919
0.361473279567453,-0.305433706493882,6.58147462204444,0.308482668047045,-0.261949788141126,-0.795520643026431,0.340673916229016,0.331738863531143,-3.42253436345148
0.361143257891731,-0.305569518984694,6.58194037198743,0.308209687038975,-0.26016852745209,-0.763196374818494,0.340984022197543,0.332384079413828,-3.40625891263747
0.36084414497592,-0.305733241222062,6.48781103672936,0.307851852250206,-0.258264270814885,-0.747377013045265,0.341297631252639,0.333032886923399,-3.49297859517931
0.360828270269713,-0.305947629675891,6.50207643911125,0.307615863404492,-0.256248884777074,-0.661849234022094,0.341642342191855,0.333761664611454,-3.41754179703497
0.360070685180757,-0.306219263242731,6.4931278908349,0.307370185246746,-0.254150061915915,-0.776600188333454,0.341998468157251,0.334639041660258,-3.38467314856528
0.360029203448488,-0.30655961936319,6.42658609311697,0.307111013025234,-0.252000162182422,-0.790809457039032,0.342002267074245,0.335705636140243,-3.4180699296825
0.359750182014227,-0.306985381355365,6.32167322860109,0.306843747092579,-0.249832463662605,-0.783662816879532,0.342319208722755,0.336941800329905,-3.38104746168387
0.359442931513973,-0.30749472681901,6.20086835797368,0.306586509976166,-0.24768413579069,-0.778428260113297,0.342667747462248,0.338267157834667,-3.36923681920698
0.359141494213295,-0.308062920312968,6.24996332448324,0.306334869913357,-0.245597502505282,-0.82558882813804,0.343171652326462,0.339584321784577,-3.3459717136745
0.358846042506195,-0.308654918267679,6.30174207057982,0.306115973087685,-0.243612863158785,-0.853123893808592,0.343518966606699,0.340822384246489,-3.28143403240965
0.35854338548878,-0.309231178227023,6.29069317374021,0.306073398539209,-0.241749019336815,-0.816842259557935,0.343874287905892,0.341945533626857,-3.25460353141916
0.3582169792819,-0.309749841389973,6.24059736199024,0.305805075897683,-0.239986616507163,-0.846286834269423,0.344220953539364,0.342937758569282,-3.215651054907
0.35788858625656,-0.310171276914692,6.08308965238425,0.305468476614104,-0.238280003077194,-0.915040732430805,0.344529923633814,0.343787194718939,-3.18646086808719
0.35758925382399,-0.310460952682994,5.91113127231156,0.305239913688394,-0.236587224917481,-0.964378622025002,0.344881084161103,0.344477827554667,-3.12650057944744
0.357266395691842,-0.310591710172693,6.04649095752321,0.304990494110751,-0.23488326515883,-1.01627693283259,0.345200367828697,0.344987098681,-3.15689933734451
0.356784850956327,-0.310555182049701,5.98786727431754,0.304765235614787,-0.233153087861832,-1.10022771889194,0.34557149347867,0.345288127834529,-3.10472595527719
0.356471008822709,-0.310377774788604,5.98928005970779,0.304531727275799,-0.231383701220057,-1.11044492528573,0.34591498530953,0.3453575705023,-3.09766983293708
0.356160193354749,-0.31012037466352,6.04998136840756,0.304303052483717,-0.229561686612998,-1.07688739628656,0.346449243682466,0.345192233312833,-3.10173212112058
0.355848726359391,-0.309861404277085,6.09247690879859,0.304071735107191,-0.227673311436747,-1.12601551856504,0.346780245864085,0.344826215823051,-3.04857851453119
0.355538194448524,-0.309683505850401,6.07500206678068,0.303838797762676,-0.225705871946305,-1.10094884430022,0.347164687087269,0.344330391129592,-3.11717629005014
0.35522062715495,-0.309665087524344,5.9594781269803,0.303597656987191,-0.223651318397585,-1.11360632938582,0.347461334386423,0.343794596752009,-3.12346158539027
0.355200244020307,-0.309858228489957,5.80860058281985,0.303295883896742,-0.221513843127686,-1.14875201703075,0.347829908332164,0.343311965141229,-3.07851040420364
0.354911477034089,-0.310259499240605,5.74731260386892,0.303071385643409,-0.219316898418356,-1.1643438794185,0.348176590703722,0.342968815968729,-3.09500143394942
0.354580092228987,-0.310808666438559,5.78339446350166,0.30285943169323,-0.217101009436449,-1.21860564493862,0.348184867347748,0.342820955545789,-3.03402977619477
0.354269428411208,-0.311420530749521,5.78558833084773,0.30264300937661,-0.214914417442338,-1.27090785940258,0.348520714591901,0.342862066953212,-2.98586866326595
0.353814622374883,-0.312020259400845,5.67418525869897,0.302419550945927,-0.212806450874226,-1.25271276896601,0.348891847414355,0.343024041798073,-3.05087879418132
0.353486039728276,-0.312563708253404,5.51098399393773,0.302240491576717,-0.210821304923038,-1.27657165525394,0.349244897607725,0.343212245667385,-3.09299604484328
0.353164198985426,-0.313038496904557,5.3505784413636,0.302207954473516,-0.20898206519348,-1.33714300851996,0.349612427821252,0.343337557909844,-3.05371271157661
0.352852316884331,-0.313450720310503,5.39233166723446,0.301978611270154,-0.207274570584546,-1.33305828279738,0.3501100699067,0.34333531987624,-3.02157072672158
0.352536545209988,-0.313812565920304,5.51562857095939,0.301768160819526,-0.205652544398894,-1.36921616023342,0.350481599380413,0.343179604559188,-2.9990799912013
0.352216502451654,-0.314138077548864,5.64353214141352,0.301542709518443,-0.2040602181117,-1.3855293882094,0.350839790576135,0.342883190044577,-2.91695515274777
0.351904646026861,-0.31444282067943,5.62935119242756,0.301270328101466,-0.202451797994442,-1.41351724225906,0.351168492592273,0.34248101933494,-2.87256571009282
0.351582574310971,-0.314744058029384,5.58486726810909,0.301069136339327,-0.200799652374202,-1.48495417469755,0.351507047844973,0.342013907167124,-2.88577497361906
0.351262097644782,-0.315064331992681,5.4778663143813,0.300858511673222,-0.199092282501391,-1.54969584610956,0.351866729238154,0.341522631771377,-2.86312646105775
0.350782389989083,-0.315443987309699,5.46560682215423,0.300666263291345,-0.197326722118897,-1.56020883386104,0.352189714500056,0.341048079759267,-2.87135639145606
0.350485538496207,-0.315948963040494,5.50106173097885,0.300463500880127,-0.195502834611029,-1.63562400351501,0.352540429081644,0.340624860028429,-2.77716727451126
0.35047654497672,-0.316644593853442,5.61554248441705,0.300266844860655,-0.193622029371665,-1.62489598810578,0.352540429081644,0.34026518784003,-2.71472465356155
0.350146854944455,-0.317550261856673,5.64567111222715,0.300060428485487,-0.191688184628861,-1.69147557907346,0.3534133880095,0.339961095807607,-2.6615676049529
0.349854983000702,-0.318628028096896,5.51482965486212,0.299874674277272,-0.189708348127951,-1.77559580491485,0.353415676619943,0.339710099538429,-2.61516238500621
0.34951745631944,-0.319809199710772,5.37463387349994,0.299679937964521,-0.187692323302269,-1.79579941973014,0.353773304571131,0.339516513663897,-2.63914111071276
0.349201450380823,-0.321018626298942,5.31389802576843,0.299484420429469,-0.185653641199187,-1.85426043347954,0.354116030799112,0.339367848340916,-2.63071703604243
0.348871807279666,-0.32218214672075,5.24354763243528,0.299231232572564,-0.183615115040867,-1.87689080762989,0.354434018861204,0.339231561538879,-2.62914394332505
0.34855847955731,-0.323226995952425,5.24535717287195,0.299045201272695,-0.181614762770897,-1.93873605212945,0.354776007667168,0.339067245854008,-2.67958495795923
0.348216469059062,-0.324085326879406,5.29276808986456,0.298888265571187,-0.179700227119735,-1.92500618740354,0.355118418589825,0.338832106511461,-2.61464892674257
0.347709472415902,-0.324709298763954,5.16723556883185,0.298859399235689,-0.177907481928253,-1.99449843992557,0.355465837659846,0.338483543752354,-2.64318817052594
0.347378793660761,-0.325089748479646,5.17817029019547,0.298690142760395,-0.176240054120037,-1.979547828238,0.355811263878597,0.337981857759574,-2.70286882730903
0.347035192308482,-0.325256267078576,5.17612602287444,0.298516978708581,-0.174669428506536,-2.06601793858067,0.356149895136469,0.337294934059648,-2.71322462379095
0.346746172867669,-0.32525751626563,5.21261768803244,0.29831013356639,-0.173153373619534,-2.08429547340154,0.356698710262387,0.336413762886622,-2.65914108719659
0.346417411564417,-0.325143003451459,5.1196911023335,0.298143667781047,-0.171651718011204,-2.0885236057538,0.35705151956572,0.335372306302901,-2.67052337677516
0.346098171286345,-0.324957395507575,4.99622706932578,0.297953548131995,-0.170132064882645,-2.1064783295241,0.357369025560818,0.33424674857306,-2.54451980163235
0.345766827584106,-0.324742627991323,4.96733750145974,0.297725880756926,-0.168573272624743,-2.13106700119762,0.357690501191378,0.333132249719582,-2.48437344540423
0.345431212604435,-0.324535733306403,5.10034868810466,0.297558131513705,-0.166969091731611,-2.16921289319512,0.358017088467748,0.332123391778685,-2.52357999594065
0.345405397700366,-0.324358582979894,5.17385048540854,0.297393956935626,-0.165326051072747,-2.1468143019806,0.358347415109959,0.331303452539714,-2.50924300663285
0.344527508804253,-0.324225666731677,5.13263982298411,0.297226270576861,-0.16365655294835,-2.20176870285895,0.358347415109959,0.330721212674122,-2.44278534090664
0.344506424929332,-0.324171066674884,5.00153895322365,0.297063810244941,-0.161974287590376,-2.18748181542634,0.358685935799287,0.330361795954959,-2.44417123308993
0.344256714535236,-0.324240375140291,4.94126425960519,0.296903981214782,-0.160293272274938,-2.2730493007044,0.359022562865766,0.330148747874572,-2.36918674163778
0.343983150826639,-0.324449112572025,4.96829369294336,0.296739360299152,-0.158627797522097,-2.30262654797265,0.359352403316776,0.329976345609071,-2.30052731414696
0.343666442822484,-0.324770063610662,5.00699026791404,0.296590522726971,-0.156992364688204,-2.30852779425229,0.359669480461424,0.329737440194769,-2.35127763965949
0.343316041250512,-0.325154091592139,4.90855526359246,0.296418573241529,-0.155401659119445,-2.34462157621316,0.360217877891726,0.329343935356327,-2.27628339524986
0.342999051426143,-0.325548009311153,4.7600248888707,0.296288348954895,-0.153867869997465,-2.43570628481298,0.360536505478639,0.328745688406821,-2.35085582524112
0.342690139550778,-0.325898895063601,4.69657586245025,0.29623593501399,-0.152394333615022,-2.43105639984077,0.360830539253828,0.327928220783751,-2.27746126844496
0.342346786164456,-0.326153005535791,4.65261927259475,0.29591631228548,-0.150975372533618,-2.46633933715493,0.361169890480224,0.326890273052764,-2.30966742044497
0.342017270880856,-0.326260864310931,4.58496320082429,0.295894567287679,-0.149604045177718,-2.44143463739758,0.361492959508984,0.325629270998057,-2.26315241790347
0.341473189600567,-0.326195977655455,4.558321689426,0.295735140860636,-0.148271876049166,-2.5315934888267,0.361823861286995,0.32414131704736,-2.25943562135744
0.341151126879151,-0.325975415942587,4.49422135515822,0.295586237686844,-0.146962246594443,-2.58959830685461,0.362144283131492,0.322423218110836,-2.2492843050609
0.340814387555557,-0.325658277635583,4.42960138466714,0.295429558711074,-0.145652917113313,-2.68878328629853,0.362464907933174,0.32047568969771,-2.25003138952172
0.340523636536365,-0.325322837101101,4.34457627140056,0.295272582091197,-0.144323522190961,-2.72860141510595,0.362966456900035,0.318316603283972,-2.29758228619488
0.34018597444395,-0.325047981052517,4.35433102778935,0.295131655606425,-0.142958242913431,-2.7845513993348,0.363278926320879,0.315998029646116,-2.21025413391277
0.339850887897085,-0.324904395698563,4.24881366427612,0.294979192706909,-0.141545028345293,-2.72878688422401,0.363596568867532,0.313605878504316,-2.20123909203607
0.33983242523356,-0.324939992404885,4.27101845826685,0.294838622924102,-0.140074915088562,-2.74081818264787,0.363892320741112,0.311241458942762,-2.09465820676178
0.339226397248672,-0.325167804839986,4.16484255765915,0.294682069345451,-0.13854333084276,-2.82512750530822,0.364197641889622,0.309000399982117,-2.05821963062102
0.339189551012301,-0.32556928609995,4.05560840000318,0.294499322895686,-0.136954186014463,-2.93747627899566,0.364212910756067,0.306951242954288,-1.97158850103386
0.338877008177399,-0.326093900764158,3.98692973727975,0.294363889741034,-0.135323414690996,-3.02004437128717,0.364774700690743,0.305123052579925,-1.89750307706511
0.338555363082304,-0.326657922446406,3.8136678112913,0.294230075291578,-0.133677170125115,-3.04530631433485,0.364796510635568,0.303509809260377,-1.97099266199114
0.338016228561508,-0.327172404140284,3.8469916740662,0.294089660847782,-0.132046670315247,-3.15593506790842,0.365091450929041,0.302071542076712,-1.92228281191666
0.337680569218914,-0.327581609577451,3.88680515558266,0.293960354470916,-0.130464711824642,-3.20251258536841,0.365396488700458,0.300734972923351,-1.84938806391707
0.337382596837914,-0.327868672719567,3.86808318524306,0.293848871335839,-0.128961689577535,-3.1840757759177,0.365858299527078,0.299420000775755,-1.70154053159855
0.337046923906919,-0.328033378822177,3.78329300875282,0.293806934387071,-0.127557858809409,-3.24739644536387,0.366190844549347,0.298075064442211,-1.62080905404829
0.336730189689054,-0.328075363145428,3.69329657831247,0.293612876310981,-0.126257918870858,-3.24278585027204,0.366474844707262,0.296685363545891,-1.59519636582207
0.33638572497985,-0.327992412628011,3.60621389909932,0.293586922699191,-0.125052500721539,-3.24021984669604,0.3667885566805,0.295257104934156,-1.56109274874294
0.336058894639424,-0.327782977797321,3.50427170425191,0.293413272248722,-0.123922272781264,-3.18559588535224,0.367073301836411,0.293802550540542,-1.49583873267109
0.335750365327467,-0.327446012091864,3.53154617285198,0.293280417409434,-0.122843988192423,-3.24267147664172,0.367356901388227,0.292334288262278,-1.24266194153198
0.335405354844605,-0.326979700296115,3.43947616353574,0.293154190396834,-0.121797742733642,-3.31727484602504,0.367666586512138,0.29086430567509,-0.888872854201444
0.33507611874584,-0.326386273172486,3.26554961996833,0.29303360008397,-0.120768909073639,-3.31246858825982,0.367952319713474,0.289405622212716,-0.903369382113588
0.334549183076072,-0.325689328260875,3.12848317281373,0.292914957359919,-0.119745163369557,-3.32767897965605,0.368261832419883,0.28797807508782,-1.0966648042784
0.334220580200782,-0.324952271620671,3.04813570981748,0.292796375499955,-0.118714316425075,-3.34191227724007,0.368720610375984,0.286617179644047,-1.1815171784522
0.333940864718042,-0.324268130015605,2.98706516060189,0.292673899088948,-0.117664102444882,-3.33975646716388,0.368721057426684,0.285373178150507,-1.21033230899982
0.333920395137223,-0.323717346995176,3.05368921187058,0.292559967263602,-0.11658254436028,-3.26279585764408,0.369281683341936,0.284297368957172,-0.862213145100955
0.333326518419583,-0.323338406735267,3.04174706090857,0.292440412688069,-0.115458880016169,-3.25939398851717,0.369281683341936,0.283423393531066,-0.662774569304128
0.333276443395538,-0.323132863058792,2.95266477499115,0.29228573347849,-0.114286706111801,-3.14911358569169,0.369281683341936,0.282736658010982,-0.390878651216043
0.332961035480419,-0.323071202925217,2.86266846734075,0.292167750971119,-0.113068172719141,-3.24301435836923,0.369800519188361,0.282157874097169,-0.416341180811812
0.33262965135411,-0.323090976644572,2.84346868393333,0.29205231864534,-0.111814533408118,-3.29303025647974,0.370102613288769,0.281578472034609,-0.455449666422129
0.332305776601993,-0.323112021237836,2.77409370293923,0.291936779555476,-0.110542919607562,-3.22747152747967,0.370365937947766,0.280905097913785,-0.436988356904033
0.33182118241173,-0.323065885206554,2.70366006194901,0.291817525589441,-0.109273956487796,-3.27506945051783,0.370662300071696,0.280066589907933,-0.35767436026597
0.331474374290123,-0.322917957138943,2.65535532138023,0.291708185737397,-0.108029563681241,-3.32327121827042,0.371098062930116,0.279012809481389,-0.0971609282051348
0.331162748664292,-0.32266834048989,2.56634651670384,0.291693060076039,-0.106825288299515,-3.31477851168137,0.371375395961729,0.277725163707749,0.134461859539717
0.330839399104623,-0.322335084312634,2.42482403397118,0.291582811194815,-0.105660500262094,-3.37450876022467,0.371652007260861,0.276216172534655,0.234704823459184
0.330520030330649,-0.321939138146308,2.47962986954551,0.291476292122111,-0.104518087727498,-3.35657622908631,0.371939522155103,0.274514432009302,0.172636407713583
0.330210002087347,-0.321499433688196,2.44923657799871,0.291368783486685,-0.103373641956374,-3.36681755835511,0.372209081828681,0.272652902573041,0.236853782791186
0.329883738736413,-0.321032586532151,2.51521005756258,0.291257887188461,-0.10220316425681,-3.36850109032332,0.372460954606608,0.270663997597259,0.279351970790783
0.329556791479443,-0.320557541441298,2.32596721226832,0.291153092680602,-0.10098607779487,-3.37113234957324,0.372723840489708,0.268576026154221,0.320022883005602
0.329065663704658,-0.320104926461569,2.17899778851799,0.29101802814228,-0.0997076966981211,-3.33824218872445,0.372989787549214,0.266415207442955,0.440293212480306
0.329040926200403,-0.319717761792518,2.11407714276182,0.290917454016554,-0.0983615974043858,-3.3473739405951,0.373427864546016,0.264220570864209,0.573262984995962
0.328382472648182,-0.319442573469088,2.17059265623888,0.29081959508046,-0.0969488492680176,-3.29349423617907,0.373681324002083,0.262062047440568,0.633460126085641
0.328367219388821,-0.319320748133604,2.13113418682328,0.290719956614908,-0.0954748041218466,-3.28347767398631,0.373943213884798,0.260035689986952,0.668517446372132
0.328093152693764,-0.319371199096152,2.07031186376653,0.290612834944209,-0.093947460191308,-3.235138794301,0.373943213884798,0.258222622587588,0.559217795426088
0.327762348463641,-0.319573880269,2.05730201819191,0.290522006517478,-0.0923776678895814,-3.29850701632784,0.373943213884798,0.256637034721118,0.574430983213506
0.327436611887977,-0.319879640801432,2.05834628561851,0.290430585677098,-0.090778523552256,-3.23432779760882,0.374454015117283,0.255218493843693,0.707954559486878
0.327143719111839,-0.320230133147709,2.03236511874124,0.29034051661034,-0.0891637016349202,-3.21543552752708,0.374713617650093,0.253881020917263,0.817268449688469
0.326810612707002,-0.32056465665702,2.02846926230594,0.29026284674941,-0.0875448457687805,-3.09202781235571,0.37492895343035,0.252555420639347,0.978702035877405
0.326476335554042,-0.320821505570923,2.01865324474174,0.290228569335315,-0.0859281868314121,-3.16198346774902,0.375191506884474,0.251186765631259,1.05919897232644
0.326172490432573,-0.32094303826601,2.04151917075369,0.290054285755964,-0.0843150047364237,-3.16005929610283,0.375443558059903,0.249723168025333,1.10670416937041
0.325687051602756,-0.320887957483678,1.90468111367544,0.290043579382536,-0.0827056368723782,-3.20253697475975,0.375835138383107,0.248125299585515,1.20072186236228
0.325337694635181,-0.320647572639191,1.8357822477175,0.289960518304193,-0.0810985217085016,-3.30207442315767,0.376086133713699,0.246382447951446,1.27297983999544
0.325014586447328,-0.320248633376402,1.84082186872391,0.289875634730279,-0.079486485689964,-3.24642022598658,0.376347554361618,0.244514093466283,1.26247241563533
0.324718544244973,-0.319736853017344,1.81285331278543,0.289789375860357,-0.0778589005129637,-3.25047972314005,0.376603601663673,0.242558620608434,1.46373586997552
0.324407633258925,-0.319159154838163,1.95064072674811,0.289712963541172,-0.0762061190299231,-3.17798567062958,0.376857006102182,0.24056406634859,1.47892402671118
0.324076686797485,-0.318557734694377,1.84720851617699,0.289637992281451,-0.0745202479753531,-3.16158384635135,0.37709501482337,0.238583872771372,1.50922396891939
0.323781777391884,-0.317971333689588,1.77307888650138,0.289564523169576,-0.0727941415498615,-3.13551860776552,0.377295388874367,0.236671298640506,1.52339583373464
0.323445610167466,-0.317431405557832,1.66132910016193,0.289484848654792,-0.0710217030290046,-3.16329019517278,0.377526452748856,0.234873197050195,1.44279113709624
0.323421424382883,-0.316949576139797,1.70042474853091,0.289397250152496,-0.069199973686571,-3.17339543270043,0.377766057279218,0.23322453865997,1.53167209936126
0.322676617877013,-0.316518835291805,1.72076202524501,0.289325684074131,-0.0673311311903184,-3.14736345980377,0.377766057279218,0.231734914396682,1.61949524669948
0.322622483240737,-0.31613480111004,1.67376445016837,0.289258881628175,-0.0654222984287147,-3.08209306291458,0.37801471416535,0.230373534604923,1.66925570085768
0.322278603812783,-0.315799188663625,1.63188212525422,0.289184928393314,-0.0634840633011341,-3.01613925273592,0.378380272811731,0.229082019787511,1.69843714752919
0.321997306945166,-0.315500902440687,1.68240683491752,0.289121450177951,-0.0615296069476985,-2.99129565718649,0.378616060967857,0.227809775129678,1.72540841532658
0.321682911777673,-0.315210870463164,1.67562481172339,0.289063591254746,-0.0595739447435618,-2.97274460196752,0.378834267637132,0.226530045320677,1.48105165596167
0.321353120363409,-0.314892103637116,1.67021025019826,0.289005924606908,-0.0576320154091415,-2.92789941440292,0.379060232028732,0.225229259845992,1.54716358021718
0.321049109085499,-0.31450653571356,1.57838031875268,0.288979265940181,-0.055714671242663,-2.90414363444358,0.379291163505052,0.223895449581902,1.64820489373793
0.320731261940904,-0.314016555779057,1.54291267264326,0.288965609479285,-0.0538230988559197,-2.83708936423561,0.37948240544148,0.222513825158438,1.70504260464603
0.32041258092939,-0.313388117247694,1.3784219892201,0.2888891980442,-0.0519470704074572,-2.85538192581286,0.379690196500507,0.221063210963857,1.79716574668185
0.319939565953463,-0.312603512788441,1.28707106125354,0.288832382870194,-0.0500708761972397,-2.77280297454563,0.379912435910838,0.219514564158421,1.96980820810087
0.319621646601893,-0.31167811682553,1.18079346107283,0.288771293795162,-0.0481811597808947,-2.79116951984214,0.380139486019585,0.217836376084733,1.97241500941968
0.319270888572247,-0.310663119327263,1.14914262670973,0.288718961106778,-0.0462700348776089,-2.81555464124695,0.380460694169493,0.216007597605014,1.98464686712259
0.318977054149201,-0.309632268219246,1.13090176482693,0.288668154705206,-0.0443345843151446,-2.86372518538501,0.380699237181115,0.214030943534996,1.98409475156331
0.318668483080866,-0.30866174338728,1.12378589966663,0.288616384127169,-0.0423758816989472,-2.83920336250957,0.380912184601519,0.211934541213011,1.99027379048364
0.318652123919653,-0.307805895992351,1.07909703079242,0.288580586624057,-0.0403978818449105,-2.77961855168236,0.381127145956325,0.209761396082027,2.21232606098319
0.318058476264576,-0.307084214326196,0.992730155074114,0.288539556564694,-0.0384057328343854,-2.74361665494531,0.381327053695077,0.20755883296667,2.27009026923868
0.318034431164705,-0.306487684085689,1.00475328121046,0.288508824784285,-0.0364040324734644,-2.70950049750737,0.381540362417485,0.205374279564468,2.29800485666399
0.317725395929272,-0.305980197380914,0.883962038242945,0.288476600094322,-0.0343957706860987,-2.63473344954675,0.381739104783181,0.203250896011978,2.25332422351618
0.317421630543506,-0.305496448221809,0.883259746246475,0.288441092611754,-0.0323825018805621,-2.69447657361026,0.381745165567918,0.201215769338372,2.20246939862129
0.316969002890317,-0.304963999741349,0.889037647491462,0.288399155751577,-0.0303659296471074,-2.67409743932271,0.382114872211947,0.199270530144619,2.18216881625763
0.31665402613368,-0.304334417634097,0.772104386028673,0.288372488933107,-0.0283492600292725,-2.61138576091129,0.382130185090084,0.197393887321712,2.21891643802936
0.316335636563491,-0.303590439510172,0.607988944879099,0.288357607561269,-0.0263358372812155,-2.61577214490498,0.38233429850461,0.195545922713315,2.21905706439032
0.316049121320064,-0.302732026145398,0.485204518687224,0.288348899829113,-0.0243260256856131,-2.51518430040462,0.382641166527153,0.19367625008019,2.09037337267487
0.315747503640365,-0.301762487015204,0.456787704817099,0.288301237805661,-0.0223165459834613,-2.55454766073659,0.382829303510869,0.191742930977844,2.09757474111699
0.315444511825349,-0.300683700336374,0.379372538674964,0.288297852936967,-0.0203027161238456,-2.51688589097619,0.383030061566723,0.189722668771062,1.97350163360811
0.31513669326426,-0.299497301085388,0.390920885189137,0.288274241683946,-0.0182796898151041,-2.53125750593706,0.383208810413704,0.187603550927014,2.04229780494927
0.314830875949172,-0.298206907293904,0.326365221503868,0.288255689344531,-0.0162421594121412,-2.44904054652466,0.383415528725739,0.185377109505061,2.00945066810802
0.314539131336886,-0.296821193402828,0.205804089200383,0.288239941926372,-0.0141848306009756,-2.40802225504189,0.3835884347295,0.183036736103345,2.10160441768328
0.314104936026628,-0.295363448820377,0.124075426705075,0.288219488313183,-0.0121037218032288,-2.46033789789817,0.383775845050591,0.180576742489122,2.13956120596461
0.313790603144187,-0.29388459279943,0.111984878971664,0.28819832633668,-0.00999757905074271,-2.40882311314354,0.383926263470905,0.177991532482447,2.17584634243699
0.313521028366256,-0.292463673641978,0.041578997601486,0.288186787752159,-0.00786888171377897,-2.45211286610983,0.384218728304665,0.175281279830098,2.22265081207452
0.313200989260069,-0.291189578564677,0.111465570815359,0.28817637850975,-0.00572352498003542,-2.51595399701528,0.384384122432684,0.172462482863106,2.25383110631454
0.313184819607546,-0.29013004253733,0.0964120496821053,0.288175808442031,-0.00356904488902214,-2.48077682760736,0.384563134329242,0.169570277937865,2.28362517936089
0.312909203011629,-0.28929728263673,0.122169086589082,0.288187320878442,-0.00141195830086551,-2.43784260703446,0.384728897266182,0.166650121800948,2.25874926113883
0.312884377450233,-0.288630282956785,-0.00645100383796793,0.288188532423951,0.000744416356862162,-2.48826182820802,0.384898934271122,0.163747422843968,2.26858580312135
0.312326179944209,-0.288015398150355,-0.208382520288091,0.288189210934869,0.00289998171773419,-2.42967778119841,0.384904846238663,0.160893677028801,2.342275087688
0.312006025024758,-0.287336565012298,-0.363698388173863,0.288194566636003,0.0050563424087985,-2.42043771812523,0.385064624334172,0.158091354320478,2.44105239918472
0.311720329453681,-0.286512740029275,-0.494558828488242,0.28820443330782,0.00721600070106322,-2.42664578792896,0.385225915322427,0.155313559063766,2.37651540247163
0.3112909360075,-0.285503084885555,-0.627032782937097,0.288216796389972,0.00938308889670011,-2.44614723770694,0.38536512373518,0.152518076543732,2.32439980016329
0.311023766317282,-0.284300860724207,-0.714838483959329,0.288244986761586,0.0115642508432752,-2.33591082747988,0.385519486129007,0.149660100383942,2.25794562271513
0.310726346466986,-0.282925204736414,-0.746274565578741,0.288216244840844,0.0137664818428461,-2.27105055670156,0.385772518338511,0.146703092597955,2.22600660753894
0.310445704505545,-0.281408247644083,-0.963271162239688,0.288218537135977,0.015991500752826,-2.28925981182607,0.385916048070431,0.143629815126648,2.17929465527097
0.310155232304675,-0.279786265085281,-1.01055200379716,0.288236226999888,0.0182325912519367,-2.21384753983222,0.386060815969456,0.1404430658714,2.10635327872397
0.309886022001277,-0.278097703726711,-1.06204586845966,0.288260102549048,0.0204780646177714,-2.19997066163121,0.386197503646657,0.137155894996099,2.09149823713798
0.30958091902463,-0.276383491593965,-1.12671899206389,0.288309183016808,0.0227177105865894,-2.19123484553589,0.386340381967529,0.133783904558505,1.96345854869208
0.30932243349661,-0.274687288558764,-1.19811790043675,0.288325996051058,0.0249465683080407,-2.17013834093175,0.38646636216082,0.130343260404609,1.87012889563744
0.309049862335853,-0.273048841321911,-1.24309603491076,0.288350499914584,0.0271637839865245,-2.17698792498092,0.386590455304841,0.126849713309861,1.7903638201945
0.309044571115261,-0.271488612740544,-1.24268852336155,0.288372883865548,0.0293687700410025,-2.11645258210494,0.386711545904936,0.12331856825116,1.78136561479069
0.308390720419845,-0.27000669300172,-1.30932719590092,0.288390499636812,0.0315581628971334,-2.14776275816886,0.386901177462207,0.119769610029637,1.76550358102759
0.308359395799395,-0.268601871710159,-1.37152336030141,0.288424722439215,0.0337248364421238,-2.09252815809759,0.387020537449819,0.116232351148253,1.76234816513712
0.308107693687299,-0.267273761851637,-1.42102414158498,0.288457678789501,0.0358588877595363,-2.03422393789422,0.387023110366077,0.112736294738958,1.81545297501299
0.307832611857788,-0.26600557318299,-1.38381250960238,0.288502823170602,0.0379503362159021,-1.983420435433,0.387023110366077,0.109287874580096,1.78947915775289
0.307571490038444,-0.264763583773421,-1.26032413725068,0.288569468144271,0.0399931254251044,-1.93762546306769,0.387251960184346,0.105863752623283,1.81261792024936
0.30728438748643,-0.263510801827975,-1.29813560497272,0.288617890473346,0.0419887755962379,-1.87386458445101,0.38735178892659,0.102431549246722,1.7833976388868
0.30702964116814,-0.262213632135054,-1.38842931573347,0.288667501152144,0.0439468770950083,-1.83104366222024,0.387458161766881,0.0989692414695698,1.81971630073455
0.306763392738894,-0.260841334907153,-1.53000836950335,0.288709841157251,0.0458821984989451,-1.81829987480992,0.38756436927538,0.0954652983694565,1.82199096296759
0.306513318149081,-0.259366408800857,-1.7565981092282,0.288752435904619,0.0478103955310451,-1.7637217965493,0.387651373850265,0.0919121031000451,1.7788143583947
0.306111810195126,-0.257773292890555,-1.81725855171679,0.288763383566071,0.0497434070102273,-1.66198546804444,0.387732954794131,0.0883021561874566,1.73661740550588
0.305875647661769,-0.256070652062462,-1.88455427763255,0.288837166201619,0.0516863408481397,-1.72532192784918,0.387821456751219,0.0846270744431636,1.69596935760261
0.30559748368684,-0.254292100181245,-1.96404198176662,0.288845414415599,0.0536367820580843,-1.62783720117966,0.387949890255269,0.0808812595118834,1.64478224980935
0.305333979725444,-0.252485926467221,-2.01283018824802,0.28890131556258,0.0555847243687696,-1.5432525759766,0.388035471004066,0.0770678547182653,1.57373357589822
0.305094267063526,-0.250706466603723,-2.06190271686871,0.288962497291237,0.0575144534453256,-1.49558395079756,0.388105965209517,0.0731995198224686,1.45393096174743
0.304839706778348,-0.249010118570548,-2.01332787108624,0.289053994589847,0.0594107521864479,-1.49903560188886,0.388172497079632,0.0692931357594175,1.43453756453314
0.30458416673478,-0.247449534649923,-2.06519781611871,0.289114997521433,0.0612649031775934,-1.39373697863521,0.388233772332454,0.0653647372770216,1.3376568943505
0.30457161673822,-0.246056170406662,-2.11525919455631,0.289174212357842,0.0630749375701654,-1.48426319189949,0.388298459915292,0.06142816208937,1.24726471922635
0.304331982948534,-0.24481758234491,-2.06472988491211,0.289243616619451,0.0648421774602577,-1.53116544883907,0.388361389847866,0.057496129472849,1.06929860610709
0.304091081450938,-0.243678023313414,-2.08402602856367,0.289307086212789,0.0665688376613713,-1.47777168527091,0.388417191882901,0.0535814641104052,1.09063959919669
0.303730949048601,-0.242569161300091,-2.04594496505906,0.289371288350651,0.068257049707259,-1.3909812936672,0.388460367413904,0.049696070304137,1.06260806138497
0.303475589384261,-0.241440939261911,-2.05458535302237,0.28943442080544,0.0699075872024592,-1.34430142248412,0.388464629014589,0.0458473330907266,1.03813185803982
0.303222534635554,-0.240269172864234,-2.17381589389869,0.289494600220338,0.0715185764422308,-1.37644341536076,0.388553681883079,0.0420363913329852,1.04407915498517
0.302976153291399,-0.23904620596661,-2.30042397208383,0.289579216460935,0.0730867984147892,-1.39414729993881,0.388557337086645,0.0382608562163096,1.10646830851468
0.302746695244185,-0.237770425961953,-2.30366798192031,0.28970481183503,0.0746136361511104,-1.40718460755115,0.38861804879493,0.0345180277243985,1.08449754058816
0.302522417217357,-0.236440074274453,-2.40255856589294,0.289776840990935,0.0761112980713838,-1.41497788412929,0.388652433248822,0.0308065354979894,1.05263666971598
0.30228181083263,-0.235050636741592,-2.47484217783579,0.289853021490027,0.0776019410057494,-1.48786717742945,0.388681505207737,0.0271275051537957,1.06710088220999
0.302043040602946,-0.233595753631284,-2.48064025409701,0.289918419894388,0.0791095913637238,-1.49035066047527,0.388713055089725,0.0234845862140973,1.1209835518164
0.301810484931726,-0.2320692650925,-2.44489104181165,0.289929653629693,0.0806496309534993,-1.48143254067117,0.388731434294375,0.019883032587131,1.15791023769541
0.301586884031496,-0.230467728524791,-2.4537248781674,0.290004822760156,0.0822210681979977,-1.51767566973352,0.388752984771682,0.0163290027461098,1.05561302581769
0.301229881507642,-0.228798930922282,-2.61214660189594,0.290088160753925,0.083807341745929,-1.60662923642739,0.38876552327073,0.0128291078883986,0.986840333261753
0.301000472797823,-0.227093876680082,-2.66590233371438,0.290173866100562,0.0853839973621768,-1.56808213486382,0.388777331733837,0.00938997673053113,0.919044066947277
0.300770822697988,-0.225403638593933,-2.59872030183034,0.290258535419393,0.0869256881499284,-1.52807166893384,0.388778261318339,0.00601764409306001,0.887421334448114
0.300766540511735,-0.223775211534993,-2.62464043759448,0.290392820235831,0.0884114429132346,-1.54965472601943,0.388784554465505,0.00271689564125661,0.90649767497549
0.30033250508488,-0.222232781356025,-2.68933819344793,0.290485635891532,0.089829344014742,-1.47659336316952,0.388777891500003,-0.000509232399175272,0.829886764968924
0.30032124100178,-0.220778703263965,-2.74790517212788,0.290572864852243,0.0911768121146347,-1.51412536767879,0.388769905180788,-0.00366006181237195,0.912648715240741
0.30011430411471,-0.219393553317966,-2.77829369054805,0.290671574379804,0.0924564576048631,-1.48119706567679,0.388762283788929,-0.00673766183814706,0.969252999309943
0.299875587388954,-0.218034527457152,-2.85876095688542,0.290765453883497,0.0936728202877633,-1.56641540018053,0.38875616538828,-0.0097462307041695,0.828807120684265
0.299578487004572,-0.21665166221604,-2.90934260176441,0.290855466547802,0.0948313314994031,-1.55363265657284,0.388742916031918,-0.01269098311668,0.850278138789336
0.299363108155818,-0.215209065731279,-2.88643107464188,0.290954624615795,0.0959376221927599,-1.55965976584773,0.388725662867859,-0.015577441672738,0.916076104845378
0.299133808237974,-0.213689182524339,-2.94352574510571,0.291046147187499,0.0969967310771639,-1.55882262562129,0.388724790043932,-0.0184103245847625,0.922333161191305
0.298917798298293,-0.212085493661216,-3.00327058106291,0.291131611791044,0.0980120801115534,-1.61258918897608,0.388709148732011,-0.0211915949136331,0.98113687795922
0.298708036148916,-0.210396372262285,-2.96087774646673,0.291238503021273,0.0989859685698942,-1.63111598561193,0.388686992864689,-0.0239198887717159,1.04189137069569
0.298492191242649,-0.208622391392129,-2.97961079925083,0.291393038773692,0.0999245942677764,-1.59010552486952,0.388647566893759,-0.0265928541607611,1.15572364413194
0.298290957238228,-0.206765247222862,-3.03751673078015,0.2914789953652,0.100842340623484,-1.72906468285792,0.388618515265534,-0.0292100819378321,1.12094925981058
0.298072670666555,-0.204827507982388,-3.08301457063017,0.291509821188916,0.101756702474109,-1.78595148032437,0.388592833732902,-0.0317735623359756,1.13906986207289
0.297879664800959,-0.202812629771841,-3.1651560064641,0.29169030742487,0.10268015719516,-1.75092943815736,0.388557272604097,-0.0342862502948661,1.11983753755272
0.297667400969559,-0.200726145560494,-3.14406926711816,0.291705809128737,0.103617993738185,-1.77210840282158,0.388517540172645,-0.0367514173218795,1.22841345814184
0.297402140693187,-0.198581103526563,-3.19014134356782,0.291812469460545,0.104566916498806,-1.79138854824486,0.3884808682179,-0.0391730371214854,1.23613756932733
0.297193159467163,-0.1964054530425,-3.25086488075647,0.291917661924371,0.105513443594278,-1.88124090791894,0.38844161579455,-0.0415556361693081,1.27249183168532
0.29699748364891,-0.194243239261692,-3.22214814612637,0.292021737432243,0.106437480866127,-1.94065059676129,0.388401242909472,-0.0439034893805603,1.22927078493865
0.296779381009912,-0.192146202175802,-3.21543324210505,0.292126224522775,0.107317003041005,-1.91100637745961,0.388356776064487,-0.0462201171053326,1.12245250778789
0.296768687833745,-0.190155988674469,-3.23923120993712,0.292237702154039,0.10813068771989,-1.94652820728824,0.38830856865701,-0.0485089314797403,1.08123464899922
0.296579458669469,-0.188284702751438,-3.22292051201626,0.292403995231491,0.108862784618562,-1.90787914479794,0.388232166498676,-0.0507757068126598,1.13965921125909
0.296390685655182,-0.186512389588049,-3.30994065825162,0.292510892598962,0.109509107174587,-1.98136515477501,0.388180291532941,-0.0530304183932693,1.13071185026082
0.296204380478392,-0.184802586828539,-3.27993307074279,0.292633912125735,0.110077713073032,-1.98391184772349,0.388177527584671,-0.0552822256168885,1.0765744529668
0.296021384767349,-0.183115755831622,-3.29098069023711,0.292745596952785,0.110584705580821,-1.98549669581508,0.388177527584671,-0.0575286452135484,1.06432273839015
0.295834962606938,-0.181413994972757,-3.32868487287565,0.292867546565102,0.111051053645935,-2.0246921447695,0.388064171350539,-0.0597522051599001,0.998169201018883
0.295593784125862,-0.179666459417154,-3.33425482030047,0.292985137048785,0.111501583293168,-2.06553452719808,0.388006827858968,-0.0619297948628797,1.10196677578012
0.295386799472199,-0.177857284181587,-3.30890616509509,0.293077985254663,0.111961196603294,-2.10198435218791,0.387946205224229,-0.0640414929372813,1.09604534481323
0.295213557633369,-0.175987729243548,-3.2978882153511,0.293094245227343,0.112444226678366,-2.07106249676178,0.387881482608824,-0.0660704188650364,1.08175156685562
0.295035394121761,-0.174070019899196,-3.28601687949696,0.293204332396574,0.112943712315356,-2.02733219871827,0.38781231039621,-0.0680000559139756,1.10684436594668
0.294858672701178,-0.172120325843229,-3.30967974994662,0.293325916497845,0.11343377415614,-2.10224282436164,0.387744729099143,-0.0698146184288368,1.15907346433126
0.294695966125156,-0.170155409594963,-3.29306801279802,0.293484917473428,0.113884375375178,-2.11823885906178,0.387631262749726,-0.0715023699266707,1.19246923561761
0.294530907757577,-0.168191046984543,-3.30437755515199,0.293596359915685,0.114273505166514,-2.16439998604932,0.38756511050365,-0.0730591709281138,1.22225958909394
0.294358370837225,-0.166241785147508,-3.31225147428344,0.293714268431681,0.114588523949323,-2.1932119537985,0.387488840905884,-0.0744881143121568,1.13922699222496
0.294179548667233,-0.164323064129499,-3.32653063951493,0.293834147549422,0.114822020738568,-2.16844976758746,0.387410430693095,-0.0757960679317366,1.1559922899215
0.29401096178457,-0.162450865665463,-3.35482293103871,0.29395280049984,0.114969268147189,-2.15653499804775,0.387328965982482,-0.0769917418008736,1.3034218521486
0.29400702002216,-0.160633963742099,-3.38525970168718,0.294070877793135,0.115027889073538,-2.20175039208367,0.387249594604607,-0.0780857775329969,1.36004069042418
0.293645239151035,-0.158870186257425,-3.36093485704304,0.294189636973879,0.114997735952348,-2.18908759554218,0.387168323810945,-0.0790907636821459,1.34667919054449
0.293617414221795,-0.157154103491458,-3.38940628031387,0.294305064792444,0.114880688646403,-2.22158230397162,0.387087750566304,-0.0800192447151719,1.29657042526695
0.293464213313169,-0.155478939508968,-3.37491128552454,0.294431584413069,0.114681765801818,-2.2423995920959,0.387087750566304,-0.0808794777483685,1.2389719854464
0.293300144287798,-0.153829581973491,-3.38523215092716,0.294590247330885,0.114413054438367,-2.21526928551584,0.386878343268619,-0.0816754888535327,1.2697423057536
0.293148606838314,-0.152183471830015,-3.2827126006136,0.294708950444134,0.114097937896828,-2.26681433282953,0.386877889376209,-0.0824126915039282,1.29508986631219
0.292992377371641,-0.150517341097316,-3.32771650348665,0.294825318598962,0.113770481557753,-2.16015188840657,0.386798924137958,-0.0830973822509223,1.35278588027402
0.292837778568001,-0.148809936736989,-3.37469940229865,0.294939150214554,0.1134702230983,-2.23126343011192,0.386714223538453,-0.0837303656255967,1.38691755399251
0.292687392644707,-0.147043224041363,-3.3757228149193,0.295035667310595,0.113234698976675,-2.25948411694602,0.38662890213027,-0.0843064842949761,1.40995288115537
0.292485686493115,-0.145206339154351,-3.37524154590833,0.295035667310595,0.113086298682017,-2.30360541561136,0.386556363346341,-0.0848180446829303,1.31601056736791
0.292341944549211,-0.143300048463378,-3.36047976308049,0.295074067101871,0.113017077187656,-2.32873680234279,0.386468316714974,-0.0852555206586118,1.27200442522409
0.292200222322971,-0.14133617978198,-3.38724792380923,0.295274855690697,0.112990111483916,-2.36606629426447,0.386388381452706,-0.0856073443689699,1.3637538107111
0.292047688679912,-0.139333092836723,-3.37285807121786,0.295399826237237,0.1129618728823,-2.37850547042883,0.386298667928716,-0.0858607005569889,1.33522159665074
0.291898708842129,-0.137313514127688,-3.36730068505059,0.295559423429115,0.112903210265608,-2.41398594660834,0.386213294099945,-0.0860034831734571,1.49763923085621
0.291756800727352,-0.135304932959857,-3.40973932098673,0.295677051686446,0.11280362463543,-2.39930195747305,0.386074590604097,-0.0860288826013984,1.54970557540175
0.291627136297819,-0.133338761431509,-3.42133136462762,0.295787568371048,0.112665156060022,-2.50502818969194,0.385984814105313,-0.0859407458774787,1.56945280970365
0.291490014271536,-0.131445925138128,-3.36949773538899,0.295903032246729,0.112495225880384,-2.56022071700998,0.38589717948136,-0.0857537815028556,1.58102284834365
0.291483708963785,-0.129646098653147,-3.29980479618679,0.296010940974882,0.11230237718022,-2.55692509084322,0.385819390296193,-0.0854880946723559,1.63571966415457
0.291360152676542,-0.127936118358054,-3.34622361022113,0.2961271143146,0.112095079026906,-2.61510837556989,0.385731472026839,-0.0851641578969228,1.65499064820982
0.29118529611023,-0.126292952497467,-3.37533483960811,0.296237931759761,0.111881881644596,-2.60889288716789,0.385650876832155,-0.0848012207076525,1.76817584518312
0.291059135981021,-0.124689982003402,-3.35736159330091,0.296352863590901,0.111671747671409,-2.63485891016153,0.385567947156141,-0.0844157770629278,1.88015341997154
0.290934705129858,-0.123107162461507,-3.46834594737466,0.296461737456622,0.111474270823152,-2.65845179963595,0.385563337071182,-0.0840171470253161,1.86480617559929
0.29080634116418,-0.121529628108149,-3.51851061453385,0.296584268936719,0.111300884610396,-2.73588506629324,0.385399732191492,-0.0836048379037805,1.87247789011581
0.290691531134235,-0.119944191922778,-3.54401334923016,0.296732905873404,0.111168215913891,-2.84219738285449,0.385394519703733,-0.0831715323333471,1.86855507451675
0.290572155526724,-0.118337898853657,-3.51844369079648,0.296828497554038,0.111098704718691,-2.8721243338836,0.385265434067773,-0.0827070832944528,1.88996233216357
0.290448173079453,-0.116697920771772,-3.48274534700285,0.296844886318352,0.111111068753001,-2.91191002998442,0.385177514630748,-0.0822018521216828,1.87536275096091
0.290331695116797,-0.11501294809231,-3.53875805427124,0.296963467260877,0.11120738272891,-2.91535926929626,0.385095234933088,-0.0816502482754105,1.95150855078481
0.290184640011096,-0.113276236856258,-3.55524896272461,0.297073865454119,0.1113721752009,-2.87810979499143,0.385009337671536,-0.0810510387868104,1.98191367344612
0.290064575845717,-0.111488994595659,-3.61086516120996,0.297187751256538,0.111582108731324,-3.00155606316592,0.384934566843789,-0.0804049089404688,2.03380961248906
0.28994539613808,-0.109661616371238,-3.6775882290756,0.297300652036089,0.111813103474468,-3.13702394019923,0.384846823449641,-0.0797130975017556,2.04459836844747
0.289815858070512,-0.107810880553455,-3.68489592462811,0.297409942845891,0.112042505678329,-3.20032344304164,0.384769802286589,-0.078977482157349,2.05532949789905
0.289807955933329,-0.105952982360268,-3.70267468973343,0.297570361614424,0.112252254848464,-3.21239652472983,0.384686281465385,-0.0782009153750751,2.04239870049421
0.289603623604334,-0.104097899415206,-3.72266276510034,0.29768397733077,0.11243331356108,-3.18510587053119,0.384610346332322,-0.0773871646625731,2.10489096221607
0.289589956282449,-0.102250811958416,-3.73870142487081,0.297795855854866,0.112585803158872,-3.20493858517583,0.384534601954761,-0.0765410368521391,2.19838294471439
0.289407067572867,-0.10041599139223,-3.83258379113558,0.297905847708647,0.112714344468817,-3.20571744354361,0.384424715465621,-0.0756705786887538,2.35141341330722
0.289386675825168,-0.0985960885184057,-3.84973224345995,0.298021540485803,0.112824186443636,-3.26449018423028,0.384340791719315,-0.0747906087379583,2.35684569314178
0.289296022659026,-0.0967870031694928,-3.94006829975717,0.298130983878106,0.112920266564394,-3.37071381541225,0.384277958555455,-0.0739229134509943,2.35641405216919
0.289193157711588,-0.0949754817820392,-3.99294702198099,0.298244234251734,0.11300717683946,-3.35297566102905,0.38420032286414,-0.0730909795697034,2.44374267436101
0.289067985610115,-0.0931452372315314,-3.95921614407148,0.298356926255057,0.113089234518283,-3.39313248199051,0.384199110665373,-0.0723114588233105,2.51355041294258
0.288974877245022,-0.0912854515362729,-4.04085145878696,0.298477050733024,0.113171330073519,-3.39883052699149,0.384129587545256,-0.0715868797137634,2.60496401360462
0.288870410218454,-0.0893934286833004,-4.18728335721557,0.298600130514669,0.113261573487185,-3.39972346276179,0.384060303346172,-0.0709056124240176,2.63147521099644
0.288776932989047,-0.0874728316440996,-4.24989835583795,0.298767569295311,0.113376228978635,-3.45800659511123,0.383988354517753,-0.0702484101276706,2.62793495008023
0.288696668950517,-0.0855311434352079,-4.26995580238631,0.298868337580831,0.11354141084167,-3.53679476090416,0.383925490509592,-0.0695945428439222,2.68484067081181
0.288608863912157,-0.0835773063056526,-4.27665706875001,0.298884267862461,0.113782934914919,-3.52851528466571,0.383808924801145,-0.0689264526572484,2.66399925104495
0.288525878426701,-0.0816204345641514,-4.32779323873199,0.299000310887887,0.114111118698612,-3.42614852491846,0.383742455075966,-0.0682341404603007,2.79619564393003
0.288447577656485,-0.0796699967206951,-4.29498731249781,0.299119413108061,0.114518154731011,-3.50421257340923,0.38367727047567,-0.0675154838469033,2.8464590112286
0.288348893458124,-0.0777374706057998,-4.31104668473301,0.299230426356076,0.11498769854655,-3.5167796798953,0.383603924206906,-0.066772396378326,2.89479603327952
0.288257758124299,-0.0758378414886749,-4.40745242730995,0.299351248510834,0.115502557757017,-3.50755939115589,0.3835394145719,-0.0660079122658527,2.90366467356724
0.288253438282597,-0.0739856065748193,-4.48112542953258,0.299471214241965,0.116046838103068,-3.51314910524992,0.383477658693703,-0.0652252622301124,2.91939324030505
0.288185040807449,-0.0721858908659306,-4.51436498198572,0.299589483769477,0.116606383826876,-3.48474957949474,0.383410770952424,-0.0644272713297173,2.99432067646066
0.288114330568613,-0.0704313042664814,-4.53448531968665,0.299703274142391,0.117168524236272,-3.51901614196422,0.383348966445389,-0.0636162878841331,3.10984162328115
0.288033481641758,-0.0687080991071064,-4.58677048463767,0.299828009188113,0.117722488090256,-3.53477775065748,0.383278210371021,-0.0627948884995583,3.13885591428401
0.287962304748122,-0.0670031878850204,-4.51054129286535,0.299993553422371,0.118263148289543,-3.54401907724286,0.383218836250955,-0.0619671864833375,3.17852825612066
0.287891367997934,-0.06530655293063,-4.63873005007052,0.300112770881429,0.118795642927565,-3.62046779307605,0.383121840343288,-0.0611414746712219,3.27112276105849
0.287829268116798,-0.0636106830555738,-4.65839076810295,0.300228728163281,0.119334711277414,-3.59718520171273,0.383056806494975,-0.060332249840417,3.39480449368466
0.287760954816866,-0.0619096641621729,-4.75932458443466,0.3003486845439,0.119899358597801,-3.64682806664276,0.383054850986523,-0.0595559418868573,3.48664885406006
0.287696538472037,-0.0601992659007251,-4.79879238023335,0.300468662031463,0.120508956766961,-3.61729585339672,0.382994983121706,-0.0588220743876398,3.48375627454351
0.287625374883245,-0.0584781765723541,-4.82257828210761,0.300586239322241,0.121180656744097,-3.66991458626114,0.382937455917864,-0.0581301410795397,3.45858388053674
0.287556809157413,-0.0567495050000245,-4.9336905386558,0.300621726545318,0.121924703487868,-3.65489204670762,0.382881904088772,-0.0574739536596555,3.42076817582034
0.287502444400623,-0.0550209943313058,-4.90475282777185,0.300850255389689,0.12274267841095,-3.69700718798025,0.382821667940963,-0.0568458016996193,3.50479934702888
0.287449176258126,-0.0533032010931392,-4.96650648781549,0.300884406903127,0.12363274915415,-3.70059414231899,0.38277354987323,-0.0562373069026659,3.62114936728531
0.287402400344274,-0.0516069499955629,-5.03460154584248,0.301090429005746,0.124594006443411,-3.73050256504298,0.382714726549993,-0.055639203146614,3.58124609149913
0.287351776723224,-0.0499420828953411,-5.0903939035562,0.301115543652665,0.125623947270721,-3.73910162681771,0.382654576220346,-0.0550419413961672,3.54777126535252
0.287290916567897,-0.0483182068590992,-5.14184792549257,0.301284404147683,0.126714140325367,-3.76660912852472,0.38259646328782,-0.0544377086820334,3.45837624192502
0.287250233858227,-0.0467459285128467,-5.10199801450183,0.301408496600065,0.12785097174371,-3.73785798742353,0.382506617219264,-0.0538237077378261,3.49888336041427
0.287204720662749,-0.0452358413750561,-5.18256831210652,0.301534770866419,0.129020244092466,-3.70197203516409,0.382458002243131,-0.0532046422713746,3.47221780562543
0.287201284457732,-0.0437952091184033,-5.14287471351685,0.301667450378109,0.130209310037879,-3.72108699175069,0.382407345830377,-0.0525913159609549,3.40459612388859
0.287112077946082,-0.0424266174838235,-5.09169211632676,0.301803529503798,0.131406781328557,-3.72104452612106,0.382355667909861,-0.0519966220645803,3.37174620394569
0.28710709313004,-0.0411299358660793,-5.15367720321524,0.301938877184648,0.132603062731387,-3.61173422498955,0.382302538905344,-0.0514331906616799,3.35853961314082
0.28706570412843,-0.0399029100743296,-5.16780180078158,0.302079395877589,0.133791357578698,-3.64414678695126,0.382254948185431,-0.0509131970815797,3.29111104055863
0.287029162523251,-0.038739712131502,-5.12878950206422,0.302223757204213,0.134968663053867,-3.66146779755833,0.382202183310931,-0.0504475482474154,3.24750971402235
0.286994116102494,-0.0376312072489975,-5.10532123433448,0.302371165538562,0.136137911526025,-3.61325018289808,0.382201819250934,-0.0500436727398263,3.26585374864533
0.286957263445716,-0.0365666838753577,-5.30892227034204,0.302563070894464,0.137312037180067,-3.58635976074342,0.382075761932421,-0.0497059360244471,3.21000711517708
0.286910991809678,-0.0355355474611957,-5.45405334450446,0.302688196127394,0.1385164982043,-3.5560491999098,0.382072798951671,-0.0494393335395851,3.25132854055366
0.286874435825054,-0.0345289264705381,-5.42741998912955,0.30281650880203,0.139785506556314,-3.56689554721163,0.382027944820759,-0.0492493227230936,3.28250601144371
0.286839739002774,-0.0335401688170596,-5.48827645077526,0.30297406455184,0.141155513811646,-3.63348934788071,0.381981190267407,-0.0491376295849499,3.31295274334339
0.28680757340128,-0.0325639388324356,-5.48479631774499,0.303095289599246,0.142659669117443,-3.62653897654476,0.381935029999335,-0.0491015167803069,3.24795286310684
0.286775300455743,-0.0315954320366887,-5.39573950029206,0.303115536346347,0.144317397117897,-3.5887961055931,0.381878245644052,-0.0491366338014166,3.19717215865396
0.286733162863275,-0.0306308503479787,-5.46157417284658,0.303263433720814,0.146122176916315,-3.61402423644956,0.381829034343492,-0.0492392014908403,3.12634002889756
0.286703640546102,-0.0296683835314116,-5.4749347895065,0.303408093470258,0.148042382297843,-3.58493355624062,0.381780989740398,-0.0494063930594129,3.27064550532557
0.286676133925858,-0.0287079276080959,-5.51724962971507,0.303551374535484,0.150033837046079,-3.63005692079724,0.381735624205092,-0.0496360836461109,3.24030868409969
0.286654623705148,-0.0277495035136341,-5.46786918217716,0.30371043044138,0.152050751663181,-3.58087710147855,0.381651811137578,-0.049928466500594,3.26698689851242
0.286619492516071,-0.0267919430118341,-5.44486919447889,0.303930400683861,0.154054247295891,-3.5750617816032,0.381604964832263,-0.0502889928617363,3.12327170311391
0.286618374569428,-0.0258321961957782,-5.47525391355735,0.304097744205762,0.156020541242344,-3.61852421376993,0.381556945880167,-0.0507281271322246,3.12130396358196
0.28656753242707,-0.0248652070135588,-5.50171060776653,0.304262112218209,0.157942550083972,-3.54540445829428,0.381518355758879,-0.0512572761292093,3.06921954436162
0.286566570739586,-0.0238842932335418,-5.43569667881396,0.304428292998857,0.159824021276866,-3.53019367722222,0.381464753722361,-0.0518854378179604,3.04861675814391
0.286546408940272,-0.0228806367376197,-5.50493093763913,0.304577957916208,0.161673042044652,-3.49899743896316,0.381417738833636,-0.0526189299084986,3.02442075862226
0.286521862813019,-0.021842696180483,-5.50492804624134,0.304747214259541,0.163498639168721,-3.42421997360685,0.381359587771551,-0.0534627508727183,2.91887957386492
0.286489192608361,-0.0207580518898344,-5.63392376259165,0.304916123117428,0.165310279796585,-3.43492078431625,0.381304238015595,-0.0544209595359253,2.8630117532115
0.286469431186397,-0.0196161877282589,-5.75746948938096,0.305083214338618,0.167118782304377,-3.4388343227863,0.381302661883363,-0.0554933849957151,2.69657760321501
0.286444716906165,-0.0184093643733519,-5.82740051481553,0.305253777171969,0.168936994081393,-3.41840644248409,0.381242096015805,-0.0566707130653123,2.59687897963097
0.286427392057825,-0.0171321297114075,-5.90021475271106,0.305440672218326,0.170781728727617,-3.3169797454166,0.381185320180307,-0.0579350874992899,2.62607515243567
0.286400753492315,-0.0157811888738641,-5.95093124370345,0.305670581383711,0.172676929421217,-3.382119669194,0.381093372847429,-0.0592675167193917,2.60647404955113
0.286385378869913,-0.0143557429402056,-6.06845929961994,0.305720183991145,0.174651600477966,-3.38252393802834,0.381034089342811,-0.0606545836104582,2.69444601400697
0.286368049630471,-0.0128574398655505,-6.21028459280523,0.306013896892831,0.176732332195552,-3.32099588508074,0.380976520641525,-0.0620889306611658,2.71321045068979
0.286354798081486,-0.0112897663962966,-6.40037937358568,0.306046260625599,0.178936613329265,-3.27745314614699,0.380907779441621,-0.063565919966268,2.66953288162498
0.286344532943295,-0.00965735583430619,-6.5312467973251,0.306230906384357,0.18126630510903,-3.29069141451934,0.380853036488229,-0.0650811892085633,2.67311751409459
0.286335077037338,-0.00796560314621171,-6.6816909301751,0.306411695683269,0.183705337750994,-3.2537659267526,0.380776319922437,-0.0666303416754547,2.64905596516742
0.286319599901465,-0.00622091721822114,-6.7783838098064,0.30661267354822,0.186228055003331,-3.24561131632969,0.380708942501632,-0.0682097948769064,2.61517613729103
0.28631683874907,-0.00443117830334069,-6.88805778488141,0.306800405030133,0.188809243413977,-3.2472441588929,0.380636111707683,-0.0698175377367359,2.67011740711735
0.286313793505778,-0.00260536017482184,-7.0555279255023,0.306991477555471,0.191426859298909,-3.18957722479548,0.38056908374911,-0.071453709194535,2.6366163500487
0.286313590628523,-0.000752601722968042,-7.14326237970423,0.307185911008896,0.194061257431916,-3.22876432165789,0.380449379316599,-0.0731232666345299,2.61959699091075
0.286309682124243,0.00111798493695234,-7.2043207885307,0.307407541708328,0.196697741339277,-3.17756932636019,0.380374278176123,-0.0748401523193593,2.62490107070695
0.286309444122879,0.0029967168777279,-7.237866240264,0.307688612893313,0.199334869391225,-3.16058330627759,0.380293180517509,-0.076626380470064,2.5433584296029
0.286316179353646,0.0048731885787927,-7.2588564396643,0.30788052548168,0.201991486659298,-3.22454594839725,0.380293180517509,-0.0785036943972838,2.54834869813362
0.286326263000067,0.00673706209659746,-7.23595519951207,0.308082642042731,0.204703208585446,-3.08519038744264,0.380138847561162,-0.0804866568264939,2.46491549983351
0.286329999619835,0.0085787511028471,-7.26129035645408,0.308292946557929,0.207512284589866,-3.19486704652175,0.380137540666089,-0.0825820623617074,2.52327818281768
0.286343150441441,0.0103896193228929,-7.31123456238212,0.308484602177199,0.210457897162036,-3.08028211436592,0.38005915853326,-0.0847879494063422,2.5213085782796
0.286370515396824,0.0121630382185198,-7.34390731394366,0.308553652213142,0.213565525768503,-3.07074320613398,0.379967677467002,-0.0870921372581885,2.5072814282824
0.286386358327336,0.0138961078848952,-7.35347256508908,0.308914507675757,0.216840081741578,-3.07063103411178,0.37988199352438,-0.0894759362652791,2.52367610173042
0.286399471440255,0.0155896733223004,-7.39996722649554,0.308914507675757,0.220261777068066,-2.99324892489043,0.379794454461962,-0.0919187752381836,2.51014895706229
0.286416139864743,0.0172463903509289,-7.43431837221376,0.308995994662108,0.223774913065779,-2.96784120563926,0.379706884842062,-0.0943996955883874,2.54932013640569
0.286431707989389,0.0188690483504585,-7.45319655848797,0.3095122167301,0.227294072973634,-2.99440084836973,0.37956877200869,-0.0969004203873575,2.54594449271508
0.286454715169805,0.020460242919401,-7.48445061219066,0.309743465992914,0.230744218022458,-2.98334028089676,0.37944851154636,-0.0994114209226823,2.56028617095123
0.286477142496499,0.0220228399635439,-7.56325858905072,0.309951199806249,0.234086393246598,-3.01619980488948,0.379352842562519,-0.101934349586375,2.58651337438691
0.28650019555211,0.023559905108075,-7.68613833284695,0.310183833984615,0.237302151858647,-2.96856204488195,0.379256428795786,-0.104477268743249,2.57379815965408
0.286500758275889,0.0250735014360211,-7.83126434996741,0.310419468761341,0.240373414313715,-2.91259188053294,0.379160400496705,-0.107048157469368,2.53744532615269
0.286564593965834,0.0265645301934392,-7.86695385397115,0.310673033833434,0.243280028426183,-2.87049485881864,0.379042907673861,-0.109652644909784,2.60491457476048
0.286567085695588,0.0280343368967175,-7.9258044672253,0.310935905197322,0.246004364040396,-2.83918949949813,0.378932185916691,-0.112295406540914,2.53625670248053
0.286598102272725,0.0294846848409936,-7.98547073104874,0.311179440250529,0.248534323237197,-2.70652826235354,0.37882238242275,-0.114981475681647,2.60596362156827
0.286625383854788,0.0309159009916417,-7.89137253847759,0.311457047332244,0.250866253633717,-2.56481978496798,0.378701948643519,-0.117714231850881,2.58212897924853
0.286656059422476,0.0323263606718397,-7.87354245405876,0.311810805683993,0.253012950137712,-2.36320991097558,0.378684933560493,-0.120490960018493,2.55431423375146
0.286684865121155,0.033713188535374,-7.86361757756372,0.312070041908795,0.255012534976896,-2.28214953585677,0.378381054276553,-0.123304884718954,2.58604137954523
0.286727466495663,0.0350730708304726,-7.81017359174633,0.312324797264553,0.256926140678947,-2.27051492566066,0.378378800954717,-0.12615312790162,2.55532758898658
0.286763432647678,0.0364031765608504,-7.75671482835886,0.31258315348438,0.258825518130963,-2.20871875718314,0.378251495075045,-0.129034162416295,2.6147207518201
0.286792429976659,0.0377016312744564,-7.83675443781173,0.312817646727425,0.260778740300007,-2.20248934893897,0.378138128257757,-0.131936703233912,2.63381285919546
0.286858793061559,0.0389684781612171,-7.823213232982,0.31289379430167,0.262834891407152,-2.11397063655218,0.378008245485997,-0.134837591137416,2.64896307706626
0.286899897305427,0.0402078008226311,-7.84669075010601,0.313344892672744,0.265016220337071,-2.01659128333355,0.377869128153604,-0.137707576138463,2.6335455425924
0.286934923772377,0.0414279630822759,-7.89662575747074,0.313384024732885,0.267321049155181,-1.97951945294453,0.377731573601028,-0.140516877928759,2.71005338306052
0.286973855715193,0.042638829460688,-7.94785368113507,0.313650432699054,0.269722070918692,-1.9061358275608,0.377516825901727,-0.143242364897642,2.66973107548277
0.287021654553911,0.0438496945395314,-7.92378850971306,0.313947243603375,0.272166883904517,-1.81482498751232,0.377367777992054,-0.145875136225086,2.70196152974169
0.287067025602008,0.0450697178777106,-7.88819498576111,0.314323703894617,0.274599436275548,-1.88829447676324,0.377224421179747,-0.14842075818548,2.68291878289776
0.28711402939118,0.0463088272520842,-8.01680640380487,0.314603971763953,0.276984029280657,-1.94680699073392,0.377069570794207,-0.150892358205883,2.72408482533658
0.287161011414437,0.0475778260630975,-7.99877041755542,0.314868953607087,0.27930701605491,-1.94546348245542,0.376918369867581,-0.153304805405062,2.77698373134578
0.287212611742096,0.0488883817338569,-8.00465320800081,0.31516233883846,0.281564247555897,-1.9909526213442,0.376777354759438,-0.155671989000088,2.76877285807295
0.287267502420394,0.0502525507488446,-8.00806874637145,0.315421453377442,0.283751996165095,-1.9246023490767,0.376632251277026,-0.158004570668859,2.73085474425757
0.287270273681824,0.051679377693896,-8.03674213657836,0.315723152685497,0.285864995653,-1.89483494404279,0.376460768489109,-0.160309483374809,2.74297339528652
0.287317861089863,0.0531700989018462,-8.08852680359979,0.316013213638112,0.287898287286257,-1.8590959010582,0.376303661214022,-0.162594011796734,2.7665440629026
0.287400339985509,0.0547189038770732,-8.13604850314321,0.316317760894375,0.289850419135378,-1.82164824668509,0.376037297337788,-0.164872266144541,2.78216283754493
0.287445697433832,0.0563190169296206,-8.14956476272868,0.316617687699727,0.291728234058421,-1.84430079019291,0.376036139319341,-0.167165451392293,2.90640486052379
0.287501554507556,0.0579656731374494,-8.22501933684263,0.317048236647407,0.293557144468566,-1.83554744914609,0.375706381284178,-0.169495095365406,3.00012106963154
0.287559849971608,0.0596544534171256,-8.26386835072783,0.317340852241025,0.295391264523548,-1.85881252967395,0.375694427052758,-0.171876526966503,3.00128554678811
0.287617228270216,0.0613798549144397,-8.3128002501048,0.3175910393948,0.297303539091376,-1.87813981140505,0.375525574077202,-0.174311184528578,2.94527341829897
0.287678620912514,0.0631353237809516,-8.33551377875989,0.317679884302835,0.299355021777902,-1.9019300889333,0.37535859655915,-0.176780603320919,2.92141179185075
0.287745014560253,0.0649136556078306,-8.27457040649243,0.31818880831556,0.301575252879829,-1.86919913706686,0.375188203989255,-0.179251258317142,2.94598398622771
0.287808723496918,0.0667075723171475,-8.26209821468161,0.3182333080324,0.303964593956608,-1.8289150682204,0.374994620459496,-0.18168435472939,2.98082312686044
0.28788398455694,0.0685111749224309,-8.26882184147233,0.318550463773652,0.306494441520867,-1.88520131906558,0.374810185800949,-0.184041618460367,2.90066449922718
0.287991693974121,0.0703235229418731,-8.26737355542872,0.318879124407879,0.309107048394383,-1.89022903943694,0.374613276332678,-0.186287248195804,2.98101066391793
0.288063383466485,0.0721522506931234,-8.3454063756082,0.319195578081248,0.311730826319823,-1.8254007292587,0.374455347089568,-0.188388784274319,3.10779063712636
0.288129817703111,0.0740125781434682,-8.34673648170878,0.319511297090216,0.314295889816292,-1.79286133705414,0.374134989824055,-0.19032362500513,3.03349056596657
0.288209718243862,0.0759214385664917,-8.29255342752412,0.319831655131108,0.316739783103974,-1.80567905399266,0.373928111215996,-0.192091054832983,3.03390175184586
0.288213866970844,0.0778906468057607,-8.30915228958464,0.3203094564322,0.319017472785441,-1.86039763828867,0.373747594468124,-0.193714730779181,2.98168894477571
0.288365960236387,0.0799240563833965,-8.34316288254966,0.320612555666287,0.321113641190619,-1.87487004771632,0.373550807463227,-0.195231102293491,3.03888760864173
0.288376547130562,0.0820191925978758,-8.3484552257244,0.320902591668923,0.323038054500122,-1.8311291132627,0.373356894343867,-0.196678765888565,3.13746578272602
0.288458876454086,0.084167093684414,-8.42682612145042,0.32123924024395,0.324807532163865,-1.92300725419264,0.373145161117317,-0.198096950173596,3.26234501176947
0.288540153499995,0.0863504336840699,-8.50074970917628,0.32155587472432,0.326435661257553,-1.76289676722564,0.372941042006685,-0.199527478401228,3.2916513680155
0.288629401581199,0.0885468155665615,-8.46946236575112,0.321878785517163,0.327933550154463,-1.86173775241878,0.372754038234762,-0.201010776444143,3.31907129490767
0.288771615224737,0.0907368617335428,-8.41095589328964,0.322240479802899,0.329313504516116,-1.79930218723275,0.372747482321687,-0.202568353433751,3.38466459641695
0.288853895851474,0.0929103572807481,-8.46676208321653,0.322569551926635,0.330593333215811,-1.7944103636871,0.372544526761188,-0.204184777950877,3.48143241452678
0.288950233443753,0.0950657170018463,-8.48099298558437,0.322937203376933,0.331801739039411,-1.70043570543702,0.372219506791953,-0.205817290362101,3.63292930296837
0.289049289375424,0.0972052694932198,-8.51916198773877,0.323364452579307,0.332982191178312,-1.69556436242286,0.372020423526088,-0.207425902053057,3.74747031292649
0.289144389512798,0.099332240027493,-8.5720775757408,0.32347724479913,0.334187221702855,-1.69632979469002,0.371836747539305,-0.208986014521546,3.70647873245775
0.289249932973296,0.101450267818436,-8.55979528650405,0.324046902828355,0.335465612824142,-1.6868440188923,0.371629394864591,-0.210478096245516,3.69132013869055
0.289348633566057,0.103563447026878,-8.52354147453505,0.324091202244627,0.336850238225007,-1.72199067090685,0.371420798038084,-0.211879088655654,3.7010640998576
0.289459283579413,0.10567649349629,-8.56467100470378,0.324407115858859,0.338341868185572,-1.6699816259966,0.371191915537847,-0.213164044654695,3.67217502278464
0.289567777336643,0.107795242801202,-8.54672952956164,0.324759725964908,0.339900794973683,-1.6686788171324,0.370977898623998,-0.214310011394548,3.8324890926091
0.289681387811744,0.109927298877407,-8.54587714274062,0.325104155192835,0.341463269610983,-1.70954609207854,0.370760976012314,-0.215299571997596,3.86227171539949
0.289796779755242,0.112083497306456,-8.61171348063127,0.3254802986724,0.342964099972849,-1.67010157132708,0.370417289439891,-0.216129722340132,3.90298608456244
0.289964962087786,0.114279971332895,-8.53725594677924,0.325806967569453,0.344344992171952,-1.67776456663862,0.370191333529173,-0.216823054651562,3.90660918743919
0.289975148651508,0.116534548866096,-8.59371448777534,0.326174393782299,0.345556570561216,-1.74272279570744,0.370004729763653,-0.217426105681074,3.86334208773016
0.290087590682552,0.118855217373673,-8.51267676238469,0.326672246661362,0.346568545399992,-1.73575488459709,0.369770549377456,-0.217995278342924,3.86105482571433
0.290196001508117,0.121233097075015,-8.51869927411811,0.327028214724865,0.347384161293755,-1.73289702575801,0.369551160668634,-0.21858364606007,3.94518594423086
0.290322185989129,0.123647587622346,-8.5613297013185,0.327388947465066,0.348040235659549,-1.77425763659299,0.369545893832873,-0.219228664703933,3.95276747457855
0.290456877622734,0.126075028321475,-8.5097708378876,0.327720566733824,0.348590994067627,-1.78546405180659,0.36910492249122,-0.219945077345789,4.07424987063644
0.290585570488978,0.128493521239806,-8.53329933637087,0.328060045925177,0.349093110664995,-1.77340437393217,0.369102336398291,-0.220728637759103,4.12676724846346
0.290727676345704,0.130884524306805,-8.59702804485248,0.328424690036453,0.349601368030522,-1.76908889821953,0.368882275981944,-0.221555367490526,4.17930537447285
0.290853176658084,0.133232578758587,-8.56825866841382,0.328786374139212,0.350170794714994,-1.7955178580364,0.368653252326646,-0.222379617402729,4.21361983366996
0.290990139098835,0.135525030368228,-8.62179722280645,0.329101792483802,0.350851248664903,-1.79297498697851,0.36830070295915,-0.223152696371504,4.28630899992243
0.291184934867631,0.137755460900632,-8.58575645084489,0.329151068421391,0.351661049025374,-1.79016353661755,0.368077047165744,-0.223847430074683,4.27083576747514
0.291334758184525,0.139929725082037,-8.66918006884677,0.329534004135395,0.352561167435651,-1.77592243012207,0.367876886954985,-0.224460046064234,4.3529266509559
0.291474083088179,0.142067202104925,-8.65670801081419,0.330038948437017,0.353472413993652,-1.74189909919247,0.367645283131905,-0.224995573834954,4.48217444216084
0.291633297956993,0.144196075017316,-8.62109735638675,0.330414204456787,0.354323200147196,-1.69666742629374,0.36741256003258,-0.225459123047288,4.60132644569442
0.291770931315639,0.146348956882756,-8.67907867972085,0.330775740320499,0.35507323238311,-1.72035755351179,0.3671789768895,-0.225856858690694,4.74506782215479
0.291930415828435,0.148558485104299,-8.63654060154146,0.331143747420499,0.355703743463314,-1.68349693126798,0.366960894840384,-0.226197531523946,4.60009960305501
0.291933990582296,0.150848181688954,-8.55252486579908,0.331487088619828,0.356203132152274,-1.72326628577933,0.366724104831215,-0.22649167564194,4.56474056844429
0.292218401786384,0.153225612024748,-8.48055719743736,0.331827742601934,0.356559627097133,-1.71418626612318,0.366500449553859,-0.22675098796254,4.58431414086102
0.292241664340938,0.155683818850549,-8.59379759454552,0.332199607520367,0.356758919236582,-1.77445066850858,0.366269887711029,-0.226990781862392,4.6858594942318
0.292381876996427,0.158202146208216,-8.61330430485608,0.332562676136117,0.356786917008522,-1.81700231881427,0.365915431178338,-0.227239193959651,4.77700128981115
0.292617080069789,0.160748697173167,-8.64274732166711,0.332956162594303,0.356638276525879,-1.91086306408415,0.365707687870675,-0.227543222940942,4.78523381397885
0.292777504251673,0.163292692674717,-8.61720531362441,0.333462368301412,0.356331676233978,-1.87426974787529,0.365704481466781,-0.227949368317129,4.76090038163654
0.292941699053072,0.165813593518693,-8.56227176722252,0.333832514155861,0.355923910333724,-1.90258290893662,0.365472455674792,-0.228470148025373,4.61546756965072
0.293117876290729,0.168298278909048,-8.56894714032267,0.33419462921949,0.355507137473909,-1.86787042491825,0.36523345977286,-0.229077459772056,4.69650493711439
0.293286309875006,0.170736565578372,-8.57226882266954,0.334534675819129,0.3551896890073,-1.86537003788608,0.36499536187571,-0.229724901780741,4.72751083533745
0.293461694366421,0.173119985767054,-8.53253187397643,0.33481986606924,0.355070022668101,-1.87985018314799,0.364761415462824,-0.230365804069871,4.71519575005087
0.293631502066239,0.175440923976127,-8.59937153345932,0.334878442597525,0.355202643713697,-1.89002703803593,0.364548282336901,-0.230955744804014,4.77342453875019
0.29380632468679,0.17769115908827,-8.51091233976896,0.335230344432766,0.35557030483704,-1.8499239657716,0.364293102264152,-0.231453192904339,4.92810349184725
0.293969211837618,0.179861827794309,-8.56511349525044,0.335596443243021,0.356092557302498,-1.91285534084266,0.363947690169051,-0.231829021004574,4.94312451030556
0.294242615973676,0.181949347010078,-8.588875101541,0.335970553085077,0.356662961671775,-1.96705270643424,0.363729969861801,-0.232077516034931,4.97142287684011
0.294434190898817,0.183965474940037,-8.57370267548383,0.336367682755896,0.357180975162343,-1.92427105253388,0.363498898836702,-0.232214005223864,4.97400280390096
0.294623513192275,0.185940288278167,-8.60193395133826,0.336865002907345,0.357571850550822,-1.95858712426645,0.363261232993735,-0.232262727415068,5.06294858163811
0.294814081537012,0.187915721773972,-8.6179156100353,0.33724077928868,0.357798511749736,-1.89747341032741,0.363030441273933,-0.232249667493728,5.22323917284944
0.295026786176476,0.189940023451216,-8.6173979512422,0.337572405412982,0.357855946458559,-1.87442769131161,0.362785312467098,-0.232202448172003,5.17338189795197
0.295212304890771,0.192063180022496,-8.55328632427595,0.33793479420763,0.357752017823335,-1.790748729144,0.362551804488404,-0.232151615377508,5.18152347226533
0.295218522581031,0.194320922608021,-8.47142372543904,0.33828317103978,0.357494097697993,-1.7308167259766,0.362314112022587,-0.232131089260588,5.27818353649409
0.295399516765747,0.196713028969067,-8.41520786522777,0.338648131729864,0.357087071080518,-1.75443701203245,0.362074238848565,-0.232173720704564,5.36645682463152
0.295596920429808,0.199200479928944,-8.47146005189133,0.338997719249708,0.356534499240943,-1.74879317506612,0.362068452074615,-0.232299525130554,5.36345875422968
0.295795316135271,0.201724762207755,-8.3899111020802,0.339341252267127,0.355838727020382,-1.76992557170589,0.361525652711204,-0.23251308776726,5.30579798349619
0.296082814547795,0.204230372034263,-8.38257073778938,0.339734873976562,0.355003082740705,-1.72006297397569,0.361491746771576,-0.232816420976333,5.30557995027638
0.296308038587274,0.206679167567305,-8.46661179162807,0.340120464031514,0.354041217281272,-1.72038604463887,0.36128333769847,-0.233209256419805,5.35650704766604
0.296514982283764,0.209052769603007,-8.42311012357145,0.340630812098563,0.352992866952633,-1.66750099333658,0.361038286984396,-0.233675254424298,5.25191714219849
0.29672839921493,0.211344738604504,-8.29412259898413,0.340937684062105,0.351927922581262,-1.61999184898354,0.360792758554472,-0.234183938197024,5.27161895313618
0.296938726538721,0.213552371343189,-8.33954706803874,0.341032272388321,0.350921272351745,-1.45511965992371,0.360540466755393,-0.234704636191586,5.32943284417058
0.297153031295387,0.215673523106937,-8.33655058138068,0.34162159037717,0.35002259924229,-1.45421123981593,0.360315530409845,-0.235211975477758,5.35171322761379
0.297374921656898,0.217706383912081,-8.354236115569,0.34167167841179,0.34924830029923,-1.4872733224564,0.360081767758982,-0.235683460168763,5.34374778051044
0.297594863171354,0.219650039945783,-8.35311823719298,0.342033390712631,0.348578548990331,-1.41740025842007,0.359835232718652,-0.236099885486756,5.36006627951513
0.297815010738556,0.221506587723472,-8.39519611358697,0.342365236306399,0.347955261534131,-1.40475103276369,0.359464101438754,-0.236455347764086,5.32144496579154
0.298136216525168,0.223288494752051,-8.34091501538857,0.342729992146799,0.347298078989112,-1.4165802395294,0.359265295978027,-0.236767606983531,5.28895853383912
0.298373615338894,0.225028749990711,-8.29839081753988,0.343124869031882,0.346529760072661,-1.39903147661589,0.359041865638138,-0.237072679654154,5.29299734848517
0.298608344661712,0.226778391674547,-8.36568603609604,0.343622378687973,0.345598427405447,-1.30958903295729,0.358807181071366,-0.23741025092307,5.18281261063388
0.298613495224791,0.228585260673617,-8.36649431054622,0.343951611485739,0.344490078379975,-1.27799081184413,0.358537448978372,-0.237820412455168,5.25037921506336
0.299074667517847,0.230477711503059,-8.33025682321956,0.344286814757653,0.343220485208639,-1.15967553805561,0.358224378505886,-0.238353114141349,5.2142591619498
0.299103755600511,0.232467300817279,-8.32290313427624,0.344612792170522,0.341814603300614,-1.11309498452362,0.358037629408884,-0.239068823837459,5.1674754908125
0.299324421348338,0.234548780124766,-8.35087219229148,0.3449559665062,0.340294082516873,-1.04742847559059,0.358035710179233,-0.240008077738378,5.13867698515492
0.299558750400675,0.236693767299161,-8.32073178134537,0.345293162154768,0.338676333255964,-1.08331490981762,0.358035710179233,-0.241147702634738,5.12542867878293
0.299812960285615,0.238857715256092,-8.27856741551354,0.345625635814212,0.336976625007021,-1.07802562800488,0.357425040825238,-0.242404474608354,5.04595956754366
0.300049204657084,0.240993531916416,-8.26541026217123,0.34597072097748,0.335210601505274,-0.98797550356297,0.3571915358209,-0.243695028395647,4.95803891411323
0.300292003132913,0.24305843582865,-8.26949780973266,0.346362594762035,0.333402824279589,-0.955730437901227,0.356950867504457,-0.244976971397669,4.98663722372912
0.300648878540589,0.245022064671799,-8.24036910746794,0.346845584473187,0.331604275217192,-0.923010232806682,0.356704373383288,-0.246236050288463,5.09131367015842
0.300926795527018,0.246878812899561,-8.25003784687914,0.347164917773698,0.329899973298389,-0.851010646525439,0.3564668451124,-0.247462959294337,5.03490308268299
0.301171926579494,0.248650538652048,-8.30631702873253,0.347205199752434,0.328379155884585,-0.788703155763494,0.356207478799883,-0.248647228611588,4.89719416779794
0.30141886218463,0.25037550531265,-8.26116531431794,0.347508865930034,0.327086929659717,-0.736288106324406,0.355963025982792,-0.249778878415101,4.79556469352906
0.301680539209205,0.252097093479181,-8.27213586659347,0.347846644313705,0.326011209026931,-0.655173691040574,0.35568369846526,-0.250853420999773,4.79097125838495
0.301927870364874,0.253860508584406,-8.2660618171924,0.348168818184211,0.32510922783174,-0.638973322147414,0.355310474485228,-0.251883686806864,4.71498975294383
0.302208611691279,0.255713907069659,-8.29017769121862,0.348493546165729,0.324332084199585,-0.62086369381353,0.355053905786298,-0.252910980299531,4.71116848683711
0.302456634386961,0.257709266562441,-8.2267798608684,0.348827037837357,0.323631638834447,-0.515751044365683,0.354832866534956,-0.254000577453112,4.66272347896344
0.302704660044805,0.259895677568341,-8.2462266208859,0.349143250817797,0.322960811547394,-0.58855283200668,0.354567150388038,-0.255225660571097,4.60816634898107
0.302713161730963,0.262292148326901,-8.23533770713157,0.34946640960571,0.322273739753847,-0.390620718408785,0.354310931738326,-0.256658428729609,4.49615675756805
0.302740616177419,0.264850880299759,-8.22042880980595,0.349827918677453,0.321530708332508,-0.310253747330945,0.354036718467953,-0.258366923840959,4.45848200064889
0.303354421954583,0.267463141576749,-8.22358104458048,0.350289439090012,0.32071257030965,-0.216944985542964,0.354035077734224,-0.260398234999875,4.31111579548992
0.303657005700983,0.270020260605742,-8.15454777534475,0.350604738833294,0.31983434953502,-0.127101739996644,0.353772065776256,-0.262748604672853,4.29525581147719
0.303920181908974,0.272458642235845,-8.19012756228923,0.350935135925622,0.318941931098326,-0.173287761832456,0.353770339388997,-0.26534681969144,4.27705568751383
0.304202523577112,0.274749191476583,-8.27785753351019,0.351254964836456,0.318096548548456,-0.107400541508213,0.353231577828724,-0.268073570031504,4.34881128238974
0.304474066729349,0.27687230201386,-8.21005164118237,0.351564369127396,0.317363228394214,-0.113921634857,0.352950683139256,-0.270810479902784,4.31062724286747
0.304745429061812,0.278808209627786,-8.26520170159385,0.351881700047537,0.316806734097103,-0.0516015464919048,0.352534877674719,-0.273481528261029,4.24544611492676
0.305012367465027,0.280536786551145,-8.21595420251528,0.352202597415343,0.316490211393423,-0.0995081121981977,0.352295528169227,-0.276057836496471,4.14640405974146
0.305411701774411,0.282045828686465,-8.14404896257953,0.352475332990594,0.316467508470424,-0.0431226972046357,0.352032268394268,-0.278536483698648,4.06007448736518
0.305723592999017,0.283345240072069,-8.19067101703066,0.352519470755321,0.316757890724645,-0.0527000612937714,0.351740214479498,-0.28092022700338,4.01322927283614
0.305999275920228,0.284471020338365,-8.16844011728057,0.352795887923676,0.317312450808587,-0.0741674641646533,0.351458198907805,-0.283210954145461,3.94222064402527
0.306285097207342,0.28547474365898,-8.24369193758349,0.352901192697368,0.31800647683626,0.00305442795473843,0.351167641845333,-0.285411902013127,3.84953109166851
0.306592851627795,0.286413987797274,-8.2409172628324,0.353673129843589,0.318683432149407,0.00637288192387997,0.350858476412106,-0.287530283318928,3.76710427520595
0.306894349972821,0.28735155194249,-8.15879507120189,0.353999919500634,0.319224540590556,0.0796025809108667,0.350584974827278,-0.289577847521601,3.68106227411949
0.307167162397077,0.288350478938237,-8.16080766966675,0.354311818646959,0.319577906826861,0.137580775405971,0.350283466944212,-0.291572339453579,3.60494043449644
0.30718370634899,0.289454645123947,-8.09917206223803,0.354644486762714,0.319732605846105,0.16716137622781,0.349840086532475,-0.29354776100935,3.52292423135859
0.30773031574316,0.290674294703871,-8.02992518564757,0.354977341689934,0.319689290283539,0.235866516644645,0.349530301318014,-0.295568963633116,3.44858472903589
0.307764024672015,0.291993037269349,-8.08450109770192,0.355288397136839,0.319451600730917,0.316145449798659,0.349266504251324,-0.297724570848417,3.36785342226386
0.308174248723296,0.293379310019332,-8.11740792639197,0.35557564941842,0.31902260966411,0.459566381509332,0.349264623788993,-0.300085898077656,3.23725261153178
0.308476598491557,0.294794790392607,-8.06677409309824,0.355922374445792,0.3184045476277,0.430955226631492,0.348970219244753,-0.302664700731583,3.08637316479408
0.308768382187209,0.296205391287263,-7.92742541821667,0.356384227536615,0.317612104271596,0.433506269079246,0.348665868989762,-0.305411549409421,3.02335902574341
0.309077982562747,0.297585408070065,-7.86730771175611,0.356702281757997,0.316689608723958,0.487606615111314,0.348362740742313,-0.308246132192763,2.93117497748031
0.309374172639915,0.298913802502408,-7.8064499857014,0.357010253476756,0.315710923285768,0.603173306897487,0.348061158604122,-0.311080237832016,2.84606133141171
0.309678763483624,0.30017185168865,-7.86704790935341,0.357351594296426,0.314765168891806,0.658437478650309,0.347754997482331,-0.313826542246533,2.74513548721544
0.309979248626271,0.30134244812106,-7.86625351217077,0.357657282231319,0.31394587440158,0.786982242820693,0.347238943676013,-0.316413905555911,2.70866248894424
0.310277558788385,0.30241172229261,-7.82695809362771,0.357916666346833,0.313338866188802,0.76735732389662,0.346919748274045,-0.318807910477866,2.71019603252575
0.31071760301777,0.30337924872734,-7.86127723725635,0.357964502942838,0.312994983037064,0.786998853082996,0.346594559747207,-0.321012365179262,2.5622212414746
0.311052495082866,0.304273081306404,-7.83223395891376,0.358285591358402,0.312903947815621,0.874744552026338,0.3462904358539,-0.323049504622695,2.49659140956299
0.311347726650008,0.305152636844553,-7.82713163147196,0.358583078976047,0.31299940143749,0.993403947739558,0.345981866182097,-0.324941855992154,2.37566809269728
0.311672160559829,0.306090726891552,-7.73452384682283,0.358899964597341,0.313187961969111,0.947160135288951,0.34564491663274,-0.3267068371583,2.42239881378795
0.311685036984292,0.307144951155878,-7.70748212546597,0.359238345797459,0.313374790621027,0.932257583476688,0.345332832725461,-0.328357951208205,2.47034674770769
0.312282282412611,0.308342161155112,-7.74735711915847,0.359690949487757,0.313482496861032,0.979156256121871,0.345002239159079,-0.329906322124222,2.39326042983395
0.312305677834026,0.309682771899588,-7.68101203728124,0.359998347805743,0.31346505154324,1.10413539253892,0.344663745999845,-0.331365519474156,2.13949024023482
0.312622801315421,0.311141023093143,-7.67860704772953,0.360331272050734,0.313306376996342,1.12033927287583,0.344142998478429,-0.33276818009062,2.09623521249908
0.312946614066287,0.312660618469829,-7.62512923853444,0.360648727239687,0.313007151263216,1.19424080187131,0.34378536927916,-0.334186531760848,2.06064155212969
0.313243066720077,0.314168165847341,-7.70290967047338,0.360958968283751,0.312574759328624,1.10941533799119,0.343464199211683,-0.335726857309812,2.17924406266647
0.313703456899874,0.315598542812017,-7.58620426240982,0.361287579544544,0.3120194045872,1.19291727695187,0.343452662908874,-0.337483858556152,2.22490484210117
0.314025911352413,0.316913192725588,-7.65367176611616,0.361556570809032,0.311350566870207,1.29978778113621,0.343148396157395,-0.339489628352143,2.15954673004663
0.314346115170023,0.31810170872363,-7.71040128866122,0.361865594844142,0.310572757627622,1.420256079077,0.342822934107893,-0.341705283702377,2.01272679157766
0.314675398632237,0.319170074085417,-7.7181058116247,0.362199579193239,0.309688081347065,1.43183819728116,0.342468451829897,-0.344052512807161,1.90229073389888
0.314997661210172,0.320130177385218,-7.72178641433252,0.362632200300553,0.30871098713906,1.56271254768586,0.342105505777474,-0.346444221327546,1.83562774249408
0.315304004204101,0.320995802366009,-7.74728577934143,0.362945619987467,0.307684236383309,1.49994752553732,0.341773732425929,-0.348795700653575,1.82590692192215
0.315643865694035,0.321781013930338,-7.7612700866808,0.363282889938305,0.30667927113334,1.49604954107353,0.341403692960051,-0.351028782230462,1.80277529714588
0.315949193022353,0.322499517294632,-7.72685213924781,0.363530343939949,0.305776714360914,1.65387328252289,0.340872435748831,-0.353085629887823,1.71756350295145
0.31627174284973,0.323166627175072,-7.75562522399745,0.363613957674464,0.305037017674156,1.72376575165255,0.34049651276966,-0.354948024661769,1.67267778144583
0.31673296063322,0.323809749185681,-7.74258146808501,0.36411271789871,0.304483461286015,1.98376706615814,0.340115454803603,-0.356640629989524,1.51243678222549
0.317091942882851,0.324484806814289,-7.7487706613313,0.364158086140253,0.304104224545145,1.96342831694589,0.339743313807092,-0.358216120156363,1.4605106668888
0.31742051885175,0.325274940058198,-7.71312827237605,0.364467226065084,0.303853739034479,1.97478930471736,0.339384253024056,-0.359739848858067,1.3462321829389
0.31743885473764,0.326254144653247,-7.70092591274719,0.364801617508365,0.303657710838181,2.03281985550452,0.339050780702337,-0.361280296752431,1.25791845938982
0.317751594548071,0.327443187921804,-7.72706998948716,0.365243021738206,0.303441025370989,2.15479524503247,0.338686268343939,-0.362903315489828,1.06818123603221
0.318099531285598,0.328804332537572,-7.68091281649625,0.365556492745397,0.303157692679231,2.33036490573201,0.338301038664506,-0.364665390149799,1.02415580226189
0.318440714452318,0.330272036834348,-7.68788590984282,0.365875174446041,0.302795048373281,2.29409928139883,0.338300492586165,-0.36658995733184,1.02584443150607
0.318739198616948,0.331776776084974,-7.59829243090252,0.366198313858674,0.302361241705501,2.2896041330882,0.337934840596995,-0.368637891012251,1.06337702271002
0.319089339766557,0.333249001853365,-7.63248430422298,0.366504525245053,0.301875518927725,2.22628651600843,0.337366557093354,-0.370721414855989,1.11477661553777
0.319457598934912,0.33462327427432,-7.61863421884436,0.366813317188751,0.301363686432583,2.22776251571576,0.336964034663867,-0.372759090697973,1.01782703725085
0.319906724810478,0.3358521581491,-7.68471011801467,0.367085696768464,0.300853231588764,2.30371426219899,0.336576554068211,-0.374707497750563,0.875319800121556
0.320244520586752,0.336918045434592,-7.63568444442881,0.367386619442676,0.300368340465461,2.37793428369698,0.336206522916438,-0.376549179216409,0.840214143901872
0.320593089477344,0.337830462321073,-7.60176505886411,0.367687648910592,0.29992781939788,2.4032568709376,0.335883343431325,-0.378269791318446,0.890225302170626
0.32094883294026,0.338614037704669,-7.54809342888664,0.367946560406013,0.299540532406529,2.4032339871837,0.335504031572842,-0.379845504906104,0.877801389658445
0.321258846871947,0.339298826305317,-7.5591800480844,0.368055968969115,0.299196167443983,2.36755571039841,0.335119483959681,-0.381242299314594,0.819083248029156
0.321618924988745,0.339915556778451,-7.60537723305494,0.368731365719323,0.29887143706234,2.40497926542541,0.334733767821069,-0.382422199322568,0.778246412955155
0.321949522911379,0.340497502522316,-7.56786928801051,0.368774652755966,0.298550548095952,2.47981074353717,0.334340839989987,-0.383348570067323,0.705736254230474
0.322457464382854,0.341087267581999,-7.600997569856,0.369079866025827,0.298222708611147,2.63091531149682,0.333961695684453,-0.383987700983687,0.799166958652584
0.322468356398536,0.341733918263042,-7.51238608127082,0.369385682572572,0.297862299718586,2.74232387814133,0.333560001455362,-0.384313432069995,0.789910219361281
0.323151038010243,0.342481183951363,-7.47313818679889,0.369665741853154,0.297427739151406,2.8272919330285,0.33294613275616,-0.384325317645414,0.764186218060029
0.323173702159253,0.343359797836811,-7.45759738487667,0.369973707261327,0.296872518249831,2.80932200486074,0.332551068395056,-0.38407039102471,0.622781647158619
0.32351390855183,0.344375599825498,-7.39741181346717,0.370279349659383,0.296150783734521,2.74399439977238,0.332202453253041,-0.383640491170462,0.609823956830548
0.323860763290819,0.345498821545244,-7.41883418876971,0.370586518604104,0.295220495765867,2.79417283531763,0.33179249534131,-0.383140312117577,0.568695700402542
0.324206837663302,0.346675264830905,-7.3428920846367,0.370904544068503,0.294048925613188,2.81371330988898,0.33179249534131,-0.382648483354773,0.558243159973153
0.324557999455962,0.347845116506093,-7.30492748384577,0.371325318285041,0.29262376819002,2.86580967067111,0.331050859782991,-0.382199242580063,0.471341457104775
0.324913291515424,0.348950465252221,-7.24810186220361,0.371641260373714,0.290965406960202,2.86137163829097,0.331050396196344,-0.381787500067894,0.403077426470881
0.325282641432317,0.349937291046701,-7.2259102804994,0.371941715960033,0.289126347463944,2.81128853668209,0.330672285532324,-0.381371299880355,0.322944880188808
0.32562700209626,0.350756889232913,-7.15853492867949,0.372209817963778,0.287176277562209,2.71018097522441,0.330084746935955,-0.380881755666574,0.352564391365534
0.325998518471933,0.351368364959083,-7.17490259454098,0.372487196930528,0.285187036498152,2.66150247864563,0.329703186141831,-0.380259314085367,0.395551227470599
0.326478672425128,0.351748482900723,-7.10603820050269,0.372776665808398,0.283226978617237,2.58378807912109,0.329322173307329,-0.37947713638425,0.327767558639104
0.326858619602497,0.351904878541953,-7.14583664945248,0.373063628780433,0.281361612362212,2.50068310470263,0.328917659279234,-0.378530751365644,0.312596454229108
0.327200491135732,0.351876480293151,-7.09828692776155,0.373297457431905,0.27964815104606,2.63341297071885,0.328549946493469,-0.37742370189846,0.219919500021227
0.327571935632998,0.351719737426688,-7.08866481924283,0.37334132987302,0.278113206723872,2.71325000293976,0.328180685803069,-0.376161301891082,0.282318873632075
0.327895648804176,0.351495805387075,-7.02796541352233,0.373600004561014,0.276729018886703,2.70251729682277,0.327833139913402,-0.374745031814622,0.219664763565887
0.328267372025756,0.351265821847783,-7.01836020975962,0.373922346072917,0.275421720893307,2.71308213019347,0.327468961605432,-0.373168364016258,0.30709729890998
0.32862090450876,0.351085085495892,-7.02409198660933,0.374327459463774,0.274111703412116,2.74351861259577,0.32708378212707,-0.371417593508653,0.310135349860446
0.328643151085146,0.350988475248768,-7.00392706618011,0.374595716657617,0.272746109213288,2.80097933957064,0.326725836763104,-0.369479459884109,0.294939687061536
0.329466107735064,0.350989266158443,-6.87455682836037,0.374850746099041,0.27129878721315,2.97242454452575,0.32615435245161,-0.367359131412312,0.230757172967309
0.329521005964732,0.351100248356463,-6.934469276179,0.375134459055269,0.269753841967341,3.01290484675987,0.325768358335995,-0.365101292564957,0.150870597095421
0.329863006338611,0.351335483444203,-6.88440706348859,0.375396341269271,0.268095970558813,3.02181224988364,0.325402188249651,-0.362792932373906,0.0845053578173123
0.330209395015946,0.351688977481133,-6.84056710428736,0.375663996118411,0.266309231313613,3.0281808713904,0.325023987107735,-0.360539630395068,0.108942495253232
0.330563082610286,0.352132537994862,-6.72916944984146,0.375923381784327,0.264377454332414,2.99200346551654,0.325000394893639,-0.358424128588794,0.157390923401972
0.330900664980224,0.352629166220826,-6.60222984082012,0.376222599772914,0.262288628985098,3.02418753955506,0.324643853433593,-0.356468323460073,0.19597630223828
0.331243483044723,0.353138282724264,-6.55680805741856,0.376599389302823,0.260047749072766,3.05872613098292,0.324293902528642,-0.354630543714784,0.218634271696048
0.331625169683974,0.353617006652487,-6.56528629522924,0.376873300987033,0.257690021705229,2.95226326405826,0.323944002067592,-0.352835859186602,0.26310955956915
0.331962259541152,0.354026191887511,-6.56157860559953,0.377144988215875,0.255279709282522,2.89039779950969,0.323579589625138,-0.35100214236445,0.108766908071022
0.332484804269414,0.354343850164933,-6.54500375345553,0.377358452884675,0.252891132701664,2.89568565626768,0.323232814961094,-0.349048433730819,0.103447234155875
0.332841759457961,0.354579964572988,-6.50516492019176,0.377421590511577,0.250582856065248,2.86165204884965,0.322865099688965,-0.346900042038938,0.069841857050815
0.333203512410145,0.354777533149569,-6.49543470836193,0.377855889996342,0.248384834175916,2.76744034660794,0.322358069884521,-0.344502367272997,0.166411802741089
0.333591468869852,0.355000212398927,-6.475081611319,0.377888343348932,0.246301972169718,2.69610958756483,0.321996236273996,-0.341837701719451,0.111258505464463
0.333937715017486,0.355315480775025,-6.41045868117522,0.37812720411048,0.244314144147784,2.64303820667217,0.321631033445014,-0.338927257125754,0.037356368392943
0.333954600802968,0.355770345503472,-6.29789114007299,0.378381441440241,0.24237369627235,2.68038959364411,0.321282253052454,-0.335816929886098,0.0521817426542452
0.334656694075418,0.356374988001616,-6.28124690900658,0.378610557019212,0.240416136597103,2.75986318424924,0.320977632921428,-0.332561867385573,0.0516632726496067
0.334665873974455,0.357107324490768,-6.19348791134468,0.37887842693129,0.238376942825837,2.6303782749873,0.320632010593707,-0.329217709395005,0.110995847743765
0.335015973057702,0.357915196419144,-6.02553832230508,0.379232893393841,0.236207079010096,2.72632025241881,0.320312479843458,-0.325838641243789,0.150468197993787
0.335560235045162,0.358723205304769,-5.98893487042733,0.379480013799835,0.233885692604698,2.74635470572645,0.319956932675349,-0.322480240899266,0.156750689570438
0.335935866240831,0.359465285720592,-5.90262717957945,0.379716480596837,0.231419462427161,2.75093966787535,0.319651070256561,-0.319202588955793,0.164153706627459
0.336305952431537,0.360107979173246,-5.87073887643609,0.379941298679613,0.228828841706874,2.80655315993068,0.319301992085011,-0.316065422712936,0.0596531741957076
0.3366748888901,0.360641516792198,-5.84751237540387,0.380141255682338,0.226134863217467,2.81523452351652,0.319301992085011,-0.313098362888508,0.0431452841256383
0.337037926194544,0.361065002298891,-5.75971710077178,0.380372199121782,0.223353279918835,2.77249079117518,0.319301992085011,-0.310255489586715,-0.0386549179999087
0.337394356053654,0.361380839556099,-5.74896126661072,0.380585895048276,0.220494767256782,2.85614907545414,0.318498952480437,-0.307420892924201,-0.0581694684275227
0.337777219894827,0.361593971928342,-5.71892488817377,0.380818063311123,0.217568211905084,2.82571282285398,0.318193034817909,-0.304484058239971,0.0452097595951808
0.338138209303682,0.361712376840887,-5.7027296751649,0.381039045848753,0.21458413331246,2.89848740391827,0.317892521853241,-0.301393225350497,-0.0107250871805369
0.338476919581957,0.361745700702277,-5.60797155343239,0.381260681870283,0.211558642194056,2.70449602920983,0.317585798201437,-0.298137933805922,0.0172358482967929
0.3388561491239,0.361706162955289,-5.54714312925752,0.38157432079932,0.208520956902878,2.64564855351287,0.317304829057303,-0.29471685830835,0.0181357520639025
0.339399829410766,0.361622514217093,-5.51072435535284,0.381754769279445,0.205516589893484,2.65377642741773,0.31699647703178,-0.291127987236056,0.107505156594331
0.339750729952653,0.361558798516565,-5.48450565352929,0.381781833049978,0.202589986609507,2.62115583232537,0.316721666166925,-0.28736855356008,0.0378917379640524
0.34012641973732,0.361614981649938,-5.43260515026601,0.381994055034717,0.199757790672384,2.59168010165981,0.316434190078367,-0.283434752941965,0.0636513405545445
0.340512241929885,0.361905225504503,-5.43931870166463,0.382196383529714,0.197004350597918,2.61558880723958,0.316155479931847,-0.279323918514123,0.0344596989458701
0.340531476933731,0.36252003096807,-5.46728637165288,0.382376761849166,0.194297767593545,2.56086574414027,0.315742326222462,-0.275044892446901,0.0821918759349218
0.340863912212192,0.363480416181596,-5.41238072274648,0.382560091786746,0.191600736057453,2.47437585970702,0.315485286923296,-0.270630763811947,0.143425677222886
0.34088565277509,0.364712151574872,-5.37095641757436,0.382751217735229,0.188871985066243,2.40615165325086,0.315201583009618,-0.266139094383154,0.145261223757014
0.341596098196098,0.366070619824366,-5.29111392076824,0.382945599507223,0.186068342004165,2.40768912604949,0.31492795700886,-0.261641062511277,0.158476321577027
0.341986328156178,0.367404550708559,-5.25128471095844,0.383156487418,0.183151186886991,2.42269290039213,0.314679185399139,-0.25720784093385,0.0904730774615616
0.342357890293769,0.368600564661375,-5.18684363945453,0.383429988783763,0.180097092484633,2.44816156069872,0.314678636208264,-0.252891927211187,0.0911947068774144
0.342741396359321,0.369581649886086,-5.17844474459955,0.383615235190705,0.176906574302091,2.53054814503394,0.314180953210765,-0.248715356203901,0.0695784826830566
0.343282665625799,0.370300037973203,-5.01741058858328,0.38378892148422,0.173601621084525,2.42759543021979,0.314169984465906,-0.244675516790121,0.158716597256546
0.343680357403293,0.370746623953476,-5.02229895903878,0.383964572703538,0.170214700289999,2.38116958125601,0.313914724090931,-0.240748665375168,0.166559378718895
0.344034142953102,0.370950585877575,-4.98402768487651,0.384124057668281,0.166780015884571,2.40644474287752,0.313669674295054,-0.236887657038912,0.186965692170208
0.344427561112852,0.370961681958668,-4.98757921210683,0.384277993524841,0.163329561815475,2.42317767501648,0.313434728120543,-0.233033227403825,0.125956237839866
0.344788753653767,0.370835147949765,-4.88618665062721,0.384434166514106,0.159890898277918,2.52923225713027,0.313091896438412,-0.229134877366663,0.102365340737858
0.345133917426659,0.370625334350536,-4.91072592529884,0.384572715781968,0.156483709472896,2.48629405393226,0.312855817647387,-0.225165160075675,0.074309521265836
0.345517793141147,0.37038317045248,-4.92563635422385,0.384621942881072,0.153115182845298,2.44482050481608,0.312636363319113,-0.221119591198167,0.0441201204063351
0.345901010591568,0.370157890607428,-4.90494324392049,0.384964943518167,0.149783747560204,2.4052897516477,0.312414248499534,-0.217005611138966,0.101359381732486
0.346266278948397,0.370003740204656,-4.8796405987983,0.384988880558297,0.146490387940812,2.34965764431537,0.312203518351423,-0.212833138731765,0.108337710738694
0.346795764521336,0.369986211852,-4.69167688418826,0.385131485220496,0.143238407611233,2.40145026190583,0.311992146729058,-0.208611875022943,0.134193155869668
0.346831474457028,0.370169426139706,-4.65179458319386,0.385279000879128,0.140023835548425,2.34400488276016,0.311778915107647,-0.204351571832983,0.137262710025362
0.347176201199571,0.370581689563924,-4.59175394760238,0.385420882907615,0.136835393493753,2.28450979529302,0.31158359257697,-0.200063955448046,0.152511796261777
0.347566739115062,0.371199383211719,-4.57721122646364,0.38555086551895,0.133660383289113,2.24892445788846,0.311304113671453,-0.195768493746321,0.120616983517516
0.347939062213355,0.371968883533399,-4.68285121914279,0.385677172892875,0.130485811789404,2.2816861085431,0.311112234751366,-0.19149989762491,0.136873278555932
0.348314443708518,0.372832494394721,-4.56744215241538,0.385810375708362,0.127297392850458,2.17962922085219,0.31090059296449,-0.187306240229201,0.116674081967336
0.348718076868425,0.37373671927174,-4.57255934671696,0.385934267754847,0.124080248268777,2.14592933825834,0.31090059296449,-0.183229421869276,0.0734424658350206
0.349048895796333,0.374631058740322,-4.52341309538085,0.386072369321831,0.120821996127883,2.13307169201472,0.310721127797427,-0.179281620536136,-0.0165018391610743
0.349440037689939,0.375464333302463,-4.56420209890218,0.386252588479822,0.117519072260336,2.23463115246635,0.310527580049513,-0.175442991038971,-0.0256811408497477
0.349814539546199,0.376186300541739,-4.47217573226516,0.386368838217808,0.11418253486097,2.30434880598826,0.310344106836343,-0.171679995325222,-0.0169974958705299
0.350364944170538,0.376763084653832,-4.46468503743201,0.386479611293913,0.110836510487353,2.31119704677638,0.310178330814375,-0.16796001904935,-0.00687185730348916
0.350765068853254,0.377196520141743,-4.4415998158664,0.386588018342753,0.107510899955184,2.26316380094239,0.310011205193873,-0.164253361094262,-0.0179292672566154
0.351126164954394,0.377525001275168,-4.48254971675767,0.386691274476658,0.104235541173636,2.24232735369789,0.309840206986154,-0.160532769043132,-0.097471583822047
0.351511823957635,0.377805753044484,-4.38031162091465,0.386765540181152,0.101035121888868,2.18075320731691,0.309632537252809,-0.156777581773349,-0.0859222588870465
0.351895101437864,0.378101089356674,-4.25251009704592,0.386780125738061,0.0979203718660635,2.13417756525973,0.309464971082175,-0.152979707894053,-0.147602826775856
0.352305470187762,0.378470989715558,-4.29233174798341,0.386888240641231,0.094881884203877,2.36635643093981,0.309299096579677,-0.149145305894046,-0.198431076291474
0.352326975171746,0.378954889784931,-4.21364434010964,0.387019182006067,0.0918971621449439,2.28670470224493,0.309143860741496,-0.145291311829198,-0.198314995145243
0.353023019276467,0.379554587528546,-4.22284823675235,0.387115148745278,0.0889451272877397,2.30756385837153,0.309007163878735,-0.141440353810242,-0.215345216634351
0.353072756498133,0.380235210923971,-4.21460975129655,0.387208582115619,0.0860129864484965,2.23326302478779,0.308878173794829,-0.137615841361731,-0.18239738674308
0.353430162848129,0.380927757075774,-4.15347624240517,0.387290336941815,0.0830937096229346,2.21121528333347,0.308749282154829,-0.133838361698706,-0.148990899802267
0.354035131890633,0.381540441240876,-4.05758837319259,0.387371752358344,0.0801820708827693,2.20368573437496,0.308613283622926,-0.130122657303385,-0.15523266140417
0.354417164191028,0.38199459615263,-3.8438739177038,0.387448690956816,0.0772728889924014,2.23006850809163,0.308611055812121,-0.12647317708502,-0.0108246335645625
0.354810778188753,0.382247119079707,-3.87531798365239,0.387530612813059,0.0743609038937634,2.23021625672127,0.308305559435833,-0.122887665991844,-0.105877580435295
0.355196757995559,0.38227870985393,-3.89958771137298,0.387597012231855,0.0714410561350902,2.21703452679864,0.308173263863314,-0.11937356143014,-0.130742175898037
0.355589636794337,0.382078327831965,-3.93106149021906,0.387670724422487,0.0685085643367055,2.25639418198029,0.308167408908081,-0.115952385925894,-0.1687219433964
0.355973138273519,0.381638621976681,-3.8544383821217,0.387746762075355,0.0655602084600771,2.12526353853406,0.308053897901953,-0.112641260295755,-0.182776812862268
0.356338498743509,0.380953904603392,-3.57443843718104,0.387846218227205,0.0625983950676011,2.18191559878236,0.307940699976459,-0.109440491742811,-0.204607500905326
0.356733772912386,0.380018090105805,-3.46076437048157,0.387922870102745,0.0596357245903018,2.14030301991278,0.307831625046753,-0.106340316455607,-0.221892837876365
0.357106179774766,0.378827978588407,-3.18287660750529,0.387978857349041,0.0566951933832755,2.1331492033476,0.307724402297401,-0.103329484535542,-0.237307055622742
0.357664360109787,0.377398072873314,-3.09412815680544,0.388029042701962,0.0538046154949198,2.18136384701057,0.307630423059862,-0.100396979049738,-0.218450537471509
0.358065744540075,0.375779140874886,-3.00479780414231,0.38803826298602,0.0509885725979003,2.21213693693008,0.307526331923835,-0.0975319958617302,-0.320595909651106
0.358420474162242,0.374058726244341,-2.98189640964333,0.388094253075222,0.048262403925991,2.2248864410158,0.307398489671393,-0.0947265941038138,-0.292962121159148
0.358784801555833,0.372342005669305,-2.94742395573878,0.388104765297582,0.0456306425532347,2.23245714692415,0.307300539784924,-0.09197977922376,-0.243658443918416
0.359181281758734,0.370730056188289,-2.77093600826341,0.388162904684142,0.043088987890355,2.28903823619909,0.307202634825673,-0.0892985423037997,-0.279452954045376
0.359199420748856,0.369298024562846,-2.63231475382245,0.388196282760586,0.0406278134395053,2.30596634256582,0.307116015000289,-0.086695046592724,-0.298500209744315
0.359890422976417,0.368081836155014,-2.47719397758176,0.388237673940174,0.0382356152048927,2.44097000530198,0.307036923895156,-0.0841830624972868,-0.369229858618479
0.359934377126199,0.367083061617579,-2.38700610061446,0.388289248507178,0.0359016828357618,2.43025772727153,0.306952636286896,-0.0817755786429086,-0.461393305010349
0.360306453000695,0.366270037915102,-2.38342553872475,0.388325042449087,0.0336182884361378,2.51528915889422,0.306883708995455,-0.0794835153807703,-0.47262492581921
0.360658870842061,0.365572961841042,-2.31257011183771,0.388371340806379,0.0313821240718998,2.52458315862409,0.306805431348385,-0.0773137063229467,-0.489915888395755
0.361024611908711,0.36489931661863,-2.20910349760372,0.388405916872241,0.0291946386941884,2.47617201138531,0.306805431348385,-0.0752651204706515,-0.525038567536514
0.361578573524114,0.364167347565022,-2.10644669431743,0.388437379624668,0.0270613902578352,2.46731843831994,0.306642584563003,-0.0733280941649453,-0.610567877873239
0.361982609317436,0.363334148473169,-1.62528833425098,0.388459997563682,0.024990395180861,2.43091303571976,0.306642584563003,-0.0714887312071822,-0.695053397023378
0.362332358562343,0.362399491222845,-1.08573259982321,0.388482496461713,0.0229901476495235,2.39419271432018,0.306541752774554,-0.0697317408075923,-0.711976549718999
0.362699173566936,0.361387322641533,-1.06033545658177,0.388501884251236,0.0210682347306392,2.44150560294264,0.306477299363831,-0.0680404466929579,-0.748027728217475
0.363077073255221,0.360329506678339,-1.2800243043992,0.38851542114401,0.0192303283893848,2.43903532782904,0.30640538983473,-0.0663985238695563,-0.785419856118487
0.363456076043695,0.359263457896738,-1.41547234969544,0.388521416054445,0.0174792709108007,2.28235160354409,0.306329856269402,-0.0647924010384228,-0.851130376516279
0.363814165524872,0.358232998344109,-1.40916778780423,0.388555091057294,0.0158153689380873,2.2866894989661,0.306253670713624,-0.063212579220108,-0.912083491646387
0.364135320880772,0.35728418119576,-1.07937557414089,0.38855653045057,0.0142378040276911,2.31853502818921,0.306194501784449,-0.0616539679060588,-0.957392143939409
0.364515622718013,0.356460061254699,-0.627865285187136,0.38856763946731,0.0127449443065715,2.28885766067172,0.306127935644985,-0.060114808546359,-1.00671468900321
0.364857200571672,0.355800255779559,-0.491505542928484,0.388582505917165,0.0113337411808526,2.38375798632152,0.306067042710592,-0.0585954182923528,-0.967866487335919
0.365221169729837,0.355336969678397,-0.529532342600635,0.388591427200788,0.0100001599327002,2.45886976826485,0.306003869339006,-0.0570980213808904,-0.995805073020391
0.365241586059273,0.355074002782271,-0.592326559607705,0.388603929585927,0.00874014601399328,2.4315222976766,0.305942945479294,-0.0556270762314484,-1.08253122733245
0.365769289452809,0.354968155572302,-0.501069086788197,0.388609443710316,0.00754994615225282,2.51855360867173,0.305888348257046,-0.0541893409678505,-1.06014378324002
0.366122512563332,0.354946461952392,-0.46468760460412,0.388619083636533,0.00642610348625058,2.48654411886797,0.305825887829148,-0.0527938078627832,-1.13644552535548
0.366526846691282,0.354941125449235,-0.385271763843286,0.388627500452482,0.00536568407305164,2.54524193051471,0.305773090614914,-0.0514517865311841,-1.1165582603941
0.366859693932761,0.354901180347323,-0.409328430254309,0.388632363781487,0.00436650797583807,2.75997192976683,0.305719902449829,-0.0501767528385472,-1.0035528106755
0.367196933052875,0.354782185128665,-0.453442645416546,0.388633365151045,0.00342676944534893,2.74268016433113,0.305669139180153,-0.0489828340127318,-1.04023593569102
0.367542790990964,0.354536130995625,-0.474269261796216,0.38863403228186,0.00254423192713714,2.84996335667066,0.305668222446401,-0.0478804767967748,-1.11966259409124
0.367907345054859,0.354109813098378,-0.368724185701738,0.388638545863512,0.00171588982124729,2.86602354949697,0.305623686571164,-0.0468711796320379,-1.16155599828166
0.368265146672732,0.35345174608825,-0.352616575635533,0.388637038925491,0.000938137214465108,2.92670316868371,0.305579487296214,-0.0459467885647566,-1.24232566286973
0.368784889896547,0.352528250979192,-0.209558967128443,0.388633882923286,0.000206709007291014,2.93035939577256,0.305531555283769,-0.0450939813512795,-1.24244865754682
0.369152187589965,0.351340532702113,-0.283768450753042,0.388636612232867,-0.000483449658453895,2.99544741119535,0.305482114344096,-0.0442988785951278,-1.22195282705744
0.369496423558613,0.349925136152576,-0.273587747813268,0.388635949392782,-0.0011377739386494,3.03775882464158,0.305431831320749,-0.0435493240613451,-1.31250750572397
0.369870315924278,0.348338899278274,-0.229499935133464,0.388634000690397,-0.00176142954460795,3.12568074120341,0.30538874450562,-0.042835749462171,-1.30762491168928
0.370226185128197,0.346647898253713,-0.1611754956472,0.388639516284956,-0.00235868854719161,3.08651609467811,0.305332068038636,-0.0421516024536168,-1.28958216098093
0.370585808509843,0.34492453311974,0.043987295339958,0.388638232995683,-0.00293232137677211,2.95288148370217,0.305292902188207,-0.0414935162039324,-1.38911992996005
0.370876447020966,0.343242886623811,0.319722076162638,0.388631906554759,-0.00348364848738754,3.00996611690697,0.305249936203019,-0.0408607850335282,-1.46007829193687
0.371234569736423,0.341671835360805,0.400073553296857,0.388632113196207,-0.00401329745490875,3.04261295180764,0.305200905157017,-0.0402547724972947,-1.46525058169679
0.37155494071717,0.340266510696833,0.57232509923469,0.388624192223846,-0.0045218920871379,3.09088169099163,0.305157774954146,-0.0396791303899414,-1.5342165590873
0.371580453716267,0.339049765730621,0.602308900675157,0.388614962470426,-0.00501066877005039,3.16586373473513,0.305118637305742,-0.0391398174410612,-1.55375790853986
0.372108533589313,0.337998947073638,0.839823964436085,0.388611146049386,-0.00548196646899691,3.18541133729826,0.305081028467676,-0.0386441843759378,-1.57290068332092
0.372447212809908,0.337065544234516,0.90452696076299,0.388605164768574,-0.0059389927343302,3.19979852333737,0.305036990480823,-0.0382002654911556,-1.57901733153655
0.372762157619058,0.336205088871517,0.89407056326266,0.3885995877366,-0.00638514074525881,3.15123150878948,0.305000517899922,-0.0378167947606797,-1.62839655346745
0.373100479713677,0.33538171272324,0.929732481798718,0.388594647740614,-0.00682349972458671,3.26016339686157,0.304964250114513,-0.037502339121865,-1.57252489004193
0.373442326391513,0.334560552412898,1.01227145280374,0.388589215053608,-0.00725652233616926,3.39358389006069,0.304963208957795,-0.037262537117971,-1.59570654604371
0.373790491427991,0.333707599055047,1.02671886307135,0.388584257238057,-0.00768577707389977,3.4521001983781,0.304895040535751,-0.0370981131609579,-1.65128039677516
0.374111372439318,0.332790851404568,1.10396829879393,0.388574467126937,-0.00811204776140659,3.50320405303774,0.304890290483754,-0.0370054577080289,-1.60264691830231
0.374410387616444,0.331776264846649,1.06896491330779,0.388566358255179,-0.00853580445861953,3.58185160579082,0.304856281479902,-0.0369769226936952,-1.64848663143279
0.374748391891525,0.330626498275953,1.10425155710463,0.388556945532673,-0.00895776121120096,3.54866893968246,0.304819235903118,-0.0370003414048895,-1.59702901601599
0.375252623707736,0.329314926208865,1.14884792710252,0.388540955804066,-0.0093793739752441,3.50578860508026,0.30478430624769,-0.0370603980271898,-1.63198824121868
0.375582011686005,0.327846443126059,1.24483542401752,0.388538234038141,-0.00980302302525809,3.63346371655656,0.3047414973211,-0.0371409751044959,-1.66479229549583
0.375917433258351,0.32626058946589,1.4603304739892,0.388521371797538,-0.0102316195988527,3.60145002428107,0.304707283945071,-0.0372265930446918,-1.72746317619522
0.376256844591816,0.324616825270858,1.43591221876859,0.388520117352883,-0.010667826164491,3.61698191631728,0.304655458909957,-0.0373034951148173,-1.63380923025731
0.376580199664491,0.322982579304993,1.35365654112026,0.388510784112156,-0.0111131959035178,3.69628765012104,0.30461809184319,-0.0373607361703519,-1.73022930162685
0.376918766640591,0.32143053620554,1.29712558512225,0.388498512250078,-0.0115678616690686,3.72752833523228,0.304576598412487,-0.0373903862112838,-1.75332643441822
0.377253665316195,0.320033456056355,1.3869575492752,0.388485309851439,-0.0120312398456687,3.6059330183254,0.304539277559853,-0.0373869007571403,-1.79766808691814
0.377268164228359,0.318840455654618,1.50564661591195,0.388472087760108,-0.0125029919377485,3.69311041755694,0.304488359720967,-0.0373471171729069,-1.84613642497769
0.377560495117609,0.317843928607189,1.72505534280645,0.388457771742624,-0.0129834139213843,3.62962144887422,0.304449617939462,-0.0372711529624918,-1.8720021799088
0.377875878772455,0.316974166352962,1.76147841320261,0.388446078915782,-0.0134733943872746,3.65528112933965,0.304403745495025,-0.0371629776071292,-1.97541187683686
0.378186087825526,0.316129533358788,1.72401640579479,0.388427078944605,-0.0139746394766279,3.77052773242566,0.304362458853611,-0.0370302051363438,-1.9867402397143
0.37865909921337,0.31521442452317,1.79757355395657,0.388403236818581,-0.014490517022876,3.78589893685814,0.304324782780379,-0.0368826703793807,-2.12086929028461
0.379019919792476,0.314165624164161,1.92932459165276,0.388396220284117,-0.0150264401306362,3.78820719730098,0.304324782780379,-0.0367277720885891,-2.16353697987012
0.379317928027871,0.312956955952503,2.15492812086854,0.38837845602904,-0.0155887886133501,3.86333770280282,0.304324782780379,-0.036563912005552,-2.16279123380991
0.379638821508145,0.311583643604616,2.16091797798033,0.388368142196383,-0.0161833266783749,3.8303182611952,0.304242759813153,-0.0363799697496874,-2.18732278750997
0.379937183793598,0.310046191958592,2.25981340051927,0.388356554161299,-0.0168142117541401,3.85717552269656,0.30420381008784,-0.0361631503966738,-2.17988423573737
0.380266548237345,0.308345441783237,2.32848478401048,0.388338609435345,-0.0174838005644324,3.98505001263843,0.304174039043649,-0.035905115715916,-2.19132558129123
0.380561869940582,0.306483034101307,2.35909426534213,0.388318617105679,-0.0181934709641789,3.96927011239736,0.304136648803017,-0.0356007214624215,-2.19952406018217
0.380866103244684,0.304460801886384,2.44072405971876,0.388295596804049,-0.0189447106497701,3.94321307988064,0.304097850140067,-0.0352454720180712,-2.17737748393333
0.38115984487513,0.30228159606659,2.46963349307044,0.388292473623074,-0.0197386237614903,3.91290418298291,0.304058191289771,-0.0348356743530531,-2.23927501023818
0.381608370742254,0.29995957360248,2.55272039544296,0.388276667134157,-0.0205735870071896,3.78594127022093,0.304025929040102,-0.0343690333513279,-2.28253045651764
0.381909666956448,0.297535863102898,2.47940952786646,0.388270315626173,-0.0214434817327934,3.75782665110533,0.303988678343622,-0.0338442616643799,-2.28420155654412
0.382240853007316,0.295077433832964,2.46192689851434,0.388228526205682,-0.0223391213662777,3.79093414807811,0.303959156673174,-0.0332605146832324,-2.31052143297917
0.382257982498368,0.292652137543258,2.49732584635614,0.388198714580927,-0.0232522813717091,3.77479944413058,0.303917027226288,-0.0326175705277245,-2.21969470463818
0.382877739877807,0.29031124348138,2.46237601346272,0.388174580761215,-0.0241784209576839,3.69876259992626,0.303881830937902,-0.0319167919784984,-2.36153421021328
0.382919308309609,0.28809434723603,2.45918867895373,0.388151648656108,-0.0251158163698798,3.71838522002424,0.303846837355391,-0.0311617997309158,-2.29216191648542
0.383143010688758,0.28602441873299,2.56450435725159,0.388129921866437,-0.0260632670632123,3.62264122407151,0.303819373616922,-0.0303580153567759,-2.32476887598025
0.383419610563743,0.284090248896654,2.69229600456575,0.388098896743545,-0.0270191893882733,3.66863628218836,0.30378440548367,-0.0295117717728644,-2.3265465044207
0.383707514339366,0.282249419086385,2.72421268794848,0.388067197275925,-0.0279823492934895,3.71855014852122,0.303758022474508,-0.0286300907655058,-2.35371341404912
0.383965288648322,0.280445633406546,2.79795362322925,0.38803962252067,-0.028952664952841,3.73369253230512,0.303717730679071,-0.0277208446336467,-2.3499588705772
0.384240223178894,0.27861959893098,2.7667633208383,0.388011509787592,-0.0299310559459417,3.77067986275746,0.303716864154806,-0.0267917846175255,-2.39445744203087
0.384678398809466,0.276722453526931,2.82113854478458,0.387973912456785,-0.0309195334515513,3.77175422071853,0.30368083847926,-0.0258488220936278,-2.35710093110781
0.384962003012462,0.274734388194481,2.93140505340032,0.387924773982204,-0.0319229122757344,3.75791301709716,0.303648600255477,-0.024896397770598,-2.38371768581243
0.385265412138161,0.272669699216718,3.0103673647895,0.387893024457848,-0.0329505351951674,3.70300824948775,0.303626110547385,-0.0239396064881868,-2.42298840386505
0.385529784816528,0.270564635339364,3.07147898884077,0.387861549818988,-0.0340154352454362,3.70868381419333,0.30360470997193,-0.0229848089311552,-2.36480526219644
0.385806690610994,0.268464259973834,3.15713318648096,0.387829598204026,-0.0351311211338291,3.6467707631848,0.303577380319627,-0.022038814900893,-2.38503817513182
0.386072463476168,0.266416721915558,3.18432971983148,0.387825076013666,-0.0363074078124855,3.80747216228107,0.303560635250283,-0.0211084261469259,-2.39097712689527
0.386349157275554,0.264467989063289,3.24138954757148,0.387793094454492,-0.0375469730693458,3.79117110380485,0.303541114661848,-0.0202000052844942,-2.38592768576694
0.386391634891881,0.262648903055541,3.35002433203156,0.387753777031647,-0.0388453336404901,3.77633033346946,0.303526358891854,-0.0193187788591884,-2.34202940672824
0.386844022011676,0.260963533157938,3.30692607502427,0.387717109673789,-0.0401938813512466,3.7875458665898,0.303504248389302,-0.0184686340045434,-2.36955957708683
0.386853936582164,0.259389768966811,3.36044855156758,0.387680597639635,-0.0415822753204,3.67744011528033,0.303491611345544,-0.0176523870991934,-2.32192271757491
0.387248562536263,0.257886035811309,3.32687800539422,0.387633912568971,-0.0429996090806127,3.57545666015774,0.303474930395461,-0.016871841126353,-2.31142619433821
0.387501228319065,0.256402843302334,3.30073446871611,0.387570344292834,-0.0444366529965584,3.56791892054345,0.303460402411313,-0.0161276069587372,-2.29288883440336
0.387777006439896,0.254897935367039,3.22336915787228,0.387524297340028,-0.0458884907729477,3.53411823220934,0.303448230866494,-0.0154189746589043,-2.29934457990415
0.388053064585945,0.253341830769902,3.23838236474733,0.387475124271112,-0.0473547710802733,3.48653418489252,0.303434851122759,-0.0147435708942099,-2.28428901896513
0.388275820525398,0.25171271878459,3.32652261376685,0.387426885793948,-0.0488378756396544,3.47598922337348,0.303434851122759,-0.014096437753508,-2.29458089452765
0.388541522278667,0.249990642083231,3.39138665776259,0.38737366080896,-0.0503415002769036,3.30430408197873,0.303420487037813,-0.0134691922425399,-2.34335913658559
0.38879570936567,0.248155338059715,3.34815829748783,0.387323574572605,-0.0518702029397199,3.34870084425419,0.303407802771917,-0.0128507001815068,-2.35686925583834
0.389021532745519,0.246185453857742,3.44779533171776,0.387272467607027,-0.0534289313572637,3.28771026933346,0.303385957679957,-0.0122293710635717,-2.43667988039304
0.389244740845123,0.244058020594217,3.65991385716503,0.38721983049355,-0.0550221715486582,3.28967787201002,0.303371681736479,-0.0115952842596886,-2.41665062313257
0.389631900699987,0.241756150258178,3.67642088541881,0.387173054757931,-0.0566523607475226,3.34880029681996,0.303361943239498,-0.0109405622627805,-2.52002405892831
0.389861575343074,0.2392837743116,3.92592781121349,0.387144561080876,-0.0583183827613069,3.35120948517453,0.303351982318047,-0.0102583429218628,-2.51867300963549
0.390118659186129,0.236669691552852,3.86040848585025,0.3870107279776,-0.0600177994867036,3.35702012750686,0.303340188887963,-0.00954189852438162,-2.48276843190152
0.390352900726294,0.233957648247736,3.89589372476785,0.38700234603543,-0.0617510240426213,3.25591123353052,0.303332708361428,-0.0087845352771383,-2.56613955851615
0.390589165797658,0.231197155912657,3.92954255821521,0.386938674921602,-0.0635198990576215,3.19728540663506,0.303321135258353,-0.00797986687573699,-2.6065347688781
0.390831474265145,0.228441129681735,3.98561591063188,0.386872790387714,-0.0653231273591427,3.17176982115087,0.303310567177557,-0.00712225226670371,-2.54857314224569
0.391063081226926,0.225742323352376,3.95979204921162,0.38680748588154,-0.0671562001517763,3.29418792272475,0.303303671775175,-0.00620733906239067,-2.52643006493125
0.391080989017406,0.22313683390658,4.15012189048665,0.386739551787907,-0.0690137002835173,3.27879455182183,0.303287066484526,-0.00523268875477424,-2.55141049184843
0.391279396113735,0.220621364518777,4.16790818203609,0.386674387644546,-0.0708896648669548,3.25848019458572,0.303283302842164,-0.00419823905562582,-2.53106535138504
0.391515948348081,0.218152345392007,4.07374661281376,0.386604749549758,-0.072777023060667,3.20934217902787,0.303279983728461,-0.00310591371587998,-2.52832814661771
0.391811976102126,0.215673119291995,4.10967631617584,0.386525356230187,-0.0746678272797834,3.15685352981645,0.303275286925448,-0.0019586419213849,-2.53829493717873
0.392039441795913,0.213140976345096,4.02908282286284,0.386452375596117,-0.0765548101249658,3.1289241149373,0.303273686700502,-0.000759711867831532,-2.50746275734232
0.39227419520281,0.21053426711185,4.0842936191941,0.386336967951375,-0.0784346391564873,3.1153530808753,0.303280044253917,0.000487790305645476,-2.51695523936494
0.392482955448693,0.207846248421157,4.17197420284239,0.386256651007013,-0.0803114167485989,3.16929779768921,0.303280269717791,0.00178170823889489,-2.49484223528924
0.392696694110957,0.205077733111004,4.15219558692578,0.386171486967536,-0.082196894055948,3.16077082391661,0.303283310486997,0.00312088468867585,-2.38944923628385
0.392889218650018,0.202232250882662,4.10494031297945,0.386090238493989,-0.0841071705668866,3.12010698792419,0.303283412980073,0.00450434763847367,-2.37856426523859
0.39309180351324,0.19931283726479,4.18692202502568,0.386004514736312,-0.0860596372408064,2.98753215054127,0.30328744580734,0.00593045803651617,-2.43006721484545
0.393273185993482,0.196319741314795,4.37041371358796,0.385916225777788,-0.0880715500241388,2.90942687144001,0.30329416673371,0.00739680102828076,-2.37205920237207
0.393462708923992,0.193250982593907,4.43832957412454,0.385848464111149,-0.0901571361253215,2.98397643761781,0.303308156395488,0.00890093771203274,-2.36131401107455
0.393759661743124,0.190110652492605,4.53381210603516,0.38582184271317,-0.0923219365379323,2.96300317661498,0.303316282048694,0.0104412710828353,-2.35220136173225
0.3939579565347,0.186921702291046,4.43682506815641,0.385658690503742,-0.0945604274969001,3.02924826518719,0.303329473940233,0.012017275088527,-2.34623211094539
0.394158330713146,0.183730062671709,4.46895780829945,0.385635990485917,-0.0968600990613159,2.99862416792285,0.303345964665838,0.0136293220814019,-2.30520716772515
0.394355727370311,0.180594521033823,4.65387051601752,0.385483050993273,-0.0992065466625792,3.02064350130447,0.303355193992056,0.0152783318431064,-2.22162215473538
0.394359473902903,0.177565564896839,4.66877198813752,0.385378998835421,-0.101587712665217,3.03508072338841,0.303371271711645,0.0169649813650623,-2.18673147713457
0.394522170702137,0.174663443505248,4.74859766842878,0.385275413673885,-0.10399717046257,2.98704231344131,0.303383669890369,0.01868879394797,-2.26330159940719
0.394701416849234,0.171874230244294,4.84216555146658,0.385171182673329,-0.106433073997229,2.86366317608401,0.303402326884897,0.0204480918817152,-2.1664832707773
0.394855843624776,0.169164166077046,4.89613925817232,0.385066052568236,-0.108894780272585,3.05735813628591,0.303442507672421,0.0222415025239902,-2.21173877579767
0.39500527036421,0.166493006977831,4.97840095601321,0.384952013625914,-0.111381466684565,2.9233222134361,0.303455947252451,0.0240691669105215,-2.21091762412574
0.39526733882141,0.163823716994428,4.99287910247912,0.384840889566285,-0.113892035063222,2.93860419259627,0.303456099754926,0.0259310427916803,-2.20924070985112
0.395440655113488,0.161134015973512,4.87205777789992,0.384742273839573,-0.116424107255246,2.93040108094061,0.303516171399525,0.0278248991678317,-2.14410578337007
0.395604807135415,0.158420954749409,4.84537398312985,0.384619003936524,-0.118972887649198,2.8869709152329,0.303516986740398,0.0297467865987936,-2.1134210674004
0.395778447623538,0.155695124880667,4.86228104421626,0.384489215520224,-0.121533670651239,2.7582732183268,0.303544008023473,0.0316908220562586,-2.14374764415099
0.395937622010193,0.152974657177863,4.98933724788031,0.384296141517716,-0.124109909424694,2.80375875897336,0.30357587179995,0.0336478076187209,-2.05866223829468
0.396097482727108,0.15028343932443,5.01027924244671,0.384163635092758,-0.126721224468921,2.74630525633335,0.303617113225366,0.0356061314688726,-2.06439619502285
0.396258404994999,0.147650668850289,5.01297302312854,0.384037585336236,-0.129402560197272,2.73956950842691,0.303646377803524,0.0375537814229333,-2.04206213828108
0.396403561713278,0.145109626176422,4.91124787736766,0.383924895349196,-0.13219246664369,2.78119656249709,0.303688960216692,0.0394792534927649,-1.99633189013221
0.396523293122588,0.142694109280965,4.97529401989824,0.383924895349196,-0.135112975591898,2.61118883648041,0.303750366975207,0.0413732135931539,-2.02694828126262
0.396658638932759,0.14043125873875,5.01880828302588,0.38388642050953,-0.138149468777269,2.62920707043791,0.30380128138033,0.0432314568897342,-1.98679133544614
0.396667004722598,0.13832731945701,5.14928162760123,0.3836468664612,-0.141250697386085,2.5933820328062,0.303849486835745,0.0450562540602381,-1.97797813042469
0.396667004722598,0.136350899126378,5.20725085348306,0.383503062523881,-0.144352740340832,2.55981151500803,0.303904028445415,0.0468554250175019,-1.98367780184857
0.397020288842901,0.134436766701773,5.25567893310733,0.383353881385042,-0.147400967971441,2.59358135435172,0.303962673567146,0.0486413958275036,-1.97437671243671
0.397038160423084,0.13251401734589,5.32405872398412,0.383121319815645,-0.150357329214693,2.55539347444617,0.304007519742461,0.0504304408949805,-1.93111713666947
0.397307221943046,0.13052917866895,5.45919635286404,0.382967509651743,-0.153202744275941,2.54717876126424,0.304059266481505,0.0522399684292935,-1.9608336422212
0.397452630423213,0.128452156377475,5.4243581774237,0.38280817709909,-0.155935321295752,2.57808309160683,0.304060388440464,0.0540817319205262,-1.96757986896735
0.397548054362138,0.126272331750831,5.57006476039557,0.382652554302061,-0.158562440530816,2.59973605461755,0.304060388440464,0.0559542790912488,-2.00648044865171
0.397674365234478,0.123987083688065,5.71675549595209,0.382490021766376,-0.161093952519702,2.61414568616823,0.304232568173307,0.0578455488365506,-1.93788560318363
0.397797069017212,0.12159333676204,5.73024926113106,0.382336824958368,-0.163539173957431,2.67800692147445,0.304234911399495,0.0597447620190522,-1.92662921545387
0.39798544066961,0.119092163602302,5.83089682974587,0.382190197566759,-0.165904466875593,2.64012606037723,0.304301710301694,0.0616466727393719,-1.9360044342358
0.398113007690411,0.116497890194943,5.75976139632187,0.382018483191197,-0.168191694261653,2.62029493529909,0.304361011425876,0.0635460437701081,-1.89555245204698
0.398217640889006,0.113838719285608,5.854519162011,0.381846155058814,-0.170399950218646,2.59866832700192,0.304424513495677,0.0654348175678607,-1.87873915690297
0.398328150676505,0.111149041716991,5.84823821029489,0.381656385442728,-0.172531379361443,2.51885511773319,0.304487729279837,0.0673034887107674,-1.86371572086099
0.398438533710614,0.10846261721095,5.89535496440464,0.381392090337667,-0.174601205568564,2.43729065649622,0.304565102742169,0.0691424413079613,-1.81054035684127
0.398518430812745,0.105809582028219,5.98444358795167,0.381206316370447,-0.1766465201047,2.42259346809505,0.304635585842204,0.0709431229473264,-1.85232164553022
0.398627204716308,0.103213085378533,5.9632447871872,0.381049164514102,-0.178720714971863,2.45495569651933,0.304709144543488,0.0726986847745584,-1.79330931728932
0.39863043598512,0.100684141745902,5.91818145768641,0.381020143215195,-0.180869958312276,2.49471789890237,0.304783961243859,0.0744035899295528,-1.81592705240767
0.398819340092514,0.0982199818097392,5.90482108450512,0.380829201529759,-0.183111212998983,2.47273316940643,0.304857232424272,0.0760529971376568,-1.66337104274227
0.398830212191194,0.0958086930328425,5.95085946052304,0.38064109175273,-0.185432768240769,2.25151460580339,0.304939143683051,0.077643569923455,-1.74050252623162
0.398977000003541,0.093434614103359,6.00543531634133,0.380458327850193,-0.187809843285592,2.28306465903181,0.305068908102797,0.0791777075532669,-1.72187986590857
0.399068820320036,0.0910824057625386,6.10610297014997,0.380285448800806,-0.190213997620299,2.34961930613878,0.305152393555907,0.0806687981053663,-1.68003532705374
0.399168630847539,0.0887411230971909,6.1678998511377,0.380098366824398,-0.192613235139216,2.40989891732453,0.305233604396546,0.0821410909773187,-1.71374155280733
0.399259578913047,0.0864052814847603,6.23182129982321,0.379896711110104,-0.194972176036236,2.5874429122206,0.305311451563554,0.083622412309699,-1.76246657744891
0.399343190365496,0.084072552679105,6.31207056319351,0.379696161346866,-0.197255440371287,2.60477273896871,0.305312085409268,0.0851327176584796,-1.76121906292155
0.399416011136285,0.081740788890432,6.31248581788317,0.379470474424915,-0.199433458711244,2.48792198546899,0.305389489115923,0.0866740934350176,-1.73167688221497
0.399489865634283,0.0794054540596325,6.36186579183149,0.379188436633146,-0.201491594555543,2.52519682508527,0.305472935336585,0.0882301930603042,-1.77714711472738
0.399567550302524,0.0770595385740816,6.45953387157284,0.378967369038978,-0.203438539612561,2.60752858476848,0.305568664934906,0.0897746947479721,-1.80061632451405
0.399690064079254,0.0746981036467113,6.59696886681449,0.37875824406344,-0.205305223884658,2.65819704955191,0.30565427355146,0.0912799536872708,-1.76324795032993
0.399763151152626,0.0723243534321399,6.57842444423084,0.378558613333196,-0.207134363400324,2.75826321070642,0.305801027703785,0.0927235558952854,-1.74778684524383
0.399843808372969,0.0699511272597188,6.54048016218146,0.378371382336751,-0.208969255977999,2.71177704635879,0.305904099405869,0.0940939386055325,-1.65980994389574
0.399914685685661,0.0675976151303811,6.5596245986649,0.37818297342184,-0.210844049296337,2.70285601725202,0.305988694000115,0.0953905053750847,-1.63647486125302
0.399978067857949,0.0652846628374546,6.51351362853097,0.378108957368107,-0.212773653534475,2.72116784993305,0.306081375918711,0.0966174318958071,-1.66642641679855
0.399982934914864,0.0630278471314905,6.57592533974934,0.377757963183018,-0.214750338442661,2.75968530724301,0.306180533141323,0.097778385232805,-1.64399987659055
0.400028714925221,0.0608297235372131,6.67298598221839,0.377705389192954,-0.216750729369019,2.79919384143987,0.306274735088947,0.0988755060543303,-1.66689864247905
0.400093454792639,0.0586785450202888,6.69526251169415,0.377353711510497,-0.218745511546918,2.82051363953673,0.306370416356231,0.0999097434706195,-1.66267492531338
0.40014769605403,0.0565550846330409,6.67235281169212,0.377143554834252,-0.220709241356867,2.87245498820961,0.306476182024518,0.100881021251571,-1.61680892221604
0.400240927857063,0.0544412520146762,6.63684084071791,0.376928095044086,-0.222626694027295,2.84376116344319,0.30656960982173,0.101788585630011,-1.61293080784673
0.400288600696279,0.0523253086829695,6.52562304699821,0.3767055062559,-0.224489157783869,2.85731547037231,0.306678617132621,0.102632566541824,-1.59113192627792
0.400347083714774,0.0502021262936881,6.65983095402712,0.376484081972143,-0.226287301456956,2.62206607699532,0.3068422807137,0.103419231791362,-1.6556109888231
0.400396366528195,0.0480704290753637,6.69349399007596,0.376283266589056,-0.228007543153574,2.68900862270092,0.306951303056747,0.104167556679726,-1.70173244990084
0.400443132604012,0.0459303519437347,6.77118344706963,0.376053907523797,-0.229630189552555,2.74691011209144,0.307052378709702,0.104907393098178,-1.65981788961947
0.400479922615726,0.0437817400254172,6.82107044280944,0.375830161165761,-0.231129964202037,2.81734623286546,0.307057504619539,0.105667099878462,-1.69260405507642
0.400518407901262,0.0416225844579817,6.81628410097424,0.375576731356654,-0.232482128277369,2.98840627545546,0.307258958697995,0.106464028128829,-1.73879737281427
0.400558504800386,0.0394485032693178,6.81300618536303,0.375226207769356,-0.233675791226394,3.02386859194425,0.307264389758326,0.107304583307878,-1.73733878048286
0.40059928455423,0.0372541675836299,6.84939092051142,0.374982453440843,-0.234727270723591,2.95229827278428,0.307368350653391,0.108184026398626,-1.63816060371538
0.400661167069808,0.0350365832914049,6.86855852958865,0.374733520039463,-0.235680426224812,2.93108678031326,0.307479545138009,0.109084642261896,-1.77685033545113
0.400697517179321,0.0327984906702493,6.94803590486897,0.374500684345043,-0.236594889189639,2.97756065835875,0.307575145703474,0.109979462585247,-1.85441526935231
0.400740884510894,0.0305493568964455,7.04254395991213,0.374265851556724,-0.237534393288737,2.97876386968585,0.307696814586118,0.110839078829382,-1.75752360301884
0.400769259722895,0.0283032602451724,7.09256185654708,0.374071987869259,-0.238555827957542,3.2160053347055,0.307858684394076,0.111638892968246,-1.77825003140939
0.40076978090719,0.0260742965790272,7.06724807848779,0.373991783683275,-0.239694964024412,3.31432175535785,0.307986272040581,0.11236628460417,-1.70693320939157
0.400784661380743,0.0238714884863239,7.00546832585076,0.373591439358065,-0.240959766763124,3.35346209565774,0.308094069148647,0.113021609009917,-1.75124668248054
0.400809603352742,0.0216972894385982,7.02693260016563,0.373554747720819,-0.24233460871625,3.29725663911788,0.308204306376138,0.113612087964533,-1.7374762020511
0.400837963838528,0.0195508426845514,7.02008383863929,0.373305545038851,-0.243780038584645,3.23378707623389,0.308320792178024,0.114146099380109,-1.69610769081014
0.400858730408666,0.0174319767983464,7.03669309127566,0.373046330246946,-0.245234546309884,3.22467757758993,0.308434138047908,0.114631666698152,-1.78727411387932
0.400877434579865,0.0153427843161413,7.03490427060908,0.372677418566954,-0.246635992866318,3.26274942121696,0.308549809050452,0.115076920938458,-1.80192298391436
0.400897147497441,0.0132875228535244,7.06686744369758,0.372421637483786,-0.247946010286018,3.35570715922659,0.308671662493773,0.115490711602421,-1.81374150324504
0.4009083005207,0.0112723495340967,6.98415589113265,0.372178607213663,-0.249152650687723,3.42910369921121,0.308784585012294,0.115884048937668,-1.83940565851058
0.400926709618273,0.00930526393665681,6.94045956520963,0.371917724004163,-0.250257639993297,3.49555374298792,0.308956116354786,0.116271840399981,-1.87905295209992
0.400933611565022,0.00739590468183564,6.91102508791344,0.371668556474727,-0.251266849776365,3.39177136408279,0.308957546565679,0.116668774443398,-1.83024635796698
0.400933144096119,0.00555437129942473,6.94046363899995,0.371413963672308,-0.252187606486968,3.45346388244555,0.309077702365923,0.11707826945813,-1.90511737205303
0.400929613460838,0.00378907690261731,6.97240962736721,0.371175808893403,-0.253027021909488,3.45557363571529,0.309194148336375,0.117487693804293,-1.98580752867165
0.400929560094321,0.00210514655779435,7.06515983574673,0.370923699576346,-0.253789978130453,3.4661395140837,0.309322349814207,0.117876094124673,-1.93133742994129
0.40092443415001,0.000504196849210276,7.08502301860355,0.370665981009739,-0.254479335548353,3.58415322056882,0.309449312385259,0.118223474630022,-1.93980904306741
0.400920984996532,-0.00101520930798888,7.15289962904864,0.370389101005869,-0.255101825869052,3.71583586916829,0.309575006236771,0.118514265627856,-1.96938408655765
0.400917640942641,-0.00245696327815191,7.12322924545379,0.369995223210378,-0.255681244771797,3.86324920358874,0.309694633819871,0.118736707782696,-2.01893116888274
0.400913400485955,-0.00382671086048423,7.14699281922759,0.369777439726428,-0.256265170851687,3.83928435478483,0.309793368198039,0.118880927977823,-2.09463221520236
0.40090551027706,-0.00513126041405409,7.34499086496228,0.369712200859714,-0.256908385722457,3.77064056855979,0.30997316418598,0.118940097143803,-2.0779978729403
0.400905100054826,-0.00637796020135147,7.50081566326254,0.369239741959307,-0.257651645516728,3.61850389609759,0.310092150245978,0.118915483659694,-2.07192501757178
0.400899069053267,-0.00757382135161837,7.46370153536458,0.369208280782469,-0.258517026408959,3.84235114587778,0.310213055089166,0.118818558021304,-2.05324361676983
0.400891075632465,-0.00872504359617388,7.54280395759296,0.368976526775102,-0.259503132499262,3.89826529088038,0.310344017195221,0.118667871851734,-2.08987955067136
0.400878165515702,-0.00983748764901865,7.52651641847008,0.368695330952035,-0.26057893292445,3.9475615245733,0.310465879942274,0.118486210190957,-2.11102526565262
0.400868927463864,-0.0109173981385621,7.63810013092668,0.368431468892899,-0.261694970142309,3.88399079883971,0.310585203482398,0.118299751960173,-2.10012230870237
0.400856122897651,-0.011971531685781,7.73006803119333,0.368165139091982,-0.262799904443552,3.7881822933426,0.310710635390701,0.118135122169401,-2.13885931932897
0.40084665490779,-0.0130067266909233,7.68814761027756,0.367896550904004,-0.26384565270738,3.69187428218092,0.310710635390701,0.118011936782939,-2.19595872444586
0.400833757360271,-0.0140293463532934,7.75244411590306,0.367635307483153,-0.264786794021961,3.64759238262528,0.310943346044044,0.117937505559958,-2.14247680148665
0.400822058536087,-0.0150449023721024,7.82311894231204,0.367343772541108,-0.265583837557863,3.71038604213195,0.310946424810922,0.117908254840416,-2.13146771852403
0.400805845847086,-0.0160580870224473,7.72905369154873,0.366944736138803,-0.266215153849029,3.82754337318892,0.3110672215924,0.117910791594641,-2.20515233010758
0.400786910234872,-0.0170732427904865,7.67501531909328,0.366674939932,-0.266689542117988,3.92553654908498,0.311242724584166,0.11792429981513,-2.23976830014576
0.400771495656096,-0.0180949404213133,7.66366995683844,0.366422079446608,-0.267042642603196,3.83873271022977,0.311349493900785,0.117929766722854,-2.31385633671191
0.400745653157932,-0.0191285462485437,7.76520950411183,0.366177957922545,-0.267319124985389,3.75805795421914,0.31147187310504,0.117915530961776,-2.39317724481596
0.400723205226738,-0.0201809243107343,7.84641040853389,0.365908995649127,-0.26755994628861,3.69794096303569,0.311586889642254,0.1178739432993,-2.42557134927447
0.400701598404944,-0.0212607609396806,7.95026243354388,0.365621056617107,-0.267802577038315,3.79758413369386,0.311704610047748,0.117797598350326,-2.4610550698628
0.400681130447315,-0.0223778917154443,7.99012904153633,0.365353807479286,-0.26808620278449,3.82984193252875,0.311818272814487,0.117678420660655,-2.46575666144119
0.400662502527642,-0.0235416061033808,8.00488427766058,0.365081178270724,-0.268453230475806,3.92013907894374,0.311940401786799,0.117507606984132,-2.51377646995866
0.40066200144127,-0.0247579418717255,8.02891365815578,0.364846860370791,-0.268941415132819,3.84946414386908,0.312049359390688,0.117276776973772,-2.54745870195168
0.400638629499529,-0.0260272254502424,8.0410537011541,0.364788315327943,-0.269565299355005,3.73039624699124,0.312229965568662,0.116982356035391,-2.52004150982414
0.400614299922953,-0.0273441509436674,8.15952296030301,0.364392380185238,-0.270304318219552,3.67798720331709,0.312339854613245,0.116631190196514,-2.58665358578588
0.400588812537292,-0.0287003110819411,8.28221197387353,0.364153033260151,-0.27111593206205,3.7190957604543,0.312465558290268,0.116241122604829,-2.60867062867363
0.400542447495456,-0.030087384867982,8.35669810656828,0.363856458890643,-0.271957184953206,3.8275905097253,0.312581007510561,0.115836504586688,-2.62624572154174
0.400509664896019,-0.0314996841607988,8.29920452330501,0.363589995831652,-0.272791530397975,3.867635349262,0.312706710154095,0.115444950688139,-2.68064807861017
0.400480959575376,-0.0329345238683101,8.21857611116862,0.363309419792593,-0.273586335103999,3.84583257544607,0.312826220067621,0.1150948522897,-2.76482079801552
0.400447972184037,-0.0343904719550207,8.19207559193445,0.363028818897617,-0.27431154615415,3.81101525365576,0.312826220067621,0.114808245281827,-2.85568199038483
0.400411425198375,-0.0358659004067739,8.14480679383634,0.36276121492815,-0.274939086443128,3.73098549483679,0.313034717697993,0.114594024949145,-2.90028659464038
0.400377339680533,-0.0373588377045517,8.20286558504713,0.362483240189528,-0.275442149550694,3.73840782861392,0.313052164107663,0.114448337490838,-3.00094194790979
0.400336521283079,-0.0388672032717853,8.07511102403214,0.362181854818584,-0.275798798533894,3.76935033474387,0.313167081586865,0.11435600609498,-3.05914016310721
0.400298277090574,-0.0403893855959691,8.08505053848851,0.361778231235238,-0.27600424539768,3.76873991482093,0.313291350284826,0.114292003706113,-3.11016814317063
0.400234076300087,-0.0419260474081962,8.01128637310656,0.361502744214076,-0.276082619379568,3.76081174662113,0.313453560655485,0.114230517627035,-3.12970003388593
0.400190146740066,-0.0434823434954414,7.86861870473419,0.361257071370421,-0.27608200141816,3.7093005775964,0.313573805201542,0.114155487673686,-3.18923440614778
0.40014554695185,-0.045068014908712,7.88589986731418,0.360982674168716,-0.276057028364771,3.58738737857378,0.31368156700701,0.11406163282954,-3.21385517537881
0.400100846856649,-0.0466952682820911,7.92292593795687,0.360710604863473,-0.276058378493865,3.56408023485142,0.313799054598902,0.113948719163072,-3.28599845874917
0.400048446509021,-0.0483762968861104,7.96279365319249,0.36042484738931,-0.276133770136606,3.52164522225237,0.313912025048215,0.113817509333735,-3.36285387082208
0.400045150561249,-0.0501194414243698,8.05121640066134,0.360142214767938,-0.276331079034231,3.56621061835882,0.314032867995359,0.113669494946074,-3.42033848099572
0.400005298880364,-0.0519239136954426,7.93471752977374,0.359908045535819,-0.276693427740254,3.6113176520607,0.314149087410026,0.113507886805867,-3.47881770671432
0.399956499433569,-0.0537781758406369,7.98295610452505,0.359807101474594,-0.277245270510585,3.56276527044031,0.314266174600784,0.113338056424771,-3.49968911777202
0.399894279862025,-0.0556640567938208,7.97814992560902,0.359308690213492,-0.277986632098656,3.48704753104369,0.314377624917417,0.113167377597978,-3.61768746364878
0.39984421408862,-0.0575621030867627,7.99249253389396,0.359267153879557,-0.278899503978346,3.40294778502801,0.314506627323809,0.113006386439558,-3.6837370605249
0.399752735021881,-0.0594557721543287,8.04432010431,0.358987109792034,-0.279945410831096,3.46879477695536,0.314665964586533,0.112873339254901,-3.65503563238407
0.399683635076947,-0.0613350373484267,8.04790783207804,0.358694368070189,-0.281062635079456,3.39949526827117,0.314787081024863,0.112796978405085,-3.66611376909464
0.399622871025409,-0.0631971937171072,8.05762768730516,0.358251649822464,-0.282188403158275,3.37463896052692,0.314787081024863,0.112805051587605,-3.67247679173971
0.399560975948297,-0.0650438004923216,8.12755942105274,0.35799484932979,-0.283286189333798,3.15049336302151,0.314787081024863,0.112901241733169,-3.68945903391794
0.39949180161635,-0.0668772732795384,8.08381952720097,0.357712697437826,-0.284346649689905,3.1146146676785,0.315006521385356,0.113058077319957,-3.71327704229906
0.399434536901882,-0.0686992667823513,8.00815986131437,0.357415754803163,-0.285371883509571,2.94750198541163,0.315131406541894,0.1132372391363,-3.72262766651711
0.399362951149541,-0.0705099971223877,7.96750336601119,0.357135199299505,-0.286366205197071,3.00665367551712,0.315239751633241,0.113409685510811,-3.7679160398688
0.399290617869642,-0.0723084923628489,8.00865828959425,0.356841633419468,-0.287335506058969,3.09007272697257,0.315356649740286,0.113555965267998,-3.80016889879714
0.399212296017557,-0.0740939610822898,8.04289481780197,0.356538390334466,-0.288288570400755,3.0264425343614,0.315466117383785,0.113660102257497,-3.90312132572408
0.399133058609144,-0.0758681422277881,8.03018816392882,0.356248546641081,-0.289238728514544,2.9483978092165,0.31563233468332,0.113710684050232,-3.97925355788511
0.39900541222311,-0.0776382256482144,7.89432038880397,0.35593410403487,-0.29020831142139,2.8540086773573,0.315742015693369,0.113705438191966,-3.90784773047273
0.398997492636949,-0.0794169785221747,7.88085849240662,0.355491149877758,-0.291240257360533,2.7604661918927,0.315856683360092,0.113651145355551,-4.00517296855254
0.398851394917703,-0.0812189040979274,7.92506228805376,0.355228305340747,-0.292408564678563,2.58810706257476,0.315969938032149,0.113558918470451,-4.00944893099766
0.398836984234137,-0.0830560964609161,7.92356040931154,0.354962046795162,-0.293805060584376,2.58959568296406,0.31608326518178,0.113440542995556,-4.02351268541755
0.398750562083121,-0.084934489631433,8.01016626564384,0.354962046795162,-0.295493731528117,2.43740929095658,0.316194074164078,0.113307608159449,-4.04913330681458
0.39867657268965,-0.0868513083234057,8.12451773728188,0.354872979296737,-0.297462366995747,2.38149862441935,0.31631442869384,0.113171809341703,-4.06790732236783
0.398588841368553,-0.08879679534822,8.05709844931859,0.354303994309684,-0.299625408333355,2.33305900101096,0.316425752060381,0.113045565546483,-4.11384798968257
0.398495231371456,-0.0907582083817896,8.0672094034597,0.353997287767892,-0.301881183484213,2.24356407775139,0.316541131813765,0.112943428351401,-4.1185878531827
0.398402932494361,-0.0927224462371834,8.15453166813498,0.353695732514809,-0.304156012983193,2.07997255230346,0.316712909571157,0.112886415655611,-4.10514623967175
0.39831116539477,-0.0946767930264229,8.16644142104448,0.353356935928635,-0.306402132916473,2.07250810927032,0.316829358429896,0.112905471120539,-4.17258116577249
0.398217341101174,-0.0966094981404491,8.20610366110804,0.35305597935384,-0.308583029565328,2.04233319389791,0.316830935954715,0.113033056774023,-4.19512589748135
0.398065621042909,-0.098513415004692,8.25641880050044,0.352747762431436,-0.310666636853545,2.01657705365836,0.316945298938094,0.113284607395791,-4.16439478276821
0.39796590788123,-0.100391294414305,8.27093706411635,0.352465169254996,-0.312620187742664,2.06952041834367,0.316945987124407,0.113647552001116,-4.1940394900926
0.397864031844696,-0.102256105415625,8.31960511804499,0.352128851017534,-0.314410285983499,1.9675348095752,0.31718814475572,0.114089593174798,-4.1261688057049
0.397763915292928,-0.104125725691918,8.13211526286212,0.351655673618045,-0.316017396653562,1.88302702977196,0.31730100646931,0.114579373456416,-4.10399272636881
0.397664601893064,-0.106018024510989,8.0354132830536,0.351328857064686,-0.317454776016125,1.73111796977876,0.317421836854425,0.115099582192733,-4.1905277327514
0.397559547040889,-0.107949214127859,8.03231882145445,0.351011385256411,-0.31876925771971,1.63597640833762,0.317533616078272,0.115643506450876,-4.13322727427868
0.397442212601107,-0.109934427528115,8.04903214025062,0.350702548112781,-0.320024101895878,1.68414036696767,0.317645837000924,0.116206860241169,-4.19337907339485
0.397338092286894,-0.111986720008769,8.04012019160278,0.350378879625743,-0.32128395380579,1.60862524576129,0.317762259230678,0.116785528300419,-4.21270524233679
0.397332346569857,-0.114108789222971,7.99948458699315,0.350095699181475,-0.32260431559718,1.54277105443239,0.317932936485997,0.117379476799557,-4.22729196712748
0.397221207144085,-0.116283330338241,7.92176548125545,0.349986636927622,-0.324019342629741,1.45688319367836,0.318045032836549,0.117998238046016,-4.16352990337116
0.397025383354047,-0.118478740241248,7.81547152260507,0.349292905629505,-0.325544755161191,1.35811233434656,0.318176762123201,0.11866164529827,-4.16792294678522
0.396904376639776,-0.120667491400936,7.7532553618612,0.349247387211941,-0.327195177587808,1.15189977509722,0.318289604007251,0.11939560800772,-4.23150825348196
0.396778019770197,-0.122835454747772,7.75279840254515,0.348929230589645,-0.328979751131267,1.14277777691575,0.318410755884378,0.120227987158225,-4.27228490964252
0.396649841150039,-0.124977366120057,7.84318942197502,0.348607422835762,-0.330882514563449,1.07417805496366,0.318528165938067,0.121184315284992,-4.22524793893095
0.396531449940989,-0.127090439574643,7.92679876827712,0.348267196633526,-0.332865219924125,1.07930305089095,0.318531281124451,0.122280073731306,-4.27299577968749
0.396410104349443,-0.129171082730825,7.90736230293323,0.347921918794593,-0.334884488588776,1.00748194784457,0.318759430376614,0.123515137248203,-4.27572017622152
0.39627854910364,-0.131213570753648,7.94939830181155,0.347582904822964,-0.336900305270375,0.985678437386351,0.318761345937736,0.124875794944064,-4.2295896820146
0.396145738682622,-0.13321052163261,7.93008828581196,0.347232598636433,-0.338877741459658,1.02311456169416,0.318937856878462,0.126338609560202,-4.27870871924038
0.396012462664134,-0.135155623007474,7.88359370539534,0.346868550678495,-0.340788536581576,1.02685471344121,0.31906910037194,0.127874861946924,-4.26285272599885
0.395793749186542,-0.137050584902134,7.94884081075644,0.346520794484357,-0.342612537807786,1.01609441375704,0.319207057253288,0.129457697928461,-4.28961498126938
0.39564716730413,-0.138913808956543,7.91449972398575,0.346177764561381,-0.34433995825821,0.937056169197588,0.319343238046114,0.13106579429836,-4.20705230895021
0.39550122264211,-0.140781077865813,7.8668199679354,0.345657251467682,-0.34598137385854,0.89925717222535,0.31946694524303,0.132681558792844,-4.1968618799227
0.395391858165143,-0.14269325582728,7.96738230257766,0.34531460052602,-0.347581413390774,0.888826857050141,0.319611858649811,0.134288762035684,-4.0867317029187
0.395380570466262,-0.144678246762172,7.82381684359241,0.344973345077307,-0.349217076724884,0.883104438865529,0.31973266290618,0.135871218475562,-4.06620208174742
0.395111664132738,-0.146742398682094,7.74823672976694,0.34461583496153,-0.350979691629556,0.787498543288676,0.319871532353514,0.137411764178837,-4.01491548462966
0.395095440898756,-0.148874456943419,7.77992161693866,0.344317917865596,-0.352952642026773,0.699730204677608,0.32001113045145,0.138893453206618,-3.98017236727584
0.394957967562507,-0.151048846516063,7.80933253462586,0.344266083131241,-0.355181045882682,0.659468386874215,0.320226701763945,0.14030614206872,-4.08896236095363
0.394712149757662,-0.153230835562956,7.69884118375249,0.343888648441194,-0.357644356358116,0.659507104321787,0.320366099689579,0.141654513876525,-4.02028967763727
0.3945467328171,-0.155391892557325,7.6241872164555,0.343526856714297,-0.360263893621961,0.709623182810323,0.320518701441299,0.142958529696316,-4.01991873584443
0.394399827960929,-0.15751886312841,7.56889992767011,0.343136681889032,-0.362940828948456,0.65847970476215,0.320654388573781,0.14424661545607,-4.00425338732602
0.394245585429662,-0.159606998353205,7.44545069409222,0.342640207800477,-0.365591055984592,0.592370115565205,0.320812032152825,0.145550099539058,-4.00632836107243
0.394096384715646,-0.161650468042498,7.52165365792187,0.342284372234854,-0.368160582177235,0.361189632242012,0.320954095317827,0.146901934570682,-4.03425621617878
0.393943151718419,-0.163638961253953,7.56787150889123,0.341932840235079,-0.370619706910603,0.355548039031792,0.321108879856486,0.14833698086954,-4.05165547778943
0.393770574749514,-0.165558240314128,7.62264326401473,0.341562236250904,-0.372946244648156,0.344306353809446,0.321264682268333,0.149889652951442,-4.07548915856072
0.393608689881942,-0.1673921327612,7.66602750824097,0.341190323665027,-0.37511564854416,0.441737779478879,0.321272240537014,0.151582993811601,-4.02742901231123
0.393441986352783,-0.169125445317526,7.63650281110164,0.340812290498248,-0.377101113373727,0.390198258626965,0.321416457838929,0.153414837750351,-4.01866077627426
0.393187943063302,-0.170751092750116,7.63127340303524,0.34042708726813,-0.378876006074567,0.427467193672602,0.3216303014336,0.155360238735853,-4.00005117920569
0.392982528251483,-0.172280927499845,7.59607450175016,0.340047379839752,-0.380415648746303,0.323782374162173,0.321774803236743,0.157389478903714,-3.92103239069593
0.392801508500951,-0.173749956075132,7.61621319701726,0.339642653559791,-0.381699747398588,0.180018555574005,0.321940414800541,0.159479193890663,-3.9950865582929
0.392627005217692,-0.175210162182488,7.59877940613743,0.339228656790872,-0.382719498735281,0.134787029226002,0.322104352333284,0.161611158294573,-3.95198497063318
0.392403703614867,-0.176721408091337,7.66488160842754,0.338678774294994,-0.383492724665332,0.0570739120588948,0.322275434464668,0.163770077318583,-3.83659760492716
0.392385971280329,-0.178337171555789,7.69163035685178,0.338300951974708,-0.384077072819097,-0.0396378681298521,0.322444970733974,0.165943881399644,-3.77143139129049
0.392288495446253,-0.180081611348845,7.69546780846968,0.337912893903574,-0.384563521674182,-0.103545225012113,0.322614661546203,0.168123559466315,-3.75899640804296
0.392111469881769,-0.181936751180861,7.65570478731551,0.337598571001759,-0.385047453493553,-0.0430705851375739,0.322775052250386,0.170303243988534,-3.77171714112181
0.391927456120445,-0.183853901267414,7.52490039380431,0.337473917598463,-0.385595799580593,0.0462221687486657,0.323035659150283,0.172484928998786,-3.77015178054225
0.39174129622402,-0.185775044564318,7.37121833088319,0.336737220796398,-0.386239369578385,0.0524748322023705,0.323202844340774,0.174686326776281,-3.77015274168759
0.391450887316979,-0.187650985919682,7.4309768442513,0.336689150356648,-0.386985839753978,-0.00323705415414621,0.323408122161399,0.176939653385681,-3.77624836538354
0.391243974465054,-0.189454140543137,7.54088071625743,0.336368092913384,-0.387812850216174,-0.0378687687571169,0.323408122161399,0.179276754708565,-3.71051661732131
0.391070636870357,-0.191178431234392,7.55733105964518,0.3359632016677,-0.388654660718668,-0.0340558656412815,0.323791561528403,0.181718067678851,-3.77307073296088
0.390900440400921,-0.192826341276298,7.37844389604399,0.335363772800464,-0.389430459163232,-0.0378440192471212,0.323793683919482,0.184274071319438,-3.68332750649708
0.390684580041967,-0.19439850189157,7.30298072706458,0.334972941055015,-0.39008973317636,-0.13739680814145,0.323974494947143,0.186942423905932,-3.65774810354004
0.390504260794419,-0.195893049825148,7.33647820430246,0.334608159759853,-0.390620756369401,-0.176242116186916,0.324157977706144,0.189700570781053,-3.62511402390957
0.390300839023197,-0.197307827270258,7.43661722217812,0.334198258389492,-0.391029060742898,-0.0764047398343447,0.324338846389077,0.192509583967955,-3.64004984416762
0.390099909399003,-0.198643400195823,7.44553942857775,0.333825385696786,-0.391321713260884,-0.0570289925778784,0.324527523027025,0.195323517978249,-3.57917143528661
0.389782166978118,-0.199912868161319,7.45481061698473,0.333412240946854,-0.391505461104308,0.00598678641311445,0.324739838330022,0.198096373088517,-3.59413481804509
0.38956585676568,-0.201150841975572,7.4681422323142,0.333026035183494,-0.391589355355274,0.00802194525562627,0.325042141786156,0.200793461280066,-3.57982147755008
0.389554586173298,-0.20240437810256,7.4690360047826,0.332590865682141,-0.391592062160029,-0.0798776654935003,0.325272283719659,0.203404698250985,-3.52557255908065
0.389114002126951,-0.203717793497749,7.51262651220446,0.332006646994241,-0.391559161376041,-0.0309418340110859,0.32547166395368,0.205946031493165,-3.54443863603922
0.389088114115994,-0.205129373386439,7.55522051760165,0.331647445252414,-0.391571972013017,0.00134203058982307,0.325681180055681,0.208448217964875,-3.50028246090797
0.38897194613331,-0.206661896566994,7.65466247326453,0.331587955360719,-0.391715089981091,-0.165503013883628,0.325894434344919,0.210946438300456,-3.59707392472728
0.38877802136575,-0.208304659405221,7.79004343203704,0.331180204237946,-0.39202372154927,-0.206475975144527,0.326106451163982,0.213476654366794,-3.52505204690094
0.388561849870213,-0.210015334683378,7.77537952856984,0.330804565469691,-0.392471040006691,-0.20395150991873,0.326302627315975,0.216073946616075,-3.524804814631
0.388347336593023,-0.211738969758691,7.72293821621263,0.3304318112536,-0.392995984924749,-0.219004440257408,0.326526922175383,0.218771021008825,-3.49971058066858
0.388118955079167,-0.213423694703259,7.7207373603381,0.330023849822363,-0.393526958842432,-0.220656787951806,0.326756268164183,0.221595051645748,-3.41986447563163
0.387772093941221,-0.215034640786714,7.51134497132459,0.329634840763949,-0.393989801492493,-0.294909027240626,0.326759061848887,0.224555435782942,-3.47779726907486
0.387548787323263,-0.216566774997952,7.49110223083089,0.329230625469542,-0.394311409018817,-0.338475875195377,0.327091736782612,0.227631601375182,-3.49762784368697
0.387322691034558,-0.218044271501661,7.61101764551094,0.328813970560554,-0.394423209751138,-0.414615354940986,0.327320158238455,0.230782796980395,-3.48792390185685
0.387108775014788,-0.219506567218699,7.7060428171419,0.328400361124938,-0.394268177119269,-0.429445130547983,0.327587960378474,0.233970824232618,-3.5023094437641
0.386910120401716,-0.220994921665946,7.6481410901036,0.327813631870594,-0.393816186232062,-0.474865769548413,0.327813181794813,0.2371688702017,-3.49987079503205
0.386694720488545,-0.222546143212821,7.42464071761065,0.32744027711192,-0.39307856874767,-0.438400244814367,0.32803786249443,0.240354980088521,-3.60257429227897
0.386458637600689,-0.224188438964529,7.27815191331845,0.327024856283859,-0.392104037234567,-0.336722157206213,0.328249935285821,0.243503120595208,-3.54181725826945
0.386450837278992,-0.225932466748336,7.31437006735321,0.326641187666103,-0.39095902931045,-0.376642226405262,0.328499707811592,0.246578816197035,-3.513041434629
0.386003813106427,-0.22776564488782,7.36435591138194,0.326295764432442,-0.38971068797052,-0.387166999526286,0.328740036991436,0.249540549887157,-3.52404298008453
0.385989300096944,-0.229659099879451,7.48335052050861,0.325885903317759,-0.388419701960911,-0.490414073222157,0.328995162411731,0.252345725892639,-3.46279659904304
0.385623995709325,-0.231577529708685,7.44223636843348,0.325504028003467,-0.387141507315269,-0.531012692884801,0.329365933357647,0.25496228586796,-3.4674366534115
0.385386644406789,-0.233488000233034,7.40935021543476,0.325103790254655,-0.385930035177753,-0.545366159139253,0.329628734212785,0.257381706255309,-3.41650699640663
0.385141561764854,-0.235368928371866,7.36760889497493,0.324781946872502,-0.384830382550973,-0.477760518540559,0.3299033247822,0.259621139099424,-3.37071859021611
0.384911006217234,-0.2372093069155,7.44064630104443,0.324677974902645,-0.383854686155362,-0.483936996165101,0.330172874532802,0.261714312540834,-3.38780004893302
0.384706666520886,-0.238998738399882,7.45306508060394,0.324104641358256,-0.382968756220396,-0.482684977331956,0.330439722483789,0.263702741782896,-3.33452397901379
0.384473863210111,-0.240719502095108,7.48596768869467,0.323711095252776,-0.382116006931095,-0.50950223505666,0.33069080106361,0.26563079894744,-3.35612258047866
0.384241495524004,-0.242345264164872,7.5635391901383,0.323344115183912,-0.381248955252101,-0.447019425432974,0.330957798357401,0.267542346422454,-3.34950140120666
0.383974787782532,-0.243845185086462,7.5854027778625,0.322959431870607,-0.380332200654489,-0.629132870703855,0.331232155250412,0.269474723205216,-3.30333669576966
0.383745679955281,-0.245191239813987,7.52216283753947,0.322601373045514,-0.379331058614616,-0.658905948484114,0.331235662113674,0.271446780397696,-3.36950848462097
0.383350568402961,-0.246370419561321,7.47121020722917,0.322212866468829,-0.378207338633391,-0.683382803947479,0.331880209900938,0.273458195361401,-3.3307651346442
0.383095501661904,-0.247397868438134,7.4226580391953,0.321824762860653,-0.376921489561697,-0.737923392113394,0.331917015903591,0.275506307555068,-3.27026226231883
0.382867799970298,-0.248316439867886,7.41013039119043,0.32145563325886,-0.375435033985212,-0.7715574678376,0.332178703185742,0.27758800455475,-3.31256877228072
0.382594351714997,-0.249183174197639,7.51243012030354,0.321086343111629,-0.373710784105527,-0.695870677465076,0.332492529218578,0.279685435751415,-3.35497047368504
0.382339350805702,-0.250059320630843,7.57484480452271,0.320680208560293,-0.371717083956195,-0.726929266751633,0.332760618516197,0.281768108601838,-3.38032082491611
0.382131584432645,-0.251001438214936,7.54257315775738,0.320125597819686,-0.369444808609101,-0.72528724807597,0.333060471059029,0.283805236812028,-3.24209392662356
0.382118981378452,-0.25204245501228,7.46187173616911,0.31975761282382,-0.366926022052058,-0.77155246740163,0.333331196422745,0.285768431603164,-3.23185220114255
0.381633605228845,-0.253180155206715,7.38412238896854,0.319382792997389,-0.364231853757515,-0.823873434455953,0.333608173405691,0.287628084928686,-3.23240394727482
0.38161114921889,-0.254387753013174,7.44022139923221,0.319027934286783,-0.361452412060052,-0.915202899276989,0.333880257852879,0.289349935557516,-3.14048194550901
0.381211046916898,-0.255629187198492,7.42216484548426,0.318681218770221,-0.358679487577134,-0.894140827888247,0.334175810306219,0.29089699933379,-3.18452222841827
0.380941332306872,-0.256870829126937,7.56616729273003,0.31836436058203,-0.35599326314515,-0.915036593608201,0.334613894884365,0.292243626081901,-3.20649281642136
0.380687204976363,-0.258091326506808,7.53418246010165,0.318245041199317,-0.353445068315583,-0.903992683484709,0.334938764825764,0.293394438697809,-3.18230968779886
0.38043353091751,-0.259280411204513,7.5618945091129,0.317651556809875,-0.351049270584758,-0.84744279531188,0.335224358928155,0.2943881472988,-3.17682423923899
0.380165913048335,-0.26043097657826,7.59489082831093,0.317602128864308,-0.348788654082148,-0.82441456772136,0.335542717721961,0.295284657974895,-3.13385180266919
0.379907454753879,-0.261535615534159,7.68027607778677,0.317242157793489,-0.346615606600795,-0.837222370434089,0.335851419211961,0.29615423642072,-3.11971006320333
0.379672323292779,-0.262584768896824,7.68229778529566,0.31673349452598,-0.344461836748492,-0.880455851524771,0.336164888014985,0.297075137092361,-3.1107421820971
0.379410377207738,-0.263563345303311,7.65518336732244,0.316372965672584,-0.342270270888473,-0.85997664338964,0.336439254393873,0.29812567700673,-3.02115105194075
0.37916792443024,-0.26444934834192,7.73988999552202,0.316025757930461,-0.340014458005729,-0.799202148814073,0.336449349682453,0.299356496468941,-2.99071060238807
0.37886926844524,-0.265220260399875,7.76709351907104,0.315684387764626,-0.337688582832419,-0.777469575367082,0.336724272627797,0.300758018256524,-2.96213135699052
0.378435278328828,-0.265871438418275,7.86737300086938,0.315344474434604,-0.335293040617073,-0.722075499267406,0.337032600753369,0.302259054132153,-3.00457296604936
0.378168792331061,-0.266435153030852,7.83786068091108,0.315038015175749,-0.332827966881319,-0.751391877090059,0.337325668882144,0.303758890119861,-2.98335396469946
0.377892350987144,-0.266979730220999,7.68795247541747,0.314688334274133,-0.330291123336709,-0.80733216295797,0.337789567628291,0.305163713732665,-2.99509143107799
0.377628902924848,-0.267586995360577,7.63473114671765,0.314350011528331,-0.327679769467952,-0.779634610322639,0.338103464990435,0.306409621577186,-2.99265385435507
0.377614645220672,-0.268323151017319,7.7101511521677,0.314020799485966,-0.324994496076846,-0.78955557751616,0.338425751353566,0.30746565298405,-3.0229072773231
0.377121352185383,-0.269222579073518,7.76520104292572,0.313677311526538,-0.322244452051157,-0.787465392613992,0.338742778366335,0.308321612229087,-2.96236000716432
0.377107619260091,-0.270289175573027,7.87918369235903,0.313194237103183,-0.319459904541884,-0.777747770018673,0.339067846304386,0.308977300010595,-3.03570189064024
0.376845828210176,-0.271495721924886,7.81516441784899,0.312878164661894,-0.31670548457852,-0.817222408417076,0.339372827334222,0.309438273104664,-3.01119347375171
0.376564071727701,-0.272781803868507,7.69761968703949,0.312605782157618,-0.314069211164665,-0.795465591710238,0.339664810509341,0.309711934589647,-3.00923092859758
0.37628790318389,-0.274067580369197,7.62821931892815,0.312563338405611,-0.31162052090276,-0.857099547895629,0.339977394378761,0.309803763403411,-2.95268798770272
0.375989813018115,-0.275274841422901,7.62822244084539,0.312251251222128,-0.309372054476095,-0.96860617846862,0.340301183431931,0.309720440806974,-2.98201392301963
0.375568159449613,-0.276345538172571,7.76522117099842,0.311931093731217,-0.307281972830733,-0.968600446625787,0.340757147546086,0.3094846190805,-2.8936120224275
0.375269626897102,-0.277256099951918,7.81123186731171,0.311620289968428,-0.305284552992344,-1.032372286461,0.341092230882941,0.309151781267006,-2.89881381416215
0.375018275816616,-0.278015264085346,7.8078685204549,0.311324049673289,-0.303311852955963,-1.02215594502896,0.341384549781672,0.308810429336106,-2.9099724656876
0.374718714594696,-0.278647292662777,7.730651903749,0.310998921650432,-0.301298921520441,-1.03037152782817,0.341704272335111,0.308560294207513,-2.89114995665036
0.374442594571457,-0.279180304006731,7.69532536956232,0.310682457150477,-0.299188408496341,-1.10772676874662,0.341706143626436,0.308476224464871,-2.88864792407229
0.374151144020344,-0.279643940450433,7.75157245765608,0.310251042430754,-0.296942587484136,-1.18994299957999,0.342031202189764,0.308577386647245,-2.78539149201949
0.373925917330216,-0.28006657281712,7.79471660621528,0.309953001549911,-0.294554390857913,-1.22697064140462,0.342367025335959,0.308830177325132,-2.83988161661009
0.373610541208235,-0.280471963447749,7.91914518353414,0.309673690377777,-0.292043220573189,-1.23340500007971,0.342650842393359,0.30917781539077,-2.79305474658571
0.373326658072136,-0.280884575573335,7.81123853084609,0.309392437754853,-0.289438587250625,-1.23964865941085,0.342962448942556,0.309559785805595,-2.82249022391418
0.372887080913023,-0.281346901781196,7.62853289931066,0.309094994762129,-0.286769288965803,-1.17030291254018,0.343270273464971,0.309913910993426,-2.82859560922816
0.372580006251375,-0.281931933820065,7.56407188113848,0.308802726035305,-0.284063644383968,-1.26412737275728,0.343580307361091,0.310179329503896,-2.79692173720218
0.372572984941358,-0.282722373809338,7.6054981794331,0.308509615360441,-0.281352669444235,-1.29119783205965,0.344054999519263,0.310310564609436,-2.76150171979999
0.372298109703418,-0.283762397310249,7.71256758651973,0.308241208395062,-0.278669514301343,-1.40509058361635,0.344378977417421,0.310294959944666,-2.69260257025365
0.372278598865656,-0.285026625705502,7.67701540468872,0.308004291110179,-0.276040709634918,-1.39216348215109,0.344695703276438,0.310155014343579,-2.78281023646962
0.371745005445662,-0.286435353223455,7.68015450070464,0.307904201003906,-0.273473499597312,-1.46566521434403,0.345027702810521,0.309935121907083,-2.81287493817677
0.371447250682731,-0.287900101664636,7.61561217797373,0.307302880431,-0.270960217610271,-1.44332378867228,0.345346081091512,0.309690169220271,-2.83187098530204
0.371182630740461,-0.289354279055208,7.51363299951171,0.307257750836188,-0.268497008678259,-1.39226141065364,0.34564303673821,0.30948007835465,-2.93233151242365
0.370883826469164,-0.290748278638504,7.41121016916111,0.306999776133048,-0.266081843130001,-1.49353870032237,0.345926909500172,0.309363951806256,-2.85397170485978
0.370590953805018,-0.292035619301846,7.50288543884373,0.306724831963974,-0.263697039455531,-1.45816588187745,0.346245399422631,0.309389816544705,-2.87592068976712
0.370290604212907,-0.293173386431703,7.51552069577837,0.306460588087962,-0.261310020449415,-1.50412489325372,0.346248243844506,0.309575056506317,-2.83669097721397
0.369841806469078,-0.29413623578923,7.46461557492665,0.306199412494405,-0.258885326334589,-1.52548949558665,0.346711653241592,0.309892276320874,-2.87338862838904
0.369517921684965,-0.294932968275892,7.50506540654304,0.305944180391109,-0.256389249242652,-1.53321549673437,0.347033502224102,0.310286102205554,-2.82036102103069
0.369233159197177,-0.295607828026151,7.36443121877676,0.305654581605134,-0.253793455453542,-1.61229591512918,0.347335320598467,0.310702675242278,-2.90360628794416
0.368920965135676,-0.296225324191327,7.22608302317481,0.305299458981142,-0.2510856421358,-1.71239433033119,0.347637685397285,0.311096727753038,-2.82998088641271
0.368620371810326,-0.296856702894086,7.19866370039007,0.305054909141112,-0.248278891839202,-1.68807314868709,0.34794670002271,0.311423962721786,-2.90853815699839
0.368351376542691,-0.297568431688666,7.14446260784858,0.304819202328526,-0.245407197882402,-1.65534874689284,0.348279869343101,0.311639116013744,-2.83105747152346
0.368341611056997,-0.298401452861872,7.23872666900133,0.304574395082509,-0.242511965318281,-1.7532503633068,0.348572895360367,0.311697762695129,-2.83566410025237
0.367762057719333,-0.299358609567472,7.15328704741277,0.304335930734861,-0.239633986495195,-1.75498288239774,0.348879806744642,0.311557875750441,-2.85926291479216
0.367724672053479,-0.300413239961876,7.01160023800443,0.304090553097499,-0.236813193647401,-1.78282113183266,0.349330816034414,0.311188632985764,-2.7903167086087
0.367437700209914,-0.3015163232253,6.89726891023517,0.303857422227362,-0.234089427785328,-1.83342196922396,0.349656823590587,0.310585147694522,-2.94260378858991
0.366944370427998,-0.302605280457539,6.80031040941379,0.303656792669863,-0.231497000895331,-1.85628597792453,0.349967548459551,0.30977145637277,-2.84866937905663
0.366654946751283,-0.303630837981413,6.87364607098965,0.303590822731654,-0.229052067067327,-1.84758394363062,0.350278305163189,0.308787943597617,-2.84180091231804
0.366329629793517,-0.304572942468066,6.87855001350755,0.303177285928054,-0.226747599566689,-1.95295137936623,0.350582870270912,0.307679532443377,-2.8937758646405
0.366050304400105,-0.305428338340522,6.79399443008654,0.303120211485045,-0.224563145263317,-2.00177136452235,0.35091075541939,0.306492799752159,-2.84946702214675
0.365757395072401,-0.306194031967747,6.66401827809182,0.302804970149123,-0.22247386933826,-2.02430422618674,0.351203910831021,0.305276603879107,-2.9338211263236
0.365450210623016,-0.306861181260488,6.60827960633078,0.302588354329328,-0.220454282731844,-2.00033824615297,0.351512556106522,0.304082248475358,-3.02487336906153
0.365157112757365,-0.307415295098883,6.58901411099063,0.302374808993854,-0.21848264095848,-2.11407121652111,0.351860119900717,0.302959894049332,-2.96671748170285
0.364843350573495,-0.307840566203061,6.59114436824225,0.302144522715987,-0.216541914131563,-2.12493181258996,0.351869908886351,0.301942068339619,-3.01222832261318
0.364409722391062,-0.308132321737311,6.45345690793027,0.301929757935001,-0.214617633042461,-2.08871046507882,0.352277751471821,0.30102415661388,-3.03100345629904
0.364059598997515,-0.308313739128365,6.29223546340477,0.301714784252752,-0.212697055564529,-2.19538029121678,0.352588681469154,0.300171130740802,-2.94770762521341
0.363756122712501,-0.308440279716512,6.31531011096909,0.301504863952837,-0.210768565456898,-2.18702287203236,0.352889464334881,0.299343255832129,-2.89491118012092
0.363431412857913,-0.308587739257105,6.29410194183173,0.301290307851357,-0.208821255611166,-2.15184049300159,0.353189750786804,0.298507805382782,-2.8932052062437
0.363147612832594,-0.308838114225229,6.29147980970794,0.301072990211139,-0.206847597634369,-2.22325110962808,0.353493432381249,0.297635937936701,-2.877384546797
0.362839035712821,-0.309266472386835,6.22899395042222,0.300773541148447,-0.204851657038498,-2.22438254342614,0.353783239656251,0.296699518039257,-2.85451404569129
0.362819282803429,-0.309916756613623,6.15794383703662,0.300567819112432,-0.202857853310627,-2.24261545560759,0.354068151338677,0.295669339172226,-2.86946510573828
0.362505801129463,-0.310775715580116,6.08402805120604,0.300366923253958,-0.200909874826254,-2.28154092689321,0.354373968865673,0.294516758290293,-2.81078965167729
0.36218182862642,-0.311775374276671,6.23375683675512,0.300164431823761,-0.199060725007653,-2.31665058887411,0.354801257018957,0.293225633508467,-2.81034563937629
0.361892939915105,-0.312824268010602,6.32445683316884,0.29997982800942,-0.197361130243674,-2.36303781392262,0.355115985602695,0.291808197480312,-2.86212851748609
0.361396772946852,-0.313841407220204,6.30314032293063,0.299952789812587,-0.195840655493062,-2.41328964462999,0.35539848049983,0.290306924194888,-2.86327861577011
0.361069684820803,-0.314778842469217,6.22568696664799,0.299900000556661,-0.194483098296644,-2.46042624846323,0.355709600489456,0.288781958611033,-2.93501109898901
0.36075668763991,-0.315623828041989,6.12080598789624,0.299561276028758,-0.193225108521888,-2.45997179503668,0.355997263377762,0.287301132024753,-2.93846362887627
0.360445726473026,-0.316381485597452,6.13381392811594,0.299367110616191,-0.191987551396722,-2.42948513947741,0.356312020851174,0.285933298184694,-2.85903325146137
0.360168191040962,-0.31705679554396,6.13555943452461,0.299170713655813,-0.190704728980672,-2.4898685400355,0.356318233731316,0.284732698722032,-2.83498539457686
0.359835857799694,-0.31764798901105,6.27442522891567,0.298888553899948,-0.189332213875478,-2.44356238358917,0.356858546130677,0.2837250575723,-2.81836613023196
0.359503532042488,-0.318149710512936,6.17663550314498,0.298699620530297,-0.18784732748563,-2.61168238998186,0.356863683553485,0.282907515131832,-2.83334956575634
0.359174158852812,-0.318562181299375,5.98098855341825,0.298504466510075,-0.186246510517347,-2.56114316625102,0.357135690574751,0.282245875860231,-2.89104809776358
0.358712218845874,-0.318905236809168,5.93323425764866,0.298313744735668,-0.184537155879263,-2.72664162468507,0.357423952427628,0.281673241530195,-2.84581284990597
0.3583762070191,-0.319232106445915,5.89548980144253,0.298135195990394,-0.182730582417173,-2.72946438416379,0.357854080063976,0.281114017075595,-2.88611572374311
0.358029564103581,-0.319624859420648,5.90233668293234,0.297950702907176,-0.180839229862386,-2.77670157563645,0.358114656217254,0.280514706123356,-2.84301527599792
0.358013283663545,-0.320164073953047,5.90102362271772,0.297768508737721,-0.178876083447208,-2.83347721850993,0.358428530413047,0.279850249803409,-2.76815045160152
0.357421554346668,-0.320902519601274,5.79036668410415,0.297584200161421,-0.176856568106082,-2.83721429452327,0.358716335663049,0.279113076572359,-2.7470557447901
0.357370834797186,-0.321862669361727,5.86798674494265,0.297343186205423,-0.174804273523718,-2.96330094581603,0.358980995365813,0.27830329153133,-2.65205930521431
0.357104759417779,-0.323033299075151,5.84153901563119,0.297165514522661,-0.172756667416697,-3.01945357705105,0.359262142567867,0.277423451241752,-2.64933928918121
0.356771965238599,-0.324361508498205,5.94562144417664,0.297020177481836,-0.170760272887926,-3.03471679835137,0.359560067754899,0.276478018939947,-2.60017207692627
0.356448525310322,-0.325764259460408,5.97362865016199,0.296971562797256,-0.168854300067428,-3.00091399827833,0.359863456843289,0.275477168208013,-2.54977999646643
0.356131331672076,-0.327151937019769,5.92146305882701,0.296686313945876,-0.167059847928486,-3.11110174247372,0.360118880343889,0.274441297551568,-2.38804200969969
0.355622841173259,-0.328450384199332,5.91194291969586,0.296659855488509,-0.165381481991287,-3.08449915189744,0.360537686952278,0.273408200703238,-2.40361539994645
0.355271595332762,-0.32962029946798,5.91961441022142,0.29649195131051,-0.163807653932281,-3.1835933193322,0.360806323752823,0.272442437032244,-2.36735647488985
0.354950117618616,-0.330659857253679,5.81490298532089,0.296329241100436,-0.162309634163159,-3.26054046325616,0.361083498305298,0.271629493632669,-2.40366098184983
0.354602199730039,-0.331588724026525,5.81097667382528,0.296163102796213,-0.160848699436114,-3.28338321077197,0.36108384300188,0.271037402948891,-2.41132316981823
0.354262469230437,-0.332433620470734,5.82105217471329,0.295995417731976,-0.159386374582932,-3.25128640380052,0.361085194885522,0.270665023287059,-2.37162782264135
0.353972697992718,-0.333221736273811,5.79469324533439,0.295780872835596,-0.157891992013757,-3.28364259453105,0.361630696582704,0.270434647998605,-2.32749801900421
0.353622726432127,-0.333976437838172,5.66530859534395,0.295619120105136,-0.156348194219497,-3.25615224380515,0.361916888707543,0.270245253060997,-2.24155249982277
0.353291019499316,-0.334716795350828,5.64458768127569,0.295449843848481,-0.154751579678844,-3.26656018159248,0.36218644985603,0.270021208477614,-2.16176378567152
0.352954964823606,-0.335460941503097,5.60826107695695,0.295284448877433,-0.153108814234423,-3.25655805678509,0.362493024830876,0.269714200608681,-2.15481555874253
0.352602467481495,-0.336228742206308,5.66589072025694,0.295134987339124,-0.151432749622703,-3.21192650620413,0.362745125451527,0.269287371533843,-2.17378204169699
0.352280843843952,-0.337046093944256,5.78617616734493,0.294978516495693,-0.149739732154011,-3.27150137290167,0.3629833674086,0.268707407312094,-2.16441158130191
0.351733469928272,-0.337953218532138,5.77574479075026,0.294836439050427,-0.148047394754803,-3.29465492396232,0.363385098223153,0.267948161570129,-2.08114912541252
0.351716599127291,-0.338998424573581,5.72243889434722,0.294689749716542,-0.146373023396323,-3.3238369762691,0.363658992591501,0.267002996154323,-2.03415794662815
0.351380972724376,-0.340207112354764,5.58144710750859,0.29454778733061,-0.144732748014711,-3.29128626333336,0.363935499261785,0.265889823317584,-1.73505999684529
0.351039727125279,-0.341562180471489,5.68690628466176,0.294399545926763,-0.143142186952608,-3.28554250412914,0.364204648622175,0.264642585165863,-1.45857185804143
0.350694582111412,-0.343019517764691,5.86254234621775,0.294236316669886,-0.141616644603152,-3.27545985553193,0.364485082363758,0.263302606938442,-1.29119407613573
0.350339876352326,-0.344529610336886,5.9742645149723,0.294214148630176,-0.140164684769815,-3.28704567461875,0.364746382522221,0.261916163895946,-1.12502470953694
0.350022347244774,-0.346042433852821,5.8647121613468,0.294066011422576,-0.138777774525188,-3.28707561014591,0.365012759754078,0.260533271698745,-1.37371532607023
0.349699496746522,-0.34750313651717,5.76930134294411,0.293902228286873,-0.137430974426685,-3.28194102919014,0.365261218170482,0.259200541591546,-1.35888975604142
0.34932974577864,-0.348849873263361,5.73755632153056,0.29375758902842,-0.136095666599892,-3.33625866273526,0.365274726862365,0.257947167945909,-1.20768189687341
0.348993024508746,-0.350020381947178,5.74919310174353,0.293624294172126,-0.134748072349604,-3.39565777751125,0.365901771397237,0.25678460612281,-0.86861205218191
0.348448463277955,-0.350970464857614,5.82279792915805,0.293487592032909,-0.133368420847418,-3.43662784334924,0.365924596191811,0.255724542418581,-0.779892208004579
0.348065649794598,-0.351694947252374,5.6924143312985,0.293353691176149,-0.131938410710751,-3.52435016034662,0.366164072279797,0.254779760311207,-0.715601839323759
0.347732650199605,-0.352229149204574,5.56242809268439,0.293222113294812,-0.130440720817825,-3.50741062417188,0.366427943055855,0.253946725007404,-0.808684308606622
0.347386204106921,-0.352629259271254,5.47775899335894,0.293079058849383,-0.128860548894147,-3.4809362832099,0.366671163629842,0.253204654072611,-0.836871773091794
0.346996968955072,-0.352956735776342,5.57449365716433,0.292913663483355,-0.127189449432173,-3.37134872315827,0.366935998124586,0.252527702350989,-0.834283140132335
0.346652315862745,-0.353277103750866,5.53897259592916,0.292788991352302,-0.12542869055759,-3.3432862968563,0.367184524317153,0.251890393370898,-0.754868613023313
0.346285222727762,-0.353655262384165,5.37277011693289,0.292660159927359,-0.123588241308852,-3.32707715463269,0.367425324031762,0.251266736829712,-0.676909256145226
0.346262925899064,-0.35413465133753,5.36936500016245,0.292529612397819,-0.121683265067203,-3.36830769933452,0.367662478312252,0.250628124634343,-0.66244252858959
0.345597444908954,-0.354721477683774,5.30025643077409,0.292404178818003,-0.119732256553054,-3.33137203858796,0.367940293384443,0.249943518406351,-0.743305689044261
0.345553696654406,-0.355392035216361,5.4005182570354,0.292286429353904,-0.117756398575481,-3.37609540972668,0.368177811614063,0.249184723660696,-0.633419652428721
0.345055766465914,-0.356104986258298,5.51563126467257,0.292170551791333,-0.115778029297436,-3.3996942113289,0.368555626042281,0.248337408081274,-0.56618863751845
0.344683035958314,-0.35681181766606,5.42272361153816,0.292072072803759,-0.1138168420143,-3.37118418505546,0.368806327358018,0.247412671743112,-0.443424409058606
0.344314027584663,-0.357472091587827,5.36657545992854,0.292028172898317,-0.111884580063842,-3.33175543433696,0.369071618095613,0.246447818753743,-0.227336593518549
0.343933650430843,-0.358060613349283,5.32722572248135,0.291814699575269,-0.10998458026776,-3.38758492391659,0.369306245519252,0.245495502918884,-0.106637532652154
0.343574423266786,-0.358563639243598,5.45186895426717,0.291798644861273,-0.1081162732515,-3.43265640551013,0.369563382032371,0.244613749167915,-0.0281033066096861
0.343191068566717,-0.358974611610443,5.49316877949691,0.291683740939961,-0.106274899647408,-3.38348561246575,0.369813738713905,0.243858622409881,-0.0295067216092559
0.34289045806455,-0.359289025931387,5.41706291750454,0.291569941348784,-0.104448853795458,-3.42479063084188,0.369821964908569,0.243265644958616,0.0366974816490582
0.342510623970329,-0.35949829184047,5.36576135248119,0.291456556070067,-0.102623657300181,-3.39618025586318,0.370026199592698,0.242824026819849,0.173176641573664
0.34215332297734,-0.359592365787329,5.23591123354702,0.291352985847037,-0.100787546015253,-3.40198672055994,0.370290572981411,0.242475945542146,0.36234481716136
0.341600466512978,-0.359578076377918,5.189345696398,0.291249381987797,-0.0989322769999122,-3.39418487025511,0.370670171671232,0.242151429837897,0.490281232184553
0.341240813921731,-0.359500192073298,5.23807058104837,0.291153505898588,-0.0970515987116188,-3.40951017687767,0.37093312389622,0.241804800423691,0.540399367675973
0.340857304202134,-0.359436593912153,5.19011698793246,0.29105664127657,-0.0951404982115791,-3.53142030650206,0.371175256962186,0.241422154562259,0.514589709205415
0.340834554071479,-0.359462848568382,5.07435658672019,0.290937002216554,-0.0931965493715373,-3.36078483003262,0.371418069308276,0.241007341520563,0.489551994066643
0.340117930462603,-0.359625951207963,4.85818754213299,0.290844172378367,-0.0912223526267949,-3.37512327853402,0.371653424739344,0.240569174616698,0.546145910103378
0.34010086706342,-0.359945260699567,4.77989042537283,0.290750324095404,-0.0892260620258796,-3.33807698192967,0.371916617209807,0.240118162288778,0.641893095604708
0.339792876169925,-0.360406763647024,4.83373028160148,0.290653123336179,-0.0872199783177537,-3.3231932787326,0.372145591947635,0.239666725486712,0.729570377308103
0.339396216951314,-0.360951667231049,4.85646192140158,0.290566027876103,-0.0852183012222367,-3.33639350212087,0.372356756873461,0.239226101522207,0.759670556317116
0.339049872050988,-0.361490764351205,4.58030438781595,0.290541708113901,-0.0832329311350938,-3.3230224722664,0.372581738829876,0.238801286966743,0.724398988248851
0.338681265422658,-0.361931180567433,4.40857437718505,0.290397100484428,-0.0812700302360862,-3.30873535631842,0.372848276334626,0.238393495086635,0.624378238412673
0.33815218541588,-0.362197416451594,4.27703806775502,0.290386044961952,-0.0793298627291004,-3.31532629777575,0.373204308190167,0.238015241691406,0.661324363345215
0.337766456219256,-0.362248949704652,4.22869038611702,0.290306938537168,-0.0774059545181371,-3.28223878190769,0.373455300349375,0.237706356184167,0.686207502407287
0.337397889896611,-0.362082251415722,4.20955442202334,0.290218077382497,-0.0754850842755018,-3.24968309841406,0.373691566539331,0.237529525855898,0.756735319283186
0.337062745029781,-0.361713179986187,4.1303972627181,0.290124296053805,-0.0735529271728832,-3.21749074245622,0.373691566539331,0.237534213356056,0.882645399894827
0.336696243983421,-0.36115959954665,3.90540855073265,0.290053253026278,-0.0715998186767108,-3.24164797775496,0.373691566539331,0.23770981208474,0.971332560072695
0.336335628984853,-0.360436427389053,3.85775155107087,0.289983184881796,-0.0696207708642102,-3.20059240622462,0.374190190137578,0.237979690800125,1.15802751419646
0.335965480901602,-0.359561528152791,3.85726063428811,0.289908018662466,-0.0676133249587704,-3.1884209487428,0.374426536904995,0.238248098098989,1.24781262155702
0.335423625583771,-0.358572768392266,3.87389869603487,0.289830098940782,-0.0655774919168611,-3.18381818664265,0.3746337381036,0.238438650189415,1.21932621968894
0.33503389160911,-0.357541530303485,3.7758945104062,0.289764873550739,-0.0635166897629551,-3.11316221770913,0.374873040502215,0.238491762514898,1.10800930330274
0.335020764176353,-0.356554567615784,3.59399968687297,0.289702451870077,-0.0614372001020209,-3.13235723586868,0.375246413480064,0.23835983856471,1.2948625973884
0.334338641514123,-0.355681830391891,3.37859336613002,0.28964454427019,-0.0593464616915915,-3.06626364789019,0.375486961908978,0.238018831749731,1.40259076350501
0.33429127637222,-0.35496649412344,3.38244356186416,0.289582757267597,-0.0572520503059102,-3.08253507889968,0.375741609590315,0.237472487888279,1.41690882381134
0.333955384602656,-0.354420444485625,3.37101166200682,0.289526078286348,-0.0551619258016544,-3.06732973032083,0.375998506119759,0.236743116444504,1.47749097565474
0.333631977634697,-0.354014658385782,3.27727693683534,0.289464701757526,-0.05308523832658,-3.08020848599629,0.376236984916167,0.235862843380227,1.43796945776601
0.333276369644865,-0.353688033076807,2.99864128311589,0.289414016656193,-0.0510326388107418,-3.0098898409938,0.376460985208077,0.234868660779653,1.38708205604518
0.332895045265094,-0.353368991401907,2.80641413632787,0.289371203454727,-0.0490146421603395,-2.99779995022591,0.376700492956622,0.233797848010799,1.30556813593829
0.332534964140596,-0.352988858023848,2.68549515604286,0.289359045926791,-0.0470378676535952,-2.97479981151875,0.376899798312756,0.232683801738045,1.29468994080079
0.332188202040927,-0.352488595587364,2.56178195935565,0.289287869659346,-0.0451024739901602,-2.93970375266309,0.377131055931485,0.231553432390645,1.36365825413885
0.331628230410323,-0.351832230717335,2.53694999723046,0.289275939498845,-0.0432031489791178,-2.92630157617828,0.377370851114283,0.23042368590365,1.32303481784695
0.331262642201957,-0.351025319043631,2.40388383745887,0.289213017693517,-0.0413316728279217,-2.90465738003764,0.377370851114283,0.229295010152535,1.35084936727208
0.330897494795043,-0.350117055751257,2.23954411909713,0.289170016640384,-0.0394795286454938,-2.81413164298028,0.377973920309117,0.228156466256608,1.38054990439981
0.330541452238421,-0.349182672506521,2.16235386885259,0.289134122623141,-0.0376398175801328,-2.85535782384598,0.377984982020772,0.227004879281687,1.31007865871237
0.330187101291595,-0.348307185773144,2.18639216626757,0.289096372792633,-0.0358070780190406,-2.75010391242775,0.378210785756112,0.225845529464182,1.37770864701603
0.329845232754908,-0.347572693297838,2.08338437890142,0.289062140873514,-0.033975988565042,-2.76502342217095,0.378442251766613,0.224674349160746,1.38060900513186
0.329827208391605,-0.347036356102595,1.96110663877311,0.289035770494758,-0.0321404487740219,-2.73785351993223,0.378677623176222,0.223475148706038,1.41503784569366
0.329176817674185,-0.346714508306613,1.93045607214765,0.289004671930769,-0.030293209763364,-2.74741032204689,0.378864605076336,0.222227378707017,1.44557257990908
0.329158416746597,-0.346586500056447,1.87449427371463,0.28896354164761,-0.0284267922832595,-2.79136806566805,0.379083087547286,0.220906080707021,1.45297243343509
0.328817744212836,-0.34659782647366,1.85065190514047,0.288936494402862,-0.0265353704732616,-2.73923657930686,0.379304579649941,0.21948003408052,1.42343937857906
0.328308001175436,-0.346669312056631,1.77809293794282,0.288904831435301,-0.0246156913736701,-2.7479912296425,0.379517788391413,0.217916227463105,1.48504271896867
0.327910577277453,-0.346730705772909,1.70210770735299,0.288883395255411,-0.0226665659096267,-2.76318673800572,0.379855680625218,0.216191503541546,1.67567117923646
0.327586898343816,-0.34674405293219,1.60389582004819,0.288858152670907,-0.020688094875284,-2.73101204125027,0.380074691789088,0.21430535998792,1.67656493065514
0.327221774571173,-0.346693802116195,1.55465876229436,0.288837248264119,-0.0186813295985483,-2.70460397749032,0.380294492937402,0.212281175809451,1.57102152404553
0.326885253016843,-0.346570492015485,1.47511554422714,0.288819505572439,-0.0166479178212503,-2.78132473589546,0.380499460814973,0.210155402779225,1.41736690345373
0.326540464556134,-0.346364263512622,1.36116423334867,0.288815873826271,-0.0145890752201736,-2.77491759661909,0.38072090958569,0.207967621080499,1.49219141756815
0.326224384773602,-0.346061525781179,1.29111357599363,0.28879330114997,-0.0125045903869968,-2.75903875669037,0.380887492031262,0.205755500603692,1.52564083517053
0.325872796574591,-0.345642346715263,1.18845476582804,0.288791744822598,-0.0103927833789284,-2.742547309078,0.38109678847976,0.203551144361445,1.5332917907101
0.325535627155694,-0.34508104496938,0.968755798650389,0.288781307055841,-0.00825081067191952,-2.79520913741241,0.381289711733669,0.201376458509386,1.48398080068151
0.325186235429003,-0.344352242034388,0.86116666287807,0.28877163822079,-0.00607511736671658,-2.7877999372772,0.381306805554312,0.19923584607236,1.50131979938701
0.32467188881239,-0.343446799287616,0.87617678474143,0.288761417944086,-0.00386273696267667,-2.74623774647519,0.381746404655512,0.197116155704647,1.49634319652821
0.324296711901674,-0.342391367733576,0.823063519949712,0.288749778450343,-0.00161295703269071,-2.71656159151409,0.381764609177048,0.194999098915544,1.38282956907024
0.323965160487348,-0.341250765422329,0.692520168273401,0.288749284541043,0.000671765599301586,-2.72751341854254,0.382040813323978,0.19286846470837,1.39386593037522
0.323624632750563,-0.340110422701145,0.644811308567754,0.288740902992401,0.00298574120045835,-2.66667007817299,0.382219428456081,0.190707967232569,1.24669927039795
0.323285944161811,-0.339060040376996,0.558002322939397,0.28874531923706,0.00532042708167526,-2.48585648347039,0.382403028377791,0.18850203593041,1.23402451725342
0.32294775063012,-0.338182616541351,0.483910456749952,0.288753642628987,0.00766583879461205,-2.5409542257988,0.382614817460357,0.186237643717872,1.28520935230478
0.322928273157054,-0.3375295670999,0.426624905429263,0.288786500059227,0.0100137238081647,-2.55090405199123,0.382769022364846,0.183902885813432,1.38977925742109
0.322622447186643,-0.337088117288968,0.328133143879109,0.288797932961921,0.0123606093054409,-2.53597548412158,0.382964466404616,0.181484919883445,1.29844947615568
0.322283255681679,-0.336781506031663,0.233005189065346,0.288809786278561,0.0147077733368325,-2.54025774778576,0.383140293237511,0.178969208437393,1.20383709452953
0.321793350147737,-0.336511958832613,0.194519873333822,0.288829681775874,0.0170586684483788,-2.51259594362336,0.383317312242456,0.176342081826519,1.14300785822043
0.321435142122736,-0.336205056357047,0.121964268442877,0.288833637793215,0.0194162580922667,-2.52678895952321,0.38358789131112,0.17359883256272,1.14619759503663
0.321070591626391,-0.335822189341375,0.0368147150314417,0.28885155829397,0.0217806827818615,-2.34261703783846,0.383767565968025,0.170753501218546,1.27142310597736
0.320741603207799,-0.335348310688886,-0.0560567943313728,0.28885155829397,0.0241466236396245,-2.32605713486532,0.383937109048822,0.167840132235586,1.23549914206619
0.320417144408514,-0.334776770769962,0.00381808392134309,0.28885827924969,0.0265012448190741,-2.36663659175007,0.384122319166325,0.164902101094259,1.24226946437427
0.32007313687468,-0.334101757357062,-0.106015452031795,0.288910920249651,0.0288266404208943,-2.4140574812854,0.384123652353141,0.161976434157791,1.15200985238976
0.319735367852746,-0.333317746246858,-0.209218139937822,0.288995142570427,0.0311086507788071,-2.35361440391822,0.38443999522408,0.159084763844551,1.01000777061928
0.319392152320106,-0.332421373639102,-0.324786170197806,0.289005364302663,0.033343961305989,-2.33392675843253,0.38443999522408,0.156233835999116,0.997619813080374
0.319075138081015,-0.331414308033852,-0.387241811830352,0.289039159043442,0.0355373287857312,-2.31511917548179,0.384575353827384,0.153413047656576,1.02802968023065
0.318587833892396,-0.33031323874311,-0.516184701000749,0.28907133063808,0.0376944069765002,-2.23344808103025,0.384730180436365,0.15059004189749,1.02169056121579
0.31824071714325,-0.329165262379381,-0.607367681883142,0.289109652723833,0.039818612366852,-2.22272158595824,0.384885286847467,0.147719214362231,1.04211350440182
0.317884363981729,-0.328046328388381,-0.655649928237972,0.289143026974834,0.0419110964634797,-2.19538500907086,0.385110117282677,0.144759373182858,0.983043581448797
0.317865177243538,-0.327031948979735,-0.676071388416104,0.289179638963222,0.0439704102727716,-2.26563136995985,0.385257993099085,0.141685960619724,0.849891825699292
0.317238386438416,-0.326171607243399,-0.646307418070063,0.289223079944203,0.0459921963674344,-2.17694897061209,0.385402526237081,0.138491668773175,0.853048127193881
0.317208439783933,-0.325487760453533,-0.719584347106052,0.289271230541393,0.0479701125365593,-2.12168583689343,0.385552202556817,0.135179804375408,0.8342407808041
0.316888272286792,-0.324973760921928,-0.824495492105954,0.289327735116896,0.0498978958020072,-1.98639500210135,0.385685858705695,0.131758981609422,0.857231703800717
0.316585775563954,-0.324586528198398,-0.924397431735394,0.289388041246314,0.0517722408754298,-2.00663288334886,0.385817817741475,0.128240674485758,0.853383017511334
0.316233553094442,-0.324257664919595,-0.95187792698293,0.289474575749558,0.0535964894276162,-1.98465107989407,0.385927257250834,0.124636467950146,0.796505279063903
0.315916481637249,-0.323913024445667,-0.890715071478422,0.28953200366644,0.0553832837796801,-1.96628390816277,0.386051504131285,0.12095652484298,0.747028724424776
0.315591837366233,-0.323482484976982,-0.918508275169577,0.289586562272895,0.0571528015308123,-1.98325650076863,0.386226516243727,0.117213425482351,0.700538387618931
0.315154830549921,-0.322908239992027,-1.00035241172789,0.289623432453072,0.0589258846476001,-1.95527088668916,0.386334325236595,0.113428339769956,0.669790892594075
0.314814760130142,-0.322156237944872,-1.13556033870828,0.289632861581484,0.0607151472975991,-1.85451701725691,0.386440930070293,0.109631085542283,0.618662608964507
0.314481652083151,-0.321218752994411,-1.22837832458962,0.289697763465071,0.0625196420959181,-1.85494527449158,0.386550018789393,0.105852674316114,0.68116094443451
0.314155608375087,-0.320105032462766,-1.19136272158937,0.289758927117331,0.0643270673043264,-1.81886845636654,0.38655287141475,0.102114375517794,0.711180627546075
0.313836401558409,-0.318831377179238,-1.24261306985843,0.289822084785686,0.0661197221546049,-1.79129826900391,0.386668230624058,0.0984192953168333,0.695054767274456
0.313517413547241,-0.317416461052419,-1.19706345127588,0.289880834793344,0.0678778036889034,-1.86451496579281,0.386772216089404,0.0947548691442261,0.686227663589759
0.313205952438959,-0.315879056919011,-1.23942316931952,0.289958570050909,0.0695812000624933,-1.85018872350804,0.38686951590238,0.0911036245266849,0.675974019042408
0.312903031562204,-0.314238624346801,-1.28510763523959,0.290079271693133,0.0712146189144322,-1.756743996155,0.386960263955447,0.087449926017631,0.654496871881166
0.312453036854525,-0.312524941488945,-1.39467639021642,0.290156426197922,0.0727739068529939,-1.80192240311741,0.387042158078371,0.0837799637100526,0.626100692548712
0.312116560238733,-0.310788034377409,-1.53163222972615,0.290235560050404,0.0742664375103946,-1.73832702477536,0.387127369260203,0.0800813384572221,0.504903610819267
0.31209435255035,-0.309085912381094,-1.62710140812616,0.290292519385262,0.0757049912050711,-1.64338963855919,0.387256091187345,0.076346506281651,0.481585047104809
0.311479550428727,-0.307463373321575,-1.66764877639156,0.290373157615777,0.0771015450932112,-1.69030218014659,0.387324001642367,0.0725773282876893,0.474132426359329
0.311436278202608,-0.305947627367132,-1.79859203868912,0.290436351791909,0.0784645726054476,-1.71169397835863,0.387397235252931,0.0687845040661842,0.420279826074374
0.311179984200535,-0.304542526261171,-1.79524377243302,0.290510810608313,0.0797985104267289,-1.71294582236217,0.387460106003842,0.0649827161506459,0.38753078824228
0.310866913402864,-0.303216540138657,-1.843206837997,0.290592528582418,0.0811043825234757,-1.6670674437454,0.387535228417337,0.0611877253280251,0.316852692612196
0.31057659165211,-0.301910194383478,-1.83069861095169,0.290679745023984,0.0823819287722657,-1.60067031467568,0.387587471485605,0.0574162131842722,0.238319076459857
0.310263219745092,-0.300556933076914,-1.86369003757023,0.290771446036884,0.0836333520410409,-1.58235518435478,0.387639805382409,0.0536851492556471,0.28659878991568
0.309854670754628,-0.299101388833227,-1.95291182786688,0.290911397925712,0.0848687354432074,-1.53973790030071,0.387690288206377,0.0500101635738854,0.311188181210787
0.309512336492282,-0.297514718219007,-2.06133144635541,0.290986037319264,0.0861086158294296,-1.55014555404106,0.387721755649841,0.0464044152400145,0.320757500452755
0.309208946275919,-0.295799161720302,-2.08746059696535,0.290999503120567,0.087375963868726,-1.68761377585672,0.38778991925784,0.0428786234312949,0.342646342518643
0.30890227672011,-0.293978327013096,-2.12443452159632,0.29108329274388,0.0886826009597727,-1.65248540839696,0.38778991925784,0.0394406353323453,0.329737581205081
0.308616648458155,-0.292084853431887,-2.25264342764829,0.291166506066113,0.0900249299590668,-1.65268927544941,0.387825356644878,0.036093166969038,0.341788324726473
0.308330874503582,-0.290152992960958,-2.26098504271094,0.291257585893074,0.0913901325027578,-1.72264638284519,0.387864733339856,0.0328332289111547,0.422469774129319
0.308051791800438,-0.288215501481256,-2.32222231198457,0.291347876273035,0.0927622310856273,-1.7363876325485,0.387907298440081,0.0296559496388308,0.400578531158727
0.307729860233998,-0.286299833522028,-2.48390290307524,0.291437548192369,0.0941239542610128,-1.82113324019956,0.387936431961128,0.0265586921479996,0.446444403100934
0.307714463502696,-0.284418550754956,-2.6399968418102,0.29153276823327,0.0954568091969531,-1.91812198425349,0.387962636631781,0.0235418987038188,0.553682156121754
0.307069247246263,-0.282568453807815,-2.60595153466974,0.291622983877883,0.0967411270070574,-1.95448672329762,0.387993107498386,0.0206084775058481,0.543687342577057
0.307009319600927,-0.280745783424747,-2.60400008429574,0.291730648100827,0.0979577595481626,-1.95051154616234,0.388014890395182,0.0177636888167367,0.54779797098238
0.306731123877559,-0.278948389725273,-2.64491367944577,0.291880309194731,0.09909332107156,-2.04267042897504,0.388028281900353,0.0150147308005086,0.571331743869628
0.306445926336214,-0.277161486484262,-2.69568774796508,0.291982475092706,0.100145900091503,-1.9491461709977,0.388040547259032,0.0123693571389677,0.538505240246958
0.306169122760875,-0.275357448636169,-2.75236874573367,0.292083629420578,0.101124547011174,-1.91404320431913,0.388047849405925,0.00983452757810164,0.574831485152174
0.305874734610127,-0.273507258306292,-2.84231956590209,0.292172182306657,0.10204271183599,-1.92968107393591,0.388056123415706,0.00741593698207272,0.654395220579298
0.305621310253298,-0.271585135448791,-2.92607924072697,0.292273094870692,0.10291258721716,-2.03821471631033,0.388061984342851,0.00511813002326268,0.480334198648803
0.305325036115328,-0.269567684032539,-2.95734914105175,0.292380437873377,0.103744088523218,-2.03646492866542,0.388058801967562,0.0029443592149027,0.499280994289489
0.305078380877187,-0.267432811185546,-3.10852762463998,0.292487004119811,0.104546313686944,-2.03864340666713,0.388056467183524,0.00089581751139638,0.498484280350859
0.304800250089001,-0.265160752633376,-3.0825031376748,0.292577672151214,0.105326597941403,-2.01544484044869,0.388051077806906,-0.00102907650411233,0.727282978540636
0.304436024548334,-0.262741832924949,-3.12881915921722,0.292619571950721,0.106086707960672,-2.08363808531893,0.388047205388826,-0.00283471887421746,0.743297506187556
0.304158195173876,-0.260188320681618,-3.26088933931634,0.292854929676315,0.10682438659887,-2.09021133644867,0.388037770575128,-0.00452788626579195,0.86457163470903
0.303873658048385,-0.257537793044078,-3.33258805352075,0.292872644331746,0.107540061709674,-2.09882010564104,0.388037288140188,-0.00611699231660068,0.855168695397335
0.303629215889203,-0.254844361510661,-3.37601038472268,0.292985981376046,0.108235915024212,-2.17921197283678,0.388027803215555,-0.00761099677799737,1.00430954136784
0.303387895782618,-0.252167290670779,-3.43004107227929,0.293097867962227,0.108909545476542,-2.17157068928356,0.388027454048012,-0.00901840493366977,0.943865532826612
0.303128494210971,-0.249564923850863,-3.51133534399205,0.293211280938726,0.109554415942498,-2.15486069389754,0.388009390456797,-0.0103470491579198,0.973097570886263
0.302876386297795,-0.247090171354986,-3.58347462958346,0.293315618663059,0.110163749450734,-2.16537228496714,0.388002810536803,-0.0116044844643748,1.25607351088832
0.302863580018329,-0.244774410364297,-3.55134379082982,0.293428675956958,0.110731253812783,-2.15077994375348,0.387994875602831,-0.0127979805099484,1.35180191071819
0.302628208973657,-0.242605016360536,-3.59855173877209,0.293543558253495,0.111250751258952,-2.24641489234534,0.387977126327025,-0.0139341435246571,1.36869750854279
0.302377031261946,-0.240526411806738,-3.58313881750937,0.293646780793207,0.111716204961627,-2.30300463124223,0.3879659541169,-0.0150189879747277,1.40437707880819
0.302038767181458,-0.23847055814259,-3.60818523497992,0.293766150291843,0.112121742478567,-2.2745675066985,0.387951852641029,-0.0160580793544206,1.34597566165688
0.301796527847997,-0.236386096433083,-3.60257916800685,0.293886359432779,0.112463570596351,-2.34636316056293,0.387936164085709,-0.0170562502150454,1.43494369762931
0.301525041177058,-0.234245584601793,-3.66128375907609,0.294054280238937,0.112745348328291,-2.31182293291991,0.38792235974963,-0.0180172402172652,1.49496628305708
0.301301318204013,-0.232038143107602,-3.73207832181997,0.294163275778753,0.112983150944201,-2.32355073509578,0.387906663575832,-0.0189435723533984,1.54044775964695
0.301072783587918,-0.22976026286842,-3.7493485936314,0.294282094757789,0.113204287276939,-2.29500929718176,0.387879976016822,-0.0198370751494103,1.62720696945656
0.300837984240335,-0.227410277875067,-3.75731981300972,0.294391204493175,0.113441205936842,-2.325915454715,0.387861170394253,-0.0206999548434538,1.56234500621093
0.30061405166772,-0.224986948278719,-3.82454993978904,0.294490842000895,0.113724141052301,-2.31110327535379,0.387838385876391,-0.0215349348220781,1.48629644170107
0.300383764086614,-0.222489965874,-3.84255947347433,0.294507811644224,0.114071127952866,-2.31627449819716,0.387838268719457,-0.0223437734483086,1.4290232569073
0.300164392799238,-0.219921799375902,-3.95955113564611,0.294627299336319,0.114479267472916,-2.349907881784,0.387792246980446,-0.0231261418117095,1.52269975104734
0.299862809926149,-0.217293685479163,-3.95317638997102,0.294748247711163,0.114927127318757,-2.28593620635271,0.387792203602367,-0.0238798326633459,1.58658113278757
0.299646136940868,-0.21463338221573,-3.9925620592677,0.294856708106967,0.115385384316559,-2.31491695486947,0.387769883258145,-0.0246003908443264,1.70937270463083
0.299416573940257,-0.211982511770949,-4.0846654935828,0.294978159088344,0.115824924671054,-2.30464708483666,0.387743118325652,-0.0252804953127349,1.77810754415804
0.299398433164684,-0.2093792800577,-4.20775159576216,0.295151158265558,0.11622263508786,-2.34411161537252,0.387716587703694,-0.0259113354084125,1.78696981496387
0.298988462838242,-0.206845548468426,-4.20699702488174,0.295267674066463,0.116566971212515,-2.44809242477755,0.387677424753809,-0.0264852480301921,1.81936375551032
0.298968181091326,-0.204388788640305,-4.32958718544527,0.295386191277129,0.116858000970321,-2.46784370906908,0.387649827201015,-0.0269974456104045,1.81803469832852
0.298764116379251,-0.202001661879823,-4.32125496463628,0.29550638974085,0.117101863297427,-2.53338226217289,0.387622734528529,-0.0274458741521891,1.89733578864883
0.298559040685446,-0.199657803797809,-4.50776180600768,0.295614408682678,0.117305867475552,-2.44737221740308,0.387596172091097,-0.0278297589009353,2.13052022723094
0.298346181292725,-0.197319374222429,-4.74228683848575,0.295731293651244,0.117476353649035,-2.59634121013865,0.387568643620477,-0.0281484254927107,2.12929228897971
0.298146779204114,-0.194948911441146,-4.79091164756405,0.295851691064847,0.11761840838194,-2.57348752608903,0.387537518879326,-0.0284012281613049,2.23830540294672
0.297954879144722,-0.192514072797748,-4.77745804943653,0.295969054335276,0.117736845440633,-2.63486517357982,0.387506112910597,-0.0285881658282384,2.14882670603304
0.297685859866153,-0.189991781579293,-4.83413150551878,0.296093687727045,0.11783754345118,-2.67108768594162,0.387476274639328,-0.0287104251903603,2.14411795827036
0.297492956787369,-0.187374685665525,-4.78344069614023,0.29621939531895,0.117929303714545,-2.70833716081581,0.387445270512577,-0.0287707055948448,2.15741442639674
0.297297719147441,-0.184672021606542,-4.74660332125817,0.296371680805681,0.118025552138962,-2.77215360820836,0.387403240753496,-0.0287739731377864,2.19891349555682
0.297109001325141,-0.181903428478806,-4.8676317152862,0.296411381327733,0.118142525754482,-2.78182025859334,0.38737405447468,-0.0287278355903273,2.2071683227631
0.296934061645376,-0.179092614372463,-4.89599244147792,0.29661277854576,0.118294982705121,-2.81324624632352,0.387373454078595,-0.0286401127932316,2.2844968575939
0.296761270923746,-0.17626376046791,-4.96526045106885,0.296632811995462,0.118492555281408,-2.79907655786012,0.387342442926305,-0.0285148292413664,2.30604022494035
0.29658599319261,-0.173439696211402,-5.03873472185013,0.296748436397669,0.118734973949464,-2.82186178675937,0.3873157545377,-0.0283512390360574,2.25193834067095
0.296418307114133,-0.170642807294953,-5.06170103125366,0.296875172264241,0.119009687980427,-2.8939202000957,0.387286083880997,-0.0281461500160729,2.28907806504521
0.296183455383943,-0.167900547874431,-5.09046341410303,0.296990455496708,0.119297089225163,-2.84337191319919,0.387259289426901,-0.0278959191168599,2.34672184616054
0.296011507729633,-0.165249648136588,-5.15605902767291,0.297120985838625,0.119577181369659,-2.81949408392943,0.387229439438506,-0.0275971436330592,2.37536178545594
0.296000775208954,-0.162725247695487,-5.13845543078474,0.297238264613122,0.119831923544667,-2.87278913156778,0.387195308484369,-0.0272473134021813,2.49722881344299
0.295844781310904,-0.160336960540648,-5.25898056315923,0.29736376374777,0.120045511058467,-2.96212137630217,0.387169026001765,-0.0268457298341783,2.51025617345634
0.295834203771422,-0.158054796850658,-5.37294010497297,0.297497667013786,0.120205943256077,-3.07004079591688,0.387127156920304,-0.0263943835417507,2.6068799637713
0.295504212726904,-0.155821359514944,-5.48207042252513,0.297664714359409,0.120309381104743,-3.08831492060391,0.387105399768904,-0.0258983306071109,2.58168843486636
0.295341827309247,-0.153581201077246,-5.49606482682455,0.297784622520204,0.120364139083869,-3.10982812794082,0.387078127632946,-0.0253649156348298,2.5846736239962
0.295189968422842,-0.151299119941978,-5.48075417596298,0.297910074588834,0.120389372916037,-3.10797291512738,0.387053082237332,-0.0248024518230272,2.66366841055473
0.295040262126474,-0.148954849519809,-5.50997079172902,0.298032548096956,0.120410134624991,-3.15832775960941,0.387025585814385,-0.0242196657154846,2.85427681075643
0.294899239835624,-0.146532523049238,-5.5534319403798,0.298156008315043,0.120453889502129,-3.17122958330769,0.387004136747253,-0.0236256782638696,2.8463185573468
0.294691969623813,-0.144020958805837,-5.55741848638109,0.29827106179743,0.120548759740037,-3.15904019258274,0.386981003257921,-0.0230296251148119,2.93291732545373
0.294547736577682,-0.14141991235814,-5.5001774959114,0.29837702683774,0.120719319725359,-3.24525075771354,0.386963008550254,-0.0224395492768182,2.92573479164845
0.294394413874434,-0.138741899568244,-5.52550831540157,0.298394630699652,0.120976836740228,-3.30210518326,0.386962308664083,-0.021861013957195,2.9224616289444
0.294258410451168,-0.136008020347671,-5.52391419889291,0.298521687888939,0.121310273884718,-3.27377275639425,0.386904066865663,-0.021297643838598,2.92132006102522
0.294119643174237,-0.133243343081867,-5.51681812090957,0.298653618044865,0.121690308504615,-3.28091784149229,0.386902148570378,-0.0207536331614329,2.96870436732829
0.293989442161464,-0.130474517191698,-5.50825638875494,0.2988216661875,0.122085171986306,-3.29648347616629,0.386884776258511,-0.0202340594010121,2.98474530200962
0.293864813293346,-0.12772606670556,-5.55308619021895,0.298952727577182,0.122473381599743,-3.27004778674307,0.386866853136658,-0.0197426017690668,3.00495001689952
0.293858062155812,-0.125012785256943,-5.53117301476304,0.299075305646818,0.122845064161362,-3.31714212449154,0.386849671671901,-0.0192805769696479,3.14003115262893
0.29360171746901,-0.122336642640195,-5.5640650461219,0.299196467821507,0.123196483083912,-3.35665574477029,0.386831590706095,-0.0188476743241319,3.05586022423489
0.293567757565504,-0.119693134946049,-5.48215112153164,0.299320892477049,0.123525444499553,-3.30181694029142,0.386814426894347,-0.0184426082759728,3.10696698990962
0.293458348849974,-0.117074292847983,-5.52140218727732,0.299449155597613,0.123830143201838,-3.31159329411393,0.386793236761282,-0.018063662964762,3.1428917340112
0.293332189652753,-0.114465242346387,-5.54554628927743,0.299570210053182,0.124109367761074,-3.23507514556409,0.386774327577473,-0.0177093717257633,3.14886057931826
0.293214530546396,-0.11184619128237,-5.48180859525579,0.299693052265447,0.124362272863645,-3.28682679303644,0.386756426603555,-0.0173791385585785,3.30740730898586
0.293094512198246,-0.109198587561762,-5.71707322954162,0.299823623598925,0.124588471257194,-3.27615498134431,0.386727002920926,-0.0170740098574347,3.39134968502296
0.292986414812181,-0.106507702643613,-5.8335748691869,0.299961018612935,0.124790296009292,-3.38472638154377,0.386712630130384,-0.0167973854417318,3.42038316057323
0.292865927633797,-0.103762799575529,-5.9560861960926,0.300127355679988,0.124977495561737,-3.34199455527329,0.386694252233557,-0.0165546790731164,3.43022374383177
0.292762221084448,-0.100957383708055,-5.95721670079816,0.30025376578776,0.125170859592332,-3.3368345434785,0.38668070391181,-0.0163520560164687,3.40255190862648
0.292655805506514,-0.0980889584065529,-5.948814119888,0.300377360252725,0.125400643989238,-3.42072992949049,0.386663734880703,-0.016195489158602,3.39822899567999
0.292562457342636,-0.0951584178260713,-6.05116239894807,0.30050724718259,0.125701338359535,-3.46570870655054,0.38664876797822,-0.0160902351982284,3.65453338260456
0.292434553630923,-0.0921710888370685,-6.2899067670278,0.300615451803549,0.126105101402666,-3.50330673878275,0.386648372407351,-0.0160397409759074,3.66795346845436
0.292341787373604,-0.089139261928396,-6.36186465802228,0.300633665849716,0.126631072743499,-3.46306883037292,0.386631105199893,-0.0160443641547249,3.6904052923357
0.292246729008833,-0.0860827034659469,-6.37340943064071,0.300762670353394,0.127274998304252,-3.54826085138808,0.38661474286699,-0.0161015802394002,3.66206151235273
0.292163376537662,-0.0830260595522731,-6.47712806563303,0.300898174209694,0.128011668649469,-3.55356684656534,0.38660108690891,-0.0162074054485038,3.56712102974508
0.292084797409573,-0.0799943213139775,-6.68262345055147,0.30103918203119,0.128808533174498,-3.54403215638965,0.38658442221833,-0.0163574755985405,3.58073801499611
0.292080904235573,-0.0770068453887982,-6.83535658068589,0.301181353508958,0.129637034718273,-3.56395493818199,0.386558463254787,-0.0165479975995398,3.56689939831907
0.291924252788636,-0.0740746947834816,-6.99273039419353,0.301347668198303,0.130477790957169,-3.537202854263,0.386541425901606,-0.01677689707185,3.59047851184777
0.291915896497537,-0.0712037529147082,-7.07057325173072,0.301478466093488,0.131322097088816,-3.50619170741316,0.386523803907957,-0.01704405243697,3.51964084688656
0.291844293928651,-0.0683960716713948,-7.12469619844627,0.301604300969048,0.132169175815442,-3.54291347221981,0.386506901733929,-0.0173504096269022,3.46722028527095
0.29177880739006,-0.0656481432721057,-7.15977216826021,0.301740763705994,0.133021097902911,-3.59901174688677,0.386491340596451,-0.0176970888661832,3.27275081422962
0.291703287344466,-0.0629529349853563,-7.15134492086262,0.301869206048397,0.133879889046797,-3.6265550515969,0.386470410445939,-0.0180851069060148,3.30912867098163
0.291644346304089,-0.060303876399788,-7.13680519759002,0.302010855530915,0.134747394192529,-3.53570449747423,0.386454377716395,-0.0185154325311066,3.29617012956702
0.291589800389596,-0.0576954781501568,-7.13049606680795,0.302140947099996,0.135626117391351,-3.50859849121757,0.386437119465094,-0.018988858664582,3.31886228572415
0.291534585937538,-0.0551218867662241,-7.19933311865544,0.302300079271341,0.136522045966581,-3.50320161365243,0.386417515177019,-0.0195060730965089,3.33844428360416
0.291477221672148,-0.0525766134085491,-7.25046977353193,0.302502021861641,0.137451105741691,-3.53020023666037,0.38638095573474,-0.0200690727907757,3.26543857438893
0.291418183200822,-0.0500539330525059,-7.28521849422952,0.302621813443078,0.138442028964178,-3.51816851452862,0.386356877308013,-0.0206832783875126,3.25558967064743
0.2913666601664,-0.0475503686832135,-7.36376059597428,0.302656869369018,0.139526294973231,-3.52903523699343,0.386337818409532,-0.0213579086872551,3.26546420362021
0.29131891299035,-0.045065003387092,-7.43261752982688,0.302881134047768,0.140724410232173,-3.57769384606417,0.38631373337836,-0.022103941737922,3.26852599677699
0.291269803051341,-0.0425990137692758,-7.41738360829156,0.30290208344084,0.142041070007785,-3.54284895928145,0.386313387301002,-0.0229309117131551,3.27304168500616
0.29122956774858,-0.040155291082073,-7.48580839510149,0.303045612906275,0.143463855174221,-3.57469322408706,0.386294186074074,-0.0238435819016902,3.36448793796003
0.291184189784501,-0.0377383792335032,-7.56071186664094,0.303193612332706,0.144964017931151,-3.59329432439818,0.386293974103553,-0.0248399446174269,3.35380643187962
0.291145108854163,-0.0353546012825724,-7.61650466177735,0.303348201978235,0.146504886019669,-3.60489862284309,0.386247819740556,-0.0259124689726209,3.38124177756233
0.291111792847997,-0.0330113229603429,-7.6630437678991,0.303509911330413,0.148052525122329,-3.68047353272657,0.386222144551376,-0.0270520578415011,3.32220933902547
0.291110732709161,-0.0307138812990008,-7.71387213683323,0.303719113215278,0.149583788984835,-3.64448523780169,0.386196091416547,-0.0282511278402787,3.1675750270706
0.291080894166073,-0.0284621342048541,-7.78516309338379,0.303877262550824,0.151091474437416,-3.63314818340711,0.386155726226063,-0.0295042432922195,3.2085364693521
0.291043176742873,-0.0262510477106295,-7.76727825707482,0.304025030374679,0.152582710487587,-3.53631602589656,0.38612723593017,-0.0308080620652837,3.12539140639042
0.291017862805366,-0.0240747329663372,-7.79333893421793,0.304183021451975,0.154072079160116,-3.54998436477241,0.38609435805757,-0.0321610992208573,3.11472248270042
0.290991737319212,-0.0219289835027373,-7.75989043202641,0.304349385451308,0.155577335459109,-3.52248494859913,0.386061475638369,-0.033562939170593,3.09228057430409
0.290974634319062,-0.0198109028733322,-7.80108523596353,0.304508060654976,0.157119133100282,-3.48958481610723,0.38602505493091,-0.0350137348453276,3.02045459316449
0.290953793719483,-0.0177178878195032,-7.75193227444081,0.304655823755819,0.158720279803951,-3.56803612597082,0.38598800360761,-0.0365142457954494,2.90274784445809
0.290937113847819,-0.0156473505106631,-7.69214666512165,0.304820246440318,0.160403954039389,-3.56302351155685,0.385952749101502,-0.0380657227694721,2.8953656131949
0.290920736325905,-0.0135969185790203,-7.68183065027061,0.304992028879757,0.162194630435503,-3.53789927306733,0.385914189474024,-0.0396698415871607,2.83320952095821
0.290910904427655,-0.0115644904788838,-7.6835965945697,0.305199460481295,0.164119892254607,-3.4987246629644,0.385853600436542,-0.0413291347980922,2.81392558533343
0.290896788268415,-0.00954831538199037,-7.76093632702286,0.305199460481295,0.166200185281139,-3.51159736131182,0.385852755264411,-0.0430467958243984,2.84958930053191
0.290880029928829,-0.00754764310681577,-7.8323163518019,0.305257729237799,0.168426117555271,-3.56523359540656,0.385757020849889,-0.0448259952411735,2.83735180581299
0.290879379543154,-0.00556306684254807,-7.90029709835481,0.30556753003136,0.170753818551705,-3.5902263981752,0.385755812540861,-0.0466693562182281,2.7997412708425
0.29088108581991,-0.003595326540085,-7.94005850811349,0.30575017418299,0.173131444932502,-3.52437739414932,0.385719210391339,-0.0485763463161221,2.75848395527165
0.290877621186329,-0.00164374072000946,-7.97657032758187,0.305924446292532,0.175522258180042,-3.57412720424848,0.385665515207656,-0.050540362925259,2.68884544602094
0.290878108758197,0.000293962983298923,-7.94042284135167,0.306089668276712,0.177901871040637,-3.53544253559728,0.385613629730579,-0.0525503354522694,2.68539792348895
0.290880892975654,0.00222092014376146,-7.90602817394075,0.306271444739313,0.180247754252458,-3.49072959402664,0.385555378870323,-0.0545945819843166,2.8342491862836
0.290881041052736,0.00414043142400605,-7.99671152529323,0.306457995088317,0.182536266069854,-3.45372564392551,0.385500501649789,-0.0566624152313003,2.79592942580399
0.290881041052736,0.00605522502209541,-8.00383915769201,0.306635577611866,0.184744044204208,-3.50027174323982,0.385447317726206,-0.0587442696574881,2.81842020589451
0.290893851080026,0.00796711407206979,-8.05582459708866,0.306845593885433,0.186851592131066,-3.46633830393427,0.385351756648478,-0.0608334794948204,2.71298924724511
0.290898625096257,0.00987736028348577,-8.0602723680638,0.307121480916933,0.188851807681246,-3.45348713364741,0.385288718969818,-0.0629294483361121,2.62135048979702
0.29090810363104,0.0117869281712273,-8.02175107919274,0.307307886270879,0.190758419879833,-3.46171743383683,0.385227647974343,-0.0650380031054604,2.60778170223716
0.29092415025491,0.0136962220728016,-7.99398873388171,0.307505883101594,0.192604269265132,-3.48360701281475,0.385158142390948,-0.0671683321605034,2.58531847780472
0.29092420261687,0.0156046145731161,-8.010579910304,0.307703405800261,0.194431880940107,-3.43418415762176,0.38508856210025,-0.0693306813484375,2.62393463519931
0.290955398401511,0.0175105256824228,-7.98724000778143,0.307890498572103,0.196286125364361,-3.34848834808452,0.385016284560629,-0.0715360999110035,2.55905671408284
0.290974867343959,0.0194127102992851,-7.99961558049472,0.308077240158459,0.198210646127859,-3.37895053254372,0.384945141593629,-0.0737965009602349,2.4671083943127
0.290992096100873,0.0213114695005655,-7.98666713919711,0.308279274325716,0.200245769260564,-3.30377447040483,0.384863726857467,-0.0761246907518947,2.37293467552976
0.291023880228428,0.0232085869375245,-7.95261608720141,0.30845447672191,0.202423836317046,-3.31846420444034,0.384785815748043,-0.0785332068778358,2.35440258221643
0.291040393811666,0.0251067329649109,-7.99403111308123,0.308485978859396,0.204755456323675,-3.22710566438972,0.384783349834684,-0.0810293324505344,2.28530986952294
0.291067323539047,0.0270087826443975,-7.97032523733565,0.30871247861128,0.207217132288205,-3.19504812377524,0.384653584999227,-0.0836092371564102,2.37514311420199
0.291097448227223,0.028917495806945,-7.98384003846975,0.30901800354231,0.209763033874588,-3.22688841445946,0.384649304366854,-0.086257080621232,2.35411778550639
0.291133712912926,0.0308359684670953,-8.06112191270573,0.309222272273808,0.212352261624365,-3.14294010572542,0.384495822846066,-0.0889495754283779,2.37883028500855
0.29114940709656,0.032768007452737,-8.05938008459293,0.309437324411064,0.214959812138774,-3.14385730487043,0.384405577474379,-0.0916636619067901,2.44644903002588
0.291218452842079,0.0347185729186951,-8.10322414959866,0.309641940700747,0.217568397015446,-3.1041373455489,0.384312901967054,-0.0943821836990858,2.45635101636284
0.291223176329287,0.0366932693791866,-8.07102189606237,0.309869295133522,0.220160734527673,-3.11707014369665,0.384210228981673,-0.0970932474109457,2.40321130861837
0.291223176329287,0.0386941195365455,-8.14529727793855,0.310088048669804,0.222718746830174,-3.07391490744402,0.384116810418955,-0.099786865875498,2.37156933944292
0.291295399374192,0.0407161248841049,-8.13265419081817,0.310315469297985,0.225224988992323,-3.07151336340613,0.384022609243951,-0.102453869021485,2.46216294631791
0.291334695002573,0.0427507545182933,-8.15061015397217,0.310556742719515,0.227666279128103,-3.08593453707408,0.383858851330766,-0.105089466335166,2.45289537972126
0.291377720220297,0.0447909318197635,-8.20300689549534,0.310895661031172,0.230043470600633,-3.04465794193137,0.383738806774024,-0.107699685764851,2.36343673689831
0.29142161763078,0.0468312387043651,-8.19217625715554,0.311130862430679,0.232382170437724,-3.0090032567743,0.383646369501442,-0.110302309337706,2.33290013757209
0.291472383684992,0.0488662281284849,-8.18953675519403,0.3113718516617,0.23473209235177,-2.84435919935336,0.383535776491395,-0.112920201074386,2.20780937335703
0.291512428102204,0.0508902531103167,-8.19422452149568,0.311609441928702,0.237155250078012,-2.9956599499529,0.383415344223879,-0.115575904966119,2.15869558200473
0.291599240897481,0.0528994146284957,-8.19672458088877,0.311801361472897,0.239709452890968,-2.941992298631,0.383298554887017,-0.118289340217401,2.12972349383024
0.291649229668376,0.054894520907456,-8.18488944005136,0.311834452384559,0.242424607515239,-2.90528114336541,0.383297771004966,-0.121069936711215,2.14421003435361
0.291706637631168,0.056881614101216,-8.16180068086959,0.312070182173478,0.245281471411446,-2.90074967212424,0.38316679256438,-0.123905510523944,2.14762792819184
0.291766009176446,0.058869559915329,-8.14526727415767,0.312323482967339,0.248216120281349,-2.85187645095088,0.383050623503683,-0.12676352541205,2.11195581431868
0.291824771488307,0.0608680851863577,-8.17941188634611,0.312602058949944,0.251148435623666,-2.81400779259866,0.382839374358044,-0.129607808595527,2.01760670484512
0.291891526559181,0.0628876726475873,-8.18287829145606,0.312967503543843,0.254011146893249,-2.76251013683608,0.382712050844723,-0.132414785778264,2.08032551551711
0.291962786159237,0.0649405185451467,-8.20035750061085,0.313222449853872,0.256764544322504,-2.74582103584906,0.382565520722582,-0.13517617860581,2.15003535687746
0.292034494380437,0.0670404621515486,-8.27722871637928,0.313477732255821,0.259393126007031,-2.74897964150394,0.38245145025386,-0.137891136522692,2.17316473130373
0.292041216489204,0.0691980962086798,-8.24622568870369,0.313739858968231,0.261892017883231,-2.79999246112065,0.382308978877334,-0.140558483682327,2.24979382874871
0.292094989880646,0.0714131837981195,-8.28769831554654,0.313989665525634,0.264256760358431,-2.64186934017998,0.382167271921482,-0.143174702417729,2.26994766284016
0.292200405171771,0.0736742938367754,-8.35894627897994,0.314246477926621,0.266479373215594,-2.55333318643173,0.382011530054706,-0.145736068439261,2.23272292925179
0.292270249536862,0.0759668131120224,-8.37357101870032,0.314506583501613,0.268547085238722,-2.54655471770773,0.381862623547527,-0.14824106155073,2.13573489559299
0.29234388742032,0.0782782837401485,-8.29031487313223,0.314778124720079,0.270443433482798,-2.52312120883533,0.381712453528663,-0.150690714975519,2.14431845983732
0.292417955398278,0.0805971118567528,-8.27109553782722,0.315072481169846,0.272154323994485,-2.51092918412151,0.381565024688844,-0.153089077792007,2.10079925686703
0.292508228059567,0.0829110308806644,-8.26817988516174,0.315464629216793,0.27368136512104,-2.43403568129079,0.381313297299392,-0.155449563661076,2.23679064757933
0.292595121293675,0.0852081422367636,-8.39561694983885,0.31575739758597,0.275055314209666,-2.34303589687642,0.381138714222559,-0.157802197509661,2.319263398844
0.292677429123972,0.0874777964255252,-8.37817390178619,0.316036311374041,0.27633610634382,-2.1281073103265,0.381138714222559,-0.160183205539668,2.40226289903376
0.292768254969213,0.0897100603874082,-8.39855004164552,0.31632572260799,0.277600136698639,-2.1458178821002,0.380991583614179,-0.162609541124462,2.34313204847959
0.292860254987991,0.0918952933729819,-8.31241028660815,0.316565136419333,0.278923270276155,-1.9905556775325,0.380833753110031,-0.165067981204389,2.25409986416854
0.292958109458361,0.0940255918151343,-8.30508591169705,0.316643675119378,0.280361275644909,-2.06096655502634,0.380665445000532,-0.167526670828268,2.2202777056949
0.293102679487687,0.0960992255445296,-8.374816078686,0.317111862943128,0.28193862956364,-1.98819358800361,0.38049849120389,-0.169948396234062,2.3039924056185
0.293206453599989,0.0981256220875278,-8.32227972814628,0.317161485438833,0.283651367231663,-1.9690916449439,0.380327489146328,-0.172294951463781,2.41795744825738
0.29330210498596,0.100125295039428,-8.28977401549757,0.31745068310857,0.285467631389808,-1.90722146351557,0.38016286542019,-0.174529245611398,2.37002074047755
0.293411500177702,0.102124918517785,-8.34642813168521,0.317764577923212,0.287330729775039,-1.88868597831958,0.379869637040263,-0.176623744172084,2.50391213663693
0.293510321484996,0.104153300141791,-8.32051156397141,0.318171209239006,0.289183177687719,-1.84704962823622,0.379685270793319,-0.178571534844952,2.37730509574665
0.293617542388511,0.106238058178457,-8.24238020349121,0.318485229222274,0.290993794218747,-1.88777736358457,0.379549797280788,-0.180384620141622,2.35718528530512
0.293623695244615,0.108397198193135,-8.18639204111284,0.318779957200961,0.292761989302919,-1.88655167428722,0.379361539442716,-0.182079825386955,2.50275076186943
0.293722553237544,0.11062855245345,-8.27820946858489,0.319089107638362,0.294505625655544,-1.85497022022381,0.37916843184447,-0.183670932236885,2.62210345956617
0.293840143843911,0.112910036160825,-8.28314921335998,0.319381940014144,0.296250288291365,-1.80793492815411,0.378974595811249,-0.185171905562317,2.71580476894959
0.293998692225199,0.115213234264436,-8.33232241778871,0.319672837626728,0.298023862652064,-1.81331430635655,0.378784723824711,-0.186600635633336,2.75728386167477
0.294114381875778,0.117516381393343,-8.3161137358489,0.319954985418488,0.29985250092803,-1.77553146644871,0.378599613499753,-0.187978414613302,2.78836304876979
0.294234235147643,0.119806554161847,-8.3021017072964,0.320256579188114,0.301758646062013,-1.71990062191086,0.378414346251609,-0.189327956926607,2.76670046257188
0.294353556514006,0.12207530603302,-8.30903437661082,0.320589115586911,0.303765723649147,-1.69208782645954,0.378208241969307,-0.190672868478193,2.82058398367253
0.294484894684988,0.124315695075415,-8.34523174620006,0.320989445982249,0.305905491165483,-1.72405558812456,0.378024402326442,-0.192034785720856,2.91109159529697
0.294611366928643,0.126522212782615,-8.32988438197621,0.321037110626047,0.308208939685781,-1.70491982788483,0.378016991745881,-0.193420666106885,3.11742212114236
0.294738138603331,0.128690989759746,-8.30700083751022,0.321362674468046,0.310679990401284,-1.6797115652093,0.37772838222204,-0.194811579487772,3.21638953212465
0.294872727558845,0.130819475573756,-8.38809962062696,0.321670998137496,0.313285374963226,-1.6638165853048,0.377503814193799,-0.196173184971417,3.20869243625923
0.295008199348666,0.132907702411309,-8.36036532508983,0.321989483867764,0.315971265906485,-1.62365788246346,0.377326019398838,-0.197475252832209,3.23246343405896
0.295205640609446,0.134963460507018,-8.36533030361945,0.322291633684852,0.318679126199281,-1.62599888404558,0.377119833695392,-0.198695666066566,3.2077586979779
0.295347523142318,0.137008479930754,-8.37021872101604,0.322618204517258,0.321348576666846,-1.55431845189117,0.376925321384505,-0.199814779479638,3.28244995721606
0.295488511469765,0.139075948589469,-8.26357157155346,0.322927208859694,0.323916544316717,-1.50240437514052,0.376702373957487,-0.200814323684302,3.25925944159563
0.295494370664435,0.141196300661531,-8.2666127920723,0.323250909876836,0.326317615775663,-1.4994700781854,0.376509268177713,-0.201679053328747,3.28221841776047
0.295754759288381,0.143385332615755,-8.24413268873207,0.323606938633173,0.328489644220561,-1.46546640671618,0.376308306866325,-0.202395946992734,3.39611826183167
0.295765660481546,0.145643574636929,-8.27428633371439,0.324097690367537,0.330389917035253,-1.39091295905465,0.376112551910609,-0.202952006638057,3.47999853178669
0.29592536035659,0.147956922986073,-8.37079578379266,0.3244266977288,0.332011607561364,-1.44586571672968,0.375888663748022,-0.203335950996329,3.36370907097418
0.296070210847043,0.150296397995964,-8.29520836521899,0.324764498270907,0.333381687156564,-1.36411118465383,0.375600146786542,-0.203547079887903,3.46526460986755
0.296218099479103,0.152625260219654,-8.27576969391834,0.325104060993947,0.334544422131766,-1.32410731146907,0.375393744230939,-0.203604468224358,3.49521154975724
0.296448759521567,0.154911159926086,-8.31620913657384,0.325450358849656,0.33555016492826,-1.32618800170169,0.375194630449465,-0.203545890925833,3.55968263288239
0.296596830101666,0.157134981298459,-8.3073080151101,0.325791631142159,0.336452562935921,-1.29569007332909,0.374968662023747,-0.203420353266414,3.67913101665498
0.296760278474312,0.159290802644904,-8.34516879130442,0.326083337954435,0.337304850159361,-1.29421940813406,0.37472118450985,-0.203285408763925,3.73339634634853
0.296915445693921,0.161379087964205,-8.32069887030452,0.326427889133071,0.338153646252131,-1.20342234872873,0.374571883890329,-0.20320196099199,3.83313293306323
0.297083365793416,0.163401657001867,-8.33403445960113,0.326725146583631,0.339030878571081,-1.21706988083737,0.374570869664387,-0.203211695420635,3.79312735482595
0.297253500248865,0.165361147641661,-8.40253468928594,0.326851370646002,0.339945012039468,-1.18608272120651,0.374368612258284,-0.203311395428656,3.87561173164988
0.297412373432151,0.167261363956006,-8.36029075900697,0.327600569801953,0.340889083307814,-1.20335611915386,0.374183316431557,-0.203455329939937,4.03692004070878
0.297586817805065,0.169106836569986,-8.45422794814372,0.327650557512415,0.341862104880366,-1.22598100463824,0.373848671273978,-0.20358590822171,4.08939631454392
0.297758237309069,0.170904424891664,-8.43846417804404,0.328005805006439,0.342865617469727,-1.18827408529196,0.373663404420551,-0.203661760814623,4.04072338601524
0.298022265295817,0.17267103485468,-8.43392475498904,0.328350037257999,0.343882954852829,-1.05380429584556,0.373445434470281,-0.203662737438945,3.95466257826531
0.298213391147135,0.174443419644197,-8.40295581788512,0.328695202971839,0.344880402590645,-1.11050338997503,0.373243054715082,-0.20358036986915,3.99930176839155
0.29837532829347,0.176275134943747,-8.34638763725282,0.329058591004671,0.345821954513772,-1.15757163824567,0.373020848016857,-0.203411185618575,4.08384694636499
0.298384087073715,0.178213074920114,-8.40451533234044,0.329405908280185,0.346675719088533,-1.10383486647167,0.3728200426401,-0.203156088274405,4.09640688408298
0.298553959753339,0.180271770695331,-8.3757242065706,0.329757161222136,0.347413443071102,-0.985215065821852,0.372603731435929,-0.202820351149491,4.06836083421587
0.298733311498279,0.182430607725285,-8.46021027872842,0.330078354356194,0.348007969016825,-0.924131177800883,0.372409688092022,-0.202412434350377,4.09381035888475
0.2989219393105,0.184650907891644,-8.49465982457405,0.330473473942232,0.348436115243426,-0.935742652354258,0.372198643182483,-0.201942534024904,4.10837279115641
0.299109421341479,0.186890670958775,-8.44371781746453,0.330995646999777,0.348695986805873,-0.936248270714675,0.372004045945487,-0.201424022468062,4.22160249344435
0.299299665415321,0.189109052125441,-8.4959385417658,0.331361400122835,0.348827336224315,-0.936478097407674,0.371668488836215,-0.200882733125666,4.33089183025816
0.299490091560508,0.191268368369934,-8.41441289298626,0.331720946733881,0.348910308819388,-0.849311228795125,0.371478207272351,-0.200368572110779,4.31602852489911
0.299783200381421,0.193341383589027,-8.4494174134451,0.332009160979822,0.34903723428478,-0.869118141586579,0.371280249509621,-0.199950740758003,4.26875896337217
0.299980086608533,0.195320620341899,-8.50245270740276,0.3321060122885,0.349276736995758,-0.943467116825803,0.371277863023061,-0.199689871922475,4.39473614940711
0.300170882410465,0.197217693247085,-8.55972848316548,0.332723219847515,0.349658742292102,-0.94190088791186,0.37107793372226,-0.199606128019111,4.42914723071192
0.300355322163889,0.19905220278513,-8.61950434027374,0.33277654862195,0.350182196799564,-0.924867420591375,0.371076885058748,-0.199666195367784,4.50378085880097
0.300565602475808,0.200843284693223,-8.60833643330246,0.333132830467563,0.350814992787682,-0.873529960930272,0.370680298885273,-0.199798443667819,4.55481219087131
0.300770042259646,0.20260931229912,-8.63932242126163,0.333445983236763,0.35148713852058,-0.797506933909546,0.370490750637938,-0.199926468081848,4.52675694618528
0.300979006649951,0.204370602660169,-8.61276037135474,0.333833809110806,0.352106099472992,-0.692924694250008,0.370275309482535,-0.199991900483745,4.53159555060278
0.301201905246492,0.206147575046891,-8.57425069410734,0.334367975497589,0.352591214992055,-0.756403629520205,0.370085247372558,-0.199953681686718,4.55558068124241
0.301206280053525,0.207951850450868,-8.55269363240076,0.334718373397044,0.352899885371189,-0.800463294646851,0.369770424576314,-0.199785432838443,4.54806181468552
0.301714729254486,0.209785077098672,-8.61423082838269,0.335073888394649,0.353026991881039,-0.776156696397,0.36958049104405,-0.199481403976157,4.49810587589424
0.30172773976006,0.211650194043553,-8.67470628269949,0.335432467959631,0.352986006050789,-0.715735092310051,0.369373885157348,-0.199056288400854,4.54032809213617
0.301933206467853,0.213550041576407,-8.61895220954367,0.335780834668374,0.352794708595984,-0.720696353589781,0.369163506080146,-0.198536386332809,4.58401311652995
0.302154987197485,0.215473468324054,-8.59656669205794,0.336130723311758,0.35247121358499,-0.656343006942566,0.368958404396733,-0.19795370026857,4.51421664389701
0.302358629554661,0.217395239211237,-8.48250399166325,0.336494370253714,0.35203377299712,-0.569235903340332,0.368752693320545,-0.197344860188805,4.57375660402476
0.302594199127837,0.219285724689695,-8.51471718171369,0.336839674381625,0.351502154874932,-0.624913201236995,0.368565616305059,-0.196749645876862,4.5916946087387
0.302787805186547,0.221114311464019,-8.53473483858635,0.337233676925697,0.350903554970209,-0.623110490673302,0.368369322651284,-0.196204575882291,4.57520490028823
0.30301814694625,0.222848394686282,-8.55584924512137,0.337727143865554,0.350286946087304,-0.57593362274156,0.368369322651284,-0.195732069535944,4.65053224077696
0.303247017153724,0.224456109423751,-8.54717227058356,0.338080912457002,0.349736038903984,-0.507787789797985,0.367874925489824,-0.195341213468134,4.65381753549766
0.30359441738142,0.225917968430176,-8.57064685708185,0.338386811137921,0.349356891808895,-0.494755349635376,0.367866305954507,-0.195042345268445,4.55244808937533
0.303836105408893,0.22724074448576,-8.55291444871326,0.338444925137375,0.349233549702693,-0.42067653571509,0.367691972041048,-0.194846539715986,4.487240285175
0.304068913432367,0.228458439780531,-8.58798170949111,0.338743024451012,0.349379783875998,-0.459448707055227,0.367499279927139,-0.194749850443264,4.55378558547516
0.304285989741637,0.229619333802833,-8.58263764113967,0.33887005296506,0.349723640384164,-0.379013917555319,0.367304349372134,-0.19473191343228,4.61047485796418
0.304504112697632,0.230773306885748,-8.61183992578334,0.339500215808073,0.350138835887021,-0.363901997933069,0.367105978250095,-0.194766743819269,4.70742463312067
0.304752031804664,0.231968208958044,-8.58836125240054,0.339852632680102,0.350499687148788,-0.235771481341129,0.366914124156045,-0.194828078252513,4.74139053262318
0.304996572999815,0.233252944169899,-8.60101373783039,0.340193607147981,0.350711597112866,-0.0938377426070849,0.366726458694962,-0.194889047841982,4.6980879005029
0.305235616895876,0.234676751757634,-8.66086623812176,0.340553874851077,0.350705241203883,-0.0784966518158394,0.36653299151846,-0.194923518858004,4.64331084577304
0.305249992259921,0.236273685072877,-8.69772926734747,0.341071909315825,0.350432689192525,-0.0440245085303173,0.366209490570973,-0.19491521993178,4.60204391049373
0.305559184538639,0.238040498169891,-8.68217451399713,0.341411691532662,0.349878336662413,-0.0934255561910589,0.366045786418058,-0.194868743086141,4.6655492147274
0.305576319189667,0.239929260776612,-8.64140416819376,0.341776009405911,0.349058769766269,-0.112395705211643,0.365839637014889,-0.194808115706485,4.71109541857179
0.306049171138456,0.241864940849545,-8.67153233394258,0.342121458128786,0.348007178783575,-0.0377163986975855,0.365647542646963,-0.194765678490282,4.59157759703486
0.306317080532806,0.243779441902172,-8.6703637207343,0.342460254559733,0.346760292114179,0.0917121300024044,0.365448553352084,-0.194775154035819,4.59919056235213
0.306557387003213,0.24563373736958,-8.65609528647151,0.342802280839157,0.34535334676011,0.101873586570749,0.365261766310878,-0.194870481073984,4.61766886290795
0.306808207853652,0.247410993163191,-8.67165507070466,0.343143680745564,0.343819015336916,0.0299647489473605,0.365056389426154,-0.195085931776759,4.58898808621505
0.307047482680746,0.249100528126355,-8.69198210198519,0.343496972690463,0.342188862469487,0.0197646639978795,0.36485609672244,-0.195453483135967,4.49593739749967
0.307307252209672,0.250691855086994,-8.66187894596397,0.343848326626863,0.34049784242877,0.035367288318636,0.364848116862718,-0.195989103852375,4.35222900054331
0.307563867226809,0.252175686347866,-8.74395642915774,0.344273097285076,0.338788018509468,0.0444268485921586,0.364667008236654,-0.196675485944952,4.27136517032727
0.307828115268306,0.253545981055654,-8.75170408970319,0.34437344155534,0.337103328243495,0.0585272749333718,0.364346550504526,-0.19746842301272,4.291082223871
0.30808552072171,0.254803430151758,-8.75090712347187,0.344995953731786,0.335481527174579,0.0738210723219805,0.364174787644587,-0.198324431057089,4.27477948240889
0.308470492275711,0.255964847246127,-8.74806614727138,0.345041517055842,0.333950239845266,0.118045885205615,0.363956476326128,-0.199215580469235,4.35466978288797
0.308738438728596,0.257075173792017,-8.76063364385152,0.345370085227784,0.332514863352734,0.124339795239256,0.363752871130512,-0.200124569122177,4.22500270571884
0.309015634276755,0.258204050328646,-8.76070973199967,0.345698078143089,0.331147318125416,0.153632190984637,0.363554053011838,-0.20103812908563,4.20180768229777
0.309026888370023,0.259419328651404,-8.79942145135863,0.346046607238351,0.329797374759223,0.264290811466259,0.363361083288973,-0.201944215084414,4.22156209390451
0.30947038502117,0.260762123965201,-8.68061152826469,0.346374852886444,0.328411497492296,0.187432361084837,0.363145684858029,-0.202830652709862,4.34562383586404
0.309513763452061,0.262242298525619,-8.75532451835524,0.346704626874074,0.326939540923195,0.291089936395938,0.362950524252059,-0.2036877098363,4.41267957656783
0.309769598437684,0.263839142116116,-8.71424386087235,0.347049166379064,0.325337759815875,0.323943011771868,0.362618481342264,-0.204517730039878,4.3314175756991
0.310040967798846,0.265502159888986,-8.73121857191309,0.347517082531838,0.323580418440531,0.478638910982813,0.362428303493918,-0.205345920605383,4.34984582604465
0.310304117086418,0.267165638176352,-8.67792020457895,0.347843481451164,0.321673615501424,0.580907085999981,0.362211669237377,-0.206219642950117,4.34264909706159
0.310706451825674,0.268772400311734,-8.69730395902797,0.348177748409338,0.319655111947688,0.664000316498083,0.362008757171158,-0.207197390199321,4.43615322270545
0.310968171530904,0.270290306232521,-8.71418621467214,0.348513611074678,0.317581754469423,0.657800878969655,0.361794689968526,-0.208336767166917,4.55861692131425
0.311245669169695,0.271712028369326,-8.72077456086889,0.348830278019516,0.315519411711827,0.606597737069353,0.361789038437863,-0.209677277702906,4.51799542052778
0.311523357615356,0.273043213681729,-8.68652265909019,0.349144160929635,0.313538068185634,0.645678996769724,0.36157118711137,-0.211221365514873,4.48300099695227
0.311792066790488,0.274293011126481,-8.73460264975767,0.349429080047195,0.311706169625077,0.771683690327933,0.361350875528678,-0.212935323739926,4.43376702037033
0.31206163162202,0.275470562208578,-8.67441559249779,0.349703102244322,0.310078347873472,0.843277248299739,0.361132406097974,-0.214769259927022,4.39255159569449
0.312336315509167,0.276583519571579,-8.739428008178,0.349741227736887,0.308671365636894,0.89756491711551,0.360930703666313,-0.216671707330573,4.396261576855
0.31261281821683,0.277638133383631,-8.73846745009735,0.350078748669589,0.307445672441489,0.997248305620738,0.360688156308559,-0.218594884333184,4.36367029532981
0.312907492859568,0.278643695499455,-8.75541074615784,0.350521472178073,0.306324264666913,0.935832808311856,0.360356192854492,-0.220504459671776,4.37768179522917
0.313314030767659,0.279624658766833,-8.65383522697785,0.350824211698557,0.305235187614529,0.982575549616301,0.360136137427527,-0.222391403477175,4.34107374946689
0.313600602099043,0.280633862255763,-8.69048714022388,0.351146563929424,0.304131356741371,1.03880581058302,0.359894656121867,-0.224271831734727,4.19748904010218
0.313894477026194,0.281747648210214,-8.66317599608153,0.351453883961101,0.302982441965777,0.963221501609209,0.359669989285167,-0.226176459629365,4.14295505226236
0.313917858449408,0.28303365129035,-8.57233929994987,0.351755972728779,0.301764411631641,0.98145251903817,0.359433539358214,-0.228142316144407,4.06228325621509
0.314197131795128,0.284514747116338,-8.60513653502181,0.352052221032341,0.300454989477198,0.99224646967712,0.359203269963835,-0.230209491982482,4.0061089714991
0.31447407849861,0.286163917191654,-8.56875556401941,0.352348236551732,0.299031448758473,0.955661060163402,0.358995004528092,-0.232418566140686,3.95293959435759
0.314765935623503,0.28792740324518,-8.59935727401323,0.352657349911357,0.297472802255968,0.943025603242555,0.358740709084139,-0.234808818050496,3.99220875645792
0.315046812443355,0.289744547395228,-8.60869491800989,0.353074800852877,0.295770584125451,0.978345452023981,0.358503226798807,-0.237415401500544,3.96253345821402
0.315334021123268,0.291552968845864,-8.65472193696578,0.353372544589316,0.293941498667604,0.990326139324005,0.358478831779531,-0.240250342464162,3.92310230565552
0.315631346709219,0.29329169137277,-8.61904451848694,0.353670876635103,0.29202761382838,1.05273615963095,0.358478552257269,-0.243270090737884,3.82056536563403
0.316072541490198,0.294913553260498,-8.55471593678839,0.353970590930279,0.290085275123297,1.01804675421949,0.357874854050565,-0.246378740429272,3.80978294446847
0.316373750895,0.296400611957754,-8.45984533387155,0.354263992699475,0.288175781182092,1.09357545984541,0.357620271881286,-0.249482997964722,3.78353246433543
0.316672317675113,0.29776490413339,-8.41868875050224,0.354512998320262,0.286356083901642,1.1643290012212,0.357370164890707,-0.25253184410144,3.91599381278709
0.316979579255144,0.299034847461965,-8.40786380611002,0.354604053093338,0.284663289733373,1.21072356531537,0.357141372648032,-0.255502600917855,3.84221053985101
0.317279051064318,0.30024397322565,-8.44019220812681,0.355116267290973,0.283107852435654,1.25582280167392,0.356890917629257,-0.258374556436704,3.84681548866445
0.317569720032736,0.301426752437686,-8.34928759933054,0.355163818035307,0.28168038644543,1.26357142723691,0.356626534580573,-0.2611214866975,3.83968669209648
0.317872130730411,0.302616906784068,-8.32055925929117,0.355432090716785,0.280349846843491,1.34154878611076,0.356358891610753,-0.263715245629403,3.69318037734094
0.318192115946498,0.303842543983888,-8.36218768013109,0.355721136935786,0.279059176440418,1.27715264903556,0.356073774700529,-0.266132436249201,3.61705475964748
0.318209875518414,0.305114861827171,-8.34980554455873,0.356124779647156,0.277744964133901,1.29177033839817,0.355699667274061,-0.268364976185946,3.56635863541668
0.318947050689454,0.306429291022874,-8.36190156126159,0.356423995663843,0.276366003168747,1.31872443286504,0.355435718919071,-0.270429507426794,3.46607922699464
0.318982732601041,0.307784286456322,-8.29585739358006,0.35669920122695,0.274910030836956,1.34396274011565,0.355148071356826,-0.272365396062255,3.30570521594424
0.319274646614761,0.309180457196887,-8.35824583568936,0.35697681598243,0.273381557479456,1.43978127982522,0.35489043499296,-0.274223517943611,3.19620234611574
0.319596412404823,0.31060005186138,-8.29977956770682,0.357254170545578,0.271790985390489,1.46755936212718,0.354598509394476,-0.276057959535009,3.04982822904944
0.319900565144924,0.312006030959796,-8.30236219796386,0.357542596037157,0.270152503180825,1.35574732850603,0.354322999589711,-0.277924213987718,2.99415446767756
0.320216027387651,0.313355715377786,-8.32518297898045,0.357820138648865,0.268485926353239,1.31457803581963,0.354050246344102,-0.279879386727048,2.88037340761457
0.320529253970483,0.314606839007136,-8.2511202882699,0.358101235634266,0.266817625665205,1.3660664157821,0.353745780108234,-0.281977306108674,2.7691342663784
0.320871051656606,0.31571930867755,-8.23180813044197,0.358357855687536,0.265178271169232,1.41413382701633,0.353743851030671,-0.284253539721762,2.66639538441447
0.321171732476786,0.316659390571624,-8.20016169030985,0.358584533263444,0.263593580929755,1.43611890078892,0.353188724233514,-0.286714413338713,2.6906652084745
0.321633352227764,0.317409484464308,-8.19692111850203,0.358678303197275,0.262071512270256,1.41976685564357,0.353165914843717,-0.289340247347499,2.73108947990728
0.321960220335916,0.3179803777956,-8.16155174978871,0.35925411397567,0.260605627112245,1.46551078128848,0.352902267842085,-0.292085944583355,2.78993473948278
0.322290644822676,0.318412353479129,-8.11635810314314,0.359291913383107,0.259192295166096,1.39127861910194,0.352461560897377,-0.294884801157475,2.73872356079264
0.322600356396757,0.31876276821957,-8.07554494011401,0.359550666178308,0.257828749208588,1.52860037016815,0.352172833305194,-0.297672448431351,2.62747185037829
0.322933344896909,0.319094490933709,-8.08604861192417,0.359810487982666,0.256497149106898,1.62398611591826,0.351859840842809,-0.300404786987458,2.59285072177073
0.32324633822306,0.319472167666573,-8.05243660600653,0.36008219195475,0.255166430098992,1.68899621001185,0.351567369818959,-0.303051975792954,2.62149506358481
0.323568136276828,0.319961827191648,-7.98361676729336,0.360334714026719,0.253804387842264,1.85023806554991,0.351246145990648,-0.30558886991826,2.56086091639083
0.323904189702372,0.320625667037283,-8.0146180836258,0.360573795998566,0.252380448967395,1.85062498525884,0.350934833663333,-0.307993404622127,2.57228158399742
0.323926522713536,0.321500451108128,-7.94218890890767,0.360828115481619,0.250863167131231,1.86416236033352,0.350625556742022,-0.310246259337647,2.57275130897722
0.324254030119397,0.322569044989453,-7.93852338488597,0.361097375562765,0.249223126995104,1.85532830578019,0.350352863236703,-0.31233025328453,2.56492576439977
0.324564177736422,0.323761556368894,-7.89388285698213,0.361463308863024,0.247444805365201,1.83509817137427,0.349855898535511,-0.314238995849236,2.49611326576383
0.325053675089225,0.324994504072444,-7.87303574805865,0.361699806748107,0.245537957630586,1.79034003031073,0.349550512934363,-0.31599362881199,2.30775555928292
0.325397687957121,0.326209968645379,-7.91300745361864,0.361945471957133,0.243534924737685,1.82705990249685,0.349204618378089,-0.317646942296235,2.25658057340291
0.325714921599278,0.327383294105976,-7.8166040741749,0.362185837161877,0.24147786152601,1.86602343715952,0.348927243563157,-0.319268743687234,2.14154287663259
0.326049064089099,0.328507411001856,-7.83543698551248,0.362430753845351,0.239410491265601,1.9286053376461,0.34858710574555,-0.320930894910335,2.0144985937929
0.326363129838772,0.329578412976268,-7.75999063133623,0.362671463158153,0.23737624816008,2.01555434875927,0.348273074611492,-0.322697133431943,2.00511000003674
0.326709856805058,0.330591252076006,-7.75350418301008,0.362862330630814,0.235412138357942,2.01333457671667,0.348259519413793,-0.324600545684538,1.94041081670292
0.327015831330574,0.33153986659977,-7.66744483577776,0.362930796084995,0.233535315427158,1.92045842261706,0.347928220063783,-0.32661525867067,1.81553341023164
0.327382814656305,0.332418293504207,-7.70580912124303,0.363369946180801,0.231741950861894,1.98780449501483,0.347583854087009,-0.328661576824621,1.85474982706676
0.327699447647818,0.333225295717825,-7.66195301156595,0.363573136460791,0.230025768871344,1.95426434706329,0.347081439398357,-0.330650607922809,2.02137121401628
0.328193533905374,0.333976750545565,-7.65013728860924,0.363632864787651,0.228383558405843,2.05025777487085,0.346759225694737,-0.332523595536191,2.01302242337519
0.328538800760761,0.334720026235373,-7.65537881726768,0.363954375170296,0.226800009586841,2.01400445798283,0.34642083921172,-0.334255616768705,1.98231100711974
0.32886841080313,0.335527788104822,-7.58936657523678,0.364184685027256,0.225247066920338,2.06823757854746,0.346069389272521,-0.335839146317015,1.924857427874
0.328882610369236,0.336463548294588,-7.61150315315831,0.364410396513295,0.223698968204017,2.16834024527912,0.345743597522856,-0.3372725312501,2.00630134417657
0.329510672256651,0.337554642993145,-7.60710848957277,0.364639450220042,0.222137390463961,2.17561587755491,0.345384457322936,-0.338557057255839,2.17222665482918
0.329564834047865,0.338794660446379,-7.53732814667753,0.364862498575324,0.220548114907336,2.16694609518525,0.345069072882371,-0.339695661202642,2.15499367583979
0.329888041690264,0.340146538146792,-7.57570273096744,0.365098658481656,0.218919742453449,2.17283086948169,0.344714531036389,-0.34069158124192,2.11074478064059
0.330255384236558,0.34153989009822,-7.46425200617464,0.365292923523304,0.217242546211987,2.22221552886126,0.344365697589093,-0.3415492611202,2.11095578383585
0.330596444288017,0.342887981402191,-7.50754072520113,0.365502625572222,0.215505373836472,2.2137927813969,0.34399979131971,-0.342277493835883,2.14298717126018
0.331119812014247,0.344119475226808,-7.41948063777258,0.365735908092123,0.21369641766252,2.27262546240791,0.343672481088312,-0.342893461013165,2.29601075161902
0.331480042194791,0.345200782962127,-7.43667325490427,0.366042615082026,0.211813239131724,2.26705992240168,0.343179696335792,-0.343431083822218,2.3553878524647
0.331813158967623,0.346134779806843,-7.35066451955463,0.366255209356704,0.209874165878309,2.21844824141291,0.34285073323835,-0.343951857377561,2.36051969978512
0.332149329534765,0.346941260441009,-7.24282278591397,0.366469262685041,0.20791804134022,2.19618660204367,0.342466022495398,-0.34453945699462,2.32297682467563
0.332503234473116,0.347641189319603,-7.08493536226529,0.366676541918989,0.205994023640918,2.20367483783685,0.342463673722469,-0.345263719366998,2.1944590031793
0.332851573949011,0.348254084110299,-7.03088738615236,0.366860284938027,0.204149279475396,2.25338202885218,0.342117305777128,-0.346138260644377,2.048959378058
0.333208298076309,0.348800334188121,-7.0843898003886,0.366908638385755,0.202415374699653,2.21651417815137,0.34176081930837,-0.347115584815541,2.16687285382796
0.333556833641999,0.349302796333324,-7.03217851346778,0.367253551284508,0.200800663290164,2.18794405677704,0.341418032901954,-0.348118033059627,2.12909495186512
0.33392952134662,0.349791301693361,-7.02434448348245,0.367282025507681,0.199292904529929,2.17390812242412,0.341051362923479,-0.349064709867682,2.15796382120573
0.334442386117145,0.350316790934998,-7.00880651170042,0.367486539114511,0.197860161207947,2.17137790223405,0.340672266592795,-0.349880478505514,2.071883446811
0.334811831441635,0.350961550505316,-6.95509434589715,0.367705091049295,0.19645312012297,2.14708017968923,0.340352007306699,-0.350499927563361,2.06107632961264
0.33483773104728,0.351806956240855,-6.90558626652471,0.367982251384036,0.195021859499425,2.31042077148571,0.339806401916712,-0.35087806363669,2.07108407471585
0.33483773104728,0.352863588098012,-6.79709945468081,0.36817872006335,0.193533747032184,2.23999422554627,0.339446641798515,-0.351005302264885,2.01758089697733
0.335490471168304,0.354046555052112,-6.70398688953299,0.368375670478215,0.191974866701186,2.27594593098958,0.339108140960473,-0.350907811361904,1.95587731624764
0.335891727211915,0.355234637092654,-6.69326101163287,0.368572874959961,0.190341464379943,2.20906211261567,0.338746742208207,-0.350630259993388,1.96265554819638
0.336258831213392,0.356333978886104,-6.66436374553787,0.368770022367562,0.188634329877214,2.13809351328978,0.338391543144923,-0.350222033022313,1.97511563051863
0.336613615508819,0.357283594632821,-6.49558494137192,0.368962123537414,0.186857464836512,2.09676474426377,0.338038924195167,-0.349734782165325,2.04690591775727
0.336972058415641,0.358035008252453,-6.41098703377933,0.369134066740338,0.185016566930085,2.20962276076913,0.337684006740513,-0.349222907711619,2.17388572104368
0.337354397475406,0.358544084211445,-6.30998899702343,0.369322493518583,0.183117173942781,2.29354897943059,0.337333137615297,-0.348736512927636,2.22406855073431
0.337729842235247,0.358776225620146,-5.98289070269708,0.369527053370144,0.181167135126415,2.20061788739424,0.337333137615297,-0.348303589386286,2.19585356982772
0.33825429122467,0.358721135744034,-5.97437104608189,0.369782998232237,0.179185577737531,2.19142535708721,0.336486498350969,-0.347927631965759,2.13606525183063
0.338643021208764,0.358408734547903,-5.88579264061357,0.369968482285337,0.17721081793389,2.13588265424545,0.336472246544643,-0.347608988249097,2.16396870349327
0.33900314343132,0.357908252512785,-5.9143553616164,0.370119150665676,0.175293540503428,2.12534996133865,0.336136611913279,-0.3473453264324,2.20338750917108
0.339335501656501,0.357308711718078,-5.79107628527127,0.370119150665676,0.173469771085602,2.06982982662803,0.335779647282207,-0.347110048994709,2.40303290100108
0.339685358036526,0.356700117419531,-5.77635717499859,0.370180787362151,0.171731777225643,2.09103062808692,0.335437200667553,-0.346853461151258,2.37465089645323
0.340045907507514,0.356167647360612,-5.69554220563946,0.370512217643109,0.17003033692191,2.10775052682017,0.335081942331678,-0.346520081207431,2.21173322036588
0.340413735769032,0.355794421530953,-5.66352158696213,0.370689317125889,0.168309198198743,2.07634692756179,0.334739277950276,-0.346055479146534,2.09616500858712
0.340756968125424,0.355664918797614,-5.58561519525459,0.370851991898405,0.16653002255973,2.04050997243901,0.334397198277376,-0.34540550408587,2.25216249645755
0.341146143438699,0.355860596594788,-5.54764279101647,0.371019670206865,0.164668814315656,2.04934750131981,0.334054926470928,-0.344518424630853,2.38753271323454
0.341168862623552,0.356435709586898,-5.5668266503399,0.371197442742142,0.162707504750457,2.01581511651333,0.333535520575597,-0.343357735560349,2.44962292585222
0.341499826218521,0.357377159584572,-5.46148747879858,0.371424758756724,0.160636943674623,1.97232869805802,0.333201681397776,-0.341919145697512,2.30011389114387
0.34152439848919,0.358583354236541,-5.4410834990084,0.371575944030291,0.158462560722559,2.01929201664419,0.33284110074912,-0.340231613630797,2.26382098240835
0.34237396667677,0.359900284236474,-5.37138386577585,0.371733043273844,0.156202064131472,2.07147835377374,0.332513492924494,-0.338341719369757,2.24921413388527
0.342775664513504,0.361198485226756,-5.40903516815585,0.371884830709531,0.15387780292651,2.16703468038226,0.332178950098577,-0.336299950071062,2.25772542417648
0.343104266649536,0.362414787304085,-5.31340937174935,0.372040056590225,0.151512157569896,2.08287469600602,0.33183428685335,-0.334156944073668,2.29635783747067
0.343467387791445,0.363528316327888,-5.26762018224755,0.372190902729145,0.149127026161786,2.0786166645309,0.331483465449045,-0.331965326603195,2.35740688148614
0.343838401760307,0.364525847876182,-5.24012566976055,0.372328138099344,0.14674340477109,2.05331671368887,0.331164692611843,-0.329775208841567,2.2725213877295
0.344202470922566,0.365393451762364,-5.20030949755512,0.372466256589175,0.144379834231132,2.13316539788071,0.331152544656342,-0.327617122678641,2.25178838321403
0.344590322248394,0.366120340331808,-5.21152328721749,0.37261102319561,0.142052646451719,2.09227319422319,0.330364892425292,-0.325498920948575,2.25880032205287
0.344982603366453,0.366706189071938,-5.20604900900016,0.372805147651044,0.139780684291232,2.09555829735531,0.330340132542427,-0.323426623747696,2.26716685076078
0.345519612558044,0.367176655630753,-5.18026291045857,0.372920290719614,0.137587884482696,2.14738683263992,0.33001777887129,-0.321406748912295,2.20757234743091
0.345909996301236,0.36759932705686,-5.09792303248996,0.372939962572662,0.135492735818575,2.1926163342231,0.329690532519451,-0.319426738224702,2.15945164070383
0.346280492663432,0.368081296312837,-5.13195846637184,0.37307720929762,0.133492475525429,2.12905108511363,0.329392304031394,-0.317453936785518,2.17140124165719
0.346613262023525,0.368741210665221,-5.15492168140302,0.373223911206836,0.131562699872424,2.05372786676562,0.329052938435812,-0.315449547540894,2.20447536519748
0.346629771156867,0.369669336412362,-5.1650143280186,0.373360460732817,0.129671039845946,1.97344032042782,0.328739479053408,-0.313375896241859,2.26270053412783
0.347327513026452,0.370906320543893,-5.11876478816547,0.373482359858738,0.127786341493648,1.95531415340441,0.328424746832345,-0.311197606688672,2.19923603309386
0.347320375763279,0.372441079137737,-5.08289978642946,0.373608405045836,0.125879024861623,1.99790175506533,0.328131965715764,-0.308882657435298,2.10120830878024
0.347316698312709,0.374189364258516,-5.07346016026555,0.373754577739296,0.123921792005558,2.0239895662788,0.327671597029628,-0.306410941371228,2.13199293157797
0.34807325501953,0.375987605477986,-5.06024123219294,0.373922589914328,0.12189509495163,1.89164322233008,0.327377973242473,-0.303788199928115,2.1396384808759
0.348679636949741,0.377665317916261,-5.11035998250977,0.37404566194654,0.119792197728593,1.88675418355481,0.327035420143316,-0.301049512651945,2.24026070689612
0.349071269240166,0.379126735966208,-4.981332555,0.374168637988726,0.117617904305407,1.83106420774191,0.326734539927562,-0.298250111809701,2.19260992955977
0.34943423679593,0.380350409162469,-5.03630206395548,0.374287038898246,0.11538323852645,1.86601190114586,0.326425351794474,-0.295455772820441,2.05284366230293
0.349816227706533,0.381343850500696,-4.76410493716595,0.37440478680198,0.113101651664909,1.94959063136143,0.326151857468404,-0.292736655825941,1.91264584974884
0.350210002815659,0.38211755399769,-4.66658676017433,0.374508260779845,0.110787065410443,1.89363624719048,0.325853729955351,-0.290157361520294,1.89869728597263
0.350549937229729,0.382678828732496,-4.6915070559575,0.37460748748187,0.108452066828728,1.94446089127423,0.325852186916077,-0.28775397756756,1.86000228084871
0.350919582961995,0.383027820949248,-4.66799209697017,0.374733301903791,0.106108623783181,1.92000987868949,0.325539591909823,-0.285509564857505,1.89512158512608
0.351312282046256,0.383155839767048,-4.62747244741061,0.374882661389506,0.103773435571617,1.87552556333556,0.325252509957309,-0.283360173709865,1.88211693829739
0.351683741691897,0.383051909082121,-4.59103151955103,0.37496732831179,0.101470819754578,2.03556537227272,0.324833548255101,-0.281232897823709,1.81300535388769
0.35224376802149,0.382720115939665,-4.56095636323117,0.374985415628408,0.0992239888580113,2.08918462211075,0.324560075283314,-0.27907828645199,1.82221652600756
0.352656444007239,0.382200005809461,-4.5296725365385,0.375090078835146,0.0970422953004485,2.08404238510735,0.324261714468842,-0.276874444046827,1.87922793533276
0.353047621170898,0.381570808846091,-4.5523951056864,0.375192002806182,0.0949203422192198,2.11532383776029,0.32399032830281,-0.274615051737272,1.8351776578046
0.353427614504688,0.380936145483077,-4.50952876871491,0.375289473901908,0.092847304615725,2.05976510203609,0.323705716072997,-0.272299861009273,1.77612695389889
0.353817710455088,0.380408236249077,-4.45811369004685,0.375384469163149,0.0908135384699407,1.98642921850973,0.323437016202631,-0.269931247251076,1.79630440047317
0.354190643900077,0.380094859247624,-4.47492173776556,0.37547394001608,0.0888111445097232,1.93933024818605,0.323182196617091,-0.26751219344476,1.74768381808243
0.354216591222498,0.380069612861369,-4.45015205810516,0.375550339594005,0.0868321395257048,1.92560034720032,0.322900290912347,-0.265045034073101,1.71588760739213
0.354560032443265,0.380334255241412,-4.43711399990671,0.375636560426545,0.084866788100805,1.91771914241443,0.322636276445655,-0.26253209266453,1.72189985616576
0.354945967352438,0.380815003826901,-4.41754069187547,0.375725288117058,0.0829043302134391,1.91945144010474,0.32239266384183,-0.259978243961039,1.6280365810519
0.355296370256687,0.381398807940337,-4.47590064297123,0.375838527576816,0.0809368708114757,1.81661313171942,0.32199901619515,-0.257399168190028,1.6341143248219
0.355874926080969,0.381977400690319,-4.47961805573739,0.375916518356908,0.0789631160423556,1.87417215549895,0.32174418187974,-0.254833811889394,1.54212385267053
0.356312736000509,0.382479034516385,-4.43877184715276,0.375996385981591,0.0769880440663713,1.80249141334426,0.321461098702949,-0.25234807042684,1.49324947650249
0.356669512422134,0.382874939157157,-4.39804797357629,0.376071742154528,0.0750195594741692,1.82019248375003,0.321201504075625,-0.250021900274846,1.38396266638201
0.357046590711435,0.383160117892419,-4.34396159367804,0.376140813548452,0.0730657121012104,1.94470240132384,0.321201504075625,-0.247916400365344,1.39342403372495
0.357449169682399,0.383333758342366,-4.35041769481641,0.37621132005215,0.0711331630917546,1.96974145310969,0.321201504075625,-0.246030380096011,1.40171979322162
0.357798489615351,0.383393057520124,-4.28141310075939,0.376265646866004,0.0692249550005828,2.02029339981624,0.320710789381416,-0.244292428747054,1.33480260021685
0.358189188798404,0.383332158445324,-4.1629006416343,0.37629138212432,0.0673379570985834,2.05211333390624,0.320469345603813,-0.242606893186917,1.35596343774612
0.358580173916682,0.383142652023741,-4.11700823031791,0.376448480353667,0.0654652306895897,2.00407621834668,0.320231786693853,-0.240898410307379,1.30096038269786
0.358968690154097,0.382820297041486,-3.92284056250784,0.376457782967372,0.0636022794043409,2.09219623593433,0.319865196292699,-0.239121068213326,1.34171208473922
0.359541941443298,0.382382195578933,-3.7751658859941,0.376523162467676,0.0617473644546508,2.23007782783167,0.319643324547242,-0.237255648519568,1.41452840236016
0.359948978013051,0.381879501823965,-3.74004863058754,0.376588057306405,0.0598969562782946,2.24327868140122,0.319392858370767,-0.235304856963822,1.3443361994958
0.359974120314242,0.381378647282529,-3.66965171216299,0.376647579239753,0.0580453642590185,2.2677119959344,0.319165620818397,-0.233282401349147,1.21321662096912
0.360743608231606,0.380931132142999,-3.70436805522885,0.376706941117259,0.056187263104103,2.26026289268633,0.318931316758979,-0.231204484099003,1.25343110056925
0.360761371134274,0.380565791565252,-3.51116327218588,0.376765492848113,0.0543186257376401,2.2684404807932,0.3186971634276,-0.229087737487433,1.25294691076639
0.361141201759966,0.380282315299251,-3.27424671073756,0.376819069423265,0.0524365895926268,2.27099658421509,0.318470990110374,-0.226949304843438,1.33327898944252
0.3615084750441,0.38003992091298,-3.12788490315792,0.376868078768652,0.050539068279228,2.26141207447764,0.318248519656605,-0.224806408505115,1.29325237706228
0.361893083293017,0.379768653059337,-2.97977447077269,0.376923863499985,0.0486243840894311,2.33389178642224,0.318028316682061,-0.222677227931014,1.29348113694547
0.362289529667908,0.379391257803781,-2.9895755301564,0.376965988889138,0.046691341935695,2.31387380956342,0.317708636390629,-0.220587931897966,1.24430501341706
0.362651887001244,0.378835480191213,-2.93752262792307,0.377023122447146,0.0447400561520767,2.28988088185444,0.317488262949568,-0.218578373913334,1.22520252832684
0.363224866105681,0.378047914451978,-3.00265946002358,0.37708368037096,0.0427739693548054,2.20075102393223,0.317487757274453,-0.216690467797568,1.26202444631051
0.363601943660505,0.377010973884361,-2.84525248385183,0.377127711592009,0.0408017436484005,2.19495047023067,0.317046809028843,-0.214951848192793,1.25033535001045
0.363982722153293,0.375743590948237,-2.76665227359589,0.377167779885661,0.03883657006488,2.18112603268122,0.317026903291665,-0.213375067584938,1.08397311285912
0.364367415090897,0.374284339185771,-2.52938681707384,0.377198527715063,0.0368928139944529,2.29123742771956,0.316812308352539,-0.211957994444747,1.0730297244096
0.364722743418236,0.37267632418592,-2.45749174289079,0.377210861314635,0.0349822821474599,2.3492903782583,0.31660119319368,-0.210678885193599,1.05788416513185
0.365090013354194,0.370961118283387,-2.42049103326682,0.377270040140295,0.0331128733077639,2.42501751139347,0.316398893868469,-0.209501345366489,1.05923344883341
0.365467266994631,0.36917775454333,-2.3816334271722,0.377276329987239,0.0312898074263788,2.45567454908112,0.316186895135017,-0.208384232227526,1.03423797052928
0.365842321371183,0.367367917788295,-2.28203052280479,0.377316385320289,0.029516572715612,2.41941467504772,0.315978104726412,-0.207287243305743,1.03920547781279
0.366368387629628,0.36559069667347,-2.21487670884803,0.377339079354836,0.0277948657454918,2.42428302768388,0.31568639294807,-0.206178341126489,0.9926738861401
0.366743871177914,0.363932219567255,-2.08103574512165,0.37736259767679,0.0261247603996807,2.43909381376846,0.315475961217101,-0.205042860232585,0.988049938127607
0.366767656888025,0.362479370649517,-2.06437237710879,0.377387644112117,0.024504975754457,2.54916583026032,0.315256783729934,-0.203884733102941,0.959420739409411
0.367120909422104,0.361270603437188,-2.02218188877906,0.37741335344811,0.0229334628025539,2.59648547519314,0.315063215125288,-0.202719210993186,0.961090433985394
0.367480869316025,0.360281794304778,-2.03503627334081,0.37744238889977,0.0214087830556372,2.56482218780891,0.314843412276038,-0.20156620037238,0.948559375966778
0.36784813442241,0.359455223994222,-2.07174229335648,0.377466127843415,0.0199313440000284,2.56836927005551,0.314646875981297,-0.200448358543936,0.865016357333638
0.368198020783491,0.358726059229355,-2.00982181787593,0.377482090497334,0.0185033882090928,2.45528501390704,0.314438967857648,-0.199390629544883,0.82200828886166
0.368547031003294,0.358028362671934,-1.89514580775107,0.377502445074113,0.0171280736285352,2.46739336355945,0.314259025761342,-0.198418515874625,0.80024621581991
0.36892398116732,0.357295206618622,-1.91031652739164,0.377519085173921,0.0158088026572944,2.44630315124323,0.3140513398588,-0.197556420294223,0.75998058454378
0.369282086112459,0.356461243798964,-1.78881877362062,0.377530676882332,0.0145489157176511,2.48153292096999,0.313846218210431,-0.196824790969762,0.72805477684428
0.369653993092137,0.355468932646589,-1.76991326628502,0.377544983405751,0.013351326624135,2.53069117551674,0.313839194191362,-0.196229224689364,0.639867449769674
0.370187735620021,0.354283600759839,-1.71757611711634,0.37755798879274,0.0122184588295383,2.53790638915052,0.313560357628673,-0.19574929110124,0.632832046604289
0.370581599769748,0.352912116566493,-1.44507807921731,0.377571422660581,0.0111526180967365,2.4681277539246,0.313350662965792,-0.195346405500482,0.541367015196664
0.370925861342923,0.351404383528832,-1.19994869293764,0.377578678077397,0.010155993674234,2.46736626861434,0.31315628601342,-0.194982824838268,0.525446192589575
0.371288475333602,0.349834909109692,-1.25766033358499,0.377580873028601,0.00922985391336966,2.48007361007532,0.312944636904197,-0.194629233112344,0.52122939235909
0.371627208771906,0.348285459616179,-1.28563253120328,0.377593654370327,0.00837379964232315,2.51551113510526,0.312753767057008,-0.194262016966543,0.432846307244061
0.371984098082707,0.346832692966152,-1.34525272479143,0.377594256355972,0.00758573353093219,2.4982948424017,0.312558782343795,-0.193860524226819,0.41045125984115
0.37199972869097,0.345528410355229,-1.18874272097995,0.377599719693908,0.00686206558886877,2.60303851429151,0.31235818306927,-0.193405872137431,0.297320397127949
0.372658850715063,0.344386470638698,-1.02543333906441,0.377611572581803,0.00619817819275917,2.5679213302419,0.312164266908744,-0.192880669525994,0.271360973948363
0.372704746249023,0.343389598385241,-0.785093536745179,0.377615753825501,0.00558936128940941,2.57567141010299,0.311975239469987,-0.192268879448129,0.0973040619526588
0.373040955075668,0.342494587700753,-0.746957853972032,0.377621618052074,0.00503129679472695,2.64672165677432,0.311772865792064,-0.191557096252514,-0.0575884218964169
0.373545556627104,0.34163960368701,-0.658856517256574,0.377623694157799,0.0045196353727003,2.68233291960165,0.311504178875804,-0.190741263321928,-0.077198094191218
0.373909181555594,0.340772715026009,-0.791824690709863,0.37762617350256,0.00404941274173551,2.873420333417,0.311293410243952,-0.189835746610836,-0.0932334281064824
0.374271120851276,0.339872698690403,-0.735532138310593,0.377631299534625,0.00361488232765204,2.86316168358012,0.31110833237791,-0.188874346300411,-0.105516621809883
0.374585402244934,0.33894020859846,-0.753952356003641,0.377631120836265,0.00320970609358273,2.90286687660116,0.310913729207005,-0.187902324720405,-0.102376261513581
0.374943837097228,0.337982319379104,-0.753892756208022,0.377639033552756,0.00282741213607162,2.88158205037676,0.31071961602,-0.186969353521176,-0.215684657583052
0.375276865381612,0.337007380767363,-0.584920266134654,0.377644690881034,0.00246217003046726,2.94462937605395,0.310535843557909,-0.186123742264345,-0.303419410470953
0.375623395080901,0.336026113904202,-0.643494463628783,0.377647473274004,0.00210949090550274,2.89135206835368,0.310535537548866,-0.185397417866514,-0.414647687785031
0.375981558130824,0.335053990556688,-0.577469995923721,0.377654317112676,0.00176637166633916,2.92582711272072,0.310343671926532,-0.184787924953519,-0.524635704846323
0.376320505193035,0.334116477663913,-0.533591078242877,0.377652763778694,0.00143087789854966,2.94060705385532,0.310143526480545,-0.184259703223755,-0.622178028072372
0.376829323162967,0.33326269601658,-0.537997169268538,0.377651438615549,0.00110125558236795,2.92978930366761,0.309970207439666,-0.183764178784793,-0.702287629146143
0.377203875556401,0.332576697461355,-0.580640147118124,0.377651640449252,0.000775071610984411,2.92263082915086,0.309706135265295,-0.183258660021415,-0.745043249032117
0.37723023487193,0.33214927256943,-0.610661440644973,0.377652894074038,0.000449112195050949,2.93659948206349,0.309517282590194,-0.182715955453368,-0.788516098988607
0.37723023487193,0.332010917748409,-0.473172591300262,0.377653378194846,0.000119865716027924,2.83516327704346,0.309339693580217,-0.182124751791339,-0.786276146886845
0.377841376022721,0.332098060551509,-0.331537069196858,0.377653861406082,-0.000216082798214167,2.88013697359442,0.30913217297788,-0.18148420951892,-0.824143171272422
0.377869837522191,0.332285802115383,-0.160759212550841,0.37765374132221,-0.000561978756063515,2.85124068944186,0.308935712311195,-0.180800987409889,-0.873077280349356
0.378540616416586,0.332439038489063,-0.0387280869510029,0.377650766746134,-0.000921043314348402,2.90059247535037,0.308759338714192,-0.18008881541042,-0.854192528981819
0.378861065075467,0.332448586570307,-0.0894257010396158,0.377652524614221,-0.00129657138653056,2.94354669855322,0.308582366118523,-0.179365455507768,-1.01255562893017
0.379194628988838,0.332244323518005,-0.0573927091969024,0.377649742547498,-0.00169181275617562,2.97729786814424,0.308415394248368,-0.178648363945606,-1.05700128740583
0.379533151560097,0.331781297139528,0.0635917021829484,0.377648553109286,-0.00210978542504564,3.00096100527349,0.308226815607394,-0.177953295323667,-1.08351890622183
0.379865204168259,0.331025104620256,0.185580743743784,0.37765001296046,-0.00255306168808615,2.92308932562631,0.308036398511767,-0.177296488226942,-1.1425082830616
0.380388699581209,0.32996092241763,0.397988337730107,0.377645348171498,-0.00302355932102831,2.95790741838873,0.307862894214543,-0.17669369765514,-1.16519948714982
0.380710233274667,0.328609993671181,0.401917504883208,0.37764432430196,-0.00352254540812829,3.04802324279411,0.307862297975189,-0.176151592087144,-1.1788068483921
0.380989036140774,0.327024297039855,0.400907046010973,0.377642011059916,-0.00405070922051174,3.06832332883175,0.307413710971816,-0.175666662800474,-1.2588964146868
0.381302431709515,0.325262286806443,0.448937206606443,0.377637267271056,-0.00460814110358842,3.12647587933887,0.307413710971816,-0.175236668998886,-1.22249379088596
0.381631913735402,0.323373977930248,0.406666216443334,0.377634256730923,-0.00519442214391269,3.08796842582079,0.30725961582071,-0.174858916781088,-1.23139380746737
0.381953347312643,0.321402516910563,0.632451364280957,0.37762612192211,-0.00580884392358291,3.00897343172189,0.307093856507155,-0.174515079536238,-1.29195721298559
0.38225015662697,0.319390579380276,0.60609333805609,0.377624099877243,-0.00645053558954593,3.03997463143134,0.306913701615673,-0.174170120504134,-1.24399396543382
0.382733262646102,0.317392357686678,0.692721659480369,0.377613492196746,-0.00711851641593368,2.99557679244355,0.306736724618259,-0.173783418659882,-1.32311670787041
0.383059128041728,0.31548420215846,0.674897668828246,0.37760730426614,-0.00781186850719201,2.94984555299298,0.306557885499703,-0.173315333708841,-1.27211280010886
0.383069870767611,0.313744379314552,0.69499629584156,0.377598112478914,-0.00852990016019274,2.98587050158002,0.3063823876327,-0.172729841851669,-1.31671966750057
0.383378855479023,0.312209990326075,0.708715320062878,0.377590282076276,-0.00927205512892536,2.93012697137992,0.30613626703818,-0.172000020909796,-1.32439506671701
0.383707639178665,0.31086519155641,0.778245476215768,0.377580855307327,-0.0100376985328514,2.73625249918993,0.305956575692299,-0.171114971361713,-1.34891974844745
0.384036965662543,0.309668720365919,0.846161828827238,0.377570515034753,-0.0108259625279755,2.75712350849573,0.305782039897423,-0.170080096894539,-1.39633565290043
0.384301662487444,0.308575981505213,0.994348192922282,0.377561998410538,-0.0116356474122636,2.73212958889907,0.305617719757393,-0.168909770928295,-1.41573758233607
0.384617731737656,0.30754000988124,1.05315014663948,0.37754632811372,-0.0124652981816139,2.72159726328782,0.305446794603338,-0.167620764673867,-1.44779350073973
0.384931761656674,0.306509428480955,1.1753758917686,0.377534748859015,-0.0133135140527176,2.70426340299606,0.305269157905792,-0.166230821678532,-1.51234847642004
0.385223869661242,0.305430869540101,1.34417348254676,0.37752015562808,-0.0141794049368652,2.80129459844685,0.305108260367423,-0.164759401762134,-1.49620327504704
0.385547110701597,0.304251304630966,1.36255880306196,0.377492730229993,-0.0150635273687368,2.83924316781016,0.304942779699813,-0.163227345267246,-1.54666684819965
0.3858497077822,0.302922349321435,1.38221393944214,0.377476718580763,-0.0159690150333962,2.85461483709226,0.304784418294577,-0.161657065957275,-1.52256858823196
0.386311288751467,0.301413145805934,1.5441661377128,0.377462143268101,-0.0169013891196367,2.82509805167479,0.304545758706076,-0.160077608732574,-1.55119417329431
0.386617794271044,0.29972555636686,1.74774593494655,0.377447094026141,-0.0178669611583464,2.77105545173984,0.304391239341378,-0.158528844990304,-1.61578279213948
0.386931590055635,0.297894987658559,1.90425549598612,0.3774272887608,-0.0188716077346368,2.91885794670142,0.304385053419733,-0.15704961472059,-1.58295853214078
0.387236644305408,0.295975988218767,1.98049845571812,0.377411343547944,-0.0199202446494028,2.89195912851966,0.304235855691401,-0.155655817751247,-1.64760303818665
0.387484705907558,0.294026411426095,2.05133328489006,0.377406223204368,-0.0210158744176556,2.96055539138803,0.304062453113326,-0.154335671791694,-1.7031054002019
0.387765303911644,0.29209731077044,1.96790830448928,0.377374300654751,-0.022158617849237,2.93421383624544,0.303910747335795,-0.153064593831783,-1.74558903655209
0.388071916891484,0.290231232326541,2.03926958123055,0.377370675835257,-0.0233455400290183,2.90332112540444,0.303765899494969,-0.151816868223078,-1.74382977389323
0.388378847326942,0.288463451043532,2.07699212111548,0.377344801526811,-0.0245706960851363,2.9006219855624,0.30361291770274,-0.150566887919705,-1.8009478979418
0.388395782084432,0.286807340051726,2.2131167144755,0.377318328171417,-0.0258259053435278,2.9614121037497,0.303455471083315,-0.149288778680973,-1.86866808033679
0.388671794195292,0.285231108454375,2.25410245454052,0.377279308657474,-0.0271032038834035,2.90538010917249,0.303308757850638,-0.14795753707016,-1.80985831819744
0.389117514189305,0.283667135697736,2.3088131622595,0.377249886457627,-0.0283973094268176,2.86524762334886,0.303159465416888,-0.146550689207748,-1.77716122435041
0.389429397282741,0.282054355726928,2.17009287368806,0.377218338883814,-0.029706005283095,2.84065269290334,0.302949019512345,-0.145052808168873,-1.84016839632383
0.389730351748531,0.28036317093075,2.29504110912258,0.377191346259224,-0.0310287435938252,2.83934799242564,0.302800712469353,-0.143461787704392,-1.80766705423759
0.389969654969369,0.278584982936964,2.46692418643119,0.377161629998555,-0.0323650846260798,2.72942967901904,0.302648035799528,-0.141790090060936,-1.95001379109147
0.390259382706227,0.276714359494205,2.70019742019676,0.377125290079583,-0.033714196072624,2.6988920477334,0.302492429664406,-0.140060386009604,-1.9508542265258
0.390538319479772,0.274743200278201,2.87614887104195,0.377088567108173,-0.0350754473228727,2.74194648236658,0.30236013531226,-0.138301187987438,-1.98865762554156
0.390810817308252,0.272662954221087,2.96965759089564,0.377052852436793,-0.0364490966166845,2.81790735194279,0.302215519760233,-0.13654167853422,-1.93910739493976
0.391093964951418,0.270467439204954,3.0798669868162,0.377012241958388,-0.0378368807167563,2.860834169064,0.30221289808473,-0.134802607404423,-1.9757594016807
0.391389475540248,0.268155433097772,3.22550058035439,0.376951394592592,-0.0392436518779059,2.77464909377911,0.301939803515845,-0.133091046984101,-2.04720760808953
0.391653003864,0.265732852579324,3.25802243433169,0.376909821492582,-0.0406793470352493,2.85057638940465,0.301938103678251,-0.131403363110518,-2.0068383550687
0.39193261359935,0.263215430917671,3.32574852296217,0.376871399775408,-0.0421577168672729,2.7749112687106,0.301803174897574,-0.129725312499573,-1.98197008683377
0.392346909477881,0.260637909407016,3.68088025860416,0.376871399775408,-0.0436897162965743,2.95139253109266,0.301677273197983,-0.12803009704419,-1.92845260078259
0.392576222078109,0.258059751672787,3.71600393954786,0.376859523602244,-0.045275516945155,3.04888189361024,0.301490617217027,-0.126287097712181,-1.91858512366483
0.392588224308708,0.255546231962818,3.85765719080271,0.376784091853242,-0.0469033623128552,3.05584985614273,0.301362055385822,-0.124474879492269,-1.87768694877195
0.393073877608396,0.253142761784816,3.95209241979486,0.37673660725215,-0.0485567491700688,3.06776422715792,0.301231798900195,-0.122584488106685,-1.857086859461
0.393104822057626,0.250870792274149,3.86726079395441,0.376683501666661,-0.0502211277331384,3.06110988146333,0.301108963015955,-0.120614687863265,-1.89182701915741
0.39334280741695,0.248728826118544,3.95974109268931,0.376634419330197,-0.0518846146903139,3.05706212959153,0.300986171282377,-0.118567397610574,-1.92628193394117
0.393603887685068,0.24668956777393,4.07180266943409,0.376581765628701,-0.0535363503209286,3.03962828997701,0.300874631045267,-0.116445574877171,-1.88164444094586
0.393853933969596,0.244710015705239,4.29081952218112,0.376519343741845,-0.0551667487285258,2.96458596626967,0.300755873324928,-0.114252195733118,-1.87558754432116
0.39411484108236,0.24274698909737,4.28057420883245,0.376435298565293,-0.0567703636264617,2.93989922067536,0.300643486718429,-0.111989923063699,-1.82775618426015
0.394363843866961,0.240763089810838,4.26272998252799,0.376376166830375,-0.0583487155795316,2.93918908776631,0.300536407545687,-0.109661046893275,-1.78805498845764
0.394598360559293,0.238727482252902,4.22290688339436,0.376320738922122,-0.0599093883019957,2.96564716663415,0.300428209869185,-0.107267918392906,-1.74564877279817
0.394925059271683,0.23661999981453,4.27222200499554,0.376262075053202,-0.0614621097818383,2.83067037601109,0.300283385259526,-0.104815832488869,-1.6659544806487
0.395161583349041,0.234437557283858,4.41507197812959,0.376204975832073,-0.0630157796508731,2.73472279937823,0.300179376240811,-0.102317252453497,-1.64170718388061
0.395389516328226,0.23219333859698,4.53810285136632,0.376137304782088,-0.0645780064704211,2.70074638279354,0.300072091503742,-0.0997927560888324,-1.61523578990948
0.395614832207948,0.229907440366887,4.62921293323655,0.376070066486485,-0.0661558744216769,2.73554555372642,0.299968524112808,-0.0972665865511534,-1.70166463624164
0.395837061777636,0.227598959299722,4.75386811846626,0.376013403409869,-0.0677551337555896,2.81428844091445,0.299966797192809,-0.0947569153940316,-1.68959447425808
0.396061498379782,0.225283940669335,4.85009799238971,0.37599276711705,-0.0693774863288668,2.78939922496739,0.299872010273913,-0.0922657533255571,-1.67462546041287
0.396285269324125,0.222976506083135,5.00360597850705,0.375824140172889,-0.0710220020722648,2.77497570440832,0.299769034126423,-0.0897790985534389,-1.63120772211927
0.396528016715467,0.22069151278377,4.97788529603881,0.37581280669781,-0.0726907394014526,2.81762309214041,0.299676432067255,-0.087277029894393,-1.66064058604027
0.396743298648724,0.218449453561102,5.05445929485751,0.375736428220373,-0.0743884330838105,2.87545251931535,0.299585292512023,-0.0847415451637722,-1.77278798774717
0.397086696480529,0.216282344392836,5.26118962386298,0.375665152341256,-0.0761168164555511,2.8125136245324,0.299499706795588,-0.0821583994166162,-1.75272638540837
0.397109672772127,0.214228109837013,5.37225810222913,0.375592327964166,-0.077873090672483,2.94466970082691,0.29938651390381,-0.0795184626962955,-1.72574019909057
0.397270097606178,0.212307108606822,5.39072978931745,0.375513641552392,-0.0796518869563825,2.99823575067101,0.299308092603115,-0.0768199165966202,-1.63181159960077
0.397492161587305,0.21050572570026,5.37766055300683,0.375439095204378,-0.0814461648781319,2.97265529110067,0.299226954177863,-0.0740682909372241,-1.62327389719503
0.397701849753429,0.208786405269347,5.35702778310056,0.3753545410929,-0.0832473284411572,3.03194390646651,0.299141120603505,-0.0712745297086785,-1.50328987683463
0.397917882384138,0.207105793616001,5.43169719967953,0.375277024824565,-0.0850456102929606,2.93532867072476,0.299077792610237,-0.0684532010400237,-1.53612523118717
0.398130336053339,0.205422930684521,5.50212580886766,0.375176545674482,-0.0868321126612229,2.9313983799768,0.29901100477541,-0.0656206476662277,-1.58382082928213
0.398346686300936,0.203700863189609,5.60350820253033,0.375041861426816,-0.0886041081057032,2.93069946436057,0.298947814217935,-0.0627931492615511,-1.55745262749136
0.39854580030729,0.201906709522763,5.58497756857432,0.374949606748459,-0.0903702558847056,2.92746597643801,0.298888196268974,-0.0599863756725779,-1.52317610142158
0.398757513720768,0.200012789796256,5.66577282910353,0.374862634963338,-0.0921496611029965,2.95028148109036,0.298820393823892,-0.0572162330178443,-1.39406181933119
0.399054457025912,0.198003054092904,5.53536874034159,0.37476698729871,-0.0939661137034506,2.88837228764673,0.298762728417523,-0.0544991251170793,-1.31802866535938
0.399232981376853,0.195880361539092,5.65472109434921,0.374675097171054,-0.0958434482624675,2.82205075055903,0.298761903398444,-0.0518491715573207,-1.30094321088976
0.399426207494613,0.193663851878075,5.68356911950374,0.374604991167599,-0.0978009291973755,2.85345424505829,0.298669302470244,-0.0492748238316799,-1.23122784855135
0.399630761884594,0.191379444780675,5.79013645133385,0.374588377602911,-0.0998443781268429,2.84249348005024,0.298666287994624,-0.0467786819565403,-1.13765583973717
0.399814181599225,0.189054612986744,5.84438373641223,0.374489153282108,-0.101958317633659,2.85195229561927,0.298616419303894,-0.0443581661358487,-1.08173717206221
0.400006835440821,0.186718039110136,5.96657289492904,0.374386939473134,-0.104108901591608,2.85778481685555,0.298575699146256,-0.042005773527731,-1.14049409262901
0.400205739659318,0.184397140839629,5.95067016855969,0.374260269599868,-0.106256521565763,2.87331145768323,0.298530484991678,-0.0397113230972049,-1.07123738370629
0.400218100744658,0.182109031674198,6.04645456152495,0.3740983262123,-0.108369038938971,2.86690273198539,0.298489187651491,-0.0374649403966625,-1.01474733194754
0.400557104784015,0.179853104013217,6.11368170527226,0.373988756093216,-0.110428885019353,2.8570022509671,0.298446280354571,-0.0352585822191202,-1.02267555098688
0.400580127341405,0.17761467856375,6.15141040294358,0.373873816360179,-0.1124313996168,2.85215165312053,0.298412402361245,-0.0330863852476947,-1.04477483379363
0.400858597256713,0.175373516747134,6.22349383827832,0.373759291967858,-0.11437828384941,2.86562123581064,0.298377467631035,-0.0309442253089685,-0.921902865834215
0.401051030966639,0.17311248328472,6.28823109235716,0.37364896019879,-0.116272617626845,3.00965082328973,0.298352207619729,-0.0288287340090605,-0.821790431675975
0.401211965687256,0.170824007846901,6.27936010992548,0.373536259479208,-0.118116354246911,3.04536569119533,0.298323823003123,-0.0267364974642369,-0.829099376011988
0.401354420023929,0.168506057841331,6.31944138097049,0.373432062494983,-0.119908318788898,3.01976985166123,0.2982917203647,-0.0246642583086278,-0.792153816683957
0.401520949380208,0.166152954909524,6.29269840985938,0.373314102202951,-0.121643476222548,3.0157627633766,0.2982661802202,-0.0226099352942319,-0.815841799993774
0.401689606658881,0.163753367241345,6.30422107635969,0.373161406812632,-0.123317119611357,2.94552953403429,0.29824278622598,-0.0205731545294285,-0.850177484359113
0.40185627784056,0.161294232446704,6.35055578866811,0.372967030199467,-0.124934786149216,2.89250860783359,0.298224815132424,-0.0185547175995578,-0.891097648947941
0.402023780208749,0.158764121178607,6.37225591139255,0.372853494741947,-0.12651933447348,2.83837548331925,0.298207830426299,-0.016555939393166,-0.846013106248892
0.402182172557231,0.15615446142441,6.32999499553891,0.372737625038948,-0.128104822551422,2.90132035741507,0.298180813877439,-0.014578788015776,-0.870051217159075
0.402347899879048,0.153461462184661,6.33991938606883,0.372696297154644,-0.129721990613343,3.01225141393988,0.298179845279691,-0.0126258591171016,-0.865120748287485
0.402586729049572,0.150693152759144,6.22031495869304,0.372445895418599,-0.131391970961323,2.99066456132708,0.298175098629846,-0.0106987887449613,-0.903268074748998
0.402759036684451,0.147878189279759,6.25741599954604,0.372432959720131,-0.133128562569324,2.8347319875873,0.298164695811847,-0.00879668496275985,-0.927904918329155
0.402877363344159,0.145064424283185,6.31310317804994,0.372338175741449,-0.134933476380877,2.88034417024507,0.298153279202888,-0.00691686107215276,-1.03439836129624
0.403009527487795,0.142303549326497,6.34475188653535,0.37219255167755,-0.136788809252021,2.91472456097515,0.298144521498648,-0.00505674849659197,-1.07216833379712
0.403014750304302,0.139630422133527,6.42055342426559,0.372052533125254,-0.138662309566711,2.88307166295441,0.298143197733501,-0.00321470707336011,-1.09928816474344
0.403148675817006,0.137049002656076,6.52724677267256,0.371901132897615,-0.140520579180986,3.01273893492872,0.298138264794435,-0.00138957402415793,-1.13296678072787
0.403285571594878,0.134535046194948,6.56668135807218,0.371683654787414,-0.142340206125473,3.00040633064245,0.298144237626928,0.000420151118691892,-1.0918668677227
0.403429718817956,0.132051662606707,6.55154468703179,0.371550581175516,-0.14411395413326,3.00982569312368,0.298146609128755,0.00221676965390433,-1.05423588989892
0.403569898164186,0.129562263181081,6.63339500117949,0.371411126464983,-0.145847854694674,3.05311709078041,0.298136765788386,0.00400253645898484,-0.997468093070826
0.403705046206433,0.127036302001733,6.64820018707975,0.371265100651859,-0.147552251288761,3.08907227520083,0.298139342675517,0.00577809519418251,-1.03115963315021
0.403908219893381,0.124454781502787,6.7677182103983,0.371123499218607,-0.149236147429949,3.07671256765038,0.298163011329251,0.00754304187412193,-1.04267364115784
0.404028899575248,0.121814976745807,6.73144395259388,0.370972354451154,-0.150906621616024,3.13357453999243,0.298172803514654,0.00929867152532354,-1.06175164426987
0.404109848316038,0.119125477614602,6.71844304901526,0.370813710159588,-0.152570164113585,3.15093348105138,0.298181535676068,0.0110490966270842,-1.06647287401461
0.404222143835549,0.11639417286569,6.72325638141941,0.370659301502526,-0.154234736853732,3.15232315134914,0.298188335014272,0.0127992506480941,-1.07825838330703
0.404354098035498,0.113623196252334,6.68520452498596,0.370477645558051,-0.155913395196067,3.1356548528112,0.298188449292754,0.0145522819875313,-1.07311178539635
0.40446663498622,0.11081334699756,6.64215821225517,0.370265984222684,-0.157627826612106,3.1627524907404,0.298220439620259,0.0163089129824465,-1.0471323521461
0.404590435796166,0.107968842153292,6.72663551684344,0.370243551061833,-0.159402474140579,2.99982878401638,0.298221043760356,0.0180680961574474,-1.04310338223571
0.404697594799889,0.105098251923466,6.71455173705546,0.370086121121761,-0.161248451295691,3.07118260646876,0.29822771369963,0.0198262058870433,-1.00886034456808
0.404798769751348,0.102213020401311,6.76698041037028,0.369926754092873,-0.1631557977938,3.11409392738706,0.298248568772514,0.0215754233967764,-0.975327591129813
0.404893067037765,0.0993261960677604,6.76638711014794,0.369758795984029,-0.165101719284648,3.07100595206269,0.298271048506365,0.0233048140894969,-0.924820511919855
0.40505325088537,0.0964552107602179,6.7163984407817,0.369598525296344,-0.167060134651571,3.1114367880632,0.298320248812609,0.0250043444247171,-0.955778214973626
0.405137320728636,0.0936252697959131,6.66615815798008,0.369432458185768,-0.169004158963047,3.02519856793591,0.298344016195964,0.0266683304945004,-1.01972201918529
0.405143070447122,0.0908623572192239,6.73901398434594,0.369257796892282,-0.170906133830065,2.88203604107748,0.298369467862229,0.0282953358249939,-1.07820180854664
0.405226944149563,0.0881775462125258,6.81840379588484,0.369088267275285,-0.172738240626983,2.98991632052361,0.298400279328644,0.0298856854866523,-1.07645003193718
0.405233901383592,0.085558339769352,6.81855322943551,0.368913404217508,-0.174473408717422,2.97945782777572,0.298430179145247,0.0314398685175062,-1.00312117399223
0.405402415880463,0.082975395804324,6.83604702633873,0.368713361773363,-0.176088753128756,3.07067599791073,0.298463423837294,0.0329581550951498,-1.00726696131398
0.405483267636591,0.0803979907719071,6.8560160715246,0.368452591769452,-0.177574063229161,3.10432691891818,0.298483415320553,0.0344396483215052,-1.05687655687062
0.405565601168068,0.077804014591967,6.96285506323134,0.368285826931436,-0.178938913373187,3.14809341807984,0.298517162486022,0.0358815010951211,-1.04211345502504
0.405645955433435,0.0751788401189601,7.03445586600583,0.368107416590441,-0.180209126745096,3.14881850056034,0.298588157296908,0.0372813930796594,-1.04151953640452
0.405725377514094,0.0725121191622402,7.01802378090036,0.367922354287152,-0.181417122130351,3.12827453561173,0.298628569654578,0.0386422838990069,-1.08997729111242
0.40584091854611,0.0697994195061501,7.1973865368829,0.367734932649937,-0.182597054108193,3.18450222503716,0.29866868113434,0.0399731086545422,-1.07552471976513
0.405886404284196,0.06704416296003,7.27131455578481,0.367545173322972,-0.183785431829568,3.31027725913995,0.29866922295608,0.0412828399381251,-1.03599997164291
0.40595434313574,0.0642547664370772,7.20419114093847,0.367349976878603,-0.185021732568246,3.30233833069441,0.29871058076017,0.0425737179100075,-1.06642771945184
0.406020225173981,0.0614403188910348,7.15961365862322,0.367203513538559,-0.186342634653686,3.29713424154553,0.298752024403247,0.0438400431052634,-1.05250583340679
0.406079344095658,0.0586094897891762,7.12928244672513,0.367171574323036,-0.187765302183875,3.2664519053984,0.298791675458219,0.0450713816168101,-1.04054444243821
0.406136453622618,0.055771308863248,7.00291351305741,0.366979366640899,-0.18927295713884,3.27331045329623,0.298837732093289,0.0462552437780718,-1.04260579492541
0.406200326045013,0.0529349400883711,6.96748513363854,0.366695073178976,-0.190825417674677,3.24243337911345,0.298884320435578,0.0473780918585585,-1.03086475305281
0.406203714914891,0.0501075782735314,7.12882971678865,0.366495777208447,-0.192386516006822,3.27641505903757,0.29893261201356,0.0484259219986099,-1.04751537290734
0.40629752739508,0.0472924723738878,7.16956668513471,0.366296712729841,-0.193937463439891,3.31000425394481,0.298979896444771,0.0493854011360009,-1.00124359556829
0.406299539773668,0.0444896350806969,7.0799643239721,0.366108337005946,-0.195470660865693,3.35092880738421,0.299074609976263,0.0502471572964082,-1.08773097643695
0.406375916229626,0.0416978261705324,6.98928384163165,0.365907945840431,-0.19698124760058,3.42156627716459,0.299121001896876,0.0510097441164698,-1.12156663963788
0.406403206203532,0.0389158620315239,6.92058934671557,0.365716600766907,-0.198464180913254,3.36849753236794,0.299172969044515,0.0516793534266707,-1.16566707189096
0.406437212806577,0.0361428742906317,7.00568851815068,0.365510404647451,-0.199914037164285,3.35681581941931,0.299221886891997,0.0522653055598999,-1.17142517051895
0.40647756331849,0.0333776901862178,7.05677376189724,0.365316591026461,-0.201325118373035,3.34906527290626,0.299266776270146,0.0527761925744204,-1.18628301413629
0.406508532944994,0.0306189524354797,7.07396598700374,0.365115380198977,-0.202693106780289,3.33520379685149,0.299321240180301,0.0532186562594257,-1.214740764418
0.406544364590038,0.0278662938741315,7.11332968857052,0.364810064843448,-0.20402285049689,3.38374286277576,0.299374236696849,0.0535978431175861,-1.16690018037601
0.406574488751069,0.0251212756827526,7.11403192291459,0.364589656101387,-0.205339441080194,3.39435003270656,0.299428954941067,0.053918456546038,-1.21879520517557
0.40660052959887,0.0223876363143092,7.16089391019122,0.364391313242356,-0.20668919249709,3.37914042945433,0.299486279006734,0.054186188607557,-1.25123834982804
0.406620919349492,0.0196708709266453,7.09833331072837,0.36420523441782,-0.208124783924981,3.42741541243188,0.299571037736231,0.0544094620730618,-1.29084837053763
0.406642837272873,0.0169777040060356,7.12093071915045,0.364147703984891,-0.20968495141641,3.36263285464447,0.299574278138812,0.0545983918119337,-1.36471205032332
0.406663251753161,0.0143161572746463,7.36284943510428,0.363798396919529,-0.211384787079968,3.38892198259585,0.29963212076246,0.054759780811477,-1.34505804307244
0.406675248040567,0.0116956912597392,7.40436211088798,0.363763783723007,-0.213218106116592,3.53899368491414,0.299689473748587,0.054894372863701,-1.40400272156019
0.40668275418302,0.00912649795214351,7.33477044589603,0.363531030755422,-0.215158000470419,3.52824493416589,0.299741586638407,0.0549992470486538,-1.36067733266695
0.406688043906716,0.00661825868888875,7.28178647768268,0.363321639199268,-0.217156469704745,3.57885490702411,0.299788938327462,0.0550700075629321,-1.38158287491669
0.406691041397261,0.00417932336492168,7.23608032979557,0.363121242123806,-0.219153933653391,3.54166450519578,0.299844322420431,0.0551006084288693,-1.42685087569132
0.406691310920667,0.00181651741124887,7.14774961548272,0.362784734906343,-0.221095742029132,3.56273822094578,0.299901550692322,0.055083555006121,-1.36804404794623
0.406690982911646,-0.00046477728556535,7.14825965714771,0.362557536595661,-0.2229464385833,3.53680513867594,0.299956209097031,0.0550110426709801,-1.43512851204154
0.40668569863323,-0.0026605494822448,7.09588085810567,0.362329609765935,-0.224692377382619,3.59135701081841,0.300014218827386,0.0548763128701193,-1.49386179228995
0.406680405134175,-0.00476827518237228,7.12299989620441,0.362107039977616,-0.226332301238216,3.60572914907825,0.300097352125835,0.0546760467516704,-1.48521976726295
0.40666761171831,-0.00678743591061671,7.16060651043402,0.361875605126024,-0.22786819981007,3.62196104276474,0.300152157572513,0.0544130269301054,-1.46030446949302
0.406650445065244,-0.00872050739358848,6.97571077245037,0.361652517565587,-0.229302298704068,3.68898713837014,0.300209258979535,0.0540961203935049,-1.4703065292263
0.406636633342481,-0.0105737478447635,7.03929432459898,0.361421564498368,-0.230636444585119,3.64479155980043,0.300265481576718,0.0537377305427949,-1.50100483065733
0.406624032720161,-0.012356725500006,7.16659549312273,0.361191931335942,-0.23187198974672,3.68297215063143,0.300316341185264,0.0533516207110215,-1.53862830691568
0.406615740889897,-0.0140805667348128,7.23446113389748,0.360949946067309,-0.233010876708754,3.65638992978961,0.30037295159444,0.0529520598085326,-1.53888196705481
0.406601484451852,-0.0157563104117291,7.38981694608626,0.360703048661966,-0.234059472207849,3.6027328666556,0.300424285966932,0.0525536122617235,-1.53913880713845
0.406578009686229,-0.0173947508139738,7.44790939563849,0.360382569478731,-0.235036921242686,3.60656772472171,0.300477142223492,0.0521701025051888,-1.6301041956111
0.406560623033025,-0.0190073245094027,7.52556338603624,0.360131842574265,-0.235984280029996,3.66464575383406,0.300478798455825,0.0518105824206029,-1.58542832936064
0.406541839009025,-0.020606315247092,7.55947580680119,0.359867747198495,-0.236965102575574,3.69352932377504,0.300527847971348,0.0514747323333933,-1.62740340721166
0.406523563351477,-0.0222041860834698,7.57677933188938,0.359683187172725,-0.238050578272104,3.68882913124952,0.300605456003803,0.0511546367370164,-1.71500228989819
0.406490913847591,-0.0238131207136819,7.61855773878692,0.359653417861782,-0.239290338902233,3.64117112484954,0.300657068986488,0.0508420834039015,-1.84337526231503
0.406490345897057,-0.0254445379198471,7.83911140241776,0.359402230393407,-0.240688216482382,3.58076780373829,0.300703265819181,0.0505323543377169,-1.81658739223662
0.406442910028057,-0.0271083214177514,7.87728570092227,0.359140242385596,-0.242207400850352,3.63345460277842,0.300752400385698,0.0502223991547726,-1.8027453150409
0.406440073767067,-0.0288121812720765,7.91470855971358,0.358905610704866,-0.243795208049996,3.62672576054135,0.300805468695185,0.0499088587290881,-1.76805448393233
0.40641439162801,-0.0305605199595812,7.90187279476972,0.358667510037252,-0.245397966555442,3.6223223069228,0.300852076367639,0.0495880175896992,-1.82071357452883
0.406385338795922,-0.0323534223806749,7.80510034512035,0.358409666777923,-0.246965107351566,3.63991392824633,0.300902894289195,0.0492560547684873,-1.81332982029773
0.40635591961716,-0.0341872993840928,7.80710401697346,0.358023905986113,-0.248459444075243,3.61031472924231,0.300951642015231,0.0489090647783283,-1.8640528940355
0.406324870898708,-0.036056068173441,7.9088615676382,0.357797457063743,-0.249869760918478,3.5273254275833,0.301001403744683,0.0485431871742633,-1.87618862258452
0.406290116850159,-0.0379516258689824,7.86600091754098,0.357535243991718,-0.251209011536528,3.46827491225819,0.301049133436418,0.0481551801312455,-1.98958826021031
0.406250272874468,-0.0398642916127284,7.87093271098052,0.357286346668567,-0.252501347890406,3.47742832362284,0.301121731327724,0.0477443244894605,-2.03746760730624
0.406211710580246,-0.0417838928322514,7.87741864622086,0.357025607464698,-0.253773939423547,3.51703883059182,0.301173812325826,0.0473150520062524,-2.07054837838318
0.406146073699776,-0.0437019156181137,7.72143134943796,0.356763165652618,-0.255056175866869,3.48518535885921,0.301221706434913,0.0468765996262858,-2.15674974332643
0.4061009009161,-0.0456138782061144,7.76246919631195,0.356513777513087,-0.256379796335164,3.4658507167785,0.301225067815098,0.0464383578893187,-2.16976707163538
0.406055464654782,-0.0475195330027483,7.77879048738488,0.356255827999948,-0.257776951210606,3.43373592925145,0.301319732803749,0.0460062421283861,-2.19838213079069
0.40600429504647,-0.049420932961697,7.93549089640669,0.356032568181129,-0.259273035423183,3.50650635846266,0.301319732803749,0.0455830210140562,-2.26009310480724
0.405953503365937,-0.0513210249029892,7.95699506727787,0.355942041861094,-0.260875763235413,3.46614499766985,0.301369999092011,0.0451682486015198,-2.33230945506567
0.405897864636707,-0.0532236683704342,8.01858540085579,0.355387444564385,-0.262577230182112,3.44222272849425,0.301412072301355,0.0447571797891255,-2.3821772939991
0.405838993598165,-0.0551331212820957,8.00419581146384,0.35535323084624,-0.264367794410081,3.33820324229564,0.301457022331711,0.0443420360503876,-2.49813231048562
0.405835855252482,-0.0570519000744599,8.00458843242786,0.355090754655484,-0.266233343269648,3.31985610774626,0.301501514861429,0.0439142392121434,-2.54120553779961
0.405689294432702,-0.0589809939636627,8.02809734732184,0.354796314857124,-0.268142844548136,3.1439921768178,0.301547965204536,0.0434658502138343,-2.57012615029221
0.40568638669544,-0.0609232292410617,8.09961761069763,0.354520018732585,-0.270054489821228,3.11838345022406,0.301612716910246,0.0429916588060788,-2.70772258714922
0.40562631345946,-0.0628823693351249,8.2927484800901,0.354237947705119,-0.271929382268245,3.12545891482799,0.301659892712836,0.0424914816663937,-2.66471105263798
0.40555947043844,-0.064858488298844,8.25114098327742,0.353969861712927,-0.273734353160279,3.1143755279575,0.301697142073182,0.0419699233734697,-2.70234891605727
0.40550196093942,-0.06684725871742,8.22841404862522,0.353688861971017,-0.275439104231723,3.02107504246492,0.301739799373744,0.0414336919596518,-2.76079677712988
0.405436723342493,-0.0688418284817366,8.17378849647805,0.353421084865585,-0.277014566749035,2.95588285518448,0.301781096361358,0.0408895632819728,-2.73101875198991
0.405365655477148,-0.0708336509360215,8.09737568708877,0.353115484409633,-0.278435696699907,2.84818049453234,0.301821252756326,0.0403441620603515,-2.82139735141549
0.405291890294761,-0.0728133758638203,8.06522373060705,0.352731953927969,-0.279691785314091,2.79759768792462,0.301865377899076,0.039804386414059,-2.80659459222382
0.405217158563094,-0.074771896684398,8.07189674457819,0.352447135247803,-0.280797424912483,2.87245403403732,0.301902381201649,0.0392779729915937,-2.82497754190132
0.405143660529862,-0.0767005599423028,8.0517748945257,0.352156107968899,-0.281791810590358,2.93440104209658,0.301960225044107,0.0387747498742389,-2.87161819360645
0.405063385362811,-0.078590909513136,8.05997758836353,0.351860176853721,-0.282728548367147,3.03015572262899,0.302000628573379,0.0383075187803959,-2.89304651607813
0.404984442254769,-0.0804354777349291,8.10108084929922,0.351586527250442,-0.283667495274864,2.99410134488619,0.302001647221344,0.0378899967125525,-2.89936103817857
0.404858977543658,-0.082231365409708,7.97074713557177,0.351289685478061,-0.284671297106168,2.96006918373183,0.302074022689484,0.0375335659660147,-2.97664579658947
0.404768362872947,-0.0839850638301735,8.01387440875163,0.351016922138714,-0.285802851587179,2.84736536221556,0.302076622464199,0.0372462671581109,-3.02965817414215
0.404677680440979,-0.0857136137084092,7.96995585863422,0.350764803952795,-0.287116337737098,2.82335932896941,0.302109067667548,0.0370320709592953,-3.08054571992067
0.40458617895485,-0.087441328325867,8.03858239072685,0.350728629140354,-0.288633906375973,2.90828147312276,0.302141595436461,0.036889598628276,-3.07908170346397
0.404496665877268,-0.0891945723061131,8.10096098380431,0.350437290625258,-0.290324706839872,2.94424024934383,0.302179781841885,0.0368132240761466,-3.11196055517084
0.404494844273989,-0.0909946802078805,8.23467065542175,0.350009692937431,-0.292119611042762,2.94634934529964,0.302218493988319,0.0367956860083029,-3.22785773316607
0.404321824542887,-0.0928530926408485,8.19579159206437,0.349712616811109,-0.293951654326234,2.91370336246073,0.302249242786287,0.0368295421008587,-3.21892704812658
0.404309281814475,-0.0947720050837049,8.28303966640001,0.349415510160868,-0.295776403572791,2.83358527975605,0.302300956242489,0.0369080524776867,-3.31910737003813
0.404228686492138,-0.0967437944690181,8.30026039648335,0.349117597547312,-0.297564155223298,2.80342255644617,0.302339224464582,0.0370264963259301,-3.30850569566225
0.40412550895262,-0.0987487987935959,8.29305342655286,0.348804087746234,-0.299290344411984,2.74882731741911,0.302376032670279,0.0371827314741992,-3.34051517083763
0.404033769210046,-0.100758528018709,8.59245494782206,0.348502660898886,-0.300933744823042,2.6594934401319,0.302415846828218,0.0373763697819286,-3.32851257689999
0.403929826205569,-0.102742512569653,8.49338896828968,0.348211513134165,-0.302475575295384,2.6931269074025,0.302453590552811,0.0376079320022958,-3.40924505512111
0.403757394744993,-0.104676021464216,8.61977999180209,0.347899849290498,-0.30389816936547,2.61181181163232,0.302493422651332,0.0378786729948454,-3.38125429450116
0.403649833349635,-0.10654733891394,8.64170083450992,0.347563009362397,-0.305189276503262,2.45140578314651,0.302531295630875,0.0381905447506014,-3.40093054064302
0.403547791504532,-0.108357827684887,8.530682166846,0.347136311368662,-0.306354864867617,2.27416081026831,0.302570717523501,0.0385461170632597,-3.31188110048556
0.403438926331034,-0.110114848297632,8.47066568804313,0.346839578016368,-0.307430037159439,2.19963330991755,0.302613007835952,0.0389490236715602,-3.39993615356538
0.403324164306557,-0.111826803651111,8.5041475232414,0.346525180669574,-0.308475482550662,2.21277887683629,0.302669966282423,0.0394048032834379,-3.39476378733398
0.403196346079177,-0.113503800474581,8.50927154394311,0.346191544019393,-0.309564707733818,2.24491261350316,0.302672399247544,0.0399195170588364,-3.43123962944219
0.403077700474206,-0.11515987979654,8.44954993073334,0.345935866897487,-0.310768992844564,2.15460991218757,0.302707215939045,0.0404945930145906,-3.48906811061601
0.402960094785896,-0.116813125777728,8.5260519793119,0.345849117691027,-0.312137454721721,2.09111269812707,0.302708703394684,0.0411220646819517,-3.54785340693989
0.402852870591775,-0.118483335368109,8.34789636010076,0.345292241989314,-0.313686601321269,1.95998417439497,0.302790317634131,0.0417860494827949,-3.54506863874395
0.40273099454377,-0.120189496160939,8.35893475225189,0.345236218238719,-0.315407146607827,1.92541310595529,0.302834059003185,0.0424697863301542,-3.52149463695647
0.402613622352049,-0.121946754500812,8.40673010518153,0.344918028728124,-0.317264672369531,1.91589359661049,0.302878510043939,0.0431608152408397,-3.56230674047949
0.402606372415236,-0.123758980688733,8.39354834724534,0.344596888054899,-0.319197327026832,1.97664708600115,0.302922142469122,0.043850488529076,-3.61257009701739
0.402429800091377,-0.125612176185915,8.52935776318985,0.344150806351819,-0.321136277538678,1.83841790041097,0.302970392709534,0.044532418158275,-3.61411468847125
0.40230386231005,-0.127479940223804,8.60381495252145,0.343821801881436,-0.323033226596256,1.83175991403226,0.303046911729483,0.0452043060624306,-3.64982338943205
0.402166129416505,-0.129335752012246,8.62792609738145,0.343501021340998,-0.32486564908983,1.83055534953995,0.303095806263504,0.0458710258343059,-3.63592741970217
0.402019951125044,-0.131158945371871,8.55706938960766,0.343160415985474,-0.326625516573701,1.84964916845521,0.303139782329318,0.0465443395879771,-3.69386978204204
0.401893277484531,-0.132934144903521,8.59561279315414,0.342821061284409,-0.328311150904846,1.89234895907086,0.303186455015487,0.0472394249944199,-3.73878935349873
0.401757974045631,-0.134648978017578,8.65247168033065,0.342497199615395,-0.329925584958485,1.82821609048399,0.303239580711902,0.0479723834395281,-3.80971417620099
0.401624749949047,-0.13629138517804,8.88104437675071,0.342152588891829,-0.33147622268561,1.89419303709698,0.303284395967591,0.0487598779489766,-3.78942820430548
0.401510018478652,-0.137848229752458,8.94181728816043,0.341798920008738,-0.33297622668287,1.80621841133956,0.303335108355708,0.0496181046823325,-3.80641739331235
0.401297041122652,-0.139308911133227,8.89843413452295,0.341432555601444,-0.334450423504315,1.80671879503335,0.303336447263052,0.0505593860890044,-3.77479861043962
0.401152509311232,-0.140673284820481,8.85353301350517,0.340991334403814,-0.335940650781403,1.71037243266463,0.303421676037307,0.0515890758990289,-3.71733379699526
0.400998970892673,-0.141955317043879,8.76918582209624,0.340903029186252,-0.337498499002591,1.70584883726807,0.303423627443115,0.0527050076933279,-3.72111407977835
0.400856661726179,-0.143179062562967,8.7563331653349,0.340322253848301,-0.339169446766015,1.65111647568116,0.303477085762647,0.053897839658745,-3.74408852957413
0.400702358356226,-0.144373635954904,8.76353295167823,0.340274332072739,-0.340980587443152,1.71156924093612,0.303558743215645,0.0551536440229415,-3.69486957627349
0.400562568058267,-0.145571122847828,8.67484333228921,0.339933926481241,-0.34292764860239,1.59926966108005,0.303617588224328,0.0564599673438508,-3.71507550103346
0.400403716718313,-0.146806047157598,8.69077952449579,0.339585190856006,-0.344969354680745,1.42394036318459,0.303679818868295,0.0578097162052177,-3.66499376369954
0.400256876907937,-0.148112647564692,8.63318656677346,0.339219843446542,-0.34704375164394,1.37287810488664,0.303739555451425,0.0591999359115976,-3.63039948972236
0.400247313510149,-0.149513724326388,8.50153497817183,0.338861201932831,-0.349088912354518,1.27400417862284,0.303791546796641,0.0606290219347294,-3.65523995901047
0.400102672193722,-0.151007313436452,8.50487251246385,0.338504244973981,-0.35105005660283,1.09701629727845,0.303856981589185,0.0620950849692344,-3.64092145477943
0.399873868940087,-0.152571148661176,8.49321931405278,0.338135481943924,-0.352878687080391,0.981800762845425,0.303922703730335,0.0635959731708323,-3.6475233744168
0.399725472897528,-0.154182695248042,8.56105185877843,0.337813709083454,-0.354529730569508,1.05139723291859,0.303985951564899,0.065130027922596,-3.69918470373522
0.399577196247629,-0.155829338711803,8.60728515568617,0.337428339631993,-0.355962122374487,1.04680744376787,0.304051762931452,0.0666960947033233,-3.71029751697163
0.39942313217935,-0.157503110644564,8.55783232660569,0.336905720512494,-0.357151845124606,1.06797605272864,0.304115722701059,0.0682936098840675,-3.77395999282293
0.39927221676755,-0.159194551365926,8.60666738872477,0.336560835646945,-0.35810876747472,1.00858095652037,0.304226764226519,0.0699254009148291,-3.73344057490596
0.399111755612964,-0.160891610419686,8.59592197052536,0.336189298472946,-0.35887574307385,0.945645173863433,0.304303448162657,0.0716022449534035,-3.75217176768306
0.398948317323655,-0.162580933075471,8.51143947846971,0.33582591392286,-0.359512543656509,0.892214644256702,0.304378094367592,0.0733426573432706,-3.73121339454417
0.398771551196616,-0.164250144608969,8.54091532692765,0.335467095567182,-0.360084032837828,0.939533758669019,0.30438374454895,0.0751654325869242,-3.74551291423461
0.398603519304402,-0.165892060510466,8.71467179401765,0.335110053671647,-0.36065525964115,0.937361185507346,0.30452986707425,0.0770832223002052,-3.79722918037983
0.398326096235594,-0.167512857325325,8.66978177518061,0.334806840701216,-0.361281483950423,0.932859150846885,0.30452986707425,0.0791015643265878,-3.77748581055398
0.39818672886538,-0.169139050366988,8.61238207086602,0.334657617209978,-0.361992803649041,0.87369858433541,0.304598179101727,0.0812168954690167,-3.84861740268526
0.398016861729215,-0.170813349966301,8.56098921107159,0.333933673912399,-0.362796190288534,0.839841683721812,0.304686306915302,0.0834139692953424,-3.87642358703763
0.39784623995211,-0.17258030812946,8.50442024721856,0.333865051499903,-0.363693706154501,0.852570607547614,0.304750008290842,0.0856690268877678,-3.8886881467133
0.39783761034896,-0.174467715526873,8.4612511297735,0.333483628600682,-0.364680330061094,0.808865674182724,0.30487745032377,0.0879568467086942,-3.9208770321047
0.397666211039013,-0.176470568033915,8.37234113016075,0.333124026818904,-0.36572804491755,0.818003365317529,0.30497431259801,0.0902571990946449,-3.87464897534585
0.397489607954138,-0.17855121998293,8.35713719556682,0.33275064265377,-0.366791056659985,0.721826882877825,0.305071788879778,0.0925579617014479,-3.87087866516633
0.397312765635057,-0.180655404790465,8.25802289593408,0.332350878886305,-0.367822701958944,0.646203187338071,0.305172205607858,0.0948537637943344,-3.85226366193344
0.397108960890299,-0.182728887725753,8.20566778115087,0.331997069057644,-0.368782287033327,0.573834948878922,0.305266041295259,0.0971429388085213,-3.74793668779759
0.396812388675482,-0.184731178449528,8.15780386387469,0.331629008830057,-0.369633105201664,0.447808023304016,0.305361063070934,0.0994252595292697,-3.76577104746838
0.396659121433025,-0.18664433242612,8.09957158321902,0.331254536847929,-0.370339373983562,0.41774399576128,0.305469437938302,0.101700811181559,-3.6883266859144
0.39646848342182,-0.188468009112581,8.02609357890487,0.330870326329733,-0.370869351934875,0.330989408634441,0.30556418174164,0.103969811088812,-3.72576869237108
0.396288219249421,-0.190206773881747,8.1015093765461,0.330348897302244,-0.371208762292119,0.267334421512916,0.305675287775084,0.106232484478855,-3.8167244192079
0.396088312927298,-0.19186390017419,8.13617383900392,0.329978458484569,-0.371375362680964,0.126079431472905,0.305774359542782,0.108489791651052,-3.73327672729261
0.395897508991634,-0.193442199998902,8.04892634863096,0.32959265942414,-0.371418661756156,0.159934490336669,0.305948860203769,0.110748065100122,-3.6874157992384
0.395698436030114,-0.19494561419472,8.0050392176918,0.329204676073997,-0.37140728837194,0.0148502000378856,0.306071905589454,0.113023885685958,-3.7011105107148
0.395495629781326,-0.196382049697209,8.00364077152669,0.328819501231752,-0.371418968387101,-0.102488919183813,0.30607664394039,0.115339514939047,-3.70530881823777
0.39519251029824,-0.197772332498669,7.93474126126976,0.328498049019835,-0.371528787960398,-0.155547870266034,0.306311394267599,0.117713644539735,-3.67240842628257
0.394970132769333,-0.199161343305845,7.90580636949675,0.32838853867798,-0.371786813959044,-0.209359415113993,0.306319525617778,0.120158330071634,-3.62214895147431
0.394789922594712,-0.200617625987826,8.04253796102564,0.327745422242275,-0.372204670086489,-0.270887326340649,0.306440097471133,0.122676385446667,-3.6523845268905
0.394596729431295,-0.202216366806754,7.91169045133632,0.32769734016268,-0.372760214614269,-0.241296140640233,0.306547856696174,0.125256898399707,-3.64884599058256
0.394586450859802,-0.204009319314366,7.96925733517846,0.327317001371355,-0.373399066568661,-0.208710472375506,0.306674196630642,0.127877290689186,-3.712363540451
0.394586450859802,-0.205991813955833,7.89767267680694,0.326767650206154,-0.374043911219332,-0.195210507304369,0.306802244133243,0.13050949923333,-3.72899226418338
0.394212053253756,-0.208098137515146,7.8575289770781,0.326389645673303,-0.374626836078086,-0.245132054684089,0.306932943806489,0.133124901277512,-3.75163095002424
0.393984041761593,-0.210238450288624,7.82647458719377,0.326021064641111,-0.375108247697647,-0.285769265420753,0.307139288207078,0.13570108327383,-3.76036366847217
0.393776720459263,-0.212336957370513,7.73425249104962,0.325642540874094,-0.37546580403674,-0.433969424397498,0.307280373208012,0.138229778003057,-3.6503542921955
0.393455819338733,-0.214343495579072,7.8260774078233,0.325242313403195,-0.375682389963656,-0.50946287576325,0.307434785365784,0.140718646631721,-3.69954162275538
0.39322242892858,-0.216234053209246,7.75563710556238,0.324879897532763,-0.375744390836949,-0.497119945308089,0.307578949001012,0.143186063768597,-3.64824733708718
0.393029402571634,-0.218006288913449,7.69081110776242,0.324505258816171,-0.375640612684369,-0.485883135754827,0.307721973698071,0.145655249172733,-3.64400603376275
0.392815197683102,-0.219666605939235,7.51866449575806,0.324120526588822,-0.375360435455732,-0.463978722504429,0.307864567015433,0.148150950732969,-3.59534245901926
0.392588740968368,-0.221220123855146,7.47256145889716,0.323743306579331,-0.374897325852625,-0.524350743740641,0.30802821915035,0.150698797913963,-3.55754305545293
0.392373701249131,-0.22266967576742,7.58739906398211,0.323204692345707,-0.374262365831146,-0.521150519121462,0.308185899139836,0.153327058368161,-3.55776838704147
0.392145614876475,-0.224017317885837,7.69181002839731,0.322825957889907,-0.373499616639749,-0.560950971556163,0.30835495810276,0.15606579684012,-3.52734285602741
0.391928183066358,-0.225267292655075,7.64143547823931,0.322463008733014,-0.372685103979493,-0.629054678568483,0.308357686133826,0.15893229626761,-3.56835874853037
0.391555318145544,-0.226437089258396,7.60708631738389,0.322081330022805,-0.371909772030089,-0.659739264409517,0.308357686133826,0.161905177719744,-3.60260207583264
0.391318900407967,-0.227571582913883,7.66188593353291,0.321747951085599,-0.371258284737185,-0.733069967241122,0.308668366952993,0.164920074787235,-3.60683447526362
0.391124450079429,-0.228737585535145,7.73837401074681,0.321694266170369,-0.37077858328399,-0.805828403670638,0.30893119087374,0.167905005887443,-3.58365170961909
0.391115732988939,-0.229994767133457,7.70780283724419,0.321318109269555,-0.37045214355994,-0.864464780496807,0.309112202500193,0.170817405504603,-3.62167241314856
0.390639287230004,-0.231377004410614,7.75002754447563,0.320922875222198,-0.370200023680533,-0.824864845365546,0.309279870281107,0.173645738345457,-3.54718744347186
0.390631756576024,-0.232898341662951,7.87357664090176,0.320528410646726,-0.369923375678904,-0.936112014689075,0.309439260158157,0.176390520129543,-3.58461235535779
