f,pos_power,for_power
0.00634644614881782,1.72502659222962,0.827772015248071
0.0158661153720445,0.499914549017275,0.748105946610816
0.0253857845952713,0.296331948446735,0.820570163154746
0.034905453818498,0.219016016967903,0.787374236122762
0.0444251230417247,0.165576129363991,0.793107376378308
0.0539447922649514,0.101655880838412,0.932359748673267
0.0634644614881782,0.0510641071052608,0.741657699263736
0.0729841307114049,0.066891041860637,0.985510041358978
0.0825037999346316,0.0727562614731382,1.06083825757018
0.0920234691578583,0.0587305629675084,1.43434273700059
0.101543138381085,0.0464263956630941,1.2684212789582
0.111062807604312,0.0468207713744777,1.2326672332194
0.120582476827539,0.0417105816449083,1.67240120991872
0.130102146050765,0.0523481096150146,2.34253738611256
0.139621815273992,0.039402010945377,2.43275623767332
0.149141484497219,0.0256375493338335,1.98266457952664
0.158661153720445,0.0269080042627473,1.52553339772975
0.168180822943672,0.0402723231498994,3.58729501256473
0.177700492166899,0.0275609478128164,2.39303216267623
0.187220161390126,0.0233027703702987,2.98241808319503
0.196739830613352,0.0275923418418289,3.18910089600929
0.206259499836579,0.0235990666055224,3.94128259815072
0.215779169059806,0.0196748150857191,3.27932508280376
0.225298838283032,0.0234415733719257,4.6006394029134
0.234818507506259,0.0165122442520283,4.38163740639505
0.244338176729486,0.0234918766564814,6.3507745803939
0.253857845952713,0.0212457704344833,7.65825229099817
0.263377515175939,0.01281925958065,4.07897929738747
0.272897184399166,0.0158851018399893,5.65425688806277
0.282416853622393,0.0233213990210061,10.3331077680359
0.29193652284562,0.0147403176517655,4.44949622117789
0.301456192068846,0.0293979305482385,13.8378560966986
0.310975861292073,0.0218598785236953,11.0304165117515
0.3204955305153,0.0213834294852883,11.8119261073033
0.330015199738526,0.0174544688344321,11.6165744680022
0.339534868961753,0.0103672365830557,8.12522656642649
0.34905453818498,0.0238251503367091,18.1793613885973
0.358574207408207,0.0156511853407189,14.0333934840278
0.368093876631433,0.0170244913066574,15.7911676622497
0.37761354585466,0.0228734284259035,26.542490766899
0.387133215077887,0.0205547106764694,26.5663107252983
0.396652884301114,0.013705429411677,17.8807879043833
0.40617255352434,0.0195004721680838,26.9678625515583
0.415692222747567,0.0229288544156473,38.4056280316395
0.425211891970794,0.0120751176789871,20.6794201725649
0.43473156119402,0.0169091812466271,30.2924427459858
0.444251230417247,0.0165555386462609,31.9460294227475
0.453770899640474,0.0150266020493222,30.9004179240564
0.463290568863701,0.0137682328161833,29.685184750345
0.472810238086927,0.0148667292182795,37.2700818425605
0.482329907310154,0.0119515640288353,33.8431516245912
0.491849576533381,0.0143031243174887,32.5108394605978
0.501369245756607,0.015674707180354,43.6776273523915
0.510888914979834,0.0132667946450375,44.4097712451066
0.520408584203061,0.0186503277990805,63.525947802837
0.529928253426288,0.0230064795285534,81.102691984336
0.539447922649514,0.0141145114822203,58.3868386618594
0.548967591872741,0.0176418230667148,80.1958765333536
0.558487261095968,0.0132905929392989,60.5956643390438
0.568006930319195,0.0116138862226057,54.5623743725107
0.577526599542421,0.0159537524390545,78.8330156555155
0.587046268765648,0.0127089180573009,59.6449792515954
0.596565937988875,0.0185832746580324,93.4718024349299
0.606085607212101,0.0116790521214202,62.1475535076526
0.615605276435328,0.0198626504010867,108.82930960564
0.625124945658555,0.013392990668719,84.2062400828229
0.634644614881782,0.0186827322446773,121.19076463496
0.644164284105008,0.0143658846020704,95.4685309203739
0.653683953328235,0.0218770893174158,152.979808096001
0.663203622551462,0.0258167997600616,187.539203978189
0.672723291774688,0.0166690024884456,129.688942990956
0.682242960997915,0.032857091445538,267.888944876203
0.691762630221142,0.0270271295577927,221.161382651114
0.701282299444369,0.0321456879810105,286.91720705172
0.710801968667595,0.035929338084393,340.087360462074
0.720321637890822,0.0339362695062788,332.833010352495
0.729841307114049,0.0619640211561947,631.994776715834
0.739360976337276,0.0226889804486842,263.918245792094
0.748880645560502,0.0909707519682399,1025.56185151476
0.758400314783729,0.0679211152322102,794.461699156787
0.767919984006956,0.0821783775700366,999.796446727614
0.777439653230182,0.130488910168959,1693.63020080627
0.786959322453409,0.155533621928569,2074.73104725253
0.796478991676636,0.201825127536892,2727.17209027992
0.805998660899863,0.995893956580803,14265.3573077097
0.815518330123089,0.421241424560326,6236.11230460525
0.825037999346316,0.593707174239681,9040.27849060036
0.834557668569543,2.28082023454344,36350.8683103213
0.844077337792769,1.09751029521598,17824.1221580362
0.853597007015996,1.87295936649296,32005.8890122544
0.863116676239223,3.64883857013497,63228.1431029558
0.87263634546245,2.85074215319381,51465.8408281986
0.882156014685676,3.52255586814452,65835.5554772048
0.891675683908903,5.09364186388831,97957.5002086631
0.90119535313213,3.73198792164216,73950.9484918544
0.910715022355357,3.11379032048163,63260.343455546
0.920234691578583,1.25910177607536,26572.0446352498
0.92975436080181,0.403857353964771,8572.52641511863
0.939274030025037,0.327762758750134,7357.35316474783
0.948793699248264,0.145630038471616,3359.03917810595
0.95831336847149,0.123873681203959,2934.13995598282
0.967833037694717,0.106547203278461,2600.97848737156
0.977352706917944,0.0642305241949136,1617.53204081453
0.98687237614117,0.0735538491849177,1871.33528970953
0.996392045364397,0.0393447422687959,994.332526538709
1.00591171458762,0.0260147715777614,687.009243087854
1.01543138381085,0.0412153178315453,1123.21069961444
1.02495105303408,0.0365785330999634,1031.10099259387
1.0344707222573,0.0234892547039806,660.370924395164
1.04399039148053,0.0240923927822587,750.150180316722
1.05351006070376,0.0159867782053274,485.680758079881
1.06302972992698,0.0199395310656467,653.14490744872
1.07254939915021,0.0142584880052706,457.474759743289
1.08206906837344,0.0147260642036746,472.49349550244
1.09158873759666,0.0136553366924722,435.639171561102
1.10110840681989,0.00895659357961632,307.312111969582
1.11062807604312,0.0114048699109187,402.806688420328
1.12014774526634,0.0121150454470448,438.925186838069
1.12966741448957,0.00870159267882482,326.166926470299
1.1391870837128,0.00962400304757365,342.420222781164
1.14870675293602,0.00701293869415572,281.689518495125
1.15822642215925,0.00671603304909167,262.492614490896
1.16774609138248,0.0105974248718145,422.196594998053
1.1772657606057,0.00729990605864901,305.21734944733
1.18678542982893,0.00457195060682264,201.544047618513
1.19630509905216,0.00643579037522043,287.567015910299
1.20582476827539,0.00599887986948238,267.569798861884
1.21534443749861,0.0040955034741868,191.480015069825
1.22486410672184,0.00392882969677785,183.558187106767
1.23438377594507,0.00412010398171698,210.263296697258
1.24390344516829,0.00552025007563127,255.697792596816
1.25342311439152,0.00428521393217853,204.271079251357
1.26294278361475,0.00325828425935234,157.72289672855
1.27246245283797,0.00370146106829214,204.719519519057
1.2819821220612,0.00225622882998977,118.029897165696
1.29150179128443,0.00220862119777465,133.241139095587
1.30102146050765,0.00269814277165497,144.271612695993
1.31054112973088,0.00326841706344407,181.6867306954
1.32006079895411,0.00272888634358978,137.337890101017
1.32958046817733,0.00240877190772742,117.73706722803
1.33910013740056,0.00307213018329878,163.946413387186
1.34861980662379,0.00356650762889754,211.420690392903
1.35813947584701,0.00280218745353996,174.833802712339
1.36765914507024,0.00269361368921963,178.695651085561
1.37717881429347,0.00227244037400847,136.261969771081
1.38669848351669,0.00292322381529798,176.871365640412
1.39621815273992,0.00243789985068986,154.309501607674
1.40573782196315,0.00191788689007575,135.375229974888
1.41525749118637,0.00276436261600474,176.304613804236
1.4247771604096,0.00218850758906316,143.117967310594
1.43429682963283,0.00199187168958102,133.249709006415
1.44381649885605,0.00243510581193505,174.048709488634
1.45333616807928,0.00227141505380677,165.437371155049
1.46285583730251,0.00149236400104904,111.682858447134
1.47237550652573,0.0028135157577223,217.751326404296
1.48189517574896,0.00198703906325967,158.166475569617
1.49141484497219,0.00269455862025406,213.84331523816
1.50093451419541,0.0024891810678887,177.313951928923
1.51045418341864,0.00267412164286056,204.19320173263
1.51997385264187,0.00218737381189398,169.73177593871
1.52949352186509,0.00330372252490021,248.32111088866
1.53901319108832,0.00312753596628826,248.69047759705
1.54853286031155,0.00268576037149728,232.746191622194
1.55805252953477,0.00276866610858717,222.042712896277
1.567572198758,0.00252470633465735,225.742699807892
1.57709186798123,0.00659225828163748,566.487051304121
1.58661153720445,0.00268933018419498,227.581945200437
1.59613120642768,0.00466074194899176,444.591170701108
1.60565087565091,0.00617410304047839,580.915783089337
1.61517054487413,0.00993675450201387,980.5898483349
1.62469021409736,0.00655188802020621,603.366566066728
1.63420988332059,0.00937775812216259,959.004610835278
1.64372955254381,0.00423056905266469,430.883935900612
1.65324922176704,0.0164440679888218,1670.22051421506
1.66276889099027,0.00784739971940177,847.301878358823
1.67228856021349,0.00823386725181654,937.879938607871
1.68180822943672,0.00907385035558422,1033.11522874881
1.69132789865995,0.014639237449573,1696.74186648555
1.70084756788317,0.00936515667739404,1107.1174778256
1.7103672371064,0.0122395158700291,1542.22072004564
1.71988690632963,0.025838982301696,3408.39095761753
1.72940657555285,0.0266906156083775,3554.3343322398
1.73892624477608,0.0250906497146585,3407.84684005716
1.74844591399931,0.0276119152205855,3715.12815297413
1.75796558322254,0.0193365987701669,2774.8320518468
1.76748525244576,0.0182556494548793,2614.88994855962
1.77700492166899,0.0322985904604991,4658.16544502496
1.78652459089222,0.0263355730197149,3868.35322357242
1.79604426011544,0.0167853988148861,2466.56804494084
1.80556392933867,0.0215715392351673,3259.0756336961
1.8150835985619,0.0162373386635266,2607.45454031544
1.82460326778512,0.0199872205490801,3138.58991625573
1.83412293700835,0.0140734759409426,2279.93799200668
1.84364260623158,0.00878319600273597,1382.42148583924
1.8531622754548,0.00761520566473099,1194.96233644954
1.86268194467803,0.00591607905810826,986.587932075311
1.87220161390126,0.00254064890786743,424.229384072867
1.88172128312448,0.00266959311119805,434.402933290003
1.89124095234771,0.00297284309078457,476.269381262406
1.90076062157094,0.00191312564311975,326.473674159629
1.91028029079416,0.00153874786149977,254.435604612743
1.91979996001739,0.000828170976920243,130.170464827914
1.92931962924062,0.00166403294603361,286.537793205551
1.93883929846384,0.00103263949039199,167.809959510649
1.94835896768707,0.00123433178597921,224.181495767912
1.9578786369103,0.00128948037811871,225.647779637043
1.96739830613352,0.000950478869505108,164.24640166023
1.97691797535675,0.000685954947400982,115.364004523258
1.98643764457998,0.000543887623044986,94.8671135507906
1.9959573138032,0.000793547099272594,133.059116921558
2.00547698302643,0.000431214806300825,73.6817808515015
2.01499665224966,0.000565393169024396,110.038343392988
2.02451632147288,0.000724846195216546,127.249141015898
2.03403599069611,0.000627298392521055,114.5014962421
2.04355565991934,0.000775292423625426,136.650673530402
2.05307532914256,0.00050943451412099,87.4987527704062
2.06259499836579,0.000474715515582662,96.206077207731
2.07211466758902,0.000419326598882633,81.8055181505721
2.08163433681224,0.000544971047319251,114.77664041774
2.09115400603547,0.000424482812987662,85.2054759329658
2.1006736752587,0.00039124356003541,80.6222759189795
2.11019334448192,0.000354746066395078,78.032765391941
2.11971301370515,0.000356548460849369,60.8196814453653
2.12923268292838,0.000300195908758919,58.088496162983
2.1387523521516,0.000222402997247098,53.2994186223288
2.14827202137483,0.000295853295510351,64.2271754320087
2.15779169059806,0.000342137628018678,62.5300759218016
2.16731135982128,0.000265596279445121,53.8742335859214
2.17683102904451,0.000271240961207256,64.7996742385011
2.18635069826774,0.000256282150211353,53.4531058047316
2.19587036749096,0.000186970167383702,42.46989601193
2.20539003671419,0.000297659110607138,57.8259567445544
2.21490970593742,0.000312806240971559,62.7478136001191
2.22442937516064,0.00023790350794027,42.9213293699354
2.23394904438387,0.000187421027791005,37.6944875062367
2.2434687136071,0.00039317007756023,76.3447356486861
2.25298838283032,0.000201447274491142,49.1982494399607
2.26250805205355,0.000163786298749982,51.6394585623058
2.27202772127678,0.000272048178162664,65.9864017638314
2.2815473905,0.000217320197409074,58.149987905357
2.29106705972323,0.000226375979180699,59.8895798368875
2.30058672894646,0.000193235886181149,49.6783110492976
2.31010639816968,0.000148140246163268,36.4091335217091
2.31962606739291,0.000341338382876339,96.6863298760572
2.32914573661614,0.000232481200298138,64.6468211409141
2.33866540583937,0.000199226732367249,53.3400645753229
2.34818507506259,0.000157345832633546,37.8774182044233
2.35770474428582,0.000182704424421997,57.0522276157029
2.36722441350905,0.000212381101380789,62.6576330328232
2.37674408273227,0.000167974636260814,55.9556446295343
2.3862637519555,0.000240608170668704,64.5204862276559
2.39578342117873,0.000145945431143825,42.5603365632339
2.40530309040195,0.000267964626529028,85.7993187917923
2.41482275962518,0.000181446025126082,64.3487223386283
2.42434242884841,0.000112258895667728,32.2095020098702
2.43386209807163,0.000208956358178998,55.369971035306
2.44338176729486,0.000131734815229081,50.5031283257738
2.45290143651809,0.00017569253081298,46.8335592460646
2.46242110574131,0.00028680344318247,86.7082301145748
2.47194077496454,0.000182528254346502,56.4343296666811
2.48146044418777,0.000235754907238561,90.0169409878126
2.49098011341099,0.000208538719401071,69.841827010174
2.50049978263422,0.00019972188607136,66.7812096064772
2.51001945185745,0.000194261814114543,64.1486101390172
2.51953912108067,0.000221199897044956,70.4661778521743
2.5290587903039,0.000184444767732172,70.3660743857652
2.53857845952713,0.000223012318762445,76.2887308549015
2.54809812875035,0.000214100189311802,93.1548637483323
2.55761779797358,0.000130029712802901,56.5392481277301
2.56713746719681,0.000278410104324611,99.4463340609591
2.57665713642003,0.000257761298872735,100.791183640043
2.58617680564326,0.000335613278506598,117.020650689363
2.59569647486649,0.000205366377169024,69.6090821006474
2.60521614408971,0.000281441521760542,124.364789439939
2.61473581331294,0.000382242282172949,126.890700814576
2.62425548253617,0.000282827988248011,138.819779886435
2.63377515175939,0.000275711563414697,94.6989420603919
2.64329482098262,0.000262181860799127,106.844000705172
2.65281449020585,0.00034596773458918,139.166945015873
2.66233415942907,0.000273674872402851,121.945163016697
2.6718538286523,0.000373207042280796,139.401328046554
2.68137349787553,0.000360633429386301,129.28583660296
2.69089316709875,0.000210875452259379,90.3281492325392
2.70041283632198,0.000235850848853868,65.7273077602157
2.70993250554521,0.000211083968391721,79.0079874634312
2.71945217476843,0.000153772242427075,70.2442248694501
2.72897184399166,0.000323293954194032,111.828759935881
2.73849151321489,0.000214455851794861,74.1395420213673
2.74801118243811,0.000211469018373761,83.3125180723783
2.75753085166134,0.000199863768532458,65.979206408776
2.76705052088457,0.000217064931406137,89.4291013608682
2.77657019010779,0.000181412672037105,89.8101877864032
2.78608985933102,0.000162017609429717,70.3251192577974
2.79560952855425,0.000117363414089937,45.6762644030453
2.80512919777747,0.000118691506284246,48.7160288764581
2.8146488670007,0.000100787890607203,32.4092679845926
2.82416853622393,7.90909294368542e-05,39.0673706364804
2.83368820544715,0.000113592897535009,37.5334144482159
2.84320787467038,9.25959283602184e-05,33.4666491560536
2.85272754389361,0.000146024832956808,52.8972085410973
2.86224721311684,9.27414048375102e-05,40.6221469603793
2.87176688234006,0.000121567638472653,47.9322281250685
2.88128655156329,8.51299337697393e-05,29.8699656497688
2.89080622078652,8.26041284684513e-05,26.6672191441356
2.90032589000974,5.24433344466785e-05,26.068285894743
2.90984555923297,6.24053217000693e-05,30.5304518787414
2.9193652284562,5.51548667545488e-05,22.0203309100729
2.92888489767942,5.44101619759784e-05,23.0709076218691
2.93840456690265,9.11583174161386e-05,32.1782738886593
2.94792423612588,6.63733123946855e-05,26.328992651572
2.9574439053491,6.95766728739026e-05,36.426633426267
2.96696357457233,4.6242285888594e-05,28.1881739497355
2.97648324379556,6.39785606571627e-05,23.7296273342873
2.98600291301878,6.42307808824208e-05,29.9694802140726
2.99552258224201,4.29870851306402e-05,17.2448113262041
3.00504225146524,7.44298979078227e-05,28.5782243400944
3.01456192068846,6.2302660411615e-05,30.2624739924783
3.02408158991169,6.58842852202081e-05,24.5489169401234
3.03360125913492,5.4447115760307e-05,24.8013491928668
3.04312092835814,3.46799562000548e-05,14.7928764687808
3.05264059758137,6.06588734971268e-05,27.3097095882641
3.0621602668046,5.94823656434684e-05,28.0851544029487
3.07167993602782,8.19145139938505e-05,36.6243617626271
3.08119960525105,4.65023343431638e-05,21.6409545584258
3.09071927447428,7.98701633736403e-05,30.8114137953131
3.1002389436975,5.52709981431954e-05,27.1553872156314
3.10975861292073,4.50917146988719e-05,17.4716426406627
3.11927828214396,4.49627739721145e-05,35.9234858629828
3.12879795136718,4.93838899265104e-05,29.2917860473544
3.13831762059041,4.40770578426589e-05,18.7595527835157
3.14783728981364,4.75536784426505e-05,27.3950660866957
3.15735695903686,3.57124252264578e-05,28.0070709366809
3.16687662826009,6.48162540065864e-05,19.8163395102156
3.17639629748332,4.41851454460672e-05,23.713573065543
3.18591596670654,5.5503978536076e-05,24.7258064030948
3.19543563592977,4.65223149103545e-05,26.6077945827847
3.204955305153,4.41247456277522e-05,19.5731085565227
3.21447497437622,5.16835712931867e-05,20.3730694544497
3.22399464359945,4.31352663908798e-05,24.5957944172672
3.23351431282268,3.47302043133314e-05,21.5922890613308
3.2430339820459,5.36533613555025e-05,31.5269565703649
3.25255365126913,4.55981427743555e-05,19.4039960330435
3.26207332049236,3.01078238200417e-05,23.997736242889
3.27159298971558,3.73097524601652e-05,23.5939071019735
3.28111265893881,4.66622878204781e-05,27.7165327823805
3.29063232816204,3.88228153669935e-05,28.2208225960421
3.30015199738526,3.03485331760216e-05,18.9767505269254
3.30967166660849,4.79770003883992e-05,37.8739368573769
3.31919133583172,4.58278039318024e-05,24.5139039313315
3.32871100505494,4.45833707645618e-05,28.1000241789546
3.33823067427817,4.33814293246857e-05,29.7141020184361
3.3477503435014,4.92246808833565e-05,36.0572540208185
3.35727001272462,4.28116691169525e-05,25.1951373965022
3.36678968194785,3.7071248789385e-05,30.6490122467226
3.37630935117108,5.07831611074853e-05,30.0168450539582
3.3858290203943,4.75935561083458e-05,33.8998601787081
3.39534868961753,2.95074045738211e-05,24.550203412412
3.40486835884076,3.47645125442831e-05,25.9988068001692
3.41438802806399,4.5104506702487e-05,28.3988170934732
3.42390769728721,4.94473542307225e-05,35.990846297528
3.43342736651044,5.24927660811437e-05,28.3499258026154
3.44294703573367,4.10248368478021e-05,24.4347052093868
3.45246670495689,3.94451247262987e-05,41.6381232561788
3.46198637418012,5.53883320816032e-05,47.5639252667119
3.47150604340335,2.82097515208951e-05,33.8456828217654
3.48102571262657,4.01911417440982e-05,29.9636833349119
3.4905453818498,7.39491288802445e-05,65.3164463433562
3.50006505107303,4.39034079521643e-05,43.4153212079525
3.50958472029625,4.60047690494715e-05,50.4205622958249
3.51910438951948,3.41516567359653e-05,40.7785265620403
3.52862405874271,5.36505280353308e-05,44.6082263514764
3.53814372796593,3.50516434439442e-05,44.3461634738264
3.54766339718916,5.38168646251846e-05,44.760889586101
3.55718306641239,2.89841465406257e-05,34.7238640485882
3.56670273563561,5.00313651739354e-05,34.1515663489937
3.57622240485884,3.05983175061187e-05,25.6233498880707
3.58574207408207,5.05949124509766e-05,51.1669505263234
3.59526174330529,3.39031772641028e-05,46.1650706052195
3.60478141252852,5.1116148913672e-05,42.6292435821633
3.61430108175175,4.18677320817565e-05,43.4597556820118
3.62382075097497,3.3911842955851e-05,27.0323714691945
3.6333404201982,5.50741312627379e-05,36.3572117141247
3.64286008942143,4.93534640051947e-05,39.511302037685
3.65237975864465,3.7016322277049e-05,40.3154920940992
3.66189942786788,3.15170827642977e-05,24.0498342053026
3.67141909709111,4.17533163802238e-05,37.0228317919933
3.68093876631433,3.30519370677445e-05,23.8966246809777
3.69045843553756,3.5768263657195e-05,31.7333891578235
3.69997810476079,4.14997752321263e-05,31.7571517812717
3.70949777398401,2.86867071746504e-05,29.3893015122749
3.71901744320724,1.97572689599177e-05,23.3204179973114
3.72853711243047,2.27383502902959e-05,23.9485452173413
3.73805678165369,3.29692893126854e-05,29.0791184001404
3.74757645087692,1.30100731551874e-05,15.0807021861767
3.75709612010015,2.39357533322712e-05,18.2336107801138
3.76661578932337,2.44685678343008e-05,22.9008884578536
3.7761354585466,2.20402913816008e-05,22.607315536992
3.78565512776983,1.80579608649702e-05,15.3166284176719
3.79517479699305,2.38433881959137e-05,21.6925881050057
3.80469446621628,1.89536774931582e-05,16.6330989798827
3.81421413543951,2.3558177417674e-05,21.4964674301399
3.82373380466273,2.25845368849423e-05,17.5733320340684
3.83325347388596,1.75052569219225e-05,19.2353561571872
3.84277314310919,1.9860865692908e-05,17.9290050583667
3.85229281233241,2.11777661658029e-05,18.1497798211665
3.86181248155564,1.75446003102736e-05,11.7293594199551
3.87133215077887,2.04046556692037e-05,18.3318965118503
3.88085182000209,2.28411094697813e-05,12.9725289357833
3.89037148922532,2.2769499192385e-05,11.7234894155426
3.89989115844855,2.49791335300528e-05,13.8264823185283
3.90941082767177,2.02156927090509e-05,13.0411413030802
3.918930496895,2.9903861026705e-05,13.9116452687866
3.92845016611823,1.92245791799605e-05,13.426129449258
3.93796983534145,1.79164140645203e-05,11.6679667459428
3.94748950456468,2.23089450669714e-05,11.4240110956178
3.95700917378791,2.13959136505396e-05,13.4273223632921
3.96652884301113,1.78382379137168e-05,16.6036055921097
3.97604851223436,2.2317774779802e-05,15.4834625945512
3.98556818145759,2.01766767356193e-05,14.5608836530774
3.99508785068082,1.4232444506637e-05,12.553543659955
4.00460751990404,1.30298826918025e-05,12.9491946544381
4.01412718912727,1.41650553412734e-05,11.0359232475402
4.02364685835049,2.94274520644078e-05,13.1676699488714
4.03316652757372,1.91199508776164e-05,10.39624433811
4.04268619679695,1.40927767886741e-05,11.2974048528548
4.05220586602018,2.7739918966819e-05,12.0203793891927
4.0617255352434,1.4301415400547e-05,12.3845484183343
4.07124520446663,1.80551721188488e-05,18.1460076458893
4.08076487368986,1.92354048821862e-05,10.2830160242072
4.09028454291308,2.11661167164355e-05,13.0753556092779
4.09980421213631,1.57830024826926e-05,10.856366271806
4.10932388135954,1.98824462098564e-05,9.70100651209591
4.11884355058276,1.77480883628594e-05,12.2143152390269
4.12836321980599,1.3837412071097e-05,8.77089285919986
4.13788288902922,2.408086561928e-05,10.85382749793
4.14740255825244,1.1107432322678e-05,13.7196655576879
4.15692222747567,2.16690457425061e-05,9.4157037947396
4.1664418966989,1.56961686487699e-05,13.0537945514963
4.17596156592212,1.58878371721804e-05,14.2420388355846
4.18548123514535,1.9992851418971e-05,6.99406654557271
4.19500090436858,1.95787306780748e-05,13.3778868112165
4.2045205735918,1.72339943909661e-05,13.18264243654
4.21404024281503,2.30284178269191e-05,13.582369737953
4.22355991203826,2.86536588437043e-05,6.07359884705177
4.23307958126148,2.21171389817028e-05,10.3350611176505
4.24259925048471,2.62266937984316e-05,13.9068964296167
4.25211891970794,2.29941651714746e-05,12.0151399753226
4.26163858893116,2.3491780772631e-05,10.8810975019978
4.27115825815439,2.6063950779161e-05,12.7750122393755
4.28067792737762,2.41216246017749e-05,11.2763313267173
4.29019759660084,2.50331950006291e-05,12.6438514018621
4.29971726582407,1.15052016940955e-05,7.88715738080037
4.3092369350473,2.4172925972352e-05,9.46277077297019
4.31875660427052,2.40475891126363e-05,9.26277803192781
4.32827627349375,3.43220440511761e-05,9.74735227407035
4.33779594271698,1.86961773705608e-05,7.68657432499474
4.3473156119402,3.30094468016642e-05,15.4648009010248
4.35683528116343,1.92641899984454e-05,12.2578541506094
4.36635495038666,5.14797117087147e-05,11.6421058618248
4.37587461960988,2.76852268452853e-05,15.1718123821775
4.38539428883311,2.16445796504267e-05,9.48573034836845
4.39491395805634,4.19383170361173e-05,14.6961199715921
4.40443362727956,4.87110109686819e-05,13.0882984176192
4.41395329650279,2.25131276634609e-05,11.1550469420124
4.42347296572602,3.39967393064715e-05,14.2161052449431
4.43299263494924,2.99507883372906e-05,12.2797344936775
4.44251230417247,3.77163985314219e-05,16.1546574599024
4.4520319733957,2.95669716813168e-05,14.1871265371731
4.46155164261892,3.31295438758469e-05,13.6409156492167
4.47107131184215,2.43243020655389e-05,11.051307168515
4.48059098106538,2.4924034188319e-05,10.2483043365748
4.4901106502886,3.16845041331336e-05,10.1087766449927
4.49963031951183,2.02958944859536e-05,13.4888551438049
4.50914998873506,3.25766286541678e-05,10.6647012230169
4.51866965795829,3.13638920330434e-05,11.0534674385192
4.52818932718151,1.96361154180998e-05,10.2073087965508
4.53770899640474,2.9439705934246e-05,12.6950356231958
4.54722866562796,2.41226282452009e-05,11.1810749257757
4.55674833485119,2.91636408408229e-05,13.0126183928482
4.56626800407442,3.10263497536849e-05,13.914803386029
4.57578767329765,3.88856367315327e-05,13.5642372591802
4.58530734252087,2.39913120405934e-05,9.79962843256312
4.5948270117441,1.87701102231752e-05,12.9595317958823
4.60434668096733,2.29444347816867e-05,12.8496727432463
4.61386635019055,3.19371774307761e-05,12.9706645930214
4.62338601941378,2.13758184660513e-05,11.0454198311581
4.63290568863701,1.56119255604088e-05,10.5722916689701
4.64242535786023,2.73717839194785e-05,15.2935479177459
4.65194502708346,3.08265200990631e-05,13.4935288821821
4.66146469630669,1.21617400385622e-05,6.32797264134282
4.67098436552991,2.17679978138806e-05,9.12012078849893
4.68050403475314,1.24961094046395e-05,9.23135723669156
4.69002370397637,1.18986449017374e-05,7.50886078996928
4.69954337319959,1.55041450434402e-05,5.58765001596715
4.70906304242282,1.55428828425839e-05,7.50395921494722
4.71858271164605,1.18233592436386e-05,6.75318464531092
4.72810238086927,1.52938286024232e-05,7.61690509695917
4.7376220500925,1.6539951466768e-05,8.04802858265318
4.74714171931573,1.94478916315238e-05,11.2539585416604
4.75666138853895,1.40076371061399e-05,7.90158720336683
4.76618105776218,1.13663206683099e-05,8.17099049061747
4.77570072698541,1.64423167338664e-05,11.5384113935932
4.78522039620863,1.36703664792045e-05,8.7912804159747
4.79474006543186,1.60560526452562e-05,6.14770611422158
4.80425973465509,1.54416500832649e-05,6.26376891371975
4.81377940387831,1.2524550121408e-05,6.34691725105454
4.82329907310154,9.92730440158345e-06,6.64935517976667
4.83281874232477,1.00895891148098e-05,5.56983643272315
4.84233841154799,1.38109587099968e-05,10.4489931072431
4.85185808077122,1.98302412985097e-05,6.53525047851189
4.86137774999445,1.60861936498107e-05,10.5578344035288
4.87089741921767,1.19929331766169e-05,6.0382678719841
4.8804170884409,1.50203208503231e-05,8.26387105621947
4.88993675766413,2.33686956039524e-05,8.79871610962301
4.89945642688735,1.53852436436004e-05,12.8108573160967
4.90897609611058,1.08131192816477e-05,12.0991270082378
4.91849576533381,1.28737918267923e-05,11.5251988201982
4.92801543455703,1.39457277027056e-05,8.68592185172376
4.93753510378026,1.32928839213218e-05,4.51106406318058
4.94705477300349,2.12779246288686e-05,9.58295884654306
4.95657444222671,7.5545831532176e-06,7.64950729685227
4.96609411144994,9.74637674414006e-06,6.8196000553427
4.97561378067317,2.12079595580396e-05,11.0321096988827
4.98513344989639,1.26444189453039e-05,6.30379854979675
4.99465311911962,1.5565714734872e-05,9.90452487755457
5.00417278834285,2.00131228457139e-05,7.12679403519746
5.01369245756607,1.31358476463891e-05,8.64837446802124
5.0232121267893,1.70373177275724e-05,8.77848030364303
5.03273179601253,1.58240927061832e-05,8.72274793103069
5.04225146523576,1.37708916791622e-05,10.1409101339009
5.05177113445898,1.30672158266169e-05,11.0969295333713
5.06129080368221,1.94086154360817e-05,8.30334258643504
5.07081047290543,1.29525399962316e-05,9.15273033034859
5.08033014212866,2.01077286612451e-05,7.98080733573983
5.08984981135189,2.18573813714717e-05,14.1878367520555
5.09936948057512,2.30269862917058e-05,13.1435935924569
5.10888914979834,2.33630443332665e-05,13.3449978373482
5.11840881902157,1.71936286986524e-05,7.22801441116509
5.1279284882448,2.7376863554096e-05,12.4271180489838
5.13744815746802,1.64314068709205e-05,9.46206923372773
5.14696782669125,2.00654504179536e-05,6.83678859916463
5.15648749591448,1.51068100481706e-05,10.4314280056832
5.1660071651377,2.3614767566775e-05,8.41566108841018
5.17552683436093,2.09903495644529e-05,10.3685760363197
5.18504650358416,2.3541893496103e-05,9.7996620535445
5.19456617280738,3.23323073235726e-05,15.2443884247996
5.20408584203061,1.79818808313036e-05,8.33377419425933
5.21360551125384,1.87661841271585e-05,8.79566217084772
5.22312518047706,1.85007413614949e-05,9.58125421535264
5.23264484970029,2.28715287028955e-05,14.2298703118585
5.24216451892352,3.20277003325632e-05,18.615015522875
5.25168418814674,2.06955793943356e-05,10.1240092414041
5.26120385736997,2.6818762071793e-05,13.0065488140413
5.2707235265932,1.96451528763658e-05,11.9484666364371
5.28024319581642,3.67827223055556e-05,12.5979004569846
5.28976286503965,1.53376611108573e-05,7.95717779338755
5.29928253426288,2.77154269495759e-05,11.8321529468932
5.3088022034861,2.40872472369985e-05,22.4436507762787
5.31832187270933,1.81108937289092e-05,7.35743761047477
5.32784154193256,3.18302785163631e-05,18.2816033866431
5.33736121115578,2.8738102992358e-05,13.764762538199
5.34688088037901,4.86896499173901e-05,21.354980225914
5.35640054960224,2.52628953920104e-05,10.6415923871453
5.36592021882546,2.51390178997163e-05,10.7947285206653
5.37543988804869,3.09626676045595e-05,19.8362866205189
5.38495955727192,2.55152001257433e-05,24.2164055177589
5.39447922649514,2.19159070565746e-05,12.1523082130535
5.40399889571837,2.94914750061253e-05,19.9171169988381
5.4135185649416,2.32229677464031e-05,18.6447769540054
5.42303823416482,3.19573447054167e-05,14.7721974639359
5.43255790338805,2.93879239717638e-05,11.1423127328749
5.44207757261128,2.88430639225217e-05,14.9533476977662
5.4515972418345,3.14015368014866e-05,25.8879196291963
5.46111691105773,2.89153673286692e-05,14.0269746261197
5.47063658028096,2.46802403864513e-05,12.075771845108
5.48015624950418,3.00628152166536e-05,21.5064084349122
5.48967591872741,2.68646986346067e-05,18.2777381281416
5.49919558795064,1.78497564670825e-05,9.39923090106267
5.50871525717386,3.11829008179483e-05,18.1679645037053
5.51823492639709,3.11803242008199e-05,22.4681844380921
5.52775459562032,2.59260706444071e-05,19.8648326291925
5.53727426484354,1.68645825021525e-05,10.5591121353998
5.54679393406677,2.28823222530945e-05,16.3203512290386
5.55631360329,2.9075348834121e-05,29.6107455388987
5.56583327251322,2.05290140795866e-05,13.2250499302608
5.57535294173645,1.64089453920741e-05,13.3290175060239
5.58487261095968,1.72690906736435e-05,13.9165777746427
5.5943922801829,1.16014171823546e-05,17.0292166917699
5.60391194940613,1.49458898760179e-05,9.58345268797618
5.61343161862936,1.40892241159253e-05,9.26399497165404
5.62295128785258,1.77038001577226e-05,20.8678979319019
5.63247095707581,2.72293641979233e-05,14.8183245010852
5.64199062629904,2.35562882360275e-05,22.4637861572457
5.65151029552227,2.84859241223888e-05,14.696766885137
5.66102996474549,2.12683316829011e-05,12.5159991680922
5.67054963396872,1.12423243954565e-05,13.2879805387774
5.68006930319195,1.4126063691557e-05,21.8810377559096
5.68958897241517,1.89154588998861e-05,9.79156221700193
5.6991086416384,1.34941002603216e-05,8.02091247206653
5.70862831086163,1.02268313971837e-05,7.80773095645838
5.71814798008485,1.78579274592803e-05,10.7966261265625
5.72766764930808,1.36010776678257e-05,12.9763319739989
5.73718731853131,1.39626266822926e-05,8.26886776323975
5.74670698775453,1.12702793575086e-05,7.37341073151053
5.75622665697776,1.14742080491201e-05,6.76730993272629
5.76574632620099,1.98498725656995e-05,16.7325211655751
5.77526599542421,1.63708561821513e-05,11.4940323213802
5.78478566464744,1.02521761967361e-05,7.93763882505386
5.79430533387067,1.21301714422953e-05,7.46027103750494
5.80382500309389,1.21635598986361e-05,11.7087141462208
5.81334467231712,1.81106125184971e-05,10.8110096729918
5.82286434154035,1.4665611549753e-05,7.87493074964819
5.83238401076357,1.46001487932338e-05,10.1989521584795
5.8419036799868,1.29373609873384e-05,14.2017833832579
5.85142334921003,1.56395791037106e-05,15.1005826039002
5.86094301843325,1.24612859671399e-05,7.80250189782598
5.87046268765648,8.17371484990072e-06,9.64238214603294
5.87998235687971,1.1710545550268e-05,8.77189577261763
5.88950202610293,9.31949042309816e-06,8.96985516488986
5.89902169532616,9.92432007935633e-06,6.05424265199473
5.90854136454939,1.00483285184164e-05,7.29596535521872
5.91806103377261,1.22621137845357e-05,7.13372700246553
5.92758070299584,1.32896555843161e-05,7.31777127271419
5.93710037221907,6.58574443277983e-06,5.00826427369772
5.94662004144229,1.04986066691842e-05,6.84333639293013
5.95613971066552,7.68504349768732e-06,7.15572303708826
5.96565937988875,1.31326951482243e-05,12.5084201055004
5.97517904911197,1.06644849468312e-05,9.48832450111394
5.9846987183352,9.11785180607933e-06,5.35851098086608
5.99421838755843,8.57565451783375e-06,6.81281456403094
6.00373805678165,6.9251761425629e-06,6.06046739303437
6.01325772600488,1.0322139878203e-05,6.16892240038911
6.02277739522811,1.32793103554725e-05,7.56206021376442
6.03229706445133,1.36310976625569e-05,7.97457392806599
6.04181673367456,9.55776389182519e-06,5.45235232758184
6.05133640289779,8.51254731661442e-06,5.47720937078518
6.06085607212101,7.10425786295741e-06,7.69381640668476
6.07037574134424,7.46258424959696e-06,5.47358887102132
6.07989541056747,9.61156892713875e-06,7.32461563887918
6.08941507979069,1.06584624090541e-05,10.7639387759592
6.09893474901392,9.57516921778851e-06,4.07573184706911
6.10845441823715,1.45449049590221e-05,8.49972703796225
6.11797408746037,7.95608336661945e-06,5.65900874757718
6.1274937566836,1.07793614595143e-05,10.3561158451428
6.13701342590683,1.00037536990466e-05,8.89219473897614
6.14653309513005,1.04793561129955e-05,7.49219508091277
6.15605276435328,1.1745404656964e-05,8.65642993901821
6.16557243357651,6.82343495227102e-06,6.30522485852873
6.17509210279974,1.01461649801999e-05,10.6138927047853
6.18461177202296,6.90388045261087e-06,6.3119869228795
6.19413144124619,1.11214227638419e-05,6.1907052214146
6.20365111046942,1.0705183238594e-05,10.7260500245109
6.21317077969264,1.33184068902189e-05,8.99839822288079
6.22269044891587,1.20969419443131e-05,8.90642339455064
6.2322101181391,8.8334581828293e-06,4.78842850962951
6.24172978736232,1.0135549414917e-05,7.46276294286984
6.25124945658555,1.05919299151761e-05,7.50749677348127
6.26076912580878,1.04816024454698e-05,8.79631092017704
6.270288795032,4.70283601762328e-06,8.12198852958375
6.27980846425523,1.28712294802279e-05,5.58254035730515
6.28932813347846,6.41665205318522e-06,8.03440740827402
6.29884780270168,7.30061719971662e-06,8.06676532089442
6.30836747192491,7.79949554783921e-06,6.62441458198045
6.31788714114814,6.71214217288158e-06,6.16394054050888
6.32740681037136,7.54629046979892e-06,8.06680975321559
6.33692647959459,8.63003458307391e-06,5.91844493762287
6.34644614881782,8.43295710441314e-06,5.91030786470714
6.35596581804104,7.55074850499509e-06,4.08350732250369
6.36548548726427,1.14492739086367e-05,8.4792715111016
6.3750051564875,7.29423478837634e-06,7.61068400416635
6.38452482571072,8.40524737678911e-06,9.54178726090609
6.39404449493395,6.4348400178443e-06,5.4260659661479
6.40356416415718,8.99080385797936e-06,8.73055416920613
6.4130838333804,6.17634357905767e-06,8.30268810832614
6.42260350260363,8.59504078258745e-06,4.26278402607612
6.43212317182686,5.99535248532745e-06,5.53239811987852
6.44164284105008,7.94650925975392e-06,5.75754044166612
6.45116251027331,7.84028225459371e-06,8.97345831683549
6.46068217949654,9.17108616520314e-06,5.74199790306964
6.47020184871976,7.65858954165791e-06,4.43979598350699
6.47972151794299,9.01348627926517e-06,6.04230580318902
6.48924118716622,6.80251400156879e-06,4.04000212152696
6.49876085638944,8.92059349345176e-06,5.99528047080549
6.50828052561267,8.24301112050224e-06,11.9528686808248
6.5178001948359,5.74278595712032e-06,4.8522653747801
6.52731986405912,8.49931265522832e-06,4.6765278417136
6.53683953328235,5.74181778335459e-06,3.96798573868045
6.54635920250558,6.73270339038656e-06,4.87186078765404
6.5558788717288,7.7841372748132e-06,7.10874376761127
6.56539854095203,5.5033984989765e-06,4.02305266019069
6.57491821017526,6.66988769798375e-06,4.74301009381699
6.58443787939848,6.88597892281828e-06,4.24133444889043
6.59395754862171,6.50808839420974e-06,5.18786905857651
6.60347721784494,8.71989922194113e-06,4.47894505081041
6.61299688706816,5.78133092490214e-06,3.86759090600677
6.62251655629139,7.35679388279816e-06,5.22363667132701
6.63203622551462,5.77537558159146e-06,5.37760877438347
6.64155589473784,5.84091039720461e-06,3.50884943291691
6.65107556396107,4.27745564046271e-06,4.22083943387758
6.6605952331843,6.56459679896967e-06,4.55201565866218
6.67011490240752,5.11833291015876e-06,3.58496101283119
6.67963457163075,6.64265406010842e-06,3.28386749865327
6.68915424085398,5.83010260919377e-06,2.50672144617701
6.69867391007721,4.31822591782812e-06,4.85167513316813
6.70819357930043,5.67633622499919e-06,3.0182717089979
6.71771324852366,3.82596637081063e-06,2.0493161986445
6.72723291774689,5.73620342046021e-06,4.10345022788631
6.73675258697011,4.94540128167455e-06,3.04100559845278
6.74627225619334,4.264742628955e-06,4.01820367392488
6.75579192541657,7.584505560492e-06,2.62822016279072
6.76531159463979,6.74864958301336e-06,3.64719747760053
6.77483126386302,6.46861099226858e-06,2.85308155176091
6.78435093308625,4.19286951094392e-06,2.38199112607049
6.79387060230947,4.36561131572771e-06,3.77821728231402
6.8033902715327,6.10898566326472e-06,3.38544567971701
6.81290994075593,8.15902736967178e-06,2.60585190803167
6.82242960997915,6.27233306566478e-06,3.80900094783809
6.83194927920238,5.19283667750139e-06,4.17200103301524
6.84146894842561,5.00070676023215e-06,3.51289923960868
6.85098861764883,5.37831256286983e-06,2.96802776574971
6.86050828687206,6.39568888900306e-06,4.29207284415975
6.87002795609529,5.0446510803624e-06,3.1969075048304
6.87954762531851,4.86658029316499e-06,3.1736012968884
6.88906729454174,5.50404604898409e-06,2.23438166584949
6.89858696376497,5.77782357936166e-06,2.63609058661491
6.90810663298819,6.35821593250841e-06,3.11092787063867
6.91762630221142,3.87492741090701e-06,2.4299345138238
6.92714597143465,4.45009681638637e-06,2.83603258462985
6.93666564065787,4.23687779812023e-06,2.52887667217118
6.9461853098811,3.84866640393968e-06,2.5153988497411
6.95570497910433,5.30876304822e-06,1.98595554031387
6.96522464832755,4.26723861751172e-06,1.86446426338371
6.97474431755078,3.43588958040971e-06,1.43146313589121
6.98426398677401,3.45704139628985e-06,2.15510333595974
6.99378365599723,4.81194938890359e-06,1.80857062858156
7.00330332522046,5.14457914930431e-06,3.13231581024521
7.01282299444369,6.26435679024094e-06,4.39261493169935
7.02234266366691,5.37061582287936e-06,3.40372249941404
7.03186233289014,5.88930263189634e-06,3.75126385631884
7.04138200211337,4.87933657806376e-06,2.45864426061983
7.05090167133659,5.59695213854417e-06,2.04721924421166
7.06042134055982,4.21773520178972e-06,3.04859196617027
7.06994100978305,3.78291981366167e-06,2.5530911454211
7.07946067900627,5.03379253867857e-06,1.74459573020192
7.0889803482295,4.62746495647373e-06,2.93540467753426
7.09850001745273,3.99873024804092e-06,2.19429503342283
7.10801968667595,6.25247095182906e-06,2.25045613384308
7.11753935589918,4.26380486666174e-06,2.81462192265927
7.12705902512241,4.05914942956667e-06,2.34522356118921
7.13657869434563,4.67348345570839e-06,2.46857498896901
7.14609836356886,3.86861748756442e-06,2.30209277265565
7.15561803279209,3.67466039540385e-06,2.58128685204596
7.16513770201531,3.47156475472099e-06,2.17366598496461
7.17465737123854,2.63690415370719e-06,2.55936801633387
7.18417704046177,4.5975382590488e-06,2.76119841075691
7.19369670968499,4.54338788336122e-06,2.3684071689611
7.20321637890822,3.69913068387004e-06,1.37012978171878
7.21273604813145,3.82640988961532e-06,2.28928236940517
7.22225571735467,2.79642735727585e-06,2.35543573369159
7.2317753865779,4.22021144157321e-06,2.26416828140787
7.24129505580113,3.54056277298346e-06,1.69053331301135
7.25081472502436,3.95753058716756e-06,1.42011143797356
7.26033439424758,4.92163478590623e-06,3.16574874034146
7.26985406347081,4.78177140621083e-06,1.90667221786028
7.27937373269403,3.69699434053979e-06,2.46909621146232
7.28889340191726,2.6696462221788e-06,1.76060922124132
7.29841307114049,5.44367239932969e-06,1.72132435105545
7.30793274036372,3.87955066925654e-06,1.76940955264334
7.31745240958694,5.0694339375041e-06,1.86939367634518
7.32697207881017,4.38406602620011e-06,1.4480704997593
7.3364917480334,2.35608609706805e-06,2.07210370515002
7.34601141725662,2.89748591509048e-06,2.27376078364564
7.35553108647985,3.94330474490325e-06,1.9957098555653
7.36505075570308,4.19695347867693e-06,2.76747305470081
7.3745704249263,4.87472874408199e-06,2.11721085997853
7.38409009414953,3.75392860113696e-06,1.88639087508962
7.39360976337276,4.06572105290945e-06,1.98778490728397
7.40312943259598,4.3418073090089e-06,2.52077465516611
7.41264910181921,3.79012768460828e-06,1.90334778739735
7.42216877104244,2.89871324172851e-06,1.51532780116454
7.43168844026566,4.60985196128567e-06,2.71716651550691
7.44120810948889,4.13028900313176e-06,1.96221743819024
7.45072777871212,4.14791999029389e-06,1.60875566927269
7.46024744793534,3.08218822797408e-06,1.48691029337895
7.46976711715857,3.50032041691315e-06,1.78626415496176
7.4792867863818,3.5416680460805e-06,1.0266799753496
7.48880645560502,4.32126853075416e-06,1.31266074536661
7.49832612482825,3.69394933652463e-06,1.37700309661946
7.50784579405148,4.05560096229173e-06,1.37203374166714
7.5173654632747,4.6183035436654e-06,1.56346730840043
7.52688513249793,3.06267044497296e-06,1.91525441720752
7.53640480172116,4.40797493454113e-06,1.95698953857328
7.54592447094438,4.4345688252262e-06,2.03037932245135
7.55544414016761,3.99540433735075e-06,1.09288553895846
7.56496380939084,2.40519213802249e-06,1.51133843492807
7.57448347861406,2.62456571209361e-06,1.07035359713023
7.58400314783729,3.17942566332411e-06,1.70616845458273
7.59352281706052,4.67639547102408e-06,1.74868453744565
7.60304248628374,6.09967751119963e-06,1.80395012265999
7.61256215550697,2.84747386516835e-06,0.899424610320755
7.6220818247302,4.10455285383805e-06,1.20832907652421
7.63160149395342,4.75463222818124e-06,0.922186589227363
7.64112116317665,3.73211272478714e-06,1.21854095912582
7.65064083239988,2.96785834753242e-06,1.15777618878725
7.6601605016231,3.36622066086646e-06,1.30881601775114
7.66968017084633,4.04847085932016e-06,1.37834639127665
7.67919984006956,3.21268124173675e-06,0.92550798771751
7.68871950929278,2.85336355129068e-06,1.65717134272354
7.69823917851601,3.18121591761249e-06,0.858976227579891
7.70775884773924,3.1793180749783e-06,1.3780394543401
7.71727851696246,2.67978438097438e-06,1.69735453226206
7.72679818618569,3.61052814362392e-06,1.22397525791044
7.73631785540892,2.8143467620523e-06,1.21917134887681
7.74583752463214,4.51151867172955e-06,1.45667118332781
7.75535719385537,3.00794668889611e-06,1.281782426737
7.7648768630786,4.32291456452524e-06,1.63935081817984
7.77439653230183,3.47821840245317e-06,2.29797326301566
7.78391620152505,3.13772589497688e-06,1.09511598343632
7.79343587074828,4.18178606665905e-06,1.57251752829872
7.8029555399715,3.71897192881113e-06,1.13887879353165
7.81247520919473,3.79140700726153e-06,1.24973937512557
7.82199487841796,3.69634639432327e-06,1.4313482864063
7.83151454764119,2.28141110553233e-06,1.25294430690456
7.84103421686441,3.12631806340972e-06,1.51593573143558
7.85055388608764,3.00572609160312e-06,2.04400597561191
7.86007355531087,3.64301108156541e-06,0.9838016012668
7.86959322453409,2.65751613603248e-06,1.23964653387802
7.87911289375732,2.98007151580719e-06,0.74568433960791
7.88863256298055,3.30420084331498e-06,1.14279250822987
7.89815223220377,2.37007239584836e-06,1.59468355639189
7.907671901427,2.83605531179122e-06,1.41612532134569
7.91719157065023,3.1252619517429e-06,1.14217523735435
7.92671123987345,3.03026270274272e-06,1.40322864425654
7.93623090909668,4.56237454809407e-06,0.858718517968733
7.94575057831991,3.4890033475841e-06,1.24572973065115
7.95527024754313,2.70758350136119e-06,1.2567062891721
7.96478991676636,4.30357402590377e-06,1.7518540376327
7.97430958598959,4.60532438654728e-06,1.02164328305358
7.98382925521281,3.04698486772147e-06,1.6023283687795
7.99334892443604,3.18577266628079e-06,1.61906393341659
8.00286859365927,2.77956181630562e-06,1.54634795771051
8.01238826288249,3.86234628819877e-06,1.18185576828397
8.02190793210572,4.92874614127684e-06,1.12279262482859
8.03142760132895,4.83649788075142e-06,1.19950147986232
8.04094727055217,3.11744332017753e-06,1.6130718493439
8.0504669397754,4.29355532496606e-06,1.55859468133004
8.05998660899863,2.97758754111462e-06,1.29784787649044
8.06950627822185,2.79958748960568e-06,1.04578299267773
8.07902594744508,4.96168783050729e-06,1.20215891924933
8.08854561666831,3.78182054380686e-06,1.45747171722898
8.09806528589153,4.16527090688099e-06,1.46591822094035
8.10758495511476,2.48545450146724e-06,1.07143330570142
8.11710462433799,2.64790759790238e-06,1.02756002405
8.12662429356121,3.23068935940867e-06,1.53218317425857
8.13614396278444,2.49407610100067e-06,0.993709300745977
8.14566363200767,3.92595702593634e-06,1.2209288986964
8.15518330123089,4.51355212676316e-06,1.29416549547817
8.16470297045412,3.25264840445882e-06,1.235225921973
8.17422263967735,3.6214314103782e-06,1.31249755934168
8.18374230890057,3.51790185685962e-06,1.17739682433131
8.1932619781238,3.12227266744604e-06,1.3149843642795
8.20278164734703,3.39296323377618e-06,1.08143832536143
8.21230131657025,2.82795701066873e-06,1.20485415495207
8.22182098579348,3.47261143957299e-06,1.50167457030748
8.23134065501671,3.51771849613718e-06,0.827662312373029
8.24086032423993,4.76485521082595e-06,1.14943139502215
8.25037999346316,2.66982141011626e-06,0.88675963989794
8.25989966268639,3.34171589394268e-06,0.926326366219177
8.26941933190961,3.20298369004145e-06,1.06699606192793
8.27893900113284,3.67816762745636e-06,1.08568027633418
8.28845867035607,4.03710029417488e-06,1.17499984221096
8.29797833957929,4.22318929360269e-06,1.26614072134189
8.30749800880252,4.01455900563126e-06,0.972306129063053
8.31701767802575,2.40854063071038e-06,1.18743833012302
8.32653734724897,2.66934924017247e-06,1.11810876793128
8.3360570164722,2.55831865970171e-06,0.895912680279441
8.34557668569543,3.5851224666625e-06,1.38331088767963
8.35509635491865,3.32846773708977e-06,0.875942517595515
8.36461602414188,2.28334985995212e-06,1.3609417971761
8.37413569336511,2.42669785382428e-06,0.870789079956521
8.38365536258834,2.92016045694158e-06,0.985376803135095
8.39317503181156,2.03527106540536e-06,1.14964673612313
8.40269470103479,2.47818096136703e-06,1.25063485275461
8.41221437025801,3.7775694571372e-06,1.24174652870215
8.42173403948124,4.19371855239715e-06,0.89060934653633
8.43125370870447,4.21897208203516e-06,0.887931514740542
8.44077337792769,2.50385342412445e-06,1.63933943927372
8.45029304715092,1.76992992608766e-06,1.03312906790582
8.45981271637415,2.54053366066974e-06,1.65962587769301
8.46933238559738,2.90111738587829e-06,1.04491799697868
8.4788520548206,3.5534903081262e-06,1.39192407905184
8.48837172404383,3.09563534743519e-06,1.04675762057181
8.49789139326706,2.51141713890406e-06,1.40118636717914
8.50741106249028,2.70585666392774e-06,0.993158195259065
8.51693073171351,2.18427385857551e-06,0.90604228967797
8.52645040093674,4.0513595925918e-06,1.17342651381786
8.53597007015996,2.70905641772545e-06,1.04868527972035
8.54548973938319,2.67752180420261e-06,1.09060850986689
8.55500940860642,2.78060857458614e-06,1.00588608767795
8.56452907782964,3.28690368994606e-06,1.2844385020185
8.57404874705287,2.52584932684266e-06,0.966622705228105
8.5835684162761,3.05022813321333e-06,1.2965540887269
8.59308808549932,3.0836970797627e-06,1.10168549701626
8.60260775472255,3.05901341803807e-06,0.826626549636059
8.61212742394578,1.82919430516308e-06,0.718710020373676
8.621647093169,3.23041044724534e-06,1.13693921558265
8.63116676239223,3.92504345052354e-06,1.08611361023521
8.64068643161546,2.8131407502039e-06,0.599493413412987
8.65020610083868,2.32700110927555e-06,1.27346823873183
8.65972577006191,2.91475404188616e-06,1.08979241487837
8.66924543928514,3.30703944093746e-06,0.716773428417299
8.67876510850836,3.09885670119756e-06,0.773177632540739
8.68828477773159,2.73051597038178e-06,0.932514248504855
8.69780444695482,2.38116535813306e-06,1.38388996169554
8.70732411617804,2.9503391263236e-06,1.11487180646432
8.71684378540127,3.58376192579134e-06,1.13148883886634
8.7263634546245,3.32030922336582e-06,1.01643914803999
8.73588312384772,3.38916945257467e-06,0.93120961224388
8.74540279307095,2.34293109816608e-06,1.14945984583957
8.75492246229418,2.99368536310945e-06,1.23934902471221
8.7644421315174,2.5155972022309e-06,0.65970309448367
8.77396180074063,2.5131672173776e-06,0.67702444829161
8.78348146996386,2.90197200796375e-06,0.860421265618825
8.79300113918708,2.47258990389341e-06,0.679452691505892
8.80252080841031,2.62683766327257e-06,0.935354952912104
8.81204047763354,2.23536947136102e-06,0.618544747166622
8.82156014685676,2.59323122163078e-06,0.762570252414041
8.83107981607999,3.5821547416462e-06,0.697793189788461
8.84059948530322,2.91080637522916e-06,1.02380290982956
8.85011915452644,3.12688341416476e-06,0.891198263283299
8.85963882374967,3.00620219191614e-06,0.762426774270884
8.8691584929729,3.1155374167634e-06,1.00268507398766
8.87867816219612,2.79410214982711e-06,1.04037325200493
8.88819783141935,2.9907445586818e-06,0.87605411826373
8.89771750064258,3.2461896736057e-06,0.88539678834653
8.90723716986581,2.84817652594314e-06,0.699991833384084
8.91675683908903,2.24007059862531e-06,0.617655472449932
8.92627650831226,2.54016167086549e-06,0.773966798231047
8.93579617753548,3.91821842143468e-06,0.991881078160478
8.94531584675871,3.41045745277967e-06,1.16995933928885
8.95483551598194,2.84965509853314e-06,0.907343336236289
8.96435518520516,2.44557685774482e-06,0.72532176611754
8.97387485442839,2.99845583703108e-06,1.17123070209689
8.98339452365162,2.89335753703962e-06,0.859712446568757
8.99291419287485,2.43340800375371e-06,0.913519920498708
9.00243386209807,1.84693083472563e-06,0.782465018433737
9.0119535313213,1.7680063578912e-06,0.794188484190569
9.02147320054453,1.75400563695065e-06,0.812396569088014
9.03099286976775,2.27372392196035e-06,0.888037036392169
9.04051253899098,2.56768127745856e-06,0.785927942179167
9.05003220821421,2.68537737156861e-06,0.639603640870626
9.05955187743743,3.68974704689197e-06,0.755600132036915
9.06907154666066,2.5545503169545e-06,0.548432596159807
9.07859121588389,3.06987364488569e-06,0.907221888717236
9.08811088510711,2.73658132409959e-06,1.21197329906118
9.09763055433034,2.40735912294078e-06,0.875026844158304
9.10715022355357,2.75555020496836e-06,0.834547995569139
9.11666989277679,2.55400829553661e-06,1.11817175464568
9.12618956200002,2.06694032607027e-06,0.673091834641589
9.13570923122325,2.21694083135122e-06,0.836740400335093
9.14522890044647,2.39238357825531e-06,1.05464695123184
9.1547485696697,2.40798453811756e-06,1.42129706875611
9.16426823889293,2.57503235642362e-06,0.705879004126268
9.17378790811615,2.22612662276314e-06,0.892079555425634
9.18330757733938,2.78595597447129e-06,1.05252534744025
9.19282724656261,2.61723187402181e-06,0.868225040052991
9.20234691578583,1.82602571558861e-06,0.851702793829872
9.21186658500906,2.87921775149588e-06,0.747463083160409
9.22138625423229,2.508948081713e-06,0.703689064263853
9.23090592345551,2.83440907303323e-06,0.628481530618227
9.24042559267874,2.34119335371799e-06,0.82766848479005
9.24994526190197,2.52744502834051e-06,0.616385006302374
9.25946493112519,2.55554086297782e-06,0.715140911680418
9.26898460034842,2.00505001922246e-06,0.872016903970256
9.27850426957165,2.33413404874253e-06,0.768038533093388
9.28802393879487,2.72441859856658e-06,0.578776200561448
9.2975436080181,3.06373102741902e-06,0.982180084282343
9.30706327724133,1.55668355085343e-06,0.692324637881523
9.31658294646455,2.48779368122507e-06,0.542965477391095
9.32610261568778,2.51247686727263e-06,0.758356879383913
9.33562228491101,2.08552112788118e-06,0.763466202609558
9.34514195413423,1.94526681446987e-06,0.814413825000371
9.35466162335746,1.73866000194864e-06,1.02337224470775
9.36418129258069,1.97651252327692e-06,0.808724492184167
9.37370096180391,2.49421048743176e-06,0.547225733492089
9.38322063102714,2.08647667061362e-06,0.94467289807106
9.39274030025037,2.52702855122773e-06,0.743751221685629
9.40225996947359,2.5636676026901e-06,0.763713442939777
9.41177963869682,2.36687228034388e-06,0.782592458784673
9.42129930792005,3.47792189050357e-06,0.750395241441226
9.43081897714328,2.91484761742521e-06,0.840566826293425
9.4403386463665,2.09969658162547e-06,0.894757561380758
9.44985831558973,2.87348798027397e-06,0.758213208129466
9.45937798481295,2.05708276940738e-06,0.743262298110808
9.46889765403618,2.31154408734988e-06,1.14067584413127
9.47841732325941,2.64131444258002e-06,0.737461093563237
9.48793699248263,2.24597846086191e-06,1.18680153349328
9.49745666170586,2.21125825192841e-06,0.484428822491806
9.50697633092909,2.17844804811326e-06,0.479412166304565
9.51649600015232,2.45760276742115e-06,0.630954918926938
9.52601566937554,2.64541434668411e-06,0.6112228217432
9.53553533859877,2.96332161780657e-06,0.777040099481385
9.545055007822,3.34504639961492e-06,0.798861044707691
9.55457467704522,2.41133233305872e-06,0.637995318811396
9.56409434626845,2.77566166586875e-06,0.750236280199391
9.57361401549168,2.85115604933252e-06,0.520219129293657
9.5831336847149,1.78589556192178e-06,0.804814065125682
9.59265335393813,2.51675367594765e-06,1.09574478070867
9.60217302316136,1.84480179144707e-06,0.802534458184884
9.61169269238458,2.26998669770152e-06,0.47410366309398
9.62121236160781,2.27791146780771e-06,0.998225610539063
9.63073203083104,1.84045776179865e-06,0.357771362066761
9.64025170005426,2.20139377012248e-06,0.885937488159594
9.64977136927749,2.01971902964855e-06,0.701360900482024
9.65929103850072,3.38756737752053e-06,0.694625115741211
9.66881070772394,2.32300144047889e-06,0.727056304571098
9.67833037694717,1.95516853727384e-06,0.717241958599472
9.6878500461704,2.02496318879705e-06,0.778429038886618
9.69736971539362,2.0408030477927e-06,0.780265395628831
9.70688938461685,1.91382109956361e-06,0.676793268886774
9.71640905384008,2.29459948964659e-06,0.703382809615237
9.7259287230633,2.04595037410626e-06,0.67498313504302
9.73544839228653,1.79042760225758e-06,0.661065927884558
9.74496806150976,3.31893856679404e-06,0.550329386063524
9.75448773073298,2.6714806645444e-06,1.00405181069011
9.76400739995621,1.58308838749055e-06,0.955733854146941
9.77352706917944,2.32979002336607e-06,0.778841157396021
9.78304673840266,1.63855262726214e-06,0.542915242402374
9.79256640762589,2.3303626192865e-06,1.00311128775955
9.80208607684912,2.80184417146251e-06,0.676407761734879
9.81160574607234,2.70513362052952e-06,0.732932664763065
9.82112541529557,2.02462109313877e-06,1.06011380082376
9.8306450845188,1.65922633366936e-06,0.675810822014792
9.84016475374202,2.53229610684111e-06,0.845736822597827
9.84968442296525,2.61654730447184e-06,0.974963910168532
9.85920409218848,2.27190244279664e-06,0.804110488747456
9.8687237614117,2.87428450398877e-06,0.597763161964121
9.87824343063493,1.65174042609946e-06,0.628313719517049
9.88776309985816,1.80420395205736e-06,0.768715881490378
9.89728276908138,1.70294083657368e-06,0.862623279865445
9.90680243830461,1.88543983369251e-06,0.696889582460344
9.91632210752784,1.92715299227535e-06,0.607513012660903
9.92584177675106,2.02205744093578e-06,0.794346524448914
9.93536144597429,2.63464611062032e-06,0.775245148635958
9.94488111519752,1.51546905809619e-06,0.594550538964888
9.95440078442074,2.60692663217703e-06,0.530826883580525
9.96392045364397,2.66700408126966e-06,0.813730894635035
9.9734401228672,3.09349791146915e-06,1.09987189066977
9.98295979209042,2.12673422552722e-06,0.428082032178608
9.99247946131365,2.02691957496026e-06,0.654502598574553
10.0019991305369,1.89220890942742e-06,0.530281889310982
10.0115187997601,3.85200644455673e-06,0.777143394820925
10.0210384689833,2.13618213812981e-06,0.705101258297346
10.0305581382066,2.43916445058444e-06,0.62690585947181
10.0400778074298,2.42106156156741e-06,0.968126089798413
10.049597476653,2.07910978428052e-06,0.601079719501136
10.0591171458762,1.97725281978694e-06,0.923448902276777
10.0686368150995,2.41070343253488e-06,0.577981700872418
10.0781564843227,2.54933034286079e-06,1.01646100759792
10.0876761535459,2.90527847039664e-06,1.08722698133298
10.0971958227691,2.06509609586641e-06,0.953921745015259
10.1067154919924,1.70640448929661e-06,0.750030492589143
10.1162351612156,1.64842348025402e-06,0.594566542976729
10.1257548304388,2.12263243926942e-06,0.674994181784444
10.1352744996621,2.22892704167878e-06,0.61547260111953
10.1447941688853,2.87435408103241e-06,0.863884923419879
10.1543138381085,2.29423142927825e-06,0.616802356442241
10.1638335073317,1.69555775298199e-06,0.694628188745832
10.173353176555,1.62169892763725e-06,0.538523784631708
10.1828728457782,1.86570065560756e-06,0.861137454711604
10.1923925150014,2.48933480995631e-06,0.459091429018534
10.2019121842246,2.20883754529792e-06,0.897871613291024
10.2114318534479,2.50255498506292e-06,0.813781588793364
10.2209515226711,2.2480925809718e-06,0.936997019236856
10.2304711918943,1.84815129515957e-06,0.791588319475422
10.2399908611175,1.91056349417092e-06,0.799527357097459
10.2495105303408,1.36055336849914e-06,0.858305316758232
10.259030199564,1.50200792834384e-06,0.701577234677195
10.2685498687872,1.84742343136632e-06,0.907672196634823
10.2780695380105,1.94455906135813e-06,0.500560688678514
10.2875892072337,1.99710549300915e-06,0.509560488184435
10.2971088764569,1.74449684258942e-06,0.792213556872466
10.3066285456801,3.05747691788638e-06,0.619690182572402
10.3161482149034,1.09518116129099e-06,0.63796276161118
10.3256678841266,2.18050481219485e-06,0.525279903942979
10.3351875533498,1.80791783461471e-06,0.671532545784895
10.344707222573,2.12801340779223e-06,0.705507165365715
10.3542268917963,2.07211749355972e-06,0.689321015328083
10.3637465610195,1.36017309449784e-06,0.53328017979744
10.3732662302427,2.00209783856813e-06,0.552175671544366
10.3827858994659,1.76979414052981e-06,0.517164086502149
10.3923055686892,2.9803435427462e-06,0.461899000771012
10.4018252379124,2.62694214486646e-06,0.527413063800141
10.4113449071356,1.77699560272629e-06,0.484582651781619
10.4208645763589,1.52964847979304e-06,0.610416581287345
10.4303842455821,2.40159341111024e-06,0.708165600077696
10.4399039148053,1.85666626847283e-06,0.515542359510839
10.4494235840285,2.5827777972765e-06,0.445115549935098
10.4589432532518,1.79304512167831e-06,0.341295339930905
10.468462922475,1.55592095272796e-06,0.627681609608817
10.4779825916982,2.33064787495404e-06,0.729893439240111
10.4875022609214,1.40466903986274e-06,0.45701352147631
10.4970219301447,1.26123634477352e-06,0.751864736670722
10.5065415993679,1.5419872392329e-06,0.523644006286913
10.5160612685911,1.97596612121313e-06,0.464187261014081
10.5255809378143,1.33942642247337e-06,0.658372352519558
10.5351006070376,1.58742846385573e-06,0.585109146476493
10.5446202762608,2.44795713476632e-06,0.689853074272401
10.554139945484,1.54228279582004e-06,0.532073261791757
10.5636596147073,1.76668581235539e-06,0.753697267431716
10.5731792839305,1.65405351657754e-06,0.68891096070661
10.5826989531537,2.04300694157696e-06,0.611545579949319
10.5922186223769,2.24972312013696e-06,0.757402982142807
10.6017382916002,2.0262829393152e-06,0.37740133635568
10.6112579608234,1.83916754370824e-06,0.693394079482838
10.6207776300466,1.64430594045118e-06,0.696753436528339
10.6302972992698,2.13412977254388e-06,0.61933331103667
10.6398169684931,2.10146045790062e-06,0.668358391950739
10.6493366377163,1.5099142309797e-06,0.474895084428162
10.6588563069395,1.74786277440141e-06,0.703581677101003
10.6683759761627,1.70707538083964e-06,0.638414745553191
10.677895645386,1.97051938748172e-06,0.46919877063173
10.6874153146092,1.84703948728751e-06,0.415242515544558
10.6969349838324,2.09712543573383e-06,0.750799648750895
10.7064546530557,2.36653102055709e-06,0.560902841845686
10.7159743222789,2.09701068421085e-06,0.67024062680197
10.7254939915021,2.00568149928803e-06,0.404380037817209
10.7350136607253,2.00777522960744e-06,0.524372650817332
10.7445333299486,1.19679804242524e-06,0.421420200839534
10.7540529991718,1.39422431408825e-06,0.79261406360181
10.763572668395,1.69097343803787e-06,0.414206059927817
10.7730923376182,1.76607984123484e-06,0.625054092575503
10.7826120068415,2.10056903750262e-06,0.737467152220972
10.7921316760647,1.88163446980365e-06,0.591650011343557
10.8016513452879,1.52691860786194e-06,0.520490160354796
10.8111710145111,1.2492053304892e-06,0.603622598856892
10.8206906837344,1.83106925202272e-06,0.368986930266335
10.8302103529576,1.92511269337959e-06,0.709020062308111
10.8397300221808,1.68123794596634e-06,0.694073213427026
10.8492496914041,1.93160713361398e-06,0.686231985347177
10.8587693606273,2.07808157473516e-06,0.617795656543745
10.8682890298505,1.93958536225484e-06,0.82435902346086
10.8778086990737,1.35450931422154e-06,0.455062597152048
10.887328368297,2.00761520355521e-06,0.643713533508428
10.8968480375202,2.02837867871993e-06,0.386179516972358
10.9063677067434,1.35143353397292e-06,0.611335345146788
10.9158873759666,2.11052008918265e-06,0.530160009446466
10.9254070451899,3.30218302548876e-06,0.632388496358806
10.9349267144131,1.91267417725614e-06,0.637373142173498
10.9444463836363,1.76709071256011e-06,0.686215822487212
10.9539660528596,1.35879680968584e-06,0.380456162978857
10.9634857220828,1.67328886086781e-06,0.510264171688419
10.973005391306,2.36557287139695e-06,0.625695826984448
10.9825250605292,1.98286112664547e-06,0.588730494085362
10.9920447297525,1.71692660006322e-06,0.652293075749731
11.0015643989757,1.47412129915571e-06,0.584976741125316
11.0110840681989,1.84288144607169e-06,0.568927112498775
11.0206037374221,1.64541921668641e-06,0.642500164268286
11.0301234066454,1.78692588949731e-06,0.694860319376461
11.0396430758686,1.2499387023224e-06,0.637611271044503
11.0491627450918,1.40214921187339e-06,0.849259726221667
11.058682414315,1.83581977638803e-06,0.434605742941071
11.0682020835383,2.07130834001528e-06,0.604305010569174
11.0777217527615,1.94733676281107e-06,0.40734855757672
11.0872414219847,2.06672543480255e-06,0.365947452871166
11.096761091208,2.05367325881498e-06,0.592214622599634
11.1062807604312,1.72370561323569e-06,0.615443048531818
11.1158004296544,1.48923789712289e-06,0.628391668306892
11.1253200988776,1.18547560946229e-06,0.521436535424355
11.1348397681009,2.03736894961203e-06,0.354606340923017
11.1443594373241,1.82810121264226e-06,0.67742598995097
11.1538791065473,1.40456125099316e-06,0.98305145257484
11.1633987757705,1.7492021381628e-06,0.612233391302178
11.1729184449938,1.61289347502666e-06,0.504965652034483
11.182438114217,1.19716093713377e-06,0.586235827311162
11.1919577834402,1.41501385801562e-06,0.524142199566249
11.2014774526634,2.12393426634443e-06,0.572103625940739
11.2109971218867,1.93119727554316e-06,0.436538040576893
11.2205167911099,2.63771717353885e-06,0.557164736870433
11.2300364603331,1.29376839149e-06,0.439935062585632
11.2395561295564,1.73321258997503e-06,0.620890674051975
11.2490757987796,1.99070170750009e-06,0.661623395863194
11.2585954680028,1.50423669073724e-06,0.338305247198498
11.268115137226,1.98622014370263e-06,0.616181810639538
11.2776348064493,1.29681535781257e-06,0.497843907904993
11.2871544756725,1.54632788067761e-06,0.589348498008106
11.2966741448957,2.17624016497234e-06,0.46036316732174
11.3061938141189,1.48121185247235e-06,0.586445317623579
11.3157134833422,1.59294103591344e-06,0.288306072414986
11.3252331525654,1.39426236698268e-06,0.266423214909765
11.3347528217886,1.93542871117435e-06,0.641190954684867
11.3442724910118,1.49190282394781e-06,0.444532580765662
11.3537921602351,1.72673830734703e-06,0.409600267449091
11.3633118294583,1.54220972190957e-06,0.597704721153376
11.3728314986815,1.66059509328975e-06,0.481881273312278
11.3823511679048,2.2438799687948e-06,0.41667108204848
11.391870837128,1.08482762852275e-06,0.669444631417008
11.4013905063512,1.61195470256316e-06,0.721897606298847
11.4109101755744,1.89043565401808e-06,0.360396305324534
11.4204298447977,1.48284800811649e-06,0.476664322657278
11.4299495140209,1.30823022605559e-06,0.48603200956419
11.4394691832441,2.25908550312417e-06,0.487598377811259
11.4489888524673,1.62239407697676e-06,0.400297163673581
11.4585085216906,1.56574151046268e-06,0.434006372813764
11.4680281909138,1.90082404002106e-06,0.356552825463507
11.477547860137,1.41279452675425e-06,0.594289028950431
11.4870675293602,2.06876620634206e-06,0.614844917280601
11.4965871985835,2.35879234393718e-06,0.778163621328471
11.5061068678067,1.71566595026339e-06,0.54093397657306
11.5156265370299,1.93029517986403e-06,0.625573843007438
11.5251462062532,1.52262913294397e-06,0.62723035004928
11.5346658754764,1.50398238487572e-06,0.379496953854498
11.5441855446996,1.46782050267831e-06,0.445104534264501
11.5537052139228,1.94626757512642e-06,0.549123275092046
11.5632248831461,1.41038048610267e-06,0.529504693660773
11.5727445523693,1.55969272789897e-06,0.525729391739331
11.5822642215925,1.36637331440792e-06,0.401121904812438
11.5917838908157,1.4461169290904e-06,0.470038091327187
11.601303560039,2.03024699973119e-06,0.563454340611482
11.6108232292622,1.74632185311696e-06,0.317751249728809
11.6203428984854,1.48646239988676e-06,0.511224923393164
11.6298625677086,1.91965154067835e-06,0.641052031436029
11.6393822369319,1.39874068637758e-06,0.379706120947456
11.6489019061551,1.15022106808368e-06,0.646663057408699
11.6584215753783,1.76767781862009e-06,0.46196474303279
11.6679412446016,1.77165301304992e-06,0.495504599852186
11.6774609138248,1.60694011615052e-06,0.356151773580061
11.686980583048,1.33804123120123e-06,0.501203630550303
11.6965002522712,1.60647789901262e-06,0.515886569864333
11.7060199214945,2.13868576016799e-06,0.482616393885514
11.7155395907177,1.64717566625145e-06,0.536019937957478
11.7250592599409,1.80286305102612e-06,0.421087364515402
11.7345789291641,1.23750401104548e-06,0.520225777482893
11.7440985983874,1.59082195882488e-06,0.402614111394327
11.7536182676106,1.51721547275282e-06,0.356480730354996
11.7631379368338,1.79261058668229e-06,0.342009907476679
11.772657606057,1.04853838221355e-06,0.471274390904939
11.7821772752803,1.38299932963239e-06,0.430976353161069
11.7916969445035,1.79302060867054e-06,0.498767745313769
11.8012166137267,1.60069334985537e-06,0.539607656640655
11.81073628295,1.92892950406329e-06,0.471590285094709
11.8202559521732,1.29302574796025e-06,0.373164117527928
11.8297756213964,1.2597682271946e-06,0.552608412594797
11.8392952906196,1.57567841222776e-06,0.37321663738476
11.8488149598429,1.64820718860291e-06,0.647143486098275
11.8583346290661,1.1304250918252e-06,0.636264311759183
11.8678542982893,1.5908390771841e-06,0.580086189303025
11.8773739675125,1.36395168855187e-06,0.395909622274235
11.8868936367358,1.58537823432292e-06,0.463825553307829
11.896413305959,1.68932469255789e-06,0.457956309746669
11.9059329751822,2.20144503406004e-06,0.455819005821837
11.9154526444055,1.61101196213876e-06,0.573802545161307
11.9249723136287,2.18459910588036e-06,0.411452738779117
11.9344919828519,1.51641438057734e-06,0.307318148461367
11.9440116520751,8.40957185039071e-07,0.422799649042566
11.9535313212984,1.5814651939604e-06,0.291509578949092
11.9630509905216,1.65292016948509e-06,0.392046399064496
11.9725706597448,1.5870049998574e-06,0.503348983741637
11.982090328968,1.33254135637192e-06,0.426925057992037
11.9916099981913,1.61182810282544e-06,0.510775987227664
12.0011296674145,1.30470623520787e-06,0.398712862355248
12.0106493366377,1.90940787345698e-06,0.440330371197442
12.0201690058609,1.4501831327271e-06,0.504808012642107
12.0296886750842,1.11705767672595e-06,0.705002171987009
12.0392083443074,1.40195208522362e-06,0.505331675315645
12.0487280135306,1.16126852885286e-06,0.360852348705808
12.0582476827539,1.55135049756153e-06,0.396366392376713
12.0677673519771,1.22556674327315e-06,0.213547534115577
12.0772870212003,1.18782148342952e-06,0.52603993586746
12.0868066904235,1.42397324204768e-06,0.477647637505319
12.0963263596468,1.60903962809275e-06,0.504946604323731
12.10584602887,1.01675234249324e-06,0.478408096583193
12.1153656980932,1.76891068650337e-06,0.519703984198593
12.1248853673164,1.46531287070569e-06,0.424970822357972
12.1344050365397,1.66481737654493e-06,0.382144795941833
12.1439247057629,1.35907172652811e-06,0.498859996916075
12.1534443749861,1.1537698159162e-06,0.475200063727197
12.1629640442093,2.09670077162046e-06,0.414581220455944
12.1724837134326,1.07863646346778e-06,0.343962832974753
12.1820033826558,1.32974658246221e-06,0.651318507385585
12.191523051879,1.47107858945805e-06,0.317604921437702
12.2010427211023,1.29541069559004e-06,0.567982872928885
12.2105623903255,2.16996481898758e-06,0.526454386840443
12.2200820595487,1.72497014678206e-06,0.500978716118401
12.2296017287719,1.91720528830564e-06,0.27147277922475
12.2391213979952,1.36362634365155e-06,0.49623251033064
12.2486410672184,1.05905081588172e-06,0.385863020449491
12.2581607364416,1.1028075199247e-06,0.485158975828514
12.2676804056648,1.52361945102148e-06,0.544886803235104
12.2772000748881,1.51681237265741e-06,0.37250881628759
12.2867197441113,1.63498362514887e-06,0.447883555212364
12.2962394133345,1.41979684553604e-06,0.335540831664098
12.3057590825577,1.35869795752026e-06,0.470984856454737
12.315278751781,1.16685257040637e-06,0.450613229798923
12.3247984210042,1.57513490424486e-06,0.498130517814733
12.3343180902274,1.87682950117259e-06,0.229130674175409
12.3438377594507,1.18465241448968e-06,0.334304372247421
12.3533574286739,1.51332118401984e-06,0.313890851165846
12.3628770978971,2.05780373056475e-06,0.409040769329913
12.3723967671203,1.75739359280636e-06,0.451403982133698
12.3819164363436,1.51245122971229e-06,0.23491632661622
12.3914361055668,9.77613746810408e-07,0.398373493329566
12.40095577479,1.55048712016223e-06,0.381966716501902
12.4104754440132,1.07582790864958e-06,0.352896872577258
12.4199951132365,1.57391673124443e-06,0.584959879038329
12.4295147824597,1.19011229107503e-06,0.329666376573244
12.4390344516829,1.36521533455631e-06,0.459526517032725
12.4485541209061,1.14910045634088e-06,0.397468215267772
12.4580737901294,1.55345508176398e-06,0.45799790550116
12.4675934593526,1.79564872213748e-06,0.517513407790795
12.4771131285758,2.10508359327388e-06,0.424457017523627
12.4866327977991,1.21937638255237e-06,0.372711467578451
12.4961524670223,1.02953769189388e-06,0.468462068474047
12.5056721362455,1.50248177850697e-06,0.503275227936595
12.5151918054687,6.25179296542903e-07,0.43736712551035
12.524711474692,1.37545239611675e-06,0.488076393617034
12.5342311439152,1.08611894232592e-06,0.308220408848369
12.5437508131384,2.02245891535828e-06,0.472209372975973
12.5532704823616,1.2730824813478e-06,0.327620266453602
12.5627901515849,1.62810287112585e-06,0.323954736001134
12.5723098208081,1.03948893873955e-06,0.453553263246911
12.5818294900313,1.24316461709851e-06,0.456257809895326
12.5913491592545,9.71733290393678e-07,0.488423178793535
12.6008688284778,1.59660783561856e-06,0.3900220420131
12.610388497701,1.19236609071968e-06,0.3997794005502
12.6199081669242,1.73740378127249e-06,0.35987641923282
12.6294278361475,1.5269710294615e-06,0.376768723545937
12.6389475053707,1.28196436642382e-06,0.247279091735528
12.6484671745939,1.00605177327056e-06,0.582962732963517
12.6579868438171,1.34925221962984e-06,0.339439110649582
12.6675065130404,1.58110115634157e-06,0.562841923356504
12.6770261822636,8.98649177801456e-07,0.397714310689503
12.6865458514868,1.48210031825501e-06,0.377790469945938
12.69606552071,1.07807171415783e-06,0.500132532099037
12.7055851899333,1.10015460784084e-06,0.294842378634002
12.7151048591565,1.39167067317016e-06,0.412308317710901
12.7246245283797,1.66251840612232e-06,0.266257113049651
12.7341441976029,1.28047277527067e-06,0.382344461879519
12.7436638668262,1.73361796083461e-06,0.386861281828003
12.7531835360494,2.41071127395851e-06,0.473369022276498
12.7627032052726,1.98855858120558e-06,0.417908713996367
12.7722228744959,1.68549134300936e-06,0.472177304280132
12.7817425437191,1.97183378203635e-06,0.274098476850251
12.7912622129423,9.6118576778094e-07,0.439737190751277
12.8007818821655,1.23358212421382e-06,0.30476441834799
12.8103015513888,9.48585597689029e-07,0.341453012416227
12.819821220612,8.39479195760354e-07,0.312621348840732
12.8293408898352,1.52940135597289e-06,0.373697952024324
12.8388605590584,1.39006178641607e-06,0.307987987431383
12.8483802282817,1.10521391563119e-06,0.445912835612635
12.8578998975049,1.14524364425593e-06,0.31081806479403
12.8674195667281,1.87715124535913e-06,0.393587533354806
12.8769392359513,1.98051785920872e-06,0.4448100978734
12.8864589051746,1.55104505565528e-06,0.364065154181665
12.8959785743978,1.30825390623873e-06,0.365787510105506
12.905498243621,1.98111205629759e-06,0.287692862968033
12.9150179128443,1.66962508339447e-06,0.360688737363224
12.9245375820675,1.09192371620399e-06,0.387910552420831
12.9340572512907,1.28319280590154e-06,0.321114928079071
12.9435769205139,1.78523730647214e-06,0.320254005732572
12.9530965897372,1.79832449631104e-06,0.478401920067361
12.9626162589604,1.37673128818472e-06,0.339152833108719
12.9721359281836,1.35241434470925e-06,0.253183223869564
12.9816555974068,1.4950489403593e-06,0.296953667004388
12.9911752666301,1.1251120201674e-06,0.39951754209278
13.0006949358533,1.83356633316323e-06,0.28255090950436
13.0102146050765,1.46347473576243e-06,0.264998262875101
13.0197342742997,1.23474454770612e-06,0.325877652124215
13.029253943523,1.05441216312326e-06,0.330796427557072
13.0387736127462,1.52791382907093e-06,0.232849861843529
13.0482932819694,1.19977263880933e-06,0.287174228787369
13.0578129511927,1.1774721128242e-06,0.356926888558778
13.0673326204159,1.13802252855464e-06,0.325659801063895
13.0768522896391,2.50887967905289e-06,0.343733345782218
13.0863719588623,1.19423277556608e-06,0.26649184403779
13.0958916280856,1.50127604884933e-06,0.28074751569412
13.1054112973088,1.66533300222072e-06,0.310481051770833
13.114930966532,1.19643308234037e-06,0.429523954624346
13.1244506357552,1.11415640683083e-06,0.40101820435572
13.1339703049785,1.14094749834184e-06,0.31552744680946
13.1434899742017,1.43618811501561e-06,0.267864211303486
13.1530096434249,1.76005305309889e-06,0.472601674062762
13.1625293126482,1.35922353643284e-06,0.372837524507912
13.1720489818714,1.55115758937861e-06,0.382295020349396
13.1815686510946,1.11973300329254e-06,0.233725537849635
13.1910883203178,1.40095093782224e-06,0.516981744311949
13.2006079895411,1.31397732268651e-06,0.378360467746024
13.2101276587643,1.708438685335e-06,0.372600260037012
13.2196473279875,1.33383399054287e-06,0.302560838819283
13.2291669972107,1.18876681090299e-06,0.364914997557022
13.238686666434,1.09558121776091e-06,0.290378596652166
13.2482063356572,1.19462730466367e-06,0.426035143802942
13.2577260048804,1.23699166892705e-06,0.379100424346743
13.2672456741036,1.27040599845732e-06,0.246858525032128
13.2767653433269,1.11007422710352e-06,0.419468005170158
13.2862850125501,1.63157821205817e-06,0.355730080058937
13.2958046817733,1.36842632764216e-06,0.359564309255718
13.3053243509966,1.02705289511064e-06,0.234680502061223
13.3148440202198,1.45852873743324e-06,0.418491004250317
13.324363689443,1.10031458954079e-06,0.295044736408849
13.3338833586662,1.88774327784613e-06,0.218102549406558
13.3434030278895,7.70582340107582e-07,0.294991510749527
13.3529226971127,2.03902299336356e-06,0.383943173093355
13.3624423663359,1.41473644774728e-06,0.352889752708674
13.3719620355591,1.53389910969689e-06,0.350693035483306
13.3814817047824,1.34323458801699e-06,0.307463728220697
13.3910013740056,1.35995516142286e-06,0.335879597887594
13.4005210432288,8.99570292800236e-07,0.350822047509354
13.410040712452,1.5355285146649e-06,0.454291171687793
13.4195603816753,1.18899009239834e-06,0.283702626435878
13.4290800508985,9.99236988323987e-07,0.290631930435232
13.4385997201217,9.89487549157168e-07,0.416094586410751
13.448119389345,1.39078466746672e-06,0.324717883805576
13.4576390585682,1.19969365040333e-06,0.230733421506943
13.4671587277914,1.32677633763198e-06,0.360069467055716
13.4766783970146,1.46468084186292e-06,0.270745718751421
13.4861980662379,1.57094794435072e-06,0.278478162417419
13.4957177354611,1.43454410870229e-06,0.417437202880818
13.5052374046843,1.58170874860931e-06,0.172733422205756
13.5147570739075,1.4524926082855e-06,0.260516494273306
13.5242767431308,1.34018143003212e-06,0.38995916418716
13.533796412354,1.3296148864832e-06,0.263230690661757
13.5433160815772,1.81478450111913e-06,0.34609793907903
13.5528357508004,1.18487897914489e-06,0.39267668163074
13.5623554200237,1.15180273032258e-06,0.302634806714686
13.5718750892469,1.54923454029819e-06,0.395221954603966
13.5813947584701,1.33381677565754e-06,0.231516632895241
13.5909144276934,8.81355230779034e-07,0.319942655322518
13.6004340969166,1.66424711291112e-06,0.395474995857189
13.6099537661398,1.63451331562275e-06,0.223412517019946
13.619473435363,8.79702285152984e-07,0.262852816505839
13.6289931045863,1.46575324590215e-06,0.288355721041569
13.6385127738095,1.24810159707378e-06,0.326421120257911
13.6480324430327,1.07434093433578e-06,0.331093992442939
13.6575521122559,1.01252243058205e-06,0.35203914475239
13.6670717814792,1.31614689808239e-06,0.23751109720512
13.6765914507024,1.21643001053007e-06,0.375385625401112
13.6861111199256,1.1069161970978e-06,0.204956377336517
13.6956307891488,1.52333432051006e-06,0.274533261343795
13.7051504583721,1.50385267486701e-06,0.29657358982978
13.7146701275953,1.03369656906438e-06,0.25429566055533
13.7241897968185,1.13389619451732e-06,0.221084060596896
13.7337094660418,1.50840540837373e-06,0.285740404258177
13.743229135265,1.52351979958544e-06,0.384635772181694
13.7527488044882,1.14824102793741e-06,0.232987041238103
13.7622684737114,1.12243798491286e-06,0.233340776574201
13.7717881429347,1.57130557853925e-06,0.229081293519523
13.7813078121579,1.50773268720956e-06,0.259186115072598
13.7908274813811,7.52999540442425e-07,0.321874887053912
13.8003471506043,7.47070278763366e-07,0.268634834698357
13.8098668198276,9.36221071619725e-07,0.2857498594249
13.8193864890508,1.29539598359534e-06,0.187401101323903
13.828906158274,1.21787099609383e-06,0.229651901256088
13.8384258274972,1.11756336341346e-06,0.308903559666589
13.8479454967205,1.58208202585686e-06,0.256281564628456
13.8574651659437,1.09835179205906e-06,0.234922265272109
13.8669848351669,1.1657529900368e-06,0.280192802595147
13.8765045043902,1.56434016710044e-06,0.347960558975192
13.8860241736134,1.3290974862042e-06,0.385593570596957
13.8955438428366,9.84014351154874e-07,0.402219786962606
13.9050635120598,1.1761801479441e-06,0.160608772804835
13.9145831812831,1.50940457383159e-06,0.364062437176467
13.9241028505063,8.4325894163173e-07,0.255157281409193
13.9336225197295,6.93322494287132e-07,0.22362901263867
13.9431421889527,1.28804476568705e-06,0.254339180862003
13.952661858176,1.2509296794819e-06,0.294132005946352
13.9621815273992,1.26202166589105e-06,0.268815310738962
13.9717011966224,1.15847708506652e-06,0.323572045698846
13.9812208658456,9.07981437491003e-07,0.368014690656146
13.9907405350689,1.2793629103662e-06,0.260399315750635
14.0002602042921,1.23953715960454e-06,0.183251166589644
14.0097798735153,1.4483555682905e-06,0.286120651074399
14.0192995427386,1.2656350802226e-06,0.301643158791805
14.0288192119618,1.35297295550123e-06,0.302198706254042
14.038338881185,1.63229148822181e-06,0.260480687989124
14.0478585504082,1.1598541328835e-06,0.217719626376113
14.0573782196315,8.37156844373627e-07,0.289518077145601
14.0668978888547,1.13011301373292e-06,0.327977070612134
14.0764175580779,1.09980308618582e-06,0.290258584874133
14.0859372273011,8.69187406942024e-07,0.298898920783766
14.0954568965244,2.16091342202227e-06,0.269796892703661
14.1049765657476,1.58025949016769e-06,0.224662772684381
14.1144962349708,1.41956245701963e-06,0.374151892239524
14.124015904194,1.80459054347211e-06,0.212192336196841
14.1335355734173,7.82546253514154e-07,0.303855187925096
14.1430552426405,1.35088730586246e-06,0.227545754974345
14.1525749118637,1.49826109672523e-06,0.279043976100978
14.162094581087,1.28116149604075e-06,0.305332347293149
14.1716142503102,1.15542117182645e-06,0.310575713962808
14.1811339195334,1.63944986516558e-06,0.366478077054425
14.1906535887566,1.30543891492914e-06,0.165679832345073
14.2001732579799,1.3265779994864e-06,0.306778907257898
14.2096929272031,9.38397873769396e-07,0.232684943468948
14.2192125964263,1.53753150333905e-06,0.273641207117905
14.2287322656495,8.28954932887804e-07,0.193764150846838
14.2382519348728,1.5367037986538e-06,0.17174833058002
14.247771604096,1.33936549486409e-06,0.339504920488972
14.2572912733192,1.5304825084518e-06,0.302771354062566
14.2668109425425,8.5897851052055e-07,0.267198266095226
14.2763306117657,1.30471858438321e-06,0.27490209313091
14.2858502809889,1.0684224114405e-06,0.373660938611873
14.2953699502121,1.19873854501744e-06,0.366547114347786
14.3048896194354,9.46732760189716e-07,0.252501917582544
14.3144092886586,1.76697911045707e-06,0.383558690876831
14.3239289578818,1.28401337401096e-06,0.28698842183046
14.333448627105,1.20189256723687e-06,0.198161104798074
14.3429682963283,1.39487310508743e-06,0.261681554946963
14.3524879655515,1.34833142822268e-06,0.350980105685649
14.3620076347747,8.53320497423624e-07,0.275077838851435
14.3715273039979,1.33369945380506e-06,0.282270571127021
14.3810469732212,1.11839605672191e-06,0.244027700900952
14.3905666424444,8.71653162900118e-07,0.271878864561052
14.4000863116676,1.6791133318247e-06,0.371707932675854
14.4096059808909,1.11510311629188e-06,0.237041830018885
14.4191256501141,1.03160262811774e-06,0.248106082529295
14.4286453193373,9.2880324176505e-07,0.206924118056651
14.4381649885605,1.19141701491954e-06,0.219838968337129
14.4476846577838,1.09262973768172e-06,0.222126533202492
14.457204327007,1.23693409534933e-06,0.268840385723471
14.4667239962302,1.00650947320619e-06,0.249978817040423
14.4762436654534,1.44057220481192e-06,0.205220591741926
14.4857633346767,1.05731205328318e-06,0.312741246800957
14.4952830038999,9.93212568988526e-07,0.20101654584641
14.5048026731231,1.05173189441758e-06,0.177635340347423
14.5143223423463,1.02339297450762e-06,0.23464651115718
14.5238420115696,1.09139925508273e-06,0.359754443731758
14.5333616807928,1.03242835987129e-06,0.325104971192072
14.542881350016,1.19580695134082e-06,0.221989659385882
14.5524010192393,8.53529423414127e-07,0.274282650796315
14.5619206884625,1.55488558684295e-06,0.159725713587564
14.5714403576857,1.17697760309823e-06,0.393693811212046
14.5809600269089,1.11738117342136e-06,0.294051896482591
14.5904796961322,1.1233213583847e-06,0.189004363956957
14.5999993653554,9.58871340443957e-07,0.224103853994514
14.6095190345786,1.5343452554818e-06,0.272084547962675
14.6190387038018,1.00387197928852e-06,0.213880913543712
14.6285583730251,7.17332771850666e-07,0.206362392286268
14.6380780422483,1.1014117291519e-06,0.168502864476709
14.6475977114715,1.34683421522307e-06,0.166698057736666
14.6571173806947,1.46457983175008e-06,0.281523727080756
14.666637049918,9.46624512051652e-07,0.206574675736231
14.6761567191412,1.29092586759141e-06,0.224090883700029
14.6856763883644,1.45136372661259e-06,0.263724144566666
14.6951960575877,1.13237413702238e-06,0.288529355312269
14.7047157268109,1.41817942680046e-06,0.218698470575541
14.7142353960341,1.04291166867028e-06,0.223477863743304
14.7237550652573,1.20324033223273e-06,0.300597937135289
14.7332747344806,1.15364500565192e-06,0.254226245657474
14.7427944037038,7.96488071074692e-07,0.314121001554907
14.752314072927,1.05712173818017e-06,0.246107353150818
14.7618337421502,1.34081813532979e-06,0.212556048131492
14.7713534113735,1.38896251952861e-06,0.170864189358663
14.7808730805967,8.28068734032365e-07,0.165177696512985
14.7903927498199,1.1269405301757e-06,0.187491579127773
14.7999124190431,1.34938558472175e-06,0.234209558482139
14.8094320882664,1.1786192429421e-06,0.201603319450386
14.8189517574896,9.67731505396788e-07,0.164459691622498
14.8284714267128,1.19360421486189e-06,0.171942647874988
14.8379910959361,9.56878397179387e-07,0.241644276992065
14.8475107651593,1.42165492479049e-06,0.217022473778005
14.8570304343825,7.98331224574168e-07,0.184560487641512
14.8665501036057,9.7211411882654e-07,0.296292948033797
14.876069772829,1.14195554770914e-06,0.263621686459958
14.8855894420522,7.38590708734379e-07,0.277188100950514
14.8951091112754,1.67801159646812e-06,0.253474496418861
14.9046287804986,1.44082577349866e-06,0.232910661286547
14.9141484497219,1.130843517029e-06,0.163639403416821
14.9236681189451,1.10467398293911e-06,0.194638036079797
14.9331877881683,9.06992952498091e-07,0.16809462270026
14.9427074573915,1.20834795736961e-06,0.141672605125808
14.9522271266148,1.28511170108327e-06,0.153229425301944
14.961746795838,7.45414041817271e-07,0.22939113377419
14.9712664650612,9.74050900554974e-07,0.181093439885781
14.9807861342845,1.34706954160667e-06,0.148229895485353
14.9903058035077,1.14256606829859e-06,0.13192788422296
14.9998254727309,1.03647641852167e-06,0.16774266209762
15.0093451419541,1.41486696325561e-06,0.219468291843797
15.0188648111774,1.12126396116574e-06,0.318804300605721
15.0283844804006,1.17221891890224e-06,0.161980899257541
15.0379041496238,1.21170568704406e-06,0.223972242432591
15.047423818847,1.03251628967939e-06,0.257174394730759
15.0569434880703,1.19603217279665e-06,0.220976867545149
15.0664631572935,1.57402719362504e-06,0.27006124618357
15.0759828265167,9.59635561819984e-07,0.255123120349308
15.0855024957399,1.08343071779713e-06,0.166431418908788
15.0950221649632,1.05445875283039e-06,0.230462491276014
15.1045418341864,1.41800874213404e-06,0.217367794585138
15.1140615034096,1.09409132286932e-06,0.169381044405574
15.1235811726329,1.55875473643777e-06,0.269948774800447
15.1331008418561,7.099933408481e-07,0.178280462379518
15.1426205110793,9.37258218301861e-07,0.218055684612338
15.1521401803025,9.63022040444902e-07,0.21910476861744
15.1616598495258,1.27968151267448e-06,0.208349901924248
15.171179518749,9.95626155386062e-07,0.223626745571983
15.1806991879722,1.15197167029154e-06,0.182265003884787
15.1902188571954,1.01488414455395e-06,0.133256143931316
15.1997385264187,7.64860099171126e-07,0.236139614085557
15.2092581956419,1.10174167652588e-06,0.165248394074783
15.2187778648651,7.33075842629039e-07,0.195066389663268
15.2282975340883,8.04909279249617e-07,0.198706459628856
15.2378172033116,8.97952464542354e-07,0.186529643699811
15.2473368725348,1.16398879385429e-06,0.257695519425427
15.256856541758,1.39714432185593e-06,0.220245336356166
15.2663762109813,1.13153963835768e-06,0.217536253821242
15.2758958802045,9.50762858626304e-07,0.245814522314897
15.2854155494277,1.09238158784177e-06,0.211866170577892
15.2949352186509,1.47509073466218e-06,0.169852536530793
15.3044548878742,1.1418303065126e-06,0.24345374473514
15.3139745570974,7.8957180083241e-07,0.283001482467537
15.3234942263206,1.33561455824786e-06,0.179451277137726
15.3330138955438,9.43842958442726e-07,0.163918961344053
15.3425335647671,1.09691683496714e-06,0.214375170802908
15.3520532339903,1.71590983531794e-06,0.128524645749365
15.3615729032135,1.40065911954437e-06,0.163208528702663
15.3710925724368,6.8868202746337e-07,0.198134232557921
15.38061224166,1.37865357852411e-06,0.179668163075912
15.3901319108832,9.16218844385482e-07,0.191380991615944
15.3996515801064,1.26075441100972e-06,0.274374194033869
15.4091712493297,8.94037504758172e-07,0.193751179571898
15.4186909185529,1.27868444325087e-06,0.243134367367822
15.4282105877761,7.17741280375525e-07,0.231574295860066
15.4377302569993,1.16103051729205e-06,0.162701330183478
15.4472499262226,8.02645396990936e-07,0.213334687790028
15.4567695954458,1.22033440900734e-06,0.323828833089949
15.466289264669,1.00685146497742e-06,0.160291902292888
15.4758089338922,1.22381567216187e-06,0.160175730045711
15.4853286031155,1.07562288176989e-06,0.186050379893753
15.4948482723387,1.14758651605741e-06,0.293041757798558
15.5043679415619,1.26172192509509e-06,0.114512610624406
15.5138876107852,1.13058080246006e-06,0.172819957997409
15.5234072800084,1.03178071406161e-06,0.168671317615734
15.5329269492316,1.14512086035896e-06,0.172499418100405
15.5424466184548,1.14638268966387e-06,0.180602971580264
15.5519662876781,9.01980586658569e-07,0.174958525864281
15.5614859569013,8.33051076068857e-07,0.174538607541481
15.5710056261245,1.30335010401014e-06,0.224831929663017
15.5805252953477,7.47655435713355e-07,0.209162969674482
15.590044964571,1.2545303873595e-06,0.153576955227346
15.5995646337942,9.11345804694225e-07,0.150113680647768
15.6090843030174,8.15082068550911e-07,0.186822935904331
15.6186039722406,1.11467109346764e-06,0.157259623697943
15.6281236414639,1.1077981262051e-06,0.14215518871804
15.6376433106871,9.27649204937502e-07,0.253917305115049
15.6471629799103,8.13352228097275e-07,0.190634568575994
15.6566826491336,1.2013023889975e-06,0.208652266735044
15.6662023183568,1.10888929253957e-06,0.173506835628006
15.67572198758,1.03117113840917e-06,0.214501875174785
15.6852416568032,9.84887970478718e-07,0.217827050992952
15.6947613260265,1.19278555635978e-06,0.181644370847829
15.7042809952497,1.17940619778554e-06,0.2428908704569
15.7138006644729,1.09678995472857e-06,0.166434834600397
15.7233203336961,1.30471479550667e-06,0.141701191322262
15.7328400029194,9.87095084219454e-07,0.182792564036779
15.7423596721426,1.21833701028595e-06,0.157891026985732
15.7518793413658,9.21991198033618e-07,0.0936433990812615
15.761399010589,8.87184848033258e-07,0.227877534079955
15.7709186798123,1.62398280354276e-06,0.135307580284284
15.7804383490355,9.06655387006209e-07,0.167339899347166
15.7899580182587,1.49606919587162e-06,0.153921828323724
15.799477687482,1.7769293385932e-06,0.282752374096048
15.8089973567052,1.13547652177628e-06,0.0998000657070833
15.8185170259284,9.29936953609573e-07,0.161651189583962
15.8280366951516,9.10587815692486e-07,0.153556567308633
15.8375563643749,1.13503699005324e-06,0.125103843129561
15.8470760335981,1.08937483315132e-06,0.138347735496175
15.8565957028213,1.13961179846498e-06,0.156173497302587
15.8661153720445,9.32625133611993e-07,0.204492826790418
15.8756350412678,1.518274787217e-06,0.147560097647693
15.885154710491,1.16103597365901e-06,0.165062133060782
15.8946743797142,8.36194230510016e-07,0.156424323749557
15.9041940489374,8.85024326310096e-07,0.147840934337494
15.9137137181607,8.87360166286266e-07,0.114121394096198
15.9232333873839,1.21604580576995e-06,0.131576637021102
15.9327530566071,1.46642063806482e-06,0.159420764894808
15.9422727258304,7.68816607573127e-07,0.166102472963797
15.9517923950536,8.00895722698929e-07,0.191392559420546
15.9613120642768,1.10093738079267e-06,0.230559641976916
15.9708317335,1.35059477725474e-06,0.179230447133081
15.9803514027233,9.99097841000586e-07,0.133091571611082
15.9898710719465,1.24889490427138e-06,0.172839056647575
15.9993907411697,7.3868936024054e-07,0.210988419504949
16.0089104103929,1.13264486287399e-06,0.176325053653229
16.0184300796162,1.07461573388685e-06,0.150879846686028
16.0279497488394,8.9335394660713e-07,0.170639677708466
16.0374694180626,1.11388935599374e-06,0.143641915257846
16.0469890872858,7.36091660685356e-07,0.212817408696281
16.0565087565091,8.43663894107539e-07,0.240007589015721
16.0660284257323,7.30685842520592e-07,0.133077001605234
16.0755480949555,1.33043814883854e-06,0.222205722898744
16.0850677641788,1.18944516672143e-06,0.126964005341137
16.094587433402,1.42719092861316e-06,0.130406376883753
16.1041071026252,9.61155066330465e-07,0.186335487602406
16.1136267718484,1.00146606827635e-06,0.242207887329094
16.1231464410717,1.00709672233751e-06,0.241516514668942
16.1326661102949,1.40969437280394e-06,0.154944405139512
16.1421857795181,1.01750547654337e-06,0.146739466935721
16.1517054487413,9.61673277370497e-07,0.278797219935044
16.1612251179646,1.47302138536729e-06,0.0749192230652296
16.1707447871878,7.68808498970558e-07,0.112996859777572
16.180264456411,1.23967176361801e-06,0.181247480980366
16.1897841256342,9.79204987455605e-07,0.152372239966141
16.1993037948575,1.16433294903825e-06,0.14868360281632
16.2088234640807,7.81306390831592e-07,0.0924811418589807
16.2183431333039,5.42663976549866e-07,0.159342305802218
16.2278628025272,8.05028966337122e-07,0.21239727468348
16.2373824717504,8.29999405147084e-07,0.206310170707279
16.2469021409736,1.13549591397223e-06,0.107340324768596
16.2564218101968,1.12782741073174e-06,0.164452825438832
16.2659414794201,1.08900664148338e-06,0.172133862563281
16.2754611486433,8.59356361418809e-07,0.128856603448584
16.2849808178665,1.3347459136391e-06,0.119343829924945
16.2945004870897,1.32974632001682e-06,0.143523482303322
16.304020156313,1.19536859386015e-06,0.139849775555352
16.3135398255362,8.93957100291309e-07,0.161695046452231
16.3230594947594,1.0145064167025e-06,0.162092572367199
16.3325791639827,8.70032768112487e-07,0.165254885530133
16.3420988332059,1.1022523238609e-06,0.136937936963194
16.3516185024291,1.30879742814924e-06,0.136501551518001
16.3611381716523,1.26742695559445e-06,0.17012064607714
16.3706578408756,1.27027980927809e-06,0.151890514356413
16.3801775100988,1.16756310850608e-06,0.159648522996258
16.389697179322,1.37253189503048e-06,0.150555449544938
16.3992168485452,9.99778878860162e-07,0.107087108377102
16.4087365177685,9.7075435463349e-07,0.184333174164739
16.4182561869917,1.53634255082361e-06,0.187887142095944
16.4277758562149,1.34736963695111e-06,0.14020324520461
16.4372955254381,1.20835139800076e-06,0.195858321091345
16.4468151946614,1.44747347426229e-06,0.172352504450352
16.4563348638846,1.03430924145398e-06,0.145728310650161
16.4658545331078,7.02549782799115e-07,0.107795731479054
16.4753742023311,1.27802313084045e-06,0.128376174753726
16.4848938715543,1.18683243046129e-06,0.177019544394662
16.4944135407775,1.20431354892374e-06,0.205021830884803
16.5039332100007,1.47609511039085e-06,0.117473063029461
16.513452879224,7.04514848029145e-07,0.167059608387306
16.5229725484472,9.84230873021655e-07,0.160788095716057
16.5324922176704,1.52087105442551e-06,0.155740302066543
16.5420118868936,1.24085796137529e-06,0.129643163543757
16.5515315561169,1.69219277991096e-06,0.12554355408819
16.5610512253401,1.13849243124413e-06,0.181180393785725
16.5705708945633,1.12173873354084e-06,0.1269299268192
16.5800905637865,9.13204672777606e-07,0.159469181316893
16.5896102330098,1.08838984160508e-06,0.1427264025766
16.599129902233,1.33062596821569e-06,0.163481479636602
16.6086495714562,9.7028312095485e-07,0.181157885561522
16.6181692406794,9.28948446282433e-07,0.122588634971027
16.6276889099027,1.22428546747955e-06,0.108062160420282
16.6372085791259,1.41987893226378e-06,0.110152374286771
16.6467282483491,1.00356831000393e-06,0.154605008694216
16.6562479175724,8.58938884226007e-07,0.160315691340573
16.6657675867956,1.50099227369032e-06,0.166943834588623
16.6752872560188,1.69921239506854e-06,0.123918938352587
16.684806925242,9.52736729998892e-07,0.109333794398716
16.6943265944653,1.41466098564758e-06,0.0778327793831388
16.7038462636885,1.2967398928258e-06,0.173470804330152
16.7133659329117,1.08587469268748e-06,0.127412533935069
16.7228856021349,1.94182058689209e-06,0.15450002321551
16.7324052713582,1.28442376256984e-06,0.131941471234116
16.7419249405814,8.31027933094816e-07,0.103713665126718
16.7514446098046,1.18266891060535e-06,0.157365701083558
16.7609642790279,1.50512282158112e-06,0.162848684823654
16.7704839482511,1.29674435808919e-06,0.101830657568484
16.7800036174743,9.43238601513038e-07,0.137543680301696
16.7895232866975,1.13448046622698e-06,0.160232074882118
16.7990429559208,1.31328063698565e-06,0.100614173220703
16.808562625144,1.41745434526208e-06,0.196023030843867
16.8180822943672,1.32006054315588e-06,0.19339556098345
16.8276019635904,1.36536200485746e-06,0.132913179941565
16.8371216328137,1.2668067672653e-06,0.223039407419378
16.8466413020369,9.85657570410669e-07,0.16254339380126
16.8561609712601,1.45087397011865e-06,0.153572449835289
16.8656806404833,1.405447803765e-06,0.130236119692119
16.8752003097066,9.49500619046892e-07,0.113856380630579
16.8847199789298,1.43994851486536e-06,0.124182299301389
16.894239648153,1.23964926138614e-06,0.0764621377425113
16.9037593173763,1.68558977770474e-06,0.107660048684363
16.9132789865995,1.1921636467798e-06,0.156389650820438
16.9227986558227,1.68847021334407e-06,0.130858179247813
16.9323183250459,1.37694083114564e-06,0.0948004753387043
16.9418379942692,1.58693652716005e-06,0.153383266594428
16.9513576634924,8.13442286673671e-07,0.132686692956918
16.9608773327156,2.35896016969003e-06,0.0601546315263124
16.9703970019388,1.59761290618121e-06,0.0730943563051759
16.9799166711621,1.60588239550322e-06,0.115486722689181
16.9894363403853,1.45343154487017e-06,0.168242655123477
16.9989560096085,1.68080014846225e-06,0.109278792293439
17.0084756788317,1.06302301085445e-06,0.124909111590621
17.017995348055,1.2412774608929e-06,0.130971846259452
17.0275150172782,1.64658593326215e-06,0.126921511502275
17.0370346865014,8.14553418090753e-07,0.105591957141814
17.0465543557247,8.69798789771448e-07,0.120125484962536
17.0560740249479,1.38426006000398e-06,0.144999852073721
17.0655936941711,1.55684666131383e-06,0.159327602153147
17.0751133633943,1.5851182903745e-06,0.135326610934742
17.0846330326176,1.2921627554282e-06,0.114952975671598
17.0941527018408,1.16783160366053e-06,0.141316779767748
17.103672371064,1.61040627594508e-06,0.126079212909182
17.1131920402872,1.02323886213226e-06,0.125926392263323
17.1227117095105,1.00963771340658e-06,0.160157914875712
17.1322313787337,1.28973652391212e-06,0.157744346611792
17.1417510479569,1.38434564644372e-06,0.153586799118508
17.1512707171801,1.42003428832495e-06,0.152152163162711
17.1607903864034,1.50967874225165e-06,0.102494889103923
17.1703100556266,1.34436823247812e-06,0.10527937566293
17.1798297248498,1.01350608321572e-06,0.191573794464595
17.1893493940731,1.14851242190506e-06,0.206009919295899
17.1988690632963,2.08356051469854e-06,0.164835103556177
17.2083887325195,2.14581685539879e-06,0.10875389829768
17.2179084017427,1.65545492855125e-06,0.11554114156811
17.227428070966,1.42741740070822e-06,0.141175721706284
17.2369477401892,1.61962820542639e-06,0.102248390099775
17.2464674094124,1.21899410874319e-06,0.184609084314558
17.2559870786356,1.46312182572158e-06,0.191874647120617
17.2655067478589,1.93126769683953e-06,0.139285664696962
17.2750264170821,2.07102749347168e-06,0.142701020172087
17.2845460863053,1.98524239550694e-06,0.206875837310298
17.2940657555285,1.70455297326353e-06,0.173888840137658
17.3035854247518,1.3584680357192e-06,0.170597927358993
17.313105093975,2.4913117714919e-06,0.125691104969221
17.3226247631982,1.82218519315206e-06,0.0671950073024129
17.3321444324215,2.41138756813826e-06,0.156852727506873
17.3416641016447,2.05290819652851e-06,0.138004039753926
17.3511837708679,1.51936338908077e-06,0.143591980855532
17.3607034400911,1.88224428345224e-06,0.179562922970399
17.3702231093144,2.10905260565171e-06,0.0673053624820181
17.3797427785376,1.43738956663484e-06,0.129971784903919
17.3892624477608,1.31727378392572e-06,0.131990422980521
17.398782116984,1.37917340401598e-06,0.161914118353609
17.4083017862073,8.75494907058762e-07,0.128233889873023
17.4178214554305,1.16580611424407e-06,0.129595346610723
17.4273411246537,1.58694103972091e-06,0.135204963265184
17.4368607938769,1.50791091369699e-06,0.144763313597396
17.4463804631002,1.27756922977309e-06,0.117362670164263
17.4559001323234,1.51704591958636e-06,0.19422129860172
17.4654198015466,1.59761646471029e-06,0.170475998696524
17.4749394707699,2.01716792972313e-06,0.100085861851131
17.4844591399931,2.01313680569481e-06,0.0836891527829039
17.4939788092163,1.61991298437353e-06,0.10391416408847
17.5034984784395,1.4863023711417e-06,0.089382663912561
17.5130181476628,2.44325745849115e-06,0.117055115541053
17.522537816886,2.64395324670159e-06,0.157739979517883
17.5320574861092,1.55658283170995e-06,0.113963036450443
17.5415771553324,1.45835626540546e-06,0.121881394999305
17.5510968245557,2.61320822310602e-06,0.118332196535073
17.5606164937789,2.30992381383848e-06,0.121646969513266
17.5701361630021,1.4843499092112e-06,0.115903196104317
17.5796558322253,2.73798591280379e-06,0.126041154918086
17.5891755014486,2.97630084773602e-06,0.0983230254373826
17.5986951706718,1.94775984169168e-06,0.162445868162098
17.608214839895,2.19621113020776e-06,0.149795472596743
17.6177345091183,2.31436831639693e-06,0.164413108318558
17.6272541783415,1.19646068965869e-06,0.165458038745056
17.6367738475647,2.27977164844996e-06,0.119861709358263
17.6462935167879,2.82376211924076e-06,0.137119490398551
17.6558131860112,2.4526459270737e-06,0.163119985088478
17.6653328552344,1.44639283842731e-06,0.150404499060574
17.6748525244576,1.78522689449321e-06,0.153972526000305
17.6843721936808,2.24034098048365e-06,0.162871802682834
17.6938918629041,2.05844645639071e-06,0.125428162534705
17.7034115321273,1.88940018642802e-06,0.15208398188996
17.7129312013505,2.10756512331054e-06,0.125526048133567
17.7224508705738,2.53026093256688e-06,0.108479853294956
17.731970539797,2.62850182753014e-06,0.0959915989331331
17.7414902090202,1.76594067484968e-06,0.11956498004937
17.7510098782434,2.61182036298297e-06,0.150585782341744
17.7605295474667,2.97265979143226e-06,0.101852193861438
17.7700492166899,2.11874310889165e-06,0.160549383279582
17.7795688859131,1.38267721491467e-06,0.110381635365848
17.7890885551363,1.52060462389214e-06,0.0694467266307035
17.7986082243596,2.4275068017883e-06,0.0979630574769023
17.8081278935828,1.75342428300184e-06,0.147643455211633
17.817647562806,2.35006360521632e-06,0.15919637568848
17.8271672320292,2.3524251210098e-06,0.137885028503757
17.8366869012525,1.48358342212949e-06,0.156930230994976
17.8462065704757,1.78776368466016e-06,0.118196486929383
17.8557262396989,3.06671422412719e-06,0.0747717682162445
17.8652459089222,2.21796515151799e-06,0.120083410427274
17.8747655781454,2.78007302134433e-06,0.074322770018717
17.8842852473686,1.88112042221795e-06,0.133795052286892
17.8938049165918,2.27468407851162e-06,0.127303321574557
17.9033245858151,2.30895206146807e-06,0.120357749583455
17.9128442550383,2.43027385815652e-06,0.0773339599849273
17.9223639242615,1.56321435482069e-06,0.167534589211454
17.9318835934847,2.06770143411716e-06,0.133964375015669
17.941403262708,2.48483107704962e-06,0.150244218457654
17.9509229319312,2.58079399936915e-06,0.163970403930127
17.9604426011544,2.58721494334533e-06,0.136779230423578
17.9699622703776,2.28719546316661e-06,0.149062752121851
17.9794819396009,1.86345085720277e-06,0.131388159058766
17.9890016088241,1.97251811017313e-06,0.202679584305115
17.9985212780473,2.70304327014406e-06,0.163495872207794
18.0080409472706,2.68671921311372e-06,0.102370522036126
18.0175606164938,3.16788836973993e-06,0.1318013494972
18.027080285717,2.63063761043891e-06,0.102819507139148
18.0365999549402,2.66075499811646e-06,0.144100200634919
18.0461196241635,2.91898791724574e-06,0.076957797127252
18.0556392933867,2.73885265319424e-06,0.0889190973787925
18.0651589626099,1.82694171508917e-06,0.119338080931818
18.0746786318331,2.60002527327814e-06,0.0786355606401771
18.0841983010564,1.35135700515413e-06,0.15069066073053
18.0937179702796,1.80915756102387e-06,0.182723057311249
18.1032376395028,3.11494655947165e-06,0.0954147347654014
18.112757308726,1.93412408811778e-06,0.123289228755415
18.1222769779493,2.64181968156344e-06,0.104867795304421
18.1317966471725,2.5309701015451e-06,0.101421976161931
18.1413163163957,2.34494252026754e-06,0.167577111938732
18.150835985619,1.94132782574202e-06,0.132064469720396
18.1603556548422,2.35631592393011e-06,0.0885686569615679
18.1698753240654,2.70866598721325e-06,0.0935585417924169
18.1793949932886,2.10987521558448e-06,0.111105077097501
18.1889146625119,1.94288734913511e-06,0.0825322926690906
18.1984343317351,2.70398833173087e-06,0.103807890825687
18.2079540009583,2.95465835522639e-06,0.122934721726019
18.2174736701815,2.75984795357315e-06,0.0912446648566392
18.2269933394048,3.03215686899266e-06,0.128603149237175
18.236513008628,2.39379480872666e-06,0.143983060485414
18.2460326778512,2.16987931036176e-06,0.137222343850183
18.2555523470744,2.76481533109293e-06,0.095390961642107
18.2650720162977,3.02916929255195e-06,0.113082854430588
18.2745916855209,1.60343267489988e-06,0.0924020057284974
18.2841113547441,1.96250998277875e-06,0.114842029770139
18.2936310239674,2.61285688414304e-06,0.0827012565019001
18.3031506931906,1.80752510612515e-06,0.125754464872482
18.3126703624138,2.38057824639528e-06,0.130769943047696
18.322190031637,2.45084757411308e-06,0.113894617772674
18.3317097008603,2.55611946672107e-06,0.0949991772832608
18.3412293700835,2.13256669270816e-06,0.124099776908738
18.3507490393067,2.18761234398493e-06,0.0722533936324118
18.3602687085299,2.81961629938242e-06,0.106509119318697
18.3697883777532,2.16510961091892e-06,0.118430479451149
18.3793080469764,2.09961040854594e-06,0.0893284289942663
18.3888277161996,1.63816946023764e-06,0.100073459277586
18.3983473854228,2.81177694623106e-06,0.100257603628885
18.4078670546461,2.33768345711175e-06,0.111660486091335
18.4173867238693,2.345247008143e-06,0.0769270124659809
18.4269063930925,1.71606690893359e-06,0.106904831521273
18.4364260623158,1.8249402462841e-06,0.142780845162444
18.445945731539,1.52782828012204e-06,0.124394217086824
18.4554654007622,2.06449466376566e-06,0.124818891713517
18.4649850699854,2.23233908505707e-06,0.118043360002485
18.4745047392087,2.12966646821247e-06,0.116240570695197
18.4840244084319,1.39973323705429e-06,0.104865050824468
18.4935440776551,1.67797313070087e-06,0.162289145487551
18.5030637468783,1.74953950066561e-06,0.182073222085396
18.5125834161016,1.42400149992566e-06,0.079468437525962
18.5221030853248,1.07054192311398e-06,0.134684930203222
18.531622754548,1.66989832086161e-06,0.110789446652067
18.5411424237712,9.69694099083979e-07,0.116906126412601
18.5506620929945,1.75471817609184e-06,0.128262184662282
18.5601817622177,1.6628248883089e-06,0.108420399171773
18.5697014314409,1.78829137206961e-06,0.183962644948976
18.5792211006642,1.39401805822159e-06,0.118650359214486
18.5887407698874,1.39452510177804e-06,0.109835335664023
18.5982604391106,1.48889818042915e-06,0.0808785980555511
18.6077801083338,1.22024386883561e-06,0.104235657374668
18.6172997775571,2.31606324098442e-06,0.106361545580049
18.6268194467803,1.98302058324558e-06,0.153555203062961
18.6363391160035,1.43543946660339e-06,0.103145796848693
18.6458587852267,1.56407712659776e-06,0.126127574304191
18.65537845445,1.78467365583521e-06,0.115241630228682
18.6648981236732,1.56327229556306e-06,0.143779804995972
18.6744177928964,1.3715086835969e-06,0.12861721610055
18.6839374621197,1.41523215769611e-06,0.0946808106161774
18.6934571313429,1.23472115271069e-06,0.146713948273979
18.7029768005661,1.07221256572399e-06,0.110785325811228
18.7124964697893,1.58344948455039e-06,0.089152662497455
18.7220161390126,1.30102774032594e-06,0.0656522140971447
18.7315358082358,1.61236395941519e-06,0.102585088816886
18.741055477459,1.81991272578655e-06,0.106730753946125
18.7505751466822,1.21816811168811e-06,0.0907898652066829
18.7600948159055,1.79808857617929e-06,0.0719600840021125
18.7696144851287,1.81662126690605e-06,0.140022500760347
18.7791341543519,1.21897335424807e-06,0.0879186254720031
18.7886538235751,1.91239814752488e-06,0.175459876201762
18.7981734927984,1.80652181743151e-06,0.150262376419106
18.8076931620216,1.0075055496653e-06,0.117302321620869
18.8172128312448,1.8699351288946e-06,0.10987490114507
18.8267325004681,1.39387987241903e-06,0.0849229773517564
18.8362521696913,1.74800775727941e-06,0.126606996414925
18.8457718389145,1.6187246452467e-06,0.144365897478536
18.8552915081377,1.4946889701805e-06,0.145014313809057
18.864811177361,1.70023647854833e-06,0.139748731227152
18.8743308465842,1.07509148907057e-06,0.0759099035610563
18.8838505158074,1.02894581405333e-06,0.0874404891807124
18.8933701850306,9.72193176071288e-07,0.10055339898458
18.9028898542539,1.6685628349306e-06,0.113880535086711
18.9124095234771,1.3522549706826e-06,0.108442070974904
18.9219291927003,1.26964334722677e-06,0.0947604941772836
18.9314488619235,1.94205028561262e-06,0.0904625371033233
18.9409685311468,1.15965423204215e-06,0.131617045176631
18.95048820037,8.48097939003132e-07,0.0792212807742085
18.9600078695932,1.1873960403596e-06,0.105306110372783
18.9695275388165,1.42493327669358e-06,0.0808505910231087
18.9790472080397,1.2326732476629e-06,0.0987389539965249
18.9885668772629,1.41478855261063e-06,0.0847982075346426
18.9980865464861,1.65007231430841e-06,0.0788547308727364
19.0076062157094,1.82016384944107e-06,0.0819281641627085
19.0171258849326,1.6592399601431e-06,0.0967703614637749
19.0266455541558,2.05134815382554e-06,0.0765535059953034
19.036165223379,1.45892947396609e-06,0.0740930774711526
19.0456848926023,1.69985011408237e-06,0.107011606644627
19.0552045618255,2.28565178207207e-06,0.0817215423138247
19.0647242310487,1.88954140676625e-06,0.0711766228541236
19.0742439002719,1.39059137155844e-06,0.149653317398491
19.0837635694952,1.61896032160532e-06,0.0998254332171788
19.0932832387184,1.85053439199574e-06,0.102943249304502
19.1028029079416,1.29156986786158e-06,0.0970800344512443
19.1123225771649,2.54311551920142e-06,0.0779048121341246
19.1218422463881,1.66176446685816e-06,0.0993033805789447
19.1313619156113,2.08901838898208e-06,0.105386329668276
19.1408815848345,1.9584606393727e-06,0.0872641161818417
19.1504012540578,2.04491299032297e-06,0.104757365715516
19.159920923281,2.42450388039346e-06,0.109331006256266
19.1694405925042,1.60538929342851e-06,0.132854741288626
19.1789602617274,1.95942786641299e-06,0.0968149894408714
19.1884799309507,1.6128451732533e-06,0.105851557014395
19.1979996001739,1.37540929694006e-06,0.0819747284728686
19.2075192693971,1.75325077298031e-06,0.0903694502515498
19.2170389386203,1.6809186816022e-06,0.117212024557628
19.2265586078436,1.42208878998157e-06,0.0924366464238976
19.2360782770668,1.96527320943017e-06,0.127769441834917
19.24559794629,1.32563069816245e-06,0.0820991693387651
19.2551176155133,1.11464874445303e-06,0.101913046576933
19.2646372847365,1.2904764860398e-06,0.0814510105540579
19.2741569539597,1.43026338673208e-06,0.106046800697458
19.2836766231829,1.85969480962105e-06,0.0994966803503456
19.2931962924062,1.4460083314759e-06,0.069678131159266
19.3027159616294,1.37931208931025e-06,0.0882081846176022
19.3122356308526,1.91030917093058e-06,0.129510827890107
19.3217553000758,2.42541175909635e-06,0.13883012285915
19.3312749692991,1.29298085274037e-06,0.125826929505689
19.3407946385223,1.64020951680025e-06,0.103992593224304
19.3503143077455,1.63956668427719e-06,0.100270857950699
19.3598339769687,2.09265422698885e-06,0.0997308226197442
19.369353646192,2.27628874673657e-06,0.0927832815496508
19.3788733154152,3.06913220503757e-06,0.122165768777453
19.3883929846384,2.40719003867167e-06,0.0619555451773932
19.3979126538617,2.03525211909832e-06,0.126086920901089
19.4074323230849,2.18814032174112e-06,0.105177234701876
19.4169519923081,2.45554243316019e-06,0.0907311022094345
19.4264716615313,2.14296450239311e-06,0.104741908769877
19.4359913307546,2.24692497522769e-06,0.0950463474764408
19.4455109999778,2.02020390797126e-06,0.0963319340187658
19.455030669201,2.08931177333996e-06,0.0903347034585609
19.4645503384242,2.35527620861448e-06,0.110182660538888
19.4740700076475,1.72748881315164e-06,0.0938653604937369
19.4835896768707,2.15277436099684e-06,0.0836029942946905
19.4931093460939,2.05597193773916e-06,0.0659182455549978
19.5026290153171,2.68444099543786e-06,0.115340225843721
19.5121486845404,2.41931474358529e-06,0.0903559821553401
19.5216683537636,2.50328444706826e-06,0.0844706466621334
19.5311880229868,2.41875643952385e-06,0.125195992497949
19.5407076922101,2.3676060961285e-06,0.111697572136616
19.5502273614333,2.88508052025644e-06,0.123534538510689
19.5597470306565,1.57274989188148e-06,0.0857451431747912
19.5692666998797,1.36623228767938e-06,0.0887617842737978
19.578786369103,2.34733092146375e-06,0.0979709270755399
19.5883060383262,1.07512356718085e-06,0.0996518045612542
19.5978257075494,2.09631003280683e-06,0.0804116777429304
19.6073453767726,2.39177067524794e-06,0.0966692884345183
19.6168650459959,2.05244358461841e-06,0.0928889493688439
19.6263847152191,1.87855999886338e-06,0.0916205316785761
19.6359043844423,2.09271027316455e-06,0.114530171184204
19.6454240536656,1.91898143912785e-06,0.0774178908997161
19.6549437228888,1.53529492202462e-06,0.140049266872203
19.664463392112,2.13910034240861e-06,0.0766147834326513
19.6739830613352,2.65246935378542e-06,0.103007171632247
19.6835027305585,2.96870708421257e-06,0.0743148705972155
19.6930223997817,2.29333259516616e-06,0.0887866473831694
19.7025420690049,2.07740474084645e-06,0.0902263689249391
19.7120617382281,1.52771224875751e-06,0.102826974239159
19.7215814074514,2.19949797075693e-06,0.0787771557300511
19.7311010766746,3.08732023886312e-06,0.110992826015438
19.7406207458978,1.79299065049311e-06,0.0816127709082189
19.750140415121,1.88712201358328e-06,0.089932247875523
19.7596600843443,1.67498549363819e-06,0.106665586347392
19.7691797535675,2.40169251595115e-06,0.099582262321189
19.7786994227907,2.20385945028137e-06,0.0797243665984366
19.788219092014,2.60578779220915e-06,0.077737022070341
19.7977387612372,1.54604854607945e-06,0.124897703386239
19.8072584304604,2.1420722524756e-06,0.0653380115432083
19.8167780996836,2.03474310192189e-06,0.0993108240774895
19.8262977689069,1.78507361895417e-06,0.0867355978617008
19.8358174381301,1.4800958734248e-06,0.0999988903845539
19.8453371073533,2.53276294384136e-06,0.0647600315461038
19.8548567765765,1.78322577619078e-06,0.0797979648631758
19.8643764457998,2.64710683513065e-06,0.0661910505527924
19.873896115023,3.02441194806117e-06,0.148479878301954
19.8834157842462,2.68927370524096e-06,0.074075711408001
19.8929354534694,1.62171379964974e-06,0.0969842999075764
19.9024551226927,2.10029554890182e-06,0.11424311137381
19.9119747919159,2.66774010795667e-06,0.0945681745372825
19.9214944611391,1.9831792596061e-06,0.0727636562067369
19.9310141303624,2.08899243269078e-06,0.0681490624632574
19.9405337995856,3.03750432419139e-06,0.0635814688208911
19.9500534688088,1.6007694020316e-06,0.0736171683729662
19.959573138032,2.31112634028869e-06,0.0498186212640314
19.9690928072553,2.2323107718749e-06,0.0532436585395946
19.9786124764785,2.55428850233296e-06,0.0683271127218425
19.9881321457017,1.17891041187622e-06,0.0856606369979974
19.9976518149249,2.09960088438898e-06,0.0438144163169354
20.0071714841482,2.81243787484e-06,0.093896995614478
20.0166911533714,8.77084910279371e-07,0.0819065339041853
20.0262108225946,1.70193662601444e-06,0.147193282054773
20.0357304918178,2.05277463114192e-06,0.0865948395470258
20.0452501610411,1.71414597024171e-06,0.112183309348122
20.0547698302643,2.19102759664233e-06,0.0825847866856912
20.0642894994875,1.89528904465313e-06,0.0788059533739785
20.0738091687108,2.00522001143925e-06,0.132024624015479
20.083328837934,2.7794068948122e-06,0.0623130327541703
20.0928485071572,1.39532212530579e-06,0.124150292753684
20.1023681763804,1.6538221092464e-06,0.0901352502447833
20.1118878456037,1.68161792648741e-06,0.0821591235941261
20.1214075148269,1.75778036431134e-06,0.126814874701101
20.1309271840501,1.65044752996984e-06,0.0662739024081136
20.1404468532733,1.99801488125535e-06,0.0847197917457645
20.1499665224966,2.66027653653802e-06,0.0683357617252823
20.1594861917198,2.04193316123055e-06,0.08154945070979
20.169005860943,2.28381892852714e-06,0.0922833930132507
20.1785255301662,1.41810299060922e-06,0.117748566578085
20.1880451993895,1.99717748311886e-06,0.0746300772385381
20.1975648686127,1.27557707913567e-06,0.0738237890477776
20.2070845378359,1.86454112154895e-06,0.0783939144459891
20.2166042070592,1.43472797067193e-06,0.0768898367525304
20.2261238762824,1.34455629434429e-06,0.117674353615659
20.2356435455056,1.30930225300152e-06,0.0722850749690827
20.2451632147288,1.55059142017514e-06,0.163250911645572
20.2546828839521,1.48947246452366e-06,0.0844420739249266
20.2642025531753,1.00250733124214e-06,0.108275497083429
20.2737222223985,1.60111616447834e-06,0.101500614159236
20.2832418916217,1.10711094410258e-06,0.133213443657368
20.292761560845,1.35716379982111e-06,0.122239160307046
20.3022812300682,1.97237404816119e-06,0.0919535920540154
20.3118008992914,1.53353631409192e-06,0.0828283812784501
20.3213205685146,1.13779585144191e-06,0.0830827691346871
20.3308402377379,1.82812528869995e-06,0.105393236536796
20.3403599069611,9.58913053284878e-07,0.10054663337456
20.3498795761843,1.34724379389852e-06,0.0796947918824452
20.3593992454076,1.14624732469222e-06,0.0848744786205563
20.3689189146308,9.23285843592022e-07,0.0670368797782407
20.378438583854,1.06799287315881e-06,0.0850073786773966
20.3879582530772,9.7181755681641e-07,0.095317529160024
20.3974779223005,1.4012076146632e-06,0.0777421580999556
20.4069975915237,9.80661648218633e-07,0.0912801486346235
20.4165172607469,2.06682346442822e-06,0.0811136496566111
20.4260369299701,1.45735168537107e-06,0.0833475206536017
20.4355565991934,1.50871601981151e-06,0.0652304539194371
20.4450762684166,9.47688323888479e-07,0.0691243465567518
20.4545959376398,9.30848077369112e-07,0.106588597845692
20.464115606863,1.01981541064803e-06,0.0954452463654729
20.4736352760863,1.00382360042566e-06,0.0766033259273835
20.4831549453095,1.36913959189691e-06,0.0559911211713278
20.4926746145327,8.90804775255512e-07,0.082907068618064
20.502194283756,1.15926330305565e-06,0.0680716917688755
20.5117139529792,1.11634818661801e-06,0.0696253100223853
20.5212336222024,1.21683780312175e-06,0.0799224296482373
20.5307532914256,7.73299936905219e-07,0.119857099986014
20.5402729606489,1.23851572160863e-06,0.0913357019731683
20.5497926298721,1.25877124090384e-06,0.0961694949199102
20.5593122990953,1.60827043942359e-06,0.0775350638240429
20.5688319683185,9.54405270305987e-07,0.059423334678648
20.5783516375418,1.20238087334674e-06,0.0812912562943739
20.587871306765,1.15742855314824e-06,0.0689677594100375
20.5973909759882,1.09029138048851e-06,0.0923907148748206
20.6069106452114,1.23338929479872e-06,0.0515944285849937
20.6164303144347,9.55915472471741e-07,0.094021784372283
20.6259499836579,1.00681373443704e-06,0.0827106442509568
20.6354696528811,9.89508185967819e-07,0.10727776607328
20.6449893221044,9.78050639766186e-07,0.100715957908989
20.6545089913276,9.86753840649348e-07,0.0941635511388379
20.6640286605508,7.74355669049858e-07,0.133813712231277
20.673548329774,1.01945596448097e-06,0.0908332140973643
20.6830679989973,1.53949598580998e-06,0.043623863775447
20.6925876682205,7.54483221211755e-07,0.0963231457764109
20.7021073374437,1.46638717970058e-06,0.0737851586596745
20.7116270066669,8.25733777645064e-07,0.0575394308097256
20.7211466758902,1.08128104326578e-06,0.0930805780098516
20.7306663451134,1.31637348503747e-06,0.043689806884243
20.7401860143366,1.18271392978374e-06,0.100947387045534
20.7497056835598,9.71299104770851e-07,0.0542555491078596
20.7592253527831,7.10283794035815e-07,0.0985649150065955
20.7687450220063,8.62023803218356e-07,0.0834199766722939
20.7782646912295,8.10411604667487e-07,0.119228730238108
20.7877843604528,1.21088554905427e-06,0.0949367803279107
20.797304029676,7.36522721409703e-07,0.0809525785673343
20.8068236988992,1.00989186338588e-06,0.0761188167556847
20.8163433681224,1.17329575865426e-06,0.0570339978009443
20.8258630373457,1.03801714025771e-06,0.048248058113753
20.8353827065689,9.3478275006812e-07,0.0675933258319894
20.8449023757921,9.19927722647285e-07,0.0886167814561162
20.8544220450153,6.53800286960422e-07,0.0950325463788151
20.8639417142386,1.11838071685842e-06,0.0690010865892648
20.8734613834618,6.84591971965345e-07,0.0873481920944319
20.882981052685,7.41239031014227e-07,0.118505783515257
20.8925007219082,1.27006056127203e-06,0.0992685967952435
20.9020203911315,9.66591586888532e-07,0.0924878085825183
20.9115400603547,9.8298111880184e-07,0.110326431710131
20.9210597295779,8.2367811717943e-07,0.0832135506046126
20.9305793988012,7.88035300523501e-07,0.072493617435812
20.9400990680244,1.15911181982137e-06,0.0694717761853962
20.9496187372476,7.15883170050703e-07,0.0676986116221713
20.9591384064708,8.93122910433276e-07,0.135974461202523
20.9686580756941,8.94571632248201e-07,0.0652326066107518
20.9781777449173,1.16394259482702e-06,0.0750699744714053
20.9876974141405,9.66866467060446e-07,0.0998282715945335
20.9972170833637,7.43222696487548e-07,0.0964949256519343
21.006736752587,8.2163226793222e-07,0.0889903681447205
21.0162564218102,8.30612137821935e-07,0.0658094339598327
21.0257760910334,9.45246008987206e-07,0.129222187574978
21.0352957602567,6.89043218435271e-07,0.0486283899914164
21.0448154294799,1.19322482462556e-06,0.0946553642300521
21.0543350987031,8.69888821794248e-07,0.0521167360285199
21.0638547679263,7.60801008407017e-07,0.0946546091403477
21.0733744371496,1.22118972926456e-06,0.108256114827105
21.0828941063728,6.06011990439765e-07,0.0754980897129988
21.092413775596,9.6738326824294e-07,0.0617198259079598
21.1019334448192,7.74350821459846e-07,0.0859702960230536
21.1114531140425,9.02750342491786e-07,0.0515269193561413
21.1209727832657,6.92581914164549e-07,0.0977956077496607
21.1304924524889,1.04208901548388e-06,0.0890608031133104
21.1400121217121,7.93744349044629e-07,0.116716806753856
21.1495317909354,1.42144209538894e-06,0.0666178517534951
21.1590514601586,8.11692722783047e-07,0.0975220910410484
21.1685711293818,9.09714337866956e-07,0.0735972009779166
21.1780907986051,5.5065090187649e-07,0.0964197371568472
21.1876104678283,9.17607530820894e-07,0.0922772051529284
21.1971301370515,8.36963988328848e-07,0.0525014796252835
21.2066498062747,7.85222313044344e-07,0.0801480369833311
21.216169475498,9.60738845041134e-07,0.0993043934172407
21.2256891447212,7.3321056919046e-07,0.0596794147717111
21.2352088139444,1.26907286168111e-06,0.053344034637442
21.2447284831676,9.05525195218587e-07,0.0748775749956775
21.2542481523909,8.50649617122371e-07,0.0746839380081741
21.2637678216141,9.7408249027386e-07,0.0739394295820987
21.2732874908373,6.43745923204888e-07,0.0872111968054341
21.2828071600605,6.58611059780645e-07,0.0526805764515074
21.2923268292838,6.48390712947858e-07,0.0701791662423293
21.301846498507,7.45809509604061e-07,0.0953112011257515
21.3113661677302,8.36212080728246e-07,0.0566223085917978
21.3208858369535,7.15710599181333e-07,0.0853955579766048
21.3304055061767,7.52708387334615e-07,0.0699695757147804
21.3399251753999,9.61800605657817e-07,0.0898131249843872
21.3494448446231,6.92496882410835e-07,0.0783622168366237
21.3589645138464,1.09950689416756e-06,0.0734743898483814
21.3684841830696,9.30540404071958e-07,0.0886702950711988
21.3780038522928,7.34731374895156e-07,0.0940322516482831
21.387523521516,8.49981099415276e-07,0.0626851984705378
21.3970431907393,8.77315764143725e-07,0.0791487495298716
21.4065628599625,9.59700634157109e-07,0.0685892830827464
21.4160825291857,6.64326527268241e-07,0.0788369745553626
21.4256021984089,1.02821826615037e-06,0.0849376514132965
21.4351218676322,7.77873633650305e-07,0.059449119090356
21.4446415368554,7.69590534000214e-07,0.0674996416055805
21.4541612060786,7.61285355312082e-07,0.0471349667474112
21.4636808753019,8.70798679129078e-07,0.0476938558737702
21.4732005445251,8.65007979124805e-07,0.0833445305135815
21.4827202137483,1.16920383793709e-06,0.125678473917583
21.4922398829715,6.07734225261502e-07,0.0974539780998413
21.5017595521948,6.58760353319762e-07,0.101828708554848
21.511279221418,7.1188179125973e-07,0.0770277327916157
21.5207988906412,9.33559778468962e-07,0.060506175591694
21.5303185598644,6.22935195406207e-07,0.0508987346462165
21.5398382290877,7.86527520201081e-07,0.0990862889508392
21.5493578983109,1.13038232047107e-06,0.0813568499348383
21.5588775675341,8.04270318996601e-07,0.0792527259775322
21.5683972367573,6.16005096962878e-07,0.062280962397843
21.5779169059806,5.94060299516275e-07,0.0612064192950015
21.5874365752038,6.77855498314428e-07,0.0564756764602637
21.596956244427,7.33993688254457e-07,0.0808278533133016
21.6064759136503,7.10824669304892e-07,0.0444566056601213
21.6159955828735,8.89715173339813e-07,0.0576638266491335
21.6255152520967,7.24517704903609e-07,0.0670549675010309
21.6350349213199,6.68337856521864e-07,0.10751174445724
21.6445545905432,6.90951829784326e-07,0.074727513738263
21.6540742597664,8.29407098614478e-07,0.085400650953382
21.6635939289896,8.59026432462218e-07,0.0793741596331229
21.6731135982128,1.02540483495094e-06,0.128103406392174
21.6826332674361,7.13266776228725e-07,0.0868333191605681
21.6921529366593,7.05180358283965e-07,0.0804618500985727
21.7016726058825,5.03431581960417e-07,0.0802973794592701
21.7111922751057,9.3689643131976e-07,0.0683748286831652
21.720711944329,6.58604616844404e-07,0.0729020570346647
21.7302316135522,4.91280399421196e-07,0.0620422449553703
21.7397512827754,5.63601715627569e-07,0.0866827799581115
21.7492709519987,7.69698855064764e-07,0.0526472959903628
21.7587906212219,6.62546884856576e-07,0.0699498681171347
21.7683102904451,8.4285963076957e-07,0.0756251574733358
21.7778299596683,9.86797484059702e-07,0.0599175363189416
21.7873496288916,6.59328598029243e-07,0.0933204505290405
21.7968692981148,7.34458438523952e-07,0.0611741674331183
21.806388967338,1.14560167207965e-06,0.0618921594921029
21.8159086365612,8.10360188838879e-07,0.0593022257651178
21.8254283057845,6.0251312419456e-07,0.0712804574659681
21.8349479750077,5.77206150948766e-07,0.0914030737471631
21.8444676442309,9.9900674025913e-07,0.061645111637822
21.8539873134541,4.94045974816019e-07,0.0636089895003333
21.8635069826774,4.80696345574392e-07,0.0886519213311793
21.8730266519006,5.52276192725508e-07,0.091147095824801
21.8825463211238,7.12984207138777e-07,0.0760793038140473
21.8920659903471,9.22075213890685e-07,0.0683597239233002
21.9015856595703,5.60409261182423e-07,0.0828891245783074
21.9111053287935,7.28197539061443e-07,0.0561087534240123
21.9206249980167,7.8410286252939e-07,0.101549204599386
21.93014466724,6.42554196812796e-07,0.108936488585496
21.9396643364632,1.0076900562876e-06,0.0738460054078088
21.9491840056864,8.55549214091474e-07,0.0447433503073184
21.9587036749096,9.0145843021517e-07,0.0748936824178419
21.9682233441329,1.04264267364372e-06,0.0663403424470707
21.9777430133561,8.71979974413883e-07,0.0450521018929686
21.9872626825793,6.76983044264473e-07,0.0491167640346784
21.9967823518026,6.61317066950747e-07,0.0699026872061864
22.0063020210258,7.78853128280683e-07,0.105197489526606
22.015821690249,9.72241133486661e-07,0.051483252914331
22.0253413594722,6.23788748089574e-07,0.0574515644282332
22.0348610286955,6.46067956310979e-07,0.110130824067017
22.0443806979187,7.28109869666482e-07,0.0687013451399855
22.0539003671419,6.72046524224684e-07,0.090921875272569
22.0634200363651,7.08288542673301e-07,0.0688347070129338
22.0729397055884,9.71283867828421e-07,0.0696937012798862
22.0824593748116,7.99813252616666e-07,0.0668781836101324
22.0919790440348,8.17283413831891e-07,0.0810062733974084
22.101498713258,5.55358374637759e-07,0.0825099188853953
22.1110183824813,9.39256908459643e-07,0.060690463428036
22.1205380517045,8.51684636385493e-07,0.064484593670576
22.1300577209277,5.65875569736221e-07,0.0690379622123348
22.139577390151,1.02049228356599e-06,0.0925401826886334
22.1490970593742,7.44627781969133e-07,0.0912523146404135
22.1586167285974,5.92626719696637e-07,0.0560547556969463
22.1681363978206,5.77140301821105e-07,0.0976999236927125
22.1776560670439,6.16630925311805e-07,0.0476211418187866
22.1871757362671,5.98803782617849e-07,0.0544424669216794
22.1966954054903,7.50187805021357e-07,0.0996980567488061
22.2062150747135,9.56698517891026e-07,0.0539082879764068
22.2157347439368,6.49299162651781e-07,0.0546887367931408
22.22525441316,8.27191643247857e-07,0.058751149886672
22.2347740823832,6.80566751807907e-07,0.0726806941242927
22.2442937516064,4.63832752667651e-07,0.04971278144795
22.2538134208297,7.08802072706457e-07,0.0742394912717848
22.2633330900529,6.61985713633514e-07,0.0429192997023476
22.2728527592761,6.49686968335797e-07,0.0380037360375739
22.2823724284994,7.52933619675968e-07,0.0744381107689852
22.2918920977226,7.686024235016e-07,0.089825325567097
22.3014117669458,7.2164171404964e-07,0.1043728041198
22.310931436169,7.48359467190695e-07,0.0763541667752767
22.3204511053923,5.74943783413351e-07,0.0524721796777822
22.3299707746155,6.13006332099254e-07,0.0472043272108628
22.3394904438387,6.10818480880892e-07,0.0530126403445556
22.3490101130619,3.62451848028203e-07,0.0836045666845836
22.3585297822852,8.80303402973927e-07,0.0868033148041506
22.3680494515084,7.42488680753825e-07,0.0732742717130836
22.3775691207316,8.97975503792661e-07,0.0917678095855661
22.3870887899548,6.77541288693046e-07,0.0610627985885936
22.3966084591781,4.9647487896882e-07,0.0632344638876261
22.4061281284013,7.10888085886813e-07,0.0498741110350539
22.4156477976245,4.46167233089817e-07,0.0651662263790248
22.4251674668478,8.01965487124534e-07,0.0591447057740811
22.434687136071,5.67079622981721e-07,0.0534888732012265
22.4442068052942,6.03041956970156e-07,0.0786673114100366
22.4537264745174,6.95561918828684e-07,0.0678363800229021
22.4632461437407,7.7231442913035e-07,0.0609935258521298
22.4727658129639,7.22281819628027e-07,0.0751470885785836
22.4822854821871,5.30888923784627e-07,0.0814092373210261
22.4918051514103,7.14777622031115e-07,0.0660401763412773
22.5013248206336,6.68434573928457e-07,0.0675201669832062
22.5108444898568,8.04892878591095e-07,0.0613817657960664
22.52036415908,5.17117374044273e-07,0.0500679361782224
22.5298838283032,6.04764255625739e-07,0.0701596774018572
22.5394034975265,6.34576970492307e-07,0.0760121101907297
22.5489231667497,7.01035829050879e-07,0.0745776299638822
22.5584428359729,4.85592018685244e-07,0.103247044289675
22.5679625051962,5.51574176004365e-07,0.0754415377946367
22.5774821744194,6.99570644658469e-07,0.0441907999147479
22.5870018436426,7.38218114069127e-07,0.0686210932930986
22.5965215128658,8.63233592615579e-07,0.0716023931199433
22.6060411820891,7.00886800392721e-07,0.0637193650933061
22.6155608513123,6.71141984154151e-07,0.0710675149970338
22.6250805205355,6.29210582816342e-07,0.0727485344150462
22.6346001897587,9.56779210078634e-07,0.0682898005851017
22.644119858982,6.47693243579386e-07,0.077738006478197
22.6536395282052,6.2139861460689e-07,0.0389633476270352
22.6631591974284,6.48310464667332e-07,0.0617359070316873
22.6726788666516,5.62601406612256e-07,0.0540065372679564
22.6821985358749,4.64616889828062e-07,0.0568398566209789
22.6917182050981,5.57872528531743e-07,0.0505837460696862
22.7012378743213,4.66535241642524e-07,0.0690852438898901
22.7107575435446,7.28096634125287e-07,0.0804636982083951
22.7202772127678,7.14701898579712e-07,0.0775819378823523
22.729796881991,4.46009660338256e-07,0.0548201458641803
22.7393165512142,6.16611131413213e-07,0.075200055800295
22.7488362204375,5.36643532760109e-07,0.0454935023884179
22.7583558896607,7.38681204885573e-07,0.0610559773915887
22.7678755588839,4.63075585533432e-07,0.0736995897630724
22.7773952281071,6.03536944310158e-07,0.0671182196956771
22.7869148973304,4.60911229386751e-07,0.0815656604488204
22.7964345665536,6.88675684709401e-07,0.0561021539569788
22.8059542357768,4.25908977052431e-07,0.0587611808531754
22.815473905,7.50476434672336e-07,0.0683045041581586
22.8249935742233,5.81202817174176e-07,0.0481064357299
22.8345132434465,8.32357820268541e-07,0.0469753972932131
22.8440329126697,6.03888708973904e-07,0.0580363139496626
22.853552581893,1.01008469631791e-06,0.0455061709348928
22.8630722511162,6.44284635894577e-07,0.0549487714097419
22.8725919203394,7.8052678987251e-07,0.0769553987509859
22.8821115895626,5.08427992882568e-07,0.0548183764573412
22.8916312587859,3.74963699726518e-07,0.0653146865608505
22.9011509280091,7.28964091833647e-07,0.059202870344599
22.9106705972323,7.0846221540181e-07,0.0542991491706248
22.9201902664555,6.67310004492499e-07,0.0652403790796501
22.9297099356788,4.81751035081358e-07,0.0805807677606218
22.939229604902,6.61827040542902e-07,0.0580586329221599
22.9487492741252,5.26785707505668e-07,0.0482583189865832
22.9582689433485,7.92799689644399e-07,0.0673153738546515
22.9677886125717,8.61847972164318e-07,0.0521626524494675
22.9773082817949,5.91594809101642e-07,0.0712218255756561
22.9868279510181,4.27419161975912e-07,0.0628726320917845
22.9963476202414,8.06556925147083e-07,0.0808406479429013
23.0058672894646,6.90880576829366e-07,0.0504923064816916
23.0153869586878,6.95483526089754e-07,0.077394072390493
23.024906627911,5.69764287455724e-07,0.0488004180666666
23.0344262971343,4.00917622973393e-07,0.0607452596395575
23.0439459663575,6.78318551206425e-07,0.0604953586322027
23.0534656355807,4.85870802936378e-07,0.0710665995687639
23.0629853048039,5.83039262347735e-07,0.0548548695767148
23.0725049740272,8.05173736078939e-07,0.0594979874986351
23.0820246432504,6.87765863262528e-07,0.0617706289054485
23.0915443124736,6.65831365681085e-07,0.0754325738080412
23.1010639816968,7.31773767998689e-07,0.0613453397680055
23.1105836509201,4.88386581081908e-07,0.0395616965878335
23.1201033201433,5.96381090596106e-07,0.0495709442230364
23.1296229893665,5.58662135674397e-07,0.0713228612063983
23.1391426585898,5.4938076780147e-07,0.0846169229927805
23.148662327813,8.64444723210335e-07,0.0776142418051382
23.1581819970362,5.49017472121625e-07,0.0544636444441597
23.1677016662594,5.20669308450829e-07,0.0496984249957402
23.1772213354827,8.75264789194843e-07,0.0738337878557639
23.1867410047059,5.73340434264347e-07,0.066272420479309
23.1962606739291,3.07883121339049e-07,0.0619609297565908
23.2057803431523,5.86497575540056e-07,0.0705784088564633
23.2153000123756,7.40014301204479e-07,0.0774731231085546
23.2248196815988,7.76860872789875e-07,0.0674213885267603
23.234339350822,1.03359355481511e-06,0.0698192244857263
23.2438590200453,5.93068298303611e-07,0.0752895073495695
23.2533786892685,5.59245150093739e-07,0.052772624486985
23.2628983584917,4.51059018862789e-07,0.095435051531804
23.2724180277149,7.25398819465397e-07,0.0489753367365763
23.2819376969382,5.19210378551005e-07,0.0802887929804402
23.2914573661614,8.28873571404752e-07,0.0494628982059226
23.3009770353846,9.74789021326937e-07,0.0528841649826615
23.3104967046078,4.52717775058453e-07,0.0458790563910408
23.3200163738311,6.21101215061229e-07,0.0648203497366745
23.3295360430543,5.32594841804525e-07,0.0608325972310294
23.3390557122775,5.39460440255659e-07,0.0771503202695425
23.3485753815007,6.28615436545091e-07,0.048019465880766
23.358095050724,7.9584879113691e-07,0.0441560334698569
23.3676147199472,6.39530982945736e-07,0.0503853368961172
23.3771343891704,5.73696316816331e-07,0.0599134536927087
23.3866540583937,6.52459259275441e-07,0.0635653978056481
23.3961737276169,9.11349194531203e-07,0.0617478392701813
23.4056933968401,7.58784549568049e-07,0.0551095249962364
23.4152130660633,7.16783489579056e-07,0.0621926357425823
23.4247327352866,7.62054660728786e-07,0.0381450969968376
23.4342524045098,4.02762176381938e-07,0.051655295892444
23.443772073733,6.7751506240984e-07,0.0675345468532492
23.4532917429562,5.30210333509747e-07,0.0525048026404662
23.4628114121795,4.37400628892592e-07,0.0669990179740439
23.4723310814027,7.12864202663848e-07,0.0362161656311778
23.4818507506259,7.37898124777007e-07,0.0512622815800111
23.4913704198491,7.40247048807026e-07,0.0496657390217813
23.5008900890724,7.28708913068046e-07,0.0882263748738426
23.5104097582956,5.35179222403434e-07,0.0812468194120917
23.5199294275188,7.3452781159032e-07,0.0745415433414666
23.5294490967421,5.8468843285568e-07,0.0589371765274511
23.5389687659653,5.54776538323535e-07,0.0665449688973387
23.5484884351885,4.82670660809558e-07,0.0612423479245048
23.5580081044117,5.26124518732517e-07,0.0796810025474259
23.567527773635,5.99167949515774e-07,0.0814884778014815
23.5770474428582,4.30842806419486e-07,0.070577453597732
23.5865671120814,4.27087936029394e-07,0.0722406169568335
23.5960867813046,8.43755760253946e-07,0.058008189982999
23.6056064505279,7.0677115306627e-07,0.0558513691467931
23.6151261197511,4.52226934064752e-07,0.0617547966421179
23.6246457889743,7.75941256376775e-07,0.064443527839352
23.6341654581975,4.83525845960303e-07,0.0659492895324206
23.6436851274208,4.86984980087678e-07,0.0865214360051
23.653204796644,6.0430202976525e-07,0.0447209507736724
23.6627244658672,8.45304557806087e-07,0.0847364780117219
23.6722441350905,5.50003297848976e-07,0.060011129889246
23.6817638043137,6.21497397669059e-07,0.0548174350179842
23.6912834735369,7.87247899043111e-07,0.0457503452102619
23.7008031427601,5.22701071452617e-07,0.0575394822325896
23.7103228119834,5.52784131791738e-07,0.058810219773296
23.7198424812066,5.87173862077619e-07,0.0469624305739088
23.7293621504298,5.32159063232067e-07,0.0462061122368827
23.738881819653,8.03063320264329e-07,0.0769375364472501
23.7484014888763,8.01343013251894e-07,0.0605971089563883
23.7579211580995,7.15930708777281e-07,0.0479503989468888
23.7674408273227,7.03566871146592e-07,0.0469957231991174
23.7769604965459,5.64336451570627e-07,0.05149459140143
23.7864801657692,6.4691191305332e-07,0.05067333160966
23.7959998349924,8.37651150284874e-07,0.0816434468965264
23.8055195042156,6.94585925461795e-07,0.0625233325006087
23.8150391734389,4.97610091885762e-07,0.0564057810848566
23.8245588426621,4.78809725681638e-07,0.0589994792775061
23.8340785118853,5.52361417794444e-07,0.0537049483557036
23.8435981811085,6.09024025409184e-07,0.0483297046609276
23.8531178503318,9.25857586103232e-07,0.0525331325092365
23.862637519555,4.36891721616228e-07,0.111681744409279
23.8721571887782,4.55669176709229e-07,0.0394056295569214
23.8816768580014,7.25228625222569e-07,0.0677402541420946
23.8911965272247,5.1533921268691e-07,0.0580188780100583
23.9007161964479,5.97655064271943e-07,0.0674304345669205
23.9102358656711,4.98306932336355e-07,0.0661105665160597
23.9197555348943,8.02639961220764e-07,0.0518052231049244
23.9292752041176,5.92976597316447e-07,0.0742761177658713
23.9387948733408,5.69953201438587e-07,0.0760817232535715
23.948314542564,5.81441933972317e-07,0.0682855328770052
23.9578342117873,5.90390790182482e-07,0.0611725027718254
23.9673538810105,3.36771246717545e-07,0.0568528723422663
23.9768735502337,6.70658647954685e-07,0.0512217302820731
23.9863932194569,7.49330149669654e-07,0.0504423086506297
23.9959128886802,4.26865479955304e-07,0.057492178907744
24.0054325579034,6.48653621700016e-07,0.051130339760647
24.0149522271266,5.38102726198374e-07,0.048332979424698
24.0244718963498,6.58821324841759e-07,0.0285701944071386
24.0339915655731,5.35330951978217e-07,0.0684591378274816
24.0435112347963,4.89571408139996e-07,0.0514008305822413
24.0530309040195,4.8134758742598e-07,0.050258029766947
24.0625505732427,7.61746518754821e-07,0.0855957569482579
24.072070242466,4.53950707977781e-07,0.0576649212103362
24.0815899116892,7.16212005568825e-07,0.0595436421887616
24.0911095809124,4.91853903870704e-07,0.0548130805217179
24.1006292501357,7.08713341916879e-07,0.0579636588793379
24.1101489193589,4.77790669700572e-07,0.0669415284282464
24.1196685885821,5.93948144014328e-07,0.0600380205383499
24.1291882578053,4.35462532933989e-07,0.0472080798299121
24.1387079270286,4.7398706420016e-07,0.0929352698509624
24.1482275962518,5.47653919559536e-07,0.0418107883539137
24.157747265475,7.18302104000422e-07,0.0566957948804338
24.1672669346982,6.15324782935998e-07,0.0435074885780771
24.1767866039215,6.11720420852988e-07,0.0875783766897178
24.1863062731447,4.40663486896792e-07,0.0503766746859111
24.1958259423679,4.97455810968571e-07,0.047779622267525
24.2053456115912,4.11160378740696e-07,0.0418329399961179
24.2148652808144,5.99949257810869e-07,0.0457498528443303
24.2243849500376,6.0367033341435e-07,0.0463040846632397
24.2339046192608,5.95014997164615e-07,0.047500995390643
24.2434242884841,5.06217212008168e-07,0.0328149899940325
24.2529439577073,6.53881264508205e-07,0.0575671158080246
24.2624636269305,4.84212386002357e-07,0.0400521533395671
24.2719832961537,5.71713706045625e-07,0.0658689530038623
24.281502965377,5.07107991856202e-07,0.0571804722741005
24.2910226346002,6.80689926636697e-07,0.0466214815511048
24.3005423038234,5.40540838415125e-07,0.0472201470511045
24.3100619730466,8.56804829027534e-07,0.0528611338819836
24.3195816422699,4.67079222576543e-07,0.0686941599068987
24.3291013114931,4.02377510688672e-07,0.053463611569866
24.3386209807163,6.04657324659447e-07,0.0707545935280169
24.3481406499396,4.89644094894566e-07,0.0476162865689719
24.3576603191628,5.35005050007383e-07,0.0554879823289836
24.367179988386,6.02827084682345e-07,0.0531042373191567
24.3766996576092,7.72242014765581e-07,0.0405457358323133
24.3862193268325,5.21069897514873e-07,0.0635574861131642
24.3957389960557,4.75804733992509e-07,0.0550334575759583
24.4052586652789,4.51299537748549e-07,0.0833929525411172
24.4147783345021,4.13754907901521e-07,0.0449483230471774
24.4242980037254,4.30917378856236e-07,0.0628116008130052
24.4338176729486,6.61705185677559e-07,0.0605741475150033
24.4433373421718,4.88988872522149e-07,0.0514379396697908
24.452857011395,4.82942616763683e-07,0.0612768909881282
24.4623766806183,5.67757770588005e-07,0.0335996438124305
24.4718963498415,4.57772364642669e-07,0.0530048040627841
24.4814160190647,6.44575624400734e-07,0.0626816966994315
24.490935688288,5.03578088059315e-07,0.0610545613839027
24.5004553575112,6.38739916429666e-07,0.0480435757080357
24.5099750267344,6.2071385402699e-07,0.0737327496705553
24.5194946959576,4.20525622519324e-07,0.0624633584890483
24.5290143651809,5.26655844647472e-07,0.067897879857508
24.5385340344041,4.88920986862498e-07,0.0588960302817011
24.5480537036273,6.21626530154804e-07,0.0573832411063024
24.5575733728505,4.47648821662667e-07,0.052799851514012
24.5670930420738,7.46830775735814e-07,0.0436846176694437
24.576612711297,5.79801210031101e-07,0.0754730196965267
24.5861323805202,6.45042871343704e-07,0.0521800761811306
24.5956520497434,5.49511826050095e-07,0.0516995920458182
24.6051717189667,5.93923308468297e-07,0.0458973281655225
24.6146913881899,4.63368786642924e-07,0.0472536627364231
24.6242110574131,6.02781222587838e-07,0.0591041613570554
24.6337307266364,5.09454034728832e-07,0.03536598496662
24.6432503958596,4.60512869667595e-07,0.0326812040058027
24.6527700650828,5.11036849020434e-07,0.0441141594353689
24.662289734306,7.85745528311668e-07,0.0547324692984078
24.6718094035293,4.7402440248551e-07,0.0264514815294258
24.6813290727525,8.11430978097098e-07,0.0635605601583566
24.6908487419757,4.83560313859178e-07,0.0390695189655014
24.7003684111989,4.11790505060517e-07,0.0556438688380808
24.7098880804222,5.32776141230167e-07,0.0614718324050643
24.7194077496454,7.07883966876083e-07,0.0387837134306337
24.7289274188686,4.62332441356491e-07,0.0493887226364309
24.7384470880918,5.17493706302705e-07,0.054401737071177
24.7479667573151,6.10608949476396e-07,0.0397264778795685
24.7574864265383,7.16722073386327e-07,0.0360044420597841
24.7670060957615,4.8549507939726e-07,0.0588584639256559
24.7765257649848,4.90278013764394e-07,0.0441412968799584
24.786045434208,5.24919372603669e-07,0.0416893324655793
24.7955651034312,5.6086447123627e-07,0.0744559994716382
24.8050847726544,4.36427420681428e-07,0.0600470127919525
24.8146044418777,5.39186339858803e-07,0.0591603106617764
24.8241241111009,6.35927952749813e-07,0.048590593883084
24.8336437803241,4.54287596455173e-07,0.0560520762503949
24.8431634495473,5.51106015816159e-07,0.0589581640239973
24.8526831187706,4.93752918382083e-07,0.0533433829645203
24.8622027879938,2.78555293908948e-07,0.0538769332485307
24.871722457217,3.76378780168798e-07,0.0680334277378987
24.8812421264402,4.91304031983863e-07,0.0562837392027952
24.8907617956635,3.88320781016448e-07,0.0706661130597877
24.9002814648867,6.41544333603797e-07,0.0590496044243019
24.9098011341099,5.36669574680791e-07,0.0421840689160109
24.9193208033332,3.93357075289105e-07,0.0476935920835563
24.9288404725564,4.33696096011969e-07,0.0437856943924927
24.9383601417796,5.09330206814011e-07,0.0499132405386506
24.9478798110028,7.1835055909379e-07,0.0481749500829823
24.9573994802261,5.88812829883602e-07,0.055292470551357
24.9669191494493,4.6957745019596e-07,0.0562996467875385
24.9764388186725,5.84780153414817e-07,0.0609431772450982
24.9859584878957,8.04906227477922e-07,0.0460629416455154
24.995478157119,7.15130335649326e-07,0.0290166499626921
