freq,magnitude
5.00115030411675,0.0403243487432655
5.00345417977819,0.0401282454339302
5.00575911676407,0.0399122416682739
5.00806511556331,0.0396764130375666
5.01037217666507,0.0394208450438957
5.01268030055869,0.0391456330817392
5.0149894877338,0.0388508824331779
5.01729973868019,0.0385367082567727
5.01961105388793,0.0382032355601504
5.02192343384728,0.0378505991816077
5.02423687904874,0.0374789437578698
5.02655138998304,0.0370884236879867
5.02886696714112,0.0366792031000919
5.03118361101416,0.0362514558016552
5.03350132209357,0.035805365232428
5.03582010087097,0.0353411244123592
5.03813994783822,0.0348589358780449
5.04046086348741,0.0343590116260241
5.04278284831083,0.0338415730376876
5.04510590280103,0.0333068508097552
5.04743002745077,0.0327550848736979
5.04975522275303,0.0321865243114395
5.05208148920104,0.0316014272701531
5.05440882728824,0.0310000608695306
5.05673723750829,0.030382701095222
5.05906672035511,0.0297496327053401
5.06139727632281,0.0291011491210525
5.06372890590574,0.0284375523069125
5.0660616095985,0.0277591526613057
5.06839538789588,0.027066268886488
5.07073024129293,0.0263592278708972
5.07306617028491,0.0256383645462048
5.07540317536731,0.0249040217554162
5.07774125703586,0.0241565501144685
5.0800804157865,0.0233963078586815
5.08242065211542,0.0226236606994663
5.08476196651902,0.0218389816630513
5.08710435949394,0.0210426509304907
5.08944783153703,0.0202350556797096
5.09179238314541,0.0194165899053905
5.09413801481638,0.0185876542570001
5.0964847270475,0.0177486558505727
5.09883252033655,0.0169000080948922
5.10118139518154,0.0160421304975525
5.10353135208071,0.0151754484811994
5.10588239153252,0.0143003931855154
5.10823451403568,0.0134174012647179
5.11058772008912,0.012526914691683
5.112942010192,0.0116293805464447
5.11529738484369,0.0107252508059837
5.11765384454382,0.00981498213098408
5.12001138979224,0.00889903564944003
5.12237002108903,0.00797787672935658
5.12472973893449,0.00705197476188628
5.12709054382917,0.00612180292397831
5.12945243627383,0.00518783795162617
5.13181541676948,0.00425055990427573
5.13417948581734,0.00331045192754232
5.13654464391889,0.00236800000732691
5.13891089157581,0.00142369273217308
5.14127822929002,0.0004780210407354
5.14364665756369,-0.0004685220249932
5.1460161768992,-0.00141544157019417
5.14838678779917,-0.00236224110614319
5.15075849076645,-0.00330842280476583
5.15313128630412,-0.00425348775856824
5.15550517491549,-0.00519693623811365
5.15788015710411,-0.00613826796350518
5.16025623337376,-0.00707698235931382
5.16263340422845,-0.00801257882840733
5.16501167017241,-0.00894455701934929
5.16739103171013,-0.00987241709227801
5.1697714893463,-0.0107956599947603
5.17215304358587,-0.0117137877278718
5.17453569493401,-0.0126263036261821
5.17691944389612,-0.0135327126265398
5.17930429097784,-0.0144325215447773
5.18169023668504,-0.0153252393495773
5.18407728152382,-0.0162103774393619
5.18646542600052,-0.0170874499150842
5.1888546706217,-0.0179559738603272
5.19124501589418,-0.018815469613984
5.19363646232498,-0.019665461046679
5.19602901042137,-0.0205054758322914
5.19842266069087,-0.0213350457300097
5.2008174136412,-0.0221537068493616
5.20321326978034,-0.0229609999294739
5.20561022961649,-0.0237564706038896
5.20800829365809,-0.0245396696773223
5.21040746241381,-0.0253101533955617
5.21280773639257,-0.0260674837014252
5.2152091161035,-0.0268112285160783
5.21761160205599,-0.0275409619883146
5.22001519475963,-0.0282562647675201
5.22241989472429,-0.028956724252375
5.22482570246003,-0.0296419348581529
5.22723261847718,-0.0303114982623805
5.22964064328629,-0.0309650236605549
5.23204977739814,-0.0316021280134665
5.23446002132375,-0.0322224362889869
5.23687137557438,-0.0328255817115089
5.23928384066153,-0.0334112059926554
5.24169741709692,-0.0339789595704489
5.24411210539252,-0.0345285018379385
5.24652790606052,-0.035059501371459
5.24894481961336,-0.035571636153411
5.25136284656372,-0.0360645937877904
5.2537819874245,-0.0365380717187065
5.25620224270884,-0.0369917774344121
5.25862361293013,-0.0374254286778594
5.26104609860198,-0.0378387536383496
5.26346970023824,-0.0382314911555754
5.26589441835302,-0.038603390897332
5.26832025346062,-0.0389542135536052
5.27074720607562,-0.0392837310063606
5.27317527671283,-0.0395917265073237
5.27560446588727,-0.0398779948427782
5.27803477411422,-0.0401423424918538
5.2804662019092,-0.0403845877839138
5.28289874978796,-0.0406045610447242
5.28533241826648,-0.0408021047353239
5.28776720786099,-0.0409770735956921
5.29020311908796,-0.0411293347628824
5.29264015246408,-0.0412587678967744
5.29507830850629,-0.0413652652995177
5.29751758773178,-0.0414487320120593
5.29995799065796,-0.0415090859279421
5.30239951780248,-0.041546257873634
5.30484216968323,-0.0415601917052073
5.30728594681835,-0.0415508443799993
5.30973084972621,-0.0415181860314411
5.31217687892541,-0.04146220003079
5.3146240349348,-0.041382883042503
5.31707231827348,-0.0412802450733011
5.31952172946076,-0.0411543095131485
5.32197226901621,-0.0410051131652971
5.32442393745963,-0.0408327062746428
5.32687673531108,-0.0406371525389692
5.32933066309083,-0.0404185291208666
5.3317857213194,-0.0401769266455635
5.33424191051756,-0.0399124491989603
5.33669923120631,-0.0396252143045853
5.33915768390689,-0.0393153529003456
5.3416172691408,-0.0389830093138121
5.34407798742974,-0.0386283412081006
5.34653983929568,-0.0382515195483593
5.34900282526084,-0.0378527285339851
5.35146694584764,-0.0374321655347385
5.35393220157878,-0.036990041021433
5.35639859297719,-0.0365265784821555
5.35886612056602,-0.0360420143277634
5.3613347848687,-0.0355365978044078
5.36380458640886,-0.0350105908752018
5.36627552571039,-0.0344642681130256
5.36874760329744,-0.0338979165767752
5.37122081969436,-0.033311835679296
5.37369517542579,-0.0327063370501446
5.37617067101656,-0.0320817443894212
5.37864730699179,-0.031438393311678
5.38112508387681,-0.03077663118549
5.3836040021972,-0.0300968169650738
5.38608406247878,-0.0293993210051911
5.38856526524763,-0.0286845248883587
5.39104761103005,-0.0279528212227271
5.39353110035259,-0.0272046134449717
5.39601573374205,-0.0264403156127995
5.39850151172546,-0.0256603521926098
5.4009884348301,-0.0248651578362096
5.4034765035835,-0.0240551771541857
5.40596571851341,-0.0232308644776858
5.40845608014786,-0.0223926836194401
5.41094758901508,-0.0215411076216556
5.41344024564357,-0.0206766185097394
5.41593405056207,-0.0197997070187517
5.41842900429957,-0.0189108723366456
5.42092510738529,-0.0180106218262656
5.42342236034869,-0.0170994707438642
5.42592076371949,-0.0161779419605855
5.42842031802765,-0.0152465656669821
5.43092102380338,-0.0143058790778575
5.4334228815771,-0.0133564261336247
5.43592589187952,-0.0123987571917473
5.43843005524158,-0.0114334287166209
5.44093537219443,-0.010461002964382
5.44344184326953,-0.00948204766247589
5.44594946899852,-0.00849713568096321
5.44845824991332,-0.00750684471516629
5.4509681865461,-0.00651175693845608
5.45347927942926,-0.00551245867679218
5.45599152909544,-0.00450954006435079
5.45850493607754,-0.00350359469993893
5.46101950090869,-0.0024952193028636
5.46353522412229,-0.00148501335722028
5.46605210625197,-0.000473578767823774
5.4685701478316,0.000538480497680999
5.4710893493953,0.00155055876910202
5.47360971147745,0.00256204903246575
5.47613123461266,0.00357234328823863
5.47865391933579,0.00458083291379093
5.48117776618195,0.00558690903647114
5.48370277568648,0.00658996289029914
5.486228948385,0.007589386184525
5.48875628481336,0.008584571477532
5.49128478550763,0.00957491254231093
5.49381445100418,0.0105598047300869
5.49634528183958,0.0115386453501181
5.49887727855067,0.0125108340312326
5.50141044167453,0.013475773093284
5.5039447717485,0.0144328679173221
5.50648026931014,0.0153815273144293
5.5090169348973,0.0163211638872009
5.51155476904804,0.0172511944047566
5.51409377230068,0.0181710401627588
5.51663394519379,0.0190801273454507
5.51917528826619,0.019977887392584
5.52171780205694,0.0208637573562203
5.52426148710536,0.0217371802573515
5.52680634395101,0.0225976054463027
5.5293523731337,0.0234444889479621
5.53189957519349,0.0242772938198329
5.53444795067069,0.0250954904953048
5.53699750010586,0.0258985571285828
5.5395482240398,0.0266859799306074
5.54210012301356,0.027457253517072
5.54465319756846,0.0282118812273157
5.54720744824604,0.028949375466826
5.54976287558812,0.0296692580226021
5.55231948013673,0.0303710603883166
5.5548772624342,0.0310543240778413
5.55743622302306,0.0317186009398748
5.55999636244611,0.0323634534567289
5.56255768124643,0.0329884550541744
5.56512017996729,0.0335931903910559
5.56768385915227,0.0341772556499964
5.57024871934516,0.0347402588202413
5.57281476109001,0.0352818199803779
5.57538198493114,0.0358015715638878
5.57795039141309,0.03629915863035
5.58051998108067,0.0367742391223268
5.58309075447894,0.037226484112433
5.58566271215321,0.0376555780586231
5.58823585464903,0.0380612190369468
5.59081018251222,0.038443118972297
5.59338569628884,0.0388010038619668
5.59596239652521,0.0391346139964781
5.59854028376788,0.0394437041648359
5.60111935856368,0.0397280438530574
5.60369962145968,0.0399874174409636
5.60628107300319,0.0402216243885948
5.60886371374179,0.0404304794032831
5.6114475442233,0.0406138126196269
5.6140325649958,0.0407714697487416
5.61661877660764,0.0409033122348054
5.61920617960737,0.0410092173955543
5.62179477454385,0.0410890785540962
5.62438456196615,0.0411428051612933
5.62697554242363,0.0411703229145168
5.62956771646588,0.0411715738590616
5.63216108464274,0.0411465164834841
5.63475564750431,0.0410951258083386
5.63735140560095,0.041017393462518
5.63994835948327,0.0409133277443958
5.64254650970213,0.0407829536868859
5.64514585680864,0.0406263130969951
5.64774640135417,0.0404434645966584
5.65034814389035,0.0402344836464043
5.65295108496905,0.0399994625645943
5.65555522514241,0.0397385105286785
5.65816056496281,0.039451753578336
5.66076710498289,0.039139334591493
5.66337484575555,0.0388014132664586
5.66598378783394,0.0384381660795058
5.66859393177145,0.0380497862434492
5.67120527812176,0.0376364836483128
5.67381782743876,0.0371984847929747
5.67643158027665,0.0367360327057972
5.67904653718983,0.0362493868559968
5.68166269873299,0.0357388230561777
5.68428006546107,0.0352046333424389
5.68689863792925,0.0346471258642943
5.68951841669299,0.0340666247414382
5.69213940230799,0.0334634699254661
5.6947615953302,0.0328380170447528
5.69738499631584,0.032190637236937
5.70000960582139,0.0315217169746421
5.70263542440357,0.0308316578796572
5.70526245261936,0.0301208765239844
5.70789069102601,0.0293898042174207
5.71052014018101,0.0286388867951533
5.71315080064212,0.0278685843870988
5.71578267296735,0.0270793711729038
5.71841575771497,0.0262717351337493
5.7210500554435,0.0254461777956437
5.72368556671173,0.0246032139488701
5.72632229207869,0.023743371377157
5.72896023210369,0.0228671905539668
5.73159938734628,0.021975224353963
5.73423975836627,0.0210680377273167
5.73688134572374,0.0201462073893905
5.73952414997901,0.0192103214824876
5.74216817169267,0.0182609792411935
5.74481341142557,0.017298790634304
5.74745986973881,0.0163243760123502
5.75010754719375,0.0153383657339793
5.75275644435201,0.0143413997945073
5.75540656177548,0.0133341274323939
5.75805790002629,0.0123172067375011
5.76071045966684,0.0112913042526112
5.76336424125978,0.0102570945528522
5.76601924536804,0.00921525983541078
5.76867547255478,0.00816648948615823
5.77133292338345,0.00711147964612145
5.77399159841773,0.00605093277389174
5.77665149822158,0.00498555719074464
5.77931262335921,0.00391606662823334
5.7819749743951,0.00284317976687102
5.78463855189397,0.0017676197638137
5.78730335642083,0.000690113781766765
5.78996938854093,-0.000388607495487009
5.79263664881978,-0.00146781034042087
5.79530513782316,-0.00254675848598826
5.7979748561171,-0.00362471360565831
5.80064580426789,-0.0047009358287472
5.8033179828421,-0.00577468423305937
5.80599139240655,-0.00684521735875393
5.80866603352831,-0.00791179372359675
5.81134190677472,-0.0089736723278169
5.81401901271338,-0.0100301131837268
5.81669735191217,-0.0110803778267045
5.81937692493919,-0.0121237298432789
5.82205773236285,-0.0131594353932794
5.82473977475178,-0.0141867637389335
5.82742305267491,-0.0152049877653726
5.83010756670139,-0.0162133845145837
5.83279331740067,-0.0172112357083944
5.83548030534245,-0.018197828280524
5.83816853109667,-0.0191724548990957
5.84085799523357,-0.0201344144959546
5.84354869832363,-0.0210830127880983
5.84624064093759,-0.0220175628080456
5.84893382364647,-0.0229373854151171
5.85162824702154,-0.0238418098214561
5.85432391163434,-0.0247301741007621
5.85702081805667,-0.0256018257098021
5.85971896686058,-0.0264561219848243
5.86241835861841,-0.0272924306544678
5.86511899390275,-0.0281101303351572
5.86782087328645,-0.0289086110263503
5.87052399734264,-0.0296872745987327
5.87322836664468,-0.0304455352747334
5.87593398176624,-0.0311828201105189
5.87864084328121,-0.031898569460655
5.88134895176377,-0.0325922374406115
5.88405830778837,-0.0332632923834741
5.88676891192971,-0.033911217287625
5.88948076476276,-0.0345355102489191
5.89219386686274,-0.0351356849006824
5.89490821880517,-0.0357112708218949
5.89762382116579,-0.0362618139533133
5.90034067452065,-0.0367868770029371
5.90305877944604,-0.0372860398243284
5.90577813651851,-0.0377588998063034
5.9084987463149,-0.0382050722364518
5.91122060941229,-0.0386241906527544
5.91394372638804,-0.0390159071992915
5.91666809781977,-0.0393798929467812
5.91939372428537,-0.0397158382180852
5.92212060636301,-0.0400234528936024
5.92484874463109,-0.0403024667017924
5.92757813966831,-0.0405526295050181
5.93030879205363,-0.0407737115552949
5.93304070236625,-0.0409655037529765
5.93577387118568,-0.041127817881015
5.93850829909167,-0.0412604868220004
5.94124398666424,-0.0413633647754982
5.94398093448368,-0.0414363274374453
5.94671914313055,-0.0414792721805008
5.94945861318566,-0.0414921182175439
5.95219934523012,-0.0414748067385607
5.95494133984528,-0.0414273010416382
5.95768459761277,-0.0413495866390879
5.96042911911449,-0.0412416713621656
5.96317490493259,-0.0411035854227861
5.96592195564952,-0.0409353814894282
5.96867027184796,-0.0407371347164334
5.97141985411089,-0.0405089427773142
5.97417070302155,-0.0402509258756498
5.97692281916344,-0.0399632267263384
5.97967620312033,-0.0396460105362713
5.98243085547627,-0.0392994649585326
5.98518677681557,-0.0389238000295392
5.98794396772281,-0.038519248090988
5.99070242878285,-0.0380860636855371
5.99346216058079,-0.0376245234538462
5.99622316370205,-0.0371349259893934
5.99898543873226,-0.0366175916970474
6.00174898625736,-0.0360728626152474
6.00451380686355,-0.0355011022426801
6.00727990113731,-0.0349026953207224
6.01004726966536,-0.03427804762336
6.01281591303472,-0.0336275857157022
6.01558583183267,-0.03295175669358
6.01835702664676,-0.0322510279208571
6.02112949806481,-0.0315258867305774
6.02390324667491,-0.0307768401244872
6.02667827306543,-0.0300044144477486
6.029454577825,-0.0292091550503832
6.03223216154252,-0.028391625934989
6.03501102480717,-0.0275524093810598
6.0377911682084,-0.0266921055588692
6.04057259233594,-0.0258113321302478
6.04335529777975,-0.0249107238288332
6.04613928513013,-0.0239909320265388
6.04892455497759,-0.0230526242906087
6.05171110791294,-0.0220964839189098
6.05449894452727,-0.021123209466864
6.05728806541192,-0.0201335142580352
6.06007847115852,-0.0191281258793224
6.06287016235897,-0.0181077856714115
6.06566313960542,-0.0170732481980184
6.06845740349034,-0.0160252807064778
6.07125295460642,-0.0149646625761798
6.07404979354666,-0.0138921847574897
6.07684792090432,-0.0128086491936995
6.07964733727293,-0.0117148682431479
6.0824480432463,-0.0106116640783921
6.08525003941851,-0.00949986808908134
6.08805332638392,-0.00838032025999115
6.09085790473715,-0.00725386855502306
6.09366377507311,-0.00612136828557831
6.09647093798698,-0.00498368147116151
6.0992793940742,-0.0038416761950339
6.10208914393049,-0.0026962259471873
6.10490018815187,-0.00154820897541465
6.1077125273346,-0.000398507607357661
6.11052616207523,0.000751992411160363
6.11334109297059,0.00190240259221714
6.11615732061777,0.00305183238962592
6.11897484561415,0.00419938988028455
6.12179366855737,0.00534418244752527
6.12461379004537,0.00648531748054473
6.12743521067633,0.00762190305820463
6.13025793104874,0.00875304864296548
6.13308195176135,0.00987786578400785
6.13590727341317,0.0109954688086143
6.13873389660353,0.012104975515998
6.14156182193198,0.0132055078811976
6.1443910499984,0.014296192744516
6.1472215814029,0.0153761625057979
6.1500534167459,0.0164445558245123
6.15288655662808,0.0175005182998368
6.15572100165041,0.018543203162616
6.15855675241411,0.0195717719637444
6.16139380952071,0.020585395244476
6.164232173572,0.0215832532208052
6.16707184517004,0.0225645364502626
6.16991282491719,0.0235284464958882
6.17275511341606,0.0244741965903195
6.17559871126956,0.0254010122832866
6.17844361908086,0.0263081320887586
6.18128983745343,0.0271948081280209
6.184137366991,0.0280603067531552
6.18698620829759,0.028903909172244
6.18983636197747,0.0297249120641775
6.19268782863523,0.0305226281765616
6.19554060887572,0.0312963869277334
6.19839470330405,0.0320455349797194
6.20125011252564,0.0327694368216021
6.20410683714617,0.0334674753202991
6.2069648777716,0.0341390522769217
6.20982423500818,0.0347835889610407
6.21268490946243,0.0354005266350438
6.21554690174114,0.0359893270651752
6.21841021245142,0.0365494730206246
6.2212748422006,0.0370804687546222
6.22414079159633,0.0375818404784075
6.22700806124654,0.0380531368095034
6.22987665175942,0.0384939292168002
6.23274656374345,0.0389038124379915
6.2356177978074,0.0392824048937638
6.23849035456031,0.0396293490761131
6.2413642346115,0.0399443119214224
6.24423943857057,0.0402269851707205
6.2471159670474,0.0404770857077101
6.24999382065216,0.0406943558810093
6.2528729999953,0.0408785638106645
6.25575350568753,0.0410295036682471
6.25863533833988,0.0411469959504009
6.26151849856363,0.0412308877205381
6.26440298697035,0.0412810528386303
6.26728880417189,0.041297392174388
6.27017595078039,0.0412798337859847
6.27306442740827,0.0412283330994234
6.27595423466822,0.0411428730473192
6.27884537317322,0.0410234642008529
6.28173784353654,0.0408701448726231
6.28463164637173,0.0406829812035364
6.28752678229261,0.0404620672266337
6.2904232519133,0.040207524904299
6.29332105584818,0.0399195041557498
6.29622019471195,0.0395981828474609
6.29912066911955,0.0392437667705546
6.30202247968623,0.0388564895979526
6.30492562702752,0.0384366128135164
6.30783011175922,0.0379844256143589
6.31073593449744,0.0375002448085999
6.31364309585856,0.0369844146650236
6.31655159645922,0.0364373067666705
6.31946143691639,0.0358593198119066
6.32237261784729,0.0352508794268098
6.32528513986944,0.034612437920601
6.32819900360063,0.0339444740446123
6.33111420965895,0.0332474927126399
6.33403075866276,0.032522024700887
6.33694865123073,0.0317686263370519
6.33986788798179,0.0309878791430472
6.34278846953517,0.0301803894814287
6.34571039651036,0.0293467881577576
6.34863366952718,0.0284877300139008
6.35155828920568,0.0276038934893618
6.35448425616626,0.0266959801696576
6.35741157102954,0.0257647143045423
6.36034023441648,0.0248108423068339
6.36327024694829,0.0238351322328424
6.36620160924649,0.022838373233997
6.36913432193286,0.0218213749948229
6.3720683856295,0.02078496714756
6.37500380095876,0.0197299986585931
6.37794056854332,0.0186573372080743
6.38087868900609,0.0175678685391533
6.38381816297033,0.0164624957871766
6.38675899105954,0.0153421387979018
6.38970117389753,0.014207733417058
6.39264471210838,0.0130602307708565
6.39558960631649,0.0119005965151129
6.3985358571465,0.0107298100841386
6.40148346522338,0.00954886390567127
6.40443243117237,0.00835876260665685
6.407382755619,0.00716052221104419
6.41033443918909,0.00595516930062244
6.41328748250874,0.00474374018299717
6.41624188620434,0.00352728003308377
6.41919765090258,0.00230684202261252
6.42215477723044,0.00108348643720209
6.42511326581517,-0.000141720216545375
6.42807311728432,-0.00136770612628829
6.43103433226574,-0.00259339508080486
6.43399691138754,-0.00381770740763602
6.43696085527815,-0.00503956091196897
6.43992616456627,-0.00625787181549822
6.44289283988091,-0.00747155572751185
6.44586088185134,-0.00867952859139045
6.44883029110714,-0.0098807076662683
6.45180106827818,-0.0110740124982971
6.45477321399462,-0.0122583659007871
6.4577467288869,-0.0134326949410901
6.46072161358576,-0.0145959319233532
6.46369786872222,-0.0157470153841688
6.46667549492762,-0.016884891077999
6.46965449283354,-0.0180085129723705
6.4726348630719,-0.0191168442346813
6.47561660627488,-0.0202088582277731
6.47859972307498,-0.0212835394888763
6.48158421410495,-0.0223398847190795
6.48457007999787,-0.0233769037550218
6.4875573213871,-0.0243936205503574
6.49054593890627,-0.0253890741360168
6.49353593318934,-0.0263623195823932
6.49652730487054,-0.0273124289466424
6.49952005458439,-0.0282384922186643
6.5025141829657,-0.0291396182486448
6.5055096906496,-0.0300149356670101
6.50850657827147,-0.0308635937867596
6.51150484646702,-0.0316847635022603
6.51450449587223,-0.0324776381671662
6.51750552712338,-0.0332414344513153
6.52050794085705,-0.033975393190626
6.5235117377101,-0.0346787802148436
6.5265169183197,-0.0353508871602947
6.52952348332329,-0.0359910322513109
6.53253143335863,-0.0365985610827607
6.53554076906376,-0.0371728473537394
6.53855149107701,-0.0377132936035385
6.54156360003702,-0.0382193319128948
6.54457709658269,-0.0386904245763196
6.54759198135327,-0.0391260647575653
6.55060825498824,-0.0395257771203416
6.55362591812743,-0.0398891184229988
6.55664497141093,-0.0402156780934737
6.55966541547915,-0.0405050787708903
6.56268725097277,-0.0407569768196128
6.56571047853277,-0.0409710628204135
6.56873509880045,-0.0411470620112925
6.57176111241738,-0.0412847347228917
6.57478852002543,-0.0413838767592595
6.57781732226677,-0.041444319757795
6.58084751978386,-0.0414659315148381
6.58387911321947,-0.0414486162713493
6.58691210321665,-0.041392314976634
6.58994649041876,-0.0412970054974522
6.59298227546944,-0.0411627028102651
6.59601945901265,-0.0409894591520606
6.59905804169261,-0.0407773641269895
6.60209802415388,-0.0405265447884267
6.60513940704128,-0.040237165673387
6.60818219099995,-0.0399094288122408
6.61122637667533,-0.0395435736850546
6.61427196471313,-0.0391398771553151
6.61731895575939,-0.0386986533589246
6.62036735046042,-0.0382202535535574
6.62341714946285,-0.0377050659319819
6.6264683534136,-0.0371535154058794
6.62952096295988,-0.0365660633331152
6.6325749787492,-0.0359432072287767
6.63563040142938,-0.0352854804187772
6.63868723164854,-0.0345934516737294
6.64174547005507,-0.0338677247911563
6.64480511729769,-0.0331089381474283
6.64786617402541,-0.0323177642160514
6.65092864088752,-0.0314949090382689
6.65399251853365,-0.0306411116683676
6.65705780761369,-0.0297571435821928
6.66012450877784,-0.0288438080453438
6.66319262267662,-0.0279019394457981
6.66626214996081,-0.0269324025976439
6.66933309128154,-0.0259360920139434
6.67240544729019,-0.0249139311334994
6.67547921863847,-0.0238668715274502
6.67855440597839,-0.0227958920685162
6.68163100996225,-0.0217019980738323
6.68470903124265,-0.0205862204057303
6.6877884704725,-0.0194496145644931
6.690869328305,-0.0182932597247126
6.69395160539367,-0.0171182577696347
6.6970353023923,-0.0159257322813108
6.700120419955,-0.0147168275129642
6.7032069587362,-0.0134927073336938
6.70629491939059,-0.0122545541497206
6.70938430257319,-0.0110035677996647
6.71247510893932,-0.0097409644306986
6.71556733914459,-0.00846797535462078
6.71866099384492,-0.00718584588164323
6.72175607369654,-0.0058958341329962
6.72485257935596,-0.00459920984449906
6.72795051148001,-0.00329725313706294
6.73104987072582,-0.00199125329209387
6.73415065775082,-0.000682507496763358
6.73725287321275,0.000627680421205173
6.74035651776963,0.0019380012571022
6.74346159207982,0.00324714173313089
6.74656809680195,0.00455378577142461
6.74967603259498,0.00585661581918153
6.75278540011814,0.0071543141455911
6.755896200031,0.00844556416019256
6.75900843299341,0.00972905174361235
6.76212209966554,0.0110034665606884
6.76523720070785,0.0122675033930275
6.7683537367811,0.0135198634710646
6.77147170854639,0.0147592557944198
6.77459111666507,0.0159843984608922
6.77771196179885,0.017194019992116
6.7808342446097,0.0183868606504234
6.78395796575992,0.0195616737493797
6.7870831259121,0.0207172269680473
6.79020972572916,0.0218523036413925
6.79333776587431,0.0229657040588274
6.79646724701104,0.024056246735766
6.7995981698032,0.0251227696840338
6.80273053491489,0.0261641316685412
6.80586434301056,0.0271792134418761
6.80899959475495,0.0281669189754108
6.81213629081309,0.0291261766632211
6.81527443185034,0.0300559405159863
6.81841401853235,0.0309551913274211
6.8215550515251,0.0318229378266614
6.82469753149484,0.0326582178102027
6.82784145910816,0.0334600992469363
6.83098683503195,0.0342276813621201
6.83413365993338,0.0349600956907911
6.83728193447998,0.0356565071174353
6.84043165933953,0.0363161148741959
6.84358283518015,0.0369381535242774
6.84673546267028,0.0375218938998243
6.84988954247863,0.0380666440305047
6.85304507527425,0.0385717500177248
6.85620206172648,0.0390365968936105
6.85936050250497,0.0394606094448126
6.8625203982797,0.0398432529848449
6.86568174972093,0.0401840341181511
6.86884455749924,0.0404825014440129
6.87200882228552,0.0407382462360381
6.87517454475097,0.0409509030768627
6.8783417255671,0.0411201504631523
6.88151036540573,0.0412457113583266
6.88468046493898,0.0413273537116904
6.88785202483928,0.0413648909398488
6.8910250457794,0.0413581823493498
6.89419952843237,0.0413071335416411
6.89737547347157,0.0412116967475007
6.90055288157067,0.0410718711403699
6.90373175340366,0.0408877030798793
6.90691208964484,0.0406592863373784
6.91009389096881,0.0403867622497589
6.9132771580505,0.0400703198428362
6.91646189156512,0.0397101958959742
6.91964809218823,0.0393066749689909
6.92283576059567,0.0388600893708467
6.92602489746361,0.0383708190832854
6.92921550346852,0.0378392916388519
6.93240757928719,0.0372659819392383
6.93560112559672,0.0366514120333876
6.9387961430745,0.0359961508377624
6.94199263239828,0.0353008138090793
6.94519059424608,0.0345660625683757
6.94839002929624,0.0337926044655389
6.95159093822743,0.0329811921020212
6.95479332171862,0.032132622796555
6.95799718044909,0.0312477379996968
6.96120251509844,0.0303274226603488
6.96440932634657,0.0293726045338355
6.96761761487372,0.0283842534462573
6.97082738136043,0.0273633805050183
6.97403862648753,0.0263110372538204
6.9772513509362,0.0252283147856507
6.9804655553879,0.0241163427996282
6.98368124052445,0.0229762886045081
6.98689840702793,0.0218093560826765
6.99011705558077,0.020616784596366
6.9933371868657,0.019399847846859
6.99655880156578,0.018159852691338
6.99978190036437,0.016898137907678
7.00300648394514,0.0156160729102772
7.00623255299209,0.0143150564245691
7.00946010818952,0.0129965151213944
7.01268915022207,0.0116619021919049
7.01591967977467,0.0103126958994992
7.01915169753256,0.0089503980706252
7.02238520418134,0.00757653256450994
7.02562020040688,0.00619264368480741
7.02885668689537,0.00480029456551903
7.03209466433335,0.00340106551383247
7.03533413340765,0.00199655232699003
7.03857509480541,0.000588364557488249
7.0418175492141,-0.000821876237204213
7.04506149732151,-0.00223253827784621
7.04830693981574,-0.00364198138969916
7.05155387738521,-0.00504855883878194
7.05480231071864,-0.00645061920181989
7.0580522405051,-0.0078465082608066
7.06130366743396,-0.00923457091502322
7.06455659219489,-0.0106131531179151
7.06781101547792,-0.0119806038245971
7.07106693797334,-0.0133352769657894
7.07432436037182,-0.0146755334163272
7.07758328336431,-0.0159997430002867
7.08084370764209,-0.0173062864787037
7.08410563389674,-0.0185935575636367
7.0873690628202,-0.019859964924915
7.09063399510468,-0.0211039342024316
7.09390043144274,-0.0223239100180759
7.09716837252726,-0.0235183579820187
7.10043781905141,-0.0246857666923798
7.10370877170872,-0.0258246497297304
7.10698123119302,-0.0269335476371137
7.11025519819844,-0.0280110298880033
7.11353067341946,-0.0290556968338681
7.11680765755087,-0.0300661816395417
7.12008615128778,-0.0310411521857818
7.1233661553256,-0.0319793129586885
7.12664767036011,-0.0328794069043316
7.12993069708735,-0.0337402172516988
7.13321523620373,-0.0345605693094768
7.13650128840595,-0.0353393322190935
7.13978885439105,-0.0360754206776707
7.14307793485637,-0.0367677966050548
7.1463685304996,-0.037415470789274
7.14966064201873,-0.0380175044644861
7.15295427011208,-0.0385730108472594
7.15624941547828,-0.039081156626305
7.1595460788163,-0.0395411633870653
7.16284426082541,-0.0399523089895369
7.16614396220524,-0.0403139288804332
7.16944518365569,-0.0406254173392078
7.17274792587702,-0.0408862286759431
7.1760521895698,-0.0410958783436053
7.17935797543494,-0.0412539439919471
7.18266528417364,-0.041360066451025
7.18597411648744,-0.0414139506350875
7.18928447307822,-0.0414153663794245
7.19259635464815,-0.0413641491925294
7.19590976189976,-0.0412602009352432
7.19922469553586,-0.0411034904173498
7.20254115625963,-0.0408940539129104
7.20585914477454,-0.0406319955877203
7.2091786617844,-0.0403174878517093
7.21249970799335,-0.0399507716082367
7.21582228410582,-0.0395321564405289
7.21914639082662,-0.0390620206806693
7.22247202886083,-0.0385408114143738
7.22579919891389,-0.0379690443796731
7.22912790169155,-0.0373473037825327
7.23245813789989,-0.0366762420146135
7.23578990824532,-0.0359565792845763
7.23912321343455,-0.0351891031548754
7.24245805417467,-0.0343746679842125
7.24579443117302,-0.0335141942832093
7.24913234513734,-0.0326086679648117
7.25247179677565,-0.0316591395205899
7.2558127867963,-0.0306667230863059
7.25915531590799,-0.0296325954325586
7.26249938481973,-0.028557994847878
7.26584499424085,-0.0274442199466333
7.26919214488102,-0.0262926283797573
7.27254083745023,-0.0251046354501106
7.2758910726588,-0.0238817126614066
7.27924285121738,-0.0226253861565509
7.28259617383694,-0.0213372350876653
7.28595104122878,-0.0200188898913995
7.28930745410454,-0.0186720304967258
7.29266541317616,-0.0172983844363559
7.29602491915593,-0.0158997248936602
7.29938597275647,-0.014477868657341
7.30274857469071,-0.0130346740235686
7.30611272567193,-0.0115720386004093
7.30947842641373,-0.0100918970651411
7.31284567763002,-0.00859621883977122
7.31621448003508,-0.0070870057026205
7.31958483434347,-0.00556628934562274
7.32295674127012,-0.00403612886083713
7.32633020153027,-0.0024986081730749
7.32970521583949,-0.000955833421375984
7.33308178491369,0.000590069711899157
7.33645990946909,0.00213695873135337
7.33983959022226,0.00368267708831779
7.34322082789009,0.00522505700122327
7.34660362318981,0.00676192229495155
7.34998797683896,0.00829109130055396
7.35337388955543,0.00981037976999663
7.35676136205744,0.0113176038327202
7.36015039506352,0.0128105829665761
7.36354098929257,0.0142871430098729
7.36693314546377,0.0157451191733806
7.37032686429668,0.0171823590899859
7.37372214651115,0.0185967258559721
7.3771189928274,0.0199861011026068
7.38051740396596,0.0213483880544253
7.38391738064769,0.0226815146073393
7.38731892359378,0.0239834363947001
7.39072203352578,0.0252521398465348
7.39412671116554,0.0264856452579821
7.39753295723525,0.0276820098167368
7.40094077245744,0.0288393306448091
7.40435015755498,0.029955747797856
7.40776111325106,0.0310294472558913
7.41117364026919,0.0320586638736029
7.41458773933325,0.0330416843165504
7.41800341116743,0.0339768499508452
7.42142065649624,0.0348625596902751
7.42483947604456,0.0356972728198989
7.42825987053757,0.0364795117530557
7.43168184070081,0.037207864749954
7.43510538726014,0.0378809885850635
7.43853051094175,0.0384976111468996
7.44195721247218,0.0390565339861189
7.44538549257829,0.0395566347943313
7.44881535198729,0.039996869810583
7.4522467914267,0.0403762761683955
7.45567981162441,0.0406939741504648
7.45911441330861,0.0409491693716516
7.46255059720785,0.0411411548795199
7.46598836405101,0.0412693131606925
7.4694277145673,0.0413331180636307
7.47286864948627,0.0413321366189821
7.47631116953781,0.0412660307608736
7.47975527545213,0.0411345589550163
7.4832009679598,0.0409375777112015
7.48664824779171,0.0406750429821754
7.49009711567909,0.0403470114629763
7.49354757235351,0.0399536417567891
7.49699961854688,0.0394951954289492
7.50045325499143,0.038972037934252
7.50390848241975,0.0383846394139187
7.50736530156475,0.0377335753637392
7.51082371315969,0.0370195271579239
7.51428371793816,0.0362432824478312
7.51774531663409,0.03540573540664
7.52120850998175,0.0345078868319924
7.52467329871576,0.0335508441010937
7.52813968357104,0.0325358209694255
7.53160766528289,0.0314641372208953
7.53507724458692,0.0303372181457867
7.53854842221911,0.0291565938745621
7.54202119891575,0.0279238985332516
7.54549557541347,0.0266408692390112
7.54897155244927,0.0253093449200063
7.55244913076046,0.0239312649680331
7.55592831108469,0.0225086677109387
7.55940909415996,0.021043688711699
7.56289148072462,0.0195385588879871
7.56637547151734,0.0179956024446848
7.56986106727713,0.0164172346284747
7.57334826874336,0.0148059592987812
7.57683707665573,0.013164366301859
7.58032749175428,0.0114951286694676
7.58381951477938,0.00980099962685447
7.58731314647176,0.00808480939935775
7.59080838757249,0.00634946184360427
7.59430523882297,0.0045979308811968
7.59780370096493,0.00283325674031057
7.60130377474049,0.00105854201347405
7.60480546089205,-0.000723052483722401
7.6083087601624,-0.00250831203045652
7.61181367329465,-0.0042939725198449
7.61532020103225,-0.00607672515775686
7.618828344119,-0.00785322133985782
7.62233810329905,-0.00962007772808542
7.62584947931688,-0.0113738814909274
7.62936247291732,-0.013111195725201
7.63287708484553,-0.0148285650603721
7.63639331584704,-0.0165225214217123
7.63991116666769,-0.018189589969802
7.64343063805369,-0.0198262951906306
7.64695173075159,-0.021429167159859
7.65047444550826,-0.0229947479373791
7.65399878307095,-0.0245195981337749
7.65752474418723,-0.02600030359536
7.66105232960502,-0.0274334822400715
7.66458154007259,-0.0288157910046384
7.66811237633855,-0.0301439329328588
7.67164483915185,-0.031414664359886
7.67517892926179,-0.0326248022059011
7.67871464741802,-0.0337712313753607
7.68225199437053,-0.034850912227147
7.68579097086966,-0.0358608881422127
7.68933157766608,-0.0367982931471714
7.69287381551083,-0.0376603596034442
7.69641768515527,-0.0384444259455542
7.69996318735113,-0.0391479444566292
7.70351032285048,-0.039768489075249
7.70705909240572,-0.0403037632196094
7.71060949676962,-0.0407516076085246
7.71416153669528,-0.0411100080963825
7.71771521293616,-0.041377103470384
7.72127052624605,-0.0415511932372133
7.7248274773791,-0.0416307453509231
7.72838606708981,-0.0416144039034506
7.73194629613302,-0.0415009967457097
7.73550816526391,-0.0412895430209751
7.73907167523804,-0.040979260630757
7.74263682681127,-0.0405695735746492
7.74620362073985,-0.0400601191927781
7.74977205778036,-0.0394507552785788
7.75334213868973,-0.038741567045495
7.75691386422523,-0.0379328739626491
7.76048723514451,-0.0370252364046385
7.76406225220553,-0.0360194621513177
7.76763891616662,-0.0349166126897238
7.77121722778646,-0.0337180093291426
7.77479718782408,-0.0324252391043136
7.77837879703884,-0.0310401604739245
7.78196205619048,-0.0295649087838059
7.78554696603906,-0.0280019015050127
7.78913352734503,-0.0263538432253048
7.79272174086913,-0.0246237303944243
7.79631160737252,-0.0228148558062578
7.79990312761666,-0.0209308128205597
7.80349630236337,-0.0189754993116899
7.80709113237485,-0.0169531213458435
7.81068761841361,-0.0148681965642528
7.81428576124254,-0.0127255572972597
7.81788556162487,-0.0105303533737088
7.82148702032418,-0.00828805464400444
7.82509013810441,-0.00600445321179187
7.82869491572985,-0.0036856653611143
7.83230135396513,-0.00133813319670156
7.83590945357525,0.00103137402534249
7.83951921532556,0.00341575885163373
7.84313063998174,0.00580759488627276
7.84674372830985,0.00819912633300007
7.85035848107629,0.0105822678381967
7.85397489904782,0.012948604603981
7.85759298299154,0.0152893927911082
7.86121273367492,0.0175955601967971
7.86483415186576,0.0198577072042221
7.86845723833225,0.0220661079850243
7.87208199384291,0.0242107119740196
7.8757084191666,0.0262811455749173
7.87933651507257,0.028266714122166
7.8829662823304,0.0301564040510566
7.88659772171002,0.0319388853143777
7.89023083398174,0.0336025139884946
7.8938656199162,0.0351353350893701
7.89750208028441,0.0365250855726285
7.90114021585773,0.0377591975116737
7.90478002740787,0.0388248014434106
7.90842151570691,0.0397087298555889
7.91206468152727,0.0403975208287573
7.91570952564173,0.040877421791027
7.91935604882343,0.0411343933958862
7.92300425184586,0.0411541134896971
7.92665413548289,0.0409219811709316
7.93030570050871,0.0404231209211158
7.93395894769788,0.0396423867964801
7.93761387782534,0.0385643666475996
7.94127049166635,0.0371733863865112
7.94492878999655,0.0354535142622481
7.94858877359194,0.0333885651335217
7.95225044322886,0.0309621047297581
7.95591379968402,0.0281574538861232
7.95957884373448,0.0249576927344151
7.96324557615768,0.0213456648408189
7.96691399773138,0.0173039812677051
7.97058410923373,0.0128150245567709
7.97425591144323,0.00786095261273509
7.97792940513874,0.00242370247346643
7.98160459109946,-0.00351500603794673
7.98528147010498,-0.00997366680669418
7.98896004293523,-0.0169709840669035
7.9926403103705,-0.0245258692055322
7.99632227319144,-0.0326574377472727
8.00000593217906,-0.0413850065185191
8.00369128811474,-0.050728091024446
8.00737834178021,-0.0607064030337727
8.01106709395755,-0.0713398483853349
8.01475754542923,-0.0826485250394316
8.01844969697805,-0.0946527213709608
8.02214354938719,-0.107372914729161
8.02583910344018,-0.120829770262944
8.02953635992092,-0.135044140032487
8.03323531961366,-0.150037062412486
8.03693598330301,-0.165829761806911
8.04063835177397,-0.182443648670194
8.04434242581186,-0.199900319865936
8.04804820620239,-0.218221559350738
8.05175569373162,-0.237429339229167
8.05546488918599,-0.257545821141156
8.05917579335227,-0.278593358049674
8.06288840701763,-0.300594496395975
8.06660273096956,-0.323571978648357
8.07031876599596,-0.34754874627368
8.07403651288505,-0.372547943116051
8.07775597242545,-0.398592919212093
8.08147714540611,-0.425707235051454
8.08520003261637,-0.453914666301813
8.08892463484591,-0.483239209004874
8.0926509528848,-0.513705085252453
8.09637898752345,-0.545336749386488
8.10010873955265,-0.578158894700816
8.10384020976355,-0.612196460688351
8.10757339894767,-0.647474640841674
8.11130830789687,-0.684018891037228
8.11504493740341,-0.72185493849784
8.11878328825988,-0.761008791382147
8.12252336125927,-0.801506749012434
8.12626515719491,-0.843375412761996
8.1300086768605,-0.886641697632452
8.13375392105012,-0.931332844540247
8.13750089055819,-0.977476433359805
8.14124958617953,-1.02510039673221
8.14500000870929,-1.07423303468888
8.14875215894301,-1.12490303010972
8.1525060376766,-1.17713946508301
8.15626164570631,-1.23097183816442
8.16001898382878,-1.28643008262142
8.16377805284101,-1.34354458568657
8.16753885354036,-1.40234620887124
8.17130138672458,-1.46286630939798
8.17506565319177,-1.52513676282061
8.17883165374039,-1.58918998686841
8.18259938916929,-1.65505896660441
8.18636886027766,-1.72277728096612
8.19014006786509,-1.79237913075471
8.19391301273151,-1.86389936817299
8.19768769567724,-1.93737352799561
8.20146411750295,-2.012837860462
8.2052422790097,-2.090329366015
8.20902218099889,-2.16988583198782
8.21280382427233,-2.25154587136031
8.21658720963216,-2.33534896373152
8.22037233788091,-2.42133549864002
8.22415920982147,-2.50954682139795
8.22794782625711,-2.60002528161113
8.23173818799147,-2.69281428455455
8.23553029582855,-2.78795834563387
8.23932415057272,-2.88550314811423
8.24311975302873,-2.98549560438784
8.2469171040017,-3.08798392102591
8.25071620429712,-3.19301766789471
8.25451705472084,-3.3006478516487
8.2583196560791,-3.41092699394579
8.2621240091785,-3.5239092147347
8.26593011482601,-3.63965032104809
8.26973797382897,-3.7582079017091
8.2735475869951,-3.87964142847755
8.27735895513249,-4.00401236413194
8.2811720790496,-4.13138427811561
8.28498695955527,-4.26182297035024
8.2888035974587,-4.39539660398691
8.29262199356948,-4.53217584782556
8.29644214869754,-4.67223402933786
8.30026406365322,-4.81564729921315
8.30408773924722,-4.96249480853108
8.3079131762906,-5.11285889975189
8.31174037559481,-5.26682531285132
8.31556933797168,-5.42448340808264
8.31940006423339,-5.58592640703727
8.32323255519252,-5.75125165383635
8.32706681166199,-5.92056089855796
8.33090283445514,-6.09396060522127
8.33474062438565,-6.27156228696078
8.33858018226759,-6.45348287135849
8.34242150891539,-6.63984509927568
8.34626460514388,-6.83077796099807
8.35010947176824,-7.02641717398335
8.35395610960404,-7.22690570712926
8.35780451946722,-7.43239435714601
8.36165470217411,-7.64304238343068
8.36550665854139,-7.85901820877186
8.36936038938615,-8.08050019432993
8.37321589552581,-8.30767749860114
8.37707317777821,-8.5407510316005
8.38093223696155,-8.77993451732427
8.38479307389441,-9.02545567966358
8.38865568939573,-9.27755756947553
8.39252008428486,-9.53650005361433
8.39638625938149,-9.80256149032807
8.40025421550572,-10.0760406198849
8.40412395347802,-10.3572587046446
8.40799547411922,-10.6465619592739
8.41186877825054,-10.9443243198732
8.41574386669358,-11.2509506105072
8.41962074027033,-11.5668801779014
8.42349939980313,-11.8925910801107
8.42737984611473,-12.2286049340185
8.43126208002823,-12.5754925503524
8.43514610236713,-12.9338805153471
8.4390319139553,-13.3044589169177
8.44291951561699,-13.6879904633351
8.44680890817683,-14.0853213074323
8.45070009245985,-14.4973939746631
8.45459306929142,-14.9252629064392
8.45848783949731,-15.3701132812869
8.4623844039037,-15.8332839810264
8.46628276333709,-16.3162958492071
8.47018291862442,-16.8208867777079
8.47408487059296,-17.3490557039306
8.47798862007041,-17.9031183821325
8.4818941678848,-18.485778927129
8.4858015148646,-19.1002228084389
8.4897106618386,-19.7502395109829
8.49362160963602,-20.4403870021748
8.49753435908644,-21.1762163682622
8.50144891101983,-21.9645851417071
8.50536526626652,-22.8141049788386
8.50928342565727,-23.73579936711
8.51320339002317,-24.7441019788292
8.51712516019572,-25.8584321327686
8.52104873700681,-27.1058006801922
8.52497412128869,-28.5253785182544
8.52890131387401,-30.1771214741433
8.53283031559581,-32.1597265477131
8.53676112728749,-34.6534735140776
8.54069374978286,-38.0458646319337
8.54462818391608,-43.4624611955969
8.54856443052174,-59.3567285523663
8.55250249043477,-47.1670685193439
8.55644236449053,-40.2989053360152
8.56038405352471,-36.6173857243408
8.56432755837343,-34.1196566981141
8.56827287987318,-32.246928013349
8.57222001886083,-30.7622597985187
8.57616897617365,-29.5428114339333
8.58011975264928,-28.5166392794522
8.58407234912575,-27.6379790793216
8.58802676644148,-26.8759223620447
8.59198300543527,-26.2086230232087
8.59594106694633,-25.6200797133931
8.59990095181421,-25.0982313809764
8.60386266087889,-24.633771199952
8.60782619498072,-24.2193764670394
8.61179155496044,-23.8491908967186
8.61575874165917,-23.5184661990481
8.61972775591843,-23.2233076005993
8.62369859858011,-22.960489186692
8.62767127048651,-22.7273173458897
8.6316457724803,-22.5215281030086
8.63562210540455,-22.3412088086992
8.63960027010271,-22.1847376536215
8.64358026741861,-22.0507364443925
8.6475620981965,-21.9380333992004
8.65154576328099,-21.8456336244271
8.6555312635171,-21.7726955630398
8.65951859975021,-21.7185121514388
8.66350777282611,-21.6824957426101
8.66749878359098,-21.6641660886009
8.6714916328914,-21.6631408502165
8.67548632157431,-21.6791282346065
8.67948285048706,-21.7119214640141
8.68348122047738,-21.7613948606392
8.68748143239342,-21.8275013994554
8.69148348708368,-21.9102716381073
8.69548738539707,-22.0098139843232
8.6994931281829,-22.126316310218
8.70350071629085,-22.2600489723298
8.70751015057101,-22.4113693493935
8.71152143187386,-22.5807280703708
8.71553456105025,-22.7686771771194
8.71954953895145,-22.9758805549636
8.72356636642911,-23.2031270773825
8.72758504433528,-23.4513470582662
8.73160557352238,-23.7216328007414
8.73562795484324,-24.0152642960885
8.73965218915109,-24.3337414898939
8.74367827729954,-24.6788250405601
8.74770622014259,-25.0525882168897
8.75173601853466,-25.4574836243785
8.75576767333052,-25.8964299856395
8.75980118538537,-26.3729265087363
8.7638365555548,-26.8912059254768
8.76787378469477,-27.4564428744706
8.77191287366166,-28.0750433705632
8.77595382331223,-28.75505627737
8.77999663450364,-29.5067740428159
8.78404130809345,-30.3436376611399
8.78808784493961,-31.2836515948507
8.79213624590046,-32.3516975959719
8.79618651183474,-33.5835335607718
8.80023864360158,-35.0332047647574
8.80429264206053,-36.7880948651575
8.8083485080715,-39.0035849438134
8.81240624249481,-41.9991781360463
8.8164658461912,-46.62345249346
8.82052732002178,-57.1852824263538
8.82459066484805,-54.4387332880278
8.82865588153193,-45.7312091286635
8.83272297093573,-41.4839069264281
8.83679193392214,-38.6566746540761
8.84086277135428,-36.5400259590239
8.84493548409564,-34.8523019446804
8.84901007301012,-33.4526474771279
8.85308653896201,-32.2604372999931
8.85716488281601,-31.2251866385601
8.86124510543721,-30.3131828783016
8.86532720769109,-29.5007951696113
8.86941119044355,-28.770820146567
8.87349705456088,-28.1103471460242
8.87758480090976,-27.5094426260151
8.88167443035727,-26.9603033134311
8.88576594377091,-26.4566909578441
8.88985934201855,-25.9935433125952
8.89395462596849,-25.5666992840285
8.89805179648941,-25.1727002817222
8.90215085445039,-24.808643765236
8.90625180072091,-24.4720733692059
8.91035463617087,-24.1608951853381
8.91445936167056,-23.8733130900952
8.91856597809065,-23.6077781676702
8.92267448630223,-23.3629487197936
8.92678488717681,-23.1376583352621
8.93089718158626,-22.9308901722001
8.93501137040289,-22.7417560850024
8.93912745449938,-22.5694795706228
8.94324543474883,-22.4133817571273
8.94736531202475,-22.2728698400107
8.95148708720103,-22.1474275074367
8.95561076115198,-22.036606997653
8.95973633475231,-21.9400225095469
8.96386380887712,-21.8573447470938
8.96799318440193,-21.7882964250127
8.97212446220265,-21.7326485996873
8.97625764315561,-21.6902177187255
8.98039272813753,-21.6608633064353
8.98452971802553,-21.6444862221903
8.98866861369715,-21.6410274454473
8.99280941603032,-21.6504673557662
8.99695212590338,-21.6728254893303
9.00109674419508,-21.7081607658406
9.00524327178457,-21.7565721916951
9.0093917095514,-21.8182000577152
9.01354205837553,-21.8932276628383
9.01769431913733,-21.9818836097302
9.02184849271756,-22.0844447350299
9.02600457999741,-22.2012397565973
9.03016258185845,-22.3326537439315
9.03432249918268,-22.4791335471687
9.03848433285249,-22.6411943566942
9.04264808375068,-22.8194276117444
9.04681375276046,-23.0145105359708
9.05098134076544,-23.2272176553193
9.05515084864964,-23.4584347552138
9.05932227729751,-23.709175869145
9.06349562759386,-23.98060407242
9.06767090042394,-24.2740571019894
9.07184809667342,-24.5910791641813
9.07602721722834,-24.9334607686782
9.08020826297517,-25.3032891034309
9.0843912348008,-25.7030124410117
9.08857613359251,-26.1355235001328
9.09276296023798,-26.6042688333089
9.09695171562533,-27.1133945997989
9.10114240064307,-27.6679442430796
9.10533501618011,-28.274131915606
9.10952956312579,-28.939729344668
9.11372604236984,-29.6746277187096
9.11792445480243,-30.4916790929013
9.1221248013141,-31.4080027372303
9.12632708279583,-32.4471034048114
9.130531300139,-33.6424940872995
9.1347374542354,-35.0443210612128
9.13894554597724,-36.7325814163086
9.14315557625712,-38.8468094378057
9.14736754596808,-41.6653125776808
9.15158145600354,-45.8857964528266
9.15579730725736,-54.4563031503748
9.1600151006238,-57.7537610187812
9.16423483699752,-46.9707564375747
9.16845651727361,-42.3126457765249
9.17268014234756,-39.30577913442
9.17690571311529,-37.0861180630829
9.18113323047312,-35.3301086662314
9.18536269531777,-33.8808329365391
9.18959410854641,-32.6501876472113
9.19382747105658,-31.5837385213581
9.19806278374626,-30.6454926079922
9.20230004751384,-29.8104120926902
9.20653926325812,-29.060379793912
9.21078043187831,-28.3818668239529
9.21502355427405,-27.7645073295142
9.21926863134537,-27.2001873882991
9.22351566399275,-26.6824404102223
9.22776465311704,-26.2060330950231
9.23201559961955,-25.7666741522234
9.23626850440197,-25.3608045625733
9.24052336836642,-24.9854434584453
9.24478019241544,-24.638072835789
9.24903897745197,-24.3165499423694
9.2532997243794,-24.0190397582825
9.25756243410149,-23.7439623067098
9.26182710752244,-23.4899510766447
9.26609374554688,-23.2558198866501
9.27036234907982,-23.0405362423061
9.27463291902674,-22.8431997483258
9.27890545629348,-22.6630244989802
9.28317996178633,-22.4993246327806
9.287456436412,-22.3515024297498
9.2917348810776,-22.2190384723119
9.29601529669067,-22.1014834981063
9.30029768415916,-21.9984516544984
9.30458204439145,-21.9096149271544
9.30886837829632,-21.8346985638298
9.313156686783,-21.7734773528828
9.3174469707611,-21.7257726467052
9.32173923114068,-21.6914500452698
9.3260334688322,-21.670417675623
9.33032968474655,-21.6626250207999
9.33462787979503,-21.6680622669945
9.33892805488937,-21.6867601518162
9.34323021094173,-21.7187903096244
9.34753434886465,-21.7642661229592
9.35184046957114,-21.8233441024772
9.35614857397459,-21.8962258322522
9.36045866298884,-21.9831605334457
9.36477073752813,-22.0844483179875
9.36908479850713,-22.200444226117
9.37340084684094,-22.3315631685858
9.37771888344508,-22.4782859276791
9.38203890923546,-22.6411664132668
9.38636092512845,-22.8208404236129
9.39068493204084,-23.018036229914
9.39501093088981,-23.2335873938858
9.399338922593,-23.4684483472647
9.40366890806845,-23.7237134218907
9.40800088823463,-24.0006402353656
9.41233486401043,-24.3006786338399
9.41667083631517,-24.6255068055691
9.42100880606859,-24.9770767598118
9.42534877419085,-25.3576721978299
9.42969074160253,-25.769983015351
9.43403470922466,-26.2172024768085
9.43838067797865,-26.7031558328638
9.44272864878639,-27.2324733926837
9.44707862257014,-27.8108278186539
9.45143060025261,-28.4452664995072
9.45578458275695,-29.144688677758
9.46014057100671,-29.9205502076919
9.46449856592587,-30.7879400811472
9.46885856843885,-31.7672920461924
9.47322057947049,-32.8872417412715
9.47758459994604,-34.1896934706185
9.48195063079119,-35.7395289826854
9.48631867293207,-37.6452316761779
9.49068872729521,-40.1095511241931
9.49506079480757,-43.5852686327489
9.49943487639657,-49.5000861536861
9.50381097299001,-82.593476899684
9.50818908551615,-49.8887873113891
9.51256921490367,-43.7726827270219
9.51695136208167,-40.2268363329433
9.5213355279797,-37.7251967443608
9.52572171352769,-35.7953279427604
9.53010991965606,-34.2279369319214
9.53450014729562,-32.9117426942667
9.53889239737762,-31.7804705710166
9.54328667083373,-30.7914477469437
9.54768296859605,-29.9155823728016
9.55208129159714,-29.1321549443351
9.55648164076994,-28.4258902610188
9.56088401704786,-27.7852076416289
9.56528842136472,-27.2011226042875
9.56969485465477,-26.6665290468879
9.5741033178527,-26.1757139713674
9.57851381189363,-25.7240198537333
9.5829263377131,-25.3076038609741
9.58734089624708,-24.9232624088368
9.59175748843201,-24.5683009030487
9.59617611520469,-24.2404354114532
9.60059677750242,-23.9377173423796
9.6050194762629,-23.6584749893801
9.60944421242425,-23.4012676368466
9.61387098692505,-23.1648491552044
9.61829980070431,-22.9481388606035
9.62273065470144,-22.7501980044774
9.62716354985631,-22.5702106769088
9.63159848710924,-22.4074682089023
9.63603546740094,-22.2613563782244
9.64047449167258,-22.1313448858322
9.64491556086576,-22.0169786912379
9.64935867592251,-21.9178708871928
9.6538038377853,-21.8336968645163
9.65825104739702,-21.7641895727402
9.66270030570103,-21.7091357254084
9.66715161364107,-21.6683728334868
9.67160497216136,-21.6417869786475
9.67606038220654,-21.6293112619002
9.68051784472168,-21.6309248834407
9.68497736065228,-21.6466528278977
9.6894389309443,-21.6765661461642
9.69390255654412,-21.7207828415605
9.69836823839855,-21.7794693850822
9.70283597745484,-21.8528429026181
9.70730577466069,-21.9411740973086
9.71177763096422,-22.0447909936453
9.716251547314,-22.1640836179061
9.72072752465902,-22.2995097636515
9.72520556394872,-22.4516020335461
9.72968566613297,-22.6209764027833
9.7341678321621,-22.8083426186591
9.73865206298683,-23.0145168412938
9.74313835955837,-23.2404370496788
9.74762672282835,-23.4871818964666
9.75211715374881,-23.7559939102811
9.75660965327227,-24.0483082392993
9.76110422235167,-24.3657885395059
9.76560086194039,-24.7103721884003
9.77009957299225,-25.0843278314403
9.77460035646151,-25.4903294725954
9.77910321330286,-25.9315531077616
9.78360814447145,-26.4118046093428
9.78811515092286,-26.9356917746056
9.79262423361309,-27.5088601463014
9.79713539349862,-28.138323196865
9.80164863153634,-28.8329360957628
9.80616394868359,-29.6040951163659
9.81068134589815,-30.4668052737822
9.81520082413826,-31.4413764335847
9.81972238436256,-32.5562517191915
9.82424602753017,-33.8530170027522
9.82877175460063,-35.3959841108105
9.83329956653394,-37.292502608267
9.83782946429052,-39.7426936586691
9.84236144883126,-43.1915368380363
9.84689552111746,-49.0286906004033
9.85143168211089,-77.0467595557235
9.85596993277376,-49.7435307662041
9.86051027406869,-43.5429826120202
9.8650527069588,-39.9705368993378
9.8695972324076,-37.4566743513275
9.87414385137909,-35.5204924950341
9.87869256483767,-33.9499091245709
9.88324337374821,-32.6324577872835
9.88779627907603,-31.5012760969706
9.89235128178689,-30.5133682733315
9.89690838284696,-29.6394517433263
9.90146758322291,-28.858688510245
9.90602888388183,-28.1557272043609
9.91059228579124,-27.5189372456273
9.91515778991914,-26.9393013847571
9.91972539723394,-26.4096924274215
9.92429510870452,-25.9243845729588
9.9288669253002,-25.4787136177718
9.93344084799075,-25.068834752302
9.93801687774638,-24.6915461728517
9.94259501553775,-24.3441581877398
9.94717526233597,-24.0243944647908
9.95175761911258,-23.7303164320806
9.95634208683961,-23.4602646512
9.96092866648948,-23.212812830983
9.9655173590351,-22.9867313928826
9.97010816544982,-22.7809583516191
9.97470108670743,-22.5945758692945
9.97929612378217,-22.4267912627765
9.98389327764874,-22.2769215475225
9.98849254928227,-22.1443808223996
9.99309393965837,-22.0286699638284
9.99769744975305,-21.9293682203866
10.0023030805428,-21.8461263922664
10.0069108330046,-21.7786613518899
10.0115207081158,-21.7267517183305
10.0161327068543,-21.6902345431182
10.0207468301983,-21.6690029016618
10.0253630791265,-21.6630043153394
10.0299814546183,-21.6722399559691
10.0346019576531,-21.6967646085463
10.0392245892112,-21.7366873910496
10.043849350273,-21.7921732529309
10.0484762418196,-21.8634452978454
10.0531052648324,-21.9507880026129
10.0577364202932,-22.0545514345661
10.0623697091845,-22.1751566054413
10.0670051324891,-22.3131021438608
10.0716426911902,-22.4689725233465
10.0762823862715,-22.6434481528292
10.0809242187172,-22.8373177272404
10.0855681895119,-23.0514933548397
10.0902142996407,-23.287029136679
10.0948625500891,-23.5451440876814
10.0995129418431,-23.827250581902
10.1041654758891,-24.134989911083
10.108820153214,-24.4702771181269
10.1134769748052,-24.8353580863417
10.1181359416504,-25.2328830578184
10.1227970547379,-25.6660025237104
10.1274603150564,-26.1384941097917
10.1321257235951,-26.6549332372429
10.1367932813436,-27.2209269539941
10.1414629892919,-27.8434411738535
10.1461348484306,-28.5312699331885
10.1508088597507,-29.2957276271914
10.1554850242436,-30.151704756193
10.1601633429013,-31.1193433144724
10.164843816716,-32.2268268839261
10.1695264466806,-33.5153138693842
10.1742112337884,-35.0483539501525
10.1788981790331,-36.9317863398689
10.1835872834089,-39.3622477169875
10.1882785479104,-42.7744519046403
10.1929719735327,-48.5088348426379
10.1976675612714,-72.5866135216685
10.2023653121226,-49.6634237219246
10.2070652270826,-43.3433679599562
10.2117673071485,-39.7328869630127
10.2164715533176,-37.2008113063858
10.2211779665877,-35.2544501464303
10.2258865479573,-33.6778653201657
10.2305972984251,-32.356957113652
10.2353102189903,-31.2240543152266
10.2400253106525,-30.235716318119
10.2447425744121,-29.3623970647568
10.2494620112696,-28.5830938989331
10.254183622226,-27.8823485627764
10.2589074082829,-27.2484593519868
10.2636333704423,-26.6723611383211
10.2683615097067,-26.1468946226374
10.273091827079,-25.666313037083
10.2778243235626,-25.225939378741
10.2825590001613,-24.8219222567577
10.2872958578795,-24.4510582009864
10.2920348977219,-24.1106598884738
10.2967761206937,-23.7984567974771
10.3015195278007,-23.5125192142385
10.3062651200491,-23.2511993559995
10.3110128984453,-23.0130852417936
10.3157628639966,-22.7969641984049
10.3205150177106,-22.6017937495628
10.3252693605951,-22.4266782368737
10.3300258936587,-22.270849946653
10.3347846179104,-22.1336538232547
10.3395455343595,-22.0145350734381
10.3443086440159,-21.9130291321411
10.3490739478901,-21.8287535847869
10.3538414469927,-21.761401736535
10.3586111423351,-21.7107375928176
10.363383034929,-21.6765920742248
10.3681571257866,-21.6588603364484
10.3729334159205,-21.6575001059181
10.377711906344,-21.6725309765773
10.3824925980706,-21.7040346448783
10.3872754921144,-21.7521560904814
10.39206058949,-21.8171057409591
10.3968478912123,-21.8991626917458
10.4016373982968,-21.9986790896248
10.4064291117594,-22.1160858314688
10.4112230326167,-22.2518997825094
10.4160191618854,-22.4067327841099
10.4208175005828,-22.5813028045542
10.4256180497269,-22.7764476950027
10.4304208103359,-22.9931421560851
10.4352257834285,-23.2325187125542
10.440032970024,-23.495893754417
10.4448423711421,-23.7848000626601
10.4496539878029,-24.10102774112
10.454467821027,-24.4466761917291
10.4592838718357,-24.8242208050762
10.4641021412503,-25.2365995621049
10.468922630293,-25.6873270326451
10.4737453399864,-26.1806467755251
10.4785702713532,-26.7217386891356
10.4833974254172,-27.3170068449108
10.4882268032021,-27.9744883628086
10.4930584057323,-28.7044499548081
10.4978922340328,-29.5202859263403
10.5027282891289,-30.4399210803297
10.5075665720463,-31.4881027081862
10.5124070838114,-32.7003571298791
10.517249825451,-34.1303117343911
10.5220947979923,-35.8645358501718
10.5269420024629,-38.0566219595559
10.5317914398911,-41.021305865047
10.5366431113055,-45.5890077838238
10.5414970177353,-55.8815368461161
10.54635316021,-53.7801510706399
10.5512115397598,-44.8865523614842
10.5560721574151,-40.5939948804009
10.560935014207,-37.7450695294868
10.5658001111671,-35.6157049580158
10.5706674493272,-33.9201528153142
10.5755370297198,-32.5159766933804
10.5804088533779,-31.3218223684591
10.5852829213349,-30.2868320243651
10.5901592346247,-29.3770908746838
10.5950377942815,-28.568856854282
10.5999186013402,-27.8448679587552
10.6048016568363,-27.1921874953429
10.6096869618053,-26.600877454945
10.6145745172836,-26.0631452576483
10.6194643243079,-25.5727746702121
10.6243563839155,-25.1247344430575
10.6292506971441,-24.7149020243803
10.6341472650317,-24.3398640537819
10.6390460886171,-23.9967694373838
10.6439471689395,-23.6832192698738
10.6488505070383,-23.3971831109998
10.6537561039537,-23.1369344618435
10.6586639607263,-22.9010004645205
10.6635740783971,-22.6881223024244
10.6684864580076,-22.4972237675166
10.6734011005999,-22.3273861472296
10.6783180072164,-22.1778280673153
10.6832371789001,-22.0478892737276
10.6881586166945,-21.9370175889769
10.6930823216434,-21.8447584648957
10.6980082947912,-21.7707466938954
10.702936537183,-21.7146999478868
10.707867049864,-21.6764138976128
10.71279983388,-21.6557587320412
10.7177348902775,-21.6526769525953
10.7226722201032,-21.6671823643808
10.7276118244045,-21.699360229111
10.7325537042291,-21.7493685848924
10.7374978606252,-21.8174407788211
10.7424442946417,-21.9038893018014
10.7473930073278,-22.0091110641131
10.7523439997331,-22.1335943079489
10.7572972729078,-22.2779274237979
10.7622528279027,-22.4428100264113
10.767210665769,-22.629066760624
10.7721707875582,-22.8376644578319
10.7771331943224,-23.0697334651745
10.7820978871144,-23.3265942428237
10.7870648669872,-23.6097907018608
10.7920341349944,-23.9211322834528
10.7970056921901,-24.2627475323756
10.8019795396288,-24.6371530077592
10.8069556783655,-25.0473429829929
10.8119341094559,-25.4969078114526
10.8169148339559,-25.9901925725271
10.821897852922,-26.5325135227605
10.8268831674112,-27.1304594925375
10.831870778481,-27.7923215277018
10.8368606871894,-28.5287222571984
10.8418528945948,-29.3535677774469
10.8468474017561,-30.2855431018163
10.8518442097328,-31.3505720710816
10.8568433195848,-32.5861000014329
10.8618447323724,-34.0491062036928
10.8668484491567,-35.8325833334966
10.8718544709989,-38.104174309872
10.8768627989609,-41.2163840622508
10.8818734341051,-46.1477600313844
10.8868863774944,-58.7909374792891
10.891901630192,-51.591554925593
10.8969191932618,-43.8611083110105
10.9019390677681,-39.8466961207972
10.9069612547758,-37.1239368877708
10.9119857553501,-35.0675967756752
10.9170125705568,-33.420490603579
10.9220417014622,-32.0515060350514
10.927073149133,-30.8846770847268
10.9321069146366,-29.8720392973138
10.9371429990406,-28.9813726324029
10.9421814034134,-28.1899955488178
10.9472221288237,-27.4813455117221
10.9522651763406,-26.8429676403117
10.9573105470339,-26.2652683724734
10.9623582419739,-25.7407096031138
10.9674082622312,-25.2632688367584
10.972460608877,-24.8280665516444
10.9775152829831,-24.4311023115415
10.9825722856217,-24.0690637125554
10.9876316178653,-23.739185380566
10.9926932807872,-23.4391431512411
10.997757275461,-23.1669734873446
11.002823602961,-22.9210113337611
11.0078922643618,-22.6998416703864
11.0129632607385,-22.502261401457
11.0180365931668,-22.3272491611312
11.0231122627229,-22.173941269531
11.0281902704833,-22.0416125366742
11.0332706175253,-21.9296609448002
11.0383533049264,-21.8375954833415
11.0434383337648,-21.7650265921423
11.0485257051191,-21.7116588061381
11.0536154200684,-21.6772853014049
11.0587074796924,-21.6617841277015
11.0638018850712,-21.6651159828625
11.0688986372854,-21.6873234450672
11.0739977374161,-21.7285316341672
11.0790991865449,-21.7889503265712
11.084202985754,-21.8688776030175
11.0893091361259,-21.968705168664
11.0944176387437,-22.0889255542426
11.0995284946912,-22.2301414906919
11.1046417050522,-22.3930778544223
11.1097572709116,-22.578596714966
11.1148751933543,-22.7877161939817
11.119995473466,-23.0216340823293
11.1251181123329,-23.2817574864593
11.1302431110414,-23.569740225979
11.1353704706787,-23.8875303400604
11.1405001923324,-24.2374309734861
11.1456322770906,-24.6221792483249
11.1507667260419,-25.0450497189399
11.1559035402755,-25.5099920442724
11.161042720881,-26.0218172527747
11.1661842689484,-26.5864545821957
11.1713281855683,-27.2113134582158
11.176474471832,-27.9058067217324
11.181623128831,-28.6821296196774
11.1867741576575,-29.5564608042318
11.191927559404,-30.5508931748932
11.1970833351637,-31.6967011349172
11.2022414860303,-33.0402350160321
11.2074020130978,-34.6544720760713
11.212564917461,-36.6643212169476
11.2177302002149,-39.3116741681067
11.2228978624552,-43.1711978754434
11.2280679052781,-50.3415597358289
11.2332403297803,-61.2153093872128
11.2384151370588,-46.4127725998998
11.2435923282114,-41.2292020388984
11.2487719043363,-38.0173987059031
11.2539538665321,-35.6917502634617
11.259138215898,-33.8740904782338
11.2643249535338,-32.387520641241
11.2695140805395,-31.1349035816658
11.274705598016,-30.0571344215737
11.2798995070645,-29.1155721127654
11.2850958087866,-28.2835746231641
11.2902945042846,-27.5420050164195
11.2954955946612,-26.8766637129689
11.3006990810198,-26.2767340665967
11.3059049644639,-25.7337963920278
11.311113246098,-25.2411779911207
11.3163239270267,-24.7935105941766
11.3215370083554,-24.3864206286314
11.3267524911899,-24.0163072716058
11.3319703766364,-23.6801801280717
11.3371906658017,-23.3755383960732
11.3424133597932,-23.1002795241161
11.3476384597188,-22.8526292432718
11.3528659666867,-22.6310873673483
11.3580958818057,-22.4343854183361
11.3633282061853,-22.2614532603165
11.3685629409354,-22.1113927019361
11.3738000871662,-21.9834565734629
11.3790396459888,-21.8770321749285
11.3842816185145,-21.7916282761134
11.3895260058552,-21.7268650601833
11.3947728091233,-21.6824665627323
11.4000220294319,-21.6582552825948
11.4052736678943,-21.6541487408646
11.4105277256246,-21.6701578486047
11.4157842037371,-21.7063870177958
11.421043103347,-21.7630360197454
11.4263044255697,-21.8404036650493
11.4315681715212,-21.9388934542495
11.4368343423181,-22.0590214338732
11.4421029390774,-22.2014265951788
11.4473739629167,-22.3668842811102
11.4526474149541,-22.5563232321839
11.4579232963082,-22.7708471205952
11.463201608098,-23.0117617169437
11.4684823514433,-23.2806092402675
11.4737655274641,-23.57921201125
11.4790511372811,-23.9097283403563
11.4843391820155,-24.2747247618635
11.4896296627889,-24.6772704716384
11.4949225807237,-25.1210624696445
11.5002179369424,-25.6105940019948
11.5055157325684,-26.1513854055936
11.5108159687254,-26.7503071123033
11.5161186465378,-27.4160426005572
11.5214237671301,-28.1597707871963
11.5267313316279,-28.9962056311974
11.5320413411569,-29.9452435969251
11.5373537968435,-31.0347023640863
11.5426686998146,-32.305152197715
11.5479860511974,-33.8191105081368
11.55330585212,-35.6803924174752
11.5586281037108,-38.0810055955894
11.5639528070987,-41.4421723351363
11.5692799634132,-47.0410707526957
11.5746095737843,-67.7699582804423
11.5799416393424,-48.7991494583994
11.5852761612187,-42.3104809135531
11.5906131405446,-38.6502377622588
11.5959525784522,-36.097480778518
11.6012944760742,-34.1428049351937
11.6066388345436,-32.5648700632576
11.6119856549941,-31.2473104911635
11.6173349385598,-30.1213463020002
11.6226866863755,-29.1429383718486
11.6280408995762,-28.2821968832161
11.6333975792978,-27.5179152569117
11.6387567266765,-26.8345142142869
11.6441183428491,-26.2202235753142
11.6494824289528,-25.665945151408
11.6548489861255,-25.1645119088179
11.6602180155056,-24.7101885464279
11.6655895182318,-24.2983249526761
11.6709634954437,-23.9251097317032
11.676339948281,-23.5873911358881
11.6817188778844,-23.2825445597994
11.6871002853946,-23.0083729241815
11.6924841719533,-22.7630307658798
11.6978705387025,-22.5449657327268
11.7032593867846,-22.3528730796192
11.7086507173428,-22.1856600381848
11.7140445315206,-22.0424178083098
11.7194408304623,-21.9223995325413
11.7248396153124,-21.825003051343
11.7302408872161,-21.7497575547055
11.7356446473192,-21.6963134816137
11.7410508967679,-21.6644351984562
11.7464596367088,-21.6539961287532
11.7518708682895,-21.6649761220141
11.7572845926575,-21.697460949002
11.7627008109614,-21.7516439017205
11.76811952435,-21.8278295659225
11.7735407339726,-21.9264399283927
11.7789644409793,-22.0480230878597
11.7843906465205,-22.193264965729
11.7898193517472,-22.3630045718373
11.7952505578109,-22.5582535863993
11.8006842658637,-22.7802212931737
11.8061204770582,-23.0303462720255
11.8115591925474,-23.3103367774116
11.8170004134851,-23.6222224635009
11.8224441410254,-23.9684211762564
11.8278903763231,-24.35182609254
11.8333391205334,-24.7759208306596
11.838790374812,-25.2449337622451
11.8442441403153,-25.7640484423533
11.8497004182001,-26.3396963029076
11.8551592096238,-26.9799732176702
11.8606205157443,-27.695248426066
11.8660843377201,-28.4990830549869
11.8715506767101,-29.4096684176507
11.8770195338738,-30.4521822814051
11.8824909103714,-31.662870053481
11.8879648073632,-33.0966298644363
11.8934412260106,-34.8424743712121
11.8989201674751,-37.0593248163902
11.9044016329189,-40.0761038848989
11.9098856235047,-44.7776193964947
11.9153721403958,-55.8680369042861
11.920861184756,-51.8455560323889
11.9263527577496,-43.4545841599342
11.9318468605414,-39.2795542052458
11.9373434942969,-36.4866533893995
11.942842660182,-34.3931806403016
11.9483443593632,-32.7251486843451
11.9538485930075,-31.3447528186726
11.9593553622824,-30.1728421673552
11.9648646683561,-29.159750129782
11.970376512397,-28.2722709780775
11.9758908955745,-27.4871192937688
11.9814078190583,-26.7873482254347
11.9869272840184,-26.1602529376997
11.9924492916258,-25.5960766463256
11.9979738430518,-25.0871767704381
12.0035009394681,-24.6274679803666
12.0090305820473,-24.2120387882474
12.0145627719622,-23.8368807330154
12.0200975103864,-23.4986928320923
12.0256347984938,-23.1947376810996
12.031174637459,-22.9227338278454
12.0367170284571,-22.680774162749
12.0422619726637,-22.4672633312873
12.0478094712551,-22.2808693083483
12.053359525408,-22.1204857020563
12.0589121362996,-21.9852023300859
12.0644673051077,-21.8742822915487
12.0700250330108,-21.7871442413974
12.0755853211876,-21.7233489259856
12.0811481708177,-21.6825893005116
12.0867135830809,-21.6646837502306
12.0922815591579,-21.6695720978156
12.0978521002297,-21.697314213716
12.103425207478,-21.7480911663004
12.1090008820848,-21.8222089635222
12.1145791252329,-21.9201050568559
12.1201599381055,-22.0423579108376
12.1257433218865,-22.1897000987836
12.1313292777601,-22.3630355816623
12.1369178069113,-22.5634620818872
12.1425089105254,-22.7922998049943
12.1481025897885,-23.0511282303667
12.1536988458871,-23.3418333489438
12.1592976800082,-23.6666686659466
12.1648990933394,-24.0283346598649
12.170503087069,-24.4300834372359
12.1761096623856,-24.8758584474559
12.1817188204785,-25.3704840075152
12.1873305625375,-25.9199272375013
12.192944889753,-26.5316680187525
12.1985618033158,-27.215234920035
12.2041813044174,-27.9830049554353
12.2098033942498,-28.8514398373764
12.2154280740055,-29.8430796129846
12.2210553448777,-30.9899287966141
12.2266852080599,-32.3395940413329
12.2323176647465,-33.9673861772575
12.2379527161321,-36.0030590020598
12.243590363412,-38.7004292462635
12.2492306077821,-42.673447654766
12.2548734504388,-50.2711205217156
12.260518892579,-58.1925573315411
12.2661669354003,-45.1502217655303
12.2718175801007,-40.1663490472822
12.2774708278787,-37.0343282380396
12.2831266799336,-34.7540696259585
12.288785137465,-32.9678252371603
12.2944462016733,-31.5060655549577
12.3001098737592,-30.2749701350498
12.3057761549241,-29.2171551279966
12.31144504637,-28.2949687965714
12.3171165492993,-27.4823852556648
12.322790664915,-26.760678074584
12.3284673944207,-26.1159381752175
12.3341467390205,-25.5375664290722
12.3398286999193,-25.0173150762985
12.3455132783221,-24.5486545472371
12.3512004754348,-24.1263416940232
12.3568902924638,-23.7461173112314
12.362582730616,-23.4044892927883
12.3682777910988,-23.0985740856154
12.3739754751202,-22.8259788035105
12.379675783889,-22.5847123273127
12.3853787186141,-22.3731174886953
12.3910842805054,-22.1898188826899
12.3967924707729,-22.0336824807739
12.4025032906277,-21.903784321501
12.408216741281,-21.7993863226108
12.4139328239447,-21.7199178025031
12.4196515398314,-21.6649616939024
12.425372890154,-21.6342447273381
12.4310968761263,-21.6276310898483
12.4368234989623,-21.6451192483075
12.4425527598768,-21.6868417843681
12.448284660085,-21.753068232769
12.4540192008029,-21.8442110588422
12.4597563832467,-21.9608350664815
12.4654962086335,-22.1036707079747
12.4712386781808,-22.2736319887197
12.4769837931067,-22.4718399453977
12.4827315546298,-22.6996530573079
12.4884819639692,-22.9587064739939
12.4942350223449,-23.2509626783571
12.4999907309771,-23.5787772624617
12.5057490910867,-23.94498504671
12.5115101038951,-24.3530141044709
12.5172737706245,-24.8070388359389
12.5230400924972,-25.3121888801777
12.5288090707366,-25.8748398082484
12.5345807065663,-26.5030268689118
12.5403550012106,-27.2070496850803
12.5461319558942,-28.0003840553787
12.5519115718427,-28.9011089269552
12.5576938502819,-29.9342423378171
12.5634787924385,-31.1357833923124
12.5692663995394,-32.5602147091913
12.5750566728123,-34.2957689545096
12.5808496134856,-36.4996826824987
12.5866452227879,-39.4963955669408
12.5924435019486,-44.1533932784258
12.5982444521976,-54.981910360555
12.6040480747655,-51.5617372001262
12.6098543708832,-43.0241157803331
12.6156633417825,-38.8169144839803
12.6214749886954,-36.0118350487526
12.6272893128548,-33.9137634321926
12.6331063154939,-32.2451649154833
12.6389259978467,-30.8668437371297
12.6447483611477,-29.6989982202487
12.6505734066318,-28.6916225556686
12.6564011355346,-27.8113225941069
12.6622315490924,-27.0347055562365
12.6680646485418,-26.344764724422
12.6739004351202,-25.7287654244553
12.6797389100654,-25.1769414291671
12.685580074616,-24.6816555810124
12.6914239300108,-24.2368395957367
12.6972704774895,-23.837608756926
12.7031197182924,-23.4799900461627
12.7089716536599,-23.1607260973589
12.7148262848336,-22.877131194758
12.7206836130553,-22.6269838490081
12.7265436395673,-22.4084456440848
12.7324063656129,-22.2199993388508
12.7382717924354,-22.0604013607929
12.7441399212791,-21.9286452725248
12.7500107533888,-21.8239337808375
12.7558842900096,-21.7456575519021
12.7617605323877,-21.6933795953222
12.7676394817692,-21.6668243495698
12.7735211394015,-21.6658708857964
12.7794055065319,-21.6905498769131
12.7852925844087,-21.7410441767428
12.7911823742808,-21.8176930382568
12.7970748773973,-21.9210001865828
12.8029700950082,-22.0516461684968
12.808868028364,-22.2105056444323
12.8147686787157,-22.3986705968521
12.820672047315,-22.6174808339682
12.8265781354142,-22.8685637202485
12.8324869442659,-23.1538858395079
12.8383984751235,-23.4758204086132
12.8443127292411,-23.837235894148
12.8502297078731,-24.2416137414101
12.8561494122746,-24.6932069091978
12.8620718437013,-25.1972568858595
12.8679970034094,-25.7602965972729
12.8739248926559,-26.3905829869385
12.879855512698,-27.0987316209825
12.8857888647939,-27.8986777467032
12.891724950202,-28.8091880857439
12.8976637701815,-29.8563510506754
12.9036053259922,-31.0779191043731
12.9095496188943,-32.5314491965005
12.9154966501488,-34.3110893722243
12.9214464210172,-36.5870835138416
12.9273989327614,-39.7191233491104
12.9333541866442,-44.7152538247334
12.9393121839287,-57.9021012014917
12.9452729258788,-49.7076967449993
12.9512364137587,-42.1508374870269
12.9572026488336,-38.1870037504082
12.963171632369,-35.493553423333
12.9691433656308,-33.4605683292581
12.975117849886,-31.8354671785347
12.9810950864018,-30.4890188937899
12.9870750764461,-29.3461865069972
12.9930578212872,-28.3595331088706
12.9990433221944,-27.4971753533164
13.0050315804372,-26.7366704206045
13.0110225972858,-26.061642104906
13.017016374011,-25.4597938470038
13.0230129118843,-24.9216764645065
13.0290122121776,-24.4398910043329
13.0350142761634,-24.0085547047346
13.041019105115,-23.6229325493349
13.0470267003061,-23.2791766656761
13.0530370630109,-22.9741380789198
13.0590501945043,-22.7052283035172
13.065066096062,-22.4703160871373
13.0710847689599,-22.2676494983307
13.0771062144747,-22.0957966727302
13.0831304338838,-21.9536005845527
13.0891574284649,-21.8401445913146
13.0951871994964,-21.7547264521098
13.1012197482574,-21.6968391936997
13.1072550760276,-21.6661576899681
13.1132931840871,-21.6625301922138
13.1193340737166,-21.6859743434932
13.1253777461977,-21.7366774610811
13.1314242028123,-21.8150011017442
13.1374734448428,-21.9214901564848
13.1435254735726,-22.0568869765589
13.1495802902853,-22.2221513362043
13.1556378962652,-22.4184874219436
13.1616982927974,-22.6473795491332
13.1677614811673,-22.9106390097996
13.173827462661,-23.2104654534778
13.1798962385653,-23.5495276540708
13.1859678101674,-23.9310706785531
13.1920421787552,-24.3590597759619
13.1981193456172,-24.8383764799009
13.2041993120426,-25.3750907589225
13.2102820793209,-25.9768469244928
13.2163676487424,-26.6534249308499
13.2224560215981,-27.4175816909583
13.2285471991793,-28.2863580964829
13.234641182778,-29.2831992841078
13.2407379736871,-30.4415819849947
13.2468375731996,-31.8116498669115
13.2529399826095,-33.4734555956125
13.2590452032111,-35.566713549751
13.2651532362995,-38.3702565613577
13.2712640831703,-42.5837146072606
13.2773777451197,-51.1701786749148
13.2834942234446,-54.3738100771911
13.2896135194424,-43.6317614568402
13.295735634411,-38.9876318289503
13.3018605696492,-35.9959309399171
13.3079883264561,-33.7952580491
13.3141189061315,-32.062782864438
13.3202523099758,-30.6418984225988
13.3263885392901,-29.4446856146314
13.3325275953759,-28.4168495090191
13.3386694795354,-27.522521877519
13.3448141930715,-26.7367881985096
13.3509617372876,-26.0416598654174
13.3571121134877,-25.4237458096554
13.3632653229763,-24.8728299676194
13.3694213670587,-24.3809623530048
13.3755802470407,-23.9418564251028
13.3817419642288,-23.5504769947436
13.3879065199298,-23.2027509931547
13.3940739154515,-22.8953599697457
13.400244152102,-22.6255884697199
13.4064172311902,-22.3912115751664
13.4125931540255,-22.1904105297977
13.418771921918,-22.0217089486842
13.4249535361782,-21.8839244511939
13.4311379981174,-21.7761321194466
13.4373253090474,-21.6976372585892
13.4435154702806,-21.6479556935165
13.4497084831302,-21.6268003900885
13.4559043489098,-21.6340736102213
13.4621030689336,-21.6698641496515
13.4683046445164,-21.7344495013661
13.4745090769739,-21.8283030665145
13.4807163676219,-21.9521068252794
13.4869265177773,-22.1067702121794
13.4931395287573,-22.2934563488147
13.4993554018797,-22.513617320552
13.5055741384631,-22.769040911026
13.5117957398267,-23.0619122347313
13.51802020729,-23.3948951977763
13.5242475421735,-23.7712409355476
13.5304777457981,-24.1949337653087
13.5367108194852,-24.6708905075847
13.5429467645572,-25.2052376106423
13.5491855823366,-25.8057048113925
13.5554272741469,-26.4821987731356
13.5616718413121,-27.2476646480466
13.5679192851568,-28.1194276871098
13.5741696070061,-29.12137568688
13.5804228081858,-30.2877055102889
13.5866788900225,-31.6698062792523
13.592937853843,-33.350075356763
13.5991997009751,-35.4732117124496
13.6054644327469,-38.3308208783494
13.6117320504875,-42.6680132873022
13.6180025555261,-51.8170854265142
13.624275949193,-53.0146156745188
13.6305522328189,-43.0615398298735
13.6368314077349,-38.5608520190601
13.6431134752732,-35.6311059305579
13.6493984367662,-33.4663541271694
13.655686293547,-31.7584264624988
13.6619770469495,-30.3562725973115
13.668270698308,-29.1745482786203
13.6745672489575,-28.1603198494946
13.6808667002337,-27.2785108222137
13.6871690534727,-26.5047027716389
13.6934743100115,-25.8212378510003
13.6997824711874,-25.2149579723444
13.7060935383385,-24.6758197909995
13.7124075128036,-24.1960078430083
13.718724395922,-23.7693455580511
13.7250441890335,-23.39089200371
13.7313668934788,-23.05665864802
13.737692510599,-22.763406123454
13.7440210417358,-22.5084958086239
13.7503524882316,-22.289779925902
13.7566868514296,-22.1055193467169
13.7630241326733,-21.9543217950704
13.7693643333069,-21.8350954299279
13.7757074546754,-21.7470143269099
13.7820534981242,-21.6894934447466
13.7884024649994,-21.6621714231416
13.7947543566478,-21.6649001257095
13.8011091744168,-21.6977402879435
13.8074669196542,-21.7609630081384
13.8138275937088,-21.8550571697354
13.8201911979296,-21.980743243379
13.8265577336666,-22.1389943239349
13.8329272022703,-22.3310657577021
13.8392996050916,-22.5585353696323
13.8456749434823,-22.8233571989822
13.8520532187947,-23.127932931184
13.8584344323818,-23.4752070909148
13.8648185855971,-23.8687948915174
13.8712056797949,-24.3131560197823
13.8775957163299,-24.8138346189242
13.8839886965577,-25.3777972060896
13.8903846218342,-26.0139197696565
13.8967834935161,-26.7337097918047
13.9031853129609,-27.5524127948629
13.9095900815263,-28.4907777016762
13.9159978005711,-29.578014980502
13.9224084714543,-30.8570667298246
13.9288220955359,-32.3947643507881
13.9352386741762,-34.3035778497941
13.9416582087364,-36.7956645578303
13.948080700578,-40.3522255185929
13.9545061510636,-46.5444068694806
13.9609345615559,-73.6918185446648
13.9673659334187,-45.8106104618021
13.973800268016,-39.9808875484768
13.9802375667128,-36.5430820483788
13.9866778308746,-34.1089589252611
13.9931210618673,-32.2338855103557
13.9995672610578,-30.7179122713489
14.0060164298135,-29.4538197814147
14.0124685695022,-28.3774193286343
14.0189236814926,-27.4472532744454
14.0253817671539,-26.6350173266934
14.0318428278561,-25.920554190906
14.0383068649697,-25.2890274344667
14.0447738798657,-24.7292273611251
14.051243873916,-24.2325053361604
14.0577168484929,-23.7920764679312
14.0641928049696,-23.4025481505697
14.0706717447196,-23.0595924892902
14.0771536691173,-22.7597134634453
14.0836385795376,-22.5000783161556
14.090126477356,-22.2783936538313
14.0966173639489,-22.092813452095
14.1031112406929,-21.9418703921431
14.1096081089656,-21.8244246916053
14.1161079701452,-21.7396264209183
14.1226108256102,-21.6868885516011
14.1291166767401,-21.6658688765755
14.135625524915,-21.6764596082784
14.1421373715154,-21.7187839873831
14.1486522179227,-21.7931996873256
14.1551700655187,-21.9003092286414
14.161690915686,-22.0409780694421
14.1682147698079,-22.2163615651408
14.1747416292681,-22.4279426558039
14.181271495451,-22.6775830326094
14.1878043697419,-22.9675917893146
14.1943402535264,-23.300817389967
14.200879148191,-23.6807715216779
14.2074210551226,-24.1117976245786
14.2139659757089,-24.5993035972587
14.2205139113383,-25.1500891580858
14.2270648633995,-25.7728169541809
14.2336188332823,-26.4787093008095
14.2401758223768,-27.2826128658155
14.246735832074,-28.2046910327346
14.2532988637652,-29.2732467315589
14.2598649188426,-30.5297221481145
14.2664339986991,-32.0382618430079
14.273006104728,-33.9059760109644
14.2795812383234,-36.3325316150178
14.28615940088,-39.7616790149253
14.2927405937931,-45.5772916755121
14.2993248184589,-73.0276364495276
14.3059120762737,-46.3407885920622
14.3125023686351,-40.1348097818463
14.3190956969408,-36.5719603433011
14.3256920625895,-34.0758756879203
14.3322914669804,-32.1643768985025
14.3388939115132,-30.6250118427967
14.3454993975886,-29.3452096923913
14.3521079266076,-28.2581121325773
14.3587194999721,-27.3207846411036
14.3653341190844,-26.5040433800249
14.3719517853478,-25.7871783706231
14.3785725001658,-25.1549922510342
14.3851962649429,-24.5960335352338
14.3918230810841,-24.1014895891187
14.398452949995,-23.6644646643684
14.405085873082,-23.279493218617
14.4117218517521,-22.9422026982479
14.4183608874128,-22.649074510773
14.4250029814725,-22.3972714532805
14.4316481353399,-22.1845113586655
14.4382963504248,-22.0089737240532
14.4449476281372,-21.8692304885958
14.4516019698881,-21.764194980145
14.458259377089,-21.6930849544629
14.464919851152,-21.6553969651202
14.4715833934899,-21.6508902472137
14.4782500055162,-21.6795790151834
14.4849196886449,-21.7417326608467
14.491592444291,-21.8378838637739
14.4982682738697,-21.9688451537095
14.5049471787972,-22.1357350548492
14.5116291604901,-22.3400156672646
14.5183142203659,-22.5835444993848
14.5250023598425,-22.868644701742
14.5316935803386,-23.19819979141
14.5383878832736,-23.5757818652693
14.5450852700674,-24.0058267966334
14.5517857421408,-24.4938770712794
14.5584893009149,-25.0469246932024
14.5651959478117,-25.6739066387927
14.5719056842539,-26.3864408590362
14.5786185116646,-27.1999567249804
14.5853344314678,-28.135502857557
14.5920534450882,-29.2227849644252
14.5987755539508,-30.5055966583887
14.6055007594815,-32.0523338006318
14.6122290631071,-33.9786450153228
14.6189604662545,-36.5042255691147
14.6256949703517,-40.1334397879685
14.6324325768271,-46.5599429221079
14.63917328711,-66.5469488457156
14.6459171026302,-44.972877129078
14.6526640248182,-39.3379574853472
14.6594140551051,-35.9701906350553
14.6661671949227,-33.5741838537435
14.6729234457034,-31.7248527242575
14.6796828088805,-30.2289182895376
14.6864452858877,-28.9820688324493
14.6932108781594,-27.9215954470378
14.6999795871308,-27.006882293323
14.7067514142375,-26.2101481735165
14.7135263609161,-25.5115866124175
14.7203044286037,-24.8966136135268
14.7270856187379,-24.3542138010551
14.7338699327572,-23.8758981798656
14.7406573721007,-23.4550213062212
14.7474479382081,-23.0863193478735
14.7542416325198,-22.7655891825155
14.7610384564769,-22.4894605952157
14.7678384115211,-22.2552317876981
14.7746414990949,-22.0607491481591
14.7814477206412,-21.9043188039861
14.7882570776038,-21.784641635896
14.7950695714271,-21.7007661429702
14.8018852035561,-21.6520553760579
14.8087039754366,-21.638165438606
14.815525888515,-21.6590339994141
14.8223509442382,-21.7148780093662
14.8291791440541,-21.8062004626803
14.836010489411,-21.9338066724459
14.8428449817579,-22.0988312164085
14.8496826225447,-22.3027775390961
14.8565234132215,-22.5475732854756
14.8633673552397,-22.8356459576846
14.8702144500507,-23.1700256933131
14.8770646991072,-23.5544852916133
14.883918103862,-23.9937327947483
14.890774665769,-24.4936802528595
14.8976343862825,-25.0618261188851
14.9044972668577,-25.7078125157951
14.9113633089502,-26.4442613444199
14.9182325140165,-27.2880737079049
14.9251048835137,-28.2625377561534
14.9319804188994,-29.4009334351187
14.9388591216323,-30.7531220906897
14.9457409931712,-32.3986841791061
14.9526260349761,-34.4763946772024
14.9595142485073,-37.2627629827353
14.966405635226,-41.4493507478165
14.973300196594,-49.9372158626228
14.9801979340737,-53.5234235025144
14.9870988491283,-42.6221635945784
14.9940029432215,-37.9565963812869
15.0009102178179,-34.9621326828604
15.0078206743826,-32.7664867945144
15.0147343143815,-31.0440299665793
15.0216511392811,-29.6371359358375
15.0285711505484,-28.4574502219577
15.0354943496515,-27.4504850679965
15.0424207380589,-26.5802989160641
15.0493503172397,-25.8219718887811
15.0562830886639,-25.1575542053969
15.063219053802,-24.573726211084
15.0701582141252,-24.0603702091454
15.0771005711056,-23.6096591083246
15.0840461262156,-23.2154532839957
15.0909948809286,-22.8728892680516
15.0979468367185,-22.5780922960669
15.10490199506,-22.3279714607687
15.1118603574284,-22.1200716160291
15.1188219252997,-21.9524653874562
15.1257867001505,-21.823674350365
15.1327546834583,-21.7326120868651
15.1397258767009,-21.6785442513428
15.1467002813573,-21.6610624387059
15.1536778989067,-21.6800698561709
15.1606587308293,-21.7357777362445
15.1676427786058,-21.8287122278683
15.1746300437176,-21.9597322686497
15.1816205276469,-22.1300597710575
15.1886142318765,-22.3413244598115
15.1956111578899,-22.5956270223188
15.2026113071713,-22.8956260942405
15.2096146812055,-23.2446573387644
15.216621281478,-23.646897055934
15.2236311094752,-24.1075893531924
15.2306441666838,-24.6333666686106
15.2376604545916,-25.2327116250197
15.2446799746867,-25.9166401619969
15.2517027284582,-26.6997446702282
15.2587287173957,-27.6018497586933
15.2657579429896,-28.6507683409693
15.2727904067309,-29.8871694706484
15.2798261101112,-31.3738542728976
15.286865054623,-33.2153091166113
15.2939072417595,-35.6051980065535
15.3009526730143,-38.9696963510624
15.3080013498819,-44.6092182083437
15.3150532738575,-66.4239046236473
15.322108446437,-46.1394351664814
15.3291668691168,-39.7241465449425
15.3362285433941,-36.0978746057042
15.343293470767,-33.5742692571725
15.350361652734,-31.6503603349876
15.3574330907943,-30.1069403607048
15.364507786448,-28.8286018346844
15.3715857411957,-27.7471030761966
15.3786669565389,-26.8187702987528
15.3857514339795,-26.0140044695897
15.3928391750202,-25.3118605245392
15.3999301811647,-24.6970150479776
15.4070244539169,-24.1579619910813
15.4141219947817,-23.6858849086973
15.4212228052647,-23.2739233090087
15.4283268868719,-22.9166795157217
15.4354342411104,-22.6098782333745
15.4425448694878,-22.3501264846941
15.4496587735122,-22.1347416271582
15.4567759546928,-21.9616269399379
15.4638964145393,-21.8291814595987
15.4710201545618,-21.7362352804148
15.4781471762717,-21.6820045036112
15.4852774811806,-21.6660620427529
15.492411070801,-21.6883219456572
15.4995479466461,-21.7490360156858
15.5066881102297,-21.8488024727948
15.5138315630664,-21.9885873174738
15.5209783066714,-22.1697600723713
15.5281283425607,-22.3941468185279
15.535281672251,-22.6641051074987
15.5424382972597,-22.9826277057907
15.5495982191046,-23.3534856790487
15.5567614393047,-23.7814268377103
15.5639279593794,-24.2724544311751
15.5710977808487,-24.8342257388883
15.5782709052337,-25.4766357353836
15.5854473340557,-26.2126970820291
15.5926270688371,-27.0599150745656
15.5998101111009,-28.0425318592161
15.6069964623706,-29.1953933815734
15.6141861241706,-30.5710858791048
15.6213790980261,-32.254344066618
15.6285753854627,-34.3949518020892
15.6357749880069,-37.2978042212362
15.6429779071859,-41.7567066300009
15.6501841445275,-51.5380664941733
15.6573937015604,-50.7956172880185
15.6646065798138,-41.5041202823316
15.6718227808177,-37.1400357108436
15.6790423061028,-34.2757016210606
15.6862651572005,-32.1549493028822
15.6934913356428,-30.4831757309306
15.7007208429626,-29.1145807254206
15.7079536806935,-27.966311565484
15.7151898503695,-26.9867997497424
15.7224293535257,-26.1418089191982
15.7296721916976,-25.4074940740758
15.7369183664216,-24.7666284765751
15.7441678792348,-24.2064085103748
15.751420731675,-23.7171062975405
15.7586769252804,-23.2912062002846
15.7659364615905,-22.9228316438864
15.7731993421449,-22.6073536339215
15.7804655684844,-22.341117236553
15.7877351421501,-22.121247219296
15.7950080646842,-21.945508495798
15.8022843376294,-21.8122057169402
15.809563962529,-21.7201117816808
15.8168469409272,-21.6684185606371
15.8241332743689,-21.6567055062758
15.8314229643997,-21.684923526678
15.8387160125657,-21.7533928163161
15.8460124204141,-21.862814469004
15.8533121894924,-22.0142968053156
15.8606153213492,-22.2093985849767
15.8679218175336,-22.4501928277378
15.8752316795953,-22.739357090084
15.8825449090849,-23.0802991345687
15.8898615075538,-23.4773316352072
15.8971814765539,-23.9359170134344
15.9045048176379,-24.4630157293712
15.9118315323592,-25.0675921922399
15.9191616222719,-25.7613694516222
15.9264950889309,-26.5599926727754
15.9338319338918,-27.4848967334099
15.9411721587108,-28.5664574598283
15.948515764945,-29.8496530636666
15.955862754152,-31.4050943220089
15.9632131278903,-33.352991060391
15.970566887719,-35.9240100330882
15.9779240351979,-39.6569702084927
15.9852845718878,-46.4377068018208
15.9926484993499,-60.9416772555896
16.0000158191461,-43.6630819988238
16.0073865328393,-38.2774567424994
16.0147606419929,-35.0044091124196
16.0221381481712,-32.6626844517102
16.0295190529389,-30.8522609762245
16.0369033578617,-29.3885832334805
16.0442910645061,-28.1711981765742
16.0516821744389,-27.1393912262337
16.0590766892281,-26.2537045111554
16.0664746104422,-25.4870978796173
16.0738759396503,-24.8202829410012
16.0812806784225,-24.2390696427755
16.0886888283294,-23.7327670121195
16.0961003909424,-23.2931734098115
16.1035153678336,-22.9139145515575
16.110933760576,-22.5899961010795
16.1183555707431,-22.3174938883283
16.1257807999091,-22.0933355183963
16.1332094496491,-21.9151446792667
16.1406415215389,-21.7811298882293
16.148077017155,-21.6900058593384
16.1555159380745,-21.6409398106
16.1629582858754,-21.6335178073761
16.1704040621363,-21.6677282167138
16.1778532684366,-21.743960877293
16.1853059063565,-21.8630219140271
16.1927619774767,-22.0261654403378
16.2002214833789,-22.2351448877801
16.2076844256454,-22.4922886167794
16.2151508058591,-22.8006071291528
16.2226206256039,-23.1639431519544
16.2300938864641,-23.5871819849034
16.2375705900251,-24.0765493760652
16.2450507378728,-24.6400407223632
16.2525343315938,-25.2880541997972
16.2600213727756,-26.0343529121329
16.2675118630063,-26.8975818027861
16.2750058038748,-27.9037702389546
16.2825031969706,-29.0907014464938
16.2900040438841,-30.5161136270759
16.2975083462064,-32.2746352375664
16.3050161055293,-34.5377137687781
16.3125273234453,-37.6685137201577
16.3200420015477,-42.6896504644501
16.3275601414304,-56.1552583941812
16.3350817446883,-47.4664416878918
16.3426068129167,-39.9956614962104
16.350135347712,-36.0654279188413
16.3576673506709,-33.3997891169273
16.3652028233913,-31.3960525595909
16.3727417674715,-29.8038788372522
16.3802841845106,-28.4950151801245
16.3878300761086,-27.394971291143
16.3953794438661,-26.4566863249628
16.4029322893844,-25.6485836855785
16.4104886142656,-24.9485040694278
16.4180484201126,-24.340355676693
16.4256117085289,-23.8121418168587
16.4331784811189,-23.3547389016105
16.4407487394875,-22.9611077220922
16.4483224852407,-22.6257673071389
16.4558997199849,-22.3444346433858
16.4634804453273,-22.1137730896565
16.4710646628761,-21.9312145046449
16.4786523742399,-21.7948330946105
16.4862435810283,-21.7032568989562
16.4938382848515,-21.6556078499271
16.5014364873204,-21.6514646782135
16.5090381900468,-21.6908452937635
16.5166433946431,-21.7742070883194
16.5242521027226,-21.902465183855
16.5318643158991,-22.0770302324544
16.5394800357875,-22.2998692021919
16.547099264003,-22.5735949639007
16.5547220021619,-22.9015938692707
16.5623482518812,-23.2882055972205
16.5699780147784,-23.7389775749727
16.577611292472,-24.261029478045
16.5852480865811,-24.8635858877211
16.5928883987258,-25.5587754834882
16.6005322305265,-26.3628706519986
16.6081795836047,-27.2982910868166
16.6158304595826,-28.3970125636774
16.623484860083,-29.7067546849699
16.6311427867295,-31.3032004028957
16.6388042411467,-33.3170461346612
16.6464692249595,-36.0046271552259
16.6541377397939,-39.988533546931
16.6618097872765,-47.6756703003823
16.6694853690348,-55.0326899850445
16.6771644866967,-42.3051507416091
16.6848471418913,-37.3742345240833
16.6925333362481,-34.2782982837565
16.7002230713975,-32.0340487575764
16.7079163489707,-30.2879204281433
16.7156131705995,-28.8719940926499
16.7233135379166,-27.6932693044581
16.7310174525554,-26.6948860180177
16.73872491615,-25.8395967921753
16.7464359303353,-25.1017359918987
16.7541504967469,-24.4629307350496
16.7618686170213,-23.9096401240955
16.7695902927956,-23.4316620479293
16.7773155257077,-23.0211856827236
16.7850443173963,-22.6721682971381
16.7927766695008,-22.3799135391631
16.8005125836614,-22.1407798832864
16.808252061519,-21.9519762479559
16.8159951047153,-21.8114180992943
16.8237417148927,-21.7176271425672
16.8314918936944,-21.6696638281498
16.8392456427645,-21.6670859224465
16.8470029637475,-21.7099292103341
16.8547638582889,-21.7987085524646
16.8625283280351,-21.9344393912227
16.870296374633,-22.1186816845972
16.8780679997303,-22.3536104522524
16.8858432049755,-22.6421200284565
16.8936219920179,-22.9879733062631
16.9014043625075,-23.3960136700434
16.9091903180951,-23.8724676042884
16.9169798604323,-24.4253831869552
16.9247729911713,-25.0652797279151
16.9325697119653,-25.8061387131684
16.9403700244679,-26.6669718970196
16.948173930334,-27.6744188002195
16.9559814312187,-28.8673036170354
16.9637925287782,-30.3052398974672
16.9716072246693,-32.0865425671167
16.9794255205498,-34.3909474606193
16.987247418078,-37.6048014554412
16.9950729189131,-42.8492029258248
17.0029020247151,-58.4847348870891
17.0107347371445,-46.3186929948817
17.0185710578629,-39.3072531076129
17.0264109885325,-35.507209485867
17.0342545308164,-32.9058532274643
17.0421016863781,-30.9428007896836
17.0499524568824,-29.3806918163252
17.0578068439945,-28.0966018245801
17.0656648493804,-27.0186482624052
17.0735264747069,-26.1012136936272
17.0813917216417,-25.3136012690261
17.0892605918532,-24.6342343014338
17.0971330870103,-24.0474377916416
17.1050092087832,-23.5415364299879
17.1128889588424,-23.1076732259244
17.1207723388593,-22.7390459867046
17.1286593505062,-22.4303980552175
17.1365499954561,-22.1776703794758
17.1444442753826,-21.9777599228036
17.1523421919604,-21.8283508018488
17.1602437468647,-21.7277971300481
17.1681489417716,-21.6750442894571
17.176057778358,-21.6695803575384
17.1839702583013,-21.7114128593185
17.1918863832801,-21.8010686095503
17.1998061549734,-21.9396166272407
17.2077295750612,-22.1287163194957
17.2156566452243,-22.3706957162289
17.223587367144,-22.6686679620867
17.2315217425026,-23.0266992416513
17.2394597729832,-23.4500489999712
17.2474014602695,-23.945515804889
17.2553468060462,-24.5219433806266
17.2632958119986,-25.1909789035624
17.2712484798128,-25.9682455548742
17.2792048111757,-26.8752288800868
17.287164807775,-27.9424657816127
17.2951284712992,-29.2152849299016
17.3030958034375,-30.7650163012208
17.3110668058799,-32.7134202688893
17.3190414803173,-35.2949912326022
17.3270198284411,-39.0608410588133
17.3350018519438,-45.9684784359442
17.3429875525185,-59.0733523375593
17.3509769318591,-42.7906402287406
17.3589699916603,-37.4873749440573
17.3669667336175,-34.2502471294025
17.3749671594271,-31.9332499336041
17.382971270786,-30.1443724428318
17.3909790693921,-28.7019164154092
17.398990556944,-27.5067355351918
17.407005735141,-26.498829223093
17.4150246056834,-25.6391929054466
17.4230471702721,-24.9011162562197
17.4310734306087,-24.2655819999855
17.4391033883959,-23.71864674777
17.447137045337,-23.2498620337774
17.4551744031359,-22.8512781816199
17.4632154634977,-22.5167927953022
17.4712602281278,-22.2417125916031
17.4793086987329,-22.0224528056004
17.4873608770201,-21.8563287961484
17.4954167646974,-21.7414119241946
17.5034763634737,-21.6764322525337
17.5115396750584,-21.6607172186757
17.5196067011621,-21.6941598546683
17.5276774434958,-21.7772133536285
17.5357519037716,-21.9109114425705
17.5438300837021,-22.0969165873642
17.5519119850008,-22.3376009755327
17.5599976093822,-22.6361690401601
17.5680869585613,-22.9968358054979
17.576180034254,-23.425083882731
17.5842768381771,-23.9280358996779
17.5923773720479,-24.5150029978679
17.6004816375847,-25.1983126997971
17.6085896365067,-25.9945997144743
17.6167013705336,-26.9269032419814
17.6248168413862,-28.0282561306514
17.6329360507858,-29.348246487363
17.6410590004548,-30.9660951102626
17.649185692116,-33.0199745595883
17.6573161274934,-35.7850372473084
17.6654503083116,-39.9483137345857
17.6735882362959,-48.3767462210532
17.6817299131726,-52.1782818620572
17.6898753406686,-41.1866516275326
17.6980245205119,-36.5139686219274
17.7061774544308,-33.5263979126197
17.7143341441549,-31.3454863149738
17.7224945914144,-29.6440770182228
17.7306587979401,-28.2640454228403
17.738826765464,-27.1168888056085
17.7469984957185,-26.1481289174565
17.755173990437,-25.3219237166339
17.7633532513537,-24.613516208349
17.7715362802036,-24.0051725221886
17.7797230787225,-23.4838392102864
17.7879136486468,-23.0397165716318
17.7961079917141,-22.6653516557773
17.8043061096624,-22.3550418709998
17.8125080042308,-22.1044327938269
17.8207136771589,-21.9102424839969
17.8289231301874,-21.7700715767388
17.8371363650577,-21.6822740829308
17.8453533835119,-21.6458733658379
17.8535741872931,-21.6605139060067
17.8617987781449,-21.7264437315013
17.870027157812,-21.8445256957217
17.8782593280397,-22.0162787609995
17.8864952905744,-22.243953630859
17.8947350471628,-22.5306510646709
17.902978599553,-22.8804968381691
17.9112259494934,-23.2988959308507
17.9194770987335,-23.7929025110679
17.9277320490236,-24.3717661375485
17.9359908021145,-25.0477572121234
17.9442533597583,-25.8374548361998
17.9525197237074,-26.763839863351
17.9607898957154,-27.8598768746791
17.9690638775365,-29.1750617929935
17.9773416709258,-30.7884679358439
17.9856232776392,-32.8379823829344
17.9939086994332,-35.5980621006768
18.0021979380655,-39.753347487329
18.0104909952943,-48.1527641505941
18.0187878728788,-52.070694163812
18.0270885725787,-41.0285507509642
18.035393096155,-36.3487122259323
18.0437014453691,-33.3595579144565
18.0520136219833,-31.1792821038966
18.0603296277609,-29.4798734557674
18.0686494644658,-28.1028992276042
18.0769731338628,-26.9597279816977
18.0853006377176,-25.9958279235221
18.0936319777964,-25.1753413252107
18.1019671558666,-24.4735179844629
18.1103061736962,-23.8726464676918
18.1186490330541,-23.3597084011182
18.1269957357098,-22.9249507437957
18.1353462834341,-22.5609789002648
18.143700677998,-22.2621612612425
18.1520589211738,-22.0242286552214
18.1604210147343,-21.8440010300429
18.1687869604534,-21.7192007463487
18.1771567601057,-21.6483276154694
18.1855304154664,-21.6305804619144
18.1939079283118,-21.6658162811116
18.2022893004189,-21.7545425416316
18.2106745335656,-21.8979418057695
18.2190636295305,-22.0979313122046
18.2274565900931,-22.3572641335509
18.2358534170338,-22.6796837916578
18.2442541121336,-23.0701519933877
18.2526586771744,-23.535181500492
18.2610671139391,-24.0833268673309
18.2694794242112,-24.7259222910336
18.2778956097751,-25.4782234764542
18.2863156724161,-26.3612430505514
18.2947396139202,-27.4048468594282
18.3031674360743,-28.6533092211567
18.311599140666,-30.1761105697026
18.320034729484,-32.0913144260871
18.3284742043174,-34.6246025310817
18.3369175669566,-38.2992617791242
18.3453648191924,-44.9133315925236
18.3538159628168,-61.5048048134715
18.3622709996223,-42.6638011568257
18.3707299314025,-37.1814099870652
18.3791927599515,-33.8825415782362
18.3876594870646,-31.5378748864131
18.3961301145377,-29.7367695659193
18.4046046441675,-28.2910400244417
18.4130830777517,-27.0987174698474
18.4215654170887,-26.0984047861477
18.4300516639778,-25.25035627607
18.438541820219,-24.5274617986825
18.4470358876132,-23.9105017469977
18.4555338679623,-23.3854565974351
18.4640357630688,-22.9418909830878
18.472541574736,-22.571938407298
18.4810513047683,-22.2696407302744
18.4895649549707,-22.0305074488819
18.4980825271491,-21.8512172525106
18.5066040231102,-21.729415800739
18.5151294446617,-21.663581799471
18.5236587936118,-21.6529444758686
18.5321920717699,-21.6974427142154
18.540729280946,-21.7977212292298
18.5492704229509,-21.9551633468529
18.5578154995965,-22.1719640720916
18.5663645126953,-22.4512519604067
18.5749174640607,-22.7972749112193
18.583474355507,-23.2156749902197
18.5920351888491,-23.7138936079359
18.6005999659031,-24.3017762219875
18.6091686884857,-24.9924960149161
18.6177413584144,-25.8040118427027
18.6263179775076,-26.7614699858659
18.6348985475847,-27.9013828259971
18.6434830704657,-29.2794291549721
18.6520715479716,-30.98643563001
18.6606639819241,-33.1856259984504
18.6692603741459,-36.2178715412254
18.6778607264604,-41.0154270211161
18.6864650406919,-52.8524863969088
18.6950733186655,-47.2103919535973
18.7036855622071,-39.1946808091474
18.7123017731438,-35.131868569145
18.7209219533029,-32.4147616539602
18.7295461045132,-30.3918343717127
18.7381742286038,-28.7982964424071
18.7468063274051,-27.5001611593128
18.755442402748,-26.4202743392471
18.7640824564643,-25.5102338075025
18.7727264903869,-24.7377806744991
18.7813745063492,-24.08044382237
18.7900265061857,-23.522052708733
18.7986824917316,-23.0506961146921
18.8073424648231,-22.6574656835944
18.8160064272969,-22.335651839857
18.824674380991,-22.0802141959306
18.833346327744,-21.8874263931419
18.8420222693953,-21.7546369179278
18.8507022077853,-21.6801108895278
18.8593861447551,-21.662931782591
18.8680740821468,-21.7029509296855
18.8767660218032,-21.8007788428078
18.885461965568,-21.9578173456562
18.894161915286,-22.1763362563978
18.9028658728023,-22.4596038753745
18.9115738399633,-22.812088032849
18.9202858186162,-23.2397558371874
18.9290018106089,-23.750518888859
18.9377218177903,-24.3549030067106
18.9464458420099,-25.0670805170075
18.9551738851183,-25.906517229666
18.963905948967,-26.9007214123939
18.9726420354081,-28.0901059302465
18.9813821462947,-29.5372597654507
18.9901262834807,-31.3464981792861
18.998874448821,-33.7113544228191
19.0076266441712,-37.0579201942309
19.0163828713878,-42.6866298563196
19.0251431323282,-64.501798901238
19.0339074288505,-44.2148275625904
19.0426757628138,-37.809662197382
19.0514481360781,-34.2003665933511
19.0602245505042,-31.7008069673775
19.0690050079536,-29.8081557167037
19.0777895102889,-28.3033665788333
19.0865780593734,-27.0712264525359
19.0953706570714,-26.0437274492522
19.1041673052478,-25.1774740897427
19.1129680057687,-24.4431957218831
19.1217727605009,-23.820332299142
19.1305815713119,-23.2940100122585
19.1393944400703,-22.8532467344974
19.1482113686455,-22.4898362262122
19.1570323589077,-22.1976292884609
19.1658574127279,-21.9720590475938
19.1746865319782,-21.8098236051235
19.1835197185314,-21.7086751325802
19.1923569742611,-21.6672850504823
19.2011983010419,-21.6851674653207
19.2100437007492,-21.7626513245674
19.2188931752593,-21.9008979262807
19.2277467264493,-22.1019658825432
19.2366043561972,-22.3689315421169
19.2454660663818,-22.7060805318691
19.254331858883,-23.1191973896311
19.2632017355812,-23.6159985212425
19.272075698358,-24.2067851393874
19.2809537490957,-24.9054500225754
19.2898358896775,-25.7310820691666
19.2987221219875,-26.710638817813
19.3076124479105,-27.8836586817306
19.3165068693324,-29.3112081492362
19.3254053881399,-31.0946360215669
19.3343080062205,-33.4207369325289
19.3432147254626,-36.6961561049497
19.3521255477555,-42.1320879520636
19.3610404749893,-60.3445532237869
19.369959509055,-44.56659170512
19.3788826518447,-37.8927784783704
19.3878099052509,-34.2016070375213
19.3967412711673,-31.6632903229076
19.4056767514885,-29.7489740240568
19.4146163481099,-28.231285398437
19.4235600629276,-26.9915356442591
19.4325078978388,-25.9600197357769
19.4414598547415,-25.0924263327028
19.4504159355347,-24.3589587184287
19.4593761421179,-23.7387454870877
19.4683404763919,-23.2167301980502
19.4773089402581,-22.7818317478128
19.486281535619,-22.4258040301914
19.4952582643778,-22.1425037282271
19.5042391284385,-21.927408884326
19.5132241297063,-21.7772992368189
19.522213270087,-21.6900463541703
19.5312065514873,-21.66448287193
19.540203975815,-21.7003331930307
19.5492055449785,-21.7981967914087
19.5582112608871,-21.9595820324865
19.5672211254513,-22.1869947401123
19.5762351405822,-22.4840929886363
19.5852533081917,-22.8559294963473
19.5942756301928,-23.3093182334988
19.6033021084994,-23.85338728894
19.612332745026,-24.5004251992789
19.6213675416883,-25.2672128839058
19.6304065004027,-26.1772032204639
19.6394496230865,-27.2642752865178
19.648496911658,-28.5796460239924
19.6575483680362,-30.2057643517755
19.6666039941412,-32.2878275120534
19.6756637918937,-35.1191508148421
19.6847277632155,-39.4515455879513
19.6937959100293,-48.6755711838724
19.7028682342586,-49.5891465817441
19.7119447378278,-39.748466094062
19.7210254226622,-35.2885555553049
19.730110290688,-32.3996273407624
19.7391993438322,-30.2834088208313
19.7482925840227,-28.6339595001786
19.7573900131886,-27.3012656285719
19.7664916332593,-26.2006668753875
19.7755974461657,-25.2798102836953
19.7847074538392,-24.5041932743286
19.7938216582121,-23.8500114858506
19.8029400612178,-23.3002903479824
19.8120626647905,-22.8426470978392
19.8211894708653,-22.4679275425239
19.830320481378,-22.1693427652129
19.8394556982656,-21.941907564237
19.8485951234658,-21.7820704452169
19.8577387589172,-21.6874717123858
19.8668866065594,-21.6567925342047
19.8760386683329,-21.6896737192774
19.8851949461788,-21.7866933998137
19.8943554420395,-21.9494007316729
19.903520157858,-22.1804099736806
19.9126890955783,-22.483567559408
19.9218622571454,-22.8642160368206
19.9310396445051,-23.3295961892578
19.940221259604,-23.8894580227405
19.9494071043897,-24.5570040629816
19.9585971808107,-25.3503890028998
19.9677914908165,-26.295204281306
19.9769900363572,-27.4288245242093
19.9861928193841,-28.8085709032414
19.9953998418492,-30.5285666364251
20.0046111057055,-32.759450873777
20.0138266129069,-35.8625065784998
20.0230463654082,-40.8530073445173
20.032270365165,-54.171050042846
20.041498614134,-45.7296990551737
20.0507311142726,-38.2285212752407
20.0599678675392,-34.3037134741667
20.069208875893,-31.6565642365239
20.0784541412944,-29.6809918897886
20.0877036657042,-28.1257675340573
20.0969574510847,-26.8624253194771
20.1062154993985,-25.8165340673439
20.1154778126097,-24.9412419861777
20.1247443926828,-24.2052893380261
20.1340152415834,-23.5869283995332
20.1432903612782,-23.0705737016753
20.1525697537344,-22.6448372285877
20.1618534209205,-22.3013197307535
20.1711413648057,-22.0338408229563
20.1804335873601,-21.8379378539386
20.1897300905547,-21.7105382549658
20.1990308763616,-21.649750425794
20.2083359467536,-21.6547414443514
20.2176453037044,-21.7256843550779
20.2269589491889,-21.8637679107224
20.2362768851824,-22.0712700614528
20.2455991136616,-22.3517052085612
20.2549256366039,-22.7100663853521
20.2642564559876,-23.1532001447171
20.2735915737919,-23.6903793552854
20.2829309919971,-24.3341877506721
20.292274712584,-25.1019219093116
20.3016227375348,-26.0179012180977
20.3109750688323,-27.1174770314392
20.3203317084603,-28.4544822093824
20.3296926584036,-30.1163884649883
20.3390579206477,-32.2592746972837
20.3484274971792,-35.205046525476
20.3578013899855,-39.8121446712729
20.3671796010551,-50.4955034861293
20.3765621323772,-47.3877766367685
20.3859489859421,-38.7846624853397
20.3953401637408,-34.5875854043486
20.4047356677654,-31.8169973359601
20.4141355000088,-29.7713562315119
20.423539662465,-28.1715099132815
20.4329481571288,-26.8778623230127
20.4423609859957,-25.810679860185
20.4517781510626,-24.9202730166289
20.4611996543268,-24.1737363749753
20.470625497787,-23.548313136791
20.4800556834425,-23.0277765847679
20.4894902132936,-22.6003248244113
20.4989290893415,-22.2572944559764
20.5083723135885,-21.9923461929816
20.5178198880375,-21.8009380404544
20.5272718146926,-21.6799834460662
20.5367280955588,-21.6276357417354
20.5461887326418,-21.6431653831094
20.5556537279485,-21.7269122156211
20.5651230834865,-21.8803061204342
20.5745968012645,-22.1059588845511
20.584074883292,-22.4078403232468
20.5935573315795,-22.7915651529186
20.6030441481384,-23.2648377855884
20.612535334981,-23.8381371854139
20.6220308941206,-24.5257874469663
20.6315308275714,-25.3476827773666
20.6410351373484,-26.3321906730149
20.6505438254678,-27.521330199392
20.6600568939464,-28.980744345914
20.6695743448022,-30.8210008927115
20.679096180054,-33.250304416113
20.6886224017216,-36.7384655464589
20.6981530118255,-42.7991312461486
20.7076880123876,-77.91531386442
20.7172274054303,-42.4975856255136
20.726771192977,-36.5841916028306
20.7363193770522,-33.1437098359375
20.7458719596813,-30.7373687796381
20.7554289428906,-28.9103902666699
20.7649903287071,-27.4596332958664
20.7745561191591,-26.2767489820325
20.7841263162757,-25.2972504233418
20.7937009220869,-24.4798067784077
20.8032799386236,-23.7965099996397
20.8128633679177,-23.2278065023705
20.822451212002,-22.7596504538829
20.8320434729103,-22.3818109822193
20.8416401526773,-22.0868221767774
20.8512412533386,-21.8693133027809
20.8608467769308,-21.7255768897059
20.8704567254914,-21.6532946865982
20.8800711010589,-21.6513760380457
20.8896899056725,-21.7198839753893
20.8993131413727,-21.8600382701701
20.9089408102007,-22.0742958773477
20.9185729141988,-22.3665204841743
20.92820945541,-22.742267199069
20.9378504358784,-23.209229934968
20.9474958576492,-23.777935158911
20.9571457227681,-24.4628311803426
20.9668000332823,-25.2840491660999
20.9764587912395,-26.2703761663995
20.9861219986885,-27.4645759826884
20.995789657679,-28.9336787912652
21.0054617702618,-30.79108204917
21.0151383384885,-33.2516862261437
21.0248193644117,-36.8057091319923
21.0345048500849,-43.0722961702179
21.0441947975624,-66.6728079224397
21.0538892088999,-41.9953144554967
21.0635880861536,-36.2671177885123
21.0732914313809,-32.8921767453714
21.0829992466399,-30.5212038340938
21.09271153399,-28.7178939429747
21.1024282954912,-27.2853657173223
21.1121495332047,-26.1179969923256
21.1218752491925,-25.1526973454921
21.1316054455177,-24.3489436878584
21.1413401242441,-23.6793464094572
21.1510792874366,-23.1247189989554
21.1608229371613,-22.6713020749752
21.1705710754847,-22.3091106806899
21.1803237044748,-22.0309096046516
21.1900808262001,-21.8315618162408
21.1998424427305,-21.7076118361628
21.2096085561364,-21.6570266940049
21.2193791684895,-21.6790511648462
21.2291542818623,-21.7741548026308
21.2389338983282,-21.9440628624107
21.2487180199618,-22.1918756905295
21.2585066488384,-22.5222948496754
21.2682997870343,-22.9419929226105
21.2780974366269,-23.4601935772864
21.2878995996944,-24.0895803592495
21.297706278316,-24.8477504606438
21.3075174745719,-25.7596272463202
21.3173331905433,-26.8616760942242
21.3271534283122,-28.2097983680894
21.3369781899617,-29.8955500754964
21.3468074775757,-32.0840690274855
21.3566412932394,-35.1217614209871
21.3664796390386,-39.96345680255
21.3763225170602,-52.1781317429637
21.386169929392,-45.7732973558496
21.3960218781229,-37.9175979102685
21.4058783653426,-33.9061572464731
21.415739393142,-31.2256192115672
21.4256049636126,-29.237976035916
21.4354750788472,-27.6825434524872
21.4453497409395,-26.4271226469821
21.4552289519839,-25.3955755518637
21.465112714076,-24.540225094574
21.4750010293125,-23.8294346763796
21.4848938997907,-23.2413419217674
21.4947913276092,-22.7604231253216
21.5046933148673,-22.375489217596
21.5145998636655,-22.0784625050472
21.5245109761051,-21.8636075613551
21.5344266542884,-21.727042649446
21.5443469003188,-21.6664358399938
21.5542717163005,-21.6808325155312
21.5642011043388,-21.7705863241606
21.5741350665398,-21.9373828928774
21.5840736050107,-22.1843599241224
21.5940167218597,-22.5163425945771
21.6039644191959,-22.9402337899418
21.6139166991294,-23.465631378765
21.6238735637712,-24.1058021890175
21.6338350152334,-24.8792515246288
21.643801055629,-25.8123499388839
21.6537716870719,-26.94397151444
21.6637469116772,-28.3342958619824
21.6737267315606,-30.0832213524486
21.6837111488393,-32.3745523845058
21.693700165631,-35.606720205397
21.7036937840545,-40.9546139761534
21.7136920062297,-58.0364144628098
21.7236948342775,-43.7869072110754
21.7337022703196,-36.995297120767
21.7437143164787,-33.2791000381611
21.7537309748786,-30.7404616176363
21.763752247644,-28.8387188025897
21.7737781369007,-27.3428892559222
21.7838086447752,-26.1329208652736
21.7938437733953,-25.1385935993947
21.8038835248895,-24.3154843978519
21.8139279013876,-23.6339201943036
21.82397690502,-23.0733207185342
21.8340305379184,-22.6190632948184
21.8440888022153,-22.2606405532347
21.8541517000443,-21.9905317272848
21.8642192335398,-21.8034939593593
21.8742914048375,-21.6961167493711
21.8843682160738,-21.6665531763564
21.8944496693861,-21.7143808312869
21.904535766913,-21.8405697058896
21.9146265107938,-22.0475519357975
21.9247219031691,-22.3394045177228
21.9348219461802,-22.7221754910013
21.9449266419695,-23.2044125982752
21.9550359926805,-23.7980015687479
21.9651500004574,-24.5195101059503
21.9752686674457,-25.3924108341751
21.9853919957918,-26.4509376792255
21.9955199876429,-27.7472277963453
22.0056526451474,-29.3657684240709
22.0157899704546,-31.4564285990713
22.0259319657149,-34.3249972492982
22.0360786330795,-38.7694266839879
22.0462299747007,-48.5968389021473
22.0563859927319,-47.6898196689657
22.0665466893273,-38.4637464707015
22.0767120666421,-34.1374263132789
22.0868821268326,-31.3182049773017
22.0970568720562,-29.2541897239288
22.107236304471,-27.6522147042965
22.1174204262362,-26.3673236589285
22.1276092395122,-25.3173770214115
22.1378027464602,-24.4515346715266
22.1480009492423,-23.7363684901722
22.1582038500218,-23.1489618725905
22.168411450963,-22.6731708365956
22.178623754231,-22.2974646265274
22.1888407619921,-22.0136200904837
22.1990624764135,-21.8159097826311
22.2092888996634,-21.7005945463171
22.2195200339109,-21.6656176055303
22.2297558813265,-21.7104443792623
22.2399964440811,-21.8360208382329
22.2502417243471,-22.0448435680962
22.2604917242976,-22.3411530617676
22.2707464461069,-22.731283490849
22.2810058919502,-23.2242342294196
22.2912700640037,-23.8325828142323
22.3015389644446,-24.5739606141786
22.3118125954512,-25.4735174816673
22.3220909592026,-26.5682498190291
22.3323740578791,-27.9151430795146
22.3426618936619,-29.6079942792974
22.3529544687333,-31.8170493256728
22.3632517852766,-34.9028706171222
22.3735538454759,-39.8782228549953
22.3838606515164,-53.1456912183863
22.3941722055846,-44.7876203009843
22.4044885098677,-37.2802221279059
22.4148095665539,-33.364306906285
22.4251353778324,-30.7335232347276
22.4354659458937,-28.7807353982027
22.445801272929,-27.2545327749052
22.4561413611307,-26.0265286574653
22.4664862126919,-25.0225003964714
22.4768358298072,-24.1958990472732
22.4871902146718,-23.5158557527368
22.497549369482,-22.961107541836
22.5079132964353,-22.5166609039255
22.51828199773,-22.1718469881657
22.5286554755656,-21.9191404306008
22.5390337321423,-21.7534265079321
22.5494167696617,-21.671549909068
22.5598045903262,-21.6720548755905
22.5701971963392,-21.7550694374256
22.5805945899052,-21.9223138559024
22.5909967732296,-22.1772346838259
22.601403748519,-22.5252875707394
22.6118155179809,-22.9744207919291
22.6222320838237,-23.535857708093
22.6326534482571,-24.2253597320922
22.6430796134916,-25.0653151887544
22.6535105817387,-26.0883480801915
22.6639463552111,-27.3439521467434
22.6743869361225,-28.9117647171782
22.6848323266874,-30.93143835852
22.6952825291214,-33.6825280228951
22.7057375456414,-37.8682691773097
22.7161973784649,-46.4818216270864
22.7266620298107,-49.5033548591226
22.7371315018986,-38.8541561947424
22.7476057969493,-34.2589569052672
22.7580849171846,-31.327531691488
22.7685688648273,-29.2039253579371
22.7790576421012,-27.5670675996838
22.7895512512313,-26.2613935153867
22.8000496944434,-25.1998832634856
22.8105529739643,-24.3291750437438
22.8210610920222,-23.6144454942116
22.8315740508458,-23.0319860355742
22.8420918526653,-22.565217978336
22.8526144997116,-22.2024098599741
22.8631419942168,-21.935309034092
22.8736743384139,-21.7583002611539
22.884211534537,-21.6678898301805
22.8947535848214,-21.6624072902011
22.9053004915031,-21.741868352334
22.9158522568193,-21.9079745805262
22.9264088830083,-22.1642498014539
22.9369703723094,-22.5163374546714
22.9475367269627,-22.9725150846722
22.9581079492096,-23.5445334869346
22.9686840412925,-24.2489811999099
22.9792650054548,-25.1095599871645
22.9898508439409,-26.1610556859242
23.0004415589961,-27.4567320364193
23.0110371528671,-29.0833796022569
23.0216376278013,-31.1960074591975
23.0322429860473,-34.1141223949516
23.0428532298546,-38.6875409340994
23.0534683614739,-49.2408484763624
23.064088383157,-46.434372014855
23.0747132971563,-37.7591844534226
23.0853431057258,-33.5575608328181
23.0959778111202,-30.7989331432953
23.1066174155952,-28.7753976851164
23.1172619214079,-27.2061614955544
23.1279113308159,-25.9511699991984
23.1385656460784,-24.9306805702931
23.1492248694552,-24.0952312206468
23.1598890032074,-23.4123101460224
23.170558049597,-22.8597008626457
23.1812320108871,-22.4218679608588
23.191910889342,-22.0878710674823
23.2025946872267,-21.8501107291915
23.2132834068075,-21.7035606679626
23.2239770503516,-21.6453060093975
23.2346756201275,-21.6742917647207
23.2453791184044,-21.7912338355325
23.2560875474527,-21.9986764304217
23.266800909544,-22.3012062111425
23.2775192069507,-22.7058632179881
23.2882424419463,-23.2228318470326
23.2989706168055,-23.8665694281189
23.3097037338039,-24.6576720550446
23.3204417952182,-25.6260736627946
23.3311848033261,-26.8168497031204
23.3419327604064,-28.3016078423007
23.3526856687389,-30.2034208768761
23.3634435306047,-32.7607491760342
23.3742063482855,-36.5383632547189
23.3849741240644,-43.576603996771
23.3957468602254,-55.2956735572021
23.4065245590536,-39.957180539637
23.4173072228352,-34.7593255889498
23.4280948538573,-31.5897371394517
23.4388874544083,-29.3395285537991
23.4496850267774,-27.6255108594354
23.4604875732549,-26.2694418174682
23.4712950961324,-25.174079541265
23.4821075977023,-24.280809494833
23.4929250802581,-23.5518680189031
23.5037475460943,-22.9618113204968
23.5145749975068,-22.493014286748
23.525407436792,-22.1331275926746
23.5362448662479,-21.8735720218922
23.5470872881732,-21.7086247644689
23.5579347048677,-21.6348695459865
23.5687871186325,-21.6508905848553
23.5796445317696,-21.757149771115
23.5905069465819,-21.9560240590411
23.6013743653736,-22.2520099708017
23.6122467904499,-22.6521342832139
23.6231242241171,-23.1666555744056
23.6340066686823,-23.8102189849608
23.6448941264541,-24.6037750742015
23.6557865997417,-25.5778843409883
23.6666840908558,-26.7787406350362
23.6775866021079,-28.2800622976604
23.6884941358105,-30.2093268752156
23.6994066942775,-32.8158248024219
23.7103242798234,-36.699769744747
23.7212468947643,-44.1226701692859
23.7321745414168,-52.961591582839
23.7431072220991,-39.4135188833123
23.7540449391301,-34.4066332481281
23.7649876948299,-31.3132013267343
23.7759354915197,-29.1063356817731
23.7868883315217,-27.4222242072373
23.7978462171591,-26.0896067562771
23.8088091507565,-25.0144031034696
23.8197771346391,-24.1396687434563
23.8307501711336,-23.4286362138202
23.8417282625674,-22.8565249292701
23.8527114112693,-22.4062018745037
23.863699619569,-22.0657250949724
23.8746928897973,-21.8268902842565
23.8856912242861,-21.6843540076792
23.8966946253682,-21.635115294582
23.9077030953778,-21.6782420711377
23.9187166366498,-21.8147875970765
23.9297352515206,-22.047880881194
23.9407589423274,-22.3830083857564
23.9517877114084,-22.8285435859729
23.9628215611031,-23.3966407801019
23.973860493752,-24.1047168258717
23.9849045116965,-24.9779584715074
23.9959536172795,-26.0537604174606
24.0070078128445,-27.3901262863273
24.0180671007364,-29.083134972729
24.0291314833011,-31.3084295584465
24.0402009628855,-34.4418910125691
24.0512755418376,-39.5609828846193
24.0623552225067,-54.1654798667891
24.0734400072427,-43.5729322583622
24.0845298983972,-36.3948309904872
24.0956248983224,-32.5780255225511
24.1067250093718,-30.0039786801483
24.1178302338999,-28.095237508971
24.1289405742624,-26.609550147387
24.1400560328159,-25.4224101998567
24.1511766119183,-24.4616417027888
24.1623023139283,-23.6819981164476
24.1734331412061,-23.0535964820963
24.1845690961127,-22.5560432698673
24.1957101810101,-22.1752097672747
24.2068563982616,-21.9013643116535
24.2180077502315,-21.7280578422742
24.2291642392853,-21.6514617505655
24.2403258677895,-21.6700029388452
24.2514926381115,-21.7842189639052
24.2626645526202,-21.9968043992447
24.2738416136852,-22.3128575120497
24.2850238236774,-22.7403775043673
24.2962111849688,-23.2911221968716
24.3074036999325,-23.9820404832332
24.3186013709424,-24.8376999821326
24.329804200374,-25.8945774801076
24.3410121906035,-27.209150977348
24.3522253440083,-28.874627972568
24.363443662967,-31.0603419655451
24.3746671498592,-34.1247724384166
24.3858958070655,-39.0726428707948
24.3971296369678,-52.1850572105887
24.408368641949,-44.0969098998664
24.419612824393,-36.5523628832395
24.430862186685,-32.6365663255371
24.4421167312112,-30.0174129596354
24.4533764603589,-28.0839700019967
24.4646413765164,-26.583841574513
24.4759114820732,-25.3884206898618
24.4871867794201,-24.4235805773573
24.4984672709485,-23.6430532305099
24.5097529590514,-23.0163965477124
24.5210438461227,-22.5229164325585
24.5323399345573,-22.1483456997027
24.5436412267514,-21.8829293968414
24.5549477251022,-21.7202894625451
24.5662594320079,-21.6567577522892
24.5775763498681,-21.6910187235657
24.5888984810831,-21.8239847857925
24.6002258280548,-22.058878844041
24.6115583931858,-22.4015407784702
24.6228961788799,-22.861022892122
24.6342391875421,-23.4506126717499
24.6455874215784,-24.1895542424517
24.6569408833962,-25.1060106650287
24.6682995754035,-26.2424165023376
24.6796635000098,-27.6658845283208
24.6910326596256,-29.4906456798978
24.7024070566625,-31.9342610502185
24.7137866935332,-35.4959083000115
24.7251715726516,-41.8434367876365
24.7365616964326,-62.9006904212925
24.7479570672922,-40.4313903311066
24.7593576876476,-34.7937433522921
24.7707635599171,-31.4695463897799
24.7821746865201,-29.1459808658715
24.7935910698771,-27.3946951003013
24.8050127124097,-26.0218069221401
24.8164396165407,-24.9233199065198
24.8278717846939,-24.0373280234476
24.8393092192943,-23.3243827501585
24.850751922768,-22.7582127629657
24.8621998975421,-22.3208881626539
24.8736531460451,-22.0001227634999
24.8851116707063,-21.7877032272667
24.8965754739564,-21.6785632654735
24.9080445582269,-21.6702614434419
24.9195189259508,-21.7627419275032
24.9309985795618,-21.9583269354642
24.9424835214952,-22.2619392908345
24.953973754187,-22.681602525325
24.9654692800745,-23.2293332456812
24.9769701015962,-23.9226561915141
24.9884762211916,-24.7872008205077
24.9999876413013,-25.861338049299
25.0115043643671,-27.2050290455772
