time,force,filtered
146.00049024,-4.67600356832015,-4.71223450623735
146.00149024,-4.63872699030358,-4.70664686159336
146.00249024,-4.6090379397779,-4.70081549755795
146.00349024,-4.6251895708111,-4.69495626040441
146.00449024,-4.63663504020159,-4.68871236512893
146.00549024,-4.5888741957803,-4.6820422565459
146.00649024,-4.54459485757659,-4.67512195051322
146.00749024,-4.50225818780647,-4.66780047122125
146.00849024,-4.54485572719938,-4.66052677771532
146.00949024,-4.56052643692883,-4.652917220035
146.01049024,-4.66149078071,-4.64517782073821
146.01149024,-4.65795695696525,-4.63690040037222
146.01249024,-4.58811449193632,-4.62829708069128
146.01349024,-4.60584835828589,-4.61960174396962
146.01449024,-4.58744914962744,-4.61068263036714
146.01549024,-4.65616468476107,-4.60175173337958
146.01649024,-4.72398685232928,-4.59274752801756
146.01749024,-4.6826311431752,-4.58294541049154
146.01849024,-4.6759244789625,-4.57315960152699
146.01949024,-4.68488098382961,-4.56320836909209
146.02049024,-4.56595875328399,-4.55259201570978
146.02149024,-4.62873296808608,-4.54238686638538
146.02249024,-4.65873860842242,-4.53198532900951
146.02349024,-4.6554120683498,-4.52108743262137
146.02449024,-4.604305641888,-4.50979994950545
146.02549024,-4.61422859644761,-4.49883887052137
146.02649024,-4.50706472752892,-4.48743815187878
146.02749024,-4.41483907382179,-4.47590663081461
146.02849024,-4.42778949709418,-4.46460326110238
146.02949024,-4.45508925220653,-4.45331171700449
146.03049024,-4.57638365344034,-4.44210898882929
146.03149024,-4.53872236256734,-4.43048954192282
146.03249024,-4.54685225694693,-4.41872012989564
146.03349024,-4.55018123176609,-4.40712874272808
146.03449024,-4.43196447932378,-4.39493275463094
146.03549024,-4.43855344663539,-4.38307902486824
146.03649024,-4.5533659650021,-4.37184382159674
146.03749024,-4.50902029682323,-4.35983408460269
146.03849024,-4.45219483884601,-4.34774747456784
146.03949024,-4.46718298679608,-4.33612639423239
146.04049024,-4.34430202102355,-4.32378250884343
146.04149024,-4.28474607190808,-4.31165623557672
146.04249024,-4.22252114831852,-4.29966818243706
146.04349024,-4.22856252566261,-4.28805607334236
146.04449024,-4.22382523342333,-4.27623980943831
146.04549024,-4.1887342817253,-4.26481380887813
146.04649024,-4.11811827234112,-4.25327681171315
146.04749024,-4.10943732316934,-4.24191928432376
146.04849024,-4.10776143924928,-4.23069518506727
146.04949024,-4.11760992681368,-4.21946334880271
146.05049024,-4.04973780187753,-4.20828283399445
146.05149024,-4.17771985333413,-4.19793331995948
146.05249024,-4.12348685600309,-4.18694801965639
146.05349024,-4.05140048546455,-4.17625489269625
146.05449024,-4.05510102395913,-4.16589953784444
146.05549024,-4.06987201543517,-4.15568057151367
146.05649024,-4.17892000715325,-4.14611304037267
146.05749024,-4.17263261258935,-4.13618782150806
146.05849024,-4.15564717419555,-4.12632757398157
146.05949024,-4.03274876625533,-4.11627555764164
146.06049024,-3.96976970139523,-4.10693250500993
146.06149024,-4.00920701464208,-4.09803766496452
146.06249024,-4.02642291013667,-4.08912192662924
146.06349024,-3.99790310317617,-4.08024802587652
146.06449024,-4.04678682916226,-4.07190064757777
146.06549024,-3.98233060429206,-4.0635288128492
146.06649024,-3.80680405296128,-4.05516774596744
146.06749024,-3.84946966509392,-4.04741617092124
146.06849024,-3.8372335092173,-4.03982784485175
146.06949024,-3.89121329208385,-4.03273185666251
146.07049024,-3.98190599062642,-4.02579149695478
146.07149024,-3.93581256522509,-4.0189012711577
146.07249024,-3.95515295129847,-4.01225038925157
146.07349024,-3.99863534417387,-4.00613373269921
146.07449024,-3.99906063689901,-4.00003118544143
146.07549024,-3.93908234865575,-3.99387743477802
146.07649024,-3.99738295316756,-3.98842856780628
146.07749024,-4.04066523948311,-3.9830216061184
146.07849024,-3.99475133209709,-3.97759952964373
146.07949024,-3.91110327615346,-3.97235973429169
146.08049024,-3.93232409844572,-3.96775331496125
146.08149024,-3.87097869304528,-3.96296590032005
146.08249024,-3.87477717952929,-3.958454122552
146.08349024,-3.8826696777223,-3.954308329953
146.08449024,-3.88175613361531,-3.95045124339878
146.08549024,-3.86939293940702,-3.94677941239993
146.08649024,-3.89812920263735,-3.9434279572707
146.08749024,-3.80623909112438,-3.93992234004365
146.08849024,-3.81516427878094,-3.93677264621934
146.08949024,-3.8476139713033,-3.93397121807246
146.09049024,-3.86152565239203,-3.93122748169303
146.09149024,-3.83101652313001,-3.92879139530077
146.09249024,-3.83030917345048,-3.92642528014097
146.09349024,-3.82432918425024,-3.92437907926381
146.09449024,-3.85560138285688,-3.92251956718791
146.09549024,-3.83470463510952,-3.92037769071419
146.09649024,-3.96811101229067,-3.91897198858742
146.09749024,-3.98339024660687,-3.91725950961521
146.09849024,-3.89809680965174,-3.91549286650926
146.09949024,-3.86484380056085,-3.9139636828113
146.10049024,-3.86151773582533,-3.91260894264864
146.10149024,-3.80701231860236,-3.91104786702613
146.10249024,-3.80946554275006,-3.90989409429435
146.10349024,-3.87765999516304,-3.90876672879474
146.10449024,-3.87320100637392,-3.90770331328761
146.10549024,-3.89366281159083,-3.90672872228101
146.10649024,-3.85872906165977,-3.90564944021063
146.10749024,-3.87498475844997,-3.90461962112213
146.10849024,-3.9083799966443,-3.90371265863868
146.10949024,-3.97882172712278,-3.90282817639087
146.11049024,-3.91394191392965,-3.90161008395333
146.11149024,-3.97423728274497,-3.90046655610182
146.11249024,-3.92187554518515,-3.89909182558726
146.11349024,-3.95777333432009,-3.89819981781662
146.11449024,-3.99441907695942,-3.89713430266992
146.11549024,-4.03311059543654,-3.89576953461435
146.11649024,-4.16772146378855,-3.89488072010572
146.11749024,-4.1233669872277,-3.89306396866562
146.11849024,-4.01565218789858,-3.89095457536153
146.11949024,-4.01649112607885,-3.8891373240476
146.12049024,-3.89340678405244,-3.88697294478662
146.12149024,-3.9409053441649,-3.88500847608556
146.12249024,-3.9236251203737,-3.88255197543551
146.12349024,-3.93975028565231,-3.88020265562335
146.12449024,-3.8519874466334,-3.87702877752041
146.12549024,-3.94597581019322,-3.8744174966278
146.12649024,-3.8774932322619,-3.87114578548765
146.12749024,-3.9075292604852,-3.86795821037862
146.12849024,-3.86167660305347,-3.86419963144078
146.12949024,-3.92909230071762,-3.86047086254206
146.13049024,-3.8981860254791,-3.85620308838065
146.13149024,-3.89509499514383,-3.85191639856311
146.13249024,-3.89102886784092,-3.84712603466989
146.13349024,-3.92078654589932,-3.84211605494402
146.13449024,-3.91530072046455,-3.83705290840722
146.13549024,-3.92268083879079,-3.83105682848111
146.13649024,-3.95494126556157,-3.82504594219751
146.13749024,-3.96807889126377,-3.81863474416409
146.13849024,-3.87281386484363,-3.81156082838946
146.13949024,-3.81109907985229,-3.80414871423704
146.14049024,-3.80466480865002,-3.7965241594354
146.14149024,-3.78762702954006,-3.78840473686605
146.14249024,-3.75766451759194,-3.77991909054358
146.14349024,-3.77733330315043,-3.77108675454483
146.14449024,-3.80819168871981,-3.76195113306348
146.14549024,-3.82618481545113,-3.75224310530122
146.14649024,-3.78661927760247,-3.74202005920931
146.14749024,-3.65496948977183,-3.73081233555129
146.14849024,-3.64324839756517,-3.71967429262695
146.14949024,-3.6080541720112,-3.70800044008137
146.15049024,-3.63028116673666,-3.69574920853461
146.15149024,-3.62274836227283,-3.68322677464525
146.15249024,-3.54967071544563,-3.66985657340578
146.15349024,-3.59288586062115,-3.65644608163243
146.15449024,-3.58010078736392,-3.64217721793484
146.15549024,-3.52357547134325,-3.62722654395296
146.15649024,-3.55767839483684,-3.61169252546622
146.15749024,-3.4664506950346,-3.59546830504866
146.15849024,-3.44748062616098,-3.57864738743661
146.15949024,-3.37871615296087,-3.5612638384718
146.16049024,-3.41806511886,-3.54350191230603
146.16149024,-3.39086742900455,-3.52495355713412
146.16249024,-3.42204621237136,-3.50571740232853
146.16349024,-3.40805647120504,-3.48578769103189
146.16449024,-3.38062490416368,-3.46518004726699
146.16549024,-3.34152490898306,-3.4442007669164
146.16649024,-3.32587478866868,-3.4224783083718
146.16749024,-3.30271643496395,-3.40002807991124
146.16849024,-3.27770048006132,-3.37702707405825
146.16949024,-3.28880652665891,-3.3532874051792
146.17049024,-3.2939815550878,-3.32877495385411
146.17149024,-3.31261941655341,-3.30390521157235
146.17249024,-3.24555451117121,-3.27793747745359
146.17349024,-3.31313778544776,-3.25183699219828
146.17449024,-3.30582286387701,-3.2243443157432
146.17549024,-3.26466378580034,-3.19601681712706
146.17649024,-3.21026902431395,-3.16693975228122
146.17749024,-3.17879907757604,-3.13755023135064
146.17849024,-3.09106435124187,-3.10694457582424
146.17949024,-3.05128632185168,-3.07572250072336
146.18049024,-3.04757686678297,-3.04366665075137
146.18149024,-3.02953875257888,-3.01099429868554
146.18249024,-3.02267584144005,-2.97757496203354
146.18349024,-2.96981088255007,-2.94287309510731
146.18449024,-2.98225139645293,-2.90793529806274
146.18549024,-2.80482805876425,-2.87169999386246
146.18649024,-2.73748386113806,-2.83480956613516
146.18749024,-2.69555587271098,-2.79727893595347
146.18849024,-2.71521837829304,-2.759166079457
146.18949024,-2.64771590260178,-2.71985561495152
146.19049024,-2.67753075442248,-2.67993413276633
146.19149024,-2.62809405156334,-2.63910249956013
146.19249024,-2.613608603181,-2.59737118593005
146.19349024,-2.52298493738989,-2.55475570169
146.19449024,-2.4894216622485,-2.51128134914369
146.19549024,-2.41495522090473,-2.46658893596251
146.19649024,-2.44465664044664,-2.42164893205922
146.19749024,-2.36413253402834,-2.37539611857195
146.19849024,-2.29906743713366,-2.32827653865548
146.19949024,-2.32455198336126,-2.28061386557868
146.20049024,-2.27818811529941,-2.23180129985278
146.20149024,-2.21463623199678,-2.18225122876963
146.20249024,-2.25082900099418,-2.13188228324509
146.20349024,-2.16701777150154,-2.08021783130922
146.20449024,-2.10244539191754,-2.02783608456522
146.20549024,-2.05121246625478,-1.97466766261037
146.20649024,-2.04811458047946,-1.92081496871807
146.20749024,-1.93005250890045,-1.86554493418706
146.20849024,-1.91248820438687,-1.80978412629593
146.20949024,-1.79979664405981,-1.7530186168023
146.21049024,-1.59806890912016,-1.69444287777062
146.21149024,-1.55325327140986,-1.63588742564998
146.21249024,-1.47260914532099,-1.57641331625782
146.21349024,-1.43636929842981,-1.51628201938653
146.21449024,-1.4035959437944,-1.45510142861354
146.21549024,-1.29219239425452,-1.39269445244911
146.21649024,-1.22527131035393,-1.3296768001891
146.21749024,-1.16202931763228,-1.26571513023708
146.21849024,-1.15589081269379,-1.20095612808142
146.21949024,-1.03148588321778,-1.13512013889743
146.22049024,-0.866513143427774,-1.06828579941647
146.22149024,-0.90543795541658,-1.00139762269504
146.22249024,-0.843879941157355,-0.933102995373675
146.22349024,-0.873533331199604,-0.864126325040427
146.22449024,-0.736687622494622,-0.793962553009224
146.22549024,-0.641242886157815,-0.722889053938933
146.22649024,-0.675304938681361,-0.651776790186336
146.22749024,-0.514754557777642,-0.579056888467215
146.22849024,-0.427987051881146,-0.505769515421539
146.22949024,-0.437990303922764,-0.431824909854482
146.23049024,-0.411647221705526,-0.357097154461406
146.23149024,-0.4334733866683,-0.281919221684846
146.23249024,-0.28789874628869,-0.205442135144645
146.23349024,-0.227200836324994,-0.128437420042927
146.23449024,-0.159428985714424,-0.0507553031217281
146.23549024,-0.14971890143708,0.0274084748980006
146.23649024,-0.0217570452013054,0.106781412158442
146.23749024,0.0476954167969434,0.186757025468108
146.23849024,0.185595261700481,0.267581651743973
146.23949024,0.223473457149121,0.348436140560394
146.24049024,0.343946464399967,0.430273664892852
146.24149024,0.410566386131672,0.512801983045581
146.24249024,0.463599504365939,0.595813537699292
146.24349024,0.524880363428544,0.679498788246955
146.24449024,0.585389134455162,0.763662488448213
146.24549024,0.740309247346529,0.848671203145008
146.24649024,0.802711897496822,0.93360599598823
146.24749024,0.913193680726809,1.01908905798026
146.24849024,0.958381157213205,1.10513803244004
146.24949024,1.103079426885,1.19181903865261
146.25049024,1.22277437818964,1.27880419106128
146.25149024,1.22576412435534,1.36569770134298
146.25249024,1.30375493235964,1.45295165665866
146.25349024,1.43719624231104,1.54070561099835
146.25449024,1.53838392714204,1.62884573002199
146.25549024,1.60422346446958,1.71708489374694
146.25649024,1.64106104999877,1.80553823777039
146.25749024,1.78297004310164,1.89463159935678
146.25849024,1.90169733066203,1.9837571219938
146.25949024,2.00235320737884,2.07283769204378
146.26049024,2.01752032257234,2.16162950921462
146.26149024,2.11573716830227,2.25099391391464
146.26249024,2.17476874408136,2.34033799147696
146.26349024,2.33184376397256,2.43024758226165
146.26449024,2.48156993960274,2.51979806700749
146.26549024,2.58937429471018,2.60917270333667
146.26649024,2.66437581900676,2.698146582461
146.26749024,2.75378757929358,2.78708053082328
146.26849024,2.90452983674342,2.8759409941766
146.26949024,2.94024787173922,2.96458964985224
146.27049024,2.96565629162664,3.0529380031765
146.27149024,3.12330808575856,3.14133202011573
146.27249024,3.2492505380879,3.22907127027447
146.27349024,3.42307638831733,3.31661829032967
146.27449024,3.5468689261235,3.40367834936239
146.27549024,3.55921577680168,3.4899615081615
146.27649024,3.73263077585504,3.57671337296095
146.27749024,3.85693280205375,3.66260016272926
146.27849024,3.92914106078001,3.74765385430484
146.27949024,4.02629211945498,3.83232697252459
146.28049024,4.06335603840527,3.91612940986082
146.28149024,4.10907192691373,3.99937217139122
146.28249024,4.19507455989477,4.08220015974707
146.28349024,4.30491302131122,4.16468485522458
146.28449024,4.47044405937872,4.24634310845425
146.28549024,4.49551491559679,4.32668740969738
146.28649024,4.54125062788239,4.40631472687297
146.28749024,4.67399281720781,4.48513416148771
146.28849024,4.71017913901029,4.56328053321328
146.28949024,4.80338373888587,4.64050239246827
146.29049024,4.80401812140491,4.71664060870867
146.29149024,4.92504467673144,4.79185659399521
146.29249024,4.92950476437129,4.86586818597609
146.29349024,4.98530766162199,4.93888341980572
146.29449024,5.06518149609439,5.01103107947149
146.29549024,5.16938224948748,5.08234453617862
146.29649024,5.25518374845052,5.15241272728984
146.29749024,5.22811733499655,5.22105426946025
146.29849024,5.39874319695554,5.28899915292237
146.29949024,5.42277778822709,5.35522496947196
146.30049024,5.59560349085295,5.42081670166766
146.30149024,5.57747181079867,5.48462205298493
146.30249024,5.60740116370855,5.54741786210825
146.30349024,5.6559784406954,5.60910977391348
146.30449024,5.78912810527854,5.66955269130491
146.30549024,5.91069162953086,5.72845907288729
146.30649024,5.83656971840445,5.78562421158965
146.30749024,5.79716867343777,5.84131783332639
146.30849024,5.91314173425413,5.89629231446994
146.30949024,6.02058674225913,5.94983095252773
146.31049024,6.12023626823791,6.00189497706745
146.31149024,6.16556711970251,6.05227907942804
146.31249024,6.24324821055902,6.10135248330606
146.31349024,6.25766549172465,6.14852206278667
146.31449024,6.25343110488207,6.19459594682306
146.31549024,6.38308938868087,6.23954241866087
146.31649024,6.37717046444587,6.28234048997162
146.31749024,6.4435426404793,6.32432556730604
146.31849024,6.45191551586542,6.36453447408176
146.31949024,6.47111242027294,6.4032278267222
146.32049024,6.57676796178287,6.44056691914985
146.32149024,6.5385290994413,6.47633480465921
146.32249024,6.53451865225974,6.5106479961817
146.32349024,6.5397583443031,6.5435150044235
146.32449024,6.61909387642832,6.57497369050461
146.32549024,6.61940545767662,6.60472010116744
146.32649024,6.54485964294661,6.63260152501722
146.32749024,6.54026730658461,6.65927418205747
146.32849024,6.62387040456424,6.68465569742393
146.32949024,6.6195035097589,6.70850314147971
146.33049024,6.6112233245839,6.73095874866082
146.33149024,6.68383325629727,6.75203962971593
146.33249024,6.71444642083676,6.77150369021207
146.33349024,6.73305417300071,6.78941219850626
146.33449024,6.71370470589616,6.80581401767686
146.33549024,6.69109772102069,6.82097088448497
146.33649024,6.77448651632043,6.83527673928124
146.33749024,6.69176983102279,6.84748802381729
146.33849024,6.68026685967483,6.85865695012293
146.33949024,6.63997481367232,6.86834569103862
146.34049024,6.68124173488854,6.87689810737808
146.34149024,6.66591822445382,6.88410071132153
146.34249024,6.61757692169521,6.88991194672752
146.34349024,6.59271123881289,6.89492369447904
146.34449024,6.53474132519138,6.89819316098446
146.34549024,6.59542557165271,6.90063571962065
146.34649024,6.45604639471899,6.90130329149442
146.34749024,6.50522095226739,6.90147294621328
146.34849024,6.52925062275903,6.90039502189223
146.34949024,6.48578800993285,6.89827829824421
146.35049024,6.46349423702939,6.89476801129367
146.35149024,6.38505316317395,6.89018634212696
146.35249024,6.36397576052848,6.88470444022831
146.35349024,6.36270679275054,6.87825345451265
146.35449024,6.3447078019371,6.87072119952142
146.35549024,6.35892368495106,6.86261882414709
146.35649024,6.43906308346809,6.85384648627122
146.35749024,6.42276518212588,6.84371108504266
146.35849024,6.47187676544536,6.83318698416675
146.35949024,6.48770857431816,6.82149346141802
146.36049024,6.5493703541422,6.80930349013305
146.36149024,6.617426901464,6.79640557516844
146.36249024,6.55707490033259,6.78247502200989
146.36349024,6.69998194376998,6.7687766797244
146.36449024,6.69085085281946,6.75357319792351
146.36549024,6.81567178401049,6.73809807739221
146.36649024,6.76233754436752,6.72156358049138
146.36749024,6.71605922517583,6.70426453542832
146.36849024,6.67759978853947,6.68668312500773
146.36949024,6.74666324861331,6.66894728741257
146.37049024,6.77011040365447,6.65073629853343
146.37149024,6.81590000919819,6.63197072269284
146.37249024,6.84041948692706,6.61250381622617
146.37349024,6.85660240852223,6.59257171223807
146.37449024,6.86414043026945,6.57225143405824
146.37549024,6.8581709180403,6.55193302739008
146.37649024,6.86066904245827,6.53104530795202
146.37749024,6.82203602983778,6.5099485579389
146.37849024,6.80248187504815,6.48868948184264
146.37949024,6.73035703749191,6.46668293797274
146.38049024,6.73745664791431,6.44482140849287
146.38149024,6.7375183358188,6.42285359468366
146.38249024,6.68988202698875,6.40069883399844
146.38349024,6.69688224455705,6.37881226747287
146.38449024,6.72148298599919,6.35659891205027
146.38549024,6.6429903321204,6.3341142840301
146.38649024,6.60824164028999,6.31123787023189
146.38749024,6.58884189112515,6.28840908152603
146.38849024,6.58032429040172,6.26583209184781
146.38949024,6.60205568706951,6.2431822655921
146.39049024,6.5056736692755,6.22040847337672
146.39149024,6.50214364298063,6.19784141747657
146.39249024,6.47696004197026,6.17511515427219
146.39349024,6.44785730255827,6.15226027652395
146.39449024,6.40853403578242,6.12960954014321
146.39549024,6.41457058215388,6.10745216722647
146.39649024,6.37211581785659,6.08516906534994
146.39749024,6.34909112292583,6.06314177613026
146.39849024,6.37350264045684,6.0414944024187
146.39949024,6.31246785508776,6.01956407489226
146.40049024,6.21962214552653,5.99750870469372
146.40149024,6.07387519741236,5.97559473232219
146.40249024,6.04973458663476,5.95463322311549
146.40349024,6.03234493025274,5.93362692286921
146.40449024,5.97387200277047,5.91270975357649
146.40549024,5.83876699304268,5.89162365011003
146.40649024,5.78880962522618,5.87096953266569
146.40749024,5.80255997833349,5.85071449467007
146.40849024,5.7759984114066,5.83053447110965
146.40949024,5.71877603893169,5.81057760752972
146.41049024,5.74741057030656,5.79131858171335
146.41149024,5.67509830522616,5.77143865037717
146.41249024,5.75404913832342,5.75273809385372
146.41349024,5.62446972338557,5.73314728159009
146.41449024,5.7225447305657,5.71462985404018
146.41549024,5.57308167692388,5.69563960840014
146.41649024,5.58159419364752,5.67768742896312
146.41749024,5.58478285218912,5.659692590453
146.41849024,5.60645597573573,5.64213771805278
146.41949024,5.53301187561026,5.62436224681317
146.42049024,5.45307691057914,5.60674796808998
146.42149024,5.52913230932719,5.59001031401131
146.42249024,5.50664145792939,5.57318359488179
146.42349024,5.44250818595949,5.55663703533471
146.42449024,5.43937695901376,5.54029105066918
146.42549024,5.35809052144922,5.52366653408133
146.42649024,5.30452711295884,5.50750748604351
146.42749024,5.3548886573444,5.49165969122043
146.42849024,5.21749588658632,5.47571057102447
146.42949024,5.24024652880479,5.4604831970483
146.43049024,5.21160788281696,5.4451872265963
146.43149024,5.20493013096049,5.42997042072416
146.43249024,5.21412089287253,5.41508547885512
146.43349024,5.17101315118329,5.39995229987404
146.43449024,5.19784152200877,5.38527910699853
146.43549024,5.11320675715417,5.37052514167742
146.43649024,5.15678600322539,5.35664766582112
146.43749024,5.17432784892836,5.34281486873762
146.43849024,5.14439785091072,5.32867710287903
146.43949024,5.21228664815936,5.31484136395973
146.44049024,5.21617981792532,5.30112389324113
146.44149024,5.20267172426317,5.28749012885226
146.44249024,5.17422176530112,5.2739596485633
146.44349024,5.15879913033426,5.26093013068861
146.44449024,5.12976448244974,5.24744349369404
146.44549024,5.07932112694427,5.23399853528098
146.44649024,5.01854701786036,5.22061703313059
146.44749024,4.94105163380808,5.20715069105864
146.44849024,4.90716963312765,5.19407994919534
146.44949024,4.95195803982647,5.18133992006785
146.45049024,4.93355562956208,5.16842123096866
146.45149024,4.99452718273934,5.15575568717861
146.45249024,4.98362178012486,5.14283278175064
146.45349024,4.95854084597523,5.12940144933663
146.45449024,4.9537968056043,5.11643881931526
146.45549024,4.94090560027738,5.10335568585604
146.45649024,5.03003205638989,5.09094369335784
146.45749024,5.03011592795265,5.07813547673507
146.45849024,4.94989356135994,5.06505164888588
146.45949024,4.9508864224928,5.05197213244606
146.46049024,5.01147007004262,5.0392120507462
146.46149024,5.03548498393376,5.02636658601663
146.46249024,5.0585383949959,5.01371097859846
146.46349024,5.05047870037012,5.0010347731195
146.46449024,4.97507892367332,4.98759573201914
146.46549024,5.01290661840952,4.97462144686556
146.46649024,4.95103821070306,4.96113148272997
146.46749024,4.98362879010335,4.94821866988158
146.46849024,4.99967130690258,4.93499688532776
146.46949024,4.97645423230281,4.92175845510612
146.47049024,4.94863720357262,4.90858813237953
146.47149024,4.98295655304591,4.89524965103915
146.47249024,5.02004447544803,4.88178532980269
146.47349024,4.99245577642957,4.86770928088768
146.47449024,4.9859423302997,4.85416664894008
146.47549024,4.93184738266,4.83990418620871
146.47649024,4.92375771464995,4.82619172774877
146.47749024,4.97720577814336,4.812428877229
146.47849024,4.97362818529753,4.79848018314283
146.47949024,4.93565905671441,4.78426467857602
146.48049024,4.83883463032476,4.76955307873995
146.48149024,4.83010760790253,4.75522561188578
146.48249024,4.86917249895788,4.74113662215943
146.48349024,4.85405094054288,4.72655780058395
146.48449024,4.87357520430159,4.71208045970726
146.48549024,4.83974229331177,4.69724515893107
146.48649024,4.72869839950343,4.68192304793908
146.48749024,4.74189445933652,4.66705117820609
146.48849024,4.778507670462,4.65190550143041
146.48949024,4.73347222686221,4.63657952904237
146.49049024,4.73785110695136,4.62117300536445
146.49149024,4.73925721718567,4.60565460298218
146.49249024,4.68787349046985,4.5895496637948
146.49349024,4.6774306205867,4.57336657796169
146.49449024,4.67487883401788,4.55725819480458
146.49549024,4.66869020911304,4.54091858287712
146.49649024,4.63283426580272,4.52458325451396
146.49749024,4.61496648351918,4.50795681967097
146.49849024,4.62999010066614,4.49135348703492
146.49949024,4.61754721607311,4.4742113020238
146.50049024,4.63487952149888,4.45707399801167
146.50149024,4.61291069777921,4.43965453136596
146.50249024,4.5411202789053,4.42211804150302
146.50349024,4.49940501393228,4.40457636682785
146.50449024,4.52873989523193,4.38658182110173
146.50549024,4.51959262589567,4.36846571647985
146.50649024,4.57419243118705,4.35001175757879
146.50749024,4.54994617795628,4.33129023933896
146.50849024,4.48259776634772,4.31191260457114
146.50949024,4.3573011441848,4.29237255368325
146.51049024,4.33698594161044,4.27304465095204
146.51149024,4.3329129294562,4.25327112852971
146.51249024,4.31553470461589,4.23288499608324
146.51349024,4.28097835521558,4.21217672998482
146.51449024,4.20029211574798,4.19115058944683
146.51549024,4.18717997469894,4.17017973298632
146.51649024,4.19579976815698,4.14921430313022
146.51749024,4.15479861811223,4.12757359714801
146.51849024,4.13334765194873,4.10558725828805
146.51949024,4.05936929577463,4.08299253752488
146.52049024,4.16026247347726,4.06095892847298
146.52149024,4.09984740634285,4.0378754617616
146.52249024,4.08235459557073,4.01473260117276
146.52349024,4.03708357675579,3.99129489486325
146.52449024,4.05302995560565,3.96748139198739
146.52549024,3.99290906865113,3.94302975569575
146.52649024,3.95050656141769,3.91821461580825
146.52749024,3.91491512360669,3.89301188833446
146.52849024,3.9293590026455,3.86736945148711
146.52949024,3.88958307887288,3.8412860821906
146.53049024,3.86716283524297,3.81498818669301
146.53149024,3.81063727111816,3.78801340205684
146.53249024,3.77219220689917,3.7606241854261
146.53349024,3.82094055754231,3.7330650387303
146.53449024,3.74229548201038,3.70457205220098
146.53549024,3.71273980234345,3.6759799161783
146.53649024,3.58703800748449,3.64643557906171
146.53749024,3.51128565898876,3.61702080702361
146.53849024,3.47070787972795,3.5870767161282
146.53949024,3.41312474498133,3.55655812740892
146.54049024,3.35946904730703,3.52545692756799
146.54149024,3.35485932130973,3.49446212216406
146.54249024,3.31553912869733,3.46289983940073
146.54349024,3.29770601147604,3.43125057347923
146.54449024,3.22877704396224,3.39845021031233
146.54549024,3.23313260232722,3.36541338422731
146.54649024,3.22106883776598,3.33216387952264
146.54749024,3.21581946238394,3.29819269649305
146.54849024,3.19675887635634,3.2638005022995
146.54949024,3.16004555259542,3.2289822100651
146.55049024,3.08790497722651,3.19396161231868
146.55149024,3.10612530001987,3.15850406142266
146.55249024,3.0618248530433,3.12234676924413
146.55349024,2.9940566672246,3.08562134564558
146.55449024,2.93834978495769,3.04871887552941
146.55549024,2.91535525862653,3.01165049197649
146.55649024,2.83094193103314,2.97399406437985
146.55749024,2.81944171864204,2.93610850131461
146.55849024,2.76976865355639,2.898223169884
146.55949024,2.73346237358747,2.8596892630419
146.56049024,2.67350775590108,2.82073907254017
146.56149024,2.61470287628055,2.78155968760739
146.56249024,2.57902589882924,2.74253631546212
146.56349024,2.57161321656542,2.70320937202497
146.56449024,2.46554851819339,2.66323636918212
146.56549024,2.51383990963648,2.62367321223731
146.56649024,2.38296705373005,2.58307298317175
146.56749024,2.33849577726426,2.54276745143513
146.56849024,2.34811070803834,2.50245744263546
146.56949024,2.34648560527457,2.46215521915881
146.57049024,2.34431909513186,2.42185311783202
146.57149024,2.23903627962231,2.38081669611643
146.57249024,2.19885614003563,2.34007343040746
146.57349024,2.15210007618965,2.29929787454145
146.57449024,2.089910167659,2.25850373816766
146.57549024,2.1674726962883,2.21828772641892
146.57649024,2.14233618355126,2.17806485593054
146.57749024,2.13584136049776,2.13790625400834
146.57849024,2.00436651164764,2.09772960816687
146.57949024,1.97884339775744,2.05767786468298
146.58049024,2.03709905368692,2.01827493297634
146.58149024,1.96138917901589,1.97881044743293
146.58249024,1.92110522040266,1.93985035895086
146.58349024,1.96632065494009,1.90176304109936
146.58449024,1.97008891153079,1.86351777257849
146.58549024,1.92662685961882,1.82559561715245
146.58649024,1.79937675572408,1.7878957675347
146.58749024,1.8423208618874,1.75110999227049
146.58849024,1.79885438996553,1.71460478346742
146.58949024,1.8323835877206,1.67901812976246
146.59049024,1.83995760877734,1.64401870415712
146.59149024,1.78425019032077,1.60919565101483
146.59249024,1.74123908068001,1.57511105551546
146.59349024,1.65366000760191,1.54161234939999
146.59449024,1.64457244199091,1.50920763671879
146.59549024,1.67716888457058,1.47770294853592
146.59649024,1.65416198330596,1.44707558202128
146.59749024,1.61097011317523,1.41729005201727
146.59849024,1.57258497285833,1.38816745821315
146.59949024,1.5559866699346,1.36004656926279
146.60049024,1.53512689087689,1.33292491132611
146.60149024,1.57988763057934,1.30732504081914
146.60249024,1.48994868411163,1.28215153296427
146.60349024,1.53160125911039,1.25869073624784
146.60449024,1.46988849178247,1.23571918024094
146.60549024,1.45879779105881,1.21425088504514
146.60649024,1.42746702406838,1.19380405035385
146.60749024,1.38980903894405,1.1745644412477
146.60849024,1.43817195662624,1.15698232280783
146.60949024,1.44088645684726,1.14064209631773
146.61049024,1.40631005987539,1.12515492904764
146.61149024,1.34578161058132,1.1107164721201
146.61249024,1.30818770863967,1.09821243322955
146.61349024,1.28435743540662,1.08659492388234
146.61449024,1.25720233767768,1.07658527959023
146.61549024,1.30951096887388,1.06839323099226
146.61649024,1.26384381633545,1.06126970024354
146.61749024,1.1507294005979,1.05552636807352
146.61849024,1.11370651143724,1.0512312330603
146.61949024,1.18263002009534,1.04870916993925
146.62049024,1.11366186720299,1.0473847068176
146.62149024,1.22790345472812,1.04820365188252
146.62249024,1.25861926613856,1.05018394416243
146.62349024,1.29200151517373,1.05391815151146
146.62449024,1.25236178521696,1.05868856613625
146.62549024,1.21002087949945,1.0650270091105
146.62649024,1.29067381065291,1.07318629138459
146.62749024,1.28287630819704,1.08238939248369
146.62849024,1.26449473720825,1.09325877135864
146.62949024,1.2947169623862,1.10582979970188
146.63049024,1.26252874803117,1.11980955031381
146.63149024,1.28219486927773,1.13513829695382
146.63249024,1.28417599167897,1.15187287364466
146.63349024,1.26572098290544,1.16993091347589
146.63449024,1.21597522586588,1.1892500407644
146.63549024,1.20302285262154,1.21045505642129
146.63649024,1.1052063961572,1.23250215918129
146.63749024,1.14643910227864,1.25656693314783
146.63849024,1.14796589691263,1.2816413874136
146.63949024,1.16168752411632,1.30803768392345
146.64049024,1.22191543431045,1.33586804530803
146.64149024,1.20608581516843,1.36478624733749
146.64249024,1.190599409997,1.39474352928312
146.64349024,1.27470380228431,1.42653989198704
146.64449024,1.29320066846884,1.45897708448966
146.64549024,1.31523355795707,1.49234805260676
146.64649024,1.33016575077374,1.52687867524882
146.64749024,1.37287917392487,1.56231265407761
146.64849024,1.36104751954167,1.59857554352746
146.64949024,1.39696160922503,1.63574374190846
146.65049024,1.37352824059586,1.67408153111871
146.65149024,1.49589318389309,1.71309786428791
146.65249024,1.52088651406686,1.75256089830703
146.65349024,1.55322302881231,1.79248514760533
146.65449024,1.55687988733264,1.83319085855689
146.65549024,1.65040830307674,1.87461039196582
146.65649024,1.66083629270463,1.91658649085436
146.65749024,1.70568953785274,1.95880137614748
146.65849024,1.77687524308914,2.00165848835599
146.65949024,1.80806271552352,2.04427696330122
146.66049024,1.90220301507387,2.08752142683011
146.66149024,1.97994412621138,2.1309704431725
146.66249024,2.03475216079577,2.17441609993393
146.66349024,2.03955924022267,2.21771261923495
146.66449024,2.12528523934893,2.26126448694752
146.66549024,2.17854211684575,2.30424009601643
146.66649024,2.30003450918621,2.34741852434714
146.66749024,2.37633875822461,2.39011771212553
146.66849024,2.49298279471244,2.43259358034592
146.66949024,2.47853513684252,2.47418083466109
146.67049024,2.5000153178048,2.5155805145061
146.67149024,2.51148408851944,2.55598128372235
146.67249024,2.48875202342487,2.59590087827384
146.67349024,2.5764879647735,2.63541681073497
146.67449024,2.68597319516555,2.67411471164254
146.67549024,2.7682014688037,2.71190195529231
146.67649024,2.75384544396485,2.74858384602976
146.67749024,2.79375212885095,2.78455092519091
146.67849024,2.82890524512387,2.81937915576359
146.67949024,2.90263158713552,2.85305629918737
146.68049024,2.96504869532055,2.88572725255544
146.68149024,3.03569372699068,2.91724569885244
146.68249024,3.09267616678696,2.94720705458674
146.68349024,3.10311140303499,2.97590102588163
146.68449024,3.10942279255015,3.00301932556495
146.68549024,3.14690036844239,3.02864152529588
146.68649024,3.27922971845945,3.05314761561018
146.68749024,3.24121649598632,3.07552376908336
146.68849024,3.31586713836101,3.09645573858107
146.68949024,3.30302656386195,3.11572863293243
146.69049024,3.25708261138212,3.13310825886439
146.69149024,3.25906282221633,3.14864444385145
146.69249024,3.2639036345552,3.16231847465
146.69349024,3.32688060946189,3.17433380700523
146.69449024,3.3454684486841,3.18436010510555
146.69549024,3.37051533134702,3.19238516950752
146.69649024,3.28571077309056,3.1983279245699
146.69749024,3.34377230600589,3.20264395289997
146.69849024,3.42156780840282,3.20504891176681
146.69949024,3.40417032745171,3.20479305090404
146.70049024,3.36586500355984,3.20255906985523
146.70149024,3.35029944030435,3.19851674973968
146.70249024,3.37144898915892,3.19248993858468
146.70349024,3.39245695131206,3.18419677644834
146.70449024,3.35744848540834,3.17381280765596
146.70549024,3.30687893257359,3.16090694299348
146.70649024,3.3144803256209,3.14618489012425
146.70749024,3.26951342899201,3.12894980121949
146.70849024,3.26587532127943,3.10985743475969
146.70949024,3.22643832027848,3.08854356107297
146.71049024,3.19396312240943,3.06514112531611
146.71149024,3.19930245048392,3.0396871429406
146.71249024,3.14039499041917,3.01210333768749
146.71349024,3.08244033603838,2.98225108429897
146.71449024,3.03780534389329,2.95036307032908
146.71549024,2.96839373418914,2.91657416927042
146.71649024,2.87250576024551,2.88069542125627
146.71749024,2.87194385094269,2.84305860759691
146.71849024,2.86613200757182,2.80351626986254
146.71949024,2.82250129179216,2.76193952748078
146.72049024,2.77980026169195,2.71845902024258
146.72149024,2.72109746386135,2.67334040026889
146.72249024,2.61849125677881,2.62620250115328
146.72349024,2.56882240574986,2.57777504149587
146.72449024,2.50940564726736,2.52738397626122
146.72549024,2.48037171384065,2.47555413738912
146.72649024,2.40735826244028,2.42183656529168
146.72749024,2.34602911183572,2.36638210642517
146.72849024,2.22000830194434,2.30955838249488
146.72949024,2.15784604958618,2.25184887610747
146.73049024,2.12298538747607,2.19287175026806
146.73149024,2.11789672930642,2.13244814212308
146.73249024,2.08617764239496,2.07110340938743
146.73349024,1.95946773826731,2.00815345514998
146.73449024,1.96536070221607,1.94457503091157
146.73549024,1.86191328690677,1.87968959943033
146.73649024,1.6950669402429,1.8138353510035
146.73749024,1.60471429513786,1.7475610857853
146.73849024,1.56742963327089,1.68065037279599
146.73949024,1.49066456005884,1.61306169777429
146.74049024,1.45123719996716,1.54506351714183
146.74149024,1.36066280477552,1.47648184220457
146.74249024,1.3246186178463,1.40778345304987
146.74349024,1.22507469727223,1.33859099563432
146.74449024,1.16823644743596,1.26915992902854
146.74549024,1.14097681603977,1.19975716776416
146.74649024,1.11542605888395,1.13038310624988
146.74749024,1.0871295638609,1.06112070973636
146.74849024,0.958618795814516,0.99149811958565
146.74949024,0.90756945691125,0.922606635965664
146.75049024,0.861675759608643,0.853981251809667
146.75149024,0.73062041072584,0.785207897337084
146.75249024,0.694828906271308,0.717459811827217
146.75349024,0.6369096979292,0.650243660618487
146.75449024,0.561146053163545,0.583420704485767
146.75549024,0.531528064645455,0.517752711994123
146.75649024,0.37810466142015,0.452572293807897
146.75749024,0.255360745059966,0.388115772213922
146.75849024,0.259426472437702,0.325181793933223
146.75949024,0.230498832165701,0.263229964096456
146.76049024,0.167038971987773,0.202220108083776
146.76149024,0.0463810393193187,0.142103185104359
146.76249024,-0.0181230351102037,0.0837340441726843
146.76349024,0.0189142410242817,0.0270327857007767
146.76449024,-0.0575434336966532,-0.0287559880030741
146.76549024,-0.0765648648843635,-0.0827159116616063
146.76649024,-0.118809614441953,-0.13547134323379
146.76749024,-0.129103565242619,-0.186277574328256
146.76849024,-0.203687365432917,-0.235812140945954
146.76949024,-0.225007873778843,-0.283292550584299
146.77049024,-0.407207359289613,-0.329450278146504
146.77149024,-0.391300252076971,-0.373319791402437
146.77249024,-0.400025392810196,-0.415396428066111
146.77349024,-0.407098218902573,-0.455581222875211
146.77449024,-0.451458933408953,-0.49381357771774
146.77549024,-0.523471310879856,-0.530321740995773
146.77649024,-0.6610852939751,-0.564856361083892
146.77749024,-0.615585849013343,-0.596583486973142
146.77849024,-0.711687615998586,-0.626755094334271
146.77949024,-0.693968706675621,-0.65449541275639
146.78049024,-0.73025404062568,-0.680341355282345
146.78149024,-0.690667965252829,-0.703562358426647
146.78249024,-0.73621434855807,-0.724895090670325
146.78349024,-0.744638882765265,-0.743825518596084
146.78449024,-0.757501250695539,-0.760432760676407
146.78549024,-0.66424138788125,-0.774775713813534
146.78649024,-0.693545971701111,-0.787395944755582
146.78749024,-0.628646548056929,-0.797480636897076
146.78849024,-0.66746230790883,-0.805357109817772
146.78949024,-0.700566351850721,-0.810673840722965
146.79049024,-0.703263265924779,-0.813756998454969
146.79149024,-0.779738296155743,-0.815029940641197
146.79249024,-0.823783324826042,-0.814221383917236
146.79349024,-0.79476890059477,-0.811214588051941
146.79449024,-0.789055841480957,-0.806034474827333
146.79549024,-0.774113703286684,-0.798325972201875
146.79649024,-0.859098825513708,-0.788988765982903
146.79749024,-0.852845374760197,-0.777158281990891
146.79849024,-0.828166261236865,-0.763340593893514
146.79949024,-0.871768011887863,-0.747463511875601
146.80049024,-0.764540189889276,-0.729718318461118
146.80149024,-0.723567421651505,-0.709925270145575
146.80249024,-0.645159259491568,-0.68833551920001
146.80349024,-0.683505858755875,-0.665219612430959
146.80449024,-0.678756557212926,-0.640156774284537
146.80549024,-0.592242524982859,-0.613045914220054
146.80649024,-0.530347743353189,-0.584622623124214
146.80749024,-0.4851470095457,-0.554737825870925
146.80849024,-0.482598308888823,-0.523025494237197
146.80949024,-0.429782938041212,-0.490141892811782
146.81049024,-0.459830690929543,-0.455966293388181
146.81149024,-0.473586317171021,-0.420392483389592
146.81249024,-0.45573295683935,-0.383426354062193
146.81349024,-0.317834397504256,-0.34497048163398
146.81449024,-0.329143450459308,-0.305892534560928
146.81549024,-0.29136233519351,-0.265766280232661
146.81649024,-0.255574535841022,-0.224216130851171
146.81749024,-0.237857867631225,-0.181921970268794
146.81849024,-0.166906666494431,-0.138964853128032
146.81949024,-0.120543795253348,-0.0951997992638162
146.82049024,0.00377780252104332,-0.0507310417422568
146.82149024,-0.00494467463772907,-0.00601774641206656
146.82249024,0.0374911184299029,0.0392991087106143
146.82349024,0.0878465463465365,0.0850457915689594
146.82449024,0.136569058910101,0.130968121322786
146.82549024,0.132580765462549,0.177007857449736
146.82649024,0.203714045770449,0.223474078966464
146.82749024,0.326382683737944,0.270141177320049
146.82849024,0.315002851588025,0.316429605637199
146.82949024,0.416078755352831,0.362799797208602
146.83049024,0.404355514475841,0.408589493986176
146.83149024,0.484525023376161,0.454628363930055
146.83249024,0.518722419376169,0.500036575348202
146.83349024,0.574402594074782,0.54519236086704
146.83449024,0.713835466163017,0.590041345860484
146.83549024,0.705506881358587,0.633771484959885
146.83649024,0.714741118691835,0.676837295329259
146.83749024,0.760308718737142,0.719298900819499
146.83849024,0.827089115120754,0.760809642038303
146.83949024,0.779567771781535,0.801319413615646
146.84049024,0.884399140488182,0.841410826928658
146.84149024,0.897362587930778,0.880201846791404
146.84249024,0.898978061572309,0.917659471752595
146.84349024,0.921966803057987,0.953862457778347
146.84449024,0.94887624093175,0.988815858762658
146.84549024,1.01677046905805,1.02283763154743
146.84649024,1.06081985009481,1.05548229036873
146.84749024,1.10204235709738,1.08680591918087
146.84849024,1.11800873218245,1.11655645643579
146.84949024,1.13475445778137,1.14451037441951
146.85049024,1.15567935053699,1.1712387619565
146.85149024,1.14912369766755,1.19589384659623
146.85249024,1.22860718568132,1.2196243073048
146.85349024,1.27553341678484,1.24131820086178
146.85449024,1.32906652314346,1.26140299571773
146.85549024,1.28631732301614,1.27901232860108
146.85649024,1.18339929533846,1.29473534219077
146.85749024,1.28410097050526,1.3092883560199
146.85849024,1.21575549450481,1.32142891033249
146.85949024,1.26058874042218,1.33198464261526
146.86049024,1.29433936722167,1.34048728319473
146.86149024,1.32392414035377,1.34706554118499
146.86249024,1.3466572065854,1.35167091004933
146.86349024,1.36983613895561,1.35421551602782
146.86449024,1.26403218157391,1.35425391003395
146.86549024,1.25051917705337,1.35236453475469
146.86649024,1.29163184758809,1.34886594416539
146.86749024,1.42902181027881,1.34354116634839
146.86849024,1.43653015596799,1.3359772737671
146.86949024,1.33491701585625,1.32562185506375
146.87049024,1.24920854528963,1.3133981086378
146.87149024,1.2148601120912,1.29905555930203
146.87249024,1.21262678649375,1.28312380667986
146.87349024,1.26288725226541,1.26524912145481
146.87449024,1.19256953983163,1.24476479090184
146.87549024,1.17781627535643,1.22255947096943
146.87649024,1.13260437377054,1.1982690578491
146.87749024,1.112650531181,1.17194100943213
146.87849024,1.12026108177402,1.14385800857396
146.87949024,1.08084914158134,1.11364743586518
146.88049024,1.05056358907341,1.08149064267011
146.88149024,1.06611198677287,1.04754487165047
146.88249024,1.02361076546413,1.01169505776896
146.88349024,1.05022364765341,0.974258450232845
146.88449024,1.00191491392657,0.934636775296313
146.88549024,0.946449020066667,0.893314392724405
146.88649024,0.988929507774103,0.850835302534837
146.88749024,0.972182038870631,0.806377711928565
146.88849024,0.918561386335688,0.760371974963515
146.88949024,0.748527659444389,0.712204467908545
146.89049024,0.691127045394512,0.662895841191677
146.89149024,0.595412295116953,0.611937315198473
146.89249024,0.49373326445548,0.559551693124166
146.89349024,0.42885371108825,0.505828471783326
146.89449024,0.344197369536097,0.451053031839235
146.89549024,0.302288915315008,0.394978638721817
146.89649024,0.295988901539974,0.337632427249298
146.89749024,0.0356505974666059,0.278297444404734
146.89849024,0.0421932280089836,0.218832271116729
146.89949024,-0.0108997925007719,0.158168191468921
146.90049024,0.0426272438595638,0.096694617856019
146.90149024,0.0181941306032622,0.0339657841113117
146.90249024,-0.0371715188077009,-0.0296932986457286
146.90349024,-0.201266158391022,-0.0944888587399984
146.90449024,-0.237736847409542,-0.159770073958828
146.90549024,-0.308037692438998,-0.225863251877619
146.90649024,-0.290891200248709,-0.292144724869316
146.90749024,-0.342307909469196,-0.359254544883978
146.90849024,-0.443786983624701,-0.427031802594165
146.90949024,-0.569579100050205,-0.495493256201562
146.91049024,-0.673290737471531,-0.564191333675476
146.91149024,-0.790541429372459,-0.633363547116038
146.91249024,-0.863122281968922,-0.702504339859584
146.91349024,-0.971664218442505,-0.771995847764965
146.91449024,-1.04085611692396,-0.841635857729209
146.91549024,-1.12365456561251,-0.911562058946851
146.91649024,-1.29686889493084,-0.981835929002844
146.91749024,-1.40982002128808,-1.05202246614348
146.91849024,-1.39858738001258,-1.12161981981242
146.91949024,-1.49249198176642,-1.191576451847
146.92049024,-1.52813559446686,-1.26132524189145
146.92149024,-1.52302045983557,-1.33056201084259
146.92249024,-1.53199541409653,-1.39995871995485
146.92349024,-1.55933260274025,-1.46916918340957
146.92449024,-1.62944618610153,-1.53794873104209
146.92549024,-1.60344618733122,-1.60600540761517
146.92649024,-1.62036450745466,-1.6737984318851
146.92749024,-1.61519309527371,-1.74090227389301
146.92849024,-1.64500433011131,-1.80777257331414
146.92949024,-1.7120881537102,-1.87409139829105
146.93049024,-1.86324846176654,-1.94021869172997
146.93149024,-1.9056056266489,-2.00515377412846
146.93249024,-1.97312274789192,-2.06954954158945
146.93349024,-1.97853278296617,-2.13280598359402
146.93449024,-2.03011709089427,-2.19554436156245
146.93549024,-2.04029934443342,-2.25730737410108
146.93649024,-2.17461029847682,-2.31889377386253
146.93749024,-2.24784629747166,-2.37936341266803
146.93849024,-2.30328534240322,-2.43891428204555
146.93949024,-2.2466174574824,-2.49680002400048
146.94049024,-2.29220701946079,-2.55439089993133
146.94149024,-2.30716096834815,-2.61076932128867
146.94249024,-2.33109522807764,-2.66635206467941
146.94349024,-2.42867768997495,-2.72088970445656
146.94449024,-2.48686608356655,-2.7745574839518
146.94549024,-2.65991522751992,-2.82731558139225
146.94649024,-2.59065220084158,-2.87819714589888
146.94749024,-2.67222969022428,-2.92852654673193
146.94849024,-2.72309116627081,-2.97750659400469
146.94949024,-2.77717493154778,-3.02582662784847
146.95049024,-2.91344704781927,-3.07294610580406
146.95149024,-2.95939694685003,-3.11856306333014
146.95249024,-2.97978931598283,-3.16273538077896
146.95349024,-3.03784213059914,-3.20596723527034
146.95449024,-3.15783957119442,-3.24836675449465
146.95549024,-3.23385790378831,-3.2893608781186
146.95649024,-3.41802873670461,-3.32968533498684
146.95749024,-3.54299435525184,-3.3683079039213
146.95849024,-3.50795887963704,-3.40523432362874
146.95949024,-3.61524256645611,-3.44153037733668
146.96049024,-3.55735919871483,-3.47598899574073
146.96149024,-3.56265075382217,-3.50952133870127
146.96249024,-3.61563837194241,-3.54215428015878
146.96349024,-3.61927381097065,-3.57336870524759
146.96449024,-3.80590313673427,-3.60391504942365
146.96549024,-3.86317718411131,-3.63298827776201
146.96649024,-3.84384517781845,-3.66064929102205
146.96749024,-3.77657195854602,-3.6867842880632
146.96849024,-3.83497170945531,-3.71227989362148
146.96949024,-3.87688219912101,-3.73657573058658
146.97049024,-4.02457996778461,-3.76014017661033
146.97149024,-4.02849005985531,-3.78249302013515
146.97249024,-4.06183327797739,-3.80357264332644
146.97349024,-4.07871763643653,-3.82312724493958
146.97449024,-4.13012657618897,-3.84214838578174
146.97549024,-4.17983930421234,-3.85988255259178
146.97649024,-4.26310099493994,-3.8769978381378
146.97749024,-4.2738622791262,-3.89265235323525
146.97849024,-4.26762043565585,-3.90742275883525
146.97949024,-4.2257860711967,-3.92087807789197
146.98049024,-4.17003550847667,-3.93350133038574
146.98149024,-4.13214111780823,-3.9452938971831
146.98249024,-4.13441037523377,-3.95620292327066
146.98349024,-4.16440812705436,-3.96657020641056
146.98449024,-4.20476797734547,-3.97604660641136
146.98549024,-4.17268157548432,-3.98412954827485
146.98649024,-4.05078312798566,-3.99126333994213
146.98749024,-4.07573440060633,-3.9978387080087
146.98849024,-4.10859330150838,-4.00385030632813
146.98949024,-4.14677245623158,-4.00922316095658
146.99049024,-4.14028135467342,-4.01351511828795
146.99149024,-4.12598620114273,-4.01718152700865
146.99249024,-4.11528525697337,-4.02023177584025
146.99349024,-4.11138096294171,-4.02246306513601
146.99449024,-4.13377397682648,-4.02409300183845
146.99549024,-4.08123248868099,-4.02489331849569
146.99649024,-4.17052936567798,-4.02571753242704
146.99749024,-4.1661472365319,-4.02571595082221
146.99849024,-4.14744189707161,-4.02495985347155
146.99949024,-4.1359551938606,-4.02384141881431
147.00049024,-4.03619407404199,-4.02188559220084
147.00149024,-4.02915493381578,-4.02004652002594
147.00249024,-3.97493861761558,-4.01735691982238
147.00349024,-3.98164833769256,-4.01452393352144
147.00449024,-3.98716099693343,-4.01151403297885
147.00549024,-3.91013630162415,-4.00754153655078
147.00649024,-3.81309989854971,-4.00345923617076
147.00749024,-3.76892037122214,-3.99924763610345
147.00849024,-3.80005524140876,-3.99494966952988
147.00949024,-3.78931898166355,-3.9900973446134
147.01049024,-3.9048800192907,-3.98582621364038
147.01149024,-3.87636480389082,-3.98064621251552
147.01249024,-3.79947930057181,-3.9749118020118
147.01349024,-3.80528751779028,-3.96933833637815
147.01449024,-3.80341203703079,-3.96385083569606
147.01549024,-3.80711602515123,-3.95818854874696
147.01649024,-3.80087490910394,-3.95233520985443
147.01749024,-3.84040023260015,-3.94642993911104
147.01849024,-3.78872927193048,-3.94042360823376
147.01949024,-3.7558197318539,-3.93426540069513
147.02049024,-3.68193662470523,-3.92806602905764
147.02149024,-3.67045855459267,-3.92224979249226
147.02249024,-3.63121514389534,-3.9163393685178
147.02349024,-3.67199439390837,-3.91046411716456
147.02449024,-3.69494683540885,-3.90497133810444
147.02549024,-3.69154584265367,-3.89961685433686
147.02649024,-3.61632059599326,-3.89405364943852
147.02749024,-3.56360517480811,-3.88874988000658
147.02849024,-3.64430439792335,-3.88389584255016
147.02949024,-3.73287666538871,-3.87944536489555
147.03049024,-3.74756840351924,-3.87507597050887
147.03149024,-3.91277280616641,-3.87134519251738
147.03249024,-3.80933701267863,-3.86685976091158
147.03349024,-3.96514199650714,-3.86353543030466
147.03449024,-3.8934314994517,-3.85965492760634
147.03549024,-3.95007292883649,-3.85654218331858
147.03649024,-4.00453780634084,-3.8538785357127
147.03749024,-4.04815413495875,-3.85160218874535
147.03849024,-4.11241213870413,-3.84988925817071
147.03949024,-4.01294804957695,-3.84787257555399
147.04049024,-3.96041944607106,-3.84632551156419
147.04149024,-3.92903206840031,-3.84524619655089
147.04249024,-3.93381862938489,-3.84490328847181
147.04349024,-3.92335172562591,-3.84500104132021
147.04449024,-3.92181052246212,-3.84568469029285
147.04549024,-3.9014201224628,-3.84651092295948
147.04649024,-3.81014066810552,-3.84756503017426
147.04749024,-3.76837154487668,-3.84927013465709
147.04849024,-3.88034441320769,-3.8523656463395
147.04949024,-3.78599284355578,-3.85523557320246
147.05049024,-3.88839156497793,-3.85910759767876
147.05149024,-3.89111327682814,-3.86330881004531
147.05249024,-3.88526389775321,-3.86784088315039
147.05349024,-3.8999379521643,-3.87291106929293
147.05449024,-3.82541773086445,-3.8786880442774
147.05549024,-3.87630669185746,-3.88531329639591
147.05649024,-3.96000467603384,-3.89281089079074
147.05749024,-4.07722994645319,-3.90094083989519
147.05849024,-4.04039715187828,-3.90917373192209
147.05949024,-3.97208261774882,-3.91773680023334
147.06049024,-3.90124834121181,-3.92709024304683
147.06149024,-3.89347880023946,-3.93743597317289
147.06249024,-3.97854333415413,-3.94865490394691
147.06349024,-3.92585931456006,-3.95989440666187
147.06449024,-3.96849612497273,-3.97205075139638
147.06549024,-4.01277115465102,-3.98496482720248
147.06649024,-3.9449686097969,-3.99823864295153
147.06749024,-3.94233592846185,-4.01237579685891
147.06849024,-4.05160884277597,-4.02738146794801
147.06949024,-4.10217669320322,-4.04279524170323
147.07049024,-4.16077733656397,-4.05916771101641
147.07149024,-4.24902068232167,-4.07613164482123
147.07249024,-4.34257763991028,-4.09374540522147
147.07349024,-4.32231489858256,-4.11141917871775
147.07449024,-4.43448792569743,-4.13044835312707
147.07549024,-4.45527463804869,-4.14985393092978
147.07649024,-4.48539517686295,-4.16974777103703
147.07749024,-4.57427514715003,-4.19066948000463
147.07849024,-4.51804671474361,-4.21170743049202
147.07949024,-4.50011187244465,-4.23333635016514
147.08049024,-4.55561657009246,-4.25563451910301
147.08149024,-4.43624215624334,-4.27851736409399
147.08249024,-4.48365640400729,-4.30223284112026
147.08349024,-4.45346571985143,-4.32641640450328
147.08449024,-4.46259988451436,-4.35124586905804
147.08549024,-4.52093016343935,-4.37665517196157
147.08649024,-4.5485947342132,-4.40252398442092
147.08749024,-4.47044022338322,-4.4285770031338
147.08849024,-4.56821851743355,-4.4557918906376
147.08949024,-4.61049359846336,-4.48348866231624
147.09049024,-4.61552156553612,-4.51138375651652
147.09149024,-4.7381079736669,-4.54016223582942
147.09249024,-4.78505904817221,-4.56919812250613
147.09349024,-4.7195514027173,-4.59816781490752
147.09449024,-4.69335994413288,-4.62797438904486
147.09549024,-4.80382561513774,-4.6585536601862
147.09649024,-4.90528834607497,-4.68931496339383
147.09749024,-4.95648396541902,-4.7203032964189
147.09849024,-4.9251918949791,-4.75167427000176
147.09949024,-4.93305294453003,-4.78347418438221
147.10049024,-4.89358811835773,-4.81527699642655
147.10149024,-4.96331982161475,-4.8477233443768
147.10249024,-4.90327955487795,-4.88028854039727
147.10349024,-4.96724897799148,-4.91339507433703
147.10449024,-4.93771311504406,-4.94627207590676
147.10549024,-4.98960517451949,-4.97966241606104
147.10649024,-4.95052355847446,-5.01295654688661
147.10749024,-4.93032580663449,-5.04656839744964
147.10849024,-4.93157208459834,-5.08026491379937
147.10949024,-5.00567247420237,-5.11464497653405
147.11049024,-5.0831943800256,-5.14888895897244
147.11149024,-5.14753317137411,-5.18337237050774
147.11249024,-5.206086398689,-5.21727739647494
147.11349024,-5.17962322216221,-5.25148500813721
147.11449024,-5.22010124223765,-5.28566758973593
147.11549024,-5.15329929292588,-5.31936898387496
147.11649024,-5.2369817748669,-5.35374654324471
147.11749024,-5.24745871901665,-5.3878523213058
147.11849024,-5.26987050073414,-5.42181126359793
147.11949024,-5.22050137619507,-5.45540551555581
147.12049024,-5.11986516381738,-5.4886449044079
147.12149024,-5.13204565392082,-5.52218023277225
147.12249024,-5.11640254050495,-5.55545027093562
147.12349024,-5.16265901033692,-5.58867627791076
147.12449024,-5.13614250261669,-5.62137945752468
147.12549024,-5.19962045874967,-5.65407484866651
147.12649024,-5.20596264254011,-5.68619499671404
147.12749024,-5.18917907623045,-5.71798099941099
147.12849024,-5.22899658882867,-5.74964882184255
147.12949024,-5.36346986658579,-5.78106655515717
147.13049024,-5.53664705894717,-5.81247434858117
147.13149024,-5.5773851902576,-5.84264738655084
147.13249024,-5.69433004631002,-5.87293210803328
147.13349024,-5.80562739427843,-5.90270469497449
147.13449024,-5.81915629811147,-5.931507891642
147.13549024,-5.81716943928748,-5.95966424204699
147.13649024,-5.83976281755393,-5.98759951394268
147.13749024,-5.94004391060283,-6.01523768640602
147.13849024,-6.05341600053651,-6.0421091248087
147.13949024,-5.97172435282129,-6.06795281670839
147.14049024,-6.05470867618737,-6.09361269958719
147.14149024,-5.99841475193477,-6.11804286200109
147.14249024,-6.10616779647885,-6.1425384543785
147.14349024,-6.14460487938613,-6.16614205441775
147.14449024,-6.12735088462523,-6.18886243933253
147.14549024,-6.25000941710041,-6.21127175472095
147.14649024,-6.17623233062252,-6.23228892079772
147.14749024,-6.27593177174381,-6.2530176518843
147.14849024,-6.2916118974225,-6.27301720976126
147.14949024,-6.31638272161896,-6.29198392544031
147.15049024,-6.39039634659168,-6.31067986550341
147.15149024,-6.487677527021,-6.32835665494129
147.15249024,-6.49452274252508,-6.34479301023481
147.15349024,-6.5401320822933,-6.36060823140629
147.15449024,-6.55957006506812,-6.37545393377673
147.15549024,-6.55428278922071,-6.38939960601887
147.15649024,-6.68117062800668,-6.40302339543188
147.15749024,-6.68221217321805,-6.41513283981236
147.15849024,-6.62051490226953,-6.42644386872504
147.15949024,-6.64523649974021,-6.43720724524055
147.16049024,-6.57932704316449,-6.44656543347091
147.16149024,-6.55176165701366,-6.45517513286396
147.16249024,-6.53931161783979,-6.46313211541887
147.16349024,-6.61627286665077,-6.47051292135732
147.16449024,-6.59296103938452,-6.4763976851479
147.16549024,-6.6113214442378,-6.48170550529717
147.16649024,-6.46460236531984,-6.48551787608872
147.16749024,-6.53018905488711,-6.48938790332602
147.16849024,-6.52608391162958,-6.49182114648428
147.16949024,-6.59529028270799,-6.49357780194076
147.17049024,-6.62229308262762,-6.49449800469908
147.17149024,-6.71283557390564,-6.49472398915467
147.17249024,-6.74229898459041,-6.49366774338842
147.17349024,-6.73795153989663,-6.49190176970051
147.17449024,-6.71472454634096,-6.48893475936204
147.17549024,-6.7146754433427,-6.48526414176701
147.17649024,-6.74775498653811,-6.48067186448865
147.17749024,-6.74000327548908,-6.4753811214597
147.17849024,-6.85381291573649,-6.46980239420933
147.17949024,-6.71861791386441,-6.4623919271669
147.18049024,-6.67704350444274,-6.45436723037558
147.18149024,-6.63610364442116,-6.44549853557224
147.18249024,-6.61241735806664,-6.4359783014432
147.18349024,-6.62467682346857,-6.42574408342623
147.18449024,-6.59944441791975,-6.41465040237699
147.18549024,-6.53354656198806,-6.4027795899619
147.18649024,-6.42488324655917,-6.38971261402346
147.18749024,-6.3736268335968,-6.37609332015897
147.18849024,-6.44001652477115,-6.36235055896667
147.18949024,-6.36013290489909,-6.34725077990989
147.19049024,-6.33142571459305,-6.33164156174861
147.19149024,-6.41384141693307,-6.31557606837693
147.19249024,-6.36870236317016,-6.29882487608007
147.19349024,-6.37628275781223,-6.28141208295262
147.19449024,-6.35852330478474,-6.26320696570499
147.19549024,-6.2990909639024,-6.24438520363047
147.19649024,-6.42628674451293,-6.22542105339305
147.19749024,-6.34145903173902,-6.2054158341062
147.19849024,-6.31498324861779,-6.18501014641476
147.19949024,-6.17570710524,-6.16345825885462
147.20049024,-6.12006865033221,-6.14196382329241
147.20149024,-5.99020341166042,-6.11961650549151
147.20249024,-5.95938400496571,-6.09712964718226
147.20349024,-5.94401893028283,-6.07414415944536
147.20449024,-5.87501225302107,-6.05077536943075
147.20549024,-5.88341841584291,-6.02729688839495
147.20649024,-5.76411124297109,-6.00249452330429
147.20749024,-5.80790719853046,-5.97848714899545
147.20849024,-5.78189709894142,-5.95356516235241
147.20949024,-5.72182231414587,-5.92826846219243
147.21049024,-5.70533549105402,-5.90300013649267
147.21149024,-5.76707753702301,-5.87762669697614
147.21249024,-5.74725859850774,-5.85162848148342
147.21349024,-5.66213138038021,-5.82540720519713
147.21449024,-5.64107843600354,-5.79885361056074
147.21549024,-5.66231562531756,-5.77231455563481
147.21649024,-5.56181792127404,-5.74528965205179
147.21749024,-5.63273604626685,-5.71875048436873
147.21849024,-5.51984216910219,-5.69133706214439
147.21949024,-5.47223440192174,-5.66386632047129
147.22049024,-5.42407115130106,-5.63635671252259
147.22149024,-5.45369684017141,-5.60918720244933
147.22249024,-5.2775859843287,-5.58108898548747
147.22349024,-5.31236819289432,-5.55389522789697
147.22449024,-5.26318986394517,-5.52626305238039
147.22549024,-5.25869899966247,-5.49868259087176
147.22649024,-5.1512329275615,-5.47075326745292
147.22749024,-5.14275003997068,-5.44349858114986
147.22849024,-5.19645471437339,-5.41648506592183
147.22949024,-5.11832096056424,-5.3890593818235
147.23049024,-5.19111983158966,-5.36211404453047
147.23149024,-5.13105363575935,-5.33478927189793
147.23249024,-5.17251942770401,-5.30799719817184
147.23349024,-5.23013491481393,-5.28143290116089
147.23449024,-5.15937164177571,-5.25447929612748
147.23549024,-5.14431764156117,-5.22818740832294
147.23649024,-5.16138997049816,-5.20210975269641
147.23749024,-5.12576062537941,-5.17596070827767
147.23849024,-5.12827444473786,-5.15013978073788
147.23949024,-5.06588154794431,-5.12428273021915
147.24049024,-5.01410225138729,-5.09897026859046
147.24149024,-4.99967336719837,-5.07370878694179
147.24249024,-5.04253056595444,-5.04915922597688
147.24349024,-4.98557769614275,-5.02437186999667
147.24449024,-4.99150021437313,-5.00011446601348
147.24549024,-4.94641289971719,-4.97603351492269
147.24649024,-4.89313897409971,-4.95218966495489
147.24749024,-4.8507493443188,-4.92902657839998
147.24849024,-4.86094948382761,-4.90621875423618
147.24949024,-4.86814691896592,-4.88358783239664
147.25049024,-4.89663346990107,-4.86154763375686
147.25149024,-4.89552088337338,-4.83963744201293
147.25249024,-4.87229793335357,-4.81818811264756
147.25349024,-4.81211147200877,-4.7968578924725
147.25449024,-4.84807208960542,-4.77644358041607
147.25549024,-4.69396959267147,-4.75567930026385
147.25649024,-4.6626938358189,-4.73575457714582
147.25749024,-4.72585231072495,-4.71653994956791
147.25849024,-4.71751445925762,-4.69753450939097
147.25949024,-4.69324307628326,-4.67898856093413
147.26049024,-4.64030660173616,-4.66065653733402
147.26149024,-4.653688995261,-4.64302271638871
147.26249024,-4.65028205603675,-4.62569570164874
147.26349024,-4.60165249106169,-4.60859146916487
147.26449024,-4.57444240101314,-4.59196050591656
147.26549024,-4.5680602491135,-4.57591611086177
147.26649024,-4.53702776135491,-4.56031318675805
147.26749024,-4.51565756354113,-4.54494203762104
147.26849024,-4.504874195685,-4.53005725004757
147.26949024,-4.55011296838699,-4.51620085811998
147.27049024,-4.59081510650026,-4.50219508275392
147.27149024,-4.55533958096646,-4.48883570004195
147.27249024,-4.52921762048396,-4.47548111999255
147.27349024,-4.50275148669986,-4.46281849113785
147.27449024,-4.5060198428458,-4.45035338729372
147.27549024,-4.52985069181487,-4.43856494192903
147.27649024,-4.50015105881903,-4.42687355344437
147.27749024,-4.54649175285547,-4.4159150690641
147.27849024,-4.55335800632789,-4.40529152808003
147.27949024,-4.52338482020708,-4.39450246071228
147.28049024,-4.51445975278495,-4.38451130294918
147.28149024,-4.49459494939484,-4.37462001359559
147.28249024,-4.47848136836246,-4.36519985378129
147.28349024,-4.53047726572418,-4.3559994394092
147.28449024,-4.53332697989701,-4.3472700690415
147.28549024,-4.49869320914055,-4.33872783203527
147.28649024,-4.45576256479227,-4.33014753244071
147.28749024,-4.47412354289424,-4.32213274172443
147.28849024,-4.40036305780672,-4.31392754014527
147.28949024,-4.51628327721787,-4.30676828061983
147.29049024,-4.50006403069121,-4.29931579764493
147.29149024,-4.51930677394406,-4.29204668476034
147.29249024,-4.53724576561819,-4.28503991712517
147.29349024,-4.52716856905445,-4.27817305483737
147.29449024,-4.46900958596648,-4.27111346728408
147.29549024,-4.43227752932603,-4.26424976983474
147.29649024,-4.42402102257711,-4.25753209447483
147.29749024,-4.4370913774693,-4.25082291214144
147.29849024,-4.37157401248044,-4.24414957351323
147.29949024,-4.38243368898373,-4.23743788512145
147.30049024,-4.38781811964641,-4.23087861180081
147.30149024,-4.28871562371523,-4.22396284498787
147.30249024,-4.29420478157801,-4.21727475273789
147.30349024,-4.30349747487076,-4.21037406638439
147.30449024,-4.25618945266948,-4.20330562090805
147.30549024,-4.31890054589025,-4.19640594573812
147.30649024,-4.2432137273663,-4.1890268081955
147.30749024,-4.23927475573691,-4.18168859315921
147.30849024,-4.24654466059663,-4.17408092759053
147.30949024,-4.21352371433297,-4.16603257206039
147.31049024,-4.2468711700355,-4.15792504192879
147.31149024,-4.1443126240011,-4.14883687050726
147.31249024,-4.16475721664262,-4.1402103047279
147.31349024,-4.11752966199144,-4.13093057221064
147.31449024,-4.10926143105565,-4.12140097972886
147.31549024,-4.11257711799865,-4.11113509951972
147.31649024,-4.06299415534351,-4.10049387282781
147.31749024,-4.0694349960394,-4.08931943236274
147.31849024,-3.99399432044069,-4.07760468334763
147.31949024,-4.00739862624076,-4.06532449003502
147.32049024,-4.08076460686115,-4.05277398010717
147.32149024,-3.92221840959072,-4.03881051972254
147.32249024,-3.90363922659044,-4.02458461627747
147.32349024,-3.8987061241329,-4.00978753571861
147.32449024,-3.85349465714112,-3.99377282562687
147.32549024,-3.82324981175437,-3.97735377852563
147.32649024,-3.76162206563068,-3.9603165748104
147.32749024,-3.77019779135068,-3.9423931268643
147.32849024,-3.78900676170568,-3.92381997098502
147.32949024,-3.77102425827335,-3.90420889992946
147.33049024,-3.75145957153125,-3.88342582878251
147.33149024,-3.80028529453803,-3.86199390697353
147.33249024,-3.72633990680019,-3.83932801595539
147.33349024,-3.63677502353574,-3.81561282046674
147.33449024,-3.53690927951105,-3.79101289160441
147.33549024,-3.53778162822498,-3.76522964241257
147.33649024,-3.54387764848288,-3.73859123344742
147.33749024,-3.51530557757312,-3.71064323178441
147.33849024,-3.48723822025725,-3.68170241273371
147.33949024,-3.51058288401854,-3.65167134909733
147.34049024,-3.42761961012641,-3.62020786126107
147.34149024,-3.32497493321916,-3.58740659073229
147.34249024,-3.31636181268163,-3.55372793794364
147.34349024,-3.24010463981542,-3.51831441258812
147.34449024,-3.18570079470448,-3.48187183745659
147.34549024,-3.12267033845819,-3.44403437816501
147.34649024,-3.1171766840553,-3.40528710662562
147.34749024,-3.03512140177724,-3.36474330348572
147.34849024,-3.00506921164782,-3.32321323179473
147.34949024,-2.98481142531178,-3.28025634133062
147.35049024,-3.02265268271013,-3.23623788037651
147.35149024,-2.94120676090779,-3.19026666442623
147.35249024,-2.82293422293452,-3.14286171954031
147.35349024,-2.79635892676427,-3.09453000500019
147.35449024,-2.75256878525154,-3.04448654171077
147.35549024,-2.75143357454421,-2.99331948378563
147.35649024,-2.64384528647868,-2.94009238277634
147.35749024,-2.59949770599497,-2.88608330201983
147.35849024,-2.60316061840442,-2.83060502664598
147.35949024,-2.51870602141383,-2.77333578377614
147.36049024,-2.5833347269507,-2.71533349060087
147.36149024,-2.55334395953465,-2.65532904369782
147.36249024,-2.48537947509572,-2.59402159410614
147.36349024,-2.42424069178108,-2.53105863021806
147.36449024,-2.40237912749477,-2.46708700695013
147.36549024,-2.40862444251172,-2.4016740566041
147.36649024,-2.39953058313447,-2.33483715283413
147.36749024,-2.3582088323715,-2.26644111244695
147.36849024,-2.37616375315312,-2.19720034306014
147.36949024,-2.3222651765708,-2.12638155567064
147.37049024,-2.30566561016821,-2.05410427612337
147.37149024,-2.31565904179948,-1.9807161722904
147.37249024,-2.26014851164891,-1.90601891429021
147.37349024,-2.16339147943001,-1.8301324280403
147.37449024,-2.11127645170396,-1.75298018654092
147.37549024,-1.9894211820113,-1.67452945746773
147.37649024,-1.88127572472521,-1.59472793912464
147.37749024,-1.84476891010852,-1.51408837359778
147.37849024,-1.69353212959909,-1.43223617895451
147.37949024,-1.48910055909479,-1.34919420482921
147.38049024,-1.46778861140725,-1.26564970623429
147.38149024,-1.37434130370563,-1.18082989540769
147.38249024,-1.34727276084926,-1.09535143262407
147.38349024,-1.27052403472151,-1.00864160606736
147.38449024,-1.22429683196081,-0.921708550838354
147.38549024,-1.07027724791423,-0.833342272370256
147.38649024,-0.718397875676966,-0.743503956529791
147.38749024,-0.570978511443511,-0.653749269589804
147.38849024,-0.55297133180785,-0.563762674991637
147.38949024,-0.558029672240202,-0.473342362372822
147.39049024,-0.532952667037201,-0.382206651399643
147.39149024,-0.357770218742193,-0.290271584291059
147.39249024,-0.271162512341276,-0.198159487191388
147.39349024,-0.145723048857593,-0.10562469730657
147.39449024,-0.110950342001672,-0.0130512064646595
147.39549024,-0.0352734487314341,0.0798309283842744
147.39649024,0.0129602868906027,0.172723109385541
147.39749024,0.113540871858295,0.265939294099153
147.39849024,0.284457779452162,0.359459917787287
147.39949024,0.297032334693483,0.452621013206612
147.40049024,0.273265695419852,0.54523326179148
147.40149024,0.326962895366674,0.637932632824491
147.40249024,0.383377697358418,0.730614352720614
147.40349024,0.485751718286451,0.823544566147867
147.40449024,0.691668625154227,0.916184351827157
147.40549024,0.809253574894945,1.00811214378943
147.40649024,0.849076760240017,1.09920730786221
147.40749024,0.816061130374082,1.18947932049154
147.40849024,0.908131034668764,1.27961459785923
147.40949024,1.02467846040549,1.3693282577512
147.41049024,1.17016076284404,1.45832571067599
147.41149024,1.3068421378327,1.54668371070945
147.41249024,1.39745469544484,1.63360940100086
147.41349024,1.62315684719387,1.72034896537204
147.41449024,1.7095599031389,1.80564869266276
147.41549024,1.81681998006346,1.89005688014171
147.41649024,1.95403445554269,1.97349323668385
147.41749024,2.01617133280512,2.05545665437082
147.41849024,2.18053511211474,2.1365385627619
147.41949024,2.28087921430881,2.21610037053457
147.42049024,2.42648677358021,2.29447710939589
147.42149024,2.49484820300119,2.37133803641887
147.42249024,2.59785551713838,2.44674727349194
147.42349024,2.67751467471741,2.52112481810245
147.42449024,2.82151844420652,2.59406152484241
147.42549024,2.87924061777583,2.66495010489548
147.42649024,3.03028957945517,2.73431179083276
147.42749024,3.01265070336876,2.80144015271345
147.42849024,3.1824991077081,2.86784259611891
147.42949024,3.21119951470259,2.93192554648587
147.43049024,3.30308571452823,2.99448199512455
147.43149024,3.40305160569196,3.05495586200127
147.43249024,3.52031193328903,3.11409234133097
147.43349024,3.44946204220225,3.17011950059444
147.43449024,3.55828774689765,3.22514363636148
147.43549024,3.56812606139741,3.27802860357325
147.43649024,3.70620431724493,3.32937193165687
147.43749024,3.70997822714885,3.37845238511518
147.43849024,3.68706996721054,3.42518104066915
147.43949024,3.76195557820739,3.47054986022899
147.44049024,3.7968443427712,3.51379462270373
147.44149024,3.89945168401286,3.55514159088888
147.44249024,3.96409018562396,3.59446170330323
147.44349024,3.92129404015743,3.6316566520426
147.44449024,3.86216036311014,3.6664494409078
147.44549024,3.94363083160689,3.6998701043147
147.44649024,3.93744757880605,3.7309431207497
147.44749024,3.84993825707502,3.75967689496904
147.44849024,3.86477325771239,3.78680986109369
147.44949024,3.80896323642537,3.81162028738514
147.45049024,3.85255477075095,3.83507776804565
147.45149024,3.93923088812253,3.85686822122344
147.45249024,3.96913298990788,3.87646160146385
147.45349024,3.92133811398884,3.89369016563344
147.45449024,3.89738802131087,3.9093311976962
147.45549024,3.86748499647442,3.92314036865456
147.45649024,3.83634153429221,3.93532597569448
147.45749024,3.86554797927286,3.94591879241823
147.45849024,3.8977625111176,3.95496972381804
147.45949024,3.91272141813675,3.96204142177484
147.46049024,3.9093741040263,3.96769265257082
147.46149024,3.92912347965971,3.97190835161938
147.46249024,3.9182469180118,3.97463297595976
147.46349024,3.99167109519438,3.97641335465878
147.46449024,3.95699811497702,3.97628235476259
147.46549024,3.94242652827211,3.97489016061957
147.46649024,3.89096833880583,3.97209265371582
147.46749024,3.93472332167676,3.96845196731169
147.46849024,4.02481376975376,3.96378173397151
147.46949024,4.01643816141742,3.95782792080721
147.47049024,3.97542951574976,3.95073770391835
147.47149024,3.93041305196367,3.94279327066196
147.47249024,3.9221736298264,3.93417099114535
147.47349024,3.97207416436763,3.9247513856162
147.47449024,3.93926121132711,3.9144552516943
147.47549024,3.88376714015883,3.9035357810537
147.47649024,3.90395312894962,3.89255148249402
147.47749024,3.90739590284501,3.88106771885358
147.47849024,3.84702284804097,3.86876339361797
147.47949024,3.81808281969811,3.85645342379159
147.48049024,3.68378947325608,3.84353350134835
147.48149024,3.70397942995942,3.83130914179511
147.48249024,3.65938298436129,3.81840881977163
147.48349024,3.61684417921599,3.80599850412014
147.48449024,3.63106824103342,3.79374463746912
147.48549024,3.55723712749473,3.7812295088157
147.48649024,3.41206206297905,3.7689979593387
147.48749024,3.39406355023084,3.75735361843132
147.48849024,3.4689708575056,3.74639018977798
147.48949024,3.49885055338117,3.73611729111372
147.49049024,3.48654594143073,3.72622650679031
147.49149024,3.51843760738011,3.71709127959596
147.49249024,3.54433462601123,3.70871399727667
147.49349024,3.52494935849532,3.70095806397938
147.49449024,3.51535480886641,3.69422949553709
147.49549024,3.55231271264165,3.68866779093423
147.49649024,3.64614846177227,3.68464913844291
147.49749024,3.71852711772667,3.68161986605248
147.49849024,3.64798347276792,3.67924941308774
147.49949024,3.61480856346483,3.67827896981534
147.50049024,3.6432688614566,3.67881413146339
147.50149024,3.59094412378028,3.68068428087704
147.50249024,3.59187566755343,3.68404138489571
147.50349024,3.58748549981161,3.68896687983347
147.50449024,3.68859367589025,3.69614110556652
147.50549024,3.7208788966323,3.70432221106834
147.50649024,3.68127726642108,3.71395820103117
147.50749024,3.71020219086617,3.72549459556544
147.50849024,3.75229738052311,3.73886932383942
147.50949024,3.67951968409578,3.75374311698129
147.51049024,3.76613265123219,3.77100902993448
147.51149024,3.8300007352865,3.79026530629714
147.51249024,3.85260024869843,3.81115608981552
147.51349024,3.83291256416522,3.8336366635226
147.51449024,3.84135799893515,3.85832360889088
147.51549024,3.83818596313488,3.88512420607519
147.51649024,3.88582647455643,3.91413232656999
147.51749024,4.00355182916672,3.94543370155821
147.51849024,3.98029603939411,3.97800967781158
147.51949024,3.9819119363395,4.01309391979801
147.52049024,3.91752192197073,4.04978567580074
147.52149024,3.93267187770409,4.08874689117636
147.52249024,3.99639252454242,4.13008138015823
147.52349024,4.10832215310739,4.17394742413018
147.52449024,4.07420563214107,4.21894919264556
147.52549024,4.10147109493978,4.26611534965393
147.52649024,4.09061539817648,4.3151493690381
147.52749024,4.09272015511923,4.36598918239494
147.52849024,4.15059452303344,4.4190687600459
147.52949024,4.24615152306218,4.47434474598542
147.53049024,4.38038224190307,4.53163156605013
147.53149024,4.46890043014665,4.59066253335803
147.53249024,4.5879785403735,4.65123423594353
147.53349024,4.7721102740092,4.7136924486244
147.53449024,4.8632253185954,4.77776842319136
147.53549024,4.91474759071417,4.84320498554324
147.53649024,5.05929453887343,4.91086917566117
147.53749024,5.1957722450334,4.97980125881754
147.53849024,5.36562653827616,5.05036488247505
147.53949024,5.40616820549183,5.12172748554796
147.54049024,5.47555487317953,5.19477735176926
147.54149024,5.53653865900236,5.26887949917567
147.54249024,5.58675317220437,5.34443172586259
147.54349024,5.62801032143992,5.42104646864163
147.54449024,5.76298085998659,5.49900714354668
147.54549024,5.86541202268032,5.57776412289474
147.54649024,5.93929414348655,5.65704139978454
147.54749024,5.86575082310246,5.73679052375932
147.54849024,5.97641968442241,5.81790460431891
147.54949024,6.00339568286116,5.89932079903098
147.55049024,6.15429581356116,5.98160722809767
147.55149024,6.22405807400887,6.06393705064773
147.55249024,6.29999188271321,6.14667584974186
147.55349024,6.32029927004196,6.22939438348404
147.55449024,6.43814754516862,6.31241327749289
147.55549024,6.42532701332193,6.39521680564618
147.55649024,6.58803405306774,6.47887141479249
147.55749024,6.67791670064399,6.56180067534959
147.55849024,6.75286396600155,6.64455746800911
147.55949024,6.90995320895847,6.72712788350438
147.56049024,6.88188739646453,6.80867860868541
147.56149024,6.92528273355748,6.88987187678473
147.56249024,7.02756963388001,6.97070494305344
147.56349024,7.11632300691042,7.05074819092603
147.56449024,7.19190351697163,7.12988726700062
147.56549024,7.22258651273742,7.2079897507383
147.56649024,7.30193902949892,7.28483859818211
147.56749024,7.34708919438584,7.36032674518221
147.56849024,7.449987806539,7.43505193377761
147.56949024,7.51639210772696,7.50809343243733
147.57049024,7.50631381630885,7.57969139928463
147.57149024,7.64229128011139,7.64985500486662
147.57249024,7.74485080858179,7.71855446399455
147.57349024,7.7429704678632,7.78488258409075
147.57449024,7.80905568013036,7.8496975168235
147.57549024,7.80246559610349,7.9125034135793
147.57649024,7.90851229155254,7.97371053476646
147.57749024,8.00626515150913,8.03288152112565
147.57849024,8.11032655267037,8.08979959388395
147.57949024,8.08257660669369,8.14406854193695
147.58049024,8.11867521493566,8.19608020265825
147.58149024,8.1241239527832,8.24594695366435
147.58249024,8.14030820190098,8.29315013986782
147.58349024,8.28169442188603,8.33859601621512
147.58449024,8.33575825702073,8.38110819498088
147.58549024,8.38586619030373,8.42082929543832
147.58649024,8.35131787004649,8.45750672695357
147.58749024,8.37266856401163,8.49160689011844
147.58849024,8.41882760673111,8.52315841866268
147.58949024,8.42493660300876,8.55165709159518
147.59049024,8.42744289740838,8.57735922185294
147.59149024,8.49459164746789,8.6003202581836
147.59249024,8.52518699663617,8.62010382468707
147.59349024,8.51504415056582,8.63630482446913
147.59449024,8.56631654607459,8.65020927532348
147.59549024,8.57774610568315,8.66092744061551
147.59649024,8.59010052915566,8.66855516594402
147.59749024,8.61937458134341,8.6732880910393
147.59849024,8.56812359798554,8.67453610965543
147.59949024,8.60315518190001,8.6730993476503
147.60049024,8.54198979675472,8.66803257310051
147.60149024,8.56898963011332,8.66036528516203
147.60249024,8.50365197908962,8.64933569879561
147.60349024,8.54067406441679,8.63580601724688
147.60449024,8.56649752052181,8.61885853832497
147.60549024,8.52885777627989,8.59856085902353
147.60649024,8.46354158893321,8.57531085268879
147.60749024,8.44358887842017,8.54916132661289
147.60849024,8.41976808033925,8.52012419471258
147.60949024,8.40070908642705,8.48818677962687
147.61049024,8.36089879424795,8.45323589793391
147.61149024,8.36630455338752,8.41559410795447
147.61249024,8.38522513827362,8.37532827143085
147.61349024,8.34225442980263,8.33175221829348
147.61449024,8.24939688452658,8.28545944600856
147.61549024,8.14287607120257,8.23658183055859
147.61649024,8.15920482689981,8.18535289811871
147.61749024,8.05538519878469,8.13140227756275
147.61849024,7.9986406856112,8.07516844799699
147.61949024,7.9090319538525,8.0163618721813
147.62049024,7.83776091437074,7.95506152539959
147.62149024,7.78269701293622,7.89174424159327
147.62249024,7.73995805622877,7.82637512738812
147.62349024,7.74729539538086,7.75943527620642
147.62449024,7.66005148963233,7.68984285900365
147.62549024,7.61382970027742,7.61817001382192
147.62649024,7.44248434076847,7.54452760619319
147.62749024,7.40170098177537,7.46943087572718
147.62849024,7.36530561637523,7.39268328040049
147.62949024,7.28795832495695,7.3143177791838
147.63049024,7.31306843437573,7.23484128866925
147.63149024,7.22866339935655,7.15362352479463
147.63249024,7.14520473885399,7.07092200137429
147.63349024,7.06893925573301,6.98716706549737
147.63449024,6.99430288287009,6.90216644671216
147.63549024,6.95078005475165,6.81648159493147
147.63649024,6.89733486076296,6.72996976401382
147.63749024,6.78093496018961,6.64256060728721
147.63849024,6.59311791014287,6.55412515195215
147.63949024,6.51317578959075,6.46554478919229
147.64049024,6.55126650164945,6.37654668923472
147.64149024,6.39979818957026,6.28696764430738
147.64249024,6.27740293432475,6.19718529550259
147.64349024,6.1676631200558,6.1075261168986
147.64449024,6.13377275108498,6.01776042796509
147.64549024,6.04875633720372,5.92785610715663
147.64649024,5.93313747230103,5.83805140066819
147.64749024,5.82759741521518,5.7483961010561
147.64849024,5.79415138218893,5.65915317864684
147.64949024,5.6704721869633,5.57058433376421
147.65049024,5.53046802791693,5.4822730986513
147.65149024,5.43866512711259,5.39471439769351
147.65249024,5.38076772006075,5.30788940663666
147.65349024,5.25771010184722,5.22150628835522
147.65449024,5.20880569707184,5.1367318725668
147.65549024,5.05356749011482,5.05246352758036
147.65649024,5.00427325838561,4.96970086824958
147.65749024,4.94765710893736,4.88825163533863
147.65849024,4.82595430597881,4.80781416354074
147.65949024,4.69744771502112,4.72860662591811
147.66049024,4.60434075538522,4.65075495006051
147.66149024,4.50894461376943,4.57471149143305
147.66249024,4.41353672822906,4.50010205457173
147.66349024,4.36350869835486,4.42796433096762
147.66449024,4.20865844669349,4.35656595205479
147.66549024,4.16851840665258,4.28730704218893
147.66649024,4.08362576364495,4.21987075586087
147.66749024,3.94196203391102,4.15388656674226
147.66849024,3.89659257077742,4.09051642215433
147.66949024,3.87932494086474,4.02919630046789
147.67049024,3.82275936137397,3.97007860563511
147.67149024,3.8043681026099,3.9127921141727
147.67249024,3.74850863617019,3.85765208797361
147.67349024,3.60448648650012,3.804088256551
147.67449024,3.61554612856252,3.75376923709974
147.67549024,3.60577061374506,3.70554952566511
147.67649024,3.70761702483425,3.66003237451541
147.67749024,3.67886161497726,3.61637361564054
147.67849024,3.70323807601274,3.57524498178744
147.67949024,3.61025801877777,3.53607905335977
147.68049024,3.56308365275831,3.49924633455749
147.68149024,3.48361181145634,3.46484678832279
147.68249024,3.45303845492775,3.43299175846284
147.68349024,3.4421590293816,3.40395015764947
147.68449024,3.39877015028427,3.37689992883956
147.68549024,3.28955089984462,3.35209682183186
147.68649024,3.26654312885117,3.32968812620053
147.68749024,3.23235264920886,3.30986081378533
147.68849024,3.23021000290762,3.29254542414411
147.68949024,3.137350617325,3.27720384550066
147.69049024,3.15584909423616,3.26477919246902
147.69149024,3.14757312117745,3.25448839786575
147.69249024,3.19398770779161,3.24653921942205
147.69349024,3.2055060403622,3.24067201646926
147.69449024,3.2653223327044,3.23733793464192
147.69549024,3.23502230478226,3.23586356697866
147.69649024,3.26121166824783,3.23712129953879
147.69749024,3.29638601299445,3.24015698745621
147.69849024,3.28642740585258,3.24529398510181
147.69949024,3.38215510777858,3.25281561920586
147.70049024,3.40399174509546,3.26190680268747
147.70149024,3.37783895151886,3.27302930199172
147.70249024,3.30593272945774,3.28581855406046
147.70349024,3.28327546487814,3.30090469620723
147.70449024,3.33571987390927,3.31767052783971
147.70549024,3.37992483922772,3.33611635400686
147.70649024,3.38753772953179,3.35584737824153
147.70749024,3.33423469922838,3.37700911510946
147.70849024,3.34970762528175,3.40028489276435
147.70949024,3.39252145543724,3.42484518816372
147.71049024,3.43463671442526,3.45086283496648
147.71149024,3.53313303994543,3.47851077564698
147.71249024,3.52097385560535,3.50685534197395
147.71349024,3.60249228965551,3.53633353022023
147.71449024,3.60207018600009,3.5669749014639
147.71549024,3.60150517526804,3.59872493335189
147.71649024,3.70538479412435,3.63164429688477
147.71749024,3.70114377963242,3.66522771340441
147.71849024,3.72825587719597,3.69971374468181
147.71949024,3.74911754967173,3.73460785248288
147.72049024,3.96069818113265,3.77114542995696
147.72149024,3.89691495005918,3.80711600516535
147.72249024,3.92271770365721,3.84398103332048
147.72349024,3.92655737038891,3.88131916314838
147.72449024,3.88060272656499,3.91876327548414
147.72549024,3.95024095374209,3.95660178072076
147.72649024,3.94630656529655,3.99440734428224
147.72749024,4.0427006917331,4.03247096101
147.72849024,4.08310876690579,4.07050739658622
147.72949024,4.10526069263719,4.10840984089983
147.73049024,4.12216572973363,4.1462735778927
147.73149024,4.27095311320269,4.18411209155019
147.73249024,4.35353236852535,4.22146035935585
147.73349024,4.36786535023222,4.25794820343477
147.73449024,4.3181665156785,4.29390475031088
147.73549024,4.3993447689825,4.32979891264935
147.73649024,4.43730558040293,4.36530585598631
147.73749024,4.54529880315714,4.40025676410134
147.73849024,4.49685798002024,4.43392199167684
147.73949024,4.45325700105319,4.46654287006
147.74049024,4.46343785560025,4.49860168642657
147.74149024,4.48964474162656,4.5299290865383
147.74249024,4.51205838822729,4.56019609872396
147.74349024,4.54148861581847,4.58941389016245
147.74449024,4.5528601517979,4.61770355143235
147.74549024,4.45872340907679,4.64413679747417
147.74649024,4.44902330641428,4.66958926367526
147.74749024,4.55966518413425,4.69402991965775
147.74849024,4.5952644580524,4.71713891965364
147.74949024,4.6761612359951,4.73879238878525
147.75049024,4.69110254439483,4.75904563927075
147.75149024,4.69172986393936,4.77767044449548
147.75249024,4.64678256191723,4.79441494701092
147.75349024,4.72981166363122,4.80993981152647
147.75449024,4.70053291862388,4.8235390142264
147.75549024,4.79341911414488,4.83595368380994
147.75649024,4.74838322388196,4.84646885820971
147.75749024,4.83320596309068,4.85564842620013
147.75849024,4.88115683018591,4.86293172014212
147.75949024,4.91586115040777,4.86827155610206
147.76049024,4.8523043978632,4.87151841385382
147.76149024,4.85566604487442,4.87326201358589
147.76249024,4.86164222536921,4.87329110100156
147.76349024,4.84183563963383,4.87176315304519
147.76449024,4.85019886192778,4.86808722589623
147.76549024,4.89687066144384,4.86255771647473
147.76649024,4.81062829030747,4.85479879565478
147.76749024,4.84301169084612,4.84569252130099
147.76849024,4.85510494906954,4.83435114488575
147.76949024,4.83757171150946,4.82111219997501
147.77049024,4.81406515709026,4.80619422610122
147.77149024,4.82039491148279,4.78918567307292
147.77249024,4.85943306984202,4.77063617740992
147.77349024,4.80784596815007,4.74956901860546
147.77449024,4.77576304688753,4.72691094978874
147.77549024,4.70966478722686,4.70238029209296
147.77649024,4.73844693577701,4.67634762109677
147.77749024,4.68446917998014,4.64841177208766
147.77849024,4.68074321914159,4.61869874690492
147.77949024,4.61057753456585,4.58694054705248
147.78049024,4.58694240166903,4.55349472224577
147.78149024,4.52548358833693,4.51848417003457
147.78249024,4.52387789797627,4.48185129726037
147.78349024,4.46069221869975,4.44371372187102
147.78449024,4.36942742216049,4.40349847752957
147.78549024,4.36124156181318,4.36195067219604
147.78649024,4.29969740225788,4.31877640226951
147.78749024,4.28051503025292,4.2740872858427
147.78849024,4.26258165026482,4.22809305345213
147.78949024,4.16633548336247,4.18030472993565
147.79049024,4.09082229035764,4.13142046085209
147.79149024,3.99920194108418,4.08097658905659
147.79249024,4.0098695958539,4.02946913689881
147.79349024,4.02949027712282,3.97672625233971
147.79449024,3.96683871949177,3.9224772463997
147.79549024,3.87446763052062,3.86691999086645
147.79649024,3.87098709168279,3.81092347282722
147.79749024,3.80031719220832,3.75347320357232
147.79849024,3.80576131970296,3.69536125216354
147.79949024,3.78490344067921,3.63625646277923
147.80049024,3.65455681649348,3.57563684140425
147.80149024,3.60432858502258,3.51474116852927
147.80249024,3.5529892475004,3.4529951823309
147.80349024,3.47669779709718,3.39080683450064
147.80449024,3.39196093321696,3.32748548269826
147.80549024,3.3222324403039,3.263808466511
147.80649024,3.274572726814,3.1994286767318
147.80749024,3.19315666211916,3.1346131911108
147.80849024,3.10851981873237,3.06920751924823
147.80949024,3.02578568812589,3.0035299592651
147.81049024,3.05663735654645,2.93819940826421
147.81149024,2.89903961630102,2.87176680414717
147.81249024,2.91296983248484,2.80571678186246
147.81349024,2.83613157017862,2.7389909661388
147.81449024,2.7546401457265,2.67251898290867
147.81549024,2.67774046427844,2.60599459498449
147.81649024,2.620101726846,2.53984183664934
147.81749024,2.46704736387535,2.47338648380504
147.81849024,2.51112239411934,2.40756676822555
147.81949024,2.44563550249248,2.34193406511857
147.82049024,2.39680662835615,2.27643175130011
147.82149024,2.26409242522385,2.21125782740428
147.82249024,2.24510244751932,2.1468243519499
147.82349024,2.18309948661316,2.08283673905347
147.82449024,2.07376318028885,2.01894934275168
147.82549024,1.93801389011698,1.95566250349064
147.82649024,1.88072370115553,1.89319818267622
147.82749024,1.85346760540858,1.83156575174815
147.82849024,1.83026141930843,1.77067812415525
147.82949024,1.71007570723212,1.7102308305423
147.83049024,1.69526372923349,1.6511606086113
147.83149024,1.57593676147731,1.59255307453381
147.83249024,1.55468936692835,1.53515655720308
147.83349024,1.46964455434373,1.47859797022097
147.83449024,1.35409850155945,1.42290963774961
147.83549024,1.38561231691283,1.36889605374203
147.83649024,1.287194582233,1.31562915223853
147.83749024,1.20308615760839,1.26337291761988
147.83849024,1.11944329647288,1.21261304284394
147.83949024,1.0836163760637,1.16309919335159
147.84049024,1.11467482564892,1.11479707247241
147.84149024,1.06439061638814,1.06785941063439
147.84249024,1.0670817807067,1.02260038702766
147.84349024,0.996868274938569,0.9784766713493
147.84449024,0.973890860394278,0.935779931300059
147.84549024,0.901650895224575,0.894248048085734
147.84649024,0.946443542411151,0.854524716375551
147.84749024,0.83345456537166,0.815882736072016
147.84849024,0.794207540306975,0.778974567385928
147.84949024,0.797812211399865,0.743778569892696
147.85049024,0.715544923559424,0.709909630646595
147.85149024,0.674672181565576,0.67746609080318
147.85249024,0.624328244170579,0.64664946344759
147.85349024,0.583934901776892,0.617479406952543
147.85449024,0.627337256353625,0.590124861128286
147.85549024,0.641206922871387,0.564316262521475
147.85649024,0.600136258966104,0.540061476243311
147.85749024,0.565137879840972,0.517534026451246
147.85849024,0.514455991461385,0.496546923639669
147.85949024,0.573368445069827,0.477521789369443
147.86049024,0.519556288899671,0.459396261623185
147.86149024,0.45913717390757,0.443492208785986
147.86249024,0.505275784940755,0.429129181460362
147.86349024,0.429335030845996,0.416436320623614
147.86449024,0.445535702228833,0.405622765039678
147.86549024,0.445030934727329,0.39610791335725
147.86649024,0.403750145129383,0.387885782276348
147.86749024,0.432024280310425,0.381694346698066
147.86849024,0.458861342524295,0.37707628284959
147.86949024,0.430793312204329,0.373744665900782
147.87049024,0.446010746040107,0.372197977579194
147.87149024,0.396146781099658,0.371736941241827
147.87249024,0.453152877607227,0.373210340703816
147.87349024,0.408464560961223,0.375528737367919
147.87449024,0.369575198698947,0.379596043406489
147.87549024,0.409895124384239,0.385283670974728
147.87649024,0.383541663856457,0.392131879679257
147.87749024,0.45141557579954,0.400599345969249
147.87849024,0.429752960110582,0.410051648227988
147.87949024,0.420210465095707,0.420822647944079
147.88049024,0.423638516586881,0.432774317519042
147.88149024,0.416036722724981,0.446065498061172
147.88249024,0.375474894563009,0.460392953944091
147.88349024,0.411963938378127,0.476110853943956
147.88449024,0.506418068638408,0.493063680340976
147.88549024,0.452480218797256,0.510403995688595
147.88649024,0.48280160915378,0.528990880025486
147.88749024,0.499364632532958,0.548902518737628
147.88849024,0.514754656527236,0.569400315130649
147.88949024,0.532602357998662,0.590819990056189
147.89049024,0.460535431887983,0.612886314465249
147.89149024,0.45620778477549,0.635887552424861
147.89249024,0.500545471179877,0.65952869116025
147.89349024,0.600771988302087,0.684061130318218
147.89449024,0.700027503136939,0.709424568181952
147.89549024,0.638269613378841,0.734597081544438
147.89649024,0.782043494790214,0.761020680232704
147.89749024,0.719035586633741,0.787316457863562
147.89849024,0.773548205947223,0.814411630606732
147.89949024,0.861969980679679,0.841662214222566
147.90049024,0.928331543786316,0.869359141617224
147.90149024,0.935709045584291,0.897161481066685
147.90249024,0.931908833631635,0.925060636667836
147.90349024,0.976668088829189,0.953216204385308
147.90449024,1.03426128849773,0.981457278978674
147.90549024,1.05424942923425,1.00955253440979
147.90649024,1.08762407852261,1.03776027372775
147.90749024,1.21294134464287,1.0659547428492
147.90849024,1.15634147109145,1.09371682396917
147.90949024,1.13644790799559,1.12121287647825
147.91049024,1.19899599946785,1.14917043479559
147.91149024,1.15363164575475,1.17609514531316
147.91249024,1.24074972377151,1.20289388402048
147.91349024,1.20583437140666,1.22915665534039
147.91449024,1.25011890275283,1.25518653123667
147.91549024,1.20239038655476,1.28050548725603
147.91649024,1.23427747105249,1.30549912925321
147.91749024,1.30520283196583,1.3300221985325
147.91849024,1.27939754285708,1.3538290798697
147.91949024,1.32238534937798,1.37688506509121
147.92049024,1.38513056511453,1.39920062591166
147.92149024,1.50278530459485,1.42114406197033
147.92249024,1.53150376508128,1.44179751749663
147.92349024,1.52138973083425,1.46197359941336
147.92449024,1.5506990709063,1.48093220079133
147.92549024,1.55861376649249,1.49900481176097
147.92649024,1.62982746661511,1.51634003807306
147.92749024,1.7434523626328,1.53284759726104
147.92849024,1.79977364575114,1.54821363381278
147.92949024,1.74399529667801,1.56205406801714
147.93049024,1.76841681048438,1.57502862461348
147.93149024,1.71570821652744,1.58646695653465
147.93249024,1.72939428182788,1.59722237294612
147.93349024,1.75463337749761,1.60677271221313
147.93449024,1.78345610693193,1.61488651547331
147.93549024,1.81453401177073,1.6219866674835
147.93649024,1.81055413490851,1.62785420653312
147.93749024,1.72448065799295,1.63217086779989
147.93849024,1.59011006270893,1.63461967435178
147.93949024,1.67875373820348,1.6370302581963
147.94049024,1.68731148235683,1.63750060426334
147.94149024,1.74693227479145,1.63708911203343
147.94249024,1.81799039657058,1.63533012986662
147.94349024,1.7691350393668,1.63180224319829
147.94449024,1.78065515360238,1.62710614739589
147.94549024,1.70651905726128,1.62053602155998
147.94649024,1.78624933887013,1.61331713462881
147.94749024,1.77951071196064,1.60432252571896
147.94849024,1.77166200778101,1.59408748095478
147.94949024,1.66152024004082,1.58215171512209
147.95049024,1.55238207287614,1.5688852731028
147.95149024,1.58989412333621,1.55482652823008
147.95249024,1.55436721530764,1.53912402961719
147.95349024,1.54219462382335,1.52197116914474
147.95449024,1.5380040232794,1.50373853465651
147.95549024,1.51228335304578,1.484035504063
147.95649024,1.51010303407034,1.46321768445213
147.95749024,1.36837065113212,1.44093066332104
147.95849024,1.3608615254004,1.41739840674826
147.95949024,1.36402188661926,1.3930392249775
147.96049024,1.42100015754329,1.36753758544001
147.96149024,1.36198876961438,1.34061189218467
147.96249024,1.32741680241588,1.3124936229312
147.96349024,1.17843980496461,1.28293567339148
147.96449024,1.11210178130032,1.2527869765738
147.96549024,1.06231540256577,1.22161923808483
147.96649024,1.02292438972314,1.1892927498832
147.96749024,0.968355039482427,1.15592670046287
147.96849024,0.933072188131636,1.12159515623849
147.96949024,0.911694724628509,1.08665146946559
147.97049024,0.798988334687825,1.05053511089468
147.97149024,0.725034548181508,1.01369488894472
147.97249024,0.655911651125905,0.975831568998901
147.97349024,0.727892315092536,0.937759761025974
147.97449024,0.741345447270266,0.898803408029918
147.97549024,0.729112262895889,0.859233840645943
147.97649024,0.600632005955828,0.818744748512281
147.97749024,0.657741987127108,0.778216607691405
147.97849024,0.600120032349151,0.736743509782992
147.97949024,0.555755718766461,0.694895589124836
147.98049024,0.660330539854111,0.653112549995676
147.98149024,0.630969104305979,0.61058468690976
147.98249024,0.558956379602285,0.567560858068716
147.98349024,0.51181463155788,0.524113163747707
147.98449024,0.526035374227489,0.480833852003952
147.98549024,0.463033476380886,0.437267144586314
147.98649024,0.445062582416437,0.39357190213447
147.98749024,0.414410534013082,0.349773203783335
147.98849024,0.417950992946149,0.305983993061713
147.98949024,0.253302519377536,0.261609702448512
147.99049024,0.206418395402661,0.217916001893719
147.99149024,0.173123406094655,0.174373467777371
147.99249024,0.179474737715669,0.130865756193561
147.99349024,0.122508667588692,0.0873029084114743
147.99449024,0.0704955329145951,0.0440102882800524
147.99549024,0.0295412434055706,0.00127510605737522
147.99649024,-0.0701613489319988,-0.0412359463976057
147.99749024,-0.074442163027705,-0.0829950419438427
147.99849024,-0.129516653710846,-0.124668498111404
147.99949024,-0.161384012511351,-0.165725288313004
148.00049024,-0.18975582068908,-0.206464622272133
148.00149024,-0.19788748361373,-0.24622269294655
148.00249024,-0.18138409022624,-0.285475795404612
148.00349024,-0.217049185423221,-0.324139606921345
148.00449024,-0.21343312855672,-0.362143486965044
148.00549024,-0.302505541778151,-0.399690949839017
148.00649024,-0.365319212226528,-0.436531527926586
148.00749024,-0.289834763814088,-0.47184826290088
148.00849024,-0.489514234161334,-0.507363929631396
148.00949024,-0.523451662974409,-0.541407009138372
148.01049024,-0.579656945149474,-0.574691070786754
148.01149024,-0.71621984411902,-0.607361488027555
148.01249024,-0.637040040860054,-0.638289708257246
148.01349024,-0.684668373187692,-0.668748536429876
148.01449024,-0.736696164746638,-0.698179615163813
148.01549024,-0.773524592061418,-0.726457216715666
148.01649024,-0.815720939052477,-0.753560433461273
148.01749024,-0.926426109166185,-0.780192992867428
148.01849024,-0.933645334706779,-0.805029245678444
148.01949024,-0.872590765215445,-0.828719295719841
148.02049024,-0.891762671955611,-0.85156657769892
148.02149024,-0.868691375742536,-0.873018781863715
148.02249024,-0.870395177799334,-0.893429913038507
148.02349024,-0.875240741961553,-0.91277871708912
148.02449024,-0.898392039771789,-0.930773477138257
148.02549024,-0.926475634947529,-0.947999628163648
148.02649024,-0.87975210581937,-0.963586746688004
148.02749024,-0.925478013124128,-0.978413664548934
148.02849024,-0.902761006935233,-0.991818195079721
148.02949024,-0.909683877334582,-1.00408864054624
148.03049024,-0.961133746047219,-1.01519953307581
148.03149024,-1.08571347641585,-1.02553375351019
148.03249024,-1.04925720366237,-1.03396022743423
148.03349024,-1.04728702088362,-1.04147083185445
148.03449024,-1.03403598200544,-1.04770972607607
148.03549024,-1.0498645040988,-1.052913396476
148.03649024,-1.04927145825055,-1.05696127715956
148.03749024,-1.15140561427777,-1.06008818397982
148.03849024,-1.11989100659722,-1.06174458750275
148.03949024,-1.10719668602326,-1.06232357790989
148.04049024,-1.06013070246737,-1.06203858245578
148.04149024,-1.0417521712999,-1.06053991450458
148.04249024,-1.02944320912231,-1.05807519162793
148.04349024,-1.00036830142985,-1.05444054075148
148.04449024,-1.03907976868829,-1.05004690204451
148.04549024,-1.01796115957759,-1.04451473119659
148.04649024,-0.869731715688246,-1.03760389172592
148.04749024,-0.83846965072734,-1.03015555103739
148.04849024,-0.866757674968353,-1.02208212530016
148.04949024,-0.896476862676238,-1.01311701352133
148.05049024,-0.98753895350135,-1.00343397906816
148.05149024,-1.02895949901808,-0.992935904151906
148.05249024,-1.02914463380492,-0.981321947622965
148.05349024,-0.952690318075692,-0.968977485587549
148.05449024,-0.946612268622157,-0.955942858644701
148.05549024,-0.897696973528468,-0.94208586938578
148.05649024,-0.94275995672804,-0.927914239455415
148.05749024,-0.976685968552442,-0.913104813170538
148.05849024,-0.883084601737927,-0.897512228314237
148.05949024,-0.925388462727642,-0.881537254318025
148.06049024,-0.910771521522359,-0.865256834938771
148.06149024,-0.896991494474864,-0.84810234798343
148.06249024,-0.906002667444798,-0.830691745784072
148.06349024,-0.878851137053202,-0.812965469692381
148.06449024,-0.775131636772479,-0.794706201299514
148.06549024,-0.787833558618477,-0.776340791103754
148.06649024,-0.701072012993065,-0.757348318877979
148.06749024,-0.638536462158526,-0.738259499672147
148.06849024,-0.671433247873579,-0.719321727198065
148.06949024,-0.660195422500455,-0.700029317181987
148.07049024,-0.675736106626884,-0.680828146321472
148.07149024,-0.683348877366923,-0.661637060555504
148.07249024,-0.690451859023613,-0.642355111272032
148.07349024,-0.680355459804542,-0.622798253826511
148.07449024,-0.666864218412068,-0.603397644611844
148.07549024,-0.583429644043192,-0.583931762468298
148.07649024,-0.620151313198017,-0.564906391562283
148.07749024,-0.705976493413954,-0.545954058067695
148.07849024,-0.651118580734382,-0.527028741756981
148.07949024,-0.60056186785934,-0.508247353288549
148.08049024,-0.604469280953321,-0.489678846434429
148.08149024,-0.557947309573186,-0.471374983224018
148.08249024,-0.527471891797904,-0.453211421863555
148.08349024,-0.454975152371417,-0.435516509401457
148.08449024,-0.430633565546653,-0.4182929464471
148.08549024,-0.3610150026285,-0.40134121981864
148.08649024,-0.2688808009418,-0.384706243148162
148.08749024,-0.22562601848022,-0.368913030238723
148.08849024,-0.255254095223689,-0.353630033084973
148.08949024,-0.247067537958858,-0.338760783458121
148.09049024,-0.212214672787777,-0.324274754431995
148.09149024,-0.243908097974422,-0.310705156606154
148.09249024,-0.204659791268776,-0.297399311982986
148.09349024,-0.252723572409483,-0.285104905663006
148.09449024,-0.315710756541675,-0.273550621615984
148.09549024,-0.298665333019336,-0.262268911386529
148.09649024,-0.32744396085477,-0.251887447523355
148.09749024,-0.415725524965414,-0.24244250964538
148.09849024,-0.330247104861225,-0.23313990516738
148.09949024,-0.264699449750824,-0.22444878437141
148.10049024,-0.233622207508483,-0.216803359425939
148.10149024,-0.20485980725259,-0.20977522374292
148.10249024,-0.210224478703668,-0.203705526645373
148.10349024,-0.262004727171251,-0.198381837198599
148.10449024,-0.24217366527589,-0.193815409069384
148.10549024,-0.221466195774092,-0.190022384453814
148.10649024,-0.190370210421033,-0.186873619158155
148.10749024,-0.152254489710065,-0.184460215748002
148.10849024,-0.165676617460877,-0.18313341950698
148.10949024,-0.188120039782199,-0.182562066516147
148.11049024,-0.322078304944694,-0.183221560302746
148.11149024,-0.337911951189901,-0.184451238284711
148.11249024,-0.389096031777421,-0.186374167264369
148.11349024,-0.371379781804107,-0.18888908950178
148.11449024,-0.402844459299342,-0.192497014969764
148.11549024,-0.350414594195375,-0.196516650453479
148.11649024,-0.369734580929181,-0.201677701226235
148.11749024,-0.428548191245477,-0.207873088640485
148.11849024,-0.365715126010826,-0.214350700827814
148.11949024,-0.359383271777332,-0.22202518425108
148.12049024,-0.328946297823891,-0.230227211207838
148.12149024,-0.283621393455394,-0.239176786621716
148.12249024,-0.241332856129015,-0.248899861167345
148.12349024,-0.244187773803392,-0.259790982986119
148.12449024,-0.31416445942891,-0.271233626738033
148.12549024,-0.295873190997143,-0.283414141903671
148.12649024,-0.307883332113844,-0.296247152521418
148.12749024,-0.225957263191874,-0.309593815994952
148.12849024,-0.292027658800474,-0.323919954083698
148.12949024,-0.279680505700838,-0.338895976919369
148.13049024,-0.345494093346631,-0.354715501267843
148.13149024,-0.406367261515438,-0.371302458249387
148.13249024,-0.396893896688806,-0.388234768208626
148.13349024,-0.528307650173752,-0.406115853108859
148.13449024,-0.576346370225465,-0.424447874970301
148.13549024,-0.460968759242652,-0.442885969124724
148.13649024,-0.529919894591499,-0.462515858560657
148.13749024,-0.551049575999215,-0.482622635268952
148.13849024,-0.540666217581249,-0.503324516249232
148.13949024,-0.566645735992836,-0.524613864844485
148.14049024,-0.523238289238053,-0.546000532619767
148.14149024,-0.516032815777838,-0.568109521998263
148.14249024,-0.559259566355399,-0.590883003295713
148.14349024,-0.566377057760967,-0.614112428507629
148.14449024,-0.643855236684157,-0.637836128777326
148.14549024,-0.603457952338271,-0.661914294893036
148.14649024,-0.622906554669197,-0.686398848094273
148.14749024,-0.480064597039899,-0.710967370004078
148.14849024,-0.593677969354478,-0.73640523577198
148.14949024,-0.666229764999653,-0.76221977198994
148.15049024,-0.732435851735803,-0.788507410579777
148.15149024,-0.806831078675274,-0.814758485263299
148.15249024,-0.859772139455624,-0.841446299279494
148.15349024,-0.89294690841097,-0.868514576416651
148.15449024,-0.96146244714157,-0.896198452930948
148.15549024,-0.950931989104161,-0.92361580874811
148.15649024,-1.11005719570996,-0.951665822846219
148.15749024,-1.18556478094083,-0.979781258543166
148.15849024,-1.16249542423244,-1.00787660155703
148.15949024,-1.15181684696743,-1.0362348059384
148.16049024,-1.1052686589858,-1.06486582778165
148.16149024,-1.07641512255497,-1.09344266564464
148.16249024,-1.18049208585738,-1.1226875189396
148.16349024,-1.11590094630575,-1.15168101943684
148.16449024,-1.16701532233621,-1.18104865447786
148.16549024,-1.23797002813482,-1.21082486552359
148.16649024,-1.15173467908673,-1.2400565175654
148.16749024,-1.13863954155195,-1.26977029307059
148.16849024,-1.22104155909705,-1.29987354769837
148.16949024,-1.2319295204013,-1.32963869889661
148.17049024,-1.24422379683177,-1.35962023280978
148.17149024,-1.35888392609431,-1.39010740126526
148.17249024,-1.46231043829106,-1.42067650229846
148.17349024,-1.40896347469917,-1.45055920680109
148.17449024,-1.46514344311577,-1.48102837340901
148.17549024,-1.45332725971219,-1.51121465255268
148.17649024,-1.57854659174168,-1.54192752965363
148.17749024,-1.64832775003625,-1.57234292517348
148.17849024,-1.59534548827642,-1.60248636577927
148.17949024,-1.66701082474196,-1.6329809118415
148.18049024,-1.6432517609658,-1.66323416427945
148.18149024,-1.65720677304495,-1.69343058041655
148.18249024,-1.72639241171946,-1.72392735270261
148.18349024,-1.69981524227205,-1.75401110718482
148.18449024,-1.64898558964983,-1.7841901129531
148.18549024,-1.76974989189423,-1.81492431581272
148.18649024,-1.74490191489621,-1.84474078846735
148.18749024,-1.69815820342997,-1.87454256825841
148.18849024,-1.72461454055267,-1.90461630203183
148.18949024,-1.76299386164833,-1.93447801665292
148.19049024,-1.78454108322742,-1.96453389780145
148.19149024,-1.90270721762356,-1.99464161150971
148.19249024,-1.95851159639748,-2.02453953216457
148.19349024,-1.99745455305825,-2.05420096153789
148.19449024,-2.06372501510221,-2.08427324272817
148.19549024,-2.07017361703303,-2.1137321478171
148.19649024,-2.06181760102303,-2.1431952760414
148.19749024,-2.20347772054153,-2.17320755040949
148.19849024,-2.23095874460673,-2.20261231679693
148.19949024,-2.19846633447118,-2.23160173785738
148.20049024,-2.21476655470316,-2.26075533123408
148.20149024,-2.18262258508971,-2.28960535789891
148.20249024,-2.19675344116114,-2.31872138893815
148.20349024,-2.22039958249061,-2.34782470518442
148.20449024,-2.24751343030189,-2.37689207265249
148.20549024,-2.35825553769237,-2.40626695067855
148.20649024,-2.39851146478954,-2.43479564835392
148.20749024,-2.39056023588727,-2.46348790890602
148.20849024,-2.45835640766134,-2.49216786630265
148.20949024,-2.55108663106749,-2.52081467094994
148.21049024,-2.64424867742616,-2.54959854823865
148.21149024,-2.69070350688652,-2.57780934698461
148.21249024,-2.76074785617517,-2.60595099650454
148.21349024,-2.79619721485373,-2.6337780971885
148.21449024,-2.7960032366432,-2.66147718319581
148.21549024,-2.8110018359745,-2.68941943887958
148.21649024,-2.92089261257475,-2.71724312063447
148.21749024,-3.07808423280742,-2.74504915636263
148.21849024,-3.04088323609724,-2.77231157574754
148.21949024,-3.08901901604856,-2.79959003187428
148.22049024,-3.03010952028767,-2.8264813039576
148.22149024,-3.05951983037199,-2.85348179507061
148.22249024,-3.06088316095669,-2.88045074871212
148.22349024,-3.1173044816747,-2.9074759951967
148.22449024,-3.1347215820215,-2.93409880009238
148.22549024,-3.1644480583245,-2.96045588021521
148.22649024,-3.20287501635091,-2.98701012904369
148.22749024,-3.16334637508505,-3.01305276996121
148.22849024,-3.18578061092688,-3.03945896530347
148.22949024,-3.22631401266171,-3.06544987789499
148.23049024,-3.29687630257473,-3.09144184350776
148.23149024,-3.34049860827537,-3.11718122019803
148.23249024,-3.40311402601878,-3.14261107449619
148.23349024,-3.44523850528523,-3.16801004327131
148.23449024,-3.42310403318962,-3.19325047244882
148.23549024,-3.42057418321956,-3.21818168566975
148.23649024,-3.59138845296172,-3.24351119104633
148.23749024,-3.57271705080073,-3.26820408926574
148.23849024,-3.56991794316651,-3.29274244312157
148.23949024,-3.55042007157765,-3.31704875877704
148.24049024,-3.50354634397088,-3.34090805639941
148.24149024,-3.4504137748147,-3.36470289572105
148.24249024,-3.45046211705336,-3.38867582343251
148.24349024,-3.45973350081974,-3.41250554828514
148.24449024,-3.42417767576595,-3.43584077605348
148.24549024,-3.44638278550789,-3.45895504747468
148.24649024,-3.48665107284137,-3.48215434399684
148.24749024,-3.44431672498079,-3.50496991528702
148.24849024,-3.46864379741731,-3.52779263405493
148.24949024,-3.52201604769332,-3.55039160425148
148.25049024,-3.5432505547958,-3.57283729779907
148.25149024,-3.56531298775224,-3.59501610257842
148.25249024,-3.55387865689243,-3.61671109979724
148.25349024,-3.52953791612017,-3.63842479045217
148.25449024,-3.49676783499653,-3.65979179448524
148.25549024,-3.53610540595402,-3.68126350850331
148.25649024,-3.62263749960346,-3.70265220757139
148.25749024,-3.6961466321908,-3.72376608049546
148.25849024,-3.67099931562778,-3.74458623579328
148.25949024,-3.64624081780546,-3.76515368873718
148.26049024,-3.61823268138115,-3.78545032959007
148.26149024,-3.61694725186515,-3.80536146220572
148.26249024,-3.5297406160943,-3.82495925818855
148.26349024,-3.64734869298966,-3.8451415705231
148.26449024,-3.64972026074075,-3.86468087675574
148.26549024,-3.70372075567391,-3.88401796404553
148.26649024,-3.65384526922883,-3.90301193468511
148.26749024,-3.57594890612998,-3.92165941610414
148.26849024,-3.57782275168228,-3.94019373686761
148.26949024,-3.66405852444847,-3.95888911298166
148.27049024,-3.67449343200735,-3.97740257504644
148.27149024,-3.8475683203837,-3.99618266412812
148.27249024,-3.86328175199811,-4.01426748446774
148.27349024,-3.90741067870011,-4.0324362617656
148.27449024,-3.89071458491794,-4.04993784896683
148.27549024,-3.96474266549438,-4.06775732926968
148.27649024,-4.05120406104562,-4.08557300623059
148.27749024,-4.12688511575786,-4.10296577962326
148.27849024,-4.15733832564895,-4.12012228333589
148.27949024,-4.09688646189635,-4.13684627338894
148.28049024,-4.09362321910274,-4.15326726282611
148.28149024,-4.08076060875116,-4.17004369119899
148.28249024,-4.10112796994554,-4.18679369924525
148.28349024,-4.06921828372921,-4.20280067515565
148.28449024,-4.10519833437154,-4.21904359749142
148.28549024,-4.13194417447828,-4.23529854706274
148.28649024,-4.07843856297768,-4.25109424883478
148.28749024,-4.05130349839635,-4.26700940348109
148.28849024,-4.12502244349101,-4.28294857765575
148.28949024,-4.2278462983792,-4.29892427676144
148.29049024,-4.23684917256716,-4.31476302680194
148.29149024,-4.29473456881054,-4.33058822392538
148.29249024,-4.27945045802569,-4.34611798775847
148.29349024,-4.33473784406172,-4.36169767873733
148.29449024,-4.4115681288097,-4.37750624218864
148.29549024,-4.33986644079056,-4.39256128590849
148.29649024,-4.4959534161861,-4.40828334792756
148.29749024,-4.61470108583895,-4.42422905568397
148.29849024,-4.59154632862085,-4.43962994059257
148.29949024,-4.57339709119788,-4.45492020051474
148.30049024,-4.56731697256581,-4.47036656542548
148.30149024,-4.60726905367918,-4.48611254598278
148.30249024,-4.64038281923018,-4.50180620250067
148.30349024,-4.61176604559192,-4.51755890324988
148.30449024,-4.67211606485339,-4.533527570005
148.30549024,-4.73609692632394,-4.54944589051064
148.30649024,-4.66966406704211,-4.56503493890462
148.30749024,-4.59136716350107,-4.58064137313842
148.30849024,-4.67373955756049,-4.59695653783422
148.30949024,-4.69747826618635,-4.6130926195873
148.31049024,-4.79245677089709,-4.62971064905156
148.31149024,-4.81293085736284,-4.64599307093191
148.31249024,-4.80014455208868,-4.66222593959329
148.31349024,-4.86458747734078,-4.67870688756081
148.31449024,-4.91410624810566,-4.69525236949052
148.31549024,-4.85858389321185,-4.71177010440726
148.31649024,-4.94282137805381,-4.72901406983368
148.31749024,-5.03942032966892,-4.74642100376052
148.31849024,-5.04043799527075,-4.76331533298506
148.31949024,-5.04092270380043,-4.78070487732394
148.32049024,-4.93907755465372,-4.79771896689704
148.32149024,-4.97314371943681,-4.81562783846811
148.32249024,-5.0001673142759,-4.8335669044145
148.32349024,-5.01915860965208,-4.85165745083358
148.32449024,-5.0294993178987,-4.87008414504253
148.32549024,-5.06323912457277,-4.88860297519718
148.32649024,-4.99231640241164,-4.90662569642104
148.32749024,-4.9410924437212,-4.92521797756458
148.32849024,-5.01962100424245,-4.94436458501856
148.32949024,-5.02280289809614,-4.96366639375399
148.33049024,-5.17201077616076,-4.98351266678255
148.33149024,-5.20061921400763,-5.00287755970468
148.33249024,-5.20280401351163,-5.02274459585713
148.33349024,-5.23950602940838,-5.04275410610115
148.33449024,-5.24992019277027,-5.06287418735067
148.33549024,-5.21028978227248,-5.0830158311332
148.33649024,-5.2600067513178,-5.10372473846852
148.33749024,-5.36546643972377,-5.12482056969058
148.33849024,-5.2692748098792,-5.14543673295113
148.33949024,-5.23293470298661,-5.16628344072449
148.34049024,-5.22212138592556,-5.18734608456166
148.34149024,-5.24594710639854,-5.20882775539627
148.34249024,-5.26860563262569,-5.23066569157145
148.34349024,-5.28561795532081,-5.25228697365377
148.34449024,-5.2897211295295,-5.27424214846586
148.34549024,-5.34403141666247,-5.29626264665239
148.34649024,-5.39795928559097,-5.31854346839491
148.34749024,-5.31105553838439,-5.34038397750029
148.34849024,-5.31406866283138,-5.36291883905079
148.34949024,-5.36239519682038,-5.38561664629968
148.35049024,-5.3562669375575,-5.40828732976672
148.35149024,-5.42934651918604,-5.43109386240362
148.35249024,-5.41357966340457,-5.45381234754506
148.35349024,-5.43409148188377,-5.47680332086982
148.35449024,-5.39211398280158,-5.49949924787107
148.35549024,-5.3865050672259,-5.52240247889056
148.35649024,-5.4528323838924,-5.54562060108579
148.35749024,-5.55054565848399,-5.56923588320151
148.35849024,-5.51587232141775,-5.59226389820904
148.35949024,-5.55011501987301,-5.61533140566536
148.36049024,-5.49430960274613,-5.6381924677895
148.36149024,-5.47539522213814,-5.66133945200541
148.36249024,-5.53814985001662,-5.68466458178055
148.36349024,-5.48398129457868,-5.70755755444605
148.36449024,-5.48556062810918,-5.73047760496402
148.36549024,-5.5124173088086,-5.75326867763428
148.36649024,-5.494599321229,-5.77591792292578
148.36749024,-5.38509376984628,-5.79826228597119
148.36849024,-5.45283403002137,-5.82094917503627
148.36949024,-5.52796851469338,-5.84372164007622
148.37049024,-5.68414948492633,-5.86638028649137
148.37149024,-5.59742464539985,-5.88796830791579
148.37249024,-5.70883053125142,-5.90998812697972
148.37349024,-5.57637928159686,-5.93137076509369
148.37449024,-5.77410824781357,-5.95363654234994
148.37549024,-5.88404539302818,-5.9751766842438
148.37649024,-5.90233789716266,-5.99605704315369
148.37749024,-6.0279573361088,-6.01688921841914
148.37849024,-6.02873248822102,-6.03705987735302
148.37949024,-5.96767646217193,-6.05688647124588
148.38049024,-5.92909016791052,-6.07648199503745
148.38149024,-5.95500575227778,-6.09612084710412
148.38249024,-5.9996606396582,-6.11530257599646
148.38349024,-6.077359336693,-6.13429613660683
148.38449024,-6.14081652999859,-6.15290987283312
148.38549024,-6.21362198760756,-6.17107202857087
148.38649024,-6.19297926377427,-6.18900139377964
148.38749024,-6.1562354950958,-6.20590836738169
148.38849024,-6.13832165597097,-6.2226032002294
148.38949024,-6.18130044279899,-6.23898239636073
148.39049024,-6.27110516839719,-6.25535546503727
148.39149024,-6.25721773245486,-6.2706969252454
148.39249024,-6.28180587277651,-6.28578594317371
148.39349024,-6.22931765452798,-6.30015451450754
148.39449024,-6.2622145103272,-6.31404334349795
148.39549024,-6.34005397760258,-6.32771027375326
148.39649024,-6.31946351604897,-6.34063577447504
148.39749024,-6.45394291867829,-6.35347080383496
148.39849024,-6.54141901502375,-6.36562360651237
148.39949024,-6.53461279277436,-6.37689359919573
148.40049024,-6.46531707243689,-6.38738744859434
148.40149024,-6.46521900327224,-6.39770767394409
148.40249024,-6.42149294981868,-6.40704064027084
148.40349024,-6.4431238244861,-6.41611598697069
148.40449024,-6.37233852490323,-6.42433720431094
148.40549024,-6.47496056967578,-6.43244433393542
148.40649024,-6.44058731038777,-6.4396076655273
148.40749024,-6.40216728546518,-6.44615417955229
148.40849024,-6.40776027046421,-6.45219299876471
148.40949024,-6.50089881432072,-6.45792732378744
148.41049024,-6.44940837381495,-6.46245754918537
148.41149024,-6.4981491379067,-6.46688810229088
148.41249024,-6.49471765062806,-6.47056996839653
148.41349024,-6.52271349207589,-6.47366356228783
148.41449024,-6.56140156031158,-6.47617643734162
148.41549024,-6.50776851600481,-6.47772629223192
148.41649024,-6.57251486019755,-6.4790414550432
148.41749024,-6.71207510117858,-6.47983391192008
148.41849024,-6.54264780920992,-6.47896185919881
148.41949024,-6.59822854282384,-6.47834834678333
148.42049024,-6.64062970792769,-6.47717838076423
148.42149024,-6.50239555691675,-6.47460749010612
148.42249024,-6.41237158541275,-6.47149552121159
148.42349024,-6.48702071928612,-6.46852959337833
148.42449024,-6.54937087189443,-6.46467284889931
148.42549024,-6.52905523596939,-6.46003227143075
148.42649024,-6.4392327687833,-6.45461930051771
148.42749024,-6.38610643286551,-6.4487307319327
148.42849024,-6.41755835319829,-6.44236456888481
148.42949024,-6.42506426070783,-6.43533914970365
148.43049024,-6.38256255653236,-6.4277650603071
148.43149024,-6.42428596106337,-6.41986417302727
148.43249024,-6.42789314767079,-6.41124442999672
148.43349024,-6.41892217329289,-6.40180373793688
148.43449024,-6.41432226866258,-6.39218367365948
148.43549024,-6.421589662806,-6.38186680472421
148.43649024,-6.47587387875222,-6.37116742824467
148.43749024,-6.50655912486293,-6.36007125455427
148.43849024,-6.51942049495377,-6.34818889736839
148.43949024,-6.47106633099533,-6.33567908277687
148.44049024,-6.40097658367067,-6.32263224670955
148.44149024,-6.31905995431389,-6.30904940371749
148.44249024,-6.31459826596379,-6.29532524389565
148.44349024,-6.31852277564882,-6.28112618624288
148.44449024,-6.372318765662,-6.26677401931723
148.44549024,-6.35092063651819,-6.25157439390755
148.44649024,-6.32025918218081,-6.23583125720229
148.44749024,-6.18258643964217,-6.21941768556081
148.44849024,-6.20389997734872,-6.20302382185247
148.44949024,-6.20901116403248,-6.18633675786947
148.45049024,-6.36334466426492,-6.16982768031935
148.45149024,-6.27269059304407,-6.15214516807291
148.45249024,-6.25649138918954,-6.13421214774502
148.45349024,-6.24368005113084,-6.11623144867961
148.45449024,-6.18941282009405,-6.09749953204779
148.45549024,-6.133802813117,-6.07851992574892
148.45649024,-6.13395528879345,-6.05941465066633
148.45749024,-6.22313842169505,-6.04038797320751
148.45849024,-6.17336051777923,-6.02035908972538
148.45949024,-6.12000214578039,-6.00022596124179
148.46049024,-6.15052560789317,-5.98022940910463
148.46149024,-6.06625778202574,-5.95962706560458
148.46249024,-5.95483457687925,-5.93864282302333
148.46349024,-5.97222490280865,-5.91768412471135
148.46449024,-5.96516223151158,-5.89674033355884
148.46549024,-5.91809165473157,-5.87551476239997
148.46649024,-5.79685507493814,-5.85387144302052
148.46749024,-5.64820759710547,-5.83183701791808
148.46849024,-5.64757125543171,-5.81019033211646
148.46949024,-5.62922139054836,-5.78841261300165
148.47049024,-5.61017118957845,-5.76672854562457
148.47149024,-5.64920130264671,-5.74485555598788
148.47249024,-5.70051143694993,-5.72282964251746
148.47349024,-5.66433245963115,-5.70065847808337
148.47449024,-5.62648028760805,-5.67835384165965
148.47549024,-5.61563390354655,-5.6562324798367
148.47649024,-5.62417119908288,-5.63413122340674
148.47749024,-5.61795542441536,-5.61166446305376
148.47849024,-5.62663632738871,-5.58941664702878
148.47949024,-5.49958502302806,-5.56641683073839
148.48049024,-5.41435430247343,-5.54365758261123
148.48149024,-5.36579957581232,-5.52122267603726
148.48249024,-5.34420541113909,-5.49893089124403
148.48349024,-5.34684846017987,-5.4763948021114
148.48449024,-5.31036212769564,-5.45395211859233
148.48549024,-5.27039452203864,-5.43141665414781
148.48649024,-5.17318121981213,-5.40908481360209
148.48749024,-5.07110344802644,-5.38645985596688
148.48849024,-5.0226058728838,-5.36428422138932
148.48949024,-5.03107322709423,-5.3423180587124
148.49049024,-5.08147448150366,-5.32040244200277
148.49149024,-5.06733404986463,-5.29840481096973
148.49249024,-5.04098910013395,-5.27650919137344
148.49349024,-5.08667396911274,-5.25499659903843
148.49449024,-5.03095080246959,-5.23302851321905
148.49549024,-5.06215650286928,-5.21146208422275
148.49649024,-5.07897005136691,-5.18991537949799
148.49749024,-5.09576944323735,-5.16861443589275
148.49849024,-5.05237469331116,-5.14714929458003
148.49949024,-5.10215782953666,-5.12610942258306
148.50049024,-5.04784127751996,-5.10470974861727
148.50149024,-4.96848451260545,-5.08358615788049
148.50249024,-5.00879351385417,-5.06281245626983
148.50349024,-4.98369190646791,-5.0418309770335
148.50449024,-4.98369031324051,-5.02096099989186
148.50549024,-4.93242510339413,-5.00023491982726
148.50649024,-4.93119267144687,-4.9797917324397
148.50749024,-4.88298830801279,-4.95919173489651
148.50849024,-4.80386070784668,-4.93846964037454
148.50949024,-4.86376398853003,-4.91842133175723
148.51049024,-4.90926318786969,-4.89852501956132
148.51149024,-4.91311472394782,-4.87849068741012
148.51249024,-4.89866322035506,-4.85830921054818
148.51349024,-4.96105181322104,-4.83885201343058
148.51449024,-4.84931389566004,-4.81838422862854
148.51549024,-4.79462558899774,-4.79834674966044
148.51649024,-4.78511550987529,-4.77863742565017
148.51749024,-4.91687826999899,-4.7593357877909
148.51849024,-4.88924467185291,-4.73944333757949
148.51949024,-4.76028288358262,-4.71925862112471
148.52049024,-4.62844041467573,-4.69899415660903
148.52149024,-4.63105901845139,-4.67927802940906
148.52249024,-4.62441993086545,-4.65973290529711
148.52349024,-4.59455454986491,-4.63985358814092
148.52449024,-4.58294047726897,-4.61997213000498
148.52549024,-4.6341650049098,-4.60012502713387
148.52649024,-4.58841745564203,-4.58017713770449
148.52749024,-4.53001108158422,-4.5600354245132
148.52849024,-4.51094861433585,-4.5399864034136
148.52949024,-4.51266233804746,-4.52014594282595
148.53049024,-4.55384773097623,-4.49989305655992
148.53149024,-4.45466497353007,-4.47917092102974
148.53249024,-4.51642875009462,-4.45894384044553
148.53349024,-4.45090776240001,-4.43831392551059
148.53449024,-4.41878491076866,-4.41746383904341
148.53549024,-4.46837558514877,-4.39678860990054
148.53649024,-4.45414971892074,-4.37580162093876
148.53749024,-4.47140380323475,-4.35450523227411
148.53849024,-4.3956034297874,-4.33256115764776
148.53949024,-4.43835530660441,-4.31087712382701
148.54049024,-4.40202335680662,-4.28880770063746
148.54149024,-4.35768664533842,-4.26638563191335
148.54249024,-4.45090206573366,-4.24402442350409
148.54349024,-4.42146517817506,-4.22061845212482
148.54449024,-4.41373188546604,-4.19726511051531
148.54549024,-4.35835653415671,-4.17349290082628
148.54649024,-4.42548753289361,-4.14994454164316
148.54749024,-4.30630497799874,-4.12496208287893
148.54849024,-4.34447163559633,-4.10035325138027
148.54949024,-4.39528227770845,-4.0751192050136
148.55049024,-4.41235451020103,-4.049581408816
148.55149024,-4.36730302276479,-4.02325454622215
148.55249024,-4.36865733460168,-3.99668701170135
148.55349024,-4.32395302891018,-3.9694853406673
148.55449024,-4.2527335192522,-3.9417609665192
148.55549024,-4.20706497156911,-3.91315750597616
148.55649024,-4.08745104245918,-3.88404159919277
148.55749024,-4.08985889525595,-3.85447841257235
148.55849024,-4.05143020351618,-3.82432773017015
148.55949024,-3.97158616657488,-3.7933584824365
148.56049024,-3.92787152778837,-3.76190297617977
148.56149024,-3.83093334371581,-3.72972154168938
148.56249024,-3.74114599062045,-3.69663798151102
148.56349024,-3.7376814030459,-3.66312324486465
148.56449024,-3.7286338151343,-3.6291042849466
148.56549024,-3.69355231208148,-3.59404053778499
148.56649024,-3.65757916846828,-3.55819383254246
148.56749024,-3.5411571596211,-3.52117194849931
148.56849024,-3.48553872596282,-3.4839177728893
148.56949024,-3.35859054007253,-3.4455794394576
148.57049024,-3.27548212472749,-3.40650960447457
148.57149024,-3.1906889566169,-3.36633359317611
148.57249024,-3.15298287002564,-3.32563484993941
148.57349024,-3.03351806395188,-3.28386033048949
148.57449024,-3.0242964348394,-3.24147771048896
148.57549024,-2.963132231556,-3.19806754527522
148.57649024,-2.87148140211041,-3.1534595151515
148.57749024,-2.86671570488689,-3.10836221852068
148.57849024,-2.81591467712455,-3.06187851269463
148.57949024,-2.74154937320229,-3.01458579007596
148.58049024,-2.63836884870043,-2.96618677388793
148.58149024,-2.57738077518066,-2.91683766774826
148.58249024,-2.51960395924433,-2.86661385108966
148.58349024,-2.49773394146642,-2.81530879204096
148.58449024,-2.42511435362037,-2.76291560466082
148.58549024,-2.41092215550322,-2.70961796311748
148.58649024,-2.4049965265386,-2.65540658956801
148.58749024,-2.34241228624094,-2.60002317366345
148.58849024,-2.32691610816892,-2.54367886986715
148.58949024,-2.31201988212515,-2.48631356968446
148.59049024,-2.27771723406769,-2.4276737897384
148.59149024,-2.22877428563465,-2.36823965059707
148.59249024,-2.2383050601339,-2.30774475815828
148.59349024,-2.16623282983484,-2.24611171768138
148.59449024,-2.13231397071173,-2.18340822397377
148.59549024,-2.11446722519798,-2.11963663741665
148.59649024,-2.03166392513658,-2.0547887314261
148.59749024,-1.96779159886015,-1.9889218084495
148.59849024,-1.90751243448096,-1.92180128400677
148.59949024,-1.86477874281491,-1.8536265080889
148.60049024,-1.74809744089773,-1.78455771592161
148.60149024,-1.71693734357993,-1.71430830909233
148.60249024,-1.61404828613381,-1.64326866710628
148.60349024,-1.47409441972164,-1.57065062976806
148.60449024,-1.36358812761732,-1.49733685077647
148.60549024,-1.32088992389411,-1.42324856584548
148.60649024,-1.25705701435468,-1.34819683919511
148.60749024,-1.24552101247932,-1.27242057463962
148.60849024,-1.21368663619932,-1.19556948522111
148.60949024,-1.02951797752703,-1.1174570152562
148.61049024,-0.939242065639868,-1.03869637209996
148.61149024,-0.865346232295426,-0.959002311543787
148.61249024,-0.662084980696878,-0.878100674984421
148.61349024,-0.484785128255927,-0.796928523175746
148.61449024,-0.536077655150224,-0.715339647424177
148.61549024,-0.532683134732604,-0.632780477200834
148.61649024,-0.480295864280652,-0.549267938055549
148.61749024,-0.357351491027764,-0.464541091976364
148.61849024,-0.240937681634644,-0.379465264877698
148.61949024,-0.16901702246597,-0.293859731167039
148.62049024,-0.0517086937706464,-0.207496274937563
148.62149024,0.0677344083912024,-0.120398558657408
148.62249024,0.0673435664424722,-0.0330572054070994
148.62349024,0.0292052134300629,0.0548990968217069
148.62449024,0.0773106789735616,0.143263287208829
148.62549024,0.201078524692804,0.232326069037962
148.62649024,0.271563039802339,0.321733827181706
148.62749024,0.364000961587086,0.411528583951218
148.62849024,0.414231115415831,0.501566468705138
148.62949024,0.494196833706234,0.592025318636701
148.63049024,0.566811935009606,0.682755596173395
148.63149024,0.605800542230761,0.773360092454158
148.63249024,0.677502103756715,0.864700520677507
148.63349024,0.774340767782448,0.955899213900151
148.63449024,0.850462793514862,1.04719015869009
148.63549024,0.962989406197275,1.13866897364504
148.63649024,1.03851293930019,1.23014399345317
148.63749024,1.1469943215099,1.32181859904199
148.63849024,1.16322414197034,1.41292472674717
148.63949024,1.27859445402824,1.50423034722691
148.64049024,1.38741022305991,1.5954661294013
148.64149024,1.39453882028717,1.68599207464007
148.64249024,1.51619763902417,1.77657762669887
148.64349024,1.63204400480381,1.86720906041992
148.64449024,1.67973550940828,1.95701926571133
148.64549024,1.83346586126649,2.04696988814263
148.64649024,1.81873063395922,2.13581980480281
148.64749024,1.95104029134982,2.22430019778396
148.64849024,2.06096199129843,2.3123677968345
148.64949024,2.14964169340045,2.39978084392494
148.65049024,2.19344944111141,2.48636795264651
148.65149024,2.33622861490326,2.57259446713732
148.65249024,2.39664579724455,2.65810767649646
148.65349024,2.51209704201604,2.74272481319442
148.65449024,2.57223129834478,2.82619579151202
148.65549024,2.68721572866412,2.90931242823091
148.65649024,2.85819091401802,2.99165173564663
148.65749024,2.86783938484945,3.0725073595144
148.65849024,3.0329872142007,3.1531009976756
148.65949024,3.04104933601321,3.23179820982805
148.66049024,3.1768024836682,3.30983671897449
148.66149024,3.33393135588679,3.38709003816068
148.66249024,3.39400025945735,3.46279063512928
148.66349024,3.43959041294674,3.53759955521569
148.66449024,3.63451858184214,3.61140734969524
148.66549024,3.6847543790005,3.68334047824997
148.66649024,3.76449136287629,3.75407292274001
148.66749024,3.73071934546851,3.82318814262672
148.66849024,3.87043805682155,3.89161020775783
148.66949024,3.94970144832686,3.95832808495536
148.67049024,4.07639118878929,4.02404602042988
148.67149024,4.18721976395081,4.08791110732854
148.67249024,4.1736265272633,4.14986006122699
148.67349024,4.19627533831423,4.21053151489222
148.67449024,4.22093751794251,4.26953258126589
148.67549024,4.31861241004717,4.32744496585155
148.67649024,4.42375922108932,4.38382116267071
148.67749024,4.45327694079352,4.438415753294
148.67849024,4.51093342780432,4.49132288505273
148.67949024,4.52254262351824,4.54252054742869
148.68049024,4.6410784643111,4.59240995347441
148.68149024,4.8148167149885,4.64044048374385
148.68249024,4.84491162628082,4.68692076634824
148.68349024,4.83000720401093,4.73176298713589
148.68449024,4.9116159377844,4.77497197453767
148.68549024,4.95551123543654,4.81637546664323
148.68649024,4.93276848656957,4.85589001459144
148.68749024,5.02217519895857,4.89375324280818
148.68849024,4.9882735240412,4.92957848284951
148.68949024,5.05150343016749,4.9643278210087
148.69049024,5.08068206886553,4.9971391436774
148.69149024,5.1021269696402,5.02813965520792
148.69249024,5.17714057699918,5.05789674735785
148.69349024,5.26597456337394,5.08561044980924
148.69449024,5.33980152344661,5.11185634397719
148.69549024,5.3429761771741,5.13632905186477
148.69649024,5.35300310114233,5.15927214599222
148.69749024,5.43754175409913,5.18104110371534
148.69849024,5.45019857113171,5.20047040714156
148.69949024,5.567744016624,5.2189067043895
148.70049024,5.55107181810808,5.23519323744155
148.70149024,5.47369505504369,5.24975811638199
148.70249024,5.39498560045426,5.26311508138487
148.70349024,5.46423504925164,5.27546402498851
148.70449024,5.46425539217415,5.28624209995495
148.70549024,5.52734076408516,5.29544463073179
148.70649024,5.50560817677197,5.30304651669314
148.70749024,5.49005454858289,5.30948513200504
148.70849024,5.54485531225071,5.31471858155336
148.70949024,5.46548541569388,5.31826996439169
148.71049024,5.54157620365042,5.3209654089244
148.71149024,5.43890957042048,5.32191675125372
148.71249024,5.43707355391609,5.32194593042439
148.71349024,5.4564675142114,5.3206266354114
148.71449024,5.47217702305755,5.31852037237274
148.71549024,5.44573685154753,5.31555545863213
148.71649024,5.5056506422549,5.31131283422037
148.71749024,5.50360146036884,5.30625710659698
148.71849024,5.51910646700579,5.30021747900723
148.71949024,5.45798180402403,5.29322035050493
148.72049024,5.39662828107273,5.28521879145652
148.72149024,5.41278025719563,5.2768228543714
148.72249024,5.38669722803037,5.26743809764669
148.72349024,5.36556252114922,5.25739150369702
148.72449024,5.36561730000656,5.24700719928858
148.72549024,5.27457749024784,5.23558275635553
148.72649024,5.23897777353825,5.22366842792128
148.72749024,5.14828382855264,5.21115022592496
148.72849024,5.02222228950291,5.19816169583623
148.72949024,5.03283802920896,5.18507521439638
148.73049024,4.94848359799652,5.17145611025278
148.73149024,4.88877734446238,5.15746117669631
148.73249024,4.88463746332137,5.14347033696761
148.73349024,4.77389606328449,5.12874620060286
148.73449024,4.76621445100801,5.11424438024303
148.73549024,4.73891770328089,5.09984255105114
148.73649024,4.65636345380848,5.08512596928544
148.73749024,4.62266565278382,5.07061822970279
148.73849024,4.64743080244784,5.05620048202939
148.73949024,4.65626178045085,5.04198201668018
148.74049024,4.67132200237332,5.02765451323777
148.74149024,4.65077622613276,5.01377247469413
148.74249024,4.56913133972912,4.99978625423048
148.74349024,4.51835099568088,4.98649063868007
148.74449024,4.4973331610033,4.97341834339107
148.74549024,4.48458961318555,4.96052277313734
148.74649024,4.52364942941073,4.9480928095107
148.74749024,4.5068226125304,4.93607808008313
148.74849024,4.48729669176715,4.92448740272443
148.74949024,4.52615170971785,4.91351069600488
148.75049024,4.53378804125815,4.90322777346649
148.75149024,4.68027014735149,4.89388400550473
148.75249024,4.78915790190635,4.8848680733626
148.75349024,4.82552314562957,4.87620028947437
148.75449024,4.76929626069136,4.86783475408327
148.75549024,4.75795726739447,4.8606005911522
148.75649024,4.84608824657175,4.85445083977769
148.75749024,4.91282582085907,4.84903451336605
148.75849024,4.91424781409838,4.84418996978762
148.75949024,4.97128469567452,4.84032558871896
148.76049024,4.94272546034846,4.83665766541586
148.76149024,4.95091652515632,4.83430176873298
148.76249024,4.98256820560511,4.83280166145045
148.76349024,4.9655619224876,4.83224891461252
148.76449024,4.99716401666741,4.83246498683272
148.76549024,4.95784991578173,4.83344941979169
148.76649024,4.93191508529791,4.83513553461599
148.76749024,4.85364653325892,4.83769112408913
148.76849024,4.91187682705023,4.8416864511967
148.76949024,4.94847859618719,4.8465358106328
148.77049024,4.98729547518291,4.85255736836559
148.77149024,4.99380436396222,4.8590663772096
148.77249024,4.9968622480163,4.86668571119989
148.77349024,5.00148988929719,4.87470404413013
148.77449024,5.09806462667038,4.88440271256638
148.77549024,5.10955414410614,4.89484985304283
148.77649024,5.10385659714269,4.90608802789835
148.77749024,5.08570974691415,4.91813759467202
148.77849024,5.0822727691904,4.93139283732154
148.77949024,5.12436530909723,4.94555126396838
148.78049024,5.0778980619527,4.96016068040379
148.78149024,5.14521147439007,4.97613413841266
148.78249024,5.13454234241086,4.99269589448852
148.78349024,5.16379090484625,5.01063835351004
148.78449024,5.15870446511423,5.02869633136282
148.78549024,5.1129553718265,5.04755657434912
148.78649024,5.07909280684035,5.06709860228185
148.78749024,5.09625186433376,5.08759567711684
148.78849024,5.02221699772163,5.10845232086153
148.78949024,5.11168550474207,5.13047235906313
148.79049024,5.09695829307782,5.15306941843458
148.79149024,5.07933057706856,5.17608133374994
148.79249024,5.19970435099231,5.20004305833809
148.79349024,5.16617964867952,5.22389876284764
148.79449024,5.23102754610921,5.24860386229966
148.79549024,5.1340074024722,5.27328914746908
148.79649024,5.37889143115372,5.29983752700688
148.79749024,5.38423060032665,5.32613170920085
148.79849024,5.46698463899109,5.35287762850481
148.79949024,5.5254040987768,5.3799190333247
148.80049024,5.59608108281468,5.40715668052952
148.80149024,5.54874435981505,5.43427364131315
148.80249024,5.60998157580618,5.46231221376479
148.80349024,5.65905029864512,5.49050348628078
148.80449024,5.7288675168112,5.51878980713457
148.80549024,5.64471744121406,5.54656114460717
148.80649024,5.62621705124956,5.57478924101195
148.80749024,5.64263761139261,5.60270849493537
148.80849024,5.59623926109002,5.630741084665
148.80949024,5.60893844055048,5.65884089796495
148.81049024,5.71242785651642,5.68751165209712
148.81149024,5.66856516945701,5.71510334305774
148.81249024,5.64507576113854,5.74242080870928
148.81349024,5.70155442713549,5.76986704370739
148.81449024,5.72859288520957,5.79694998662834
148.81549024,5.72013651739906,5.82387823844683
148.81649024,5.75116587605871,5.85060734839058
148.81749024,5.81140541749014,5.87690112181243
148.81849024,5.84540202699303,5.9029573383759
148.81949024,5.88467266098622,5.92835135218818
148.82049024,5.98125037420444,5.95343411052347
148.82149024,5.97563262953184,5.97772506636647
148.82249024,5.98723829350388,6.00160889921047
148.82349024,5.97932291277085,6.02490921360805
148.82449024,6.05469214121389,6.0476826797365
148.82549024,6.09461098841237,6.06969917386552
148.82649024,6.0026832898178,6.09050502759579
148.82749024,6.02392155297356,6.11094161362465
148.82849024,6.03112845430705,6.13057616006947
148.82949024,6.09869324432178,6.14962131700473
148.83049024,6.10122058155265,6.16793814093865
148.83149024,6.14856897687964,6.18496171736981
148.83249024,6.15995659742172,6.20119739897053
148.83349024,6.18728009112305,6.21600218215641
148.83449024,6.17472063231156,6.23039808143423
148.83549024,6.21763508573307,6.24393095848228
148.83649024,6.11824923588967,6.25610965910535
148.83749024,6.21439183460366,6.26790610785102
148.83849024,6.35969464105134,6.2787063760278
148.83949024,6.31731141207932,6.28792819921622
148.84049024,6.31463252426664,6.29616768391822
148.84149024,6.26548948765055,6.30323012149551
148.84249024,6.28027836129301,6.30944579810917
148.84349024,6.31134222108209,6.31477943592754
148.84449024,6.32286378344878,6.31892570175973
148.84549024,6.39064369993714,6.32197223753587
148.84649024,6.29047927119069,6.32329975499439
148.84749024,6.30028616352985,6.32377784430527
148.84849024,6.28646949634996,6.3231974112807
148.84949024,6.32579239921049,6.32170848844396
148.85049024,6.27531722465304,6.31858689492015
148.85149024,6.24255707641361,6.31423145833584
148.85249024,6.18607592199848,6.30893911321682
148.85349024,6.19025393033541,6.30217043597289
148.85449024,6.21192214595142,6.29449792988084
148.85549024,6.14333024637764,6.28539908267301
148.85649024,6.15330048699891,6.27557378741597
148.85749024,6.14314429645546,6.26446703525416
148.85849024,6.17907131511431,6.25241419790357
148.85949024,6.16174969589483,6.23895936217892
148.86049024,6.13236122101747,6.22429019367261
148.86149024,6.1438239152592,6.20871642055681
148.86249024,6.1115335741178,6.19217929066467
148.86349024,6.17330809313572,6.17492212422928
148.86449024,6.17923686987256,6.15623176310448
148.86549024,6.11886312752525,6.13625738398172
148.86649024,6.07074783142357,6.11511458777886
148.86749024,5.9890825099562,6.09288505408118
148.86849024,5.93334436967479,6.06997856303002
148.86949024,5.95112857280253,6.04617567638648
148.87049024,5.88883900939075,6.02121467686913
148.87149024,5.89950770275891,5.9956114569805
148.87249024,5.86701753703911,5.96870917405487
148.87349024,5.91029981662917,5.94094573716482
148.87449024,5.89504628827858,5.91235316909759
148.87549024,5.77445292781146,5.88269999959917
148.87649024,5.82211727758677,5.85287394434969
148.87749024,5.88352100356438,5.8222664959301
148.87849024,5.86402016996843,5.79067796204946
148.87949024,5.86945430868464,5.75841520764
148.88049024,5.79687290899468,5.72502349159419
148.88149024,5.69582518190983,5.6909939760437
148.88249024,5.6840035972512,5.65683408840614
148.88349024,5.7063287189919,5.62224019437225
148.88449024,5.72834094305337,5.5869852800637
148.88549024,5.66247840660984,5.55058653319878
148.88649024,5.5798280594592,5.51375525269512
148.88749024,5.52736116015023,5.4764532736895
148.88849024,5.49552641393141,5.43856033022522
148.88949024,5.4857604634735,5.40065625338975
148.89049024,5.39765447730149,5.36223216047029
148.89149024,5.42598576991903,5.32336123022153
148.89249024,5.41971876106712,5.28426519697873
148.89349024,5.40407851277428,5.24458237241431
148.89449024,5.34630186543562,5.20458139489853
148.89549024,5.23602560009859,5.16422016968618
148.89649024,5.17451095901982,5.1239951597156
148.89749024,5.16396099292324,5.08385557472283
148.89849024,5.12668376326459,5.04349953881692
148.89949024,5.1033748255757,5.00297352588714
148.90049024,5.05730198044752,4.96191331255794
148.90149024,4.98023430281391,4.92103404091146
148.90249024,4.99631033995716,4.88073638195401
148.90349024,4.86730472104059,4.83995441503406
148.90449024,4.77630952313207,4.79910972855808
148.90549024,4.7889394416231,4.75860431579148
148.90649024,4.77373138897161,4.718195609083
148.90749024,4.69819810304757,4.67770927241036
148.90849024,4.67962760808982,4.63754931960164
148.90949024,4.59257336439349,4.5972995233406
148.91049024,4.54986522103356,4.55772146866504
148.91149024,4.50216169050005,4.51792329177754
148.91249024,4.45501072671072,4.47852095842979
148.91349024,4.39496643100852,4.43909825039381
148.91449024,4.38464148650358,4.40049903774604
148.91549024,4.34505487522295,4.36203527038479
148.91649024,4.22874826925811,4.32379406052686
148.91749024,4.25208631932527,4.28651687048542
148.91849024,4.22459276821934,4.24942788054472
148.91949024,4.16726539692258,4.21250167757642
148.92049024,4.10852673078888,4.17573488545492
148.92149024,4.07012631777967,4.14026077464692
148.92249024,4.06397603949981,4.10498589248315
148.92349024,4.05104072977017,4.07037564884207
148.92449024,4.10031431368031,4.03655965569488
148.92549024,4.0231448447154,4.00259694324363
148.92649024,3.92800545763212,3.96912784252899
148.92749024,3.88278674738703,3.93622000424861
148.92849024,3.89780685052648,3.90435164999974
148.92949024,3.90357524426779,3.87284452239125
148.93049024,3.87722912468268,3.84209343754799
148.93149024,3.88091014093825,3.81195387849028
148.93249024,3.79767959096391,3.78219715654761
148.93349024,3.70824488183555,3.75268873823979
148.93449024,3.72607476082173,3.72438486762908
148.93549024,3.65430175111641,3.69647425997573
148.93649024,3.73222594888856,3.66976197743874
148.93749024,3.57899710746936,3.64314881282917
148.93849024,3.53774611251198,3.61764164533765
148.93949024,3.57832770391538,3.59282546940367
148.94049024,3.53977384249872,3.56831699004327
148.94149024,3.56582625491865,3.54499711789771
148.94249024,3.55174676989749,3.5221736281425
148.94349024,3.54796086893697,3.50018422720499
148.94449024,3.55685855998645,3.47901433386443
148.94549024,3.49944418142885,3.45838672988899
148.94649024,3.49602001068081,3.4383908942239
148.94749024,3.46097162524041,3.41888307390353
148.94849024,3.47918528748187,3.40050121651524
148.94949024,3.41532271345128,3.38232000851938
148.95049024,3.36044416460983,3.36508881281849
148.95149024,3.36784121391512,3.34863236960671
148.95249024,3.36770378215109,3.33269028177394
148.95349024,3.34127075150693,3.31727969311587
148.95449024,3.2852724292633,3.30243815153598
148.95549024,3.31379673411835,3.28856532680879
148.95649024,3.25851016067654,3.27527124785672
148.95749024,3.28236999959165,3.26296974225613
148.95849024,3.31733874070701,3.2513195169958
148.95949024,3.31974531577858,3.24005327091989
148.96049024,3.31735334831558,3.22921980296558
148.96149024,3.27192270626708,3.21912920182197
148.96249024,3.23417113279396,3.2096670534077
148.96349024,3.21074247145483,3.20089938802275
148.96449024,3.20729663444849,3.19270609410165
148.96549024,3.28931198525649,3.18535040717807
148.96649024,3.29027400150332,3.17841425767791
148.96749024,3.23639728788388,3.17148451562046
148.96849024,3.1379380899129,3.16510119773372
148.96949024,3.26958569033721,3.16022532688088
148.97049024,3.18524185051237,3.15511581334383
148.97149024,3.22747992524376,3.15063998109023
148.97249024,3.3094092080818,3.14654338976055
148.97349024,3.16529971594001,3.14246436240401
148.97449024,3.17375476451469,3.13902418788108
148.97549024,3.14104264640539,3.13622120341122
148.97649024,3.22578227247312,3.13430720423865
148.97749024,3.20369352999815,3.13237418813306
148.97849024,3.12909512187343,3.13067493162476
148.97949024,3.11215705698789,3.12939661133012
148.98049024,3.15641262354186,3.12851412091447
148.98149024,3.14440322031982,3.1278277846178
148.98249024,3.14207129453132,3.12757128420074
148.98349024,3.1149198052006,3.12772115233896
148.98449024,3.0838561279058,3.12817367346243
148.98549024,2.95609554476342,3.12832151259888
148.98649024,2.98888468164474,3.12914013778925
148.98749024,3.04770525100371,3.13018411485482
148.98849024,3.15483835805143,3.13158980563392
148.98949024,3.08310472934952,3.13279753486834
148.99049024,3.1040500415535,3.13439990665508
148.99149024,3.1303749072132,3.13584963571579
148.99249024,3.15847064735648,3.13771043942038
148.99349024,3.21705645393062,3.13942457003973
148.99449024,3.32568810274387,3.14144304811138
148.99549024,3.18509214601454,3.14283196228988
148.99649024,3.17139999868168,3.14467442162717
148.99749024,3.11007429334114,3.14650505229896
148.99849024,3.16057461323014,3.14851855207228
148.99949024,3.20064560608202,3.15055836694184
149.00049024,3.21135448556534,3.15231009340765
149.00149024,3.21021767818026,3.15407792699295
149.00249024,3.18433783149268,3.15582086618349
149.00349024,3.14949103810925,3.1573878532879
149.00449024,3.14847229189987,3.15890607625244
149.00549024,3.10883920217861,3.15995569993801
149.00649024,3.13419200025491,3.16122196238696
149.00749024,3.17409073870422,3.16206580988558
149.00849024,3.17511660658311,3.16274231620964
149.00949024,3.16929111656093,3.16322433506707
149.01049024,3.17201959971428,3.16363914410797
149.01149024,3.22168249349404,3.1636059117677
149.01249024,3.22171779165565,3.16299272574243
149.01349024,3.18008132813421,3.16193173435201
149.01449024,3.18815218543374,3.16082927263369
149.01549024,3.15290090666299,3.1594962184593
149.01649024,3.14770228560989,3.15760980793047
149.01749024,3.08894691404842,3.15559747497153
149.01849024,3.09070236767966,3.15289498681135
149.01949024,3.09027000426836,3.15003734864933
149.02049024,3.07372593737969,3.14643871626748
149.02149024,3.15379436089421,3.14299408363775
149.02249024,3.16001937862692,3.13890570437522
149.02349024,3.19098386981525,3.13450015588608
149.02449024,3.13570621593549,3.12949200559984
149.02549024,3.17238038034759,3.12394577739055
149.02649024,3.09379240305222,3.11741441115085
149.02749024,3.16891045545808,3.11090724131968
149.02849024,3.14562071556379,3.10359669682818
149.02949024,3.17577030433052,3.09587305490383
149.03049024,3.15023631295318,3.08749721373027
149.03149024,3.15167379543215,3.0787951384841
149.03249024,3.18265654595734,3.06929284755571
149.03349024,3.07553944161058,3.05848350990002
149.03449024,3.11965842538241,3.04802057310384
149.03549024,3.05732465766777,3.0365659868855
149.03649024,3.03293044995305,3.02445663380409
149.03749024,3.01843930492166,3.0121913263335
149.03849024,3.0900752337351,2.99941465735398
149.03949024,3.046362060257,2.98561632711786
149.04049024,3.00789586410436,2.97096537029852
149.04149024,3.06656197809137,2.95621672159689
149.04249024,3.02698993534096,2.94057368002942
149.04349024,2.97536574546663,2.92429363941375
149.04449024,2.96898174838714,2.90738389427845
149.04549024,2.91135619015454,2.88951507810432
149.04649024,2.86994170762484,2.87114201198803
149.04749024,2.86364618156556,2.85225920577898
149.04849024,2.79801951589536,2.83226378113472
149.04949024,2.79921361449726,2.81209170286446
149.05049024,2.83065642851806,2.7914790204053
149.05149024,2.80799723030886,2.76981474439605
149.05249024,2.76028231069608,2.74746555146529
149.05349024,2.72712716948323,2.72411912583806
149.05449024,2.6744306989883,2.70040319807641
149.05549024,2.67521585133707,2.6764038790587
149.05649024,2.70751931812602,2.65188080982072
149.05749024,2.63627543867348,2.62640450794078
149.05849024,2.65183850357103,2.60056056962559
149.05949024,2.63558130799314,2.57389934081619
149.06049024,2.69226595036931,2.54685539661748
149.06149024,2.66039801636534,2.51911186145897
149.06249024,2.58567317895229,2.49071995254646
149.06349024,2.51342882640501,2.46198090679612
149.06449024,2.50158486943184,2.43270894712201
149.06549024,2.43950373671481,2.40284651179775
149.06649024,2.40809881985056,2.37218169477325
149.06749024,2.40567432647743,2.34106193352926
149.06849024,2.27753294547558,2.30930900363943
149.06949024,2.27478411501359,2.27733160593149
149.07049024,2.23233112513639,2.24503656787156
149.07149024,2.23585412255656,2.21203524975947
149.07249024,2.17655221820875,2.17865804726288
149.07349024,2.12251138409944,2.14471926365676
149.07449024,2.12512176828665,2.11055511260978
149.07549024,2.11031557470161,2.07618091752164
149.07649024,2.02328604156026,2.04123442374745
149.07749024,1.92474250224442,2.0059070596208
149.07849024,1.91287440335708,1.97055810991874
149.07949024,1.96158972517386,1.9349701184283
149.08049024,1.97691630360936,1.89898158181715
149.08149024,1.94589257117418,1.86279197762532
149.08249024,1.88720384326673,1.82626422723246
149.08349024,1.86786246066052,1.78969303336237
149.08449024,1.7637352983791,1.75281807451531
149.08549024,1.76790141362202,1.71590468341442
149.08649024,1.7717748498712,1.6787837491906
149.08749024,1.7754130751639,1.64162562310166
149.08849024,1.69376837700002,1.60418510653637
149.08949024,1.66177009648196,1.56674141347404
149.09049024,1.6117549939023,1.52942786468821
149.09149024,1.52537731012368,1.49167823599791
149.09249024,1.47358720862797,1.4542790755694
149.09349024,1.41211196517633,1.41663206955898
149.09449024,1.40485524515942,1.37917014788474
149.09549024,1.38041705561296,1.34223627034205
149.09649024,1.30618839353958,1.30506587181928
149.09749024,1.244452667097,1.26821560905647
149.09849024,1.23571886674657,1.23173678507283
149.09949024,1.17675011507397,1.19517247995105
149.10049024,1.16548997292982,1.15867345544842
149.10149024,1.15938365208258,1.12295236739
149.10249024,1.15022869922165,1.08727122765453
149.10349024,1.09556701342581,1.05191567928619
149.10449024,1.09575474001032,1.01694138753842
149.10549024,1.05590382706052,0.982087738795549
149.10649024,1.04169752396257,0.94760972101512
149.10749024,0.958245805296528,0.913548903113272
149.10849024,0.957668092785084,0.879879524662959
149.10949024,0.985261062464922,0.847008589723844
149.11049024,0.952146616259646,0.814702044280542
149.11149024,0.851871614594743,0.781963074474844
149.11249024,0.850933119685122,0.750302289697676
149.11349024,0.812050034196885,0.718730358932267
149.11449024,0.835193848536808,0.688351772845726
149.11549024,0.790212388383883,0.658380545162298
149.11649024,0.731049445778371,0.628843632931616
149.11749024,0.65596051801179,0.600116659549938
149.11849024,0.549697427859706,0.571630586250171
149.11949024,0.621824584309647,0.544439021726975
149.12049024,0.567098004453975,0.517324472922979
149.12149024,0.578601551613901,0.491590713557646
149.12249024,0.525200592893264,0.465855803414772
149.12349024,0.51626788297517,0.441502759337219
149.12449024,0.435489956123752,0.417241480666532
149.12549024,0.396600627159605,0.393983674871091
149.12649024,0.405319063516865,0.371280155671665
149.12749024,0.352876573407678,0.349493220512671
149.12849024,0.253867691781122,0.328230295896727
149.12949024,0.276538779951463,0.308325306046639
149.13049024,0.268589980417268,0.28896392757309
149.13149024,0.1123094257812,0.269946547722501
149.13249024,0.0700502912665357,0.251915396607275
149.13349024,0.0423652107317913,0.234808690072304
149.13449024,0.0888748215580799,0.218653134078755
149.13549024,0.0615660582494233,0.203461411351892
149.13649024,0.0593969091883599,0.18911603725991
149.13749024,0.0789776139751315,0.175533064070894
149.13849024,0.0964683313788324,0.162846629805622
149.13949024,0.102959806532573,0.150919002452141
149.14049024,0.0988240431682612,0.139687157180046
149.14149024,0.0968321118060167,0.129253834540255
149.14249024,0.14178855433029,0.119908812464556
149.14349024,0.075082007645028,0.111041952541357
149.14449024,0.112143886098683,0.103685688647908
149.14549024,0.145333934830397,0.0967138483669012
149.14649024,0.139236984199403,0.0905470443722978
149.14749024,0.24129596670192,0.0854198930296839
149.14849024,0.25798699166955,0.0807975227625561
149.14949024,0.241053230365447,0.0770689214362842
149.15049024,0.206974988403732,0.0738272933154913
149.15149024,0.161462429520745,0.0711964444266423
149.15249024,0.0938517304194788,0.0695153022638633
149.15349024,0.138762130854541,0.0686306296878026
149.15449024,0.0699928001177259,0.0685017367763592
149.15549024,0.0964953924037422,0.0692564147039055
149.15649024,0.0134991834955513,0.0705626558302632
149.15749024,0.0120217542885936,0.072551562884537
149.15849024,-0.0157361392590909,0.0752074196818729
149.15949024,0.074000772358999,0.0788285491907749
149.16049024,0.0848712390338073,0.0828557082798433
149.16149024,0.170979544107902,0.0878038106495537
149.16249024,0.0922548151770795,0.0930356087863191
149.16349024,0.115720011026767,0.0989394296147089
149.16449024,0.205506979340544,0.105614302436393
149.16549024,0.14224341142297,0.1124500129486
149.16649024,0.211095415444038,0.119961061502281
149.16749024,0.305659315098524,0.1280472909679
149.16849024,0.221965237609773,0.136063890679909
149.16949024,0.21858285644814,0.144949016325847
149.17049024,0.166133720852624,0.153806739351114
149.17149024,0.210336365606593,0.163508197160859
149.17249024,0.340717025771183,0.173837852453654
149.17349024,0.397748873655597,0.184314658230757
149.17449024,0.281722513506542,0.194427152545746
149.17549024,0.277465366261681,0.205431399252317
149.17649024,0.248140629892356,0.216506259711496
149.17749024,0.319115980002518,0.228249276483037
149.17849024,0.343747520273855,0.239896546068464
149.17949024,0.372091427740736,0.251751302892409
149.18049024,0.420421314967489,0.263877402191745
149.18149024,0.402346121799267,0.275758908520017
149.18249024,0.351389318954839,0.288026356754711
149.18349024,0.409652343671829,0.30055283802103
149.18449024,0.373041637211195,0.313014255639416
149.18549024,0.37943899815178,0.325380250347003
149.18649024,0.317380920109013,0.337597995261022
149.18749024,0.389530215116925,0.350130730691894
149.18849024,0.345729594562395,0.362336004540596
149.18949024,0.360669677447794,0.374533159594507
149.19049024,0.285693875681523,0.386629184461773
149.19149024,0.28992270753626,0.398680193429815
149.19249024,0.364637110628825,0.410828852793763
149.19349024,0.386915793555631,0.422467799100005
149.19449024,0.352098693368217,0.433907455649453
149.19549024,0.395807690075739,0.445330019370114
149.19649024,0.460875303148305,0.456483619243868
149.19749024,0.436186659771949,0.467160195639211
149.19849024,0.428522429174973,0.477628629407744
149.19949024,0.546410440181877,0.487908869922431
149.20049024,0.573798557061505,0.497796977752981
149.20149024,0.583807696167653,0.507284707266202
149.20249024,0.58382521338375,0.516322870806394
149.20349024,0.558432277178205,0.524804430742442
149.20449024,0.582498059204043,0.532991140350138
149.20549024,0.57768580297327,0.54064651560708
149.20649024,0.514546763096034,0.547692749801307
149.20749024,0.640929215170877,0.555240450104858
149.20849024,0.597439147999394,0.561337614002145
149.20949024,0.561329085969783,0.567244435267973
149.21049024,0.536805735083809,0.572271600593841
149.21149024,0.54029272000168,0.576853379268968
149.21249024,0.52047054224886,0.58114720800323
149.21349024,0.520960827318962,0.584728690645576
149.21449024,0.489883847029362,0.587586578064379
149.21549024,0.529443482705473,0.590024176438456
149.21649024,0.562063888771949,0.592196071228788
149.21749024,0.507859845090299,0.593435600552478
149.21849024,0.507482507768085,0.593961123987725
149.21949024,0.514999563979267,0.594012842971923
149.22049024,0.51702482496248,0.593119658277657
149.22149024,0.586959079386321,0.592264884071261
149.22249024,0.60765779202222,0.590427770333262
149.22349024,0.566721631141655,0.587588338319059
149.22449024,0.535805250481673,0.584553486411305
149.22549024,0.566497306840859,0.580808878759359
149.22649024,0.649939039888497,0.576377552279589
149.22749024,0.726062683546793,0.571454382347187
149.22849024,0.694153011032689,0.565288944213398
149.22949024,0.634803460510015,0.558565350569078
149.23049024,0.642236394615924,0.551441311374102
149.23149024,0.629560398985452,0.543406686275704
149.23249024,0.580643449379158,0.53439215926394
149.23349024,0.555617122134108,0.525007746003672
149.23449024,0.551960450363103,0.514955105607616
149.23549024,0.535501480236691,0.504512813451685
149.23649024,0.463115198988884,0.492881938232646
149.23749024,0.328512155691421,0.480678561846374
149.23849024,0.346157613613017,0.468160814264693
149.23949024,0.375471305576127,0.455205975072198
149.24049024,0.383078103449197,0.441353412426857
149.24149024,0.385129746082683,0.426916399385629
149.24249024,0.406691564048889,0.41227485124124
149.24349024,0.40483142813137,0.396672443402712
149.24449024,0.323652437141802,0.380274902742069
149.24549024,0.405318174399796,0.363818160806516
149.24649024,0.453251911895227,0.346814413118093
149.24749024,0.475906133345476,0.329203545622588
149.24849024,0.466373108866919,0.310759462613493
149.24949024,0.39999409060412,0.291661675985898
149.25049024,0.381896207901222,0.272356416045783
149.25149024,0.289825321570253,0.252196409129723
149.25249024,0.194492241350195,0.231578236080362
149.25349024,0.153105539982626,0.210507304245783
149.25449024,0.121575572657373,0.189284913675687
149.25549024,0.13292690706976,0.167807184496002
149.25649024,0.0745511304858972,0.145692876291301
149.25749024,-0.0454743599584646,0.122733992268879
149.25849024,-0.0825388203997659,0.0998560333989821
149.25949024,-0.0500463727799982,0.076797265170577
149.26049024,-0.00609097491053512,0.0535084133475035
149.26149024,0.00402472365538409,0.0298307651049424
149.26249024,0.0131030454934589,0.00568452100431985
149.26349024,-0.0092665295368517,-0.0186479959950862
149.26449024,-0.0503003873759531,-0.0434863619297796
149.26549024,-0.152913800458836,-0.0686587791577506
149.26649024,-0.0867865486389101,-0.0935460680674638
149.26749024,-0.0449341983372316,-0.118892366967863
149.26849024,-0.115400207875503,-0.144844694853899
149.26949024,-0.104944252561589,-0.170555148086991
149.27049024,-0.163790417540947,-0.196530924140136
149.27149024,-0.189624983922695,-0.222506560130687
149.27249024,-0.233984510897247,-0.248833840881622
149.27349024,-0.199545705079586,-0.274791176190627
149.27449024,-0.241630091905114,-0.300934246963741
149.27549024,-0.306473444614629,-0.327481579824041
149.27649024,-0.291756625930805,-0.353551815272038
149.27749024,-0.397363499444092,-0.380352617895747
149.27849024,-0.369271241180148,-0.406522372741762
149.27949024,-0.420996680424597,-0.433039021437806
149.28049024,-0.382001611065553,-0.458893441103238
149.28149024,-0.373021703703991,-0.484755499019367
149.28249024,-0.425531757206751,-0.511016813225902
149.28349024,-0.478907768068167,-0.537057875530012
149.28449024,-0.54575004672919,-0.562755746359264
149.28549024,-0.548141672529093,-0.588395931952242
149.28649024,-0.576274096354537,-0.613865117225001
149.28749024,-0.557374090586079,-0.639312638837741
149.28849024,-0.612071123762729,-0.664470615541102
149.28949024,-0.599162292274357,-0.689348386177074
149.29049024,-0.674414426123071,-0.714521082098531
149.29149024,-0.741506627677393,-0.739004396180058
149.29249024,-0.714657761123097,-0.763303170495888
149.29349024,-0.782241576917945,-0.787469365497717
149.29449024,-0.80009572282621,-0.811269439338693
149.29549024,-0.839224285827862,-0.834743013262944
149.29649024,-0.897647741677302,-0.858260335745682
149.29749024,-0.98374307642851,-0.881108025531317
149.29849024,-0.979303045236493,-0.903739013627161
149.29949024,-0.951010103534902,-0.925917552210291
149.30049024,-0.937411047370604,-0.947719397875217
149.30149024,-0.910957139000502,-0.96897852909025
149.30249024,-0.988764914785776,-0.990266409994305
149.30349024,-0.943697115259628,-1.01108697664863
149.30449024,-0.983347855656741,-1.03191737756799
149.30549024,-1.01095415851688,-1.05207062563144
149.30649024,-0.928121780288268,-1.07140531061313
149.30749024,-0.924862825002166,-1.09042004528306
149.30849024,-1.03847352096437,-1.10980852533833
149.30949024,-1.04466362233718,-1.12815181616764
149.31049024,-1.04123903449907,-1.14618155190707
149.31149024,-1.1126636674106,-1.16422616071701
149.31249024,-1.13383107708379,-1.18137128366383
149.31349024,-1.21081115143241,-1.19833856061733
149.31449024,-1.21502613626448,-1.21474236721957
149.31549024,-1.25004015502371,-1.23074379761688
149.31649024,-1.27617000784728,-1.24621838313908
149.31749024,-1.44496587426874,-1.26149605015895
149.31849024,-1.4126136096524,-1.27618949125815
149.31949024,-1.37076029367865,-1.29016314496537
149.32049024,-1.35573718785866,-1.30382001161687
149.32149024,-1.40505933469203,-1.31715690646639
149.32249024,-1.42678039810751,-1.33001658871399
149.32349024,-1.42862562308893,-1.34242300815915
149.32449024,-1.41282225428066,-1.35441779929285
149.32549024,-1.4793228293678,-1.36623463086611
149.32649024,-1.39687423855235,-1.37694404433576
149.32749024,-1.31746085911776,-1.38762303271353
149.32849024,-1.34331348369927,-1.39791581504394
149.32949024,-1.35862729533936,-1.40781660210166
149.33049024,-1.41006992730948,-1.41726421533115
149.33149024,-1.48923137922875,-1.42665932978126
149.33249024,-1.47386960206419,-1.43530982458505
149.33349024,-1.43899224618725,-1.44342577726586
149.33449024,-1.4632148130169,-1.45167749506293
149.33549024,-1.43386597598787,-1.45919795580791
149.33649024,-1.46126506327699,-1.46643087258735
149.33749024,-1.53922528278643,-1.47345972979749
149.33849024,-1.51309446901673,-1.479931536548
149.33949024,-1.5404299318178,-1.48621024701593
149.34049024,-1.47981478419923,-1.49183573801533
149.34149024,-1.46711831917545,-1.49737455382837
149.34249024,-1.5181666865133,-1.50274372079711
149.34349024,-1.52907957100891,-1.50797058258186
149.34449024,-1.51481172184836,-1.51266730928023
149.34549024,-1.48629097865166,-1.51700095856465
149.34649024,-1.43107327548573,-1.52113943223474
149.34749024,-1.42383284023327,-1.52511805453546
149.34849024,-1.39633761679933,-1.52894755707661
149.34949024,-1.43350555857958,-1.53272386264817
149.35049024,-1.43297498020593,-1.53640491113497
149.35149024,-1.4814959709917,-1.53988575953468
149.35249024,-1.47707041183718,-1.54304030314506
149.35349024,-1.50796949091693,-1.54604311540759
149.35449024,-1.54231345181114,-1.54926012042702
149.35549024,-1.59878538570145,-1.55219269171742
149.35649024,-1.64253566237375,-1.55512253756506
149.35749024,-1.75431514402288,-1.55805031074382
149.35849024,-1.76502240073998,-1.56055274722284
149.35949024,-1.71716379793966,-1.56309535620754
149.36049024,-1.65382682294819,-1.56527851335706
149.36149024,-1.66684324758294,-1.56795017131498
149.36249024,-1.7425533268038,-1.57054793762821
149.36349024,-1.67764105455579,-1.57297544194183
149.36449024,-1.68722729621799,-1.57572741113589
149.36549024,-1.70795559581064,-1.57852217661047
149.36649024,-1.72712463212174,-1.58117341870779
149.36749024,-1.60813459941837,-1.58369346363539
149.36849024,-1.62229965134537,-1.58643025766314
149.36949024,-1.61589681816887,-1.5894153872734
149.37049024,-1.63656437940797,-1.59262345596486
149.37149024,-1.73510634657086,-1.59615825073719
149.37249024,-1.65575325172702,-1.59935231589701
149.37349024,-1.70231586685252,-1.60306252563084
149.37449024,-1.67988970191543,-1.60678180770953
149.37549024,-1.6297913010027,-1.61044864330754
149.37649024,-1.65787942527957,-1.61468615746996
149.37749024,-1.7262653486345,-1.6192760887897
149.37849024,-1.72201571313761,-1.62392929058618
149.37949024,-1.73217778652914,-1.6289162496653
149.38049024,-1.6393852442487,-1.63360822780064
149.38149024,-1.56139406413381,-1.63878556734842
149.38249024,-1.4877404264077,-1.6443641621828
149.38349024,-1.48113402211334,-1.65051776948377
149.38449024,-1.49865151651867,-1.65692592649063
149.38549024,-1.5072252314984,-1.66373474977997
149.38649024,-1.5223032703587,-1.67057013468495
149.38749024,-1.48005922977272,-1.67787403450707
149.38849024,-1.50468242716622,-1.68577444919167
149.38949024,-1.54361810670728,-1.69409492501309
149.39049024,-1.58445076616507,-1.70268329857438
149.39149024,-1.75688622147802,-1.71223612869677
149.39249024,-1.74644181463162,-1.72150239991241
149.39349024,-1.7859692464367,-1.73131079470727
149.39449024,-1.82944970492788,-1.74157535246399
149.39549024,-1.85578433055957,-1.75193594786893
149.39649024,-1.84096088753729,-1.76298160936073
149.39749024,-1.95003717255558,-1.77486980183971
149.39849024,-2.01373636808394,-1.78718948131969
149.39949024,-1.92847566190991,-1.79932036397768
149.40049024,-1.96892583941457,-1.81217427447644
149.40149024,-1.94517823519374,-1.82551919717963
149.40249024,-1.98071227587382,-1.83971605548433
149.40349024,-1.94879227909793,-1.85391742941368
149.40449024,-1.97787625426246,-1.86880393939743
149.40549024,-2.02278599060862,-1.88419415442946
149.40649024,-2.01254455404775,-1.90001696895445
149.40749024,-1.90756659509096,-1.91575555468522
149.40849024,-1.98095399036932,-1.93284299268981
149.40949024,-1.97090689617261,-1.94999573058272
149.41049024,-2.037673579026,-1.96799884002431
149.41149024,-2.10271178609076,-1.98622607070601
149.41249024,-2.17215222790897,-2.00535318686481
149.41349024,-2.13821113475342,-2.0243583868586
149.41449024,-2.18385297288083,-2.04399575034929
149.41549024,-2.15926399073059,-2.06411362482513
149.41649024,-2.18427438450873,-2.08492956647675
149.41749024,-2.28417600226128,-2.10648309618346
149.41849024,-2.22185170181454,-2.12787766190505
149.41949024,-2.19250883316576,-2.14980475584781
149.42049024,-2.18801564343368,-2.17231034637424
149.42149024,-2.13263718357886,-2.19517491669406
149.42249024,-2.12875206433591,-2.21887501909038
149.42349024,-2.16595089050832,-2.24314583977841
149.42449024,-2.24406379438699,-2.26770981175701
149.42549024,-2.21478604832279,-2.29260331702718
149.42649024,-2.15703047363668,-2.31758866460152
149.42749024,-2.12303624084192,-2.34328513974693
149.42849024,-2.14583404519169,-2.36947482973559
149.42949024,-2.15553861722786,-2.39615964061565
149.43049024,-2.2303454804225,-2.42342689760577
149.43149024,-2.36308315819761,-2.4512293435707
149.43249024,-2.42747032900711,-2.47914279420057
149.43349024,-2.37106724494209,-2.50682257056006
149.43449024,-2.39656993067294,-2.53533953442849
149.43549024,-2.42614950135197,-2.56419187259579
149.43649024,-2.50884894570591,-2.59345680357049
149.43749024,-2.60895715942035,-2.62304994420366
149.43849024,-2.64075950173038,-2.65289831517816
149.43949024,-2.69077823188925,-2.68306859720748
149.44049024,-2.60092387495282,-2.71286890493525
149.44149024,-2.60687878074224,-2.74349426143284
149.44249024,-2.64427995110827,-2.77447807823424
149.44349024,-2.72538625699111,-2.80594899669069
149.44449024,-2.7698618409124,-2.83760162864025
149.44549024,-2.81472208255126,-2.86919287575667
149.44649024,-2.84469445442482,-2.90101247004498
149.44749024,-2.7976699158618,-2.93277000751659
149.44849024,-2.81444783777648,-2.96476169084832
149.44949024,-2.93633383822743,-2.99732642191753
149.45049024,-3.03920921089239,-3.03027797919051
149.45149024,-3.06153243463244,-3.0628842499124
149.45249024,-3.12856469892906,-3.09565212129924
149.45349024,-3.15994553441949,-3.12821951799221
149.45449024,-3.16749596511365,-3.1609672603438
149.45549024,-3.19416152496092,-3.19393909093232
149.45649024,-3.35551498638684,-3.22739613795616
149.45749024,-3.48296365206193,-3.26061384286702
149.45849024,-3.50059817685196,-3.29355008653094
149.45949024,-3.50181837195402,-3.32629482335074
149.46049024,-3.45995262722235,-3.35878193700293
149.46149024,-3.52358063008887,-3.3919701339644
149.46249024,-3.54610554265629,-3.42471986619891
149.46349024,-3.67510924760375,-3.45800529620535
149.46449024,-3.64992567009682,-3.49043024339423
149.46549024,-3.68280300095737,-3.52289252366842
149.46649024,-3.71805678293989,-3.55544614397069
149.46749024,-3.55190316174671,-3.58711056307768
149.46849024,-3.63885346088229,-3.61948349919276
149.46949024,-3.69700167869408,-3.65154214919292
149.47049024,-3.75582575688095,-3.68344537726975
149.47149024,-3.7859203027947,-3.71500183070439
149.47249024,-3.91357771599599,-3.74686923088829
149.47349024,-3.87879412166356,-3.7777918080531
149.47449024,-3.94726278236447,-3.80870146082786
149.47549024,-3.94579490418905,-3.83934910071931
149.47649024,-4.00040978511482,-3.86984141602705
149.47749024,-4.12785761873363,-3.90048276830141
149.47849024,-4.10291011804017,-3.93021273927053
149.47949024,-4.11597472973698,-3.95960493447987
149.48049024,-4.14366739816625,-3.98894023326821
149.48149024,-4.11613690229565,-4.01764473130107
149.48249024,-4.15986183629273,-4.04615561088352
149.48349024,-4.18998708497955,-4.07469096393912
149.48449024,-4.16625764533828,-4.10242724367094
149.48549024,-4.18890022195487,-4.12977867398144
149.48649024,-4.15217624783283,-4.15681756701323
149.48749024,-4.12358472015416,-4.18342186732138
149.48849024,-4.13333202608593,-4.20963831549959
149.48949024,-4.19601646204902,-4.23577216490915
149.49049024,-4.30853888954765,-4.26171468688461
149.49149024,-4.35316050089185,-4.28677471997707
149.49249024,-4.39964674968253,-4.3116002100157
149.49349024,-4.36564189500336,-4.33563017080707
149.49449024,-4.39534851310104,-4.35954669398791
149.49549024,-4.36732432271565,-4.38277615314433
149.49649024,-4.4859532528934,-4.40593710579738
149.49749024,-4.57443797675385,-4.42846153084799
149.49849024,-4.60384187761229,-4.45056093436042
149.49949024,-4.54921313314399,-4.4718931455554
149.50049024,-4.50895631263084,-4.4927260131649
149.50149024,-4.52936468212513,-4.51330762003622
149.50249024,-4.4772698377326,-4.53330064086228
149.50349024,-4.53923255549293,-4.55310142945461
149.50449024,-4.52257382280604,-4.57217986444889
149.50549024,-4.6047924055714,-4.59119594851549
149.50649024,-4.54607935965994,-4.60930644588596
149.50749024,-4.45234673270335,-4.62671182732103
149.50849024,-4.40528009592612,-4.64384463444544
149.50949024,-4.55732703324749,-4.66112564027632
149.51049024,-4.54240403479278,-4.67755727430789
149.51149024,-4.64138080667701,-4.69392650937507
149.51249024,-4.65067189915518,-4.709249103049
149.51349024,-4.58425238294922,-4.72385705164359
149.51449024,-4.62948507891644,-4.73841232538612
149.51549024,-4.68748519591415,-4.75266455387513
149.51649024,-4.83301873926114,-4.76679314654043
149.51749024,-4.83598782685646,-4.77965591588547
149.51849024,-4.86225296001363,-4.79248718236398
149.51949024,-4.85560787287329,-4.80473687379972
149.52049024,-4.87572251238598,-4.8163783746071
149.52149024,-4.83926171595341,-4.82745937709416
149.52249024,-4.84581374255843,-4.83852928856177
149.52349024,-4.82444299752598,-4.84894909125857
149.52449024,-4.81463543858228,-4.85909930010374
149.52549024,-4.85042466188718,-4.86867394219808
149.52649024,-4.80827789824354,-4.87778836270348
149.52749024,-4.73371202712768,-4.88633278727832
149.52849024,-4.79061180396106,-4.89503429705685
149.52949024,-4.8406267834469,-4.90330422924874
149.53049024,-4.81858470049878,-4.91091687370769
149.53149024,-4.87641522139,-4.91842954827019
149.53249024,-4.91817868433747,-4.925634576351
149.53349024,-4.96324849510715,-4.93253531740387
149.53449024,-4.89058718122785,-4.93863770230285
149.53549024,-4.96702230308865,-4.94501821540186
149.53649024,-4.97908627365197,-4.95098414817306
149.53749024,-5.11156489735326,-4.95688146814177
149.53849024,-5.07290777141638,-4.96213795829272
149.53949024,-5.06337827897899,-4.96727183233956
149.54049024,-5.01802796109951,-4.97159690323767
149.54149024,-5.01599882908506,-4.97622036942309
149.54249024,-5.02077903794081,-4.98044807234727
149.54349024,-4.98492413142263,-4.98429124363694
149.54449024,-5.00725518510789,-4.98823268483286
149.54549024,-5.03098257397714,-4.99192252778226
149.54649024,-5.06587418218852,-4.99525202388698
149.54749024,-4.92985093272031,-4.99800940342428
149.54849024,-4.9629455235025,-5.00082785877836
149.54949024,-5.00356283375689,-5.00369879924062
149.55049024,-5.00582476622959,-5.0064498116426
149.55149024,-5.08349353697039,-5.00919168651373
149.55249024,-5.07810884080641,-5.01142461058118
149.55349024,-5.08103208163678,-5.01361798002038
149.55449024,-5.19247127396668,-5.01606518704126
149.55549024,-5.03085664385994,-5.01752968034136
149.55649024,-5.12554795057864,-5.01975915791239
149.55749024,-5.117613819965,-5.02151949322053
149.55849024,-5.14880802535696,-5.02348872907309
149.55949024,-5.07277548078792,-5.02498685554798
149.56049024,-5.0639869742919,-5.02644328671144
149.56149024,-5.05060385262977,-5.02829089964714
149.56249024,-5.0599829756415,-5.02981943677692
149.56349024,-5.03552598185081,-5.0315200479043
149.56449024,-5.04923410531277,-5.03324081290353
149.56549024,-5.03180379876527,-5.03459197913399
149.56649024,-5.01531516867001,-5.03601468174997
149.56749024,-4.93050194537375,-5.03720116220037
149.56849024,-4.94398710591422,-5.03908297511267
149.56949024,-4.99624511321997,-5.04089820096862
149.57049024,-5.01526246885016,-5.04277775061655
149.57149024,-5.07660434758555,-5.04486018530915
149.57249024,-5.1241988274535,-5.0465766339679
149.57349024,-5.07138809710685,-5.04822897774809
149.57449024,-5.12266755087893,-5.05033609193529
149.57549024,-5.08454452911623,-5.05247655105601
149.57649024,-5.13484595485205,-5.05475978342088
149.57749024,-5.26836379641594,-5.05730976246739
149.57849024,-5.23746327776871,-5.05957124367006
149.57949024,-5.21614844370479,-5.06208820985527
149.58049024,-5.16979536828141,-5.0642260202987
149.58149024,-5.14875915290217,-5.06682430181316
149.58249024,-5.17846485176425,-5.06977097752776
149.58349024,-5.14283615461419,-5.07279272955165
149.58449024,-5.1439065803987,-5.07576318233177
149.58549024,-5.14990224338887,-5.07896472137809
149.58649024,-5.12631625100261,-5.08199867892463
149.58749024,-5.023152744251,-5.08494021851279
149.58849024,-5.08151786659949,-5.08892836342657
149.58949024,-5.11227993408844,-5.09269406157099
149.59049024,-5.15318034572357,-5.09695526942608
149.59149024,-5.17626660447294,-5.1010343899548
149.59249024,-5.18707742971862,-5.10510009497014
149.59349024,-5.18295950283248,-5.1094950692743
149.59449024,-5.12532128198343,-5.11374234076899
149.59549024,-5.14264173660183,-5.11849578877038
149.59649024,-5.19932957388527,-5.12349522217017
149.59749024,-5.30328422976023,-5.12879382672232
149.59849024,-5.21347283773047,-5.13359604696991
149.59949024,-5.24968769600971,-5.13910922646161
149.60049024,-5.22346642013724,-5.14416298844254
149.60149024,-5.22552634827756,-5.14985618405276
149.60249024,-5.25789097381938,-5.15574474675385
149.60349024,-5.24471852608028,-5.16171717839991
149.60449024,-5.27017001802669,-5.167912009409
149.60549024,-5.20647678049392,-5.17370714011683
149.60649024,-5.10577342648825,-5.17962261853028
149.60749024,-5.07599949100856,-5.18595779221355
149.60849024,-5.2003295943064,-5.19307806390786
149.60949024,-5.15027117006596,-5.19968544210323
149.61049024,-5.22078614329516,-5.20689331721377
149.61149024,-5.26135190513442,-5.21400475829072
149.61249024,-5.2599938553518,-5.22099101855531
149.61349024,-5.2605320650195,-5.22814085089511
149.61449024,-5.23247013474972,-5.23557614125421
149.61549024,-5.25474136084677,-5.24325056026744
149.61649024,-5.34026960603255,-5.25093861179443
149.61749024,-5.34066407026868,-5.25881501354186
149.61849024,-5.35060126165795,-5.26650723026828
149.61949024,-5.34840361447758,-5.27439237402684
149.62049024,-5.26024113338307,-5.28189637158101
149.62149024,-5.28214605255137,-5.29002396468575
149.62249024,-5.23983842824091,-5.29811038790083
149.62349024,-5.22421287939661,-5.30602425165076
149.62449024,-5.28796543951562,-5.31454707926741
149.62549024,-5.28560910747816,-5.32279997709748
149.62649024,-5.2985846774157,-5.3311566356823
149.62749024,-5.14782063748924,-5.33889190262608
149.62849024,-5.18740324454821,-5.34733567779104
149.62949024,-5.17878460434387,-5.35558338552986
149.63049024,-5.25381144112724,-5.36447295032486
149.63149024,-5.30787606459132,-5.37305206854114
149.63249024,-5.28980823383583,-5.38138896286535
149.63349024,-5.33942006320195,-5.39012587192592
149.63449024,-5.32394014596333,-5.39841079027247
149.63549024,-5.31674733300345,-5.40687428681464
149.63649024,-5.36028192741491,-5.4154156823668
149.63749024,-5.42704447793267,-5.42396620973072
149.63849024,-5.41271536028311,-5.43230329527447
149.63949024,-5.38295735476866,-5.44068920681334
149.64049024,-5.39004402905524,-5.44872759748469
149.64149024,-5.32855490261089,-5.45687959543144
149.64249024,-5.36918254670257,-5.46520197780747
149.64349024,-5.40266578148142,-5.47353644117744
149.64449024,-5.33139178614191,-5.48118281762573
149.64549024,-5.37020139154918,-5.48920219945468
149.64649024,-5.44703236816417,-5.49730192469949
149.64749024,-5.24776393258351,-5.50437165734194
149.64849024,-5.29570549516785,-5.51217850340045
149.64949024,-5.33875713333322,-5.51987922582427
149.65049024,-5.46110680373112,-5.52768858602279
149.65149024,-5.50200317867018,-5.53514438457102
149.65249024,-5.55458901270362,-5.54243162593259
149.65349024,-5.54166926853206,-5.54949436185162
149.65449024,-5.54658909022027,-5.55641602103763
149.65549024,-5.53966461805752,-5.56303134009408
149.65649024,-5.63797552883753,-5.56993460200249
149.65749024,-5.71783840703917,-5.57658131444863
149.65849024,-5.77438950167873,-5.58294886920695
149.65949024,-5.72641029584994,-5.58890591310723
149.66049024,-5.69651893854695,-5.59472945062899
149.66149024,-5.61538364306883,-5.6001112100368
149.66249024,-5.69538557007109,-5.60585505697912
149.66349024,-5.67426917579266,-5.61094353365
149.66449024,-5.70578077376723,-5.61605705810647
149.66549024,-5.69990966022206,-5.62063389088265
149.66649024,-5.69285194683341,-5.62502875232841
149.66749024,-5.62160136391631,-5.62913545993807
149.66849024,-5.7606240296236,-5.63374651713464
149.66949024,-5.73865025764721,-5.63772530588184
149.67049024,-5.70067875060805,-5.64101194628135
149.67149024,-5.77074869962604,-5.64440464247428
149.67249024,-5.77792350733717,-5.64729438675684
149.67349024,-5.79489423409893,-5.65011715031558
149.67449024,-5.77810267944699,-5.65272491993428
149.67549024,-5.75190825792913,-5.65487350116291
149.67649024,-5.83979351722028,-5.65703901313456
149.67749024,-5.84517645709771,-5.65853717026317
149.67849024,-5.8113364658454,-5.65965294729686
149.67949024,-5.81528487467178,-5.66053023896335
