time,j4_torque,j4_torque_cmd
137.401,-0.486663579661754,-0.499698
137.402,-0.488835,-0.499698
137.403,-0.488835,-0.499698
137.404,-0.488835,-0.499698
137.405,-0.488835,-0.499698
137.406,-0.488835,-0.499698
137.407,-0.488835,-0.499698
137.408,-0.488835,-0.499698
137.409,-0.462104260714774,-0.499698
137.41,-0.459867,-0.499698
137.411,-0.459867,-0.499698
137.412,-0.459867,-0.499698
137.413,-0.459867,-0.499698
137.414,-0.459867,-0.499698
137.415,-0.459867,-0.499698
137.416,-0.459867,-0.499698
137.417,-0.459971549404967,-0.499698
137.418,-0.469872061245845,-0.499698
137.419,-0.47073,-0.499698
137.42,-0.47073,-0.499698
137.421,-0.47073,-0.499698
137.422,-0.47073,-0.499698
137.423,-0.47073,-0.499698
137.424,-0.47073,-0.499698
137.425,-0.470763970302797,-0.499698
137.426,-0.474351,-0.499698
137.427,-0.474351,-0.499698
137.428,-0.474351,-0.499698
137.429,-0.474351,-0.499698
137.43,-0.474351,-0.499698
137.431,-0.474351,-0.499698
137.432,-0.474351,-0.499698
137.433,-0.474606147683094,-0.499698
137.434,-0.485214,-0.499698
137.435,-0.485214,-0.499698
137.436,-0.485214,-0.499698
137.437,-0.485214,-0.499698
137.438,-0.485214,-0.499698
137.439,-0.485214,-0.499698
137.44,-0.485214,-0.499698
137.441,-0.485214,-0.499698
137.442,-0.485365863098247,-0.499698
137.443,-0.488835,-0.499698
137.444,-0.488835,-0.499698
137.445,-0.488835,-0.499698
137.446,-0.488835,-0.499698
137.447,-0.488835,-0.499698
137.448,-0.488835,-0.499698
137.449,-0.488835,-0.499698
137.45,-0.487981007836249,-0.499698
137.451,-0.467109,-0.499698
137.452,-0.467109,-0.499698
137.453,-0.467109,-0.499698
137.454,-0.467109,-0.499698
137.455,-0.467109,-0.499698
137.456,-0.467109,-0.499698
137.457,-0.467109,-0.499698
137.458,-0.467719861551537,-0.499698
137.459,-0.477972,-0.499698
137.46,-0.477972,-0.499698
137.461,-0.477972,-0.499698
137.462,-0.477972,-0.499698
137.463,-0.477972,-0.499698
137.464,-0.477972,-0.499698
137.465,-0.477972,-0.499698
137.466,-0.477972,-0.499698
137.467,-0.477817197166836,-0.499698
137.468,-0.47073,-0.499698
137.469,-0.47073,-0.499698
137.47,-0.47073,-0.499698
137.471,-0.47073,-0.499698
137.472,-0.47073,-0.499698
137.473,-0.47073,-0.499698
137.474,-0.47073,-0.499698
137.475,-0.470292151808047,-0.499698
137.476,-0.463488,-0.499698
137.477,-0.463488,-0.499698
137.478,-0.463488,-0.499698
137.479,-0.463488,-0.499698
137.48,-0.463488,-0.499698
137.481,-0.463488,-0.499698
137.482,-0.463488,-0.499698
137.483,-0.463488,-0.499698
137.484,-0.463488,-0.499698
137.485,-0.47073,-0.499698
137.486,-0.47073,-0.499698
137.487,-0.47073,-0.499698
137.488,-0.47073,-0.499698
137.489,-0.47073,-0.499698
137.49,-0.47073,-0.499698
137.491,-0.47073,-0.499698
137.492,-0.47073,-0.499698
137.493,-0.459973516980582,-0.499698
137.494,-0.459867,-0.499698
137.495,-0.459867,-0.499698
137.496,-0.459867,-0.499698
137.497,-0.459867,-0.499698
137.498,-0.459867,-0.499698
137.499,-0.459867,-0.499698
137.5,-0.460119951125836,-0.499698
137.501,-0.47073,-0.499698
137.502,-0.47073,-0.499698
137.503,-0.47073,-0.499698
137.504,-0.47073,-0.499698
137.505,-0.47073,-0.499698
137.506,-0.47073,-0.499698
137.507,-0.47073,-0.499698
137.508,-0.47073,-0.499698
137.509,-0.47073,-0.499698
137.51,-0.47073,-0.499698
137.511,-0.47073,-0.499698
137.512,-0.47073,-0.499698
137.513,-0.47073,-0.499698
137.514,-0.47073,-0.499698
137.515,-0.47073,-0.499698
137.516,-0.47073,-0.499698
137.517,-0.47073,-0.499698
137.518,-0.477972,-0.499698
137.519,-0.477972,-0.499698
137.52,-0.477972,-0.499698
137.521,-0.477972,-0.499698
137.522,-0.477972,-0.499698
137.523,-0.477972,-0.499698
137.524,-0.477972,-0.499698
137.525,-0.477972,-0.499698
137.526,-0.477797574361635,-0.499698
137.527,-0.47073,-0.499698
137.528,-0.47073,-0.499698
137.529,-0.47073,-0.499698
137.53,-0.47073,-0.499698
137.531,-0.47073,-0.499698
137.532,-0.47073,-0.499698
137.533,-0.47073,-0.499698
137.534,-0.47073,-0.499698
137.535,-0.488835,-0.499698
137.536,-0.488835,-0.499698
137.537,-0.488835,-0.499698
137.538,-0.488835,-0.499698
137.539,-0.488835,-0.499698
137.54,-0.488835,-0.499698
137.541,-0.488835,-0.499698
137.542,-0.488835,-0.499698
137.543,-0.474983842312709,-0.499698
137.544,-0.474351,-0.499698
137.545,-0.474351,-0.499698
137.546,-0.474351,-0.499698
137.547,-0.474351,-0.499698
137.548,-0.474351,-0.499698
137.549,-0.474351,-0.499698
137.55,-0.474351,-0.499698
137.551,-0.474351,-0.499698
137.552,-0.467404359999848,-0.499698
137.553,-0.467109,-0.499698
137.554,-0.467109,-0.499698
137.555,-0.467109,-0.499698
137.556,-0.467109,-0.499698
137.557,-0.467109,-0.499698
137.558,-0.467109,-0.499698
137.559,-0.466950247689356,-0.499698
137.56,-0.459883282288426,-0.499698
137.561,-0.459867,-0.499698
137.562,-0.459867,-0.499698
137.563,-0.459867,-0.499698
137.564,-0.459867,-0.499698
137.565,-0.459867,-0.499698
137.566,-0.459867,-0.499698
137.567,-0.459867,-0.499698
137.568,-0.459867,-0.499698
137.569,-0.476193153989874,-0.499698
137.57,-0.477972,-0.499698
137.571,-0.477972,-0.499698
137.572,-0.477972,-0.499698
137.573,-0.477972,-0.499698
137.574,-0.477972,-0.499698
137.575,-0.477972,-0.499698
137.576,-0.477972,-0.499698
137.577,-0.474565741822516,-0.499698
137.578,-0.474351,-0.499698
137.579,-0.474351,-0.499698
137.58,-0.474351,-0.499698
137.581,-0.474351,-0.499698
137.582,-0.474351,-0.499698
137.583,-0.474351,-0.499698
137.584,-0.474351,-0.499698
137.585,-0.484903606344776,-0.499698
137.586,-0.485214,-0.499698
137.587,-0.485214,-0.499698
137.588,-0.485214,-0.499698
137.589,-0.485214,-0.499698
137.59,-0.485214,-0.499698
137.591,-0.485214,-0.499698
137.592,-0.485214,-0.499698
137.593,-0.485214,-0.499698
137.594,-0.460398131691706,-0.499698
137.595,-0.459867,-0.499698
137.596,-0.459867,-0.499698
137.597,-0.459867,-0.499698
137.598,-0.459867,-0.499698
137.599,-0.459867,-0.499698
137.6,-0.459867,-0.499698
137.601,-0.459867,-0.499698
137.602,-0.474351,-0.499698
137.603,-0.474351,-0.499698
137.604,-0.474351,-0.499698
137.605,-0.474351,-0.499698
137.606,-0.474351,-0.499698
137.607,-0.474351,-0.499698
137.608,-0.474351,-0.499698
137.609,-0.474351,-0.499698
137.61,-0.470750760400003,-0.499698
137.611,-0.47073,-0.499698
137.612,-0.47073,-0.499698
137.613,-0.47073,-0.499698
137.614,-0.47073,-0.499698
137.615,-0.47073,-0.499698
137.616,-0.47073,-0.499698
137.617,-0.47073,-0.499698
137.618,-0.47073,-0.499698
137.619,-0.474351,-0.499698
137.62,-0.474351,-0.499698
137.621,-0.474351,-0.499698
137.622,-0.474351,-0.499698
137.623,-0.474351,-0.499698
137.624,-0.474351,-0.499698
137.625,-0.474351,-0.499698
137.626,-0.474351,-0.499698
137.627,-0.474351,-0.499698
137.628,-0.474351,-0.499698
137.629,-0.474351,-0.499698
137.63,-0.474351,-0.499698
137.631,-0.474351,-0.499698
137.632,-0.474351,-0.499698
137.633,-0.474351,-0.499698
137.634,-0.474351,-0.499698
137.635,-0.474813150233532,-0.499698
137.636,-0.485214,-0.499698
137.637,-0.485214,-0.499698
137.638,-0.485214,-0.499698
137.639,-0.485214,-0.499698
137.64,-0.485214,-0.499698
137.641,-0.485214,-0.499698
137.642,-0.485214,-0.499698
137.643,-0.485072437305982,-0.499698
137.644,-0.452625,-0.499698
137.645,-0.452625,-0.499698
137.646,-0.452625,-0.499698
137.647,-0.452625,-0.499698
137.648,-0.452625,-0.499698
137.649,-0.452625,-0.499698
137.65,-0.452625,-0.499698
137.651,-0.452625,-0.499698
137.652,-0.452625,-0.499698
137.653,-0.462302122500202,-0.499698
137.654,-0.463488,-0.499698
137.655,-0.463488,-0.499698
137.656,-0.463488,-0.499698
137.657,-0.463488,-0.499698
137.658,-0.463488,-0.499698
137.659,-0.463488,-0.499698
137.66,-0.463488,-0.499698
137.661,-0.488835,-0.499698
137.662,-0.488835,-0.499698
137.663,-0.488835,-0.499698
137.664,-0.488835,-0.499698
137.665,-0.488835,-0.499698
137.666,-0.488835,-0.499698
137.667,-0.488835,-0.499698
137.668,-0.488835,-0.499698
137.669,-0.46001708342054,-0.499698
137.67,-0.459867,-0.499698
137.671,-0.459867,-0.499698
137.672,-0.459867,-0.499698
137.673,-0.459867,-0.499698
137.674,-0.459867,-0.499698
137.675,-0.459867,-0.499698
137.676,-0.459867,-0.499698
137.677,-0.459867,-0.499698
137.678,-0.459867,-0.499698
137.679,-0.459867,-0.499698
137.68,-0.459867,-0.499698
137.681,-0.459867,-0.499698
137.682,-0.459867,-0.499698
137.683,-0.459867,-0.499698
137.684,-0.459867,-0.499698
137.685,-0.459867,-0.499698
137.686,-0.467087485404377,-0.499698
137.687,-0.467109,-0.499698
137.688,-0.467109,-0.499698
137.689,-0.467109,-0.499698
137.69,-0.467109,-0.499698
137.691,-0.467109,-0.499698
137.692,-0.467109,-0.499698
137.693,-0.467109,-0.499698
137.694,-0.47073,-0.499698
137.695,-0.47073,-0.499698
137.696,-0.47073,-0.499698
137.697,-0.47073,-0.499698
137.698,-0.47073,-0.499698
137.699,-0.47073,-0.499698
137.7,-0.47073,-0.499698
137.701,-0.47073,-0.499698
137.702,-0.47073,-0.499698
137.703,-0.488835,-0.499698
137.704,-0.488835,-0.499698
137.705,-0.488835,-0.499698
137.706,-0.488835,-0.499698
137.707,-0.488835,-0.499698
137.708,-0.488835,-0.499698
137.709,-0.488835,-0.499698
137.71,-0.488647314659731,-0.499698
137.711,-0.474351,-0.499698
137.712,-0.474351,-0.499698
137.713,-0.474351,-0.499698
137.714,-0.474351,-0.499698
137.715,-0.474351,-0.499698
137.716,-0.474351,-0.499698
137.717,-0.474351,-0.499698
137.718,-0.474351,-0.499698
137.719,-0.474215803394407,-0.499698
137.72,-0.459867,-0.499698
137.721,-0.459867,-0.499698
137.722,-0.459867,-0.499698
137.723,-0.459867,-0.499698
137.724,-0.459867,-0.499698
137.725,-0.459867,-0.499698
137.726,-0.459867,-0.499698
137.727,-0.459867,-0.499698
137.728,-0.46685550119324,-0.499698
137.729,-0.467109,-0.499698
137.73,-0.467109,-0.499698
137.731,-0.467109,-0.499698
137.732,-0.467109,-0.499698
137.733,-0.467109,-0.499698
137.734,-0.467109,-0.499698
137.735,-0.467285546896821,-0.499698
137.736,-0.47057344351468,-0.499698
137.737,-0.47073,-0.499698
137.738,-0.47073,-0.499698
137.739,-0.47073,-0.499698
137.74,-0.47073,-0.499698
137.741,-0.47073,-0.499698
137.742,-0.47073,-0.499698
137.743,-0.47073,-0.499698
137.744,-0.47073,-0.499698
137.745,-0.488604688071227,-0.499698
137.746,-0.488835,-0.499698
137.747,-0.488835,-0.499698
137.748,-0.488835,-0.499698
137.749,-0.488835,-0.499698
137.75,-0.488835,-0.499698
137.751,-0.488835,-0.499698
137.752,-0.488835,-0.499698
137.753,-0.475353952173823,-0.499698
137.754,-0.474351,-0.499698
137.755,-0.474351,-0.499698
137.756,-0.474351,-0.499698
137.757,-0.474351,-0.499698
137.758,-0.474351,-0.499698
137.759,-0.474351,-0.499698
137.76,-0.474351,-0.499698
137.761,-0.474351,-0.499698
137.762,-0.474351,-0.499698
137.763,-0.474351,-0.499698
137.764,-0.474351,-0.499698
137.765,-0.474351,-0.499698
137.766,-0.474351,-0.499698
137.767,-0.474351,-0.499698
137.768,-0.474351,-0.499698
137.769,-0.474351,-0.499698
137.77,-0.463538661249393,-0.499698
137.771,-0.463488,-0.499698
137.772,-0.463488,-0.499698
137.773,-0.463488,-0.499698
137.774,-0.463488,-0.499698
137.775,-0.463488,-0.499698
137.776,-0.463488,-0.499698
137.777,-0.463488,-0.499698
137.778,-0.49218312157503,-0.499698
137.779,-0.496077,-0.499698
137.78,-0.496077,-0.499698
137.781,-0.496077,-0.499698
137.782,-0.496077,-0.499698
137.783,-0.496077,-0.499698
137.784,-0.496077,-0.499698
137.785,-0.496077,-0.499698
137.786,-0.495872954382897,-0.499698
137.787,-0.485214,-0.499698
137.788,-0.485214,-0.499698
137.789,-0.485214,-0.499698
137.79,-0.485214,-0.499698
137.791,-0.485214,-0.499698
137.792,-0.485214,-0.499698
137.793,-0.485214,-0.499698
137.794,-0.48448664969243,-0.499698
137.795,-0.449004,-0.499698
137.796,-0.449004,-0.499698
137.797,-0.449004,-0.499698
137.798,-0.449004,-0.499698
137.799,-0.449004,-0.499698
137.8,-0.449004,-0.499698
137.801,-0.449004,-0.499698
137.802,-0.449984423336856,-0.499698
137.803,-0.467109,-0.499698
137.804,-0.467109,-0.499698
137.805,-0.467109,-0.499698
137.806,-0.467109,-0.499698
137.807,-0.467109,-0.499698
137.808,-0.467109,-0.499698
137.809,-0.467109,-0.499698
137.81,-0.467109,-0.499698
137.811,-0.467109,-0.499698
137.812,-0.463488,0.499698
137.813,-0.463488,0.499698
137.814,-0.463488,0.499698
137.815,-0.463488,0.499698
137.816,-0.463488,0.499698
137.817,-0.463488,0.499698
137.818,-0.463488,0.499698
137.819,-0.44564746569596,0.499698
137.82,0.391068,0.499698
137.821,0.391068,0.499698
137.822,0.391068,0.499698
137.823,0.391068,0.499698
137.824,0.391068,0.499698
137.825,0.391068,0.499698
137.826,0.391068,0.499698
137.827,0.391068,0.499698
137.828,0.391068,0.499698
137.829,0.39831,0.499698
137.83,0.39831,0.499698
137.831,0.39831,0.499698
137.832,0.39831,0.499698
137.833,0.39831,0.499698
137.834,0.39831,0.499698
137.835,0.39831,0.499698
137.836,0.39831,0.499698
137.837,0.480591777207905,0.499698
137.838,0.481593,0.499698
137.839,0.481593,0.499698
137.84,0.481593,0.499698
137.841,0.481593,0.499698
137.842,0.481593,0.499698
137.843,0.481593,0.499698
137.844,0.48218823287608,0.499698
137.845,0.525045,0.499698
137.846,0.525045,0.499698
137.847,0.525045,0.499698
137.848,0.525045,0.499698
137.849,0.525045,0.499698
137.85,0.525045,0.499698
137.851,0.525045,0.499698
137.852,0.525045,0.499698
137.853,0.525479632162986,0.499698
137.854,0.539529,0.499698
137.855,0.539529,0.499698
137.856,0.539529,0.499698
137.857,0.539529,0.499698
137.858,0.539529,0.499698
137.859,0.539529,0.499698
137.86,0.539529,0.499698
137.861,0.538759453433687,0.499698
137.862,0.409173,0.499698
137.863,0.409173,0.499698
137.864,0.409173,0.499698
137.865,0.409173,0.499698
137.866,0.409173,0.499698
137.867,0.409173,0.499698
137.868,0.409173,0.499698
137.869,0.409173,0.499698
137.87,0.409173,0.499698
137.871,0.377375257264843,0.499698
137.872,0.376584,0.499698
137.873,0.376584,0.499698
137.874,0.376584,0.499698
137.875,0.376584,0.499698
137.876,0.376584,0.499698
137.877,0.376584,0.499698
137.878,0.38034314168252,0.499698
137.879,0.515680903889955,0.499698
137.88,0.517803,0.499698
137.881,0.517803,0.499698
137.882,0.517803,0.499698
137.883,0.517803,0.499698
137.884,0.517803,0.499698
137.885,0.517803,0.499698
137.886,0.517803,0.499698
137.887,0.576697158926612,0.499698
137.888,0.582981,0.499698
137.889,0.582981,0.499698
137.89,0.582981,0.499698
137.891,0.582981,0.499698
137.892,0.582981,0.499698
137.893,0.582981,0.499698
137.894,0.582981,0.499698
137.895,0.582981,0.499698
137.896,0.453133055960943,0.499698
137.897,0.449004,0.499698
137.898,0.449004,0.499698
137.899,0.449004,0.499698
137.9,0.449004,0.499698
137.901,0.449004,0.499698
137.902,0.449004,0.499698
137.903,0.449004,0.499698
137.904,0.456074238205606,0.499698
137.905,0.456246,0.499698
137.906,0.456246,0.499698
137.907,0.456246,0.499698
137.908,0.456246,0.499698
137.909,0.456246,0.499698
137.91,0.456246,0.499698
137.911,0.456246,0.499698
137.912,0.456246,0.499698
137.913,0.472683592761927,0.499698
137.914,0.474351,0.499698
137.915,0.474351,0.499698
137.916,0.474351,0.499698
137.917,0.474351,0.499698
137.918,0.474351,0.499698
137.919,0.474351,0.499698
137.92,0.474351,0.499698
137.921,0.467612536594921,0.499698
137.922,0.467109,0.499698
137.923,0.467109,0.499698
137.924,0.467109,0.499698
137.925,0.467109,0.499698
137.926,0.467109,0.499698
137.927,0.467109,0.499698
137.928,0.467109,0.499698
137.929,0.481593,0.499698
137.93,0.481593,0.499698
137.931,0.481593,0.499698
137.932,0.481593,0.499698
137.933,0.481593,0.499698
137.934,0.481593,0.499698
137.935,0.481593,0.499698
137.936,0.481593,0.499698
137.937,0.481570061324444,0.499698
137.938,0.477972,0.499698
137.939,0.477972,0.499698
137.94,0.477972,0.499698
137.941,0.477972,0.499698
137.942,0.477972,0.499698
137.943,0.477972,0.499698
137.944,0.477972,0.499698
137.945,0.477691438810544,0.499698
137.946,0.467109,0.499698
137.947,0.467109,0.499698
137.948,0.467109,0.499698
137.949,0.467109,0.499698
137.95,0.467109,0.499698
137.951,0.467109,0.499698
137.952,0.467109,0.499698
137.953,0.467109,0.499698
137.954,0.467238686649548,0.499698
137.955,0.47073,0.499698
137.956,0.47073,0.499698
137.957,0.47073,0.499698
137.958,0.47073,0.499698
137.959,0.47073,0.499698
137.96,0.47073,0.499698
137.961,0.47073,0.499698
137.962,0.47044878467524,0.499698
137.963,0.463488,0.499698
137.964,0.463488,0.499698
137.965,0.463488,0.499698
137.966,0.463488,0.499698
137.967,0.463488,0.499698
137.968,0.463488,0.499698
137.969,0.463488,0.499698
137.97,0.463488,0.499698
137.971,0.474351,0.499698
137.972,0.474351,0.499698
137.973,0.474351,0.499698
137.974,0.474351,0.499698
137.975,0.474351,0.499698
137.976,0.474351,0.499698
137.977,0.474351,0.499698
137.978,0.474351,0.499698
137.979,0.47416009693876,0.499698
137.98,0.467109,0.499698
137.981,0.467109,0.499698
137.982,0.467109,0.499698
137.983,0.467109,0.499698
137.984,0.467109,0.499698
137.985,0.467109,0.499698
137.986,0.467109,0.499698
137.987,0.467218058035739,0.499698
137.988,0.47073,0.499698
137.989,0.47073,0.499698
137.99,0.47073,0.499698
137.991,0.47073,0.499698
137.992,0.47073,0.499698
137.993,0.47073,0.499698
137.994,0.47073,0.499698
137.995,0.47073,0.499698
137.996,0.47073,0.499698
137.997,0.474351,0.499698
137.998,0.474351,0.499698
137.999,0.474351,0.499698
138,0.474351,0.499698
138.001,0.474351,0.499698
138.002,0.474351,0.499698
138.003,0.474351,0.499698
138.004,0.474249881648855,0.499698
138.005,0.464845273105104,0.499698
138.006,0.463488,0.499698
138.007,0.463488,0.499698
138.008,0.463488,0.499698
138.009,0.463488,0.499698
138.01,0.463488,0.499698
138.011,0.463488,0.499698
138.012,0.463941058964429,0.499698
138.013,0.474112102528655,0.499698
138.014,0.474351,0.499698
138.015,0.474351,0.499698
138.016,0.474351,0.499698
138.017,0.474351,0.499698
138.018,0.474351,0.499698
138.019,0.474351,0.499698
138.02,0.474351,0.499698
138.021,0.474351,0.499698
138.022,0.46046729089808,0.499698
138.023,0.459867,0.499698
138.024,0.459867,0.499698
138.025,0.459867,0.499698
138.026,0.459867,0.499698
138.027,0.459867,0.499698
138.028,0.459867,0.499698
138.029,0.459867,0.499698
138.03,0.483203316148134,0.499698
138.031,0.485214,0.499698
138.032,0.485214,0.499698
138.033,0.485214,0.499698
138.034,0.485214,0.499698
138.035,0.485214,0.499698
138.036,0.485214,0.499698
138.037,0.485068380151799,0.499698
138.038,0.467109,0.499698
138.039,0.467109,0.499698
138.04,0.467109,0.499698
138.041,0.467109,0.499698
138.042,0.467109,0.499698
138.043,0.467109,0.499698
138.044,0.467109,0.499698
138.045,0.467109,0.499698
138.046,0.467109,0.499698
138.047,0.463488,0.499698
138.048,0.463488,0.499698
138.049,0.463488,0.499698
138.05,0.463488,0.499698
138.051,0.463488,0.499698
138.052,0.463488,0.499698
138.053,0.463488,0.499698
138.054,0.463488,0.499698
138.055,0.456246,0.499698
138.056,0.456246,0.499698
138.057,0.456246,0.499698
138.058,0.456246,0.499698
138.059,0.456246,0.499698
138.06,0.456246,0.499698
138.061,0.456246,0.499698
138.062,0.456246,0.499698
138.063,0.456246,0.499698
138.064,0.466630949262326,0.499698
138.065,0.467109,0.499698
138.066,0.467109,0.499698
138.067,0.467109,0.499698
138.068,0.467109,0.499698
138.069,0.467109,0.499698
138.07,0.467109,0.499698
138.071,0.467207142376636,0.499698
138.072,0.47073,0.499698
138.073,0.47073,0.499698
138.074,0.47073,0.499698
138.075,0.47073,0.499698
138.076,0.47073,0.499698
138.077,0.47073,0.499698
138.078,0.47073,0.499698
138.079,0.47073,0.499698
138.08,0.467128067930479,0.499698
138.081,0.467109,0.499698
138.082,0.467109,0.499698
138.083,0.467109,0.499698
138.084,0.467109,0.499698
138.085,0.467109,0.499698
138.086,0.467109,0.499698
138.087,0.467109,0.499698
138.088,0.467109,0.499698
138.089,0.470718164683169,0.499698
138.09,0.47073,0.499698
138.091,0.47073,0.499698
138.092,0.47073,0.499698
138.093,0.47073,0.499698
138.094,0.47073,0.499698
138.095,0.47073,0.499698
138.096,0.470833008196715,0.499698
138.097,0.477652936475375,0.499698
138.098,0.477972,0.499698
138.099,0.477972,0.499698
138.1,0.477972,0.499698
138.101,0.477972,0.499698
138.102,0.477972,0.499698
138.103,0.477972,0.499698
138.104,0.477972,0.499698
138.105,0.477972,0.499698
138.106,0.470855202014775,0.499698
138.107,0.47073,0.499698
138.108,0.47073,0.499698
138.109,0.47073,0.499698
138.11,0.47073,0.499698
138.111,0.47073,0.499698
138.112,0.47073,0.499698
138.113,0.47073,0.499698
138.114,0.48852741505534,0.499698
138.115,0.488835,0.499698
138.116,0.488835,0.499698
138.117,0.488835,0.499698
138.118,0.488835,0.499698
138.119,0.488835,0.499698
138.12,0.488835,0.499698
138.121,0.488623337454663,0.499698
138.122,0.477972,0.499698
138.123,0.477972,0.499698
138.124,0.477972,0.499698
138.125,0.477972,0.499698
138.126,0.477972,0.499698
138.127,0.477972,0.499698
138.128,0.477972,0.499698
138.129,0.477972,0.499698
138.13,0.478066355263083,0.499698
138.131,0.485214,0.499698
138.132,0.485214,0.499698
138.133,0.485214,0.499698
138.134,0.485214,0.499698
138.135,0.485214,0.499698
138.136,0.485214,0.499698
138.137,0.485214,0.499698
138.138,0.484984728787484,0.499698
138.139,0.477972,0.499698
138.14,0.477972,0.499698
138.141,0.477972,0.499698
138.142,0.477972,0.499698
138.143,0.477972,0.499698
138.144,0.477972,0.499698
138.145,0.477972,0.499698
138.146,0.477972,0.499698
138.147,0.474411350000092,0.499698
138.148,0.474351,0.499698
138.149,0.474351,0.499698
138.15,0.474351,0.499698
138.151,0.474351,0.499698
138.152,0.474351,0.499698
138.153,0.474351,0.499698
138.154,0.474351,0.499698
138.155,0.474528991123862,0.499698
138.156,0.477972,0.499698
138.157,0.477972,0.499698
138.158,0.477972,0.499698
138.159,0.477972,0.499698
138.16,0.477972,0.499698
138.161,0.477972,0.499698
138.162,0.477972,0.499698
138.163,0.477972,0.499698
138.164,0.467109,0.499698
138.165,0.467109,0.499698
138.166,0.467109,0.499698
138.167,0.467109,0.499698
138.168,0.467109,0.499698
138.169,0.467109,0.499698
138.17,0.467109,0.499698
138.171,0.467109,0.499698
138.172,0.467109,0.499698
138.173,0.473878975020489,0.499698
138.174,0.474351,0.499698
138.175,0.474351,0.499698
138.176,0.474351,0.499698
138.177,0.474351,0.499698
138.178,0.474351,0.499698
138.179,0.474351,0.499698
138.18,0.474351,0.499698
138.181,0.474351,0.499698
138.182,0.474351,0.499698
138.183,0.474351,0.499698
138.184,0.474351,0.499698
138.185,0.474351,0.499698
138.186,0.474351,0.499698
138.187,0.474351,0.499698
138.188,0.474351,0.499698
138.189,0.467109,0.499698
138.19,0.467109,0.499698
138.191,0.467109,0.499698
138.192,0.467109,0.499698
138.193,0.467109,0.499698
138.194,0.467109,0.499698
138.195,0.467109,0.499698
138.196,0.467109,0.499698
138.197,0.467109,0.499698
138.198,0.467109,0.499698
138.199,0.467109,0.499698
138.2,0.467109,0.499698
138.201,0.467109,0.499698
138.202,0.467109,0.499698
138.203,0.467109,0.499698
138.204,0.467109,0.499698
138.205,0.466581995741384,0.499698
138.206,0.452625,0.499698
138.207,0.452625,0.499698
138.208,0.452625,0.499698
138.209,0.452625,0.499698
138.21,0.452625,0.499698
138.211,0.452625,0.499698
138.212,0.452625,0.499698
138.213,0.452625,0.499698
138.214,0.452625,0.499698
138.215,0.459867,0.499698
138.216,0.459867,0.499698
138.217,0.459867,0.499698
138.218,0.459867,0.499698
138.219,0.459867,0.499698
138.22,0.459867,0.499698
138.221,0.459867,0.499698
138.222,0.459867,0.499698
138.223,0.488835,0.499698
138.224,0.488835,0.499698
138.225,0.488835,0.499698
138.226,0.488835,0.499698
138.227,0.488835,0.499698
138.228,0.488835,0.499698
138.229,0.488835,0.499698
138.23,0.48846091054928,0.499698
138.231,0.47073,0.499698
138.232,0.47073,0.499698
138.233,0.47073,0.499698
138.234,0.47073,0.499698
138.235,0.47073,0.499698
138.236,0.47073,0.499698
138.237,0.47073,0.499698
138.238,0.47073,0.499698
138.239,0.47073,0.499698
138.24,0.47073,0.499698
138.241,0.47073,0.499698
138.242,0.47073,0.499698
138.243,0.47073,0.499698
138.244,0.47073,0.499698
138.245,0.47073,0.499698
138.246,0.47073,0.499698
138.247,0.47073,0.499698
138.248,0.484020913544436,0.499698
138.249,0.485214,0.499698
138.25,0.485214,0.499698
138.251,0.485214,0.499698
138.252,0.485214,0.499698
138.253,0.485214,0.499698
138.254,0.485214,0.499698
138.255,0.485214,0.499698
138.256,0.485214,0.499698
138.257,0.474468210708672,0.499698
138.258,0.474351,0.499698
138.259,0.474351,0.499698
138.26,0.474351,0.499698
138.261,0.474351,0.499698
138.262,0.474351,0.499698
138.263,0.474351,0.499698
138.264,0.474351,0.499698
138.265,0.488209113601231,0.499698
138.266,0.488835,0.499698
138.267,0.488835,0.499698
138.268,0.488835,0.499698
138.269,0.488835,0.499698
138.27,0.488835,0.499698
138.271,0.488835,0.499698
138.272,0.488835,0.499698
138.273,0.496077,0.499698
138.274,0.496077,0.499698
138.275,0.496077,0.499698
138.276,0.496077,0.499698
138.277,0.496077,0.499698
138.278,0.496077,0.499698
138.279,0.496077,0.499698
138.28,0.496077,0.499698
138.281,0.496077,0.499698
138.282,0.47073,0.499698
138.283,0.47073,0.499698
138.284,0.47073,0.499698
138.285,0.47073,0.499698
138.286,0.47073,0.499698
138.287,0.47073,0.499698
138.288,0.47073,0.499698
138.289,0.47073,0.499698
138.29,0.47073,0.499698
138.291,0.47073,0.499698
138.292,0.47073,0.499698
138.293,0.47073,0.499698
138.294,0.47073,0.499698
138.295,0.47073,0.499698
138.296,0.47073,0.499698
138.297,0.47073,0.499698
138.298,0.470669970159195,0.499698
138.299,0.467109,0.499698
138.3,0.467109,0.499698
138.301,0.467109,0.499698
138.302,0.467109,0.499698
138.303,0.467109,0.499698
138.304,0.467109,0.499698
138.305,0.467109,0.499698
138.306,0.467250270126367,0.499698
138.307,0.47073,0.499698
138.308,0.47073,0.499698
138.309,0.47073,0.499698
138.31,0.47073,0.499698
138.311,0.47073,0.499698
138.312,0.47073,0.499698
138.313,0.47073,0.499698
138.314,0.470139210218136,0.499698
138.315,0.452625,0.499698
138.316,0.452625,0.499698
138.317,0.452625,0.499698
138.318,0.452625,0.499698
138.319,0.452625,0.499698
138.32,0.452625,0.499698
138.321,0.452625,0.499698
138.322,0.452625,0.499698
138.323,0.452625,0.499698
138.324,0.47073,0.499698
138.325,0.47073,0.499698
138.326,0.47073,0.499698
138.327,0.47073,0.499698
138.328,0.47073,0.499698
138.329,0.47073,0.499698
138.33,0.47073,0.499698
138.331,0.471007671852142,0.499698
138.332,0.481362379941189,0.499698
138.333,0.481593,0.499698
138.334,0.481593,0.499698
138.335,0.481593,0.499698
138.336,0.481593,0.499698
138.337,0.481593,0.499698
138.338,0.481593,0.499698
138.339,0.481593,0.499698
138.34,0.481593,0.499698
138.341,0.477972,0.499698
138.342,0.477972,0.499698
138.343,0.477972,0.499698
138.344,0.477972,0.499698
138.345,0.477972,0.499698
138.346,0.477972,0.499698
138.347,0.477972,0.499698
138.348,0.477972,0.499698
138.349,0.463488,0.499698
138.35,0.463488,0.499698
138.351,0.463488,0.499698
138.352,0.463488,0.499698
138.353,0.463488,0.499698
138.354,0.463488,0.499698
138.355,0.463488,0.499698
138.356,0.463488,0.499698
138.357,0.460207290917807,0.499698
138.358,0.459867,0.499698
138.359,0.459867,0.499698
138.36,0.459867,0.499698
138.361,0.459867,0.499698
138.362,0.459867,0.499698
138.363,0.459867,0.499698
138.364,0.459867,0.499698
138.365,0.460151616940918,0.499698
138.366,0.477972,0.499698
138.367,0.477972,0.499698
138.368,0.477972,0.499698
138.369,0.477972,0.499698
138.37,0.477972,0.499698
138.371,0.477972,0.499698
138.372,0.477972,0.499698
138.373,0.477729909209623,0.499698
138.374,0.463488,0.499698
138.375,0.463488,0.499698
138.376,0.463488,0.499698
138.377,0.463488,0.499698
138.378,0.463488,0.499698
138.379,0.463488,0.499698
138.38,0.463488,0.499698
138.381,0.463488,0.499698
138.382,0.463488,0.499698
138.383,0.463488,0.499698
138.384,0.463488,0.499698
138.385,0.463488,0.499698
138.386,0.463488,0.499698
138.387,0.463488,0.499698
138.388,0.463488,0.499698
138.389,0.463488,0.499698
138.39,0.463408894577579,0.499698
138.391,0.460239606822697,0.499698
138.392,0.459867,0.499698
138.393,0.459867,0.499698
138.394,0.459867,0.499698
138.395,0.459867,0.499698
138.396,0.459867,0.499698
138.397,0.459867,0.499698
138.398,0.459905417927066,0.499698
138.399,0.470255074938859,0.499698
138.4,0.47073,0.499698
138.401,0.47073,0.499698
138.402,0.47073,0.499698
138.403,0.47073,0.499698
138.404,0.47073,0.499698
138.405,0.47073,0.499698
138.406,0.47073,0.499698
138.407,0.47073,0.499698
138.408,0.460002749791571,0.499698
138.409,0.459867,0.499698
138.41,0.459867,0.499698
138.411,0.459867,0.499698
138.412,0.459867,0.499698
138.413,0.459867,0.499698
138.414,0.459867,0.499698
138.415,0.459867,0.499698
138.416,0.473944695584215,0.499698
138.417,0.474351,0.499698
138.418,0.474351,0.499698
138.419,0.474351,0.499698
138.42,0.474351,0.499698
138.421,0.474351,0.499698
138.422,0.474351,0.499698
138.423,0.474351,0.499698
138.424,0.495668132250327,0.499698
138.425,0.496077,0.499698
138.426,0.496077,0.499698
138.427,0.496077,0.499698
138.428,0.496077,0.499698
138.429,0.496077,0.499698
138.43,0.496077,0.499698
138.431,0.496077,0.499698
138.432,0.496077,0.499698
138.433,0.47073,0.499698
138.434,0.47073,0.499698
138.435,0.47073,0.499698
138.436,0.47073,0.499698
138.437,0.47073,0.499698
138.438,0.47073,0.499698
138.439,0.47073,0.499698
138.44,0.470882934329146,0.499698
138.441,0.477972,0.499698
138.442,0.477972,0.499698
138.443,0.477972,0.499698
138.444,0.477972,0.499698
138.445,0.477972,0.499698
138.446,0.477972,0.499698
138.447,0.477972,0.499698
138.448,0.477972,0.499698
138.449,0.477583418918731,0.499698
138.45,0.463488,0.499698
138.451,0.463488,0.499698
138.452,0.463488,0.499698
138.453,0.463488,0.499698
138.454,0.463488,0.499698
138.455,0.463488,0.499698
138.456,0.463488,0.499698
138.457,0.463820917750436,0.499698
138.458,0.47073,0.499698
138.459,0.47073,0.499698
138.46,0.47073,0.499698
138.461,0.47073,0.499698
138.462,0.47073,0.499698
138.463,0.47073,0.499698
138.464,0.47073,0.499698
138.465,0.47108039798768,0.499698
138.466,0.481430055000047,0.499698
138.467,0.481593,0.499698
138.468,0.481593,0.499698
138.469,0.481593,0.499698
138.47,0.481593,0.499698
138.471,0.481593,0.499698
138.472,0.481593,0.499698
138.473,0.481593,0.499698
138.474,0.481331754963928,0.499698
138.475,0.463488,0.499698
138.476,0.463488,0.499698
138.477,0.463488,0.499698
138.478,0.463488,0.499698
138.479,0.463488,0.499698
138.48,0.463488,0.499698
138.481,0.463488,0.499698
138.482,0.463488,0.499698
138.483,0.466938448917365,0.499698
138.484,0.467109,0.499698
138.485,0.467109,0.499698
138.486,0.467109,0.499698
138.487,0.467109,0.499698
138.488,0.467109,0.499698
138.489,0.467109,0.499698
138.49,0.467109,0.499698
138.491,0.467109,0.499698
138.492,0.484327810500723,0.499698
138.493,0.485214,0.499698
138.494,0.485214,0.499698
138.495,0.485214,0.499698
138.496,0.485214,0.499698
138.497,0.485214,0.499698
138.498,0.485214,0.499698
138.499,0.485137080313645,0.499698
138.5,0.474351,0.499698
138.501,0.474351,0.499698
138.502,0.474351,0.499698
138.503,0.474351,0.499698
138.504,0.474351,0.499698
138.505,0.474351,0.499698
138.506,0.474351,0.499698
138.507,0.474351,0.499698
138.508,0.496077,0.499698
138.509,0.496077,0.499698
138.51,0.496077,0.499698
138.511,0.496077,0.499698
138.512,0.496077,0.499698
138.513,0.496077,0.499698
138.514,0.496077,0.499698
138.515,0.496077,0.499698
138.516,0.496077,0.499698
138.517,0.474351,0.499698
138.518,0.474351,0.499698
138.519,0.474351,0.499698
138.52,0.474351,0.499698
138.521,0.474351,0.499698
138.522,0.474351,0.499698
138.523,0.474351,0.499698
138.524,0.474485111111089,0.499698
138.525,0.477972,0.499698
138.526,0.477972,0.499698
138.527,0.477972,0.499698
138.528,0.477972,0.499698
138.529,0.477972,0.499698
138.53,0.477972,0.499698
138.531,0.477972,0.499698
138.532,0.477972,0.499698
138.533,0.477972,0.499698
138.534,0.477972,0.499698
138.535,0.477972,0.499698
138.536,0.477972,0.499698
138.537,0.477972,0.499698
138.538,0.477972,0.499698
138.539,0.477972,0.499698
138.54,0.477972,0.499698
138.541,0.477972,0.499698
138.542,0.471013604282891,0.499698
138.543,0.47073,0.499698
138.544,0.47073,0.499698
138.545,0.47073,0.499698
138.546,0.47073,0.499698
138.547,0.47073,0.499698
138.548,0.47073,0.499698
138.549,0.470781196051544,0.499698
138.55,0.474351,0.499698
138.551,0.474351,0.499698
138.552,0.474351,0.499698
138.553,0.474351,0.499698
138.554,0.474351,0.499698
138.555,0.474351,0.499698
138.556,0.474351,0.499698
138.557,0.474351,0.499698
138.558,0.474394407192436,0.499698
138.559,0.485214,0.499698
138.56,0.485214,0.499698
138.561,0.485214,0.499698
138.562,0.485214,0.499698
138.563,0.485214,0.499698
138.564,0.485214,0.499698
138.565,0.485214,0.499698
138.566,0.485214,0.499698
138.567,0.471216215189797,0.499698
138.568,0.47073,0.499698
138.569,0.47073,0.499698
138.57,0.47073,0.499698
138.571,0.47073,0.499698
138.572,0.47073,0.499698
138.573,0.47073,0.499698
138.574,0.47073,0.499698
138.575,0.467318688059854,0.499698
138.576,0.467109,0.499698
138.577,0.467109,0.499698
138.578,0.467109,0.499698
138.579,0.467109,0.499698
138.58,0.467109,0.499698
138.581,0.467109,0.499698
138.582,0.467109,0.499698
138.583,0.467109,0.499698
138.584,0.470540358506955,0.499698
138.585,0.47073,0.499698
138.586,0.47073,0.499698
138.587,0.47073,0.499698
138.588,0.47073,0.499698
138.589,0.47073,0.499698
138.59,0.47073,0.499698
138.591,0.47073,0.499698
138.592,0.467369056908487,0.499698
138.593,0.467109,0.499698
138.594,0.467109,0.499698
138.595,0.467109,0.499698
138.596,0.467109,0.499698
138.597,0.467109,0.499698
138.598,0.467109,0.499698
138.599,0.467663939302609,0.499698
138.6,0.480821642790835,0.499698
138.601,0.481593,0.499698
138.602,0.481593,0.499698
138.603,0.481593,0.499698
138.604,0.481593,0.499698
138.605,0.481593,0.499698
138.606,0.481593,0.499698
138.607,0.481593,0.499698
138.608,0.48027777355617,0.499698
138.609,0.459867,0.499698
138.61,0.459867,0.499698
138.611,0.459867,0.499698
138.612,0.459867,0.499698
138.613,0.459867,0.499698
138.614,0.459867,0.499698
138.615,0.459867,0.499698
138.616,0.460992041342954,0.499698
138.617,0.477972,0.499698
138.618,0.477972,0.499698
138.619,0.477972,0.499698
138.62,0.477972,0.499698
138.621,0.477972,0.499698
138.622,0.477972,0.499698
138.623,0.477972,0.499698
138.624,0.477972,0.499698
138.625,0.477463735931182,0.499698
138.626,0.459867,0.499698
138.627,0.459867,0.499698
138.628,0.459867,0.499698
138.629,0.459867,0.499698
138.63,0.459867,0.499698
138.631,0.459867,0.499698
138.632,0.459867,0.499698
138.633,0.459867,0.499698
138.634,0.459867,0.499698
138.635,0.459867,0.499698
138.636,0.459867,0.499698
138.637,0.459867,0.499698
138.638,0.459867,0.499698
138.639,0.459867,0.499698
138.64,0.459867,0.499698
138.641,0.459867,0.499698
138.642,0.459867,0.499698
138.643,0.485214,0.499698
138.644,0.485214,0.499698
138.645,0.485214,0.499698
138.646,0.485214,0.499698
138.647,0.485214,0.499698
138.648,0.485214,0.499698
138.649,0.485214,0.499698
138.65,0.48486788128376,0.499698
138.651,0.464837862992768,0.499698
138.652,0.463488,0.499698
138.653,0.463488,0.499698
138.654,0.463488,0.499698
138.655,0.463488,0.499698
138.656,0.463488,0.499698
138.657,0.463488,0.499698
138.658,0.463523991318614,0.499698
138.659,0.467083259373321,0.499698
138.66,0.467109,0.499698
138.661,0.467109,0.499698
138.662,0.467109,0.499698
138.663,0.467109,0.499698
138.664,0.467109,0.499698
138.665,0.467109,0.499698
138.666,0.467109,0.499698
138.667,0.467109,0.499698
138.668,0.480499007867964,0.499698
138.669,0.481593,0.499698
138.67,0.481593,0.499698
138.671,0.481593,0.499698
138.672,0.481593,0.499698
138.673,0.481593,0.499698
138.674,0.481593,0.499698
138.675,0.481593,0.499698
138.676,0.46128879979278,0.499698
138.677,0.459867,0.499698
138.678,0.459867,0.499698
138.679,0.459867,0.499698
138.68,0.459867,0.499698
138.681,0.459867,0.499698
138.682,0.459867,0.499698
138.683,0.460414957463003,0.499698
138.684,0.474351,0.499698
138.685,0.474351,0.499698
138.686,0.474351,0.499698
138.687,0.474351,0.499698
138.688,0.474351,0.499698
138.689,0.474351,0.499698
138.69,0.474351,0.499698
138.691,0.474351,0.499698
138.692,0.474351,0.499698
138.693,0.459867,0.499698
138.694,0.459867,0.499698
138.695,0.459867,0.499698
138.696,0.459867,0.499698
138.697,0.459867,0.499698
138.698,0.459867,0.499698
138.699,0.459867,0.499698
138.7,0.459867,0.499698
138.701,0.493417469581815,0.499698
138.702,0.496077,0.499698
138.703,0.496077,0.499698
138.704,0.496077,0.499698
138.705,0.496077,0.499698
138.706,0.496077,0.499698
138.707,0.496077,0.499698
138.708,0.496077,0.499698
138.709,0.495629845723916,0.499698
138.71,0.476275869098947,0.499698
138.711,0.474351,0.499698
138.712,0.474351,0.499698
138.713,0.474351,0.499698
138.714,0.474351,0.499698
138.715,0.474351,0.499698
138.716,0.474351,0.499698
138.717,0.474351,0.499698
138.718,0.481453730769395,0.499698
138.719,0.481593,0.499698
138.72,0.481593,0.499698
138.721,0.481593,0.499698
138.722,0.481593,0.499698
138.723,0.481593,0.499698
138.724,0.481593,0.499698
138.725,0.481593,0.499698
138.726,0.467751375766987,0.499698
138.727,0.467109,0.499698
138.728,0.467109,0.499698
138.729,0.467109,0.499698
138.73,0.467109,0.499698
138.731,0.467109,0.499698
138.732,0.467109,0.499698
138.733,0.467109,0.499698
138.734,0.467109,0.499698
138.735,0.477477296796461,0.499698
138.736,0.477972,0.499698
138.737,0.477972,0.499698
138.738,0.477972,0.499698
138.739,0.477972,0.499698
138.74,0.477972,0.499698
138.741,0.477972,0.499698
138.742,0.477972,0.499698
138.743,0.484154579023595,0.499698
138.744,0.485214,0.499698
138.745,0.485214,0.499698
138.746,0.485214,0.499698
138.747,0.485214,0.499698
138.748,0.485214,0.499698
138.749,0.485214,0.499698
138.75,0.485214,0.499698
138.751,0.485060949868921,0.499698
138.752,0.474351,0.499698
138.753,0.474351,0.499698
138.754,0.474351,0.499698
138.755,0.474351,0.499698
138.756,0.474351,0.499698
138.757,0.474351,0.499698
138.758,0.474351,0.499698
138.759,0.473982565345946,0.499698
138.76,0.467109,0.499698
138.761,0.467109,0.499698
138.762,0.467109,0.499698
138.763,0.467109,0.499698
138.764,0.467109,0.499698
138.765,0.467109,0.499698
138.766,0.467109,0.499698
138.767,0.466964432679867,0.499698
138.768,0.463488,0.499698
138.769,0.463488,0.499698
138.77,0.463488,0.499698
138.771,0.463488,0.499698
138.772,0.463488,0.499698
138.773,0.463488,0.499698
138.774,0.463488,0.499698
138.775,0.463488,0.499698
138.776,0.463488,0.499698
138.777,0.467109,0.499698
138.778,0.467109,0.499698
138.779,0.467109,0.499698
138.78,0.467109,0.499698
138.781,0.467109,0.499698
138.782,0.467109,0.499698
138.783,0.467109,0.499698
138.784,0.467109,0.499698
138.785,0.477972,0.499698
138.786,0.477972,0.499698
138.787,0.477972,0.499698
138.788,0.477972,0.499698
138.789,0.477972,0.499698
138.79,0.477972,0.499698
138.791,0.477972,0.499698
138.792,0.477972,0.499698
138.793,0.477853923913061,0.499698
138.794,0.474351,0.499698
138.795,0.474351,0.499698
138.796,0.474351,0.499698
138.797,0.474351,0.499698
138.798,0.474351,0.499698
138.799,0.474351,0.499698
138.8,0.474351,0.499698
138.801,0.474119975050557,0.499698
138.802,0.456246,0.499698
138.803,0.456246,0.499698
138.804,0.456246,0.499698
138.805,0.456246,0.499698
138.806,0.456246,0.499698
138.807,0.456246,0.499698
138.808,0.456246,0.499698
138.809,0.456246,0.499698
138.81,0.459795092967315,0.499698
138.811,0.459867,0.499698
138.812,0.459867,0.499698
138.813,0.459867,0.499698
138.814,0.459867,0.499698
138.815,0.459867,0.499698
138.816,0.459867,0.499698
138.817,0.459867,0.499698
138.818,0.459867,0.499698
138.819,0.477972,0.499698
138.82,0.477972,0.499698
138.821,0.477972,0.499698
138.822,0.477972,0.499698
138.823,0.477972,0.499698
138.824,0.477972,0.499698
138.825,0.477972,0.499698
138.826,0.477846974964361,0.499698
138.827,0.467777303927453,0.499698
138.828,0.467109,0.499698
138.829,0.467109,0.499698
138.83,0.467109,0.499698
138.831,0.467109,0.499698
138.832,0.467109,0.499698
138.833,0.467109,0.499698
138.834,0.467109,0.499698
138.835,0.480631752565765,0.499698
138.836,0.481593,0.499698
138.837,0.481593,0.499698
138.838,0.481593,0.499698
138.839,0.481593,0.499698
138.84,0.481593,0.499698
138.841,0.481593,0.499698
138.842,0.481593,0.499698
138.843,0.481593,0.499698
138.844,0.47073,0.499698
138.845,0.47073,0.499698
138.846,0.47073,0.499698
138.847,0.47073,0.499698
138.848,0.47073,0.499698
138.849,0.47073,0.499698
138.85,0.47073,0.499698
138.851,0.47073,0.499698
138.852,0.467109,0.499698
138.853,0.467109,0.499698
138.854,0.467109,0.499698
138.855,0.467109,0.499698
138.856,0.467109,0.499698
138.857,0.467109,0.499698
138.858,0.467109,0.499698
138.859,0.467109,0.499698
138.86,0.467109,0.499698
138.861,0.480679923631114,0.499698
138.862,0.481593,0.499698
138.863,0.481593,0.499698
138.864,0.481593,0.499698
138.865,0.481593,0.499698
138.866,0.481593,0.499698
138.867,0.481593,0.499698
138.868,0.481593,0.499698
138.869,0.471017784332344,0.499698
138.87,0.47073,0.499698
138.871,0.47073,0.499698
138.872,0.47073,0.499698
138.873,0.47073,0.499698
138.874,0.47073,0.499698
138.875,0.47073,0.499698
138.876,0.47073,0.499698
138.877,0.457065914330964,0.499698
138.878,0.456246,0.499698
138.879,0.456246,0.499698
138.88,0.456246,0.499698
138.881,0.456246,0.499698
138.882,0.456246,0.499698
138.883,0.456246,0.499698
138.884,0.456246,0.499698
138.885,0.456246,0.499698
138.886,0.476396636465868,0.499698
138.887,0.477972,0.499698
138.888,0.477972,0.499698
138.889,0.477972,0.499698
138.89,0.477972,0.499698
138.891,0.477972,0.499698
138.892,0.477972,0.499698
138.893,0.477972,0.499698
138.894,0.477972,0.499698
138.895,0.477972,0.499698
138.896,0.477972,0.499698
138.897,0.477972,0.499698
138.898,0.477972,0.499698
138.899,0.477972,0.499698
138.9,0.477972,0.499698
138.901,0.477972,0.499698
138.902,0.477972,0.499698
138.903,0.474351,0.499698
138.904,0.474351,0.499698
138.905,0.474351,0.499698
138.906,0.474351,0.499698
138.907,0.474351,0.499698
138.908,0.474351,0.499698
138.909,0.474351,0.499698
138.91,0.475094482335045,0.499698
138.911,0.488835,0.499698
138.912,0.488835,0.499698
138.913,0.488835,0.499698
138.914,0.488835,0.499698
138.915,0.488835,0.499698
138.916,0.488835,0.499698
138.917,0.488835,0.499698
138.918,0.486757797450512,0.499698
138.919,0.449004,0.499698
138.92,0.449004,0.499698
138.921,0.449004,0.499698
138.922,0.449004,0.499698
138.923,0.449004,0.499698
138.924,0.449004,0.499698
138.925,0.449004,0.499698
138.926,0.449004,0.499698
138.927,0.449274876863843,0.499698
138.928,0.463488,0.499698
138.929,0.463488,0.499698
138.93,0.463488,0.499698
138.931,0.463488,0.499698
138.932,0.463488,0.499698
138.933,0.463488,0.499698
138.934,0.463488,0.499698
138.935,0.463733133149033,0.499698
138.936,0.481593,0.499698
138.937,0.481593,0.499698
138.938,0.481593,0.499698
138.939,0.481593,0.499698
138.94,0.481593,0.499698
138.941,0.481593,0.499698
138.942,0.481593,0.499698
138.943,0.481593,0.499698
138.944,0.481593,0.499698
138.945,0.481593,0.499698
138.946,0.459867,0.499698
138.947,0.459867,0.499698
138.948,0.459867,0.499698
138.949,0.459867,0.499698
138.95,0.459867,0.499698
138.951,0.459867,0.499698
138.952,0.460039741508648,0.499698
138.953,0.474351,0.499698
138.954,0.474351,0.499698
138.955,0.474351,0.499698
138.956,0.474351,0.499698
138.957,0.474351,0.499698
138.958,0.474351,0.499698
138.959,0.474351,0.499698
138.96,0.474351,0.499698
138.961,0.474351,0.499698
138.962,0.474351,0.499698
138.963,0.474351,0.499698
138.964,0.474351,0.499698
138.965,0.474351,0.499698
138.966,0.474351,0.499698
138.967,0.474351,0.499698
138.968,0.474351,0.499698
138.969,0.474351,0.499698
138.97,0.474351,0.499698
138.971,0.474351,0.499698
138.972,0.474351,0.499698
138.973,0.474351,0.499698
138.974,0.474351,0.499698
138.975,0.474351,0.499698
138.976,0.474351,0.499698
138.977,0.474760989752904,0.499698
138.978,0.485214,0.499698
138.979,0.485214,0.499698
138.98,0.485214,0.499698
138.981,0.485214,0.499698
138.982,0.485214,0.499698
138.983,0.485214,0.499698
138.984,0.485214,0.499698
138.985,0.485214,0.499698
138.986,0.484969170481296,0.499698
138.987,0.477972,0.499698
138.988,0.477972,0.499698
138.989,0.477972,0.499698
138.99,0.477972,0.499698
138.991,0.477972,0.499698
138.992,0.477972,0.499698
138.993,0.477972,0.499698
138.994,0.477972,0.499698
138.995,0.470796985174552,0.499698
138.996,0.47073,0.499698
138.997,0.47073,0.499698
138.998,0.47073,0.499698
138.999,0.47073,0.499698
139,0.47073,0.499698
139.001,0.47073,0.499698
139.002,0.47032789163489,0.499698
139.003,0.460837040874401,0.499698
139.004,0.459867,0.499698
139.005,0.459867,0.499698
139.006,0.459867,0.499698
139.007,0.459867,0.499698
139.008,0.459867,0.499698
139.009,0.459867,0.499698
139.01,0.459867,0.499698
139.011,0.459905019537633,0.499698
139.012,0.467109,0.499698
139.013,0.467109,0.499698
139.014,0.467109,0.499698
139.015,0.467109,0.499698
139.016,0.467109,0.499698
139.017,0.467109,0.499698
139.018,0.467109,0.499698
139.019,0.467109,0.499698
139.02,0.467109,0.499698
139.021,0.467109,0.499698
139.022,0.467109,0.499698
139.023,0.467109,0.499698
139.024,0.467109,0.499698
139.025,0.467109,0.499698
139.026,0.467109,0.499698
139.027,0.467109,0.499698
139.028,0.47727861702149,0.499698
139.029,0.477972,0.499698
139.03,0.477972,0.499698
139.031,0.477972,0.499698
139.032,0.477972,0.499698
139.033,0.477972,0.499698
139.034,0.477972,0.499698
139.035,0.477972,0.499698
139.036,0.477972,0.499698
139.037,0.483712056391374,0.499698
139.038,0.485214,0.499698
139.039,0.485214,0.499698
139.04,0.485214,0.499698
139.041,0.485214,0.499698
139.042,0.485214,0.499698
139.043,0.485214,0.499698
139.044,0.485214,0.499698
139.045,0.467109,0.499698
139.046,0.467109,0.499698
139.047,0.467109,0.499698
139.048,0.467109,0.499698
139.049,0.467109,0.499698
139.05,0.467109,0.499698
139.051,0.467109,0.499698
139.052,0.467109,0.499698
139.053,0.467109,0.499698
139.054,0.459867,0.499698
139.055,0.459867,0.499698
139.056,0.459867,0.499698
139.057,0.459867,0.499698
139.058,0.459867,0.499698
139.059,0.459867,0.499698
139.06,0.459867,0.499698
139.061,0.460191039500012,0.499698
139.062,0.472817266904824,0.499698
139.063,0.474351,0.499698
139.064,0.474351,0.499698
139.065,0.474351,0.499698
139.066,0.474351,0.499698
139.067,0.474351,0.499698
139.068,0.474351,0.499698
139.069,0.474683578471404,0.499698
139.07,0.481593,0.499698
139.071,0.481593,0.499698
139.072,0.481593,0.499698
139.073,0.481593,0.499698
139.074,0.481593,0.499698
139.075,0.481593,0.499698
139.076,0.481593,0.499698
139.077,0.481593,0.499698
139.078,0.481816820570578,0.499698
139.079,0.488835,0.499698
139.08,0.488835,0.499698
139.081,0.488835,0.499698
139.082,0.488835,0.499698
139.083,0.488835,0.499698
139.084,0.488835,0.499698
139.085,0.488835,0.499698
139.086,0.488358284416632,0.499698
139.087,0.477972,0.499698
139.088,0.477972,0.499698
139.089,0.477972,0.499698
139.09,0.477972,0.499698
139.091,0.477972,0.499698
139.092,0.477972,0.499698
139.093,0.477972,0.499698
139.094,0.477972,0.499698
139.095,0.478019771081949,0.499698
139.096,0.481593,0.499698
139.097,0.481593,0.499698
139.098,0.481593,0.499698
139.099,0.481593,0.499698
139.1,0.481593,0.499698
139.101,0.481593,0.499698
139.102,0.481593,0.499698
139.103,0.481593,0.499698
139.104,0.460533476665034,0.499698
139.105,0.459867,0.499698
139.106,0.459867,0.499698
139.107,0.459867,0.499698
139.108,0.459867,0.499698
139.109,0.459867,0.499698
139.11,0.459867,0.499698
139.111,0.460752656746557,0.499698
139.112,0.483550657840578,0.499698
139.113,0.485214,0.499698
139.114,0.485214,0.499698
139.115,0.485214,0.499698
139.116,0.485214,0.499698
139.117,0.485214,0.499698
139.118,0.485214,0.499698
139.119,0.485214,0.499698
139.12,0.485166876106271,0.499698
139.121,0.477972,0.499698
139.122,0.477972,0.499698
139.123,0.477972,0.499698
139.124,0.477972,0.499698
139.125,0.477972,0.499698
139.126,0.477972,0.499698
139.127,0.477972,0.499698
139.128,0.477972,0.499698
139.129,0.477972,0.499698
139.13,0.477972,0.499698
139.131,0.477972,0.499698
139.132,0.477972,0.499698
139.133,0.477972,0.499698
139.134,0.477972,0.499698
139.135,0.477972,0.499698
139.136,0.477972,0.499698
139.137,0.477972,0.499698
139.138,0.464027982234286,0.499698
139.139,0.463488,0.499698
139.14,0.463488,0.499698
139.141,0.463488,0.499698
139.142,0.463488,0.499698
139.143,0.463488,0.499698
139.144,0.463488,0.499698
139.145,0.463488,0.499698
139.146,0.474351,0.499698
139.147,0.474351,0.499698
139.148,0.474351,0.499698
139.149,0.474351,0.499698
139.15,0.474351,0.499698
139.151,0.474351,0.499698
139.152,0.474351,0.499698
139.153,0.474314130470529,0.499698
139.154,0.47073595408559,0.499698
139.155,0.47073,0.499698
139.156,0.47073,0.499698
139.157,0.47073,0.499698
139.158,0.47073,0.499698
139.159,0.47073,0.499698
139.16,0.47073,0.499698
139.161,0.47073,0.499698
139.162,0.47073,0.499698
139.163,0.477972,0.499698
139.164,0.477972,0.499698
139.165,0.477972,0.499698
139.166,0.477972,0.499698
139.167,0.477972,0.499698
139.168,0.477972,0.499698
139.169,0.477972,0.499698
139.17,0.477916412458758,0.499698
139.171,0.474351,0.499698
139.172,0.474351,0.499698
139.173,0.474351,0.499698
139.174,0.474351,0.499698
139.175,0.474351,0.499698
139.176,0.474351,0.499698
139.177,0.474351,0.499698
139.178,0.474609900597893,0.499698
139.179,0.481593,0.499698
139.18,0.481593,0.499698
139.181,0.481593,0.499698
139.182,0.481593,0.499698
139.183,0.481593,0.499698
139.184,0.481593,0.499698
139.185,0.481593,0.499698
139.186,0.481593,0.499698
139.187,0.481593,0.499698
139.188,0.481593,0.499698
139.189,0.481593,0.499698
139.19,0.481593,0.499698
139.191,0.481593,0.499698
139.192,0.481593,0.499698
139.193,0.481593,0.499698
139.194,0.481593,0.499698
139.195,0.481593,0.499698
139.196,0.475316713948571,0.499698
139.197,0.474351,0.499698
139.198,0.474351,0.499698
139.199,0.474351,0.499698
139.2,0.474351,0.499698
139.201,0.474351,0.499698
139.202,0.474351,0.499698
139.203,0.474351,0.499698
139.204,0.474351,0.499698
139.205,0.474351,0.499698
139.206,0.474351,0.499698
139.207,0.474351,0.499698
139.208,0.474351,0.499698
139.209,0.474351,0.499698
139.21,0.474351,0.499698
139.211,0.474351,0.499698
139.212,0.474351,0.499698
139.213,0.467331823612385,0.499698
139.214,0.467109,0.499698
139.215,0.467109,0.499698
139.216,0.467109,0.499698
139.217,0.467109,0.499698
139.218,0.467109,0.499698
139.219,0.467109,0.499698
139.22,0.467109,0.499698
139.221,0.463585082555246,0.499698
139.222,0.463488,0.499698
139.223,0.463488,0.499698
139.224,0.463488,0.499698
139.225,0.463488,0.499698
139.226,0.463488,0.499698
139.227,0.463488,0.499698
139.228,0.463488,0.499698
139.229,0.464456932488754,0.499698
139.23,0.481593,0.499698
139.231,0.481593,0.499698
139.232,0.481593,0.499698
139.233,0.481593,0.499698
139.234,0.481593,0.499698
139.235,0.481593,0.499698
139.236,0.481593,0.499698
139.237,0.481523218823931,0.499698
139.238,0.477972,0.499698
139.239,0.477972,0.499698
139.24,0.477972,0.499698
139.241,0.477972,0.499698
139.242,0.477972,0.499698
139.243,0.477972,0.499698
139.244,0.477972,0.499698
139.245,0.477972,0.499698
139.246,0.477972,0.499698
139.247,0.474351,0.499698
139.248,0.474351,0.499698
139.249,0.474351,0.499698
139.25,0.474351,0.499698
139.251,0.474351,0.499698
139.252,0.474351,0.499698
139.253,0.474351,0.499698
139.254,0.474351,0.499698
139.255,0.474351,0.499698
139.256,0.474351,0.499698
139.257,0.474351,0.499698
139.258,0.474351,0.499698
139.259,0.474351,0.499698
139.26,0.474351,0.499698
139.261,0.474351,0.499698
139.262,0.474351,0.499698
139.263,0.459867,0.499698
139.264,0.459867,0.499698
139.265,0.459867,0.499698
139.266,0.459867,0.499698
139.267,0.459867,0.499698
139.268,0.459867,0.499698
139.269,0.459867,0.499698
139.27,0.459867,0.499698
139.271,0.459901264652003,0.499698
139.272,0.463355362637285,0.499698
139.273,0.463488,0.499698
139.274,0.463488,0.499698
139.275,0.463488,0.499698
139.276,0.463488,0.499698
139.277,0.463488,0.499698
139.278,0.463488,0.499698
139.279,0.463975549054343,0.499698
139.28,0.477972,0.499698
139.281,0.477972,0.499698
139.282,0.477972,0.499698
139.283,0.477972,0.499698
139.284,0.477972,0.499698
139.285,0.477972,0.499698
139.286,0.477972,0.499698
139.287,0.477972,0.499698
139.288,0.477972,0.499698
139.289,0.459884768581415,0.499698
139.29,0.459867,0.499698
139.291,0.459867,0.499698
139.292,0.459867,0.499698
139.293,0.459867,0.499698
139.294,0.459867,0.499698
139.295,0.459867,0.499698
139.296,0.460036840525051,0.499698
139.297,0.473305631566842,0.499698
139.298,0.474351,0.499698
139.299,0.474351,0.499698
139.3,0.474351,0.499698
139.301,0.474351,0.499698
139.302,0.474351,0.499698
139.303,0.474351,0.499698
139.304,0.474268254843559,0.499698
139.305,0.470754958457495,0.499698
139.306,0.47073,0.499698
139.307,0.47073,0.499698
139.308,0.47073,0.499698
139.309,0.47073,0.499698
139.31,0.47073,0.499698
139.311,0.47073,0.499698
139.312,0.47073,0.499698
139.313,0.47073,0.499698
139.314,0.48514584458186,0.499698
139.315,0.485214,0.499698
139.316,0.485214,0.499698
139.317,0.485214,0.499698
139.318,0.485214,0.499698
139.319,0.485214,0.499698
139.32,0.485214,0.499698
139.321,0.485214,0.499698
139.322,0.467929828597157,0.499698
139.323,0.467109,0.499698
139.324,0.467109,0.499698
139.325,0.467109,0.499698
139.326,0.467109,0.499698
139.327,0.467109,0.499698
139.328,0.467109,0.499698
139.329,0.467182495073524,0.499698
139.33,0.47073,0.499698
139.331,0.47073,0.499698
139.332,0.47073,0.499698
139.333,0.47073,0.499698
139.334,0.47073,0.499698
139.335,0.47073,0.499698
139.336,0.47073,0.499698
139.337,0.47073,0.499698
139.338,0.470769033936671,0.499698
139.339,0.474351,0.499698
139.34,0.474351,0.499698
139.341,0.474351,0.499698
139.342,0.474351,0.499698
139.343,0.474351,0.499698
139.344,0.474351,0.499698
139.345,0.474351,0.499698
139.346,0.474351,0.499698
139.347,0.463706780705177,0.499698
139.348,0.463488,0.499698
139.349,0.463488,0.499698
139.35,0.463488,0.499698
139.351,0.463488,0.499698
139.352,0.463488,0.499698
139.353,0.463488,0.499698
139.354,0.463488,0.499698
139.355,0.463488,0.499698
139.356,0.499083351971454,0.499698
139.357,0.503319,0.499698
139.358,0.503319,0.499698
139.359,0.503319,0.499698
139.36,0.503319,0.499698
139.361,0.503319,0.499698
139.362,0.503319,0.499698
139.363,0.503319,0.499698
139.364,0.475358897872808,0.499698
139.365,0.474351,0.499698
139.366,0.474351,0.499698
139.367,0.474351,0.499698
139.368,0.474351,0.499698
139.369,0.474351,0.499698
139.37,0.474351,0.499698
139.371,0.474351,0.499698
139.372,0.463488,0.499698
139.373,0.463488,0.499698
139.374,0.463488,0.499698
139.375,0.463488,0.499698
139.376,0.463488,0.499698
139.377,0.463488,0.499698
139.378,0.463488,0.499698
139.379,0.463488,0.499698
139.38,0.463488,0.499698
139.381,0.466701540888443,0.499698
139.382,0.467109,0.499698
139.383,0.467109,0.499698
139.384,0.467109,0.499698
139.385,0.467109,0.499698
139.386,0.467109,0.499698
139.387,0.467109,0.499698
139.388,0.467155572347242,0.499698
139.389,0.477972,0.499698
139.39,0.477972,0.499698
139.391,0.477972,0.499698
139.392,0.477972,0.499698
139.393,0.477972,0.499698
139.394,0.477972,0.499698
139.395,0.477972,0.499698
139.396,0.477972,0.499698
139.397,0.47720740270017,0.499698
139.398,0.463488,0.499698
139.399,0.463488,0.499698
139.4,0.463488,0.499698
139.401,0.463488,0.499698
139.402,0.463488,0.499698
139.403,0.463488,0.499698
139.404,0.463488,0.499698
139.405,0.463488,0.499698
139.406,0.47073,0.499698
139.407,0.47073,0.499698
139.408,0.47073,0.499698
139.409,0.47073,0.499698
139.41,0.47073,0.499698
139.411,0.47073,0.499698
139.412,0.47073,0.499698
139.413,0.470851251501264,0.499698
139.414,0.474351,0.499698
139.415,0.474351,0.499698
139.416,0.474351,0.499698
139.417,0.474351,0.499698
139.418,0.474351,0.499698
139.419,0.474351,0.499698
139.42,0.474351,0.499698
139.421,0.474351,0.499698
139.422,0.474351,0.499698
139.423,0.470806641083407,0.499698
139.424,0.47073,0.499698
139.425,0.47073,0.499698
139.426,0.47073,0.499698
139.427,0.47073,0.499698
139.428,0.47073,0.499698
139.429,0.47073,0.499698
139.43,0.47073,0.499698
139.431,0.491241209826018,0.499698
139.432,0.492456,0.499698
139.433,0.492456,0.499698
139.434,0.492456,0.499698
139.435,0.492456,0.499698
139.436,0.492456,0.499698
139.437,0.492456,0.499698
139.438,0.491928857469412,0.499698
139.439,0.47073,0.499698
139.44,0.47073,0.499698
139.441,0.47073,0.499698
139.442,0.47073,0.499698
139.443,0.47073,0.499698
139.444,0.47073,0.499698
139.445,0.47073,0.499698
139.446,0.47073,0.499698
139.447,0.47073,0.499698
139.448,0.477972,0.499698
139.449,0.477972,0.499698
139.45,0.477972,0.499698
139.451,0.477972,0.499698
139.452,0.477972,0.499698
139.453,0.477972,0.499698
139.454,0.477972,0.499698
139.455,0.477972,0.499698
139.456,0.467144960275843,0.499698
139.457,0.467109,0.499698
139.458,0.467109,0.499698
139.459,0.467109,0.499698
139.46,0.467109,0.499698
139.461,0.467109,0.499698
139.462,0.467109,0.499698
139.463,0.467109,0.499698
139.464,0.46713204534605,0.499698
139.465,0.474351,0.499698
139.466,0.474351,0.499698
139.467,0.474351,0.499698
139.468,0.474351,0.499698
139.469,0.474351,0.499698
139.47,0.474351,0.499698
139.471,0.474351,0.499698
139.472,0.474351,0.499698
139.473,0.467109,0.499698
139.474,0.467109,0.499698
139.475,0.467109,0.499698
139.476,0.467109,0.499698
139.477,0.467109,0.499698
139.478,0.467109,0.499698
139.479,0.467109,0.499698
139.48,0.467109,0.499698
139.481,0.474351,0.499698
139.482,0.474351,0.499698
139.483,0.474351,0.499698
139.484,0.474351,0.499698
139.485,0.474351,0.499698
139.486,0.474351,0.499698
139.487,0.474351,0.499698
139.488,0.474351,0.499698
139.489,0.474351,0.499698
139.49,0.477776740774464,0.499698
139.491,0.477972,0.499698
139.492,0.477972,0.499698
139.493,0.477972,0.499698
139.494,0.477972,0.499698
139.495,0.477972,0.499698
139.496,0.477972,0.499698
139.497,0.477026920841812,0.499698
139.498,0.459867,0.499698
139.499,0.459867,0.499698
139.5,0.459867,0.499698
139.501,0.459867,0.499698
139.502,0.459867,0.499698
139.503,0.459867,0.499698
139.504,0.459867,0.499698
139.505,0.459867,0.499698
139.506,0.459867,0.499698
139.507,0.474351,0.499698
139.508,0.474351,0.499698
139.509,0.474351,0.499698
139.51,0.474351,0.499698
139.511,0.474351,0.499698
139.512,0.474351,0.499698
139.513,0.474351,0.499698
139.514,0.474677238095264,0.499698
139.515,0.481001642857114,0.499698
139.516,0.481593,0.499698
139.517,0.481593,0.499698
139.518,0.481593,0.499698
139.519,0.481593,0.499698
139.52,0.481593,0.499698
139.521,0.481593,0.499698
139.522,0.481573462230239,0.499698
139.523,0.478181488309329,0.499698
139.524,0.477972,0.499698
139.525,0.477972,0.499698
139.526,0.477972,0.499698
139.527,0.477972,0.499698
139.528,0.477972,0.499698
139.529,0.477972,0.499698
139.53,0.477972,0.499698
139.531,0.477972,0.499698
139.532,0.467925913160171,0.499698
139.533,0.467109,0.499698
139.534,0.467109,0.499698
139.535,0.467109,0.499698
139.536,0.467109,0.499698
139.537,0.467109,0.499698
139.538,0.467109,0.499698
139.539,0.467109,0.499698
139.54,0.484630118421483,0.499698
139.541,0.485214,0.499698
139.542,0.485214,0.499698
139.543,0.485214,0.499698
139.544,0.485214,0.499698
139.545,0.485214,0.499698
139.546,0.485214,0.499698
139.547,0.485214,0.499698
139.548,0.485214,0.499698
139.549,0.477972,0.499698
139.55,0.477972,0.499698
139.551,0.477972,0.499698
139.552,0.477972,0.499698
139.553,0.477972,0.499698
139.554,0.477972,0.499698
139.555,0.477972,0.499698
139.556,0.477972,0.499698
139.557,0.474351,0.499698
139.558,0.474351,0.499698
139.559,0.474351,0.499698
139.56,0.474351,0.499698
139.561,0.474351,0.499698
139.562,0.474351,0.499698
139.563,0.474351,0.499698
139.564,0.474901139477019,0.499698
139.565,0.481593,0.499698
139.566,0.481593,0.499698
139.567,0.481593,0.499698
139.568,0.481593,0.499698
139.569,0.481593,0.499698
139.57,0.481593,0.499698
139.571,0.481593,0.499698
139.572,0.481593,0.499698
139.573,0.481593,0.499698
139.574,0.485214,0.499698
139.575,0.485214,0.499698
139.576,0.485214,0.499698
139.577,0.485214,0.499698
139.578,0.485214,0.499698
139.579,0.485214,0.499698
139.58,0.485214,0.499698
139.581,0.485066389313865,0.499698
139.582,0.477972,0.499698
139.583,0.477972,0.499698
139.584,0.477972,0.499698
139.585,0.477972,0.499698
139.586,0.477972,0.499698
139.587,0.477972,0.499698
139.588,0.477972,0.499698
139.589,0.477972,0.499698
139.59,0.478057269526629,0.499698
139.591,0.484652994054622,0.499698
139.592,0.485214,0.499698
139.593,0.485214,0.499698
139.594,0.485214,0.499698
139.595,0.485214,0.499698
139.596,0.485214,0.499698
139.597,0.485214,0.499698
139.598,0.485214,0.499698
139.599,0.467396511342825,0.499698
139.6,0.467109,0.499698
139.601,0.467109,0.499698
139.602,0.467109,0.499698
139.603,0.467109,0.499698
139.604,0.467109,0.499698
139.605,0.467109,0.499698
139.606,0.466959193952446,0.499698
139.607,0.463488,0.499698
139.608,0.463488,0.499698
139.609,0.463488,0.499698
139.61,0.463488,0.499698
139.611,0.463488,0.499698
139.612,0.463488,0.499698
139.613,0.463488,0.499698
139.614,0.463488,0.499698
139.615,0.463488,0.499698
139.616,0.488835,0.499698
139.617,0.488835,0.499698
139.618,0.488835,0.499698
139.619,0.488835,0.499698
139.62,0.488835,0.499698
139.621,0.488835,0.499698
139.622,0.488835,0.499698
139.623,0.488835,0.499698
139.624,0.492403014371598,0.499698
139.625,0.492456,0.499698
139.626,0.492456,0.499698
139.627,0.492456,0.499698
139.628,0.492456,0.499698
139.629,0.492456,0.499698
139.63,0.492456,0.499698
139.631,0.492456,0.499698
139.632,0.491930264973045,0.499698
139.633,0.474351,0.499698
139.634,0.474351,0.499698
139.635,0.474351,0.499698
139.636,0.474351,0.499698
139.637,0.474351,0.499698
139.638,0.474351,0.499698
139.639,0.474351,0.499698
139.64,0.474492430677758,0.499698
139.641,0.477972,0.499698
139.642,0.477972,0.499698
139.643,0.477972,0.499698
139.644,0.477972,0.499698
139.645,0.477972,0.499698
139.646,0.477972,0.499698
139.647,0.477972,0.499698
139.648,0.477972,0.499698
139.649,0.474556079519451,0.499698
139.65,0.474351,0.499698
139.651,0.474351,0.499698
139.652,0.474351,0.499698
139.653,0.474351,0.499698
139.654,0.474351,0.499698
139.655,0.474351,0.499698
139.656,0.474351,0.499698
139.657,0.474351,0.499698
139.658,0.477972,0.499698
139.659,0.477972,0.499698
139.66,0.477972,0.499698
139.661,0.477972,0.499698
139.662,0.477972,0.499698
139.663,0.477972,0.499698
139.664,0.477972,0.499698
139.665,0.477972,0.499698
139.666,0.488687098677345,0.499698
139.667,0.488835,0.499698
139.668,0.488835,0.499698
139.669,0.488835,0.499698
139.67,0.488835,0.499698
139.671,0.488835,0.499698
139.672,0.488835,0.499698
139.673,0.488835,0.499698
139.674,0.48190154933947,0.499698
139.675,0.481593,0.499698
139.676,0.481593,0.499698
139.677,0.481593,0.499698
139.678,0.481593,0.499698
139.679,0.481593,0.499698
139.68,0.481593,0.499698
139.681,0.481593,0.499698
139.682,0.481593,0.499698
139.683,0.467109,0.499698
139.684,0.467109,0.499698
139.685,0.467109,0.499698
139.686,0.467109,0.499698
139.687,0.467109,0.499698
139.688,0.467109,0.499698
139.689,0.467109,0.499698
139.69,0.467117080690635,0.499698
139.691,0.470439733086655,0.499698
139.692,0.47073,0.499698
139.693,0.47073,0.499698
139.694,0.47073,0.499698
139.695,0.47073,0.499698
139.696,0.47073,0.499698
139.697,0.47073,0.499698
139.698,0.47073,0.499698
139.699,0.47073,0.499698
139.7,0.449004,0.499698
139.701,0.449004,0.499698
139.702,0.449004,0.499698
139.703,0.449004,0.499698
139.704,0.449004,0.499698
139.705,0.449004,0.499698
139.706,0.449004,0.499698
139.707,0.4492523770636,0.499698
139.708,0.485214,0.499698
139.709,0.485214,0.499698
139.71,0.485214,0.499698
139.711,0.485214,0.499698
139.712,0.485214,0.499698
139.713,0.485214,0.499698
139.714,0.485214,0.499698
139.715,0.4849334444373,0.499698
139.716,0.474351,0.499698
139.717,0.474351,0.499698
139.718,0.474351,0.499698
139.719,0.474351,0.499698
139.72,0.474351,0.499698
139.721,0.474351,0.499698
139.722,0.474351,0.499698
139.723,0.474351,0.499698
139.724,0.474351,0.499698
139.725,0.481593,0.499698
139.726,0.481593,0.499698
139.727,0.481593,0.499698
139.728,0.481593,0.499698
139.729,0.481593,0.499698
139.73,0.481593,0.499698
139.731,0.481593,0.499698
139.732,0.481593,0.499698
139.733,0.481593,0.499698
139.734,0.481593,0.499698
139.735,0.481593,0.499698
139.736,0.481593,0.499698
139.737,0.481593,0.499698
139.738,0.481593,0.499698
139.739,0.481593,0.499698
139.74,0.481593,0.499698
139.741,0.48156943445959,0.499698
139.742,0.47073,0.499698
139.743,0.47073,0.499698
139.744,0.47073,0.499698
139.745,0.47073,0.499698
139.746,0.47073,0.499698
139.747,0.47073,0.499698
139.748,0.47073,0.499698
139.749,0.47073,0.499698
139.75,0.47073,0.499698
139.751,0.47073,0.499698
139.752,0.47073,0.499698
139.753,0.47073,0.499698
139.754,0.47073,0.499698
139.755,0.47073,0.499698
139.756,0.47073,0.499698
139.757,0.47073,0.499698
139.758,0.459867,0.499698
139.759,0.459867,0.499698
139.76,0.459867,0.499698
139.761,0.459867,0.499698
139.762,0.459867,0.499698
139.763,0.459867,0.499698
139.764,0.459867,0.499698
139.765,0.459867,0.499698
139.766,0.459867,0.499698
139.767,0.459867,0.499698
139.768,0.459867,0.499698
139.769,0.459867,0.499698
139.77,0.459867,0.499698
139.771,0.459867,0.499698
139.772,0.459867,0.499698
139.773,0.459867,0.499698
139.774,0.460608429406867,0.499698
139.775,0.477972,0.499698
139.776,0.477972,0.499698
139.777,0.477972,0.499698
139.778,0.477972,0.499698
139.779,0.477972,0.499698
139.78,0.477972,0.499698
139.781,0.477972,0.499698
139.782,0.477876147262838,0.499698
139.783,0.47073,0.499698
139.784,0.47073,0.499698
139.785,0.47073,0.499698
139.786,0.47073,0.499698
139.787,0.47073,0.499698
139.788,0.47073,0.499698
139.789,0.47073,0.499698
139.79,0.47073,0.499698
139.791,0.47073,0.499698
139.792,0.481360717022918,0.499698
139.793,0.481593,0.499698
139.794,0.481593,0.499698
139.795,0.481593,0.499698
139.796,0.481593,0.499698
139.797,0.481593,0.499698
139.798,0.481593,0.499698
139.799,0.481593,0.499698
139.8,0.481593,0.499698
139.801,0.481593,0.499698
139.802,0.481593,0.499698
139.803,0.481593,0.499698
139.804,0.481593,0.499698
139.805,0.481593,0.499698
139.806,0.481593,0.499698
139.807,0.481593,0.499698
139.808,0.481593,0.499698
139.809,0.47073,0.499698
139.81,0.47073,0.499698
139.811,0.47073,0.499698
139.812,0.47073,0.499698
139.813,0.47073,0.499698
139.814,0.47073,0.499698
139.815,0.47073,0.499698
139.816,0.47073,0.499698
139.817,0.467332515699915,0.499698
139.818,0.467109,0.499698
139.819,0.467109,0.499698
139.82,0.467109,0.499698
139.821,0.467109,0.499698
139.822,0.467109,0.499698
139.823,0.467109,0.499698
139.824,0.467109,0.499698
139.825,0.467109,0.499698
139.826,0.467109,0.499698
139.827,0.467109,0.499698
139.828,0.467109,0.499698
139.829,0.467109,0.499698
139.83,0.467109,0.499698
139.831,0.467109,0.499698
139.832,0.467109,0.499698
139.833,0.467109,0.499698
139.834,0.459921667856272,0.499698
139.835,0.459867,0.499698
139.836,0.459867,0.499698
139.837,0.459867,0.499698
139.838,0.459867,0.499698
139.839,0.459867,0.499698
139.84,0.459867,0.499698
139.841,0.459867,0.499698
139.842,0.46347974174936,0.499698
139.843,0.463488,0.499698
139.844,0.463488,0.499698
139.845,0.463488,0.499698
139.846,0.463488,0.499698
139.847,0.463488,0.499698
139.848,0.463488,0.499698
139.849,0.463488,0.499698
139.85,0.463488,0.499698
139.851,0.492456,0.499698
139.852,0.492456,0.499698
139.853,0.492456,0.499698
139.854,0.492456,0.499698
139.855,0.492456,0.499698
139.856,0.492456,0.499698
139.857,0.492456,0.499698
139.858,0.492456,0.499698
139.859,0.492456,0.499698
139.86,0.492456,0.499698
139.861,0.492456,0.499698
139.862,0.492456,0.499698
139.863,0.492456,0.499698
139.864,0.492456,0.499698
139.865,0.492456,0.499698
139.866,0.491791803593539,0.499698
139.867,0.47073,0.499698
139.868,0.47073,0.499698
139.869,0.47073,0.499698
139.87,0.47073,0.499698
139.871,0.47073,0.499698
139.872,0.47073,0.499698
139.873,0.47073,0.499698
139.874,0.47073,0.499698
139.875,0.470762446236362,0.499698
139.876,0.485214,0.499698
139.877,0.485214,0.499698
139.878,0.485214,0.499698
139.879,0.485214,0.499698
139.88,0.485214,0.499698
139.881,0.485214,0.499698
139.882,0.485214,0.499698
139.883,0.484257560945019,0.499698
139.884,0.47073,0.499698
139.885,0.47073,0.499698
139.886,0.47073,0.499698
139.887,0.47073,0.499698
139.888,0.47073,0.499698
139.889,0.47073,0.499698
139.89,0.47073,0.499698
139.891,0.47073,0.499698
139.892,0.47073,0.499698
139.893,0.47073,0.499698
139.894,0.47073,0.499698
139.895,0.47073,0.499698
139.896,0.47073,0.499698
139.897,0.47073,0.499698
139.898,0.47073,0.499698
139.899,0.47073,0.499698
139.9,0.47073,0.499698
139.901,0.474115899270208,0.499698
139.902,0.474351,0.499698
139.903,0.474351,0.499698
139.904,0.474351,0.499698
139.905,0.474351,0.499698
139.906,0.474351,0.499698
139.907,0.474351,0.499698
139.908,0.474351,0.499698
139.909,0.47073,0.499698
139.91,0.47073,0.499698
139.911,0.47073,0.499698
139.912,0.47073,0.499698
139.913,0.47073,0.499698
139.914,0.47073,0.499698
139.915,0.47073,0.499698
139.916,0.47073,0.499698
139.917,0.47073,0.499698
139.918,0.477972,0.499698
139.919,0.477972,0.499698
139.92,0.477972,0.499698
139.921,0.477972,0.499698
139.922,0.477972,0.499698
139.923,0.477972,0.499698
139.924,0.477972,0.499698
139.925,0.477972,0.499698
139.926,0.463488,0.499698
139.927,0.463488,0.499698
139.928,0.463488,0.499698
139.929,0.463488,0.499698
139.93,0.463488,0.499698
139.931,0.463488,0.499698
139.932,0.463488,0.499698
139.933,0.463488,0.499698
139.934,0.463582112454891,0.499698
139.935,0.47073,0.499698
139.936,0.47073,0.499698
139.937,0.47073,0.499698
139.938,0.47073,0.499698
139.939,0.47073,0.499698
139.94,0.47073,0.499698
139.941,0.47073,0.499698
139.942,0.47041856383243,0.499698
139.943,0.463488,0.499698
139.944,0.463488,0.499698
139.945,0.463488,0.499698
139.946,0.463488,0.499698
139.947,0.463488,0.499698
139.948,0.463488,0.499698
139.949,0.463488,0.499698
139.95,0.463488,0.499698
139.951,0.474351,0.499698
139.952,0.474351,0.499698
139.953,0.474351,0.499698
139.954,0.474351,0.499698
139.955,0.474351,0.499698
139.956,0.474351,0.499698
139.957,0.474351,0.499698
139.958,0.474351,0.499698
139.959,0.474270937451067,0.499698
139.96,0.47073,0.499698
139.961,0.47073,0.499698
139.962,0.47073,0.499698
139.963,0.47073,0.499698
139.964,0.47073,0.499698
139.965,0.47073,0.499698
139.966,0.47073,0.499698
139.967,0.470673819912059,0.499698
139.968,0.467119917587934,0.499698
139.969,0.467109,0.499698
139.97,0.467109,0.499698
139.971,0.467109,0.499698
139.972,0.467109,0.499698
139.973,0.467109,0.499698
139.974,0.467109,0.499698
139.975,0.467109,0.499698
139.976,0.467109,0.499698
139.977,0.4707024872381,0.499698
139.978,0.47073,0.499698
139.979,0.47073,0.499698
139.98,0.47073,0.499698
139.981,0.47073,0.499698
139.982,0.47073,0.499698
139.983,0.47073,0.499698
139.984,0.47073,0.499698
139.985,0.460804973463621,0.499698
139.986,0.459867,0.499698
139.987,0.459867,0.499698
139.988,0.459867,0.499698
139.989,0.459867,0.499698
139.99,0.459867,0.499698
139.991,0.459867,0.499698
139.992,0.459867,0.499698
139.993,0.463079658370127,0.499698
139.994,0.463488,0.499698
139.995,0.463488,0.499698
139.996,0.463488,0.499698
139.997,0.463488,0.499698
139.998,0.463488,0.499698
139.999,0.463488,0.499698
140,0.463488,0.499698
140.001,0.463488,0.499698
140.002,0.473346035637076,0.499698
140.003,0.474351,0.499698
140.004,0.474351,0.499698
140.005,0.474351,0.499698
140.006,0.474351,0.499698
140.007,0.474351,0.499698
140.008,0.474351,0.499698
140.009,0.474351,0.499698
140.01,0.46458297305406,0.499698
140.011,0.463488,0.499698
140.012,0.463488,0.499698
140.013,0.463488,0.499698
140.014,0.463488,0.499698
140.015,0.463488,0.499698
140.016,0.463488,0.499698
140.017,0.463905276265341,0.499698
140.018,0.477972,0.499698
140.019,0.477972,0.499698
140.02,0.477972,0.499698
140.021,0.477972,0.499698
140.022,0.477972,0.499698
140.023,0.477972,0.499698
140.024,0.477972,0.499698
140.025,0.477972,0.499698
140.026,0.477972,0.499698
140.027,0.485214,0.499698
140.028,0.485214,0.499698
140.029,0.485214,0.499698
140.03,0.485214,0.499698
140.031,0.485214,0.499698
140.032,0.485214,0.499698
140.033,0.485214,0.499698
140.034,0.48490519018882,0.499698
140.035,0.477972,0.499698
140.036,0.477972,0.499698
140.037,0.477972,0.499698
140.038,0.477972,0.499698
140.039,0.477972,0.499698
140.04,0.477972,0.499698
140.041,0.477972,0.499698
140.042,0.477972,0.499698
140.043,0.477972,0.499698
140.044,0.477972,0.499698
140.045,0.477972,0.499698
140.046,0.477972,0.499698
140.047,0.477972,0.499698
140.048,0.477972,0.499698
140.049,0.477972,0.499698
140.05,0.477972,0.499698
140.051,0.476940247115176,0.499698
140.052,0.452625,0.499698
140.053,0.452625,0.499698
140.054,0.452625,0.499698
140.055,0.452625,0.499698
140.056,0.452625,0.499698
140.057,0.452625,0.499698
140.058,0.452625,0.499698
140.059,0.452625,0.499698
140.06,0.46655542494331,0.499698
140.061,0.467109,0.499698
140.062,0.467109,0.499698
140.063,0.467109,0.499698
140.064,0.467109,0.499698
140.065,0.467109,0.499698
140.066,0.467109,0.499698
140.067,0.467109,0.499698
140.068,0.467109,0.499698
140.069,0.460185765296791,0.499698
140.07,0.459867,0.499698
140.071,0.459867,0.499698
140.072,0.459867,0.499698
140.073,0.459867,0.499698
140.074,0.459867,0.499698
140.075,0.459867,0.499698
140.076,0.460926849370762,0.499698
140.077,0.485214,0.499698
140.078,0.485214,0.499698
140.079,0.485214,0.499698
140.08,0.485214,0.499698
140.081,0.485214,0.499698
140.082,0.485214,0.499698
140.083,0.485214,0.499698
140.084,0.485214,0.499698
140.085,0.47073,0.499698
140.086,0.47073,0.499698
140.087,0.47073,0.499698
140.088,0.47073,0.499698
140.089,0.47073,0.499698
140.09,0.47073,0.499698
140.091,0.47073,0.499698
140.092,0.47073,0.499698
140.093,0.47073,0.499698
140.094,0.47073,0.499698
140.095,0.47073,0.499698
140.096,0.47073,0.499698
140.097,0.47073,0.499698
140.098,0.47073,0.499698
140.099,0.47073,0.499698
140.1,0.47073,0.499698
140.101,0.470654409327481,0.499698
140.102,0.467109,0.499698
140.103,0.467109,0.499698
140.104,0.467109,0.499698
140.105,0.467109,0.499698
140.106,0.467109,0.499698
140.107,0.467109,0.499698
140.108,0.467109,0.499698
140.109,0.467109,0.499698
140.11,0.467109,0.499698
140.111,0.463488,0.499698
140.112,0.463488,0.499698
140.113,0.463488,0.499698
140.114,0.463488,0.499698
140.115,0.463488,0.499698
140.116,0.463488,0.499698
140.117,0.463488,0.499698
140.118,0.463488,0.499698
140.119,0.488390756944168,0.499698
140.12,0.488835,0.499698
140.121,0.488835,0.499698
140.122,0.488835,0.499698
140.123,0.488835,0.499698
140.124,0.488835,0.499698
140.125,0.488835,0.499698
140.126,0.487960901387107,0.499698
140.127,0.459867,0.499698
140.128,0.459867,0.499698
140.129,0.459867,0.499698
140.13,0.459867,0.499698
140.131,0.459867,0.499698
140.132,0.459867,0.499698
140.133,0.459867,0.499698
140.134,0.459867,0.499698
140.135,0.459867,0.499698
140.136,0.476724888217606,0.499698
140.137,0.477972,0.499698
140.138,0.477972,0.499698
140.139,0.477972,0.499698
140.14,0.477972,0.499698
140.141,0.477972,0.499698
140.142,0.477972,0.499698
140.143,0.477972,0.499698
140.144,0.474473477905118,0.499698
140.145,0.474351,0.499698
140.146,0.474351,0.499698
140.147,0.474351,0.499698
140.148,0.474351,0.499698
140.149,0.474351,0.499698
140.15,0.474351,0.499698
140.151,0.474351,0.499698
140.152,0.474351,0.499698
140.153,0.477894975068623,0.499698
140.154,0.477972,0.499698
140.155,0.477972,0.499698
140.156,0.477972,0.499698
140.157,0.477972,0.499698
140.158,0.477972,0.499698
140.159,0.477972,0.499698
140.16,0.477950637168107,0.499698
140.161,0.47474107709325,0.499698
140.162,0.474351,0.499698
140.163,0.474351,0.499698
140.164,0.474351,0.499698
140.165,0.474351,0.499698
140.166,0.474351,0.499698
140.167,0.474351,0.499698
140.168,0.474351,0.499698
140.169,0.463488,0.499698
140.17,0.463488,0.499698
140.171,0.463488,0.499698
140.172,0.463488,0.499698
140.173,0.463488,0.499698
140.174,0.463488,0.499698
140.175,0.463488,0.499698
140.176,0.463488,0.499698
140.177,0.463488,0.499698
140.178,0.456246,0.499698
140.179,0.456246,0.499698
140.18,0.456246,0.499698
140.181,0.456246,0.499698
140.182,0.456246,0.499698
140.183,0.456246,0.499698
140.184,0.456246,0.499698
140.185,0.456394709700095,0.499698
140.186,0.459867,0.499698
140.187,0.459867,0.499698
140.188,0.459867,0.499698
140.189,0.459867,0.499698
140.19,0.459867,0.499698
140.191,0.459867,0.499698
140.192,0.459867,0.499698
140.193,0.459867,0.499698
140.194,0.460763133014087,0.499698
140.195,0.477972,0.499698
140.196,0.477972,0.499698
140.197,0.477972,0.499698
140.198,0.477972,0.499698
140.199,0.477972,0.499698
140.2,0.477972,0.499698
140.201,0.477972,0.499698
140.202,0.477972,0.499698
140.203,0.477972,0.499698
140.204,0.477972,0.499698
140.205,0.477972,0.499698
140.206,0.477972,0.499698
140.207,0.477972,0.499698
140.208,0.477972,0.499698
140.209,0.477972,0.499698
140.21,0.477972,0.499698
140.211,0.477972,0.499698
140.212,0.477972,0.499698
140.213,0.477972,0.499698
140.214,0.477972,0.499698
140.215,0.477972,0.499698
140.216,0.477972,0.499698
140.217,0.477972,0.499698
140.218,0.477972,0.499698
140.219,0.477476235591422,0.499698
140.22,0.459867,0.499698
140.221,0.459867,0.499698
140.222,0.459867,0.499698
140.223,0.459867,0.499698
140.224,0.459867,0.499698
140.225,0.459867,0.499698
140.226,0.459867,0.499698
140.227,0.459867,0.499698
140.228,0.474291287554786,0.499698
140.229,0.474351,0.499698
140.23,0.474351,0.499698
140.231,0.474351,0.499698
140.232,0.474351,0.499698
140.233,0.474351,0.499698
140.234,0.474351,0.499698
140.235,0.474351,0.499698
140.236,0.474351,0.499698
140.237,0.481544067567637,0.499698
140.238,0.481593,0.499698
140.239,0.481593,0.499698
140.24,0.481593,0.499698
140.241,0.481593,0.499698
140.242,0.481593,0.499698
140.243,0.481593,0.499698
140.244,0.481593,0.499698
140.245,0.481593,0.499698
140.246,0.481593,0.499698
140.247,0.481593,0.499698
140.248,0.481593,0.499698
140.249,0.481593,0.499698
140.25,0.481593,0.499698
140.251,0.481593,0.499698
140.252,0.481593,0.499698
140.253,0.464261437265559,0.499698
140.254,0.463488,0.499698
140.255,0.463488,0.499698
140.256,0.463488,0.499698
140.257,0.463488,0.499698
140.258,0.463488,0.499698
140.259,0.463488,0.499698
140.26,0.463488,0.499698
140.261,0.463488,0.499698
140.262,0.466946744940859,0.499698
140.263,0.467109,0.499698
140.264,0.467109,0.499698
140.265,0.467109,0.499698
140.266,0.467109,0.499698
140.267,0.467109,0.499698
140.268,0.467109,0.499698
140.269,0.467532810676274,0.499698
140.27,0.485214,0.499698
140.271,0.485214,0.499698
140.272,0.485214,0.499698
140.273,0.485214,0.499698
140.274,0.485214,0.499698
140.275,0.485214,0.499698
140.276,0.485214,0.499698
140.277,0.485214,0.499698
140.278,0.474351,0.499698
140.279,0.474351,0.499698
140.28,0.474351,0.499698
140.281,0.474351,0.499698
140.282,0.474351,0.499698
140.283,0.474351,0.499698
140.284,0.474351,0.499698
140.285,0.474351,0.499698
140.286,0.474351,0.499698
140.287,0.491819149282932,0.499698
140.288,0.492456,0.499698
140.289,0.492456,0.499698
140.29,0.492456,0.499698
140.291,0.492456,0.499698
140.292,0.492456,0.499698
140.293,0.492456,0.499698
140.294,0.492456,0.499698
140.295,0.475402158894797,0.499698
140.296,0.474351,0.499698
140.297,0.474351,0.499698
140.298,0.474351,0.499698
140.299,0.474351,0.499698
140.3,0.474351,0.499698
140.301,0.474351,0.499698
140.302,0.474351,0.499698
140.303,0.474351,0.499698
140.304,0.477894646073885,0.499698
140.305,0.477972,0.499698
140.306,0.477972,0.499698
140.307,0.477972,0.499698
140.308,0.477972,0.499698
140.309,0.477972,0.499698
140.31,0.477972,0.499698
140.311,0.477972,0.499698
140.312,0.471552163424059,0.499698
140.313,0.47073,0.499698
140.314,0.47073,0.499698
140.315,0.47073,0.499698
140.316,0.47073,0.499698
140.317,0.47073,0.499698
140.318,0.47073,0.499698
140.319,0.47073,0.499698
140.32,0.47073,0.499698
140.321,0.467109,0.499698
140.322,0.467109,0.499698
140.323,0.467109,0.499698
140.324,0.467109,0.499698
140.325,0.467109,0.499698
140.326,0.467109,0.499698
140.327,0.467109,0.499698
140.328,0.467109,0.499698
140.329,0.477972,0.499698
140.33,0.477972,0.499698
140.331,0.477972,0.499698
140.332,0.477972,0.499698
140.333,0.477972,0.499698
140.334,0.477972,0.499698
140.335,0.477972,0.499698
140.336,0.477706655849181,0.499698
140.337,0.463488,0.499698
140.338,0.463488,0.499698
140.339,0.463488,0.499698
140.34,0.463488,0.499698
140.341,0.463488,0.499698
140.342,0.463488,0.499698
140.343,0.463488,0.499698
140.344,0.463488,0.499698
140.345,0.463740085998286,0.499698
140.346,0.474351,0.499698
140.347,0.474351,0.499698
140.348,0.474351,0.499698
140.349,0.474351,0.499698
140.35,0.474351,0.499698
140.351,0.474351,0.499698
140.352,0.474351,0.499698
140.353,0.474542266426258,0.499698
140.354,0.488835,0.499698
140.355,0.488835,0.499698
140.356,0.488835,0.499698
140.357,0.488835,0.499698
140.358,0.488835,0.499698
140.359,0.488835,0.499698
140.36,0.488835,0.499698
140.361,0.488769041974716,0.499698
140.362,0.474351,0.499698
140.363,0.474351,0.499698
140.364,0.474351,0.499698
140.365,0.474351,0.499698
140.366,0.474351,0.499698
140.367,0.474351,0.499698
140.368,0.474351,0.499698
140.369,0.474351,0.499698
140.37,0.474351,0.499698
140.371,0.474351,0.499698
140.372,0.474351,0.499698
140.373,0.474351,0.499698
140.374,0.474351,0.499698
140.375,0.474351,0.499698
140.376,0.474351,0.499698
140.377,0.474351,0.499698
140.378,0.474569409523818,0.499698
140.379,0.481477605494578,0.499698
140.38,0.481593,0.499698
140.381,0.481593,0.499698
140.382,0.481593,0.499698
140.383,0.481593,0.499698
140.384,0.481593,0.499698
140.385,0.481593,0.499698
140.386,0.481593,0.499698
140.387,0.481247207897438,0.499698
140.388,0.47073,0.499698
140.389,0.47073,0.499698
140.39,0.47073,0.499698
140.391,0.47073,0.499698
140.392,0.47073,0.499698
140.393,0.47073,0.499698
140.394,0.47073,0.499698
140.395,0.47073,0.499698
140.396,0.47073,0.499698
140.397,0.47073,0.499698
140.398,0.47073,0.499698
140.399,0.47073,0.499698
140.4,0.47073,0.499698
140.401,0.47073,0.499698
140.402,0.47073,0.499698
140.403,0.47073,0.499698
140.404,0.477788135751286,0.499698
140.405,0.477972,0.499698
140.406,0.477972,0.499698
140.407,0.477972,0.499698
140.408,0.477972,0.499698
140.409,0.477972,0.499698
140.41,0.477972,0.499698
140.411,0.477972,0.499698
140.412,0.477972,0.499698
140.413,0.463488,0.499698
140.414,0.463488,0.499698
140.415,0.463488,0.499698
140.416,0.463488,0.499698
140.417,0.463488,0.499698
140.418,0.463488,0.499698
140.419,0.463488,0.499698
140.42,0.463488,0.499698
140.421,0.474351,0.499698
140.422,0.474351,0.499698
140.423,0.474351,0.499698
140.424,0.474351,0.499698
140.425,0.474351,0.499698
140.426,0.474351,0.499698
140.427,0.474351,0.499698
140.428,0.474351,0.499698
140.429,0.467424311797817,0.499698
140.43,0.467109,0.499698
140.431,0.467109,0.499698
140.432,0.467109,0.499698
140.433,0.467109,0.499698
140.434,0.467109,0.499698
140.435,0.467109,0.499698
140.436,0.467109,0.499698
140.437,0.467386279571376,0.499698
140.438,0.474351,0.499698
140.439,0.474351,0.499698
140.44,0.474351,0.499698
140.441,0.474351,0.499698
140.442,0.474351,0.499698
140.443,0.474351,0.499698
140.444,0.474351,0.499698
140.445,0.474351,0.499698
140.446,0.474351,0.499698
140.447,0.474351,0.499698
140.448,0.474351,0.499698
140.449,0.474351,0.499698
140.45,0.474351,0.499698
140.451,0.474351,0.499698
140.452,0.474351,0.499698
140.453,0.474351,0.499698
140.454,0.47396691341816,0.499698
140.455,0.463488,0.499698
140.456,0.463488,0.499698
140.457,0.463488,0.499698
140.458,0.463488,0.499698
140.459,0.463488,0.499698
140.46,0.463488,0.499698
140.461,0.463488,0.499698
140.462,0.463488,0.499698
140.463,0.456390602796484,0.499698
140.464,0.456246,0.499698
140.465,0.456246,0.499698
140.466,0.456246,0.499698
140.467,0.456246,0.499698
140.468,0.456246,0.499698
140.469,0.456246,0.499698
140.47,0.456246,0.499698
140.471,0.466016788724342,0.499698
140.472,0.467109,0.499698
140.473,0.467109,0.499698
140.474,0.467109,0.499698
140.475,0.467109,0.499698
140.476,0.467109,0.499698
140.477,0.467109,0.499698
140.478,0.467109,0.499698
140.479,0.467109,0.499698
140.48,0.470541984665071,0.499698
140.481,0.47073,0.499698
140.482,0.47073,0.499698
140.483,0.47073,0.499698
140.484,0.47073,0.499698
140.485,0.47073,0.499698
140.486,0.47073,0.499698
140.487,0.470801700657916,0.499698
140.488,0.474351,0.499698
140.489,0.474351,0.499698
140.49,0.474351,0.499698
140.491,0.474351,0.499698
140.492,0.474351,0.499698
140.493,0.474351,0.499698
140.494,0.474351,0.499698
140.495,0.474351,0.499698
140.496,0.474351,0.499698
140.497,0.477972,0.499698
140.498,0.477972,0.499698
140.499,0.477972,0.499698
140.5,0.477972,0.499698
140.501,0.477972,0.499698
140.502,0.477972,0.499698
140.503,0.477972,0.499698
140.504,0.477972,0.499698
140.505,0.477972,0.499698
140.506,0.477972,0.499698
140.507,0.477972,0.499698
140.508,0.477972,0.499698
140.509,0.477972,0.499698
140.51,0.477972,0.499698
140.511,0.477972,0.499698
140.512,0.477972,0.499698
140.513,0.474415036217749,0.499698
140.514,0.474351,0.499698
140.515,0.474351,0.499698
140.516,0.474351,0.499698
140.517,0.474351,0.499698
140.518,0.474351,0.499698
140.519,0.474351,0.499698
140.52,0.474351,0.499698
140.521,0.474264531818131,0.499698
140.522,0.47073,0.499698
140.523,0.47073,0.499698
140.524,0.47073,0.499698
140.525,0.47073,0.499698
140.526,0.47073,0.499698
140.527,0.47073,0.499698
140.528,0.47073,0.499698
140.529,0.47073,0.499698
140.53,0.477972,0.499698
140.531,0.477972,0.499698
140.532,0.477972,0.499698
140.533,0.477972,0.499698
140.534,0.477972,0.499698
140.535,0.477972,0.499698
140.536,0.477972,0.499698
140.537,0.477972,0.499698
140.538,0.477972,0.499698
140.539,0.467904784606157,0.499698
140.54,0.467109,0.499698
140.541,0.467109,0.499698
140.542,0.467109,0.499698
140.543,0.467109,0.499698
140.544,0.467109,0.499698
140.545,0.467109,0.499698
140.546,0.467109,0.499698
140.547,0.463488,0.499698
140.548,0.463488,0.499698
140.549,0.463488,0.499698
140.55,0.463488,0.499698
140.551,0.463488,0.499698
140.552,0.463488,0.499698
140.553,0.463488,0.499698
140.554,0.463488,0.499698
140.555,0.488835,0.499698
140.556,0.488835,0.499698
140.557,0.488835,0.499698
140.558,0.488835,0.499698
140.559,0.488835,0.499698
140.56,0.488835,0.499698
140.561,0.488835,0.499698
140.562,0.488835,0.499698
140.563,0.488835,0.499698
140.564,0.477972,0.499698
140.565,0.477972,0.499698
140.566,0.477972,0.499698
140.567,0.477972,0.499698
140.568,0.477972,0.499698
140.569,0.477972,0.499698
140.57,0.477972,0.499698
140.571,0.477972,0.499698
140.572,0.477972,0.499698
140.573,0.477972,0.499698
140.574,0.477972,0.499698
140.575,0.477972,0.499698
140.576,0.477972,0.499698
140.577,0.477972,0.499698
140.578,0.477972,0.499698
140.579,0.477972,0.499698
140.58,0.477972,0.499698
140.581,0.477972,0.499698
140.582,0.477972,0.499698
140.583,0.477972,0.499698
140.584,0.477972,0.499698
140.585,0.477972,0.499698
140.586,0.477972,0.499698
140.587,0.477972,0.499698
140.588,0.477972,0.499698
140.589,0.485035436329467,0.499698
140.59,0.485214,0.499698
140.591,0.485214,0.499698
140.592,0.485214,0.499698
140.593,0.485214,0.499698
140.594,0.485214,0.499698
140.595,0.485214,0.499698
140.596,0.485045051638407,0.499698
140.597,0.477972,0.499698
140.598,0.477972,0.499698
140.599,0.477972,0.499698
140.6,0.477972,0.499698
140.601,0.477972,0.499698
140.602,0.477972,0.499698
140.603,0.477972,0.499698
140.604,0.477972,0.499698
140.605,0.477972,0.499698
140.606,0.468152363241304,0.499698
140.607,0.467109,0.499698
140.608,0.467109,0.499698
140.609,0.467109,0.499698
140.61,0.467109,0.499698
140.611,0.467109,0.499698
140.612,0.467109,0.499698
140.613,0.467109,0.499698
140.614,0.467109,0.499698
140.615,0.467109,0.499698
140.616,0.467109,0.499698
140.617,0.467109,0.499698
140.618,0.467109,0.499698
140.619,0.467109,0.499698
140.62,0.467109,0.499698
140.621,0.467120181560386,0.499698
140.622,0.470685730148713,0.499698
140.623,0.47073,0.499698
140.624,0.47073,0.499698
140.625,0.47073,0.499698
140.626,0.47073,0.499698
140.627,0.47073,0.499698
140.628,0.47073,0.499698
140.629,0.47073,0.499698
140.63,0.47073,0.499698
140.631,0.460512033005896,0.499698
140.632,0.459867,0.499698
140.633,0.459867,0.499698
140.634,0.459867,0.499698
140.635,0.459867,0.499698
140.636,0.459867,0.499698
140.637,0.459867,0.499698
140.638,0.459867,0.499698
140.639,0.477014456089241,0.499698
140.64,0.477972,0.499698
140.641,0.477972,0.499698
140.642,0.477972,0.499698
140.643,0.477972,0.499698
140.644,0.477972,0.499698
140.645,0.477972,0.499698
140.646,0.477972,0.499698
140.647,0.478087291273432,0.499698
140.648,0.485214,0.499698
140.649,0.485214,0.499698
140.65,0.485214,0.499698
140.651,0.485214,0.499698
140.652,0.485214,0.499698
140.653,0.485214,0.499698
140.654,0.485214,0.499698
140.655,0.484968995870355,0.499698
140.656,0.474351,0.499698
140.657,0.474351,0.499698
140.658,0.474351,0.499698
140.659,0.474351,0.499698
140.66,0.474351,0.499698
140.661,0.474351,0.499698
140.662,0.474351,0.499698
140.663,0.474529376654806,0.499698
140.664,0.481593,0.499698
140.665,0.481593,0.499698
140.666,0.481593,0.499698
140.667,0.481593,0.499698
140.668,0.481593,0.499698
140.669,0.481593,0.499698
140.67,0.481593,0.499698
140.671,0.481593,0.499698
140.672,0.481593,0.499698
140.673,0.471361686755695,0.499698
140.674,0.47073,0.499698
140.675,0.47073,0.499698
140.676,0.47073,0.499698
140.677,0.47073,0.499698
140.678,0.47073,0.499698
140.679,0.47073,0.499698
140.68,0.470548587174344,0.499698
140.681,0.467109,0.499698
140.682,0.467109,0.499698
140.683,0.467109,0.499698
140.684,0.467109,0.499698
140.685,0.467109,0.499698
140.686,0.467109,0.499698
140.687,0.467109,0.499698
140.688,0.467109,0.499698
140.689,0.467109,0.499698
140.69,0.467109,0.499698
140.691,0.467109,0.499698
140.692,0.467109,0.499698
140.693,0.467109,0.499698
140.694,0.467109,0.499698
140.695,0.467109,0.499698
140.696,0.467109,0.499698
140.697,0.467109,0.499698
140.698,0.467109,0.499698
140.699,0.467109,0.499698
140.7,0.467109,0.499698
140.701,0.467109,0.499698
140.702,0.467109,0.499698
140.703,0.467109,0.499698
140.704,0.467109,0.499698
140.705,0.467456069433962,0.499698
140.706,0.481593,0.499698
140.707,0.481593,0.499698
140.708,0.481593,0.499698
140.709,0.481593,0.499698
140.71,0.481593,0.499698
140.711,0.481593,0.499698
140.712,0.481593,0.499698
140.713,0.481593,0.499698
140.714,0.481511919753189,0.499698
140.715,0.464391935185052,0.499698
140.716,0.463488,0.499698
140.717,0.463488,0.499698
140.718,0.463488,0.499698
140.719,0.463488,0.499698
140.72,0.463488,0.499698
140.721,0.463488,0.499698
140.722,0.463493118350049,0.499698
140.723,0.467109,0.499698
140.724,0.467109,0.499698
140.725,0.467109,0.499698
140.726,0.467109,0.499698
140.727,0.467109,0.499698
140.728,0.467109,0.499698
140.729,0.467109,0.499698
140.73,0.467028050204373,0.499698
140.731,0.463488,0.499698
140.732,0.463488,0.499698
140.733,0.463488,0.499698
140.734,0.463488,0.499698
140.735,0.463488,0.499698
140.736,0.463488,0.499698
140.737,0.463488,0.499698
140.738,0.463488,0.499698
140.739,0.463488,0.499698
140.74,0.474351,0.499698
140.741,0.474351,0.499698
140.742,0.474351,0.499698
140.743,0.474351,0.499698
140.744,0.474351,0.499698
140.745,0.474351,0.499698
140.746,0.474351,0.499698
140.747,0.474351,0.499698
140.748,0.457949207547588,0.499698
140.749,0.456246,0.499698
140.75,0.456246,0.499698
140.751,0.456246,0.499698
140.752,0.456246,0.499698
140.753,0.456246,0.499698
140.754,0.456246,0.499698
140.755,0.456246,0.499698
140.756,0.456246,0.499698
140.757,0.47073,0.499698
140.758,0.47073,0.499698
140.759,0.47073,0.499698
140.76,0.47073,0.499698
140.761,0.47073,0.499698
140.762,0.47073,0.499698
140.763,0.47073,0.499698
140.764,0.47073,0.499698
140.765,0.481144291711788,0.499698
140.766,0.481593,0.499698
140.767,0.481593,0.499698
140.768,0.481593,0.499698
140.769,0.481593,0.499698
140.77,0.481593,0.499698
140.771,0.481593,0.499698
140.772,0.481593,0.499698
140.773,0.474650843861437,0.499698
140.774,0.474351,0.499698
140.775,0.474351,0.499698
140.776,0.474351,0.499698
140.777,0.474351,0.499698
140.778,0.474351,0.499698
140.779,0.474351,0.499698
140.78,0.474351,0.499698
140.781,0.474351,0.499698
140.782,0.470870774392018,0.499698
140.783,0.47073,0.499698
140.784,0.47073,0.499698
140.785,0.47073,0.499698
140.786,0.47073,0.499698
140.787,0.47073,0.499698
140.788,0.47073,0.499698
140.789,0.47073,0.499698
140.79,0.481391777298195,0.499698
140.791,0.481593,0.499698
140.792,0.481593,0.499698
140.793,0.481593,0.499698
140.794,0.481593,0.499698
140.795,0.481593,0.499698
140.796,0.481593,0.499698
140.797,0.481593,0.499698
140.798,0.481593,0.499698
140.799,0.459867,0.499698
140.8,0.459867,0.499698
140.801,0.459867,0.499698
140.802,0.459867,0.499698
140.803,0.459867,0.499698
140.804,0.459867,0.499698
140.805,0.459867,0.499698
140.806,0.45996588897394,0.499698
140.807,0.467109,0.499698
140.808,0.467109,0.499698
140.809,0.467109,0.499698
140.81,0.467109,0.499698
140.811,0.467109,0.499698
140.812,0.467109,0.499698
140.813,0.467109,0.499698
140.814,0.467395087701387,0.499698
140.815,0.474351,0.499698
140.816,0.474351,0.499698
140.817,0.474351,0.499698
140.818,0.474351,0.499698
140.819,0.474351,0.499698
140.82,0.474351,0.499698
140.821,0.474351,0.499698
140.822,0.474351,0.499698
140.823,0.474351,0.499698
140.824,0.481593,0.499698
140.825,0.481593,0.499698
140.826,0.481593,0.499698
140.827,0.481593,0.499698
140.828,0.481593,0.499698
140.829,0.481593,0.499698
140.83,0.481593,0.499698
140.831,0.481593,0.499698
140.832,0.471036616935625,0.499698
140.833,0.47073,0.499698
140.834,0.47073,0.499698
140.835,0.47073,0.499698
140.836,0.47073,0.499698
140.837,0.47073,0.499698
140.838,0.47073,0.499698
140.839,0.47073,0.499698
140.84,0.47073,0.499698
140.841,0.467133641119103,0.499698
140.842,0.467109,0.499698
140.843,0.467109,0.499698
140.844,0.467109,0.499698
140.845,0.467109,0.499698
140.846,0.467109,0.499698
140.847,0.467109,0.499698
140.848,0.468190609347259,0.499698
140.849,0.488835,0.499698
140.85,0.488835,0.499698
140.851,0.488835,0.499698
140.852,0.488835,0.499698
140.853,0.488835,0.499698
140.854,0.488835,0.499698
140.855,0.488835,0.499698
140.856,0.488835,0.499698
140.857,0.477972,0.499698
140.858,0.477972,0.499698
140.859,0.477972,0.499698
140.86,0.477972,0.499698
140.861,0.477972,0.499698
140.862,0.477972,0.499698
140.863,0.477972,0.499698
140.864,0.477972,0.499698
140.865,0.477972,0.499698
140.866,0.477972,0.499698
140.867,0.477972,0.499698
140.868,0.477972,0.499698
140.869,0.477972,0.499698
140.87,0.477972,0.499698
140.871,0.477972,0.499698
140.872,0.477972,0.499698
140.873,0.477972,0.499698
140.874,0.477972,0.499698
140.875,0.477972,0.499698
140.876,0.477972,0.499698
140.877,0.477972,0.499698
140.878,0.477972,0.499698
140.879,0.477972,0.499698
140.88,0.477972,0.499698
140.881,0.477972,0.499698
140.882,0.485214,0.499698
140.883,0.485214,0.499698
140.884,0.485214,0.499698
140.885,0.485214,0.499698
140.886,0.485214,0.499698
140.887,0.485214,0.499698
140.888,0.485214,0.499698
140.889,0.485214,0.499698
140.89,0.485214,0.499698
140.891,0.463488,0.499698
140.892,0.463488,0.499698
140.893,0.463488,0.499698
140.894,0.463488,0.499698
140.895,0.463488,0.499698
140.896,0.463488,0.499698
140.897,0.463488,0.499698
140.898,0.463637224288871,0.499698
140.899,0.467076205871552,0.499698
140.9,0.467109,0.499698
140.901,0.467109,0.499698
140.902,0.467109,0.499698
140.903,0.467109,0.499698
140.904,0.467109,0.499698
140.905,0.467109,0.499698
140.906,0.467109,0.499698
140.907,0.467247869730565,0.499698
140.908,0.47073,0.499698
140.909,0.47073,0.499698
140.91,0.47073,0.499698
140.911,0.47073,0.499698
140.912,0.47073,0.499698
140.913,0.47073,0.499698
140.914,0.47073,0.499698
140.915,0.47073,0.499698
140.916,0.480336458955063,0.499698
140.917,0.481593,0.499698
140.918,0.481593,0.499698
140.919,0.481593,0.499698
140.92,0.481593,0.499698
140.921,0.481593,0.499698
140.922,0.481593,0.499698
140.923,0.481593,0.499698
140.924,0.4673612089552,0.499698
140.925,0.467109,0.499698
140.926,0.467109,0.499698
140.927,0.467109,0.499698
140.928,0.467109,0.499698
140.929,0.467109,0.499698
140.93,0.467109,0.499698
140.931,0.467109,0.499698
140.932,0.467109,0.499698
140.933,0.477283946978867,0.499698
140.934,0.477972,0.499698
140.935,0.477972,0.499698
140.936,0.477972,0.499698
140.937,0.477972,0.499698
140.938,0.477972,0.499698
140.939,0.477972,0.499698
140.94,0.477972,0.499698
140.941,0.474516548823048,0.499698
140.942,0.474351,0.499698
140.943,0.474351,0.499698
140.944,0.474351,0.499698
140.945,0.474351,0.499698
140.946,0.474351,0.499698
140.947,0.474351,0.499698
140.948,0.474351,0.499698
140.949,0.474351,0.499698
140.95,0.470790252029202,0.499698
140.951,0.47073,0.499698
140.952,0.47073,0.499698
140.953,0.47073,0.499698
140.954,0.47073,0.499698
140.955,0.47073,0.499698
140.956,0.47073,0.499698
140.957,0.470869477561618,0.499698
140.958,0.477922347793469,0.499698
140.959,0.477972,0.499698
140.96,0.477972,0.499698
140.961,0.477972,0.499698
140.962,0.477972,0.499698
140.963,0.477972,0.499698
140.964,0.477972,0.499698
140.965,0.477972,0.499698
140.966,0.477972,0.499698
140.967,0.477972,0.499698
140.968,0.477972,0.499698
140.969,0.477972,0.499698
140.97,0.477972,0.499698
140.971,0.477972,0.499698
140.972,0.477972,0.499698
140.973,0.477972,0.499698
140.974,0.477972,0.499698
140.975,0.477972,0.499698
140.976,0.477972,0.499698
140.977,0.477972,0.499698
140.978,0.477972,0.499698
140.979,0.477972,0.499698
140.98,0.477972,0.499698
140.981,0.477972,0.499698
140.982,0.477679530890924,0.499698
140.983,0.463488,0.499698
140.984,0.463488,0.499698
140.985,0.463488,0.499698
140.986,0.463488,0.499698
140.987,0.463488,0.499698
140.988,0.463488,0.499698
140.989,0.463488,0.499698
140.99,0.463488,0.499698
140.991,0.463488,0.499698
140.992,0.470587706308243,0.499698
140.993,0.47073,0.499698
140.994,0.47073,0.499698
140.995,0.47073,0.499698
140.996,0.47073,0.499698
140.997,0.47073,0.499698
140.998,0.47073,0.499698
140.999,0.47073,0.499698
141,0.474035197290404,0.499698
141.001,0.474351,0.499698
141.002,0.474351,0.499698
141.003,0.474351,0.499698
141.004,0.474351,0.499698
141.005,0.474351,0.499698
141.006,0.474351,0.499698
141.007,0.474397859999884,0.499698
141.008,0.481593,0.499698
141.009,0.481593,0.499698
141.01,0.481593,0.499698
141.011,0.481593,0.499698
141.012,0.481593,0.499698
141.013,0.481593,0.499698
141.014,0.481593,0.499698
141.015,0.481593,0.499698
141.016,0.481593,0.499698
141.017,0.481593,0.499698
141.018,0.481593,0.499698
141.019,0.481593,0.499698
141.02,0.481593,0.499698
141.021,0.481593,0.499698
141.022,0.481593,0.499698
141.023,0.481593,0.499698
141.024,0.481593,0.499698
141.025,0.477972,0.499698
141.026,0.477972,0.499698
141.027,0.477972,0.499698
141.028,0.477972,0.499698
141.029,0.477972,0.499698
141.03,0.477972,0.499698
141.031,0.477972,0.499698
141.032,0.477405315830006,0.499698
141.033,0.463488,0.499698
141.034,0.463488,0.499698
141.035,0.463488,0.499698
141.036,0.463488,0.499698
141.037,0.463488,0.499698
141.038,0.463488,0.499698
141.039,0.463488,0.499698
141.04,0.463488,0.499698
141.041,0.463631811780475,0.499698
141.042,0.467109,0.499698
141.043,0.467109,0.499698
141.044,0.467109,0.499698
141.045,0.467109,0.499698
141.046,0.467109,0.499698
141.047,0.467109,0.499698
141.048,0.467109,0.499698
141.049,0.467109,0.499698
141.05,0.467109,0.499698
141.051,0.467109,0.499698
141.052,0.467109,0.499698
141.053,0.467109,0.499698
141.054,0.467109,0.499698
141.055,0.467109,0.499698
141.056,0.467109,0.499698
141.057,0.467109,0.499698
141.058,0.467109,0.499698
141.059,0.470467806053003,0.499698
141.06,0.47073,0.499698
141.061,0.47073,0.499698
141.062,0.47073,0.499698
141.063,0.47073,0.499698
141.064,0.47073,0.499698
141.065,0.47073,0.499698
141.066,0.470928088370099,0.499698
141.067,0.481593,0.499698
141.068,0.481593,0.499698
141.069,0.481593,0.499698
141.07,0.481593,0.499698
141.071,0.481593,0.499698
141.072,0.481593,0.499698
141.073,0.481593,0.499698
141.074,0.481593,0.499698
141.075,0.463488,0.499698
141.076,0.463488,0.499698
141.077,0.463488,0.499698
141.078,0.463488,0.499698
141.079,0.463488,0.499698
141.08,0.463488,0.499698
141.081,0.463488,0.499698
141.082,0.463488,0.499698
141.083,0.463488,0.499698
141.084,0.469435096936109,0.499698
141.085,0.47073,0.499698
141.086,0.47073,0.499698
141.087,0.47073,0.499698
141.088,0.47073,0.499698
141.089,0.47073,0.499698
141.09,0.47073,0.499698
141.091,0.47073,0.499698
141.092,0.459867,0.499698
141.093,0.459867,0.499698
141.094,0.459867,0.499698
141.095,0.459867,0.499698
141.096,0.459867,0.499698
141.097,0.459867,0.499698
141.098,0.459867,0.499698
141.099,0.459867,0.499698
141.1,0.459867,0.499698
141.101,0.480380561662922,0.499698
141.102,0.481593,0.499698
141.103,0.481593,0.499698
141.104,0.481593,0.499698
141.105,0.481593,0.499698
141.106,0.481593,0.499698
141.107,0.481593,0.499698
141.108,0.481593,0.499698
141.109,0.464546040515293,0.499698
141.11,0.463488,0.499698
141.111,0.463488,0.499698
141.112,0.463488,0.499698
141.113,0.463488,0.499698
141.114,0.463488,0.499698
141.115,0.463488,0.499698
141.116,0.463488,0.499698
141.117,0.459867,0.499698
141.118,0.459867,0.499698
141.119,0.459867,0.499698
141.12,0.459867,0.499698
141.121,0.459867,0.499698
141.122,0.459867,0.499698
141.123,0.459867,0.499698
141.124,0.459867,0.499698
141.125,0.459879499468686,0.499698
141.126,0.474351,0.499698
141.127,0.474351,0.499698
141.128,0.474351,0.499698
141.129,0.474351,0.499698
141.13,0.474351,0.499698
141.131,0.474351,0.499698
141.132,0.474351,0.499698
141.133,0.474129767402316,0.499698
141.134,0.47073,0.499698
141.135,0.47073,0.499698
141.136,0.47073,0.499698
141.137,0.47073,0.499698
141.138,0.47073,0.499698
141.139,0.47073,0.499698
141.14,0.47073,0.499698
141.141,0.47073,0.499698
141.142,0.47073,0.499698
141.143,0.47073,0.499698
141.144,0.47073,0.499698
141.145,0.47073,0.499698
141.146,0.47073,0.499698
141.147,0.47073,0.499698
141.148,0.47073,0.499698
141.149,0.47073,0.499698
141.15,0.47073,0.499698
141.151,0.459867,0.499698
141.152,0.459867,0.499698
141.153,0.459867,0.499698
141.154,0.459867,0.499698
141.155,0.459867,0.499698
141.156,0.459867,0.499698
141.157,0.459867,0.499698
141.158,0.459867,0.499698
141.159,0.459867,0.499698
141.16,0.459867,0.499698
141.161,0.459867,0.499698
141.162,0.459867,0.499698
141.163,0.459867,0.499698
141.164,0.459867,0.499698
141.165,0.459867,0.499698
141.166,0.459867,0.499698
141.167,0.459922791699427,0.499698
141.168,0.463488,0.499698
141.169,0.463488,0.499698
141.17,0.463488,0.499698
141.171,0.463488,0.499698
141.172,0.463488,0.499698
141.173,0.463488,0.499698
141.174,0.463488,0.499698
141.175,0.463901868119094,0.499698
141.176,0.485214,0.499698
141.177,0.485214,0.499698
141.178,0.485214,0.499698
141.179,0.485214,0.499698
141.18,0.485214,0.499698
141.181,0.485214,0.499698
141.182,0.485214,0.499698
141.183,0.485214,0.499698
141.184,0.485214,0.499698
141.185,0.467401059949012,0.499698
141.186,0.467109,0.499698
141.187,0.467109,0.499698
141.188,0.467109,0.499698
141.189,0.467109,0.499698
141.19,0.467109,0.499698
141.191,0.467109,0.499698
141.192,0.467109,0.499698
141.193,0.477972,0.499698
141.194,0.477972,0.499698
141.195,0.477972,0.499698
141.196,0.477972,0.499698
141.197,0.477972,0.499698
141.198,0.477972,0.499698
141.199,0.477972,0.499698
141.2,0.477972,0.499698
141.201,0.467109,0.499698
141.202,0.467109,0.499698
141.203,0.467109,0.499698
141.204,0.467109,0.499698
141.205,0.467109,0.499698
141.206,0.467109,0.499698
141.207,0.467109,0.499698
141.208,0.467109,0.499698
141.209,0.467109,0.499698
141.21,0.467109,0.499698
141.211,0.467109,0.499698
141.212,0.467109,0.499698
141.213,0.467109,0.499698
141.214,0.467109,0.499698
141.215,0.467109,0.499698
141.216,0.467109,0.499698
141.217,0.467109,0.499698
141.218,0.474351,0.499698
141.219,0.474351,0.499698
141.22,0.474351,0.499698
141.221,0.474351,0.499698
141.222,0.474351,0.499698
141.223,0.474351,0.499698
141.224,0.474351,0.499698
141.225,0.474361284334803,0.499698
141.226,0.477932233905537,0.499698
141.227,0.477972,0.499698
141.228,0.477972,0.499698
141.229,0.477972,0.499698
141.23,0.477972,0.499698
141.231,0.477972,0.499698
141.232,0.477972,0.499698
141.233,0.477972,0.499698
141.234,0.477972,0.499698
141.235,0.477972,0.499698
141.236,0.477972,0.499698
141.237,0.477972,0.499698
141.238,0.477972,0.499698
141.239,0.477972,0.499698
141.24,0.477972,0.499698
141.241,0.477972,0.499698
141.242,0.477972,0.499698
141.243,0.484368662681117,0.499698
141.244,0.485214,0.499698
141.245,0.485214,0.499698
141.246,0.485214,0.499698
141.247,0.485214,0.499698
141.248,0.485214,0.499698
141.249,0.485214,0.499698
141.25,0.485214,0.499698
141.251,0.485214,0.499698
141.252,0.456913000803282,0.499698
141.253,0.456246,0.499698
141.254,0.456246,0.499698
141.255,0.456246,0.499698
141.256,0.456246,0.499698
141.257,0.456246,0.499698
141.258,0.456246,0.499698
141.259,0.456340639772842,0.499698
141.26,0.463484342424143,0.499698
141.261,0.463488,0.499698
141.262,0.463488,0.499698
141.263,0.463488,0.499698
141.264,0.463488,0.499698
141.265,0.463488,0.499698
141.266,0.463488,0.499698
141.267,0.463488,0.499698
141.268,0.466833615062733,0.499698
141.269,0.467109,0.499698
141.27,0.467109,0.499698
141.271,0.467109,0.499698
141.272,0.467109,0.499698
141.273,0.467109,0.499698
141.274,0.467109,0.499698
141.275,0.467109,0.499698
141.276,0.467109,0.499698
141.277,0.459867,0.499698
141.278,0.459867,0.499698
141.279,0.459867,0.499698
141.28,0.459867,0.499698
141.281,0.459867,0.499698
141.282,0.459867,0.499698
141.283,0.459867,0.499698
141.284,0.460878504356465,0.499698
141.285,0.477972,0.499698
141.286,0.477972,0.499698
141.287,0.477972,0.499698
141.288,0.477972,0.499698
141.289,0.477972,0.499698
141.29,0.477972,0.499698
141.291,0.477972,0.499698
141.292,0.477972,0.499698
141.293,0.477972,0.499698
141.294,0.477972,0.499698
141.295,0.477972,0.499698
141.296,0.477972,0.499698
141.297,0.477972,0.499698
141.298,0.477972,0.499698
141.299,0.477972,0.499698
141.3,0.477972,0.499698
141.301,0.477972,0.499698
141.302,0.47073,0.499698
141.303,0.47073,0.499698
141.304,0.47073,0.499698
141.305,0.47073,0.499698
141.306,0.47073,0.499698
141.307,0.47073,0.499698
141.308,0.47073,0.499698
141.309,0.470777262047906,0.499698
141.31,0.481593,0.499698
141.311,0.481593,0.499698
141.312,0.481593,0.499698
141.313,0.481593,0.499698
141.314,0.481593,0.499698
141.315,0.481593,0.499698
141.316,0.481593,0.499698
141.317,0.481593,0.499698
141.318,0.481480407898052,0.499698
141.319,0.47073,0.499698
141.32,0.47073,0.499698
141.321,0.47073,0.499698
141.322,0.47073,0.499698
141.323,0.47073,0.499698
141.324,0.47073,0.499698
141.325,0.47073,0.499698
141.326,0.47073,0.499698
141.327,0.467109,0.499698
141.328,0.467109,0.499698
141.329,0.467109,0.499698
141.33,0.467109,0.499698
141.331,0.467109,0.499698
141.332,0.467109,0.499698
141.333,0.467109,0.499698
141.334,0.467109,0.499698
141.335,0.467109,0.499698
141.336,0.467109,0.499698
141.337,0.467109,0.499698
141.338,0.467109,0.499698
141.339,0.467109,0.499698
141.34,0.467109,0.499698
141.341,0.467109,0.499698
141.342,0.467109,0.499698
141.343,0.467109,0.499698
141.344,0.477972,0.499698
141.345,0.477972,0.499698
141.346,0.477972,0.499698
141.347,0.477972,0.499698
141.348,0.477972,0.499698
141.349,0.477972,0.499698
141.35,0.477972,0.499698
141.351,0.477742479921265,0.499698
141.352,0.47073,0.499698
141.353,0.47073,0.499698
141.354,0.47073,0.499698
141.355,0.47073,0.499698
141.356,0.47073,0.499698
141.357,0.47073,0.499698
141.358,0.47073,0.499698
141.359,0.47073,0.499698
141.36,0.47073,0.499698
141.361,0.463488,0.499698
141.362,0.463488,0.499698
141.363,0.463488,0.499698
141.364,0.463488,0.499698
141.365,0.463488,0.499698
141.366,0.463488,0.499698
141.367,0.463488,0.499698
141.368,0.464099953908497,0.499698
141.369,0.476883082015356,0.499698
141.37,0.477972,0.499698
141.371,0.477972,0.499698
141.372,0.477972,0.499698
141.373,0.477972,0.499698
141.374,0.477972,0.499698
141.375,0.477972,0.499698
141.376,0.477620941360314,0.499698
141.377,0.463488,0.499698
141.378,0.463488,0.499698
141.379,0.463488,0.499698
141.38,0.463488,0.499698
141.381,0.463488,0.499698
141.382,0.463488,0.499698
141.383,0.463488,0.499698
141.384,0.463488,0.499698
141.385,0.463488,0.499698
141.386,0.47073,0.499698
141.387,0.47073,0.499698
141.388,0.47073,0.499698
141.389,0.47073,0.499698
141.39,0.47073,0.499698
141.391,0.47073,0.499698
141.392,0.47073,0.499698
141.393,0.47073,0.499698
141.394,0.460248183130215,0.499698
141.395,0.459867,0.499698
141.396,0.459867,0.499698
141.397,0.459867,0.499698
141.398,0.459867,0.499698
141.399,0.459867,0.499698
141.4,0.459867,0.499698
141.401,0.459867,0.499698
141.402,0.459867,0.499698
141.403,0.4736074017858,0.499698
141.404,0.474351,0.499698
141.405,0.474351,0.499698
141.406,0.474351,0.499698
141.407,0.474351,0.499698
141.408,0.474351,0.499698
141.409,0.474351,0.499698
141.41,0.474351,0.499698
141.411,0.456857560230851,0.499698
141.412,0.456246,0.499698
141.413,0.456246,0.499698
141.414,0.456246,0.499698
141.415,0.456246,0.499698
141.416,0.456246,0.499698
141.417,0.456246,0.499698
141.418,0.456246,0.499698
141.419,0.474351,0.499698
141.42,0.474351,0.499698
141.421,0.474351,0.499698
141.422,0.474351,0.499698
141.423,0.474351,0.499698
141.424,0.474351,0.499698
141.425,0.474351,0.499698
141.426,0.474351,0.499698
141.427,0.474351,0.499698
141.428,0.48796400777568,0.499698
141.429,0.488835,0.499698
141.43,0.488835,0.499698
141.431,0.488835,0.499698
141.432,0.488835,0.499698
141.433,0.488835,0.499698
141.434,0.488835,0.499698
141.435,0.488684754958403,0.499698
141.436,0.474351,0.499698
141.437,0.474351,0.499698
141.438,0.474351,0.499698
141.439,0.474351,0.499698
141.44,0.474351,0.499698
141.441,0.474351,0.499698
141.442,0.474351,0.499698
141.443,0.474535855206619,0.499698
141.444,0.47791405708145,0.499698
141.445,0.477972,0.499698
141.446,0.477972,0.499698
141.447,0.477972,0.499698
141.448,0.477972,0.499698
141.449,0.477972,0.499698
141.45,0.477972,0.499698
141.451,0.477972,0.499698
141.452,0.477972,0.499698
141.453,0.477972,0.499698
141.454,0.477972,0.499698
141.455,0.477972,0.499698
141.456,0.477972,0.499698
141.457,0.477972,0.499698
141.458,0.477972,0.499698
141.459,0.477972,0.499698
141.46,0.478469699688799,0.499698
141.461,0.496077,0.499698
141.462,0.496077,0.499698
141.463,0.496077,0.499698
141.464,0.496077,0.499698
141.465,0.496077,0.499698
141.466,0.496077,0.499698
141.467,0.496077,0.499698
141.468,0.496077,0.499698
141.469,0.496077,0.499698
141.47,0.467109,0.499698
141.471,0.467109,0.499698
141.472,0.467109,0.499698
141.473,0.467109,0.499698
141.474,0.467109,0.499698
141.475,0.467109,0.499698
141.476,0.467109,0.499698
141.477,0.467109,0.499698
141.478,0.467109,0.499698
141.479,0.467109,0.499698
141.48,0.467109,0.499698
141.481,0.467109,0.499698
141.482,0.467109,0.499698
141.483,0.467109,0.499698
141.484,0.467109,0.499698
141.485,0.467109,0.499698
141.486,0.477421823651563,0.499698
141.487,0.477972,0.499698
141.488,0.477972,0.499698
141.489,0.477972,0.499698
141.49,0.477972,0.499698
141.491,0.477972,0.499698
141.492,0.477972,0.499698
141.493,0.477972,0.499698
141.494,0.477972,0.499698
141.495,0.467695127078415,0.499698
141.496,0.467109,0.499698
141.497,0.467109,0.499698
141.498,0.467109,0.499698
141.499,0.467109,0.499698
141.5,0.467109,0.499698
141.501,0.467109,0.499698
141.502,0.467109,0.499698
141.503,0.467109,0.499698
141.504,0.467109,0.499698
141.505,0.467109,0.499698
141.506,0.467109,0.499698
141.507,0.467109,0.499698
141.508,0.467109,0.499698
141.509,0.467109,0.499698
141.51,0.467109,0.499698
141.511,0.467109,0.499698
141.512,0.467109,0.499698
141.513,0.467109,0.499698
141.514,0.467109,0.499698
141.515,0.467109,0.499698
141.516,0.467109,0.499698
141.517,0.467109,0.499698
141.518,0.467109,0.499698
141.519,0.467109,0.499698
141.52,0.481428542578948,0.499698
141.521,0.481593,0.499698
141.522,0.481593,0.499698
141.523,0.481593,0.499698
141.524,0.481593,0.499698
141.525,0.481593,0.499698
141.526,0.481593,0.499698
141.527,0.481593,0.499698
141.528,0.481593,0.499698
141.529,0.481593,0.499698
141.53,0.470755125306232,0.499698
141.531,0.47073,0.499698
141.532,0.47073,0.499698
141.533,0.47073,0.499698
141.534,0.47073,0.499698
141.535,0.47073,0.499698
141.536,0.47073,0.499698
141.537,0.47073,0.499698
141.538,0.47073,0.499698
141.539,0.47073,0.499698
141.54,0.47073,0.499698
141.541,0.47073,0.499698
141.542,0.47073,0.499698
141.543,0.47073,0.499698
141.544,0.47073,0.499698
141.545,0.477422699113887,0.499698
141.546,0.477972,0.499698
141.547,0.477972,0.499698
141.548,0.477972,0.499698
141.549,0.477972,0.499698
141.55,0.477972,0.499698
141.551,0.477972,0.499698
141.552,0.477972,0.499698
141.553,0.477972,0.499698
141.554,0.474443721024344,0.499698
141.555,0.474351,0.499698
141.556,0.474351,0.499698
141.557,0.474351,0.499698
141.558,0.474351,0.499698
141.559,0.474351,0.499698
141.56,0.474351,0.499698
141.561,0.474351,0.499698
141.562,0.488020854545608,0.499698
141.563,0.488835,0.499698
141.564,0.488835,0.499698
141.565,0.488835,0.499698
141.566,0.488835,0.499698
141.567,0.488835,0.499698
141.568,0.488835,0.499698
141.569,0.488835,0.499698
141.57,0.478727489291144,0.499698
141.571,0.477972,0.499698
141.572,0.477972,0.499698
141.573,0.477972,0.499698
141.574,0.477972,0.499698
141.575,0.477972,0.499698
141.576,0.477972,0.499698
141.577,0.477972,0.499698
141.578,0.477972,0.499698
141.579,0.463835979108755,0.499698
141.58,0.463488,0.499698
141.581,0.463488,0.499698
141.582,0.463488,0.499698
141.583,0.463488,0.499698
141.584,0.463488,0.499698
141.585,0.463488,0.499698
141.586,0.463488,0.499698
141.587,0.473550853109065,0.499698
141.588,0.474351,0.499698
141.589,0.474351,0.499698
141.59,0.474351,0.499698
141.591,0.474351,0.499698
141.592,0.474351,0.499698
141.593,0.474351,0.499698
141.594,0.474351,0.499698
141.595,0.474325653000154,0.499698
141.596,0.463488,0.499698
141.597,0.463488,0.499698
141.598,0.463488,0.499698
141.599,0.463488,0.499698
141.6,0.463488,0.499698
141.601,0.463488,0.499698
141.602,0.463488,0.499698
141.603,0.464187281488331,0.499698
141.604,0.485214,0.499698
141.605,0.485214,0.499698
141.606,0.485214,0.499698
141.607,0.485214,0.499698
141.608,0.485214,0.499698
141.609,0.485214,0.499698
141.61,0.485214,0.499698
141.611,0.48368787988904,0.499698
141.612,0.459867,0.499698
141.613,0.459867,0.499698
141.614,0.459867,0.499698
141.615,0.459867,0.499698
141.616,0.459867,0.499698
141.617,0.459867,0.499698
141.618,0.459867,0.499698
141.619,0.459867,0.499698
141.62,0.459867,0.499698
141.621,0.481593,0.499698
141.622,0.481593,0.499698
141.623,0.481593,0.499698
141.624,0.481593,0.499698
141.625,0.481593,0.499698
141.626,0.481593,0.499698
141.627,0.481593,0.499698
141.628,0.481709181818218,0.499698
141.629,0.485147327479392,0.499698
141.63,0.485214,0.499698
141.631,0.485214,0.499698
141.632,0.485214,0.499698
141.633,0.485214,0.499698
141.634,0.485214,0.499698
141.635,0.485214,0.499698
141.636,0.485214,0.499698
141.637,0.485214,0.499698
141.638,0.474351,0.499698
141.639,0.474351,0.499698
141.64,0.474351,0.499698
141.641,0.474351,0.499698
141.642,0.474351,0.499698
141.643,0.474351,0.499698
141.644,0.474351,0.499698
141.645,0.474351,0.499698
141.646,0.484378285866349,0.499698
141.647,0.485214,0.499698
141.648,0.485214,0.499698
141.649,0.485214,0.499698
141.65,0.485214,0.499698
141.651,0.485214,0.499698
141.652,0.485214,0.499698
141.653,0.485214,0.499698
141.654,0.468036778298485,0.499698
141.655,0.467109,0.499698
141.656,0.467109,0.499698
141.657,0.467109,0.499698
141.658,0.467109,0.499698
141.659,0.467109,0.499698
141.66,0.467109,0.499698
141.661,0.467109,0.499698
141.662,0.466931633760429,0.499698
141.663,0.459867,0.499698
141.664,0.459867,0.499698
141.665,0.459867,0.499698
141.666,0.459867,0.499698
141.667,0.459867,0.499698
141.668,0.459867,0.499698
141.669,0.459867,0.499698
141.67,0.459867,0.499698
141.671,0.474351,0.499698
141.672,0.474351,0.499698
141.673,0.474351,0.499698
141.674,0.474351,0.499698
141.675,0.474351,0.499698
141.676,0.474351,0.499698
141.677,0.474351,0.499698
141.678,0.474351,0.499698
141.679,0.470871303830006,0.499698
141.68,0.47073,0.499698
141.681,0.47073,0.499698
141.682,0.47073,0.499698
141.683,0.47073,0.499698
141.684,0.47073,0.499698
141.685,0.47073,0.499698
141.686,0.47073,0.499698
141.687,0.470688642228142,0.499698
141.688,0.467109,0.499698
141.689,0.467109,0.499698
141.69,0.467109,0.499698
141.691,0.467109,0.499698
141.692,0.467109,0.499698
141.693,0.467109,0.499698
141.694,0.467109,0.499698
141.695,0.467109,0.499698
141.696,0.47073,0.499698
141.697,0.47073,0.499698
141.698,0.47073,0.499698
141.699,0.47073,0.499698
141.7,0.47073,0.499698
141.701,0.47073,0.499698
141.702,0.47073,0.499698
141.703,0.47073,0.499698
141.704,0.47073,0.499698
141.705,0.477428313627853,0.499698
141.706,0.477972,0.499698
141.707,0.477972,0.499698
141.708,0.477972,0.499698
141.709,0.477972,0.499698
141.71,0.477972,0.499698
141.711,0.477972,0.499698
141.712,0.477992328421042,0.499698
141.713,0.481300990701761,0.499698
141.714,0.481593,0.499698
141.715,0.481593,0.499698
141.716,0.481593,0.499698
141.717,0.481593,0.499698
141.718,0.481593,0.499698
141.719,0.481593,0.499698
141.72,0.481593,0.499698
141.721,0.485042106677792,0.499698
141.722,0.485214,0.499698
141.723,0.485214,0.499698
141.724,0.485214,0.499698
141.725,0.485214,0.499698
141.726,0.485214,0.499698
141.727,0.485214,0.499698
141.728,0.485214,0.499698
141.729,0.485214,0.499698
141.73,0.47462757523013,0.499698
141.731,0.474351,0.499698
141.732,0.474351,0.499698
141.733,0.474351,0.499698
141.734,0.474351,0.499698
141.735,0.474351,0.499698
141.736,0.474351,0.499698
141.737,0.474351,0.499698
141.738,0.484289968879463,0.499698
141.739,0.485214,0.499698
141.74,0.485214,0.499698
141.741,0.485214,0.499698
141.742,0.485214,0.499698
141.743,0.485214,0.499698
141.744,0.485214,0.499698
141.745,0.485214,0.499698
141.746,0.485214,0.499698
141.747,0.460999896365159,0.499698
141.748,0.459867,0.499698
141.749,0.459867,0.499698
141.75,0.459867,0.499698
141.751,0.459867,0.499698
141.752,0.459867,0.499698
141.753,0.459867,0.499698
141.754,0.459867,0.499698
141.755,0.463488,0.499698
141.756,0.463488,0.499698
141.757,0.463488,0.499698
141.758,0.463488,0.499698
141.759,0.463488,0.499698
141.76,0.463488,0.499698
141.761,0.463488,0.499698
141.762,0.46366172321196,0.499698
141.763,0.467109,0.499698
141.764,0.467109,0.499698
141.765,0.467109,0.499698
141.766,0.467109,0.499698
141.767,0.467109,0.499698
141.768,0.467109,0.499698
141.769,0.467109,0.499698
141.77,0.467109,0.499698
141.771,0.467469346833429,0.499698
141.772,0.477972,0.499698
141.773,0.477972,0.499698
141.774,0.477972,0.499698
141.775,0.477972,0.499698
141.776,0.477972,0.499698
141.777,0.477972,0.499698
141.778,0.477972,0.499698
141.779,0.477297385512313,0.499698
141.78,0.463488,0.499698
141.781,0.463488,0.499698
141.782,0.463488,0.499698
141.783,0.463488,0.499698
141.784,0.463488,0.499698
141.785,0.463488,0.499698
141.786,0.463488,0.499698
141.787,0.463488,0.499698
141.788,0.463488,0.499698
141.789,0.474208896802459,0.499698
141.79,0.474351,0.499698
141.791,0.474351,0.499698
141.792,0.474351,0.499698
141.793,0.474351,0.499698
141.794,0.474351,0.499698
141.795,0.474351,0.499698
141.796,0.474615539378049,0.499698
141.797,0.481593,0.499698
141.798,0.481593,0.499698
141.799,0.481593,0.499698
141.8,0.481593,0.499698
141.801,0.481593,0.499698
141.802,0.481593,0.499698
141.803,0.481593,0.499698
141.804,0.481593,0.499698
141.805,0.474351,0.499698
141.806,0.474351,0.499698
141.807,0.474351,0.499698
141.808,0.474351,0.499698
141.809,0.474351,0.499698
141.81,0.474351,0.499698
141.811,0.474351,0.499698
141.812,0.474351,0.499698
141.813,0.474475095120574,0.499698
141.814,0.477722978300875,0.499698
141.815,0.477972,0.499698
141.816,0.477972,0.499698
141.817,0.477972,0.499698
141.818,0.477972,0.499698
141.819,0.477972,0.499698
141.82,0.477972,0.499698
141.821,0.477652042978077,0.499698
141.822,0.467109,0.499698
141.823,0.467109,0.499698
141.824,0.467109,0.499698
141.825,0.467109,0.499698
141.826,0.467109,0.499698
141.827,0.467109,0.499698
141.828,0.467109,0.499698
141.829,0.467109,0.499698
141.83,0.467109,0.499698
141.831,0.467109,0.499698
141.832,0.467109,0.499698
141.833,0.467109,0.499698
141.834,0.467109,0.499698
141.835,0.467109,0.499698
141.836,0.467109,0.499698
141.837,0.467109,0.499698
141.838,0.467109,0.499698
141.839,0.4636931374729,0.499698
141.84,0.463488,0.499698
141.841,0.463488,0.499698
141.842,0.463488,0.499698
141.843,0.463488,0.499698
141.844,0.463488,0.499698
141.845,0.463488,0.499698
141.846,0.46358950563267,0.499698
141.847,0.47073,0.499698
141.848,0.47073,0.499698
141.849,0.47073,0.499698
141.85,0.47073,0.499698
141.851,0.47073,0.499698
141.852,0.47073,0.499698
141.853,0.47073,0.499698
141.854,0.47073,0.499698
141.855,0.47073,0.499698
141.856,0.467109,0.499698
141.857,0.467109,0.499698
141.858,0.467109,0.499698
141.859,0.467109,0.499698
141.86,0.467109,0.499698
141.861,0.467109,0.499698
141.862,0.467109,0.499698
141.863,0.467109,0.499698
141.864,0.470524014970087,0.499698
141.865,0.47073,0.499698
141.866,0.47073,0.499698
141.867,0.47073,0.499698
141.868,0.47073,0.499698
141.869,0.47073,0.499698
141.87,0.47073,0.499698
141.871,0.470562344122101,0.499698
141.872,0.467109,0.499698
141.873,0.467109,0.499698
141.874,0.467109,0.499698
141.875,0.467109,0.499698
141.876,0.467109,0.499698
141.877,0.467109,0.499698
141.878,0.467109,0.499698
141.879,0.467109,0.499698
141.88,0.467109,0.499698
141.881,0.474115935082912,0.499698
141.882,0.474351,0.499698
141.883,0.474351,0.499698
141.884,0.474351,0.499698
141.885,0.474351,0.499698
141.886,0.474351,0.499698
141.887,0.474351,0.499698
141.888,0.474351,0.499698
141.889,0.470773756141055,0.499698
141.89,0.47073,0.499698
141.891,0.47073,0.499698
141.892,0.47073,0.499698
141.893,0.47073,0.499698
141.894,0.47073,0.499698
141.895,0.47073,0.499698
141.896,0.47073,0.499698
141.897,0.47732171705403,0.499698
141.898,0.477972,0.499698
141.899,0.477972,0.499698
141.9,0.477972,0.499698
141.901,0.477972,0.499698
141.902,0.477972,0.499698
141.903,0.477972,0.499698
141.904,0.477972,0.499698
141.905,0.477972,0.499698
141.906,0.4898863113035,0.499698
141.907,0.492456,0.499698
141.908,0.492456,0.499698
141.909,0.492456,0.499698
141.91,0.492456,0.499698
141.911,0.492456,0.499698
141.912,0.492456,0.499698
141.913,0.492020082996066,0.499698
141.914,0.471808797570517,0.499698
141.915,0.47073,0.499698
141.916,0.47073,0.499698
141.917,0.47073,0.499698
141.918,0.47073,0.499698
141.919,0.47073,0.499698
141.92,0.47073,0.499698
141.921,0.47073,0.499698
141.922,0.470823324742308,0.499698
141.923,0.474351,0.499698
141.924,0.474351,0.499698
141.925,0.474351,0.499698
141.926,0.474351,0.499698
141.927,0.474351,0.499698
141.928,0.474351,0.499698
141.929,0.474351,0.499698
141.93,0.474604197744357,0.499698
141.931,0.481593,0.499698
141.932,0.481593,0.499698
141.933,0.481593,0.499698
141.934,0.481593,0.499698
141.935,0.481593,0.499698
141.936,0.481593,0.499698
141.937,0.481593,0.499698
141.938,0.481593,0.499698
141.939,0.481751992434092,0.499698
141.94,0.485214,0.499698
141.941,0.485214,0.499698
141.942,0.485214,0.499698
141.943,0.485214,0.499698
141.944,0.485214,0.499698
141.945,0.485214,0.499698
141.946,0.485214,0.499698
141.947,0.485214,0.499698
141.948,0.464251940330539,0.499698
141.949,0.463488,0.499698
141.95,0.463488,0.499698
141.951,0.463488,0.499698
141.952,0.463488,0.499698
141.953,0.463488,0.499698
141.954,0.463488,0.499698
141.955,0.463674450308488,0.499698
141.956,0.474351,0.499698
141.957,0.474351,0.499698
141.958,0.474351,0.499698
141.959,0.474351,0.499698
141.96,0.474351,0.499698
141.961,0.474351,0.499698
141.962,0.474351,0.499698
141.963,0.474351,0.499698
141.964,0.474351,0.499698
141.965,0.47073,0.499698
141.966,0.47073,0.499698
141.967,0.47073,0.499698
141.968,0.47073,0.499698
141.969,0.47073,0.499698
141.97,0.47073,0.499698
141.971,0.47073,0.499698
141.972,0.47073,0.499698
141.973,0.460286968766462,0.499698
141.974,0.459867,0.499698
141.975,0.459867,0.499698
141.976,0.459867,0.499698
141.977,0.459867,0.499698
141.978,0.459867,0.499698
141.979,0.459867,0.499698
141.98,0.459798679245213,0.499698
141.981,0.456246,0.499698
141.982,0.456246,0.499698
141.983,0.456246,0.499698
141.984,0.456246,0.499698
141.985,0.456246,0.499698
141.986,0.456246,0.499698
141.987,0.456246,0.499698
141.988,0.456246,0.499698
141.989,0.456856673504766,0.499698
141.99,0.481593,0.499698
141.991,0.481593,0.499698
141.992,0.481593,0.499698
141.993,0.481593,0.499698
141.994,0.481593,0.499698
141.995,0.481593,0.499698
141.996,0.481593,0.499698
141.997,0.481593,0.499698
141.998,0.474351,0.499698
141.999,0.474351,0.499698
142,0.474351,0.499698
142.001,0.474351,0.499698
142.002,0.474351,0.499698
142.003,0.474351,0.499698
142.004,0.474351,0.499698
142.005,0.474351,0.499698
142.006,0.474389217573746,0.499698
142.007,0.477972,0.499698
142.008,0.477972,0.499698
142.009,0.477972,0.499698
142.01,0.477972,0.499698
142.011,0.477972,0.499698
142.012,0.477972,0.499698
142.013,0.477972,0.499698
142.014,0.477779599770605,0.499698
142.015,0.474351,0.499698
142.016,0.474351,0.499698
142.017,0.474351,0.499698
142.018,0.474351,0.499698
142.019,0.474351,0.499698
142.02,0.474351,0.499698
142.021,0.474351,0.499698
142.022,0.474351,0.499698
142.023,0.461204812225868,0.499698
142.024,0.459867,0.499698
142.025,0.459867,0.499698
142.026,0.459867,0.499698
142.027,0.459867,0.499698
142.028,0.459867,0.499698
142.029,0.459867,0.499698
142.03,0.459867,0.499698
142.031,0.459867,0.499698
142.032,0.466478601555529,0.499698
142.033,0.467109,0.499698
142.034,0.467109,0.499698
142.035,0.467109,0.499698
142.036,0.467109,0.499698
142.037,0.467109,0.499698
142.038,0.467109,0.499698
142.039,0.467093776705331,0.499698
142.04,0.463743579819996,0.499698
142.041,0.463488,0.499698
142.042,0.463488,0.499698
142.043,0.463488,0.499698
142.044,0.463488,0.499698
142.045,0.463488,0.499698
142.046,0.463488,0.499698
142.047,0.463488,0.499698
142.048,0.463488,0.499698
142.049,0.477426848029509,0.499698
142.05,0.477972,0.499698
142.051,0.477972,0.499698
142.052,0.477972,0.499698
142.053,0.477972,0.499698
142.054,0.477972,0.499698
142.055,0.477972,0.499698
142.056,0.477972,0.499698
142.057,0.470921694458863,0.499698
142.058,0.47073,0.499698
142.059,0.47073,0.499698
142.06,0.47073,0.499698
142.061,0.47073,0.499698
142.062,0.47073,0.499698
142.063,0.47073,0.499698
142.064,0.47073,0.499698
142.065,0.474342147397378,0.499698
142.066,0.474351,0.499698
142.067,0.474351,0.499698
142.068,0.474351,0.499698
142.069,0.474351,0.499698
142.07,0.474351,0.499698
142.071,0.474351,0.499698
142.072,0.474351,0.499698
142.073,0.474351,0.499698
142.074,0.477972,0.499698
142.075,0.477972,0.499698
142.076,0.477972,0.499698
142.077,0.477972,0.499698
142.078,0.477972,0.499698
142.079,0.477972,0.499698
142.08,0.477972,0.499698
142.081,0.477766136736508,0.499698
142.082,0.474351,0.499698
142.083,0.474351,0.499698
142.084,0.474351,0.499698
142.085,0.474351,0.499698
142.086,0.474351,0.499698
142.087,0.474351,0.499698
142.088,0.474351,0.499698
142.089,0.474351,0.499698
142.09,0.474351,0.499698
142.091,0.474351,0.499698
142.092,0.474351,0.499698
142.093,0.474351,0.499698
142.094,0.474351,0.499698
142.095,0.474351,0.499698
142.096,0.474351,0.499698
142.097,0.474351,0.499698
142.098,0.474780671496374,0.499698
142.099,0.481593,0.499698
142.1,0.481593,0.499698
142.101,0.481593,0.499698
142.102,0.481593,0.499698
142.103,0.481593,0.499698
142.104,0.481593,0.499698
142.105,0.481593,0.499698
142.106,0.481593,0.499698
142.107,0.47073,0.499698
142.108,0.47073,0.499698
142.109,0.47073,0.499698
142.11,0.47073,0.499698
142.111,0.47073,0.499698
142.112,0.47073,0.499698
142.113,0.47073,0.499698
142.114,0.47073,0.499698
142.115,0.47073,0.499698
142.116,0.467770306513373,0.499698
142.117,0.467109,0.499698
142.118,0.467109,0.499698
142.119,0.467109,0.499698
142.12,0.467109,0.499698
142.121,0.467109,0.499698
142.122,0.467109,0.499698
142.123,0.466784780082562,0.499698
142.124,0.459867,0.499698
142.125,0.459867,0.499698
142.126,0.459867,0.499698
142.127,0.459867,0.499698
142.128,0.459867,0.499698
142.129,0.459867,0.499698
142.13,0.459867,0.499698
142.131,0.460021173233231,0.499698
142.132,0.467109,0.499698
142.133,0.467109,0.499698
142.134,0.467109,0.499698
142.135,0.467109,0.499698
142.136,0.467109,0.499698
142.137,0.467109,0.499698
142.138,0.467109,0.499698
142.139,0.467109,0.499698
142.14,0.467109,0.499698
142.141,0.453371683333118,0.499698
142.142,0.452625,0.499698
142.143,0.452625,0.499698
142.144,0.452625,0.499698
142.145,0.452625,0.499698
142.146,0.452625,0.499698
142.147,0.452625,0.499698
142.148,0.452630598041791,0.499698
142.149,0.459867,0.499698
142.15,0.459867,0.499698
142.151,0.459867,0.499698
142.152,0.459867,0.499698
142.153,0.459867,0.499698
142.154,0.459867,0.499698
142.155,0.459867,0.499698
142.156,0.459867,0.499698
142.157,0.459867,0.499698
142.158,0.488702049567237,0.499698
142.159,0.488835,0.499698
142.16,0.488835,0.499698
142.161,0.488835,0.499698
142.162,0.488835,0.499698
142.163,0.488835,0.499698
142.164,0.488835,0.499698
142.165,0.488835,0.499698
142.166,0.478537217693309,0.499698
142.167,0.477972,0.499698
142.168,0.477972,0.499698
142.169,0.477972,0.499698
142.17,0.477972,0.499698
142.171,0.477972,0.499698
142.172,0.477972,0.499698
142.173,0.478021618695284,0.499698
142.174,0.481593,0.499698
142.175,0.481593,0.499698
142.176,0.481593,0.499698
142.177,0.481593,0.499698
142.178,0.481593,0.499698
142.179,0.481593,0.499698
142.18,0.481593,0.499698
142.181,0.481593,0.499698
142.182,0.481290223370725,0.499698
142.183,0.47073,0.499698
142.184,0.47073,0.499698
142.185,0.47073,0.499698
142.186,0.47073,0.499698
142.187,0.47073,0.499698
142.188,0.47073,0.499698
142.189,0.47073,0.499698
142.19,0.47073,0.499698
142.191,0.463488,0.499698
142.192,0.463488,0.499698
142.193,0.463488,0.499698
142.194,0.463488,0.499698
142.195,0.463488,0.499698
142.196,0.463488,0.499698
142.197,0.463488,0.499698
142.198,0.463488,0.499698
142.199,0.463488,0.499698
142.2,0.473470919942508,0.499698
142.201,0.474351,0.499698
142.202,0.474351,0.499698
142.203,0.474351,0.499698
142.204,0.474351,0.499698
142.205,0.474351,0.499698
142.206,0.474351,0.499698
142.207,0.474220457918355,0.499698
142.208,0.467109,0.499698
142.209,0.467109,0.499698
142.21,0.467109,0.499698
142.211,0.467109,0.499698
142.212,0.467109,0.499698
142.213,0.467109,0.499698
142.214,0.467109,0.499698
142.215,0.467109,0.499698
142.216,0.473635715144553,0.499698
142.217,0.474351,0.499698
142.218,0.474351,0.499698
142.219,0.474351,0.499698
142.22,0.474351,0.499698
142.221,0.474351,0.499698
142.222,0.474351,0.499698
142.223,0.474351,0.499698
142.224,0.474351,0.499698
142.225,0.463633657165566,0.499698
142.226,0.463488,0.499698
142.227,0.463488,0.499698
142.228,0.463488,0.499698
142.229,0.463488,0.499698
142.23,0.463488,0.499698
142.231,0.463488,0.499698
142.232,0.463488,0.499698
142.233,0.470676452038438,0.499698
142.234,0.47073,0.499698
142.235,0.47073,0.499698
142.236,0.47073,0.499698
142.237,0.47073,0.499698
142.238,0.47073,0.499698
142.239,0.47073,0.499698
142.24,0.47073,0.499698
142.241,0.47073,0.499698
142.242,0.478716515104953,0.499698
142.243,0.481593,0.499698
142.244,0.481593,0.499698
142.245,0.481593,0.499698
142.246,0.481593,0.499698
142.247,0.481593,0.499698
142.248,0.481593,0.499698
142.249,0.481593,0.499698
142.25,0.467525206896857,0.499698
142.251,0.467109,0.499698
142.252,0.467109,0.499698
142.253,0.467109,0.499698
142.254,0.467109,0.499698
142.255,0.467109,0.499698
142.256,0.467109,0.499698
142.257,0.467109,0.499698
142.258,0.474069857699212,0.499698
142.259,0.474351,0.499698
142.26,0.474351,0.499698
142.261,0.474351,0.499698
142.262,0.474351,0.499698
142.263,0.474351,0.499698
142.264,0.474351,0.499698
142.265,0.474351,0.499698
142.266,0.474351,0.499698
142.267,0.481593,0.499698
142.268,0.481593,0.499698
142.269,0.481593,0.499698
142.27,0.481593,0.499698
142.271,0.481593,0.499698
142.272,0.481593,0.499698
142.273,0.481593,0.499698
142.274,0.48140793304277,0.499698
142.275,0.47073,0.499698
142.276,0.47073,0.499698
142.277,0.47073,0.499698
142.278,0.47073,0.499698
142.279,0.47073,0.499698
142.28,0.47073,0.499698
142.281,0.47073,0.499698
142.282,0.47119602433521,0.499698
142.283,0.477972,0.499698
142.284,0.477972,0.499698
142.285,0.477972,0.499698
142.286,0.477972,0.499698
142.287,0.477972,0.499698
142.288,0.477972,0.499698
142.289,0.477972,0.499698
142.29,0.477972,0.499698
142.291,0.477972,0.499698
142.292,0.477972,0.499698
142.293,0.477972,0.499698
142.294,0.477972,0.499698
142.295,0.477972,0.499698
142.296,0.477972,0.499698
142.297,0.477972,0.499698
142.298,0.477972,0.499698
142.299,0.478006864193336,0.499698
142.3,0.481593,0.499698
142.301,0.481593,0.499698
142.302,0.481593,0.499698
142.303,0.481593,0.499698
142.304,0.481593,0.499698
142.305,0.481593,0.499698
142.306,0.481593,0.499698
142.307,0.481593,0.499698
142.308,0.481593,0.499698
142.309,0.467109,0.499698
142.31,0.467109,0.499698
142.311,0.467109,0.499698
142.312,0.467109,0.499698
142.313,0.467109,0.499698
142.314,0.467109,0.499698
142.315,0.467109,0.499698
142.316,0.467109,0.499698
142.317,0.457044357010976,0.499698
142.318,0.456246,0.499698
142.319,0.456246,0.499698
142.32,0.456246,0.499698
142.321,0.456246,0.499698
142.322,0.456246,0.499698
142.323,0.456246,0.499698
142.324,0.456246,0.499698
142.325,0.469984348333934,0.499698
142.326,0.47073,0.499698
142.327,0.47073,0.499698
142.328,0.47073,0.499698
142.329,0.47073,0.499698
142.33,0.47073,0.499698
142.331,0.47073,0.499698
142.332,0.47073,0.499698
142.333,0.47073,0.499698
142.334,0.47073,0.499698
142.335,0.47073,0.499698
142.336,0.47073,0.499698
142.337,0.47073,0.499698
142.338,0.47073,0.499698
142.339,0.47073,0.499698
142.34,0.47073,0.499698
142.341,0.47073,0.499698
142.342,0.474348600715626,0.499698
142.343,0.474351,0.499698
142.344,0.474351,0.499698
142.345,0.474351,0.499698
142.346,0.474351,0.499698
142.347,0.474351,0.499698
142.348,0.474351,0.499698
142.349,0.474351,0.499698
142.35,0.474351,0.499698
142.351,0.463488,0.499698
142.352,0.463488,0.499698
142.353,0.463488,0.499698
142.354,0.463488,0.499698
142.355,0.463488,0.499698
142.356,0.463488,0.499698
142.357,0.463488,0.499698
142.358,0.463730701848638,0.499698
142.359,0.485214,0.499698
142.36,0.485214,0.499698
142.361,0.485214,0.499698
142.362,0.485214,0.499698
142.363,0.485214,0.499698
142.364,0.485214,0.499698
142.365,0.485214,0.499698
142.366,0.485214,0.499698
142.367,0.474351,0.499698
142.368,0.474351,0.499698
142.369,0.474351,0.499698
142.37,0.474351,0.499698
142.371,0.474351,0.499698
142.372,0.474351,0.499698
142.373,0.474351,0.499698
142.374,0.474351,0.499698
142.375,0.474351,0.499698
142.376,0.4707985424554,0.499698
142.377,0.47073,0.499698
142.378,0.47073,0.499698
142.379,0.47073,0.499698
142.38,0.47073,0.499698
142.381,0.47073,0.499698
142.382,0.47073,0.499698
142.383,0.470496664208648,0.499698
142.384,0.459867,0.499698
142.385,0.459867,0.499698
142.386,0.459867,0.499698
142.387,0.459867,0.499698
142.388,0.459867,0.499698
142.389,0.459867,0.499698
142.39,0.459867,0.499698
142.391,0.459867,0.499698
142.392,0.459867,0.499698
142.393,0.466853789308981,0.499698
142.394,0.467109,0.499698
142.395,0.467109,0.499698
142.396,0.467109,0.499698
142.397,0.467109,0.499698
142.398,0.467109,0.499698
142.399,0.467109,0.499698
142.4,0.467109,0.499698
142.401,0.467109,0.499698
142.402,0.467109,0.499698
142.403,0.467109,0.499698
142.404,0.467109,0.499698
142.405,0.467109,0.499698
142.406,0.467109,0.499698
142.407,0.467109,0.499698
142.408,0.467109,0.499698
142.409,0.46037090995334,0.499698
142.41,0.459867,0.499698
142.411,0.459867,0.499698
142.412,0.459867,0.499698
142.413,0.459867,0.499698
142.414,0.459867,0.499698
142.415,0.459867,0.499698
142.416,0.459867,0.499698
142.417,0.459867,0.499698
142.418,0.476763760779988,0.499698
142.419,0.477972,0.499698
142.42,0.477972,0.499698
142.421,0.477972,0.499698
142.422,0.477972,0.499698
142.423,0.477972,0.499698
142.424,0.477972,0.499698
142.425,0.477972,0.499698
142.426,0.474539025899431,0.499698
142.427,0.474351,0.499698
142.428,0.474351,0.499698
142.429,0.474351,0.499698
142.43,0.474351,0.499698
142.431,0.474351,0.499698
142.432,0.474351,0.499698
142.433,0.474375252055683,0.499698
142.434,0.477972,0.499698
142.435,0.477972,0.499698
142.436,0.477972,0.499698
142.437,0.477972,0.499698
142.438,0.477972,0.499698
142.439,0.477972,0.499698
142.44,0.477972,0.499698
142.441,0.477972,0.499698
142.442,0.477552582663362,0.499698
142.443,0.47073,0.499698
142.444,0.47073,0.499698
142.445,0.47073,0.499698
142.446,0.47073,0.499698
142.447,0.47073,0.499698
142.448,0.47073,0.499698
142.449,0.47073,0.499698
142.45,0.471396245454692,0.499698
142.451,0.481593,0.499698
142.452,0.481593,0.499698
142.453,0.481593,0.499698
142.454,0.481593,0.499698
142.455,0.481593,0.499698
142.456,0.481593,0.499698
142.457,0.481593,0.499698
142.458,0.481593,0.499698
142.459,0.481593,0.45221969854581
142.46,0.481593,-0.499698
142.461,0.481593,-0.499698
142.462,0.481593,-0.499698
142.463,0.481593,-0.499698
142.464,0.481593,-0.499698
142.465,0.481593,-0.499698
142.466,0.481593,-0.499698
142.467,0.454862470147842,-0.499698
142.468,-0.358479,-0.499698
142.469,-0.358479,-0.499698
142.47,-0.358479,-0.499698
142.471,-0.358479,-0.499698
142.472,-0.358479,-0.499698
142.473,-0.358479,-0.499698
142.474,-0.358479,-0.499698
142.475,-0.358479,-0.499698
142.476,-0.411601343063264,-0.499698
142.477,-0.412794,-0.499698
142.478,-0.412794,-0.499698
142.479,-0.412794,-0.499698
142.48,-0.412794,-0.499698
142.481,-0.412794,-0.499698
142.482,-0.412794,-0.499698
142.483,-0.412794,-0.499698
142.484,-0.412794,-0.499698
142.485,-0.392052231543468,-0.499698
142.486,-0.391068,-0.499698
142.487,-0.391068,-0.499698
142.488,-0.391068,-0.499698
142.489,-0.391068,-0.499698
142.49,-0.391068,-0.499698
142.491,-0.391068,-0.499698
142.492,-0.391806322883197,-0.499698
142.493,-0.416247625955904,-0.499698
142.494,-0.416415,-0.499698
142.495,-0.416415,-0.499698
142.496,-0.416415,-0.499698
142.497,-0.416415,-0.499698
142.498,-0.416415,-0.499698
142.499,-0.416415,-0.499698
142.5,-0.416415,-0.499698
142.501,-0.416415,-0.499698
142.502,-0.468470267990908,-0.499698
142.503,-0.47073,-0.499698
142.504,-0.47073,-0.499698
142.505,-0.47073,-0.499698
142.506,-0.47073,-0.499698
142.507,-0.47073,-0.499698
142.508,-0.47073,-0.499698
142.509,-0.47073,-0.499698
142.51,-0.506013387986226,-0.499698
142.511,-0.50694,-0.499698
142.512,-0.50694,-0.499698
142.513,-0.50694,-0.499698
142.514,-0.50694,-0.499698
142.515,-0.50694,-0.499698
142.516,-0.50694,-0.499698
142.517,-0.50694,-0.499698
142.518,-0.568497,-0.499698
142.519,-0.568497,-0.499698
142.52,-0.568497,-0.499698
142.521,-0.568497,-0.499698
142.522,-0.568497,-0.499698
142.523,-0.568497,-0.499698
142.524,-0.568497,-0.499698
142.525,-0.568497,-0.499698
142.526,-0.568497,-0.499698
142.527,-0.39831,-0.499698
142.528,-0.39831,-0.499698
142.529,-0.39831,-0.499698
142.53,-0.39831,-0.499698
142.531,-0.39831,-0.499698
142.532,-0.39831,-0.499698
142.533,-0.39831,-0.499698
142.534,-0.39831,-0.499698
142.535,-0.505528805302252,-0.499698
142.536,-0.510561,-0.499698
142.537,-0.510561,-0.499698
142.538,-0.510561,-0.499698
142.539,-0.510561,-0.499698
142.54,-0.510561,-0.499698
142.541,-0.510561,-0.499698
142.542,-0.510561,-0.499698
142.543,-0.511266828574689,-0.499698
142.544,-0.542333227103155,-0.499698
142.545,-0.546771,-0.499698
142.546,-0.546771,-0.499698
142.547,-0.546771,-0.499698
142.548,-0.546771,-0.499698
142.549,-0.546771,-0.499698
142.55,-0.546771,-0.499698
142.551,-0.546771,-0.499698
142.552,-0.56363881622615,-0.499698
142.553,-0.564876,-0.499698
142.554,-0.564876,-0.499698
142.555,-0.564876,-0.499698
142.556,-0.564876,-0.499698
142.557,-0.564876,-0.499698
142.558,-0.564876,-0.499698
142.559,-0.564876,-0.499698
142.56,-0.440714913594427,-0.499698
142.561,-0.43452,-0.499698
142.562,-0.43452,-0.499698
142.563,-0.43452,-0.499698
142.564,-0.43452,-0.499698
142.565,-0.43452,-0.499698
142.566,-0.43452,-0.499698
142.567,-0.43452,-0.499698
142.568,-0.43452,-0.499698
142.569,-0.481218816170626,-0.499698
142.57,-0.481593,-0.499698
142.571,-0.481593,-0.499698
142.572,-0.481593,-0.499698
142.573,-0.481593,-0.499698
142.574,-0.481593,-0.499698
142.575,-0.481593,-0.499698
142.576,-0.481593,-0.499698
142.577,-0.503319,-0.499698
142.578,-0.503319,-0.499698
142.579,-0.503319,-0.499698
142.58,-0.503319,-0.499698
142.581,-0.503319,-0.499698
142.582,-0.503319,-0.499698
142.583,-0.503319,-0.499698
142.584,-0.503319,-0.499698
142.585,-0.496705104927538,-0.499698
142.586,-0.496077,-0.499698
142.587,-0.496077,-0.499698
142.588,-0.496077,-0.499698
142.589,-0.496077,-0.499698
142.59,-0.496077,-0.499698
142.591,-0.496077,-0.499698
142.592,-0.496077,-0.499698
142.593,-0.496077,-0.499698
142.594,-0.474351,-0.499698
142.595,-0.474351,-0.499698
142.596,-0.474351,-0.499698
142.597,-0.474351,-0.499698
142.598,-0.474351,-0.499698
142.599,-0.474351,-0.499698
142.6,-0.474351,-0.499698
142.601,-0.474425859511156,-0.499698
142.602,-0.477972,-0.499698
142.603,-0.477972,-0.499698
142.604,-0.477972,-0.499698
142.605,-0.477972,-0.499698
142.606,-0.477972,-0.499698
142.607,-0.477972,-0.499698
142.608,-0.477972,-0.499698
142.609,-0.477972,-0.499698
142.61,-0.477430470536925,-0.499698
142.611,-0.467109,-0.499698
142.612,-0.467109,-0.499698
142.613,-0.467109,-0.499698
142.614,-0.467109,-0.499698
142.615,-0.467109,-0.499698
142.616,-0.467109,-0.499698
142.617,-0.467109,-0.499698
142.618,-0.46758245621873,-0.499698
142.619,-0.480935801746408,-0.499698
142.62,-0.481593,-0.499698
142.621,-0.481593,-0.499698
142.622,-0.481593,-0.499698
142.623,-0.481593,-0.499698
142.624,-0.481593,-0.499698
142.625,-0.481593,-0.499698
142.626,-0.481272825437036,-0.499698
142.627,-0.474351,-0.499698
142.628,-0.474351,-0.499698
142.629,-0.474351,-0.499698
142.63,-0.474351,-0.499698
142.631,-0.474351,-0.499698
142.632,-0.474351,-0.499698
142.633,-0.474351,-0.499698
142.634,-0.474351,-0.499698
142.635,-0.474351,-0.499698
142.636,-0.470742106993585,-0.499698
142.637,-0.47073,-0.499698
142.638,-0.47073,-0.499698
142.639,-0.47073,-0.499698
142.64,-0.47073,-0.499698
142.641,-0.47073,-0.499698
142.642,-0.47073,-0.499698
142.643,-0.47073,-0.499698
142.644,-0.474212034022855,-0.499698
142.645,-0.474351,-0.499698
142.646,-0.474351,-0.499698
142.647,-0.474351,-0.499698
142.648,-0.474351,-0.499698
142.649,-0.474351,-0.499698
142.65,-0.474351,-0.499698
142.651,-0.474351,-0.499698
142.652,-0.474205327586125,-0.499698
142.653,-0.467109,-0.499698
142.654,-0.467109,-0.499698
142.655,-0.467109,-0.499698
142.656,-0.467109,-0.499698
142.657,-0.467109,-0.499698
142.658,-0.467109,-0.499698
142.659,-0.467109,-0.499698
142.66,-0.467164030395247,-0.499698
142.661,-0.47073,-0.499698
142.662,-0.47073,-0.499698
142.663,-0.47073,-0.499698
142.664,-0.47073,-0.499698
142.665,-0.47073,-0.499698
142.666,-0.47073,-0.499698
142.667,-0.47073,-0.499698
142.668,-0.47073,-0.499698
142.669,-0.474351,-0.499698
142.67,-0.474351,-0.499698
142.671,-0.474351,-0.499698
142.672,-0.474351,-0.499698
142.673,-0.474351,-0.499698
142.674,-0.474351,-0.499698
142.675,-0.474351,-0.499698
142.676,-0.474351,-0.499698
142.677,-0.474351,-0.499698
142.678,-0.485124120290155,-0.499698
142.679,-0.485214,-0.499698
142.68,-0.485214,-0.499698
142.681,-0.485214,-0.499698
142.682,-0.485214,-0.499698
142.683,-0.485214,-0.499698
142.684,-0.485214,-0.499698
142.685,-0.484970908239357,-0.499698
142.686,-0.467109,-0.499698
142.687,-0.467109,-0.499698
142.688,-0.467109,-0.499698
142.689,-0.467109,-0.499698
142.69,-0.467109,-0.499698
142.691,-0.467109,-0.499698
142.692,-0.467109,-0.499698
142.693,-0.467109,-0.499698
142.694,-0.467109,-0.499698
142.695,-0.467109,-0.499698
142.696,-0.467109,-0.499698
142.697,-0.467109,-0.499698
142.698,-0.467109,-0.499698
142.699,-0.467109,-0.499698
142.7,-0.467109,-0.499698
142.701,-0.467109,-0.499698
142.702,-0.467109,-0.499698
142.703,-0.474205069106803,-0.499698
142.704,-0.474351,-0.499698
142.705,-0.474351,-0.499698
142.706,-0.474351,-0.499698
142.707,-0.474351,-0.499698
142.708,-0.474351,-0.499698
142.709,-0.474351,-0.499698
142.71,-0.474351,-0.499698
142.711,-0.470927615998308,-0.499698
142.712,-0.47073,-0.499698
142.713,-0.47073,-0.499698
142.714,-0.47073,-0.499698
142.715,-0.47073,-0.499698
142.716,-0.47073,-0.499698
142.717,-0.47073,-0.499698
142.718,-0.47073,-0.499698
142.719,-0.47073,-0.499698
142.72,-0.450437351688487,-0.499698
142.721,-0.449004,-0.499698
142.722,-0.449004,-0.499698
142.723,-0.449004,-0.499698
142.724,-0.449004,-0.499698
142.725,-0.449004,-0.499698
142.726,-0.449004,-0.499698
142.727,-0.449004,-0.499698
142.728,-0.480121126992862,-0.499698
142.729,-0.481593,-0.499698
142.73,-0.481593,-0.499698
142.731,-0.481593,-0.499698
142.732,-0.481593,-0.499698
142.733,-0.481593,-0.499698
142.734,-0.481593,-0.499698
142.735,-0.481593,-0.499698
142.736,-0.481593,-0.499698
142.737,-0.474351,-0.499698
142.738,-0.474351,-0.499698
142.739,-0.474351,-0.499698
142.74,-0.474351,-0.499698
142.741,-0.474351,-0.499698
142.742,-0.474351,-0.499698
142.743,-0.474351,-0.499698
142.744,-0.474351,-0.499698
142.745,-0.467549648402334,-0.499698
142.746,-0.467109,-0.499698
142.747,-0.467109,-0.499698
142.748,-0.467109,-0.499698
142.749,-0.467109,-0.499698
142.75,-0.467109,-0.499698
142.751,-0.467109,-0.499698
142.752,-0.467310685404948,-0.499698
142.753,-0.481593,-0.499698
142.754,-0.481593,-0.499698
142.755,-0.481593,-0.499698
142.756,-0.481593,-0.499698
142.757,-0.481593,-0.499698
142.758,-0.481593,-0.499698
142.759,-0.481593,-0.499698
142.76,-0.481593,-0.499698
142.761,-0.481106402388143,-0.499698
142.762,-0.47073,-0.499698
142.763,-0.47073,-0.499698
142.764,-0.47073,-0.499698
142.765,-0.47073,-0.499698
142.766,-0.47073,-0.499698
142.767,-0.47073,-0.499698
142.768,-0.47073,-0.499698
142.769,-0.470566496696049,-0.499698
142.77,-0.467109,-0.499698
142.771,-0.467109,-0.499698
142.772,-0.467109,-0.499698
142.773,-0.467109,-0.499698
142.774,-0.467109,-0.499698
142.775,-0.467109,-0.499698
142.776,-0.467109,-0.499698
142.777,-0.467109,-0.499698
142.778,-0.485214,-0.499698
142.779,-0.485214,-0.499698
142.78,-0.485214,-0.499698
142.781,-0.485214,-0.499698
142.782,-0.485214,-0.499698
142.783,-0.485214,-0.499698
142.784,-0.485214,-0.499698
142.785,-0.485214,-0.499698
142.786,-0.485050364806928,-0.499698
142.787,-0.477972,-0.499698
142.788,-0.477972,-0.499698
142.789,-0.477972,-0.499698
142.79,-0.477972,-0.499698
142.791,-0.477972,-0.499698
142.792,-0.477972,-0.499698
142.793,-0.477972,-0.499698
142.794,-0.478366057965723,-0.499698
142.795,-0.488835,-0.499698
142.796,-0.488835,-0.499698
142.797,-0.488835,-0.499698
142.798,-0.488835,-0.499698
142.799,-0.488835,-0.499698
142.8,-0.488835,-0.499698
142.801,-0.488835,-0.499698
142.802,-0.488835,-0.499698
142.803,-0.488835,-0.499698
142.804,-0.478510204338473,-0.499698
142.805,-0.477972,-0.499698
142.806,-0.477972,-0.499698
142.807,-0.477972,-0.499698
142.808,-0.477972,-0.499698
142.809,-0.477972,-0.499698
142.81,-0.477972,-0.499698
142.811,-0.477972,-0.499698
142.812,-0.477972,-0.499698
142.813,-0.477972,-0.499698
142.814,-0.477972,-0.499698
142.815,-0.477972,-0.499698
142.816,-0.477972,-0.499698
142.817,-0.477972,-0.499698
142.818,-0.477972,-0.499698
142.819,-0.477972,-0.499698
142.82,-0.477972,-0.499698
142.821,-0.477972,-0.499698
142.822,-0.477972,-0.499698
142.823,-0.477972,-0.499698
142.824,-0.477972,-0.499698
142.825,-0.477972,-0.499698
142.826,-0.477972,-0.499698
142.827,-0.477972,-0.499698
142.828,-0.477972,-0.499698
142.829,-0.463833961838404,-0.499698
142.83,-0.463488,-0.499698
142.831,-0.463488,-0.499698
142.832,-0.463488,-0.499698
142.833,-0.463488,-0.499698
142.834,-0.463488,-0.499698
142.835,-0.463488,-0.499698
142.836,-0.463839304699456,-0.499698
142.837,-0.474351,-0.499698
142.838,-0.474351,-0.499698
142.839,-0.474351,-0.499698
142.84,-0.474351,-0.499698
142.841,-0.474351,-0.499698
142.842,-0.474351,-0.499698
142.843,-0.474351,-0.499698
142.844,-0.474351,-0.499698
142.845,-0.473908689189244,-0.499698
142.846,-0.459867,-0.499698
142.847,-0.459867,-0.499698
142.848,-0.459867,-0.499698
142.849,-0.459867,-0.499698
142.85,-0.459867,-0.499698
142.851,-0.459867,-0.499698
142.852,-0.459867,-0.499698
142.853,-0.459867,-0.499698
142.854,-0.469663147125503,-0.499698
142.855,-0.47073,-0.499698
142.856,-0.47073,-0.499698
142.857,-0.47073,-0.499698
142.858,-0.47073,-0.499698
142.859,-0.47073,-0.499698
142.86,-0.47073,-0.499698
142.861,-0.470785392678562,-0.499698
142.862,-0.474153138214373,-0.499698
142.863,-0.474351,-0.499698
142.864,-0.474351,-0.499698
142.865,-0.474351,-0.499698
142.866,-0.474351,-0.499698
142.867,-0.474351,-0.499698
142.868,-0.474351,-0.499698
142.869,-0.474351,-0.499698
142.87,-0.474351,-0.499698
142.871,-0.470890770664926,-0.499698
142.872,-0.47073,-0.499698
142.873,-0.47073,-0.499698
142.874,-0.47073,-0.499698
142.875,-0.47073,-0.499698
142.876,-0.47073,-0.499698
142.877,-0.47073,-0.499698
142.878,-0.47073,-0.499698
142.879,-0.467197805425369,-0.499698
142.88,-0.467109,-0.499698
142.881,-0.467109,-0.499698
142.882,-0.467109,-0.499698
142.883,-0.467109,-0.499698
142.884,-0.467109,-0.499698
142.885,-0.467109,-0.499698
142.886,-0.467109,-0.499698
142.887,-0.486498608792938,-0.499698
142.888,-0.488835,-0.499698
142.889,-0.488835,-0.499698
142.89,-0.488835,-0.499698
142.891,-0.488835,-0.499698
142.892,-0.488835,-0.499698
142.893,-0.488835,-0.499698
142.894,-0.488835,-0.499698
142.895,-0.488835,-0.499698
142.896,-0.472622567067439,-0.499698
142.897,-0.47073,-0.499698
142.898,-0.47073,-0.499698
142.899,-0.47073,-0.499698
142.9,-0.47073,-0.499698
142.901,-0.47073,-0.499698
142.902,-0.47073,-0.499698
142.903,-0.47073,-0.499698
142.904,-0.47073,-0.499698
142.905,-0.47073,-0.499698
142.906,-0.47073,-0.499698
142.907,-0.47073,-0.499698
142.908,-0.47073,-0.499698
142.909,-0.47073,-0.499698
142.91,-0.47073,-0.499698
142.911,-0.47073,-0.499698
142.912,-0.470867470076385,-0.499698
142.913,-0.481593,-0.499698
142.914,-0.481593,-0.499698
142.915,-0.481593,-0.499698
142.916,-0.481593,-0.499698
142.917,-0.481593,-0.499698
142.918,-0.481593,-0.499698
142.919,-0.481593,-0.499698
142.92,-0.481385403348509,-0.499698
142.921,-0.474351,-0.499698
142.922,-0.474351,-0.499698
142.923,-0.474351,-0.499698
142.924,-0.474351,-0.499698
142.925,-0.474351,-0.499698
142.926,-0.474351,-0.499698
142.927,-0.474351,-0.499698
142.928,-0.474207812167376,-0.499698
142.929,-0.47073,-0.499698
142.93,-0.47073,-0.499698
142.931,-0.47073,-0.499698
142.932,-0.47073,-0.499698
142.933,-0.47073,-0.499698
142.934,-0.47073,-0.499698
142.935,-0.47073,-0.499698
142.936,-0.47073,-0.499698
142.937,-0.47073,-0.499698
142.938,-0.46770763726619,-0.499698
142.939,-0.467109,-0.499698
142.94,-0.467109,-0.499698
142.941,-0.467109,-0.499698
142.942,-0.467109,-0.499698
142.943,-0.467109,-0.499698
142.944,-0.467109,-0.499698
142.945,-0.467263515207893,-0.499698
142.946,-0.47073,-0.499698
142.947,-0.47073,-0.499698
142.948,-0.47073,-0.499698
142.949,-0.47073,-0.499698
142.95,-0.47073,-0.499698
142.951,-0.47073,-0.499698
142.952,-0.47073,-0.499698
142.953,-0.47073,-0.499698
142.954,-0.47073,-0.499698
142.955,-0.47073,-0.499698
142.956,-0.47073,-0.499698
142.957,-0.47073,-0.499698
142.958,-0.47073,-0.499698
142.959,-0.47073,-0.499698
142.96,-0.47073,-0.499698
142.961,-0.47073,-0.499698
142.962,-0.470741948917668,-0.499698
142.963,-0.474351,-0.499698
142.964,-0.474351,-0.499698
142.965,-0.474351,-0.499698
142.966,-0.474351,-0.499698
142.967,-0.474351,-0.499698
142.968,-0.474351,-0.499698
142.969,-0.474351,-0.499698
142.97,-0.473754562070963,-0.499698
142.971,-0.456246,-0.499698
142.972,-0.456246,-0.499698
142.973,-0.456246,-0.499698
142.974,-0.456246,-0.499698
142.975,-0.456246,-0.499698
142.976,-0.456246,-0.499698
142.977,-0.456246,-0.499698
142.978,-0.456246,-0.499698
142.979,-0.456246,-0.499698
142.98,-0.474351,-0.499698
142.981,-0.474351,-0.499698
142.982,-0.474351,-0.499698
142.983,-0.474351,-0.499698
142.984,-0.474351,-0.499698
142.985,-0.474351,-0.499698
142.986,-0.474351,-0.499698
142.987,-0.47427654910705,-0.499698
142.988,-0.47073,-0.499698
142.989,-0.47073,-0.499698
142.99,-0.47073,-0.499698
142.991,-0.47073,-0.499698
142.992,-0.47073,-0.499698
142.993,-0.47073,-0.499698
142.994,-0.47073,-0.499698
142.995,-0.47073,-0.499698
142.996,-0.47073,-0.499698
142.997,-0.477972,-0.499698
142.998,-0.477972,-0.499698
142.999,-0.477972,-0.499698
143,-0.477972,-0.499698
143.001,-0.477972,-0.499698
143.002,-0.477972,-0.499698
143.003,-0.477972,-0.499698
143.004,-0.477972,-0.499698
143.005,-0.477972,-0.499698
143.006,-0.477972,-0.499698
143.007,-0.477972,-0.499698
143.008,-0.477972,-0.499698
143.009,-0.477972,-0.499698
143.01,-0.477972,-0.499698
143.011,-0.477972,-0.499698
143.012,-0.477972,-0.499698
143.013,-0.477972,-0.499698
143.014,-0.477972,-0.499698
143.015,-0.477972,-0.499698
143.016,-0.477972,-0.499698
143.017,-0.477972,-0.499698
143.018,-0.477972,-0.499698
143.019,-0.477972,-0.499698
143.02,-0.477972,-0.499698
143.021,-0.477972,-0.499698
143.022,-0.457712548909112,-0.499698
143.023,-0.456246,-0.499698
143.024,-0.456246,-0.499698
143.025,-0.456246,-0.499698
143.026,-0.456246,-0.499698
143.027,-0.456246,-0.499698
143.028,-0.456246,-0.499698
143.029,-0.456246,-0.499698
143.03,-0.473395548300568,-0.499698
143.031,-0.474351,-0.499698
143.032,-0.474351,-0.499698
143.033,-0.474351,-0.499698
143.034,-0.474351,-0.499698
143.035,-0.474351,-0.499698
143.036,-0.474351,-0.499698
143.037,-0.474351,-0.499698
143.038,-0.474351,-0.499698
143.039,-0.469035449042525,-0.499698
143.04,-0.467109,-0.499698
143.041,-0.467109,-0.499698
143.042,-0.467109,-0.499698
143.043,-0.467109,-0.499698
143.044,-0.467109,-0.499698
143.045,-0.467109,-0.499698
143.046,-0.467109,-0.499698
143.047,-0.467109,-0.499698
143.048,-0.467109,-0.499698
143.049,-0.467109,-0.499698
143.05,-0.467109,-0.499698
143.051,-0.467109,-0.499698
143.052,-0.467109,-0.499698
143.053,-0.467109,-0.499698
143.054,-0.467109,-0.499698
143.055,-0.477972,-0.499698
143.056,-0.477972,-0.499698
143.057,-0.477972,-0.499698
143.058,-0.477972,-0.499698
143.059,-0.477972,-0.499698
143.06,-0.477972,-0.499698
143.061,-0.477972,-0.499698
143.062,-0.477972,-0.499698
143.063,-0.477949583377079,-0.499698
143.064,-0.47073,-0.499698
143.065,-0.47073,-0.499698
143.066,-0.47073,-0.499698
143.067,-0.47073,-0.499698
143.068,-0.47073,-0.499698
143.069,-0.47073,-0.499698
143.07,-0.47073,-0.499698
143.071,-0.470891218492239,-0.499698
143.072,-0.474351,-0.499698
143.073,-0.474351,-0.499698
143.074,-0.474351,-0.499698
143.075,-0.474351,-0.499698
143.076,-0.474351,-0.499698
143.077,-0.474351,-0.499698
143.078,-0.474351,-0.499698
143.079,-0.473754030704023,-0.499698
143.08,-0.463488,-0.499698
143.081,-0.463488,-0.499698
143.082,-0.463488,-0.499698
143.083,-0.463488,-0.499698
143.084,-0.463488,-0.499698
143.085,-0.463488,-0.499698
143.086,-0.463488,-0.499698
143.087,-0.463488,-0.499698
143.088,-0.463582914810016,-0.499698
143.089,-0.467109,-0.499698
143.09,-0.467109,-0.499698
143.091,-0.467109,-0.499698
143.092,-0.467109,-0.499698
143.093,-0.467109,-0.499698
143.094,-0.467109,-0.499698
143.095,-0.467109,-0.499698
143.096,-0.467109,-0.499698
143.097,-0.463573886528987,-0.499698
143.098,-0.463488,-0.499698
143.099,-0.463488,-0.499698
143.1,-0.463488,-0.499698
143.101,-0.463488,-0.499698
143.102,-0.463488,-0.499698
143.103,-0.463488,-0.499698
143.104,-0.463488,-0.499698
143.105,-0.463488,-0.499698
143.106,-0.463488,-0.499698
143.107,-0.463488,-0.499698
143.108,-0.463488,-0.499698
143.109,-0.463488,-0.499698
143.11,-0.463488,-0.499698
143.111,-0.463488,-0.499698
143.112,-0.463488,-0.499698
143.113,-0.464111879124879,-0.499698
143.114,-0.485214,-0.499698
143.115,-0.485214,-0.499698
143.116,-0.485214,-0.499698
143.117,-0.485214,-0.499698
143.118,-0.485214,-0.499698
143.119,-0.485214,-0.499698
143.12,-0.485214,-0.499698
143.121,-0.485214,-0.499698
143.122,-0.474351,-0.499698
143.123,-0.474351,-0.499698
143.124,-0.474351,-0.499698
143.125,-0.474351,-0.499698
143.126,-0.474351,-0.499698
143.127,-0.474351,-0.499698
143.128,-0.474351,-0.499698
143.129,-0.474351,-0.499698
143.13,-0.474351,-0.499698
143.131,-0.467358863354956,-0.499698
143.132,-0.467109,-0.499698
143.133,-0.467109,-0.499698
143.134,-0.467109,-0.499698
143.135,-0.467109,-0.499698
143.136,-0.467109,-0.499698
143.137,-0.467109,-0.499698
143.138,-0.467134850608156,-0.499698
143.139,-0.474351,-0.499698
143.14,-0.474351,-0.499698
143.141,-0.474351,-0.499698
143.142,-0.474351,-0.499698
143.143,-0.474351,-0.499698
143.144,-0.474351,-0.499698
143.145,-0.474351,-0.499698
143.146,-0.474351,-0.499698
143.147,-0.474351,-0.499698
143.148,-0.477972,-0.499698
143.149,-0.477972,-0.499698
143.15,-0.477972,-0.499698
143.151,-0.477972,-0.499698
143.152,-0.477972,-0.499698
143.153,-0.477972,-0.499698
143.154,-0.477972,-0.499698
143.155,-0.477972,-0.499698
143.156,-0.481229306497523,-0.499698
143.157,-0.481593,-0.499698
143.158,-0.481593,-0.499698
143.159,-0.481593,-0.499698
143.16,-0.481593,-0.499698
143.161,-0.481593,-0.499698
143.162,-0.481593,-0.499698
143.163,-0.481345164316941,-0.499698
143.164,-0.467109,-0.499698
143.165,-0.467109,-0.499698
143.166,-0.467109,-0.499698
143.167,-0.467109,-0.499698
143.168,-0.467109,-0.499698
143.169,-0.467109,-0.499698
143.17,-0.467109,-0.499698
143.171,-0.467109,-0.499698
143.172,-0.467109,-0.499698
143.173,-0.467109,-0.499698
143.174,-0.467109,-0.499698
143.175,-0.467109,-0.499698
143.176,-0.467109,-0.499698
143.177,-0.467109,-0.499698
143.178,-0.467109,-0.499698
143.179,-0.467109,-0.499698
143.18,-0.467109,-0.499698
143.181,-0.463652569382634,-0.499698
143.182,-0.463488,-0.499698
143.183,-0.463488,-0.499698
143.184,-0.463488,-0.499698
143.185,-0.463488,-0.499698
143.186,-0.463488,-0.499698
143.187,-0.463488,-0.499698
143.188,-0.463488,-0.499698
143.189,-0.463488,-0.499698
143.19,-0.478279295675367,-0.499698
143.191,-0.481593,-0.499698
143.192,-0.481593,-0.499698
143.193,-0.481593,-0.499698
143.194,-0.481593,-0.499698
143.195,-0.481593,-0.499698
143.196,-0.481593,-0.499698
143.197,-0.481593,-0.499698
143.198,-0.498957798226976,-0.499698
143.199,-0.499698,-0.499698
143.2,-0.499698,-0.499698
143.201,-0.499698,-0.499698
143.202,-0.499698,-0.499698
143.203,-0.499698,-0.499698
143.204,-0.499698,-0.499698
143.205,-0.499698,-0.499698
143.206,-0.473845666358496,-0.499698
143.207,-0.47073,-0.499698
143.208,-0.47073,-0.499698
143.209,-0.47073,-0.499698
143.21,-0.47073,-0.499698
143.211,-0.47073,-0.499698
143.212,-0.47073,-0.499698
143.213,-0.47073,-0.499698
143.214,-0.470452581416164,-0.499698
143.215,-0.464133827228144,-0.499698
143.216,-0.463488,-0.499698
143.217,-0.463488,-0.499698
143.218,-0.463488,-0.499698
143.219,-0.463488,-0.499698
143.22,-0.463488,-0.499698
143.221,-0.463488,-0.499698
143.222,-0.464194324945952,-0.499698
143.223,-0.477752466570759,-0.499698
143.224,-0.477972,-0.499698
143.225,-0.477972,-0.499698
143.226,-0.477972,-0.499698
143.227,-0.477972,-0.499698
143.228,-0.477972,-0.499698
143.229,-0.477972,-0.499698
143.23,-0.477323933846125,-0.499698
143.231,-0.463488,-0.499698
143.232,-0.463488,-0.499698
143.233,-0.463488,-0.499698
143.234,-0.463488,-0.499698
143.235,-0.463488,-0.499698
143.236,-0.463488,-0.499698
143.237,-0.463488,-0.499698
143.238,-0.463488,-0.499698
143.239,-0.463797403920111,-0.499698
143.24,-0.47073,-0.499698
143.241,-0.47073,-0.499698
143.242,-0.47073,-0.499698
143.243,-0.47073,-0.499698
143.244,-0.47073,-0.499698
143.245,-0.47073,-0.499698
143.246,-0.47073,-0.499698
143.247,-0.47073,-0.499698
143.248,-0.47073,-0.499698
143.249,-0.47073,-0.499698
143.25,-0.47073,-0.499698
143.251,-0.47073,-0.499698
143.252,-0.47073,-0.499698
143.253,-0.47073,-0.499698
143.254,-0.47073,-0.499698
143.255,-0.47073,-0.499698
143.256,-0.47073,-0.499698
143.257,-0.47073,-0.499698
143.258,-0.47073,-0.499698
143.259,-0.47073,-0.499698
143.26,-0.47073,-0.499698
143.261,-0.47073,-0.499698
143.262,-0.47073,-0.499698
143.263,-0.47073,-0.499698
143.264,-0.470895034351169,-0.499698
143.265,-0.474070726145047,-0.499698
143.266,-0.474351,-0.499698
143.267,-0.474351,-0.499698
143.268,-0.474351,-0.499698
143.269,-0.474351,-0.499698
143.27,-0.474351,-0.499698
143.271,-0.474351,-0.499698
143.272,-0.474680098712273,-0.499698
143.273,-0.481593,-0.499698
143.274,-0.481593,-0.499698
143.275,-0.481593,-0.499698
143.276,-0.481593,-0.499698
143.277,-0.481593,-0.499698
143.278,-0.481593,-0.499698
143.279,-0.481593,-0.499698
143.28,-0.481593,-0.499698
143.281,-0.481593,-0.499698
143.282,-0.467109,-0.499698
143.283,-0.467109,-0.499698
143.284,-0.467109,-0.499698
143.285,-0.467109,-0.499698
143.286,-0.467109,-0.499698
143.287,-0.467109,-0.499698
143.288,-0.467109,-0.499698
143.289,-0.467109,-0.499698
143.29,-0.467109,-0.499698
143.291,-0.467109,-0.499698
143.292,-0.467109,-0.499698
143.293,-0.467109,-0.499698
143.294,-0.467109,-0.499698
143.295,-0.467109,-0.499698
143.296,-0.467109,-0.499698
143.297,-0.467109,-0.499698
143.298,-0.4671422954424,-0.499698
143.299,-0.47073,-0.499698
143.3,-0.47073,-0.499698
143.301,-0.47073,-0.499698
143.302,-0.47073,-0.499698
143.303,-0.47073,-0.499698
143.304,-0.47073,-0.499698
143.305,-0.47073,-0.499698
143.306,-0.47073,-0.499698
143.307,-0.474351,-0.499698
143.308,-0.474351,-0.499698
143.309,-0.474351,-0.499698
143.31,-0.474351,-0.499698
143.311,-0.474351,-0.499698
143.312,-0.474351,-0.499698
143.313,-0.474351,-0.499698
143.314,-0.474351,-0.499698
143.315,-0.470976651977901,-0.499698
143.316,-0.47073,-0.499698
143.317,-0.47073,-0.499698
143.318,-0.47073,-0.499698
143.319,-0.47073,-0.499698
143.32,-0.47073,-0.499698
143.321,-0.47073,-0.499698
143.322,-0.47073,-0.499698
143.323,-0.470760323876919,-0.499698
143.324,-0.481593,-0.499698
143.325,-0.481593,-0.499698
143.326,-0.481593,-0.499698
143.327,-0.481593,-0.499698
143.328,-0.481593,-0.499698
143.329,-0.481593,-0.499698
143.33,-0.481593,-0.499698
143.331,-0.481593,-0.499698
143.332,-0.467109,-0.499698
143.333,-0.467109,-0.499698
143.334,-0.467109,-0.499698
143.335,-0.467109,-0.499698
143.336,-0.467109,-0.499698
143.337,-0.467109,-0.499698
143.338,-0.467109,-0.499698
143.339,-0.467109,-0.499698
143.34,-0.467109,-0.499698
143.341,-0.477860747083516,-0.499698
143.342,-0.477972,-0.499698
143.343,-0.477972,-0.499698
143.344,-0.477972,-0.499698
143.345,-0.477972,-0.499698
143.346,-0.477972,-0.499698
143.347,-0.477972,-0.499698
143.348,-0.477972,-0.499698
143.349,-0.470998319460375,-0.499698
143.35,-0.47073,-0.499698
143.351,-0.47073,-0.499698
143.352,-0.47073,-0.499698
143.353,-0.47073,-0.499698
143.354,-0.47073,-0.499698
143.355,-0.47073,-0.499698
143.356,-0.47073,-0.499698
143.357,-0.485022263020786,-0.499698
143.358,-0.485214,-0.499698
143.359,-0.485214,-0.499698
143.36,-0.485214,-0.499698
143.361,-0.485214,-0.499698
143.362,-0.485214,-0.499698
143.363,-0.485214,-0.499698
143.364,-0.485214,-0.499698
143.365,-0.485214,-0.499698
143.366,-0.468400874514524,-0.499698
143.367,-0.467109,-0.499698
143.368,-0.467109,-0.499698
143.369,-0.467109,-0.499698
143.37,-0.467109,-0.499698
143.371,-0.467109,-0.499698
143.372,-0.467109,-0.499698
143.373,-0.467109,-0.499698
143.374,-0.477012770756185,-0.499698
143.375,-0.477972,-0.499698
143.376,-0.477972,-0.499698
143.377,-0.477972,-0.499698
143.378,-0.477972,-0.499698
143.379,-0.477972,-0.499698
143.38,-0.477972,-0.499698
143.381,-0.477972,-0.499698
143.382,-0.477583760122536,-0.499698
143.383,-0.459867,-0.499698
143.384,-0.459867,-0.499698
143.385,-0.459867,-0.499698
143.386,-0.459867,-0.499698
143.387,-0.459867,-0.499698
143.388,-0.459867,-0.499698
143.389,-0.459867,-0.499698
143.39,-0.460147344393789,-0.499698
143.391,-0.47073,-0.499698
143.392,-0.47073,-0.499698
143.393,-0.47073,-0.499698
143.394,-0.47073,-0.499698
143.395,-0.47073,-0.499698
143.396,-0.47073,-0.499698
143.397,-0.47073,-0.499698
143.398,-0.471171918248184,-0.499698
143.399,-0.481593,-0.499698
143.4,-0.481593,-0.499698
143.401,-0.481593,-0.499698
143.402,-0.481593,-0.499698
143.403,-0.481593,-0.499698
143.404,-0.481593,-0.499698
143.405,-0.481593,-0.499698
143.406,-0.481593,-0.499698
143.407,-0.481430923612921,-0.499698
143.408,-0.467109,-0.499698
143.409,-0.467109,-0.499698
143.41,-0.467109,-0.499698
143.411,-0.467109,-0.499698
143.412,-0.467109,-0.499698
143.413,-0.467109,-0.499698
143.414,-0.467109,-0.499698
143.415,-0.467153571287608,-0.499698
143.416,-0.47073,-0.499698
143.417,-0.47073,-0.499698
143.418,-0.47073,-0.499698
143.419,-0.47073,-0.499698
143.42,-0.47073,-0.499698
143.421,-0.47073,-0.499698
143.422,-0.47073,-0.499698
143.423,-0.47073,-0.499698
143.424,-0.47073,-0.499698
143.425,-0.47073,-0.499698
143.426,-0.47073,-0.499698
143.427,-0.47073,-0.499698
143.428,-0.47073,-0.499698
143.429,-0.47073,-0.499698
143.43,-0.47073,-0.499698
143.431,-0.47073,-0.499698
143.432,-0.47073,-0.499698
143.433,-0.47073,-0.499698
143.434,-0.47073,-0.499698
143.435,-0.47073,-0.499698
143.436,-0.47073,-0.499698
143.437,-0.47073,-0.499698
143.438,-0.47073,-0.499698
143.439,-0.47073,-0.499698
143.44,-0.470087925773527,-0.499698
143.441,-0.456246,-0.499698
143.442,-0.456246,-0.499698
143.443,-0.456246,-0.499698
143.444,-0.456246,-0.499698
143.445,-0.456246,-0.499698
143.446,-0.456246,-0.499698
143.447,-0.456246,-0.499698
143.448,-0.456246,-0.499698
143.449,-0.456489346774156,-0.499698
143.45,-0.463488,-0.499698
143.451,-0.463488,-0.499698
143.452,-0.463488,-0.499698
143.453,-0.463488,-0.499698
143.454,-0.463488,-0.499698
143.455,-0.463488,-0.499698
143.456,-0.463488,-0.499698
143.457,-0.463488,-0.499698
143.458,-0.459867,-0.499698
143.459,-0.459867,-0.499698
143.46,-0.459867,-0.499698
143.461,-0.459867,-0.499698
143.462,-0.459867,-0.499698
143.463,-0.459867,-0.499698
143.464,-0.459867,-0.499698
143.465,-0.459867,-0.499698
143.466,-0.476091219360328,-0.499698
143.467,-0.477972,-0.499698
143.468,-0.477972,-0.499698
143.469,-0.477972,-0.499698
143.47,-0.477972,-0.499698
143.471,-0.477972,-0.499698
143.472,-0.477972,-0.499698
143.473,-0.477972,-0.499698
143.474,-0.477906215639449,-0.499698
143.475,-0.456246,-0.499698
143.476,-0.456246,-0.499698
143.477,-0.456246,-0.499698
143.478,-0.456246,-0.499698
143.479,-0.456246,-0.499698
143.48,-0.456246,-0.499698
143.481,-0.456246,-0.499698
143.482,-0.456369410568043,-0.499698
143.483,-0.477972,-0.499698
143.484,-0.477972,-0.499698
143.485,-0.477972,-0.499698
143.486,-0.477972,-0.499698
143.487,-0.477972,-0.499698
143.488,-0.477972,-0.499698
143.489,-0.477972,-0.499698
143.49,-0.477972,-0.499698
143.491,-0.477972,-0.499698
143.492,-0.477972,-0.499698
143.493,-0.477972,-0.499698
143.494,-0.477972,-0.499698
143.495,-0.477972,-0.499698
143.496,-0.477972,-0.499698
143.497,-0.477972,-0.499698
143.498,-0.477972,-0.499698
143.499,-0.477791428622865,-0.499698
143.5,-0.470992807498301,-0.499698
143.501,-0.47073,-0.499698
143.502,-0.47073,-0.499698
143.503,-0.47073,-0.499698
143.504,-0.47073,-0.499698
143.505,-0.47073,-0.499698
143.506,-0.47073,-0.499698
143.507,-0.47073,-0.499698
143.508,-0.47073,-0.499698
143.509,-0.47073,-0.499698
143.51,-0.47073,-0.499698
143.511,-0.47073,-0.499698
143.512,-0.47073,-0.499698
143.513,-0.47073,-0.499698
143.514,-0.47073,-0.499698
143.515,-0.47073,-0.499698
143.516,-0.47073,-0.499698
143.517,-0.474351,-0.499698
143.518,-0.474351,-0.499698
143.519,-0.474351,-0.499698
143.52,-0.474351,-0.499698
143.521,-0.474351,-0.499698
143.522,-0.474351,-0.499698
143.523,-0.474351,-0.499698
143.524,-0.474351,-0.499698
143.525,-0.474351,-0.499698
143.526,-0.474351,-0.499698
143.527,-0.474351,-0.499698
143.528,-0.474351,-0.499698
143.529,-0.474351,-0.499698
143.53,-0.474351,-0.499698
143.531,-0.474351,-0.499698
143.532,-0.474351,-0.499698
143.533,-0.474351,-0.499698
143.534,-0.470929003016803,-0.499698
143.535,-0.47073,-0.499698
143.536,-0.47073,-0.499698
143.537,-0.47073,-0.499698
143.538,-0.47073,-0.499698
143.539,-0.47073,-0.499698
143.54,-0.47073,-0.499698
143.541,-0.47073,-0.499698
143.542,-0.467197802331836,-0.499698
143.543,-0.467109,-0.499698
143.544,-0.467109,-0.499698
143.545,-0.467109,-0.499698
143.546,-0.467109,-0.499698
143.547,-0.467109,-0.499698
143.548,-0.467109,-0.499698
143.549,-0.467109,-0.499698
143.55,-0.477846156990864,-0.499698
143.551,-0.477972,-0.499698
143.552,-0.477972,-0.499698
143.553,-0.477972,-0.499698
143.554,-0.477972,-0.499698
143.555,-0.477972,-0.499698
143.556,-0.477972,-0.499698
143.557,-0.477646311586546,-0.499698
143.558,-0.467803213987566,-0.499698
143.559,-0.467109,-0.499698
143.56,-0.467109,-0.499698
143.561,-0.467109,-0.499698
143.562,-0.467109,-0.499698
143.563,-0.467109,-0.499698
143.564,-0.467109,-0.499698
143.565,-0.467109,-0.499698
143.566,-0.467109,-0.499698
143.567,-0.473896732276758,-0.499698
143.568,-0.474351,-0.499698
143.569,-0.474351,-0.499698
143.57,-0.474351,-0.499698
143.571,-0.474351,-0.499698
143.572,-0.474351,-0.499698
143.573,-0.474351,-0.499698
143.574,-0.474351,-0.499698
143.575,-0.481593,-0.499698
143.576,-0.481593,-0.499698
143.577,-0.481593,-0.499698
143.578,-0.481593,-0.499698
143.579,-0.481593,-0.499698
143.58,-0.481593,-0.499698
143.581,-0.481593,-0.499698
143.582,-0.481593,-0.499698
143.583,-0.480687280350442,-0.499698
143.584,-0.456246,-0.499698
143.585,-0.456246,-0.499698
143.586,-0.456246,-0.499698
143.587,-0.456246,-0.499698
143.588,-0.456246,-0.499698
143.589,-0.456246,-0.499698
143.59,-0.456246,-0.499698
143.591,-0.457001555793785,-0.499698
143.592,-0.477972,-0.499698
143.593,-0.477972,-0.499698
143.594,-0.477972,-0.499698
143.595,-0.477972,-0.499698
143.596,-0.477972,-0.499698
143.597,-0.477972,-0.499698
143.598,-0.477972,-0.499698
143.599,-0.477972,-0.499698
143.6,-0.477972,-0.499698
143.601,-0.463605661300083,-0.499698
143.602,-0.463488,-0.499698
143.603,-0.463488,-0.499698
143.604,-0.463488,-0.499698
143.605,-0.463488,-0.499698
143.606,-0.463488,-0.499698
143.607,-0.463488,-0.499698
143.608,-0.46372405194793,-0.499698
143.609,-0.477972,-0.499698
143.61,-0.477972,-0.499698
143.611,-0.477972,-0.499698
143.612,-0.477972,-0.499698
143.613,-0.477972,-0.499698
143.614,-0.477972,-0.499698
143.615,-0.477972,-0.499698
143.616,-0.477845652656686,-0.499698
143.617,-0.467109,-0.499698
143.618,-0.467109,-0.499698
143.619,-0.467109,-0.499698
143.62,-0.467109,-0.499698
143.621,-0.467109,-0.499698
143.622,-0.467109,-0.499698
143.623,-0.467109,-0.499698
143.624,-0.467109,-0.499698
143.625,-0.467109,-0.499698
143.626,-0.481593,-0.499698
143.627,-0.481593,-0.499698
143.628,-0.481593,-0.499698
143.629,-0.481593,-0.499698
143.63,-0.481593,-0.499698
143.631,-0.481593,-0.499698
143.632,-0.481593,-0.499698
143.633,-0.48119606711403,-0.499698
143.634,-0.467132401938789,-0.499698
143.635,-0.467109,-0.499698
143.636,-0.467109,-0.499698
143.637,-0.467109,-0.499698
143.638,-0.467109,-0.499698
143.639,-0.467109,-0.499698
143.64,-0.467109,-0.499698
143.641,-0.467109,-0.499698
143.642,-0.467109,-0.499698
143.643,-0.467109,-0.499698
143.644,-0.467109,-0.499698
143.645,-0.467109,-0.499698
143.646,-0.467109,-0.499698
143.647,-0.467109,-0.499698
143.648,-0.467109,-0.499698
143.649,-0.467109,-0.499698
143.65,-0.467078892405066,-0.499698
143.651,-0.463568212025269,-0.499698
143.652,-0.463488,-0.499698
143.653,-0.463488,-0.499698
143.654,-0.463488,-0.499698
143.655,-0.463488,-0.499698
143.656,-0.463488,-0.499698
143.657,-0.463488,-0.499698
143.658,-0.463653506408786,-0.499698
143.659,-0.470494875816003,-0.499698
143.66,-0.47073,-0.499698
143.661,-0.47073,-0.499698
143.662,-0.47073,-0.499698
143.663,-0.47073,-0.499698
143.664,-0.47073,-0.499698
143.665,-0.47073,-0.499698
143.666,-0.47073,-0.499698
143.667,-0.470660146808793,-0.499698
143.668,-0.467109,-0.499698
143.669,-0.467109,-0.499698
143.67,-0.467109,-0.499698
143.671,-0.467109,-0.499698
143.672,-0.467109,-0.499698
143.673,-0.467109,-0.499698
143.674,-0.467109,-0.499698
143.675,-0.467109,-0.499698
143.676,-0.47073,-0.499698
143.677,-0.47073,-0.499698
143.678,-0.47073,-0.499698
143.679,-0.47073,-0.499698
143.68,-0.47073,-0.499698
143.681,-0.47073,-0.499698
143.682,-0.47073,-0.499698
143.683,-0.47073,-0.499698
143.684,-0.47073,-0.499698
143.685,-0.484777913870134,-0.499698
143.686,-0.485214,-0.499698
143.687,-0.485214,-0.499698
143.688,-0.485214,-0.499698
143.689,-0.485214,-0.499698
143.69,-0.485214,-0.499698
143.691,-0.485214,-0.499698
143.692,-0.485214,-0.499698
143.693,-0.474681565920607,-0.499698
143.694,-0.474351,-0.499698
143.695,-0.474351,-0.499698
143.696,-0.474351,-0.499698
143.697,-0.474351,-0.499698
143.698,-0.474351,-0.499698
143.699,-0.474351,-0.499698
143.7,-0.474351,-0.499698
143.701,-0.459867,-0.499698
143.702,-0.459867,-0.499698
143.703,-0.459867,-0.499698
143.704,-0.459867,-0.499698
143.705,-0.459867,-0.499698
143.706,-0.459867,-0.499698
143.707,-0.459867,-0.499698
143.708,-0.459867,-0.499698
143.709,-0.459867,-0.499698
143.71,-0.477740140319663,-0.499698
143.711,-0.477972,-0.499698
143.712,-0.477972,-0.499698
143.713,-0.477972,-0.499698
143.714,-0.477972,-0.499698
143.715,-0.477972,-0.499698
143.716,-0.477972,-0.499698
143.717,-0.477972,-0.499698
143.718,-0.46753677279506,-0.499698
143.719,-0.467109,-0.499698
143.72,-0.467109,-0.499698
143.721,-0.467109,-0.499698
143.722,-0.467109,-0.499698
143.723,-0.467109,-0.499698
143.724,-0.467109,-0.499698
143.725,-0.467109,-0.499698
143.726,-0.47073,-0.499698
143.727,-0.47073,-0.499698
143.728,-0.47073,-0.499698
143.729,-0.47073,-0.499698
143.73,-0.47073,-0.499698
143.731,-0.47073,-0.499698
143.732,-0.47073,-0.499698
143.733,-0.47073,-0.499698
143.734,-0.470607385573995,-0.499698
143.735,-0.467109,-0.499698
143.736,-0.467109,-0.499698
143.737,-0.467109,-0.499698
143.738,-0.467109,-0.499698
143.739,-0.467109,-0.499698
143.74,-0.467109,-0.499698
143.741,-0.467109,-0.499698
143.742,-0.467170556060297,-0.499698
143.743,-0.47073,-0.499698
143.744,-0.47073,-0.499698
143.745,-0.47073,-0.499698
143.746,-0.47073,-0.499698
143.747,-0.47073,-0.499698
143.748,-0.47073,-0.499698
143.749,-0.47073,-0.499698
143.75,-0.47073,-0.499698
143.751,-0.470519776066403,-0.499698
143.752,-0.467109,-0.499698
143.753,-0.467109,-0.499698
143.754,-0.467109,-0.499698
143.755,-0.467109,-0.499698
143.756,-0.467109,-0.499698
143.757,-0.467109,-0.499698
143.758,-0.467109,-0.499698
143.759,-0.467109,-0.499698
143.76,-0.467109,-0.499698
143.761,-0.467109,-0.499698
143.762,-0.467109,-0.499698
143.763,-0.467109,-0.499698
143.764,-0.467109,-0.499698
143.765,-0.467109,-0.499698
143.766,-0.467109,-0.499698
143.767,-0.467218495472944,-0.499698
143.768,-0.477463206663277,-0.499698
143.769,-0.477972,-0.499698
143.77,-0.477972,-0.499698
143.771,-0.477972,-0.499698
143.772,-0.477972,-0.499698
143.773,-0.477972,-0.499698
143.774,-0.477972,-0.499698
143.775,-0.477972,-0.499698
143.776,-0.477972,-0.499698
143.777,-0.481520009000358,-0.499698
143.778,-0.481593,-0.499698
143.779,-0.481593,-0.499698
143.78,-0.481593,-0.499698
143.781,-0.481593,-0.499698
143.782,-0.481593,-0.499698
143.783,-0.481593,-0.499698
143.784,-0.480996536591533,-0.499698
143.785,-0.467109,-0.499698
143.786,-0.467109,-0.499698
143.787,-0.467109,-0.499698
143.788,-0.467109,-0.499698
143.789,-0.467109,-0.499698
143.79,-0.467109,-0.499698
143.791,-0.467109,-0.499698
143.792,-0.467109,-0.499698
143.793,-0.472680359116516,-0.499698
143.794,-0.474351,-0.499698
143.795,-0.474351,-0.499698
143.796,-0.474351,-0.499698
143.797,-0.474351,-0.499698
143.798,-0.474351,-0.499698
143.799,-0.474351,-0.499698
