y1,y1_hat,y2,y2_hat,y3,y3_hat
-2.91016888618469,-1.6868622303009,-0.0418637469410896,-0.00821077823638916,-4.35065984725952,-2.00024580955505
-2.91861581802368,-1.83449685573578,-0.0611008331179619,-0.0134250270202756,-4.40887928009033,-2.17529726028442
-2.92965412139893,-1.98213171958923,-0.0767415314912796,-0.0186392776668072,-4.45917940139771,-2.35034847259521
-2.94316554069519,-2.1297664642334,-0.0891330912709236,-0.023853525519371,-4.50232028961182,-2.52539968490601
-2.95903182029724,-2.27740097045898,-0.0986227840185165,-0.02906777523458,-4.53906202316284,-2.70045137405396
-2.97713398933411,-2.42503571510315,-0.105557844042778,-0.0342820212244987,-4.57016468048096,-2.87550258636475
-2.99735379219055,-2.57267045974731,-0.110285542905331,-0.0394962765276432,-4.5963888168335,-3.05055379867554
-3.01957273483276,-2.72030520439148,-0.113153152167797,-0.0447105206549168,-4.61849355697632,-3.22560524940491
-3.04367232322693,-2.86793994903564,-0.114507898688316,-0.0499247722327709,-4.63723993301392,-3.40065670013428
-3.06953406333923,-3.01557445526123,-0.114697076380253,-0.0551390163600445,-4.65338754653931,-3.57570791244507
-3.09703969955444,-3.1632091999054,-0.114067904651165,-0.0603532679378986,-4.66769695281982,-3.75075936317444
-3.12607049942017,-3.25049114227295,-0.112967662513256,-0.0644751638174057,-4.68092775344849,-3.85181832313538
-3.15650820732117,-3.33777284622192,-0.111743599176407,-0.0685970634222031,-4.69384098052979,-3.95287752151489
-3.18823409080505,-3.42505478858948,-0.110742971301079,-0.0727189630270004,-4.70719575881958,-4.05393648147583
-3.22112965583801,-3.51233673095703,-0.110313042998314,-0.0768408626317978,-4.72175264358521,-4.15499591827393
-3.25507688522339,-3.59961843490601,-0.110801070928574,-0.0809627547860146,-4.73827171325684,-4.25605487823486
-3.28995680809021,-3.68690013885498,-0.112554304301739,-0.0850846543908119,-4.75751304626465,-4.3571138381958
-3.32565116882324,-3.77418184280396,-0.115920007228851,-0.0892065465450287,-4.78023672103882,-4.45817279815674
-3.36204147338867,-3.86146378517151,-0.121245436370373,-0.093328446149826,-4.80720329284668,-4.55923175811768
-3.39900898933411,-3.94874548912048,-0.128877848386765,-0.0974503383040428,-4.83917236328125,-4.66029071807861
-3.43643569946289,-4.03602743148804,-0.139164492487907,-0.10157223790884,-4.87690401077271,-4.76135015487671
-3.47415828704834,-4.08076238632202,-0.152296483516693,-0.107759445905685,-4.92103338241577,-4.81248044967651
-3.5118350982666,-4.12549781799316,-0.167840301990509,-0.113946661353111,-4.97169256210327,-4.86361122131348
-3.54908037185669,-4.17023277282715,-0.185206279158592,-0.120133876800537,-5.02888822555542,-4.91474199295044
-3.5855073928833,-4.21496820449829,-0.203804761171341,-0.126321092247963,-5.09262800216675,-4.9658727645874
-3.62073063850403,-4.25970363616943,-0.223046064376831,-0.132508292794228,-5.16291809082031,-5.01700305938721
-3.65436363220215,-4.30443859100342,-0.242340534925461,-0.138695508241653,-5.23976612091064,-5.06813383102417
-3.6860203742981,-4.3491735458374,-0.261098504066467,-0.144882723689079,-5.3231782913208,-5.11926412582397
-3.71531462669373,-4.39390897750854,-0.278730273246765,-0.151069924235344,-5.41316175460815,-5.17039489746094
-3.74186015129089,-4.43864440917969,-0.294646203517914,-0.15725713968277,-5.50972366333008,-5.2215256690979
-3.76527118682861,-4.48337936401367,-0.308256655931473,-0.163444355130196,-5.61287069320679,-5.27265596389771
-3.78529572486877,-4.50516843795776,-0.319238007068634,-0.176976889371872,-5.72222852706909,-5.29977893829346
-3.80222058296204,-4.52695798873901,-0.328331172466278,-0.190509438514709,-5.83589649200439,-5.32690143585205
-3.81646609306335,-4.54874706268311,-0.336543023586273,-0.204041987657547,-5.95159244537354,-5.35402393341064
-3.82845377922058,-4.57053661346436,-0.344880551099777,-0.217574536800385,-6.06703472137451,-5.38114738464355
-3.83860421180725,-4.59232568740845,-0.354350686073303,-0.231107085943222,-6.17994165420532,-5.40826988220215
-3.84733843803406,-4.61411476135254,-0.365960389375687,-0.24463963508606,-6.28803062438965,-5.43539237976074
-3.85507726669312,-4.63590431213379,-0.380716592073441,-0.258172154426575,-6.38901996612549,-5.46251487731934
-3.86224174499512,-4.65769338607788,-0.399626284837723,-0.271704703569412,-6.48062753677368,-5.48963785171509
-3.86925268173218,-4.67948293685913,-0.423696339130402,-0.28523725271225,-6.56057167053223,-5.51676034927368
-3.87653112411499,-4.70127201080322,-0.453933864831924,-0.298769801855087,-6.62657022476196,-5.54388332366943
-3.88442444801331,-4.71020603179932,-0.490898579359055,-0.320768058300018,-6.67708396911621,-5.56279706954956
-3.89298677444458,-4.71913957595825,-0.53336226940155,-0.342766314744949,-6.71354532241821,-5.58171081542969
-3.90219831466675,-4.72807359695435,-0.57964962720871,-0.36476457118988,-6.73812866210938,-5.60062456130981
-3.9120397567749,-4.73700761795044,-0.628085315227509,-0.386762827634811,-6.75300931930542,-5.6195387840271
-3.92249155044556,-4.74594116210938,-0.6769939661026,-0.408761084079742,-6.76036214828491,-5.63845252990723
-3.93353414535522,-4.75487518310547,-0.724700331687927,-0.430759310722351,-6.76236152648926,-5.6573657989502
-3.945148229599,-4.76380920410156,-0.769528985023499,-0.452757596969604,-6.76118278503418,-5.67628002166748
-3.95731401443481,-4.77274322509766,-0.809804677963257,-0.474755823612213,-6.75900077819824,-5.69519376754761
-3.97001194953918,-4.78167676925659,-0.843852043151855,-0.496754080057144,-6.75799083709717,-5.71410751342773
-3.98322296142578,-4.79061079025269,-0.869995713233948,-0.518752336502075,-6.76032686233521,-5.73302125930786
-3.99692058563232,-4.79329967498779,-0.887159287929535,-0.543969750404358,-6.76769781112671,-5.74423551559448
-4.01105260848999,-4.79598903656006,-0.896661460399628,-0.569187223911285,-6.77984476089478,-5.75545024871826
-4.025559425354,-4.79867792129517,-0.900419652462006,-0.594404697418213,-6.79602336883545,-5.76666450500488
-4.04038190841675,-4.80136680603027,-0.900351464748383,-0.619622111320496,-6.8154878616333,-5.7778787612915
-4.05546140670776,-4.80405616760254,-0.898374378681183,-0.644839525222778,-6.83749341964722,-5.78909301757813
-4.07073879241943,-4.80674505233765,-0.896405935287476,-0.670056998729706,-6.86129474639893,-5.80030727386475
-4.08615446090698,-4.80943393707275,-0.89636367559433,-0.695274412631989,-6.88614702224731,-5.81152153015137
-4.10164928436279,-4.81212282180786,-0.90016508102417,-0.720491886138916,-6.91130495071411,-5.82273578643799
-4.11716461181641,-4.81481218338013,-0.909727692604065,-0.745709300041199,-6.93602418899536,-5.83395051956177
-4.13264083862305,-4.81750106811523,-0.926969051361084,-0.770926773548126,-6.95955848693848,-5.84516477584839
-4.14802932739258,-4.81846523284912,-0.953131854534149,-0.79445743560791,-6.98129844665527,-5.85180807113647
-4.16332244873047,-4.81942939758301,-0.986759841442108,-0.817988216876984,-7.00117254257202,-5.8584508895874
-4.17852210998535,-4.82039356231689,-1.02572190761566,-0.841518878936768,-7.01924562454224,-5.86509418487549
-4.19363212585449,-4.82135772705078,-1.06788682937622,-0.865049660205841,-7.0355806350708,-5.87173748016357
-4.20865392684937,-4.82232141494751,-1.11112380027771,-0.888580322265625,-7.05024290084839,-5.87838077545166
-4.22359037399292,-4.82328510284424,-1.15330147743225,-0.912111043930054,-7.06329488754272,-5.88502407073975
-4.23844385147095,-4.82424974441528,-1.19228887557983,-0.935641825199127,-7.07480192184448,-5.89166736602783
-4.25321769714355,-4.82521343231201,-1.22595477104187,-0.959172487258911,-7.08482694625854,-5.89831066131592
-4.26791381835938,-4.8261775970459,-1.25216817855835,-0.98270320892334,-7.09343481063843,-5.90495347976685
-4.2825345993042,-4.82714176177979,-1.26879811286926,-1.00623393058777,-7.10068893432617,-5.91159677505493
-4.29705429077148,-4.82787036895752,-1.27446901798248,-1.0285336971283,-7.10663557052612,-5.9156346321106
-4.3113317489624,-4.82859897613525,-1.2708283662796,-1.05083358287811,-7.1112494468689,-5.91967344284058
-4.32519674301147,-4.82932758331299,-1.26027917861938,-1.07313346862793,-7.1144871711731,-5.92371129989624
-4.33847951889038,-4.83005619049072,-1.24522435665131,-1.09543323516846,-7.11630535125732,-5.92774963378906
-4.3510103225708,-4.83078479766846,-1.22806715965271,-1.11773300170898,-7.11666059494019,-5.93178749084473
-4.36261892318726,-4.83151340484619,-1.21121048927307,-1.1400328874588,-7.11550951004028,-5.93582582473755
-4.37313556671143,-4.83224201202393,-1.19705748558044,-1.16233277320862,-7.11280918121338,-5.93986415863037
-4.38239097595215,-4.83297061920166,-1.1880110502243,-1.18463253974915,-7.10851621627808,-5.94390201568604
-4.39021444320679,-4.83369922637939,-1.18647444248199,-1.20693230628967,-7.10258674621582,-5.94794034957886
-4.39643621444702,-4.83442783355713,-1.19485068321228,-1.22923219203949,-7.09497833251953,-5.95197868347168
-4.40092372894287,-4.83421802520752,-1.2147718667984,-1.25112926959991,-7.08566904067993,-5.95392417907715
-4.40369272232056,-4.83400774002075,-1.24478697776794,-1.27302646636963,-7.07472515106201,-5.95587015151978
-4.4047966003418,-4.83379793167114,-1.2826737165451,-1.29492354393005,-7.06223440170288,-5.9578161239624
-4.40428781509399,-4.83358764648438,-1.32621037960052,-1.31682074069977,-7.04828548431396,-5.95976209640503
-4.40221929550171,-4.83337783813477,-1.37317478656769,-1.33871781826019,-7.03296613693237,-5.96170806884766
-4.39864444732666,-4.83316802978516,-1.42134499549866,-1.36061501502991,-7.01636505126953,-5.96365356445313
-4.39361572265625,-4.83295774459839,-1.46849894523621,-1.38251209259033,-6.99856948852539,-5.96559953689575
-4.38718700408936,-4.83274793624878,-1.5124146938324,-1.40440917015076,-6.97966814041138,-5.96754550933838
-4.37941026687622,-4.83253765106201,-1.55087006092072,-1.42630636692047,-6.9597487449646,-5.96949148178101
-4.37033939361572,-4.8323278427124,-1.58164310455322,-1.4482034444809,-6.93889951705933,-5.97143697738647
-4.36007118225098,-4.82927799224854,-1.60316967964172,-1.47352492809296,-6.91717576980591,-5.97085857391357
-4.34888172149658,-4.82622814178467,-1.61651635169983,-1.49884629249573,-6.89450073242188,-5.97028017044067
-4.33709144592285,-4.8231782913208,-1.62340760231018,-1.52416777610779,-6.87076473236084,-5.96970176696777
-4.32501983642578,-4.82012844085693,-1.62556767463684,-1.54948925971985,-6.84585762023926,-5.96912288665771
-4.31298780441284,-4.81707859039307,-1.62472116947174,-1.57481050491333,-6.81967067718506,-5.96854448318481
-4.30131483078003,-4.8140287399292,-1.62259244918823,-1.60013198852539,-6.79209327697754,-5.96796607971191
-4.29032230377197,-4.81097888946533,-1.62090587615967,-1.62545347213745,-6.76301670074463,-5.96738719940186
-4.28032970428467,-4.80792903900146,-1.6213858127594,-1.65077483654022,-6.73233032226563,-5.96680879592896
-4.27165699005127,-4.8048791885376,-1.62575674057007,-1.67609620094299,-6.6999249458313,-5.96623039245605
-4.26462507247925,-4.80182933807373,-1.63574302196503,-1.70141768455505,-6.66569089889526,-5.96565198898315
-4.25945949554443,-4.79530906677246,-1.65254783630371,-1.72747826576233,-6.62961578369141,-5.96258687973022
-4.25600814819336,-4.78878879547119,-1.67528879642487,-1.75353896617889,-6.59207820892334,-5.95952129364014
-4.25402450561523,-4.78226852416992,-1.7025625705719,-1.77959954738617,-6.55355358123779,-5.95645618438721
-4.25326299667358,-4.77574872970581,-1.73296558856964,-1.80566024780273,-6.51451730728149,-5.95339107513428
-4.2534761428833,-4.76922798156738,-1.76509416103363,-1.83172082901001,-6.47544527053833,-5.95032596588135
-4.25441884994507,-4.76270818710327,-1.79754483699799,-1.85778141021729,-6.43681287765503,-5.94726085662842
-4.25584363937378,-4.756187915802,-1.82891416549683,-1.88384199142456,-6.39909553527832,-5.94419574737549
-4.2575044631958,-4.74966764450073,-1.85779845714569,-1.90990257263184,-6.36276960372925,-5.94113063812256
-4.2591552734375,-4.74314737319946,-1.8827942609787,-1.9359632730484,-6.32831048965454,-5.93806505203247
-4.26054954528809,-4.73662710189819,-1.90249800682068,-1.96202385425568,-6.29619359970093,-5.93499994277954
-4.26147079467773,-4.72833061218262,-1.9159529209137,-1.98705899715424,-6.26677274703979,-5.92876625061035
-4.26182270050049,-4.7200345993042,-1.92398905754089,-2.01209425926208,-6.23991632461548,-5.92253303527832
-4.2615385055542,-4.71173810958862,-1.92788314819336,-2.03712940216064,-6.21536874771118,-5.91629934310913
-4.26055145263672,-4.70344161987305,-1.92891204357147,-2.06216478347778,-6.19287729263306,-5.91006565093994
-4.25879621505737,-4.69514560699463,-1.92835247516632,-2.08719968795776,-6.17218685150146,-5.90383243560791
-4.2562050819397,-4.68684864044189,-1.92748117446899,-2.1122350692749,-6.15304327011108,-5.89759874343872
-4.25271224975586,-4.67855262756348,-1.92757499217987,-2.13726997375488,-6.13519334793091,-5.89136505126953
-4.24825143814087,-4.6702561378479,-1.92991065979004,-2.16230535507202,-6.11838150024414,-5.88513135910034
-4.24275541305542,-4.66196012496948,-1.93576502799988,-2.18734049797058,-6.10235500335693,-5.87889814376831
-4.23615789413452,-4.65366363525391,-1.94641470909119,-2.21237564086914,-6.08685874938965,-5.87266445159912
-4.22841930389404,-4.64384937286377,-1.96267986297607,-2.23336577415466,-6.07163190841675,-5.86399841308594
-4.21960639953613,-4.63403511047363,-1.98355293273926,-2.25435590744019,-6.05638694763184,-5.85533237457275
-4.20981216430664,-4.6242208480835,-2.00756978988647,-2.27534604072571,-6.04082775115967,-5.84666633605957
-4.19912958145142,-4.61440658569336,-2.03326606750488,-2.29633641242981,-6.02466011047363,-5.83800029754639
-4.18765258789063,-4.60459232330322,-2.05917763710022,-2.31732654571533,-6.0075888633728,-5.8293342590332
-4.17547464370728,-4.59477853775024,-2.08384037017822,-2.33831667900085,-5.98931884765625,-5.82066822052002
-4.16268825531006,-4.58496379852295,-2.10578989982605,-2.35930681228638,-5.96955537796021,-5.81200218200684
-4.14938688278198,-4.57515001296997,-2.12356209754944,-2.3802969455719,-5.94800281524658,-5.80333614349365
-4.13566398620605,-4.56533575057983,-2.13569283485413,-2.40128707885742,-5.92436647415161,-5.79467010498047
-4.12161302566528,-4.5555214881897,-2.14071750640869,-2.42227721214294,-5.89835166931152,-5.78600406646729
-4.10736989974976,-4.54388046264648,-2.13771820068359,-2.43852686882019,-5.8698091506958,-5.77572011947632
-4.09324169158936,-4.53223943710327,-2.12796020507813,-2.45477652549744,-5.83917284011841,-5.76543617248535
-4.07957887649536,-4.52059841156006,-2.11325526237488,-2.47102642059326,-5.80702447891235,-5.75515222549438
-4.06673049926758,-4.50895738601685,-2.09541511535645,-2.48727607727051,-5.77394342422485,-5.74486827850342
-4.05504751205444,-4.49731636047363,-2.07625102996826,-2.50352573394775,-5.74051094055176,-5.73458385467529
-4.04487895965576,-4.48567485809326,-2.05757451057434,-2.519775390625,-5.70730686187744,-5.72429990768433
-4.03657579421997,-4.47403430938721,-2.04119729995728,-2.53602504730225,-5.6749119758606,-5.71401596069336
-4.03048706054688,-4.46239280700684,-2.0289306640625,-2.55227470397949,-5.64390659332275,-5.70373201370239
-4.02696371078491,-4.45075178146362,-2.02258658409119,-2.56852436065674,-5.61487197875977,-5.69344806671143
-4.02635478973389,-4.43911075592041,-2.02397632598877,-2.58477401733398,-5.58838748931885,-5.68316411972046
-4.02885150909424,-4.4271993637085,-2.03432106971741,-2.59557104110718,-5.56488847732544,-5.67006969451904
-4.03400850296021,-4.41528797149658,-2.05248022079468,-2.60636854171753,-5.54422616958618,-5.65697574615479
-4.04121971130371,-4.40337705612183,-2.07672309875488,-2.61716556549072,-5.52610635757446,-5.64388132095337
-4.04988098144531,-4.39146566390991,-2.10531830787659,-2.6279628276825,-5.5102334022522,-5.63078737258911
-4.05938673019409,-4.379554271698,-2.13653492927551,-2.63876008987427,-5.49631404876709,-5.6176929473877
-4.06913232803345,-4.36764287948608,-2.16864204406738,-2.64955711364746,-5.48405265808105,-5.60459899902344
-4.07851314544678,-4.35573196411133,-2.19990873336792,-2.66035437583923,-5.47315549850464,-5.59150457382202
-4.08692312240601,-4.34382009506226,-2.22860407829285,-2.67115163803101,-5.46332788467407,-5.57841062545776
-4.09375810623169,-4.3319091796875,-2.25299692153931,-2.6819486618042,-5.45427513122559,-5.56531620025635
-4.09841251373291,-4.31999778747559,-2.27135634422302,-2.69274592399597,-5.44570255279541,-5.55222225189209
-4.10047149658203,-4.31070852279663,-2.2825300693512,-2.70327830314636,-5.43733930587769,-5.53732490539551
-4.10027885437012,-4.30141925811768,-2.28768062591553,-2.71381092071533,-5.42900943756104,-5.52242803573608
-4.09836769104004,-4.29213047027588,-2.28854870796204,-2.7243435382843,-5.42055940628052,-5.50753116607666
-4.09527206420898,-4.28284168243408,-2.2868754863739,-2.73487615585327,-5.41183710098267,-5.49263429641724
-4.09152507781982,-4.27355194091797,-2.28440165519714,-2.74540853500366,-5.4026894569397,-5.47773742675781
-4.08766078948975,-4.26426315307617,-2.28286862373352,-2.75594115257263,-5.39296340942383,-5.46284008026123
-4.08421182632446,-4.25497388839722,-2.28401708602905,-2.7664737701416,-5.38250684738159,-5.44794321060181
-4.08171224594116,-4.24568462371826,-2.28958821296692,-2.77700638771057,-5.37116670608521,-5.43304634094238
-4.08069562911987,-4.23639583587646,-2.30132293701172,-2.78753900527954,-5.35878992080688,-5.41814947128296
-4.08169555664063,-4.22710657119751,-2.32096242904663,-2.79807138442993,-5.34522390365601,-5.40325212478638
-4.0850510597229,-4.22009754180908,-2.34968972206116,-2.81057786941528,-5.33038806915283,-5.3874363899231
-4.09032249450684,-4.21308851242065,-2.38645720481873,-2.82308435440063,-5.31449127197266,-5.37162113189697
-4.09687805175781,-4.20607948303223,-2.42965936660767,-2.83559083938599,-5.29781436920166,-5.35580539703369
-4.10408353805542,-4.1990704536438,-2.47769093513489,-2.84809732437134,-5.28063726425171,-5.33998966217041
-4.11130523681641,-4.19206142425537,-2.52894639968872,-2.86060380935669,-5.2632417678833,-5.32417392730713
-4.11791086196899,-4.18505239486694,-2.58182072639465,-2.87311029434204,-5.2459077835083,-5.30835819244385
-4.12326669692993,-4.17804336547852,-2.63470816612244,-2.88561677932739,-5.22891712188721,-5.29254293441772
-4.12673950195313,-4.17103433609009,-2.6860032081604,-2.89812302589417,-5.21254968643188,-5.27672719955444
-4.12769603729248,-4.16402530670166,-2.73410081863403,-2.9106297492981,-5.19708633422852,-5.26091146469116
-4.1255030632019,-4.15701627731323,-2.77739548683167,-2.92313599586487,-5.18280839920044,-5.24509620666504
-4.11975240707397,-4.15196466445923,-2.81473207473755,-2.94230365753174,-5.16989421844482,-5.22776174545288
-4.11093902587891,-4.14691305160522,-2.84675860404968,-2.96147108078003,-5.15811395645142,-5.21042776107788
-4.09978199005127,-4.14186143875122,-2.87457346916199,-2.9806387424469,-5.14713621139526,-5.19309329986572
-4.08700132369995,-4.13680982589722,-2.8992748260498,-2.99980640411377,-5.13662815093994,-5.17575931549072
-4.07331705093384,-4.13175821304321,-2.92196130752563,-3.01897382736206,-5.12625885009766,-5.15842485427856
-4.05944919586182,-4.12670660018921,-2.94373083114624,-3.03814125061035,-5.11569547653198,-5.14109039306641
-4.04611682891846,-4.12165498733521,-2.9656822681427,-3.05730867385864,-5.10460710525513,-5.12375640869141
-4.03403997421265,-4.1166033744812,-2.98891353607178,-3.07647633552551,-5.09266090393066,-5.10642242431641
-4.02393865585327,-4.1115517616272,-3.01452302932739,-3.0956437587738,-5.0795259475708,-5.08908796310425
-4.01653289794922,-4.10650014877319,-3.04360890388489,-3.11481142044067,-5.06486940383911,-5.07175350189209
-4.0123462677002,-4.1020770072937,-3.0769362449646,-3.13876223564148,-5.04848718643188,-5.05401563644409
-4.01112174987793,-4.09765386581421,-3.11393451690674,-3.16271305084229,-5.03068542480469,-5.03627824783325
-4.01240539550781,-4.09323024749756,-3.15369963645935,-3.18666410446167,-5.01189661026001,-5.01854038238525
-4.01574420928955,-4.08880710601807,-3.1953272819519,-3.21061491966248,-4.99255466461182,-5.00080299377441
-4.02068567276001,-4.08438396453857,-3.23791313171387,-3.23456573486328,-4.97309255599976,-4.98306465148926
-4.02677536010742,-4.07996082305908,-3.28055357933044,-3.25851655006409,-4.95394325256348,-4.96532726287842
-4.03356075286865,-4.07553768157959,-3.32234406471252,-3.28246736526489,-4.93554067611694,-4.94758939743042
-4.04058837890625,-4.07111406326294,-3.36238050460815,-3.3064181804657,-4.91831684112549,-4.92985153198242
-4.04740524291992,-4.06669092178345,-3.39975881576538,-3.3303689956665,-4.90270614624023,-4.91211414337158
-4.05355787277222,-4.06226778030396,-3.43357515335083,-3.35431981086731,-4.88914155960083,-4.89437627792358
-4.05865240097046,-4.05873107910156,-3.46333789825439,-3.38359880447388,-4.87796926498413,-4.87709379196167
-4.06253337860107,-4.05519485473633,-3.49020838737488,-3.41287803649902,-4.86918830871582,-4.85981130599976
-4.06510353088379,-4.05165815353394,-3.51576066017151,-3.44215703010559,-4.86271047592163,-4.84252834320068
-4.06626749038696,-4.04812145233154,-3.54156875610352,-3.47143626213074,-4.85844898223877,-4.82524633407593
-4.06592750549316,-4.04458522796631,-3.56920719146729,-3.5007152557373,-4.85631513595581,-4.80796337127686
-4.06398820877075,-4.04104852676392,-3.60024976730347,-3.52999401092529,-4.8562216758728,-4.79068088531494
-4.06035280227661,-4.03751182556152,-3.63627052307129,-3.55927324295044,-4.85808038711548,-4.77339839935303
-4.05492496490479,-4.03397560119629,-3.67884397506714,-3.58855223655701,-4.86180353164673,-4.75611591339111
-4.04760789871216,-4.03043842315674,-3.72954368591309,-3.61783146858215,-4.8673038482666,-4.7388334274292
-4.03830575942993,-4.0269021987915,-3.78994369506836,-3.64711046218872,-4.87449264526367,-4.72155094146729
-4.02703475952148,-4.02332496643066,-3.86088848114014,-3.67981958389282,-4.88317728042603,-4.70552444458008
-4.01426553726196,-4.01974821090698,-3.94029831886292,-3.7125289440155,-4.89274311065674,-4.68949794769287
-4.00058174133301,-4.01617050170898,-4.0253643989563,-3.74523830413818,-4.90247011184692,-4.67347145080566
-3.9865665435791,-4.0125937461853,-4.11327648162842,-3.77794742584229,-4.91163873672485,-4.65744495391846
-3.97280430793762,-4.00901651382446,-4.20122575759888,-3.81065654754639,-4.91952848434448,-4.64141845703125
-3.95987820625305,-4.00543928146362,-4.28640222549438,-3.84336566925049,-4.92541933059692,-4.62539148330688
-3.94837188720703,-4.00186252593994,-4.36599683761597,-3.87607502937317,-4.92859172821045,-4.60936498641968
-3.93886923789978,-3.99828505516052,-4.43720006942749,-3.90878438949585,-4.92832565307617,-4.59333848953247
-3.93195343017578,-3.99470806121826,-4.49720191955566,-3.94149351119995,-4.92390108108521,-4.57731199264526
-3.92820858955383,-3.99113082885742,-4.54319381713867,-3.97420287132263,-4.91459798812866,-4.56128549575806
-3.92795896530151,-3.98472619056702,-4.57330846786499,-4.01004505157471,-4.89995574951172,-4.54629707336426
-3.93049216270447,-3.97832155227661,-4.58945035934448,-4.04588747024536,-4.88054990768433,-4.53130912780762
-3.93483662605286,-3.97191691398621,-4.59446716308594,-4.08172988891602,-4.85721588134766,-4.51632070541382
-3.94002103805542,-3.9655122756958,-4.59120655059814,-4.11757183074951,-4.83078813552856,-4.50133275985718
-3.94507384300232,-3.9591076374054,-4.58251619338989,-4.15341424942017,-4.80210161209106,-4.48634433746338
-3.94902348518372,-3.95270299911499,-4.57124328613281,-4.18925666809082,-4.77199172973633,-4.47135591506958
-3.95089840888977,-3.94629836082458,-4.56023502349854,-4.22509908676147,-4.74129343032837,-4.45636796951294
-3.94972729682922,-3.93989372253418,-4.55233955383301,-4.26094102859497,-4.71084117889404,-4.44137954711914
-3.94453859329224,-3.93348908424377,-4.5504035949707,-4.29678344726563,-4.68146991729736,-4.4263916015625
-3.93436074256897,-3.92708444595337,-4.55727529525757,-4.33262586593628,-4.6540150642395,-4.4114031791687
-3.91852807998657,-3.91724991798401,-4.57495450973511,-4.36133003234863,-4.62905645370483,-4.39242124557495
-3.89759755134583,-3.90741539001465,-4.60205364227295,-4.39003419876099,-4.60615587234497,-4.37343978881836
-3.87243270874023,-3.89758110046387,-4.63633584976196,-4.41873836517334,-4.58461809158325,-4.35445785522461
-3.84389615058899,-3.88774657249451,-4.67556619644165,-4.44744253158569,-4.56375074386597,-4.33547592163086
-3.8128514289856,-3.87791204452515,-4.7175087928772,-4.47614669799805,-4.54285860061646,-4.31649398803711
-3.78016114234924,-3.86807751655579,-4.75992822647095,-4.5048508644104,-4.52124929428101,-4.29751205444336
-3.74668836593628,-3.85824298858643,-4.80058860778809,-4.53355503082275,-4.49822759628296,-4.27853012084961
-3.71329641342163,-3.84840846061707,-4.83725452423096,-4.56225919723511,-4.47310066223145,-4.25954818725586
-3.68084812164307,-3.83857393264771,-4.8676905632019,-4.59096336364746,-4.44517469406128,-4.24056673049927
-3.65020680427551,-3.82873940467834,-4.88966035842896,-4.61966753005981,-4.41375541687012,-4.22158479690552
-3.62202978134155,-3.80842351913452,-4.90164613723755,-4.64319705963135,-4.37842655181885,-4.19756031036377
-3.59615349769592,-3.78810787200928,-4.90499877929688,-4.66672658920288,-4.33988094329834,-4.17353630065918
-3.57220959663391,-3.76779198646545,-4.90178537368774,-4.69025611877441,-4.29908895492554,-4.14951229095459
-3.54982876777649,-3.74747633934021,-4.89407444000244,-4.71378612518311,-4.25702142715454,-4.12548780441284
-3.52864241600037,-3.72716045379639,-4.88393306732178,-4.73731517791748,-4.21464872360229,-4.10146331787109
-3.50828170776367,-3.70684432983398,-4.87342977523804,-4.76084518432617,-4.17294073104858,-4.0774393081665
-3.48837757110596,-3.68652868270874,-4.86463260650635,-4.78437423706055,-4.13286781311035,-4.05341482162476
-3.46856141090393,-3.66621279716492,-4.85960865020752,-4.80790424346924,-4.0954008102417,-4.02939033508301
-3.44846439361572,-3.64589715003967,-4.86042642593384,-4.83143377304077,-4.06151008605957,-4.00536632537842
-3.4277172088623,-3.62558126449585,-4.86915349960327,-4.8549633026123,-4.03216552734375,-3.98134207725525
-3.40536856651306,-3.58333516120911,-4.88717317581177,-4.8713321685791,-4.00802564620972,-3.95050358772278
-3.37813496589661,-3.54108905792236,-4.91312885284424,-4.8877010345459,-3.98849701881409,-3.91966533660889
-3.34214949607849,-3.4988431930542,-4.94498014450073,-4.9040699005127,-3.97267508506775,-3.88882684707642
-3.29354596138,-3.45659708976746,-4.98068618774414,-4.92043924331665,-3.95965433120728,-3.8579888343811
-3.22845792770386,-3.41435098648071,-5.0182056427002,-4.93680763244629,-3.9485297203064,-3.82715034484863
-3.14301872253418,-3.37210488319397,-5.05549764633179,-4.95317697525024,-3.93839573860168,-3.79631185531616
-3.03336191177368,-3.32985877990723,-5.09052181243896,-4.96954584121704,-3.92834734916687,-3.76547360420227
-2.89562106132507,-3.28761291503906,-5.12123727798462,-4.98591470718384,-3.91747951507568,-3.73463487625122
-2.72592973709106,-3.24536657333374,-5.14560222625732,-5.00228357315063,-3.9048867225647,-3.70379662513733
-2.520423412323,-3.20312070846558,-5.16157674789429,-5.01865243911743,-3.88966417312622,-3.67295837402344
-2.27757024765015,-3.13895869255066,-5.1677827835083,-5.03184413909912,-3.87102103233337,-3.62980484962463
-2.00519800186157,-3.0747971534729,-5.16549396514893,-5.04503631591797,-3.8486270904541,-3.58665156364441
-1.71347117424011,-3.01063537597656,-5.15664720535278,-5.05822801589966,-3.82226657867432,-3.54349851608276
-1.41255378723145,-2.94647359848022,-5.14317989349365,-5.07141971588135,-3.79172372817993,-3.50034523010254
-1.1126104593277,-2.88231182098389,-5.12702894210815,-5.0846118927002,-3.75678324699402,-3.45719146728516
-0.823805451393127,-2.81815004348755,-5.11013126373291,-5.09780359268188,-3.71722912788391,-3.41403818130493
-0.556303262710571,-2.75398826599121,-5.0944242477417,-5.11099529266357,-3.6728458404541,-3.37088489532471
-0.320267915725708,-2.68982648849487,-5.08184385299683,-5.12418699264526,-3.6234176158905,-3.32773160934448
-0.125864267349243,-2.62566471099854,-5.07432794570923,-5.13737916946411,-3.56872916221619,-3.28457832336426
0.0167457982897758,-2.5615029335022,-5.07381343841553,-5.1505708694458,-3.50856304168701,-3.24142479896545
0.100116819143295,-2.48609614372253,-5.08168935775757,-5.15902042388916,-3.44244909286499,-3.16915035247803
0.127711653709412,-2.41068959236145,-5.09715223312378,-5.16746997833252,-3.36888337135315,-3.09687614440918
0.105714529752731,-2.33528280258179,-5.11885118484497,-5.17591953277588,-3.28610610961914,-3.02460169792175
0.0403097048401833,-2.25987601280212,-5.14543533325195,-5.18436908721924,-3.19235730171204,-2.95232725143433
-0.0623185336589813,-2.18446922302246,-5.17555284500122,-5.19281816482544,-3.08587718009949,-2.88005304336548
-0.195986032485962,-2.1090624332428,-5.2078537940979,-5.20126724243164,-2.96490573883057,-2.80777835845947
-0.354508519172668,-2.03365564346313,-5.24098634719849,-5.20971727371216,-2.8276834487915,-2.73550415039063
-0.531701862812042,-1.95824885368347,-5.27359962463379,-5.21816682815552,-2.67244982719421,-2.6632297039032
-0.721381306648254,-1.8828421831131,-5.30434226989746,-5.22661590576172,-2.49744558334351,-2.59095525741577
-0.917361617088318,-1.80743539333344,-5.33186340332031,-5.23506546020508,-2.30091238021851,-2.51868104934692
-1.1138950586319,-1.78878211975098,-5.35512495040894,-5.24207592010498,-2.08244967460632,-2.43590378761292
-1.30696320533752,-1.77012896537781,-5.37434148788452,-5.2490873336792,-1.84711468219757,-2.35312676429749
-1.49298226833344,-1.75147569179535,-5.39003896713257,-5.2560977935791,-1.60132551193237,-2.27034950256348
-1.66836905479431,-1.73282241821289,-5.40274429321289,-5.263108253479,-1.35150003433228,-2.18757247924805
-1.82953977584839,-1.71416914463043,-5.41298532485962,-5.27011919021606,-1.10405707359314,-2.10479521751404
-1.97291123867035,-1.69551587104797,-5.42128849029541,-5.27713012695313,-0.865414142608643,-2.02201819419861
-2.09489965438843,-1.6768627166748,-5.42818069458008,-5.28414058685303,-0.641989946365356,-1.9392409324646
-2.19192171096802,-1.65820932388306,-5.43418884277344,-5.29115104675293,-0.440202593803406,-1.85646390914917
-2.26039409637451,-1.63955616950989,-5.4398398399353,-5.29816198348999,-0.266470193862915,-1.77368664741516
-2.29673266410828,-1.62090289592743,-5.44566106796265,-5.30517292022705,-0.127212241292,-1.69090950489044
-2.2988908290863,-1.61439216136932,-5.45201539993286,-5.31031322479248,-0.0264523550868034,-1.59991145133972
-2.27096438407898,-1.60788142681122,-5.4586124420166,-5.31545352935791,0.0413482487201691,-1.508913397789
-2.21858501434326,-1.60137069225311,-5.46499729156494,-5.3205943107605,0.0841216593980789,-1.41791534423828
-2.14738464355469,-1.5948600769043,-5.47071599960327,-5.32573509216309,0.109799936413765,-1.32691729068756
-2.06299567222595,-1.58834934234619,-5.47531461715698,-5.33087539672852,0.126315161585808,-1.23591911792755
-1.97105002403259,-1.58183860778809,-5.47833776473999,-5.33601570129395,0.141599372029305,-1.14492106437683
-1.87717950344086,-1.57532787322998,-5.47933197021484,-5.34115600585938,0.163584664463997,-1.05392301082611
-1.78701615333557,-1.56881713867188,-5.47784233093262,-5.34629678726196,0.200203165411949,-0.962924838066101
-1.70619225502014,-1.56230640411377,-5.4734148979187,-5.35143709182739,0.259386837482452,-0.871926844120026
-1.64033854007721,-1.55579566955566,-5.46559524536133,-5.35657739639282,0.349069952964783,-0.780928730964661
-1.59326434135437,-1.48598158359528,-5.45417165756226,-5.35944652557373,0.475180804729462,-0.589670121669769
-1.56147360801697,-1.41616749763489,-5.43990325927734,-5.3623161315918,0.635651230812073,-0.398411571979523
-1.53964650630951,-1.3463534116745,-5.42379236221313,-5.36518573760986,0.826411366462708,-0.207152962684631
-1.52246308326721,-1.27653932571411,-5.40684080123901,-5.36805534362793,1.04339122772217,-0.0158944129943848
-1.50460338592529,-1.20672512054443,-5.39005041122437,-5.37092399597168,1.28252053260803,0.175364196300507
-1.48074758052826,-1.13691103458405,-5.37442350387573,-5.37379360198975,1.53973007202148,0.36662283539772
-1.44557559490204,-1.06709694862366,-5.3609619140625,-5.37666320800781,1.81094932556152,0.557881355285645
-1.39376759529114,-0.997282862663269,-5.35066747665405,-5.37953233718872,2.09210848808289,0.749139964580536
-1.32000386714935,-0.927468776702881,-5.34454298019409,-5.38240194320679,2.37913751602173,0.940398514270782
-1.21896517276764,-0.857654631137848,-5.34358930587769,-5.3852710723877,2.66796398162842,1.13165712356567
-1.08741414546967,-0.713724672794342,-5.34841012954712,-5.38420581817627,2.95468974113464,1.32087981700897
-0.930452585220337,-0.569794714450836,-5.35801219940186,-5.383141040802,3.23607492446899,1.51010262966156
-0.755265474319458,-0.42586475610733,-5.37100458145142,-5.38207578659058,3.50904893875122,1.69932532310486
-0.569038033485413,-0.281934857368469,-5.38599395751953,-5.38101100921631,3.77054071426392,1.88854813575745
-0.378955364227295,-0.138004839420319,-5.40158987045288,-5.37994575500488,4.01747941970825,2.07777070999146
-0.19220244884491,0.00592514872550964,-5.41639995574951,-5.37888050079346,4.24679470062256,2.26699352264404
-0.0159646272659302,0.149855047464371,-5.42903232574463,-5.37781524658203,4.45541572570801,2.45621633529663
0.142573356628418,0.293785035610199,-5.43809461593628,-5.37674999237061,4.64027118682861,2.64543914794922
0.276225924491882,0.43771493434906,-5.44219589233398,-5.37568473815918,4.79829120635986,2.83466196060181
0.377807378768921,0.581644952297211,-5.43994426727295,-5.37461996078491,4.92640352249146,3.02388453483582
0.442499130964279,0.706587910652161,-5.43039894104004,-5.37215042114258,5.02289533615112,3.12781047821045
0.474936991930008,0.831530928611755,-5.41442728042603,-5.3696813583374,5.09147119522095,3.2317361831665
0.482122421264648,0.956473886966705,-5.39334678649902,-5.36721229553223,5.13719320297241,3.33566212654114
0.47105684876442,1.08141684532166,-5.36847639083862,-5.36474323272705,5.165123462677,3.43958806991577
0.44874182343483,1.20635986328125,-5.3411340713501,-5.36227369308472,5.18032264709473,3.54351377487183
0.422178745269775,1.33130288124084,-5.31263875961304,-5.35980415344238,5.18785333633423,3.64743947982788
0.398369014263153,1.45624566078186,-5.28430795669556,-5.35733509063721,5.19277667999268,3.75136518478394
0.384314149618149,1.58118879795074,-5.25746011734009,-5.35486602783203,5.20015478134155,3.85529112815857
0.387015640735626,1.70613169670105,-5.23341369628906,-5.35239696502686,5.21504878997803,3.95921683311462
0.413475692272186,1.83107471466064,-5.21348714828491,-5.34992742538452,5.2425217628479,4.06314277648926
0.468882590532303,1.89475059509277,-5.19862031936646,-5.34382295608521,5.28565692901611,4.10524082183838
0.551176428794861,1.95842671394348,-5.1882381439209,-5.33771848678589,5.33963108062744,4.1473388671875
0.656484842300415,2.02210235595703,-5.18138647079468,-5.33161401748657,5.39764356613159,4.18943691253662
0.780935406684875,2.08577847480774,-5.17711210250854,-5.32551002502441,5.45289373397827,4.23153495788574
0.920655608177185,2.14945435523987,-5.17446136474609,-5.31940507888794,5.49858093261719,4.27363300323486
1.07177329063416,2.21313047409058,-5.17248058319092,-5.31330060958862,5.52790403366089,4.31573104858398
1.23041582107544,2.27680611610413,-5.17021656036377,-5.30719614028931,5.53406238555908,4.35782909393311
1.39271092414856,2.34048223495483,-5.16671466827393,-5.30109167098999,5.51025533676147,4.39992713928223
1.55478572845459,2.40415811538696,-5.1610221862793,-5.29498720169067,5.44968271255493,4.44202518463135
1.71276712417603,2.46783399581909,-5.15218496322632,-5.28888273239136,5.34554433822632,4.48412322998047
1.86342334747314,2.51666927337646,-5.13956880569458,-5.2805643081665,5.1944432258606,4.49077320098877
2.00607109069824,2.56550455093384,-5.1238169670105,-5.27224636077881,5.00660848617554,4.49742364883423
2.14066696166992,2.61433982849121,-5.10589122772217,-5.26392793655396,4.79567289352417,4.50407409667969
2.26716685295105,2.66317534446716,-5.08675479888916,-5.2556095123291,4.57526969909668,4.51072406768799
2.38552737236023,2.71201038360596,-5.06736898422241,-5.24729156494141,4.35903263092041,4.51737403869629
2.49570465087891,2.76084589958191,-5.04869651794434,-5.23897266387939,4.16059446334839,4.52402448654175
2.59765529632568,2.80968117713928,-5.03169965744019,-5.2306547164917,3.99358916282654,4.53067493438721
2.69133567810059,2.85851645469666,-5.01734066009521,-5.22233629226685,3.87164998054504,4.53732490539551
2.7767014503479,2.90735173225403,-5.00658178329468,-5.21401786804199,3.80841016769409,4.54397487640381
2.85370898246765,2.9561870098114,-5.00038576126099,-5.2056999206543,3.81750226020813,4.55062532424927
2.92263436317444,2.99634051322937,-4.99934387207031,-5.19510555267334,3.90761494636536,4.56712579727173
2.98502731323242,3.03649401664734,-5.00256681442261,-5.18451166152954,4.06765651702881,4.58362674713135
3.04275608062744,3.07664752006531,-5.00879383087158,-5.17391777038574,4.28158903121948,4.60012722015381
3.09769010543823,3.11680102348328,-5.01676511764526,-5.16332387924194,4.53337574005127,4.61662817001343
3.15169763565063,3.15695428848267,-5.02522039413452,-5.15272998809814,4.80697917938232,4.63312864303589
3.20664811134338,3.19710779190063,-5.03289937973022,-5.14213562011719,5.0863618850708,4.64962959289551
3.26440978050232,3.2372612953186,-5.03854179382324,-5.13154172897339,5.35548734664917,4.66613006591797
3.3268518447876,3.27741479873657,-5.04088687896729,-5.12094783782959,5.59831714630127,4.68263053894043
3.39584302902222,3.31756830215454,-5.03867530822754,-5.11035394668579,5.79881477355957,4.69913101196289
3.47325396537781,3.35772180557251,-5.03064632415771,-5.09975957870483,5.94094562530518,4.71563196182251
3.56044578552246,3.394770860672,-5.01600551605225,-5.08947801589966,6.01316118240356,4.74891996383667
3.65676736831665,3.43182015419006,-4.99582052230835,-5.07919597625732,6.02190637588501,4.78220796585083
3.761061668396,3.46886920928955,-4.97162580490112,-5.06891441345215,5.97811889648438,4.81549644470215
3.87217164039612,3.50591850280762,-4.94495534896851,-5.05863285064697,5.89273500442505,4.84878444671631
3.98894023895264,3.54296779632568,-4.91734170913696,-5.04835081100464,5.77669286727905,4.88207244873047
4.11020994186401,3.58001685142517,-4.89031982421875,-5.0380687713623,5.64092922210693,4.91536045074463
4.23482465744019,3.61706614494324,-4.86542320251465,-5.02778720855713,5.49638080596924,4.94864845275879
4.36162662506104,3.65411520004272,-4.8441858291626,-5.01750564575195,5.35398530960083,4.98193645477295
4.4894585609436,3.69116449356079,-4.82814073562622,-5.00722360610962,5.22467947006226,5.01522493362427
4.61716270446777,3.72821354866028,-4.81882238388062,-4.99694204330444,5.11940145492554,5.04851293563843
4.74370145797729,3.7821409702301,-4.81727170944214,-4.98555278778076,5.04642629623413,5.05893754959106
4.86850309371948,3.83606839179993,-4.82255983352661,-4.97416400909424,5.00339365005493,5.0693621635437
4.99111366271973,3.88999581336975,-4.83326530456543,-4.96277523040771,4.9852819442749,5.0797872543335
5.11107969284058,3.94392323493958,-4.84796667098999,-4.95138645172119,4.98706912994385,5.09021186828613
5.22794771194458,3.99785041809082,-4.86524200439453,-4.93999767303467,5.00373411178589,5.10063648223877
5.34126424789429,4.05177783966064,-4.88367033004761,-4.92860889434814,5.03025579452515,5.11106109619141
5.45057535171509,4.10570526123047,-4.90183019638062,-4.91722011566162,5.06161212921143,5.12148571014404
5.55542802810669,4.15963268280029,-4.91829967498779,-4.90583086013794,5.09278106689453,5.13191080093384
5.65536832809448,4.21356010437012,-4.93165731430054,-4.89444208145142,5.11874198913574,5.14233541488647
5.7499418258667,4.26748752593994,-4.94048166275024,-4.88305330276489,5.13447332382202,5.15276002883911
5.83890295028687,4.32958698272705,-4.94372177124023,-4.87307834625244,5.13612508773804,5.15588331222534
5.92282724380493,4.391685962677,-4.94180822372437,-4.86310434341431,5.12453699111938,5.15900611877441
6.00249767303467,4.45378541946411,-4.93554067611694,-4.85312986373901,5.10172033309937,5.16212940216064
6.07869672775269,4.51588439941406,-4.92572069168091,-4.84315538406372,5.06968593597412,5.16525268554688
6.15220737457275,4.57798385620117,-4.91314888000488,-4.83318090438843,5.03044509887695,5.16837501525879
6.22381114959717,4.64008331298828,-4.89862585067749,-4.82320642471313,4.98601007461548,5.17149829864502
6.29429244995117,4.70218229293823,-4.8829517364502,-4.81323194503784,4.93839073181152,5.17462158203125
6.3644323348999,4.76428174972534,-4.86692762374878,-4.80325746536255,4.88959932327271,5.17774438858032
6.43501424789429,4.82638072967529,-4.85135412216187,-4.79328298568726,4.84164714813232,5.18086719512939
6.50682020187378,4.8884801864624,-4.83703231811523,-4.78330850601196,4.79654550552368,5.18399047851563
6.58041667938232,4.94181680679321,-4.82460880279541,-4.77413749694824,4.75610780715942,5.18315172195435
6.65549802780151,4.99515390396118,-4.81411790847778,-4.76496648788452,4.72135925292969,5.18231344223022
6.73154163360596,5.04849052429199,-4.8054404258728,-4.7557954788208,4.69312715530396,5.18147468566895
6.80802536010742,5.10182762145996,-4.79845714569092,-4.74662494659424,4.67223978042603,5.18063640594482
6.88442707061768,5.15516376495361,-4.79304790496826,-4.73745346069336,4.65952396392822,5.17979764938354
6.96022462844849,5.20850038528442,-4.7890944480896,-4.7282829284668,4.65580749511719,5.17895889282227
7.0348949432373,5.26183700561523,-4.78647661209106,-4.71911144256592,4.66191816329956,5.17812061309814
7.1079158782959,5.3151741027832,-4.78507566452026,-4.70994091033936,4.67868328094482,5.17728185653687
7.17876482009888,5.36851072311401,-4.78477144241333,-4.70076990127563,4.70693063735962,5.17644357681274
7.24692153930664,5.42184734344482,-4.78544569015503,-4.69159889221191,4.74748849868774,5.17560482025146
7.31194829940796,5.46017408370972,-4.78696966171265,-4.68261671066284,4.80052995681763,5.18335390090942
7.37376403808594,5.49850130081177,-4.78918218612671,-4.67363500595093,4.86361789703369,5.19110298156738
7.43237400054932,5.5368275642395,-4.79191207885742,-4.66465282440186,4.93366193771362,5.19885206222534
7.48778390884399,5.57515430450439,-4.79498910903931,-4.65567111968994,5.00757122039795,5.2066011428833
7.53999900817871,5.61348104476929,-4.79824304580688,-4.64668893814087,5.0822548866272,5.21435022354126
7.58902454376221,5.65180778503418,-4.80150365829468,-4.6377067565918,5.15462207794189,5.22209930419922
7.63486576080322,5.69013404846191,-4.80460023880005,-4.62872505187988,5.22158288955688,5.22984838485718
7.6775279045105,5.72846126556396,-4.80736255645752,-4.61974287033081,5.28004598617554,5.23759746551514
7.71701717376709,5.76678800582886,-4.80961990356445,-4.6107611656189,5.32692050933838,5.2453465461731
7.75333786010742,5.80511474609375,-4.81120204925537,-4.60177898406982,5.3591160774231,5.25309562683105
7.78670406341553,5.82825946807861,-4.81196594238281,-4.59341239929199,5.37465286254883,5.26592111587524
7.81815910339355,5.85140419006348,-4.81188011169434,-4.58504581451416,5.37599277496338,5.27874660491943
7.84895467758179,5.87454843521118,-4.8109393119812,-4.57667970657349,5.36670827865601,5.29157209396362
7.88034200668335,5.8976936340332,-4.80913877487183,-4.56831312179565,5.35037183761597,5.30439758300781
7.91357278823853,5.92083835601807,-4.80647420883179,-4.55994653701782,5.33055591583252,5.317223072052
7.9498987197876,5.94398307800293,-4.80294132232666,-4.55157995223999,5.31083393096924,5.33004856109619
7.99057149887085,5.96712779998779,-4.79853534698486,-4.54321384429932,5.29477787017822,5.34287405014038
8.03684234619141,5.99027252197266,-4.79325151443481,-4.53484678268433,5.28596019744873,5.35569953918457
8.08996295928955,6.01341676712036,-4.78708553314209,-4.52648067474365,5.28795385360718,5.36852502822876
8.15118408203125,6.03656148910522,-4.78003263473511,-4.51811408996582,5.30433130264282,5.38135051727295
8.22118473052979,6.05236577987671,-4.772132396698,-4.50936412811279,5.33751201629639,5.39412260055542
8.2983455657959,6.06817054748535,-4.7636022567749,-4.50061416625977,5.38530206680298,5.40689468383789
8.38047409057617,6.08397483825684,-4.7547025680542,-4.4918646812439,5.44435405731201,5.41966676712036
8.4653787612915,6.09977912902832,-4.74569463729858,-4.48311471939087,5.51132202148438,5.43243885040283
8.55086612701416,6.1155834197998,-4.73684024810791,-4.47436475753784,5.58285760879517,5.44521045684814
8.63474464416504,6.13138771057129,-4.72840023040771,-4.46561479568481,5.65561485290527,5.45798254013062
8.71482181549072,6.14719200134277,-4.72063541412354,-4.45686483383179,5.72624635696411,5.47075462341309
8.78890419006348,6.16299629211426,-4.71380758285522,-4.44811534881592,5.79140472412109,5.48352670669556
8.85480117797852,6.1788010597229,-4.70817756652832,-4.43936538696289,5.84774303436279,5.49629878997803
8.91031932830811,6.19460535049438,-4.70400619506836,-4.43061542510986,5.8919153213501,5.5090708732605
8.95380592346191,6.20359563827515,-4.70140981674194,-4.41960334777832,5.9214916229248,5.5212550163269
8.98577308654785,6.21258592605591,-4.69992446899414,-4.40859222412109,5.93772029876709,5.53343868255615
9.00727081298828,6.22157621383667,-4.69894075393677,-4.39758014678955,5.94276809692383,5.54562282562256
9.01935291290283,6.23056650161743,-4.69784879684448,-4.38656806945801,5.93880224227905,5.55780696868896
9.02306938171387,6.23955678939819,-4.69603967666626,-4.37555646896362,5.92798948287964,5.56999111175537
9.01947116851807,6.24854707717896,-4.69290399551392,-4.36454486846924,5.91249561309814,5.58217525482178
9.00961112976074,6.25753736495972,-4.68783187866211,-4.3535327911377,5.89448833465576,5.59435892105103
8.99454021453857,6.26652765274048,-4.68021488189697,-4.34252119064331,5.87613391876221,5.60654306411743
8.97530937194824,6.27551794052124,-4.66944313049316,-4.33150959014893,5.85959911346436,5.61872673034668
8.95297050476074,6.284508228302,-4.6549072265625,-4.32049751281738,5.84705066680908,5.63091087341309
8.92848491668701,6.28585290908813,-4.63624382019043,-4.30638933181763,5.84018659591675,5.63742971420288
8.9024543762207,6.28719758987427,-4.61407470703125,-4.29228162765503,5.83883142471313,5.64394855499268
8.87538814544678,6.2885422706604,-4.58926582336426,-4.27817344665527,5.84234142303467,5.65046739578247
8.84779930114746,6.28988695144653,-4.56268548965454,-4.26406526565552,5.8500714302063,5.65698671340942
8.82019805908203,6.29123163223267,-4.53520011901855,-4.24995708465576,5.86137819290161,5.66350555419922
8.79309463500977,6.2925763130188,-4.50767707824707,-4.23584938049316,5.87561750411987,5.67002391815186
8.76700115203857,6.29392099380493,-4.48098373413086,-4.22174119949341,5.89214468002319,5.67654323577881
8.74242782592773,6.29526567459106,-4.45598649978638,-4.20763301849365,5.91031551361084,5.6830620765686
8.71988582611084,6.2966103553772,-4.43355321884155,-4.19352531433105,5.9294867515564,5.6895809173584
8.6998872756958,6.29795503616333,-4.41455125808716,-4.1794171333313,5.94901323318481,5.69609975814819
8.68258762359619,6.29531955718994,-4.39957094192505,-4.16105556488037,5.9683985710144,5.70131587982178
8.66672801971436,6.29268360137939,-4.388099193573,-4.1426944732666,5.98773288726807,5.70653247833252
8.65069484710693,6.29004812240601,-4.37934732437134,-4.12433338165283,6.0072546005249,5.71174907684326
8.63287353515625,6.28741264343262,-4.37252569198608,-4.10597229003906,6.02720069885254,5.71696519851685
8.61165142059326,6.28477668762207,-4.36684513092041,-4.08761072158813,6.04780912399292,5.72218132019043
8.58541393280029,6.28214168548584,-4.36151647567749,-4.06924915313721,6.06931781768799,5.72739791870117
8.5525484085083,6.27950572967529,-4.35575008392334,-4.05088806152344,6.09196376800537,5.73261404037476
8.51144027709961,6.2768702507019,-4.34875774383545,-4.03252696990967,6.11598539352417,5.73783016204834
8.46047592163086,6.27423429489136,-4.33974933624268,-4.01416540145874,6.14162015914917,5.74304676055908
8.39804077148438,6.27159881591797,-4.32793569564819,-3.99580407142639,6.16910600662231,5.74826288223267
8.3231029510498,6.2628812789917,-4.31275177001953,-3.97111988067627,6.1985559463501,5.75398063659668
8.2369499206543,6.25416469573975,-4.29452848434448,-3.94643592834473,6.22958946228027,5.75969791412354
8.14144706726074,6.24544763565063,-4.27382040023804,-3.92175197601318,6.26170063018799,5.76541566848755
8.03846168518066,6.23673057556152,-4.25118207931519,-3.89706802368164,6.29438447952271,5.77113342285156
7.92986249923706,6.22801303863525,-4.22716808319092,-3.87238359451294,6.32713603973389,5.77685070037842
7.81751585006714,6.2192964553833,-4.20233345031738,-3.8476996421814,6.35944938659668,5.78256797790527
7.70328855514526,6.21057891845703,-4.17723274230957,-3.82301568984985,6.39082002639771,5.78828620910645
7.58904838562012,6.20186185836792,-4.15242052078247,-3.79833126068115,6.42074203491211,5.7940034866333
7.47666263580322,6.19314479827881,-4.12845182418823,-3.77364730834961,6.44871091842651,5.79972076416016
7.36799907684326,6.1844277381897,-4.10588121414185,-3.74896311759949,6.47422027587891,5.80543851852417
7.26446199417114,6.16872787475586,-4.08447360992432,-3.70266246795654,6.49688529968262,5.80990695953369
7.16561412811279,6.15302848815918,-4.06083679199219,-3.65636205673218,6.51679563522339,5.81437635421753
7.070556640625,6.13732862472534,-4.03078889846802,-3.61006140708923,6.53416156768799,5.81884527206421
6.97839021682739,6.12162971496582,-3.99014759063721,-3.56376075744629,6.54919290542603,5.82331371307373
6.8882155418396,6.10592937469482,-3.93473172187805,-3.51746034622192,6.56209945678711,5.82778263092041
6.79913330078125,6.09022998809814,-3.86035919189453,-3.4711594581604,6.57309103012085,5.83225154876709
6.71024465560913,6.07453060150146,-3.76284766197205,-3.42485904693604,6.58237743377686,5.83671998977661
6.62064981460571,6.05883073806763,-3.63801574707031,-3.37855839729309,6.59016847610474,5.84118890762329
6.52945041656494,6.04313135147095,-3.48168158531189,-3.33225774765015,6.5966739654541,5.84565782546997
6.43574714660645,6.02743148803711,-3.28966474533081,-3.28595733642578,6.60210371017456,5.85012674331665
6.33889675140381,6.00302362442017,-3.06007266044617,-3.2132248878479,6.60670757293701,5.85142087936401
6.23928356170654,5.97861528396606,-2.8001868724823,-3.14049243927002,6.61089563369751,5.85271549224854
6.13754844665527,5.95420742034912,-2.51958036422729,-3.06776022911072,6.6151180267334,5.8540096282959
6.03433322906494,5.92979955673218,-2.22782588005066,-2.99502754211426,6.61982536315918,5.85530471801758
5.93027830123901,5.90539121627808,-1.93449568748474,-2.92229509353638,6.62546730041504,5.85659885406494
5.82602453231812,5.88098335266113,-1.64916300773621,-2.84956288337708,6.63249397277832,5.8578929901123
5.72221279144287,5.85657501220703,-1.38139986991882,-2.77683043479919,6.64135551452637,5.85918807983398
5.61948442459106,5.83216714859009,-1.14077997207642,-2.70409798622131,6.65250301361084,5.86048221588135
5.51848030090332,5.80775880813599,-0.936875104904175,-2.63136553764343,6.66638565063477,5.86177682876587
5.41983890533447,5.78335094451904,-0.779255270957947,-2.55863308906555,6.68345403671265,5.86307096481323
5.32401371002197,5.74674987792969,-0.674544036388397,-2.46906232833862,6.7038049697876,5.86209392547607
5.23068237304688,5.71014976501465,-0.61752849817276,-2.37949180603027,6.72612333297729,5.86111736297607
5.13933420181274,5.67354869842529,-0.600043654441833,-2.28992104530334,6.74874114990234,5.86014080047607
5.04945755004883,5.63694858551025,-0.613924264907837,-2.20035028457642,6.76998949050903,5.85916376113892
4.96054029464722,5.6003475189209,-0.651005208492279,-2.11077952384949,6.78820085525513,5.85818672180176
4.87207126617432,5.56374645233154,-0.703121364116669,-2.02120876312256,6.80170631408691,5.85721015930176
4.78353881835938,5.5271463394165,-0.762107670307159,-1.93163824081421,6.808837890625,5.85623264312744
4.69443130493164,5.49054527282715,-0.819798827171326,-1.84206748008728,6.80792665481567,5.85525608062744
4.60423755645752,5.45394468307495,-0.868029713630676,-1.75249671936035,6.79730558395386,5.85427904129028
4.51244640350342,5.41734409332275,-0.89863532781601,-1.66292607784271,6.77530527114868,5.85330247879028
4.41878175735474,5.36562252044678,-0.905720829963684,-1.60019719600677,6.74082803726196,5.84455251693726
4.3239164352417,5.31390142440796,-0.892471015453339,-1.53746843338013,6.69505834579468,5.83580350875854
4.22876024246216,5.26218032836914,-0.864340722560883,-1.47473967075348,6.63974952697754,5.82705354690552
4.13422203063965,5.21045923233032,-0.82678496837616,-1.41201090812683,6.57665634155273,5.81830453872681
4.04121160507202,5.1587381362915,-0.785258889198303,-1.34928202629089,6.50753259658813,5.80955505371094
3.95063757896423,5.10701704025269,-0.745217204093933,-1.28655326366425,6.43413305282593,5.80080509185791
3.86340951919556,5.05529594421387,-0.712115108966827,-1.2238245010376,6.35821151733398,5.7920560836792
3.78043651580811,5.00357437133789,-0.691407561302185,-1.16109561920166,6.28152227401733,5.78330612182617
3.70262813568115,4.95185375213623,-0.688549399375916,-1.09836685657501,6.20582008361816,5.7745566368103
3.63089418411255,4.90013217926025,-0.708995461463928,-1.03563809394836,6.13285875320435,5.76580715179443
3.56575798988342,4.83794832229614,-0.75615382194519,-0.976518750190735,6.06401824951172,5.74607372283936
3.50620746612549,4.77576446533203,-0.825243592262268,-0.91739946603775,5.99918413162231,5.72634124755859
3.45084547996521,4.71358013153076,-0.909436762332916,-0.858280181884766,5.93786764144897,5.70660829544067
3.39827442169189,4.65139675140381,-1.00190532207489,-0.799160897731781,5.8795804977417,5.68687534332275
3.34709763526917,4.58921241760254,-1.09582126140594,-0.740041494369507,5.82383394241333,5.66714191436768
3.29591727256775,4.52702808380127,-1.18435657024384,-0.680922150611877,5.77013969421387,5.64740896224976
3.24333643913269,4.46484470367432,-1.26068329811096,-0.621802926063538,5.71800851821899,5.62767601013184
3.1879575252533,4.40266036987305,-1.31797337532043,-0.562683582305908,5.66695213317871,5.60794305801392
3.12838363647461,4.34047651290894,-1.34939885139465,-0.503564298152924,5.61648178100586,5.588210105896
3.06321811676025,4.27829265594482,-1.34813189506531,-0.444444954395294,5.5661096572876,5.56847667694092
2.99159908294678,4.21409940719604,-1.30935394763947,-0.327868938446045,5.51531791687012,5.53827667236328
2.91481471061707,4.14990615844727,-1.23628449440002,-0.211292967200279,5.46347904205322,5.50807619094849
2.83468866348267,4.08571290969849,-1.13415241241455,-0.0947169363498688,5.40993642807007,5.47787570953369
2.75304532051086,4.02151966094971,-1.0081866979599,0.0218590497970581,5.35403347015381,5.44767570495605
2.67170882225037,3.95732641220093,-0.863616406917572,0.138435035943985,5.29511451721191,5.41747522354126
2.5925030708313,3.89313316345215,-0.705670356750488,0.255011051893234,5.23252248764038,5.38727474212646
2.51725220680237,3.82893991470337,-0.539577662944794,0.371586978435516,5.16560125350952,5.35707473754883
2.44778037071228,3.76474666595459,-0.370567321777344,0.48816305398941,5.09369468688965,5.32687425613403
2.38591146469116,3.70055341720581,-0.203868389129639,0.604739010334015,5.01614618301392,5.29667377471924
2.33347034454346,3.63636016845703,-0.044711135327816,0.721315026283264,4.93230056762695,5.2664737701416
2.29174208641052,3.58302807807922,0.102639727294445,0.823320090770721,4.84188747406006,5.2216534614563
2.25986266136169,3.52969598770142,0.237759709358215,0.925325155258179,4.74619245529175,5.17683362960815
2.23642921447754,3.47636389732361,0.361187040805817,1.02733016014099,4.64688777923584,5.13201332092285
2.22003936767578,3.4230318069458,0.473460227251053,1.12933528423309,4.54564619064331,5.08719301223755
2.20929074287415,3.36969971656799,0.575117409229279,1.2313404083252,4.44413948059082,5.04237270355225
2.20278072357178,3.31636762619019,0.666696965694427,1.33334541320801,4.34404039382935,4.99755239486694
2.19910645484924,3.26303553581238,0.748737335205078,1.43535053730011,4.24702167510986,4.95273208618164
2.19686579704285,3.20970344543457,0.821776747703552,1.53735554218292,4.15475511550903,4.9079122543335
2.19465589523315,3.15637135505676,0.886353373527527,1.63936054706573,4.06891345977783,4.86309194564819
2.19107413291931,3.10303926467896,0.943008422851563,1.74136567115784,3.99116587638855,4.81827163696289
2.18513011932373,3.06712961196899,0.992529511451721,1.79713141918182,3.9225959777832,4.76374673843384
2.17748045921326,3.03122019767761,1.03673303127289,1.8528972864151,3.86189126968384,4.70922231674194
2.16919326782227,2.99531054496765,1.07768750190735,1.90866315364838,3.80714726448059,4.65469741821289
2.16133761405945,2.95940113067627,1.11746120452881,1.96442902088165,3.75645899772644,4.600172996521
2.1549813747406,2.92349147796631,1.15812277793884,2.02019476890564,3.7079222202301,4.54564809799194
2.15119361877441,2.88758182525635,1.20174050331116,2.07596063613892,3.65963220596313,4.49112319946289
2.15104246139526,2.85167217254639,1.25038278102875,2.13172650337219,3.60968422889709,4.436598777771
2.15559673309326,2.815762758255,1.3061181306839,2.18749213218689,3.55617356300354,4.38207387924194
2.16592454910278,2.77985286712646,1.37101483345032,2.24325799942017,3.49719572067261,4.32754945755005
2.18309450149536,2.74394345283508,1.44714081287384,2.29902386665344,3.43084669113159,4.273024559021
2.20746302604675,2.72626447677612,1.53571772575378,2.34292054176331,3.35580348968506,4.2181248664856
2.23653697967529,2.70858573913574,1.63457310199738,2.38681769371033,3.27307748794556,4.1632251739502
2.26711130142212,2.69090676307678,1.74068713188171,2.43071460723877,3.18426156044006,4.10832595825195
2.29598093032837,2.67322778701782,1.85104036331177,2.47461128234863,3.09094977378845,4.05342626571655
2.3199405670166,2.65554904937744,1.96261262893677,2.51850843429565,2.99473547935486,3.99852657318115
2.33578491210938,2.63787007331848,2.07238435745239,2.56240510940552,2.89721179008484,3.94362688064575
2.34030890464783,2.62019109725952,2.17733573913574,2.60630202293396,2.79997253417969,3.88872718811035
2.33030724525452,2.60251235961914,2.27444696426392,2.6501989364624,2.70461082458496,3.83382749557495
2.30257511138916,2.58483338356018,2.36069798469543,2.69409584999084,2.61272048950195,3.77892804145813
2.2539074420929,2.56715440750122,2.4330689907074,2.73799276351929,2.52589559555054,3.72402834892273
2.18217301368713,2.56416702270508,2.48941445350647,2.76857852935791,2.4453456401825,3.67808604240417
2.08954071998596,2.56117987632751,2.53107976913452,2.79916477203369,2.37075328826904,3.6321439743042
1.97925305366516,2.55819249153137,2.56028485298157,2.82975053787231,2.30141830444336,3.58620166778564
1.85455322265625,2.55520534515381,2.57924890518188,2.8603367805481,2.23663973808289,3.54025983810425
1.71868419647217,2.55221796035767,2.59019136428833,2.89092254638672,2.1757173538208,3.49431729316711
1.57488894462585,2.54923057556152,2.59533190727234,2.92150855064392,2.1179506778717,3.44837522506714
1.42641019821167,2.54624342918396,2.59688997268677,2.95209431648254,2.0626392364502,3.40243291854858
1.27649104595184,2.54325604438782,2.59708499908447,2.98268055915833,2.00908231735229,3.35649061203003
1.12837469577789,2.54026889801025,2.59813642501831,3.01326632499695,1.95657992362976,3.31054854393005
0.985305070877075,2.53728151321411,2.60226392745972,3.04385232925415,1.9044314622879,3.2646062374115
0.849891006946564,2.54384899139404,2.61115670204163,3.05844354629517,1.85213255882263,3.2314190864563
0.722219347953796,2.55041670799255,2.62438440322876,3.07303547859192,1.7999666929245,3.19823169708252
0.601744174957275,2.55698418617249,2.64098644256592,3.08762693405151,1.74841380119324,3.16504454612732
0.487919420003891,2.563551902771,2.66000175476074,3.10221862792969,1.69795370101929,3.13185715675354
0.380199134349823,2.57011938095093,2.68046998977661,3.1168098449707,1.64906632900238,3.09866976737976
0.278037309646606,2.57668685913086,2.70143055915833,3.13140153884888,1.60223150253296,3.06548261642456
0.180887937545776,2.58325433731079,2.7219226360321,3.14599299430847,1.55792903900146,3.03229522705078
0.0882049202919006,2.5898220539093,2.74098587036133,3.16058444976807,1.51663887500763,2.999107837677
-0.000557422637939453,2.59638929367065,2.75765919685364,3.17517614364624,1.47884094715118,2.96592044830322
-0.0859446600079536,2.60295701026917,2.77098202705383,3.18976759910583,1.44501519203186,2.93273329734802
-0.167822748422623,2.56426644325256,2.78032326698303,3.20042967796326,1.41548299789429,2.90774416923523
-0.243329495191574,2.52557635307312,2.78636765480042,3.21109199523926,1.38993442058563,2.88275551795959
-0.308922111988068,2.48688578605652,2.79012942314148,3.2217538356781,1.36790144443512,2.8577663898468
-0.361057758331299,2.4481954574585,2.79262256622314,3.2324161529541,1.3489156961441,2.83277773857117
-0.396193563938141,2.40950489044189,2.79486155509949,3.24307823181152,1.33250892162323,2.80778861045837
-0.410786747932434,2.37081432342529,2.79786014556885,3.25374031066895,1.31821310520172,2.78279972076416
-0.401294380426407,2.33212399482727,2.80263304710388,3.26440262794495,1.30555999279022,2.75781083106995
-0.364173769950867,2.29343366622925,2.81019377708435,3.27506470680237,1.29408133029938,2.73282194137573
-0.295882016420364,2.25474309921265,2.82155680656433,3.28572678565979,1.28330886363983,2.70783281326294
-0.192877307534218,2.21605277061462,2.83773612976074,3.29638886451721,1.2727746963501,2.68284392356873
-0.0528803467750549,2.19265198707581,2.85929369926453,3.30791020393372,1.26218450069427,2.66018199920654
0.121324434876442,2.16925144195557,2.88498091697693,3.3194317817688,1.25194132328033,2.63752031326294
0.325688004493713,2.14585065841675,2.91309690475464,3.3309531211853,1.24262225627899,2.61485815048218
0.556161463260651,2.12244987487793,2.94194078445435,3.34247446060181,1.23480439186096,2.59219646453857
0.808695554733276,2.09904932975769,2.96981167793274,3.35399580001831,1.22906506061554,2.56953454017639
1.07924175262451,2.07564854621887,2.99500870704651,3.36551713943481,1.22598111629486,2.54687261581421
1.36375069618225,2.05224776268005,3.01583075523376,3.3770387172699,1.22612977027893,2.52421092987061
1.65817356109619,2.02884721755981,3.03057718276978,3.3885600566864,1.23008823394775,2.50154876708984
1.95846104621887,2.005446434021,3.03754711151123,3.40008163452148,1.23843348026276,2.47888708114624
2.26057982444763,1.98204576969147,3.03503918647766,3.41160297393799,1.25174355506897,2.45622515678406
2.56023645401001,1.99556815624237,3.0219841003418,3.4210844039917,1.270348072052,2.436119556427
2.85232901573181,2.00909066200256,2.99983859062195,3.43056583404541,1.29359400272369,2.41601419448853
3.13152694702148,2.02261304855347,2.97069048881531,3.44004726409912,1.32058143615723,2.39590883255005
3.39249920845032,2.03613567352295,2.93662786483765,3.44952869415283,1.35041069984436,2.37580347061157
3.62991523742676,2.04965806007385,2.89973878860474,3.45901012420654,1.38218212127686,2.35569787025452
3.83844423294067,2.06318044662476,2.86211133003235,3.46849155426025,1.4149956703186,2.33559250831604
4.01275539398193,2.07670283317566,2.82583332061768,3.47797322273254,1.44795191287994,2.31548690795898
4.14751815795898,2.09022521972656,2.79299283027649,3.48745465278625,1.48015081882477,2.29538154602051
4.23740196228027,2.10374784469604,2.76567792892456,3.49693608283997,1.51069271564484,2.27527618408203
4.27707529067993,2.11727023124695,2.74597644805908,3.50641751289368,1.53867757320404,2.25517058372498
4.26370429992676,2.12445378303528,2.73532795906067,3.51272821426392,1.56341779232025,2.23746514320374
4.20443630218506,2.13163733482361,2.73257899284363,3.51903867721558,1.58507108688354,2.2197597026825
4.10891437530518,2.13882088661194,2.73592758178711,3.52534961700439,1.6040073633194,2.20205426216125
3.98678159713745,2.14600443840027,2.74357128143311,3.53166007995605,1.6205962896347,2.18434906005859
3.84768176078796,2.15318775177002,2.75370860099792,3.53797054290771,1.63520753383636,2.16664361953735
3.70125818252563,2.16037130355835,2.76453733444214,3.54428124427795,1.64821076393127,2.14893817901611
3.55715394020081,2.16755485534668,2.7742555141449,3.55059194564819,1.6599760055542,2.13123273849487
3.42501258850098,2.17473840713501,2.78106093406677,3.55690240859985,1.67087256908417,2.11352729797363
3.31447744369507,2.18192195892334,2.78315162658691,3.56321287155151,1.68127048015594,2.09582185745239
3.23519253730774,2.18910551071167,2.77872586250305,3.56952357292175,1.69153928756714,2.07811641693115
3.19390058517456,2.18368935585022,2.76661372184753,3.5744206905365,1.70206451416016,2.06369733810425
3.18575072288513,2.17827320098877,2.74817562103271,3.57931804656982,1.713294506073,2.04927849769592
3.20299243927002,2.17285704612732,2.72540402412415,3.58421540260315,1.72569286823273,2.0348596572876
3.23787498474121,2.16744089126587,2.70029139518738,3.58911275863647,1.73972380161285,2.02044081687927
3.28264760971069,2.162024974823,2.67483043670654,3.59400987625122,1.75585114955902,2.00602173805237
3.32955980300903,2.15660858154297,2.65101361274719,3.59890699386597,1.77453875541687,1.99160289764404
3.3708610534668,2.1511926651001,2.63083386421204,3.60380411148071,1.79625058174133,1.97718405723572
3.39880013465881,2.14577651023865,2.61628317832947,3.60870146751404,1.82145059108734,1.96276497840881
3.40562677383423,2.1403603553772,2.60935473442078,3.61359858512878,1.85060262680054,1.94834613800049
3.38359069824219,2.13494420051575,2.61204075813293,3.61849594116211,1.88417041301727,1.93392717838287
3.3275580406189,2.12467575073242,2.62561011314392,3.62438106536865,1.9222993850708,1.92405617237091
3.24286413192749,2.1144073009491,2.64843654632568,3.63026642799377,1.96385824680328,1.91418528556824
3.13746237754822,2.10413885116577,2.67816972732544,3.63615131378174,2.00739717483521,1.90431427955627
3.01930499076843,2.09387040138245,2.71246004104614,3.64203691482544,2.05146598815918,1.8944433927536
2.8963451385498,2.08360195159912,2.74895691871643,3.64792203903198,2.09461450576782,1.88457226753235
2.77653551101685,2.0733335018158,2.78531050682068,3.65380716323853,2.13539338111877,1.87470126152039
2.66782903671265,2.06306505203247,2.81917071342468,3.65969228744507,2.17235207557678,1.864830493927
2.57817840576172,2.05279660224915,2.84818744659424,3.66557741165161,2.20404076576233,1.85495936870575
2.51553630828857,2.04252815246582,2.87001061439514,3.67146253585815,2.2290096282959,1.84508848190308
2.4878556728363,2.0322597026825,2.88228988647461,3.67734789848328,2.24580812454224,1.83521747589111
2.50045228004456,2.02473020553589,2.88353419303894,3.68427801132202,2.25348329544067,1.8258752822876
2.54809546470642,2.01720070838928,2.87568545341492,3.69120836257935,2.25306582450867,1.81653308868408
2.62291860580444,2.00967121124268,2.86154460906982,3.69813871383667,2.2460834980011,1.80719089508057
2.71705412864685,2.00214171409607,2.84391236305237,3.70506906509399,2.23406362533569,1.79784870147705
2.82263469696045,1.99461221694946,2.82558965682983,3.71199917793274,2.21853351593018,1.78850638866425
2.9317934513092,1.98708271980286,2.80937743186951,3.71892929077148,2.20102095603943,1.77916407585144
3.03666257858276,1.97955334186554,2.79807615280151,3.72585964202881,2.18305325508118,1.76982188224792
3.12937521934509,1.97202384471893,2.79448676109314,3.73278999328613,2.16615796089172,1.7604798078537
3.202064037323,1.96449434757233,2.80141019821167,3.73972034454346,2.15186238288879,1.75113749504089
3.24686169624329,1.95696485042572,2.82164692878723,3.7466504573822,2.14169406890869,1.74179530143738
3.25793695449829,1.94659948348999,2.85708117485046,3.75794267654419,2.13681888580322,1.73253202438354
3.23759889602661,1.93623399734497,2.90592980384827,3.7692346572876,2.13695597648621,1.723268866539
3.19019317626953,1.92586874961853,2.96549224853516,3.78052663803101,2.14146304130554,1.71400547027588
3.12006449699402,1.91550326347351,3.03306865692139,3.79181885719299,2.14969778060913,1.70474231243134
3.03155851364136,1.90513777732849,3.10595893859863,3.8031108379364,2.16101765632629,1.6954790353775
2.92901992797852,1.89477241039276,3.18146252632141,3.81440281867981,2.17478036880493,1.68621587753296
2.81679439544678,1.88440704345703,3.2568793296814,3.8256950378418,2.19034361839294,1.67695260047913
2.69922661781311,1.87404155731201,3.32950973510742,3.83698701858521,2.20706510543823,1.66768932342529
2.58066177368164,1.86367607116699,3.39665269851685,3.84827899932861,2.22430205345154,1.65842604637146
2.46544003486633,1.85331070423126,3.45561146736145,3.8595712184906,2.24141335487366,1.64916276931763
2.3569962978363,1.83747148513794,3.50449585914612,3.87993097305298,2.25782537460327,1.64113807678223
2.25506210327148,1.82163238525391,3.54468965530396,3.90029120445251,2.27325010299683,1.63311326503754
2.15845346450806,1.80579304695129,3.57839012145996,3.92065095901489,2.28746962547302,1.62508857250214
2.06598615646362,1.78995394706726,3.60779428482056,3.94101095199585,2.3002655506134,1.61706387996674
1.97647643089294,1.77411460876465,3.63509893417358,3.96137094497681,2.31141948699951,1.60903906822205
1.88873982429504,1.75827550888062,3.66250133514404,3.98173093795776,2.32071375846863,1.60101437568665
1.80159258842468,1.742436170578,3.69219851493835,4.00209093093872,2.32792973518372,1.59298956394196
1.71385037899017,1.72659707069397,3.72638726234436,4.02245092391968,2.33284950256348,1.58496487140656
1.62432932853699,1.71075785160065,3.76726460456848,4.04281091690063,2.33525490760803,1.57694005966187
1.53184616565704,1.69491863250732,3.81702733039856,4.06317090988159,2.33492755889893,1.56891536712646
1.43556129932404,1.6844527721405,3.87721061706543,4.09234762191772,2.33171534538269,1.56163740158081
1.33602285385132,1.67398715019226,3.94669938087463,4.12152433395386,2.32572889328003,1.55435967445374
1.23412466049194,1.66352128982544,4.02371549606323,4.15070104598999,2.31714463233948,1.54708170890808
1.13076031208038,1.65305554866791,4.10648202896118,4.17987775802612,2.30613970756531,1.53980398178101
1.02682340145111,1.64258980751038,4.19322109222412,4.20905447006226,2.2928900718689,1.53252601623535
0.923207461833954,1.63212394714355,4.28215551376343,4.23823118209839,2.27757263183594,1.5252480506897
0.820806205272675,1.62165808677673,4.37150812149048,4.26740789413452,2.26036381721497,1.51797020435333
0.72051328420639,1.61119246482849,4.45950031280518,4.29658460617065,2.2414402961731,1.51069235801697
0.623222470283508,1.60072660446167,4.54435539245605,4.32576131820679,2.22097849845886,1.50341439247131
0.529827952384949,1.59026086330414,4.62429523468018,4.35493803024292,2.19915556907654,1.49613654613495
0.441042125225067,1.58589518070221,4.69799613952637,4.39299535751343,2.17613697052002,1.48879539966583
0.35686132311821,1.58152961730957,4.76594400405884,4.43105316162109,2.15204739570618,1.48145437240601
0.27710148692131,1.57716381549835,4.82907772064209,4.46911096572876,2.12700057029724,1.47411322593689
0.201578408479691,1.57279825210571,4.88833618164063,4.50716876983643,2.10111093521118,1.46677219867706
0.130107998847961,1.56843256950378,4.94465827941895,4.54522609710693,2.07449221611023,1.45943105220795
0.0625060796737671,1.56406688690186,4.99898386001587,4.58328342437744,2.04725813865662,1.45209002494812
-0.00141143798828125,1.55970132350922,5.05225086212158,4.62134122848511,2.01952314376831,1.444748878479
-0.0618287920951843,1.55533564090729,5.1053991317749,4.65939903259277,1.99140083789825,1.43740773200989
-0.118929922580719,1.55096995830536,5.15936756134033,4.69745635986328,1.96300542354584,1.43006670475006
-0.172898769378662,1.54660427570343,5.21509408950806,4.73551416397095,1.93445098400116,1.42272555828094
-0.223983108997345,1.54140257835388,5.2732458114624,4.77336120605469,1.90577948093414,1.41512095928192
-0.272681057453156,1.53620088100433,5.33339262008667,4.81120872497559,1.87674748897552,1.40751647949219
-0.319554001092911,1.53099918365479,5.39483165740967,4.84905576705933,1.84703958034515,1.39991188049316
-0.365163415670395,1.52579736709595,5.45685958862305,4.88690280914307,1.81634044647217,1.39230728149414
-0.410070717334747,1.5205956697464,5.51877403259277,4.92474985122681,1.784334897995,1.38470268249512
-0.454837322235107,1.51539397239685,5.57987213134766,4.96259689331055,1.75070762634277,1.37709820270538
-0.500024676322937,1.51019215583801,5.63945007324219,5.00044441223145,1.71514320373535,1.36949360370636
-0.546194195747375,1.50499045848846,5.69680547714233,5.03829097747803,1.67732656002045,1.36188900470734
-0.593907237052917,1.49978876113892,5.7512354850769,5.07613849639893,1.63694214820862,1.3542845249176
-0.643724858760834,1.49458706378937,5.80203676223755,5.11398553848267,1.59367513656616,1.34667992591858
-0.696025133132935,1.48080086708069,5.84870433807373,5.14510822296143,1.54737269878387,1.33883583545685
-0.750447750091553,1.46701467037201,5.89152336120605,5.17623138427734,1.49853622913361,1.33099162578583
-0.806448698043823,1.45322847366333,5.93097543716431,5.2073540687561,1.44782984256744,1.3231475353241
-0.863483846187592,1.43944239616394,5.9675440788269,5.23847675323486,1.39591765403748,1.31530344486237
-0.921009123325348,1.42565608024597,6.00171041488647,5.26959943771362,1.34346389770508,1.30745923519135
-0.978480517864227,1.41186988353729,6.03395843505859,5.30072212219238,1.29113268852234,1.29961514472961
-1.03535389900208,1.39808368682861,6.06476926803589,5.3318452835083,1.23958826065063,1.29177093505859
-1.09108519554138,1.38429749011993,6.09462642669678,5.36296796798706,1.18949484825134,1.28392684459686
-1.14513039588928,1.37051129341125,6.12401151657104,5.39409065246582,1.14151668548584,1.27608263492584
-1.19694495201111,1.35672509670258,6.15340709686279,5.42521333694458,1.0963180065155,1.26823854446411
-1.24604570865631,1.32943940162659,6.18316888809204,5.44691276550293,1.05430197715759,1.26219832897186
-1.29218816757202,1.30215382575989,6.2131404876709,5.46861267089844,1.01483118534088,1.25615811347961
-1.33518815040588,1.2748681306839,6.24303865432739,5.49031257629395,0.977007150650024,1.25011789798737
-1.37486183643341,1.2475825548172,6.27258110046387,5.51201200485229,0.939931631088257,1.24407780170441
-1.41102504730225,1.22029685974121,6.30148315429688,5.53371143341064,0.902706265449524,1.23803758621216
-1.44349360466003,1.19301104545593,6.32946300506592,5.55541133880615,0.864432692527771,1.23199725151062
-1.47208368778229,1.16572546958923,6.35623645782471,5.5771107673645,0.824212670326233,1.22595715522766
-1.49661099910736,1.13843977451324,6.38152074813843,5.59881019592285,0.781147837638855,1.21991682052612
-1.51689171791077,1.11115419864655,6.40503215789795,5.62051010131836,0.734339833259583,1.21387672424316
-1.53274238109589,1.08386850357056,6.42648935317993,5.64220952987671,0.682887554168701,1.20783650875092
-1.54412770271301,1.03875911235809,6.44567108154297,5.65529584884644,0.626206338405609,1.20226919651031
-1.55161643028259,0.99364972114563,6.46261835098267,5.66838264465332,0.564937233924866,1.196702003479
-1.55592679977417,0.948540270328522,6.47743558883667,5.68146896362305,0.500032186508179,1.19113481044769
-1.55777704715729,0.903430879116058,6.49022817611694,5.69455528259277,0.432443290948868,1.18556761741638
-1.55788540840149,0.85832142829895,6.50110054016113,5.7076416015625,0.363122522830963,1.18000030517578
-1.55697011947632,0.813212037086487,6.51015663146973,5.72072792053223,0.293021768331528,1.17443299293518
-1.55574929714203,0.768102645874023,6.51750183105469,5.73381423950195,0.223093092441559,1.16886579990387
-1.55494141578674,0.722993195056915,6.52324056625366,5.74690103530884,0.154288411140442,1.16329860687256
-1.55526447296143,0.677883803844452,6.5274772644043,5.75998687744141,0.0875598788261414,1.15773129463196
-1.55743670463562,0.632774353027344,6.5303168296814,5.77307367324829,0.023859865963459,1.15216410160065
-1.56192815303802,0.573710441589355,6.53176403045654,5.77747917175293,-0.0360596515238285,1.14268064498901
-1.56821537017822,0.514646470546722,6.53142690658569,5.78188514709473,-0.0922406315803528,1.13319730758667
-1.57552671432495,0.455582499504089,6.52881193161011,5.78629064559937,-0.14492455124855,1.12371397018433
-1.58309042453766,0.396518558263779,6.52342748641968,5.790696144104,-0.194352865219116,1.11423063278198
-1.59013485908508,0.337454587221146,6.51478147506714,5.7951021194458,-0.240767061710358,1.10474729537964
-1.59588837623596,0.278390616178513,6.50238084793091,5.79950761795044,-0.28440859913826,1.09526383876801
-1.59957921504974,0.219326689839363,6.48573350906372,5.80391311645508,-0.32551896572113,1.08578050136566
-1.60043573379517,0.160262733697891,6.46434783935547,5.80831909179688,-0.364339619874954,1.07629704475403
-1.59768617153168,0.101198799908161,6.43773078918457,5.81272459030151,-0.401111960411072,1.06681370735168
-1.59055912494659,0.0421348288655281,6.40539026260376,5.81713008880615,-0.436077296733856,1.05733036994934
-1.57850849628448,-0.0170921795070171,6.36707544326782,5.81086683273315,-0.469444572925568,1.03979587554932
-1.56189203262329,-0.0763191878795624,6.32350301742554,5.80460405349731,-0.50128960609436,1.02226138114929
-1.54129338264465,-0.135546207427979,6.27563095092773,5.79834079742432,-0.531655430793762,1.00472688674927
-1.51729607582092,-0.194773212075233,6.22441720962524,5.79207801818848,-0.560585081577301,0.987192392349243
-1.49048376083374,-0.254000216722488,6.1708197593689,5.78581476211548,-0.588121592998505,0.969657897949219
-1.46144008636475,-0.313227236270905,6.11579704284668,5.77955150604248,-0.61430811882019,0.952123403549194
-1.43074834346771,-0.372454226016998,6.06030654907227,5.77328872680664,-0.639187574386597,0.93458890914917
-1.39899241924286,-0.431681245565414,6.00530672073364,5.76702547073364,-0.662803113460541,0.917054414749146
-1.36675584316254,-0.490908235311508,5.9517560005188,5.7607626914978,-0.685197710990906,0.899519920349121
-1.33462250232697,-0.550135254859924,5.90061235427856,5.7544994354248,-0.70641428232193,0.881985425949097
-1.30298542976379,-0.595232546329498,5.85248756408691,5.73675012588501,-0.72651219367981,0.853539705276489
-1.27147924900055,-0.640329837799072,5.80661153793335,5.71900129318237,-0.745613873004913,0.825093924999237
-1.23954856395721,-0.685427188873291,5.76186847686768,5.70125198364258,-0.763858020305634,0.79664820432663
-1.20663774013519,-0.730524480342865,5.7171425819397,5.68350315093994,-0.781383335590363,0.768202483654022
-1.17219126224518,-0.775621771812439,5.67131805419922,5.66575336456299,-0.798328340053558,0.73975670337677
-1.13565361499786,-0.820719063282013,5.62327909469604,5.64800453186035,-0.814831674098969,0.711310982704163
-1.09646928310394,-0.865816354751587,5.57190942764282,5.63025522232056,-0.83103209733963,0.682865262031555
-1.05408263206482,-0.910913705825806,5.51609373092651,5.61250638961792,-0.847068190574646,0.654419481754303
-1.00793838500977,-0.95601099729538,5.45471525192261,5.59475660324097,-0.863078474998474,0.625973761081696
-0.957481384277344,-1.00110828876495,5.38665962219238,5.57700777053833,-0.879201650619507,0.597528040409088
-0.902397751808167,-1.02602100372314,5.31096506118774,5.54285955429077,-0.89550244808197,0.560092985630035
-0.843345999717712,-1.05093383789063,5.22729682922363,5.50871229171753,-0.911749005317688,0.522657930850983
-0.781226873397827,-1.07584655284882,5.13547468185425,5.47456407546997,-0.927635550498962,0.485222935676575
-0.716940999031067,-1.10075926780701,5.03531837463379,5.44041633605957,-0.94285637140274,0.447787880897522
-0.651389062404633,-1.12567210197449,4.92664813995361,5.40626811981201,-0.957105576992035,0.410352826118469
-0.585471749305725,-1.15058481693268,4.80928421020508,5.37212085723877,-0.970077395439148,0.372917771339417
-0.520089745521545,-1.17549753189087,4.68304634094238,5.33797264099121,-0.981466114521027,0.335482746362686
-0.456143796443939,-1.20041036605835,4.54775476455688,5.30382442474365,-0.990965902805328,0.298047691583633
-0.394534587860107,-1.22532308101654,4.40322971343994,5.26967716217041,-0.998270928859711,0.260612666606903
-0.336163282394409,-1.25023579597473,4.24929189682007,5.23552894592285,-1.00307548046112,0.22317761182785
-0.281767964363098,-1.25690007209778,4.08607006072998,5.18369436264038,-1.00517284870148,0.186674252152443
-0.231442332267761,-1.26356446743011,3.91493988037109,5.13185977935791,-1.00475239753723,0.150170907378197
-0.185117989778519,-1.27022862434387,3.73758625984192,5.0800256729126,-1.0021026134491,0.113667547702789
-0.142726540565491,-1.27689290046692,3.55569386482239,5.02819108963013,-0.99751216173172,0.0771642029285431
-0.104199573397636,-1.28355717658997,3.37094831466675,4.97635650634766,-0.99126935005188,0.0406608432531357
-0.0694687068462372,-1.29022145271301,3.18503427505493,4.92452144622803,-0.983662664890289,0.00415748357772827
-0.0384655296802521,-1.29688572883606,2.99963712692261,4.87268733978271,-0.974980711936951,-0.0323458611965179
-0.0111216902732849,-1.30355000495911,2.81644153594971,4.82085275650024,-0.965511977672577,-0.0688492208719254
0.0126312673091888,-1.31021428108215,2.63713264465332,4.76901817321777,-0.955544888973236,-0.105352565646172
0.0328615084290504,-1.3168785572052,2.46339750289917,4.7171835899353,-0.945368051528931,-0.141855925321579
0.0497758910059929,-1.31264841556549,2.29683780670166,4.65825748443604,-0.935162723064423,-0.167240276932716
0.0641326755285263,-1.30841851234436,2.13874220848083,4.59933137893677,-0.924682319164276,-0.192624628543854
0.0768283903598785,-1.30418825149536,1.99031782150269,4.54040479660034,-0.91357296705246,-0.21800896525383
0.0887595564126968,-1.29995822906494,1.8527717590332,4.48147916793823,-0.901480913162231,-0.243393316864967
0.100822672247887,-1.29572808742523,1.72731137275696,4.42255258560181,-0.888052344322205,-0.268777668476105
0.113914288580418,-1.29149794578552,1.61514377593994,4.36362648010254,-0.872933447360992,-0.294162005186081
0.128930926322937,-1.2872679233551,1.51747608184814,4.30469989776611,-0.855770528316498,-0.319546341896057
0.14676907658577,-1.28303790092468,1.43551540374756,4.245774269104,-0.836209654808044,-0.344930708408356
0.168325275182724,-1.27880775928497,1.37046909332275,4.18684768676758,-0.81389719247818,-0.370315045118332
0.194497466087341,-1.27457761764526,1.32354235649109,4.12792158126831,-0.788477838039398,-0.395699381828308
0.225761756300926,-1.2618008852005,1.29582488536835,4.06961250305176,-0.759746491909027,-0.410649985074997
0.260926485061646,-1.24902415275574,1.28791058063507,4.01130390167236,-0.728078663349152,-0.425600647926331
0.298381000757217,-1.23624730110168,1.30027377605438,3.95299482345581,-0.693997085094452,-0.440551221370697
0.336514592170715,-1.22347068786621,1.3333888053894,3.89468622207642,-0.658024489879608,-0.455501854419708
0.373716533184052,-1.21069383621216,1.38773024082184,3.83637714385986,-0.620683670043945,-0.470452457666397
0.408376216888428,-1.19791698455811,1.46377229690552,3.77806854248047,-0.582497239112854,-0.485403090715408
0.438882946968079,-1.18514037132263,1.56198966503143,3.71975946426392,-0.543988168239594,-0.500353693962097
0.463625997304916,-1.17236351966858,1.68285655975342,3.66145086288452,-0.505679130554199,-0.515304327011108
0.480994701385498,-1.15958690643311,1.82684731483459,3.60314178466797,-0.468092828989029,-0.530254900455475
0.489378333091736,-1.14681005477905,1.9944349527359,3.54483294487,-0.431752353906631,-0.545205533504486
0.48774266242981,-1.12946426868439,2.184818983078,3.51907730102539,-0.3970046043396,-0.559264242649078
0.477358132600784,-1.11211848258972,2.39208245277405,3.49332189559937,-0.363496571779251,-0.57332307100296
0.46007165312767,-1.09477281570435,2.60903263092041,3.46756649017334,-0.330699622631073,-0.587381780147552
0.437730014324188,-1.07742702960968,2.82847595214844,3.44181108474731,-0.29808521270752,-0.60144054889679
0.412180185317993,-1.06008124351501,3.04321908950806,3.41605520248413,-0.2651247382164,-0.615499317646027
0.385268896818161,-1.04273545742035,3.24606966972351,3.39029979705811,-0.231289625167847,-0.629558086395264
0.358843117952347,-1.02538967132568,3.42983388900757,3.36454439163208,-0.196051254868507,-0.643616795539856
0.334749639034271,-1.00804388523102,3.58731842041016,3.33878874778748,-0.158881068229675,-0.657675564289093
0.314835399389267,-0.990698218345642,3.71133089065552,3.31303310394287,-0.119250506162643,-0.67173433303833
0.300947278738022,-0.973352432250977,3.7946765422821,3.28727769851685,-0.0766313448548317,-0.685793101787567
0.294427156448364,-0.958063244819641,3.83273005485535,3.27904891967773,-0.0307256542146206,-0.703058421611786
0.294598340988159,-0.94277411699295,3.83112525939941,3.2708203792572,0.0178375914692879,-0.72032368183136
0.300279200077057,-0.92748498916626,3.7980625629425,3.26259160041809,0.0681983605027199,-0.737589001655579
0.310288190841675,-0.912195861339569,3.74174213409424,3.25436305999756,0.119496650993824,-0.754854321479797
0.323443621397018,-0.896906673908234,3.67036485671997,3.24613428115845,0.170872420072556,-0.772119641304016
0.338563978672028,-0.881617546081543,3.59213089942932,3.23790550231934,0.221465677022934,-0.789384961128235
0.354467630386353,-0.866328358650208,3.51524066925049,3.2296769618988,0.270416378974915,-0.806650280952454
0.369972914457321,-0.851039171218872,3.44789481163025,3.22144818305969,0.316864490509033,-0.823915600776672
0.383898317813873,-0.835750102996826,3.39829349517822,3.21321964263916,0.359950006008148,-0.841180860996246
0.395062148571014,-0.820460915565491,3.37463760375977,3.20499086380005,0.398812592029572,-0.858446180820465
0.402577996253967,-0.806440949440002,3.3826961517334,3.19905781745911,0.432805061340332,-0.870890200138092
0.406739294528961,-0.792420983314514,3.41851615905762,3.19312524795532,0.46212774515152,-0.883334219455719
0.408134639263153,-0.778401076793671,3.4757137298584,3.18719220161438,0.487193465232849,-0.895778238773346
0.407352596521378,-0.764381170272827,3.5479052066803,3.1812596321106,0.508415043354034,-0.908222317695618
0.404981732368469,-0.750361144542694,3.62870597839355,3.17532634735107,0.526205360889435,-0.920666217803955
0.401610612869263,-0.736341178417206,3.71173286437988,3.16939353942871,0.54097718000412,-0.933110237121582
0.397827833890915,-0.722321271896362,3.79060125350952,3.16346073150635,0.553143382072449,-0.945554256439209
0.394221931695938,-0.708301305770874,3.85892772674561,3.15752792358398,0.563116848468781,-0.957998275756836
0.391381531953812,-0.694281339645386,3.91032767295837,3.15159487724304,0.57131028175354,-0.970442295074463
0.389895141124725,-0.680261373519897,3.93841767311096,3.14566206932068,0.578136622905731,-0.98288631439209
0.390233516693115,-0.66761302947998,3.93869280815125,3.13999366760254,0.584004044532776,-0.98406982421875
0.392396181821823,-0.654964745044708,3.9141628742218,3.13432598114014,0.589301884174347,-0.9852534532547
0.396264791488647,-0.642316341400146,3.86971712112427,3.128657579422,0.594414949417114,-0.98643696308136
0.401720970869064,-0.629668056964874,3.81024408340454,3.12298941612244,0.599727988243103,-0.98762059211731
0.408646434545517,-0.617019653320313,3.74063324928284,3.1173210144043,0.605625748634338,-0.98880410194397
0.416922807693481,-0.604371309280396,3.66577339172363,3.11165285110474,0.612492978572845,-0.98998761177063
0.426431804895401,-0.591723024845123,3.59055376052856,3.10598468780518,0.620714426040649,-0.991171181201935
0.437055021524429,-0.579074680805206,3.51986312866211,3.10031652450562,0.630674779415131,-0.99235475063324
0.44867417216301,-0.566426336765289,3.45859050750732,3.09464836120605,0.642758905887604,-0.9935382604599
0.461170792579651,-0.553777992725372,3.41162514686584,3.08898019790649,0.657351315021515,-0.994721829891205
0.474379301071167,-0.541786015033722,3.38268399238586,3.08246159553528,0.674626588821411,-0.985905110836029
0.487943857908249,-0.529794096946716,3.37079882621765,3.07594323158264,0.693917155265808,-0.977088451385498
0.501461267471313,-0.517802119255066,3.37382984161377,3.06942462921143,0.714344918727875,-0.968271732330322
0.514528393745422,-0.50581020116806,3.38963723182678,3.06290626525879,0.735031962394714,-0.959455013275146
0.526741981506348,-0.49381822347641,3.41608095169067,3.05638766288757,0.755100250244141,-0.950638294219971
0.537698864936829,-0.481826275587082,3.45102095603943,3.04986906051636,0.773671865463257,-0.94182163476944
0.54699581861496,-0.469834327697754,3.49231743812561,3.04335069656372,0.789868712425232,-0.933004915714264
0.55422967672348,-0.457842379808426,3.53783059120178,3.0368320941925,0.802812933921814,-0.924188256263733
0.558997273445129,-0.445850431919098,3.58542037010193,3.03031349182129,0.811626493930817,-0.915371537208557
0.560895383358002,-0.43385848402977,3.63294911384583,3.02379512786865,0.815431416034698,-0.906554818153381
0.559644639492035,-0.423689961433411,3.67850017547607,3.02021765708923,0.813649237155914,-0.89326673746109
0.555462062358856,-0.413521468639374,3.72107672691345,3.01664066314697,0.806901812553406,-0.879978775978088
0.548688471317291,-0.403352946043015,3.75990676879883,3.01306319236755,0.796110510826111,-0.866690695285797
0.539664804935455,-0.393184423446655,3.79421901702881,3.00948619842529,0.782196819782257,-0.853402733802795
0.528731822967529,-0.383015930652618,3.8232421875,3.00590872764587,0.766082048416138,-0.840114593505859
0.516230404376984,-0.372847408056259,3.84620475769043,3.00233125686646,0.748687744140625,-0.826826572418213
0.502501428127289,-0.3626788854599,3.86233520507813,2.99875426292419,0.730935215950012,-0.813538551330566
0.487885773181915,-0.352510392665863,3.87086200714111,2.99517679214478,0.713745951652527,-0.80025053024292
0.472724258899689,-0.342341899871826,3.87101364135742,2.99159955978394,0.698041319847107,-0.786962449550629
0.457357883453369,-0.332173377275467,3.86201882362366,2.9880223274231,0.684742867946625,-0.773674428462982
0.442033171653748,-0.326122641563416,3.84352421760559,2.979656457901,0.674507796764374,-0.762498021125793
0.426620811223984,-0.320071876049042,3.81684851646423,2.97129058837891,0.666937649250031,-0.751321732997894
0.41089740395546,-0.31402114033699,3.7837290763855,2.96292495727539,0.661370038986206,-0.740145325660706
0.394639432430267,-0.307970404624939,3.7459032535553,2.9545590877533,0.657142341136932,-0.728968977928162
0.377623438835144,-0.301919639110565,3.70510792732239,2.9461932182312,0.653592169284821,-0.717792630195618
0.359625935554504,-0.295868933200836,3.6630802154541,2.93782758712769,0.650057017803192,-0.706616282463074
0.34042352437973,-0.289818167686462,3.62155723571777,2.92946147918701,0.645874321460724,-0.69543993473053
0.319792628288269,-0.283767431974411,3.58227634429932,2.9210958480835,0.640381574630737,-0.684263586997986
0.297509908676147,-0.277716666460037,3.54697442054749,2.9127299785614,0.632916390895844,-0.673087239265442
0.27335199713707,-0.271665930747986,3.51738905906677,2.90436410903931,0.622816264629364,-0.661910831928253
0.247208207845688,-0.271018862724304,3.49473333358765,2.89108085632324,0.60956335067749,-0.65596741437912
0.219421058893204,-0.270371824502945,3.47812843322754,2.87779760360718,0.593218863010406,-0.650024056434631
0.190445989370346,-0.269724786281586,3.46617126464844,2.86451435089111,0.573988914489746,-0.644080638885498
0.160738438367844,-0.269077718257904,3.45745944976807,2.85123109817505,0.552079439163208,-0.638137221336365
0.130753874778748,-0.268430650234222,3.45059037208557,2.83794784545898,0.527696490287781,-0.632193803787231
0.100947737693787,-0.267783612012863,3.44416093826294,2.82466459274292,0.501045942306519,-0.626250386238098
0.0717755109071732,-0.267136573791504,3.43676853179932,2.81138134002686,0.472333908081055,-0.620306968688965
0.0436926037073135,-0.266489505767822,3.42701053619385,2.79809784889221,0.441766321659088,-0.614363551139832
0.0171545445919037,-0.265842437744141,3.41348457336426,2.78481459617615,0.409549236297607,-0.608420133590698
-0.0073830634355545,-0.265195399522781,3.39478754997253,2.77153134346008,0.375888884067535,-0.60247677564621
-0.02961022593081,-0.268821150064468,3.36998152732849,2.75654029846191,0.34102600812912,-0.605280041694641
-0.0497962832450867,-0.272446930408478,3.33998680114746,2.7415497303009,0.30534353852272,-0.608083367347717
-0.0683558359742165,-0.276072680950165,3.30618834495544,2.72655892372131,0.269259452819824,-0.610886693000793
-0.08570346981287,-0.279698461294174,3.2699716091156,2.71156811714172,0.233191713690758,-0.61369001865387
-0.102253779768944,-0.283324182033539,3.23272156715393,2.69657707214355,0.19755831360817,-0.616493344306946
-0.118421390652657,-0.286949962377548,3.19582295417786,2.68158626556396,0.162777170538902,-0.619296669960022
-0.134620860219002,-0.290575712919235,3.16066122055054,2.66659545898438,0.129266276955605,-0.622099936008453
-0.151266828179359,-0.294201493263245,3.12862133979797,2.65160465240479,0.0974435806274414,-0.624903202056885
-0.168773829936981,-0.297827214002609,3.10108828544617,2.6366138458252,0.067727118730545,-0.627706587314606
-0.187556341290474,-0.301452994346619,3.0794472694397,2.62162303924561,0.040534995496273,-0.630509853363037
-0.207856982946396,-0.307773292064667,3.06454944610596,2.60655498504639,0.0160686671733856,-0.64205938577652
-0.229228794574738,-0.31409364938736,3.0551130771637,2.59148740768433,-0.00633400306105614,-0.653608918190002
-0.251052647829056,-0.320413947105408,3.04932188987732,2.57641959190369,-0.0275514721870422,-0.66515839099884
-0.272709459066391,-0.326734304428101,3.04536008834839,2.56135177612305,-0.0484621971845627,-0.676707983016968
-0.293580085039139,-0.333054602146149,3.04141235351563,2.54628419876099,-0.0699446126818657,-0.688257455825806
-0.313045471906662,-0.339374929666519,3.03566241264343,2.53121614456177,-0.0928772017359734,-0.699806928634644
-0.330486476421356,-0.34569525718689,3.02629470825195,2.51614856719971,-0.118138410151005,-0.711356461048126
-0.345284044742584,-0.352015614509583,3.01149320602417,2.50108075141907,-0.146606713533401,-0.722905993461609
-0.356819003820419,-0.358335912227631,2.98944234848022,2.48601293563843,-0.179160475730896,-0.734455466270447
-0.364472240209579,-0.364656239748001,2.95832633972168,2.47094511985779,-0.216677874326706,-0.746004998683929
-0.367913275957108,-0.373818844556808,2.91697978973389,2.45473599433899,-0.259714066982269,-0.762999176979065
-0.367965400218964,-0.382981479167938,2.86683964729309,2.43852710723877,-0.307527482509613,-0.7799933552742
-0.365740418434143,-0.392144083976746,2.80999374389648,2.42231798171997,-0.359052866697311,-0.796987533569336
-0.362350225448608,-0.401306688785553,2.74852967262268,2.40610885620117,-0.413224995136261,-0.813981711864471
-0.358906656503677,-0.41046929359436,2.68453502655029,2.38989973068237,-0.468978643417358,-0.830975890159607
-0.356521546840668,-0.41963192820549,2.62009763717651,2.37369084358215,-0.525248646736145,-0.847970008850098
-0.356306731700897,-0.428794533014297,2.55730485916138,2.35748171806335,-0.580969631671906,-0.864964187145233
-0.359374076128006,-0.437957167625427,2.49824452400208,2.34127259254456,-0.635076522827148,-0.881958365440369
-0.366835445165634,-0.447119772434235,2.44500422477722,2.32506370544434,-0.686503946781158,-0.898952543735504
-0.379803478717804,-0.456282377243042,2.39966940879822,2.30885457992554,-0.734189093112946,-0.91594672203064
-0.39891904592514,-0.469434946775436,2.36366701126099,2.29312491416931,-0.777299404144287,-0.93201732635498
-0.42294579744339,-0.482587546110153,2.33575367927551,2.27739524841309,-0.815959990024567,-0.948088049888611
-0.450177222490311,-0.495740115642548,2.31402325630188,2.26166558265686,-0.850530922412872,-0.964158654212952
-0.478906750679016,-0.508892714977264,2.29656982421875,2.24593591690063,-0.881372392177582,-0.980229318141937
-0.50742781162262,-0.522045254707336,2.28148698806763,2.23020625114441,-0.908844411373138,-0.996299922466278
-0.534033834934235,-0.535197854042053,2.26686859130859,2.21447658538818,-0.93330717086792,-1.01237058639526
-0.557018339633942,-0.548350393772125,2.25080847740173,2.19874691963196,-0.955120801925659,-1.0284411907196
-0.574674665927887,-0.561502993106842,2.23140025138855,2.18301725387573,-0.974645376205444,-1.04451179504395
-0.585296332836151,-0.574655532836914,2.20673799514771,2.16728758811951,-0.992241144180298,-1.06058239936829
-0.58717679977417,-0.587808132171631,2.17491579055786,2.15155792236328,-1.00826787948608,-1.07665312290192
-0.579127550125122,-0.60305792093277,2.13458967208862,2.13573694229126,-1.02311229705811,-1.08859670162201
-0.562032103538513,-0.618307769298553,2.08666729927063,2.11991596221924,-1.03726482391357,-1.10054039955139
-0.537291944026947,-0.633557558059692,2.03261923789978,2.10409498214722,-1.05124247074127,-1.11248409748077
-0.506308674812317,-0.648807406425476,1.9739156961441,2.08827424049377,-1.06556177139282,-1.12442779541016
-0.470483779907227,-0.664057195186615,1.9120272397995,2.07245326042175,-1.0807398557663,-1.13637137413025
-0.431218802928925,-0.679306983947754,1.84842419624329,2.05663228034973,-1.09729325771332,-1.14831507205963
-0.389915347099304,-0.694556772708893,1.78457701206207,2.04081130027771,-1.11573898792267,-1.16025876998901
-0.347974866628647,-0.709806680679321,1.72195589542389,2.02499032020569,-1.13659381866455,-1.17220234870911
-0.306799024343491,-0.72505646944046,1.66203141212463,2.00916957855225,-1.16037452220917,-1.1841459274292
-0.267789572477341,-0.740306258201599,1.60627424716949,1.99334847927094,-1.18759775161743,-1.19608962535858
-0.232021629810333,-0.755333662033081,1.55578207969666,1.97855842113495,-1.21850180625916,-1.21050429344177
-0.199268162250519,-0.770361125469208,1.51016664505005,1.96376836299896,-1.25220835208893,-1.22491908073425
-0.168976038694382,-0.785388469696045,1.46866774559021,1.94897818565369,-1.28756046295166,-1.23933398723602
-0.140592098236084,-0.800415992736816,1.43052470684052,1.93418836593628,-1.32340121269226,-1.25374865531921
-0.113563179969788,-0.815443396568298,1.39497721195221,1.91939806938171,-1.35857343673706,-1.26816344261169
-0.0873361378908157,-0.83047080039978,1.36126482486725,1.90460801124573,-1.39192020893097,-1.28257822990417
-0.0613578110933304,-0.845498204231262,1.32862710952759,1.88981795310974,-1.4222846031189,-1.29699301719666
-0.0350750386714935,-0.860525608062744,1.29630351066589,1.87502789497375,-1.44850957393646,-1.31140768527985
-0.00793468952178955,-0.875553071498871,1.26353371143341,1.86023783683777,-1.46943807601929,-1.32582247257233
0.0206161066889763,-0.890580475330353,1.22955751419067,1.84544777870178,-1.48391306400299,-1.34023725986481
0.0509548336267471,-0.908340275287628,1.19384503364563,1.83140671253204,-1.49116671085358,-1.35693669319153
0.0827531665563583,-0.926100075244904,1.15679144859314,1.81736588478088,-1.49198651313782,-1.37363624572754
0.115506827831268,-0.943859815597534,1.11902320384979,1.80332469940186,-1.48754870891571,-1.39033567905426
0.148711532354355,-0.96161961555481,1.08116602897644,1.78928375244141,-1.47902989387512,-1.40703523159027
0.181862980127335,-0.979379415512085,1.04384648799896,1.77524280548096,-1.46760666370392,-1.42373466491699
0.21445694565773,-0.997139155864716,1.0076904296875,1.76120185852051,-1.4544552564621,-1.44043397903442
0.245989084243774,-1.01489889621735,0.973324060440063,1.74716091156006,-1.44075226783752,-1.45713353157043
0.27595517039299,-1.03265881538391,0.941373467445374,1.73311972618103,-1.42767405509949,-1.47383308410645
0.30385085940361,-1.0504184961319,0.91246497631073,1.71907877922058,-1.41639721393585,-1.49053251743317
0.329171717166901,-1.06817829608917,0.887224733829498,1.70503783226013,-1.4080982208252,-1.50723195075989
0.351589679718018,-1.08634829521179,0.866005420684814,1.69332599639893,-1.40358316898346,-1.52204179763794
0.371479243040085,-1.10451829433441,0.848067939281464,1.68161427974701,-1.40217769145966,-1.53685188293457
0.389390915632248,-1.12268817424774,0.832399964332581,1.66990256309509,-1.40283727645874,-1.55166161060333
0.40587517619133,-1.14085817337036,0.817989110946655,1.65819096565247,-1.40451729297638,-1.56647157669067
0.421482563018799,-1.15902817249298,0.803823053836823,1.64647912979126,-1.40617311000824,-1.58128142356873
0.436763554811478,-1.1771981716156,0.788889348506927,1.63476729393005,-1.4067599773407,-1.59609138965607
0.452268719673157,-1.19536817073822,0.77217561006546,1.62305569648743,-1.40523338317871,-1.61090135574341
0.468548476696014,-1.21353805065155,0.7526695728302,1.61134386062622,-1.40054881572723,-1.62571120262146
0.486153423786163,-1.23170804977417,0.729358792304993,1.5996321439743,-1.39166152477264,-1.64052104949951
0.50563383102417,-1.24987804889679,0.701231181621552,1.5879203081131,-1.37752711772919,-1.65533101558685
0.527317345142365,-1.2584912776947,0.667651355266571,1.57716929912567,-1.35745525360107,-1.66545677185059
0.550638020038605,-1.2671046257019,0.629494488239288,1.56641840934753,-1.33217406272888,-1.67558288574219
0.574806869029999,-1.2757180929184,0.588013052940369,1.55566740036011,-1.30276608467102,-1.68570876121521
0.599034905433655,-1.28433132171631,0.544459521770477,1.54491639137268,-1.27031409740448,-1.69583463668823
0.622533142566681,-1.29294466972351,0.50008636713028,1.53416538238525,-1.23590064048767,-1.70596051216125
0.64451265335083,-1.30155801773071,0.456145942211151,1.52341437339783,-1.200608253479,-1.71608638763428
0.664184391498566,-1.31017136573792,0.413890779018402,1.51266360282898,-1.16551947593689,-1.7262122631073
0.680759310722351,-1.31878459453583,0.374573260545731,1.50191247463226,-1.13171696662903,-1.73633813858032
0.693448543548584,-1.32739794254303,0.339445918798447,1.49116146564484,-1.10028350353241,-1.74646401405334
0.701463282108307,-1.33601129055023,0.309759795665741,1.4804105758667,-1.07230007648468,-1.75658988952637
0.704337775707245,-1.33277606964111,0.28640004992485,1.47094345092773,-1.04857075214386,-1.76052784919739
0.702903509140015,-1.32954084873199,0.26876562833786,1.46147656440735,-1.02876913547516,-1.76446604728699
0.698315680027008,-1.32630562782288,0.255886822938919,1.45200955867767,-1.01228880882263,-1.76840424537659
0.691729307174683,-1.32307052612305,0.246793866157532,1.442542552948,-0.998522996902466,-1.7723423242569
0.684299528598785,-1.31983518600464,0.240517020225525,1.43307554721832,-0.986865520477295,-1.77628040313721
0.677181303501129,-1.31659996509552,0.236086547374725,1.42360854148865,-0.97670978307724,-1.78021836280823
0.671529829502106,-1.3133647441864,0.232532680034637,1.41414153575897,-0.967449307441711,-1.78415656089783
0.668500065803528,-1.31012952327728,0.228885680437088,1.4046745300293,-0.95847761631012,-1.78809452056885
0.669247210025787,-1.30689430236816,0.224175810813904,1.39520752429962,-0.94918829202652,-1.79203271865845
0.674926161766052,-1.30365908145905,0.217433393001556,1.38574051856995,-0.938974916934967,-1.79597079753876
0.686330139636993,-1.2897754907608,0.207986503839493,1.375563621521,-0.927376329898834,-1.79585075378418
0.702804148197174,-1.27589213848114,0.196355119347572,1.36538672447205,-0.914513468742371,-1.79573094844818
0.723331212997437,-1.26200866699219,0.183357149362564,1.3552098274231,-0.900652885437012,-1.7956109046936
0.746894478797913,-1.24812519550323,0.169810429215431,1.34503304958344,-0.886060893535614,-1.7954910993576
0.77247679233551,-1.23424160480499,0.156532853841782,1.33485615253448,-0.871003985404968,-1.79537117481232
0.799061417579651,-1.22035813331604,0.144342288374901,1.32467937469482,-0.855748534202576,-1.79525113105774
0.825631201267242,-1.20647466182709,0.134056612849236,1.31450235843658,-0.840560972690582,-1.79513120651245
0.851169347763062,-1.19259107112885,0.126493707299232,1.30432558059692,-0.825707733631134,-1.79501140117645
0.874658703804016,-1.17870759963989,0.122471444308758,1.29414868354797,-0.811455190181732,-1.79489147663116
0.895082354545593,-1.16482412815094,0.122807674109936,1.28397178649902,-0.798069894313812,-1.79477155208588
0.911657094955444,-1.14091145992279,0.12804114818573,1.27465844154358,-0.785778760910034,-1.7923127412796
0.924533069133759,-1.11699903011322,0.137594193220139,1.26534521579742,-0.774651944637299,-1.78985404968262
0.934094071388245,-1.09308648109436,0.150610014796257,1.25603199005127,-0.764720320701599,-1.78739535808563
0.940724015235901,-1.0691739320755,0.1662318110466,1.24671876430511,-0.756014704704285,-1.78493666648865
0.944806694984436,-1.04526138305664,0.183602765202522,1.23740541934967,-0.748565852642059,-1.78247785568237
0.946725904941559,-1.02134883403778,0.201866060495377,1.22809219360352,-0.742404580116272,-1.78001928329468
0.946865499019623,-0.997436285018921,0.220164939761162,1.21877884864807,-0.737561702728271,-1.7775604724884
0.945609271526337,-0.973523736000061,0.237642556428909,1.20946550369263,-0.734067976474762,-1.77510178089142
0.943341135978699,-0.949611186981201,0.253442078828812,1.20015239715576,-0.731954336166382,-1.77264297008514
0.940444827079773,-0.925698637962341,0.266706675291061,1.19083905220032,-0.73125147819519,-1.77018427848816
0.937259435653687,-0.898416757583618,0.276851058006287,1.18173015117645,-0.731894135475159,-1.76781046390533
0.933945119380951,-0.871134877204895,0.284374892711639,1.1726211309433,-0.733432531356812,-1.76543700695038
0.930617213249207,-0.843852996826172,0.290049314498901,1.16351222991943,-0.735320806503296,-1.76306319236755
0.927391111850739,-0.816571176052094,0.294645458459854,1.15440320968628,-0.737013101577759,-1.7606897354126
0.924382269382477,-0.789289236068726,0.298934400081635,1.14529418945313,-0.737963497638702,-1.75831580162048
0.921705901622772,-0.762007355690002,0.303687334060669,1.13618516921997,-0.737626194953918,-1.75594210624695
0.919477581977844,-0.734725534915924,0.309675306081772,1.12707626819611,-0.735455274581909,-1.7535685300827
0.917812526226044,-0.707443654537201,0.317669481039047,1.11796724796295,-0.730904817581177,-1.75119483470917
0.916826188564301,-0.680161774158478,0.328440964221954,1.1088582277298,-0.723429024219513,-1.74882102012634
0.9166339635849,-0.652879893779755,0.34276071190834,1.09974932670593,-0.712482154369354,-1.7464474439621
0.917282283306122,-0.628528594970703,0.36117023229599,1.09243738651276,-0.697811186313629,-1.74144971370697
0.918542087078094,-0.604177355766296,0.383290976285934,1.08512556552887,-0.680335760116577,-1.73645222187042
0.920115411281586,-0.579826056957245,0.408514618873596,1.07781362533569,-0.661268591880798,-1.7314544916153
0.921704173088074,-0.555474758148193,0.436232805252075,1.07050180435181,-0.641822457313538,-1.72645688056946
0.923010408878326,-0.531123518943787,0.465837240219116,1.06318986415863,-0.623209893703461,-1.72145915031433
0.923736214637756,-0.506772220134735,0.496719598770142,1.05587792396545,-0.606643676757813,-1.71646153926849
0.923583447933197,-0.482420921325684,0.528271555900574,1.04856610298157,-0.593336462974548,-1.71146392822266
0.922254264354706,-0.458069622516632,0.55988472700119,1.04125416278839,-0.584500908851624,-1.70646619796753
0.919450581073761,-0.433718383312225,0.590950846672058,1.0339423418045,-0.581349730491638,-1.70146870613098
0.91487443447113,-0.409367084503174,0.620861291885376,1.02663040161133,-0.585095584392548,-1.69647097587585
0.908325791358948,-0.390847265720367,0.649124979972839,1.02142703533173,-0.596563994884491,-1.68914067745209
0.899996638298035,-0.372327476739883,0.675716400146484,1.01622366905212,-0.615031957626343,-1.68181049823761
0.890176773071289,-0.353807687759399,0.700727224349976,1.01102018356323,-0.639389157295227,-1.67448019981384
0.879156291484833,-0.335287868976593,0.724248826503754,1.00581681728363,-0.668525516986847,-1.66715002059937
0.867224931716919,-0.316768050193787,0.746372818946838,1.00061345100403,-0.701330661773682,-1.6598197221756
0.854672729969025,-0.29824823141098,0.76719069480896,0.995410084724426,-0.736694514751434,-1.65248942375183
0.841789484024048,-0.279728472232819,0.786793947219849,0.990206658840179,-0.773506820201874,-1.64515924453735
0.828865230083466,-0.261208653450012,0.805274128913879,0.985003292560577,-0.810657322406769,-1.63782894611359
0.816189885139465,-0.242688864469528,0.822722673416138,0.979799866676331,-0.847035765647888,-1.63049864768982
0.804053366184235,-0.224169045686722,0.839231073856354,0.974596500396729,-0.881531774997711,-1.62316846847534
0.792694687843323,-0.211872428655624,0.854941189289093,0.971325159072876,-0.913292706012726,-1.62067973613739
0.782149970531464,-0.199575796723366,0.870194733142853,0.968053877353668,-0.942493200302124,-1.61819100379944
0.772404670715332,-0.187279179692268,0.885383725166321,0.964782476425171,-0.969565212726593,-1.61570239067078
0.763443946838379,-0.174982562661171,0.90090012550354,0.961511254310608,-0.994940757751465,-1.61321365833282
0.755253255367279,-0.162685930728912,0.917136013507843,0.958239853382111,-1.01905179023743,-1.61072492599487
0.747817873954773,-0.150389313697815,0.934483289718628,0.954968512058258,-1.04233026504517,-1.60823631286621
0.741123199462891,-0.138092696666718,0.953333973884583,0.951697170734406,-1.0652083158493,-1.60574746131897
0.735154390335083,-0.125796064734459,0.97408002614975,0.948425889015198,-1.08811771869659,-1.60325884819031
0.72989696264267,-0.113499447703362,0.997113466262817,0.945154547691345,-1.11149048805237,-1.60077011585236
0.725336134433746,-0.101202823221684,1.02282607555389,0.941883206367493,-1.13575839996338,-1.5982813835144
0.721377074718475,-0.0946098566055298,1.05138027667999,0.94059807062149,-1.16126012802124,-1.6043154001236
0.717604398727417,-0.0880169123411179,1.08201742172241,0.939312934875488,-1.18795835971832,-1.61034965515137
0.713522613048553,-0.0814239457249641,1.11374962329865,0.938027739524841,-1.2157222032547,-1.61638367176056
0.708636045455933,-0.0748309940099716,1.14558839797974,0.936742663383484,-1.24442088603973,-1.62241780757904
0.702449321746826,-0.0682380348443985,1.17654550075531,0.935457468032837,-1.27392339706421,-1.62845182418823
0.694466769695282,-0.0616450719535351,1.20563268661499,0.934172332286835,-1.30409908294678,-1.63448596000671
0.684192836284637,-0.0550521165132523,1.23186182975769,0.932887196540833,-1.33481693267822,-1.64051997661591
0.671132028102875,-0.0484591573476791,1.25424468517303,0.931602001190186,-1.36594617366791,-1.64655411243439
0.654788851737976,-0.041866198182106,1.27179276943207,0.930316865444183,-1.39735591411591,-1.65258812904358
0.634667813777924,-0.0352732390165329,1.2835179567337,0.929031729698181,-1.42891502380371,-1.65862226486206
0.610493242740631,-0.0351616740226746,1.28880620002747,0.927689373493195,-1.46050727367401,-1.67357647418976
0.582870483398438,-0.0350501127541065,1.28853893280029,0.926347136497498,-1.49207186698914,-1.68853092193604
0.552624821662903,-0.0349385477602482,1.28397190570831,0.925004839897156,-1.52356207370758,-1.70348501205444
0.520581603050232,-0.0348269864916801,1.27636063098907,0.923662543296814,-1.55493175983429,-1.71843934059143
0.487566232681274,-0.0347154214978218,1.26696074008942,0.922320187091827,-1.58613407611847,-1.73339366912842
0.454403936862946,-0.0346038565039635,1.25702798366547,0.920977890491486,-1.61712265014648,-1.74834799766541
0.42192006111145,-0.0344922952353954,1.24781799316406,0.919635593891144,-1.6478511095047,-1.7633022069931
0.390939921140671,-0.0343807302415371,1.24058640003204,0.918293237686157,-1.67827272415161,-1.7782564163208
0.362288951873779,-0.0342691689729691,1.23658871650696,0.916950941085815,-1.70834100246429,-1.79321074485779
0.336792558431625,-0.0341576039791107,1.23708069324493,0.915608644485474,-1.73800933361053,-1.80816495418549
0.315026670694351,-0.0409509427845478,1.24291825294495,0.914365589618683,-1.76723849773407,-1.83050584793091
0.296571850776672,-0.0477442853152752,1.25335919857025,0.913122594356537,-1.79601621627808,-1.85284698009491
0.280759453773499,-0.0545376278460026,1.26726138591766,0.911879599094391,-1.8243373632431,-1.87518787384033
0.266920864582062,-0.0613309666514397,1.28348290920258,0.910636603832245,-1.85219669342041,-1.89752888679504
0.254387319087982,-0.0681243091821671,1.30088186264038,0.909393548965454,-1.87958896160126,-1.91986989974976
0.242490261793137,-0.0749176517128944,1.31831622123718,0.908150494098663,-1.90650916099548,-1.94221091270447
0.23056098818779,-0.0817109942436218,1.33464395999908,0.906907558441162,-1.93295192718506,-1.96455192565918
0.217930853366852,-0.0885043293237686,1.34872317314148,0.905664443969727,-1.95891225337982,-1.98689270019531
0.203931212425232,-0.095297671854496,1.35941183567047,0.904421508312225,-1.98438477516174,-2.00923371315002
0.187891453504562,-0.102091014385223,1.36556839942932,0.903178453445435,-2.00936722755432,-2.03157472610474
0.169355645775795,-0.114652007818222,1.36635208129883,0.900830686092377,-2.03386187553406,-2.05765724182129
0.148699522018433,-0.127213016152382,1.36213505268097,0.898482859134674,-2.05793213844299,-2.08373975753784
0.126509666442871,-0.139774024486542,1.35359108448029,0.896135091781616,-2.08165168762207,-2.10982227325439
0.103372640907764,-0.15233501791954,1.34139394760132,0.893787264823914,-2.10509371757507,-2.13590478897095
0.0798750817775726,-0.164896011352539,1.32621777057648,0.891439497470856,-2.12833213806152,-2.16198706626892
0.0566035509109497,-0.17745703458786,1.30873608589172,0.889091730117798,-2.15144062042236,-2.18806934356689
0.0341446250677109,-0.190018028020859,1.28962302207947,0.886743903160095,-2.17449235916138,-2.21415209770203
0.0130849182605743,-0.202579021453857,1.26955211162567,0.884396135807037,-2.19756126403809,-2.240234375
-0.00598898530006409,-0.215140014886856,1.24919748306274,0.882048308849335,-2.22072076797485,-2.26631689071655
-0.0224903896450996,-0.227701023221016,1.22923302650452,0.879700541496277,-2.24404430389404,-2.29239940643311
-0.0360274761915207,-0.244356065988541,1.21011745929718,0.875972509384155,-2.26762771606445,-2.31956076622009
-0.0469859875738621,-0.261011123657227,1.191450715065,0.872244536876678,-2.29165363311768,-2.34672212600708
-0.0559463053941727,-0.277666181325912,1.17261791229248,0.868516445159912,-2.316326379776,-2.37388372421265
-0.0634888261556625,-0.294321238994598,1.15300416946411,0.86478853225708,-2.34185075759888,-2.40104508399963
-0.0701939165592194,-0.310976266860962,1.1319944858551,0.861060440540314,-2.36843109130859,-2.42820644378662
-0.0766420066356659,-0.327631324529648,1.10897397994995,0.857332408428192,-2.3962721824646,-2.45536780357361
-0.0834134519100189,-0.344286382198334,1.08332765102386,0.853604376316071,-2.42557835578918,-2.4825291633606
-0.0910886600613594,-0.36094143986702,1.05444061756134,0.849876403808594,-2.45655417442322,-2.50969076156616
-0.100247994065285,-0.377596467733383,1.02169787883759,0.846148371696472,-2.48940443992615,-2.53685212135315
-0.111471742391586,-0.394251525402069,0.984484791755676,0.842420339584351,-2.52433300018311,-2.56401348114014
-0.125103622674942,-0.412081062793732,0.942459464073181,0.835850477218628,-2.56146335601807,-2.59244728088379
-0.140539437532425,-0.429910600185394,0.896375417709351,0.829280614852905,-2.60058975219727,-2.62088108062744
-0.156938254833221,-0.447740137577057,0.84725946187973,0.822710692882538,-2.64142441749573,-2.64931464195251
-0.173459112644196,-0.465569674968719,0.796138405799866,0.816140830516815,-2.68368029594421,-2.67774844169617
-0.189261019229889,-0.483399212360382,0.744039118289948,0.809570908546448,-2.72706985473633,-2.70618200302124
-0.203503012657166,-0.501228749752045,0.691988408565521,0.803001046180725,-2.77130556106567,-2.73461580276489
-0.215344160795212,-0.519058287143707,0.641013145446777,0.796431183815002,-2.81610012054443,-2.76304960250854
-0.223943486809731,-0.53688782453537,0.592140018939972,0.78986132144928,-2.86116576194763,-2.79148316383362
-0.228460013866425,-0.554717302322388,0.546396017074585,0.783291399478912,-2.90621542930603,-2.81991720199585
-0.228052839636803,-0.572546899318695,0.504808306694031,0.77672153711319,-2.95096111297607,-2.84835076332092
-0.222244367003441,-0.588914155960083,0.468161702156067,0.767806231975555,-2.99512410163879,-2.87857818603516
-0.212010592222214,-0.605281472206116,0.436277449131012,0.758890986442566,-3.0384566783905,-2.90880537033081
-0.198690921068192,-0.621648788452148,0.40873521566391,0.749975681304932,-3.08071947097778,-2.93903279304504
-0.183624774217606,-0.638016104698181,0.385114669799805,0.741060435771942,-3.12167263031006,-2.96926021575928
-0.168151527643204,-0.654383420944214,0.364995419979095,0.732145071029663,-3.16107678413391,-2.99948740005493
-0.153610616922379,-0.670750737190247,0.347957134246826,0.723229765892029,-3.19869232177734,-3.02971482276917
-0.141341418027878,-0.687117993831635,0.333579421043396,0.714314520359039,-3.23428010940552,-3.05994200706482
-0.132683366537094,-0.703485250473022,0.321442008018494,0.70539927482605,-3.26760053634644,-3.09016942977905
-0.128975868225098,-0.719852566719055,0.311124444007874,0.696483969688416,-3.2984139919281,-3.12039661407471
-0.13155822455883,-0.736219882965088,0.302206575870514,0.687568664550781,-3.32648086547852,-3.15062403678894
-0.141332134604454,-0.749849081039429,0.294253498315811,0.677696168422699,-3.35170269012451,-3.18036723136902
-0.157448068261147,-0.76347827911377,0.286773502826691,0.667823672294617,-3.37454295158386,-3.21011066436768
-0.178618669509888,-0.77710747718811,0.279260545969009,0.657951176166534,-3.39560604095459,-3.23985409736633
-0.203556656837463,-0.790736675262451,0.271208465099335,0.648078680038452,-3.41549611091614,-3.26959753036499
-0.230974674224854,-0.804365873336792,0.262111216783524,0.638206124305725,-3.43481755256653,-3.29934072494507
-0.259585380554199,-0.817995071411133,0.251462638378143,0.628333687782288,-3.45417475700378,-3.3290843963623
-0.288101524114609,-0.831624209880829,0.238756686449051,0.618461132049561,-3.47417187690735,-3.35882759094238
-0.315235674381256,-0.84525340795517,0.223487228155136,0.608588635921478,-3.49541354179382,-3.38857102394104
-0.33970057964325,-0.85888260602951,0.205148190259933,0.598716139793396,-3.51850366592407,-3.41831421852112
-0.360208749771118,-0.872511804103851,0.183233678340912,0.588843643665314,-3.54404664039612,-3.44805765151978
-0.375838696956635,-0.884407997131348,0.157450392842293,0.57789158821106,-3.57243776321411,-3.47517466545105
-0.387130171060562,-0.896304130554199,0.128358408808708,0.56693959236145,-3.60323476791382,-3.50229239463806
-0.394988596439362,-0.908200263977051,0.0967308431863785,0.555987536907196,-3.63578605651855,-3.52940940856934
-0.400319486856461,-0.920096516609192,0.0633407756686211,0.545035481452942,-3.66944003105164,-3.55652713775635
-0.404028207063675,-0.931992650032043,0.0289613157510757,0.534083485603333,-3.70354509353638,-3.58364415168762
-0.407020211219788,-0.943888783454895,-0.00563447177410126,0.523131370544434,-3.73744988441467,-3.61076164245605
-0.410200983285904,-0.955784976482391,-0.0396734327077866,0.512179374694824,-3.77050280570984,-3.63787889480591
-0.41447588801384,-0.967681169509888,-0.0723825097084045,0.50122731924057,-3.80205225944519,-3.66499590873718
-0.420750379562378,-0.979577302932739,-0.102988570928574,0.490275323390961,-3.83144664764404,-3.69211339950562
-0.429929852485657,-0.991473495960236,-0.1307183355093,0.479323267936707,-3.85803461074829,-3.71923065185547
-0.442646861076355,-0.999878883361816,-0.154980480670929,0.467851787805557,-3.88137125968933,-3.74497127532959
-0.458441823720932,-1.00828433036804,-0.175908118486404,0.456380307674408,-3.90183711051941,-3.77071213722229
-0.476582229137421,-1.01668977737427,-0.193815886974335,0.444908797740936,-3.92001938819885,-3.79645299911499
-0.496335595846176,-1.02509522438049,-0.20901845395565,0.433437317609787,-3.93650531768799,-3.82219386100769
-0.516969323158264,-1.03350067138672,-0.221830472350121,0.421965837478638,-3.95188236236572,-3.84793448448181
-0.537751019001007,-1.04190611839294,-0.232566595077515,0.410494327545166,-3.96673774719238,-3.87367510795593
-0.557948052883148,-1.05031144618988,-0.241541475057602,0.399022847414017,-3.98165845870972,-3.89941596984863
-0.576828002929688,-1.05871689319611,-0.249069795012474,0.387551367282867,-3.99723172187805,-3.92515659332275
-0.593658208847046,-1.06712234020233,-0.255466163158417,0.376079857349396,-4.01404523849487,-3.95089769363403
-0.607706248760223,-1.07552778720856,-0.26104524731636,0.364608377218246,-4.03268527984619,-3.97663831710815
-0.618522465229034,-1.08128416538239,-0.266044437885284,0.353401929140091,-4.05356311798096,-3.99994850158691
-0.626788020133972,-1.0870406627655,-0.270391762256622,0.34219554066658,-4.07638072967529,-4.02325868606567
-0.633466720581055,-1.09279704093933,-0.273937910795212,0.330989092588425,-4.10066270828247,-4.04656934738159
-0.639522612094879,-1.09855341911316,-0.276533633470535,0.319782674312592,-4.12593460083008,-4.06987953186035
-0.645919561386108,-1.10430979728699,-0.278029680252075,0.308576226234436,-4.15172147750854,-4.09318971633911
-0.65362161397934,-1.11006617546082,-0.278276741504669,0.297369807958603,-4.17754888534546,-4.11649990081787
-0.663592636585236,-1.11582255363464,-0.277125597000122,0.28616338968277,-4.20294141769409,-4.13981056213379
-0.676796555519104,-1.12157905101776,-0.274426937103271,0.274956971406937,-4.22742462158203,-4.16312026977539
-0.694197297096252,-1.1273353099823,-0.270031481981277,0.263750553131104,-4.25052356719971,-4.18643093109131
-0.716758668422699,-1.13309180736542,-0.26379007101059,0.252544105052948,-4.27176332473755,-4.20974111557007
-0.745107114315033,-1.14036452770233,-0.25564232468605,0.242275714874268,-4.29079103469849,-4.23081016540527
-0.778517365455627,-1.14763736724854,-0.245884299278259,0.232007324695587,-4.30773973464966,-4.25187969207764
-0.815926432609558,-1.15491020679474,-0.234900966286659,0.221738919615746,-4.32286548614502,-4.27294921875
-0.856271386146545,-1.16218304634094,-0.223077371716499,0.211470544338226,-4.33642387390137,-4.29401874542236
-0.898489356040955,-1.16945576667786,-0.210798501968384,0.201202139258385,-4.34866952896118,-4.31508827209473
-0.941517233848572,-1.17672848701477,-0.1984493881464,0.190933749079704,-4.35985803604126,-4.33615732192993
-0.984292268753052,-1.18400132656097,-0.186415031552315,0.180665343999863,-4.37024545669556,-4.35722684860229
-1.02575135231018,-1.19127416610718,-0.175080448389053,0.170396953821182,-4.38008642196655,-4.37829637527466
-1.06483161449432,-1.19854688644409,-0.164830654859543,0.160128563642502,-4.38963651657104,-4.39936542510986
-1.10046982765198,-1.2058197259903,-0.156050741672516,0.149860173463821,-4.39915132522583,-4.42043495178223
-1.13190901279449,-1.22006022930145,-0.148981764912605,0.139746382832527,-4.40884828567505,-4.43816471099854
-1.15961277484894,-1.2343008518219,-0.143289938569069,0.129632592201233,-4.41879224777222,-4.45589447021484
-1.18435025215149,-1.24854135513306,-0.138497591018677,0.119518809020519,-4.42901134490967,-4.47362422943115
-1.2068909406662,-1.26278185844421,-0.134127050638199,0.109405025839806,-4.43953227996826,-4.49135398864746
-1.22800385951996,-1.27702236175537,-0.129700690507889,0.0992912352085114,-4.45038223266602,-4.50908374786377
-1.24845838546753,-1.29126298427582,-0.124740816652775,0.0891774445772171,-4.46158933639526,-4.52681350708008
-1.26902365684509,-1.30550348758698,-0.118769764900208,0.0790636539459229,-4.47317981719971,-4.54454278945923
-1.2904691696167,-1.31974411010742,-0.111309893429279,0.0689498633146286,-4.48518180847168,-4.56227254867554
-1.31356394290924,-1.33398461341858,-0.10188353061676,0.0588360801339149,-4.4976224899292,-4.58000230789185
-1.3390771150589,-1.34822511672974,-0.0900131240487099,0.0487222895026207,-4.51052904129028,-4.59773206710815
-1.36753666400909,-1.36988306045532,-0.0753770619630814,0.0382562130689621,-4.52391481399536,-4.61219835281372
-1.39850282669067,-1.39154088497162,-0.0582790672779083,0.0277901366353035,-4.53773641586304,-4.62666511535645
-1.43129444122314,-1.41319870948792,-0.0391790270805359,0.0173240583389997,-4.55193710327148,-4.64113140106201
-1.46523010730743,-1.4348566532135,-0.0185368284583092,0.0068579837679863,-4.56645917892456,-4.65559768676758
-1.49962890148163,-1.45651435852051,0.00318765640258789,-0.00360809452831745,-4.58124542236328,-4.67006397247314
-1.53380930423737,-1.47817230224609,0.0255345329642296,-0.0140741746872663,-4.59623908996582,-4.68453073501587
-1.56709027290344,-1.49983012676239,0.048043929040432,-0.0245402492582798,-4.61138248443604,-4.69899702072144
-1.59879040718079,-1.52148795127869,0.0702559277415276,-0.0350063256919384,-4.6266188621521,-4.71346378326416
-1.62822866439819,-1.54314589500427,0.091710664331913,-0.045472402125597,-4.64189004898071,-4.72793006896973
-1.6547235250473,-1.56480371952057,0.111948095262051,-0.0559384785592556,-4.65713977813721,-4.74239635467529
-1.67784428596497,-1.59210729598999,0.130603179335594,-0.0671599432826042,-4.67230272293091,-4.75442790985107
-1.69815993309021,-1.61941087245941,0.147688329219818,-0.0783814117312431,-4.68728113174438,-4.76646041870117
-1.71648991107941,-1.64671444892883,0.163310617208481,-0.089602880179882,-4.70197057723999,-4.77849197387695
-1.73365330696106,-1.67401814460754,0.177577137947083,-0.10082434117794,-4.71626567840576,-4.79052448272705
-1.75046956539154,-1.70132160186768,0.190594971179962,-0.112045809626579,-4.73006200790405,-4.80255603790283
-1.76775801181793,-1.72862529754639,0.20247121155262,-0.123267278075218,-4.74325370788574,-4.81458806991577
-1.78633785247803,-1.75592887401581,0.213312938809395,-0.134488731622696,-4.75573587417603,-4.82662010192871
-1.80702865123749,-1.78323245048523,0.223227232694626,-0.145710200071335,-4.7674036026001,-4.83865213394165
-1.83064937591553,-1.81053602695465,0.232321187853813,-0.156931668519974,-4.77815198898315,-4.85068368911743
-1.85802280902863,-1.83783960342407,0.240702778100967,-0.168153136968613,-4.78787708282471,-4.86271572113037
-1.88965117931366,-1.86794185638428,0.248557776212692,-0.181152313947678,-4.79652976989746,-4.87265205383301
-1.92480146884918,-1.89804422855377,0.256396919488907,-0.194151490926743,-4.80429935455322,-4.88258934020996
-1.96242654323578,-1.92814636230469,0.264810472726822,-0.207150667905807,-4.81143188476563,-4.8925256729126
-2.0014796257019,-1.95824885368347,0.274388760328293,-0.220149844884872,-4.81817388534546,-4.90246248245239
-2.04091358184814,-1.98835098743439,0.28572204709053,-0.233149021863937,-4.82477140426636,-4.91239929199219
-2.07968139648438,-2.0184531211853,0.29940065741539,-0.246148198843002,-4.83147144317627,-4.92233610153198
-2.11673617362976,-2.04855537414551,0.316014885902405,-0.259147375822067,-4.83852005004883,-4.93227291107178
-2.15103101730347,-2.07865786552429,0.336154997348785,-0.272146552801132,-4.84616327285767,-4.94220924377441
-2.18151879310608,-2.1087601184845,0.360411286354065,-0.285145699977875,-4.85464811325073,-4.95214653015137
-2.20715236663818,-2.1388623714447,0.389373779296875,-0.298144906759262,-4.8642201423645,-4.962082862854
-2.22730588912964,-2.17062854766846,0.423300474882126,-0.306337475776672,-4.87502527236938,-4.96991300582886
-2.24303436279297,-2.20239472389221,0.461117178201675,-0.314530074596405,-4.88680553436279,-4.97774267196655
-2.25581431388855,-2.23416090011597,0.50141716003418,-0.322722643613815,-4.89920091629028,-4.98557281494141
-2.26712155342102,-2.26592707633972,0.542793691158295,-0.330915212631226,-4.91185331344604,-4.9934024810791
-2.27843236923218,-2.29769325256348,0.583839952945709,-0.339107781648636,-4.92440271377563,-5.0012321472168
-2.29122281074524,-2.32945919036865,0.623149275779724,-0.347300350666046,-4.93649053573608,-5.00906229019165
-2.30696868896484,-2.36122536659241,0.659314870834351,-0.355492919683456,-4.94775772094727,-5.0168924331665
-2.32714653015137,-2.39299154281616,0.690930008888245,-0.363685488700867,-4.95784473419189,-5.0247220993042
-2.35323214530945,-2.42475771903992,0.716587841510773,-0.371878087520599,-4.96639251708984,-5.03255176544189
-2.38670134544373,-2.45652389526367,0.734881639480591,-0.38007065653801,-4.97304201126099,-5.04038190841675
-2.42855334281921,-2.48939061164856,0.7448690533638,-0.379132390022278,-4.97763681411743,-5.04750537872314
-2.47787666320801,-2.52225756645203,0.747463583946228,-0.378194153308868,-4.98083066940308,-5.0546293258667
-2.53328227996826,-2.55512428283691,0.744043171405792,-0.377255856990814,-4.98347949981689,-5.06175327301025
-2.59338140487671,-2.58799123764038,0.735985636711121,-0.376317620277405,-4.98644065856934,-5.06887722015381
-2.65678477287292,-2.62085771560669,0.724668920040131,-0.375379353761673,-4.99057006835938,-5.07600021362305
-2.7221040725708,-2.65372467041016,0.711470901966095,-0.374441087245941,-4.99672412872314,-5.0831241607666
-2.78794980049133,-2.68659138679504,0.697769343852997,-0.373502850532532,-5.00575923919678,-5.09024810791016
-2.85293364524841,-2.71945810317993,0.684942185878754,-0.3725645840168,-5.01853227615356,-5.09737157821655
-2.9156665802002,-2.7523250579834,0.674367308616638,-0.371626317501068,-5.03589868545532,-5.10449552536011
-2.9747588634491,-2.78519177436829,0.667422592639923,-0.370688050985336,-5.0587158203125,-5.1116189956665
-3.02917528152466,-2.82313132286072,0.665135264396667,-0.365142941474915,-5.08750009536743,-5.11851406097412
-3.0792875289917,-2.86107087135315,0.667130470275879,-0.359597861766815,-5.12141084671021,-5.12540864944458
-3.12581968307495,-2.89901041984558,0.672682642936707,-0.354052782058716,-5.15926694869995,-5.13230323791504
-3.16949653625488,-2.93694996833801,0.681066453456879,-0.348507702350616,-5.1998872756958,-5.13919830322266
-3.2110424041748,-2.97488927841187,0.691556334495544,-0.342962563037872,-5.24209117889404,-5.14609241485596
-3.25118184089661,-3.0128288269043,0.703426837921143,-0.337417483329773,-5.28469848632813,-5.15298748016357
-3.2906391620636,-3.05076837539673,0.715952396392822,-0.331872403621674,-5.32652759552002,-5.15988206863403
-3.33013868331909,-3.08870792388916,0.728407621383667,-0.326327294111252,-5.36639833450317,-5.16677665710449
-3.37040519714355,-3.12664747238159,0.740067064762115,-0.320782214403152,-5.40312957763672,-5.17367172241211
-3.41216254234314,-3.16458702087402,0.750205039978027,-0.315237104892731,-5.43554067611694,-5.18056631088257
-3.45593333244324,-3.20432138442993,0.758196711540222,-0.309396356344223,-5.46286725997925,-5.19055843353271
-3.5014283657074,-3.24405574798584,0.763818502426147,-0.303555607795715,-5.48601007461548,-5.20055103302002
-3.54815649986267,-3.28379011154175,0.766947269439697,-0.297714829444885,-5.50628614425659,-5.21054363250732
-3.59562611579895,-3.32352471351624,0.767459750175476,-0.2918741106987,-5.5250129699707,-5.22053623199463
-3.64334607124329,-3.36325883865356,0.765232980251312,-0.28603333234787,-5.54350709915161,-5.23052787780762
-3.69082498550415,-3.40299320220947,0.760143756866455,-0.28019255399704,-5.56308603286743,-5.24052047729492
-3.73757147789001,-3.44272780418396,0.752068936824799,-0.274351835250854,-5.58506679534912,-5.25051307678223
-3.78309416770935,-3.48246216773987,0.740885376930237,-0.268511056900024,-5.61076688766479,-5.26050519943237
-3.82690167427063,-3.52219653129578,0.726469993591309,-0.262670338153839,-5.64150285720825,-5.27049779891968
-3.86850237846375,-3.56193089485168,0.708699822425842,-0.256829559803009,-5.67859172821045,-5.28048992156982
-3.9075710773468,-3.60101842880249,0.687563121318817,-0.255109876394272,-5.72288990020752,-5.29118013381958
-3.94444298744202,-3.6401059627533,0.663495898246765,-0.253390163183212,-5.77340507507324,-5.30187034606934
-3.97961950302124,-3.6791934967041,0.637045502662659,-0.251670479774475,-5.82868528366089,-5.31256008148193
-4.01360177993774,-3.71828079223633,0.608759582042694,-0.249950796365738,-5.8872766494751,-5.32325077056885
-4.04689121246338,-3.75736808776855,0.579185605049133,-0.24823109805584,-5.94772720336914,-5.33394050598145
-4.07998895645142,-3.79645562171936,0.548871040344238,-0.246511399745941,-6.00858306884766,-5.34463024139404
-4.11339569091797,-3.83554315567017,0.518363475799561,-0.244791716337204,-6.06839179992676,-5.35532093048096
-4.14761352539063,-3.87463068962097,0.488210380077362,-0.243072018027306,-6.12570095062256,-5.36601114273071
-4.1831431388855,-3.91371822357178,0.458959341049194,-0.241352319717407,-6.1790566444397,-5.37670087814331
-4.2204852104187,-3.952805519104,0.431158006191254,-0.23963263630867,-6.22700595855713,-5.38739109039307
-4.25995302200317,-3.98888897895813,0.405213296413422,-0.244925945997238,-6.2684531211853,-5.39916133880615
-4.30110311508179,-4.02497291564941,0.380972325801849,-0.250219255685806,-6.30372333526611,-5.4109320640564
-4.34330272674561,-4.06105613708496,0.358141779899597,-0.255512595176697,-6.33350038528442,-5.42270231246948
-4.38592052459717,-4.09713983535767,0.336428374052048,-0.260805904865265,-6.35846567153931,-5.43447256088257
-4.42832279205322,-4.13322353363037,0.315538793802261,-0.266099214553833,-6.37930202484131,-5.44624280929565
-4.46987867355347,-4.16930723190308,0.295179724693298,-0.271392524242401,-6.39669227600098,-5.4580135345459
-4.50995540618896,-4.20539093017578,0.275057941675186,-0.276685833930969,-6.41131830215454,-5.46978378295898
-4.5479211807251,-4.24147415161133,0.25488007068634,-0.28197917342186,-6.42386341094971,-5.48155403137207
-4.58314275741577,-4.27755784988403,0.234352856874466,-0.287272483110428,-6.43500947952271,-5.49332427978516
-4.61498832702637,-4.31364154815674,0.21318319439888,-0.292565792798996,-6.44543933868408,-5.50509452819824
-4.64303159713745,-4.34594345092773,0.191095426678658,-0.304458469152451,-6.45567607879639,-5.51483964920044
-4.66766500473022,-4.37824535369873,0.167886644601822,-0.316351175308228,-6.46560430526733,-5.52458524703979
-4.68948841094971,-4.41054773330688,0.143371820449829,-0.328243851661682,-6.47495079040527,-5.53433036804199
-4.70909976959229,-4.44285011291504,0.11736586689949,-0.340136557817459,-6.48344135284424,-5.54407596588135
-4.72709798812866,-4.47515201568604,0.0896837785840034,-0.352029263973236,-6.4908013343811,-5.55382108688354
-4.74408149719238,-4.50745391845703,0.0601404309272766,-0.363921940326691,-6.49675750732422,-5.56356620788574
-4.76064968109131,-4.53975582122803,0.0285508334636688,-0.375814646482468,-6.5010347366333,-5.5733118057251
-4.77740144729614,-4.57205772399902,-0.00527010858058929,-0.387707322835922,-6.50335931777954,-5.58305692672729
-4.79493427276611,-4.60435962677002,-0.0415073931217194,-0.399599999189377,-6.50345754623413,-5.59280204772949
-4.81384801864624,-4.63666200637817,-0.0803457945585251,-0.411492705345154,-6.50105476379395,-5.60254764556885
-4.83453130722046,-4.66260099411011,-0.121797017753124,-0.429417133331299,-6.49599599838257,-5.60909223556519
-4.85653209686279,-4.6885404586792,-0.165175780653954,-0.447341561317444,-6.48860025405884,-5.61563682556152
-4.87918949127197,-4.71447944641113,-0.209623113274574,-0.465266019105911,-6.47930574417114,-5.62218189239502
-4.90184164047241,-4.74041891098022,-0.254280060529709,-0.483190447092056,-6.46855115890503,-5.62872648239136
-4.92382717132568,-4.76635837554932,-0.298287689685822,-0.501114845275879,-6.45677375793457,-5.6352710723877
-4.94448471069336,-4.79229736328125,-0.340787053108215,-0.519039332866669,-6.44441175460815,-5.64181613922119
-4.96315336227417,-4.81823635101318,-0.380919098854065,-0.536963760852814,-6.43190383911133,-5.64836025238037
-4.97917032241821,-4.84417581558228,-0.417825043201447,-0.554888188838959,-6.41968774795532,-5.65490531921387
-4.99187517166138,-4.87011528015137,-0.450645685195923,-0.572812557220459,-6.40820169448853,-5.66144990921021
-5.00060606002808,-4.8960542678833,-0.478522121906281,-0.590737044811249,-6.39788341522217,-5.66799449920654
-5.00497627258301,-4.91573762893677,-0.500887393951416,-0.613682150840759,-6.38907337188721,-5.67071390151978
-5.00569725036621,-4.93542098999023,-0.518340587615967,-0.636627316474915,-6.3817195892334,-5.67343330383301
-5.00375509262085,-4.9551043510437,-0.53177273273468,-0.65957248210907,-6.37567281723022,-5.67615270614624
-5.00013589859009,-4.97478771209717,-0.542074739933014,-0.682517647743225,-6.37078332901001,-5.67887210845947
-4.99582576751709,-4.99447107315063,-0.55013769865036,-0.70546281337738,-6.36690044403076,-5.68159151077271
-4.99181079864502,-5.0141544342041,-0.556852579116821,-0.728407979011536,-6.36387586593628,-5.68431091308594
-4.9890775680542,-5.03383779525757,-0.563110291957855,-0.751353085041046,-6.36155843734741,-5.68703031539917
-4.98861122131348,-5.05352115631104,-0.569801926612854,-0.774298191070557,-6.35979986190796,-5.6897497177124
-4.99139833450317,-5.0732045173645,-0.57781845331192,-0.797243416309357,-6.35844945907593,-5.69246912002563
-4.99842548370361,-5.09288787841797,-0.588050723075867,-0.820188522338867,-6.3573579788208,-5.69518852233887
-5.01031255722046,-5.09323263168335,-0.601133346557617,-0.844253182411194,-6.35630702972412,-5.67376661300659
-5.02621841430664,-5.09357738494873,-0.616674363613129,-0.868317902088165,-6.35480642318726,-5.65234518051147
-5.04493522644043,-5.09392213821411,-0.634025275707245,-0.892382621765137,-6.35229587554932,-5.6309232711792
-5.06525659561157,-5.09426689147949,-0.652537524700165,-0.916447281837463,-6.34821605682373,-5.60950183868408
-5.08597469329834,-5.09461116790771,-0.671562671661377,-0.94051194190979,-6.34200859069824,-5.58808040618896
-5.10588264465332,-5.0949559211731,-0.690452218055725,-0.964576601982117,-6.33311319351196,-5.56665849685669
-5.12377309799194,-5.09530067443848,-0.708557724952698,-0.988641321659088,-6.32097148895264,-5.54523658752441
-5.13843870162964,-5.09564542770386,-0.725230634212494,-1.01270592212677,-6.30502319335938,-5.5238151550293
-5.14867258071899,-5.09599018096924,-0.739822447299957,-1.03677070140839,-6.28470945358276,-5.50239372253418
-5.15326738357544,-5.09633493423462,-0.751684606075287,-1.06083536148071,-6.25947093963623,-5.4809718132019
-5.15142774581909,-5.10238790512085,-0.760382831096649,-1.08263385295868,-6.22895479202271,-5.4733419418335
-5.14400434494019,-5.10844135284424,-0.766338467597961,-1.10443234443665,-6.19363641738892,-5.46571207046509
-5.1322603225708,-5.11449432373047,-0.770186960697174,-1.1262309551239,-6.15419626235962,-5.45808172225952
-5.11745834350586,-5.1205472946167,-0.772563755512238,-1.14802944660187,-6.11131620407104,-5.45045185089111
-5.10086107254028,-5.12660026550293,-0.774104356765747,-1.16982793807983,-6.06567764282227,-5.44282197952271
-5.08373165130615,-5.13265371322632,-0.775444149971008,-1.19162631034851,-6.01796197891235,-5.4351921081543
-5.06733179092407,-5.13870668411255,-0.777218639850616,-1.21342492103577,-5.96885013580322,-5.42756175994873
-5.05292558670044,-5.14476013183594,-0.780063211917877,-1.23522341251373,-5.91902446746826,-5.41993188858032
-5.04177474975586,-5.15081310272217,-0.784613430500031,-1.25702178478241,-5.86916589736938,-5.41230201721191
-5.03514242172241,-5.1568660736084,-0.791504561901093,-1.27882039546967,-5.81995582580566,-5.40467214584351
-5.0339093208313,-5.15226078033447,-0.801197826862335,-1.29287910461426,-5.77193737030029,-5.39263916015625
-5.03742933273315,-5.14765501022339,-0.813456296920776,-1.30693805217743,-5.72510242462158,-5.38060617446899
-5.04467391967773,-5.1430492401123,-0.8278688788414,-1.32099676132202,-5.6793041229248,-5.36857318878174
-5.05461406707764,-5.13844394683838,-0.844024300575256,-1.3350555896759,-5.63439655303955,-5.35654067993164
-5.06622219085693,-5.13383769989014,-0.86151134967804,-1.34911441802979,-5.59023284912109,-5.34450721740723
-5.07846975326538,-5.12923240661621,-0.879918873310089,-1.36317324638367,-5.54666709899902,-5.33247470855713
-5.09032821655273,-5.12462663650513,-0.89883553981781,-1.37723195552826,-5.50355243682861,-5.32044172286987
-5.10076904296875,-5.12002086639404,-0.917850255966187,-1.39129066467285,-5.46074247360229,-5.30840873718262
-5.10876417160034,-5.11541557312012,-0.936551690101624,-1.40534949302673,-5.4180908203125,-5.29637575149536
-5.11328554153442,-5.11080980300903,-0.954530656337738,-1.41940832138062,-5.37544631958008,-5.28434276580811
-5.11363744735718,-5.11214733123779,-0.971454203128815,-1.43017971515656,-5.33273601531982,-5.26207304000854
-5.11046409606934,-5.11348533630371,-0.987324595451355,-1.4409511089325,-5.2901291847229,-5.23980331420898
-5.10474157333374,-5.11482286453247,-1.00222444534302,-1.45172262191772,-5.24786329269409,-5.21753406524658
-5.09744739532471,-5.11616086959839,-1.01623618602753,-1.46249413490295,-5.20617723464966,-5.19526481628418
-5.08955907821655,-5.11749839782715,-1.02944242954254,-1.4732654094696,-5.16530847549438,-5.17299461364746
-5.08205270767212,-5.11883592605591,-1.04192578792572,-1.48403680324554,-5.12549495697021,-5.1507248878479
-5.07590579986572,-5.12017393112183,-1.05376875400543,-1.49480819702148,-5.08697509765625,-5.1284556388855
-5.07209587097168,-5.12151145935059,-1.06505393981934,-1.50557971000671,-5.04998636245728,-5.10618591308594
-5.07159852981567,-5.1228494644165,-1.0758638381958,-1.51635098457336,-5.01476716995239,-5.08391618728638
-5.07539224624634,-5.12418699264526,-1.08628082275391,-1.52712249755859,-4.9815559387207,-5.06164646148682
-5.0840859413147,-5.1304178237915,-1.09638726711273,-1.53958702087402,-4.95047473907471,-5.0474967956543
-5.09681940078735,-5.13664865493774,-1.10626292228699,-1.55205178260803,-4.92118835449219,-5.03334760665894
-5.11236572265625,-5.14287948608398,-1.11598718166351,-1.56451642513275,-4.89324522018433,-5.01919746398926
-5.12949752807617,-5.14911079406738,-1.12563943862915,-1.57698106765747,-4.86619520187378,-5.0050482749939
-5.1469874382019,-5.15534114837646,-1.13529932498932,-1.58944571018219,-4.83958673477173,-4.99089813232422
-5.16360807418823,-5.16157245635986,-1.14504599571228,-1.60191035270691,-4.81296968460083,-4.9767484664917
-5.17813158035278,-5.1678032875061,-1.15495884418488,-1.61437499523163,-4.78589248657227,-4.96259927749634
-5.1893310546875,-5.17403411865234,-1.16511750221252,-1.62683963775635,-4.75790452957153,-4.94844961166382
-5.19597911834717,-5.18026494979858,-1.17560124397278,-1.63930416107178,-4.72855520248413,-4.93429946899414
-5.19684839248657,-5.18649578094482,-1.18648934364319,-1.65176892280579,-4.6973934173584,-4.92015027999878
-5.19114065170288,-5.18658685684204,-1.19786334037781,-1.66679811477661,-4.66414213180542,-4.90308713912964
-5.17977285385132,-5.18667840957642,-1.20981192588806,-1.68182754516602,-4.62921953201294,-4.88602447509766
-5.16409301757813,-5.18676948547363,-1.22242569923401,-1.69685685634613,-4.59321880340576,-4.86896133422852
-5.14544725418091,-5.18686103820801,-1.23579514026642,-1.71188616752625,-4.55673170089722,-4.85189867019653
-5.12518215179443,-5.18695211410522,-1.25001108646393,-1.72691547870636,-4.52035093307495,-4.83483600616455
-5.10464477539063,-5.18704319000244,-1.26516401767731,-1.74194478988647,-4.48466873168945,-4.81777286529541
-5.08518218994141,-5.18713474273682,-1.2813446521759,-1.75697410106659,-4.45027780532837,-4.80070972442627
-5.06814050674438,-5.18722581863403,-1.29864346981049,-1.7720034122467,-4.41777038574219,-4.78364706039429
-5.05486726760864,-5.18731689453125,-1.3171511888504,-1.78703260421753,-4.38773918151855,-4.7665843963623
-5.04670858383179,-5.18740844726563,-1.33695828914642,-1.80206203460693,-4.36077642440796,-4.74952125549316
-5.04457139968872,-5.18326139450073,-1.35804915428162,-1.82052195072174,-4.33731126785278,-4.72909259796143
-5.0476016998291,-5.17911529541016,-1.37998175621033,-1.83898210525513,-4.31712007522583,-4.70866394042969
-5.05450487136841,-5.17496871948242,-1.40220773220062,-1.85744202136993,-4.2998161315918,-4.68823528289795
-5.06398773193359,-5.17082214355469,-1.42417860031128,-1.87590217590332,-4.2850136756897,-4.66780662536621
-5.07475566864014,-5.16667556762695,-1.44534611701965,-1.89436197280884,-4.27232503890991,-4.64737749099731
-5.08551406860352,-5.16252899169922,-1.46516168117523,-1.91282200813293,-4.2613639831543,-4.62694883346558
-5.09496927261353,-5.15838193893433,-1.48307704925537,-1.93128204345703,-4.25174379348755,-4.60651969909668
-5.10182666778564,-5.15423583984375,-1.49854373931885,-1.94974195957184,-4.24307775497437,-4.58609104156494
-5.10479307174683,-5.15008878707886,-1.51101326942444,-1.96820211410522,-4.23497915267944,-4.5656623840332
-5.10257339477539,-5.14594221115112,-1.5199373960495,-1.98666203022003,-4.22706174850464,-4.54523372650146
-5.09430122375488,-5.13930940628052,-1.52503252029419,-2.00904512405396,-4.21883344650269,-4.52064800262451
-5.08081769943237,-5.13267755508423,-1.52707433700562,-2.03142833709717,-4.2093825340271,-4.49606275558472
-5.06339263916016,-5.12604427337646,-1.52710318565369,-2.05381155014038,-4.19769191741943,-4.47147703170776
-5.04329395294189,-5.11941242218018,-1.5261595249176,-2.07619476318359,-4.1827449798584,-4.44689178466797
-5.02179145812988,-5.11277961730957,-1.52528393268585,-2.09857797622681,-4.16352462768555,-4.42230606079102
-5.0001540184021,-5.10614681243896,-1.52551674842834,-2.12096118927002,-4.13901376724243,-4.39772033691406
-4.97965002059937,-5.09951400756836,-1.52789855003357,-2.14334440231323,-4.10819578170776,-4.37313461303711
-4.96154880523682,-5.09288215637207,-1.53346967697144,-2.16572737693787,-4.0700535774231,-4.34854936599731
-4.94711923599243,-5.08624935150146,-1.54327058792114,-2.18811058998108,-4.02357053756714,-4.32396364212036
-4.93763017654419,-5.07961654663086,-1.5583416223526,-2.21049380302429,-3.9677300453186,-4.29937791824341
-4.93394565582275,-5.07087850570679,-1.57936668395996,-2.23697376251221,-3.90187621116638,-4.26924514770508
-4.93531084060669,-5.06214046478271,-1.60560154914856,-2.2634539604187,-3.82680225372314,-4.23911190032959
-4.94056510925293,-5.05340242385864,-1.63594532012939,-2.2899341583252,-3.74366331100464,-4.2089786529541
-4.94854879379272,-5.04466438293457,-1.66929709911346,-2.31641435623169,-3.65361380577087,-4.17884635925293
-4.95810127258301,-5.03592586517334,-1.70455598831177,-2.3428943157196,-3.5578088760376,-4.14871311187744
-4.96806240081787,-5.02718830108643,-1.7406210899353,-2.36937427520752,-3.4574031829834,-4.11857986450195
-4.97727298736572,-5.0184497833252,-1.77639150619507,-2.39585447311401,-3.35355138778687,-4.08844709396362
-4.98457193374634,-5.00971174240112,-1.81076645851135,-2.42233467102051,-3.24740839004517,-4.05831432342529
-4.98879909515381,-5.00097370147705,-1.84264469146729,-2.448814868927,-3.14012956619263,-4.02818155288696
-4.98879528045654,-4.99223566055298,-1.87092542648315,-2.47529482841492,-3.03286981582642,-3.99804830551147
-4.98373937606812,-4.98117399215698,-1.89479422569275,-2.50542306900024,-2.92659997940063,-3.96063923835754
-4.97417211532593,-4.97011280059814,-1.91458022594452,-2.53555154800415,-2.82156324386597,-3.92323040962219
-4.96097230911255,-4.95905113220215,-1.93089926242828,-2.56567978858948,-2.71781873703003,-3.88582134246826
-4.94502019882202,-4.94798946380615,-1.94436681270599,-2.5958080291748,-2.61542677879333,-3.84841251373291
-4.92719507217407,-4.93692779541016,-1.95559847354889,-2.62593650817871,-2.5144464969635,-3.8110032081604
-4.90837717056274,-4.92586612701416,-1.9652099609375,-2.65606474876404,-2.41493773460388,-3.77359437942505
-4.88944578170776,-4.91480493545532,-1.97381675243378,-2.68619298934937,-2.31695985794067,-3.73618531227112
-4.87128114700317,-4.90374326705933,-1.98203468322754,-2.71632146835327,-2.22057271003723,-3.69877648353577
-4.85476303100586,-4.89268207550049,-1.99047911167145,-2.7464497089386,-2.12583613395691,-3.66136717796326
-4.84077072143555,-4.88162040710449,-1.99976575374603,-2.77657794952393,-2.03281021118164,-3.62395834922791
-4.82997131347656,-4.86775398254395,-2.01034832000732,-2.80898237228394,-1.94163799285889,-3.57625818252563
-4.82218170166016,-4.8538875579834,-2.02203249931335,-2.84138703346252,-1.85280478000641,-3.52855825424194
-4.81700563430786,-4.84002113342285,-2.03446197509766,-2.87379145622253,-1.76688003540039,-3.48085808753967
-4.81404733657837,-4.8261547088623,-2.04728055000305,-2.90619587898254,-1.6844334602356,-3.4331579208374
-4.81291007995605,-4.81228828430176,-2.06013202667236,-2.93860030174255,-1.60603439807892,-3.38545775413513
-4.81319856643677,-4.79842233657837,-2.07266020774841,-2.97100472450256,-1.53225231170654,-3.33775758743286
-4.81451654434204,-4.78455543518066,-2.08450889587402,-3.00340938568115,-1.46365678310394,-3.29005742073059
-4.81646823883057,-4.77068948745728,-2.09532141685486,-3.03581357002258,-1.40081715583801,-3.24235725402832
-4.81865692138672,-4.75682306289673,-2.1047420501709,-3.06821823120117,-1.34430313110352,-3.19465732574463
-4.82068681716919,-4.74295663833618,-2.11241412162781,-3.10062265396118,-1.29468441009521,-3.14695715904236
-4.82220602035522,-4.72581624984741,-2.11824321746826,-3.13325762748718,-1.25223708152771,-3.08661508560181
-4.82303905487061,-4.70867586135864,-2.1231803894043,-3.16589283943176,-1.21606767177582,-3.02627301216125
-4.82305335998535,-4.69153499603271,-2.12843799591064,-3.19852781295776,-1.18499004840851,-2.9659309387207
-4.82211780548096,-4.6743950843811,-2.13522863388062,-3.23116302490234,-1.15781760215759,-2.90558910369873
-4.82009983062744,-4.65725421905518,-2.14476490020752,-3.26379799842834,-1.13336420059204,-2.8452467918396
-4.81686878204346,-4.64011383056641,-2.15825939178467,-3.29643297195435,-1.11044311523438,-2.78490471839905
-4.81229162216187,-4.62297344207764,-2.17692446708679,-3.32906794548035,-1.08786821365356,-2.7245626449585
-4.80623769760132,-4.60583305358887,-2.20197296142578,-3.36170339584351,-1.06445300579071,-2.66422057151794
-4.79857444763184,-4.5886926651001,-2.23461723327637,-3.39433836936951,-1.0390111207962,-2.60387849807739
-4.78917026519775,-4.57155227661133,-2.27606964111328,-3.42697334289551,-1.01035642623901,-2.54353642463684
-4.77797174453735,-4.55060005187988,-2.32699537277222,-3.45782518386841,-0.977526962757111,-2.47515511512756
-4.76523923873901,-4.52964735031128,-2.38586831092834,-3.48867726325989,-0.940461158752441,-2.40677404403687
-4.75131177902222,-4.50869512557983,-2.45061421394348,-3.51952886581421,-0.899322271347046,-2.33839273452759
-4.73652744293213,-4.48774290084839,-2.5191593170166,-3.55038070678711,-0.854273438453674,-2.27001166343689
-4.72122573852539,-4.46679019927979,-2.5894296169281,-3.58123254776001,-0.805477797985077,-2.20163011550903
-4.70574426651001,-4.44583797454834,-2.65935134887695,-3.61208462715149,-0.753098487854004,-2.13324880599976
-4.69042301177979,-4.42488574981689,-2.72685050964355,-3.64293622970581,-0.697298765182495,-2.06486773490906
-4.67560005187988,-4.40393304824829,-2.7898530960083,-3.67378807067871,-0.638241767883301,-1.99648642539978
-4.66161394119263,-4.38298082351685,-2.84628534317017,-3.70464015007019,-0.576090574264526,-1.92810535430908
-4.6488037109375,-4.3620285987854,-2.89407300949097,-3.73549199104309,-0.511009156703949,-1.8597240447998
-4.63740968704224,-4.33608436584473,-2.93186736106873,-3.76314806938171,-0.443261504173279,-1.796746134758
-4.62728071212769,-4.31013965606689,-2.96121644973755,-3.79080390930176,-0.373522639274597,-1.73376834392548
-4.61816692352295,-4.28419589996338,-2.98439335823059,-3.81845998764038,-0.302569091320038,-1.67079043388367
-4.60981798171997,-4.25825119018555,-3.00367140769958,-3.846116065979,-0.23117733001709,-1.60781264305115
-4.60198450088501,-4.23230695724487,-3.02132320404053,-3.87377214431763,-0.160124003887177,-1.54483473300934
-4.59441661834717,-4.2063627243042,-3.03962206840515,-3.90142798423767,-0.0901855826377869,-1.48185682296753
-4.58686494827271,-4.18041849136353,-3.06084108352661,-3.92908406257629,-0.0221386253833771,-1.41887903213501
-4.57907915115356,-4.15447378158569,-3.08725333213806,-3.95673990249634,0.0432403087615967,-1.3559011220932
-4.57080984115601,-4.12852954864502,-3.1211314201355,-3.98439598083496,0.105174601078033,-1.29292333126068
-4.56180715560913,-4.10258531570435,-3.16474843025208,-4.01205205917358,0.162887394428253,-1.22994542121887
-4.55189990997314,-4.06999778747559,-3.21960115432739,-4.03581523895264,0.215778112411499,-1.18616139888763
-4.54122972488403,-4.03740978240967,-3.28407788276672,-4.05957889556885,0.263945043087006,-1.1423773765564
-4.53001832962036,-4.00482225418091,-3.35579013824463,-4.08334255218506,0.307662010192871,-1.09859323501587
-4.51848554611206,-3.97223472595215,-3.43235015869141,-4.10710573196411,0.347202867269516,-1.05480921268463
-4.5068531036377,-3.93964672088623,-3.51136922836304,-4.13086891174316,0.382841408252716,-1.01102519035339
-4.4953408241272,-3.90705919265747,-3.59045958518982,-4.15463256835938,0.414851546287537,-0.967241168022156
-4.48416948318481,-3.87447142601013,-3.66723251342773,-4.17839622497559,0.443507105112076,-0.923457086086273
-4.47356033325195,-3.84188389778137,-3.7393000125885,-4.20215940475464,0.469081878662109,-0.879673063755035
-4.46373414993286,-3.80929589271545,-3.80427384376526,-4.22592258453369,0.491849660873413,-0.835888981819153
-4.45491027832031,-3.77670836448669,-3.85977101325989,-4.2496862411499,0.512086510658264,-0.792104959487915
-4.44713115692139,-3.7371768951416,-3.90413975715637,-4.26942729949951,0.530101954936981,-0.770226299762726
-4.43971586227417,-3.69764614105225,-3.93874073028564,-4.28916835784912,0.546373188495636,-0.748347759246826
-4.43180227279663,-3.65811491012573,-3.96567702293396,-4.30890893936157,0.561415076255798,-0.726469099521637
-4.42253017425537,-3.61858367919922,-3.98705124855042,-4.32864999771118,0.575742661952972,-0.704590559005737
-4.41103839874268,-3.57905244827271,-4.00496625900269,-4.34839057922363,0.589870929718018,-0.682711899280548
-4.39646625518799,-3.53952121734619,-4.02152538299561,-4.36813163757324,0.604314804077148,-0.660833239555359
-4.37795257568359,-3.49998998641968,-4.03883028030396,-4.38787269592285,0.61958920955658,-0.638954639434814
-4.35463666915894,-3.46045875549316,-4.05898523330688,-4.40761375427246,0.636209189891815,-0.61707603931427
-4.3256573677063,-3.42092776298523,-4.08409214019775,-4.42735433578491,0.65468966960907,-0.595197439193726
-4.29015398025513,-3.38139653205872,-4.11625385284424,-4.44709539413452,0.675545394420624,-0.573318839073181
-4.24760103225708,-3.33829879760742,-4.15693616867065,-4.4630560874939,0.699167609214783,-0.550078570842743
-4.19881772994995,-3.29520106315613,-4.20505332946777,-4.47901725769043,0.725450277328491,-0.526838362216949
-4.14495897293091,-3.25210332870483,-4.25888299942017,-4.4949779510498,0.754163503646851,-0.503598093986511
-4.08717918395996,-3.20900559425354,-4.31670236587524,-4.51093912124634,0.785077333450317,-0.480357885360718
-4.02663373947144,-3.16590785980225,-4.37678909301758,-4.52689981460571,0.817961871623993,-0.45711761713028
-3.96447730064392,-3.12281012535095,-4.43741989135742,-4.54286050796509,0.852587103843689,-0.433877348899841
-3.90186452865601,-3.07971239089966,-4.49687194824219,-4.55882167816162,0.888723075389862,-0.410637140274048
-3.83995032310486,-3.03661465644836,-4.5534234046936,-4.574782371521,0.926139950752258,-0.38739687204361
-3.77988958358765,-2.99351692199707,-4.60535049438477,-4.59074354171753,0.9646075963974,-0.364156633615494
-3.7228376865387,-2.95041918754578,-4.65093088150024,-4.6067042350769,1.0038959980011,-0.340916395187378
-3.66964936256409,-2.90952110290527,-4.68893146514893,-4.61933183670044,1.04405677318573,-0.271629929542542
-3.61998510360718,-2.86862349510193,-4.72007274627686,-4.63195943832397,1.08626461029053,-0.202343508601189
-3.57320594787598,-2.82772541046143,-4.74556636810303,-4.64458656311035,1.13197565078735,-0.133057057857513
-3.52867293357849,-2.78682780265808,-4.76662158966064,-4.65721416473389,1.18264615535736,-0.0637706220149994
-3.48574733734131,-2.74592971801758,-4.78444957733154,-4.66984176635742,1.23973202705383,0.00551582872867584
-3.4437894821167,-2.70503187179565,-4.80026054382324,-4.68246936798096,1.30468964576721,0.0748022943735123
-3.40216112136841,-2.66413402557373,-4.81526470184326,-4.69509696960449,1.37897479534149,0.144088715314865
-3.36022281646729,-2.62323617935181,-4.83067321777344,-4.70772409439087,1.46404385566711,0.213375180959702
-3.31733560562134,-2.58233833312988,-4.84769630432129,-4.7203516960144,1.56135272979736,0.282661586999893
-3.27286124229431,-2.54144048690796,-4.86754369735718,-4.73297929763794,1.67235672473907,0.35194805264473
-3.22640705108643,-2.50616049766541,-4.89105701446533,-4.74273204803467,1.79775702953339,0.457957744598389
-3.17857122421265,-2.47088074684143,-4.91759777069092,-4.75248527526855,1.93522536754608,0.56396746635437
-3.13019895553589,-2.43560075759888,-4.94615793228149,-4.76223850250244,2.08167743682861,0.669977128505707
-3.08213567733765,-2.4003210067749,-4.97572994232178,-4.77199125289917,2.23402881622314,0.775986790657043
-3.03522634506226,-2.36504125595093,-5.00530576705933,-4.7817440032959,2.38919568061829,0.88199645280838
-2.99031639099121,-2.32976150512695,-5.0338773727417,-4.79149723052979,2.5440936088562,0.988006174564362
-2.94825077056885,-2.2944815158844,-5.06043720245361,-4.80124998092651,2.69563865661621,1.0940158367157
-2.90987491607666,-2.25920176506042,-5.08397674560547,-4.81100273132324,2.84074592590332,1.20002555847168
-2.87603402137756,-2.22392201423645,-5.10348892211914,-4.82075595855713,2.97633194923401,1.30603528022766
-2.84757328033447,-2.1886420249939,-5.11796522140503,-4.83050870895386,3.09931111335754,1.41204488277435
-2.82483911514282,-2.15905499458313,-5.12671852111816,-4.83783388137817,3.20742273330688,1.51409888267517
-2.80618333816528,-2.12946820259094,-5.13034105300903,-4.84515953063965,3.30168795585632,1.61615300178528
-2.78945994377136,-2.09988117218018,-5.1297459602356,-4.85248470306396,3.38394999504089,1.71820688247681
-2.77252173423767,-2.07029438018799,-5.12584590911865,-4.85981035232544,3.45605206489563,1.82026100158691
-2.75322222709656,-2.04070734977722,-5.11955451965332,-4.8671350479126,3.51983785629272,1.92231488227844
-2.72941493988037,-2.01112031936646,-5.11178398132324,-4.87446069717407,3.57715034484863,2.02436900138855
-2.69895315170288,-1.98153340816498,-5.10344743728638,-4.88178586959839,3.62983322143555,2.12642288208008
-2.65969014167786,-1.95194661617279,-5.09545755386353,-4.88911151885986,3.67972993850708,2.22847700119019
-2.60947942733765,-1.92235970497131,-5.0887279510498,-4.89643621444702,3.72868347167969,2.33053112030029
-2.54617476463318,-1.89277267456055,-5.08417129516602,-4.9037618637085,3.77853679656982,2.43258500099182
-2.46762871742249,-1.81572389602661,-5.08270025253296,-4.91944932937622,3.83113431930542,2.52444839477539
-2.37169480323792,-1.73867511749268,-5.08522748947144,-4.9351372718811,3.88831901550293,2.61631202697754
-2.2562267780304,-1.66162621974945,-5.09266662597656,-4.95082473754883,3.95193433761597,2.70817518234253
-2.11907768249512,-1.5845775604248,-5.10593032836914,-4.96651220321655,4.02382326126099,2.80003881454468
-1.95810103416443,-1.50752866268158,-5.12593126296997,-4.98219966888428,4.1058292388916,2.89190196990967
-1.77114999294281,-1.43047988414764,-5.15358257293701,-4.997887134552,4.19979572296143,2.98376560211182
-1.5560781955719,-1.35343098640442,-5.18979740142822,-5.01357460021973,4.30756664276123,3.07562875747681
-1.31073892116547,-1.27638220787048,-5.23548793792725,-5.02926254272461,4.43098449707031,3.16749238967896
-1.03298568725586,-1.19933342933655,-5.2915678024292,-5.04495000839233,4.57189273834229,3.25935554504395
-0.720671534538269,-1.12228465080261,-5.35894966125488,-5.06063747406006,4.73213481903076,3.35121917724609
