time,position
50.00049024,0.294216175288527
50.01049024,0.292581562797304
50.02049024,0.290987663075043
50.03049024,0.289834012865304
50.04049024,0.288728983943483
50.05049024,0.2879305237899
50.06049024,0.287334534969476
50.07049024,0.285353933848915
50.08049024,0.284153800835428
50.09049024,0.282888111828502
50.10049024,0.282002609298302
50.11049024,0.281399407801545
50.12049024,0.280211861435685
50.13049024,0.278013597823262
50.14049024,0.276800731285302
50.15049024,0.275637671455828
50.16049024,0.274936359597606
50.17049024,0.274346013323433
50.18049024,0.272644026438149
50.19049024,0.271792233695589
50.20049024,0.271200257688636
50.21049024,0.270800669059183
50.22049024,0.270131779153222
50.23049024,0.26902256783962
50.24049024,0.268441007386068
50.25049024,0.267825973370967
50.26049024,0.267460514798721
50.27049024,0.267168154148521
50.28049024,0.266735537978223
50.29049024,0.266084190785149
50.30049024,0.265742452848497
50.31049024,0.265417595750487
50.32049024,0.265266879851284
50.33049024,0.265121174291588
50.34049024,0.264878826204034
50.35049024,0.264793999637574
50.36049024,0.264774781863342
50.37049024,0.26482523422469
50.38049024,0.264901482860597
50.39049024,0.265395190055703
50.40049024,0.265666120638684
50.41049024,0.266157177695223
50.42049024,0.266666038355685
50.43049024,0.267216643844768
50.44049024,0.268560252605324
50.45049024,0.269692390042329
50.46049024,0.27039298460652
50.47049024,0.271034128750727
50.48049024,0.272289049100355
50.49049024,0.273631841628608
50.50049024,0.276330523678468
50.51049024,0.277402750766828
50.52049024,0.27967477437885
50.53049024,0.280631291588482
50.54049024,0.281962014139442
50.55049024,0.285476854722097
50.56049024,0.287618756424637
50.57049024,0.288799989714272
50.58049024,0.290201285448267
50.59049024,0.292359230310941
50.60049024,0.296462479846064
50.61049024,0.298947851362215
50.62049024,0.30142137896183
50.63049024,0.303664132189841
50.64049024,0.304923126687822
50.65049024,0.306295611096194
50.66049024,0.310559519611416
50.67049024,0.313109166621101
50.68049024,0.314406076662698
50.69049024,0.316184472601274
50.70049024,0.319833673353565
50.71049024,0.320955176503894
50.72049024,0.325164925606041
50.73049024,0.326086843959949
50.74049024,0.327537757508754
50.75049024,0.329855325655123
50.76049024,0.333325579375978
50.77049024,0.336217075514749
50.78049024,0.337118114628907
50.79049024,0.339364074037076
50.80049024,0.340084057750697
50.81049024,0.342485911591384
50.82049024,0.343665929601003
50.83049024,0.344600697927641
50.84049024,0.345223754708871
50.85049024,0.345586550199351
50.86049024,0.346091891859806
50.87049024,0.346628330413886
50.88049024,0.346602362613918
50.89049024,0.346518021305315
50.90049024,0.346420264112493
50.91049024,0.346235165526534
50.92049024,0.34542659340829
50.93049024,0.344835912424215
50.94049024,0.344157721425044
50.95049024,0.343637378668588
50.96049024,0.343239527729921
50.97049024,0.341711965039821
50.98049024,0.340540177651263
50.99049024,0.339261985377289
51.00049024,0.337854163120097
51.01049024,0.336955723616495
51.02049024,0.33479369215313
51.03049024,0.332930167891464
51.04049024,0.331027954515963
51.05049024,0.329654407059395
51.06049024,0.32867129768138
51.07049024,0.324529202406293
51.08049024,0.322562171393534
51.09049024,0.320576887976057
51.10049024,0.319210729013597
51.11049024,0.318263481997732
51.12049024,0.314928175122694
51.13049024,0.313479482384861
51.14049024,0.313032522595901
51.15049024,0.310570516308018
51.16049024,0.30920938533108
51.17049024,0.30698346205209
51.18049024,0.305245943490059
51.19049024,0.303865076213471
51.20049024,0.303010490694021
51.21049024,0.300788399633951
51.22049024,0.298492379555861
51.23049024,0.296815216324597
51.24049024,0.295123723240503
51.25049024,0.293494782524953
51.26049024,0.292585227847858
51.27049024,0.290640145329316
51.28049024,0.289289506884079
51.29049024,0.287963636484196
51.30049024,0.286634948188809
51.31049024,0.285834260058397
51.32049024,0.2851433471666
51.33049024,0.283036157904576
51.34049024,0.281777165013564
51.35049024,0.280603054365835
51.36049024,0.279390038465758
51.37049024,0.278336298336822
51.38049024,0.277171411780059
51.39049024,0.276046397229695
51.40049024,0.275244188420438
51.41049024,0.274686106837376
51.42049024,0.273614775341785
51.43049024,0.271831961231618
51.44049024,0.270848167407689
51.45049024,0.269946990988606
51.46049024,0.269446337934618
51.47049024,0.268407229498836
51.48049024,0.267771967698993
51.49049024,0.267140297155538
51.50049024,0.266609230616539
51.51049024,0.266201948443299
51.52049024,0.265911666844807
51.53049024,0.265781275950206
51.54049024,0.265390578849116
51.55049024,0.265146408832481
51.56049024,0.264951864234705
51.57049024,0.264825718918205
51.58049024,0.264763348927801
51.59049024,0.264682862127591
51.60049024,0.264620013440569
51.61049024,0.26471519741123
51.62049024,0.264949987680209
51.63049024,0.265113957730836
51.64049024,0.265658427091179
51.65049024,0.266163004570386
51.66049024,0.267163711111821
51.67049024,0.268049472474108
51.68049024,0.268579604299922
51.69049024,0.269313621555824
51.70049024,0.271470236309959
51.71049024,0.272921261562679
51.72049024,0.274387827958732
51.73049024,0.275214502442178
51.74049024,0.276384262456269
51.75049024,0.279666336021284
51.76049024,0.281705602227223
51.77049024,0.28377947772505
51.78049024,0.285606041710723
51.79049024,0.286682805790661
51.80049024,0.290220333955493
51.81049024,0.292567560924668
51.82049024,0.294809216618866
51.83049024,0.295898595601039
51.84049024,0.299492578829301
51.85049024,0.301905887135181
51.86049024,0.304343306791288
51.87049024,0.306540166616601
51.88049024,0.307800300515012
51.89049024,0.309523484287054
51.90049024,0.313468775103632
51.91049024,0.315998160637656
51.92049024,0.318637318067398
51.93049024,0.321138193488689
51.94049024,0.323566593263373
51.95049024,0.325846084867691
51.96049024,0.327290335975674
51.97049024,0.330283545103923
51.98049024,0.33248762607846
51.99049024,0.33463406927861
52.00049024,0.336458825959315
52.01049024,0.337960656875876
52.02049024,0.339396435210301
52.03049024,0.340493639800503
52.04049024,0.341427508314265
52.05049024,0.342188879413077
52.06049024,0.342670416526828
52.07049024,0.342863425026831
52.08049024,0.342857223697567
52.09049024,0.342796639855478
52.10049024,0.342674239331788
52.11049024,0.342435208251618
52.12049024,0.342040931489968
52.13049024,0.341556645105479
52.14049024,0.341218542488726
52.15049024,0.340076792961961
52.16049024,0.33918949338278
52.17049024,0.338182143838614
52.18049024,0.337044933105803
52.19049024,0.336045812994257
52.20049024,0.335420595224496
52.21049024,0.332997902187006
52.22049024,0.331361825733237
52.23049024,0.32967216954413
52.24049024,0.328087510763094
52.25049024,0.326709341663957
52.26049024,0.325129710695561
52.27049024,0.321713052300928
52.28049024,0.319798066421308
52.29049024,0.317953181720767
52.30049024,0.3160062429288
52.31049024,0.314336255867599
52.32049024,0.312560529914059
52.33049024,0.310750485618883
52.34049024,0.309349423424373
52.35049024,0.307405305604109
52.36049024,0.305150193753855
52.37049024,0.303290262285433
52.38049024,0.301815704026233
52.39049024,0.300946243208217
52.40049024,0.29950352776118
52.41049024,0.29781986694917
52.42049024,0.294630541048088
52.43049024,0.292823716440545
52.44049024,0.291070682910756
52.45049024,0.28935508034889
52.46049024,0.288773123318905
52.47049024,0.287260387118882
52.48049024,0.284700108966018
52.49049024,0.283099283290807
52.50049024,0.282071163657227
52.51049024,0.281329992830652
52.52049024,0.278837158965001
52.53049024,0.277488778663597
52.54049024,0.276628124934206
52.55049024,0.27581481416032
52.56049024,0.275054884451638
52.57049024,0.273370874336532
52.58049024,0.272049250324926
52.59049024,0.270770839493394
52.60049024,0.269727698503842
52.61049024,0.268959788677055
52.62049024,0.267733847160157
52.63049024,0.266642335775501
52.64049024,0.266179982795153
52.65049024,0.265226190265178
52.66049024,0.264850284487844
52.67049024,0.264141901418919
52.68049024,0.263700319033245
52.69049024,0.263334983747298
52.70049024,0.26305211031273
52.71049024,0.262917478607281
52.72049024,0.262704471768131
52.73049024,0.262568309996119
52.74049024,0.26245839047899
52.75049024,0.262393229315907
52.76049024,0.262357639414574
52.77049024,0.262362834531853
52.78049024,0.262022163881969
52.79049024,0.261836765567506
52.80049024,0.26212926816185
52.81049024,0.262504029378592
52.82049024,0.262737590699264
52.83049024,0.263552015154325
52.84049024,0.264776538575417
52.85049024,0.266117824532276
52.86049024,0.26711801516093
52.87049024,0.268211843295717
52.88049024,0.269300450317552
52.89049024,0.270607738821438
52.90049024,0.272029503626837
52.91049024,0.27360820856259
52.92049024,0.274417015953466
52.93049024,0.276736170151108
52.94049024,0.27855284030287
52.95049024,0.280412212619041
52.96049024,0.282364598156565
52.97049024,0.284248456646607
52.98049024,0.285206206603267
52.99049024,0.288402348918453
53.00049024,0.290620155478323
53.01049024,0.292935797311092
53.02049024,0.295307975418545
53.03049024,0.29733081941399
53.04049024,0.298549358879732
53.05049024,0.302566067251793
53.06049024,0.305135872190788
53.07049024,0.306780950987158
53.08049024,0.307700742788854
53.09049024,0.311818974574554
53.10049024,0.3143947393879
53.11049024,0.316901601260371
53.12049024,0.319296915663216
53.13049024,0.320457490501928
53.14049024,0.323839792684197
53.15049024,0.325781578447068
53.16049024,0.327921322102444
53.17049024,0.330454255255962
53.18049024,0.33266707354793
53.19049024,0.33491124553578
53.20049024,0.33687597388522
53.21049024,0.33860551891215
53.22049024,0.340163641383956
53.23049024,0.341595779627456
53.24049024,0.342728734875982
53.25049024,0.343598932010145
53.26049024,0.344283370752261
53.27049024,0.344667362452869
53.28049024,0.344772011228074
53.29049024,0.344713801510969
53.30049024,0.344659156474385
53.31049024,0.344305437499564
53.32049024,0.343973389065554
53.33049024,0.343500129713969
53.34049024,0.343063565713584
53.35049024,0.342800699338363
53.36049024,0.341646978931937
53.37049024,0.340752887535471
53.38049024,0.339743083805769
53.39049024,0.338622869245553
53.40049024,0.337374095535146
53.41049024,0.336109240769436
53.42049024,0.33453577880613
53.43049024,0.332792803038658
53.44049024,0.330968221024013
53.45049024,0.329002436202061
53.46049024,0.326522989640033
53.47049024,0.324339867408939
53.48049024,0.322197679784536
53.49049024,0.320054847573605
53.50049024,0.317999070078811
53.51049024,0.316048497052279
53.52049024,0.314084590035285
53.53049024,0.312194178958093
53.54049024,0.310347128483752
53.55049024,0.309142806695424
53.56049024,0.307993044493029
53.57049024,0.30485028005231
53.58049024,0.303163545339976
53.59049024,0.301589063762667
53.60049024,0.299970196822317
53.61049024,0.298976482536812
53.62049024,0.296795984179452
53.63049024,0.295219708077985
53.64049024,0.293620365019918
53.65049024,0.292073910320791
53.66049024,0.291213255718229
53.67049024,0.289387192058224
53.68049024,0.288429563895872
53.69049024,0.288041140742926
53.70049024,0.287210666408972
53.71049024,0.286629945055173
53.72049024,0.284827309684646
53.73049024,0.283775344330022
53.74049024,0.282737919118529
53.75049024,0.281748291818553
53.76049024,0.280862336067644
53.77049024,0.279855425340843
53.78049024,0.278763059967795
53.79049024,0.277722404720686
53.80049024,0.276670443842779
53.81049024,0.275682336623715
53.82049024,0.274609349964028
53.83049024,0.273599343364752
53.84049024,0.272571179079405
53.85049024,0.271866877947824
53.86049024,0.27136706699893
53.87049024,0.269725084168552
53.88049024,0.268802525840705
53.89049024,0.267872582631767
53.90049024,0.266943673761651
53.91049024,0.266068379142217
53.92049024,0.265308321746823
53.93049024,0.264476002186663
53.94049024,0.263799220006715
53.95049024,0.263361749215448
53.96049024,0.26198700393897
53.97049024,0.261290115338269
53.98049024,0.260605681032161
53.99049024,0.25980779593328
54.00049024,0.259077842163223
54.01049024,0.258638056178481
54.02049024,0.258378648754707
54.03049024,0.258262726525111
54.04049024,0.258309479627996
54.05049024,0.258235312006929
54.06049024,0.25819665836246
54.07049024,0.258176717842015
54.08049024,0.258141977858853
54.09049024,0.258208098832316
54.10049024,0.258381685583619
54.11049024,0.258671000570864
54.12049024,0.25903750787602
54.13049024,0.258982486467445
54.14049024,0.259339837528689
54.15049024,0.260624835637212
54.16049024,0.261273682017824
54.17049024,0.262293522776097
54.18049024,0.263463723479562
54.19049024,0.264788231556711
54.20049024,0.267594314143032
54.21049024,0.2687206963661
54.22049024,0.26974536065791
54.23049024,0.271785105188294
54.24049024,0.273809535830729
54.25049024,0.275952810688864
54.26049024,0.278277475743054
54.27049024,0.280738475535637
54.28049024,0.283026939714992
54.29049024,0.285134415744057
54.30049024,0.287491385622309
54.31049024,0.291330488695868
54.32049024,0.292712598927409
54.33049024,0.294610430013495
54.34049024,0.29759596881437
54.35049024,0.301268281742553
54.36049024,0.302394570166722
54.37049024,0.304698803097602
54.38049024,0.30708837075807
54.39049024,0.30910112631027
54.40049024,0.313208100739258
54.41049024,0.315729135512197
54.42049024,0.317101219502647
54.43049024,0.318640334445376
54.44049024,0.321046960014928
54.45049024,0.32319391419067
54.46049024,0.326723621645038
54.47049024,0.32765520491489
54.48049024,0.328651830992658
54.49049024,0.330056248975375
54.50049024,0.331188940970278
54.51049024,0.333417162792623
54.52049024,0.333951290667236
54.53049024,0.334132597850142
54.54049024,0.334327342932832
54.55049024,0.334448489168981
54.56049024,0.334475646228035
54.57049024,0.334473059474191
54.58049024,0.334423312130826
54.59049024,0.33433801663134
54.60049024,0.334187049519053
54.61049024,0.333606689209646
54.62049024,0.333353206428167
54.63049024,0.332999066752908
54.64049024,0.332308459419277
54.65049024,0.33054967308963
54.66049024,0.32972744620752
54.67049024,0.327109467361749
54.68049024,0.326288881717298
54.69049024,0.325056660499661
54.70049024,0.323197300130396
54.71049024,0.321428116984768
54.72049024,0.317977499775488
54.73049024,0.316954887290297
54.74049024,0.315537852572094
54.75049024,0.313753555622593
54.76049024,0.311041860204367
54.77049024,0.308602780130831
54.78049024,0.3073970199017
54.79049024,0.305965233133858
54.80049024,0.304339613024956
54.81049024,0.301315122407035
54.82049024,0.299675722609539
54.83049024,0.298735916326994
54.84049024,0.297436570371536
54.85049024,0.295662169806896
54.86049024,0.293772610725227
54.87049024,0.29058825964185
54.88049024,0.288692567315963
54.89049024,0.28723857393484
54.90049024,0.286363043009884
54.91049024,0.284849590894676
54.92049024,0.282298492073265
54.93049024,0.281526684410966
54.94049024,0.280515651686708
54.95049024,0.279182217801158
54.96049024,0.277931757796209
54.97049024,0.276959999857225
54.98049024,0.275961219019757
54.99049024,0.275441883705191
55.00049024,0.274590734505604
55.01049024,0.273507305653534
55.02049024,0.272419391314728
55.03049024,0.271467894948031
55.04049024,0.270360920442636
55.05049024,0.269325488022682
55.06049024,0.26826749805806
55.07049024,0.267260490015583
55.08049024,0.265537676847736
55.09049024,0.264775836607148
55.10049024,0.26431094226818
55.11049024,0.263526984021442
55.12049024,0.26270157032627
55.13049024,0.261335643327396
55.14049024,0.260751394324842
55.15049024,0.260389317175364
55.16049024,0.259108037065037
55.17049024,0.258227833650068
55.18049024,0.257838630777072
55.19049024,0.257488449775353
55.20049024,0.256911973103847
55.21049024,0.256177778171017
55.22049024,0.255440526475678
55.23049024,0.254381381952523
55.24049024,0.254071037163733
55.25049024,0.253597706467201
55.26049024,0.253059736906079
55.27049024,0.25197925837592
55.28049024,0.251623383149119
55.29049024,0.251458180244944
55.30049024,0.251247328092853
55.31049024,0.251085625962767
55.32049024,0.251041066663785
55.33049024,0.251099430653395
55.34049024,0.251124742140951
55.35049024,0.251120990808901
55.36049024,0.251164072061973
55.37049024,0.251210450823303
55.38049024,0.25137470686142
55.39049024,0.25187449348549
55.40049024,0.252110348020577
55.41049024,0.252359231617374
55.42049024,0.254054747881254
55.43049024,0.254625869538325
55.44049024,0.256429500781881
55.45049024,0.257432030736617
55.46049024,0.258179293381429
55.47049024,0.259662675851681
55.48049024,0.261297202445589
55.49049024,0.262944057859477
55.50049024,0.265490465232209
55.51049024,0.266731831855194
55.52049024,0.269811365204949
55.53049024,0.272151274264234
55.54049024,0.2763268106906
55.55049024,0.278391487158909
55.56049024,0.279682877650074
55.57049024,0.284260508483619
55.58049024,0.28550371652354
55.59049024,0.289052013011249
55.60049024,0.290441288026349
55.61049024,0.291704068478183
55.62049024,0.295197409588649
55.63049024,0.296845199914553
55.64049024,0.299804047472654
55.65049024,0.305168795639532
55.66049024,0.306928615961032
55.67049024,0.308373711725133
55.68049024,0.310907538407921
55.69049024,0.313074818975482
55.70049024,0.317132761081629
55.71049024,0.318461441304125
55.72049024,0.320957564583441
55.73049024,0.323425224930196
55.74049024,0.325582632828701
55.75049024,0.329079872880877
55.76049024,0.330488324490728
55.77049024,0.3315755988846
55.78049024,0.33280259634736
55.79049024,0.334422078667754
55.80049024,0.336490985344275
55.81049024,0.337251318386546
55.82049024,0.337584212104193
55.83049024,0.338152686086438
55.84049024,0.338228947522108
55.85049024,0.338265146201635
55.86049024,0.338136075018416
55.87049024,0.337906244793355
55.88049024,0.337637234474173
55.89049024,0.337447020884212
55.90049024,0.337013152745276
55.91049024,0.336456659729028
55.92049024,0.335421893324673
55.93049024,0.334870506786894
55.94049024,0.333904071978304
55.95049024,0.332878386762701
55.96049024,0.331883656001595
55.97049024,0.329714435358926
55.98049024,0.329043763518953
55.99049024,0.326519290575073
56.00049024,0.325844844886754
56.01049024,0.324516575648184
56.02049024,0.321796875854313
56.03049024,0.320264115185517
56.04049024,0.318735442784446
56.05049024,0.317575158413759
56.06049024,0.316717036200968
56.07049024,0.315206950053481
56.08049024,0.31379954195861
56.09049024,0.311396692423218
56.10049024,0.311063112351066
56.11049024,0.309074371859016
56.12049024,0.307545544751754
56.13049024,0.30547085386613
56.14049024,0.304231269631337
56.15049024,0.303495842878525
56.16049024,0.300997910883438
56.17049024,0.300188183469992
56.18049024,0.299272545161273
56.19049024,0.296792193326856
56.20049024,0.295313523369033
56.21049024,0.294428130599188
56.22049024,0.293679722349136
56.23049024,0.291361727208718
56.24049024,0.290270188494371
56.25049024,0.289659216953351
56.26049024,0.288029547228061
56.27049024,0.287329054471313
56.28049024,0.286138385946966
56.29049024,0.28430292668284
56.30049024,0.283700621143336
56.31049024,0.282662173524996
56.32049024,0.281574073776743
56.33049024,0.280512103061706
56.34049024,0.278712824890798
56.35049024,0.278162821969425
56.36049024,0.276681328277251
56.37049024,0.276065205591651
56.38049024,0.275008428384691
56.39049024,0.273106393184873
56.40049024,0.272050555746308
56.41049024,0.270952863384975
56.42049024,0.270377713851914
56.43049024,0.269723407636257
56.44049024,0.268756063796836
56.45049024,0.266944628070044
56.46049024,0.26631329808085
56.47049024,0.265800376769833
56.48049024,0.264852290712155
56.49049024,0.263972631544275
56.50049024,0.262381986117422
56.51049024,0.2615104073055
56.52049024,0.260739178435212
56.53049024,0.260129476340294
56.54049024,0.259514659628923
56.55049024,0.258355875647223
56.56049024,0.257772086319517
56.57049024,0.257462668577822
56.58049024,0.257199479607621
56.59049024,0.256870465122012
56.60049024,0.256508075688855
56.61049024,0.255966943472505
56.62049024,0.255827203044416
56.63049024,0.255591909271338
56.64049024,0.255530121862088
56.65049024,0.255492926987603
56.66049024,0.255468551923745
56.67049024,0.25558105612271
56.68049024,0.255665861719312
56.69049024,0.255832862348634
56.70049024,0.256138615249586
56.71049024,0.256861143069425
56.72049024,0.257788957333577
56.73049024,0.25859069322606
56.74049024,0.259494220297566
56.75049024,0.260643385778577
56.76049024,0.262126053918185
56.77049024,0.263589433195707
56.78049024,0.265294032398768
56.79049024,0.267115956255976
56.80049024,0.269032893836139
56.81049024,0.270912310994561
56.82049024,0.272992675342539
56.83049024,0.275184317475695
56.84049024,0.277468160278898
56.85049024,0.279844590719386
56.86049024,0.281401393856847
56.87049024,0.283638325666869
56.88049024,0.286494220343036
56.89049024,0.28883683697688
56.90049024,0.291200492348173
56.91049024,0.293497990308883
56.92049024,0.296092663094593
56.93049024,0.298499853325957
56.94049024,0.301189696769208
56.95049024,0.303906845055588
56.96049024,0.3066037001652
56.97049024,0.309233510543492
56.98049024,0.312017284553789
56.99049024,0.314545346656693
57.00049024,0.317023751504059
57.01049024,0.319421694117431
57.02049024,0.321637058577971
57.03049024,0.323776944171747
57.04049024,0.32585993200608
57.05049024,0.327794115740708
57.06049024,0.329606514805754
57.07049024,0.330915992994364
57.08049024,0.33277531777791
57.09049024,0.334266834094675
57.10049024,0.335416923667336
57.11049024,0.33611566313935
57.12049024,0.336514038085502
57.13049024,0.33663587784892
57.14049024,0.336578734339128
57.15049024,0.336477277057032
57.16049024,0.336210273502175
57.17049024,0.335831665965695
57.18049024,0.335300463556354
57.19049024,0.334656059060604
57.20049024,0.333859960970657
57.21049024,0.332905608454257
57.22049024,0.331842520848058
57.23049024,0.330641575887644
57.24049024,0.329351203751713
57.25049024,0.327578377523231
57.26049024,0.326041546392739
57.27049024,0.32458203767421
57.28049024,0.323106283587573
57.29049024,0.321647482490263
57.30049024,0.320343633085569
57.31049024,0.31904580730513
57.32049024,0.317620896070127
57.33049024,0.316092886945734
57.34049024,0.314718626507251
57.35049024,0.313437083113657
57.36049024,0.312042124789865
57.37049024,0.310637043388523
57.38049024,0.30943158832497
57.39049024,0.308164620729564
57.40049024,0.306019110806296
57.41049024,0.304602052201164
57.42049024,0.303215341729261
57.43049024,0.301962999513014
57.44049024,0.300688183590061
57.45049024,0.299391647645115
57.46049024,0.298115426629545
57.47049024,0.29702005944883
57.48049024,0.295812136941839
57.49049024,0.29457417889597
57.50049024,0.293395364975066
57.51049024,0.292173186395536
57.52049024,0.29112082124331
57.53049024,0.28988860819347
57.54049024,0.288682447776689
57.55049024,0.288295065195732
57.56049024,0.287377345581798
57.57049024,0.286312542317249
57.58049024,0.285160563641664
57.59049024,0.283996487881295
57.60049024,0.282813581903415
57.61049024,0.281673708976622
57.62049024,0.280662857259236
57.63049024,0.279529889492216
57.64049024,0.278312042008822
57.65049024,0.27717736447665
57.66049024,0.276105716088945
57.67049024,0.274966993807791
57.68049024,0.273803718042856
57.69049024,0.272655682742293
57.70049024,0.27150906982166
57.71049024,0.270431809480212
57.72049024,0.269339371830637
57.73049024,0.268211262484381
57.74049024,0.267112677941745
57.75049024,0.26602381610932
57.76049024,0.264987508185517
57.77049024,0.26400811600468
57.78049024,0.263109914003284
57.79049024,0.262139896233913
57.80049024,0.261214034945017
57.81049024,0.26036489861269
57.82049024,0.259219366467743
57.83049024,0.25844718943235
57.84049024,0.257833947347017
57.85049024,0.257253889620165
57.86049024,0.256564076449302
57.87049024,0.255950505748104
57.88049024,0.255423876499647
57.89049024,0.254979971319277
57.90049024,0.254629859303211
57.91049024,0.254332887897584
57.92049024,0.254095214033992
57.93049024,0.253911328217713
57.94049024,0.253773011587027
57.95049024,0.253666720319457
57.96049024,0.253577587053457
57.97049024,0.253465348321925
57.98049024,0.253311085319932
57.99049024,0.253433772397266
58.00049024,0.253690544849962
58.01049024,0.254070115275687
58.02049024,0.254554561795695
58.03049024,0.255336035370856
58.04049024,0.2562956649247
58.05049024,0.257263064786168
58.06049024,0.258385344360837
58.07049024,0.259653200970445
58.08049024,0.260824202670154
58.09049024,0.262465508781458
58.10049024,0.264249829753881
58.11049024,0.266105087379062
58.12049024,0.268091349870625
58.13049024,0.270182842920728
58.14049024,0.272093172730277
58.15049024,0.274095598865658
58.16049024,0.275894045442984
58.17049024,0.278236587306015
58.18049024,0.281610707537203
58.19049024,0.28397515231825
58.20049024,0.286337919321354
58.21049024,0.288031328075285
58.22049024,0.290346323172235
58.23049024,0.292675114303209
58.24049024,0.294988667328454
58.25049024,0.297446804326271
58.26049024,0.300896986885566
58.27049024,0.303578594165949
58.28049024,0.305928946225798
58.29049024,0.307594885035788
58.30049024,0.310245489018191
58.31049024,0.312984031824032
58.32049024,0.315367120177265
58.33049024,0.316488022746013
58.34049024,0.319857302330144
58.35049024,0.32202508474958
58.36049024,0.324076496871676
58.37049024,0.325067114035449
58.38049024,0.326152595763087
58.39049024,0.327616873083214
58.40049024,0.329696726731808
58.41049024,0.330484128600737
58.42049024,0.331672984486318
58.43049024,0.332336371492842
58.44049024,0.332857424801681
58.45049024,0.332947357910149
58.46049024,0.332617861759479
58.47049024,0.333110318320591
58.48049024,0.332954890821159
58.49049024,0.332814702044262
58.50049024,0.332537157090333
58.51049024,0.330989985499322
58.52049024,0.330908907856364
58.53049024,0.329583067711266
58.54049024,0.329506043169602
58.55049024,0.328887966035864
58.56049024,0.326061553133402
58.57049024,0.324698221269311
58.58049024,0.323414338185626
58.59049024,0.322669327452591
58.60049024,0.320290519798823
58.61049024,0.318844722765172
58.62049024,0.317207352546915
58.63049024,0.315620033798616
58.64049024,0.314428916610339
58.65049024,0.313689239358658
58.66049024,0.31118325477362
58.67049024,0.310747923013544
58.68049024,0.308982727566371
58.69049024,0.307770321090146
58.70049024,0.305132689397995
58.71049024,0.304425800875552
58.72049024,0.301837378142763
58.73049024,0.300364703565773
58.74049024,0.298807287285693
58.75049024,0.297760370348433
58.76049024,0.297053603121038
58.77049024,0.294405091390449
58.78049024,0.292847019223631
58.79049024,0.291649323479303
58.80049024,0.290927980852356
58.81049024,0.289572372780416
58.82049024,0.288360490979622
58.83049024,0.287002752975967
58.84049024,0.285735746936309
58.85049024,0.284497757095731
58.86049024,0.283238157469574
58.87049024,0.282609307756662
58.88049024,0.28090552542536
58.89049024,0.279669747089297
58.90049024,0.27840272181159
58.91049024,0.277151981302271
58.92049024,0.276033960603214
58.93049024,0.274844811326861
58.94049024,0.273630144025732
58.95049024,0.272764800569624
58.96049024,0.272178100725231
58.97049024,0.270175981914671
58.98049024,0.269024751365793
58.99049024,0.267923226276216
59.00049024,0.266830944551712
59.01049024,0.266173097084385
59.02049024,0.264855272401052
59.03049024,0.264405261483132
59.04049024,0.26300825672934
59.05049024,0.262091930595884
59.06049024,0.26122806583237
59.07049024,0.26045206523548
59.08049024,0.259870253311227
59.09049024,0.258610144223942
59.10049024,0.258075561596331
59.11049024,0.257494899064357
59.12049024,0.25688787609527
59.13049024,0.256379365847814
59.14049024,0.256022417246047
59.15049024,0.255782391996663
59.16049024,0.255268918130768
59.17049024,0.255086811295088
59.18049024,0.254693830426148
59.19049024,0.254547153361979
59.20049024,0.254446522042088
59.21049024,0.254384395833835
59.22049024,0.25437556100635
59.23049024,0.254318802532688
59.24049024,0.254593453074516
59.25049024,0.254913794334287
59.26049024,0.255159060619457
59.27049024,0.255961085937267
59.28049024,0.256300819737001
59.29049024,0.257426727685625
59.30049024,0.258618985284783
59.31049024,0.259642231604797
59.32049024,0.261019359286615
59.33049024,0.262825095828908
59.34049024,0.264377217492452
59.35049024,0.266242887387532
59.36049024,0.268162214801953
59.37049024,0.270160365011701
59.38049024,0.271924923312652
59.39049024,0.272913187997824
59.40049024,0.275846210789022
59.41049024,0.278570900602214
59.42049024,0.28094248177233
59.43049024,0.282124116496852
59.44049024,0.283797706011046
59.45049024,0.287649572897755
59.46049024,0.28984984965687
59.47049024,0.292352971912537
59.48049024,0.29492807425552
59.49049024,0.297276651834167
59.50049024,0.299524571420206
59.51049024,0.301757337583407
59.52049024,0.304256564238955
59.53049024,0.30675830714258
59.54049024,0.308871890317162
59.55049024,0.310368640272787
59.56049024,0.314664177078997
59.57049024,0.317106166230678
59.58049024,0.3195070028774
59.59049024,0.321786600576599
59.60049024,0.323800000110253
59.61049024,0.32565044774469
59.62049024,0.327385461249093
59.63049024,0.328571138913723
59.64049024,0.329921788391086
59.65049024,0.33047024944064
59.66049024,0.332200963830003
59.67049024,0.332772759325107
59.68049024,0.333416506870049
59.69049024,0.334213480103831
59.70049024,0.334337325877577
59.71049024,0.334389974307704
59.72049024,0.334413703897852
59.73049024,0.334402350514464
59.74049024,0.334309958022493
59.75049024,0.33393228540461
59.76049024,0.333385562811278
59.77049024,0.333414973809554
59.78049024,0.332850585150985
59.79049024,0.3318191403895
59.80049024,0.331143941026887
59.81049024,0.331075214130555
59.82049024,0.328450784232079
59.83049024,0.327056304488782
59.84049024,0.325672541391933
59.85049024,0.324239874744491
59.86049024,0.323335486788642
59.87049024,0.321365262300959
59.88049024,0.319901114027858
59.89049024,0.318454406700396
59.90049024,0.316942445746585
59.91049024,0.316069530767088
59.92049024,0.314259706250096
59.93049024,0.312834086611659
59.94049024,0.311418968290243
59.95049024,0.309946161973389
59.96049024,0.309143242553674
59.97049024,0.307683342575249
59.98049024,0.306273865461365
59.99049024,0.304653538424632
60.00049024,0.303054181541649
60.01049024,0.301445282541947
60.02049024,0.300605411998672
60.03049024,0.298420497097987
60.04049024,0.296869267774972
60.05049024,0.295344839690995
60.06049024,0.293949832120353
60.07049024,0.292712819485338
60.08049024,0.292099996107945
60.09049024,0.290214387326792
60.10049024,0.288999642192414
60.11049024,0.287805247217033
60.12049024,0.286555826133528
60.13049024,0.285388712372411
60.14049024,0.284223698191491
60.15049024,0.28290287179161
60.16049024,0.281624561919642
60.17049024,0.280437776168384
60.18049024,0.279818279293999
60.19049024,0.277850887084396
60.20049024,0.276561150457021
60.21049024,0.275314017160939
60.22049024,0.27413731094892
60.23049024,0.273528563633032
60.24049024,0.2727145457028
60.25049024,0.270695723181087
60.26049024,0.269619364512269
60.27049024,0.26863407325049
60.28049024,0.268126074931114
60.29049024,0.267425872288775
60.30049024,0.26571049639922
60.31049024,0.264811004403626
60.32049024,0.263912188528387
60.33049024,0.263080981362891
60.34049024,0.262468804363193
60.35049024,0.260522331277176
60.36049024,0.259814860509665
60.37049024,0.259560598202086
60.38049024,0.259237985483086
60.39049024,0.258383047929304
60.40049024,0.257952683779847
60.41049024,0.257473875149277
60.42049024,0.257067149778472
60.43049024,0.256773675563609
60.44049024,0.256545063434778
60.45049024,0.256338499695117
60.46049024,0.256194409446678
60.47049024,0.256080847033347
60.48049024,0.255995732421143
60.49049024,0.255972398880309
60.50049024,0.256012764425887
60.51049024,0.256147417333425
60.52049024,0.256390404391448
60.53049024,0.256667660410847
60.54049024,0.256760040444747
60.55049024,0.257823643990327
60.56049024,0.258714090836134
60.57049024,0.259709157361822
60.58049024,0.260538880141115
60.59049024,0.261824618289454
60.60049024,0.263408493278667
60.61049024,0.26500320326742
60.62049024,0.266763591027561
60.63049024,0.268364831167876
60.64049024,0.26930278056141
60.65049024,0.272402817020289
60.66049024,0.274542611618129
60.67049024,0.276170283730965
60.68049024,0.277282130839816
60.69049024,0.281830732762025
60.70049024,0.284143330108454
60.71049024,0.286543872994276
60.72049024,0.288157198155123
60.73049024,0.290285437264259
60.74049024,0.29155803380027
60.75049024,0.295751148508104
60.76049024,0.298088411533539
60.77049024,0.300301426902993
60.78049024,0.302847404637493
60.79049024,0.304983274379011
60.80049024,0.306499230436454
60.81049024,0.311133996956242
60.82049024,0.313821293042771
60.83049024,0.316564235227239
60.84049024,0.319278496344875
60.85049024,0.321158434100089
60.86049024,0.322484394844927
60.87049024,0.326663523346891
60.88049024,0.328902920154902
60.89049024,0.331036705546416
60.90049024,0.33320115120999
60.91049024,0.33543402310737
60.92049024,0.336837864542326
60.93049024,0.338205336249187
60.94049024,0.339432135016396
60.95049024,0.340428348147565
60.96049024,0.341323728467337
60.97049024,0.341975743939298
60.98049024,0.342462877639994
60.99049024,0.342663103392284
61.00049024,0.34276481295227
61.01049024,0.342784401525248
61.02049024,0.342726403200206
61.03049024,0.342619532710262
61.04049024,0.342398987262088
61.05049024,0.342020439418697
61.06049024,0.341505260699899
61.07049024,0.340774199446308
61.08049024,0.339999386852847
61.09049024,0.339032239872209
61.10049024,0.337928282663216
61.11049024,0.336786563099116
61.12049024,0.335469887865925
61.13049024,0.333984759000534
61.14049024,0.33247317865081
61.15049024,0.330376136715664
61.16049024,0.329244275285004
61.17049024,0.327054993090749
61.18049024,0.32539796682412
61.19049024,0.323744353941086
61.20049024,0.322069249010723
61.21049024,0.320453216698013
61.22049024,0.318996426783883
61.23049024,0.317352083072281
61.24049024,0.315605077125442
61.25049024,0.313951767895358
61.26049024,0.312245421111504
61.27049024,0.310696289917297
61.28049024,0.309109489963576
61.29049024,0.307931897826594
61.30049024,0.306147533390139
61.31049024,0.304363122569145
61.32049024,0.302863118080365
61.33049024,0.301212876691455
61.34049024,0.299540093995045
61.35049024,0.297958128125828
61.36049024,0.29643778554134
61.37049024,0.29489998942869
61.38049024,0.293621927457095
61.39049024,0.292265996667028
61.40049024,0.290882354184017
61.41049024,0.289580548359585
61.42049024,0.288928127210194
61.43049024,0.287064497034179
61.44049024,0.285724186348483
61.45049024,0.284383035931868
61.46049024,0.283039355556513
61.47049024,0.281778856231049
61.48049024,0.280481127058658
61.49049024,0.27917905458127
61.50049024,0.277851495552336
61.51049024,0.276633770295035
61.52049024,0.275425354322468
61.53049024,0.27437804857959
61.54049024,0.273238249378087
61.55049024,0.272152309941356
61.56049024,0.271071371622174
61.57049024,0.270035859343599
61.58049024,0.269059719385837
61.59049024,0.268117243483528
61.60049024,0.267095307518399
61.61049024,0.266110684665879
61.62049024,0.265188013609866
61.63049024,0.26427597840706
61.64049024,0.26344247736697
61.65049024,0.262647839031922
61.66049024,0.26194118218629
61.67049024,0.261326373510412
61.68049024,0.26081105810673
61.69049024,0.260372476416951
61.70049024,0.259763213640204
61.71049024,0.259337298558417
61.72049024,0.25911479945632
61.73049024,0.258976335047225
61.74049024,0.258909685542144
61.75049024,0.258911152569963
61.76049024,0.259012251392161
61.77049024,0.259276785336687
61.78049024,0.259765399056366
61.79049024,0.260614525227699
61.80049024,0.260895692886099
61.81049024,0.261387304799557
61.82049024,0.262338680578685
61.83049024,0.263762981606316
61.84049024,0.265549649284676
61.85049024,0.266861064788207
61.86049024,0.268350650606829
61.87049024,0.270101539683408
61.88049024,0.271907369960666
61.89049024,0.27380863757588
61.90049024,0.275816043775497
61.91049024,0.27806854402211
61.92049024,0.28040564934665
61.93049024,0.282589681959112
61.94049024,0.284983935079039
61.95049024,0.287038259750399
61.96049024,0.289399577450946
61.97049024,0.291940326980675
61.98049024,0.294528616510075
61.99049024,0.297101460897855
62.00049024,0.299247786907992
62.01049024,0.301422307463016
62.02049024,0.303752925491755
62.03049024,0.306028685414624
62.04049024,0.308281718080341
62.05049024,0.310848445675966
62.06049024,0.313469177458545
62.07049024,0.31586137891295
62.08049024,0.318168153687011
62.09049024,0.320410417367376
62.10049024,0.322508131736864
62.11049024,0.324564751841396
62.12049024,0.326418226649287
62.13049024,0.327680175974431
62.14049024,0.329330199927607
62.15049024,0.33050687062367
62.16049024,0.331754136196904
62.17049024,0.33261348502763
62.18049024,0.33312683390924
62.19049024,0.333771853222924
62.20049024,0.333732199150479
62.21049024,0.334202771239338
62.22049024,0.334223607582043
62.23049024,0.334140435180303
62.24049024,0.333990086806165
62.25049024,0.333271100842989
62.26049024,0.333369860565735
62.27049024,0.333055978377213
62.28049024,0.332536398143515
62.29049024,0.331593288458227
62.30049024,0.330483031532034
62.31049024,0.3300636525215
62.32049024,0.329050434396066
62.33049024,0.327044169029343
62.34049024,0.325584476034826
62.35049024,0.324035862995669
62.36049024,0.322388267864246
62.37049024,0.32085222503342
62.38049024,0.319190496201794
62.39049024,0.317415192892337
62.40049024,0.315708805773671
62.41049024,0.314089758512649
62.42049024,0.312647872080371
62.43049024,0.311267943941099
62.44049024,0.309929989634081
62.45049024,0.307663374425386
62.46049024,0.305994072675811
62.47049024,0.304436681442082
62.48049024,0.302985710680375
62.49049024,0.301497592537237
62.50049024,0.299941451306031
62.51049024,0.298270896072908
62.52049024,0.296651562211232
62.53049024,0.295173681433519
62.54049024,0.293502619711417
62.55049024,0.291871342916417
62.56049024,0.29025994853794
62.57049024,0.288893223427382
62.58049024,0.288458968736488
62.59049024,0.2871560255111
62.60049024,0.285778845564213
62.61049024,0.284480522931937
62.62049024,0.283124541362859
62.63049024,0.28184179275978
62.64049024,0.280609593622422
62.65049024,0.279213154732789
62.66049024,0.277745999747461
62.67049024,0.276296398413371
62.68049024,0.274637094346639
62.69049024,0.273369402833692
62.70049024,0.271768451524125
62.71049024,0.270425310010722
62.72049024,0.268755364217414
62.73049024,0.267491144218951
62.74049024,0.266154579692442
62.75049024,0.264843422575377
62.76049024,0.26377956978767
62.77049024,0.262579789929398
62.78049024,0.26081202425852
62.79049024,0.259878815532718
62.80049024,0.259270316049523
62.81049024,0.258531178252171
62.82049024,0.257690571821598
62.83049024,0.256936154722683
62.84049024,0.256409589221035
62.85049024,0.2557792819737
62.86049024,0.254892998288194
62.87049024,0.254516796871181
62.88049024,0.25395360655532
62.89049024,0.253455314674108
62.90049024,0.253065851173973
62.91049024,0.252725832323666
62.92049024,0.25230744253495
62.93049024,0.252134563501505
62.94049024,0.252057307369257
62.95049024,0.252113679835173
62.96049024,0.252328941606704
62.97049024,0.252654279455988
62.98049024,0.253108117230994
62.99049024,0.254042512518298
63.00049024,0.255046027702582
63.01049024,0.256159614419414
63.02049024,0.257399316347653
63.03049024,0.258787657831667
63.04049024,0.260142798450381
63.05049024,0.26185813403714
63.06049024,0.263571987993189
63.07049024,0.26531734811588
63.08049024,0.267112888010491
63.09049024,0.268988942596223
63.10049024,0.271143729929553
63.11049024,0.273067657391023
63.12049024,0.27439843306728
63.13049024,0.277342318198383
63.14049024,0.279982590828445
63.15049024,0.282461085605634
63.16049024,0.284803425622112
63.17049024,0.287333745898151
63.18049024,0.289993164681371
63.19049024,0.29258089048234
63.20049024,0.295228599347602
63.21049024,0.297863077638587
63.22049024,0.300257625308745
63.23049024,0.303013493180239
63.24049024,0.305790618579121
63.25049024,0.30854491657548
63.26049024,0.310534000185701
63.27049024,0.312910553407497
63.28049024,0.315533847638651
63.29049024,0.318087141076431
63.30049024,0.32060717084105
63.31049024,0.32323547769986
63.32049024,0.325637067077063
63.33049024,0.327685219575521
63.34049024,0.329667957486877
63.35049024,0.331903008087784
63.36049024,0.334665661284405
63.37049024,0.336497805400215
63.38049024,0.337962560640056
63.39049024,0.339488328388644
63.40049024,0.340802028765787
63.41049024,0.342024620971379
63.42049024,0.342910950269273
63.43049024,0.3435843369528
63.44049024,0.344104151129188
63.45049024,0.344380178626701
63.46049024,0.344472918223867
63.47049024,0.34442565482919
63.48049024,0.344334536706135
63.49049024,0.344184897236491
63.50049024,0.343952173531065
63.51049024,0.343651162766084
63.52049024,0.34321177081323
63.53049024,0.34276461792741
63.54049024,0.342261754899189
63.55049024,0.341555516536405
63.56049024,0.340752806308917
63.57049024,0.33979323693759
63.58049024,0.338698936726324
63.59049024,0.337549141934341
63.60049024,0.336303870684224
63.61049024,0.334882049849962
63.62049024,0.333328016966338
63.63049024,0.331771186135617
63.64049024,0.33023354818739
63.65049024,0.328673265208663
63.66049024,0.326397584408785
63.67049024,0.324725543586001
63.68049024,0.323206511646393
63.69049024,0.321732886192496
63.70049024,0.320185676169173
63.71049024,0.318673598379575
63.72049024,0.317100499787456
63.73049024,0.315414047377741
63.74049024,0.313861481589143
63.75049024,0.312211362515849
63.76049024,0.311157837716146
63.77049024,0.308677399210245
63.78049024,0.307098340759535
63.79049024,0.305834114741083
63.80049024,0.304034511450214
63.81049024,0.302210354689955
63.82049024,0.300338766130596
63.83049024,0.298456570647144
63.84049024,0.296706068622544
63.85049024,0.2948867679417
63.86049024,0.293343577027321
63.87049024,0.291765043566775
63.88049024,0.290139875855749
63.89049024,0.288618731696488
63.90049024,0.287062734228343
63.91049024,0.285502818118949
63.92049024,0.2841250247908
63.93049024,0.28258116601531
63.94049024,0.280962949529436
63.95049024,0.279388411084653
63.96049024,0.276899349168632
63.97049024,0.276283498510243
63.98049024,0.274560255490274
63.99049024,0.272836660155887
64.00049024,0.271213013295544
64.01049024,0.26983844648248
64.02049024,0.268185526042281
64.03049024,0.266934420336947
64.04049024,0.265434550095936
64.05049024,0.264014082386531
64.06049024,0.262690868161519
64.07049024,0.261333541114667
64.08049024,0.260104571283094
64.09049024,0.258685885570126
64.10049024,0.257395439363328
64.11049024,0.256683255990518
64.12049024,0.255694782268732
64.13049024,0.254782236170739
64.14049024,0.25386998022237
64.15049024,0.252881143595433
64.16049024,0.252313864413097
64.17049024,0.251524468272734
64.18049024,0.250860021916016
64.19049024,0.250224573460508
64.20049024,0.249664604009674
64.21049024,0.24922874669373
64.22049024,0.248933142544685
64.23049024,0.248733085267827
64.24049024,0.248568907827369
64.25049024,0.248463836653322
64.26049024,0.248465794237673
64.27049024,0.248606075134486
64.28049024,0.248891676458129
64.29049024,0.249341062958672
64.30049024,0.24978305185102
64.31049024,0.250949192862821
64.32049024,0.251659888419033
64.33049024,0.252802108190911
64.34049024,0.253990210471821
64.35049024,0.255550685564229
64.36049024,0.257156115829157
64.37049024,0.258818195118765
64.38049024,0.260392642317259
64.39049024,0.261646891557892
64.40049024,0.263188923990854
64.41049024,0.265765321255092
64.42049024,0.268230515639064
64.43049024,0.270251735480715
64.44049024,0.272572004296664
64.45049024,0.275000900139055
64.46049024,0.277495396997189
64.47049024,0.28008881322682
64.48049024,0.282689078370666
64.49049024,0.285184153180805
64.50049024,0.287931939212996
64.51049024,0.290627308137382
64.52049024,0.29315939686729
64.53049024,0.294947939836835
64.54049024,0.297423485376609
64.55049024,0.299872971053129
64.56049024,0.302422213078463
64.57049024,0.304788176208671
64.58049024,0.307463233453485
64.59049024,0.310175443087117
64.60049024,0.312497217251434
64.61049024,0.314791907171999
64.62049024,0.317020421622776
64.63049024,0.319019352487774
64.64049024,0.320848658623669
64.65049024,0.322386917990083
64.66049024,0.323822860515137
64.67049024,0.324932317189289
64.68049024,0.325495508826711
64.69049024,0.326132179131801
64.70049024,0.326294965921878
64.71049024,0.326376498770441
64.72049024,0.326389617613347
64.73049024,0.326382092160783
64.74049024,0.326424528216432
64.75049024,0.326106103832074
64.76049024,0.32569550281171
64.77049024,0.325113142840449
64.78049024,0.324358991532694
64.79049024,0.323536423967212
64.80049024,0.322650058559227
64.81049024,0.321668620235405
64.82049024,0.320689175207219
64.83049024,0.319462784033177
64.84049024,0.31808485203696
64.85049024,0.316623902299264
64.86049024,0.315074840618388
64.87049024,0.313379545142515
64.88049024,0.311798357068872
64.89049024,0.310196649939085
64.90049024,0.309034069943861
64.91049024,0.307621166258582
64.92049024,0.306025694031352
64.93049024,0.30453067887302
64.94049024,0.303172742251571
64.95049024,0.301691403054005
64.96049024,0.300187559002903
64.97049024,0.298824317413956
64.98049024,0.297429125766816
64.99049024,0.296027799338101
65.00049024,0.294555068699281
65.01049024,0.293098553171382
65.02049024,0.291604914329125
65.03049024,0.290115119587562
65.04049024,0.288733390151715
65.05049024,0.287221511109181
65.06049024,0.28578558287924
65.07049024,0.284402277687793
65.08049024,0.283005889454365
65.09049024,0.281759239381477
65.10049024,0.280589705041509
65.11049024,0.279335248294745
65.12049024,0.278173244531399
65.13049024,0.277074355704229
65.14049024,0.276089922144252
65.15049024,0.274953611110079
65.16049024,0.273888002988365
65.17049024,0.272776416810459
65.18049024,0.271663857104599
65.19049024,0.270555409842898
65.20049024,0.269415778477637
65.21049024,0.268258796961045
65.22049024,0.267065685954847
65.23049024,0.26581538088807
65.24049024,0.265072835900031
65.25049024,0.264122943968396
65.26049024,0.263195057323818
65.27049024,0.262379635037103
65.28049024,0.261587493308937
65.29049024,0.260929400364744
65.30049024,0.260134034175356
65.31049024,0.25948662039306
65.32049024,0.259014925847279
65.33049024,0.258724041567773
65.34049024,0.258612930444212
65.35049024,0.258425923357921
65.36049024,0.25824861662006
65.37049024,0.258107605794026
65.38049024,0.257971821454316
65.39049024,0.2579123619044
65.40049024,0.257925867492039
65.41049024,0.258017658057454
65.42049024,0.258225427844893
65.43049024,0.25857129165057
65.44049024,0.25891071581194
65.45049024,0.259215255955605
65.46049024,0.260094481029001
65.47049024,0.260865195558808
65.48049024,0.261992120128192
65.49049024,0.263486682166727
65.50049024,0.264882580502312
65.51049024,0.266460706450046
65.52049024,0.268104657862436
65.53049024,0.269742427255497
65.54049024,0.271646185830508
65.55049024,0.273615639068321
65.56049024,0.275686551534203
65.57049024,0.277804788451004
65.58049024,0.279774992245688
65.59049024,0.282000896971654
65.60049024,0.2842787008171
65.61049024,0.285642233198548
65.62049024,0.288584861117099
65.63049024,0.290877878353717
65.64049024,0.293271507390748
65.65049024,0.295710485343785
65.66049024,0.298108036234288
65.67049024,0.300645675195124
65.68049024,0.303014098313055
65.69049024,0.30532913372002
65.70049024,0.307244071316053
65.71049024,0.308951143483715
65.72049024,0.311798038190217
65.73049024,0.314067213133578
65.74049024,0.316191241102501
65.75049024,0.31835995837929
65.76049024,0.320466321245045
65.77049024,0.322481637778112
65.78049024,0.324299009646933
65.79049024,0.325714692328081
65.80049024,0.327286349861178
65.81049024,0.328416970097027
65.82049024,0.329974915364903
65.83049024,0.330846787286511
65.84049024,0.331621632793372
65.85049024,0.332855822894454
65.86049024,0.333473525628449
65.87049024,0.33367082459161
65.88049024,0.333705622177834
65.89049024,0.333688335110907
65.90049024,0.33361654197506
65.91049024,0.33344602640614
65.92049024,0.333172802912703
65.93049024,0.332716725646239
65.94049024,0.331882844000699
65.95049024,0.33090692596192
65.96049024,0.330572988453824
65.97049024,0.329625676468604
65.98049024,0.328221522438953
65.99049024,0.326420806722019
66.00049024,0.325089963698821
66.01049024,0.323569480344593
66.02049024,0.321977994156413
66.03049024,0.320343455160186
66.04049024,0.318710506331265
66.05049024,0.317012284434313
66.06049024,0.315270760350496
66.07049024,0.313488379750513
66.08049024,0.311662367843075
66.09049024,0.309819363629128
66.10049024,0.308560044879681
66.11049024,0.307065329202691
66.12049024,0.305235602396262
66.13049024,0.303337666723219
66.14049024,0.301506915920378
66.15049024,0.29952515469733
66.16049024,0.297770680582522
66.17049024,0.295857532637833
66.18049024,0.293848986558126
66.19049024,0.291901244979895
66.20049024,0.290018623268359
66.21049024,0.288342399126815
66.22049024,0.286593397348233
66.23049024,0.284681357421356
66.24049024,0.282319280840631
66.25049024,0.28067434886151
66.26049024,0.279231778300853
66.27049024,0.27782995987394
66.28049024,0.277254309606986
66.29049024,0.2756308614127
66.30049024,0.274221342341671
66.31049024,0.272908324853522
66.32049024,0.271224463641934
66.33049024,0.269885221571375
66.34049024,0.268327385942855
66.35049024,0.266798679132033
66.36049024,0.265589634487885
66.37049024,0.263961343911025
66.38049024,0.262687251287792
66.39049024,0.260770059452385
66.40049024,0.259632027839167
66.41049024,0.259022435777764
66.42049024,0.258229826834875
66.43049024,0.257237736161156
66.44049024,0.256875540861095
66.45049024,0.256298121099782
66.46049024,0.255781538659511
66.47049024,0.255317077302228
66.48049024,0.254955522450333
66.49049024,0.254691148469824
66.50049024,0.254574082342924
66.51049024,0.254636911499803
66.52049024,0.254868738377579
66.53049024,0.255203525543666
66.54049024,0.255586984369832
66.55049024,0.256054897219699
66.56049024,0.256619252014717
66.57049024,0.257133388058896
66.58049024,0.258154506628404
66.59049024,0.259070101275924
66.60049024,0.260306606903746
66.61049024,0.262123659241848
66.62049024,0.263876126516147
66.63049024,0.265852607225634
66.64049024,0.267773674234966
66.65049024,0.269924527851456
66.66049024,0.272378035632611
66.67049024,0.274890244381261
66.68049024,0.277497002429967
66.69049024,0.280115257799767
66.70049024,0.282969860601861
66.71049024,0.28591342666
66.72049024,0.288759168420895
66.73049024,0.290837133544401
66.74049024,0.293587740056466
66.75049024,0.296475697056396
66.76049024,0.299667677122559
66.77049024,0.302616513122887
66.78049024,0.305897571382477
66.79049024,0.308856180489769
66.80049024,0.31110727354939
66.81049024,0.313919230374848
66.82049024,0.316678042219116
66.83049024,0.319535941319965
66.84049024,0.322145024134829
66.85049024,0.324696876509001
66.86049024,0.327225078114475
66.87049024,0.329805710070457
66.88049024,0.332167593383786
66.89049024,0.334675595120144
66.90049024,0.33659113802082
66.91049024,0.338140184469194
66.92049024,0.339554148938543
66.93049024,0.340620992452845
66.94049024,0.341528387135691
66.95049024,0.342129961245559
66.96049024,0.342451397297456
66.97049024,0.342535198519538
66.98049024,0.342479036403609
66.99049024,0.342401842223132
67.00049024,0.342232119032933
67.01049024,0.341955103256603
67.02049024,0.341531841697551
67.03049024,0.340912395230859
67.04049024,0.340195992924735
67.05049024,0.339356447447588
67.06049024,0.338323689653153
67.07049024,0.337262371779337
67.08049024,0.335837827407758
67.09049024,0.33425347898992
67.10049024,0.332583390789312
67.11049024,0.330734126863496
67.12049024,0.329025297852569
67.13049024,0.326363599923968
67.14049024,0.324370974298299
67.15049024,0.322397356806368
67.16049024,0.320547177807254
67.17049024,0.318767478773919
67.18049024,0.316864995262091
67.19049024,0.315074681687104
67.20049024,0.313377671350596
67.21049024,0.311637246739675
67.22049024,0.31087170000865
67.23049024,0.308336362907852
67.24049024,0.306257652708206
67.25049024,0.30448904792815
67.26049024,0.302683425265411
67.27049024,0.300914483766366
67.28049024,0.299249200744369
67.29049024,0.297366580666773
67.30049024,0.295567882864955
67.31049024,0.293770987513934
67.32049024,0.29204344616619
67.33049024,0.290575233282367
67.34049024,0.289520419663048
67.35049024,0.288653443973358
67.36049024,0.287192990223228
67.37049024,0.285838907883028
67.38049024,0.284661335411932
67.39049024,0.283348627993647
67.40049024,0.282032797709947
67.41049024,0.280759987753793
67.42049024,0.279595877802781
67.43049024,0.278251988120245
67.44049024,0.276931155456992
67.45049024,0.275624907637401
67.46049024,0.274303264276143
67.47049024,0.273006754146012
67.48049024,0.271844972620434
67.49049024,0.270539352172947
67.50049024,0.269324415980852
67.51049024,0.268145744382321
67.52049024,0.267078007442112
67.53049024,0.266093550641263
67.54049024,0.265145037648552
67.55049024,0.264190926107092
67.56049024,0.26327286293259
67.57049024,0.262542260322718
67.58049024,0.261747392557042
67.59049024,0.261026130695072
67.60049024,0.260157880969979
67.61049024,0.259504166661782
67.62049024,0.259046471992285
67.63049024,0.258626293868669
67.64049024,0.258343383741334
67.65049024,0.258075797224724
67.66049024,0.257714190798095
67.67049024,0.257389989901211
67.68049024,0.257182002137996
67.69049024,0.257025610861061
67.70049024,0.256885827796561
67.71049024,0.256776413030976
67.72049024,0.256774348222115
67.73049024,0.256875801078692
67.74049024,0.257123727002996
67.75049024,0.257323607953971
67.76049024,0.257957524930947
67.77049024,0.258535375778896
67.78049024,0.259161070756569
67.79049024,0.259779118300486
67.80049024,0.260822335620064
67.81049024,0.261843218866557
67.82049024,0.263424257897654
67.83049024,0.264722519149284
67.84049024,0.266261952753978
67.85049024,0.267847066522512
67.86049024,0.269578755589921
67.87049024,0.271444364693924
67.88049024,0.273347527289997
67.89049024,0.275268344772383
67.90049024,0.277437944570067
67.91049024,0.278962527017074
67.92049024,0.28168534944752
67.93049024,0.284068960413548
67.94049024,0.286328865196341
67.95049024,0.288441495021335
67.96049024,0.290646436669876
67.97049024,0.293218307838183
67.98049024,0.295866125901119
67.99049024,0.298322904109056
68.00049024,0.300763797974224
68.01049024,0.30337493366461
68.02049024,0.306568107410135
68.03049024,0.309722811201932
68.04049024,0.311913934379722
68.05049024,0.314418380370261
68.06049024,0.316936076029383
68.07049024,0.319533532615127
68.08049024,0.322016575302286
68.09049024,0.324526617525426
68.10049024,0.326633018812312
68.11049024,0.328844454114274
68.12049024,0.33044257094066
68.13049024,0.332967067486986
68.14049024,0.334878486384936
68.15049024,0.336431858198519
68.16049024,0.337633075680941
68.17049024,0.338657204093014
68.18049024,0.339427666286233
68.19049024,0.339926815919351
68.20049024,0.34022225679261
68.21049024,0.340298198293069
68.22049024,0.340282556362258
68.23049024,0.340198751425355
68.24049024,0.340012545071846
68.25049024,0.339722451683084
68.26049024,0.3392681667445
68.27049024,0.338702543406284
68.28049024,0.338087559541894
68.29049024,0.3373239283967
68.30049024,0.336437452631487
68.31049024,0.335426345254681
68.32049024,0.334271970521159
68.33049024,0.333123147066058
68.34049024,0.331717195570185
68.35049024,0.330153106659226
68.36049024,0.32784531551246
68.37049024,0.325926406359428
68.38049024,0.324054738177938
68.39049024,0.322205471426301
68.40049024,0.320264257730272
68.41049024,0.318382821808092
68.42049024,0.316336921641174
68.43049024,0.314538609329245
68.44049024,0.312868315591833
68.45049024,0.311059966655844
68.46049024,0.309325325441055
68.47049024,0.308395517003711
68.48049024,0.306836947620728
68.49049024,0.305115165164804
68.50049024,0.303430208365694
68.51049024,0.301733366630205
68.52049024,0.299987335240822
68.53049024,0.298372385690521
68.54049024,0.296654431770627
68.55049024,0.294827585232297
68.56049024,0.293079832166986
68.57049024,0.291349331978082
68.58049024,0.28972674086622
68.59049024,0.288287816053011
68.60049024,0.286757402940091
68.61049024,0.285335549220878
68.62049024,0.283967464819332
68.63049024,0.282684205389838
68.64049024,0.281506928532521
68.65049024,0.280392726308388
68.66049024,0.279152199647719
68.67049024,0.278013008022463
68.68049024,0.276870277682006
68.69049024,0.275785456990425
68.70049024,0.274708609478483
68.71049024,0.273601152026144
68.72049024,0.272441646856004
68.73049024,0.271364274885985
68.74049024,0.270304702372657
68.75049024,0.269345227065074
68.76049024,0.268327711981028
68.77049024,0.267389985611132
68.78049024,0.266454598604943
68.79049024,0.26567373036397
68.80049024,0.264941005024723
68.81049024,0.264195070723265
68.82049024,0.263490941199521
68.83049024,0.262906125808506
68.84049024,0.26240336664755
68.85049024,0.261921575385981
68.86049024,0.26118880711809
68.87049024,0.260378714234906
68.88049024,0.260156319868164
68.89049024,0.259982212148429
68.90049024,0.260047172446708
68.91049024,0.260019230882946
68.92049024,0.259880156594544
68.93049024,0.259798915421955
68.94049024,0.25974553513322
68.95049024,0.259708690173169
68.96049024,0.259701678835226
68.97049024,0.259774652626919
68.98049024,0.259908987011127
68.99049024,0.260241276779587
69.00049024,0.260664907184625
69.01049024,0.261044790997942
69.02049024,0.261579405443161
69.03049024,0.262403460986955
69.04049024,0.263832259319597
69.05049024,0.265343337200007
69.06049024,0.266596494749763
69.07049024,0.267984660569636
69.08049024,0.269553128401836
69.09049024,0.271258865089025
69.10049024,0.272915118573553
69.11049024,0.274738230276285
69.12049024,0.276741800320044
69.13049024,0.278871526900824
69.14049024,0.280574347883139
69.15049024,0.28285055919723
69.16049024,0.285288309994968
69.17049024,0.287630391860967
69.18049024,0.289964392784415
69.19049024,0.291868973439452
69.20049024,0.293719533457159
69.21049024,0.295794365445135
69.22049024,0.298211923547008
69.23049024,0.300575047120306
69.24049024,0.30300327072473
69.25049024,0.305505530798409
69.26049024,0.307874102993088
69.27049024,0.310901255006091
69.28049024,0.313520091595308
69.29049024,0.316083347018926
69.30049024,0.318634115144414
69.31049024,0.320840579806294
69.32049024,0.32333088710862
69.33049024,0.325647523027908
69.34049024,0.327610112396098
69.35049024,0.329795283804991
69.36049024,0.331353755818371
69.37049024,0.333757796740868
69.38049024,0.335688415571652
69.39049024,0.336999796496302
69.40049024,0.338118891431243
69.41049024,0.339003140655321
69.42049024,0.339646515224351
69.43049024,0.340044941644586
69.44049024,0.340238788554948
69.45049024,0.340247002704063
69.46049024,0.340175638154138
69.47049024,0.340031692298277
69.48049024,0.339783383406478
69.49049024,0.339399069770495
69.50049024,0.338825739981184
69.51049024,0.338116255941292
69.52049024,0.337389330237794
69.53049024,0.33633065716976
69.54049024,0.335100351486796
69.55049024,0.333658271368835
69.56049024,0.332122360794137
69.57049024,0.330350404342821
69.58049024,0.328470186563137
69.59049024,0.325864112386258
69.60049024,0.323776323696353
69.61049024,0.32162080377044
69.62049024,0.319549925464938
69.63049024,0.317493914455839
69.64049024,0.315493207313643
69.65049024,0.313509142030557
69.66049024,0.311489773854654
69.67049024,0.310340819825969
69.68049024,0.308440371704756
69.69049024,0.305705449487611
69.70049024,0.303535534884551
69.71049024,0.301697080887297
69.72049024,0.299900456282447
69.73049024,0.298134602022376
69.74049024,0.296272270676489
69.75049024,0.294383144839058
69.76049024,0.292400940766136
69.77049024,0.290602328296718
69.78049024,0.289288118623298
69.79049024,0.288241585205165
69.80049024,0.285864086875066
69.81049024,0.283794262973572
69.82049024,0.282273676357332
69.83049024,0.280794483260503
69.84049024,0.279478604616478
69.85049024,0.278122019468841
69.86049024,0.276778921243985
69.87049024,0.276556945551913
69.88049024,0.275296520699693
69.89049024,0.274135430746177
69.90049024,0.272966977716583
69.91049024,0.271778470684551
69.92049024,0.270285174040731
69.93049024,0.26934007184044
69.94049024,0.268163746400938
69.95049024,0.267062827838169
69.96049024,0.265914236629273
69.97049024,0.264801047979967
69.98049024,0.263687138183552
69.99049024,0.262637652153527
70.00049024,0.261674969960105
70.01049024,0.260754513067826
70.02049024,0.25953744708897
70.03049024,0.258765849157361
70.04049024,0.258127947708302
70.05049024,0.257584445815994
70.06049024,0.25691476107195
70.07049024,0.256298365965895
70.08049024,0.255721551663483
70.09049024,0.25520842557285
70.10049024,0.254816441548463
70.11049024,0.254436953692255
70.12049024,0.254069368840358
70.13049024,0.253756884480583
70.14049024,0.253538961009543
70.15049024,0.253266748467188
70.16049024,0.253086168317703
70.17049024,0.252958111592677
70.18049024,0.25289806169048
70.19049024,0.252934961277178
70.20049024,0.253069875968749
70.21049024,0.253312270120482
70.22049024,0.253667613764348
70.23049024,0.254230401605333
70.24049024,0.254836581934154
70.25049024,0.25557863382597
70.26049024,0.256478039822036
70.27049024,0.257448364823656
70.28049024,0.258561127527592
70.29049024,0.259634346478457
70.30049024,0.260698239162275
70.31049024,0.262006795249882
70.32049024,0.263754849931567
70.33049024,0.265358810392296
70.34049024,0.267061971921005
70.35049024,0.268849073564645
70.36049024,0.270558275359955
70.37049024,0.27250405211052
70.38049024,0.274630412047614
70.39049024,0.276690425826828
70.40049024,0.278401895450647
70.41049024,0.280356362659217
70.42049024,0.282857722160803
70.43049024,0.286143620430316
70.44049024,0.288658783144762
70.45049024,0.291247222390383
70.46049024,0.29367181003005
70.47049024,0.296345868173608
70.48049024,0.299051289008748
70.49049024,0.301769027547646
70.50049024,0.304492815709473
70.51049024,0.306296464083625
70.52049024,0.308357101807666
70.53049024,0.311354171481088
70.54049024,0.313892163141834
70.55049024,0.316401549554146
70.56049024,0.318662152983875
70.57049024,0.321029808362745
70.58049024,0.3234837484737
70.59049024,0.325747031005333
70.60049024,0.327867162774061
70.61049024,0.329679713978689
70.62049024,0.331229812429294
70.63049024,0.333373209072518
70.64049024,0.335708987914676
70.65049024,0.33707513784451
70.66049024,0.338182432908661
70.67049024,0.339218217713294
70.68049024,0.339959131147124
70.69049024,0.340552057621483
70.70049024,0.340976636777381
70.71049024,0.341251390159717
70.72049024,0.341264563377496
70.73049024,0.341211292958102
70.74049024,0.341077549434483
70.75049024,0.340896039628194
70.76049024,0.340628455734388
70.77049024,0.340270887919815
70.78049024,0.339769648344058
70.79049024,0.339157584745486
70.80049024,0.338380206182009
70.81049024,0.337462184317009
70.82049024,0.336354461826778
70.83049024,0.335233618748732
70.84049024,0.333803294206715
70.85049024,0.332313205721956
70.86049024,0.330622304870169
70.87049024,0.328799121686378
70.88049024,0.326448930758841
70.89049024,0.32453178044774
70.90049024,0.322572873193223
70.91049024,0.320595873049856
70.92049024,0.318739094296745
70.93049024,0.316883863774932
70.94049024,0.315174148339442
70.95049024,0.313448740767245
70.96049024,0.311695510463681
70.97049024,0.310683489441495
70.98049024,0.308401106109933
70.99049024,0.307188795677813
71.00049024,0.305882434327926
71.01049024,0.304088974011811
71.02049024,0.302389477000592
71.03049024,0.300660582575293
71.04049024,0.298986510695518
71.05049024,0.297241494163699
71.06049024,0.295443039071712
71.07049024,0.293677625818066
71.08049024,0.292061841020296
71.09049024,0.290533363923726
71.10049024,0.288982841494302
71.11049024,0.287471404829241
71.12049024,0.285998696526551
71.13049024,0.284650559681992
71.14049024,0.283375985592699
71.15049024,0.282002497456596
71.16049024,0.280648224145349
71.17049024,0.278311416709923
71.18049024,0.277164629843998
71.19049024,0.276410686880788
71.20049024,0.2751744278774
71.21049024,0.273608681618685
71.22049024,0.272492308773265
71.23049024,0.271003096220788
71.24049024,0.269895878947299
71.25049024,0.268695318633112
71.26049024,0.267472996312566
71.27049024,0.266017681909827
71.28049024,0.265079325705742
71.29049024,0.263988282824464
71.30049024,0.263218083994601
71.31049024,0.262342716385153
71.32049024,0.261513217263325
71.33049024,0.26084226962801
71.34049024,0.260078526314862
71.35049024,0.259498779138797
71.36049024,0.25914561560585
71.37049024,0.258837654350714
71.38049024,0.25863838927866
71.39049024,0.258530547034653
71.40049024,0.258317980161467
71.41049024,0.258174277742441
71.42049024,0.258032401514088
71.43049024,0.25796797792608
71.44049024,0.257953426502187
71.45049024,0.258059527895801
71.46049024,0.258289764051015
71.47049024,0.258641041313624
71.48049024,0.259013153406031
71.49049024,0.259437250798874
71.50049024,0.260281722522037
71.51049024,0.260870407971705
71.52049024,0.262481887076918
71.53049024,0.263706847385745
71.54049024,0.265154684337299
71.55049024,0.266700259108973
71.56049024,0.268172322982039
71.57049024,0.269951862679263
71.58049024,0.271863646839624
71.59049024,0.273865271552471
71.60049024,0.27597995984458
71.61049024,0.2782337700574
71.62049024,0.280308626660148
71.63049024,0.282467900279167
71.64049024,0.284594100159222
71.65049024,0.287154176126291
71.66049024,0.289425929161616
71.67049024,0.291876570370778
71.68049024,0.294356247274228
71.69049024,0.296852050847902
71.70049024,0.299408121635235
71.71049024,0.301622870427606
71.72049024,0.30412066088665
71.73049024,0.306650021802492
71.74049024,0.309285861958515
71.75049024,0.311429337583616
71.76049024,0.313971349355497
71.77049024,0.316382630170179
71.78049024,0.319026708301709
71.79049024,0.321652478502512
71.80049024,0.324195039277361
71.81049024,0.326571405473183
71.82049024,0.328200852358301
71.83049024,0.330696217612707
71.84049024,0.333001586846078
71.85049024,0.33505790960449
71.86049024,0.336571192226276
71.87049024,0.337900678176021
71.88049024,0.33897613319734
71.89049024,0.339956995000345
71.90049024,0.340774750540126
71.91049024,0.341485345372987
71.92049024,0.34195696315384
71.93049024,0.342275628008907
71.94049024,0.342410199212693
71.95049024,0.342405454260344
71.96049024,0.342349398219414
71.97049024,0.342189364541111
71.98049024,0.341830124917579
71.99049024,0.341216477946745
72.00049024,0.340448693212719
72.01049024,0.33949416537135
72.02049024,0.338329191462606
72.03049024,0.337095448360071
72.04049024,0.33556800527663
72.05049024,0.333898959428099
72.06049024,0.332193791337408
72.07049024,0.330341043840642
72.08049024,0.328298966359812
72.09049024,0.326019437750462
72.10049024,0.324037076019051
72.11049024,0.322008228703807
72.12049024,0.320024949131053
72.13049024,0.3182482683208
72.14049024,0.316120479098221
72.15049024,0.314074574658687
72.16049024,0.312037589734796
72.17049024,0.31071845402518
72.18049024,0.308697101462476
72.19049024,0.306771221225393
72.20049024,0.304696698131991
72.21049024,0.302683915043152
72.22049024,0.300709326869095
72.23049024,0.298790996852514
72.24049024,0.297059945405527
72.25049024,0.295141652351511
72.26049024,0.293337622570287
72.27049024,0.291646233319126
72.28049024,0.290004542598767
72.29049024,0.288562720130896
72.30049024,0.287011087733525
72.31049024,0.285524843374746
72.32049024,0.284113525323111
72.33049024,0.282695511241923
72.34049024,0.281357299401875
72.35049024,0.280091288068957
72.36049024,0.278711908916123
72.37049024,0.277322274533261
72.38049024,0.275910489243977
72.39049024,0.274592442678341
72.40049024,0.273300062675268
72.41049024,0.272194479304392
72.42049024,0.270937067583311
72.43049024,0.26969990206604
72.44049024,0.268534549697041
72.45049024,0.267496705111682
72.46049024,0.266435119959089
72.47049024,0.265473770044734
72.48049024,0.26442096744321
72.49049024,0.263448178189053
72.50049024,0.262741821468895
72.51049024,0.261919883523867
72.52049024,0.261115260324057
72.53049024,0.260317297456662
72.54049024,0.259437908993195
72.55049024,0.25890131666867
72.56049024,0.258413158014036
72.57049024,0.258179039074144
72.58049024,0.257788809950772
72.59049024,0.257414613028523
72.60049024,0.257103527213846
72.61049024,0.256943868502865
72.62049024,0.256846808827302
72.63049024,0.256792214063483
72.64049024,0.256794340742792
72.65049024,0.256887506376851
72.66049024,0.25710731295261
72.67049024,0.257433090127017
72.68049024,0.257759123672646
72.69049024,0.25855836795792
72.70049024,0.258972967783077
72.71049024,0.259900890362777
72.72049024,0.260918207422566
72.73049024,0.262216415976954
72.74049024,0.26386244524208
72.75049024,0.265422804088973
72.76049024,0.267143987431732
72.77049024,0.268738660952405
72.78049024,0.270743721694091
72.79049024,0.272863143570358
72.80049024,0.274473647508952
72.81049024,0.276502171409496
72.82049024,0.279205924407576
72.83049024,0.281602862727539
72.84049024,0.284253200602667
72.85049024,0.286668570194574
72.86049024,0.289183389278651
72.87049024,0.291688296905114
72.88049024,0.294076237444378
72.89049024,0.296714806336545
72.90049024,0.299433461841479
72.91049024,0.302083066016236
72.92049024,0.304750467642337
72.93049024,0.307295685918241
72.94049024,0.309555423974272
72.95049024,0.311992673688453
72.96049024,0.314902815986364
72.97049024,0.317673996820376
72.98049024,0.32049260456533
72.99049024,0.323198530839932
73.00049024,0.325866565453485
73.01049024,0.328155979819225
73.02049024,0.330678857843844
73.03049024,0.333534504117026
73.04049024,0.336511747533793
73.05049024,0.338564369751427
73.06049024,0.340557781287107
73.07049024,0.342499666385266
73.08049024,0.344171884072035
73.09049024,0.345607233185918
73.10049024,0.346871092524231
73.11049024,0.348032073707995
73.12049024,0.348905127354106
73.13049024,0.349585749181925
73.14049024,0.350158618796478
73.15049024,0.35048446033575
73.16049024,0.350566322995477
73.17049024,0.35051435555252
73.18049024,0.350380404558874
73.19049024,0.350100886593765
73.20049024,0.349669415263973
73.21049024,0.349147908499885
73.22049024,0.348618000944144
73.23049024,0.347778048443498
73.24049024,0.346826603070385
73.25049024,0.345660463439886
73.26049024,0.344307616863496
73.27049024,0.342993830293759
73.28049024,0.341506800892069
73.29049024,0.339743514858935
73.30049024,0.337883019611503
73.31049024,0.335949791171227
73.32049024,0.334136860796255
73.33049024,0.332060751012211
73.34049024,0.329981150469788
73.35049024,0.327381636490627
73.36049024,0.325079869646732
73.37049024,0.323033601666861
73.38049024,0.321149827870225
73.39049024,0.319182311891715
73.40049024,0.317142440897419
73.41049024,0.315088819411334
73.42049024,0.313166098986812
73.43049024,0.311447241579436
73.44049024,0.310157920430158
73.45049024,0.30816394034569
73.46049024,0.306208351097232
73.47049024,0.304257635912627
73.48049024,0.302498877402732
73.49049024,0.300618449520989
73.50049024,0.298705498277556
73.51049024,0.296901325434861
73.52049024,0.295145273212167
73.53049024,0.29346935539856
73.54049024,0.292064725210698
73.55049024,0.290604661194417
73.56049024,0.289254684293651
73.57049024,0.287925387094065
73.58049024,0.286593860133399
73.59049024,0.285416526010429
73.60049024,0.284232349398687
73.61049024,0.283021650657281
73.62049024,0.281752434446279
73.63049024,0.280552917508088
73.64049024,0.279372644123643
73.65049024,0.278201726309561
73.66049024,0.277040307510014
73.67049024,0.275868637043248
73.68049024,0.274607820588022
73.69049024,0.273721899997906
73.70049024,0.272779771713505
73.71049024,0.271869034841922
73.72049024,0.270929408256489
73.73049024,0.270081335015505
73.74049024,0.269319792461452
73.75049024,0.268621483063882
73.76049024,0.267928322146959
73.77049024,0.267212447483591
73.78049024,0.266577702168349
73.79049024,0.266015999920801
73.80049024,0.2654995475286
73.81049024,0.265060676575255
73.82049024,0.264662710029276
73.83049024,0.264313124117443
73.84049024,0.263980143230011
73.85049024,0.263679951801193
73.86049024,0.263426408994955
73.87049024,0.263275604473521
73.88049024,0.263162073953855
73.89049024,0.263091379561058
73.90049024,0.263046091486956
73.91049024,0.263044534998384
73.92049024,0.263107360962326
73.93049024,0.263296444325897
73.94049024,0.263178494767974
73.95049024,0.263184394848067
73.96049024,0.263598283511011
73.97049024,0.26423932371206
73.98049024,0.265991587342893
73.99049024,0.266947179057059
74.00049024,0.268067353592394
74.01049024,0.269259560961567
74.02049024,0.270468583861004
74.03049024,0.271973229424893
74.04049024,0.273620129981477
74.05049024,0.275398368786955
74.06049024,0.277300705995824
74.07049024,0.279289419757399
74.08049024,0.281170769344592
74.09049024,0.28328266804319
74.10049024,0.285395526004086
74.11049024,0.287658556698459
74.12049024,0.289900082656221
74.13049024,0.29204375569457
74.14049024,0.294405654492105
74.15049024,0.296747448296521
74.16049024,0.299206268248501
74.17049024,0.301590995795073
74.18049024,0.303953304021393
74.19049024,0.306252295552042
74.20049024,0.308276555117822
74.21049024,0.310601008510444
74.22049024,0.313179370461188
74.23049024,0.315656907499143
74.24049024,0.31801563979871
74.25049024,0.320465562667159
74.26049024,0.322977298316837
74.27049024,0.325209952737813
74.28049024,0.327102253737519
74.29049024,0.329032788448198
74.30049024,0.331248565342959
74.31049024,0.333038609347984
74.32049024,0.335315712066119
74.33049024,0.336658489125258
74.34049024,0.337792408180945
74.35049024,0.338854918926822
74.36049024,0.339725395975338
74.37049024,0.340366381826485
74.38049024,0.340874639713601
74.39049024,0.341213775049826
74.40049024,0.341390304670969
74.41049024,0.341369748080727
74.42049024,0.341284205772966
74.43049024,0.341092988437036
74.44049024,0.340786222725522
74.45049024,0.340419062588919
74.46049024,0.339815933837766
74.47049024,0.339127432268629
74.48049024,0.338222673460168
74.49049024,0.337233459578407
74.50049024,0.336094816174723
74.51049024,0.334755788795374
74.52049024,0.333222176517951
74.53049024,0.331649740656643
74.54049024,0.330018320109834
74.55049024,0.327806481714678
74.56049024,0.325750261912015
74.57049024,0.323806013002069
74.58049024,0.321901599427412
74.59049024,0.320087687139195
74.60049024,0.318185329772569
74.61049024,0.316207679924106
74.62049024,0.314367202540018
74.63049024,0.312557522721703
74.64049024,0.311187354746764
74.65049024,0.309832345656629
74.66049024,0.308006365899536
74.67049024,0.306238272906198
74.68049024,0.304471883013137
74.69049024,0.302825179448253
74.70049024,0.301020435543368
74.71049024,0.299152572799034
74.72049024,0.297406506224025
74.73049024,0.295686974698229
74.74049024,0.294116910218948
74.75049024,0.292547314251769
74.76049024,0.290971205953725
74.77049024,0.289548703619752
74.78049024,0.288234716862809
74.79049024,0.286981515686195
74.80049024,0.285674161505915
74.81049024,0.284405881993387
74.82049024,0.283117543878432
74.83049024,0.281871848031975
74.84049024,0.280731847239782
74.85049024,0.279516315469694
74.86049024,0.278305561112635
74.87049024,0.277143149554186
74.88049024,0.276057401472407
74.89049024,0.27503175748533
74.90049024,0.274083705593567
74.91049024,0.27313912585711
74.92049024,0.272247421016763
74.93049024,0.2714483723392
74.94049024,0.270708607380124
74.95049024,0.270077706640692
74.96049024,0.2694834427879
74.97049024,0.268927915894889
74.98049024,0.268410082215409
74.99049024,0.267921479079432
75.00049024,0.267506102870107
75.01049024,0.267151673393629
75.02049024,0.26683188108352
75.03049024,0.266559465053168
75.04049024,0.266292685187662
75.05049024,0.266083603206001
75.06049024,0.265894125004458
75.07049024,0.265734093418154
75.08049024,0.26562044244696
75.09049024,0.265548919617816
75.10049024,0.26553250115615
75.11049024,0.265587756521997
75.12049024,0.265743310676581
75.13049024,0.26595772742536
75.14049024,0.266193031430064
75.15049024,0.266792554629164
75.16049024,0.267408275230107
75.17049024,0.268058772030154
75.18049024,0.26873191248714
75.19049024,0.269833825387419
75.20049024,0.270814567676388
75.21049024,0.271920376312836
75.22049024,0.273269958950141
75.23049024,0.274688584175081
75.24049024,0.276264410996167
75.25049024,0.277936253197625
75.26049024,0.279480513092093
75.27049024,0.281356369844997
75.28049024,0.283303237106875
75.29049024,0.28529328498
75.30049024,0.287422476025903
75.31049024,0.289390218855251
75.32049024,0.291649260289889
75.33049024,0.293952278539804
75.34049024,0.296273866580238
75.35049024,0.298651256250185
75.36049024,0.300846520254468
75.37049024,0.303226254519263
75.38049024,0.305692552954158
75.39049024,0.308204914715494
75.40049024,0.310786103115526
75.41049024,0.312504876477144
75.42049024,0.314947756146917
75.43049024,0.317425485700292
75.44049024,0.319948985894452
75.45049024,0.322559321209143
75.46049024,0.325020510021262
75.47049024,0.327154598048975
75.48049024,0.328999797912167
75.49049024,0.331466870097456
75.50049024,0.334263719487512
75.51049024,0.336429622445597
75.52049024,0.338262291769218
75.53049024,0.339931960320221
75.54049024,0.341630302729241
75.55049024,0.343170081887546
75.56049024,0.344491993379068
75.57049024,0.34565448288615
75.58049024,0.346638713296574
75.59049024,0.347445101523424
75.60049024,0.348052689728315
75.61049024,0.348408963292702
75.62049024,0.348548357838714
75.63049024,0.348525946228857
75.64049024,0.348445666505225
75.65049024,0.348290636856869
75.66049024,0.348022028916738
75.67049024,0.347607338149684
75.68049024,0.347109813006889
75.69049024,0.346485088759424
75.70049024,0.345580223427955
75.71049024,0.344533278694486
75.72049024,0.343371209573467
75.73049024,0.342062889138453
75.74049024,0.340612897719259
75.75049024,0.338820608830892
75.76049024,0.336886891482889
75.77049024,0.334801108106921
75.78049024,0.332652023350748
75.79049024,0.330606930338846
75.80049024,0.327879834639673
75.81049024,0.325466527011066
75.82049024,0.323364058195794
75.83049024,0.321365580916999
75.84049024,0.319543641887593
75.85049024,0.317648838804305
75.86049024,0.315686442637662
75.87049024,0.31394326991612
75.88049024,0.312506367909529
75.89049024,0.310151321117096
75.90049024,0.308839972009971
75.91049024,0.307146309997009
75.92049024,0.305165204707512
75.93049024,0.303148622290942
75.94049024,0.301224893597389
75.95049024,0.299211213564575
75.96049024,0.297119497612717
75.97049024,0.295069391963477
75.98049024,0.293043604553506
75.99049024,0.290792425882552
76.00049024,0.289198669927614
76.01049024,0.287840023317091
76.02049024,0.286126048213633
76.03049024,0.283786116844496
76.04049024,0.282860728492985
76.05049024,0.281340206765555
76.06049024,0.279533277435567
76.07049024,0.278171945620202
76.08049024,0.277269288011887
76.09049024,0.276488404044966
76.10049024,0.275142652550207
76.11049024,0.274138748056943
76.12049024,0.27267229004985
76.13049024,0.271661556182294
76.14049024,0.270428641582465
76.15049024,0.269314004016347
76.16049024,0.268429598971959
76.17049024,0.267487654746886
76.18049024,0.266540912937518
76.19049024,0.265739769529586
76.20049024,0.265045099652718
76.21049024,0.264392017047048
76.22049024,0.263814495699417
76.23049024,0.263302676455568
76.24049024,0.262756019428703
76.25049024,0.262335480576394
76.26049024,0.262142837237982
76.27049024,0.262325286896154
76.28049024,0.262169727344908
76.29049024,0.262062391278804
76.30049024,0.261983349992713
76.31049024,0.261906255178996
76.32049024,0.261876117842097
76.33049024,0.261901439962999
76.34049024,0.262002172249469
76.35049024,0.262192093786528
76.36049024,0.262200218859328
76.37049024,0.262032210268899
76.38049024,0.262623480509451
76.39049024,0.263862549375639
76.40049024,0.265140149906776
76.41049024,0.266059801431692
76.42049024,0.267239473048901
76.43049024,0.268603160062701
76.44049024,0.27009406276148
76.45049024,0.271681923464246
76.46049024,0.273235841677878
76.47049024,0.275007182616745
76.48049024,0.276959909834949
76.49049024,0.279021030364907
76.50049024,0.280954384902877
76.51049024,0.283108125853933
76.52049024,0.28528311943622
76.53049024,0.287552929700164
76.54049024,0.289767811329158
76.55049024,0.292053884641153
76.56049024,0.2942033437495
76.57049024,0.296497609794271
76.58049024,0.298849715213086
76.59049024,0.301242592976622
76.60049024,0.303615091514842
76.61049024,0.305871825220266
76.62049024,0.308020537672427
76.63049024,0.310282021748774
76.64049024,0.312279865009306
76.65049024,0.314821910711309
76.66049024,0.317132104525145
76.67049024,0.319570531645677
76.68049024,0.321961430648153
76.69049024,0.324350919243947
76.70049024,0.326525600806318
76.71049024,0.328567417252698
76.72049024,0.330252204968402
76.73049024,0.331951179799021
76.74049024,0.33376742005281
76.75049024,0.335307605013826
76.76049024,0.336276392525777
76.77049024,0.336926671123353
76.78049024,0.337411139601876
76.79049024,0.337619409206563
76.80049024,0.33758089780714
76.81049024,0.337443878335921
76.82049024,0.337158355993137
76.83049024,0.33681176416677
76.84049024,0.336183897906584
76.85049024,0.335364707285278
76.86049024,0.334389488899992
76.87049024,0.33316964141239
76.88049024,0.331625790161446
76.89049024,0.32969993756569
76.90049024,0.327890397981285
76.91049024,0.326016729580131
76.92049024,0.323976246249521
76.93049024,0.321902749636119
76.94049024,0.319960406079673
76.95049024,0.317806863619146
76.96049024,0.315596526474409
76.97049024,0.313494476315847
76.98049024,0.311705307379563
76.99049024,0.309899611101374
77.00049024,0.307387549163097
77.01049024,0.305415570176201
77.02049024,0.303646412441031
77.03049024,0.302080372014165
77.04049024,0.3006318185052
77.05049024,0.29900425185403
77.06049024,0.297455386739803
77.07049024,0.295924912913186
77.08049024,0.29431435147007
77.09049024,0.292785099501248
77.10049024,0.291338622694155
77.11049024,0.289718056057758
77.12049024,0.2894002753474
77.13049024,0.287967509652984
77.14049024,0.286636372503979
77.15049024,0.285307489318663
77.16049024,0.28403928062576
77.17049024,0.28276619207622
77.18049024,0.281547360715667
77.19049024,0.280481557880106
77.20049024,0.27940935684718
77.21049024,0.278323162192663
77.22049024,0.277216084383068
77.23049024,0.276182242445106
77.24049024,0.275171388856807
77.25049024,0.274179278256613
77.26049024,0.273133371313061
77.27049024,0.272134783318195
77.28049024,0.271131362081943
77.29049024,0.270169530978768
77.30049024,0.269333813009268
77.31049024,0.268459073064396
77.32049024,0.26758022603935
77.33049024,0.266707271166577
77.34049024,0.265940434122354
77.35049024,0.265266121750128
77.36049024,0.264614865125429
77.37049024,0.263948979010719
77.38049024,0.263256604251155
77.39049024,0.262699373140117
77.40049024,0.262202341780391
77.41049024,0.261827519217075
77.42049024,0.261137595389345
77.43049024,0.260494702067208
77.44049024,0.26033209792545
77.45049024,0.260195535077689
77.46049024,0.260765250981775
77.47049024,0.260448823908161
77.48049024,0.260793645066324
77.49049024,0.26088696634753
77.50049024,0.261097016892215
77.51049024,0.261467949070722
77.52049024,0.261246572696596
77.53049024,0.26179900789217
77.54049024,0.262704488334354
77.55049024,0.264396063456855
77.56049024,0.265784513731909
77.57049024,0.266957100146854
77.58049024,0.268461548683661
77.59049024,0.270107541991642
77.60049024,0.27184798576036
77.61049024,0.273605868783087
77.62049024,0.27554481040875
77.63049024,0.277690360341442
77.64049024,0.279894791138099
77.65049024,0.282158995933518
77.66049024,0.284075296439974
77.67049024,0.286332382479774
77.68049024,0.288315939428961
77.69049024,0.290824197211564
77.70049024,0.29347868223881
77.71049024,0.296153866652892
77.72049024,0.299583349882319
77.73049024,0.302280583035137
77.74049024,0.305020045679105
77.75049024,0.307643193712842
77.76049024,0.310285468321862
77.77049024,0.311990570139158
77.78049024,0.31482690745874
77.79049024,0.317506784469675
77.80049024,0.320194276611202
77.81049024,0.32300075325194
77.82049024,0.325354996750344
77.83049024,0.327875351904879
77.84049024,0.330143594549287
77.85049024,0.33274822689166
77.86049024,0.335557686057384
77.87049024,0.337599653987206
77.88049024,0.339415397679722
77.89049024,0.341171779707998
77.90049024,0.342743420285842
77.91049024,0.344118188234211
77.92049024,0.34515595783215
77.93049024,0.345973495519007
77.94049024,0.346565796419521
77.95049024,0.346995033382369
77.96049024,0.347162173203633
77.97049024,0.347110330390683
77.98049024,0.3470092246247
77.99049024,0.346849106303414
78.00049024,0.34652897957112
78.01049024,0.346065925655555
78.02049024,0.34532511061421
78.03049024,0.344450801156943
78.04049024,0.343493992444959
78.05049024,0.342274470288746
78.06049024,0.340810419486283
78.07049024,0.339177835436646
78.08049024,0.337341871189355
78.09049024,0.335471831765615
78.10049024,0.333487439302203
78.11049024,0.331310106076416
78.12049024,0.329096398608032
78.13049024,0.326191872223445
78.14049024,0.323934765962313
78.15049024,0.321781337845066
78.16049024,0.319624062785078
78.17049024,0.317410696522521
78.18049024,0.315095301964218
78.19049024,0.312909797363968
78.20049024,0.311400527015114
78.21049024,0.309523875868275
78.22049024,0.30734955788144
78.23049024,0.305224092209507
78.24049024,0.3031716444584
78.25049024,0.301183594415714
78.26049024,0.298997894892422
78.27049024,0.296947538599012
78.28049024,0.294883637476048
78.29049024,0.292832682045023
78.30049024,0.290377164706158
78.31049024,0.289105534427363
78.32049024,0.287383153895199
78.33049024,0.28487052861264
78.34049024,0.283873216544925
78.35049024,0.282956236548031
78.36049024,0.281534296562543
78.37049024,0.280212079888301
78.38049024,0.27863838327722
78.39049024,0.276781714979195
78.40049024,0.276344218094753
78.41049024,0.275568275452617
78.42049024,0.274518109383421
78.43049024,0.273479597445109
78.44049024,0.272538432161217
78.45049024,0.271714234962464
78.46049024,0.270840847712319
78.47049024,0.270040779147029
78.48049024,0.269308295177545
78.49049024,0.268612883454928
78.50049024,0.26792937886689
78.51049024,0.267339831815132
78.52049024,0.266758283926729
78.53049024,0.266259016385813
78.54049024,0.265839302047936
78.55049024,0.265482115498804
78.56049024,0.265165125086207
78.57049024,0.264903265041655
78.58049024,0.264676345740982
78.59049024,0.264484952727542
78.60049024,0.264331979769974
78.61049024,0.264208406379342
78.62049024,0.264114869012166
78.63049024,0.264034352476563
78.64049024,0.263982154037095
78.65049024,0.264012726443217
78.66049024,0.264126732166343
78.67049024,0.264379809050143
78.68049024,0.264770690399316
78.69049024,0.265260813185521
78.70049024,0.265627602192717
78.71049024,0.266258681507686
78.72049024,0.267419196371664
78.73049024,0.268327345476415
78.74049024,0.269647247604091
78.75049024,0.270960772343012
78.76049024,0.272251697493889
78.77049024,0.273794603112266
78.78049024,0.27540038693016
78.79049024,0.277130319417389
78.80049024,0.278934121622595
78.81049024,0.280660305178345
78.82049024,0.282606708345505
78.83049024,0.284600117089458
78.84049024,0.286699882706456
78.85049024,0.288821528998255
78.86049024,0.291028846545684
78.87049024,0.293086822682095
78.88049024,0.295364054879809
78.89049024,0.297694773924524
78.90049024,0.300105216857055
78.91049024,0.302534806403666
78.92049024,0.305049837254649
78.93049024,0.307370528750246
78.94049024,0.310030247372875
78.95049024,0.312212120581482
78.96049024,0.314672691465104
78.97049024,0.317303446879726
78.98049024,0.319734371836408
78.99049024,0.322346607569325
79.00049024,0.32484522900783
79.01049024,0.32735735491423
79.02049024,0.329468816232935
79.03049024,0.332491552733605
79.04049024,0.335073150845262
79.05049024,0.337096100348806
79.06049024,0.339191386095109
79.07049024,0.341140972420022
79.08049024,0.343048757919832
79.09049024,0.344736536439807
79.10049024,0.346240756922749
79.11049024,0.347644258362611
79.12049024,0.348885494199943
79.13049024,0.34984274072263
79.14049024,0.350693077848864
79.15049024,0.351243200472558
79.16049024,0.351528727281087
79.17049024,0.351599215341975
79.18049024,0.351545565018442
79.19049024,0.351437911581313
79.20049024,0.351249654594686
79.21049024,0.350969156144124
79.22049024,0.350573981235817
79.23049024,0.35003885495724
79.24049024,0.349448590138212
79.25049024,0.348787978853149
79.26049024,0.348038314647597
79.27049024,0.347105576209359
79.28049024,0.345965963784532
79.29049024,0.344602182045731
79.30049024,0.343093472226657
79.31049024,0.341662667072472
79.32049024,0.340018273475356
79.33049024,0.338136036120656
79.34049024,0.336247432207062
79.35049024,0.334329228518765
79.36049024,0.332529595490997
79.37049024,0.330580493598064
79.38049024,0.328514313610875
79.39049024,0.326114098986963
79.40049024,0.32434442739345
79.41049024,0.322503501421403
79.42049024,0.32092299969512
79.43049024,0.31929519149809
79.44049024,0.317577516188436
79.45049024,0.315808324747242
79.46049024,0.314095634280507
79.47049024,0.313202151698428
79.48049024,0.310540894103173
79.49049024,0.308966008527029
79.50049024,0.307364465573605
79.51049024,0.305385715700801
79.52049024,0.303357924861086
79.53049024,0.301577817973507
79.54049024,0.299637007002349
79.55049024,0.297782029668737
79.56049024,0.295995086736833
79.57049024,0.294346672260855
79.58049024,0.292999581613227
79.59049024,0.29164948618552
79.60049024,0.290342410704208
79.61049024,0.28913586051844
79.62049024,0.287928596604938
79.63049024,0.286789966042902
79.64049024,0.285584228344568
79.65049024,0.284345995791173
79.66049024,0.283107101769614
79.67049024,0.281761418515736
79.68049024,0.280585491392988
79.69049024,0.27925697103943
79.70049024,0.277904665449381
79.71049024,0.276637624057663
79.72049024,0.275454410281606
79.73049024,0.274425519879087
79.74049024,0.273340775041136
79.75049024,0.272364859442836
79.76049024,0.271482355671325
79.77049024,0.270665435637086
79.78049024,0.26997710178196
79.79049024,0.269366270831288
79.80049024,0.268735637807663
79.81049024,0.268082568305903
79.82049024,0.267439296374108
79.83049024,0.266846723929594
79.84049024,0.266324027148402
79.85049024,0.265831929825084
79.86049024,0.265329971734987
79.87049024,0.264857024122482
79.88049024,0.264393610977078
79.89049024,0.26398541431533
79.90049024,0.263620074231416
79.91049024,0.263336947578176
79.92049024,0.263198089818636
79.93049024,0.263119882543105
79.94049024,0.263097804902697
79.95049024,0.263106423061613
79.96049024,0.263182801541061
79.97049024,0.263353315969276
79.98049024,0.263526963764164
79.99049024,0.263703541523985
80.00049024,0.264149126760517
80.01049024,0.264947656563762
80.02049024,0.265654881126047
80.03049024,0.266316231264845
80.04049024,0.267511052230942
80.05049024,0.268559045206757
80.06049024,0.269706945230908
80.07049024,0.271075538204098
80.08049024,0.272585752396806
80.09049024,0.274249516704896
80.10049024,0.275876224823509
80.11049024,0.277714812459972
80.12049024,0.279684046461383
80.13049024,0.281827162217228
80.14049024,0.284065408192645
80.15049024,0.286224748808965
80.16049024,0.288489465429709
80.17049024,0.290811274763729
80.18049024,0.29328252464575
80.19049024,0.295713037217896
80.20049024,0.298173146397935
80.21049024,0.300434031532387
80.22049024,0.302851975666289
80.23049024,0.305267444622003
80.24049024,0.30764042813319
80.25049024,0.309614748365147
80.26049024,0.311988051120255
80.27049024,0.314355805786203
80.28049024,0.316902680964023
80.29049024,0.319538334521348
80.30049024,0.322134741930181
80.31049024,0.324712306755276
80.32049024,0.327117763951874
80.33049024,0.329164948451313
80.34049024,0.331379691041234
80.35049024,0.334305525814534
80.36049024,0.33650221999862
80.37049024,0.338298141472902
80.38049024,0.339957239634334
80.39049024,0.341402484363969
80.40049024,0.34275835969756
80.41049024,0.343923664788641
80.42049024,0.344854566010455
80.43049024,0.345672215403833
80.44049024,0.3463065760177
80.45049024,0.346817497242334
80.46049024,0.347124566946521
80.47049024,0.347228002257417
80.48049024,0.347189471812351
80.49049024,0.347113649645914
80.50049024,0.346938571962487
80.51049024,0.346654649655003
80.52049024,0.346163080342053
80.53049024,0.345516087598026
80.54049024,0.34478410740667
80.55049024,0.343871570973106
80.56049024,0.342830321531671
80.57049024,0.341723003600197
80.58049024,0.340401014534627
80.59049024,0.339055298752736
80.60049024,0.337545133370203
80.61049024,0.335994750232564
80.62049024,0.334379339096218
80.63049024,0.332713680534808
80.64049024,0.330828530153586
80.65049024,0.329412776718293
80.66049024,0.327422149252072
80.67049024,0.325754275831385
80.68049024,0.32412557977215
80.69049024,0.322624682307727
80.70049024,0.321094677261011
80.71049024,0.319517005627825
80.72049024,0.317859938035506
80.73049024,0.316028598634796
80.74049024,0.31424840279546
80.75049024,0.313139938590976
80.76049024,0.311621486493926
80.77049024,0.308970081851312
80.78049024,0.306725247284644
80.79049024,0.304962072854781
80.80049024,0.303423098865879
80.81049024,0.301878702583072
80.82049024,0.300419255476447
80.83049024,0.298935737800744
80.84049024,0.297495952428098
80.85049024,0.296223937738011
80.86049024,0.295003057740127
80.87049024,0.293694365830933
80.88049024,0.292415718382434
80.89049024,0.291158438679227
80.90049024,0.289853868299454
80.91049024,0.288697846745123
80.92049024,0.287401210512003
80.93049024,0.286062818514605
80.94049024,0.284765826795757
80.95049024,0.283632079989808
80.96049024,0.282538254589509
80.97049024,0.281373253976647
80.98049024,0.28036852218166
80.99049024,0.279438734306535
81.00049024,0.278547209491481
81.01049024,0.277645949528435
81.02049024,0.276780315818145
81.03049024,0.27598588624673
81.04049024,0.275711190948326
81.05049024,0.275361849937703
81.06049024,0.274614233357933
81.07049024,0.273838625126496
81.08049024,0.273064758155725
81.09049024,0.272325409159026
81.10049024,0.271586278957805
81.11049024,0.270939549419035
81.12049024,0.270286164600785
81.13049024,0.269683950268926
81.14049024,0.269157209655673
81.15049024,0.268708782669124
81.16049024,0.268300517058324
81.17049024,0.267976615700141
81.18049024,0.267725868455714
81.19049024,0.267569080739968
81.20049024,0.267461992566316
81.21049024,0.267384401581604
81.22049024,0.267340617429261
81.23049024,0.267317313581648
81.24049024,0.267321191914172
81.25049024,0.267396278561272
81.26049024,0.267539059416718
81.27049024,0.267732762809536
81.28049024,0.267979416153996
81.29049024,0.268275859859453
81.30049024,0.268689577153172
81.31049024,0.269657254675565
81.32049024,0.270418836025709
81.33049024,0.271349386267551
81.34049024,0.272746080762171
81.35049024,0.274084985411036
81.36049024,0.275623081178834
81.37049024,0.27732374759241
81.38049024,0.278980700614167
81.39049024,0.28094304540487
81.40049024,0.283011217203512
81.41049024,0.285166107932537
81.42049024,0.287434946886906
81.43049024,0.289542742222207
81.44049024,0.291938937003662
81.45049024,0.294395503191794
81.46049024,0.296819428172804
81.47049024,0.299498408282843
81.48049024,0.302033729021085
81.49049024,0.304529947310008
81.50049024,0.307151876334708
81.51049024,0.309151863028473
81.52049024,0.311738991026123
81.53049024,0.314287028269997
81.54049024,0.316709743244486
81.55049024,0.319377719014963
81.56049024,0.322098111454288
81.57049024,0.324750334589324
81.58049024,0.327371239652917
81.59049024,0.329674561316577
81.60049024,0.332531253902642
81.61049024,0.335220369928733
81.62049024,0.337985997894756
81.63049024,0.34020052119432
81.64049024,0.34212873863013
81.65049024,0.3438978833866
81.66049024,0.345536338523767
81.67049024,0.346942263846707
81.68049024,0.348122186683219
81.69049024,0.348983675553007
81.70049024,0.349619510331662
81.71049024,0.350124776430904
81.72049024,0.350330122368969
81.73049024,0.350320489853359
81.74049024,0.350221999939745
81.75049024,0.350033179939766
81.76049024,0.349714687168681
81.77049024,0.349330915097339
81.78049024,0.348867557001651
81.79049024,0.348255313608894
81.80049024,0.347513320826801
81.81049024,0.346625132230171
81.82049024,0.345442152602764
81.83049024,0.344107691426931
81.84049024,0.342768672988478
81.85049024,0.341278886606922
81.86049024,0.339541974395648
81.87049024,0.337688652385918
81.88049024,0.335751801618378
81.89049024,0.333801202063927
81.90049024,0.331840200883207
81.91049024,0.3298233294722
81.92049024,0.32767075533543
81.93049024,0.325055068407005
81.94049024,0.323165569094626
81.95049024,0.321244039390856
81.96049024,0.319344372855548
81.97049024,0.317499324531562
81.98049024,0.315473220200013
81.99049024,0.313588771478401
82.00049024,0.311777143416059
82.01049024,0.310538471002169
82.02049024,0.307921781419006
82.03049024,0.305435950890266
82.04049024,0.303529816194486
82.05049024,0.301757338209199
82.06049024,0.299990295721662
82.07049024,0.298169711840273
82.08049024,0.29646835184394
82.09049024,0.294885474160753
82.10049024,0.293469878192426
82.11049024,0.292091081337381
82.12049024,0.290824777612059
82.13049024,0.289504048826515
82.14049024,0.28827459986296
82.15049024,0.287066379882849
82.16049024,0.285889224338375
82.17049024,0.284667589297523
82.18049024,0.283519735092374
82.19049024,0.282317071856935
82.20049024,0.281063293501982
82.21049024,0.279996002057787
82.22049024,0.278855292662954
82.23049024,0.277718170557221
82.24049024,0.276637020665485
82.25049024,0.275654373767072
82.26049024,0.27562256798443
82.27049024,0.274819851414538
82.28049024,0.273945417938315
82.29049024,0.273123835478742
82.30049024,0.272353428674324
82.31049024,0.271671474433643
82.32049024,0.27096099215043
82.33049024,0.27026110552457
82.34049024,0.269587310809949
82.35049024,0.26896753882337
82.36049024,0.268331731547815
82.37049024,0.267756048670663
82.38049024,0.267143613958896
82.39049024,0.26664050445546
82.40049024,0.26621673129587
82.41049024,0.265878746145893
82.42049024,0.26557819109873
82.43049024,0.265318026680533
82.44049024,0.265148832282924
82.45049024,0.265025192822992
82.46049024,0.264937081455194
82.47049024,0.264854909573961
82.48049024,0.264823552417012
82.49049024,0.264826541342938
82.50049024,0.264890806321911
82.51049024,0.265046478554475
82.52049024,0.265324445738047
82.53049024,0.265623275645999
82.54049024,0.26590973318807
82.55049024,0.266317162644764
82.56049024,0.267225632417678
82.57049024,0.267992955389897
82.58049024,0.268858260706525
82.59049024,0.269741748096331
82.60049024,0.270807575674379
82.61049024,0.272010144248892
82.62049024,0.273402065231133
82.63049024,0.2747930732386
82.64049024,0.276252221315713
82.65049024,0.277942688825639
82.66049024,0.279705867561101
82.67049024,0.281625907678338
82.68049024,0.283584980139026
82.69049024,0.285558439486903
82.70049024,0.287746369236015
82.71049024,0.289918581658876
82.72049024,0.292198872466796
82.73049024,0.2942611683817
82.74049024,0.296542864879867
82.75049024,0.298868398863036
82.76049024,0.301167756580629
82.77049024,0.303620387199597
82.78049024,0.305985338731847
82.79049024,0.307910494646899
82.80049024,0.30993836574012
82.81049024,0.312450605753775
82.82049024,0.314960370112132
82.83049024,0.317316807651581
82.84049024,0.319559708439502
82.85049024,0.321674032398174
82.86049024,0.323818149559593
82.87049024,0.32547984873384
82.88049024,0.327508882078596
82.89049024,0.329010397791807
82.90049024,0.330393286750074
82.91049024,0.331933520101126
82.92049024,0.333036312598903
82.93049024,0.334456113068259
82.94049024,0.335030519344303
82.95049024,0.335373714776167
82.96049024,0.335597274857628
82.97049024,0.335694585892517
82.98049024,0.335669763025975
82.99049024,0.335613187902326
83.00049024,0.335509305245212
83.01049024,0.335341737934706
83.02049024,0.335064927291429
83.03049024,0.334581039220018
83.04049024,0.333921551972839
83.05049024,0.333100538564227
83.06049024,0.331490941323756
83.07049024,0.330994917083316
83.08049024,0.329591955964932
83.09049024,0.327666779492768
83.10049024,0.325641178417119
83.11049024,0.323854352170883
83.12049024,0.322022576895839
83.13049024,0.320359900345717
83.14049024,0.318592692691807
83.15049024,0.316755100637483
83.16049024,0.314983530828532
83.17049024,0.313263631259283
83.18049024,0.3116160082009
83.19049024,0.310056735409427
83.20049024,0.308935551871386
83.21049024,0.306791180878585
83.22049024,0.304563078617722
83.23049024,0.30299297122786
83.24049024,0.301356565934111
83.25049024,0.299606860975769
83.26049024,0.29786596275027
83.27049024,0.296155957388832
83.28049024,0.294498314203165
83.29049024,0.292900776116531
83.30049024,0.291313585661896
83.31049024,0.289666037786164
83.32049024,0.289346376885625
83.33049024,0.287986675833907
83.34049024,0.286711003494316
83.35049024,0.285438517866815
83.36049024,0.2841977969114
83.37049024,0.282959320370082
83.38049024,0.28175739691282
83.39049024,0.280662575283425
83.40049024,0.279515444358114
83.41049024,0.278335646894483
83.42049024,0.277127963478701
83.43049024,0.275999030654965
83.44049024,0.274902476900811
83.45049024,0.273847223616598
83.46049024,0.272717159563387
83.47049024,0.271648467840696
83.48049024,0.270560053385381
83.49049024,0.269620274745388
83.50049024,0.268711023398162
83.51049024,0.267789729865527
83.52049024,0.266885450882063
83.53049024,0.266083515249796
83.54049024,0.265386288175882
83.55049024,0.264641889547189
83.56049024,0.26393469973097
83.57049024,0.263225032280004
83.58049024,0.262638667446788
83.59049024,0.262106991172644
83.60049024,0.261647077666181
83.61049024,0.2612840557299
83.62049024,0.261017714410344
83.63049024,0.26078405876275
83.64049024,0.260595503061568
83.65049024,0.260442461925183
83.66049024,0.260348659114062
83.67049024,0.260326207716106
83.68049024,0.260401664621779
83.69049024,0.26059702510593
83.70049024,0.260969701134238
83.71049024,0.260839711575448
83.72049024,0.261298393431558
83.73049024,0.262093893193598
83.74049024,0.263441049179784
83.75049024,0.26494325325958
83.76049024,0.266111663240392
83.77049024,0.26746279625966
83.78049024,0.269009881317625
83.79049024,0.27072774247774
83.80049024,0.272422594889819
83.81049024,0.274317760944595
83.82049024,0.276384545189366
83.83049024,0.278471357115855
83.84049024,0.280486369909705
83.85049024,0.282797839759108
83.86049024,0.285190309480605
83.87049024,0.28754738692304
83.88049024,0.289962573085068
83.89049024,0.291869887844424
83.90049024,0.293845960006035
83.91049024,0.296808360238466
83.92049024,0.29929550153277
83.93049024,0.301594032571588
83.94049024,0.303955319180263
83.95049024,0.306368155768136
83.96049024,0.308885736703379
83.97049024,0.310391307164293
83.98049024,0.312963463466896
83.99049024,0.315516689231951
84.00049024,0.318024099867052
84.01049024,0.320447308363729
84.02049024,0.32262707636272
84.03049024,0.324808017145604
84.04049024,0.326911903195223
84.05049024,0.328545188408316
84.06049024,0.330620694950288
84.07049024,0.332221066033277
84.08049024,0.333826311680655
84.09049024,0.335627403172204
84.10049024,0.336845093036023
84.11049024,0.337943191313114
84.12049024,0.338828164338404
84.13049024,0.339626123641204
84.14049024,0.340270498350435
84.15049024,0.340820570964739
84.16049024,0.341262006234643
84.17049024,0.341500078773187
84.18049024,0.341540690088068
84.19049024,0.341479915779945
84.20049024,0.341375880799145
84.21049024,0.341193165098254
84.22049024,0.340842104164797
84.23049024,0.340438530566678
84.24049024,0.339780920845042
84.25049024,0.338930060212334
84.26049024,0.337828561304393
84.27049024,0.336524143997065
84.28049024,0.335052355750891
84.29049024,0.333475132688315
84.30049024,0.331668636582877
84.31049024,0.329757069902292
84.32049024,0.326970082985568
84.33049024,0.325016609249586
84.34049024,0.323027927093894
84.35049024,0.320862483104361
84.36049024,0.318844648244863
84.37049024,0.316596497841133
84.38049024,0.314505225107758
84.39049024,0.312513694431315
84.40049024,0.311011158815456
84.41049024,0.309155299516072
84.42049024,0.307046595131742
84.43049024,0.304929203033032
84.44049024,0.302939448847136
84.45049024,0.300983535298828
84.46049024,0.298842424265804
84.47049024,0.296881812350312
84.48049024,0.294846807369232
84.49049024,0.292950670124822
84.50049024,0.291173656019911
84.51049024,0.289372688952637
84.52049024,0.287665947408431
84.53049024,0.285685782108447
84.54049024,0.283496166719072
84.55049024,0.282717514032782
84.56049024,0.281530282578244
84.57049024,0.28006377392079
84.58049024,0.278561608037433
84.59049024,0.277119023850483
84.60049024,0.27545578841523
84.61049024,0.274362867409138
84.62049024,0.272760831322144
84.63049024,0.271621685796832
84.64049024,0.270217857046677
84.65049024,0.268851442623292
84.66049024,0.267814358498444
84.67049024,0.266629283313474
84.68049024,0.265298443969479
84.69049024,0.26410394841598
84.70049024,0.26314336377344
84.71049024,0.261326967043622
84.72049024,0.260271755004606
84.73049024,0.259542721297819
84.74049024,0.259090462546481
84.75049024,0.258724257845241
84.76049024,0.25820637113884
84.77049024,0.257807322443532
84.78049024,0.257522902184261
84.79049024,0.257402858712963
84.80049024,0.257214993927062
84.81049024,0.257184011867171
84.82049024,0.257325537978169
84.83049024,0.257613368819217
84.84049024,0.257825970784702
84.85049024,0.258070727996405
84.86049024,0.25849002248665
84.87049024,0.258760255178782
84.88049024,0.259640987934369
84.89049024,0.26085906738104
84.90049024,0.26195802613419
84.91049024,0.263220790475654
84.92049024,0.264756109460677
84.93049024,0.26642191574156
84.94049024,0.268134418597598
84.95049024,0.270145330548845
84.96049024,0.27226710050293
84.97049024,0.274478615331613
84.98049024,0.276707333631348
84.99049024,0.278776695776373
85.00049024,0.281082218939014
85.01049024,0.283667933036961
85.02049024,0.286121638354544
85.03049024,0.288192562452708
85.04049024,0.290625868461383
85.05049024,0.293344200821422
85.06049024,0.296149306037224
85.07049024,0.298946190368803
85.08049024,0.301388987494058
85.09049024,0.304010628993857
85.10049024,0.306736217686748
85.11049024,0.309797331022848
85.12049024,0.312505794546944
85.13049024,0.315276418620678
85.14049024,0.317853250602569
85.15049024,0.320442492443006
85.16049024,0.323337095208714
85.17049024,0.326039878281758
85.18049024,0.328583504428457
85.19049024,0.330977378640753
85.20049024,0.333932851109052
85.21049024,0.336160077150813
85.22049024,0.338644248248526
85.23049024,0.340602107164118
85.24049024,0.342328491375089
85.25049024,0.343862582761981
85.26049024,0.345215077861331
85.27049024,0.346287040840823
85.28049024,0.347196992095258
85.29049024,0.347806809587978
85.30049024,0.348181921510487
85.31049024,0.348318914866728
85.32049024,0.348279057297912
85.33049024,0.348157041023965
85.34049024,0.347916224446096
85.35049024,0.347612331103746
85.36049024,0.347193354196693
85.37049024,0.346628814872595
85.38049024,0.34582177733276
85.39049024,0.344869482026463
85.40049024,0.343899471860851
85.41049024,0.34273378563446
85.42049024,0.341398904904687
85.43049024,0.339855759636564
85.44049024,0.338149868977011
85.45049024,0.336353980530965
85.46049024,0.334616711772958
85.47049024,0.332689303217857
85.48049024,0.330734378433287
85.49049024,0.328441103904664
85.50049024,0.326129047966421
85.51049024,0.324375775390309
85.52049024,0.322499545719708
85.53049024,0.320616024175694
85.54049024,0.318814009354264
85.55049024,0.316916031309473
85.56049024,0.315065544568644
85.57049024,0.313513600534909
85.58049024,0.31167132115432
85.59049024,0.309870446784896
85.60049024,0.308642635967874
85.61049024,0.307064678560803
85.62049024,0.305458587424344
85.63049024,0.303742449121828
85.64049024,0.302090444235154
85.65049024,0.300442908710978
85.66049024,0.298786676581829
85.67049024,0.297453999059999
85.68049024,0.295977086128223
85.69049024,0.294528272165967
85.70049024,0.293242415567061
85.71049024,0.292048483684627
85.72049024,0.290942838623037
85.73049024,0.289812880892816
85.74049024,0.288769926644996
85.75049024,0.287668634483316
85.76049024,0.286585076907512
85.77049024,0.285543219103377
85.78049024,0.284624562308752
85.79049024,0.283600707464469
85.80049024,0.282570109347287
85.81049024,0.28161601264237
85.82049024,0.280694428513874
85.83049024,0.279809086075836
85.84049024,0.278949182588136
85.85049024,0.278126547021603
85.86049024,0.277360952743457
85.87049024,0.276646233251866
85.88049024,0.275913860472266
85.89049024,0.275244535430506
85.90049024,0.274623743532355
85.91049024,0.274011737154783
85.92049024,0.273376041058183
85.93049024,0.272752981657705
85.94049024,0.272246157588343
85.95049024,0.271766395549899
85.96049024,0.271295062981083
85.97049024,0.270915990900376
85.98049024,0.270591416899525
85.99049024,0.270311027435474
86.00049024,0.270124407595544
86.01049024,0.269988950257683
86.02049024,0.269892512597639
86.03049024,0.269844298141986
86.04049024,0.269817350707102
86.05049024,0.269848551092552
86.06049024,0.269957882016835
86.07049024,0.270130391728362
86.08049024,0.270409299256472
86.09049024,0.270638591920062
86.10049024,0.271165861450179
86.11049024,0.271862768897077
86.12049024,0.272557512147623
86.13049024,0.273265800022264
86.14049024,0.274317631632902
86.15049024,0.275560254447077
86.16049024,0.27679964301326
86.17049024,0.278127662002331
86.18049024,0.279632191494912
86.19049024,0.281295952163718
86.20049024,0.28301380381203
86.21049024,0.284666164474943
86.22049024,0.286613062183513
86.23049024,0.288573762254231
86.24049024,0.29062167576346
86.25049024,0.292753688417743
86.26049024,0.294942412629666
86.27049024,0.296886324752558
86.28049024,0.299250446185271
86.29049024,0.301571229072672
86.30049024,0.303952736111306
86.31049024,0.306071008959062
86.32049024,0.30851814416317
86.33049024,0.310807272641802
86.34049024,0.312797260912051
86.35049024,0.315255112603908
86.36049024,0.317591251014023
86.37049024,0.319675785219481
86.38049024,0.322157821023891
86.39049024,0.324769906167116
86.40049024,0.327165356735791
86.41049024,0.329465238270908
86.42049024,0.331514870837106
86.43049024,0.333797124515951
86.44049024,0.336318585083581
86.45049024,0.338305089438595
86.46049024,0.340009212664745
86.47049024,0.34181331809922
86.48049024,0.343352211255872
86.49049024,0.344763403628976
86.50049024,0.346027924038625
86.51049024,0.347115137531701
86.52049024,0.34789730522707
86.53049024,0.348520232473551
86.54049024,0.348893538145992
86.55049024,0.349064090407141
86.56049024,0.349075099667317
86.57049024,0.348999991911352
86.58049024,0.348864763859447
86.59049024,0.348605403357608
86.60049024,0.348173773053366
86.61049024,0.34751538443866
86.62049024,0.346714996538948
86.63049024,0.345751147213707
86.64049024,0.344523329629218
86.65049024,0.343170312790419
86.66049024,0.3417452628342
86.67049024,0.340067959215709
86.68049024,0.338367143395986
86.69049024,0.336484225828058
86.70049024,0.334523469249729
86.71049024,0.332488079122842
86.72049024,0.330461849042568
86.73049024,0.328475097699163
86.74049024,0.325926428822516
86.75049024,0.324032680978139
86.76049024,0.322103673441809
86.77049024,0.320243402508532
86.78049024,0.318616298708173
86.79049024,0.31673582986159
86.80049024,0.314821005950836
86.81049024,0.312956815362808
86.82049024,0.311153393137697
86.83049024,0.310119654275228
86.84049024,0.308200141198948
86.85049024,0.306317804796886
86.86049024,0.304455669224677
86.87049024,0.302658365431966
86.88049024,0.300974619171679
86.89049024,0.299359848471415
86.90049024,0.29773523925055
86.91049024,0.296088328062891
86.92049024,0.294555323949733
86.93049024,0.293162390839326
86.94049024,0.291911022203505
86.95049024,0.290669322117371
86.96049024,0.289472079288914
86.97049024,0.288268359218904
86.98049024,0.287081526969642
86.99049024,0.285963473865104
87.00049024,0.284868382059895
87.01049024,0.28369013695057
87.02049024,0.282469988307997
87.03049024,0.281335504137106
87.04049024,0.28020629126993
87.05049024,0.27912621695899
87.06049024,0.278051223652303
87.07049024,0.276998587837642
87.08049024,0.276021826662651
87.09049024,0.275067093788931
87.10049024,0.274188233665733
87.11049024,0.273481426691984
87.12049024,0.272708770610875
87.13049024,0.272050591360702
87.14049024,0.271440349075655
87.15049024,0.270919577685201
87.16049024,0.27049896276733
87.17049024,0.270098193404098
87.18049024,0.269856025610729
87.19049024,0.269660136358011
87.20049024,0.269497748614346
87.21049024,0.2693809441208
87.22049024,0.269274024204645
87.23049024,0.269166064162555
87.24049024,0.269077753474105
87.25049024,0.26903970036553
87.26049024,0.269081500433661
87.27049024,0.269249835965444
87.28049024,0.269559754131285
87.29049024,0.270023309890147
87.30049024,0.270415592876597
87.31049024,0.271379625953361
87.32049024,0.272188087918003
87.33049024,0.273248360338702
87.34049024,0.274467459009179
87.35049024,0.275874713178634
87.36049024,0.277378110892448
87.37049024,0.27903305129419
87.38049024,0.280693109311322
87.39049024,0.282614844765812
87.40049024,0.284592375043457
87.41049024,0.286738712701486
87.42049024,0.288619574341093
87.43049024,0.290735063669135
87.44049024,0.292914360373363
87.45049024,0.295106915446049
87.46049024,0.297277178883046
87.47049024,0.29958991222687
87.48049024,0.30159434620472
87.49049024,0.303862494287628
87.50049024,0.305998554757451
87.51049024,0.308249133296681
87.52049024,0.31051809251919
87.53049024,0.312109463991748
87.54049024,0.314586106514434
87.55049024,0.31704805725098
87.56049024,0.319532526783885
87.57049024,0.321734785565346
87.58049024,0.3241934970168
87.59049024,0.326316983333174
87.60049024,0.328301054627096
87.61049024,0.330821650623869
87.62049024,0.332943801411308
87.63049024,0.335205701982362
87.64049024,0.336909689107626
87.65049024,0.338502610376609
87.66049024,0.339865122290299
87.67049024,0.341095248785929
87.68049024,0.342192742744093
87.69049024,0.342931243292211
87.70049024,0.343588680594232
87.71049024,0.344027904406456
87.72049024,0.344228782878011
87.73049024,0.344225483914172
87.74049024,0.344118557248761
87.75049024,0.343958093365459
87.76049024,0.343691618871732
87.77049024,0.34324865790468
87.78049024,0.342606287433905
87.79049024,0.341815662954111
87.80049024,0.340789318053072
87.81049024,0.339460448300562
87.82049024,0.337911190039617
87.83049024,0.336077517722685
87.84049024,0.334088857615361
87.85049024,0.332181433958922
87.86049024,0.33011957876778
87.87049024,0.32722095153831
87.88049024,0.325147465933305
87.89049024,0.323048197330318
87.90049024,0.321166818262991
87.91049024,0.319331285021724
87.92049024,0.317476590132336
87.93049024,0.315571807333362
87.94049024,0.313796970359565
87.95049024,0.312099648623332
87.96049024,0.310990316038609
87.97049024,0.309169807333287
87.98049024,0.306413205891581
87.99049024,0.304045563387824
88.00049024,0.302175157076597
88.01049024,0.300291231888343
88.02049024,0.29817193048263
88.03049024,0.296152539979605
88.04049024,0.294279780398243
88.05049024,0.293189554180287
88.06049024,0.291777459088631
88.07049024,0.290005426410675
88.08049024,0.288401714018025
88.09049024,0.286846072063372
88.10049024,0.284670964898379
88.11049024,0.283115335684272
88.12049024,0.282569454217052
88.13049024,0.280345519796902
88.14049024,0.278871063629124
88.15049024,0.277519225895433
88.16049024,0.277068083332228
88.17049024,0.275531688890729
88.18049024,0.274380053786583
88.19049024,0.272949574170929
88.20049024,0.27169459816329
88.21049024,0.270589762179603
88.22049024,0.269371492211968
88.23049024,0.268095367913013
88.24049024,0.267225438410674
88.25049024,0.26629102304319
88.26049024,0.265474474432805
88.27049024,0.264710167781771
88.28049024,0.264010029080708
88.29049024,0.263351897089736
88.30049024,0.262537086789665
88.31049024,0.261538899525597
88.32049024,0.261102213495656
88.33049024,0.260810324313568
88.34049024,0.260567110133343
88.35049024,0.260362748218262
88.36049024,0.260197384484964
88.37049024,0.260100137869885
88.38049024,0.260655969946451
88.39049024,0.260328202615919
88.40049024,0.260078944328948
88.41049024,0.26009601650723
88.42049024,0.260238793942947
88.43049024,0.260823402097517
88.44049024,0.260904735627715
88.45049024,0.261187909682445
88.46049024,0.262393593782198
88.47049024,0.263368234299017
88.48049024,0.264437593324611
88.49049024,0.265633784723801
88.50049024,0.266959285023777
88.51049024,0.268259297903274
88.52049024,0.269880922662342
88.53049024,0.271570439977046
88.54049024,0.273403834464126
88.55049024,0.27534519229006
88.56049024,0.277404135466075
88.57049024,0.279309567243895
88.58049024,0.281422448633409
88.59049024,0.283472693874744
88.60049024,0.285084018688156
88.61049024,0.28804893922464
88.62049024,0.289197035889352
88.63049024,0.291402668694023
88.64049024,0.293744391702882
88.65049024,0.296068770483081
88.66049024,0.298446851811684
88.67049024,0.300727322529171
88.68049024,0.303090287674346
88.69049024,0.305398367945192
88.70049024,0.307977287642877
88.71049024,0.311031284596578
88.72049024,0.313723409668528
88.73049024,0.316236175332575
88.74049024,0.318625992198059
88.75049024,0.321143686279389
88.76049024,0.323645620776838
88.77049024,0.32596590977799
88.78049024,0.328140189891952
88.79049024,0.329924258625965
88.80049024,0.331857904147097
88.81049024,0.334438065988531
88.82049024,0.33605982464885
88.83049024,0.337430962956171
88.84049024,0.338631241735226
88.85049024,0.339625695153976
88.86049024,0.340409189188996
88.87049024,0.340998318692273
88.88049024,0.341344458200917
88.89049024,0.341370535909686
88.90049024,0.341277293750327
88.91049024,0.34104225074659
88.92049024,0.340695944424042
88.93049024,0.340180791800143
88.94049024,0.33946910667458
88.95049024,0.33860854867644
88.96049024,0.337712787394373
88.97049024,0.336591886817677
88.98049024,0.335352872064017
88.99049024,0.333984684725668
89.00049024,0.33268983299167
89.01049024,0.331225605916314
89.02049024,0.329580530174415
89.03049024,0.327190976693897
89.04049024,0.325394845918605
89.05049024,0.323530918971881
89.06049024,0.321762960622915
89.07049024,0.319841993295255
89.08049024,0.317899288693994
89.09049024,0.315812706602389
89.10049024,0.313881419130463
89.11049024,0.311878253135475
89.12049024,0.310886003331235
89.13049024,0.308752914251913
89.14049024,0.306063711761812
89.15049024,0.303900671093202
89.16049024,0.302104365548796
89.17049024,0.30050886491431
89.18049024,0.298634286190335
89.19049024,0.296875699545721
89.20049024,0.295157985055247
89.21049024,0.293424436605485
89.22049024,0.291893060780322
89.23049024,0.290265371300792
89.24049024,0.289211788494955
89.25049024,0.288241959327329
89.26049024,0.286706711915899
89.27049024,0.285415130941803
89.28049024,0.284082189409182
89.29049024,0.282768478855708
89.30049024,0.281540432489048
89.31049024,0.280424540172298
89.32049024,0.279443396998788
89.33049024,0.278418471847421
89.34049024,0.277478844327844
89.35049024,0.276608143563825
89.36049024,0.275749713489582
89.37049024,0.274891474722072
89.38049024,0.274169193786412
89.39049024,0.273379336333644
89.40049024,0.272577847889491
89.41049024,0.27177342576052
89.42049024,0.270973286092625
89.43049024,0.270239458186174
89.44049024,0.269452067694401
89.45049024,0.268698244567065
89.46049024,0.267954881094625
89.47049024,0.267174919687627
89.48049024,0.266508548743344
89.49049024,0.265936150435095
89.50049024,0.265356761978085
89.51049024,0.264812324239332
89.52049024,0.264315594321091
89.53049024,0.263831486473346
89.54049024,0.263195597577948
89.55049024,0.262605659183605
89.56049024,0.262296387072568
89.57049024,0.262033891186268
89.58049024,0.261941521085819
89.59049024,0.262045266206557
89.60049024,0.261959070588321
89.61049024,0.261905259659477
89.62049024,0.261869144162798
89.63049024,0.261853945887155
89.64049024,0.261859712815231
89.65049024,0.261887481465789
89.66049024,0.261954361605079
89.67049024,0.262050579899604
89.68049024,0.262238663150073
89.69049024,0.262487917523186
89.70049024,0.262868771875433
89.71049024,0.263387422770071
89.72049024,0.263213471327815
89.73049024,0.263780088156105
89.74049024,0.264646499176989
89.75049024,0.266390365188827
89.76049024,0.26790666511273
89.77049024,0.269278364508888
89.78049024,0.270672749308354
89.79049024,0.272272850811981
89.80049024,0.274028015640619
89.81049024,0.275899279696006
89.82049024,0.277855874777619
89.83049024,0.279853312890108
89.84049024,0.281814761844085
89.85049024,0.284000017657101
89.86049024,0.286135088432862
89.87049024,0.28841650595782
89.88049024,0.290662850109482
89.89049024,0.292837907206213
89.90049024,0.295070411295195
89.91049024,0.297401174386614
89.92049024,0.29990928610392
89.93049024,0.302326539318145
89.94049024,0.30485000095229
89.95049024,0.306644842863469
89.96049024,0.308317045323568
89.97049024,0.311135485912836
89.98049024,0.313565092350982
89.99049024,0.315957126004867
90.00049024,0.318303328254542
90.01049024,0.320352702881568
90.02049024,0.322587593932796
90.03049024,0.324482748746672
90.04049024,0.326320571172751
90.05049024,0.327963916855871
90.06049024,0.329699528219504
90.07049024,0.330842183891353
90.08049024,0.332525688944801
90.09049024,0.333967232601399
90.10049024,0.335196880095326
90.11049024,0.335861480626891
90.12049024,0.336419551085221
90.13049024,0.336739163155082
90.14049024,0.336875416987963
90.15049024,0.336856880056406
90.16049024,0.336804034734769
90.17049024,0.336675850620256
90.18049024,0.336488521695497
90.19049024,0.336196459477922
90.20049024,0.335857811312509
90.21049024,0.335330199334245
90.22049024,0.334783368968055
90.23049024,0.334072866478653
90.24049024,0.3332295379703
90.25049024,0.331805646482805
90.26049024,0.33054208273833
90.27049024,0.330033198277736
90.28049024,0.32850105180718
90.29049024,0.326516304515235
90.30049024,0.324960312917108
90.31049024,0.323313706257807
90.32049024,0.321811979761768
90.33049024,0.320152654481301
90.34049024,0.31852695368413
90.35049024,0.3168096506424
90.36049024,0.31513034629129
90.37049024,0.313512389673595
90.38049024,0.312001151653904
90.39049024,0.310677796440468
90.40049024,0.30887825194611
90.41049024,0.306894537346956
90.42049024,0.305885388251046
90.43049024,0.304146119422554
90.44049024,0.302490969793556
90.45049024,0.300616291509435
90.46049024,0.298691805088632
90.47049024,0.296798505517245
90.48049024,0.294822759561517
90.49049024,0.293007971191303
90.50049024,0.291248094531271
90.51049024,0.289487633811293
90.52049024,0.287816091046229
90.53049024,0.286203337282073
90.54049024,0.284775365218599
90.55049024,0.283413669085361
90.56049024,0.281983665334605
90.57049024,0.280652783039697
90.58049024,0.279336097470465
90.59049024,0.278033534662857
90.60049024,0.276802261257393
90.61049024,0.275518299072651
90.62049024,0.274262820398039
90.63049024,0.27298133513294
90.64049024,0.271721535228603
90.65049024,0.270547129004973
90.66049024,0.26941073647175
90.67049024,0.268273384691856
90.68049024,0.267198991470574
90.69049024,0.266163163817523
90.70049024,0.265286167308956
90.71049024,0.264419634637044
90.72049024,0.263532886553068
90.73049024,0.262770390441425
90.74049024,0.262064844031689
90.75049024,0.261471266667395
90.76049024,0.260987547234722
90.77049024,0.260214102688827
90.78049024,0.259950924695886
90.79049024,0.259662380361512
90.80049024,0.259426324658515
90.81049024,0.259195505076545
90.82049024,0.259016470832696
90.83049024,0.259071099560787
90.84049024,0.258974899592832
90.85049024,0.258961069535773
90.86049024,0.259034857551527
90.87049024,0.259224572908352
90.88049024,0.259547123116922
90.89049024,0.259894640318767
90.90049024,0.260516143326129
90.91049024,0.261149896619375
90.92049024,0.26190558700369
90.93049024,0.26308565164267
90.94049024,0.265024313030691
90.95049024,0.266930057144547
90.96049024,0.268493538235225
90.97049024,0.270264446120904
90.98049024,0.272090795570318
90.99049024,0.2740260141686
91.00049024,0.276054301375619
91.01049024,0.277992806852954
91.02049024,0.279845099922258
91.03049024,0.282068163307669
91.04049024,0.284416146748171
91.05049024,0.286987659617736
91.06049024,0.289261399985299
91.07049024,0.291649241976823
91.08049024,0.293832473139417
91.09049024,0.295411372932376
91.10049024,0.297675376881339
91.11049024,0.299880884238765
91.12049024,0.302447804305057
91.13049024,0.305115008295312
91.14049024,0.307729910406291
91.15049024,0.310671330517939
91.16049024,0.313133646772657
91.17049024,0.315635932568613
91.18049024,0.318049792246435
91.19049024,0.320340077116671
91.20049024,0.322691390694256
91.21049024,0.324821984377775
91.22049024,0.326247056765183
91.23049024,0.328433139874427
91.24049024,0.329988140974066
91.25049024,0.331726774999185
91.26049024,0.333320538290379
91.27049024,0.335153561348151
91.28049024,0.336259957702316
91.29049024,0.337221229437034
91.30049024,0.337968983071962
91.31049024,0.338592612063515
91.32049024,0.339005300429172
91.33049024,0.339152172733706
91.34049024,0.339149827191011
91.35049024,0.339070132665806
91.36049024,0.338872460591306
91.37049024,0.338568706367626
91.38049024,0.338150184500776
91.39049024,0.337540413578577
91.40049024,0.336736414324413
91.41049024,0.335776698484285
91.42049024,0.334579232443514
91.43049024,0.333346773270145
91.44049024,0.331889967802907
91.45049024,0.330263291739331
91.46049024,0.327898338125259
91.47049024,0.325929907521905
91.48049024,0.324090804409828
91.49049024,0.322294322360991
91.50049024,0.320373454273111
91.51049024,0.318523583502092
91.52049024,0.316531336294083
91.53049024,0.314867028901092
91.54049024,0.313026773946304
91.55049024,0.31118971680043
91.56049024,0.309332157018518
91.57049024,0.308245664561541
91.58049024,0.306441529964458
91.59049024,0.304675447492661
91.60049024,0.302799571546337
91.61049024,0.300928878327917
91.62049024,0.298963775669043
91.63049024,0.297187094924276
91.64049024,0.295417598034311
91.65049024,0.293562321897847
91.66049024,0.291833488870967
91.67049024,0.29015092454322
91.68049024,0.288733991259268
91.69049024,0.287383894485438
91.70049024,0.286006667660161
91.71049024,0.284755599905561
91.72049024,0.283539586180968
91.73049024,0.282326935907998
91.74049024,0.281201126272457
91.75049024,0.280089150939604
91.76049024,0.278842361863521
91.77049024,0.277628137907639
91.78049024,0.276457545266494
91.79049024,0.275346385287617
91.80049024,0.274185862805278
91.81049024,0.273065250316942
91.82049024,0.272032554767559
91.83049024,0.271100633082647
91.84049024,0.270261130729592
91.85049024,0.269506336165604
91.86049024,0.268833904348011
91.87049024,0.268244508887629
91.88049024,0.267689459491187
91.89049024,0.267257187444488
91.90049024,0.266898946639905
91.91049024,0.266561964772796
91.92049024,0.266305290390163
91.93049024,0.266095418114067
91.94049024,0.265899401393867
91.95049024,0.265679811692501
91.96049024,0.265493731747825
91.97049024,0.265349644171116
91.98049024,0.265231265305487
91.99049024,0.265122476850266
92.00049024,0.265013673695908
92.01049024,0.264931020593167
92.02049024,0.264918281547793
92.03049024,0.265029112244187
92.04049024,0.265275092873556
92.05049024,0.265593173728435
92.06049024,0.265765138847539
92.07049024,0.266346495794891
92.08049024,0.26729649427077
92.09049024,0.26796081297096
92.10049024,0.268842384310573
92.11049024,0.26985097624378
92.12049024,0.270947510077521
92.13049024,0.272146104906508
92.14049024,0.273487096066377
92.15049024,0.274920849566648
92.16049024,0.276253503655286
92.17049024,0.277848586304794
92.18049024,0.279511930204014
92.19049024,0.281327503283861
92.20049024,0.283209219018858
92.21049024,0.284963958342269
92.22049024,0.287038438229181
92.23049024,0.289088377534701
92.24049024,0.2912437081588
92.25049024,0.29334154724607
92.26049024,0.295593031066706
92.27049024,0.297955889759407
92.28049024,0.300449761013282
92.29049024,0.302947932350611
92.30049024,0.305453032609574
92.31049024,0.307711166585162
92.32049024,0.310102377028418
92.33049024,0.311875692268038
92.34049024,0.314269320756885
92.35049024,0.3165697433046
92.36049024,0.31869785184413
92.37049024,0.320876330800282
92.38049024,0.323116247829068
92.39049024,0.325157838112621
92.40049024,0.327185795234462
92.41049024,0.328932567001715
92.42049024,0.33073545252066
92.43049024,0.332696819032384
92.44049024,0.3346914912924
92.45049024,0.336036149186298
92.46049024,0.33712196177237
92.47049024,0.338101935253986
92.48049024,0.338909973723854
92.49049024,0.339491377261601
92.50049024,0.339834281305762
92.51049024,0.33996175184668
92.52049024,0.339967251563263
92.53049024,0.339922480105754
92.54049024,0.339825920937556
92.55049024,0.33966426546812
92.56049024,0.339415721872052
92.57049024,0.339069727237554
92.58049024,0.33860818036867
92.59049024,0.338032306795102
92.60049024,0.337334847724983
92.61049024,0.336523793219138
92.62049024,0.335588767667403
92.63049024,0.334383091856969
92.64049024,0.333110940924021
92.65049024,0.331687410265983
92.66049024,0.330271594523175
92.67049024,0.32860690812889
92.68049024,0.326147917712285
92.69049024,0.324355117493161
92.70049024,0.322467440455125
92.71049024,0.320519112002323
92.72049024,0.318909398607563
92.73049024,0.31702533267447
92.74049024,0.315163461190739
92.75049024,0.313423052698186
92.76049024,0.311645824202845
92.77049024,0.310651236854131
92.78049024,0.308469128452764
92.79049024,0.307149954127377
92.80049024,0.305855889648963
92.81049024,0.304092729436151
92.82049024,0.302434225246258
92.83049024,0.300826824530767
92.84049024,0.299037657877682
92.85049024,0.297309580691023
92.86049024,0.295509920370564
92.87049024,0.293752285679789
92.88049024,0.292165336157602
92.89049024,0.29065467997793
92.90049024,0.289139115129533
92.91049024,0.287738511714424
92.92049024,0.286392110432324
92.93049024,0.285166827310845
92.94049024,0.284078561324538
92.95049024,0.282996891754053
92.96049024,0.2819335661366
92.97049024,0.280954399758007
92.98049024,0.280000657982309
92.99049024,0.279056402673791
93.00049024,0.278064322951177
93.01049024,0.277116500824396
93.02049024,0.276205194927475
93.03049024,0.275258959700305
93.04049024,0.274383160291268
93.05049024,0.273616369025557
93.06049024,0.272785588009258
93.07049024,0.272049164859682
93.08049024,0.271366844919843
93.09049024,0.270750516382561
93.10049024,0.270257563112238
93.11049024,0.269826209785353
93.12049024,0.269470388197033
93.13049024,0.269246976071776
93.14049024,0.269154838897025
93.15049024,0.269149009802569
93.16049024,0.269185627419633
93.17049024,0.26923340081499
93.18049024,0.269253285612689
93.19049024,0.269311651535553
93.20049024,0.269470825988454
93.21049024,0.269713915190165
93.22049024,0.270142973037434
93.23049024,0.270600400920288
93.24049024,0.271221040829127
93.25049024,0.272016071967224
93.26049024,0.272570299255959
93.27049024,0.273744955544081
93.28049024,0.274872076814816
93.29049024,0.27622455918246
93.30049024,0.27770639250159
93.31049024,0.279165164975545
93.32049024,0.28099943344666
93.33049024,0.282983610875431
93.34049024,0.285035487192409
93.35049024,0.287259708834016
93.36049024,0.289316999866992
93.37049024,0.29162371709122
93.38049024,0.293939425408759
93.39049024,0.296284325189034
93.40049024,0.298723067634721
93.41049024,0.3011541919728
93.42049024,0.303386804397754
93.43049024,0.305760556893958
93.44049024,0.308097462047525
93.45049024,0.310398753944715
93.46049024,0.31203114675762
93.47049024,0.314375334129095
93.48049024,0.316593244091446
93.49049024,0.319148965802468
93.50049024,0.32170764735219
93.51049024,0.324185613604809
93.52049024,0.326546098661516
93.53049024,0.328808476988231
93.54049024,0.330962350133077
93.55049024,0.333571351488984
93.56049024,0.335718224639568
93.57049024,0.337435557055598
93.58049024,0.338894141304104
93.59049024,0.340267350462465
93.60049024,0.341488441746639
93.61049024,0.342493418967737
93.62049024,0.343223440174544
93.63049024,0.343770625466356
93.64049024,0.344121547790116
93.65049024,0.344353890223988
93.66049024,0.344448770105531
93.67049024,0.34443431314393
93.68049024,0.344382870928864
93.69049024,0.344284704591275
93.70049024,0.344109968320993
93.71049024,0.343802987569875
93.72049024,0.343337312041153
93.73049024,0.342694758285055
93.74049024,0.341931821180367
93.75049024,0.340947576755132
93.76049024,0.339710133711817
93.77049024,0.338280426096883
93.78049024,0.336694713491074
93.79049024,0.335059458754553
93.80049024,0.333320019165279
93.81049024,0.331426386906347
93.82049024,0.329474317087068
93.83049024,0.32689212445046
93.84049024,0.325074589831978
93.85049024,0.323274327440992
93.86049024,0.321414550373228
93.87049024,0.319605711199167
93.88049024,0.317842162165805
93.89049024,0.316099946804423
93.90049024,0.314475914714301
93.91049024,0.313398336438983
93.92049024,0.310844688002472
93.93049024,0.309218727822045
93.94049024,0.307839037400845
93.95049024,0.3059924693934
93.96049024,0.304063710773866
93.97049024,0.302093419369505
93.98049024,0.300084530871979
93.99049024,0.29811087258312
94.00049024,0.29636435025683
94.01049024,0.294501253385667
94.02049024,0.292773800332496
94.03049024,0.290850781020551
94.04049024,0.289155381803576
94.05049024,0.288267890846896
94.06049024,0.286896496691022
94.07049024,0.285542513800161
94.08049024,0.284279485386293
94.09049024,0.282993369111302
94.10049024,0.281730749130989
94.11049024,0.280526074199052
94.12049024,0.279425445167231
94.13049024,0.278199573341126
94.14049024,0.277023614014155
94.15049024,0.275887601834078
94.16049024,0.27478215073153
94.17049024,0.273791645072175
94.18049024,0.272798863888116
94.19049024,0.271884576484336
94.20049024,0.270989407110743
94.21049024,0.270188176078176
94.22049024,0.26956763321055
94.23049024,0.268978053309766
94.24049024,0.268439666164253
94.25049024,0.267974855938483
94.26049024,0.267587536115232
94.27049024,0.267304052798236
94.28049024,0.267110668967753
94.29049024,0.26692608443754
94.30049024,0.266780479386154
94.31049024,0.266664642916622
94.32049024,0.266566446823831
94.33049024,0.266554106459446
94.34049024,0.266617010869935
94.35049024,0.266782268920949
94.36049024,0.267048705869282
94.37049024,0.267464584037923
94.38049024,0.267923214969907
94.39049024,0.268582749391364
94.40049024,0.269586044271766
94.41049024,0.270572403900914
94.42049024,0.271731972113721
94.43049024,0.272962324834704
94.44049024,0.274285117002075
94.45049024,0.275828735243257
94.46049024,0.277499252107167
94.47049024,0.279235077686897
94.48049024,0.281148468974041
94.49049024,0.283125500610772
94.50049024,0.284997607722808
94.51049024,0.287111577096453
94.52049024,0.289283621452958
94.53049024,0.291593160508451
94.54049024,0.293946171519399
94.55049024,0.296125212132169
94.56049024,0.298551760908317
94.57049024,0.301084563038053
94.58049024,0.303656287003107
94.59049024,0.306247557381528
94.60049024,0.308257602384637
94.61049024,0.310438019511647
94.62049024,0.312942338976134
94.63049024,0.315591101509193
94.64049024,0.318227047587549
94.65049024,0.320849901938269
94.66049024,0.323301963214856
94.67049024,0.325817969574164
94.68049024,0.328406750635342
94.69049024,0.330965578741797
94.70049024,0.333934981854224
94.71049024,0.336253663257652
94.72049024,0.338434835108096
94.73049024,0.34055618612812
94.74049024,0.34256762286219
94.75049024,0.344323561163923
94.76049024,0.345899925274549
94.77049024,0.347231887580846
94.78049024,0.348470367954521
94.79049024,0.349391800098166
94.80049024,0.350206177774198
94.81049024,0.35080318525051
94.82049024,0.351125839230333
94.83049024,0.351240928689879
94.84049024,0.351229603515257
94.85049024,0.351122880311172
94.86049024,0.350918997258148
94.87049024,0.350555148141751
94.88049024,0.35012539789049
94.89049024,0.349516380981699
94.90049024,0.34887042825343
94.91049024,0.348062271422515
94.92049024,0.347057592289038
94.93049024,0.345929179392208
94.94049024,0.344720303614149
94.95049024,0.343309900299397
94.96049024,0.341909205599084
94.97049024,0.340307027458988
94.98049024,0.338600739168739
94.99049024,0.336995649105753
95.00049024,0.335168889893841
95.01049024,0.333264593661514
95.02049024,0.331307371581676
95.03049024,0.328885351129169
95.04049024,0.327072681845144
95.05049024,0.32513404602918
95.06049024,0.32327299580595
95.07049024,0.321408978735488
95.08049024,0.319630283669476
95.09049024,0.317987359775744
95.10049024,0.31607563392583
95.11049024,0.314223803819081
95.12049024,0.313045919966517
95.13049024,0.310363656759637
95.14049024,0.308846491191233
95.15049024,0.30734976872212
95.16049024,0.305312496255878
95.17049024,0.303296737721498
95.18049024,0.301343624435581
95.19049024,0.299309075737848
95.20049024,0.297468677798746
95.21049024,0.295610870720928
95.22049024,0.293630943971322
95.23049024,0.291847879137517
95.24049024,0.290103783317058
95.25049024,0.287912352636196
95.26049024,0.285839604917598
95.27049024,0.284289337208503
95.28049024,0.282837252955855
95.29049024,0.281467241905396
95.30049024,0.280723305094816
95.31049024,0.278880190273108
95.32049024,0.277205592836646
95.33049024,0.276291528318529
95.34049024,0.275518290244655
95.35049024,0.274357998521903
95.36049024,0.273000688846241
95.37049024,0.272257611704429
95.38049024,0.271010457797254
95.39049024,0.270150532018418
95.40049024,0.269454937458645
95.41049024,0.268719343525068
95.42049024,0.268112858263218
95.43049024,0.267566888039277
95.44049024,0.267083613844404
95.45049024,0.266698738071316
95.46049024,0.266420355894619
95.47049024,0.266183471429271
95.48049024,0.266013246760269
95.49049024,0.265810597611007
95.50049024,0.26561503621077
95.51049024,0.265470851323231
95.52049024,0.265350307368886
95.53049024,0.265270610626546
95.54049024,0.26523289458448
95.55049024,0.265263137885055
95.56049024,0.26540737359828
95.57049024,0.265680695593953
95.58049024,0.266013758948681
95.59049024,0.266476288198124
95.60049024,0.267271697924016
95.61049024,0.268032957178456
95.62049024,0.268764049710502
95.63049024,0.269981439185694
95.64049024,0.271074056285124
95.65049024,0.27238145616867
95.66049024,0.273809824383514
95.67049024,0.275360558627709
95.68049024,0.276948292513719
95.69049024,0.278605993203239
95.70049024,0.280519990941608
95.71049024,0.282567875400321
95.72049024,0.284660132535228
95.73049024,0.286815522475607
95.74049024,0.288904646008834
95.75049024,0.291172531078107
95.76049024,0.293423599933292
95.77049024,0.29573200713729
95.78049024,0.297919207644942
95.79049024,0.300112257614407
95.80049024,0.302396374336753
95.81049024,0.304647717252658
95.82049024,0.306908045217605
95.83049024,0.309305091649683
95.84049024,0.311331534945118
95.85049024,0.313446824167812
95.86049024,0.315923083405619
95.87049024,0.318511416640731
95.88049024,0.321000378292649
95.89049024,0.323309232163925
95.90049024,0.325484182934529
95.91049024,0.327635929883247
95.92049024,0.32969709829161
95.93049024,0.331348956718768
95.94049024,0.333613002984354
95.95049024,0.335370232517782
95.96049024,0.336683091136934
95.97049024,0.337784896393546
95.98049024,0.338722239207235
95.99049024,0.339394177469097
96.00049024,0.339813012536578
96.01049024,0.340054638200761
96.02049024,0.34008342868306
96.03049024,0.340017136641942
96.04049024,0.339896976607739
96.05049024,0.339673682937019
96.06049024,0.339302344544118
96.07049024,0.338702767297468
96.08049024,0.337918362298897
96.09049024,0.336939130210944
96.10049024,0.335868250767903
96.11049024,0.334572559581309
96.12049024,0.333041914758151
96.13049024,0.330777029287407
96.14049024,0.328950768492963
96.15049024,0.326964835509856
96.16049024,0.32507295971196
96.17049024,0.323037812218509
96.18049024,0.320872532818761
96.19049024,0.318719283042186
96.20049024,0.316454749832539
96.21049024,0.314249676919545
96.22049024,0.312310134711699
96.23049024,0.310587653104492
96.24049024,0.307602063445402
96.25049024,0.305210404942649
96.26049024,0.303192085698722
96.27049024,0.301130796287563
96.28049024,0.29902834272858
96.29049024,0.296957938697838
96.30049024,0.294955978151535
96.31049024,0.292858485426234
96.32049024,0.291161675508163
96.33049024,0.289518616824954
96.34049024,0.288519487530343
96.35049024,0.286025817038737
96.36049024,0.284097371803687
96.37049024,0.283556969186975
96.38049024,0.281978857478328
96.39049024,0.280005626605438
96.40049024,0.277934791772986
96.41049024,0.277129279100767
96.42049024,0.276129860080852
96.43049024,0.274752213666196
96.44049024,0.273589126009877
96.45049024,0.27244824048352
96.46049024,0.271374331289941
96.47049024,0.27020703894985
96.48049024,0.269129210491703
96.49049024,0.268141544864326
96.50049024,0.267340330322091
96.51049024,0.266404772193495
96.52049024,0.265641746241626
96.53049024,0.264941069042612
96.54049024,0.264303506188995
96.55049024,0.263689954120711
96.56049024,0.262844713444649
96.57049024,0.261853761890062
96.58049024,0.26176974466135
96.59049024,0.261934903220805
96.60049024,0.262055513716627
96.61049024,0.26178170979323
96.62049024,0.261258956387521
96.63049024,0.261750717018254
96.64049024,0.261958766880881
96.65049024,0.261916474129274
96.66049024,0.261904067885695
96.67049024,0.261957615932198
96.68049024,0.262104441243106
96.69049024,0.262376141311057
96.70049024,0.262749476094954
96.71049024,0.263233583117294
96.72049024,0.263019339063476
96.73049024,0.263599419923201
96.74049024,0.264434956722833
96.75049024,0.266078333285001
96.76049024,0.267574234353958
96.77049024,0.268911367250402
96.78049024,0.270405306009253
96.79049024,0.27199606671539
96.80049024,0.273714825115135
96.81049024,0.275362578644003
96.82049024,0.277196050136842
96.83049024,0.279141888986438
96.84049024,0.281075721754715
96.85049024,0.283091610579888
96.86049024,0.285106662239219
96.87049024,0.287056312025985
96.88049024,0.289166656315685
96.89049024,0.291345585185736
96.90049024,0.293599681294426
96.91049024,0.295892921731911
96.92049024,0.297984335622187
96.93049024,0.300463231749245
96.94049024,0.302944204347564
96.95049024,0.30545708738452
96.96049024,0.3080148165815
96.97049024,0.310266702179978
96.98049024,0.312119812891214
96.99049024,0.314656002995384
97.00049024,0.317131635119189
97.01049024,0.319595641447052
97.02049024,0.321772385862695
97.03049024,0.324144984039901
97.04049024,0.3262436284654
97.05049024,0.328546352433114
97.06049024,0.330791894879609
97.07049024,0.332984899403052
97.08049024,0.335293844846622
97.09049024,0.337131891945226
97.10049024,0.338934691393614
97.11049024,0.34061462341101
97.12049024,0.342220856766413
97.13049024,0.343439565747386
97.14049024,0.344665484269724
97.15049024,0.345694342381421
97.16049024,0.346619719352898
97.17049024,0.347246851705463
97.18049024,0.347637997554614
97.19049024,0.347815161147198
97.20049024,0.347770090439129
97.21049024,0.34762155840298
97.22049024,0.347353043087923
97.23049024,0.346981432392474
97.24049024,0.34636807291513
97.25049024,0.345552697052753
97.26049024,0.344595022123397
97.27049024,0.343666647660331
97.28049024,0.342644458049086
97.29049024,0.341598544576394
97.30049024,0.340336457314723
97.31049024,0.339050676408098
97.32049024,0.337663645017243
97.33049024,0.336198113381081
97.34049024,0.334722572876349
97.35049024,0.333113577602673
97.36049024,0.331344128602826
97.37049024,0.328840630559995
97.38049024,0.326845477961376
97.39049024,0.324959079088895
97.40049024,0.322991111737463
97.41049024,0.320880747351817
97.42049024,0.318832798082946
97.43049024,0.316689529189104
97.44049024,0.314681561560107
97.45049024,0.312780630531472
97.46049024,0.311523546794408
97.47049024,0.3088430692626
97.48049024,0.306569976593853
97.49049024,0.304845039138616
97.50049024,0.303201510705133
97.51049024,0.301518738050092
97.52049024,0.299898062906281
97.53049024,0.298233202586678
97.54049024,0.296632400031366
97.55049024,0.295177443797601
97.56049024,0.293638789271074
97.57049024,0.292074238269892
97.58049024,0.290619640119889
97.59049024,0.289147746251248
97.60049024,0.288575878176891
97.61049024,0.287528619957336
97.62049024,0.286096885577433
97.63049024,0.284731718557698
97.64049024,0.283405359481967
97.65049024,0.282177329410848
97.66049024,0.28096216478101
97.67049024,0.27975163748257
97.68049024,0.27850622813266
97.69049024,0.277345336958431
97.70049024,0.276229448082303
97.71049024,0.275202923705639
97.72049024,0.274099528099995
97.73049024,0.273030356979445
97.74049024,0.271959469925868
97.75049024,0.270955467661294
97.76049024,0.269984496408812
97.77049024,0.269030602188868
97.78049024,0.267963583372828
97.79049024,0.26732043514708
97.80049024,0.266538747087716
97.81049024,0.265991988564636
97.82049024,0.265490896503348
97.83049024,0.265032272932174
97.84049024,0.264639718376584
97.85049024,0.264361922391485
97.86049024,0.264189437537583
97.87049024,0.264128815051924
97.88049024,0.264194684862511
97.89049024,0.26440507242469
97.90049024,0.264794613037697
97.91049024,0.265329350393614
97.92049024,0.265722875980668
97.93049024,0.266575471365096
97.94049024,0.26759246010224
97.95049024,0.268565738754786
97.96049024,0.269644736626
97.97049024,0.270870762556974
97.98049024,0.272124241263364
97.99049024,0.27366453658386
98.00049024,0.275338021910724
98.01049024,0.277168409488521
98.02049024,0.279118539929738
98.03049024,0.281124531137516
98.04049024,0.283137296609311
98.05049024,0.285345746151411
98.06049024,0.287654811457617
98.07049024,0.29000004615967
98.08049024,0.292337129822927
98.09049024,0.2945589203831
98.10049024,0.296927500614608
98.11049024,0.299383259137395
98.12049024,0.301780507744429
98.13049024,0.30413481093557
98.14049024,0.306268862131916
98.15049024,0.30854159818392
98.16049024,0.310899562633289
98.17049024,0.312625075428126
98.18049024,0.315014469264442
98.19049024,0.3173174190349
98.20049024,0.319686129344959
98.21049024,0.322188278574882
98.22049024,0.324530710065144
98.23049024,0.326661865854629
98.24049024,0.329042679459595
98.25049024,0.330893527561271
98.26049024,0.333802136436154
98.27049024,0.335805515918589
98.28049024,0.337505614361419
98.29049024,0.339076160615133
98.30049024,0.340350685925143
98.31049024,0.341530837295445
98.32049024,0.342501814931697
98.33049024,0.343162851283646
98.34049024,0.343680570973489
98.35049024,0.343970765333326
98.36049024,0.344129661606624
98.37049024,0.344130566966552
98.38049024,0.344077924983552
98.39049024,0.343950494479721
98.40049024,0.343779676065252
98.41049024,0.343466393557087
98.42049024,0.342971209645657
98.43049024,0.342384490723926
98.44049024,0.341539455270428
98.45049024,0.34052196623869
98.46049024,0.339357687030062
98.47049024,0.337951471967918
98.48049024,0.33641468815747
98.49049024,0.334748503383904
98.50049024,0.333013081687855
98.51049024,0.331213535096319
98.52049024,0.328956887875311
98.53049024,0.32715379088256
98.54049024,0.325399113862676
98.55049024,0.323702001139037
98.56049024,0.321990613555586
98.57049024,0.320493248714352
98.58049024,0.318866699783421
98.59049024,0.317137456286501
98.60049024,0.315367178930648
98.61049024,0.313688448181268
98.62049024,0.312063442011037
98.63049024,0.310221338230861
98.64049024,0.308744581278244
98.65049024,0.307299218647539
98.66049024,0.305422845293118
98.67049024,0.303607867669586
98.68049024,0.302032186187564
98.69049024,0.300322415717372
98.70049024,0.298654753032465
98.71049024,0.297149460452196
98.72049024,0.295586268542138
98.73049024,0.29426243204563
98.74049024,0.292930110712259
98.75049024,0.291611932166847
98.76049024,0.290277142423579
98.77049024,0.289065005282319
98.78049024,0.287889306829556
98.79049024,0.286568977979966
98.80049024,0.285283193931386
98.81049024,0.284006260979445
98.82049024,0.282720406148676
98.83049024,0.281549789176029
98.84049024,0.280348387059217
98.85049024,0.279136836940445
98.86049024,0.277978686139148
98.87049024,0.276892783442814
98.88049024,0.275862112724592
98.89049024,0.274915372283709
98.90049024,0.274036442692527
98.91049024,0.273179051472207
98.92049024,0.272379761590423
98.93049024,0.271649825296559
98.94049024,0.270934332654987
98.95049024,0.270309905591532
98.96049024,0.269717062573139
98.97049024,0.269178956925123
98.98049024,0.268757425227736
98.99049024,0.268368870419259
99.00049024,0.267970979877378
99.01049024,0.267610752204782
99.02049024,0.267334290429454
99.03049024,0.267129624894691
99.04049024,0.266992471931007
99.05049024,0.266927269845619
99.06049024,0.266975365799657
99.07049024,0.267179157789537
99.08049024,0.267522522534475
99.09049024,0.267882842847646
99.10049024,0.268436243996446
99.11049024,0.269401769337632
99.12049024,0.270297272977271
99.13049024,0.271366699901791
99.14049024,0.272506998971492
99.15049024,0.273803785900371
99.16049024,0.275110235272272
99.17049024,0.276611312081895
99.18049024,0.278263571709186
99.19049024,0.280009695411198
99.20049024,0.281907894267076
99.21049024,0.283691649597051
99.22049024,0.285661404761962
99.23049024,0.287818153410826
99.24049024,0.289923499354557
99.25049024,0.292120718648674
99.26049024,0.294212969215583
99.27049024,0.296400443278198
99.28049024,0.298721709020288
99.29049024,0.30114458835086
99.30049024,0.303583034891836
99.31049024,0.305945934570829
99.32049024,0.308090718351141
99.33049024,0.309548940616392
99.34049024,0.311728705292891
99.35049024,0.314357563707708
99.36049024,0.316736644038226
99.37049024,0.319137607668349
99.38049024,0.321287164575311
99.39049024,0.323807197463673
99.40049024,0.3259118509555
99.41049024,0.328074989128545
99.42049024,0.330697643189746
99.43049024,0.332947189154814
99.44049024,0.335512019733994
99.45049024,0.337372997632634
99.46049024,0.33910813258244
99.47049024,0.340596815423692
99.48049024,0.341927240120377
99.49049024,0.342906357053541
99.50049024,0.343702299600961
99.51049024,0.344287896350875
99.52049024,0.344597281709386
99.53049024,0.34471046796819
99.54049024,0.344676880591125
99.55049024,0.344581547151817
99.56049024,0.344414704453468
99.57049024,0.344129276611909
99.58049024,0.34369731094065
99.59049024,0.343140211283546
99.60049024,0.342494379012246
99.61049024,0.34165651183338
99.62049024,0.340611624283401
99.63049024,0.339478104951353
99.64049024,0.338264129899602
99.65049024,0.336787832375595
99.66049024,0.335214526598249
99.67049024,0.333388740941753
99.68049024,0.330988499434601
99.69049024,0.329566367095577
99.70049024,0.327625205145875
99.71049024,0.325452319972501
99.72049024,0.323527390716798
99.73049024,0.321594476930099
99.74049024,0.319810277182732
99.75049024,0.318110168711104
99.76049024,0.31619940420905
99.77049024,0.314433380175135
99.78049024,0.312974086623927
99.79049024,0.311760676311067
99.80049024,0.309667646733518
99.81049024,0.307386637463495
99.82049024,0.30562769852571
99.83049024,0.303938905725506
99.84049024,0.302290291887859
99.85049024,0.300840680203592
99.86049024,0.29929670102705
99.87049024,0.29766481722611
99.88049024,0.296177634668927
99.89049024,0.294706403451569
99.90049024,0.293373996055451
99.91049024,0.292075757677539
99.92049024,0.290838334661089
99.93049024,0.28957829796027
99.94049024,0.288420864038934
99.95049024,0.287311205734223
99.96049024,0.286249649173227
99.97049024,0.286232936334668
99.98049024,0.285122299869926
99.99049024,0.283973857628997
100.00049024,0.282784158853503
