arm_joint_1.pos,arm_joint_2.pos,arm_joint_3.pos,arm_joint_4.pos,arm_joint_5.pos,time_stamp
1.0069207223044208e-05,1.1344573009914987,-2.5481615092899492,1.7889821489759001,0.007433627687367399,1576595814000159025
1.0069207223044208e-05,1.1344573009914987,-2.5481615092899492,1.7889821489759001,0.007433627687367399,1576595814000473022
1.0069207223044208e-05,1.1344573009914987,-2.5481615092899492,1.7889821489759001,0.007433627687367399,1576595814010416984
1.0069207223044208e-05,1.1344573009914987,-2.5481615092899492,1.7889821489759001,0.007433627687367399,1576595814020421028
1.0069207223044208e-05,1.1344573009914987,-2.5481615092899492,1.7889821489759001,0.007433627687367399,1576595814030472040
1.0069207223044208e-05,1.1344573009914987,-2.5481615092899492,1.7889821489759001,0.007433627687367399,1576595814040411949
1.0069207223044208e-05,1.1344573009914987,-2.5481615092899492,1.7889821489759001,0.007433627687367399,1576595814050420045
1.0069207223044208e-05,1.1344573009914987,-2.5481615092899492,1.7889821489759001,0.007433627687367399,1576595814060406923
1.0069207223044208e-05,1.134497577820391,-2.5481615092899492,1.7889821489759001,0.007433627687367399,1576595814070396900
1.0069207223044208e-05,1.134507647027614,-2.5481615092899492,1.788960025083974,0.007433627687367399,1576595814080439090
1.0069207223044208e-05,1.1345982698926214,-2.5481615092899492,1.7887830339485602,0.007433627687367399,1576595814090425014
1.0069207223044208e-05,1.1346989619648518,-2.5481615092899492,1.788650290597,0.007433627687367399,1576595814100393056
1.0069207223044208e-05,1.1346888927576289,-2.5481458013266813,1.7886724144889268,0.007433627687367399,1576595814110398054
1.0069207223044208e-05,1.1347694464154132,-2.5481458013266813,1.7885396711373667,0.007433627687367399,1576595814120485067
1.0069207223044208e-05,1.1350211765959892,-2.5480672615103415,1.7880529455149792,0.007433627687367399,1576595814130409002
1.0069207223044208e-05,1.1350715226321044,-2.5480672615103415,1.7877210871360791,0.007433627687367399,1576595814140419960
1.0069207223044208e-05,1.1353333220199036,-2.547988721694002,1.7876989632441525,0.007433627687367399,1576595814150392055
1.0069207223044208e-05,1.135444083299357,-2.5479258898409296,1.787455600432959,0.007433627687367399,1576595814160439014
1.0069207223044208e-05,1.135866990002725,-2.54784735002459,1.7866148925397445,0.007433627687367399,1576595814170407056
1.0069207223044208e-05,1.1360683741471858,-2.5476902703919104,1.7857520607546038,0.007433627687367399,1576595814180421113
1.0069207223044208e-05,1.1364711424361076,-2.547611730575571,1.7851325917806566,0.007433627687367399,1576595814190414905
1.0069207223044208e-05,1.1369141875539215,-2.5475017748326954,1.784756485617903,0.007433627687367399,1576595814200423002
1.0069207223044208e-05,1.137296817428397,-2.547376111126552,1.7840706449681756,0.007433627687367399,1576595814210427999
1.0069207223044208e-05,1.1379815235195643,-2.547171907604068,1.7829423264799145,0.007433627687367399,1576595814220448017
1.0069207223044208e-05,1.1384547762590473,-2.5471090757509964,1.7814157779369726,0.007433627687367399,1576595814230403900
1.0069207223044208e-05,1.139018651863538,-2.546826332412173,1.7804423266921985,0.007433627687367399,1576595814240425109
1.0069207223044208e-05,1.1396832195402589,-2.5467477925958337,1.779778609934398,0.007433627687367399,1576595814250412940
1.0069207223044208e-05,1.1406095866047787,-2.546480757220279,1.7789600259331106,0.007433627687367399,1576595814260421037
1.0069207223044208e-05,1.1413144311103918,-2.5461665979549197,1.777411353498242,0.007433627687367399,1576595814270407915
1.0069207223044208e-05,1.142230728967689,-2.5458681466528286,1.7751989643055737,0.007433627687367399,1576595814280459880
1.0069207223044208e-05,1.1432779265188855,-2.5456325272038094,1.7733184334918048,0.007433627687367399,1576595814290411949
1.0069207223044208e-05,1.1442042935834056,-2.545412615718058,1.7712830354345497,0.007433627687367399,1576595814300421953
1.0069207223044208e-05,1.1453421139996096,-2.545019916636359,1.769402504620781,0.007433627687367399,1576595814310419082
1.0069207223044208e-05,1.146379242343583,-2.5446900494077327,1.7674556021312324,0.007433627687367399,1576595814320445060
1.0069207223044208e-05,1.1474365091020027,-2.5444073060689094,1.765353832398197,0.007433627687367399,1576595814330383062
1.0069207223044208e-05,1.1491180667082512,-2.5440303149504784,1.7634511776925015,0.007433627687367399,1576595814340415954
1.0069207223044208e-05,1.1506183785844848,-2.5434334123462965,1.7607741867693725,0.007433627687367399,1576595814350426912
1.0069207223044208e-05,1.1520381368029342,-2.5429307575217224,1.7578538330350493,0.007433627687367399,1576595814360450029
1.0069207223044208e-05,1.1538103172741896,-2.5426794301094353,1.7545794970298993,0.007433627687367399,1576595814370414972
1.0069207223044208e-05,1.155461667258769,-2.542035403615449,1.75176976275521,0.007433627687367399,1576595814380398035
1.0069207223044208e-05,1.1571432248650173,-2.5415641647174105,1.7488494090208873,0.007433627687367399,1576595814390368938
1.0069207223044208e-05,1.1586536059484742,-2.541250005452052,1.7465042764766578,0.007433627687367399,1576595814400382041
1.0069207223044208e-05,1.1608285547086516,-2.540448899325386,1.7426547192814144,0.007433627687367399,1576595814410443067
1.0069207223044208e-05,1.1624094202426696,-2.5399305365375437,1.7396237460874582,0.007433627687367399,1576595814420392990
1.0069207223044208e-05,1.1641614622994791,-2.539380757823166,1.736283038406528,0.007433627687367399,1576595814430408954
1.0069207223044208e-05,1.1665377952041176,-2.538846687072055,1.7322343661839439,0.007433627687367399,1576595814440429925
1.0069207223044208e-05,1.1685919134776186,-2.5381869526148018,1.728606047907967,0.007433627687367399,1576595814450427055
1.0069207223044208e-05,1.1708071390666883,-2.537480094267744,1.7245131279015293,0.007433627687367399,1576595814460417032
1.0069207223044208e-05,1.1730827798990964,-2.5369774394431692,1.7205971990305056,0.007433627687367399,1576595814470407009
1.0069207223044208e-05,1.1758115350565412,-2.536082085536896,1.7162387923209481,0.007433627687367399,1576595814480448961
1.0069207223044208e-05,1.17795627619505,-2.5354223510796428,1.7121679962064373,0.007433627687367399,1576595814490434885
1.0069207223044208e-05,1.1803527475141344,-2.5347783245856568,1.7076104744695393,0.007433627687367399,1576595814500402927
1.0069207223044208e-05,1.1826183191393194,-2.5338986786426516,1.7033626872196153,0.007433627687367399,1576595814510395050
1.0069207223044208e-05,1.1850047212511807,-2.53322323622213,1.6992255194293246,0.007433627687367399,1576595814520448923
1.0069207223044208e-05,1.1877032687869564,-2.532547793801608,1.6944467587731595,0.007433627687367399,1576595814530397891
1.0069207223044208e-05,1.190270916628833,-2.531856643417818,1.6900219803878218,0.007433627687367399,1576595814540374040
1.0069207223044208e-05,1.1929191181284933,-2.5308199178421336,1.684977733028537,0.007433627687367399,1576595814550394058
1.0069207223044208e-05,1.1954968351775928,-2.530034519678736,1.680420211291639,0.007433627687367399,1576595814560467958
1.0069207223044208e-05,1.1985175973445061,-2.529484740964358,1.6752874683646473,0.007433627687367399,1576595814570386886
1.0069207223044208e-05,1.200783168969691,-2.5286993428009605,1.6711503005743564,0.007433627687367399,1576595814580406904
1.0069207223044208e-05,1.203703239064374,-2.5277254490783476,1.6653759647814907,0.007433627687367399,1576595814590401887
1.0069207223044208e-05,1.206260817699027,-2.5270657146210933,1.6606414519091792,0.007433627687367399,1576595814600429058
1.0069207223044208e-05,1.2088989499914646,-2.5261703607148203,1.6557299479014544,0.007433627687367399,1576595814610433101
1.0069207223044208e-05,1.2118290892933703,-2.525290714771815,1.6505308332986826,0.007433627687367399,1576595814620419979
1.0069207223044208e-05,1.2145779828652614,-2.5246309803145617,1.6457078248586643,0.007433627687367399,1576595814630369901
1.0069207223044208e-05,1.2174980529599442,-2.5236099627021447,1.6404644624720395,0.007433627687367399,1576595814640424013
1.0069207223044208e-05,1.2202268081173893,-2.5228402725020156,1.635774197383581,0.007433627687367399,1576595814650404930
1.0069207223044208e-05,1.2231569474192951,-2.5221805380447617,1.630464463321176,0.007433627687367399,1576595814660449028
1.0069207223044208e-05,1.2257447336756175,-2.5212694761752203,1.6258184460165714,0.007433627687367399,1576595814670416116
1.0069207223044208e-05,1.2284332120041703,-2.520452662085287,1.6206193314137995,0.007433627687367399,1576595814680442094
1.0069207223044208e-05,1.2307189220438015,-2.5198557594811053,1.6161060574607553,0.007433627687367399,1576595814690401077
1.0069207223044208e-05,1.233155670191778,-2.518991821501368,1.6116591551834905,0.007433627687367399,1576595814700401067
1.0069207223044208e-05,1.23610594790813,-2.5181592994481665,1.606924642311179,0.007433627687367399,1576595814710403919
1.0069207223044208e-05,1.2385829728849989,-2.5175623968439846,1.6024777400339147,0.007433627687367399,1576595814720439910
1.0069207223044208e-05,1.2411405515196523,-2.516808414607123,1.5974777404584835,0.007433627687367399,1576595814730393886
1.0069207223044208e-05,1.2434262615592833,-2.5160544323702614,1.5931635815327787,0.007433627687367399,1576595814740387916
1.0069207223044208e-05,1.2458428712928138,-2.5153004501333998,1.588252077525054,0.007433627687367399,1576595814750365018
1.0069207223044208e-05,1.2479171279807608,-2.51468783956595,1.5839600424912763,0.007433627687367399,1576595814760416030
1.0069207223044208e-05,1.2504142913720757,-2.513980981218892,1.579314025186672,0.007433627687367399,1576595814770384073
1.0069207223044208e-05,1.2523878559877926,-2.513415494541246,1.575243229072161,0.007433627687367399,1576595814780406951
1.0069207223044208e-05,1.2546131507840852,-2.51277146804726,1.57110606128187,0.007433627687367399,1576595814790426969
1.0069207223044208e-05,1.2564155388770102,-2.51223739729615,1.5673671235462598,0.007433627687367399,1576595814800432920
1.0069207223044208e-05,1.2582884114204964,-2.5115619548756283,1.5640264158653299,0.007433627687367399,1576595814810429096
1.0069207223044208e-05,1.2602720452434362,-2.5110121761612496,1.5604423453732061,0.007433627687367399,1576595814820431947
1.0069207223044208e-05,1.262044225714692,-2.5103524417039957,1.5572122571519096,0.007433627687367399,1576595814830400943
1.0069207223044208e-05,1.2637660601498326,-2.5099283266957615,1.5537830539032729,0.007433627687367399,1576595814840436935
1.0069207223044208e-05,1.265236164404397,-2.509472795760991,1.5511281868720705,0.007433627687367399,1576595814850426912
1.0069207223044208e-05,1.2665250229289464,-2.5088444772302725,1.5484511959489409,0.007433627687367399,1576595814860416889
1.0069207223044208e-05,1.267763535417381,-2.508577441854718,1.545752081133885,0.007433627687367399,1576595814870429039
1.0069207223044208e-05,1.2695256466814138,-2.508169034809751,1.5431635857784625,0.007433627687367399,1576595814880500078
1.0069207223044208e-05,1.2703815292953726,-2.5077763357280523,1.5410396921535003,0.007433627687367399,1576595814890408039
1.0069207223044208e-05,1.2714790728826844,-2.5075093003524973,1.5385839401496377,0.007433627687367399,1576595814900389909
1.0069207223044208e-05,1.2726571701277807,-2.5072265570136745,1.5367476571197227,0.007433627687367399,1576595814910370111
1.0069207223044208e-05,1.2732915301828323,-2.5069281057115833,1.5349113740898077,0.007433627687367399,1576595814920445919
1.0069207223044208e-05,1.2740769283462299,-2.506629654409492,1.5338715511692533,0.007433627687367399,1576595814930409908
1.0069207223044208e-05,1.2747717036446198,-2.5064882827400807,1.5334511972226461,0.007433627687367399,1576595814940378904
1.0069207223044208e-05,1.275265094798549,-2.5062840792175973,1.5323671265182386,0.007433627687367399,1576595814950422048
1.0069207223044208e-05,1.2758692472319315,-2.5061584155114534,1.5307078346237368,0.007433627687367399,1576595814960433006
1.0069207223044208e-05,1.2762317386919613,-2.506079875695114,1.5291370382969418,0.007433627687367399,1576595814970482110
1.0069207223044208e-05,1.276412984421976,-2.5060013358787745,1.5286724365664814,0.007433627687367399,1576595814980441093
1.0069207223044208e-05,1.27662443777366,-2.5059227960624346,1.5291149144050151,0.007433627687367399,1576595814990430116
1.0069207223044208e-05,1.27662443777366,-2.5059227960624346,1.5291812860807952,0.007433627687367399,1576595815000442028
1.0069207223044208e-05,1.27662443777366,-2.5059227960624346,1.5286281887826279,0.007433627687367399,1576595815010426044
1.0069207223044208e-05,1.2765237457014296,-2.5059227960624346,1.5282520826198742,0.007433627687367399,1576595815020420074
1.0069207223044208e-05,1.2763324307641917,-2.5059699199522383,1.528694560458408,0.007433627687367399,1576595815030409097
1.0069207223044208e-05,1.2760504929619465,-2.506064167731846,1.5297343833789625,0.007433627687367399,1576595815040457010
1.0069207223044208e-05,1.275748416745255,-2.5062212473645253,1.5306193390560299,0.007433627687367399,1576595815050390958
1.0069207223044208e-05,1.2753053716274412,-2.5062840792175973,1.5313051797057573,0.007433627687367399,1576595815060400962
1.0069207223044208e-05,1.2747112884012817,-2.5065511145931523,1.531814029220071,0.007433627687367399,1576595815070368051
1.0069207223044208e-05,1.2742279664545755,-2.5066139464462243,1.5331414627356725,0.007433627687367399,1576595815080478906
1.0069207223044208e-05,1.2735331911561854,-2.507053769417727,1.534734382954394,0.007433627687367399,1576595815090398073
1.0069207223044208e-05,1.2728182774433492,-2.5072108490504066,1.536305179281189,0.007433627687367399,1576595815100449085
1.0069207223044208e-05,1.271881841171606,-2.5074935923892294,1.5373450022017432,0.007433627687367399,1576595815110443115
1.0069207223044208e-05,1.2710561661793165,-2.5078234596178564,1.538163586203031,0.007433627687367399,1576595815120405912
1.0069207223044208e-05,1.2701700759436887,-2.508106202956679,1.5397786303136791,0.007433627687367399,1576595815130382061
1.0069207223044208e-05,1.2690121171130384,-2.5086716896343253,1.5417476566951542,0.007433627687367399,1576595815140397071
1.0069207223044208e-05,1.2680857500485183,-2.5089701409364165,1.5442034086990168,0.007433627687367399,1576595815150366067
1.0069207223044208e-05,1.267018414082876,-2.509472795760991,1.5466370368109525,0.007433627687367399,1576595815160434007
1.0069207223044208e-05,1.2656490019005417,-2.509724123173278,1.5488936737874748,0.007433627687367399,1576595815170418024
1.0069207223044208e-05,1.2645615275204531,-2.5104309815203356,1.5511060629801436,0.007433627687367399,1576595815180377960
1.0069207223044208e-05,1.2633632918609108,-2.5107922646754988,1.5529644699019856,0.007433627687367399,1576595815190383911
1.0069207223044208e-05,1.2618831183991233,-2.511216379683733,1.5555529652574083,0.007433627687367399,1576595815200448989
1.0069207223044208e-05,1.2605036370095661,-2.5119546539573268,1.5583626995320976,0.007433627687367399,1576595815210408926
1.0069207223044208e-05,1.259063740376671,-2.5124258928553656,1.5616591594291742,0.007433627687367399,1576595815220405101
1.0069207223044208e-05,1.257694328194337,-2.513148459165691,1.5643140264603768,0.007433627687367399,1576595815230436086
1.0069207223044208e-05,1.2561436702819881,-2.5136039901004614,1.5670795129512127,0.007433627687367399,1576595815240426063
1.0069207223044208e-05,1.254552735540747,-2.514357972337323,1.5698671233339756,0.007433627687367399,1576595815250411033
1.0069207223044208e-05,1.2528510395200525,-2.5149234590149687,1.572920220419859,0.007433627687367399,1576595815260436058
1.0069207223044208e-05,1.2513104508149269,-2.5154261138395433,1.575641459126841,0.007433627687367399,1576595815270365953
1.0069207223044208e-05,1.2498604849748083,-2.516242927929477,1.578583936753091,0.007433627687367399,1576595815280421972
1.0069207223044208e-05,1.2481185121252216,-2.5169812022030706,1.582145883353288,0.007433627687367399,1576595815290388107
1.0069207223044208e-05,1.246527577383981,-2.517468149064377,1.585420219358438,0.007433627687367399,1576595815300379991
1.0069207223044208e-05,1.2448258813632862,-2.51844204278699,1.5887166792555143,0.007433627687367399,1576595815310379981
1.0069207223044208e-05,1.2431443237570379,-2.519117485207512,1.5919910152606642,0.007433627687367399,1576595815320394039
1.0069207223044208e-05,1.2412412435918825,-2.5196986798484255,1.5957520768882016,0.007433627687367399,1576595815330410957
1.0069207223044208e-05,1.2396201012289725,-2.520578325791431,1.599048536785278,0.007433627687367399,1576595815340379953
1.0069207223044208e-05,1.2379788204516164,-2.5214579717344354,1.6028317223047417,0.007433627687367399,1576595815350368022
1.0069207223044208e-05,1.2361865015659144,-2.522164830081494,1.6060618105260382,0.007433627687367399,1576595815360435962
1.0069207223044208e-05,1.2343639750585433,-2.5228245645387477,1.609291898747335,0.007433627687367399,1576595815370404958
1.0069207223044208e-05,1.2327126250739642,-2.523829874187896,1.6129644648071655,0.007433627687367399,1576595815380400896
1.0069207223044208e-05,1.2311116211255,-2.5249451395799203,1.6165042875154354,0.007433627687367399,1576595815390398979
1.0069207223044208e-05,1.2289568107797686,-2.525447794404495,1.620287473034899,0.007433627687367399,1576595815400440931
1.0069207223044208e-05,1.2275471217685425,-2.5263274403475,1.6238715435270228,0.007433627687367399,1576595815410438060
1.0069207223044208e-05,1.2257346644683944,-2.5274427057395243,1.627610481262633,0.007433627687367399,1576595815420380115
1.0069207223044208e-05,1.2236805461948934,-2.5280239003804383,1.6309290650516366,0.007433627687367399,1576595815430358886
1.0069207223044208e-05,1.2222607879764442,-2.5288878383601756,1.63457950721954,0.007433627687367399,1576595815440444946
1.0069207223044208e-05,1.2207403376857646,-2.530034519678736,1.6387166750098305,0.007433627687367399,1576595815450428009
1.0069207223044208e-05,1.218817119106163,-2.530662838209454,1.642057382690761,0.007433627687367399,1576595815460402011
1.0069207223044208e-05,1.2168435544904463,-2.531715271748407,1.6457299487505912,0.007433627687367399,1576595815470419883
1.0069207223044208e-05,1.2150411663975216,-2.5326891654710195,1.6496016298377616,0.007433627687367399,1576595815480460882
1.0069207223044208e-05,1.2134200240346116,-2.533427439744613,1.6536503020603457,0.007433627687367399,1576595815490422964
1.0069207223044208e-05,1.2119398505728238,-2.5345269971733697,1.6572564964443959,0.007433627687367399,1576595815500431060
1.0069207223044208e-05,1.2099864243715535,-2.5354537670061785,1.6610839297477131,0.007433627687367399,1576595815510410070
1.0069207223044208e-05,1.2084559048736507,-2.5363491209124516,1.6641149029416695,0.007433627687367399,1576595815520411014
1.0069207223044208e-05,1.2069052469613017,-2.5372915987085283,1.667411362838746,0.007433627687367399,1576595815530417919
1.0069207223044208e-05,1.2051129280756,-2.5381241207617298,1.6712830439259168,0.007433627687367399,1576595815540397882
1.0069207223044208e-05,1.2035924777849203,-2.538956642814931,1.6748007427422598,0.007433627687367399,1576595815550414085
1.0069207223044208e-05,1.2018807125570028,-2.5400876161702235,1.6786060521536508,0.007433627687367399,1576595815560456037
1.0069207223044208e-05,1.200128670500193,-2.540982970076497,1.682344989889261,0.007433627687367399,1576595815570398092
1.0069207223044208e-05,1.198547804966175,-2.5419568637991095,1.6860396798410178,0.007433627687367399,1576595815580377101
1.0069207223044208e-05,1.1971884619910642,-2.5428208017788467,1.6893140158461677,0.007433627687367399,1576595815590368032
1.0069207223044208e-05,1.1954162815198084,-2.5437475716116555,1.692942334122145,0.007433627687367399,1576595815600415945
1.0069207223044208e-05,1.1942784611036044,-2.5448000051506083,1.6962830418030748,0.007433627687367399,1576595815610431909
1.0069207223044208e-05,1.1929291873357166,-2.545773898873221,1.6995795017001512,0.007433627687367399,1576595815620428085
1.0069207223044208e-05,1.1912778373511372,-2.5464493412937426,1.7027432182456679,0.007433627687367399,1576595815630400896
1.0069207223044208e-05,1.1897171102315653,-2.547423235016356,1.7060175542508178,0.007433627687367399,1576595815640423059
1.0069207223044208e-05,1.1887303279237071,-2.5484599605920404,1.7096016247429415,0.007433627687367399,1576595815650412082
1.0069207223044208e-05,1.1874616078136035,-2.549213942828902,1.712743217396531,0.007433627687367399,1576595815660408973
1.0069207223044208e-05,1.1855887352701173,-2.55029779229439,1.7158848100501212,0.007433627687367399,1576595815670394897
1.0069207223044208e-05,1.1842797383311214,-2.5513973497231466,1.7186724204328836,0.007433627687367399,1576595815680417060
1.0069207223044208e-05,1.1831117102932485,-2.5521199160334724,1.7219910042218871,0.007433627687367399,1576595815690423011
1.0069207223044208e-05,1.181853059390368,-2.552952438086674,1.7249998535239168,0.007433627687367399,1576595815700407028
1.0069207223044208e-05,1.180493716415257,-2.5538949158827506,1.7280971983936533,0.007433627687367399,1576595815710396051
1.0069207223044208e-05,1.1796781106301903,-2.5545703583032724,1.730752065424856,0.007433627687367399,1576595815720441102
1.0069207223044208e-05,1.1785302210067634,-2.555324340540134,1.7332741891044983,0.007433627687367399,1576595815730421066
1.0069207223044208e-05,1.1770399783377528,-2.556282526299479,1.7363936578661614,0.007433627687367399,1576595815740386962
1.0069207223044208e-05,1.176214303345463,-2.5570208005730723,1.739203392140851,0.007433627687367399,1576595815750415086
1.0069207223044208e-05,1.1751167597581513,-2.55780619873647,1.7418803830639802,0.007433627687367399,1576595815760431051
1.0069207223044208e-05,1.1739588009275013,-2.558685844679475,1.7442255156082092,0.007433627687367399,1576595815770435094
1.0069207223044208e-05,1.17319354117855,-2.559424118953068,1.7470573737748252,0.007433627687367399,1576595815780396938
1.0069207223044208e-05,1.1722268972851375,-2.5601309773001266,1.749513125778688,0.007433627687367399,1576595815790396928
1.0069207223044208e-05,1.170968246382257,-2.560822127683916,1.75163701940365,0.007433627687367399,1576595815800441980
1.0069207223044208e-05,1.1704748552283277,-2.5613404904717583,1.7532299396223714,0.007433627687367399,1576595815810398101
1.0069207223044208e-05,1.169538418956585,-2.56209447270862,1.7557299394100874,0.007433627687367399,1576595815820444107
1.0069207223044208e-05,1.1686321903065109,-2.562754207165874,1.7578317091431228,0.007433627687367399,1576595815830390930
1.0069207223044208e-05,1.1681287299453587,-2.563366817733324,1.7600883461196448,0.007433627687367399,1576595815840426921
1.0069207223044208e-05,1.1671721552591694,-2.563979428300774,1.7619910008253403,0.007433627687367399,1576595815850442886
1.0069207223044208e-05,1.1665780720330097,-2.56446637516208,1.7633184343409414,0.007433627687367399,1576595815860394001
1.0069207223044208e-05,1.1659739195996273,-2.5650632777662623,1.76486710677581,0.007433627687367399,1576595815870357990
1.0069207223044208e-05,1.16528921350846,-2.56561305648064,1.766769761481505,0.007433627687367399,1576595815880445957
1.0069207223044208e-05,1.164785753147308,-2.566005755562339,1.7688272834306868,0.007433627687367399,1576595815890396118
1.0069207223044208e-05,1.1642520851644864,-2.56646128649711,1.769955601918948,0.007433627687367399,1576595815900413036
1.0069207223044208e-05,1.1637687632177804,-2.5668696935420763,1.770243212513995,0.007433627687367399,1576595815910398006
1.0069207223044208e-05,1.1633962025505278,-2.5671524368808996,1.7704644514332621,0.007433627687367399,1576595815920444965
1.0069207223044208e-05,1.163003503468829,-2.5675451359625985,1.7715485221376697,0.007433627687367399,1576595815930422067
1.0069207223044208e-05,1.1625906659726843,-2.567906419117761,1.7734069290595116,0.007433627687367399,1576595815940398931
1.0069207223044208e-05,1.1623389357921081,-2.5680634987504405,1.7749998492782333,0.007433627687367399,1576595815950412988
1.0069207223044208e-05,1.162097274818755,-2.5682834102361918,1.775862681063374,0.007433627687367399,1576595815960422039
1.0069207223044208e-05,1.1619361675031863,-2.568424781905603,1.7757299377118139,0.007433627687367399,1576595815970400094
1.0069207223044208e-05,1.161845544638179,-2.5685347376484793,1.7757299377118139,0.007433627687367399,1576595815980390071
1.0069207223044208e-05,1.1616945065298334,-2.5686132774648187,1.7763936544696146,0.007433627687367399,1576595815990391969
1.0069207223044208e-05,1.1617045757370563,-2.5687075252444265,1.7770573712274151,0.007433627687367399,1576595816000403881
1.0069207223044208e-05,1.1617045757370563,-2.5687075252444265,1.776924627875855,0.007433627687367399,1576595816010426998
1.0069207223044208e-05,1.1617750601876178,-2.568644693391355,1.7761281677664946,0.007433627687367399,1576595816020404100
1.0069207223044208e-05,1.1619160290887403,-2.568644693391355,1.7757741854956672,0.007433627687367399,1576595816030416011
1.0069207223044208e-05,1.1620066519537477,-2.568267702272924,1.776083919982641,0.007433627687367399,1576595816040452003
1.0069207223044208e-05,1.1622483129271008,-2.568267702272924,1.7759733005230074,0.007433627687367399,1576595816050405025
1.0069207223044208e-05,1.1624698354860077,-2.5679692509708327,1.7750883448459398,0.007433627687367399,1576595816060412883
1.0069207223044208e-05,1.1628323269460374,-2.5677336315218136,1.773738787438412,0.007433627687367399,1576595816070425033
1.0069207223044208e-05,1.1631142647482826,-2.567309516513579,1.7723449822470305,0.007433627687367399,1576595816080481052
1.0069207223044208e-05,1.1637284863888884,-2.5668696935420763,1.7712387876506959,0.007433627687367399,1576595816090373039
1.0069207223044208e-05,1.1641010470561408,-2.56646128649711,1.7703759558655552,0.007433627687367399,1576595816100378036
1.0069207223044208e-05,1.1644836769306166,-2.5660214635256073,1.769092770133807,0.007433627687367399,1576595816110394954
1.0069207223044208e-05,1.1652489366795682,-2.5653617290683535,1.7677210888343526,0.007433627687367399,1576595816120456933
1.0069207223044208e-05,1.1656819125901587,-2.564906198133583,1.7660175491559973,0.007433627687367399,1576595816130398988
1.0069207223044208e-05,1.1664471723391103,-2.5642307557130612,1.7645794961807628,0.007433627687367399,1576595816140404939
1.0069207223044208e-05,1.167111740015831,-2.5635081894027354,1.7629644520701149,0.007433627687367399,1576595816150392055
1.0069207223044208e-05,1.167947484215344,-2.5627070832760697,1.7607078150935924,0.007433627687367399,1576595816160475015
1.0069207223044208e-05,1.1686120518920649,-2.5621415965984236,1.7582520630897298,0.007433627687367399,1576595816170368909
1.0069207223044208e-05,1.169558557371031,-2.561089163059471,1.7556193199504537,0.007433627687367399,1576595816180377960
1.0069207223044208e-05,1.1703640939488744,-2.5602409330430023,1.7534733024335651,0.007433627687367399,1576595816190371990
1.0069207223044208e-05,1.171360945463956,-2.559392703026533,1.751260913240896,0.007433627687367399,1576595816200438022
1.0069207223044208e-05,1.1725793195379441,-2.558167481891633,1.748937904588594,0.007433627687367399,1576595816210414886
1.0069207223044208e-05,1.1732841640435574,-2.5572878359486277,1.7456414446915174,0.007433627687367399,1576595816220406055
1.0069207223044208e-05,1.1742105311080773,-2.556486729821962,1.743030825444168,0.007433627687367399,1576595816230336904
1.0069207223044208e-05,1.1756202201193036,-2.554680314046148,1.7398007372228714,0.007433627687367399,1576595816240468025
1.0069207223044208e-05,1.1765969332199389,-2.5538163760664108,1.7366812684612085,0.007433627687367399,1576595816250437974
1.0069207223044208e-05,1.178006622231165,-2.5528424823437983,1.7335175519156918,0.007433627687367399,1576595816260401010
1.0069207223044208e-05,1.1790739581968077,-2.551350225833343,1.7298449858558613,0.007433627687367399,1576595816270400047
1.0069207223044208e-05,1.1801312249552274,-2.550030756918835,1.7266370215264917,0.007433627687367399,1576595816280504941
1.0069207223044208e-05,1.181651675245907,-2.5486170402247197,1.722853836007028,0.007433627687367399,1576595816290437936
1.0069207223044208e-05,1.1831519871221405,-2.547203323530604,1.7194910044341714,0.007433627687367399,1576595816300412893
1.0069207223044208e-05,1.184350222781683,-2.545569695350738,1.715464456103514,0.007433627687367399,1576595816310415983
1.0069207223044208e-05,1.1855786660628942,-2.54409314680355,1.7114379077728563,0.007433627687367399,1576595816320414066
1.0069207223044208e-05,1.187310569705258,-2.5426794301094353,1.707212244414859,0.007433627687367399,1576595816330425977
1.0069207223044208e-05,1.1888310199959375,-2.541250005452052,1.7034290588953953,0.007433627687367399,1576595816340419054
1.0069207223044208e-05,1.190089670898818,-2.539302218006826,1.6988494132665706,0.007433627687367399,1576595816350349903
1.0069207223044208e-05,1.1912778373511372,-2.5376214659371557,1.69484498882784,0.007433627687367399,1576595816360409021
1.0069207223044208e-05,1.193050017822393,-2.536192041279772,1.690442334334429,0.007433627687367399,1576595816370398998
1.0069207223044208e-05,1.1945201220769575,-2.5345898290264413,1.6862830426522113,0.007433627687367399,1576595816380377054
1.0069207223044208e-05,1.1958895342592915,-2.5326734575077516,1.6821016270780675,0.007433627687367399,1576595816390409946
1.0069207223044208e-05,1.197581161072763,-2.5308670417319377,1.6771901230703423,0.007433627687367399,1576595816400420904
1.0069207223044208e-05,1.199172095814004,-2.5292648294786066,1.6727210969011514,0.007433627687367399,1576595816410399913
1.0069207223044208e-05,1.200803307384137,-2.527207086290505,1.6677210973257197,0.007433627687367399,1576595816420423030
1.0069207223044208e-05,1.2022734116387015,-2.525306422735083,1.6630308322372616,0.007433627687367399,1576595816430413007
1.0069207223044208e-05,1.2038039311366042,-2.5234057591796617,1.6579865848779767,0.007433627687367399,1576595816440443992
1.0069207223044208e-05,1.2053847966706221,-2.5216621752569193,1.6532520720056654,0.007433627687367399,1576595816450428962
1.0069207223044208e-05,1.206744139645733,-2.519557308179014,1.6480529574028935,0.007433627687367399,1576595816460397005
1.0069207223044208e-05,1.2081840362786285,-2.517656644623592,1.6435839312337026,0.007433627687367399,1576595816470422029
1.0069207223044208e-05,1.2100468396148916,-2.515646025325295,1.638561807766344,0.007433627687367399,1576595816480441093
1.0069207223044208e-05,1.2116377743561328,-2.5136668219535334,1.6339157904617392,0.007433627687367399,1576595816490386962
1.0069207223044208e-05,1.2128460792228979,-2.511844698214451,1.629247649265208,0.007433627687367399,1576595816500358104
1.0069207223044208e-05,1.214245699026901,-2.50994403465903,1.6241812780139964,0.007433627687367399,1576595816510400056
1.0069207223044208e-05,1.2159171874259265,-2.508121910919947,1.619712251844805,0.007433627687367399,1576595816520447969
1.0069207223044208e-05,1.2175685374105056,-2.50603275180531,1.6145795089178134,0.007433627687367399,1576595816530404090
1.0069207223044208e-05,1.219078918493962,-2.503975008617209,1.6099113677212822,0.007433627687367399,1576595816540386915
1.0069207223044208e-05,1.2206295764063113,-2.5016816459800886,1.6047122531185105,0.007433627687367399,1576595816550370931
1.0069207223044208e-05,1.2218781581019686,-2.499859522241006,1.5998892446784923,0.007433627687367399,1576595816560430049
1.0069207223044208e-05,1.2230059093109495,-2.497848902942709,1.594645882291867,0.007433627687367399,1576595816570415973
1.0069207223044208e-05,1.2242947678354992,-2.495995363277091,1.5899998649872624,0.007433627687367399,1576595816580415010
1.0069207223044208e-05,1.2260568790995319,-2.494063283795133,1.585110484871464,0.007433627687367399,1576595816590380907
1.0069207223044208e-05,1.2269731769568288,-2.492288283945854,1.5805087153507127,0.007433627687367399,1576595816600423097
1.0069207223044208e-05,1.2281109973730329,-2.490387620390433,1.5759069458299617,0.007433627687367399,1576595816610420942
1.0069207223044208e-05,1.2298831778442887,-2.4885340807248153,1.5711724329576502,0.007433627687367399,1576595816620413064
1.0069207223044208e-05,1.2308296833232548,-2.4865548773530537,1.5666149112207526,0.007433627687367399,1576595816630379915
1.0069207223044208e-05,1.232007780568351,-2.4843086386057367,1.5617919027807343,0.007433627687367399,1576595816640425920
1.0069207223044208e-05,1.2334174695795772,-2.482722134315674,1.55774323055815,0.007433627687367399,1576595816650408983
1.0069207223044208e-05,1.2342632829863132,-2.4809314265031275,1.553495443308226,0.007433627687367399,1576595816660356044
1.0069207223044208e-05,1.2353507573664018,-2.4791250107273135,1.5497122577887623,0.007433627687367399,1576595816670399904
1.0069207223044208e-05,1.2363375396742602,-2.477428550694375,1.5458405767015917,0.007433627687367399,1576595816680449008
1.0069207223044208e-05,1.2372941143604494,-2.4756535508450965,1.5416591611274477,0.007433627687367399,1576595816690426111
1.0069207223044208e-05,1.2382708274610845,-2.473972798775426,1.5380308428514708,0.007433627687367399,1576595816700393915
1.0069207223044208e-05,1.2389756719666978,-2.4720878431832722,1.5337609317096197,0.007433627687367399,1576595816710418939
1.0069207223044208e-05,1.2400430079323403,-2.470375675187066,1.5303538523529097,0.007433627687367399,1576595816720376014
1.0069207223044208e-05,1.241059997861868,-2.469150454052166,1.5266591624011525,0.007433627687367399,1576595816730420112
1.0069207223044208e-05,1.2415131121869047,-2.46789381699073,1.523008720233249,0.007433627687367399,1576595816740422010
1.0069207223044208e-05,1.2423689948008636,-2.465820365839361,1.5195131453088322,0.007433627687367399,1576595816750391006
1.0069207223044208e-05,1.2429530088198002,-2.464579436741193,1.5166812871422162,0.007433627687367399,1576595816760412931
1.0069207223044208e-05,1.2436377149109672,-2.463244259863417,1.5135839422724797,0.007433627687367399,1576595816770423889
1.0069207223044208e-05,1.2442519365515727,-2.4615949237202828,1.5107078363220101,0.007433627687367399,1576595816780395030
1.0069207223044208e-05,1.2446949816693869,-2.4605110742547938,1.5080087215069542,0.007433627687367399,1576595816790406942
1.0069207223044208e-05,1.2453394109316616,-2.459285853119894,1.5054202261515315,0.007433627687367399,1576595816800417900
1.0069207223044208e-05,1.2458126636711446,-2.4577935966094384,1.5028538546880357,0.007433627687367399,1576595816810420989
1.0069207223044208e-05,1.2461852243383973,-2.4567411630704865,1.4999998726294927,0.007433627687367399,1576595816820450067
1.0069207223044208e-05,1.2466081310417652,-2.4557044374948016,1.4980529701399443,0.007433627687367399,1576595816830389976
1.0069207223044208e-05,1.24702096853791,-2.4546048800660447,1.4961060676503954,0.007433627687367399,1576595816840477943
1.0069207223044208e-05,1.2473129755473782,-2.4536152783801644,1.4942034129447004,0.007433627687367399,1576595816850428104
1.0069207223044208e-05,1.247655328592962,-2.4526256766942836,1.491880404292398,0.007433627687367399,1576595816860438108
1.0069207223044208e-05,1.2478969895663148,-2.4520130661268333,1.490110492938263,0.007433627687367399,1576595816870414972
1.0069207223044208e-05,1.2481084429179987,-2.4510705883307566,1.4892255372611956,0.007433627687367399,1576595816880455970
1.0069207223044208e-05,1.2483198962696826,-2.4502851901673592,1.488694563854955,0.007433627687367399,1576595816890429019
1.0069207223044208e-05,1.2484810035852514,-2.4497982433060526,1.487544121474767,0.007433627687367399,1576595816900439977
1.0069207223044208e-05,1.2486018340719278,-2.4489657212528515,1.4856193428771451,0.007433627687367399,1576595816910420894
1.0069207223044208e-05,1.2488233566308349,-2.44821173901599,1.4838051837391566,0.007433627687367399,1576595816920480966
1.0069207223044208e-05,1.248853564252504,-2.447881871787363,1.4824777502235553,0.007433627687367399,1576595816930458068
1.0069207223044208e-05,1.2488938410813961,-2.4474577567791282,1.4821901396285084,0.007433627687367399,1576595816940435886
1.0069207223044208e-05,1.2489643255319576,-2.4471435975137696,1.482566245791262,0.007433627687367399,1576595816950428009
1.0069207223044208e-05,1.2490146715680728,-2.4468608541749464,1.482499874115482,0.007433627687367399,1576595816960469007
1.0069207223044208e-05,1.2490247407752957,-2.4464524471299796,1.4812166883837339,0.007433627687367399,1576595816970431089
1.0069207223044208e-05,1.249065017604188,-2.4462639515707645,1.480154741571253,0.007433627687367399,1576595816980396032
1.0069207223044208e-05,1.2491153636403032,-2.4461854117544246,1.4805529716259336,0.007433627687367399,1576595816990390062
1.0069207223044208e-05,1.2491153636403032,-2.446153995827889,1.4814158034110743,0.007433627687367399,1576595817000451087
1.0069207223044208e-05,1.2491153636403032,-2.4461697037911567,1.4810175733563937,0.007433627687367399,1576595817010416030
1.0069207223044208e-05,1.2491052944330803,-2.4462325356442283,1.4802211132470333,0.007433627687367399,1576595817020401000
1.0069207223044208e-05,1.2491254328475263,-2.446326783423836,1.480729962761347,0.007433627687367399,1576595817030396938
1.0069207223044208e-05,1.2491254328475263,-2.446562402872855,1.4816812901141945,0.007433627687367399,1576595817040453910
1.0069207223044208e-05,1.2491254328475263,-2.4468137302851423,1.4817697856819012,0.007433627687367399,1576595817050446033
1.0069207223044208e-05,1.2491355020547492,-2.4471750134403054,1.481371555627221,0.007433627687367399,1576595817060409069
1.0069207223044208e-05,1.2491355020547492,-2.447552004558736,1.4816149184384144,0.007433627687367399,1576595817070401906
1.0069207223044208e-05,1.2491355020547492,-2.4479132877138987,1.4826768652508955,0.007433627687367399,1576595817080454111
1.0069207223044208e-05,1.2491355020547492,-2.4485730221711526,1.48351757314411,0.007433627687367399,1576595817090437889
1.0069207223044208e-05,1.2492160557125336,-2.449091384958995,1.4841812899019102,0.007433627687367399,1576595817100431919
1.0069207223044208e-05,1.249296609370318,-2.449672579599909,1.4847343872000776,0.007433627687367399,1576595817110434055
1.0069207223044208e-05,1.2493469554064331,-2.450363729983699,1.4853981039578783,0.007433627687367399,1576595817120498895
1.0069207223044208e-05,1.2494979935147787,-2.4510862962940245,1.4863715552026524,0.007433627687367399,1576595817130465984
1.0069207223044208e-05,1.249538270343671,-2.45180886260435,1.4874113781232068,0.007433627687367399,1576595817140443086
1.0069207223044208e-05,1.249759792902578,-2.452751340400427,1.4886281921791749,0.007433627687367399,1576595817150419950
1.0069207223044208e-05,1.2498806233892545,-2.4537723580128437,1.4896680150997292,0.007433627687367399,1576595817160482883
1.0069207223044208e-05,1.2501424227770537,-2.4544635083966333,1.4903759796413831,0.007433627687367399,1576595817170424938
1.0069207223044208e-05,1.250212907227615,-2.4555159419355865,1.4908405813718437,0.007433627687367399,1576595817180414915
1.0069207223044208e-05,1.2506257447237599,-2.456835410850094,1.4920573954278116,0.007433627687367399,1576595817190440893
1.0069207223044208e-05,1.2508170596609975,-2.4575893930869555,1.4932078378079991,0.007433627687367399,1576595817200504064
1.0069207223044208e-05,1.251139274292135,-2.4589088620014627,1.4944025279720405,0.007433627687367399,1576595817210438013
1.0069207223044208e-05,1.2514514197160496,-2.4603854105486507,1.4947343863509408,0.007433627687367399,1576595817220422983
1.0069207223044208e-05,1.251803841968856,-2.4612807644549233,1.4955308464603017,0.007433627687367399,1576595817230458021
1.0069207223044208e-05,1.2521361258072163,-2.4624745696632875,1.4969025277597563,0.007433627687367399,1576595817240458011
1.0069207223044208e-05,1.2525892401322534,-2.464123905806422,1.4982963329511376,0.007433627687367399,1576595817250448942
1.0069207223044208e-05,1.252961800799506,-2.4654904986107335,1.4997786337102261,0.007433627687367399,1576595817260425090
1.0069207223044208e-05,1.2536767145123422,-2.4669042153048495,1.5010175716581207,0.007433627687367399,1576595817272974014
1.0069207223044208e-05,1.2539183754856953,-2.468207976256089,1.5016591645239945,0.007433627687367399,1576595817280419111
1.0069207223044208e-05,1.25456280474797,-2.469291825721577,1.5021237662544549,0.007433627687367399,1576595817290433883
1.0069207223044208e-05,1.2550561959018993,-2.4713495689096785,1.5035396953377629,0.007433627687367399,1576595817300411939
1.0069207223044208e-05,1.2555596562630513,-2.4731874006120287,1.5049113766372177,0.007433627687367399,1576595817310427904
1.0069207223044208e-05,1.2561436702819881,-2.474648241195948,1.505685712854652,0.007433627687367399,1576595817320413112
1.0069207223044208e-05,1.2567880995442628,-2.4763289932656187,1.5057963323142851,0.007433627687367399,1576595817330449104
1.0069207223044208e-05,1.2573519751487532,-2.4780882851516286,1.5063494296124524,0.007433627687367399,1576595817340400934
1.0069207223044208e-05,1.2581172348977048,-2.4800831964866585,1.5077653586957604,0.007433627687367399,1576595817350398063
1.0069207223044208e-05,1.2587717333672026,-2.4818581963359367,1.509092792211362,0.007433627687367399,1576595817360441923
1.0069207223044208e-05,1.2595369931161537,-2.4836331961852145,1.5102653584834764,0.007433627687367399,1576595817370409011
1.0069207223044208e-05,1.2603425296939976,-2.4852511164018134,1.510862703565497,0.007433627687367399,1576595817380393028
1.0069207223044208e-05,1.261117858650172,-2.487324567553183,1.511238809728251,0.007433627687367399,1576595817390422105
1.0069207223044208e-05,1.2619133260207924,-2.4891781072188013,1.511858278702198,0.007433627687367399,1576595817400412082
1.0069207223044208e-05,1.2626383089408515,-2.4911101867007583,1.513075092758166,0.007433627687367399,1576595817410398006
1.0069207223044208e-05,1.2634841223475874,-2.4929637263663764,1.5138273050836732,0.007433627687367399,1576595817420418024
1.0069207223044208e-05,1.2642191744748694,-2.4947701421421904,1.5142255351383536,0.007433627687367399,1576595817430414915
1.0069207223044208e-05,1.265256302818843,-2.496796469403756,1.5142255351383536,0.007433627687367399,1576595817440421104
1.0069207223044208e-05,1.2659712165316792,-2.498807088702054,1.514557393517254,0.007433627687367399,1576595817450411081
1.0069207223044208e-05,1.2667868223167458,-2.5010533274493705,1.5154423491943216,0.007433627687367399,1576595817460419893
1.0069207223044208e-05,1.2679347119401727,-2.5031110706374715,1.5162388093036823,0.007433627687367399,1576595817470434904
1.0069207223044208e-05,1.2685388643735556,-2.505294477531716,1.5161281898440486,0.007433627687367399,1576595817480458974
1.0069207223044208e-05,1.2694753006452986,-2.5072108490504066,1.5162166854117556,0.007433627687367399,1576595817490418910
1.0069207223044208e-05,1.2704318753314878,-2.5093628400181154,1.5168140304937763,0.007433627687367399,1576595817500395059
1.0069207223044208e-05,1.2711568582515471,-2.511294919500073,1.5174334994677232,0.007433627687367399,1576595817510415077
1.0069207223044208e-05,1.272053017694398,-2.513179875092227,1.5177653578466237,0.007433627687367399,1576595817520440101
1.0069207223044208e-05,1.2729089003083567,-2.5151747864272562,1.5174556233596501,0.007433627687367399,1576595817530397891
1.0069207223044208e-05,1.2737748521295384,-2.5174367331378407,1.51725650833231,0.007433627687367399,1576595817540424108
1.0069207223044208e-05,1.2747414960229506,-2.519651555958622,1.5178096056304773,0.007433627687367399,1576595817550396919
1.0069207223044208e-05,1.2758591780247086,-2.5216621752569193,1.5182742073609377,0.007433627687367399,1576595817560431957
1.0069207223044208e-05,1.276402915214753,-2.52403407771038,1.5180087206578174,0.007433627687367399,1576595817570429086
1.0069207223044208e-05,1.2772789362431578,-2.525824785522926,1.5178096056304773,0.007433627687367399,1576595817580389976
1.0069207223044208e-05,1.27824558013657,-2.5278982366742953,1.5178096056304773,0.007433627687367399,1576595817590404033
1.0069207223044208e-05,1.2790108398855216,-2.530050227642004,1.5178317295224037,0.007433627687367399,1576595817600435018
1.0069207223044208e-05,1.2797156843911344,-2.532170802683177,1.5178317295224037,0.007433627687367399,1576595817610404014
1.0069207223044208e-05,1.2806621898701007,-2.5342442538345464,1.5176326144950636,0.007433627687367399,1576595817620398998
1.0069207223044208e-05,1.2813569651684906,-2.536034961647093,1.5174113755757968,0.007433627687367399,1576595817630410909
1.0069207223044208e-05,1.2819309099802043,-2.5382497844678737,1.517300756116163,0.007433627687367399,1576595817640414953
1.0069207223044208e-05,1.2829277614952856,-2.540213279876367,1.5171458888726768,0.007433627687367399,1576595817650386095
1.0069207223044208e-05,1.2835721907575606,-2.5422867310277364,1.5165042960068027,0.007433627687367399,1576595817660361051
1.0069207223044208e-05,1.284146135569274,-2.544234518472962,1.5159069509247822,0.007433627687367399,1576595817670361042
1.0069207223044208e-05,1.28486104928211,-2.546480757220279,1.5158184553570753,0.007433627687367399,1576595817680444955
1.0069207223044208e-05,1.2854853401299389,-2.547988721694002,1.5160839420601955,0.007433627687367399,1576595817690418004
1.0069207223044208e-05,1.2860794233560986,-2.549826553396352,1.5158184553570753,0.007433627687367399,1576595817700397968
1.0069207223044208e-05,1.286663437375035,-2.5516958010252377,1.5150441191396413,0.007433627687367399,1576595817710392951
1.0069207223044208e-05,1.2871870361506335,-2.553643588470463,1.5144467740576206,0.007433627687367399,1576595817720406055
1.0069207223044208e-05,1.2877710501695698,-2.555465712209546,1.5144467740576206,0.007433627687367399,1576595817730367898
1.0069207223044208e-05,1.2882845797379452,-2.55711504835268,1.5145131457334007,0.007433627687367399,1576595817740376949
1.0069207223044208e-05,1.28869741723409,-2.5591099596877096,1.5141149156787204,0.007433627687367399,1576595817750411033
1.0069207223044208e-05,1.2892008775952422,-2.5605393843450925,1.5133627033532127,0.007433627687367399,1576595817760447978
1.0069207223044208e-05,1.2896036458841642,-2.562220136414764,1.5126104910277054,0.007433627687367399,1576595817770433902
1.0069207223044208e-05,1.2898956528936323,-2.563712392925219,1.5123892521084383,0.007433627687367399,1576595817780385017
1.0069207223044208e-05,1.2903185595970001,-2.5652517733254774,1.5124777476761453,0.007433627687367399,1576595817790368080
1.0069207223044208e-05,1.290580358984799,-2.566775445762469,1.5121680131891715,0.007433627687367399,1576595817800410985
1.0069207223044208e-05,1.2908320891653753,-2.567953543007565,1.5114821725394443,0.007433627687367399,1576595817810393095
1.0069207223044208e-05,1.2912449266615202,-2.5693672597016803,1.5106857124300834,0.007433627687367399,1576595817820379018
1.0069207223044208e-05,1.2913858955626427,-2.5709066401019394,1.5104644735108164,0.007433627687367399,1576595817830389976
1.0069207223044208e-05,1.2915973489143266,-2.5719747816041596,1.51050872129467,0.007433627687367399,1576595817840466976
1.0069207223044208e-05,1.2917886638515643,-2.57312146292272,1.5101547390238428,0.007433627687367399,1576595817850415945
1.0069207223044208e-05,1.2919195635454641,-2.574283852204548,1.5094688983741156,0.007433627687367399,1576595817860445022
1.0069207223044208e-05,1.2920001172032487,-2.575383409633305,1.5088494294001684,0.007433627687367399,1576595817870433092
1.0069207223044208e-05,1.2922216397621555,-2.5765143829885973,1.5086503143728283,0.007433627687367399,1576595817880460977
1.0069207223044208e-05,1.2922518473838245,-2.5772369492989227,1.5086503143728283,0.007433627687367399,1576595817890362977
1.0069207223044208e-05,1.29230219341994,-2.578163719131732,1.5084069515616347,0.007433627687367399,1576595817900383949
1.0069207223044208e-05,1.292382747077724,-2.579043365074737,1.5077653586957604,0.007433627687367399,1576595817910358905
1.0069207223044208e-05,1.2925337851860699,-2.579593143789115,1.5073007569653,0.007433627687367399,1576595817920402050
1.0069207223044208e-05,1.292543854393293,-2.580284294172905,1.5071237658298866,0.007433627687367399,1576595817930383920
1.0069207223044208e-05,1.292543854393293,-2.5809911525199625,1.5072786330733734,0.007433627687367399,1576595817940362930
1.0069207223044208e-05,1.292543854393293,-2.5813995595649293,1.5071901375056667,0.007433627687367399,1576595817950444936
1.0069207223044208e-05,1.2925539236005157,-2.581745134756824,1.506814031342913,0.007433627687367399,1576595817960448980
1.0069207223044208e-05,1.292563992807739,-2.582090709948719,1.506592792423646,0.007433627687367399,1576595817970443964
1.0069207223044208e-05,1.292574062014962,-2.582326329397738,1.506747659667133,0.007433627687367399,1576595817980371952
1.0069207223044208e-05,1.2925337851860699,-2.5824362851406137,1.506725535775206,0.007433627687367399,1576595817990406990
1.0069207223044208e-05,1.2925337851860699,-2.5824991169936857,1.5066149163155729,0.007433627687367399,1576595818000477075
1.0069207223044208e-05,1.292563992807739,-2.5824991169936857,1.506592792423646,0.007433627687367399,1576595818010430097
1.0069207223044208e-05,1.292563992807739,-2.5824205771773454,1.5066149163155729,0.007433627687367399,1576595818020426034
1.0069207223044208e-05,1.292563992807739,-2.5822163736548625,1.5066370402074993,0.007433627687367399,1576595818030400991
1.0069207223044208e-05,1.292563992807739,-2.582043586058915,1.506747659667133,0.007433627687367399,1576595818040437936
1.0069207223044208e-05,1.292584131222185,-2.581572347160877,1.506880403018693,0.007433627687367399,1576595818050400972
1.0069207223044208e-05,1.2926747540871923,-2.5812110640057138,1.5070131463702532,0.007433627687367399,1576595818060372114
1.0069207223044208e-05,1.2927955845738688,-2.5806298693647998,1.5071016419379597,0.007433627687367399,1576595818070399999
1.0069207223044208e-05,1.2928358614027613,-2.580205754356565,1.5073007569653,0.007433627687367399,1576595818080432891
1.0069207223044208e-05,1.2929667610966606,-2.5793732323033636,1.5076989870199804,0.007433627687367399,1576595818090399026
1.0069207223044208e-05,1.293087591583337,-2.578603542103234,1.5079644737231006,0.007433627687367399,1576595818100367069
1.0069207223044208e-05,1.293278906520575,-2.5778652678296403,1.508229960426221,0.007433627687367399,1576595818110394954
1.0069207223044208e-05,1.2934903598722591,-2.5766243387314725,1.5086060665889747,0.007433627687367399,1576595818120455980
1.0069207223044208e-05,1.293711882431166,-2.5756975688986636,1.509004296643655,0.007433627687367399,1576595818130423069
1.0069207223044208e-05,1.2939334049900728,-2.5747550911025865,1.5093361550225552,0.007433627687367399,1576595818140413045
1.0069207223044208e-05,1.2942656888284334,-2.5732942505186673,1.5099777478884295,0.007433627687367399,1576595818150403976
1.0069207223044208e-05,1.294628180288463,-2.571990489567428,1.5105972168623765,0.007433627687367399,1576595818160419940
1.0069207223044208e-05,1.2948799104690394,-2.5706238967631165,1.5107520841058637,0.007433627687367399,1576595818170393943
1.0069207223044208e-05,1.2955243397313139,-2.5692730119220726,1.5110396947009106,0.007433627687367399,1576595818180367946
1.0069207223044208e-05,1.2957962083263361,-2.567717923558546,1.5117255353506378,0.007433627687367399,1576595818190380096
1.0069207223044208e-05,1.2963600839308267,-2.5659115077827317,1.5125441193519253,0.007433627687367399,1576595818200449943
1.0069207223044208e-05,1.296712506183633,-2.5642307557130612,1.512765358271192,0.007433627687367399,1576595818210390090
1.0069207223044208e-05,1.2974878351398076,-2.5624557558637826,1.512986597190459,0.007433627687367399,1576595818220383882
1.0069207223044208e-05,1.2981926796454206,-2.560617924161433,1.5138494289756,0.007433627687367399,1576595818230365991
1.0069207223044208e-05,1.2986357247632347,-2.5585758889365993,1.5148228802203743,0.007433627687367399,1576595818240412950
1.0069207223044208e-05,1.2995822302422007,-2.556533853711766,1.5152653580589077,0.007433627687367399,1576595818250412940
1.0069207223044208e-05,1.3003273515767062,-2.5541619512583056,1.5153538536266147,0.007433627687367399,1576595818260427951
1.0069207223044208e-05,1.3008710887667505,-2.55221416381308,1.515774207573222,0.007433627687367399,1576595818270399093
1.0069207223044208e-05,1.3018377326601627,-2.550125004698443,1.5167255349260695,0.007433627687367399,1576595818280463933
1.0069207223044208e-05,1.3028748610041363,-2.547831642061322,1.5178096056304773,0.007433627687367399,1576595818290416955
1.0069207223044208e-05,1.303730743618095,-2.5455225714609337,1.5183627029286444,0.007433627687367399,1576595818300429105
1.0069207223044208e-05,1.3047578027548454,-2.5428836336319183,1.5184954462802045,0.007433627687367399,1576595818310383081
1.0069207223044208e-05,1.3058855539638266,-2.540464607288654,1.5190706674702985,0.007433627687367399,1576595818320410966
1.0069207223044208e-05,1.3072146893172683,-2.5376371739004235,1.520176862066633,0.007433627687367399,1576595818330406904
1.0069207223044208e-05,1.3083726481479183,-2.5352809794102313,1.5209733221759938,0.007433627687367399,1576595818340388059
1.0069207223044208e-05,1.3092889460052153,-2.532500669911804,1.5216812867176477,0.007433627687367399,1576595818350388050
1.0069207223044208e-05,1.3104267664214193,-2.5299559798623967,1.5221901362319616,0.007433627687367399,1576595818360419034
1.0069207223044208e-05,1.3119270782976529,-2.5272542101803093,1.5227653574220552,0.007433627687367399,1576595818370366096
1.0069207223044208e-05,1.313497874624448,-2.5242696971593985,1.5232742069363694,0.007433627687367399,1576595818380361080
1.0069207223044208e-05,1.3145853490045367,-2.5214893876609716,1.5236724369910497,0.007433627687367399,1576595818390410900
1.0069207223044208e-05,1.3159547611868707,-2.518269255191042,1.524424649316557,0.007433627687367399,1576595818400412082
1.0069207223044208e-05,1.317807495315911,-2.5155674855089547,1.5253096049936248,0.007433627687367399,1576595818410424947
1.0069207223044208e-05,1.3191769074982447,-2.512520140634973,1.5255972155886715,0.007433627687367399,1576595818420376062
1.0069207223044208e-05,1.3205966657166939,-2.5094885037242585,1.5255529678048183,0.007433627687367399,1576595818430372953
1.0069207223044208e-05,1.3225601611251878,-2.506661070336028,1.525995445643352,0.007433627687367399,1576595818440439939
1.0069207223044208e-05,1.324030265379752,-2.5034409378660984,1.5267697818607862,0.007433627687367399,1576595818450400114
1.0069207223044208e-05,1.325369469940417,-2.5003778850288483,1.5273228791589533,0.007433627687367399,1576595818460391998
1.0069207223044208e-05,1.3275645571150405,-2.497110628669115,1.5273228791589533,0.007433627687367399,1576595818470371007
1.0069207223044208e-05,1.3294676372801957,-2.4942203634278126,1.5273671269428069,0.007433627687367399,1576595818480426073
1.0069207223044208e-05,1.3311290564719984,-2.491031646884419,1.527920224240974,0.007433627687367399,1576595818490361928
1.0069207223044208e-05,1.3327804064565776,-2.487890054230829,1.5288051799180415,0.007433627687367399,1576595818500374078
1.0069207223044208e-05,1.3349956320456473,-2.484465718238416,1.5292255338646483,0.007433627687367399,1576595818510391950
1.0069207223044208e-05,1.3369691966613637,-2.481434081327702,1.528760932134188,0.007433627687367399,1576595818520421981
1.0069207223044208e-05,1.3390132457276418,-2.4782610727475762,1.5285839409987747,0.007433627687367399,1576595818530380964
1.0069207223044208e-05,1.3408357722350128,-2.475198019910326,1.5292476577565752,0.007433627687367399,1576595818540385007
1.0069207223044208e-05,1.3425374682557072,-2.4723077546690235,1.529889250622449,0.007433627687367399,1576595818550369977
1.0069207223044208e-05,1.3446620709797696,-2.4689148346031464,1.5296237639193289,0.007433627687367399,1576595818560430049
1.0069207223044208e-05,1.3466255663882634,-2.4660088613985764,1.5290264188373084,0.007433627687367399,1576595818570452928
1.0069207223044208e-05,1.348558854175088,-2.4628829767082543,1.529048542729235,0.007433627687367399,1576595818580400943
1.0069207223044208e-05,1.3504921419619123,-2.459725676091397,1.5296458878112555,0.007433627687367399,1576595818590383052
1.0069207223044208e-05,1.352747644379874,-2.4563955878785912,1.5299556222982291,0.007433627687367399,1576595818600491046
1.0069207223044208e-05,1.3547413474100372,-2.453458198747485,1.5294025250000622,0.007433627687367399,1576595818610450029
1.0069207223044208e-05,1.3568055348907608,-2.450300898130627,1.5285175693229947,0.007433627687367399,1576595818620414018
1.0069207223044208e-05,1.3587388226775856,-2.4477247921546836,1.5284954454310677,0.007433627687367399,1576595818630419015
1.0069207223044208e-05,1.3606419028427408,-2.4448816508031848,1.5289600471615283,0.007433627687367399,1576595818640431880
1.0069207223044208e-05,1.3628168516029184,-2.4417400581495947,1.528760932134188,0.007433627687367399,1576595818650398969
1.0069207223044208e-05,1.3646997933536278,-2.4390068725409715,1.5278981003490475,0.007433627687367399,1576595818660375118
1.0069207223044208e-05,1.3670459186365969,-2.4360537754465974,1.5270795163477597,0.007433627687367399,1576595818670408010
1.0069207223044208e-05,1.3687274762428452,-2.433399129654314,1.526924649104273,0.007433627687367399,1576595818680438041
1.0069207223044208e-05,1.370922563417469,-2.4305559883028156,1.5271680119154667,0.007433627687367399,1576595818690366029
1.0069207223044208e-05,1.3728860588259626,-2.427948466400336,1.526858277428493,0.007433627687367399,1576595818700366020
1.0069207223044208e-05,1.3748898310633484,-2.425293820608052,1.5258848261837186,0.007433627687367399,1576595818710367918
1.0069207223044208e-05,1.3765109734262586,-2.4230318738974677,1.5251547377501378,0.007433627687367399,1576595818720426082
1.0069207223044208e-05,1.378232807861399,-2.4208955908930267,1.5249998705066512,0.007433627687367399,1576595818730381965
1.0069207223044208e-05,1.3803070645493463,-2.4183037769538154,1.5249777466147243,0.007433627687367399,1576595818740381956
1.0069207223044208e-05,1.3820188297772638,-2.4160104143166943,1.524358277640777,0.007433627687367399,1576595818750406026
1.0069207223044208e-05,1.3837507334196273,-2.413732759642842,1.5232963308282959,0.007433627687367399,1576595818760402917
1.0069207223044208e-05,1.3855631907197754,-2.411879219977224,1.5223671273673753,0.007433627687367399,1576595818770433902
1.0069207223044208e-05,1.3871944022899083,-2.409931432531998,1.521725534501501,0.007433627687367399,1576595818780366897
1.0069207223044208e-05,1.3884429839855659,-2.4077323176744856,1.5215042955822344,0.007433627687367399,1576595818790352106
1.0069207223044208e-05,1.3906179327457435,-2.4055174948537044,1.521106065527554,0.007433627687367399,1576595818800371885
1.0069207223044208e-05,1.392269282730323,-2.403978114453446,1.5202211098504863,0.007433627687367399,1576595818810436964
1.0069207223044208e-05,1.3931755113803967,-2.4024858579429904,1.519026419686445,0.007433627687367399,1576595818820386886
1.0069207223044208e-05,1.3946959616710763,-2.400679442167176,1.518229959577084,0.007433627687367399,1576595818830391883
1.0069207223044208e-05,1.3959948894028489,-2.3993913891792045,1.5176768622789172,0.007433627687367399,1576595818840428113
1.0069207223044208e-05,1.3972233326840604,-2.3979462565585528,1.5170352694130431,0.007433627687367399,1576595818850411891
1.0069207223044208e-05,1.3988444750469706,-2.3963283363419547,1.5162388093036823,0.007433627687367399,1576595818860367059
1.0069207223044208e-05,1.399609734795922,-2.3952444868764657,1.5151326147073478,0.007433627687367399,1576595818870395898
1.0069207223044208e-05,1.40072741679768,-2.394302009080389,1.514911375788081,0.007433627687367399,1576595818880422115
1.0069207223044208e-05,1.4018148911777686,-2.3929825401658817,1.5147786324365209,0.007433627687367399,1576595818890439033
1.0069207223044208e-05,1.4027815350711808,-2.3921186021861445,1.5141370395706468,0.007433627687367399,1576595818900439977
1.0069207223044208e-05,1.4035770024418013,-2.391254664206407,1.5133627033532127,0.007433627687367399,1576595818910420894
1.0069207223044208e-05,1.4043523313979756,-2.390453558079742,1.5128759777308258,0.007433627687367399,1576595818920420885
1.0069207223044208e-05,1.4049866914530273,-2.389746699732684,1.5123671282165116,0.007433627687367399,1576595818930363893
1.0069207223044208e-05,1.4055707054719642,-2.389149797128502,1.5118804025941246,0.007433627687367399,1576595818940402984
1.0069207223044208e-05,1.4060137505897778,-2.3885686024875876,1.5116370397829308,0.007433627687367399,1576595818950408935
1.0069207223044208e-05,1.4065776261942686,-2.388223027295693,1.5113936769717373,0.007433627687367399,1576595818960417985
1.0069207223044208e-05,1.406869633203737,-2.387751788397654,1.5110175708089837,0.007433627687367399,1576595818970415115
1.0069207223044208e-05,1.4071012249698667,-2.3875161689486353,1.51057509297045,0.007433627687367399,1576595818980396032
1.0069207223044208e-05,1.4072220554565433,-2.3874533370955633,1.5105529690785233,0.007433627687367399,1576595818990408897
1.0069207223044208e-05,1.4072724014926583,-2.3874219211690275,1.5106193407543034,0.007433627687367399,1576595819000427961
1.0069207223044208e-05,1.4072824706998817,-2.3874062132057596,1.5104644735108164,0.007433627687367399,1576595819010405063
1.0069207223044208e-05,1.4072220554565433,-2.387469045058831,1.5104865974027433,0.007433627687367399,1576595819020432949
1.0069207223044208e-05,1.4070005328976365,-2.3875632928384394,1.5107299602139368,0.007433627687367399,1576595819030390024
1.0069207223044208e-05,1.4068494947892907,-2.3877674963609223,1.5109511991332036,0.007433627687367399,1576595819040384054
1.0069207223044208e-05,1.4062956883920235,-2.388191611369157,1.511150314160544,0.007433627687367399,1576595819050367116
1.0069207223044208e-05,1.406023819797001,-2.388584310450856,1.5116149158910044,0.007433627687367399,1576595819060396909
1.0069207223044208e-05,1.405329044498611,-2.388851345826411,1.5123671282165116,0.007433627687367399,1576595819070372104
1.0069207223044208e-05,1.4048155149302357,-2.389432540467325,1.5128759777308258,0.007433627687367399,1576595819080447912
1.0069207223044208e-05,1.404181154875184,-2.3901708147409186,1.5132299600016526,0.007433627687367399,1576595819090399980
1.0069207223044208e-05,1.4032447186034411,-2.3907834253083684,1.5140264201110134,0.007433627687367399,1576595819100405931
1.0069207223044208e-05,1.4024492512328206,-2.391553115508498,1.5152211102750546,0.007433627687367399,1576595819110418081
1.0069207223044208e-05,1.4013919844744007,-2.3925113012678434,1.516349428763316,0.007433627687367399,1576595819120455026
1.0069207223044208e-05,1.400354856130427,-2.393061079982221,1.5168804021695563,0.007433627687367399,1576595819130409002
1.0069207223044208e-05,1.399166689678108,-2.393956433888494,1.5177432339546972,0.007433627687367399,1576595819140410900
1.0069207223044208e-05,1.3978778311535582,-2.395181655023394,1.519247658605712,0.007433627687367399,1576595819150386095
1.0069207223044208e-05,1.3965285573856705,-2.396202672635811,1.5213936761226008,0.007433627687367399,1576595819160412073
1.0069207223044208e-05,1.3952497680683438,-2.397145150431888,1.523495445855636,0.007433627687367399,1576595819170416116
1.0069207223044208e-05,1.3936588333271027,-2.398370371566788,1.5256193394805984,0.007433627687367399,1576595819180360078
1.0069207223044208e-05,1.3922592135230996,-2.399407097142473,1.5267255340769326,0.007433627687367399,1576595819190339088
1.0069207223044208e-05,1.3904064793940596,-2.400663734203908,1.527499870294367,0.007433627687367399,1576595819200467109
1.0069207223044208e-05,1.3888256138600414,-2.4018575394122728,1.5289600471615283,0.007433627687367399,1576595819210419893
1.0069207223044208e-05,1.3872145407043546,-2.403067052583905,1.5315264186250241,0.007433627687367399,1576595819220402956
1.0069207223044208e-05,1.3851604224308534,-2.4046535568739675,1.5346901351705404,0.007433627687367399,1576595819230393886
1.0069207223044208e-05,1.3833781727523746,-2.405768822265992,1.5378980994999107,0.007433627687367399,1576595819240432024
1.0069207223044208e-05,1.3812334316138664,-2.406978335437624,1.54057509042304,0.007433627687367399,1576595819250422000
1.0069207223044208e-05,1.3790987596825808,-2.408439176021543,1.5426547362641485,0.007433627687367399,1576595819260418891
1.0069207223044208e-05,1.3770144337874106,-2.4098686006789265,1.5451989838357179,0.007433627687367399,1576595819270385026
1.0069207223044208e-05,1.3748999002705713,-2.411360857189382,1.5482520809216007,0.007433627687367399,1576595819280425071
1.0069207223044208e-05,1.3725638441948251,-2.412853113699837,1.5516812841702374,0.007433627687367399,1576595819290399074
1.0069207223044208e-05,1.3702579957407481,-2.414125458724541,1.5546680095803405,0.007433627687367399,1576595819300416946
1.0069207223044208e-05,1.3676702094844257,-2.415602007271728,1.5578538500177839,0.007433627687367399,1576595819310400009
1.0069207223044208e-05,1.3653341534086796,-2.4170157239658434,1.5609290709955934,0.007433627687367399,1576595819320437908
1.0069207223044208e-05,1.363139066234056,-2.4183509008436186,1.5640042919734032,0.007433627687367399,1576595819330382108
1.0069207223044208e-05,1.360420380283834,-2.4200159449500216,1.5675219907897466,0.007433627687367399,1576595819340377092
1.0069207223044208e-05,1.3579937013430803,-2.421036962562438,1.5709290701464567,0.007433627687367399,1576595819350347042
1.0069207223044208e-05,1.3553656382578656,-2.422450679256553,1.5749334945851872,0.007433627687367399,1576595819360429048
1.0069207223044208e-05,1.3528684748665507,-2.42416284725276,1.5786281845369443,0.007433627687367399,1576595819370381116
1.0069207223044208e-05,1.349968543186314,-2.4253880683876603,1.582920219570722,0.007433627687367399,1576595819380374908
1.0069207223044208e-05,1.347280064857761,-2.4264405019266126,1.5867919006578923,0.007433627687367399,1576595819390340089
1.0069207223044208e-05,1.3442391642764018,-2.4280741301064794,1.5911503073674502,0.007433627687367399,1576595819400474071
1.0069207223044208e-05,1.341580893569518,-2.4295192627271307,1.5953095990496677,0.007433627687367399,1576595819410402059
1.0069207223044208e-05,1.3390132457276418,-2.4304146166334037,1.5994025190561052,0.007433627687367399,1576595819420367956
1.0069207223044208e-05,1.3361334524618511,-2.431545589988696,1.6038494213333694,0.007433627687367399,1576595819430402040
1.0069207223044208e-05,1.333364420475514,-2.4332106340950985,1.6079644652317338,0.007433627687367399,1576595819440457105
1.0069207223044208e-05,1.3304040735519391,-2.4342630676340513,1.6123892436170713,0.007433627687367399,1576595819450411081
1.0069207223044208e-05,1.3274840034572564,-2.435441164879147,1.6167697742185556,0.007433627687367399,1576595819460407972
1.0069207223044208e-05,1.3242920647675513,-2.436462182491564,1.6217034021182075,0.007433627687367399,1576595819470370054
1.0069207223044208e-05,1.3217747629617902,-2.4372475806549616,1.6258184460165714,0.007433627687367399,1576595819480444908
1.0069207223044208e-05,1.3183713709204012,-2.438425677900058,1.6312609234305369,0.007433627687367399,1576595819490420103
1.0069207223044208e-05,1.3156728233846255,-2.4393838636594025,1.635774197383581,0.007433627687367399,1576595819500399112
1.0069207223044208e-05,1.312893722191065,-2.4404677131248915,1.6407741969590128,0.007433627687367399,1576595819510411977
1.0069207223044208e-05,1.3101851054480662,-2.441111739618877,1.6451768514524239,0.007433627687367399,1576595819520478963
1.0069207223044208e-05,1.3074261426689522,-2.442022801488418,1.6494910103781282,0.007433627687367399,1576595819530415058
1.0069207223044208e-05,1.3042644116009163,-2.443012403174299,1.6545795055212666,0.007433627687367399,1576595819540396928
1.0069207223044208e-05,1.301455102785687,-2.443483642072337,1.6592918945016513,0.007433627687367399,1576595819550411939
1.0069207223044208e-05,1.2986357247632347,-2.4441276685663236,1.6643361418609361,0.007433627687367399,1576595819560439109
1.0069207223044208e-05,1.2959271080202357,-2.4448188189501128,1.6693582653282948,0.007433627687367399,1576595819570389032
1.0069207223044208e-05,1.2928962766460996,-2.445400013591027,1.6744688843633597,0.007433627687367399,1576595819580429077
1.0069207223044208e-05,1.2902682135608847,-2.4458869604523334,1.6790264061002576,0.007433627687367399,1576595819590361118
1.0069207223044208e-05,1.2874991815745476,-2.446421031203444,1.6840927773514691,0.007433627687367399,1576595819600414037
1.0069207223044208e-05,1.2849013261110023,-2.446672358615731,1.6886502990883674,0.007433627687367399,1576595819610399961
1.0069207223044208e-05,1.2818402871151968,-2.4471750134403054,1.6938272897992126,0.007433627687367399,1576595819620383977
1.0069207223044208e-05,1.2792726392733207,-2.4474420488158604,1.6984069354280371,0.007433627687367399,1576595819630384922
1.0069207223044208e-05,1.2769567216120206,-2.447614836411808,1.7029202093810814,0.007433627687367399,1576595819640445947
1.0069207223044208e-05,1.274348796941252,-2.44775620808122,1.7078759611726597,0.007433627687367399,1576595819650393962
1.0069207223044208e-05,1.271841564342714,-2.447850455860827,1.712190120098364,0.007433627687367399,1576595819660420894
1.0069207223044208e-05,1.2690523939419307,-2.4479132877138987,1.7171458718899422,0.007433627687367399,1576595819670428991
1.0069207223044208e-05,1.2667868223167458,-2.447944703640435,1.72157065027528,0.007433627687367399,1576595819680447101
1.0069207223044208e-05,1.2642594513037617,-2.4479761195669707,1.7265706498507114,0.007433627687367399,1576595819690422058
1.0069207223044208e-05,1.2620744333363612,-2.447944703640435,1.7308405609925626,0.007433627687367399,1576595819700409889
1.0069207223044208e-05,1.2597081696389456,-2.4478661638240955,1.7351547199182666,0.007433627687367399,1576595819710386037
1.0069207223044208e-05,1.257513082464322,-2.4477247921546836,1.7391370204650707,0.007433627687367399,1576595819720455884
1.0069207223044208e-05,1.2555596562630513,-2.447583420485272,1.743030825444168,0.007433627687367399,1576595819730449914
1.0069207223044208e-05,1.2535156071967735,-2.447222137330109,1.7473892321537254,0.007433627687367399,1576595819740410089
1.0069207223044208e-05,1.2516930806894027,-2.447159305477037,1.751194541565116,0.007433627687367399,1576595819750389099
1.0069207223044208e-05,1.249971246254262,-2.4467823143586065,1.7547122403814595,0.007433627687367399,1576595819760391950
1.0069207223044208e-05,1.247907058773538,-2.446342491387104,1.75851754979285,0.007433627687367399,1576595819770442008
1.0069207223044208e-05,1.246124809095059,-2.446138287864621,1.7624556025558007,0.007433627687367399,1576595819780416011
1.0069207223044208e-05,1.2443526286238034,-2.4456042171135106,1.765685690777097,0.007433627687367399,1576595819790419101
1.0069207223044208e-05,1.242711347846447,-2.4452115180318117,1.769247637377294,0.007433627687367399,1576595819800401926
1.0069207223044208e-05,1.2411808283485444,-2.444928774692989,1.7723892300308839,0.007433627687367399,1576595819810369968
1.0069207223044208e-05,1.239972523481779,-2.4443947039418785,1.7755750704683273,0.007433627687367399,1576595819820405006
1.0069207223044208e-05,1.238824633858352,-2.444064836713251,1.778141441931823,0.007433627687367399,1576595819830394983
1.0069207223044208e-05,1.2368410000354124,-2.443546473925409,1.7814600257208262,0.007433627687367399,1576595819840456962
1.0069207223044208e-05,1.2358340793131077,-2.442980987247763,1.7840042732923955,0.007433627687367399,1576595819850404977
1.0069207223044208e-05,1.2347466049330191,-2.4427296598354755,1.786106043025431,0.007433627687367399,1576595819860385894
1.0069207223044208e-05,1.233759822625161,-2.4421484651945615,1.7881856888665393,0.007433627687367399,1576595819870424985
1.0069207223044208e-05,1.2328032479389717,-2.441755766112863,1.7904644497349886,0.007433627687367399,1576595819880467891
1.0069207223044208e-05,1.2316855659372137,-2.441143155545413,1.7929423256307777,0.007433627687367399,1576595819890424966
1.0069207223044208e-05,1.230859890944924,-2.440766164426982,1.7944688741737191,0.007433627687367399,1576595819900386095
1.0069207223044208e-05,1.2301449772320878,-2.440499129051427,1.7955308209862002,0.007433627687367399,1576595819910413026
1.0069207223044208e-05,1.2293797174831367,-2.439902226447245,1.7967918828260216,0.007433627687367399,1576595819920422077
1.0069207223044208e-05,1.228785634256977,-2.4396037751451543,1.7987166614236436,0.007433627687367399,1576595819930392026
1.0069207223044208e-05,1.2284030043825012,-2.4394466955124745,1.800685687805119,0.007433627687367399,1576595819940407991
1.0069207223044208e-05,1.22786933639968,-2.4390854123573114,1.8016370151579661,0.007433627687367399,1576595819950360059
1.0069207223044208e-05,1.227456498903535,-2.438739837165417,1.8013936523467726,0.007433627687367399,1576595819960414886
1.0069207223044208e-05,1.2273356684168586,-2.4385670495694693,1.8013936523467726,0.007433627687367399,1576595819970336914
1.0069207223044208e-05,1.2269933153712749,-2.438425677900058,1.8024777230511804,0.007433627687367399,1576595819980391025
1.0069207223044208e-05,1.2268926232990447,-2.438284306230646,1.803517545971735,0.007433627687367399,1576595819990410089
1.0069207223044208e-05,1.2268624156773755,-2.438300014193914,1.8033184309443946,0.007433627687367399,1576595820000464916
1.0069207223044208e-05,1.2268825540918216,-2.438300014193914,1.8026104664027403,0.007433627687367399,1576595820010364055
1.0069207223044208e-05,1.2269329001279368,-2.438347138083718,1.802588342510814,0.007433627687367399,1576595820020373106
1.0069207223044208e-05,1.227184630308513,-2.4384413858633254,1.803008696457421,0.007433627687367399,1576595820030391931
1.0069207223044208e-05,1.2273155300024126,-2.4386455893858088,1.8026547141865938,0.007433627687367399,1576595820040406942
1.0069207223044208e-05,1.227647813840773,-2.438896916798096,1.80161489126604,0.007433627687367399,1576595820050369977
1.0069207223044208e-05,1.227879405606903,-2.439242491989991,1.800818431156679,0.007433627687367399,1576595820060368061
1.0069207223044208e-05,1.2285339040764007,-2.4397451468145652,1.8002874577504384,0.007433627687367399,1576595820070348024
1.0069207223044208e-05,1.228825911085869,-2.4401064299697284,1.7994909976410776,0.007433627687367399,1576595820080434083
1.0069207223044208e-05,1.2294804095553669,-2.4407504564637144,1.7983848030447434,0.007433627687367399,1576595820090472936
1.0069207223044208e-05,1.229933523880404,-2.441630102406719,1.7973228562322623,0.007433627687367399,1576595820100394964
1.0069207223044208e-05,1.2306383683860171,-2.4422427129741693,1.7956635643377603,0.007433627687367399,1576595820110433101
1.0069207223044208e-05,1.2313734205132991,-2.442949571321227,1.7940927680109655,0.007433627687367399,1576595820120441913
1.0069207223044208e-05,1.2320883342261353,-2.444159084492859,1.7917476354667363,0.007433627687367399,1576595820130417108
1.0069207223044208e-05,1.2329844936689864,-2.4450387304358645,1.7898892285448949,0.007433627687367399,1576595820140399932
1.0069207223044208e-05,1.2337195457962686,-2.446091163974817,1.7883848038938797,0.007433627687367399,1576595820150424003
1.0069207223044208e-05,1.2346660512752345,-2.447379216962789,1.7866812642155248,0.007433627687367399,1576595820160439014
1.0069207223044208e-05,1.2355420723036397,-2.448635854024224,1.7848007334017564,0.007433627687367399,1576595820170425891
1.0069207223044208e-05,1.2366094082692822,-2.450096694608144,1.7821901141544072,0.007433627687367399,1576595820180397987
1.0069207223044208e-05,1.2378579899649398,-2.451588951118599,1.7795131232312775,0.007433627687367399,1576595820190351963
1.0069207223044208e-05,1.2387541494077907,-2.4532382872617333,1.776437902253468,0.007433627687367399,1576595820200423002
1.0069207223044208e-05,1.23971072409398,-2.454620588029313,1.7743140086285059,0.007433627687367399,1576595820210355043
1.0069207223044208e-05,1.2414829045652356,-2.456725455107218,1.7716148938134495,0.007433627687367399,1576595820220413923
1.0069207223044208e-05,1.2423488563864176,-2.458374791250353,1.7687830356468335,0.007433627687367399,1576595820230400085
1.0069207223044208e-05,1.2434463999737293,-2.460244038879239,1.7658626819125107,0.007433627687367399,1576595820240427970
1.0069207223044208e-05,1.2450171963005243,-2.4623646139204114,1.7628095848266276,0.007433627687367399,1576595820250380992
1.0069207223044208e-05,1.2461852243383973,-2.4643909411819775,1.7597122399568912,0.007433627687367399,1576595820260365009
1.0069207223044208e-05,1.247504290484616,-2.4667157197456335,1.7561281694647675,0.007433627687367399,1576595820270365953
1.0069207223044208e-05,1.2490247407752957,-2.469071914235826,1.7528759573515447,0.007433627687367399,1576595820280456066
1.0069207223044208e-05,1.2505552602731984,-2.471600896321966,1.7493361346432743,0.007433627687367399,1576595820290391921
1.0069207223044208e-05,1.2518541880049712,-2.4739413828488903,1.7459290552865643,0.007433627687367399,1576595820300357103
1.0069207223044208e-05,1.2534853995751043,-2.4766902764207814,1.742101621983247,0.007433627687367399,1576595820310364007
1.0069207223044208e-05,1.254995780658561,-2.479046470910974,1.7386502948426836,0.007433627687367399,1576595820320450067
1.0069207223044208e-05,1.2562645007686646,-2.481701116703257,1.734513127052393,0.007433627687367399,1576595820330416917
1.0069207223044208e-05,1.2575835669148834,-2.484450010275148,1.7307078176410025,0.007433627687367399,1576595820340382099
1.0069207223044208e-05,1.2597283080533916,-2.4873873994062548,1.7269467560134655,0.007433627687367399,1576595820350406885
1.0069207223044208e-05,1.2609567513346032,-2.4902148327944853,1.7230308271424415,0.007433627687367399,1576595820360415935
1.0069207223044208e-05,1.2621247793724764,-2.493120805999056,1.7190706504875641,0.007433627687367399,1576595820370390892
1.0069207223044208e-05,1.2642292436820926,-2.496136734946502,1.7150662260488336,0.007433627687367399,1576595820380374908
1.0069207223044208e-05,1.2657899708016644,-2.4989484603714653,1.711017553826249,0.007433627687367399,1576595820390403032
1.0069207223044208e-05,1.2674413207862438,-2.502309964510806,1.7066812710086183,0.007433627687367399,1576595820400401115
1.0069207223044208e-05,1.2692235704647223,-2.505168813825573,1.702610474894108,0.007433627687367399,1576595820410398006
1.0069207223044208e-05,1.270905128070971,-2.508577441854718,1.6979644575895032,0.007433627687367399,1576595820420361995
1.0069207223044208e-05,1.2723148170821972,-2.5116247867287,1.6937609181234325,0.007433627687367399,1576595820430358886
1.0069207223044208e-05,1.274137343589568,-2.5149705829047733,1.6891812724946076,0.007433627687367399,1576595820440404891
1.0069207223044208e-05,1.2758491088174855,-2.518033635742023,1.6849998569204638,0.007433627687367399,1576595820450404882
1.0069207223044208e-05,1.2775709432526263,-2.52158363544058,1.6803759635077857,0.007433627687367399,1576595820460382938
1.0069207223044208e-05,1.2790410475071905,-2.5247409360574373,1.6760839284740081,0.007433627687367399,1576595820470380067
1.0069207223044208e-05,1.2804104596895247,-2.5277254490783476,1.6719688845756437,0.007433627687367399,1576595820480423927
1.0069207223044208e-05,1.28208194808855,-2.531259740813636,1.6673671150548928,0.007433627687367399,1576595820490395069
1.0069207223044208e-05,1.2837836441092443,-2.5345898290264413,1.6632741950484553,0.007433627687367399,1576595820500370979
1.0069207223044208e-05,1.2855658937877232,-2.5382340765046054,1.6584733105003637,0.007433627687367399,1576595820510386943
1.0069207223044208e-05,1.2870662056639568,-2.541422793047999,1.6540264082230993,0.007433627687367399,1576595820520421028
1.0069207223044208e-05,1.288949147414666,-2.544815713113876,1.6491812758911548,0.007433627687367399,1576595820530421018
1.0069207223044208e-05,1.2904998053270151,-2.547831642061322,1.644623754154257,0.007433627687367399,1576595820540359973
1.0069207223044208e-05,1.2921712937260403,-2.5513659337966113,1.6397122501465318,0.007433627687367399,1576595820550390958
1.0069207223044208e-05,1.2935910519444893,-2.5544918184869325,1.6356193301400945,0.007433627687367399,1576595820560431003
1.0069207223044208e-05,1.2951115022351691,-2.5572721279853594,1.631393666782097,0.007433627687367399,1576595820570420026
1.0069207223044208e-05,1.2969138903280941,-2.5606964639777723,1.6269467645048323,0.007433627687367399,1576595820580425024
1.0069207223044208e-05,1.2984544790332198,-2.5636338531088785,1.6225883577952747,0.007433627687367399,1576595820590359926
1.0069207223044208e-05,1.2997735451794385,-2.566948233358416,1.6179865882745235,0.007433627687367399,1576595820600410938
1.0069207223044208e-05,1.3010523344967653,-2.569775666746647,1.6136724293488194,0.007433627687367399,1576595820610409021
1.0069207223044208e-05,1.3030963835630431,-2.5729329673635046,1.6090485359361415,0.007433627687367399,1576595820620393991
1.0069207223044208e-05,1.3043348960514778,-2.575901772421147,1.6048892442539238,0.007433627687367399,1576595820630418062
1.0069207223044208e-05,1.3056640314049195,-2.578682081919574,1.6007299525717062,0.007433627687367399,1576595820640476942
1.0069207223044208e-05,1.3070535820016995,-2.5815880551241444,1.5963494219702221,0.007433627687367399,1576595820650422096
1.0069207223044208e-05,1.3084632710129258,-2.5840699133204805,1.5925441125588315,0.007433627687367399,1576595820660407066
1.0069207223044208e-05,1.3102153130697354,-2.5868502228189074,1.5882742014169808,0.007433627687367399,1576595820670428037
1.0069207223044208e-05,1.3110812648909171,-2.589159293419296,1.5847343787087105,0.007433627687367399,1576595820680517911
1.0069207223044208e-05,1.3123902618299128,-2.5916882755054353,1.580575087026493,0.007433627687367399,1576595820690433025
1.0069207223044208e-05,1.3140315426072693,-2.5938873903629487,1.5770131404262964,0.007433627687367399,1576595820700333118
1.0069207223044208e-05,1.315068670951243,-2.5962750007796767,1.5730750876633453,0.007433627687367399,1576595820710398912
1.0069207223044208e-05,1.3161360069168855,-2.598269912114706,1.569424645495442,0.007433627687367399,1576595820720483064
1.0069207223044208e-05,1.3177974261086876,-2.60076747827431,1.5653759732728576,0.007433627687367399,1576595820730437040
1.0069207223044208e-05,1.3186935855515385,-2.6028409294256796,1.5619246461322944,0.007433627687367399,1576595820740453958
1.0069207223044208e-05,1.319710575481066,-2.6044274337157427,1.5586503101271445,0.007433627687367399,1576595820750360012
1.0069207223044208e-05,1.3211504721139613,-2.606312389307896,1.555044115743094,0.007433627687367399,1576595820760406970
1.0069207223044208e-05,1.321966077899028,-2.608228760826586,1.552079514224918,0.007433627687367399,1576595820770389080
1.0069207223044208e-05,1.3229729986213326,-2.609642477520701,1.548716682652061,0.007433627687367399,1576595820780396938
1.0069207223044208e-05,1.3239597809291908,-2.610820574765798,1.5455308422146183,0.007433627687367399,1576595820790397882
1.0069207223044208e-05,1.324936494029826,-2.612736946284487,1.542411373452955,0.007433627687367399,1576595820800404071
1.0069207223044208e-05,1.3261750065182605,-2.614417698354158,1.5399556214490926,0.007433627687367399,1576595820810421943
1.0069207223044208e-05,1.3267086745010817,-2.615344468186967,1.53716801106633,0.007433627687367399,1576595820820450067
1.0069207223044208e-05,1.3275645571150405,-2.616428317652456,1.5343140290077868,0.007433627687367399,1576595820830363035
1.0069207223044208e-05,1.328541270215676,-2.6176221228608196,1.5316149141927309,0.007433627687367399,1576595820840440988
1.0069207223044208e-05,1.329014522955159,-2.6183761050976813,1.5296680117031825,0.007433627687367399,1576595820850405931
1.0069207223044208e-05,1.3298804747763409,-2.619271459003954,1.5277874808894139,0.007433627687367399,1576595820860388040
1.0069207223044208e-05,1.3305148348313927,-2.6203238925429067,1.5254423483451849,0.007433627687367399,1576595820870389938
1.0069207223044208e-05,1.3310182951925449,-2.620826547367481,1.5233405786121494,0.007433627687367399,1576595820880446910
1.0069207223044208e-05,1.33176341652705,-2.6217061933104864,1.5218582778530612,0.007433627687367399,1576595820890434026
1.0069207223044208e-05,1.3322064616448641,-2.622271679988132,1.520884826608287,0.007433627687367399,1576595820900401115
1.0069207223044208e-05,1.332679714384347,-2.622711502959635,1.519092791362225,0.007433627687367399,1576595820910446882
1.0069207223044208e-05,1.3332133823671684,-2.6231356179678693,1.5170131455211164,0.007433627687367399,1576595820920371055
1.0069207223044208e-05,1.333535596998306,-2.623434069269961,1.5149998713557877,0.007433627687367399,1576595820930403947
1.0069207223044208e-05,1.3338477424222202,-2.6238110603883915,1.5141812873545004,0.007433627687367399,1576595820940450906
1.0069207223044208e-05,1.3341397494316887,-2.6240466798374107,1.51398217232716,0.007433627687367399,1576595820950395107
1.0069207223044208e-05,1.334280718332811,-2.6242037594700904,1.5138273050836732,0.007433627687367399,1576595820960443973
1.0069207223044208e-05,1.3345928637567255,-2.624298007249698,1.513008721082386,0.007433627687367399,1576595820970410108
1.0069207223044208e-05,1.3346633482072867,-2.6244236709558413,1.5116370397829308,0.007433627687367399,1576595820980426073
1.0069207223044208e-05,1.3347741094867402,-2.6244393789191096,1.5113051814040308,0.007433627687367399,1576595820990400075
1.0069207223044208e-05,1.3348244555228554,-2.6244550868823775,1.511902526486051,0.007433627687367399,1576595821000473022
1.0069207223044208e-05,1.3347640402795171,-2.6244707948456454,1.5121901370810982,0.007433627687367399,1576595821010437965
1.0069207223044208e-05,1.334723763450625,-2.6244550868823775,1.5117476592425645,0.007433627687367399,1576595821020433902
1.0069207223044208e-05,1.3346130021711717,-2.6244393789191096,1.5115927919990777,0.007433627687367399,1576595821030422925
1.0069207223044208e-05,1.3345324485133871,-2.6243765470660376,1.5122343848649515,0.007433627687367399,1576595821040419101
1.0069207223044208e-05,1.3342203030894728,-2.6243608391027697,1.5132963316774326,0.007433627687367399,1576595821050453901
1.0069207223044208e-05,1.3340491265666812,-2.6243137152129656,1.5141591634625735,0.007433627687367399,1576595821060374975
1.0069207223044208e-05,1.3337369811427666,-2.62412521965375,1.5147565085445942,0.007433627687367399,1576595821070362091
1.0069207223044208e-05,1.3334046973044063,-2.6241880515068225,1.5153317297346878,0.007433627687367399,1576595821080463886
1.0069207223044208e-05,1.3330019290154844,-2.6239838479843387,1.516415800439096,0.007433627687367399,1576595821090368986
1.0069207223044208e-05,1.332427984203771,-2.6239995559476066,1.5177653578466237,0.007433627687367399,1576595821100385904
1.0069207223044208e-05,1.3320654927437412,-2.623952432057803,1.519535269200759,0.007433627687367399,1576595821110373020
1.0069207223044208e-05,1.3314311326886896,-2.624078095763947,1.5212166849871873,0.007433627687367399,1576595821120413064
1.0069207223044208e-05,1.3310283643997676,-2.6239995559476066,1.523362702504076,0.007433627687367399,1576595821130408048
1.0069207223044208e-05,1.330192620200255,-2.623968140021071,1.5253981005613313,0.007433627687367399,1576595821140373945
1.0069207223044208e-05,1.3297797827041102,-2.624078095763947,1.5273450030508802,0.007433627687367399,1576595821150386095
1.0069207223044208e-05,1.329064868991274,-2.6242037594700904,1.5291812860807952,0.007433627687367399,1576595821160414934
1.0069207223044208e-05,1.3283096784495458,-2.624298007249698,1.530973321326857,0.007433627687367399,1576595821170406103
1.0069207223044208e-05,1.3274840034572564,-2.6244707948456454,1.5336724361419132,0.007433627687367399,1576595821180409908
1.0069207223044208e-05,1.3268093665733123,-2.624753538184468,1.5367919049035759,0.007433627687367399,1576595821190396070
1.0069207223044208e-05,1.3258125150582307,-2.625099113376363,1.5397786303136791,0.007433627687367399,1576595821200479030
1.0069207223044208e-05,1.32468476384925,-2.6255232283845977,1.542345001777175,0.007433627687367399,1576595821210406064
1.0069207223044208e-05,1.3241108190375364,-2.6258688035764925,1.5455750899984715,0.007433627687367399,1576595821220401048
1.0069207223044208e-05,1.3230535522791167,-2.626559953960282,1.548650310976281,0.007433627687367399,1576595821230397939
1.0069207223044208e-05,1.3221070468001506,-2.6269840689685173,1.5520573903329915,0.007433627687367399,1576595821240443944
1.0069207223044208e-05,1.321090056870623,-2.62742389194002,1.5552211068785078,0.007433627687367399,1576595821250459909
1.0069207223044208e-05,1.3201133437699881,-2.628272121956489,1.5584954428836577,0.007433627687367399,1576595821260401010
1.0069207223044208e-05,1.3191164922549063,-2.6289475643770106,1.5624998673223884,0.007433627687367399,1576595821270409107
1.0069207223044208e-05,1.317827633730357,-2.629732962540408,1.5659290705710252,0.007433627687367399,1576595821280375003
1.0069207223044208e-05,1.3168408514224985,-2.6306126084834136,1.5700662383613158,0.007433627687367399,1576595821290438890
1.0069207223044208e-05,1.3157533770424097,-2.6317121659121696,1.573960043340413,0.007433627687367399,1576595821300381898
1.0069207223044208e-05,1.3145249337611984,-2.632576103891907,1.5782963261580438,0.007433627687367399,1576595821310405969
1.0069207223044208e-05,1.3133669749305483,-2.633691369283931,1.5824113700564082,0.007433627687367399,1576595821320441007
1.0069207223044208e-05,1.312209016099898,-2.6349794222719027,1.5867034050901856,0.007433627687367399,1576595821330425977
1.0069207223044208e-05,1.311040988062025,-2.636267475259875,1.590729953420843,0.007433627687367399,1576595821340419054
1.0069207223044208e-05,1.3095507453930146,-2.6373513247253633,1.5949113689949874,0.007433627687367399,1576595821350383043
1.0069207223044208e-05,1.3086646551573868,-2.6386236697500673,1.5996016340834454,0.007433627687367399,1576595821360426902
1.0069207223044208e-05,1.3073657274256139,-2.640194466076862,1.6039157930091497,0.007433627687367399,1576595821370421886
1.0069207223044208e-05,1.305805000306042,-2.6417809703669253,1.6086060580976076,0.007433627687367399,1576595821380422115
1.0069207223044208e-05,1.3048081487909606,-2.6434931383631315,1.6130972081587256,0.007433627687367399,1576595821390418052
1.0069207223044208e-05,1.3034185981941806,-2.645362385992017,1.618252074977644,0.007433627687367399,1576595821400408029
1.0069207223044208e-05,1.3022405009490845,-2.6469960141718842,1.6226326055791285,0.007433627687367399,1576595821410392045
1.0069207223044208e-05,1.301173164983442,-2.648708182168091,1.62796446353346,0.007433627687367399,1576595821420413017
1.0069207223044208e-05,1.2999044448733381,-2.6505303059071728,1.6323007463510912,0.007433627687367399,1576595821430425882
1.0069207223044208e-05,1.298706209213796,-2.6524938013156665,1.63765472819735,0.007433627687367399,1576595821440424919
1.0069207223044208e-05,1.2974173506892461,-2.6543159250547483,1.6424334888535146,0.007433627687367399,1576595821450412034
1.0069207223044208e-05,1.2961184229574736,-2.656263712499974,1.6469910105904124,0.007433627687367399,1576595821460408926
1.0069207223044208e-05,1.2949806025412696,-2.6582743317982716,1.6523892402205245,0.007433627687367399,1576595821470400094
1.0069207223044208e-05,1.2937722976745043,-2.660269243133301,1.657278620336323,0.007433627687367399,1576595821480433940
1.0069207223044208e-05,1.2924230239066163,-2.662703977439833,1.6623892393713877,0.007433627687367399,1576595821490411043
1.0069207223044208e-05,1.2912046498326282,-2.6649973400769538,1.667278619487186,0.007433627687367399,1576595821500370025
1.0069207223044208e-05,1.290338698011446,-2.6675106141998253,1.6727653446850046,0.007433627687367399,1576595821510406017
1.0069207223044208e-05,1.2891102547302349,-2.66977256091041,1.6773671142057558,0.007433627687367399,1576595821520422935
1.0069207223044208e-05,1.2877207041334546,-2.672191587253674,1.682433485456968,0.007433627687367399,1576595821530427932
1.0069207223044208e-05,1.2870863440784028,-2.6742650384050437,1.6870573788696457,0.007433627687367399,1576595821540400028
1.0069207223044208e-05,1.285968662076645,-2.676542693078896,1.6917697678500305,0.007433627687367399,1576595821550410032
1.0069207223044208e-05,1.2847402187954335,-2.6791816309079115,1.6967918913173885,0.007433627687367399,1576595821560437917
1.0069207223044208e-05,1.2838239209381366,-2.6817263209573188,1.7012387935946531,0.007433627687367399,1576595821570384025
1.0069207223044208e-05,1.2827867925941632,-2.6843652587863347,1.7063272887377916,0.007433627687367399,1576595821580405950
1.0069207223044208e-05,1.2817698026646356,-2.686752869203063,1.7109069343666161,0.007433627687367399,1576595821590380907
1.0069207223044208e-05,1.2808736432217847,-2.6892975592524704,1.716083925077461,0.007433627687367399,1576595821600408077
1.0069207223044208e-05,1.2799372069500414,-2.6914338422569117,1.720641446814359,0.007433627687367399,1576595821610466003
1.0069207223044208e-05,1.2792021548227592,-2.6940413641593914,1.7255308269301575,0.007433627687367399,1576595821620429992
1.0069207223044208e-05,1.2783865490376927,-2.6965546382822634,1.7297343663962281,0.007433627687367399,1576595821630387067
1.0069207223044208e-05,1.277268867035935,-2.6994763194501017,1.7339821536461522,0.007433627687367399,1576595821640460014
1.0069207223044208e-05,1.2768157527108979,-2.7018796378300975,1.738185693112223,0.007433627687367399,1576595821650427103
1.0069207223044208e-05,1.2760303545475005,-2.704282956210094,1.7422564892267338,0.007433627687367399,1576595821660402059
1.0069207223044208e-05,1.2752852332129951,-2.7068904781125736,1.7466591437201449,0.007433627687367399,1576595821670352935
1.0069207223044208e-05,1.2747314268157277,-2.7091053009333543,1.7505971964830955,0.007433627687367399,1576595821680417060
1.0069207223044208e-05,1.2740467207245605,-2.7116342830194937,1.7544467536783395,0.007433627687367399,1576595821690432071
1.0069207223044208e-05,1.2733720838406168,-2.7140690173260262,1.7580529480623897,0.007433627687367399,1576595821700381040
1.0069207223044208e-05,1.2728786926866875,-2.7166922471917734,1.762079496393047,0.007433627687367399,1576595821710402011
1.0069207223044208e-05,1.2723853015327584,-2.718797114269679,1.765353832398197,0.007433627687367399,1576595821720412969
1.0069207223044208e-05,1.2718214259282679,-2.7212632645027472,1.7688936551064671,0.007433627687367399,1576595821730403900
1.0069207223044208e-05,1.2713884500176769,-2.7233052997275804,1.7720352477600567,0.007433627687367399,1576595821740398883
1.0069207223044208e-05,1.270915197278194,-2.725551538474897,1.7750883448459398,0.007433627687367399,1576595821750365972
1.0069207223044208e-05,1.2706231902687255,-2.7276878214793383,1.7780086985802626,0.007433627687367399,1576595821760443925
1.0069207223044208e-05,1.2702103527725808,-2.729792688557243,1.7810617956661459,0.007433627687367399,1576595821770412921
1.0069207223044208e-05,1.2699384841775585,-2.7318033078555404,1.7841812644278088,0.007433627687367399,1576595821780389070
1.0069207223044208e-05,1.2696666155825362,-2.733703971410962,1.7865927686478182,0.007433627687367399,1576595821790393114
1.0069207223044208e-05,1.2693746085730682,-2.73571459070926,1.7892697595709472,0.007433627687367399,1576595821800426006
1.0069207223044208e-05,1.2692135012574994,-2.737568130374878,1.7919909982779303,0.007433627687367399,1576595821810398101
1.0069207223044208e-05,1.2689718402841463,-2.7395159178201034,1.7945352458494992,0.007433627687367399,1576595821820386886
1.0069207223044208e-05,1.2688409405902468,-2.7407568469182713,1.796327281095561,0.007433627687367399,1576595821830409049
1.0069207223044208e-05,1.268639556445786,-2.7425632626940857,1.7980750685577696,0.007433627687367399,1576595821840461969
1.0069207223044208e-05,1.2685590027880016,-2.743976979388201,1.8001547143988783,0.007433627687367399,1576595821850368022
1.0069207223044208e-05,1.2684784491302172,-2.7453121562659764,1.8024113513754003,0.007433627687367399,1576595821860409021
1.0069207223044208e-05,1.2683676878507637,-2.7468044127764317,1.8036060415394415,0.007433627687367399,1576595821870394945
1.0069207223044208e-05,1.2683072726074254,-2.7477783064990446,1.804291882189169,0.007433627687367399,1576595821880475997
1.0069207223044208e-05,1.2682972034002025,-2.748924987817605,1.8054865723532103,0.007433627687367399,1576595821890397071
1.0069207223044208e-05,1.2682871341929793,-2.750181624879041,1.8070131208961517,0.007433627687367399,1576595821900360107
1.0069207223044208e-05,1.2682468573640873,-2.7509356071159026,1.8087387844664333,0.007433627687367399,1576595821910423040
1.0069207223044208e-05,1.268206580535195,-2.752019456581391,1.8101325896578147,0.007433627687367399,1576595821920458078
1.0069207223044208e-05,1.268206580535195,-2.752820562708056,1.8109954214429558,0.007433627687367399,1576595821930449008
1.0069207223044208e-05,1.268206580535195,-2.7533389254958984,1.8112609081460758,0.007433627687367399,1576595821940428018
1.0069207223044208e-05,1.268206580535195,-2.75409290773276,1.8114378992814892,0.007433627687367399,1576595821950412034
1.0069207223044208e-05,1.268206580535195,-2.754454190887923,1.8120573682554366,0.007433627687367399,1576595821960458040
1.0069207223044208e-05,1.2682468573640873,-2.7549568457124973,1.8131193150679177,0.007433627687367399,1576595821970431089
1.0069207223044208e-05,1.2682569265713102,-2.7551610492349807,1.813318430095258,0.007433627687367399,1576595821980415105
1.0069207223044208e-05,1.2682669957785333,-2.7552395890513206,1.8127874566890174,0.007433627687367399,1576595821990370035
1.0069207223044208e-05,1.2682770649857564,-2.7553495447941962,1.8127653327970907,0.007433627687367399,1576595822000473022
1.0069207223044208e-05,1.2682669957785333,-2.755333836830928,1.8133405539871847,0.007433627687367399,1576595822010387897
1.0069207223044208e-05,1.2682569265713102,-2.7552552970145885,1.8134732973387446,0.007433627687367399,1576595822020404100
1.0069207223044208e-05,1.2682569265713102,-2.7550353855288368,1.8129202000405777,0.007433627687367399,1576595822030401945
1.0069207223044208e-05,1.2682468573640873,-2.754815474043086,1.8124113505262638,0.007433627687367399,1576595822040472030
1.0069207223044208e-05,1.2681562344990798,-2.7543442351450476,1.8125883416616775,0.007433627687367399,1576595822050403118
1.0069207223044208e-05,1.2680756808412956,-2.753982951989885,1.8125662177697504,0.007433627687367399,1576595822060403108
1.0069207223044208e-05,1.2679850579762881,-2.753448881238774,1.8118361293361698,0.007433627687367399,1576595822070415973
1.0069207223044208e-05,1.2679246427329498,-2.752851978634592,1.8108626780913957,0.007433627687367399,1576595822080415964
1.0069207223044208e-05,1.2677937430390502,-2.7520665804711943,1.8101325896578147,0.007433627687367399,1576595822090373039
1.0069207223044208e-05,1.2675923588945894,-2.751202642491457,1.8099777224143283,0.007433627687367399,1576595822100387096
1.0069207223044208e-05,1.2674916668223588,-2.7505272000709358,1.8096016162515742,0.007433627687367399,1576595822110397100
1.0069207223044208e-05,1.2671593829839984,-2.749521890421787,1.8087387844664333,0.007433627687367399,1576595822120466947
1.0069207223044208e-05,1.2670083448756526,-2.7481552976174752,1.8074998465185388,0.007433627687367399,1576595822130392074
1.0069207223044208e-05,1.2667264070734074,-2.747087156115255,1.8062387846787176,0.007433627687367399,1576595822140431880
1.0069207223044208e-05,1.2665250229289464,-2.7461760942457136,1.8051768378662363,0.007433627687367399,1576595822150389909
1.0069207223044208e-05,1.2661826698833631,-2.7451079527434934,1.8048892272711898,0.007433627687367399,1576595822160419940
1.0069207223044208e-05,1.265930939702787,-2.7434586166003587,1.804490997216509,0.007433627687367399,1576595822170392990
1.0069207223044208e-05,1.2654073409271887,-2.742201979538923,1.8030971920251277,0.007433627687367399,1576595822180387020
1.0069207223044208e-05,1.265195887575505,-2.741055298220363,1.8012387851032858,0.007433627687367399,1576595822190371036
1.0069207223044208e-05,1.2647226348360217,-2.739186050591477,1.799955599371538,0.007433627687367399,1576595822200463056
1.0069207223044208e-05,1.2643198665471,-2.737819457787165,1.7998007321280514,0.007433627687367399,1576595822210397005
1.0069207223044208e-05,1.2638667522220628,-2.736295785350174,1.7996901126684177,0.007433627687367399,1576595822220408916
1.0069207223044208e-05,1.2632928074103493,-2.7345522014274315,1.79867241363979,0.007433627687367399,1576595822230398893
1.0069207223044208e-05,1.2627994162564204,-2.7326986617618134,1.7969909978533618,0.007433627687367399,1576595822240447044
1.0069207223044208e-05,1.2623261635169372,-2.73126923710443,1.7951768387153733,0.007433627687367399,1576595822250444889
1.0069207223044208e-05,1.2617421494980008,-2.7294156974388124,1.7935617946047249,0.007433627687367399,1576595822260432958
1.0069207223044208e-05,1.261127927857395,-2.7275621577731943,1.792765334495364,0.007433627687367399,1576595822270391941
1.0069207223044208e-05,1.260423083351782,-2.7257086181075767,1.7919025027102233,0.007433627687367399,1576595822280487060
1.0069207223044208e-05,1.259798792503953,-2.723980742148102,1.7907963081138887,0.007433627687367399,1576595822290442943
1.0069207223044208e-05,1.2592449861066857,-2.7221429104457515,1.789535246274068,0.007433627687367399,1576595822300435066
1.0069207223044208e-05,1.2583891034927268,-2.7203836185597416,1.7884954233535133,0.007433627687367399,1576595822310408115
1.0069207223044208e-05,1.257734605023229,-2.7185143709308557,1.7877874588118594,0.007433627687367399,1576595822320432901
1.0069207223044208e-05,1.2571103141754003,-2.7164409197794868,1.7869688748105717,0.007433627687367399,1576595822330421924
1.0069207223044208e-05,1.2560933242458727,-2.7145559641873325,1.7857299368626773,0.007433627687367399,1576595822340413093
1.0069207223044208e-05,1.25548917181249,-2.7124353891461594,1.784026397184322,0.007433627687367399,1576595822350431919
1.0069207223044208e-05,1.2546534276129773,-2.7107703450397573,1.7827210875606476,0.007433627687367399,1576595822360416889
1.0069207223044208e-05,1.2539485831073645,-2.7088225575945315,1.7818582557755067,0.007433627687367399,1576595822370410919
1.0069207223044208e-05,1.2530725620789596,-2.7069218940391098,1.7810839195580725,0.007433627687367399,1576595822380386114
1.0069207223044208e-05,1.252277094708339,-2.704911274740812,1.7798228577182513,0.007433627687367399,1576595822390324115
1.0069207223044208e-05,1.2514816273377185,-2.7033090624874814,1.7787609109057703,0.007433627687367399,1576595822400433063
1.0069207223044208e-05,1.2507667136248823,-2.7015497706014706,1.7781635658237498,0.007433627687367399,1576595822410398006
1.0069207223044208e-05,1.2498403465603622,-2.6998533105685323,1.777632592417509,0.007433627687367399,1576595822420367956
1.0069207223044208e-05,1.2491052944330803,-2.69810972664579,1.776725512848515,0.007433627687367399,1576595822430418014
1.0069207223044208e-05,1.248168858161337,-2.696209063090368,1.7753980793329136,0.007433627687367399,1576595822440418004
1.0069207223044208e-05,1.2474237368268317,-2.6944340632410895,1.7742476369527256,0.007433627687367399,1576595822450354099
1.0069207223044208e-05,1.2464973697623116,-2.692753311171419,1.7732078140321712,0.007433627687367399,1576595822460366010
1.0069207223044208e-05,1.245701902391691,-2.6911196829915527,1.7726989645178577,0.007433627687367399,1576595822470391988
1.0069207223044208e-05,1.244956781057186,-2.689281851289203,1.7720573716519834,0.007433627687367399,1576595822480421066
1.0069207223044208e-05,1.244030413992666,-2.687978090337963,1.7709954248395028,0.007433627687367399,1576595822490406036
1.0069207223044208e-05,1.2434161923520601,-2.6865643736438476,1.7696679913239013,0.007433627687367399,1576595822500453948
1.0069207223044208e-05,1.2425703789453246,-2.6850249932435886,1.7689821506741739,0.007433627687367399,1576595822510409116
1.0069207223044208e-05,1.2419158804758266,-2.6834856128433295,1.7688936551064671,0.007433627687367399,1576595822520417928
1.0069207223044208e-05,1.2412009667629904,-2.6822918076349653,1.7686060445114202,0.007433627687367399,1576595822530416011
1.0069207223044208e-05,1.240355153356255,-2.6811294183531373,1.767698964942426,0.007433627687367399,1576595822540369987
1.0069207223044208e-05,1.239771139337318,-2.6794172503569307,1.7664600269945312,0.007433627687367399,1576595822550347089
1.0069207223044208e-05,1.2390461564172588,-2.678396232744514,1.7658184341286574,0.007433627687367399,1576595822560447931
1.0069207223044208e-05,1.2385326268488837,-2.6773752151320975,1.765840558020584,0.007433627687367399,1576595822570410013
1.0069207223044208e-05,1.2377673670999323,-2.676008622327786,1.7656635668851708,0.007433627687367399,1576595822580394029
1.0069207223044208e-05,1.2373444603965644,-2.6751603923113167,1.7646679917484696,0.007433627687367399,1576595822590368032
1.0069207223044208e-05,1.2368510692426353,-2.6742807463683116,1.7633848060167217,0.007433627687367399,1576595822600411891
1.0069207223044208e-05,1.2361865015659144,-2.673291144682431,1.7624998503396543,0.007433627687367399,1576595822610357046
1.0069207223044208e-05,1.2357635948625465,-2.6724586226292293,1.7623892308800204,0.007433627687367399,1576595822620359897
1.0069207223044208e-05,1.2352802729158405,-2.671641808539296,1.762433478663874,0.007433627687367399,1576595822630371093
1.0069207223044208e-05,1.2348070201763575,-2.6709192422289703,1.7618582574737798,0.007433627687367399,1576595822640458106
1.0069207223044208e-05,1.2345452207885583,-2.670400879441128,1.7608184345532258,0.007433627687367399,1576595822650387048
1.0069207223044208e-05,1.234071968049075,-2.6697411449838744,1.7600662222277186,0.007433627687367399,1576595822660396099
1.0069207223044208e-05,1.2338504454901682,-2.6692856140491035,1.7598892310923049,0.007433627687367399,1576595822670367002
1.0069207223044208e-05,1.2334678156156924,-2.6686887114449216,1.760021974443865,0.007433627687367399,1576595822680476903
1.0069207223044208e-05,1.2332563622640085,-2.668343136253027,1.7597786116326715,0.007433627687367399,1576595822690399885
1.0069207223044208e-05,1.2331657393990012,-2.6680761008774714,1.7588272842798236,0.007433627687367399,1576595822700392007
1.0069207223044208e-05,1.2328636631823098,-2.667651985869237,1.7581193197381695,0.007433627687367399,1576595822710336923
1.0069207223044208e-05,1.2327529019028562,-2.667494906236558,1.75838480644129,0.007433627687367399,1576595822720366954
1.0069207223044208e-05,1.2325615869656186,-2.667337826603878,1.75845117811707,0.007433627687367399,1576595822730444908
1.0069207223044208e-05,1.2325716561728415,-2.6672278708610024,1.7578317091431228,0.007433627687367399,1576595822740372896
1.0069207223044208e-05,1.2325615869656186,-2.6671807469711983,1.7569467534660554,0.007433627687367399,1576595822750399112
1.0069207223044208e-05,1.2325515177583954,-2.6671650390079304,1.7567918862225682,0.007433627687367399,1576595822760457038
1.0069207223044208e-05,1.2325414485511723,-2.6671807469711983,1.7570131251418353,0.007433627687367399,1576595822770349025
1.0069207223044208e-05,1.2325313793439494,-2.6671807469711983,1.7567918862225682,0.007433627687367399,1576595822780342102
1.0069207223044208e-05,1.2325917945872877,-2.6672278708610024,1.7561060455728412,0.007433627687367399,1576595822790349960
1.0069207223044208e-05,1.2327025558667413,-2.66740065845695,1.7554865765988938,0.007433627687367399,1576595822800461053
1.0069207223044208e-05,1.2327428326956333,-2.6674634903100216,1.7555750721666006,0.007433627687367399,1576595822810389041
1.0069207223044208e-05,1.2329945628762093,-2.667683401795773,1.7557520633020138,0.007433627687367399,1576595822820413112
1.0069207223044208e-05,1.2330348397051016,-2.667887605318256,1.7554202049231136,0.007433627687367399,1576595822830424070
1.0069207223044208e-05,1.2333167775073468,-2.6681389327305434,1.7548007359491664,0.007433627687367399,1576595822840429067
1.0069207223044208e-05,1.233367123543462,-2.668343136253027,1.7545352492460462,0.007433627687367399,1576595822850410938
1.0069207223044208e-05,1.2336691997601534,-2.6686730034816537,1.754690116489533,0.007433627687367399,1576595822860409975
1.0069207223044208e-05,1.2337900302468299,-2.668892914967405,1.754756488165313,0.007433627687367399,1576595822870383024
1.0069207223044208e-05,1.234041760427406,-2.6691756583062283,1.7544246297864128,0.007433627687367399,1576595822880443096
1.0069207223044208e-05,1.2342330753646438,-2.6695840653511946,1.7538051608124656,0.007433627687367399,1576595822890444040
1.0069207223044208e-05,1.2344344595091048,-2.669835392763482,1.7538051608124656,0.007433627687367399,1576595822900418043
1.0069207223044208e-05,1.2346459128607885,-2.670086720175769,1.7539821519478789,0.007433627687367399,1576595822910401105
1.0069207223044208e-05,1.2348875738341416,-2.6703851714778604,1.753760913028612,0.007433627687367399,1576595822920417070
1.0069207223044208e-05,1.2350486811497103,-2.6705579590738076,1.753340559082005,0.007433627687367399,1576595822930403947
1.0069207223044208e-05,1.235189650050833,-2.6709035342657024,1.7534069307577849,0.007433627687367399,1576595822940402030
1.0069207223044208e-05,1.235380964988071,-2.6711234457514537,1.7536502935689786,0.007433627687367399,1576595822950396060
1.0069207223044208e-05,1.2355118646819705,-2.6712805253841334,1.7533848068658584,0.007433627687367399,1576595822960445880
1.0069207223044208e-05,1.2355722799253086,-2.671406189090277,1.7529423290273245,0.007433627687367399,1576595822970402002
1.0069207223044208e-05,1.2357736640697696,-2.6715161448331526,1.752898081243471,0.007433627687367399,1576595822980376005
1.0069207223044208e-05,1.2357535256553236,-2.671594684649492,1.7531635679465913,0.007433627687367399,1576595822990364074
1.0069207223044208e-05,1.2357535256553236,-2.671578976686224,1.753340559082005,0.007433627687367399,1576595823000422000
1.0069207223044208e-05,1.2357535256553236,-2.671673224465832,1.7532963112981514,0.007433627687367399,1576595823010394096
1.0069207223044208e-05,1.2357535256553236,-2.6715318527964205,1.753274187406225,0.007433627687367399,1576595823020375967
1.0069207223044208e-05,1.235652833583093,-2.6715004368698847,1.753052948486958,0.007433627687367399,1576595823030421018
1.0069207223044208e-05,1.2354917262675245,-2.671359065200473,1.7530087007031048,0.007433627687367399,1576595823040436029
1.0069207223044208e-05,1.2353708957808478,-2.6711077377881858,1.7532299396223714,0.007433627687367399,1576595823050427913
1.0069207223044208e-05,1.2350386119424874,-2.670966366118774,1.753340559082005,0.007433627687367399,1576595823060390949
1.0069207223044208e-05,1.2348875738341416,-2.670338047588056,1.7533848068658584,0.007433627687367399,1576595823070449113
1.0069207223044208e-05,1.234464667130774,-2.6700710122125013,1.7533848068658584,0.007433627687367399,1576595823080445051
1.0069207223044208e-05,1.2341625909140825,-2.6696783131308024,1.7537830369205385,0.007433627687367399,1576595823090409994
1.0069207223044208e-05,1.2335483692734768,-2.6690342866368164,1.7540485236236592,0.007433627687367399,1576595823100373029
1.0069207223044208e-05,1.2331053241556629,-2.668327428289759,1.7540263997317322,0.007433627687367399,1576595823110349893
1.0069207223044208e-05,1.2326723482450719,-2.6675577380896294,1.7541812669752193,0.007433627687367399,1576595823120443105
1.0069207223044208e-05,1.2319675037394588,-2.6668980036323755,1.7546458687056796,0.007433627687367399,1576595823130434036
1.0069207223044208e-05,1.2313432128916302,-2.6659869417628346,1.7549998509765063,0.007433627687367399,1576595823140446901
1.0069207223044208e-05,1.2305980915571249,-2.6650601719300253,1.7550219748684333,0.007433627687367399,1576595823150356054
1.0069207223044208e-05,1.2295710324203744,-2.6641334020972165,1.7553538332473337,0.007433627687367399,1576595823160440921
1.0069207223044208e-05,1.2287352882208615,-2.6628924729990486,1.7558405588697208,0.007433627687367399,1576595823170432090
1.0069207223044208e-05,1.2280203745080256,-2.6616358359376124,1.756039673897061,0.007433627687367399,1576595823180392980
1.0069207223044208e-05,1.22694296933516,-2.6604891546190523,1.7561281694647675,0.007433627687367399,1576595823190344095
1.0069207223044208e-05,1.225875633369517,-2.659012606071865,1.756814010114495,0.007433627687367399,1576595823200417041
1.0069207223044208e-05,1.2248284358183206,-2.657693137157357,1.757544098548076,0.007433627687367399,1576595823210361957
1.0069207223044208e-05,1.223539577293771,-2.656279420463242,1.7578980808189026,0.007433627687367399,1576595823220382928
1.0069207223044208e-05,1.2223212032197825,-2.6549599515487343,1.7578980808189026,0.007433627687367399,1576595823230366945
1.0069207223044208e-05,1.2207806145146567,-2.6530907039198484,1.7581193197381695,0.007433627687367399,1576595823240426063
1.0069207223044208e-05,1.2197132785490141,-2.65131570407057,1.759004275415237,0.007433627687367399,1576595823250431060
1.0069207223044208e-05,1.2183740739883493,-2.6497291997805075,1.7597564877407443,0.007433627687367399,1576595823260399103
1.0069207223044208e-05,1.2166018935170935,-2.6477814123352816,1.7600440983357917,0.007433627687367399,1576595823270389080
1.0069207223044208e-05,1.2150210279830755,-2.645817916926788,1.7604865761743254,0.007433627687367399,1576595823280435085
1.0069207223044208e-05,1.2134703700707268,-2.643713049848883,1.7613272840675396,0.007433627687367399,1576595823290388107
1.0069207223044208e-05,1.2118290892933703,-2.6420008818526766,1.762079496393047,0.007433627687367399,1576595823300379991
1.0069207223044208e-05,1.2100166319932226,-2.6398488908849673,1.7626325936912144,0.007433627687367399,1576595823310405969
1.0069207223044208e-05,1.2084256972519816,-2.6378225636234016,1.7630529476378214,0.007433627687367399,1576595823320452928
1.0069207223044208e-05,1.206492409465157,-2.6355134930230135,1.7638051599633289,0.007433627687367399,1576595823330413103
1.0069207223044208e-05,1.20488133630947,-2.633220130385893,1.764712239532323,0.007433627687367399,1576595823340377092
1.0069207223044208e-05,1.2032501247393368,-2.6310681394181836,1.7656193191013172,0.007433627687367399,1576595823350409030
1.0069207223044208e-05,1.2013571137814045,-2.6289475643770106,1.7660839208317776,0.007433627687367399,1576595823360445976
1.0069207223044208e-05,1.1993734799584648,-2.62673274155623,1.7664379031026045,0.007433627687367399,1576595823370449066
1.0069207223044208e-05,1.1972589464416257,-2.6241566355802863,1.7671901154281118,0.007433627687367399,1576595823380412101
1.0069207223044208e-05,1.1953457970692472,-2.622083184428917,1.7681635666728863,0.007433627687367399,1576595823390398979
1.0069207223044208e-05,1.1933118172101922,-2.619664158085653,1.769026398458027,0.007433627687367399,1576595823400439977
1.0069207223044208e-05,1.1913885986305908,-2.6170723441464414,1.7691812657015142,0.007433627687367399,1576595823410340070
1.0069207223044208e-05,1.1893546187715358,-2.614433406317426,1.7693361329450008,0.007433627687367399,1576595823420411109
1.0069207223044208e-05,1.187381054155819,-2.6121400436803053,1.7701325930543617,0.007433627687367399,1576595823430437088
1.0069207223044208e-05,1.1851054133234111,-2.6095325217778256,1.7712830354345497,0.007433627687367399,1576595823440464019
1.0069207223044208e-05,1.1835748938255084,-2.6071606193243655,1.7722122388954704,0.007433627687367399,1576595823450397968
1.0069207223044208e-05,1.1814905679303382,-2.6047101770545655,1.772787460085564,0.007433627687367399,1576595823460380077
1.0069207223044208e-05,1.1794263804496141,-2.6025738940501246,1.7730971945725382,0.007433627687367399,1576595823470371007
1.0069207223044208e-05,1.1775031618700127,-2.6001705756701283,1.7739157785738253,0.007433627687367399,1576595823480457067
1.0069207223044208e-05,1.1754893204254038,-2.5975944696941844,1.7751325926297934,0.007433627687367399,1576595823490381956
1.0069207223044208e-05,1.1737171399541482,-2.5952853990937963,1.776083919982641,0.007433627687367399,1576595823500382900
1.0069207223044208e-05,1.1715925372300857,-2.592897788677068,1.7764821500373211,0.007433627687367399,1576595823510325908
1.0069207223044208e-05,1.169598834199923,-2.590698673819555,1.7766148933888812,0.007433627687367399,1576595823520394086
1.0069207223044208e-05,1.167816584521444,-2.5884053111824343,1.7773892296063154,0.007433627687367399,1576595823530411958
1.0069207223044208e-05,1.1660846808790808,-2.5861747803983857,1.77849542420265,0.007433627687367399,1576595823540366888
1.0069207223044208e-05,1.1640708394344719,-2.5838342938714614,1.779291884312011,0.007433627687367399,1576595823550368070
1.0069207223044208e-05,1.162540319936569,-2.581996462169111,1.779623742690911,0.007433627687367399,1576595823560409069
1.0069207223044208e-05,1.160909108366436,-2.579844471201402,1.7796679904747645,0.007433627687367399,1576595823570416927
1.0069207223044208e-05,1.1592174815529643,-2.5778809757929086,1.7800440966375182,0.007433627687367399,1576595823580380916
1.0069207223044208e-05,1.15751578553227,-2.575933188347683,1.7808626806388057,0.007433627687367399,1576595823590383052
1.0069207223044208e-05,1.1560557504849287,-2.574095356645333,1.78190250355936,0.007433627687367399,1576595823600399971
1.0069207223044208e-05,1.1546762690953718,-2.572288940869519,1.782057370802847,0.007433627687367399,1576595823610404968
1.0069207223044208e-05,1.1528940194168928,-2.570325445461025,1.7820352469109202,0.007433627687367399,1576595823620378017
1.0069207223044208e-05,1.1517561990006888,-2.568896020803642,1.782698963668721,0.007433627687367399,1576595823630383014
1.0069207223044208e-05,1.1504774096833623,-2.5675137200360623,1.783893653832762,0.007433627687367399,1576595823640414953
1.0069207223044208e-05,1.1486750215904373,-2.5655188087010328,1.7842918838874426,0.007433627687367399,1576595823650392055
1.0069207223044208e-05,1.147929900255932,-2.5640265521905774,1.7842918838874426,0.007433627687367399,1576595823660396099
1.0069207223044208e-05,1.1467316645963896,-2.562895578835285,1.784468875022856,0.007433627687367399,1576595823670418977
1.0069207223044208e-05,1.1450803146118105,-2.5612305347288826,1.7852210873483632,0.007433627687367399,1576595823680466890
1.0069207223044208e-05,1.1445063698000968,-2.5600524374837867,1.7859732996738709,0.007433627687367399,1576595823690404891
1.0069207223044208e-05,1.1434793106633463,-2.55895288005503,1.786172414701211,0.007433627687367399,1576595823700380086
1.0069207223044208e-05,1.1422407981749119,-2.5577433668833978,1.7862166624850644,0.007433627687367399,1576595823710372924
1.0069207223044208e-05,1.141807822264321,-2.556942260756733,1.7865927686478182,0.007433627687367399,1576595823720417976
1.0069207223044208e-05,1.1408009015420166,-2.55588982721778,1.7870131225944252,0.007433627687367399,1576595823730406999
1.0069207223044208e-05,1.139965157342504,-2.5547117299726843,1.7872122376217652,0.007433627687367399,1576595823740380048
1.0069207223044208e-05,1.13952211222469,-2.5542090751481097,1.7874334765410325,0.007433627687367399,1576595823750401020
1.0069207223044208e-05,1.1386259527818392,-2.5533451371683724,1.787455600432959,0.007433627687367399,1576595823760407924
1.0069207223044208e-05,1.1380922847990176,-2.5524026593722953,1.7876547154602993,0.007433627687367399,1576595823770410060
1.0069207223044208e-05,1.137689516510096,-2.55213562399674,1.788075069406906,0.007433627687367399,1576595823780368089
1.0069207223044208e-05,1.1371357101128285,-2.5514287656496824,1.7883405561100263,0.007433627687367399,1576595823790394067
1.0069207223044208e-05,1.1367631494455759,-2.550721907302625,1.7885396711373667,0.007433627687367399,1576595823800426959
1.0069207223044208e-05,1.1364006579855463,-2.5505334117434098,1.7883848038938797,0.007433627687367399,1576595823810405969
1.0069207223044208e-05,1.1359576128677322,-2.5499993409922994,1.7884290516777333,0.007433627687367399,1576595823820410013
1.0069207223044208e-05,1.135695813479933,-2.5495909339473326,1.7886724144889268,0.007433627687367399,1576595823830389976
1.0069207223044208e-05,1.135444083299357,-2.549418146351385,1.7888272817324138,0.007433627687367399,1576595823840440988
1.0069207223044208e-05,1.135202422326004,-2.549182526902366,1.7886724144889268,0.007433627687367399,1576595823850423097
1.0069207223044208e-05,1.1350715226321044,-2.548884075600275,1.788738786164707,0.007433627687367399,1576595823860399007
1.0069207223044208e-05,1.1349204845237588,-2.5487269959675953,1.7888272817324138,0.007433627687367399,1576595823870400905
1.0069207223044208e-05,1.1348197924515284,-2.548601332261452,1.788871529516267,0.007433627687367399,1576595823880453109
1.0069207223044208e-05,1.134749308000967,-2.548491376518576,1.788871529516267,0.007433627687367399,1576595823890404939
1.0069207223044208e-05,1.1346586851359597,-2.5483500048491647,1.788871529516267,0.007433627687367399,1576595823900397062
1.0069207223044208e-05,1.1345680622709524,-2.548287172996093,1.7889157773001203,0.007433627687367399,1576595823910398960
1.0069207223044208e-05,1.1344875086131678,-2.548240049106289,1.788937901192047,0.007433627687367399,1576595823920448064
1.0069207223044208e-05,1.1344875086131678,-2.548208633179753,1.788960025083974,0.007433627687367399,1576595823930449962
1.0069207223044208e-05,1.134477439405945,-2.548192925216485,1.788960025083974,0.007433627687367399,1576595823940454959
1.0069207223044208e-05,1.1344472317842758,-2.5481772172532176,1.788960025083974,0.007433627687367399,1576595823950347900
1.0069207223044208e-05,1.1344270933698297,-2.5481615092899492,1.788960025083974,0.007433627687367399,1576595823960436105
1.0069207223044208e-05,1.1344270933698297,-2.5481615092899492,1.788960025083974,0.007433627687367399,1576595823970448017
1.0069207223044208e-05,1.1344270933698297,-2.5481458013266813,1.788960025083974,0.007433627687367399,1576595823980427026
1.0069207223044208e-05,1.1344170241626066,-2.5481458013266813,1.788960025083974,0.007433627687367399,1576595823990408897
