t,xp,xb
140,-0.0334681908520047,1.64783118478978
140.001,-0.0343377931803325,1.64608544104209
140.002,-0.0349707515201764,1.64417157520836
140.003,-0.0355543641066748,1.64230305419317
140.004,-0.036153581211935,1.6404554355847
140.005,-0.0367542350101152,1.63862360219032
140.006,-0.0372963873806536,1.6368040524943
140.007,-0.0378698393559912,1.63527868966142
140.008,-0.0384033694617151,1.63375332682854
140.009,-0.0389699912968383,1.63184382831369
140.01,-0.0394802242234303,1.62983092825327
140.011,-0.0400629883365912,1.62803212745697
140.012,-0.040810535434831,1.62631084710514
140.013,-0.0408500072854304,1.6241077207589
140.014,-0.0413540338973989,1.62169168553254
140.015,-0.0419380669634778,1.62021885549249
140.016,-0.0424462821902419,1.61880421988692
140.017,-0.0429954612888773,1.61676449931308
140.018,-0.0434828057894509,1.61466748948995
140.019,-0.0440206417764203,1.61266031615748
140.02,-0.0445363693061561,1.61068968268665
140.021,-0.0450646454955314,1.6091757382982
140.022,-0.0457234206470367,1.6076617939098
140.023,-0.0462834458736142,1.60547646155512
140.024,-0.0467156299476627,1.60293327247869
140.025,-0.0472239473483894,1.6009513564533
140.026,-0.047697577951454,1.59904329115691
140.027,-0.0481777371849416,1.59695540645313
140.028,-0.0486695986153979,1.59487786669381
140.029,-0.0491674439685795,1.59316082820898
140.03,-0.0496814646182974,1.59144378972416
140.031,-0.0496982509853284,1.58932658819355
140.032,-0.0502883852815498,1.58713548065272
140.033,-0.0508120964891597,1.58494632425251
140.034,-0.0512430845232051,1.58275787113664
140.035,-0.0516582778513883,1.58054272090863
140.036,-0.0520311904164356,1.57841308797031
140.037,-0.0524590858320216,1.57669103169677
140.038,-0.0528836042841975,1.57496897542323
140.039,-0.0532989297363921,1.57266655057022
140.04,-0.0539040138778505,1.57025972893512
140.041,-0.0541295512132098,1.56796725363982
140.042,-0.0545111950326226,1.56573636410907
140.043,-0.0551163438092236,1.5639550503193
140.044,-0.0554901193436484,1.56217373652952
140.045,-0.0558732921231857,1.55988238401231
140.046,-0.0562587795946468,1.55745626497477
140.047,-0.0566235017426417,1.55513777613752
140.048,-0.0566464310938285,1.55285214677275
140.049,-0.057029473143669,1.5510463674103
140.05,-0.0573657651618696,1.54927654799642
140.051,-0.0577547391739756,1.54699786583984
140.052,-0.0580939736000009,1.54422105373479
140.053,-0.0585813340171065,1.54165999926009
140.054,-0.0589179608853129,1.53921022599269
140.055,-0.0592238517703106,1.53703067754586
140.056,-0.0595554201613958,1.53488005677478
140.057,-0.0598750207717332,1.53249191829457
140.058,-0.0601581008280461,1.5301352998225
140.059,-0.0604652089814089,1.52836559749784
140.06,-0.0607962399330472,1.52659589517318
140.061,-0.0610634368732743,1.52412133953448
140.062,-0.0613965168868383,1.52117264729999
140.063,-0.0617688923405795,1.51873604101067
140.064,-0.0620669315705561,1.51643504047678
140.065,-0.0620823827020877,1.51416488109652
140.066,-0.0623411236913124,1.51190425723694
140.067,-0.0626359327774689,1.50974005550949
140.068,-0.0629146703220206,1.50761476429116
140.069,-0.0631636575750719,1.50479577896645
140.07,-0.0634069078694948,1.50113750526316
140.071,-0.0637115934215661,1.49904251470405
140.072,-0.0640231437922693,1.49713949124941
140.073,-0.0642785085465797,1.4951374628392
140.074,-0.0645149148827447,1.49312251609833
140.075,-0.0647580209912134,1.49004359676205
140.076,-0.0649922284971546,1.48619331362164
140.077,-0.0652501824682953,1.48455437055055
140.078,-0.0655071000252968,1.48291542747946
140.079,-0.065525055703583,1.48044471360846
140.08,-0.0657506971788827,1.47756292062376
140.081,-0.065972388009127,1.47479306026313
140.082,-0.0662078673562482,1.47208096126379
140.083,-0.0665032594982999,1.46960812812458
140.084,-0.0666897569933728,1.46717902069326
140.085,-0.066918995227801,1.46445143664618
140.086,-0.0671071478250961,1.46171157520036
140.087,-0.0673031380215722,1.45958974112387
140.088,-0.0674828614285435,1.45746790704732
140.089,-0.0676690368172711,1.45453246243011
140.09,-0.0678581486937476,1.45133684930586
140.091,-0.0680248368750651,1.44877908568455
140.092,-0.0681977415230867,1.4462952506606
140.093,-0.068442391421785,1.44355239871245
140.094,-0.0686034070603456,1.44077202693229
140.095,-0.0688144783273764,1.43816829743753
140.096,-0.0688274783065962,1.4355818478813
140.097,-0.0688274783065962,1.43338260380536
140.098,-0.0691621842359965,1.43118335972942
140.099,-0.0693600705912313,1.42793667980743
140.1,-0.069540641498414,1.42420299037612
140.101,-0.069734220066623,1.42223305993847
140.102,-0.0699376595807158,1.42037568214562
140.103,-0.070131123427675,1.41769739646591
140.104,-0.0702952704607807,1.41449939602541
140.105,-0.0704506365591163,1.41146008945297
140.106,-0.0706435406543126,1.40854497594666
140.107,-0.070812786411197,1.40583951282744
140.108,-0.0709616664479978,1.40323940151963
140.109,-0.0711111340761709,1.40054923387948
140.11,-0.0712578454178868,1.397781180911
140.111,-0.0713910811369124,1.39488191885774
140.112,-0.0713940314949786,1.39185412200824
140.113,-0.0715236551669873,1.38876748010265
140.114,-0.0718156400362712,1.3856497151943
140.115,-0.0719614494340662,1.3828780557235
140.116,-0.0719699837495559,1.38019993012669
140.117,-0.0720847201339999,1.37754148388976
140.118,-0.0722309604896284,1.37488923678733
140.119,-0.072359702383008,1.37188063464192
140.12,-0.0724849978405236,1.36865837950715
140.121,-0.0726612593342166,1.36575187501166
140.122,-0.0727979339446342,1.36290040214405
140.123,-0.0729517790638535,1.36005622631564
140.124,-0.0730809313689621,1.3572132236058
140.125,-0.0732207029828963,1.35433599023868
140.126,-0.0733568824227996,1.35144895999656
140.127,-0.0734858968519835,1.34824214152623
140.128,-0.0736371104153902,1.3449419757763
140.129,-0.0737534356059769,1.34257082401031
140.13,-0.0737626819076106,1.34024038389697
140.131,-0.0740445706871505,1.33737455455718
140.132,-0.0740505553995932,1.33379087463118
140.133,-0.074127901618683,1.32997711085799
140.134,-0.0742871334504297,1.3258486504377
140.135,-0.0743697584588442,1.3231709352994
140.136,-0.0744875601777945,1.3206058764993
140.137,-0.0745881348571762,1.3176770083448
140.138,-0.0746727953767473,1.31474662770913
140.139,-0.0747758228048555,1.31166285122659
140.14,-0.0748593761546091,1.30857907474405
140.141,-0.0749499838225217,1.30552221384105
140.142,-0.0750300189514896,1.30246622369902
140.143,-0.0750550185194757,1.29983222406907
140.144,-0.0751339397314387,1.29721944637295
140.145,-0.0752569923319765,1.29323335437126
140.146,-0.0752798206373905,1.28846553926976
140.147,-0.0753607601968566,1.28622970797845
140.148,-0.0754156824427967,1.28399387668707
140.149,-0.0754738732347834,1.28074414689506
140.15,-0.0754783602369066,1.27714499563123
140.151,-0.0755491233714399,1.27391858035499
140.152,-0.0755991521404334,1.27082165082485
140.153,-0.0756336041224287,1.26756394091081
140.154,-0.0756880957868008,1.26423822119842
140.155,-0.0757188504512253,1.26104074654465
140.156,-0.0757534761721098,1.25787931487374
140.157,-0.0758012993603979,1.25452426984849
140.158,-0.0758346206969426,1.25110526021128
140.159,-0.0758483224950034,1.24780555406557
140.16,-0.075880647895228,1.24452603376284
140.161,-0.0759276975096744,1.2413108286232
140.162,-0.0759608736152378,1.23810702024459
140.163,-0.0759686987730822,1.2347614236428
140.164,-0.0760228937458677,1.23137824757168
140.165,-0.0760401964663034,1.22853965404787
140.166,-0.0760403679675666,1.22583483741205
140.167,-0.0760403679675666,1.22209462716237
140.168,-0.0761023706553307,1.21668702109074
140.169,-0.0761301032868462,1.21379412352218
140.17,-0.0761755797627542,1.21118917440887
140.171,-0.0761831886743484,1.20795720918557
140.172,-0.0761934638278824,1.20455772566407
140.173,-0.0762122792084909,1.20113544358142
140.174,-0.0762369729914274,1.19770800463695
140.175,-0.0762362323450808,1.19422670331528
140.176,-0.0762780947767426,1.1907303499714
140.177,-0.076290018040822,1.18728875402891
140.178,-0.0762749814865783,1.18386381949712
140.179,-0.0762840055400574,1.18001189897227
140.18,-0.0762887562816036,1.17602527203314
140.181,-0.0762988516187811,1.17258753608189
140.182,-0.0762841395154722,1.16920963496417
140.183,-0.0762826533792748,1.16579261334268
140.184,-0.0762634417340481,1.16237136852809
140.185,-0.0762617277620997,1.15886965616837
140.186,-0.0762698738409672,1.15534862383238
140.187,-0.0762542566012684,1.15194187686404
140.188,-0.0762494768275855,1.148567351204
140.189,-0.0762453094687602,1.14475281347403
140.19,-0.0762149446762558,1.14072301594558
140.191,-0.0761971908278604,1.13717745628444
140.192,-0.0761671851975133,1.13368143186041
140.193,-0.0761347294505873,1.13019940325716
140.194,-0.0760779931681235,1.12671947644956
140.195,-0.076032078697834,1.12310544575673
140.196,-0.0759940146722795,1.11945975825075
140.197,-0.0759353857154285,1.11614071366331
140.198,-0.0759034651997471,1.11288348184399
140.199,-0.0758326862943968,1.10903064685703
140.2,-0.0758299642798953,1.10488296973022
140.201,-0.0757535140384699,1.10115396917542
140.202,-0.0756630148718539,1.097675749615
140.203,-0.0756083322392759,1.0938007293163
140.204,-0.0755022192121364,1.08962284417056
140.205,-0.0753634259948639,1.08592068321057
140.206,-0.0752484836587998,1.08232822779429
140.207,-0.0750889105774355,1.07856766176574
140.208,-0.0749480066252618,1.07475683448938
140.209,-0.0748064058435803,1.0710331760756
140.21,-0.0746585417558837,1.06733534791562
140.211,-0.0745202270260362,1.06349144399408
140.212,-0.0743622406382425,1.05956944683654
140.213,-0.0741099291648495,1.05538470890981
140.214,-0.0739458363970421,1.05106033334815
140.215,-0.0737624959754822,1.0475575478334
140.216,-0.0736004593996052,1.04412978315913
140.217,-0.0735918886506354,1.04087563564266
140.218,-0.0735918886506354,1.03766860761687
140.219,-0.0731938601340912,1.03315479974078
140.22,-0.0729724197050291,1.02722438042286
140.221,-0.0727384644743446,1.02447357673251
140.222,-0.0725109194829016,1.0218762394586
140.223,-0.0722929466476095,1.01788092904009
140.224,-0.072057842029325,1.01295752743726
140.225,-0.0717066050426196,1.0089765512959
140.226,-0.0714203163927506,1.00533097308578
140.227,-0.0711406999377299,1.0013610071951
140.228,-0.0708974106793023,0.997163022924556
140.229,-0.0705911518621158,0.993148459479202
140.23,-0.0703263021971402,0.989221304740382
140.231,-0.0700436637692992,0.985411108809806
140.232,-0.069729459160898,0.981665493720338
140.233,-0.0694178850959989,0.97774730408454
140.234,-0.0694114139306506,0.973710740848266
140.235,-0.0691358892718524,0.969699347110994
140.236,-0.0686846462560632,0.965705122383215
140.237,-0.0682991193523377,0.961404823405936
140.238,-0.0679762014144533,0.95688875176753
140.239,-0.0676130322171856,0.952774134555614
140.24,-0.067260416002609,0.948760898056692
140.241,-0.0668753690415608,0.94490861793492
140.242,-0.0665057033261767,0.94109858623154
140.243,-0.0661480074395321,0.936705111399151
140.244,-0.0656914631679418,0.932050910705328
140.245,-0.0653718347778666,0.92784591407571
140.246,-0.0647309573613829,0.923696496339866
140.247,-0.0643072298441263,0.920180083513955
140.248,-0.0638530477388732,0.916663670688145
140.249,-0.0634302592380865,0.912273672505416
140.25,-0.0634073427693083,0.907574800168638
140.251,-0.0629825613037504,0.903316931060455
140.252,-0.0625348654135996,0.89922745455543
140.253,-0.0620303695990024,0.895065361770387
140.254,-0.0615302200301705,0.890865086973744
140.255,-0.0610343869304587,0.88637788000267
140.256,-0.0606387514260164,0.881745866324586
140.257,-0.0598867496023613,0.877486347573616
140.258,-0.0594396489404836,0.873283537748466
140.259,-0.0589293085626617,0.869334659102895
140.26,-0.0584313306715171,0.865424309951068
140.261,-0.0578795632608093,0.861229855590673
140.262,-0.0573071576831309,0.856916296655962
140.263,-0.0567147714899613,0.852752323237742
140.264,-0.0561723048199309,0.848643869558086
140.265,-0.055357099230179,0.844155194316005
140.266,-0.054780488811572,0.839449351995606
140.267,-0.0542462806398282,0.834649028673084
140.268,-0.0541809209495908,0.829833509868814
140.269,-0.0541809209495908,0.825672567867535
140.27,-0.0530418570193377,0.821511625866256
140.271,-0.0524590246017927,0.817743070913444
140.272,-0.0518612483366637,0.813983699523254
140.273,-0.0512836011386988,0.809425171070137
140.274,-0.0506827662926289,0.804565367483942
140.275,-0.0500111072772508,0.799758357937744
140.276,-0.049119327105379,0.794981594272472
140.277,-0.0484296935858372,0.790693032494375
140.278,-0.0478020119539642,0.786488689311384
140.279,-0.0471582031598602,0.781747805093934
140.28,-0.0464826138862185,0.776871849450992
140.281,-0.0457971292896692,0.77349464762977
140.282,-0.0457630157121234,0.770117445808549
140.283,-0.0451249717720775,0.765621227745324
140.284,-0.0444281136948582,0.7597594230696
140.285,-0.0437313290403865,0.754915231533637
140.286,-0.0430552952418582,0.750536133574561
140.287,-0.0419265341851225,0.746197703926888
140.288,-0.0412223356172755,0.741880967867424
140.289,-0.0404727808580179,0.737178034265328
140.29,-0.0397676232383816,0.732210465093194
140.291,-0.0389670575328659,0.727582703196371
140.292,-0.0382216796358487,0.72306255864251
140.293,-0.0374580995174106,0.718655995729582
140.294,-0.0363474269457197,0.714288783734228
140.295,-0.0359189191128367,0.709370110809225
140.296,-0.034820334199498,0.704184915597024
140.297,-0.0339684794949022,0.700333424938209
140.298,-0.0331483161520609,0.696596209359725
140.299,-0.0323446284904373,0.691264029570234
140.3,-0.0315282157424813,0.684409344752779
140.301,-0.0314824635934273,0.680933152137421
140.302,-0.0306760958630344,0.677633066376539
140.303,-0.0298292698258861,0.672744253917224
140.304,-0.0289477732982871,0.667282844550162
140.305,-0.028096212143594,0.662269007871961
140.306,-0.026913480016579,0.657440796890976
140.307,-0.0260799118163936,0.652891981895467
140.308,-0.0252072322028778,0.648470624474146
140.309,-0.0243653640325635,0.643928927057551
140.31,-0.023499312187624,0.639291214569777
140.311,-0.0221891592961659,0.633698172953629
140.312,-0.0216805055326945,0.627353964605444
140.313,-0.020788858077544,0.623902247993285
140.314,-0.0199255654404997,0.620450531381224
140.315,-0.0184696077526035,0.615098741234433
140.316,-0.0175977706354461,0.60906268406832
140.317,-0.0166664138646536,0.604513003800188
140.318,-0.0156900043443114,0.60012826024607
140.319,-0.0156386442016563,0.595155137093494
140.32,-0.0147853343347911,0.590013148655458
140.321,-0.0137668523228424,0.585384199686569
140.322,-0.012913559632131,0.580774768794085
140.323,-0.0118094079962904,0.576152235216327
140.324,-0.010401685504672,0.571527731983917
140.325,-0.00939950438313375,0.566216311058562
140.326,-0.00847790920775027,0.560743336343155
140.327,-0.00753190073914245,0.556520449329702
140.328,-0.00659311095995918,0.552297562316248
140.329,-0.00548056672760777,0.546499808027543
140.33,-0.00439416247252045,0.539946961637488
140.331,-0.00335651428689621,0.535369230450964
140.332,-0.00231193844163469,0.531055593666533
140.333,-0.00130938855537333,0.52584968067902
140.334,0.00020576438907971,0.520674642581739
140.335,0.00128596170856954,0.516821579685565
140.336,0.001309907512826,0.512968516789391
140.337,0.00234552414594069,0.507891617897008
140.338,0.00339443520924743,0.501897469890822
140.339,0.0044584690786339,0.496308845391089
140.34,0.00568612594303108,0.491019274604827
140.341,0.00686111901235376,0.485354379806666
140.342,0.00789817327729037,0.479503120924936
140.343,0.00892263355595613,0.474900566907879
140.344,0.010252546661785,0.470536259575635
140.345,0.0115545142935251,0.465455896219348
140.346,0.0126045013802002,0.460331799405539
140.347,0.0137764282850629,0.455383225936042
140.348,0.0149367059320749,0.450450474297355
140.349,0.016047395049035,0.445786345054926
140.35,0.0171260882830137,0.441151729264215
140.351,0.0171719447353936,0.435720131259449
140.352,0.0181785582756476,0.430012976758497
140.353,0.0199289479407906,0.424409836733646
140.354,0.0211508866587448,0.418857425068237
140.355,0.0222628442394279,0.413314184698154
140.356,0.0233856490133574,0.407923272336709
140.357,0.0245458305555619,0.403957053980305
140.358,0.0258561892717742,0.399990835623901
140.359,0.0270221635389455,0.394289053003731
140.36,0.0281233035631424,0.387277198694523
140.361,0.0293528967977631,0.381943019606935
140.362,0.0304860891965885,0.376888112147119
140.363,0.0322160069955715,0.371748985193872
140.364,0.0335119223258266,0.366591906431227
140.365,0.0347083389205339,0.361050867900981
140.366,0.0347753105662417,0.355399023000174
140.367,0.0360690562510448,0.351119679362252
140.368,0.037171158182823,0.346893262369638
140.369,0.038513091704015,0.34116801356569
140.37,0.0396989252937833,0.333634929404102
140.371,0.0408600460494195,0.32831950773686
140.372,0.0421066722308975,0.323735753862511
140.373,0.0438402505680427,0.318858054268239
140.374,0.0452137117704005,0.313899945409902
140.375,0.0465285493646782,0.308071381145729
140.376,0.0476382912603323,0.301852148076499
140.377,0.0488641703006212,0.296429324285205
140.378,0.0500939836169131,0.291064713275814
140.379,0.0513578069040972,0.285815030066485
140.38,0.0525368666859493,0.280577331831639
140.381,0.0537544738239294,0.274888331089941
140.382,0.0550729220615481,0.269079419685746
140.383,0.056340852081639,0.263761709273379
140.384,0.0563672301274293,0.258479387541494
140.385,0.0595415450462463,0.253272226276691
140.386,0.060958236696703,0.248071764470203
140.387,0.0610196553256157,0.242484472756532
140.388,0.0622018588490935,0.23680647995595
140.389,0.063596230227661,0.231006180842101
140.39,0.06486103185125,0.225174379800427
140.391,0.0662237324887373,0.219896848924895
140.392,0.067501910143403,0.214699389996399
140.393,0.0688232541290424,0.20923931521543
140.394,0.0707856049949066,0.203687391075182
140.395,0.0720785511779339,0.198032606507674
140.396,0.0734739207299201,0.192342096818229
140.397,0.0747578171060582,0.186291321301182
140.398,0.0760008746513293,0.180115046275426
140.399,0.0774024266002479,0.174693830897241
140.4,0.078695585107552,0.169309630720386
140.401,0.0800927376247863,0.163105011959904
140.402,0.0814594735587085,0.15703716319849
140.403,0.0814760092432195,0.152781865513103
140.404,0.0833537070690212,0.148526567827595
140.405,0.0847284682980946,0.143764578130433
140.406,0.0861640769674356,0.138642239936401
140.407,0.0875789301964881,0.141534167654383
140.408,0.0888824135843921,0.145611821241779
140.409,0.0903077189285407,0.150037684546627
140.41,0.0916782429302671,0.154558943346631
140.411,0.0929634250183161,0.160256186024158
140.412,0.0949583410902131,0.167107423265463
140.413,0.0964353435664193,0.172621343993216
140.414,0.0976741022237001,0.177570898537624
140.415,0.0990765283083361,0.18289727639182
140.416,0.100317398345774,0.188445246600615
140.417,0.101529974234701,0.193484674198049
140.418,0.102688352968666,0.19843040780947
140.419,0.10389749796597,0.203200394312877
140.42,0.103995305532392,0.20793384192816
140.421,0.105050242955348,0.212371669034824
140.422,0.106159575708879,0.21672453703976
140.423,0.107895181743667,0.221824549838979
140.424,0.109024976262109,0.227708623086214
140.425,0.110249756966247,0.233400096954406
140.426,0.111328798914654,0.238887245896461
140.427,0.112547858039368,0.243989000703008
140.428,0.113585913157886,0.248895693052183
140.429,0.114609792413899,0.253782542546784
140.43,0.115463067447427,0.258658920013147
140.431,0.116549653054927,0.26389943453259
140.432,0.118176949724348,0.269381397631072
140.433,0.119204319490389,0.274456278579268
140.434,0.120339254395862,0.279430476840372
140.435,0.121400148041779,0.28406642567341
140.436,0.121452262466156,0.288623872786199
140.437,0.122323539840823,0.293866678540054
140.438,0.12328801783633,0.299348183173373
140.439,0.124286146616027,0.303507468224577
140.44,0.125084875386558,0.30764923380002
140.441,0.126648853377363,0.312641657765412
140.442,0.127530480335754,0.318078934224988
140.443,0.12845283691836,0.322993612327724
140.444,0.12948541570188,0.32780096263953
140.445,0.130628596121629,0.332667360922853
140.446,0.131800459545614,0.337551547607455
140.447,0.133035985159622,0.342290053833732
140.448,0.134373708938684,0.346985353567975
140.449,0.135801899912973,0.351936342921249
140.45,0.137293975434322,0.356975649509662
140.451,0.138586313426622,0.360992803568336
140.452,0.140790788027939,0.364917129016175
140.453,0.140865339300273,0.370177932310213
140.454,0.142275784536243,0.376307698176251
140.455,0.143719315779386,0.381212768912773
140.456,0.14511626757135,0.385812977237869
140.457,0.146601248812434,0.39037887637084
140.458,0.148055344871025,0.394931979434563
140.459,0.149609009977334,0.399865277423656
140.46,0.150928511143878,0.405005830090647
140.461,0.152974108175223,0.409379379316448
140.462,0.154450924108668,0.413573503823359
140.463,0.15583350746082,0.418265875689625
140.464,0.157250332317634,0.423342982820888
140.465,0.158569955631633,0.427949286495015
140.466,0.159841514127676,0.432356860973948
140.467,0.161216230358401,0.436803658456782
140.468,0.161317269972695,0.441272413731399
140.469,0.16257193558505,0.446211714175925
140.47,0.164552836010987,0.45140777890794
140.471,0.166155766867605,0.455907188714095
140.472,0.16732737657233,0.460317390631856
140.473,0.168736094192565,0.464816555715084
140.474,0.17001204321,0.469336607915209
140.475,0.171367287548355,0.473843535015186
140.476,0.172806452175754,0.478347126666287
140.477,0.174129037191351,0.482384262425125
140.478,0.175571355741203,0.48627261731747
140.479,0.177596689062862,0.491153083694917
140.48,0.178400162948074,0.497371848468214
140.481,0.180409933936139,0.502074591027238
140.482,0.181822116716413,0.506174667546109
140.483,0.183138871751461,0.509818470690879
140.484,0.184512333555788,0.513442114728112
140.485,0.185864078016178,0.517846319489353
140.486,0.187217706398783,0.522790919033494
140.487,0.188557356286093,0.527457398741578
140.488,0.188577128639147,0.531888350339422
140.489,0.189859127200469,0.536609943828506
140.49,0.191191199062724,0.541559491276609
140.491,0.192493092949466,0.546084900394212
140.492,0.193843995741243,0.550483217730198
140.493,0.195683243654518,0.554821136520398
140.494,0.196965927626922,0.559142497686066
140.495,0.19828631698796,0.56331779573339
140.496,0.199561317490987,0.567444204784319
140.497,0.200881266864467,0.571677213947656
140.498,0.202245811401044,0.57596739547681
140.499,0.203561494727487,0.580566319448439
140.5,0.204866125696358,0.585332992704878
140.501,0.206250083675824,0.589724035060699
140.502,0.208032884819479,0.594067897943495
140.503,0.208148813388186,0.598109134308678
140.504,0.209397510145974,0.602150370673746
140.505,0.210611841981931,0.605856256181426
140.506,0.211888090441067,0.609554136858601
140.507,0.2131555496434,0.614106889355053
140.508,0.214506984420632,0.619079362688899
140.509,0.215891799758312,0.623663409005358
140.51,0.217052284976884,0.62806136447398
140.511,0.218266200828607,0.632066975969029
140.512,0.219356221566706,0.635963120740798
140.513,0.221223955998665,0.640017212468534
140.514,0.222610797563136,0.644161109462183
140.515,0.223803892243849,0.648556171790887
140.516,0.224854102725785,0.653096471412934
140.517,0.226218967649458,0.657114602828528
140.518,0.227492546463195,0.661057349433337
140.519,0.228710579894115,0.665473549997897
140.52,0.229868674023427,0.669889924811978
140.521,0.231030469468439,0.673123595574947
140.522,0.232125118143523,0.676357266337824
140.523,0.232210520101343,0.680842744768783
140.524,0.233902193980382,0.686458666424291
140.525,0.235200473785501,0.690406046909879
140.526,0.23641757942865,0.693890658752029
140.527,0.237510201865334,0.697865904817065
140.528,0.238634418328288,0.701969758392856
140.529,0.23973726793057,0.70588180555802
140.53,0.24084525036738,0.709736806617789
140.531,0.241834628803213,0.713710664523899
140.532,0.243398167874945,0.717739159556725
140.533,0.244037481887078,0.721718937674867
140.534,0.245563536807039,0.725671950204928
140.535,0.246709016811347,0.729591769898344
140.536,0.247665839406955,0.733495284146481
140.537,0.248779844416362,0.737645981304013
140.538,0.249817331142796,0.741934157841336
140.539,0.250850026413098,0.745737863539032
140.54,0.250878865766382,0.749420886674646
140.541,0.251842744153571,0.753313334319883
140.542,0.25275797238221,0.757307240927478
140.543,0.253609157821723,0.761320001802185
140.544,0.254991884520329,0.765342292646786
140.545,0.256052667812786,0.769412737583006
140.546,0.256957240280998,0.773504228510779
140.547,0.257919976345191,0.777193432564088
140.548,0.258858761024557,0.780768970937579
140.549,0.259789436878271,0.784709420461169
140.55,0.260611600361778,0.788866276249588
140.551,0.261521648549956,0.792586756780439
140.552,0.262693190604955,0.796229125307941
140.553,0.263538271766701,0.800018890219955
140.554,0.264356177679146,0.803834474170531
140.555,0.265202493785431,0.80750496334815
140.556,0.265222543882984,0.811149682776363
140.557,0.266005981512278,0.814821756890039
140.558,0.266834006462101,0.818501613329393
140.559,0.267578758416497,0.8225756822067
140.56,0.268374483545064,0.826776155813801
140.561,0.269139903652728,0.829710934032081
140.562,0.269861097312101,0.832618663367576
140.563,0.270957160870307,0.836831909252031
140.564,0.271698243224389,0.842891771091118
140.565,0.272432979202448,0.846008156203551
140.566,0.273110701267413,0.848927990114014
140.567,0.273758491674011,0.852416680144184
140.568,0.274399713528715,0.855980432687911
140.569,0.275009701315892,0.859727192540148
140.57,0.275595065223705,0.863483054878429
140.571,0.276150969625827,0.866496475565269
140.572,0.2770284209973,0.869509896252109
140.573,0.277111859525894,0.87339281796996
140.574,0.277111859525894,0.877548340870622
140.575,0.278266246789904,0.881182108536395
140.576,0.278874707695994,0.884635726225375
140.577,0.279466664019359,0.888157248003112
140.578,0.279972558170722,0.891704356252444
140.579,0.280484032055262,0.895236573511793
140.58,0.280995653623391,0.898764987645666
140.581,0.281711249661278,0.902508602821242
140.582,0.282113323402129,0.906325336022002
140.583,0.282647554539622,0.909719194317483
140.584,0.283092074646809,0.913075262834471
140.585,0.283516133436842,0.916205418125973
140.586,0.283931586242064,0.9193022989473
140.587,0.28395008036672,0.922926998442698
140.588,0.284319063369601,0.926748431596889
140.589,0.284929776220768,0.930586808089416
140.59,0.285224134251791,0.934436186169615
140.591,0.285558849312336,0.93760012055401
140.592,0.285911596418198,0.94064251632822
140.593,0.286251223945692,0.944072738129046
140.594,0.286563803520971,0.947485096067269
140.595,0.286892830205066,0.950170344208454
140.596,0.28720500447825,0.952855592349639
140.597,0.287493271721507,0.95672356116361
140.598,0.287748349048501,0.961998588018461
140.599,0.288024868814004,0.964473007064421
140.6,0.288287037126148,0.966762189004756
140.601,0.28852191593053,0.96994759539038
140.602,0.288721012797107,0.973641130511267
140.603,0.288951498542898,0.977242818354599
140.604,0.289125701153481,0.980782463187884
140.605,0.289133579990309,0.984044473211338
140.606,0.289133579990309,0.987221341155165
140.607,0.289491634638358,0.990411659083096
140.608,0.289648673106503,0.993607117503639
140.609,0.289836892734685,0.996963036911985
140.61,0.289947229602057,1.00039945107653
140.611,0.290037353848261,1.00358854856287
140.612,0.290145877461847,1.00671333728181
140.613,0.290241157374066,1.00988901994188
140.614,0.290292747663538,1.01307804039457
140.615,0.290371684888398,1.01586450655777
140.616,0.290429609647226,1.01854510924373
140.617,0.290465634421169,1.02189513392837
140.618,0.290500207441284,1.02597711623665
140.619,0.290502095301235,1.0292566347512
140.62,0.290537661572604,1.0321996740321
140.621,0.290568489124645,1.03527590543805
140.622,0.290588477363367,1.03841940814304
140.623,0.290589604070809,1.0410961770445
140.624,0.29058443817395,1.04363814697201
140.625,0.290604583568486,1.04710147622327
140.626,0.290599460158732,1.05177615095051
140.627,0.290618983110259,1.05473019489335
140.628,0.290614730472575,1.05744015341555
140.629,0.290614539513591,1.06005953732954
140.63,0.290565374591455,1.0626789212436
140.631,0.290556724088357,1.06590406523409
140.632,0.290531357677117,1.06927831390389
140.633,0.290480968539086,1.07257292774167
140.634,0.29045224457159,1.07584088526676
140.635,0.290400908291117,1.07870433042577
140.636,0.290369490691937,1.08153858895117
140.637,0.290341000770662,1.08404432530296
140.638,0.290265685280504,1.08652396553384
140.639,0.290261793253631,1.08998980532075
140.64,0.290212272142448,1.09405170097827
140.641,0.290131610745694,1.09610171749095
140.642,0.290079894965772,1.09795394222426
140.643,0.290038503757961,1.1009300085256
140.644,0.289963129502257,1.10615769168859
140.645,0.289881835488679,1.10855006743156
140.646,0.289842112473748,1.1108254404982
140.647,0.289763710922122,1.113335288183
140.648,0.289685832583797,1.11587154698585
140.649,0.289564916877006,1.11891245771585
140.65,0.289486506802159,1.12228129604394
140.651,0.289393893617106,1.12513456185394
140.652,0.289308389386815,1.12790152830487
140.653,0.289236264007767,1.13092695216073
140.654,0.289143626873841,1.1340131939648
140.655,0.289064390993615,1.13643237027573
140.656,0.289060127883734,1.13885154658665
140.657,0.288976981015733,1.14124137593108
140.658,0.288880896893344,1.14362249955288
140.659,0.288790079584637,1.14686913441767
140.66,0.288643276936877,1.15116661145771
140.661,0.288534623169284,1.15304299547335
140.662,0.288417013913266,1.15478255226147
140.663,0.288267174305502,1.15761230658471
140.664,0.288163825171584,1.1618484454422
140.665,0.288041531870355,1.1641541939961
140.666,0.287904946413725,1.16627586289896
140.667,0.287766203589063,1.16852355519365
140.668,0.287621458813979,1.1707882472561
140.669,0.287392317609754,1.17362307252421
140.67,0.287266336466146,1.17694335623457
140.671,0.287125295945793,1.17974842956834
140.672,0.28697198084192,1.18228688930901
140.673,0.28696368505014,1.1849489964282
140.674,0.286687607433224,1.18767437182865
140.675,0.286506411765836,1.19021551628597
140.676,0.286497837767351,1.19270625043121
140.677,0.286319435724118,1.19541474621382
140.678,0.286146874862694,1.19820117970555
140.679,0.285880704109337,1.2007663315709
140.68,0.285657348218645,1.20329941616351
140.681,0.285451494024815,1.20569350842639
140.682,0.285257442367913,1.20806621551268
140.683,0.285050146051182,1.21034138954149
140.684,0.284858338401154,1.21258981685021
140.685,0.284627205534859,1.21570408000909
140.686,0.284419924824299,1.2192290448411
140.687,0.28420758275485,1.22083789077953
140.688,0.283966376518971,1.22244673671796
140.689,0.283615239576564,1.22522633311579
140.69,0.283417099414487,1.22863030328035
140.691,0.283406092127127,1.23077362265922
140.692,0.283204997622588,1.23277097866851
140.693,0.282956540062652,1.23517989540335
140.694,0.28273943585346,1.23764282948897
140.695,0.282481390568799,1.24001233016952
140.696,0.282247167181704,1.24236722514476
140.697,0.282003826844718,1.24492880157654
140.698,0.28163396527448,1.24752417139036
140.699,0.281354823671765,1.24995361285344
140.7,0.281106972436561,1.2523804094277
140.701,0.280842599986457,1.25469103284989
140.702,0.280577648486969,1.25699586375914
140.703,0.280268342914375,1.25915842641758
140.704,0.280000388972294,1.26131117779259
140.705,0.279995356317477,1.26370945295782
140.706,0.279744338644146,1.26619065610655
140.707,0.279277083805693,1.26847231249977
140.708,0.279137414519509,1.27074541650926
140.709,0.278638873022411,1.27291249884271
140.71,0.278344095677276,1.27507422323285
140.711,0.278100879070001,1.27729947231555
140.712,0.277801809784983,1.27953232100627
140.713,0.277511731415747,1.28191230267535
140.714,0.277163903930832,1.28428049243996
140.715,0.276850709576533,1.28596293669107
140.716,0.276518137165086,1.28764538094219
140.717,0.276192928442485,1.28983529658044
140.718,0.275615379974518,1.29265842988342
140.719,0.275259840764596,1.29550516407124
140.72,0.274973941338637,1.29816523416242
140.721,0.27456750742908,1.29964496626426
140.722,0.274252968498358,1.30112469836611
140.723,0.273883377246596,1.30330243966865
140.724,0.273503930479786,1.30564002152585
140.725,0.273483753792679,1.30768049425285
140.726,0.273110600344048,1.30962376968893
140.727,0.272716789199817,1.31179627884484
140.728,0.272134356590996,1.31408392145608
140.729,0.27169165899519,1.31620150641838
140.73,0.271295229006903,1.31827421802303
140.731,0.270996359073607,1.32029258649987
140.732,0.270580745389675,1.32229344580203
140.733,0.270179440836398,1.32438370862977
140.734,0.269756131941029,1.32651325948482
140.735,0.269380922737879,1.32845870409714
140.736,0.268939004921557,1.33036236315638
140.737,0.26851864735424,1.33246554574988
140.738,0.267823436932205,1.33462535726169
140.739,0.267371929475846,1.33652313668294
140.74,0.266992746155476,1.33841315559431
140.741,0.266967467091676,1.34032695426286
140.742,0.266545533635955,1.34224220922384
140.743,0.266148491941976,1.34415926860235
140.744,0.265640655443033,1.34607652317537
140.745,0.265209500738823,1.34796862467094
140.746,0.264756955810478,1.34985784677046
140.747,0.264284939990442,1.35190459285713
140.748,0.263541169077075,1.35396174907744
140.749,0.263038914419199,1.3558344232784
140.75,0.262655308102433,1.35769796031114
140.751,0.262132904283312,1.35926887025052
140.752,0.261648838994931,1.3608397801899
140.753,0.261129908362983,1.36290326381428
140.754,0.260615117669254,1.3651273704841
140.755,0.260142041400199,1.36681486908368
140.756,0.259394890359392,1.36842192708058
140.757,0.259329829851031,1.37013474519347
140.758,0.258960868630866,1.37189843102553
140.759,0.258421677694558,1.37375574601746
140.76,0.257973032212917,1.37565627689714
140.761,0.257402116742198,1.37746110926255
140.762,0.256835434365618,1.37924749071283
140.763,0.256304613652896,1.38094647461996
140.764,0.25583247171457,1.38263335101024
140.765,0.25496112367439,1.38429798845851
140.766,0.25472671235546,1.38595824139048
140.767,0.254184122763659,1.38757453407741
140.768,0.253369010736989,1.38918030312098
140.769,0.252788794771631,1.39095032134375
140.77,0.252255886499226,1.39278006995843
140.771,0.251721661218651,1.39442572597912
140.772,0.251192075203804,1.39597615728354
140.773,0.250653733359829,1.39767301041253
140.774,0.250122051124397,1.39948411223044
140.775,0.249421528608407,1.40109634515817
140.776,0.249383163002485,1.4026532671304
140.777,0.248988436988072,1.40420228970385
140.778,0.248138057402955,1.40574790060496
140.779,0.247524704347368,1.40735933009825
140.78,0.246992089266308,1.40900482579068
140.781,0.246406339845472,1.41068628939271
140.782,0.245876945596893,1.41237912980358
140.783,0.245318813388295,1.41386203447882
140.784,0.244723722169568,1.41533374801381
140.785,0.244133127419826,1.41661603989624
140.786,0.243573895369947,1.41787530196664
140.787,0.242959488483348,1.4194549839802
140.788,0.242025397249009,1.42125392669656
140.789,0.241361537602266,1.42278914544658
140.79,0.241330883019381,1.4242191116387
140.791,0.240246186098536,1.4256555544584
140.792,0.240225574302392,1.42709552444541
140.793,0.23970068017054,1.42860862317131
140.794,0.239099137053336,1.43016863837114
140.795,0.238540776022286,1.43158999255954
140.796,0.23794069829809,1.43296429707532
140.797,0.236948183076865,1.43431094072026
140.798,0.236384984754158,1.43564705988255
140.799,0.235704896964224,1.43702651374559
140.8,0.235232187986439,1.43842794577213
140.801,0.234643562067385,1.43988274834225
140.802,0.234092908203982,1.44136219116238
140.803,0.233467968912392,1.44265080313695
140.804,0.232875835797484,1.44392380297094
140.805,0.232213296364079,1.4451793397558
140.806,0.23157421739748,1.44643216025453
140.807,0.230962294649563,1.44774506350285
140.808,0.230342672990119,1.44907265574985
140.809,0.229397162810642,1.45048533115182
140.81,0.228833679940928,1.45189219133776
140.811,0.228806297247832,1.4528742613184
140.812,0.228273165710055,1.45385633129903
140.813,0.227665933870733,1.45507048479756
140.814,0.227173564786337,1.45651716490065
140.815,0.226529222876566,1.45790853422486
140.816,0.225924161899853,1.45924046766108
140.817,0.225256177761522,1.46051563481781
140.818,0.224538046152607,1.4617576317461
140.819,0.223655861754622,1.46293666553869
140.82,0.223021629072699,1.46409621210456
140.821,0.222410435853996,1.46519707059793
140.822,0.221798633374217,1.4662848010924
140.823,0.221758935310462,1.4673987369892
140.824,0.220594501901431,1.46852176184697
140.825,0.220510096251019,1.46967273186175
140.826,0.219914877744992,1.47083581772291
140.827,0.21928026870152,1.47201671623989
140.828,0.218656280817106,1.47320423838614
140.829,0.217739813465283,1.47422974616362
140.83,0.217132821779575,1.47523336179499
140.831,0.216497041157915,1.47628740959033
140.832,0.215866401563916,1.47735695000041
140.833,0.215205877465331,1.47850542325378
140.834,0.214591312189189,1.47967340122045
140.835,0.213961871313761,1.48053611750534
140.836,0.213344163012811,1.48139202863711
140.837,0.212712965032052,1.48249332838377
140.838,0.212124303590201,1.48373422341988
140.839,0.211103911815916,1.48472287535229
140.84,0.210391946123801,1.4856425905849
140.841,0.209748951008235,1.48668931475952
140.842,0.209714565679837,1.4877999899477
140.843,0.209053913253764,1.48851958088892
140.844,0.208410617726481,1.48920577089043
140.845,0.207740839509946,1.49035422179783
140.846,0.207064956678818,1.49173253731398
140.847,0.206367930892107,1.49233218096152
140.848,0.205712194648057,1.49293182460906
140.849,0.205023725596685,1.49380883200773
140.85,0.204048911730916,1.49484515207043
140.851,0.203313218784561,1.49583044322384
140.852,0.202610023441845,1.49678427574331
140.853,0.201899099148108,1.49763499124706
140.854,0.201190583226408,1.49846596417014
140.855,0.200444412619256,1.49925761228729
140.856,0.199743993472397,1.50004238244091
140.857,0.199028310161536,1.50075186424548
140.858,0.197964453912508,1.50144040416014
140.859,0.197895749415472,1.50229244218256
140.86,0.197206735452231,1.50335385325378
140.861,0.196471006070759,1.50417767307
140.862,0.195737722061287,1.50485428550819
140.863,0.195055969229785,1.50556472434488
140.864,0.194393613480777,1.50628711351268
140.865,0.193583768392723,1.50705523858333
140.866,0.192946081868685,1.50784611508412
140.867,0.192163575108905,1.50856241667919
140.868,0.191359227057851,1.50926079472208
140.869,0.190598763792522,1.50998741049176
140.87,0.189520410378715,1.51072246588218
140.871,0.188770716313269,1.51128571857405
140.872,0.188010952642568,1.51183989248452
140.873,0.187198394131076,1.51251958324591
140.874,0.186443007986412,1.5132646132167
140.875,0.185633535407623,1.51395372728174
140.876,0.184883606938562,1.51461058871602
140.877,0.184867605163694,1.51526085788274
140.878,0.184867605163694,1.51590927556613
140.879,0.182833003983939,1.51650025481845
140.88,0.181998681035963,1.51708920535887
140.881,0.181181891302398,1.51764995384241
140.882,0.180536335852536,1.51820874290694
140.883,0.179737632107382,1.51870471189283
140.884,0.178940208837051,1.51919464137561
140.885,0.178076598123246,1.51977487403277
140.886,0.176905791568258,1.52039224425174
140.887,0.176020863995224,1.52096701800863
140.888,0.17517658257885,1.52152363205711
140.889,0.174276602059535,1.52199320176977
140.89,0.173468065688084,1.52244927473663
140.891,0.172664949120205,1.52293117986174
140.892,0.1718456949271,1.52342544567985
140.893,0.17100722799474,1.5238995588508
140.894,0.170202502435971,1.52436250089434
140.895,0.170187701183788,1.5247839068124
140.896,0.168967871476145,1.52518910589344
140.897,0.168106527768828,1.52562662702171
140.898,0.167326911377835,1.52609211392035
140.899,0.166346051451624,1.52649112637239
140.9,0.165370329033125,1.52686463477824
140.901,0.16441311760767,1.52726012963982
140.902,0.163594489587287,1.52767058573244
140.903,0.162777231906514,1.52802703628871
140.904,0.161839202477387,1.52836735310423
140.905,0.160510863097083,1.52873481685911
140.906,0.160024454751186,1.52911130209145
140.907,0.158577071247485,1.52942846810043
140.908,0.157722194402098,1.52974252989198
140.909,0.156803884452771,1.52997533736193
140.91,0.155863758125816,1.53020188607652
140.911,0.154989855016309,1.53048084440649
140.912,0.154938961239,1.5309202041345
140.913,0.15404916012787,1.53121329723714
140.914,0.153168716507548,1.53143034309252
140.915,0.151809277881575,1.53166632266783
140.916,0.150924006590209,1.53191421888886
140.917,0.149933767720469,1.53215365486168
140.918,0.149034199927297,1.53238728735196
140.919,0.147976291146273,1.5325725411146
140.92,0.147063991608589,1.5327404068747
140.921,0.14617524970984,1.53293552460455
140.922,0.145342905894492,1.53316829898719
140.923,0.144396093427343,1.53338520692448
140.924,0.143440524804967,1.53358766814598
140.925,0.142415091915232,1.53367775862109
140.926,0.141515070673212,1.5337678490962
140.927,0.141459740601949,1.53390483926651
140.928,0.14015828848587,1.53410320292138
140.929,0.139112015330063,1.53419772922978
140.93,0.138293945586273,1.53428318688808
140.931,0.137255497491963,1.53436023713144
140.932,0.136390959500785,1.53443628880725
140.933,0.135414508072725,1.53451404944424
140.934,0.134509898576837,1.5345929929986
140.935,0.133604744137716,1.53465657585142
140.936,0.132694864169836,1.53470801263793
140.937,0.131342511926037,1.53473885936608
140.938,0.130280856508725,1.53476359908238
140.939,0.129258848086221,1.5347772644115
140.94,0.128329664619993,1.53478474605394
140.941,0.127424432465865,1.53477982284731
140.942,0.126495220779532,1.53476346643231
140.943,0.126442269959901,1.53473876020913
140.944,0.125574909602571,1.53471405398596
140.945,0.124663248196896,1.53467440557016
140.946,0.123781189431657,1.53463391801244
140.947,0.122348978132502,1.53455929946484
140.948,0.121867038158643,1.53446495119237
140.949,0.120556722354995,1.53438299390369
140.95,0.11960008120543,1.53430326072906
140.951,0.11863298931997,1.53421212194201
140.952,0.117720142347775,1.53412098315496
140.953,0.116806749007162,1.5339916007249
140.954,0.115924971558002,1.53384943771398
140.955,0.114975586613317,1.53370658244909
140.956,0.114110024185245,1.53356346064794
140.957,0.112685590692736,1.53339442201048
140.958,0.111860076724878,1.53321100888567
140.959,0.110906018122338,1.53303545973868
140.96,0.110006680659816,1.53286182966635
140.961,0.109084270954998,1.53264724195359
140.962,0.109066020505958,1.53241226189531
140.963,0.108234258590996,1.53219509447244
140.964,0.107332984973113,1.5319788967837
140.965,0.106375431036993,1.53174734541744
140.966,0.105510195690126,1.53151360709225
140.967,0.104126008663802,1.53123485256297
140.968,0.103247659671587,1.53094566242594
140.969,0.102205105129005,1.53067823249865
140.97,0.101340880535377,1.53041199977326
140.971,0.100375540714765,1.53016605967576
140.972,0.0994696607776763,1.52992231289831
140.973,0.0985446378630137,1.52959225310633
140.974,0.097175665326953,1.52917368286904
140.975,0.0963008346551913,1.5287959022715
140.976,0.0953787625177134,1.52843890853477
140.977,0.0953445728289699,1.52810120874486
140.978,0.0944615144145727,1.52776958318224
140.979,0.0934971908095568,1.52740657923298
140.98,0.0925278763752236,1.52702580155424
140.981,0.0916330430820868,1.52662626215336
140.982,0.090745324171478,1.5262146032153
140.983,0.089838452739094,1.52570421122101
140.984,0.0885036796159279,1.52515304115527
140.985,0.087539124609359,1.52485702420678
140.986,0.0866044032585449,1.5245610072583
140.987,0.0856620161212103,1.52410902688667
140.988,0.0847579710148448,1.52359860557301
140.989,0.0837704552868285,1.52309957946445
140.99,0.0829132966918275,1.52260648988265
140.991,0.0819483080224116,1.52211106627626
140.992,0.0805864477526484,1.52161487701417
140.993,0.0805037322976937,1.5211018899025
140.994,0.0796395167867824,1.52058363421005
140.995,0.0787182138030041,1.52005420798058
140.996,0.0778230761081914,1.51952108070409
140.997,0.0768455163093181,1.51898933712615
140.998,0.0759153480815323,1.51845804291696
140.999,0.0748971362361913,1.51786358096096
141,0.0739162807172199,1.51723825789518
141.001,0.0729545946305373,1.5165843269689
141.002,0.072024223429069,1.51592354903154
141.003,0.07051812688037,1.51534259569386
141.004,0.0696059927177913,1.51476220568253
141.005,0.0686397999270821,1.5142275512495
141.006,0.0677033319085802,1.5136965314432
141.007,0.066737726045737,1.51296484482486
141.008,0.0658360254246425,1.51210182694492
141.009,0.0648000658985505,1.51154135768698
141.01,0.0647736932338304,1.51104041583658
141.011,0.0638313531000435,1.51034613370593
141.012,0.0625619683699915,1.50954014182784
141.013,0.0615508778503523,1.50878520335731
141.014,0.0605454133689663,1.50806388430478
141.015,0.0595636867620458,1.50720536406691
141.016,0.0586169841598297,1.50626701107607
141.017,0.0575946696821462,1.50574230489189
141.018,0.0566451960167619,1.50521759870771
141.019,0.0557249024654246,1.50444197023817
141.02,0.0543005924307661,1.50357251411322
141.021,0.0532863235222925,1.50269503152048
141.022,0.0524230479060775,1.50181364315028
141.023,0.0514858389820374,1.50110841137689
141.024,0.0504672706833629,1.50042110124975
141.025,0.0494868605309854,1.49961130327298
141.026,0.049437760273353,1.49871383554231
141.027,0.049437760273353,1.49783061166352
141.028,0.0476257950243596,1.49695476483326
141.029,0.0466184034848702,1.49606240049047
141.03,0.0455647181408184,1.49516262967165
141.031,0.0445926389170775,1.49428981730502
141.032,0.0432924402637559,1.49342417189359
141.033,0.0424040199177417,1.49244746771393
141.034,0.0414092017927409,1.49143347533159
141.035,0.0404786931467994,1.49058576491906
141.036,0.0395402968522923,1.48974839971242
141.037,0.0385963691562874,1.48878752723179
141.038,0.0377517178300314,1.48779276669871
141.039,0.0368392258374441,1.48684688729758
141.04,0.0359332430855317,1.4859041383873
141.041,0.0349120667288979,1.48503262906841
141.042,0.0336144290189336,1.4841701712756
141.043,0.0326193023379004,1.48303710922212
141.044,0.0325933302197606,1.48169475207194
141.045,0.0307888679969949,1.48074565469157
141.046,0.0307494263268909,1.47989763653272
141.047,0.0299907461387691,1.47889678243054
141.048,0.0291242825145935,1.47784713409271
141.049,0.0282155672580672,1.47688451334923
141.05,0.0273121966375846,1.47595104332764
141.051,0.0264176411561243,1.47466332357639
141.052,0.0254095567199829,1.47291814756676
141.053,0.0240454128395745,1.4720432222253
141.054,0.0231895703832385,1.47120017049165
141.055,0.0223121023551672,1.47003093539674
141.056,0.0214388954029234,1.46885424639015
141.057,0.0205293416356186,1.46794216944496
141.058,0.0196751086952371,1.46703009249979
141.059,0.0188611220131863,1.46564058326421
141.06,0.0188198629036641,1.46386637895171
141.061,0.0180222536794752,1.46307755642453
141.062,0.0171427490802522,1.46228873389734
141.063,0.0162950036169792,1.46112358928785
141.064,0.0150003328876295,1.45970820305393
141.065,0.0142058472633746,1.4583655305764
141.066,0.0133716497582547,1.45707623523176
141.067,0.012522781050075,1.45583652030006
141.068,0.0117328741956314,1.45461646566263
141.069,0.0109713361021438,1.45326741358144
141.07,0.0101528006645788,1.45185623952293
141.071,0.00929867615575974,1.45060734412837
141.072,0.00847794059976492,1.44937013337629
141.073,0.00725732370837895,1.44815766596977
141.074,0.00647823664661384,1.4469472084986
141.075,0.00566016709022477,1.44569884399002
141.076,0.00484734007518306,1.44443953754547
141.077,0.00405975814240467,1.44307893263937
141.078,0.00331639131540828,1.44166593088559
141.079,0.00260297937257137,1.44030645113161
141.08,0.00256682717531087,1.4389619112389
141.081,0.00171765833280879,1.4375017420682
141.082,0.00103394259603873,1.43599514227643
141.083,0.000251580810734953,1.43464410471756
141.084,-0.000828121506451729,1.43331474865717
141.085,-0.00159823222638134,1.43184243834742
141.086,-0.00236700023311631,1.43032616723519
141.087,-0.00312800421796056,1.42878832049216
141.088,-0.00387958433134961,1.42726823811245
141.089,-0.00462797920713631,1.42587289159544
141.09,-0.00529574741186678,1.42447592652594
141.091,-0.006176542217318,1.42305782661985
141.092,-0.00717025487325285,1.42164672635709
141.093,-0.00759126874917848,1.42045109426179
141.094,-0.00868343945757266,1.41925546216645
141.095,-0.00869795169092169,1.41768465722688
141.096,-0.00937235923267099,1.41571874544735
141.097,-0.0101157453315618,1.41404561924332
141.098,-0.0108535102373676,1.4125193126135
141.099,-0.0115296190805753,1.41080637997506
141.1,-0.0122110253050379,1.40898757030549
141.101,-0.0130438152288853,1.40755281077925
141.102,-0.0137237461929555,1.4061704086402
141.103,-0.0144519130001654,1.40486959032485
141.104,-0.0154174590890258,1.4035687720095
141.105,-0.0161781280709054,1.40191050716485
141.106,-0.0168531137257777,1.40007934508037
141.107,-0.0176043502215051,1.3983461088627
141.108,-0.0182389356313953,1.39666394974676
141.109,-0.0188899600544393,1.39498875345169
141.11,-0.0196068391948946,1.39331597529033
141.111,-0.0196248951650176,1.39164606883198
141.112,-0.0202204068364178,1.38997692327773
141.113,-0.0202557290433995,1.38821048709307
141.114,-0.0219448922609842,1.3864158348326
141.115,-0.0226999889604209,1.38478494545919
141.116,-0.0233692870997687,1.38317277955146
141.117,-0.0240643107628774,1.38146869953915
141.118,-0.024726538656434,1.37973701493062
141.119,-0.0253884141900261,1.37782236937742
141.12,-0.0261076036852349,1.37584930341029
141.121,-0.0267549358506499,1.37407237210533
141.122,-0.0273962716624923,1.37230602510066
141.123,-0.0283415293725747,1.37059339339809
141.124,-0.0289709919031139,1.36889601320741
141.125,-0.0296032118465658,1.36747588560896
141.126,-0.0302014235303486,1.36605575801051
141.127,-0.0308368341338107,1.36384846989449
141.128,-0.0308885500038344,1.3610336231912
141.129,-0.0308885500038344,1.3597555996551
141.13,-0.0320645174892545,1.35847757611896
141.131,-0.0327471690175339,1.35634900930033
141.132,-0.0333365073307045,1.35374668354847
141.133,-0.0342966859014816,1.35232764754525
141.134,-0.0348766795620864,1.3510514853485
141.135,-0.035537392670145,1.34917678061409
141.136,-0.0361375630915236,1.34678487409275
141.137,-0.0367713469829579,1.34473896750349
141.138,-0.0373167713147935,1.34287949543411
141.139,-0.037965331767975,1.34089809496148
141.14,-0.0385026530937818,1.33884645618981
141.141,-0.0391530206608378,1.33690178226845
141.142,-0.0399467022170835,1.33498511986743
141.143,-0.0405825000676973,1.33284324694211
141.144,-0.0406190928285907,1.33064823829339
141.145,-0.0411826250831552,1.32915179693227
141.146,-0.0417588378263365,1.32765535557115
141.147,-0.0423091534004256,1.32566714949363
141.148,-0.0428603873582808,1.32302588687753
141.149,-0.0434150183238021,1.32062003184874
141.15,-0.0439314303890163,1.3183589226634
141.151,-0.0444311676384802,1.31636338697315
141.152,-0.0449972268806232,1.3144376299062
141.153,-0.0457292096260565,1.31245437244865
141.154,-0.046257030940568,1.31047111499104
141.155,-0.0468679500416712,1.30870723479621
141.156,-0.0474155964759165,1.30696433943038
141.157,-0.0479898668775999,1.30484941297276
141.158,-0.0484991989955466,1.30245437014327
141.159,-0.0489772384055477,1.30007327842594
141.16,-0.0494905262819662,1.29770765003687
141.161,-0.0500094037846278,1.29549393744726
141.162,-0.0504707236106653,1.29335579702129
141.163,-0.0504971367647239,1.29072946898502
141.164,-0.0511936746825119,1.28797807807981
141.165,-0.0516366100227866,1.28661198492004
141.166,-0.0520654407510081,1.28524589176023
141.167,-0.0525600288156668,1.28282545610089
141.168,-0.0530140846600847,1.2794108644627
141.169,-0.0535010080621962,1.27783675233165
141.17,-0.0539208715076925,1.27631125033148
141.171,-0.0543690325861997,1.27393173594232
141.172,-0.0548480815653215,1.27110840483174
141.173,-0.0552504614736372,1.26882567037555
141.174,-0.0558537326766416,1.26667226542147
141.175,-0.0562659726477699,1.26416412242194
141.176,-0.0566547225722863,1.26155253298542
141.177,-0.0571286867632229,1.25945399217333
141.178,-0.0575370748191244,1.25735545136118
141.179,-0.0578939984074357,1.25538720519588
141.18,-0.0579058017527155,1.25343364582341
141.181,-0.0582764471780275,1.25105924020103
141.182,-0.0586606543815592,1.24835423805515
141.183,-0.0589972937358167,1.24538250900825
141.184,-0.0593693220344063,1.24214693356995
141.185,-0.0598441933171262,1.2404618775114
141.186,-0.06017455895124,1.23877682145286
141.187,-0.0605220711540401,1.23641493453011
141.188,-0.0608346856480261,1.2337515934611
141.189,-0.0611623898143504,1.23120998290309
141.19,-0.0614650026595686,1.22876276216347
141.191,-0.061753390738726,1.22638098889729
141.192,-0.0620645874640319,1.2240427398232
141.193,-0.062386126747457,1.22153951430803
141.194,-0.0627499232920671,1.21887558609539
141.195,-0.0630435029817257,1.21606772388081
141.196,-0.0630552212366621,1.21316973695397
141.197,-0.0633154271305637,1.21121888718806
141.198,-0.0635637740528073,1.20942873775717
141.199,-0.0638597157738584,1.20665165750764
141.2,-0.0641062101580654,1.20311746137084
141.201,-0.0643506038743994,1.20099864324007
141.202,-0.0645717876189802,1.1991314935113
141.203,-0.0648198381589501,1.1960540392683
141.204,-0.0650949836812211,1.19222157506807
141.205,-0.0653172456203776,1.19059370656521
141.206,-0.0655449617930225,1.18896583806239
141.207,-0.0657737378328015,1.18601028928947
141.208,-0.0659624545083933,1.18187588131736
141.209,-0.0659732226714079,1.18011193843338
141.21,-0.066290234355065,1.1783479955494
141.211,-0.06630731850459,1.17573292627246
141.212,-0.0665770629968482,1.17264785363588
141.213,-0.066593050839049,1.16987221541523
141.214,-0.0667054409700708,1.16729836325573
141.215,-0.0668989335597056,1.16464810564322
141.216,-0.0670181356065958,1.16192361245579
141.217,-0.0671410361405006,1.15867456068563
141.218,-0.0672595680015716,1.15496054907589
141.219,-0.0673507005867932,1.15304721412964
141.22,-0.0674557578976919,1.15113387918339
141.221,-0.0675350511332807,1.14840571052197
141.222,-0.0676757426012479,1.14534673376787
141.223,-0.0677266677427176,1.14250260034249
141.224,-0.0678290541589289,1.13978102097208
141.225,-0.0678919726199648,1.1369172631839
141.226,-0.0679891408568488,1.13396277508586
141.227,-0.0680372730451898,1.13091775834832
141.228,-0.0681288202442006,1.12783215713362
141.229,-0.0681730000136798,1.12536093717346
141.23,-0.0681754450708615,1.12303266554095
141.231,-0.0682365461208884,1.12029331841285
141.232,-0.0682832228923337,1.11741668394252
141.233,-0.0683258932189837,1.11455298028437
141.234,-0.0683886369190533,1.11169457735024
141.235,-0.0684208278729331,1.10881401094624
141.236,-0.0684368613853882,1.10592168633163
141.237,-0.0684675218784376,1.10283987991101
141.238,-0.0684699452776296,1.09964514670389
141.239,-0.0684842912452491,1.09671128166317
141.24,-0.068486945224762,1.09385491481097
141.241,-0.0684891906199647,1.0909628775887
141.242,-0.0684892969315892,1.08805997882634
141.243,-0.0685012479433301,1.08512874048943
141.244,-0.0683259367339777,1.0821879730944
141.245,-0.0683216673560505,1.0791455699081
141.246,-0.0683037456632227,1.07606496514958
141.247,-0.0681723317639898,1.07309848750014
141.248,-0.0681204964575807,1.07017533995678
141.249,-0.0680791036764393,1.06716008843472
141.25,-0.0679782936731785,1.06409572926324
141.251,-0.0678997784168424,1.06106614675668
141.252,-0.0678092019146918,1.05805618794591
141.253,-0.06771334919653,1.05472517060887
141.254,-0.0675188705765776,1.05116034328178
141.255,-0.0673968477941506,1.04814092656116
141.256,-0.0672657535139872,1.04520899596404
141.257,-0.0670923421221171,1.04232850957402
141.258,-0.0669234050746866,1.03945942913675
141.259,-0.0667450236909525,1.03629007838417
141.26,-0.0665788278770142,1.03297608715893
141.261,-0.0664060701977928,1.0297515764655
141.262,-0.0663969521627821,1.02654808893263
141.263,-0.0662470028198107,1.02341903436725
141.264,-0.0660822923865262,1.0203125332117
141.265,-0.0658294715271232,1.01728371578523
141.266,-0.06548879893035,1.01429240722798
141.267,-0.0652293247355077,1.01118800378646
141.268,-0.0649925173879718,1.00798207157828
141.269,-0.0647298109940745,1.00459038554742
141.27,-0.0644877585102567,1.00102321601023
141.271,-0.0642050732548851,0.997892973813277
141.272,-0.0639373577751147,0.99492422893187
141.273,-0.0636539047110082,0.991514814210325
141.274,-0.0634111798042251,0.98784727580778
141.275,-0.0628677213048893,0.984652648209821
141.276,-0.0625685435443668,0.981510326054513
141.277,-0.0622182069869909,0.978417159763523
141.278,-0.0618711467847345,0.975331946406003
141.279,-0.0618625874612698,0.97238821231542
141.28,-0.0618625874612698,0.96949229461523
141.281,-0.0611478392987157,0.965838820385663
141.282,-0.0608103156194389,0.961222982200861
141.283,-0.0604961681955106,0.957888174611904
141.284,-0.0600579324068754,0.955187151280385
141.285,-0.0596977820140668,0.951783477009692
141.286,-0.0590609608653335,0.947862432630054
141.287,-0.0586241114112491,0.944417470175096
141.288,-0.0582213666942102,0.941074505979918
141.289,-0.0577922019293944,0.937551270505134
141.29,-0.0573187548901023,0.933991708275327
141.291,-0.0568079618860758,0.93065175567523
141.292,-0.0563652274125354,0.927312424760824
141.293,-0.055887920465239,0.923893144095461
141.294,-0.0553376248419729,0.920472442712341
141.295,-0.055326438589446,0.91753821535218
141.296,-0.0548997182968758,0.91461028808846
141.297,-0.0541223592950685,0.910970458365932
141.298,-0.0535967369387192,0.906998237791954
141.299,-0.053064717280238,0.903389943023629
141.3,-0.0524984921220127,0.89997728024157
141.301,-0.0519113966009029,0.896655870599183
141.302,-0.0513236519706284,0.893382869503072
141.303,-0.0507784932041938,0.889586371029859
141.304,-0.0501426320603218,0.88543336649397
141.305,-0.049482723552025,0.88201904101947
141.306,-0.0485737711863053,0.878846890925218
141.307,-0.0479069411165872,0.875120069901307
141.308,-0.0473148618296974,0.871042093721522
141.309,-0.046585258673555,0.867475536339301
141.31,-0.0459988584945105,0.863969124904655
141.311,-0.045294513245471,0.860839372739449
141.312,-0.0446725677433119,0.857776539561999
141.313,-0.0446335688374265,0.853502550653101
141.314,-0.0439720418052948,0.848058285993713
141.315,-0.0428719240930693,0.844942379433088
141.316,-0.0421224555953968,0.841978164773493
141.317,-0.041403161493167,0.838950214139067
141.318,-0.0407215295131368,0.835913165351075
141.319,-0.0399226665964577,0.831540252683905
141.32,-0.0391931257918533,0.825751197383368
141.321,-0.0383709055569523,0.823112259574243
141.322,-0.0375756875450909,0.82052191670633
141.323,-0.0367306576294574,0.816755812708634
141.324,-0.035461011704886,0.812459181950621
141.325,-0.0346073420657582,0.808244550803673
141.326,-0.0337439568408952,0.804070937177433
141.327,-0.032915724228851,0.800595187851844
141.328,-0.0320192371053049,0.797167243217905
141.329,-0.0311689328832557,0.793139541012283
141.33,-0.0301893886104007,0.788984679288749
141.331,-0.0301393260856656,0.785279340548911
141.332,-0.0294271141931838,0.781574001808967
141.333,-0.0284770038642196,0.777914721058933
141.334,-0.0270938542203968,0.774257066877985
141.335,-0.026196009213321,0.770146347776659
141.336,-0.0253639619970484,0.766014382632564
141.337,-0.0243610978387886,0.762667949786948
141.338,-0.0234333566061523,0.759321516941237
141.339,-0.0225020394825647,0.755264311545561
141.34,-0.021579635997114,0.751002574772183
141.341,-0.0205598588846847,0.747013702118863
141.342,-0.0191920401807292,0.743164141636964
141.343,-0.0181665921839235,0.739328063440232
141.344,-0.0171243269313538,0.735498511224397
141.345,-0.0161819222804452,0.731551678212219
141.346,-0.0151868782960546,0.727534364987013
141.347,-0.0141330999708823,0.723583457365501
141.348,-0.014101978085259,0.719678885140936
141.349,-0.013109986330665,0.715443967210856
141.35,-0.0121222082474887,0.710931714294547
141.351,-0.0110622503489161,0.706862810551002
141.352,-0.00954511397079472,0.702903383093988
141.353,-0.00836252963397011,0.699365544083262
141.354,-0.00732562040946483,0.695970822444961
141.355,-0.00620178716524544,0.691490581394845
141.356,-0.00518308481296403,0.685356258324707
141.357,-0.00407352330913746,0.681420355803074
141.358,-0.00303540340660702,0.677825448161513
141.359,-0.00182028285027347,0.673982227836272
141.36,-0.000137628500008202,0.670139007511031
141.361,0.000984839565774887,0.666897746643078
141.362,0.00105665437608538,0.663657284796064
141.363,0.00222935795423707,0.659649529941285
141.364,0.00329909687862628,0.654753884191532
141.365,0.0045121762092567,0.649520146880596
141.366,0.00565388235549247,0.6438278209878
141.367,0.00679892840463581,0.640555724677162
141.368,0.00801133895016493,0.637375713542301
141.369,0.00908808664597804,0.633379614658081
141.37,0.0104084655043457,0.629210370573362
141.371,0.011589610209663,0.624892744216261
141.372,0.0133696180577542,0.620544803905025
141.373,0.0145654271375325,0.616778477921378
141.374,0.015695105139455,0.61316656017482
141.375,0.0169249545339947,0.608012381456015
141.376,0.0181505981725715,0.601276991297594
141.377,0.0194756663371828,0.598152124174106
141.378,0.0206654564519854,0.595066146492102
141.379,0.0218647461016893,0.591056677659329
141.38,0.0231471446139192,0.586530353561092
141.381,0.0232217410269245,0.582180479239927
141.382,0.0251717152873422,0.57793125464573
141.383,0.0264458291693689,0.573580941726965
141.384,0.0275630499725675,0.569163360328184
141.385,0.0289431007566029,0.56425069266861
141.386,0.0302776842081572,0.558908987852106
141.387,0.0315926253937708,0.555395779024066
141.388,0.0328700090975895,0.552365035791446
141.389,0.0343301834311673,0.547570032675371
141.39,0.035601533185862,0.540661485685766
141.391,0.0369791033522621,0.537106317699781
141.392,0.0391196449730463,0.533720327693779
141.393,0.0404346044699987,0.529474242532532
141.394,0.0417939237555774,0.525104604784969
141.395,0.0431811285155235,0.521190891435182
141.396,0.0444481454883009,0.517365741719008
141.397,0.0458985258793997,0.512811350919408
141.398,0.0473359355915896,0.507598228498525
141.399,0.0474149658520914,0.502531054433927
141.4,0.0489814981306823,0.497606234621142
141.401,0.050427522472292,0.493096906586584
141.402,0.0522798355413248,0.488805817561262
141.403,0.0538739042729738,0.484448439223942
141.404,0.0552114771591293,0.480035217072598
141.405,0.0565843181186666,0.475464211336549
141.406,0.0580467343400078,0.470742765927788
141.407,0.059538343945774,0.465741308162322
141.408,0.0609334584718001,0.460589458203248
141.409,0.062443683524637,0.45633715050288
141.41,0.0639091525203223,0.452182819985045
141.411,0.0654078595675506,0.447525876847694
141.412,0.0669431941882005,0.442719676625099
141.413,0.0693377880659923,0.438282309065435
141.414,0.0707026878416271,0.433880493965156
141.415,0.0722888542281995,0.429257136105097
141.416,0.0723822600382428,0.424568273814052
141.417,0.0723822600382428,0.41995833236755
141.418,0.0752021268289933,0.415371297710453
141.419,0.0768090485934004,0.410305814140867
141.42,0.0783270655168921,0.405089183167734
141.421,0.0798826076332877,0.400556414546229
141.422,0.082287863518209,0.396036658632935
141.423,0.0839117408934499,0.392069492742147
141.424,0.0853185220572908,0.388134049644933
141.425,0.0868780861070105,0.382849106998707
141.426,0.088407956373053,0.376736826982663
141.427,0.089996169225249,0.372103259396731
141.428,0.091600259219176,0.367761101904475
141.429,0.0916996839391168,0.362750211497369
141.43,0.0956133767427053,0.357442660705259
141.431,0.0958279220057833,0.353412552143513
141.432,0.0964706105715302,0.349444153792514
141.433,0.0988842572321371,0.344131785242781
141.434,0.10047719928045,0.33794201689763
141.435,0.102033362641317,0.333199719081117
141.436,0.103552956026717,0.328731397632322
141.437,0.105177850418229,0.323853201883725
141.438,0.106749912207627,0.31900306407008
141.439,0.108421066816316,0.315029068862059
141.44,0.110035119841099,0.311055073653924
141.441,0.111762363173594,0.305762073303027
141.442,0.114007367354854,0.299841496826381
141.443,0.115751459131595,0.294822206457447
141.444,0.117456296469314,0.290076110613398
141.445,0.119000710642383,0.284837919421747
141.446,0.120582529101813,0.279385284839397
141.447,0.122222067687082,0.274659306425349
141.448,0.123844080205452,0.2700159940728
141.449,0.125696916200418,0.265218443667306
141.45,0.125743441208725,0.260389793390744
141.451,0.127274387850803,0.255014594982201
141.452,0.128869698158558,0.249547617781997
141.453,0.131323350204818,0.245399010278164
141.454,0.132927135533884,0.241250402774331
141.455,0.134742526018202,0.235881548301821
141.456,0.136453614617963,0.229884802359251
141.457,0.138161396172262,0.224645446234184
141.458,0.139807166027412,0.219654333576491
141.459,0.141642156184679,0.214342252502591
141.46,0.143300185493029,0.209189257872983
141.461,0.144805220231303,0.214709704553926
141.462,0.146442443709963,0.220228270982591
141.463,0.146579535098248,0.225115174201098
141.464,0.149014166431021,0.230002077419606
141.465,0.150778089919401,0.235972896393991
141.466,0.152433146050007,0.242518199892118
141.467,0.154208932773462,0.248959820170943
141.468,0.156022088819338,0.255329412733859
141.469,0.157399009946433,0.26104514619874
141.47,0.159024263666484,0.266610627130513
141.471,0.160560633597937,0.272130999835924
141.472,0.162098226981501,0.277638358826124
141.473,0.164321235211956,0.282597667240938
141.474,0.165785054218955,0.287362505182912
141.475,0.16725186590733,0.293915732608746
141.476,0.16853667958538,0.302650639972511
141.477,0.169882919370644,0.306855854054544
141.478,0.171123033422992,0.310711749703296
141.479,0.172471551340927,0.316469142015665
141.48,0.173449453437643,0.32331813500435
141.481,0.173547236283881,0.329120476987927
141.482,0.174636909642356,0.334551622786746
141.483,0.176427874221534,0.339831012048446
141.484,0.176849439499973,0.345054474995264
141.485,0.178592055221679,0.351554680137116
141.486,0.179614570693244,0.358767062018046
141.487,0.180557367025492,0.364083290109419
141.488,0.181502169120903,0.369031889782039
141.489,0.182487776762979,0.373623219421665
141.49,0.183381455313967,0.378214549061292
141.491,0.184241845822455,0.384342314209616
141.492,0.184960375002791,0.391236599395688
141.493,0.185768833222827,0.396724460936967
141.494,0.187092522937618,0.40191032243422
141.495,0.187954470830153,0.407285310706265
141.496,0.188761476716901,0.412714391597172
141.497,0.18948381481939,0.418459605753175
141.498,0.190254447586966,0.424287700759193
141.499,0.191051591188967,0.42959553904217
141.5,0.191907966550829,0.434877927434198
141.501,0.192922578025852,0.439773075063373
141.502,0.193967736649939,0.444637209957711
141.503,0.194010704375891,0.450525297586885
141.504,0.195318723026665,0.456705267298738
141.505,0.196741706446243,0.462411817558159
141.506,0.19884676354132,0.467984275275839
141.507,0.200483710427083,0.473248375038703
141.508,0.201973649934288,0.478491244373099
141.509,0.203579476317102,0.483875597377707
141.51,0.204936201615959,0.489267916467335
141.511,0.206454584164148,0.494593853410841
141.512,0.207767672385048,0.499911653960132
141.513,0.209086481183566,0.505116782921667
141.514,0.210429260300978,0.510308762136924
141.515,0.212524728555051,0.514897523634124
141.516,0.213877410184921,0.519400401081153
141.517,0.215117077687248,0.525347731414437
141.518,0.216404967552886,0.532300290613164
141.519,0.216468435513402,0.537315422828066
141.52,0.217779651696263,0.541737868548163
141.521,0.219188601598128,0.547291566746578
141.522,0.220660470318028,0.553265425498597
141.523,0.222054970426175,0.558575224474577
141.524,0.2235383559607,0.563789277910246
141.525,0.225088808277391,0.567728159876836
141.526,0.227124237343735,0.571667041843426
141.527,0.228574126448219,0.577078682779368
141.528,0.229872319600473,0.583975698627074
141.529,0.231183062383814,0.589276548450593
141.53,0.232455231310328,0.593869631241204
141.531,0.233651413841776,0.598969444887081
141.532,0.234760275424039,0.604679138192819
141.533,0.235981677596838,0.60992188359604
141.534,0.236985095468699,0.614930359924788
141.535,0.238721735225318,0.619930117466468
141.536,0.23879106359685,0.62492437359188
141.537,0.239935269307633,0.629964499062146
141.538,0.240923410761584,0.635038017783138
141.539,0.242031741299082,0.64032713388502
141.54,0.243149965978,0.64582904798528
141.541,0.244336617269938,0.650853813351634
141.542,0.24535530736916,0.655671394581517
141.543,0.246661705518058,0.660592484354357
141.544,0.247690708702286,0.665578726871009
141.545,0.249529244557444,0.67082665349196
141.546,0.250603986912146,0.67624354351437
141.547,0.25177356627805,0.681370052700761
141.548,0.252987063611037,0.686401185864053
141.549,0.254169239174251,0.691205059021194
141.55,0.255316020407288,0.695927903175788
141.551,0.256585707985034,0.701402627142052
141.552,0.256619918622311,0.707361453094483
141.553,0.257788029884484,0.711927972733523
141.554,0.258779419603625,0.716294868345116
141.555,0.26046780806919,0.72038549283073
141.556,0.261590594277198,0.724476117316344
141.557,0.262663910392972,0.729062979040105
141.558,0.263759669637873,0.733811571916113
141.559,0.264859556594006,0.739346250049637
141.56,0.265867367245257,0.745954515547583
141.561,0.267022467803775,0.750539550989452
141.562,0.268472269840631,0.754242179072902
141.563,0.269545794427476,0.758986598946557
141.564,0.270510879983279,0.76447408004254
141.565,0.271646656275149,0.769619374624648
141.566,0.271705616408738,0.774653780278029
141.567,0.273857695909413,0.779284049460891
141.568,0.273978897337625,0.783810852713209
141.569,0.274402446644434,0.788384480216657
141.57,0.275381600672259,0.792981550671068
141.571,0.276217615771886,0.798015025667514
141.572,0.277606255685147,0.803397484383428
141.573,0.278510922385719,0.80829506909317
141.574,0.279372079524541,0.813091983162092
141.575,0.280255277916414,0.818132440994927
141.576,0.281096103953423,0.823004026864115
141.577,0.28191188733762,0.82660552740914
141.578,0.282738852446958,0.830207027954164
141.579,0.283534644338011,0.835199431016701
141.58,0.284234225637487,0.841019962557646
141.581,0.285376741671948,0.84605239426617
141.582,0.286134886525347,0.850839826205758
141.583,0.286887191395529,0.855388354070706
141.584,0.286899169489368,0.859904322088253
141.585,0.287638266493576,0.864699786067425
141.586,0.288342688672445,0.869512038412937
141.587,0.289130878964312,0.873922750693683
141.588,0.28978599892509,0.878333711837764
141.589,0.29045930015985,0.882784957201767
141.59,0.291373730745821,0.887236202565771
141.591,0.292096822652886,0.892073561744461
141.592,0.292730749139736,0.897039829503617
141.593,0.293324375629456,0.902667365259229
141.594,0.293827353402718,0.906838164378223
141.595,0.294363730772781,0.909941509072581
141.596,0.294874596251257,0.913893676325106
141.597,0.295366566515017,0.919879360695968
141.598,0.296019364812643,0.924824191240882
141.599,0.296071486273562,0.928807089398314
141.6,0.296858029904307,0.932920490843976
141.601,0.296922710452466,0.937089544104014
141.602,0.297273703011921,0.940983720465634
141.603,0.297712673595555,0.94471273030804
141.604,0.298077195554455,0.949068666233961
141.605,0.29842352573646,0.954944894942918
141.606,0.298757929725225,0.959630410584883
141.607,0.299209687115011,0.963362486314081
141.608,0.299571720421804,0.967412535831216
141.609,0.299856262475922,0.972453638692089
141.61,0.300131562525598,0.977104652903196
141.611,0.300389953335811,0.981226797313221
141.612,0.300593785748496,0.985615739982705
141.613,0.300814059354596,0.990522593607668
141.614,0.301009279829929,0.994747963723628
141.615,0.301198834702768,0.998531542136642
141.616,0.301360482616095,1.00250061261125
141.617,0.301528926693741,1.00681991324538
141.618,0.301531758593651,1.01114302830476
141.619,0.301768886896486,1.01547410257079
141.62,0.301907615175945,1.01987516484177
141.621,0.30204952278939,1.02443179076367
141.622,0.302128620287513,1.02898761725672
141.623,0.302220160376807,1.03354235635712
141.624,0.30226717523842,1.03780388002091
141.625,0.302284036511547,1.04186682216604
141.626,0.302304907055514,1.04593411780611
141.627,0.302306575064114,1.05000462315837
141.628,0.302301459309169,1.05431601837589
141.629,0.302282825586961,1.05884063846397
141.63,0.302282972581973,1.0630999413849
141.631,0.302264075387115,1.06723498924677
141.632,0.302245579421275,1.07082827231948
141.633,0.302225343165523,1.07413645686851
141.634,0.30222484492341,1.07806415256134
141.635,0.302193750639933,1.08467932325857
141.636,0.302160211016672,1.089103179987
141.637,0.302042893355387,1.09243272083502
141.638,0.302008378642451,1.09619987870279
141.639,0.30192855330339,1.10023620920899
141.64,0.30184515550099,1.10392583701822
141.641,0.301747088184686,1.10735310366469
141.642,0.301619794990556,1.11109231171426
141.643,0.301541393830351,1.11577261146895
141.644,0.301438169948502,1.12041000173788
141.645,0.301302237522852,1.12488803100227
141.646,0.301180080168709,1.12913370873543
141.647,0.300928203313568,1.1330581355148
141.648,0.300752364452471,1.136892977312
141.649,0.300625791828482,1.1405863164542
141.65,0.300484278500621,1.14446176054269
141.651,0.300475769991695,1.14885673803198
141.652,0.300475769991695,1.15292607594092
141.653,0.300134708416185,1.1566288651791
141.654,0.299958948425757,1.16058616799626
141.655,0.299757676092361,1.16500405361746
141.656,0.299537861138791,1.16896371235183
141.657,0.29921182232373,1.17257216256286
141.658,0.298951090061457,1.17628535000002
141.659,0.298714148631277,1.18012247925766
141.66,0.29849320453218,1.18399098770627
141.661,0.298234335619231,1.18789685775381
141.662,0.298033029795586,1.19178544556384
141.663,0.297778806451368,1.19565082571396
141.664,0.297567295011274,1.19951806106315
141.665,0.2971457842643,1.20338880074532
141.666,0.296921328527858,1.20724016067924
141.667,0.296650008321734,1.21104820324377
141.668,0.296632338990734,1.21484047464529
141.669,0.296368232457344,1.21857567160721
141.67,0.296084503073877,1.22252241147397
141.671,0.295803408909608,1.22750961957184
141.672,0.295569015242748,1.23128991815732
141.673,0.295257918761289,1.23432886440135
141.674,0.294988860143706,1.23750210581297
141.675,0.294688210280719,1.2407610042763
141.676,0.294255495813359,1.24469817586475
141.677,0.293993252959134,1.24979544352226
141.678,0.293699624693364,1.25372008496456
141.679,0.293413379400138,1.25680502633536
141.68,0.293106243390911,1.2601951488047
141.681,0.292846442849663,1.26382138990753
141.682,0.2925748647971,1.26744554770465
141.683,0.292282329055978,1.2710673449824
141.684,0.292262563058771,1.27471556070406
141.685,0.29200535579394,1.27840060628809
141.686,0.291543527777378,1.28203839771932
141.687,0.291254273033289,1.28561015762312
141.688,0.290956396241388,1.28924332988055
141.689,0.290704709526566,1.29300446720712
141.69,0.290435213802316,1.29673915308895
141.691,0.290183544678689,1.30042902355306
141.692,0.289878861417495,1.30398161017728
141.693,0.289650111510845,1.30737640039063
141.694,0.289369057867519,1.31087973781724
141.695,0.289067297441858,1.3145259283863
141.696,0.288668295385809,1.31805170255536
141.697,0.288374248266966,1.32143074657688
141.698,0.288101433428827,1.32500036623235
141.699,0.287819843500206,1.32895771785784
141.7,0.287527910694838,1.33260642737787
141.701,0.287280354493092,1.33600694021393
141.702,0.287263163001989,1.33930789543047
141.703,0.286953275599621,1.34250969629725
141.704,0.286730900764888,1.34580885288359
141.705,0.286434637709276,1.34932867119249
141.706,0.286012567973882,1.35285475981826
141.707,0.285688182661732,1.3563953909762
141.708,0.285405526952687,1.3599848372955
141.709,0.285134377421208,1.36364080302746
141.71,0.284846758936714,1.36700376919334
141.711,0.284556287948909,1.37017890308449
141.712,0.284276143075994,1.37320201455032
141.713,0.283999645671494,1.37610747523816
141.714,0.283706418594043,1.37941770518773
141.715,0.283296661674642,1.38399078075485
141.716,0.283272267544542,1.38780799633586
141.717,0.283272267544542,1.39081445483456
141.718,0.282725795603877,1.39404043604323
141.719,0.282426651583052,1.39735604863562
141.72,0.282123264022745,1.40034446968674
141.721,0.281805419245841,1.40320337825422
141.722,0.281531961576729,1.4063585337537
141.723,0.281087586291368,1.40993258377358
141.724,0.280779962570879,1.41350197777027
141.725,0.280493963051475,1.41706060338612
141.726,0.280215386708998,1.4203204844894
141.727,0.27991249104909,1.42334424726979
141.728,0.279603097863167,1.42653940128777
141.729,0.279278086473637,1.42993137721921
141.73,0.278990165209632,1.43279670402452
141.731,0.278646587147561,1.43533281207319
141.732,0.278363943776099,1.43817464296594
141.733,0.277886928485402,1.4430918612778
141.734,0.277589238106096,1.44644519331758
141.735,0.277287103976902,1.44866875737504
141.736,0.277272211976838,1.45133435537927
141.737,0.276910209217139,1.45539769695109
141.738,0.276602951009405,1.45905418173338
141.739,0.276265132483041,1.46201681774945
141.74,0.275947786099974,1.46490967174407
141.741,0.275596509522593,1.46775518423209
141.742,0.275242083619701,1.47071859849088
141.743,0.274670793713172,1.47379459347543
141.744,0.274293594331824,1.47687174867048
141.745,0.273902881180157,1.47995005194217
141.746,0.273509668846891,1.48302116102241
141.747,0.273140603538405,1.48608363941514
141.748,0.272763978058104,1.48920906066544
141.749,0.272375305931768,1.49241126733033
141.75,0.271964890822292,1.49541908956891
141.751,0.271585858835606,1.49827494645605
141.752,0.271576689641715,1.50119124349579
141.753,0.270941411720708,1.50418445586352
141.754,0.270522079999327,1.50715655326348
141.755,0.270082241081622,1.51009970809532
141.756,0.269664438874353,1.51313697430249
141.757,0.269258477796662,1.51635295548916
141.758,0.268778827351622,1.51907939877196
141.759,0.268357282589803,1.52143678528049
141.76,0.267865106462395,1.52424749307428
141.761,0.267400309764013,1.52892633797366
141.762,0.26664442687853,1.53163415379193
141.763,0.266166164345773,1.53367651170073
141.764,0.265727032951713,1.53628348563962
141.765,0.265212184834406,1.5395800014981
141.766,0.26472900896778,1.54262719273079
141.767,0.264691291749666,1.54554779399572
141.768,0.264194112455006,1.54835642160216
141.769,0.263654422842981,1.55110374988595
141.77,0.262890800469825,1.55351399115335
141.771,0.262306378769914,1.55570948443543
141.772,0.261731565865081,1.55799638888578
141.773,0.26116786864106,1.56250590749923
141.774,0.260598474046346,1.56566870203742
141.775,0.25998141346053,1.56773326546946
141.776,0.259445649115829,1.57019587570707
141.777,0.258927438248073,1.57311929292446
141.778,0.25835239943013,1.57595597761938
141.779,0.257735999212354,1.57872747136946
141.78,0.257068795314091,1.58127911147411
141.781,0.256087522045557,1.58367362738809
141.782,0.255473954390927,1.58634226660846
141.783,0.254895333250393,1.58982584758504
141.784,0.254856072336276,1.59278785339956
141.785,0.253527030697853,1.59514975852741
141.786,0.253492825421224,1.59753377283652
141.787,0.25284984358517,1.5999333596944
141.788,0.252172930488412,1.6025751635767
141.789,0.251496236017372,1.60568293796236
141.79,0.250829968680335,1.60838203509693
141.791,0.250206363836633,1.61077504623549
141.792,0.249086443294545,1.61340322699593
141.793,0.248364737832208,1.61629121441156
141.794,0.24763976890943,1.61866198260705
141.795,0.246854661270604,1.62083172347196
141.796,0.246127574117361,1.6232179051322
141.797,0.245394623621188,1.62589481170021
141.798,0.244642515606606,1.62858642253729
141.799,0.243874585019738,1.6313475153571
141.8,0.243160973266559,1.63414351350477
141.801,0.243098486807127,1.63700976618399
141.802,0.241201120607477,1.63930959292106
141.803,0.24108625509659,1.64108092725054
141.804,0.240352545163711,1.64324812064348
141.805,0.239618626327233,1.6470188784586
141.806,0.238910815212767,1.64968847721917
141.807,0.238079819069363,1.65169170598479
141.808,0.23733007159355,1.65391808785923
141.809,0.236577948657517,1.65627983976299
141.81,0.235771866622032,1.65839500214919
141.811,0.234989126561347,1.66034456892922
141.812,0.233857657958411,1.66249812843144
141.813,0.233015017199868,1.66572692082121
141.814,0.232148130550262,1.66872201409414
141.815,0.231305245539339,1.67139019464112
141.816,0.23055349800394,1.67374663433335
141.817,0.229683567948953,1.6758628939892
141.818,0.229640636669436,1.67807519581709
141.819,0.229640636669436,1.68031602904328
141.82,0.228230172125805,1.6826191279119
141.821,0.227393190228032,1.68494671753065
141.822,0.226599178406098,1.68720249469337
141.823,0.225150376155551,1.68942043176293
141.824,0.22425729433362,1.69145054584541
141.825,0.223439172024953,1.69334301792517
141.826,0.222628254164979,1.69546730652701
141.827,0.221798405552495,1.698431661176
141.828,0.220981931748526,1.70104378598288
141.829,0.22020898857284,1.70322800139438
141.83,0.219410047256288,1.70539529539714
141.831,0.21855322157421,1.70754004423292
141.832,0.217220701841375,1.70971616386789
141.833,0.216388631754913,1.71195717137154
141.834,0.215551466983152,1.71414205022971
141.835,0.214731422746163,1.71620899907449
141.836,0.214686282016545,1.71828468016903
141.837,0.213911942206733,1.72039763289006
141.838,0.213032398915453,1.72255153581482
141.839,0.212172957591259,1.72494297584204
141.84,0.21142484922233,1.72723142612614
141.841,0.210087908337371,1.72932908075964
141.842,0.209242337099434,1.73137441713812
141.843,0.208347370108572,1.733338509422
141.844,0.207502351781083,1.73532432288623
141.845,0.206698665105279,1.73735782466218
141.846,0.205848093365887,1.73945758835199
141.847,0.204953563205077,1.74175274216782
141.848,0.20367162733806,1.74389354249841
141.849,0.202771229667112,1.74581785864249
141.85,0.201968094316723,1.74785695195841
141.851,0.200997488865044,1.75027180239104
141.852,0.200292765762989,1.75234459582577
141.853,0.199442368594556,1.75407658782353
141.854,0.199382961455544,1.75592349017963
141.855,0.199382961455544,1.75787762700647
141.856,0.197850325881634,1.75990064308003
141.857,0.196944284938543,1.76200835040137
141.858,0.196100344969047,1.76402067814742
141.859,0.195304646443721,1.76592044063049
141.86,0.194112394288433,1.76789554551772
141.861,0.193181050255162,1.76995934578396
141.862,0.192372726946438,1.77189718082537
141.863,0.191462531188491,1.77377100362755
141.864,0.190647179149209,1.77563199386742
141.865,0.189765220259732,1.77748638332934
141.866,0.188980427174216,1.77933939805354
141.867,0.188164016207053,1.78119158189733
141.868,0.18733656673626,1.78303139486864
141.869,0.186534725732914,1.784862962964
141.87,0.185242194131156,1.78670220756699
141.871,0.184286838683113,1.78854727865114
141.872,0.184259930375625,1.79040683292105
141.873,0.183504540878641,1.79227813223307
141.874,0.182680030457744,1.79406775210395
141.875,0.181866594221268,1.79579110954155
141.876,0.18103257364168,1.79761507375044
141.877,0.180240603829498,1.79953232661039
141.878,0.179356046582767,1.80104197247072
141.879,0.178181193028236,1.80237690962467
141.88,0.177340230114581,1.80386265272948
141.881,0.17645566644287,1.80608159872002
141.882,0.175660044998073,1.80814588176725
141.883,0.174842663543371,1.80987193998261
141.884,0.174065228623856,1.8116842926507
141.885,0.173236716495713,1.81368152446752
141.886,0.1724061089432,1.81529900278552
141.887,0.171117306809652,1.81666997184779
141.888,0.17105110914446,1.81829194183564
141.889,0.170231140082404,1.82010675385348
141.89,0.169542547388128,1.82157515189568
141.891,0.168672303862733,1.82292790705222
141.892,0.167917009622527,1.82444368594045
141.893,0.167076743412456,1.82622779669452
141.894,0.165774533066282,1.82799421816424
141.895,0.164837273025047,1.82972159578044
141.896,0.164030438286351,1.8313378648175
141.897,0.163142517889695,1.83286114922907
141.898,0.16230858051579,1.83439505478788
141.899,0.161476689256178,1.83593810338687
141.9,0.160718057946709,1.83746884464021
141.901,0.159831815584235,1.83898721321001
141.902,0.158951328647012,1.84049303238997
141.903,0.158129186153739,1.84198139542103
141.904,0.158110888016037,1.84349170145563
141.905,0.157280161776748,1.84504255404911
141.906,0.155939648593647,1.84657228054432
141.907,0.154996412789285,1.84806504484333
141.908,0.154100038287888,1.84953314684549
141.909,0.153325316574182,1.85095013184382
141.91,0.152425758872054,1.85238387530677
141.911,0.151599028087552,1.85385218042942
141.912,0.150785737951733,1.85534836700919
141.913,0.149819211210665,1.85688206759551
141.914,0.148951989733939,1.85827406429396
141.915,0.147547211824016,1.85958647632876
141.916,0.146565907455084,1.86095439268568
141.917,0.145809050625328,1.86236243234125
141.918,0.144931619227303,1.86373856173364
141.919,0.144002704401825,1.86509055561484
141.92,0.14310200438739,1.86639693209438
141.921,0.143054543972557,1.867666407797
141.922,0.142147911610707,1.8690008671863
141.923,0.14078419777729,1.87042741268766
141.924,0.139920502594505,1.87183510431838
141.925,0.139016089024538,1.87322826765985
141.926,0.138155386120481,1.87431637103611
141.927,0.137191300581823,1.87528898793543
141.928,0.136287037724395,1.8763537157428
141.929,0.13530631117415,1.87795956252445
141.93,0.134416879099837,1.87942959008333
141.931,0.13353065774189,1.88063418372398
141.932,0.132198196152386,1.88182796409393
141.933,0.131210444581456,1.88299856748284
141.934,0.131190375799974,1.88417121052428
141.935,0.130147526259854,1.88534975767456
141.936,0.129276363043542,1.88656995696763
141.937,0.128293861101084,1.88794079172215
141.938,0.127362395606826,1.88919572417818
141.939,0.126421721757161,1.89028655495023
141.94,0.125553913029321,1.89143339556423
141.941,0.124654243134958,1.8927147924676
141.942,0.123243912336008,1.89389585799708
141.943,0.122221415031193,1.89497574813399
141.944,0.121282545795548,1.89602574756034
141.945,0.120309857421116,1.89704186747474
141.946,0.119478064226069,1.89808430169238
141.947,0.118521648546907,1.8991786104976
141.948,0.117650930656974,1.90027992827399
141.949,0.116749445370648,1.90139883375976
141.95,0.115298378097945,1.90255022434782
141.951,0.114105182481106,1.90377542753562
141.952,0.114057629230665,1.9047988046139
141.953,0.113343464977259,1.90561295760741
141.954,0.112421897100113,1.90647394689633
141.955,0.111553354554441,1.90749166714797
141.956,0.110664769688639,1.90854077266149
141.957,0.10967110697521,1.90971434845305
141.958,0.108785432745276,1.91078192227204
141.959,0.107807286476685,1.91172611143827
141.96,0.106928723069365,1.91264760701734
141.961,0.105451194014915,1.91354100006256
141.962,0.104499812233785,1.91446416106012
141.963,0.103567153634721,1.91543141372228
141.964,0.102628814619746,1.91626003383548
141.965,0.101740225050206,1.91698174033884
141.966,0.100912214671422,1.91775566943807
141.967,0.0999347021760034,1.9191377956515
141.968,0.0989902603607397,1.92012325974125
141.969,0.0989387423158306,1.92080554111913
141.97,0.0989387423158306,1.92159965155782
141.971,0.0967976285171849,1.92252285434694
141.972,0.0958292418347897,1.92336329320448
141.973,0.0949116775659647,1.92415537657427
141.974,0.0939051998257446,1.92489257284622
141.975,0.0930976012470485,1.92558980493122
141.976,0.0921735340650895,1.92636075292341
141.977,0.091329401507379,1.92731940876649
141.978,0.0904603931302062,1.92819422328535
141.979,0.0895484758779829,1.92891660071265
141.98,0.0886736016973214,1.92967235778338
141.981,0.0871731296363879,1.93050638856338
141.982,0.0871513104233449,1.93126084973603
141.983,0.0854696562705638,1.93192937866214
141.984,0.0846173394979804,1.93263371752525
141.985,0.0845455382395502,1.93342239158917
141.986,0.0837089138729842,1.93417024891301
141.987,0.0828392412335771,1.93487098238686
141.988,0.0819539035955384,1.93555233848413
141.989,0.0810464318736893,1.93621103377348
141.99,0.0802560070931374,1.93686151780075
141.991,0.0793582066962198,1.93750135148889
141.992,0.0781307541959803,1.93815498585519
141.993,0.07712154480407,1.93882965666087
141.994,0.0763027643440576,1.939395756534
141.995,0.07543057351803,1.93987707469991
141.996,0.0745774783845788,1.94039056283115
141.997,0.0737281577736003,1.94131458997866
141.998,0.072819868763189,1.9420070806759
141.999,0.0719375543055887,1.94247526013932
142,0.0710720043599953,1.94298779185623
142.001,0.0710278801992125,1.94355102846539
142.002,0.0702490463125006,1.94410042330993
142.003,0.068889629245852,1.94463564855913
142.004,0.0680530936359199,1.94516452067058
142.005,0.0672944031608168,1.94568604718862
142.006,0.0664825199113411,1.94621119265817
142.007,0.0656948447357106,1.94674089387819
142.008,0.0648289229841662,1.94722452349917
142.009,0.0638911932980043,1.94767584563914
142.01,0.0628271101508916,1.94812252184759
142.011,0.0618661215374842,1.94856455605735
142.012,0.0610635739212003,1.949016240953
142.013,0.0602214726407279,1.94947929557275
142.014,0.0594054489654753,1.94995752707835
142.015,0.0585232555470809,1.95045251762255
142.016,0.0576917029723117,1.95079676247182
142.017,0.0568631127251404,1.95108070429314
142.018,0.0560443880943003,1.95139791933694
142.019,0.055273675465095,1.95200986866571
142.02,0.0552103845179638,1.9524413127096
142.021,0.0545150302912366,1.95273951610439
142.022,0.0532156760478339,1.95305226359237
142.023,0.0523979703254421,1.95337855681787
142.024,0.0516021379732597,1.9537022683451
142.025,0.0508041890732137,1.95402277497811
142.026,0.0500061786888987,1.95431664666147
142.027,0.0491464441710513,1.95457219904362
142.028,0.0483235692905876,1.95484637355125
142.029,0.0474881041774208,1.95528127083191
142.03,0.0466706609061548,1.9555863818132
142.031,0.0458265837146329,1.95579727238037
142.032,0.0446395262319342,1.95602878158602
142.033,0.0437972629424582,1.95627809564898
142.034,0.0437586950801291,1.95651173057575
142.035,0.0437586950801291,1.95673201448
142.036,0.0423316189519124,1.95695618492513
142.037,0.0415015802670903,1.95718488049348
142.038,0.0406753992185079,1.95737889140105
142.039,0.0399155235755899,1.95755385651048
142.04,0.0390543331392674,1.95772977013074
142.041,0.0381533297112538,1.9579067192927
142.042,0.0370410533867683,1.95806368489374
142.043,0.0363225389882528,1.95820819417353
142.044,0.0355881249395088,1.95832977249846
142.045,0.0347072870952397,1.9584360299831
142.046,0.0338710052614032,1.95855136758733
142.047,0.0330665063270362,1.95870264339606
142.048,0.0322571215081403,1.95881487918837
142.049,0.031455951473769,1.95888335445125
142.05,0.0306388041210121,1.95895322380884
142.051,0.029460512814092,1.95902577608818
142.052,0.0286859857923535,1.9590902306449
142.053,0.0280509746258822,1.95913938843243
142.054,0.0272920922680834,1.95918238704939
142.055,0.0272143478297256,1.95921111371794
142.056,0.0263883064383744,1.95923522274122
142.057,0.0255008274288286,1.95924700505163
142.058,0.0246433089282043,1.95924475658298
142.059,0.0238124090590593,1.959237491527
142.06,0.0230205321250153,1.95922062311242
142.061,0.0222341114367535,1.95919743885299
142.062,0.0210192637727227,1.95916404141849
142.063,0.0202287296196767,1.95910888550184
142.064,0.0194675300420845,1.95905018562536
142.065,0.0186174456946818,1.95898189226022
142.066,0.0178259278933853,1.95890895771758
142.067,0.017047134157692,1.95882167382171
142.068,0.0170002527553151,1.95872596199447
142.069,0.016189267466013,1.95860199621284
142.07,0.0154101802410668,1.95848186699145
142.071,0.0145726212696998,1.9583661691363
142.072,0.0133798758294006,1.95823768771891
142.073,0.0126579960986462,1.95807983352121
142.074,0.0118239481523196,1.95791963938913
142.075,0.0110480191749764,1.95775687921005
142.076,0.0102739107988977,1.95758510441776
142.077,0.00944256735377114,1.95740126963637
142.078,0.00869825854905526,1.95721078764497
142.079,0.00785741751482749,1.95701089004928
142.08,0.00703785454861994,1.95679362737208
142.081,0.00627831967558123,1.95654197578239
142.082,0.00507358830162707,1.95632274815141
142.083,0.00431002617329745,1.95612946572149
142.084,0.00348301379526184,1.95592481358982
142.085,0.00346529988423783,1.95551819645956
142.086,0.00271152705896405,1.95519689294048
142.087,0.00188902604641761,1.95496541335345
142.088,0.0011490792034039,1.9546929193417
142.089,0.000259628866566719,1.95437006979961
142.09,-0.000525692543847378,1.95406733749621
142.091,-0.00133107666476406,1.95377765064128
142.092,-0.00207906287858284,1.95345544618008
142.093,-0.00329159856438244,1.95307567239727
142.094,-0.00408119316257782,1.95271862541168
142.095,-0.00483488448203551,1.95237828083254
142.096,-0.00562564652929798,1.95201726581656
142.097,-0.00635121272201011,1.95163878173971
142.098,-0.00715587052493938,1.95124548099805
142.099,-0.00798419912556858,1.95083991577551
142.1,-0.00812801062942003,1.95043368630447
142.101,-0.00984677816534851,1.9500268046672
142.102,-0.00996020814071896,1.94958311198121
142.103,-0.0106874245763561,1.94909627379852
142.104,-0.011431104106308,1.94863879721084
142.105,-0.0122231211290856,1.94819579115875
142.106,-0.0129821523326462,1.94778335389931
142.107,-0.0137776449595554,1.94738791896166
142.108,-0.0145765522717157,1.94694433918003
142.109,-0.0153097166617898,1.94638836284122
142.11,-0.0160914238583304,1.94582039877555
142.111,-0.0169710203886052,1.94521930545359
142.112,-0.0179614002145844,1.94466807662264
142.113,-0.0186847730013416,1.94415799394717
142.114,-0.0194512627757099,1.94367374711493
142.115,-0.0202140688656106,1.94322110118501
142.116,-0.0209698335093632,1.94273833557368
142.117,-0.021706766297359,1.94201121434234
142.118,-0.022463874990554,1.94131158183006
142.119,-0.0232569240855171,1.94067511126513
142.12,-0.0243749733162796,1.94006718472067
142.121,-0.0251659572924217,1.93948426967813
142.122,-0.025305314912006,1.93884823750082
142.123,-0.0253115514052492,1.93816929618221
142.124,-0.0265981640779314,1.93759216047796
142.125,-0.0273187503329476,1.93704857410182
142.126,-0.028038291244147,1.93637539074757
142.127,-0.0288165812844013,1.93555266504666
142.128,-0.0294794922647281,1.9348178418586
142.129,-0.0302344278974479,1.93414665877876
142.13,-0.0309437127177351,1.93347346438974
142.131,-0.0319985036800748,1.93279872707732
142.132,-0.0327000539678196,1.93209914085844
142.133,-0.033349354168518,1.93137588508353
142.134,-0.0340607959821432,1.930639633676
142.135,-0.034802696106322,1.92988895593265
142.136,-0.0354201500434962,1.92918126926713
142.137,-0.035470983204573,1.92852352228747
142.138,-0.0361672956960494,1.92780134624427
142.139,-0.0368453752202761,1.92669541254507
142.14,-0.0375301503662518,1.92573957477559
142.141,-0.0386077072819527,1.92499061671568
142.142,-0.0392739784162639,1.92420370885068
142.143,-0.039929903255109,1.92339196480607
142.144,-0.0405965773066544,1.92258170139321
142.145,-0.0413042445483066,1.92177259463541
142.146,-0.0420023223130316,1.92091172015172
142.147,-0.0426737415973967,1.91999406944452
142.148,-0.0433295951680911,1.91911488983613
142.149,-0.0442993849495036,1.91825771887689
142.15,-0.0449082686179677,1.91732155172032
142.151,-0.0449491292667815,1.91632878816555
142.152,-0.0449491292667815,1.91541093436334
142.153,-0.0462468534681572,1.91451662702794
142.154,-0.0468791804944816,1.91368164162718
142.155,-0.0476340045987885,1.91286762761278
142.156,-0.04827215129781,1.91194114734242
142.157,-0.0489410507679685,1.91086857628905
142.158,-0.0495439757605836,1.90983357284497
142.159,-0.0504249991768041,1.90886959345183
142.16,-0.0510582704200345,1.90785362426777
142.161,-0.0517389280824648,1.90673775374042
142.162,-0.0522875126951291,1.90569495009242
142.163,-0.0529655030396162,1.90470670682571
142.164,-0.0535611743340422,1.90369363976643
142.165,-0.0541967469759669,1.90266182963526
142.166,-0.0548158264274582,1.90161015145562
142.167,-0.0557942859006745,1.90054259870301
142.168,-0.0563830345824653,1.89947151500217
142.169,-0.0564274292275141,1.89839740070864
142.17,-0.0570232575703983,1.89730807848403
142.171,-0.0575734603179859,1.89620195368902
142.172,-0.0581623794462817,1.89509126765698
142.173,-0.0587766902371376,1.89397518018209
142.174,-0.0593375634837213,1.89285844911508
142.175,-0.0599469573343516,1.89174079666409
142.176,-0.0605552008641034,1.89057977454607
142.177,-0.0613602971547861,1.88933933770307
142.178,-0.0619962321070319,1.88823369046063
142.179,-0.0625958858912721,1.88724824685247
142.18,-0.0631478860811771,1.8860282055003
142.181,-0.0637221035248058,1.8841124833155
142.182,-0.0642805260354463,1.88292359689628
142.183,-0.0648934779573226,1.88194898662078
142.184,-0.064938057869156,1.88081857109339
142.185,-0.0654991290953447,1.87963102233002
142.186,-0.0663338523242901,1.87841971764911
142.187,-0.0669595934246253,1.87719446297054
142.188,-0.0675360813271466,1.87603728009448
142.189,-0.0681127354544165,1.87492936861256
142.19,-0.0686947522185081,1.87358720369134
142.191,-0.0692708883201033,1.87161344380324
142.192,-0.0698268382821949,1.8704017468602
142.193,-0.0704070172414871,1.86953652520194
142.194,-0.0709467165468648,1.86852190723222
142.195,-0.0715506318768889,1.86683216802782
142.196,-0.0722615474524529,1.8652813256338
142.197,-0.0728068652337551,1.86399542804104
142.198,-0.0732749084866862,1.86264717454606
142.199,-0.073821451908176,1.86115357263967
142.2,-0.0743721318446877,1.85971513442542
142.201,-0.074894267756802,1.85833816388041
142.202,-0.0749204358217875,1.85684022248773
142.203,-0.0754632475523761,1.85520469790595
142.204,-0.0759671786923256,1.85394965187411
142.205,-0.0765287803946694,1.85290321303561
142.206,-0.0771259825515608,1.85160261319979
142.207,-0.0778296653929665,1.84990680002962
142.208,-0.0783574363516228,1.84826987652868
142.209,-0.0788356367816013,1.84675659020922
142.21,-0.079332847502851,1.84519032791532
142.211,-0.0797551537352664,1.84352261348606
142.212,-0.0802855208311449,1.84208006988628
142.213,-0.0807874818341249,1.84085072060233
142.214,-0.0814742567084659,1.83958090390472
142.215,-0.0818180754666511,1.83826677545628
142.216,-0.082565741285079,1.83685928813172
142.217,-0.0830788066713505,1.83503440724483
142.218,-0.083601336725654,1.8331577852376
142.219,-0.0836135290122516,1.83096833489632
142.22,-0.0840604709437931,1.82936514210102
142.221,-0.0845908872965139,1.82808544075717
142.222,-0.0850722598947747,1.82659466286954
142.223,-0.0855988802023077,1.82496146843974
142.224,-0.086085306728097,1.82332718395955
142.225,-0.0865393666543125,1.82169215933471
142.226,-0.0871647751713631,1.82006468301385
142.227,-0.0876075836955149,1.81844332430471
142.228,-0.088057862129984,1.81681408386885
142.229,-0.0885362168369487,1.81517548312611
142.23,-0.0889582830250853,1.81353145040302
142.231,-0.0893495509719301,1.81188080719703
142.232,-0.0898406989684725,1.81022716444575
142.233,-0.0902352023528731,1.80856893559464
142.234,-0.0905848643629237,1.80681349191933
142.235,-0.0910064336742943,1.80485569820035
142.236,-0.0915703256124607,1.8030342478681
142.237,-0.0916195948082719,1.8013199313489
142.238,-0.0919917110685137,1.79960379728853
142.239,-0.0924058416077127,1.79788564678005
142.24,-0.0928579932329979,1.79615967952552
142.241,-0.0932895675251934,1.79442259912878
142.242,-0.0936909554569635,1.7926141926284
142.243,-0.0941242992008947,1.79066696184756
142.244,-0.0945252017032558,1.78895724547807
142.245,-0.0948935897101173,1.78747268363166
142.246,-0.0953913376076894,1.78585994485173
142.247,-0.0957752265420174,1.7835403000816
142.248,-0.09609178514142,1.78138148984232
142.249,-0.0964460505066247,1.77957861621514
142.25,-0.0968014799817981,1.77769634160082
142.251,-0.097124686891478,1.77565794330745
142.252,-0.097507736946591,1.77373697484211
142.253,-0.0978279372673804,1.77190332162667
142.254,-0.0978363098838898,1.77019180728056
142.255,-0.0981394349170394,1.76857365301345
142.256,-0.098555504120291,1.76681151950354
142.257,-0.0988257934215114,1.76457954333945
142.258,-0.0991637087140836,1.76234923326514
142.259,-0.0994818055151513,1.76012456351386
142.26,-0.0997882529055402,1.75805805277281
142.261,-0.100079492877062,1.7561812346497
142.262,-0.100382112209227,1.75431435634863
142.263,-0.100746306536998,1.75246095140733
142.264,-0.101039510917696,1.75054807918089
142.265,-0.101311288942406,1.74851680096114
142.266,-0.101600826596366,1.74648760458726
142.267,-0.101976719869224,1.74446288743929
142.268,-0.102228075726804,1.74242221874259
142.269,-0.102248164355099,1.74034263715764
142.27,-0.102511912183692,1.73826983189677
142.271,-0.102527726005667,1.73621553495631
142.272,-0.102974392570163,1.73411005711135
142.273,-0.103244751892566,1.73183885517386
142.274,-0.103501497621664,1.72950940102623
142.275,-0.103706867600219,1.72703732078445
142.276,-0.10393241783714,1.72506869534503
142.277,-0.10420994940856,1.72354741824078
142.278,-0.104382994835807,1.72171420057437
142.279,-0.10457212337704,1.71895218505483
142.28,-0.104730508435464,1.71653399416626
142.281,-0.104911769721827,1.71452341942428
142.282,-0.105082665028847,1.71246231937354
142.283,-0.105364076114456,1.71029881526544
142.284,-0.105510849161531,1.70812439578299
142.285,-0.105674978445703,1.7059252726628
142.286,-0.10580597516614,1.70364010039941
142.287,-0.105813135641483,1.70112353309068
142.288,-0.106015932972011,1.69851639228413
142.289,-0.106173419713166,1.69581208935794
142.29,-0.106309061284866,1.69374218193733
142.291,-0.106461897771862,1.69190286900073
142.292,-0.106594740436036,1.68991183592939
142.293,-0.106729583382149,1.68784449960711
142.294,-0.106876185493406,1.6855334877718
142.295,-0.107039901200489,1.68294131742722
142.296,-0.107172336984383,1.6804001669724
142.297,-0.10728493994405,1.67792583518115
142.298,-0.107365714145935,1.67583926566083
142.299,-0.107461341413099,1.67403906063617
142.3,-0.107567390395169,1.67215033392931
142.301,-0.107630258220471,1.66842835434128
142.302,-0.107681944394418,1.66573624609829
142.303,-0.107772747350504,1.66381124592857
142.304,-0.107776809826973,1.66157544825828
142.305,-0.107839292205395,1.65906309574008
142.306,-0.107910509400846,1.65660238330969
142.307,-0.107964851892876,1.65418239412204
142.308,-0.108034056013603,1.65176167900381
142.309,-0.108067625646266,1.64934030370607
142.31,-0.108159617348598,1.64681112575511
142.311,-0.10819246796266,1.64414510847386
142.312,-0.108234911283038,1.64158324536513
142.313,-0.108279942067657,1.63908868817977
142.314,-0.108335602386347,1.63681718449717
142.315,-0.108381447035053,1.63468630863369
142.316,-0.108404330665756,1.63230399661602
142.317,-0.108422003264731,1.6294667882261
142.318,-0.108465441908446,1.6266964304417
142.319,-0.108487979200493,1.62404606618703
142.32,-0.10848986706205,1.62149384600103
142.321,-0.10848986706205,1.61904022695232
142.322,-0.10853790917287,1.61639324364618
142.323,-0.108568334431071,1.61353850026298
142.324,-0.108585403862119,1.61124888309615
142.325,-0.10859492276194,1.60916585198275
142.326,-0.108603104017078,1.60676201284938
142.327,-0.108605662969222,1.60368455236349
142.328,-0.108613871316081,1.60090875165383
142.329,-0.108608029419004,1.59864510929381
142.33,-0.108589507090523,1.59622023694862
142.331,-0.108556985165142,1.59261034603864
142.332,-0.108460505621226,1.5894397797149
142.333,-0.108410475020182,1.58718485823693
142.334,-0.108376157707216,1.58486052631082
142.335,-0.108328950461713,1.58238123454927
142.336,-0.108326507874375,1.57989672810848
142.337,-0.108269418200665,1.5762749400049
142.338,-0.108195797461073,1.57311521092759
142.339,-0.108140538575586,1.57067965918206
142.34,-0.108032007188691,1.56812097883356
142.341,-0.107945233769222,1.56538008772092
142.342,-0.107766261630689,1.56254161807751
142.343,-0.10766815112171,1.55945299106907
142.344,-0.107570878024194,1.55656628454086
142.345,-0.107443367215611,1.55389228880104
142.346,-0.107314734434136,1.5512549575378
142.347,-0.107191710014752,1.54865941461709
142.348,-0.107049872254394,1.54597651885293
142.349,-0.106891112589036,1.54313652281227
142.35,-0.106773698778336,1.54028351328716
142.351,-0.106517994386517,1.5374048172255
142.352,-0.106579472362545,1.53442180606594
142.353,-0.106581553332497,1.53120262244905
142.354,-0.106189986740118,1.52828987351048
142.355,-0.106000454925451,1.52572093263022
142.356,-0.105827853508953,1.5230758657618
142.357,-0.105594575077627,1.52010029500722
142.358,-0.105421924250767,1.51706490011087
142.359,-0.105223028580473,1.51371695072622
142.36,-0.105004059571107,1.51057699464078
142.361,-0.104607065296483,1.50779390185591
142.362,-0.104403840870775,1.50488210937884
142.363,-0.104131085206862,1.50164919655882
142.364,-0.103844532148166,1.49857468223771
142.365,-0.103609475166582,1.49565285484418
142.366,-0.103319629995804,1.49271070778818
142.367,-0.103032180369488,1.48974612296693
142.368,-0.102717303462861,1.48673745521794
142.369,-0.102696370139438,1.48367237579709
142.37,-0.102431141816443,1.48066613601115
142.371,-0.102108824168714,1.47773858462964
142.372,-0.101579045219837,1.4747697179837
142.373,-0.101280205217471,1.47170753029236
142.374,-0.100979581466921,1.46860371368154
142.375,-0.100651570616081,1.46539414274313
142.376,-0.100272503585819,1.46214269451643
142.377,-0.0999909947737826,1.45877128313722
142.378,-0.0996382695007197,1.45558277592563
142.379,-0.0992791966592327,1.45260702751722
142.38,-0.0989203128071671,1.44950446030925
142.381,-0.0982920747493944,1.44624971320262
142.382,-0.0979220824770032,1.44305612489347
142.383,-0.0974684549882635,1.43991189241114
142.384,-0.097067302017137,1.43670124768108
142.385,-0.0970457540780879,1.43342875229935
142.386,-0.0970457540780879,1.43033515861118
142.387,-0.0970457540780879,1.42742457523688
142.388,-0.0958754563013097,1.42418036094725
142.389,-0.0953367042042724,1.41968850595298
142.39,-0.0948885534182125,1.41643707362766
142.391,-0.0943787070007628,1.4137532468803
142.392,-0.0939862998814077,1.41074148773988
142.393,-0.0932384819700383,1.40753550441488
142.394,-0.0927960814510291,1.40459289371414
142.395,-0.0923004066103862,1.40185903458027
142.396,-0.0918464669889968,1.3987955701589
142.397,-0.0913767229028861,1.39446787856376
142.398,-0.0908732351471283,1.39061684788966
142.399,-0.0903659360735402,1.3873721841777
142.4,-0.0897881798213259,1.38413347531286
142.401,-0.0897397121320805,1.38090222825279
142.402,-0.0883889444849608,1.37759405010873
142.403,-0.0883417595489288,1.37412505588454
142.404,-0.0878152616959144,1.37071034202899
142.405,-0.0873091954867434,1.36740610806778
142.406,-0.0867231783338154,1.36396927036071
142.407,-0.0861425436352908,1.36005278879084
142.408,-0.08563292211297,1.35652595173517
142.409,-0.0850144875206588,1.35364054559123
142.41,-0.0843936096891772,1.35037228970119
142.411,-0.0834978613349601,1.34645531028323
142.412,-0.082887659989171,1.34290438256116
142.413,-0.0822596897004203,1.33958544902436
142.414,-0.0816615907476207,1.33648824886031
142.415,-0.0810403576968025,1.33352730944345
142.416,-0.0804101695527177,1.33018141095187
142.417,-0.079790207058723,1.32610728610831
142.418,-0.0791813963841145,1.32220924445241
142.419,-0.0784837495517463,1.31869886451622
142.42,-0.0778408829717311,1.31519459900468
142.421,-0.0778086888572908,1.31170419737764
142.422,-0.0768969841687888,1.30819542648534
142.423,-0.0761593923820471,1.30464295523187
142.424,-0.0755109873502623,1.30100178278994
142.425,-0.0748006112389072,1.29715564911306
142.426,-0.0740912968900401,1.29343820520502
142.427,-0.0733526079728642,1.28987623203129
142.428,-0.072716433983082,1.28620038718681
142.429,-0.0719512992008696,1.28240221918119
142.43,-0.0712122558238253,1.27902471945488
142.431,-0.0700887719493437,1.27586915544623
142.432,-0.0693887353761666,1.2724758332811
142.433,-0.0686254280787174,1.26874527423893
142.434,-0.067898949585716,1.26496000631953
142.435,-0.067150050172163,1.26104847153229
142.436,-0.0663639924680006,1.25719854394971
142.437,-0.0655543651080158,1.25347059087993
142.438,-0.0654950168942404,1.24950163650882
142.439,-0.0647858983868467,1.24498096796516
142.44,-0.0635372119859859,1.24136002624876
142.441,-0.06278255056149,1.23824811691859
142.442,-0.0620545565447047,1.23516651707149
142.443,-0.0612234713582592,1.23210383666071
142.444,-0.0604367806312723,1.22880962007285
142.445,-0.0595718222157379,1.22393165614755
142.446,-0.0587651665921743,1.21931136754569
142.447,-0.0579517145146479,1.21525867992203
142.448,-0.0566965374127195,1.21140198989246
142.449,-0.0558109888753652,1.20772361994815
142.45,-0.0549444707986492,1.2037758293122
142.451,-0.0548983734839644,1.19957928609004
142.452,-0.0534521738658821,1.19578360785604
142.453,-0.0524683308017491,1.19210386105888
142.454,-0.0525057936185941,1.18825503544885
142.455,-0.0525107819088666,1.18434799240029
142.456,-0.0507317281370224,1.18045695918691
142.457,-0.049868488271349,1.17657123618013
142.458,-0.0490420080107645,1.1731837836481
142.459,-0.0481166863969379,1.16996806461837
142.46,-0.0467786009114194,1.1661284842376
142.461,-0.0458386731939049,1.16087461079606
142.462,-0.044954034343878,1.15651198025791
142.463,-0.0440144745124631,1.15283575007933
142.464,-0.043057686494656,1.14910526630925
142.465,-0.0421122239109605,1.14532275397092
142.466,-0.041188165921468,1.14132719872335
142.467,-0.0402706395711331,1.13704511423151
142.468,-0.0393610309846174,1.13298217642901
142.469,-0.0379348856818521,1.12907233437754
142.47,-0.0374791756244396,1.12541475580865
142.471,-0.0359244722433085,1.12194251600957
142.472,-0.0358795788736544,1.11804606500036
142.473,-0.0349566267379672,1.1132592433391
142.474,-0.0340051517358079,1.10855075557759
142.475,-0.0330634289550417,1.10400356424748
142.476,-0.0321183494832317,1.09992575924199
142.477,-0.0311442295055483,1.09629695447032
142.478,-0.0301603043843944,1.09279835967904
142.479,-0.0286468229081266,1.08936306301049
142.48,-0.0276791870479471,1.08533656792265
142.481,-0.0267320042367482,1.08021776780832
142.482,-0.0256514093450618,1.07569583639998
142.483,-0.0245599176498633,1.07176040459892
142.484,-0.0235762264945955,1.06772800313144
142.485,-0.0224471708679762,1.0635889195712
142.486,-0.0224156617775217,1.05942548925141
142.487,-0.0214132383356317,1.05523427140947
142.488,-0.0204885187245417,1.05101381865421
142.489,-0.0193799708121213,1.04675449184587
142.49,-0.0178618445552846,1.04256246944361
142.491,-0.0166668049621487,1.03846794224509
142.492,-0.0156886642402631,1.03430467556916
142.493,-0.0145859930899136,1.03001111438289
142.494,-0.0135245343104234,1.02557936347076
142.495,-0.0124846898882126,1.02085904631182
142.496,-0.0114603089590485,1.01647086643667
142.497,-0.0103417967292602,1.01234926610659
142.498,-0.00935520648674804,1.00822078710614
142.499,-0.00770200196699034,1.00408605103563
142.5,-0.00758882410357853,0.999931418657593
142.501,-0.00540420113020212,0.995758349485459
142.502,-0.00427379302199682,0.991422122059381
142.503,-0.00420967670000783,0.986783711125787
142.504,-0.00309726319589332,0.981943176329796
142.505,-0.00198254099589568,0.976708675262829
142.506,-0.000901315048692175,0.972371746606921
142.507,0.000227559186886883,0.968746209100467
142.508,0.00134926988919803,0.964612830987084
142.509,0.00259013727490742,0.959951500471684
142.51,0.00438180918946662,0.95547294640898
142.511,0.00563578171309753,0.951207793753526
142.512,0.00663188977748763,0.946736696537865
142.513,0.00779191680780589,0.941985076917868
142.514,0.00891315354328226,0.937479560425893
142.515,0.0101323157447893,0.933153382859108
142.516,0.0112339393550428,0.928804854519989
142.517,0.0112963326475933,0.924438353762546
142.518,0.0142840057447385,0.919980477380525
142.519,0.0144485592040132,0.915409624253293
142.52,0.0154201944532762,0.910785238677136
142.521,0.0167358365543478,0.9060924292174
142.522,0.0179695436420128,0.90158155458394
142.523,0.0191880291899124,0.897315126688506
142.524,0.0203625954500221,0.892963695199324
142.525,0.021459997700261,0.888400478741146
142.526,0.0226216838029903,0.883836072840401
142.527,0.0239436033461681,0.879268049691315
142.528,0.0252772610076765,0.874588605135024
142.529,0.0271906195448307,0.869479379021188
142.53,0.0283404260149461,0.864680881804686
142.531,0.0290943875030073,0.86029405301309
142.532,0.0308014332879553,0.855847519772268
142.533,0.0321464456189543,0.851284677989993
142.534,0.0334084280033425,0.84671161964405
142.535,0.0346385058672359,0.842115747579407
142.536,0.0347162166587317,0.837520850250609
142.537,0.0359033684523148,0.83292905046336
142.538,0.0372445074294169,0.828135748475494
142.539,0.0385450600942583,0.822072956530889
142.54,0.0397868012884656,0.817136880350938
142.541,0.0415669922302077,0.813265849888748
142.542,0.0429295597762923,0.80891201266983
142.543,0.0442604814195567,0.804028851710264
142.544,0.0454621802135654,0.799059222797109
142.545,0.0466756674003643,0.793981325176632
142.546,0.0479210487277888,0.789201693673968
142.547,0.049853387990422,0.78462380675317
142.548,0.0505273175384408,0.780543953585375
142.549,0.0524463123578999,0.776796119753183
142.55,0.0537773296261669,0.772656111199074
142.551,0.0550247959241089,0.76480832720575
142.552,0.056204605256014,0.759388706456466
142.553,0.0576458655903284,0.755734113034969
142.554,0.0577076252512221,0.751700733186484
142.555,0.0577076252512221,0.746608902176735
142.556,0.06011373242646,0.741560390820636
142.557,0.0616308477760784,0.736686675731401
142.558,0.0629124105786228,0.731690943172373
142.559,0.0648921658097723,0.725925056164152
142.56,0.0662718973116393,0.720499431093826
142.561,0.0675958489356663,0.715732090171052
142.562,0.0689231850540467,0.71097377826717
142.563,0.0702303697679657,0.706222397258413
142.564,0.071632797216227,0.701489281655536
142.565,0.0729300915336032,0.6967704668943
142.566,0.0742575826521034,0.691957843292745
142.567,0.075719986857898,0.687051223865789
142.568,0.0777353350164239,0.682062698300483
142.569,0.0778475011566006,0.67697823333676
142.57,0.0791282799679477,0.6718073354064
142.571,0.0804110111273557,0.666534767967523
142.572,0.0817842284824937,0.661297324032382
142.573,0.0832514257838142,0.656109476628499
142.574,0.0846538484873348,0.650695391885555
142.575,0.0859822510361575,0.644941537657826
142.576,0.0873391709661361,0.639989494037687
142.577,0.0887386856936251,0.635633931708364
142.578,0.0907495054281162,0.630757882122916
142.579,0.0921857516034569,0.625499739502796
142.58,0.0935975957807963,0.62049127034239
142.581,0.0949674439026825,0.615672149065771
142.582,0.0963716511013395,0.610772647922313
142.583,0.0977302557229309,0.605790966712699
142.584,0.0990786847341124,0.600713467273007
142.585,0.0991639952585645,0.595521541116038
142.586,0.100465679068605,0.590418142198493
142.587,0.102664676632687,0.585425187907938
142.588,0.104065392125645,0.58038602556178
142.589,0.105544898276222,0.575251371144263
142.59,0.106891572682736,0.570068066237562
142.591,0.108290070912577,0.564773413904647
142.592,0.109705239588261,0.559487967145238
142.593,0.111148323699195,0.554223862242296
142.594,0.112732860802372,0.548840707542173
142.595,0.114164753005675,0.543173453345132
142.596,0.115414322369347,0.537722796122853
142.597,0.117512575914119,0.532549765331971
142.598,0.11896133872578,0.527437845927989
142.599,0.120492513619749,0.522419430272629
142.6,0.121867858483808,0.517111082815333
142.601,0.123177836105682,0.51124072508612
142.602,0.124675379278824,0.505615489354931
142.603,0.126106202937162,0.500257394744148
142.604,0.126171998063733,0.494820609449799
142.605,0.127484870171787,0.489291734586483
142.606,0.129618164047959,0.483877334288585
142.607,0.13115848234289,0.47857838740616
142.608,0.132516175401616,0.473336566936477
142.609,0.133933463649151,0.468170820676158
142.61,0.135359160933389,0.462967657715948
142.611,0.136745305352686,0.457696403325022
142.612,0.138254523497002,0.452265623884804
142.613,0.139574592508872,0.446481277527998
142.614,0.140986512826184,0.441105128247603
142.615,0.142450475106889,0.436181283721452
142.616,0.143900839272287,0.430799488358532
142.617,0.145982176891694,0.424510736447454
142.618,0.147390885543487,0.419032818705736
142.619,0.148821439040028,0.414164136426877
142.62,0.150326876152845,0.409335941876419
142.621,0.151673131008499,0.404595862712471
142.622,0.151770967344377,0.399808811685708
142.623,0.151770967344377,0.390971779605343
142.624,0.154146815534379,0.384445323953278
142.625,0.15564039138931,0.3800301003519
142.626,0.156942087733709,0.374919373254511
142.627,0.159002287713858,0.369040673386937
142.628,0.160346538338252,0.363452813984488
142.629,0.161727867065523,0.358069813811415
142.63,0.162911311758104,0.35306596856574
142.631,0.164281965678198,0.34834297164182
142.632,0.165583702963292,0.343125573329719
142.633,0.166958655758558,0.336817357130597
142.634,0.168364627056442,0.330442089938517
142.635,0.169768626345869,0.32373984534821
142.636,0.171791592716318,0.317887465268618
142.637,0.171830661930284,0.313146649069005
142.638,0.17311584360676,0.308029233250798
142.639,0.174466062185311,0.302358683140718
142.64,0.175676817903462,0.29670704747516
142.641,0.176864228738477,0.291090152901921
142.642,0.178177934014642,0.28520328956134
142.643,0.17962360380276,0.278588894106938
142.644,0.180835036832243,0.272538915361484
142.645,0.182159791475342,0.267026746237944
142.646,0.184055152801652,0.262753663762027
142.647,0.185409394513289,0.259919885143914
142.648,0.186590832413808,0.26197733247321
142.649,0.187824756710393,0.266867706848205
142.65,0.188953316333243,0.272124572500314
142.651,0.190093480577423,0.277663927635909
142.652,0.191308050315533,0.282904152836983
142.653,0.191378511558972,0.28802336246319
142.654,0.19252604832589,0.293070685537494
142.655,0.193819292938976,0.298082702211016
142.656,0.195530516064561,0.303055903074979
142.657,0.19669005454345,0.308005119332638
142.658,0.197691218672051,0.31329883552713
142.659,0.198771013395848,0.318860824411561
142.66,0.199697504568903,0.323825525015526
142.661,0.200562792241864,0.328586011287979
142.662,0.201414438760646,0.333024278244723
142.663,0.20232612630125,0.33727172027656
142.664,0.203158102552512,0.342258970133684
142.665,0.204378995868995,0.348852078602715
142.666,0.205196675738548,0.354303298344352
142.667,0.205911838079177,0.358898700713415
142.668,0.206617548419466,0.363662176722833
142.669,0.207313904626424,0.368623964519276
142.67,0.207824357947955,0.373573256524143
142.671,0.207853400885884,0.378505528220367
142.672,0.208414423872891,0.383640637313674
142.673,0.209034290563581,0.389124174687836
142.674,0.209629832619908,0.394266168951012
142.675,0.2102222385468,0.399088300774505
142.676,0.211144401776232,0.403912804081052
142.677,0.211748874398289,0.408740267825892
142.678,0.212216888746703,0.413600734537144
142.679,0.212588929309668,0.418520535928317
142.68,0.212850785722049,0.423579897612104
142.681,0.213239746733997,0.428920904925006
142.682,0.213640941295211,0.43393984580167
142.683,0.214040559487635,0.438705126045696
142.684,0.21436060187129,0.44283346455928
142.685,0.214772897505212,0.446627610888167
142.686,0.215581943471878,0.450739144877426
142.687,0.21622421207469,0.456706556038537
142.688,0.216892555437052,0.462315330101169
142.689,0.216937887065011,0.466957603292421
142.69,0.216937887065011,0.471755411182762
142.691,0.218419793358503,0.477082389661926
142.692,0.219152614359706,0.482104582964734
142.693,0.219941073545566,0.486764486182617
142.694,0.220697691801446,0.491408946473828
142.695,0.22155091513221,0.496035288481952
142.696,0.22259207008029,0.500793243561386
142.697,0.223322021314108,0.505746501631207
142.698,0.223994925640174,0.510431408255539
142.699,0.224588592850642,0.514917089355508
142.7,0.225199014711481,0.519393471754815
142.701,0.225767049713577,0.523861543329022
142.702,0.225812676540209,0.528479600721072
142.703,0.226344389715134,0.533261680283391
142.704,0.227784233444946,0.538056548236531
142.705,0.22785988642793,0.542865800019728
142.706,0.228136857419266,0.547549918090572
142.707,0.228977104937477,0.552086326100922
142.708,0.229496897670299,0.556623225021577
142.709,0.230030368664838,0.56116076796233
142.71,0.230495188965178,0.5658609356449
142.711,0.23096915061865,0.57082968376765
142.712,0.231459225623384,0.575473051665896
142.713,0.231917470135731,0.579829105989914
142.714,0.232545550988331,0.58388392692615
142.715,0.23277539167123,0.587627854252006
142.716,0.23338726000485,0.591807341090118
142.717,0.233854646582375,0.597912589356876
142.718,0.234264115370545,0.603119864607172
142.719,0.234682704669896,0.607138794682421
142.72,0.235140147966559,0.611463193964674
142.721,0.235525679848127,0.617341999078867
142.722,0.235928738427436,0.62194004606095
142.723,0.235971714643716,0.625626680082491
142.724,0.23637304892115,0.629728503642826
142.725,0.236825491680218,0.634141613009452
142.726,0.23737263737422,0.638602628406587
142.727,0.237761767349481,0.643103684594941
142.728,0.238165256026829,0.64767060504942
142.729,0.238566126944748,0.652300312665636
142.73,0.238889378908488,0.656664888287944
142.731,0.239272824281926,0.660861205860024
142.732,0.239571783975148,0.664755952539446
142.733,0.239853398736435,0.66842159457452
142.734,0.240107734651603,0.672734965313464
142.735,0.240350928611445,0.678863378116129
142.736,0.240375775081272,0.683613768309776
142.737,0.240893881143001,0.687155824133522
142.738,0.240909388765824,0.691085547972417
142.739,0.241101460607271,0.695388713157645
142.74,0.241275461412822,0.699673064375514
142.741,0.241452611121939,0.70393504315886
142.742,0.241590395067337,0.708235394224051
142.743,0.241739740595619,0.712588324593177
142.744,0.241826385635973,0.716895086729448
142.745,0.241960977669655,0.721125549009164
142.746,0.242043994893314,0.725619736350387
142.747,0.242148041212103,0.730568574116764
142.748,0.242240334156773,0.734949369795804
142.749,0.242310276595695,0.738978801621842
142.75,0.242395623076327,0.742520421244846
142.751,0.242418181012392,0.745698403768161
142.752,0.24250088853428,0.74898229102289
142.753,0.242553991710791,0.755297078235665
142.754,0.242642055794671,0.760300635830109
142.755,0.242650040621401,0.763728771013682
142.756,0.242698411690249,0.767590726738067
142.757,0.242752793350656,0.772037761449039
142.758,0.242804732347439,0.776242907833312
142.759,0.242864797720486,0.780102963608343
142.76,0.242908478730516,0.784094579206043
142.761,0.24295410945048,0.788437384395744
142.762,0.242982667336097,0.792639632906113
142.763,0.243013416709644,0.79659321403692
142.764,0.24303058227391,0.800722717742661
142.765,0.243010824509097,0.805207809459207
142.766,0.24303077416809,0.809277756289686
142.767,0.2429732049449,0.813024364422906
142.768,0.242961691521614,0.816867953875272
142.769,0.242952579806048,0.8208089584615
142.77,0.242919029708077,0.825010634091233
142.771,0.2429166898391,0.829506889657836
142.772,0.242895174496937,0.83355919730283
142.773,0.242859049436008,0.837389170070461
142.774,0.242852035915866,0.841282292779683
142.775,0.242804489169207,0.845212129986509
142.776,0.24276715534186,0.849143599201993
142.777,0.242694214523707,0.853076302998282
142.778,0.242620394707209,0.857119894695126
142.779,0.242457721418143,0.861291169767371
142.78,0.242352261855669,0.865218587540151
142.781,0.242286646782574,0.868918763987459
142.782,0.242177753233138,0.872382676737745
142.783,0.242108027074394,0.875571976521183
142.784,0.242032054559703,0.879098093737501
142.785,0.241915593884669,0.88496635855741
142.786,0.241783615442081,0.889299675532084
142.787,0.241689368587594,0.892460543589463
142.788,0.241557817905072,0.896072222337476
142.789,0.241548209377511,0.900017165166181
142.79,0.24134882411011,0.903736347248668
142.791,0.241214905985743,0.907297173346429
142.792,0.241050432514329,0.910961082685693
142.793,0.24094660426813,0.914751672735314
142.794,0.240790015348446,0.918551840678367
142.795,0.240615224916483,0.922364117791916
142.796,0.240470050308244,0.926235322696095
142.797,0.240326958123483,0.930175862975507
142.798,0.240187798010805,0.933946557988477
142.799,0.239891271924767,0.937590221682027
142.8,0.239718502969167,0.941146755086958
142.801,0.239575203229462,0.944637587182119
142.802,0.23942119434491,0.948030784180058
142.803,0.239412361550883,0.951302954630025
142.804,0.239412361550883,0.955121818121975
142.805,0.239412361550883,0.960893396488033
142.806,0.238918031994384,0.964267123525505
142.807,0.238677227022606,0.966771242827311
142.808,0.238393303620253,0.970072951863594
142.809,0.238169451398928,0.974369247563344
142.81,0.237970006403727,0.978290594741666
142.811,0.237809593789165,0.981729506411401
142.812,0.237588524823595,0.985178954272051
142.813,0.237389861628732,0.988647587868777
142.814,0.237205705357624,0.992272818043764
142.815,0.237000430132572,0.99621112223078
142.816,0.236699316545044,0.999878335352719
142.817,0.236471084685458,1.00334950377888
142.818,0.236252739988711,1.00696966335424
142.819,0.23604558462434,1.01069458630925
142.82,0.235865325052099,1.01427752183213
142.821,0.235676783730046,1.01775587360116
142.822,0.235486900057755,1.02116619977236
142.823,0.23547715900734,1.02452214324162
142.824,0.23547715900734,1.02797394819986
142.825,0.235131280050635,1.03153404147531
142.826,0.234940884269018,1.03501521817058
142.827,0.234724132404888,1.03840865344247
142.828,0.234534463991155,1.04183045886568
142.829,0.234246697840586,1.04528626887711
142.83,0.234074301020638,1.04864773978811
142.831,0.233944824048485,1.05189652697423
142.832,0.233774724693399,1.05537904815326
142.833,0.233629760070723,1.05919617872598
142.834,0.233478842583424,1.0621588318735
142.835,0.233320203896494,1.0647146945677
142.836,0.233164437052238,1.06744573885241
142.837,0.233006512650338,1.0715224004091
142.838,0.233000993119637,1.07558450554232
142.839,0.232766701073154,1.07951069571347
142.84,0.232594742951673,1.083048077047
142.841,0.232440341476337,1.0858748830748
142.842,0.232306568302503,1.08886995077716
142.843,0.2321624142928,1.09227007846279
142.844,0.232030091659373,1.09601120331358
142.845,0.231892498604906,1.10054144548744
142.846,0.231711041061592,1.10321312427489
142.847,0.231630703935394,1.10544803149461
142.848,0.23146597355016,1.10836506454286
142.849,0.231348535959911,1.11203279155093
142.85,0.231262148695801,1.11545412975474
142.851,0.231139915603311,1.11859308601603
142.852,0.231026729780024,1.12180488341998
142.853,0.231017036831427,1.12509987474141
142.854,0.230929034146258,1.12830958492314
142.855,0.230823261305322,1.13142287751535
142.856,0.230727645387864,1.13452653342434
142.857,0.230586831884505,1.13760941791434
142.858,0.230483464750625,1.14068774699546
142.859,0.23041931408732,1.1437497230803
142.86,0.230351176655185,1.14705852974428
142.861,0.230281155168632,1.15144704276368
142.862,0.230242058752773,1.15449621634396
142.863,0.230173968744654,1.15698884486635
142.864,0.23012220637252,1.15949657001799
142.865,0.230079884877204,1.16201216001653
142.866,0.230014674650501,1.1649328959691
142.867,0.229962502630373,1.16887495843337
142.868,0.229945183869977,1.17227391870669
142.869,0.229892744173116,1.17514545827666
142.87,0.229851330426828,1.17816912366209
142.871,0.22979824542562,1.1814020731128
142.872,0.229797709378802,1.18436459050603
142.873,0.22974551522574,1.1871370309288
142.874,0.229704669436394,1.18995837669027
142.875,0.229678101424953,1.19287389058015
142.876,0.229603526859298,1.19591491658809
142.877,0.229548829348742,1.19924879994895
142.878,0.229506693794738,1.20237568975679
142.879,0.229447764074746,1.20526862203019
142.88,0.229395330789546,1.20822497894669
142.881,0.229296265883994,1.21125952389074
142.882,0.229273392665447,1.21415961516927
142.883,0.229206670625238,1.2169710940553
142.884,0.229131746701904,1.21976798290865
142.885,0.229060079592981,1.22255427591744
142.886,0.228983600563933,1.22554901741358
142.887,0.228916364259684,1.22870214639912
142.888,0.228911752016042,1.23113334689129
142.889,0.228911752016042,1.23333005342715
142.89,0.2287804651314,1.23595968962582
142.891,0.228712832336972,1.24028376695724
142.892,0.228644594968839,1.24342906749372
142.893,0.228538641657442,1.24571446205085
142.894,0.228482710964559,1.24834377803217
142.895,0.228389000115891,1.25124254350777
142.896,0.228334587937586,1.25403320910878
142.897,0.228280303663697,1.25674355755011
142.898,0.228200123241027,1.25925895180216
142.899,0.228130188181038,1.26162457010271
142.9,0.228021867143948,1.26421271329516
142.901,0.227940285024791,1.26732703771172
142.902,0.227862603246048,1.27031844890678
142.903,0.22779093816948,1.27296799537671
142.904,0.227786154554204,1.27562368964959
142.905,0.227548017819926,1.27829905244027
142.906,0.227529859687719,1.28104718759681
142.907,0.227425699447258,1.28401733728173
142.908,0.227252783581202,1.28683736196981
142.909,0.227116230415234,1.28948227432658
142.91,0.226989457519136,1.29211033909044
142.911,0.226853405797418,1.29471859318815
142.912,0.226736546480841,1.29727796105111
142.913,0.226593681420307,1.29977300937582
142.914,0.226307108783172,1.30226611345528
142.915,0.226119144931024,1.30475520877783
142.916,0.225902987238624,1.30739031414678
142.917,0.225725883344859,1.31038160594372
142.918,0.225494088160246,1.31300938802643
142.919,0.225284214406474,1.31540208259157
142.92,0.225068116533133,1.31784113210779
142.921,0.22485968041928,1.32031388117024
142.922,0.224677382380363,1.3228186005336
142.923,0.224461202765401,1.32535587056753
142.924,0.224448676304469,1.32788624405669
142.925,0.224448676304469,1.33040891150403
142.926,0.223803762318092,1.33289798839447
142.927,0.223502666740469,1.33534756182629
142.928,0.223277451800664,1.3378889552594
142.929,0.222989171330166,1.34055499679358
142.93,0.222734155010687,1.34315819343336
142.931,0.222463640217317,1.34571114090564
142.932,0.221991733117296,1.348119130466
142.933,0.221812120622069,1.35045004553386
142.934,0.221433815007776,1.35244083491542
142.935,0.220844070781964,1.35426405495869
142.936,0.220330019860203,1.35638545362861
142.937,0.219840573237832,1.3601642104394
142.938,0.219258639802585,1.36275974467256
142.939,0.218605791508209,1.36469026526049
142.94,0.217927605246222,1.36666618741901
142.941,0.217281165744426,1.36867534007165
142.942,0.216598444191818,1.37085203827102
142.943,0.216559398780583,1.37345604109471
142.944,0.215935898535392,1.37598904374825
142.945,0.215124290574081,1.37830108254763
142.946,0.214458723308986,1.38066633554484
142.947,0.213303656684988,1.3832477453707
142.948,0.212576576518885,1.38559450400314
142.949,0.211736758905852,1.38764136966459
142.95,0.210890510720845,1.38973978463315
142.951,0.210014130797513,1.39194814825167
142.952,0.209097590832482,1.39415929529749
142.953,0.208235180869048,1.3963760857044
142.954,0.207315923456935,1.39866419081218
142.955,0.206269086269738,1.40113024084157
142.956,0.205280946276873,1.40337428650318
142.957,0.204340865033523,1.40537186070037
142.958,0.202833210369029,1.40740838438103
142.959,0.202739216538427,1.40955377005521
142.96,0.202739216538427,1.41175844189963
142.961,0.202739216538427,1.41415657621279
142.962,0.199589199975182,1.41638933053302
142.963,0.198280636057389,1.41839544769418
142.964,0.197269149912425,1.42050201529651
142.965,0.196232919437926,1.42283701713341
142.966,0.195363355389497,1.42487745885844
142.967,0.194229843627124,1.42669064904661
142.968,0.193462957969638,1.42864301873079
142.969,0.192685134293495,1.43096905744466
142.97,0.191993261550846,1.43305146471207
142.971,0.191264665671209,1.43486474583369
142.972,0.190583771359473,1.43671066845535
142.973,0.189840838628568,1.43873409676957
142.974,0.189142452062806,1.4407547054356
142.975,0.18837427915658,1.4427207504847
142.976,0.188327948896703,1.44468679553379
142.977,0.187608065126602,1.44729764516054
142.978,0.186956306781619,1.44951937106411
142.979,0.185825892126641,1.45113185502763
142.98,0.185052235727634,1.4529567781816
142.981,0.184377336990477,1.4551941461123
142.982,0.183698085790721,1.45717282565623
142.983,0.183031325041037,1.45897731682057
142.984,0.182355846272373,1.46081858821513
142.985,0.181614619566628,1.46270036242368
142.986,0.181002309625836,1.46454916620782
142.987,0.180281776526375,1.46635678118445
142.988,0.179591983084795,1.46818952594627
142.989,0.178531526676184,1.47006976421384
142.99,0.177800247151164,1.47194794983802
142.991,0.177009462583482,1.47382196725358
142.992,0.176266583350874,1.47569743097659
142.993,0.175528330752757,1.47757650964303
142.994,0.174776738571481,1.4795028477966
142.995,0.173990565993802,1.4815510313209
142.996,0.17395269685756,1.48341800625825
142.997,0.173185986654728,1.48511799046411
142.998,0.172143205303508,1.48689730965878
142.999,0.1713993636854,1.48877615673931
143,0.1706899124072,1.49054616529813
143.001,0.169910391842902,1.49224889283895
143.002,0.169238231632005,1.4938774354741
143.003,0.16855327134495,1.49545288123946
143.004,0.167868427952767,1.49708511402697
143.005,0.167152260096015,1.49882039033657
143.006,0.166500417331787,1.5005964539695
143.007,0.165951166543665,1.50245222016614
143.008,0.164883719672101,1.50423533539399
143.009,0.164865297389527,1.50594028223667
143.01,0.164237996751548,1.50760578313473
143.011,0.163582005016007,1.50922755000964
143.012,0.162905914526369,1.51086466636814
143.013,0.162282017377519,1.51252144831955
143.014,0.161641511214487,1.51419944068717
143.015,0.16103956649849,1.51590366305925
143.016,0.160524499579743,1.51739653217621
143.017,0.159849299171901,1.5187610894151
143.018,0.159176236191952,1.52025881760803
143.019,0.158200966901294,1.52200348380119
143.02,0.157502473316032,1.52367103727485
143.021,0.156909893828186,1.52516044398334
143.022,0.156294345296054,1.52670058228
143.023,0.155668629120574,1.52836990431982
143.024,0.155023172120845,1.52995905700753
143.025,0.154391658696571,1.5314540902735
143.026,0.154350133355994,1.53291045116856
143.027,0.153732427049379,1.53431586438838
143.028,0.152801351483553,1.53581155503673
143.029,0.152155398410626,1.53749589837268
143.03,0.15154886398549,1.53904805491103
143.031,0.150928058457486,1.54049925962743
143.032,0.150359420809776,1.54192561746102
143.033,0.149718068699737,1.54333273276446
143.034,0.149125245087249,1.54472110009365
143.035,0.148543823311117,1.54609263949226
143.036,0.147923275141665,1.54747055923835
143.037,0.14734368467176,1.54885522362568
143.038,0.146822419567449,1.55023333824487
143.039,0.146190457908198,1.55160348693135
143.04,0.145293322787483,1.553027980581
143.041,0.144721576204931,1.55452631756132
143.042,0.144106770994061,1.55591028406511
143.043,0.144087731913821,1.55720955435221
143.044,0.142712987977014,1.5585147564396
143.045,0.142630278702802,1.55982604956531
143.046,0.142321626473206,1.56112922303331
143.047,0.141722486342946,1.5624223816527
143.048,0.141232064288938,1.56375186242464
143.049,0.140294391622859,1.56512828887081
143.05,0.139742482388989,1.56641146912362
143.051,0.139160574795683,1.56763362652524
143.052,0.138566745003203,1.56886461991119
143.053,0.137961807984201,1.57010242925949
143.054,0.137348322190314,1.57134910686241
143.055,0.136709950981196,1.57260298077785
143.056,0.136112153795902,1.57381428950441
143.057,0.135471989294482,1.57499270715144
143.058,0.134753868330499,1.57617097381987
143.059,0.134120617396875,1.57734909959712
143.06,0.134077509022878,1.578518606068
143.061,0.133461562339315,1.57967845701955
143.062,0.132830873109958,1.58084136817019
143.063,0.132139929334055,1.58200822975575
143.064,0.131501207988526,1.58320264431108
143.065,0.130867725683561,1.58443691242762
143.066,0.130277467706807,1.58556166621882
143.067,0.129742755924989,1.58661679045561
143.068,0.129069731761752,1.58768621093592
143.069,0.128122945260647,1.58876628150121
143.07,0.127550860457275,1.58983061596023
143.071,0.126908532094835,1.59088314299416
143.072,0.126085311201323,1.59193137186328
143.073,0.125488251677877,1.59297547030728
143.074,0.124800341606302,1.59401051843917
143.075,0.124758991040946,1.59503615841776
143.076,0.1231657046145,1.59609977112801
143.077,0.123070404600857,1.59720666658102
143.078,0.122461011308572,1.59824386519605
143.079,0.121743749952047,1.59923787947683
143.08,0.121121618561583,1.60023271789002
143.081,0.120389855797984,1.60122815447808
143.082,0.119684517414991,1.60217150312186
143.083,0.118992391734715,1.60307732563063
143.084,0.118027280553768,1.60398085830166
143.085,0.117274491975283,1.60488243401728
143.086,0.116589741769814,1.60579959931532
143.087,0.115864766764038,1.60673311584598
143.088,0.115172586647079,1.60763429308314
143.089,0.114460623567779,1.6085010490898
143.09,0.113754680505281,1.60937650344642
143.091,0.113050276879441,1.61026546002021
143.092,0.112284706742087,1.61114304287589
143.093,0.11223694744485,1.61199989591082
143.094,0.11150993414313,1.61283869593875
143.095,0.110452839557624,1.61364850565325
143.096,0.109706478563184,1.61448809090218
143.097,0.108990653587607,1.61539676795756
143.098,0.10823663994087,1.61623539742972
143.099,0.107520742096117,1.61700136902554
143.1,0.106780004267529,1.61780298509418
143.101,0.105999243447624,1.61864709181853
143.102,0.105211859921618,1.6193144390734
143.103,0.104121070302849,1.61989205377118
143.104,0.1033795606957,1.62053376044301
143.105,0.10263395720131,1.6216988135675
143.106,0.101815603027701,1.62251141514651
143.107,0.101788002742315,1.62308330773363
143.108,0.101788002742315,1.62371771360089
143.109,0.100346015144698,1.62441871568647
143.11,0.099554680539882,1.6251416038613
143.111,0.0987888072775812,1.62588881771851
143.112,0.0977210611101441,1.62657012216082
143.113,0.0969230209334219,1.62721206599915
143.114,0.0961671866211743,1.62784532112343
143.115,0.0954204420918997,1.62847224713143
143.116,0.0946676210552971,1.62908078742581
143.117,0.0939477048470027,1.6296730745625
143.118,0.0932093817617395,1.63023874406001
143.119,0.0924585998629829,1.63077670057635
143.12,0.0913450158783832,1.63135097091891
143.121,0.0905793615350826,1.63200622706755
143.122,0.0898373519283148,1.63264485678098
143.123,0.0890022195284069,1.63323973976
143.124,0.0883025790486419,1.63380334893655
143.125,0.088259962710726,1.63432844837883
143.126,0.087562013200981,1.63487822281929
143.127,0.0868460014656921,1.63545590277939
143.128,0.0860575906396134,1.63589468634266
143.129,0.0853015558477223,1.63627977434872
143.13,0.084649331980806,1.63673653697426
143.131,0.0834516152402827,1.63748316185632
143.132,0.0827744631724113,1.63794200779904
143.133,0.0819757981111083,1.63824845178641
143.134,0.0811918129917047,1.63862492732441
143.135,0.0804945202249564,1.63918399410226
143.136,0.0797825621629525,1.63968294198869
143.137,0.0790769743194301,1.64009309814543
143.138,0.0783095952683196,1.64049708801421
143.139,0.0773325960997961,1.64089121935344
143.14,0.0766162697409231,1.64127791493381
143.141,0.0759126751908749,1.64165060485214
143.142,0.0752346751361085,1.64203788353789
143.143,0.0751764598435473,1.64245199713011
143.144,0.0744640007062265,1.64279444815508
143.145,0.0737025314179162,1.64308715553266
143.146,0.0729939494538682,1.6434126838388
143.147,0.0722724556219486,1.64383707579539
143.148,0.0715754233346396,1.64419840576264
143.149,0.0705816370032307,1.64448074493159
143.15,0.0699240594544613,1.64473792875092
143.151,0.0692580838585296,1.6449847859507
143.152,0.06858315196785,1.64524760444992
143.153,0.0678938686982479,1.64553253822661
143.154,0.0671973498996404,1.64580752809115
143.155,0.0665187255370486,1.64605686942798
143.156,0.0658400627547114,1.64630544060853
143.157,0.0651728544499747,1.64655215874686
143.158,0.064258704300423,1.64677959838007
143.159,0.0636677595616056,1.64698747950188
143.16,0.0636247617421161,1.64718582533554
143.161,0.0636247617421161,1.64737440102915
143.162,0.0636247617421161,1.64755287883323
143.163,0.0619825581519829,1.64772183045285
143.164,0.0611600798107773,1.64788137427867
143.165,0.0605066889689058,1.64803002647944
143.166,0.0597852209277238,1.64816833975499
143.167,0.0591773004359787,1.64829408970073
143.168,0.0586044902756645,1.64841379178038
143.169,0.0579895683640269,1.64852504712877
143.17,0.0571220298937652,1.64862791578799
143.171,0.0564438621865146,1.64871862037693
143.172,0.0558714682118121,1.64880433422202
143.173,0.0552904183753116,1.64887929151098
143.174,0.0546753063691136,1.64894825177501
143.175,0.0546347684751379,1.64900190884308
143.176,0.0535573301562561,1.64904918816739
143.177,0.0534951606104334,1.64908048827207
143.178,0.0529521004632708,1.64910840570442
143.179,0.05242258082468,1.64912214889118
143.18,0.0515680502228048,1.64912692311556
143.181,0.050987622746362,1.64912087456301
143.182,0.0504491677637106,1.64910384676255
143.183,0.0498403190094813,1.64907927679875
143.184,0.049329111825687,1.64904399663219
143.185,0.0487515701397232,1.64900160008619
143.186,0.0481837042297205,1.64895272930622
143.187,0.0476198640472708,1.64889905367023
143.188,0.0470632250030678,1.64883447780159
143.189,0.0465091893517328,1.64873928302074
143.19,0.0457502414089511,1.64863433954028
143.191,0.0451696468255368,1.6484887118203
143.192,0.0446562381896526,1.64838410618738
143.193,0.044629603169683,1.64829358379255
143.194,0.0441325496151587,1.64817705284866
143.195,0.043577063457395,1.64802899398642
143.196,0.0430329571594118,1.64787293533138
143.197,0.0424279369723448,1.64770762158947
143.198,0.0419119811885863,1.64756460745716
143.199,0.0413344307738611,1.64744854168055
143.2,0.0405077795457415,1.64733247590395
143.201,0.0400030229697245,1.64710121855977
143.202,0.0395003210536123,1.64667406707822
143.203,0.0389728495462172,1.64647316941378
143.204,0.0384818138018297,1.64629689013454
143.205,0.0379359279732183,1.64609020383691
143.206,0.0373840878332493,1.64588007124051
143.207,0.0369109131346043,1.64555537704569
143.208,0.0363605013113205,1.64514286013115
143.209,0.0358104576441897,1.64491078182763
143.21,0.0349934473626484,1.64467761677522
143.211,0.0349476207524005,1.64437734345094
143.212,0.0344550615960478,1.64407709754521
143.213,0.0339818761671674,1.64380267890688
143.214,0.0334338167143168,1.64352826026855
143.215,0.0329096898765049,1.64317688750352
143.216,0.0323679932072859,1.64278553882655
143.217,0.0317935804126115,1.64239384348957
143.218,0.0312557829175121,1.64200189497075
143.219,0.0304194851661366,1.64163217234284
143.22,0.0301066074442348,1.6412688584322
143.221,0.0293060135454464,1.64088138510287
143.222,0.0287821190328069,1.64048146526343
143.223,0.0281815683774623,1.64006940477223
143.224,0.027654496034026,1.63964903278892
143.225,0.027136130473942,1.63921667643827
143.226,0.0265158316476093,1.63877352251157
143.227,0.0260207468377356,1.63831535477837
143.228,0.0259947113303886,1.63784158722806
143.229,0.025507072461095,1.63729239486727
143.23,0.0249193995426619,1.63666888189031
143.231,0.0244760952296118,1.63625591440602
143.232,0.0236372566228649,1.63585917107612
143.233,0.0230803515402566,1.63531675000859
143.234,0.0224451506629423,1.63474686741514
143.235,0.021834517417706,1.63432586860657
143.236,0.0212930892924961,1.63390486979801
143.237,0.020651369962769,1.63337269982424
143.238,0.0201335842697766,1.63271821355674
143.239,0.0195385233242461,1.63199958823702
143.24,0.0189896156422629,1.63118569822653
143.241,0.0184171104403775,1.630694004204
143.242,0.0175645793127838,1.63022802770329
143.243,0.0174165086492847,1.62965471604187
143.244,0.0164142367531582,1.62905243504802
143.245,0.0163425846826261,1.62842793335002
143.246,0.0157741887139894,1.62779313847562
143.247,0.015218844176298,1.62709188921248
143.248,0.014636617652788,1.62635719429606
143.249,0.0139745307452556,1.62570948608754
143.25,0.0134228261866011,1.62507919186775
143.251,0.0127970322295622,1.62441267534166
143.252,0.011953477960818,1.62372997979927
143.253,0.011340126784804,1.62300316657193
143.254,0.010718384678585,1.62225765755024
143.255,0.0101594961790646,1.62152566278149
143.256,0.00953741944529229,1.6207987047381
143.257,0.00892608064108213,1.62002443250299
143.258,0.00833699087587447,1.61922395067578
143.259,0.0082984616326206,1.61847051262221
143.26,0.00683865572609732,1.61773798321492
143.261,0.00680749593142849,1.61691225873611
143.262,0.00680749593142849,1.61599820307884
143.263,0.00565967344246709,1.61518659648116
143.264,0.00501768472700326,1.61441620829177
143.265,0.00446325321673957,1.61359606380155
143.266,0.00385996385044696,1.61277185489719
143.267,0.00322807658068502,1.61196057898379
143.268,0.00259137738472792,1.61115072753938
143.269,0.0019856258016272,1.61022661964332
143.27,0.00112354828444561,1.60929244628166
143.271,0.000740529602808793,1.60855073263474
143.272,-9.6556766330802e-05,1.60780901898785
143.273,-0.000730986580099735,1.60684660921778
143.274,-0.00127866302474688,1.60578864372181
143.275,-0.00188458641200284,1.60480446887214
143.276,-0.0025467636558657,1.60385331604973
143.277,-0.00317019019298381,1.60290154582519
143.278,-0.00319078579357945,1.60194953813505
143.279,-0.00379206031063095,1.60100204380526
143.28,-0.00466463300214548,1.60005690786459
143.281,-0.0053461450993727,1.59891651687744
143.282,-0.00589531332017246,1.59764924264235
143.283,-0.00648643320538356,1.59697608558532
143.284,-0.00719303393339132,1.5963029285283
143.285,-0.00784227234703261,1.59518601833098
143.286,-0.00846951423727815,1.59383348895811
143.287,-0.00911655596220851,1.59285197439072
143.288,-0.00973400516747713,1.59190689404517
143.289,-0.0103374428645554,1.59087639911523
143.29,-0.0111642423550254,1.58982208997034
143.291,-0.011736519505161,1.58873148254088
143.292,-0.0123288100023294,1.58763050742815
143.293,-0.0123782832615091,1.58653849650878
143.294,-0.0123782832615091,1.58544903677828
143.295,-0.0135219741095062,1.58425415379219
143.296,-0.014210582899728,1.58302439517903
143.297,-0.0148524816965913,1.58190078243081
143.298,-0.015465185286699,1.58078832928324
143.299,-0.0162795886228441,1.57955906370093
143.3,-0.0168833881124753,1.57831085468861
143.301,-0.0174743894864385,1.5773281882823
143.302,-0.0180912572205326,1.57634552187603
143.303,-0.0187041636914755,1.57508102897308
143.304,-0.0192471451759767,1.57371358948486
143.305,-0.0198614002158318,1.5724565169861
143.306,-0.0204236403902408,1.57125810270139
143.307,-0.0212807689794769,1.56996675069272
143.308,-0.0218426539443558,1.56861187003055
143.309,-0.0219370104126918,1.56735561206777
143.31,-0.022015764874574,1.5661249167945
143.311,-0.0220229229179144,1.56485706282561
143.312,-0.0233977667508655,1.56357601941784
143.313,-0.0240815220177124,1.56232034914045
143.314,-0.0246825709373691,1.56107501620058
143.315,-0.0254878566505109,1.55970692445673
143.316,-0.0261102577274089,1.55825619182062
143.317,-0.0267220476101596,1.55683355296316
143.318,-0.0272665130913653,1.55541848344056
143.319,-0.0278681462551248,1.55413535474496
143.32,-0.0285141550203724,1.5528522260494
143.321,-0.0290916016922745,1.55151564959535
143.322,-0.0295992579485315,1.55017695726617
143.323,-0.0302191688109862,1.54894847886718
143.324,-0.0308053193619605,1.54772828127711
143.325,-0.0308361757304801,1.54602227823948
143.326,-0.0315874955844795,1.54403657770714
143.327,-0.0321955878411372,1.54294458069741
143.328,-0.0327366956856775,1.54193621145805
143.329,-0.0333161625795914,1.54035363977377
143.33,-0.0338058784007494,1.53834178571952
143.331,-0.0343540374967105,1.53698048204346
143.332,-0.0349214735050872,1.53576562148302
143.333,-0.035479465327045,1.53447140814618
143.334,-0.0362422608541159,1.53315554417612
143.335,-0.0368184332484839,1.53164526893876
143.336,-0.0373493504979371,1.52993004950693
143.337,-0.037924151353783,1.52828706937387
143.338,-0.0384217094801337,1.52673541382052
143.339,-0.0389567698328214,1.52513170369502
143.34,-0.039424488724754,1.52346235212589
143.341,-0.0399956885531477,1.52168190826336
143.342,-0.0400141473484826,1.51983643650262
143.343,-0.0405737916572185,1.51848019714938
143.344,-0.0413180892464405,1.5171634153242
143.345,-0.0418676355798032,1.51563004514394
143.346,-0.0424145902833035,1.51407748192821
143.347,-0.0429389050071628,1.51242819237392
143.348,-0.0434323136444787,1.51076397345196
143.349,-0.0439775464928799,1.5092238678696
143.35,-0.0444807115503832,1.5077015670099
143.351,-0.0450119469364199,1.50590788138222
143.352,-0.0455565269027999,1.50401049609322
143.353,-0.046094152697579,1.50219530843424
143.354,-0.046606366585072,1.50041811991894
143.355,-0.0473094053156148,1.4987790853747
143.356,-0.0478347319754641,1.49717263151233
143.357,-0.0483430423463574,1.49566775935506
143.358,-0.048372062932399,1.49419455359937
143.359,-0.0492523826347481,1.49221260811182
143.36,-0.0493100097120954,1.48944550719391
143.361,-0.049808281442001,1.48788346549615
143.362,-0.0503003802130955,1.4864784592706
143.363,-0.050867768058423,1.484796325745
143.364,-0.0516420890297747,1.48305589727574
143.365,-0.0520223887122268,1.4811533189285
143.366,-0.0527286547003604,1.47920154355568
143.367,-0.0532669808280172,1.47745071567272
143.368,-0.0537411471886468,1.47572000779569
143.369,-0.0542212502556275,1.47397322060663
143.37,-0.0547183690722456,1.47222305007525
143.371,-0.0552076595909637,1.47036345095684
143.372,-0.0557502133986766,1.46846820833448
143.373,-0.0562113268708347,1.46640673833905
143.374,-0.0567318287679867,1.46430158127841
143.375,-0.0567618815028127,1.46278911053614
143.376,-0.0574461731773802,1.46127682411606
143.377,-0.057964078328015,1.45926029497191
143.378,-0.0584997709010614,1.45657212849651
143.379,-0.0589747425362137,1.45449035777221
143.38,-0.0594308185296051,1.45270085349224
143.381,-0.0599051029722745,1.45078394419091
143.382,-0.0604514955564057,1.4488433508574
143.383,-0.0609529317620218,1.4466982329333
143.384,-0.0613908851678462,1.44449274649461
143.385,-0.062101430671154,1.44254881674243
143.386,-0.06257748415997,1.44061514333241
143.387,-0.0630587855393597,1.43907246007374
143.388,-0.0634925286038622,1.43754829370548
143.389,-0.0640046555755044,1.4353957225935
143.39,-0.0644644454290725,1.43228783321016
143.391,-0.0649243737516492,1.43035783715543
143.392,-0.0655658851552666,1.42867499435581
143.393,-0.0658315482784121,1.426675679047
143.394,-0.0658428942224704,1.42458622166739
143.395,-0.0664928109817939,1.42232680495065
143.396,-0.0669861012427205,1.42000762061346
143.397,-0.0673843346213806,1.41800672217329
143.398,-0.0678326996325819,1.41603649149117
143.399,-0.0682863504724119,1.41381461807034
143.4,-0.0687219186782232,1.41151125369568
143.401,-0.0691697473572858,1.40965977943038
143.402,-0.0696194020000945,1.4078401850749
143.403,-0.0700516311317146,1.40530420628214
143.404,-0.07065488859049,1.40237769690433
143.405,-0.0711207606661357,1.40027812199488
143.406,-0.0715677731531786,1.3982908419186
143.407,-0.0720063917769331,1.39631436180702
143.408,-0.0725170261470213,1.39433788169543
143.409,-0.0729639716039184,1.39195416913183
143.41,-0.0729782247713701,1.38951595052621
143.411,-0.0733746475808809,1.38760419397825
143.412,-0.0738167780736926,1.3856924374303
143.413,-0.0742523945195644,1.38334637796193
143.414,-0.0746403606442508,1.38077808353819
143.415,-0.0750558609260962,1.37820877002009
143.416,-0.0754324744049645,1.37563880209435
143.417,-0.0759758339340236,1.37337350853873
143.418,-0.076337065736979,1.37115833773743
143.419,-0.0767266742015857,1.36919592984203
143.42,-0.0770750124572732,1.36729709611161
143.421,-0.0775046048929148,1.36463973685771
143.422,-0.077823075476915,1.36088579157084
143.423,-0.0781781646439857,1.35891857726995
143.424,-0.0785243463907491,1.3570933195348
143.425,-0.0790026036780178,1.35481078092149
143.426,-0.0793661499802337,1.35242408796112
143.427,-0.0796781384690507,1.35002059096056
143.428,-0.0797051751243539,1.34761323390732
143.429,-0.0800537090944548,1.34510102209695
143.43,-0.0804050184293945,1.34256247824371
143.431,-0.080749295229714,1.34014012242914
143.432,-0.0810489107045479,1.33772978822555
143.433,-0.0813386774585073,1.33544236030713
143.434,-0.08164966231342,1.33317151681127
143.435,-0.0819596295284409,1.33053849859562
143.436,-0.0823858162859796,1.32778605862138
143.437,-0.0826575315388248,1.32526297790922
143.438,-0.0829339345855481,1.32284193746755
143.439,-0.0832325850022483,1.32035034688065
143.44,-0.0834611855343809,1.31780840181122
143.441,-0.0837164808689194,1.3149424488478
143.442,-0.0839852829039666,1.31179625792063
143.443,-0.0840011944518965,1.30943839309878
143.444,-0.0842171080255976,1.30728048773482
143.445,-0.0844790206519229,1.30484460371779
143.446,-0.0847696592593991,1.30229177409978
143.447,-0.084988835401833,1.29968454774706
143.448,-0.0852211932395689,1.29704916903806
143.449,-0.0854992769163107,1.29428968654528
143.45,-0.0857389746750549,1.29145895044158
143.451,-0.085929934282885,1.28886977673869
143.452,-0.0861500170749679,1.28634680313085
143.453,-0.0863376101764977,1.28385085952976
143.454,-0.0866104414845884,1.2813641799418
143.455,-0.0867450256304002,1.27865443208812
143.456,-0.087006237977031,1.27583111759703
143.457,-0.0872298949009128,1.27280007955969
143.458,-0.0874174923981134,1.26947108189394
143.459,-0.0875850359764904,1.26690860525139
143.46,-0.0877863053746789,1.26456203289547
143.461,-0.0879645255057648,1.26181347775388
143.462,-0.0880097466028348,1.25896242743245
143.463,-0.0880121483656474,1.25612673623932
143.464,-0.0883524353205162,1.25329512637492
143.465,-0.0885403533279151,1.25061042823308
143.466,-0.0887500389476626,1.24796689062739
143.467,-0.0889577794082924,1.24495841814612
143.468,-0.0891201574236741,1.24174181197199
143.469,-0.0892728682562818,1.23909290969904
143.47,-0.0894090114236714,1.2365083074297
143.471,-0.0895607879827166,1.23348292161047
143.472,-0.0896866509410326,1.23044101725364
143.473,-0.0897836316316897,1.22808119722046
143.474,-0.0899067004762842,1.22572137718735
143.475,-0.0899139826612286,1.22232062669221
143.476,-0.0899906802075553,1.21841335546445
143.477,-0.0900913580765209,1.21628060266917
143.478,-0.0901278885624618,1.214260943579
143.479,-0.0902207195220351,1.21135954379292
143.48,-0.0902678262181966,1.20792379270166
143.481,-0.0903034776465764,1.20419068789085
143.482,-0.0903884152036472,1.20039382950504
143.483,-0.0903772835355758,1.19798415182252
143.484,-0.0904197909791112,1.19547730277258
143.485,-0.0904685228811389,1.19184420205863
143.486,-0.0905147664068656,1.18886597918809
143.487,-0.0905336069191266,1.18652198535782
143.488,-0.0905778662625472,1.18387229132943
143.489,-0.0906258207226051,1.18089802330681
143.49,-0.0906629802657756,1.17776554127955
143.491,-0.0906709406236145,1.17442884172785
143.492,-0.0907287838539886,1.17163719209797
143.493,-0.0907401479738048,1.16919821256275
143.494,-0.0907578602693744,1.16656822999331
143.495,-0.09076893617417,1.1619354458531
143.496,-0.0907700982219014,1.1584118880836
143.497,-0.0907939396491672,1.15593621963207
143.498,-0.0908051749038997,1.15308357767779
143.499,-0.0908238233392776,1.14975709762634
143.5,-0.0908347755650786,1.14656670764046
143.501,-0.0908065314963887,1.14352520168108
143.502,-0.0908278336016012,1.14046751465463
143.503,-0.090812575943002,1.13739112586462
143.504,-0.0907959706384569,1.13420262266672
143.505,-0.0907934328833798,1.13087425773361
143.506,-0.0907775292393221,1.12766322686187
143.507,-0.0907334808089126,1.12453291809811
143.508,-0.0907044151393558,1.12130351559917
143.509,-0.0906663833197555,1.11800013124973
143.51,-0.0906359058359508,1.11472626312752
143.511,-0.0906338436232076,1.11147515831288
143.512,-0.0904927154759637,1.1083018002606
143.513,-0.0904847325275847,1.10518854078744
143.514,-0.0904325818592793,1.10202462039564
143.515,-0.0903860121225001,1.09881009239581
143.516,-0.0903308431269368,1.09543120926999
143.517,-0.0902842173336406,1.09186601847621
143.518,-0.0901958409492996,1.0887472085676
143.519,-0.0901601171321734,1.0858570767368
143.52,-0.0900430784839917,1.0826345012062
143.521,-0.0900055189101293,1.07898946436866
143.522,-0.0898900655808818,1.07551049090905
143.523,-0.0898230116200619,1.0723246917591
143.524,-0.0897230955277301,1.06902469646412
143.525,-0.0896041821077486,1.06550841041029
143.526,-0.0895165948127078,1.06196974741726
143.527,-0.0894217715581478,1.05839487128214
143.528,-0.0894163416720301,1.05490208924091
143.529,-0.0893082884779958,1.05149890371942
143.53,-0.0892134579745546,1.04808244590706
143.531,-0.0889704595812257,1.04465137227128
143.532,-0.0888053497621145,1.04134109958264
143.533,-0.088691979458365,1.03815376918589
143.534,-0.0885683620963064,1.03485930179082
143.535,-0.0884532687483089,1.03137871642848
143.536,-0.0882760970879283,1.02776429933444
143.537,-0.088062298725101,1.02392318015229
143.538,-0.0879076135183631,1.02024167085318
143.539,-0.0876891467440517,1.01668681957137
143.54,-0.087388292404495,1.01335490012187
143.541,-0.0871927535334552,1.01018978686319
143.542,-0.0869492192675138,1.00687573895749
143.543,-0.0866710037076835,1.00325190058137
143.544,-0.086442312779017,0.999693964245334
143.545,-0.0862284309778115,0.996304498274893
143.546,-0.0862172937099742,0.99287332420781
143.547,-0.0859415663467221,0.989169780208207
143.548,-0.0856907520334577,0.985239427918287
143.549,-0.0853820309659729,0.980089237792653
143.55,-0.0850002128181341,0.976468143261286
143.551,-0.0847004546233346,0.973498522891991
143.552,-0.0843976374679477,0.970091659106771
143.553,-0.0840913269464864,0.96642679033093
143.554,-0.0837843700844446,0.96276664782578
143.555,-0.0834336925608125,0.959109321012879
143.556,-0.0831016834652131,0.955938726479887
143.557,-0.0827564010213079,0.953049452607263
143.558,-0.0824156032566959,0.949682372554561
143.559,-0.0820888564168134,0.943899694431529
143.56,-0.0816878117570045,0.939801596635981
143.561,-0.0816753278623045,0.936734133868142
143.562,-0.0810658464194957,0.933188027941402
143.563,-0.0806213218911018,0.929322910759819
143.564,-0.0801997082359086,0.925754597664331
143.565,-0.0797819929562921,0.922354779319687
143.566,-0.0793277479155915,0.918756275136972
143.567,-0.0789188517194604,0.914784912055362
143.568,-0.0785579318377966,0.910764844140685
143.569,-0.0781320728191756,0.906658966907139
143.57,-0.0773773784304432,0.902762521596717
143.571,-0.0771864056188377,0.899007973475274
143.572,-0.0767186664021698,0.895387775242049
143.573,-0.0759903025065151,0.891857562072463
143.574,-0.0754553970718891,0.888126741545132
143.575,-0.0754261259824415,0.884164260216246
143.576,-0.074955660157599,0.880213460374063
143.577,-0.0744774216981516,0.876277376114486
143.578,-0.0739327112662259,0.872256156539377
143.579,-0.0733451080612438,0.868122320149628
143.58,-0.0727576041601002,0.864171876644117
143.581,-0.0719007232476342,0.860353894231741
143.582,-0.071324418031422,0.856821717056766
143.583,-0.0706748394820887,0.853506161394344
143.584,-0.0700799313382579,0.849666493369978
143.585,-0.0694313656431674,0.844413329226088
143.586,-0.0688011614894507,0.840184468881138
143.587,-0.0681623395872478,0.836852577035116
143.588,-0.0674337747260488,0.833242225150591
143.589,-0.0667728063956287,0.828809278531093
143.59,-0.0660818251148102,0.82456120666352
143.591,-0.066044212093905,0.820513397779693
143.592,-0.0650470054479458,0.816510414384252
143.593,-0.0642438858987596,0.812556238329961
143.594,-0.0634815581916356,0.808595258639314
143.595,-0.0625986955983507,0.804626185489357
143.596,-0.0619937321920055,0.800436908890272
143.597,-0.0611854857718982,0.795943713283475
143.598,-0.0604910221249926,0.791792909679228
143.599,-0.059294900145615,0.787838831295599
143.6,-0.0584738844518635,0.783914826307775
143.601,-0.0576337350676907,0.78001331813525
143.602,-0.0567433404584036,0.775774365413046
143.603,-0.0559367095013179,0.771158400244642
143.604,-0.0550803335550344,0.767030605935228
143.605,-0.0541937231876535,0.763143401204844
143.606,-0.0532928780472016,0.75945762032229
143.607,-0.052359598759633,0.755922836913759
143.608,-0.0515274348170628,0.752059078289512
143.609,-0.0501640394632238,0.747211219086598
143.61,-0.05004116083108,0.742501781538964
143.611,-0.05004116083108,0.738292317944883
143.612,-0.0482375206904123,0.734023780120255
143.613,-0.0474109737262595,0.729482644021768
143.614,-0.0464292686278885,0.725093612468027
143.615,-0.0454869796809184,0.721004408497792
143.616,-0.0444989709457256,0.716454480868717
143.617,-0.0435288155618169,0.710689671759597
143.618,-0.0419777399799984,0.707074810722138
143.619,-0.0409334853617765,0.7040993281923
143.62,-0.0398797798755182,0.700233885753921
143.621,-0.038899801234107,0.695384037222808
143.622,-0.0378659388505379,0.690781986088098
143.623,-0.0369133530876246,0.686526014899783
143.624,-0.0359192051077092,0.682235468648887
143.625,-0.0347700994505987,0.677893468708659
143.626,-0.0347081479652513,0.673207358598728
143.627,-0.0335902962526403,0.667917254560226
143.628,-0.0325148587451983,0.663817545951104
143.629,-0.0308807973497777,0.66041303339419
143.63,-0.0298048851996439,0.656292885377824
143.631,-0.0285608599321457,0.65146481854115
143.632,-0.0274651256231813,0.646889654836009
143.633,-0.0263334628028461,0.642468142455919
143.634,-0.0252287386910471,0.637842113306561
143.635,-0.0240880833629918,0.633070009157248
143.636,-0.0228615798013836,0.629140878309851
143.637,-0.0217047326745755,0.625523342782585
143.638,-0.0199200719196392,0.621456577231907
143.639,-0.0186424424577286,0.616455580845451
143.64,-0.0175100538558209,0.611614318428225
143.641,-0.0162480911923486,0.60718082629923
143.642,-0.0150502926540054,0.602596778194144
143.643,-0.0149867064273547,0.597647022123987
143.644,-0.0138947911101147,0.592851381037437
143.645,-0.0126871159344625,0.588252402865516
143.646,-0.0114092814335561,0.583703159262203
143.647,-0.0102241581423977,0.579210373107882
143.648,-0.00897809741298461,0.574784311748093
143.649,-0.00698009797878918,0.570439995228075
143.65,-0.00569356277259658,0.56595833360073
143.651,-0.00445019688513704,0.561213023670551
143.652,-0.00315007901544884,0.556383983412888
143.653,-0.00188412591883058,0.551366265580114
143.654,-0.000533473525109351,0.546882888320334
143.655,0.00083905030667919,0.542849954320248
143.656,0.0021619432061345,0.53860078807699
143.657,0.00227169733245713,0.533817336243387
143.658,0.00560312834336041,0.528928671312484
143.659,0.00588124671955848,0.523667125854081
143.66,0.00713245169367782,0.518696278826394
143.661,0.00842157158257162,0.514062696116543
143.662,0.00978295187484968,0.509642905434078
143.663,0.0111021246013746,0.505459421685611
143.664,0.0125528465470603,0.50091289851185
143.665,0.0139304908005988,0.495467708550373
143.666,0.0153214911155278,0.490357191271646
143.667,0.0167238882475805,0.485618999257403
143.668,0.0181879247221614,0.480886698192071
143.669,0.0203103640093302,0.47616140826745
143.67,0.0216565284273523,0.471212005187111
143.671,0.0231474580599503,0.465995001845407
143.672,0.024649653471093,0.461189138073742
143.673,0.0260292791000909,0.456578844658475
143.674,0.0274367265738374,0.451883504122968
143.675,0.0288913712172368,0.44713616586357
143.676,0.0304796522732308,0.442336538750226
143.677,0.0319250875522101,0.437504637155317
143.678,0.0334401023952096,0.432729886537983
143.679,0.0355672235930026,0.427999637694981
143.68,0.0357023709359713,0.423228643238313
143.681,0.0371786512497047,0.418414320105501
143.682,0.0385458576211755,0.41350739333281
143.683,0.0400698725783438,0.408482131238072
143.684,0.0415802613537982,0.403254052854746
143.685,0.0430731894903106,0.397788469149886
143.686,0.0446203089928309,0.392725472305538
143.687,0.0461636773035253,0.387859620545689
143.688,0.0475555694472455,0.38302823819842
143.689,0.0491593764673105,0.378215969481865
143.69,0.0506748923923371,0.373266603923489
143.691,0.0530153189999684,0.36823082977626
143.692,0.0544855549030471,0.363408059613589
143.693,0.0559112329694614,0.358705848092721
143.694,0.055948356853495,0.353842088941049
143.695,0.055948356853495,0.348819958840484
143.696,0.0589077011563072,0.34365107275646
143.697,0.0606401205604296,0.338325659220401
143.698,0.0622156916146125,0.33317653591658
143.699,0.0638414679393366,0.3281463932009
143.7,0.0661898156795018,0.323080922180254
143.701,0.0677482338999813,0.317988566999009
143.702,0.0693372193217779,0.313342466281077
143.703,0.0708158318654821,0.309008691310626
143.704,0.0725112923474022,0.304166208838734
143.705,0.0742308766886131,0.298161606010149
143.706,0.0758340964029137,0.292490579363147
143.707,0.0774532376296532,0.287560054635423
143.708,0.0790539605959978,0.282558135276616
143.709,0.0806171636591307,0.2773842005362
143.71,0.0830785370809911,0.272202710676702
143.711,0.083275564864307,0.267000351708429
143.712,0.0847974484120967,0.261326305478993
143.713,0.0864946184550591,0.254091583439487
143.714,0.0879998730645651,0.249754227287933
143.715,0.0896847470019915,0.246394574231053
143.716,0.0914206901899989,0.242494401676266
143.717,0.0931217519868152,0.235517015524722
143.718,0.0946942544644642,0.228882642176646
143.719,0.0963845265748878,0.223001598835788
143.72,0.098851510895677,0.21835877833156
143.721,0.100598776612784,0.214735888892907
143.722,0.102269423172904,0.210485708741584
143.723,0.104000262085679,0.204456713387505
143.724,0.105618091215944,0.198566339842053
143.725,0.107293709797442,0.193173406789659
143.726,0.108950027075457,0.187646843760307
143.727,0.110793480999403,0.181463051975804
143.728,0.110844598916722,0.176334155082033
143.729,0.112601302745811,0.172559839388582
143.73,0.115061174219316,0.172825748602009
143.731,0.116645571514884,0.178147868336723
143.732,0.118303599553489,0.183898171852228
143.733,0.120032317432387,0.190650712051098
143.734,0.121862019005081,0.196624324147055
143.735,0.123496904432327,0.201703281533197
143.736,0.125131634862958,0.206909662215925
143.737,0.1268979935136,0.212196841397143
143.738,0.129124897700565,0.217130100592777
143.739,0.130661405718603,0.221800135999935
143.74,0.132210030149195,0.22727415762804
143.741,0.133674642734932,0.235018291108387
143.742,0.134984375842344,0.241250881999813
143.743,0.136225617292964,0.245959505443565
143.744,0.137478226485822,0.251090231756192
143.745,0.137549910168295,0.256642648929042
143.746,0.138588478077725,0.262325987904856
143.747,0.139744523109444,0.268155631590971
143.748,0.14074368569763,0.273636591853865
143.749,0.142355519045063,0.278716778600476
143.75,0.143204568891269,0.284252851475702
143.751,0.144013841808426,0.291920487495396
143.752,0.144751509419885,0.297450895070909
143.753,0.145531812284785,0.301790583663862
143.754,0.146411538112297,0.306762160754353
143.755,0.147033734058829,0.312090699668826
143.756,0.147631269967928,0.317163941370055
143.757,0.148294600697625,0.322100796649187
143.758,0.148934296433506,0.327312733020522
143.759,0.150097150290886,0.333147164931729
143.76,0.150451064965404,0.33873220767851
143.761,0.150472563796307,0.343811416658071
143.762,0.150952803094741,0.34931993789957
143.763,0.151437512093636,0.356694018130316
143.764,0.151660266661382,0.361898028315917
143.765,0.15211139436604,0.365888812135268
143.766,0.152477243021094,0.370471067791742
143.767,0.152914622677709,0.376131461139879
143.768,0.153456461404815,0.381856644903137
143.769,0.154925003703124,0.387705954474391
143.77,0.155827329511279,0.393179440171982
143.771,0.157176168199265,0.398381677571313
143.772,0.158635112985215,0.403546213759838
143.773,0.160314163865458,0.408681466306165
143.774,0.162173881820752,0.413836850526151
143.775,0.163983493442077,0.419007384274366
143.776,0.16654172806349,0.424234965135457
143.777,0.166675600331168,0.429519011137419
143.778,0.16831763024009,0.434659398963601
143.779,0.169956144734076,0.439637973535889
143.78,0.171515528886414,0.44473897958515
143.781,0.172975523501571,0.45007839149624
143.782,0.174347843475646,0.455422585261205
143.783,0.175717474418386,0.46077642916822
143.784,0.176985695118279,0.466357139755675
143.785,0.178320824304514,0.472410478365402
143.786,0.180151092534969,0.477660299039476
143.787,0.181597180531388,0.482257793148609
143.788,0.182990190200451,0.486506198213866
143.789,0.184378487613632,0.490642901886501
143.79,0.185824345633583,0.495284038249273
143.791,0.187263874558574,0.501020959785502
143.792,0.188701170132674,0.506483000643172
143.793,0.190202241580782,0.511172532420976
143.794,0.190092243069713,0.515894653854008
143.795,0.190077927102496,0.522643528183139
143.796,0.192968521517094,0.528305268145185
143.797,0.194668361260523,0.532529329395299
143.798,0.196647239531351,0.537125424497436
143.799,0.197963924846572,0.542219484651247
143.8,0.199157732210221,0.547892026451976
143.801,0.200377878469581,0.554709086098418
143.802,0.201537955400875,0.558788375742065
143.803,0.202737649169423,0.562248614522457
143.804,0.204001995558476,0.566683440421509
143.805,0.205243629177274,0.572207747887543
143.806,0.206388160454331,0.577394022086432
143.807,0.207992008626786,0.582001258223377
143.808,0.209068065109146,0.58670017977198
143.809,0.210341976800777,0.591632036963752
143.81,0.211461989074891,0.596566667258042
143.811,0.211592838957733,0.60150999238145
143.812,0.212817809289516,0.606422877618258
143.813,0.214073638258607,0.611232910050013
143.814,0.215310839707252,0.616223179478502
143.815,0.216636492439215,0.622781294390282
143.816,0.21859393359321,0.627927677957331
143.817,0.220011941943344,0.631986396303154
143.818,0.221230703697309,0.636566921320097
143.819,0.222388707485979,0.641550795734836
143.82,0.223702559379434,0.646337523371097
143.821,0.22502103014588,0.650946437000365
143.822,0.226248398695398,0.65561904863584
143.823,0.227433434438019,0.660359839645408
143.824,0.228644138249305,0.665131642585858
143.825,0.22992301067858,0.669932389209884
143.826,0.231589271619538,0.674756905437917
143.827,0.232995964715744,0.679609846573728
143.828,0.233019784178712,0.684722198969289
143.829,0.23402683894183,0.690165601167062
143.83,0.23512976692112,0.694702529998291
143.831,0.236340421717758,0.698713001050391
143.832,0.237418415564967,0.702902402717307
143.833,0.238580193471187,0.707201753751174
143.834,0.239678061566255,0.711917090530652
143.835,0.240714646352571,0.717356415192549
143.836,0.241773438062395,0.7225326457345
143.837,0.243417698634658,0.727515252286883
143.838,0.244442455612406,0.732052787215336
143.839,0.245404204763898,0.73645088824171
143.84,0.246321953243793,0.740256287933501
143.841,0.24732733302139,0.743842076167116
143.842,0.24828828025787,0.748109740300791
143.843,0.249300288542537,0.755434240238402
143.844,0.25021223039331,0.760213252259859
143.845,0.250258768275671,0.763855644831052
143.846,0.251166746053017,0.767675919009068
143.847,0.252166431196294,0.771592893476452
143.848,0.253546278078686,0.775960089491878
143.849,0.25439137018928,0.781264760271087
143.85,0.255363824521068,0.78629579678544
143.851,0.256250643145508,0.790748675007071
143.852,0.257133701973977,0.795213170365323
143.853,0.257955263883906,0.799702195110267
143.854,0.25875629682132,0.804360282470338
143.855,0.259558397526773,0.809401300964902
143.856,0.260693132636718,0.81378371887467
143.857,0.261512669987592,0.817620157673781
143.858,0.262276741840287,0.821786097588633
143.859,0.262984207726813,0.826343908537156
143.86,0.263782393452162,0.830741147909147
143.861,0.263829575226699,0.834948630105695
143.862,0.264475366276408,0.839386483251442
143.863,0.265195476233523,0.844804726947719
143.864,0.265801589774444,0.849407673840885
143.865,0.266493334376768,0.853057452700365
143.866,0.267083810192371,0.857011458397214
143.867,0.267956055887058,0.861386551843151
143.868,0.268529533322296,0.865741052322738
143.869,0.269081170579425,0.870049595938263
143.87,0.269682602355622,0.874504562486413
143.871,0.270204130409492,0.879383615811359
143.872,0.270773080146607,0.883956622291663
143.873,0.271284268339312,0.888176745678706
143.874,0.271741373842474,0.892365543236478
143.875,0.272244483439551,0.896518722964758
143.876,0.272704321981523,0.900638691380449
143.877,0.273140306086523,0.904716464818681
143.878,0.273736500413806,0.908816423079149
143.879,0.274169410670962,0.912957114316726
143.88,0.274177266875011,0.917122693329529
143.881,0.274509525644847,0.921338617280764
143.882,0.274853287737461,0.925532833496583
143.883,0.275218309577669,0.929654418830056
143.884,0.275585765567699,0.934016283070496
143.885,0.27588885820969,0.939815481832171
143.886,0.2761976579466,0.943672364556613
143.887,0.276488362614169,0.946482339233341
143.888,0.276782673640793,0.950053826673906
143.889,0.277159203700626,0.955186803194608
143.89,0.277394795511152,0.959706366318019
143.891,0.277656740517978,0.963559041545869
143.892,0.277865269242442,0.967707720915979
143.893,0.278073225958362,0.972295827308053
143.894,0.27826307860765,0.976438305978549
143.895,0.2784210968091,0.980305525516101
143.896,0.27857478069435,0.984176927909914
143.897,0.27869061328497,0.988051429047442
143.898,0.278697221789286,0.992066063504513
143.899,0.278845343896194,0.99623998600619
143.9,0.278939375657049,1.00041548449842
143.901,0.279015672884038,1.00459278540317
143.902,0.279051816670276,1.00859994421552
143.903,0.279068083081864,1.01238839129067
143.904,0.279128028820446,1.01636221025858
143.905,0.2791530991528,1.02065039899406
143.906,0.279187483883272,1.02469392448595
143.907,0.27923553284527,1.02855174009098
143.908,0.279253231616843,1.03247671331249
143.909,0.279301640774584,1.03645248355931
143.91,0.279303686741479,1.04033751653134
143.911,0.279304993621829,1.04415435695371
143.912,0.279326769477192,1.04818104717672
143.913,0.279327144456715,1.05242908158345
143.914,0.279328361238699,1.05632731700451
143.915,0.279304394487836,1.06006518564319
143.916,0.279323559630492,1.06389673378493
143.917,0.279275161471055,1.06777627374666
143.918,0.279295141173851,1.07166781278101
143.919,0.279283979591942,1.0755657200551
143.92,0.279259770375187,1.07906878010984
143.921,0.279259777646364,1.08236153469098
143.922,0.27923680935395,1.08603095477548
143.923,0.279205198266625,1.09026786817875
143.924,0.279180172921558,1.09435444164296
143.925,0.279129540881212,1.09813037598954
143.926,0.279073428867994,1.10189532490648
143.927,0.279001750488032,1.10563652416625
143.928,0.278946558026362,1.10968825122914
143.929,0.278941885420731,1.11474623565218
143.93,0.278882140455255,1.11798614022682
143.931,0.278777689624953,1.1205808593738
143.932,0.278721142215658,1.12392683610057
143.933,0.278609256639301,1.12822449800777
143.934,0.278525491133031,1.1322754949599
143.935,0.278419549934865,1.13594951146543
143.936,0.278231880349166,1.13970215528713
143.937,0.278138911064837,1.14357634056915
143.938,0.278041920386763,1.14724760786613
143.939,0.277929901378542,1.15076421106241
143.94,0.277821820285605,1.15427312183519
143.941,0.277708574688772,1.15777603489636
143.942,0.277612741714122,1.16148661712902
143.943,0.277504898481132,1.16534704089325
143.944,0.277367529892681,1.16839418996366
143.945,0.277259229125386,1.17116269711215
143.946,0.277253795589504,1.17446731517433
143.947,0.277159862219648,1.18011650159565
143.948,0.27705065740405,1.18365271612101
143.949,0.276858694235469,1.18614260133405
143.95,0.276761315467211,1.18924343179851
143.951,0.276647654368239,1.19316583608103
143.952,0.276543738978462,1.19695127746986
143.953,0.276440629304465,1.20043729423938
143.954,0.276357884847575,1.20398497597763
143.955,0.276257948682867,1.20767577370399
143.956,0.276192242868088,1.21118066294024
143.957,0.276119679709503,1.21449102175523
143.958,0.276037308575969,1.21780442245207
143.959,0.275888535273959,1.22112203774812
143.96,0.275803969176122,1.22446741132085
143.961,0.275730787757939,1.22786348969305
143.962,0.27562883319161,1.2312491211083
143.963,0.27554101771838,1.23461402243739
143.964,0.275445504275354,1.2380006974879
143.965,0.275357789753815,1.2414399648124
143.966,0.275356672707104,1.24489476498209
143.967,0.275247300157681,1.24839006696038
143.968,0.27510368120576,1.25186508056438
143.969,0.27501625403887,1.25527148867653
143.97,0.2749186470884,1.25874770919796
143.971,0.274806074560919,1.2624434939827
143.972,0.274708128025916,1.26594087510335
143.973,0.274596287889846,1.26918525186055
143.974,0.274519078697897,1.27238961688157
143.975,0.274442110205212,1.27554425418972
143.976,0.274347308448723,1.278825224454
143.977,0.274243174690578,1.28226835616475
143.978,0.27412190018821,1.28561135939315
143.979,0.274024660031461,1.28882314283209
143.98,0.273898247281044,1.2922222429695
143.981,0.273895441621234,1.29599008278679
143.982,0.27381118092156,1.29915823864184
143.983,0.273691945049188,1.30188133179715
143.984,0.273609666207278,1.30488357859093
143.985,0.273519974715048,1.30808357209815
143.986,0.273414319923643,1.31122423466168
143.987,0.273214811749005,1.31429966165084
143.988,0.273079603249783,1.31751188274342
143.989,0.272944588320886,1.32088562021092
143.99,0.272835409161342,1.32401854585475
143.991,0.272731511547954,1.32701749557206
143.992,0.272606871933958,1.33014557771209
143.993,0.272457452985629,1.33338067505507
143.994,0.272353187363427,1.33661338000637
143.995,0.272123294974683,1.33984429490589
143.996,0.271918293709359,1.34284530402217
143.997,0.271907852199906,1.34566827354841
143.998,0.271780023598609,1.34857009330295
143.999,0.271595890791844,1.35163961404487
144,0.271434511358124,1.35469599043884
144.001,0.271323246420055,1.35771960660858
144.002,0.271118604916301,1.36103886226806
144.003,0.270972781700866,1.36526100183439
144.004,0.27067025095854,1.36849277837404
144.005,0.270462127887616,1.37129248827177
144.006,0.270249789237208,1.37340942459095
144.007,0.270040602142622,1.37552636091013
144.008,0.269826624715991,1.3779881041553
144.009,0.269630003057852,1.38144484239702
144.01,0.269434950235231,1.38479947952342
144.011,0.269411235751366,1.38778564161903
144.012,0.269254230736819,1.39075185401852
144.013,0.269001118380298,1.39365380612198
144.014,0.268778588872267,1.39663434101376
144.015,0.268347224260611,1.39989838916866
144.016,0.268076788557707,1.40292992408035
144.017,0.267835723591312,1.40566933394774
144.018,0.267546811904199,1.40844248597838
144.019,0.2672482405097,1.41128353156287
144.02,0.266975060637196,1.41418982265416
144.021,0.266708014315511,1.41723416929815
144.022,0.266406395440277,1.42008727672268
144.023,0.266095936397364,1.42271830838621
144.024,0.265789889766283,1.42537882875242
144.025,0.265262337600427,1.42808360087895
144.026,0.264931456765873,1.43092084835768
144.027,0.264593586528415,1.4341038371868
144.028,0.264240778919708,1.43705654065561
144.029,0.264211734714258,1.43976640622727
144.03,0.263874531000034,1.44246914248442
144.031,0.263539225724283,1.44516257015624
144.032,0.263190304813469,1.44787036732437
144.033,0.262801067543963,1.45059884125689
144.034,0.262449523255782,1.45325784601814
144.035,0.262020420192484,1.45582163962844
144.036,0.261633929745869,1.45853999415624
144.037,0.261222359854039,1.46155619586798
144.038,0.260556500218656,1.46430219217119
144.039,0.260115492648445,1.46684979795204
144.04,0.259737855874342,1.46956804706771
144.041,0.259287228677405,1.47244259561297
144.042,0.258796423491584,1.47493553861388
144.043,0.25834130701431,1.47728354379759
144.044,0.257872308770124,1.47977880659158
144.045,0.257859592528213,1.48244927753859
144.046,0.257418648570505,1.4850542744148
144.047,0.256617340316932,1.48758260228158
144.048,0.256211586723571,1.49013522502718
144.049,0.255708713681669,1.49273256322818
144.05,0.255330684443828,1.49537887244145
144.051,0.254788177537707,1.49811591905804
144.052,0.254235037650688,1.50076011013371
144.053,0.253689374754514,1.50329128788497
144.054,0.253159431017424,1.50592623824766
144.055,0.252274560505922,1.50869849831967
144.056,0.251745357428116,1.51119056316087
144.057,0.251250633270395,1.51354548872958
144.058,0.25067261479311,1.51568210581237
144.059,0.250169408655199,1.51768317420377
144.06,0.249610915853323,1.51986960899189
144.061,0.248974796938893,1.52265980796997
144.062,0.248424435863717,1.52543962056335
144.063,0.248394482023281,1.5281593108485
144.064,0.247861944994023,1.53074073971156
144.065,0.247251269257193,1.53307471173464
144.066,0.246308317970336,1.53539565061383
144.067,0.245701188789084,1.53768474406931
144.068,0.245107995005036,1.54001908227471
144.069,0.244550407469956,1.54252563456419
144.07,0.243950843814879,1.545057842346
144.071,0.243320333250917,1.54764589775176
144.072,0.24269250080682,1.55000113833978
144.073,0.242102466235137,1.55215381929916
144.074,0.241497866474632,1.55432323438359
144.075,0.240827999128413,1.55651415460237
144.076,0.239842936187053,1.55883764823375
144.077,0.239159641897516,1.56136211284751
144.078,0.238513013060683,1.56365284931937
144.079,0.237908803989566,1.56573043354024
144.08,0.237860724856186,1.56792757336367
144.081,0.237860724856186,1.57045719355431
144.082,0.236694576131846,1.57273596260005
144.083,0.236032498724909,1.57472930115309
144.084,0.23542035598609,1.57677911971555
144.085,0.23436268270824,1.57905229790846
144.086,0.233670281569377,1.58137606643818
144.087,0.23303290370831,1.58391950238244
144.088,0.23243906216985,1.58625556151607
144.089,0.231873744891807,1.58827112591988
144.09,0.231281750744931,1.59029318466969
144.091,0.230635104599773,1.59232928592731
144.092,0.229917921191784,1.59445572636747
144.093,0.229208556728007,1.59683136244561
144.094,0.228552955914645,1.5991913637922
144.095,0.227531197984747,1.60153348375995
144.096,0.22684694389185,1.60356820062503
144.097,0.226831154547385,1.60542545679129
144.098,0.226185616255952,1.60734413121992
144.099,0.225651468414659,1.60934760604506
144.1,0.225063951468327,1.61137828600861
144.101,0.224395358670007,1.61346108968576
144.102,0.223773279759094,1.61562771114597
144.103,0.223024636336771,1.61795431184978
144.104,0.222324504556393,1.62002735996358
144.105,0.221641495031166,1.62190891985642
144.106,0.220627075564454,1.62395783688241
144.107,0.219943810082778,1.62618463502392
144.108,0.219395396305654,1.62817972383666
144.109,0.218633789760872,1.630092900793
144.11,0.218087766439297,1.63201549784553
144.111,0.217450074679281,1.63394294664702
144.112,0.21676969049368,1.6358643500317
144.113,0.216102050709816,1.63778167674532
144.114,0.215142529297407,1.63972594952152
144.115,0.215077908558987,1.64169037464344
144.116,0.2144345986385,1.64356917508256
144.117,0.213797704797265,1.64537477931948
144.118,0.213163348271376,1.64721979775263
144.119,0.212637636348899,1.64911740360166
144.12,0.212023397936641,1.65106568560926
144.121,0.21139683327496,1.65308661822423
144.122,0.21074581102695,1.65496622428493
144.123,0.210180051371358,1.65674372974981
144.124,0.209559049645592,1.65851313462555
144.125,0.208605755640594,1.66027604353936
144.126,0.207914623658266,1.66197615543706
144.127,0.207322197753631,1.66361588739575
144.128,0.206650002202994,1.66545327497178
144.129,0.206613871106453,1.66784196235451
144.13,0.206033716128043,1.66977853235082
144.131,0.205427376612069,1.67119600419542
144.132,0.204807364021946,1.67282425813449
144.133,0.204141091233548,1.67472506640058
144.134,0.203535787912255,1.67659010031798
144.135,0.202565530855866,1.67842806725908
144.136,0.201884688295894,1.68005351538213
144.137,0.201266948583814,1.68158615053339
144.138,0.200599549361448,1.68311711926094
144.139,0.199980380114979,1.68464617364402
144.14,0.199371030061864,1.68631406855053
144.141,0.198740156095862,1.68876665021525
144.142,0.198075678589254,1.6904344758363
144.143,0.197479807910727,1.69153817274672
144.144,0.197438646162822,1.69296715820622
144.145,0.196843265940052,1.69564673509317
144.146,0.19585482904347,1.69706815402779
144.147,0.195175731928441,1.69806946994786
144.148,0.194582118470958,1.6992030949624
144.149,0.193929141105152,1.70104652211315
144.15,0.19328302217417,1.70292256736859
144.151,0.192658063386403,1.70511987513749
144.152,0.192013442159375,1.7068076180015
144.153,0.191406489350699,1.7081129872914
144.154,0.19044073646927,1.70951479328608
144.155,0.189721346377247,1.71098836041587
144.156,0.189047794011679,1.71257456469476
144.157,0.188390884647203,1.71425575662108
144.158,0.187724611216662,1.71576369084965
144.159,0.187082057849077,1.71721793455846
144.16,0.186448276895408,1.71846040034637
144.161,0.185737918113916,1.71963027678468
144.162,0.185025847567891,1.72094600911902
144.163,0.184325957750528,1.72277211004712
144.164,0.183728771137012,1.72454260223462
144.165,0.183707277635541,1.72619278665053
144.166,0.182643984318481,1.72748398590021
144.167,0.182004736912692,1.72848696798729
144.168,0.181294323015708,1.72966079085105
144.169,0.180583509105442,1.73129229302549
144.17,0.179868401805431,1.73290507712169
144.171,0.179170454845087,1.73446099363892
144.172,0.17845893937345,1.73587039049268
144.173,0.177778316598447,1.7371112007227
144.174,0.17667876536963,1.73836001697524
144.175,0.176001125056186,1.73962398727487
144.176,0.175279521138211,1.74093970912467
144.177,0.174565581875068,1.74236956484293
144.178,0.173857076418381,1.74369230305148
144.179,0.173092500516372,1.74486948436031
144.18,0.172359853587963,1.74609211890408
144.181,0.17233956016934,1.74775723194181
144.182,0.17167876639609,1.7491135036405
144.183,0.170480985093794,1.75014028987067
144.184,0.169811761071983,1.75127838643513
144.185,0.168946141381349,1.75259643156789
144.186,0.16829362719237,1.75387591526116
144.187,0.167504437284817,1.75510082229903
144.188,0.166794280357698,1.75634901482787
144.189,0.166112160543913,1.75762875515784
144.19,0.165334919068748,1.7588175072948
144.191,0.164493361502535,1.75995090281468
144.192,0.163647112376055,1.76095736220981
144.193,0.162783226354907,1.76187875825539
144.194,0.161588678072648,1.76285241141465
144.195,0.160745250358166,1.76458566562852
144.196,0.160069272023943,1.76594581768882
144.197,0.160016645210738,1.76686974380769
144.198,0.159255874677206,1.76788071422915
144.199,0.158397140052938,1.76899117813611
144.2,0.15761811071425,1.77008627656844
144.201,0.15679755335558,1.77116111051532
144.202,0.155900843378565,1.77228789573107
144.203,0.155110387636789,1.77348416215861
144.204,0.153806372173764,1.77458191937211
144.205,0.152934053599359,1.77561198510324
144.206,0.152121512999254,1.77659461876848
144.207,0.15136410170381,1.77754163953782
144.208,0.150511592989159,1.77855393625356
144.209,0.149687092580559,1.77964435874835
144.21,0.148789990452484,1.78065246630131
144.211,0.147875054530387,1.78161519858893
144.212,0.147013617981022,1.78256202279622
144.213,0.146082035178353,1.78349700512841
144.214,0.145206964287021,1.78443502443371
144.215,0.144330275722818,1.78537615131215
144.216,0.14430358607872,1.78633192747456
144.217,0.143065980212683,1.78730550126564
144.218,0.142152369631583,1.78824662830655
144.219,0.141131140093069,1.7891505284762
144.22,0.140261009076955,1.79009691329398
144.221,0.139376856850541,1.79109987150507
144.222,0.138578976121957,1.79199844967292
144.223,0.137719564964451,1.79283042421491
144.224,0.136800761162598,1.7936614346224
144.225,0.135371188645507,1.79449168990076
144.226,0.134687058491496,1.79531529708658
144.227,0.133691232634968,1.79613297894616
144.228,0.132757799124468,1.7969491061172
144.229,0.131861296410801,1.79776362607094
144.23,0.131820675455787,1.79855524136362
144.231,0.130087874632474,1.79932018800607
144.232,0.12909655833816,1.80008844914005
144.233,0.129047872276173,1.80086257487005
144.234,0.128098059347645,1.80164018909934
144.235,0.127248669191107,1.80242458900718
144.236,0.125853353764673,1.80319773366994
144.237,0.125012502723762,1.80395119266018
144.238,0.124157746477514,1.8047206594023
144.239,0.12319958763574,1.80551232438527
144.24,0.122357415755359,1.80620863081107
144.241,0.121360426007923,1.80685490553836
144.242,0.120523133025701,1.80745584239667
144.243,0.119580614316024,1.80802582600368
144.244,0.118707834786545,1.80870493430343
144.245,0.117805151291258,1.80961391233437
144.246,0.116529530710168,1.81025758989039
144.247,0.115591575188483,1.81068853781065
144.248,0.114672181895816,1.81117356438171
144.249,0.114616111843678,1.81191336956265
144.25,0.113767644699763,1.81263184110379
144.251,0.112795610360968,1.81326422759238
144.252,0.111871671755999,1.81387967607592
144.253,0.111092178600376,1.81445838871071
144.254,0.110225162948213,1.81502907663455
144.255,0.109317780663115,1.81558188281718
144.256,0.108425092106335,1.81613963404953
144.257,0.107116130231192,1.81671007981242
144.258,0.106240853608358,1.81725333183454
144.259,0.105393414318583,1.81776553773223
144.26,0.104614448463181,1.81825943039909
144.261,0.103610263384768,1.81873142182102
144.262,0.102757464468194,1.81923905475968
144.263,0.101870555561346,1.81980922472068
144.264,0.101081805632048,1.82023650917153
144.265,0.100191467166471,1.82056534063713
144.266,0.100131943307487,1.82099125623023
144.267,0.0981268566295298,1.82168176578871
144.268,0.097972882255411,1.82209872960242
144.269,0.0971175771981846,1.82242085119289
144.27,0.096252954194994,1.822758428593
144.271,0.095422327819587,1.82310644882204
144.272,0.0945541886326516,1.82347989384955
144.273,0.0937045121503697,1.82391449390561
144.274,0.092908979927519,1.82433672018908
144.275,0.0920533605242847,1.82472406580381
144.276,0.090795392791906,1.82508859785466
144.277,0.0899092943440295,1.82542573788598
144.278,0.0890897988344043,1.82575498705949
144.279,0.0883080551427567,1.82607119986648
144.28,0.0875369552169433,1.82638278887476
144.281,0.0867003239369514,1.82668297548812
144.282,0.0858516523015328,1.82697787770975
144.283,0.0858086696075994,1.82725851435576
144.284,0.0858086696075994,1.82753312153372
144.285,0.0841272679760475,1.82778785580401
144.286,0.0829038126895819,1.82804606500124
144.287,0.0820169888513806,1.82831960695303
144.288,0.0812058145240406,1.8285700430603
144.289,0.080377754344226,1.82878532838045
144.29,0.0795420503589914,1.82899498297962
144.291,0.0787214562736378,1.82919467090223
144.292,0.077909789496689,1.82939707712109
144.293,0.0766972223940986,1.82960460767117
144.294,0.075816216842301,1.82978810131336
144.295,0.0749935051030312,1.82995452148766
144.296,0.0742263683395993,1.83010808155541
144.297,0.0734116659225815,1.83025189504152
144.298,0.0725828617813854,1.83039034166215
144.299,0.071700188831776,1.83052333078206
144.3,0.0709963290373247,1.83064466001121
144.301,0.0709358368911032,1.83075740861855
144.302,0.0701755056445593,1.830857060263
144.303,0.0692154289521902,1.8309473121614
144.304,0.0684068354212185,1.83102512880476
144.305,0.0670837776547452,1.83109376932742
144.306,0.0663059237691636,1.83115146523527
144.307,0.0654635892073532,1.8312008018982
144.308,0.0646960329400207,1.83123758263888
144.309,0.0638833385733762,1.83126483482299
144.31,0.0637987827218657,1.83128819834386
144.311,0.0622459047130136,1.83130248778973
144.312,0.0613115059523451,1.83130458500806
144.313,0.0604706813794796,1.83129733225377
144.314,0.0593309896594627,1.8312794894323
144.315,0.0584491885574904,1.83125224170125
144.316,0.0575829279388506,1.83121528699009
144.317,0.0575354097289084,1.83116934650002
144.318,0.0567593736809172,1.83111785876094
144.319,0.0558805426667249,1.83105991683448
144.32,0.0551555734035379,1.83098938508474
144.321,0.0542455440201516,1.83085393384323
144.322,0.0533974280617681,1.83075130779517
144.323,0.0525298220823774,1.83066822806595
144.324,0.0512824468020012,1.83057121066168
144.325,0.05045023423724,1.83046415761194
144.326,0.0495960825411309,1.83033689429164
144.327,0.0488326797339079,1.83016393053901
144.328,0.0479721127218936,1.82999406214612
144.329,0.0472095624122678,1.82982935348391
144.33,0.0463394971140793,1.8296584742403
144.331,0.0455045993929258,1.82947547904622
144.332,0.044548571276371,1.82928607924989
144.333,0.0444896065337971,1.82907850526485
144.334,0.0425608280762216,1.82884539556995
144.335,0.0424478518748815,1.82854155096536
144.336,0.0416299601976359,1.82833779687911
144.337,0.0407828460904683,1.82816743107912
144.338,0.0399364451174765,1.82792843928847
144.339,0.0391435405556503,1.82758671589096
144.34,0.0382735725776976,1.82732899899337
144.341,0.037420337789507,1.82713213441554
144.342,0.0365683175191658,1.82687665738132
144.343,0.0357661786452522,1.82648980475105
144.344,0.0344635483234753,1.82612901756232
144.345,0.033535833683606,1.82579255560089
144.346,0.0326617438608076,1.82546586761697
144.347,0.0317702503298801,1.82514383959114
144.348,0.030970820679956,1.82480047636295
144.349,0.0300908418693692,1.82444301932136
144.35,0.029204400039307,1.82407148024329
144.351,0.0283939108468921,1.82368962048235
144.352,0.0275914803356686,1.82332121974153
144.353,0.0275218521497453,1.82296308887176
144.354,0.0262487313229997,1.82256855812812
144.355,0.0252838969276906,1.82208825201688
144.356,0.0243837600244986,1.82163727651821
144.357,0.0235537044271238,1.82121458567621
144.358,0.0226779799237714,1.82078095417763
144.359,0.0217901243135573,1.82033507367645
144.36,0.0209942687650014,1.81987959077065
144.361,0.0201256867054475,1.81941256210829
144.362,0.0187704164653203,1.81893854917019
144.363,0.017908777587368,1.81845337100073
144.364,0.0171202452704715,1.81795500295211
144.365,0.0161579354725679,1.81742628635614
144.366,0.0153485519147399,1.81689442445897
144.367,0.0144597469176621,1.81635553849936
144.368,0.0135837407166848,1.81580511496617
144.369,0.0135409207540901,1.81522751136911
144.37,0.0127499614713007,1.8146508975939
144.371,0.0118773856346457,1.81407610202515
144.372,0.0109721937185191,1.81347797087307
144.373,0.0097161337631827,1.81282931113037
144.374,0.00895431196243279,1.81220563722277
144.375,0.00810230992445315,1.81160983388778
144.376,0.00727713544270536,1.81099788445903
144.377,0.0063821117607451,1.81036644386512
144.378,0.0055821092628453,1.80973551887946
144.379,0.00469074215634213,1.80910519308755
144.38,0.00384608242957618,1.80846245622013
144.381,0.0029192999063461,1.80779332681473
144.382,0.00207457357566476,1.80711261162384
144.383,0.000786452172057417,1.80640479642653
144.384,1.10877330813386e-05,1.80569158350691
144.385,-0.000796299936646538,1.80496679366972
144.386,-0.00163876509225236,1.80424475368489
144.387,-0.00168581161507853,1.80352853690919
144.388,-0.00248272958695372,1.80275542390046
144.389,-0.00328381815321943,1.80180150642017
144.39,-0.00413018410087262,1.80110477475075
144.391,-0.00496945769821611,1.80056693847022
144.392,-0.00577190962691543,1.79991755014492
144.393,-0.00698598026059216,1.79904459431749
144.394,-0.00787218742725526,1.79817978866032
144.395,-0.00865843532731669,1.797341937715
144.396,-0.00946057950829637,1.7964689848894
144.397,-0.010290560254825,1.79547686903936
144.398,-0.011105700614347,1.79459452952133
144.399,-0.0111472457084832,1.79384564518443
144.4,-0.0130768014473154,1.79305769714147
144.401,-0.0132186544680678,1.79221876825708
144.402,-0.0135558739171379,1.79136155662819
144.403,-0.0147791245003358,1.79046583398435
144.404,-0.0155956095869335,1.7895603642284
144.405,-0.0164332297196671,1.78863174664981
144.406,-0.0171639869240271,1.78767899038984
144.407,-0.0179455136266259,1.78663965287406
144.408,-0.0187316112581624,1.78565489231116
144.409,-0.019459742288687,1.78473552779991
144.41,-0.0202604721043568,1.78380178661245
144.411,-0.0210749065103492,1.78284946471587
144.412,-0.0221500905577102,1.78194034514147
144.413,-0.0229417751887264,1.78108041526914
144.414,-0.0237723100048536,1.78020534685465
144.415,-0.0245481547002093,1.77912483569206
144.416,-0.0252871672496652,1.7780343605897
144.417,-0.0260487676080916,1.77684896719852
144.418,-0.0261120730203476,1.77573355247104
144.419,-0.0275813273799824,1.77482373837313
144.42,-0.027661034088677,1.77376382539885
144.421,-0.0283509166210839,1.77224496370644
144.422,-0.0293977727173428,1.77133617196426
144.423,-0.0301633588072944,1.77059760734626
144.424,-0.0309463861974174,1.76962552937259
144.425,-0.0316634268691304,1.76838103571617
144.426,-0.0324354276099544,1.7671715487803
144.427,-0.0331556609521674,1.76601180461254
144.428,-0.0338725359374098,1.76488798657508
144.429,-0.0345651029466022,1.76379299438836
144.43,-0.0352599860920394,1.76265603581692
144.431,-0.0359472735436071,1.7614619177684
144.432,-0.0369557563441073,1.76031483675882
144.433,-0.0377714611423071,1.7592406994201
144.434,-0.037798042366301,1.75810129441742
144.435,-0.0385108747902511,1.7563874529549
144.436,-0.0391988220825971,1.75508464335142
144.437,-0.0399243578014511,1.75406385196981
144.438,-0.0406353726827947,1.75290089777347
144.439,-0.0413598884085654,1.75161189528332
144.44,-0.0420593029684303,1.7503664935269
144.441,-0.0427582945645082,1.74916189112349
144.442,-0.0437601047573754,1.74795055115107
144.443,-0.0445289049753357,1.74673160654729
144.444,-0.0451311913211386,1.74547240159377
144.445,-0.045847041877055,1.74416158193509
144.446,-0.0464946263823224,1.74286351918356
144.447,-0.0471632032236758,1.74158196060707
144.448,-0.0478995097002296,1.74025220060944
144.449,-0.0486088045298748,1.73883782605868
144.45,-0.0492430434913335,1.73744608551846
144.451,-0.0502131176794761,1.73608062580747
144.452,-0.050908080967377,1.73455669224126
144.453,-0.0509466856205338,1.73285995019648
144.454,-0.0515813655423837,1.73155710651895
144.455,-0.0516201529703059,1.73038418220285
144.456,-0.0529002880966424,1.7292162320037
144.457,-0.0535958745390069,1.72805054517624
144.458,-0.0542414937227844,1.72666564564348
144.459,-0.0549174321186269,1.7248225177251
144.46,-0.0555903152978573,1.72321025549598
144.461,-0.056203650599691,1.72181216070683
144.462,-0.0571173752300128,1.72040108527176
144.463,-0.057817670138988,1.71897419054985
144.464,-0.0585002081701237,1.71753337040839
144.465,-0.0591149253026336,1.71607185475931
144.466,-0.059754535500384,1.71459518314499
144.467,-0.0603829031242535,1.71308483098691
144.468,-0.0610380416996014,1.71142446025701
144.469,-0.0617042398763012,1.70931098303084
144.47,-0.0622968304549271,1.70785409686953
144.471,-0.0623354711034679,1.70660694442748
144.472,-0.0629400754642678,1.70511748990442
144.473,-0.0638723036125705,1.70350271474612
144.474,-0.0644677349827386,1.70209607093539
144.475,-0.0652093437032203,1.70077412973596
144.476,-0.0658134699746348,1.69927228226415
144.477,-0.066490166543033,1.69745184096306
144.478,-0.067129339586394,1.6957170859719
144.479,-0.0677760268673498,1.69414309017249
144.48,-0.0686191857904238,1.69250988249358
144.481,-0.0690268217776563,1.69075873491429
144.482,-0.0696911263821918,1.68905431262014
144.483,-0.0702843564027164,1.68740307697194
144.484,-0.0711927585704205,1.6857233332356
144.485,-0.0717989745681457,1.68399932723356
144.486,-0.0723905638278773,1.68229799164458
144.487,-0.0730075827056377,1.68063131010247
144.488,-0.0736060093281317,1.67889988402415
144.489,-0.0742044759985986,1.67700430054804
144.49,-0.0748406324359033,1.67523383571365
144.491,-0.0748686326265634,1.67359728283019
144.492,-0.0754405827126211,1.67188358882549
144.493,-0.076079520307248,1.67005485284423
144.494,-0.0769552794422865,1.66824346720504
144.495,-0.0775879719443227,1.66644661860193
144.496,-0.0781328780166023,1.66465497759326
144.497,-0.0787401101394565,1.66286729567675
144.498,-0.0792893384351087,1.66106053244491
144.499,-0.0798876051590506,1.65923325759567
144.5,-0.0804241497549606,1.65743474309946
144.501,-0.0810663751707451,1.65566901399705
144.502,-0.0816541065718109,1.65378332587128
144.503,-0.0823121799650182,1.65168671293066
144.504,-0.0829186530153269,1.64970271790278
144.505,-0.0837380950716976,1.64780241059793
144.506,-0.0842692964005445,1.64591858711675
144.507,-0.0848929284194125,1.64404724640834
144.508,-0.0849143706864092,1.64217429895175
144.509,-0.0855042284414512,1.6403000946848
144.51,-0.0860759745087044,1.63844513389898
144.511,-0.0866250508652363,1.63660637609308
144.512,-0.0871686042239291,1.63470854376253
144.513,-0.0877552617284036,1.63274895755751
144.514,-0.0882766787955956,1.63070278804472
144.515,-0.0889948479474792,1.62853110930559
144.516,-0.0894684283779817,1.62649630368408
144.517,-0.0900332079712859,1.62458786348918
144.518,-0.0905137243640369,1.6226156160278
144.519,-0.0911096677743167,1.62054997672887
144.52,-0.0915944729366086,1.6185058645904
144.521,-0.0921906411850388,1.61649092006946
144.522,-0.0926981088406563,1.61437613227892
144.523,-0.0927379267068389,1.6121027956274
144.524,-0.0932472128576375,1.60996035653056
144.525,-0.0939574720536528,1.60791163430267
144.526,-0.0944495158619819,1.6058648090635
144.527,-0.0950126848808436,1.60381938023941
144.528,-0.0954660245140998,1.60174106139049
144.529,-0.0959142634417122,1.5996381892711
144.53,-0.0963938122018578,1.59757894074243
144.531,-0.0968465136492332,1.59555304016888
144.532,-0.0974774931384764,1.59361944447363
144.533,-0.0979606505004195,1.5917925206945
144.534,-0.0984305010251291,1.58982978521539
144.535,-0.0989158728425095,1.58645214068819
144.536,-0.0993661258683957,1.58393750190622
144.537,-0.0998096080652927,1.58210810166942
144.538,-0.100254330555055,1.58007030493712
144.539,-0.100276436482334,1.57783294342115
144.54,-0.100715654428259,1.57560877039195
144.541,-0.101127459154609,1.5733987911242
144.542,-0.101579473921821,1.57120463552447
144.543,-0.102181133176603,1.56903340597299
144.544,-0.10259513806047,1.56685503170765
144.545,-0.103044461405085,1.56466388220136
144.546,-0.103435160235757,1.56236930319524
144.547,-0.10387904881202,1.55978661846359
144.548,-0.10428447650914,1.55711530507699
144.549,-0.104707943288213,1.55433400038868
144.55,-0.105078131394752,1.55215717333863
144.551,-0.10548080025644,1.55027455111738
144.552,-0.105833953331889,1.54815130914457
144.553,-0.10619382631799,1.54585655482203
144.554,-0.106680605821875,1.54360322120684
144.555,-0.107015046824845,1.54139479646948
144.556,-0.107329687288587,1.53892139646687
144.557,-0.107351481012029,1.53581887248856
144.558,-0.107610656673062,1.53334865085199
144.559,-0.107912862646297,1.53154575769435
144.56,-0.108189265113178,1.52944238586596
144.561,-0.108473777673052,1.52678519178736
144.562,-0.108768974583104,1.52416990838618
144.563,-0.109020036336673,1.52168457378421
144.564,-0.109276173904614,1.51920345446035
144.565,-0.109658428700225,1.51673595237697
144.566,-0.10991987341681,1.514076140452
144.567,-0.110192979497458,1.51067405421515
144.568,-0.110425848069167,1.5082539142031
144.569,-0.110658696546779,1.50623730910187
144.57,-0.110871166067095,1.50405253718042
144.571,-0.11122391996969,1.50175815933773
144.572,-0.111479975465189,1.49928934179693
144.573,-0.111713199986617,1.4964109906673
144.574,-0.111723656532239,1.49369984866502
144.575,-0.111921290607358,1.49116672386695
144.576,-0.112125473907392,1.48854753861498
144.577,-0.112365794764127,1.48582262648404
144.578,-0.112553953171269,1.48341131781036
144.579,-0.112769274323732,1.48118039385207
144.58,-0.112956500406631,1.47861199046798
144.581,-0.113149347644262,1.47558330099649
144.582,-0.113307366892791,1.47273932509524
144.583,-0.113511627062585,1.47017596797851
144.584,-0.113702786701937,1.46755655867086
144.585,-0.113878299893848,1.46484677074935
144.586,-0.114023034249722,1.46217156699942
144.587,-0.114122886170905,1.45953536909939
144.588,-0.114243621708835,1.45678194789164
144.589,-0.114366701493395,1.45386651124118
144.59,-0.114465555674869,1.45114168045505
144.591,-0.1145393769242,1.44854572578928
144.592,-0.114540495570863,1.44613104723665
144.593,-0.114648387714689,1.44385362517234
144.594,-0.114736388851383,1.44124543380341
144.595,-0.114841953257887,1.43772883993008
144.596,-0.114915006075018,1.43461017300852
144.597,-0.11497420080253,1.43194984853075
144.598,-0.115018917415161,1.42927927326025
144.599,-0.115101471444624,1.42658973613503
144.6,-0.115180503290825,1.42376668811748
144.601,-0.115223683152887,1.42057956322837
144.602,-0.115305147628698,1.41774377111134
144.603,-0.115327911978112,1.41524847294367
144.604,-0.115402156998311,1.41260541365842
144.605,-0.115423140573322,1.40937460246182
144.606,-0.115423487685779,1.40634509840371
144.607,-0.115486207228862,1.40361650662368
144.608,-0.115496591431922,1.4007740203742
144.609,-0.115497042616771,1.39762073581443
144.61,-0.115524536677142,1.39464798596599
144.611,-0.11557186852945,1.39186653532324
144.612,-0.115548759438379,1.38888480421357
144.613,-0.115555759862797,1.38567080135618
144.614,-0.115557888543397,1.3827612093987
144.615,-0.115552015421272,1.37999074403074
144.616,-0.11553386427253,1.37734588013164
144.617,-0.115534992247058,1.37478222911171
144.618,-0.115502278651896,1.37189431987125
144.619,-0.115468855707715,1.36839327564834
144.62,-0.115407814353138,1.36510105277662
144.621,-0.115373364480228,1.3621988955324
144.622,-0.115319724834226,1.35920993291026
144.623,-0.115261012800256,1.35603424893926
144.624,-0.115257781061991,1.35294454029024
144.625,-0.115257781061991,1.34996069938166
144.626,-0.115155204990806,1.34719522107102
144.627,-0.115099943593986,1.34467387436433
144.628,-0.11501827281548,1.34195338661707
144.629,-0.114940717335254,1.33820536441796
144.63,-0.114900658114883,1.33450378355058
144.631,-0.114789725034838,1.33092745428224
144.632,-0.114611705625917,1.32766256407158
144.633,-0.114485290454801,1.32476974217972
144.634,-0.114374054501028,1.32182013585609
144.635,-0.114268044924713,1.31884248719666
144.636,-0.114096879479837,1.31579410754608
144.637,-0.113954322949731,1.31265472952788
144.638,-0.113835773282303,1.30939896276833
144.639,-0.113573647862034,1.30591699793783
144.64,-0.113379311903569,1.30259252262631
144.641,-0.113181890834879,1.29941828686911
144.642,-0.11317621795923,1.29625033928346
144.643,-0.112981189631424,1.29308838691685
144.644,-0.112797755469662,1.28973402687671
144.645,-0.112580250777256,1.28618774005026
144.646,-0.112343521850297,1.28282239443295
144.647,-0.112105408783614,1.27953509156134
144.648,-0.111897895409238,1.27629086880709
144.649,-0.111646035385346,1.27306896283446
144.65,-0.111308854361148,1.26977745770164
144.651,-0.111241446433903,1.26643932301584
144.652,-0.110809057672394,1.2634353621425
144.653,-0.110579896439393,1.26064533561157
144.654,-0.110298325947073,1.25737425603174
144.655,-0.110058667606141,1.25284607054452
144.656,-0.109781306753931,1.24902974351084
144.657,-0.109760975215114,1.24593465601957
144.658,-0.109487390090361,1.24303071706483
144.659,-0.109162412261922,1.24020502690249
144.66,-0.108928921245118,1.23695160722896
144.661,-0.10858852956175,1.23303508405787
144.662,-0.108121181143033,1.22934933927772
144.663,-0.10778626956546,1.22601724230864
144.664,-0.10745212131167,1.22264928442878
144.665,-0.107091537161257,1.21921471721648
144.666,-0.106753237779308,1.21577912004192
144.667,-0.106382578912387,1.21234123860343
144.668,-0.105997191611025,1.20854686682495
144.669,-0.105653336758654,1.20380433013013
144.67,-0.105272406676709,1.20079630444116
144.671,-0.104632452370651,1.1984145146279
144.672,-0.104197073964997,1.19526392537934
144.673,-0.10375651923321,1.19050987998335
144.674,-0.103754162912925,1.18694876819563
144.675,-0.103358233423518,1.18440486240184
144.676,-0.102880109752758,1.18135376459111
144.677,-0.102453940591186,1.17694133878758
144.678,-0.102102528244221,1.17295739577321
144.679,-0.101641585524677,1.16958313912156
144.68,-0.101268618085783,1.16614201527432
144.681,-0.100590247596818,1.16258724904186
144.682,-0.100144909682195,1.15895125493922
144.683,-0.0996219739973887,1.15516027726203
144.684,-0.0991798673851975,1.15147747440775
144.685,-0.098657010949997,1.14796937465878
144.686,-0.0981471245280393,1.14443735384164
144.687,-0.0976537615141371,1.14084397701683
144.688,-0.0971677643442709,1.13719917887219
144.689,-0.0966563920752671,1.13327406939508
144.69,-0.0966443550438189,1.12922042313742
144.691,-0.096108325063008,1.12456057432809
144.692,-0.0952797816935168,1.12119806889956
144.693,-0.0947540188023125,1.11873734832476
144.694,-0.0942428202727622,1.11584887986169
144.695,-0.093689726148615,1.1115423270045
144.696,-0.0932346334766073,1.1073511686878
144.697,-0.0926513976831617,1.10356138718605
144.698,-0.0921464294790756,1.0995193562724
144.699,-0.0915923384417811,1.09441231723158
144.7,-0.0909804622896734,1.09064577006616
144.701,-0.0903397912596809,1.08751303766032
144.702,-0.0894335688779505,1.0840839548157
144.703,-0.0888270297632658,1.08050207149656
144.704,-0.08826492403758,1.07661357364933
144.705,-0.0876404363060282,1.07235483574496
144.706,-0.0871035271899135,1.06841752783096
144.707,-0.0870591483505861,1.0646464421693
144.708,-0.0864288399887606,1.06119967471023
144.709,-0.0857847805904682,1.05795012591126
144.71,-0.0851437373136418,1.05430599973658
144.711,-0.0841533272567082,1.04976736704463
144.712,-0.0835119176235525,1.04547716937584
144.713,-0.0828814984583292,1.04173308744827
144.714,-0.0822665693074657,1.03781404742595
144.715,-0.0815864132332863,1.03342965871003
144.716,-0.080959084976726,1.02941022635888
144.717,-0.0802680915429619,1.0257297339417
144.718,-0.0796344768976184,1.02178876214437
144.719,-0.0788524402403691,1.01750773846712
144.72,-0.0778701339068888,1.01351611259162
144.721,-0.0774884734857127,1.00970053301358
144.722,-0.0764247517171411,1.00575566431389
144.723,-0.0757075569411995,1.00171650998301
144.724,-0.074983102268135,0.998020630547923
144.725,-0.0743388180782493,0.994584382996357
144.726,-0.0736258016185979,0.990809266420059
144.727,-0.0735824046804082,0.98606268931691
144.728,-0.0728599362339116,0.981388766324264
144.729,-0.0721257073130047,0.976920659553426
144.73,-0.0714108443997999,0.972588074851216
144.731,-0.0703484435678444,0.968409990506811
144.732,-0.0696241352449852,0.964271905070877
144.733,-0.0688326452655056,0.960167905737476
144.734,-0.0680964915614118,0.956115500532602
144.735,-0.0673091702596319,0.952100294545021
144.736,-0.0665070324053687,0.94807946938779
144.737,-0.0656990518143491,0.944054342926363
144.738,-0.06491097148541,0.939959809691727
144.739,-0.0641517975452336,0.935815195936798
144.74,-0.0634432589308288,0.93157953712557
144.741,-0.0626055097664712,0.92727025013617
144.742,-0.0617943023037034,0.923142394144263
144.743,-0.0605989395354222,0.919159207254801
144.744,-0.0597275903958391,0.915363441327439
144.745,-0.0596785200162224,0.911739503644176
144.746,-0.0588673109655439,0.90773001454042
144.747,-0.058094219108192,0.902578739963959
144.748,-0.0572469273468058,0.897774442848917
144.749,-0.0564902354491119,0.893630043192044
144.75,-0.0555683137093835,0.889441925071567
144.751,-0.0548028546387357,0.88513453116868
144.752,-0.0536480660670363,0.880472856260908
144.753,-0.052719086146673,0.874773601079481
144.754,-0.0519119802628387,0.870653591925414
144.755,-0.0510187106393852,0.867176194512421
144.756,-0.050209088875082,0.863225091176578
144.757,-0.0493798456040661,0.858976940350223
144.758,-0.048518577597519,0.854379123768154
144.759,-0.0477092059327299,0.849465070667478
144.76,-0.0476613133616229,0.845489245383745
144.761,-0.0467717310559596,0.841796155313311
144.762,-0.0467116893750384,0.837497830417835
144.763,-0.0467116893750384,0.83254657299233
144.764,-0.0437813671015433,0.827823125707752
144.765,-0.0426862457418086,0.82339969693483
144.766,-0.04184521642789,0.818992578127095
144.767,-0.0409451097750911,0.814606554514807
144.768,-0.0400802023185077,0.810043543080024
144.769,-0.0391370833577709,0.805223013820674
144.77,-0.0381894680068219,0.800640097917145
144.771,-0.03682518741828,0.796227338718007
144.772,-0.0363574921193909,0.791857702627336
144.773,-0.0349742095575205,0.787521952986646
144.774,-0.0339465646156979,0.782905305359571
144.775,-0.0338919411688129,0.778011787514098
144.776,-0.0321603802598508,0.773567558812544
144.777,-0.0320684163884734,0.769312860146774
144.778,-0.0311519931067642,0.765277052826116
144.779,-0.030177017234056,0.761376761645772
144.78,-0.0292045195956538,0.757050606563968
144.781,-0.0282877234830489,0.751876385430878
144.782,-0.0268688589692186,0.746827263857562
144.783,-0.0258255864974822,0.74215964830426
144.784,-0.0248503398685033,0.73753785969503
144.785,-0.0238132045997966,0.733030509600516
144.786,-0.02276524067686,0.728354368035923
144.787,-0.0217352470928843,0.723189636742281
144.788,-0.0207314894996086,0.718166751629109
144.789,-0.0197016954649013,0.713310994594341
144.79,-0.0187696268527576,0.708681429396149
144.791,-0.0176688564417408,0.704227643975323
144.792,-0.0160727757996012,0.699628351348101
144.793,-0.0149994880625829,0.694890277425762
144.794,-0.0139394705786643,0.690230419920808
144.795,-0.0139190903934182,0.685622304226682
144.796,-0.01291847917843,0.680853112254469
144.797,-0.0118499234352901,0.675966625183339
144.798,-0.0108667638830199,0.671441129565561
144.799,-0.00980773256613865,0.667179895591055
144.8,-0.00881982932759928,0.662552815560279
144.801,-0.00769436212466257,0.657089207681096
144.802,-0.00661329046497816,0.651968236660647
144.803,-0.00498906801141141,0.647175928191084
144.804,-0.00388129654098235,0.642345245656999
144.805,-0.00270147554882916,0.637467705706492
144.806,-0.00165300726149165,0.632655683839513
144.807,-0.000500521561672129,0.627928307362168
144.808,0.000588311954496157,0.623004574958096
144.809,0.00168086575048065,0.617799660983199
144.81,0.00289527393143485,0.612926809384268
144.811,0.00416265386155146,0.608269531712578
144.812,0.00529885839232935,0.603638256322037
144.813,0.00536235508135441,0.599026461713422
144.814,0.00634852299868338,0.594651060067459
144.815,0.00800039350729154,0.590484994189056
144.816,0.00918238275812566,0.586040479061749
144.817,0.0102465065194094,0.579202262655174
144.818,0.0114726620827877,0.573282495629335
144.819,0.0126531891676279,0.569025057793877
144.82,0.0138962230775427,0.564532639598576
144.821,0.0151035168371622,0.559601660770454
144.822,0.0162432256378443,0.55464016330474
144.823,0.0180710876859734,0.549620715677565
144.824,0.0192540828754636,0.544401785447907
144.825,0.0204410784505342,0.538795802227575
144.826,0.0215722982601559,0.533571148844641
144.827,0.0228351849720514,0.528644003766291
144.828,0.0240206282549159,0.52376464049002
144.829,0.0240622036715966,0.518919809625257
144.83,0.0252518684717052,0.514084245429827
144.831,0.0266687159466462,0.509255729429808
144.832,0.0278207124115558,0.504263822106252
144.833,0.029661800095277,0.498945421793739
144.834,0.0309198162996535,0.493716265213216
144.835,0.0321769845587659,0.488649499376815
144.836,0.0334429744005518,0.483560449245824
144.837,0.0347122589136264,0.478422882719696
144.838,0.0359031241012261,0.473254402863895
144.839,0.0371949752653199,0.468003174558647
144.84,0.0384662235399729,0.462270659582889
144.841,0.0397652345833864,0.455196480649798
144.842,0.041044868561967,0.449738089566922
144.843,0.0423546063569545,0.444952198353725
144.844,0.0442795689978593,0.441224635731565
144.845,0.0455424880856871,0.437497073109405
144.846,0.0455931162216833,0.433105931824583
144.847,0.0467533475682128,0.42715031421685
144.848,0.0480140249828415,0.42119910859801
144.849,0.0492446373335677,0.415260424883316
144.85,0.0505568255271652,0.40986258862575
144.851,0.0519279773397422,0.405020636033283
144.852,0.0532731190930804,0.400023041844945
144.853,0.0551968032147444,0.394706667469957
144.854,0.0564811806539852,0.389436469373992
144.855,0.0578411666918887,0.384279945440052
144.856,0.0591074131011055,0.379073643194753
144.857,0.0603311880644037,0.373643203233577
144.858,0.061740994990639,0.368083873865926
144.859,0.06311261631262,0.361991607050366
144.86,0.0643988386064169,0.356300431582016
144.861,0.0645303997173013,0.351112412708984
144.862,0.0657782070853102,0.346027226960334
144.863,0.0678363853338301,0.341087367738416
144.864,0.0691367565959233,0.335793275033036
144.865,0.0705240617147246,0.329801664417567
144.866,0.0719299047780809,0.324198977485539
144.867,0.0732452369034441,0.31891962718655
144.868,0.0745274171682648,0.313496771665597
144.869,0.0758371653429618,0.307910463785399
144.87,0.0773101602974365,0.302464003892883
144.871,0.0787561964912801,0.29718731394168
144.872,0.0800651917838301,0.291718140964533
144.873,0.0820859974468277,0.285915531766115
144.874,0.0833972727667286,0.27958520160484
144.875,0.0848322939494649,0.272736401391699
144.876,0.0861973179602246,0.268315600994313
144.877,0.0876132798349371,0.26464000261534
144.878,0.0889341087349936,0.260020684604524
144.879,0.0903370449031121,0.253820552306356
144.88,0.0916631570406159,0.247793646747185
144.881,0.0917617492353872,0.242189294431975
144.882,0.0931832111561509,0.236461154856545
144.883,0.094422480723524,0.230356670187056
144.884,0.0965043174943364,0.22460880985667
144.885,0.0979039838378751,0.219295440865013
144.886,0.0992847979217408,0.213487555620182
144.887,0.100737463640952,0.206837183682446
144.888,0.10220369747355,0.20197583763022
144.889,0.103620432525071,0.19820823818605
144.89,0.104998374606082,0.19389529663873
144.891,0.106453888117632,0.184727445602867
144.892,0.107728269821047,0.178556277900702
144.893,0.109240416522773,0.174497427914304
144.894,0.111319047034283,0.172871065488447
144.895,0.112900591426726,0.175349087099912
144.896,0.114072618776089,0.178712862322998
144.897,0.115573758595186,0.18440358829207
144.898,0.115665517075245,0.190013819281442
144.899,0.116905397133573,0.195397336084441
144.9,0.118300113087995,0.200881778717465
144.901,0.119898018220794,0.206710607547156
144.902,0.121349645512154,0.21267400694294
144.903,0.122592492364129,0.218912077789341
144.904,0.12464124156938,0.224517071751711
144.905,0.125955711218966,0.2296730252318
144.906,0.127191836691452,0.234820348960023
144.907,0.128421822499846,0.23995980047662
144.908,0.129495925050186,0.245658687870156
144.909,0.130630351807729,0.251963766230224
144.91,0.131746873614101,0.257173316955018
144.911,0.132862066074348,0.261899712983017
144.912,0.132894783870545,0.267292675960722
144.913,0.133792829158672,0.273470486564307
144.914,0.134720624162896,0.279223795479526
144.915,0.136226738437981,0.284446846503959
144.916,0.137085621480769,0.289658607743739
144.917,0.1380558659779,0.294854699610856
144.918,0.138741424515432,0.300316158675843
144.919,0.139587040525439,0.306213119709771
144.92,0.140429727299579,0.311142906989239
144.921,0.141272449184915,0.315472806529563
144.922,0.141970750929609,0.320200216847643
144.923,0.142691552836201,0.327753235897369
144.924,0.143414134545683,0.334066018846886
144.925,0.144603180519174,0.338947129774141
144.926,0.145305917210033,0.343597363147638
144.927,0.146064100664897,0.348151266999788
144.928,0.146516407150824,0.353529264357617
144.929,0.14657505597667,0.359972882282485
144.93,0.147657425701094,0.365642136178432
144.931,0.148502317747201,0.370649715095849
144.932,0.148548041718756,0.375661202136708
144.933,0.148824060429867,0.38067666051231
144.934,0.149502096033435,0.385986421603228
144.935,0.150378869093647,0.39164582169402
144.936,0.151280903682899,0.396785733345143
144.937,0.152928015296145,0.401652100661776
144.938,0.154131402439249,0.40665114870794
144.939,0.1555613504647,0.41174899195215
144.94,0.156811543988835,0.417234515675214
144.941,0.158135475851811,0.423057704087021
144.942,0.159520395836321,0.427373077668636
144.943,0.160844191446085,0.431281785534072
144.944,0.162212840731235,0.435947330051072
144.945,0.163538193950403,0.443072329897863
144.946,0.165430175843825,0.448811118230474
144.947,0.166643925397229,0.453653880278961
144.948,0.166696735864393,0.458615142389144
144.949,0.167999922853286,0.463659113607917
144.95,0.169103430813708,0.468680784722718
144.951,0.170231442030318,0.473686762028242
144.952,0.171369867373549,0.478589748887848
144.953,0.172563180632564,0.48342051250074
144.954,0.173797945070788,0.4886089575646
144.955,0.175041562694588,0.494141739665189
144.956,0.176235463588403,0.498514297653178
144.957,0.177597550850669,0.502395024828966
144.958,0.179382709949962,0.507094140352666
144.959,0.180841576283871,0.515318616606257
144.96,0.182014008206454,0.520558777639404
144.961,0.183286176844299,0.52444281709127
144.962,0.184574968277978,0.528908932740061
144.963,0.185826269105247,0.533731812161648
144.964,0.187043294562707,0.538294293077089
144.965,0.187103879014834,0.542673022184113
144.966,0.188228635449839,0.547518313493807
144.967,0.189430999614656,0.553253494077317
144.968,0.191138686300463,0.558647476369337
144.969,0.192183877058418,0.563362106476079
144.97,0.193246004364402,0.568234482991551
144.971,0.194268378679662,0.573493275674479
144.972,0.195393383085009,0.578557935460687
144.973,0.196416271034738,0.583399694909491
144.974,0.197423857979886,0.588192054091862
144.975,0.198472909147752,0.592926849438459
144.976,0.199506020695915,0.597859002170243
144.977,0.201104765502204,0.603035583876971
144.978,0.202169620860267,0.607440678455902
144.979,0.20326441124557,0.611436857659725
144.98,0.204352795391542,0.616359635857207
144.981,0.205433966029683,0.622906105014637
144.982,0.206607464624517,0.627695220870408
144.983,0.207683068353261,0.631370884341354
144.984,0.207750797398571,0.635640043295751
144.985,0.208763733141553,0.640486516385737
144.986,0.209916930965855,0.645241521426811
144.987,0.211654857557336,0.649904585455814
144.988,0.212846905266496,0.654739180608691
144.989,0.213924484081264,0.659760297223301
144.99,0.214843758536033,0.6647054015245
144.991,0.216038712306948,0.669591365889736
144.992,0.217102579670298,0.674283142111342
144.993,0.218202643082269,0.678828968252476
144.994,0.219320672045922,0.683652309283436
144.995,0.220424038306637,0.688710637235291
144.996,0.221472369744,0.692683819201607
144.997,0.222546151112863,0.696310331670656
144.998,0.223577643108782,0.70050341126193
144.999,0.223621537836334,0.705894903578996
145,0.225094487232113,0.710989000316309
145.001,0.226122181589692,0.715441209900135
145.002,0.227100189006277,0.720053880539059
145.003,0.228066582378144,0.725124331441355
145.004,0.229002870531451,0.729915294602443
145.005,0.230071965932691,0.734404619561695
145.006,0.231020065100652,0.738833865631964
145.007,0.231951144520986,0.743193953734773
145.008,0.233324351190956,0.747775467758214
145.009,0.233848491128345,0.752647411706045
145.01,0.235073058021138,0.757207801932535
145.011,0.236015816096088,0.761562843054826
145.012,0.236934851016446,0.765843518155102
145.013,0.237885870330558,0.770075693207105
145.014,0.238752590195861,0.774024011603511
145.015,0.239637915371884,0.777763244662623
145.016,0.240508112911099,0.782140099301235
145.017,0.24054069794431,0.787894895931234
145.018,0.241378139113607,0.792339386076426
145.019,0.242206807679896,0.795814204457156
145.02,0.243061752248895,0.799631628304237
145.021,0.244250144684699,0.805093766867875
145.022,0.2451269015541,0.810180896096456
145.023,0.245926389442694,0.814498845467007
145.024,0.246616944560353,0.818801608202054
145.025,0.247424793194927,0.823073073188179
145.026,0.248207509676779,0.827506687674554
145.027,0.248960613913523,0.832344951585826
145.028,0.249681820021602,0.836801986468195
145.029,0.25034446959433,0.840890083155307
145.03,0.251316379292215,0.844856722624454
145.031,0.251366773607989,0.848687547785021
145.032,0.251991429624217,0.852607951254896
145.033,0.252707288217145,0.856845958879879
145.034,0.253369391943728,0.861428072988927
145.035,0.254092835185227,0.867592168781461
145.036,0.254689802715104,0.87137453499347
145.037,0.255341890896909,0.874207558946536
145.038,0.255879899105161,0.87772506610263
145.039,0.256721143085154,0.882688568609629
145.04,0.257306328832248,0.887490012407309
145.041,0.257843542287508,0.891936284522148
145.042,0.258401302285323,0.896106404333237
145.043,0.258939419294726,0.899930877752678
145.044,0.259440252060215,0.904014925496334
145.045,0.259961872693624,0.908689058677093
145.046,0.260434770381288,0.912969941880554
145.047,0.260927380279377,0.916974123529435
145.048,0.26134685535543,0.920886945786811
145.049,0.261356461720645,0.924735964533791
145.05,0.261964546170317,0.928717237906439
145.051,0.262421019299239,0.932845964249953
145.052,0.262819563073912,0.936950050696684
145.053,0.263205834416468,0.941018262499248
145.054,0.26354847036191,0.94524616802758
145.055,0.263958868989957,0.949770209923703
145.056,0.264282618358525,0.953960964899567
145.057,0.264674926714458,0.95790544926941
145.058,0.264958268789499,0.961894406229114
145.059,0.265298113900224,0.965916526941944
145.06,0.265689109828858,0.969824383518924
145.061,0.265945397080169,0.973647331031222
145.062,0.266215222741429,0.977251304870315
145.063,0.2664566902029,0.980660138271364
145.064,0.26668014235376,0.984409157095769
145.065,0.266920697131074,0.988986138250293
145.066,0.266934595120094,0.99344598172031
145.067,0.266934595120094,0.997590875447322
145.068,0.267351586593724,1.0015954161782
145.069,0.267538520482427,1.00540404866777
145.07,0.267731062973218,1.00924162739395
145.071,0.267828616742794,1.01313520427261
145.072,0.267942571414139,1.01713057805241
145.073,0.268032513602435,1.0213200664291
145.074,0.268110182637229,1.02534811903179
145.075,0.268200261814184,1.02922142156802
145.076,0.268256907915881,1.03306273984135
145.077,0.268319173034015,1.0368719195035
145.078,0.268367497051723,1.04062639749162
145.079,0.268431752485091,1.04432594169021
145.08,0.26847911500133,1.04819773802428
145.081,0.268481596988077,1.05226715393901
145.082,0.268507205813813,1.05558551016931
145.083,0.268556453973192,1.05852458736023
145.084,0.268584670648932,1.06167491481283
145.085,0.268612280603669,1.06609931362315
145.086,0.268660188966797,1.0704899930983
145.087,0.268642076134295,1.07462875956244
145.088,0.268668395174859,1.07856011597677
145.089,0.268696433378518,1.08209882063593
145.09,0.268709886248095,1.08567719637592
145.091,0.268686613748481,1.08936822496948
145.092,0.268711660533358,1.09336895995486
145.093,0.268694400849067,1.0983248797211
145.094,0.268674848944676,1.10137652165864
145.095,0.2686872576739,1.10374893058308
145.096,0.268677189167464,1.10690870301842
145.097,0.268657576506417,1.11169309011617
145.098,0.268637865030914,1.115637451761
145.099,0.268637249202829,1.11899179845052
145.1,0.268528951220536,1.12245877726523
145.101,0.268519005017024,1.12603435340731
145.102,0.268519005017024,1.12979579957048
145.103,0.26843074066333,1.13375846224496
145.104,0.26838638551814,1.13736519144105
145.105,0.268325888863853,1.14078232883454
145.106,0.268248628816364,1.14394225353839
145.107,0.268200285856751,1.1469272068758
145.108,0.26814417335972,1.15015304180371
145.109,0.268014715525269,1.15416284584444
145.11,0.267941811581882,1.15811141117834
145.111,0.267855542616971,1.16178300054365
145.112,0.267765874746929,1.16550675499226
145.113,0.267680297106722,1.16934434454669
145.114,0.267606063058145,1.17286282195958
145.115,0.267602170454759,1.17610545240395
145.116,0.267503961991369,1.17942698996688
145.117,0.267373479566645,1.18284743529556
145.118,0.267340315131215,1.18616105591047
145.119,0.267223448732678,1.18928863012018
145.12,0.267151366280329,1.19247205107264
145.121,0.267074213258751,1.19614886139312
145.122,0.267006427492611,1.2000034856487
145.123,0.266919284176197,1.20452675591308
145.124,0.26685390829574,1.20733129847468
145.125,0.266767366714953,1.20947280774327
145.126,0.266697069259894,1.21195063797862
145.127,0.266641785290465,1.21613860624954
145.128,0.26655190346914,1.22015567617596
145.129,0.266490471487893,1.22379684984124
145.13,0.266415076994611,1.22711354248936
145.131,0.266355222683695,1.23018444143311
145.132,0.266351719906926,1.23309350399709
145.133,0.266351719906926,1.23585247690753
145.134,0.266177862559641,1.23883233895711
145.135,0.266111281149037,1.24271467279724
145.136,0.266029582135589,1.24654701167676
145.137,0.265931754818504,1.25018645964098
145.138,0.265850004887709,1.25362845492079
145.139,0.265716925816272,1.25682947110693
145.14,0.265613449704003,1.26002616302423
145.141,0.265552346298814,1.26321703848358
145.142,0.265450796912697,1.26632128828129
145.143,0.265387603070835,1.26929291357447
145.144,0.265342951933191,1.27244089439544
145.145,0.26526610808315,1.27608145145748
145.146,0.265161297315814,1.27935910391472
145.147,0.265080380034162,1.28231165553301
145.148,0.26501330688378,1.28515007423761
145.149,0.264952412266866,1.28786158352714
145.15,0.26487465884074,1.29065781916292
145.151,0.264872344989124,1.29397410730372
145.152,0.264756796472154,1.29734190149881
145.153,0.264675307869695,1.30096279992245
145.154,0.264629573637068,1.30423247799879
145.155,0.264562375647298,1.30686325068924
145.156,0.264485966395553,1.30963989463809
145.157,0.264437970792324,1.31279430292879
145.158,0.264372205617829,1.31594097547866
145.159,0.264280254886843,1.31906234406312
145.16,0.264153526174032,1.32220452823482
145.161,0.264100894538459,1.32543802424725
145.162,0.264012102086404,1.32854102104787
145.163,0.263944707711569,1.33138858077404
145.164,0.2638555956691,1.33429150525946
145.165,0.263769933469411,1.33733538358318
145.166,0.263686917909422,1.34049184159751
145.167,0.263682563269563,1.34394544503745
145.168,0.263682563269563,1.34677157679642
145.169,0.263682563269563,1.34897317412934
145.17,0.263418199557989,1.35133866372151
145.171,0.263297039647972,1.35447592550479
145.172,0.263205440663095,1.35781237364077
145.173,0.263098961086613,1.36185449730413
145.174,0.26300286113147,1.36459888054751
145.175,0.262906284221844,1.36685397082742
145.176,0.262801654815437,1.36953113124909
145.177,0.26265235421359,1.37252584447661
145.178,0.262512303112669,1.37554698627664
145.179,0.262405642303525,1.37858754083295
145.18,0.262272340455324,1.38096184536396
145.181,0.262124315288001,1.38312549352557
145.182,0.261880287697483,1.38557799506014
145.183,0.261721275086124,1.38942123815973
145.184,0.261557751438003,1.3926566721192
145.185,0.261551732450077,1.39492229314221
145.186,0.261414070603531,1.39746425191387
145.187,0.261257345306165,1.40060957374725
145.188,0.261075514164563,1.40344287763065
145.189,0.260881872290878,1.40591017092754
145.19,0.260689987413161,1.40846570190992
145.191,0.260512462128052,1.41151058381556
145.192,0.260314311802839,1.41442144204786
145.193,0.259979059925802,1.41703403399464
145.194,0.25979087200777,1.41972664874786
145.195,0.259576007539424,1.42268526985105
145.196,0.259334841580259,1.42549953994995
145.197,0.25911189987112,1.42813028428453
145.198,0.25888769704686,1.43069410724522
145.199,0.258642251723491,1.43317775496364
145.2,0.258633048567415,1.43572060587241
145.201,0.258442018815624,1.43836044693463
145.202,0.25805031334068,1.44100989251281
145.203,0.257802528646417,1.44367943279491
145.204,0.257534391873714,1.44633742085311
145.205,0.257290722655219,1.4489681366819
145.206,0.257038348433753,1.45155467677026
145.207,0.256761273011531,1.45404070806678
145.208,0.256564739444005,1.45670681675639
145.209,0.256273338155941,1.46006984673636
145.21,0.25586602597301,1.46254269854406
145.211,0.255530924045287,1.46455041283648
145.212,0.255250896120684,1.46660450618117
145.213,0.254878237103447,1.46869305656259
145.214,0.254525939365935,1.4710463023427
145.215,0.254178420783403,1.47428765481407
145.216,0.254152191153814,1.47717026253297
145.217,0.253811976899711,1.47961534405341
145.218,0.253546842782044,1.482040216055
145.219,0.253134898127592,1.48444043115838
145.22,0.252843274028106,1.48688093854135
145.221,0.252451056935984,1.48938580418809
145.222,0.251880293179014,1.49185130389911
145.223,0.251494041209735,1.49425844011444
145.224,0.251139118128596,1.4967640989077
145.225,0.250745753523844,1.49946829128813
145.226,0.250336987699862,1.50187677822483
145.227,0.249931176891854,1.50401558962156
145.228,0.249562995932194,1.50598180412961
145.229,0.248911358138468,1.50788734094082
145.23,0.248723649650466,1.51004888406485
145.231,0.248326917419447,1.51274691659696
145.232,0.247624111618403,1.515330469178
145.233,0.247212141863736,1.51765352848292
145.234,0.246747923219209,1.51995398879137
145.235,0.246309269423047,1.52220253793287
145.236,0.24627567250529,1.52449781066075
145.237,0.24627567250529,1.52692343139743
145.238,0.24544499059413,1.52929471751987
145.239,0.24494089117477,1.53157209901802
145.24,0.244537444732845,1.53381206573949
145.241,0.244066089202647,1.53598173738462
145.242,0.243343266657221,1.53826257571994
145.243,0.242842780561049,1.54087947660444
145.244,0.24238043778316,1.54320937966072
145.245,0.241890725921476,1.54521091866627
145.246,0.241392774165174,1.54713569085703
145.247,0.24086936711703,1.54902123259539
145.248,0.240401657514112,1.55113133173073
145.249,0.240365343861053,1.55351379547184
145.25,0.239130301852022,1.55578381073987
145.251,0.239073464094038,1.55787001626461
145.252,0.238606365218346,1.56004049565009
145.253,0.238119622751919,1.56238572808309
145.254,0.237604274514653,1.56459149025704
145.255,0.23714475094042,1.5666395090381
145.256,0.236656868109758,1.56872516211031
145.257,0.236139761755645,1.57085653058906
145.258,0.235655967610506,1.5729255276779
145.259,0.235121388036441,1.57491467585702
145.26,0.2343210199235,1.57692569660215
145.261,0.23372250074951,1.57897410693944
145.262,0.233314484817321,1.58108619406015
145.263,0.232834799526765,1.58331012448316
145.264,0.232321279555287,1.58524493428349
145.265,0.231838807649215,1.58696511280633
145.266,0.231302013835493,1.58881460841361
145.267,0.231274025503394,1.59102928321381
145.268,0.230738538300058,1.59304535462204
145.269,0.230118286794009,1.59481397025706
145.27,0.229603521303745,1.59669519625383
145.271,0.229078605750857,1.5992380088642
145.272,0.228336601782222,1.60111507708031
145.273,0.227811132703418,1.60248645518432
145.274,0.227312972717217,1.60417415775537
145.275,0.22674996404522,1.60678515646661
145.276,0.226300398225571,1.60895690539317
145.277,0.225761713524631,1.6106350247701
145.278,0.225319866258689,1.6122985189471
145.279,0.224781075107808,1.61395202759624
145.28,0.224242636081502,1.61576952250748
145.281,0.223675860022098,1.61790330392365
145.282,0.222799449643431,1.6197065284853
145.283,0.222276162456326,1.62126327582307
145.284,0.221789475985264,1.62296954968885
145.285,0.221758812155962,1.62511721235857
145.286,0.221758812155962,1.62707521276958
145.287,0.220714427575536,1.628816581301
145.288,0.220233049962732,1.63055241414641
145.289,0.219636700100376,1.63228182402311
145.29,0.219169761921021,1.63401263957601
145.291,0.218624193181403,1.63574512635315
145.292,0.218109445370474,1.63755675566005
145.293,0.217304250935847,1.63946233314951
145.294,0.216764731728191,1.64108317773214
145.295,0.216205572393704,1.64256259671538
145.296,0.215744054542582,1.64429096533073
145.297,0.215264837192121,1.64637291176831
145.298,0.21469093109718,1.6481311009249
145.299,0.214191758821097,1.64963828182584
145.3,0.21413349511041,1.65127985476538
145.301,0.212849079272807,1.65308461832128
145.302,0.212594164572698,1.65465685544357
145.303,0.212582074818744,1.65608590301801
145.304,0.211811382101215,1.65763520392605
145.305,0.211283726645055,1.65948547439894
145.306,0.210798499803625,1.66116312217
145.307,0.210266148052569,1.66268533454803
145.308,0.209698936037426,1.66424566648385
145.309,0.20912759538274,1.66584893047916
145.31,0.208609779628385,1.66741021830507
145.311,0.208014286296283,1.66892179541997
145.312,0.207159778393228,1.67049265071306
145.313,0.206655498975994,1.67215127280175
145.314,0.20613102896659,1.67368447173137
145.315,0.20560229662035,1.67514550826085
145.316,0.205058514748899,1.6766059930037
145.317,0.204540800259334,1.6780660396711
145.318,0.203968862023115,1.67960737792873
145.319,0.203938532541689,1.68122588817331
145.32,0.203427524546938,1.68257985419719
145.321,0.20285140319914,1.68382804561879
145.322,0.202273797089271,1.68522512231009
145.323,0.201363015897342,1.68681739561565
145.324,0.200800237860242,1.68834913860555
145.325,0.200243739801897,1.68975001853708
145.326,0.199610710656575,1.69114752231396
145.327,0.199037238626522,1.69253727059367
145.328,0.198522692365303,1.69392717410002
145.329,0.197915503773965,1.69531746642685
145.33,0.197332082246246,1.69672633064828
145.331,0.196410827665629,1.69816514674094
145.332,0.195850804737594,1.69953551414196
145.333,0.195184593699306,1.7008586562017
145.334,0.194558730536775,1.70216444872234
145.335,0.194524995130496,1.70346012588211
145.336,0.193405806836717,1.70479869292405
145.337,0.193383185248239,1.70616447262065
145.338,0.192841155979557,1.70733618514968
145.339,0.192203122157609,1.70842769101974
145.34,0.191555846726373,1.70963610508663
145.341,0.190524102611777,1.71100679547332
145.342,0.189892423771558,1.71237354937341
145.343,0.189252007953251,1.71372940481288
145.344,0.188630018907561,1.71500497849151
145.345,0.187960611236226,1.71618995693323
145.346,0.187386726875899,1.71740883830335
145.347,0.186684852302705,1.71867469519022
145.348,0.18602653705918,1.71985606799672
145.349,0.185353876724105,1.72098140896621
145.35,0.184339285496142,1.7220188822487
145.351,0.183632740258116,1.72299195756329
145.352,0.183595258294434,1.72414499818524
145.353,0.182976097353687,1.72592193162299
145.354,0.182279235588014,1.72707163536147
145.355,0.181565346391393,1.72798135553404
145.356,0.180942690177988,1.72903992939148
145.357,0.180264283393007,1.7301514899758
145.358,0.179563613020726,1.73105792410954
145.359,0.178842101350787,1.73188747549367
145.36,0.177699076724373,1.73280298451203
145.361,0.176995618755622,1.73427698829317
145.362,0.17626426462704,1.73555903964357
145.363,0.175514621423635,1.73655468104398
145.364,0.174917162173792,1.73755267024451
145.365,0.174177739818206,1.73855500755982
145.366,0.173431729310893,1.73954840243736
145.367,0.172681474094024,1.74052598677064
145.368,0.171516796509365,1.74150892215154
145.369,0.170800047737856,1.74250132220546
145.37,0.170756381273079,1.74348557265847
145.371,0.170016103183298,1.74445404384836
145.372,0.169225151904479,1.74545137588338
145.373,0.168446182140447,1.74650643043436
145.374,0.167725959377107,1.7474544582407
145.375,0.167116738951658,1.74831781297105
145.376,0.166371538369343,1.74919721958493
145.377,0.165124973126891,1.75009628552115
145.378,0.164250524310722,1.75103416712919
145.379,0.163455292872717,1.75201634283629
145.38,0.162682843263555,1.75292575980098
145.381,0.161893623566026,1.75379344667126
145.382,0.161161415078189,1.75457284190697
145.383,0.160419660547846,1.75530312455896
145.384,0.159674090769243,1.7560928899205
145.385,0.15963244145379,1.75698562794667
145.386,0.158871454926581,1.75784285601115
145.387,0.157631606526078,1.75864556465139
145.388,0.156816414092161,1.75946899081136
145.389,0.155987568553013,1.76033200373366
145.39,0.155169457966367,1.76115671492158
145.391,0.154304720513002,1.7619429562733
145.392,0.153497302704996,1.76264897167914
145.393,0.152691096207348,1.76328358322828
145.394,0.15197151863748,1.76397068508442
145.395,0.151154909820646,1.76494308186129
145.396,0.150308394998356,1.7656756434228
145.397,0.149007933178871,1.76629086525365
145.398,0.148912332846623,1.76695251783179
145.399,0.148166271179387,1.76768463378284
145.4,0.147308054303802,1.76839771264886
145.401,0.146458807893416,1.76908912339913
145.402,0.145661399647269,1.76975418878647
145.403,0.144914858026156,1.77038125062785
145.404,0.144092706608572,1.77103458371296
145.405,0.142796490169057,1.77173501644839
145.406,0.141931830308898,1.77237344010444
145.407,0.141012462273413,1.77296135132512
145.408,0.140147842569679,1.77355551230773
145.409,0.139349091953897,1.77415612977892
145.41,0.138553188888267,1.77476294843783
145.411,0.137651466633541,1.775376514803
145.412,0.136830459058469,1.77594450406511
145.413,0.135967963515615,1.77648429739672
145.414,0.134740638059528,1.77696804979373
145.415,0.13380642774116,1.7774155517998
145.416,0.133021420122152,1.77792013460297
145.417,0.132967684572763,1.77856857781711
145.418,0.132967684572763,1.77914399014856
145.419,0.131365778414499,1.77963655422778
145.42,0.13053657122916,1.78012213792035
145.421,0.129611072646666,1.78059798783736
145.422,0.128744163621225,1.78106779486137
145.423,0.127919120292109,1.78152598579263
145.424,0.127087570314281,1.78197533846888
145.425,0.126269261914057,1.78240650816213
145.426,0.124974686516892,1.78285288591625
145.427,0.124112508183658,1.78333978912421
145.428,0.12325513835548,1.78372516971145
145.429,0.122368932741037,1.78401558250535
145.43,0.121652990000438,1.78435706466256
145.431,0.12081835404745,1.78484225470413
145.432,0.119963288177775,1.78526716791681
145.433,0.119914367352806,1.78562404462957
145.434,0.119125070019672,1.78596098655119
145.435,0.118299926863081,1.7862752023943
145.436,0.117459714311228,1.78659245357064
145.437,0.116245535523098,1.78692006291297
145.438,0.115384131769583,1.78725138168972
145.439,0.114515493487496,1.78759948560446
145.44,0.113684195900757,1.78791023736158
145.441,0.112957279260962,1.78817359998802
145.442,0.112171856911899,1.78843308242719
145.443,0.111308746980923,1.78868507503211
145.444,0.110540419427621,1.78894796828142
145.445,0.109717868243035,1.78923377851061
145.446,0.10850567397437,1.78947733732323
145.447,0.107676423691043,1.78969138838749
145.448,0.106820968711403,1.78987914047134
145.449,0.105989205924309,1.79004742509096
145.45,0.105116725950447,1.790233388407
145.451,0.105116725950447,1.79047666273848
145.452,0.103680577738082,1.79066934467892
145.453,0.103590719689741,1.7908061682145
145.454,0.102836829522674,1.7909561774947
145.455,0.102006711894869,1.79112304151955
145.456,0.101228904641554,1.79126093493855
145.457,0.10004155556655,1.79138248629913
145.458,0.0992906521268482,1.79149364023975
145.459,0.0984674882707633,1.79159404463911
145.46,0.0976846565609116,1.79169469166664
145.461,0.0969685812207327,1.79179591620102
145.462,0.0961760668241339,1.79188212891861
145.463,0.094992240214527,1.79195252568005
145.464,0.0946350868456535,1.79200337736766
145.465,0.0934940358951767,1.79204129545932
145.466,0.0926721316885689,1.79207936345971
145.467,0.0918769292146118,1.79211854752344
145.468,0.0910071801620206,1.7921465476871
145.469,0.090991011810802,1.79215327510821
145.47,0.0902652663443521,1.79215402758373
145.471,0.0895199814745148,1.79214461677252
145.472,0.0888226801905022,1.79212953322027
145.473,0.0876748719805641,1.79209427394557
145.474,0.0869587418573204,1.79205508492242
145.475,0.0861153721663374,1.79201154335398
145.476,0.0854216902517996,1.79196162936602
145.477,0.0845682557817343,1.79188130822197
145.478,0.0838182858984858,1.79179898260364
145.479,0.0830480367818608,1.79171389080914
145.48,0.0822657826557379,1.79161800391136
145.481,0.0814956009680616,1.79150052260609
145.482,0.0807544909720913,1.79139024824224
145.483,0.0797224187017416,1.79128565448436
145.484,0.0789234134333917,1.79115862293869
145.485,0.0788966897147754,1.79095560081593
145.486,0.0781353451567032,1.79078732361413
145.487,0.0773197281998529,1.79066182841045
145.488,0.0766458777721658,1.79052090391064
145.489,0.0758248367242532,1.79030287281879
145.49,0.0750712253632034,1.79007749236645
145.491,0.0742271535112596,1.78983753643172
145.492,0.0735784848891879,1.78963065251663
145.493,0.072836841594646,1.78944884378386
145.494,0.0716778268734636,1.78922978858202
145.495,0.0709675213669185,1.78897155638367
145.496,0.070201585012308,1.7887131792943
145.497,0.0694290105126578,1.78845466361729
145.498,0.0686769602258083,1.78818594610715
145.499,0.0679222928225062,1.78790605051577
145.5,0.0671240913485034,1.78761631009296
145.501,0.0670725029667233,1.7873158301467
145.502,0.0664140345831393,1.78699033008121
145.503,0.0653538113244502,1.78663736885553
145.504,0.0645810588850614,1.78629755815725
145.505,0.0637314042282692,1.78596497111289
145.506,0.0629089461946458,1.78561969632838
145.507,0.0621310802942697,1.785265377939
145.508,0.0613836494809209,1.78489149126321
145.509,0.0607137944256554,1.78450295245733
145.51,0.0599755611808467,1.78411516564793
145.511,0.0591933077369045,1.78372785697174
145.512,0.0581194275900173,1.78335444388172
145.513,0.0573576118826885,1.78299129219512
145.514,0.0566261711633126,1.78258363726417
145.515,0.0558887679572763,1.78208193719789
145.516,0.0551144738265809,1.78157665837219
145.517,0.0550626713865513,1.78106155453098
145.518,0.0544234949082686,1.78060137550505
145.519,0.0536009955381184,1.78019995266826
145.52,0.0528749599952382,1.77974539376428
145.521,0.051722053097199,1.77921139614274
145.522,0.0509494051933591,1.77869157163306
145.523,0.0501763346786076,1.77819471200451
145.524,0.0494932000604781,1.77768053532142
145.525,0.0486747573859513,1.77712689994189
145.526,0.0479474796749234,1.77652774622046
145.527,0.0472203592169068,1.77579974143182
145.528,0.0464465950392292,1.77528624486953
145.529,0.0456910272145906,1.77487542989422
145.53,0.0445939697850367,1.77436914169272
145.531,0.0437942465866518,1.77368575284017
145.532,0.0431092994125919,1.77300535236999
145.533,0.0423006388031987,1.77233185844684
145.534,0.0422807139610512,1.77176347943435
145.535,0.0408744452197016,1.77128573067985
145.536,0.0407825087990502,1.77080406795778
145.537,0.0401332858057126,1.7698565284011
145.538,0.0393744694124033,1.76902480328517
145.539,0.0382142440752075,1.76840315707005
145.54,0.0374900177325499,1.76774605317864
145.541,0.0367530366500487,1.7670625731256
145.542,0.0361032218315819,1.76637575006176
145.543,0.0353236168218576,1.76568628495022
145.544,0.0345474312080757,1.7649732648348
145.545,0.0338120315073503,1.76423128664401
145.546,0.0329609174725217,1.76346062942444
145.547,0.0322234205557436,1.7626499535384
145.548,0.0315024590375031,1.76187886782007
145.549,0.030748710473181,1.7611368489042
145.55,0.0300118220248654,1.76038961325585
145.551,0.0288796472948586,1.75963822445223
145.552,0.0281292691679199,1.75888319091387
145.553,0.0280924931156225,1.75812471426303
145.554,0.0275041420051728,1.75733877367363
145.555,0.0267014575831822,1.75647665256619
145.556,0.0259176563275658,1.7556186778537
145.557,0.0250326578492471,1.75477240985515
145.558,0.0242114079943815,1.75389414130903
145.559,0.0235038115639562,1.75283126082955
145.56,0.0228202814983606,1.75185398471765
145.561,0.0220298058343366,1.75099222607131
145.562,0.0210308792073511,1.75011285441661
145.563,0.0202658775028756,1.74922426017621
145.564,0.0196106941818769,1.74834269052589
145.565,0.0188056228212495,1.74746532271341
145.566,0.0180815480874065,1.74664333821501
145.567,0.0173430287644033,1.7458655366621
145.568,0.0172836591526419,1.74497957443859
145.569,0.0165897389098466,1.74360301942334
145.57,0.0158550445154496,1.74249354390532
145.571,0.0150785534770818,1.74172405806296
145.572,0.0140354277812788,1.74091550774732
145.573,0.013254911055255,1.73990502886408
145.574,0.0126107516313991,1.73887700937797
145.575,0.0118339606702603,1.73761923096534
145.576,0.0111551313367756,1.7364758777691
145.577,0.010449646833614,1.73556359842833
145.578,0.00976807770199328,1.73459009713813
145.579,0.00907572265139056,1.73348938218703
145.58,0.00807424791582567,1.73239963800915
145.581,0.00799008486298269,1.73133748334199
145.582,0.00664525392306081,1.73026821368722
145.583,0.00657365408075739,1.72917842530662
145.584,0.0053030235202649,1.72807150332385
145.585,0.0052009581731659,1.726914271388
145.586,0.00443282487171126,1.7257104992064
145.587,0.00381099937546703,1.72433972986413
145.588,0.00309692441994869,1.72316470443108
145.589,0.0023877851768298,1.72221631894307
145.59,0.00133057719945595,1.7211814234079
145.591,0.000642568804004706,1.71998112212324
145.592,-7.06635479913453e-05,1.71878432395016
145.593,-0.00078408346270642,1.71759554696648
145.594,-0.00145271642531686,1.71631424473428
145.595,-0.00213815121249461,1.71472726481942
145.596,-0.0027976619580673,1.71356052806077
145.597,-0.00348590277593985,1.71266014776287
145.598,-0.00410100441676964,1.71156476785278
145.599,-0.00512338693163705,1.71013630653861
145.6,-0.00573430618691428,1.70876384091249
145.601,-0.00642448678759389,1.70749968835614
145.602,-0.0070548198896393,1.70623183171193
145.603,-0.0070984233439052,1.70495608514227
145.604,-0.00768590255645296,1.70366246818452
145.605,-0.00837062100528974,1.70232970584732
145.606,-0.00902724593216042,1.70097044975675
145.607,-0.00970065203535064,1.69955102326755
145.608,-0.0106413722493323,1.69815783603087
145.609,-0.0113415450627911,1.6967986204373
145.61,-0.0119718906870977,1.69542855214081
145.611,-0.0126213634269781,1.69404607003501
145.612,-0.0132163524759782,1.69260937418922
145.613,-0.0138818205312504,1.69109979157722
145.614,-0.0145135222105973,1.68968557730997
145.615,-0.0151817830004092,1.68834137738567
145.616,-0.0160840614366201,1.68689638538094
145.617,-0.0161530844909755,1.68535567185998
145.618,-0.0167447837577533,1.68399445611164
145.619,-0.0173801973244074,1.68271838304753
145.62,-0.0179936293674202,1.68128527500985
145.621,-0.0186269683803955,1.67963591779531
145.622,-0.0193481555956246,1.6781087363587
145.623,-0.0199106524612186,1.67667262241871
145.624,-0.0204986353285019,1.67520360758465
145.625,-0.0211545345861789,1.67370113954698
145.626,-0.0217129593724931,1.67217393318835
145.627,-0.0223755543664987,1.67061972235328
145.628,-0.0232315278025571,1.66899838612268
145.629,-0.0235882867129051,1.66729813941311
145.63,-0.0244363257373105,1.66572401975386
145.631,-0.0250062801433959,1.66422142342307
145.632,-0.0256473273784924,1.66259774356628
145.633,-0.0262716202298175,1.66088230822712
145.634,-0.0268460572662809,1.65945104492027
145.635,-0.0268754870017435,1.65810351112985
145.636,-0.0274457554760247,1.65633940856662
145.637,-0.0280433271917157,1.65409877209586
145.638,-0.0286092169733391,1.65250443277851
145.639,-0.0294470800026189,1.65114794802824
145.64,-0.0299514565732847,1.64962359612695
145.641,-0.0305618839030722,1.64802783473905
145.642,-0.0310613377103262,1.64657087700165
145.643,-0.0316840697886488,1.64520769477209
145.644,-0.0322039047516305,1.64371971720221
145.645,-0.0327486546430479,1.6409926414643
145.646,-0.033275651233481,1.63915732280657
145.647,-0.033850421734443,1.6380028696092
145.648,-0.0346298005488924,1.63656823356122
145.649,-0.0351878122944836,1.63431239248939
145.65,-0.0352339741353854,1.63234736526851
145.651,-0.0358039281276612,1.6307033629298
145.652,-0.0363195593029163,1.62893492018003
145.653,-0.0373940290750577,1.62699304172519
145.654,-0.0374531762247851,1.62513208815535
145.655,-0.0379721098591014,1.62332990075901
145.656,-0.0385211963645383,1.62154569841707
145.657,-0.0390863794083728,1.61977578363607
145.658,-0.0396382176089008,1.61800665443263
145.659,-0.0404255228786451,1.61623830343956
145.66,-0.0409750689276019,1.61441227672477
145.661,-0.0415465556030205,1.61250007240386
145.662,-0.0420840096024196,1.61050659150344
145.663,-0.0426597801146428,1.60839113835912
145.664,-0.0431710250800922,1.60653341086025
145.665,-0.0437309107935023,1.60485054755133
145.666,-0.0442377333289669,1.6029915763299
145.667,-0.0447471693459905,1.60080978152268
145.668,-0.045300196607038,1.59890613398166
145.669,-0.0460207401184572,1.59719914585134
145.67,-0.0465780597018502,1.59531203443146
145.671,-0.0465901566498169,1.59306412652443
145.672,-0.0469946881852717,1.59097020856086
145.673,-0.0475502536581309,1.58898697459229
145.674,-0.0480590456586169,1.58724257699323
145.675,-0.0485508430519536,1.58567382190168
145.676,-0.0491011773352489,1.58408921742443
145.677,-0.049646477770607,1.58194986268135
145.678,-0.0504062043453269,1.5798105079382
145.679,-0.0509640367639589,1.57721490316184
145.68,-0.0514578911095008,1.57443022535463
145.681,-0.0519803986386166,1.57286191840173
145.682,-0.0524863660611526,1.571387746037
145.683,-0.0529642181398936,1.56915029897093
145.684,-0.05347448292187,1.56653911504605
145.685,-0.0539375154487119,1.56435418149715
145.686,-0.0544596840373707,1.56225508601563
145.687,-0.0544800538804143,1.56023783852042
145.688,-0.0549593520464758,1.5582401942082
145.689,-0.0556872818753548,1.55619355365612
145.69,-0.0562379229318836,1.55411807993676
145.691,-0.0567718234015783,1.5519845087835
145.692,-0.0572538840885178,1.54979827542287
145.693,-0.0577687412550602,1.54749843714826
145.694,-0.0582388280973053,1.5450863423527
145.695,-0.0587903054935616,1.54257192255089
145.696,-0.0592759776268804,1.54000606955718
145.697,-0.0597920325237287,1.53837344740388
145.698,-0.0603310010586605,1.536826961081
145.699,-0.0610663624487232,1.53453627938914
145.7,-0.0615854968106737,1.5317834601433
145.701,-0.061608917365761,1.52945742601864
145.702,-0.0620871907166385,1.52728054198622
145.703,-0.0625626826246283,1.52495835760889
145.704,-0.0630484626007405,1.52256813956945
145.705,-0.0635474016846581,1.52008397718862
145.706,-0.0640159258246853,1.51755512904184
145.707,-0.0644803252585978,1.5153041145585
145.708,-0.0650175779296304,1.51312553514191
145.709,-0.0656817918748634,1.51081123706917
145.71,-0.0661814078298716,1.50849427420284
145.711,-0.0666548141692795,1.50634086263202
145.712,-0.067123998298528,1.50421545415535
145.713,-0.0676147023498398,1.5017854723607
145.714,-0.068050032472751,1.49910482234311
145.715,-0.0685519339660997,1.49672531251487
145.716,-0.0690059661854594,1.4944384672154
145.717,-0.0694941581246379,1.49186059651905
145.718,-0.069971831918855,1.4891922945969
145.719,-0.0700085290517328,1.48728969695321
145.72,-0.0704436276145449,1.48539853658104
145.721,-0.0709458859864117,1.48262503839114
145.722,-0.0714229488871904,1.47878217236267
145.723,-0.0721240262607733,1.47658822132743
145.724,-0.072555446241649,1.47454463339516
145.725,-0.0730013998275435,1.47249131794693
145.726,-0.0734543686574127,1.47043729358987
145.727,-0.0738869384457767,1.4674425915159
145.728,-0.0742997209160662,1.46351512303576
145.729,-0.0747537896664554,1.4614049757561
145.73,-0.0752240755197778,1.45939527683675
145.731,-0.07566058072727,1.45717993913781
145.732,-0.0762310212074061,1.45494043470837
145.733,-0.0767302618899618,1.45228656387681
145.734,-0.0770973353680634,1.44936625528248
145.735,-0.0775602694058118,1.44668726742435
145.736,-0.0780298033735395,1.44418086083917
145.737,-0.078468279543406,1.44146487633462
145.738,-0.0789239799366667,1.43858330308386
145.739,-0.0789568462901394,1.4358927677421
145.74,-0.0794239839183096,1.43325746240222
145.741,-0.0798220367243735,1.43052889675845
145.742,-0.0804390261539872,1.42777181996225
145.743,-0.0808709624863418,1.42525772222326
145.744,-0.0812984143440675,1.42282184591409
145.745,-0.0816798347932942,1.42002373976586
145.746,-0.0820722280203779,1.41701851234185
145.747,-0.0824623091855631,1.41441805903631
145.748,-0.0827956404733409,1.41189636996407
145.749,-0.0831662045159892,1.40901821610392
145.75,-0.083600985772989,1.40604155198745
145.751,-0.0840106227431718,1.40376757157283
145.752,-0.084399935678804,1.40149359115821
145.753,-0.0849424746387611,1.39821237256799
145.754,-0.0853438761960766,1.39440711347957
145.755,-0.0853752165035978,1.39209686717516
145.756,-0.0857646663113656,1.38992009932952
145.757,-0.0861851004614013,1.3875434738027
145.758,-0.0865955625844225,1.38513692677399
145.759,-0.0869554968188825,1.38212683340121
145.76,-0.08733600791804,1.37862334250854
145.761,-0.0876903742552817,1.37562961041727
145.762,-0.0882213727312914,1.37291352744785
145.763,-0.0885893841232789,1.36992877589231
145.764,-0.0889258622889116,1.36673008012167
145.765,-0.0892805902565746,1.36386616435973
145.766,-0.0896437477634127,1.36110978788052
145.767,-0.0899824315617656,1.35855093937118
145.768,-0.0903341568754871,1.35605532730676
145.769,-0.0906305679009655,1.35261631205715
145.77,-0.0906658741754331,1.34822451192403
145.771,-0.0909951634743756,1.34573803900198
145.772,-0.0914701778014043,1.34337847212555
145.773,-0.0918262782544254,1.34048926853696
145.774,-0.0921333559128207,1.33754862344212
145.775,-0.0924140379529589,1.33470730679305
145.776,-0.0927406383830235,1.33187915054619
145.777,-0.0930768586058265,1.32889560414304
145.778,-0.0933578919710917,1.32586592914607
145.779,-0.0936572571231494,1.32254362070406
145.78,-0.0939488716444746,1.31919222940472
145.781,-0.0943272747761149,1.31667424496638
145.782,-0.0947408786578133,1.31415626052803
145.783,-0.0949570120958562,1.31107112980011
145.784,-0.0953792855983498,1.3077345776548
145.785,-0.0956576929976184,1.30434248533655
145.786,-0.0959325482231724,1.30091467380121
145.787,-0.0962384962366069,1.29776925936718
145.788,-0.0965810629958729,1.29469456998964
145.789,-0.0966026354913475,1.29166086049985
145.79,-0.0968237915533291,1.28863838546808
145.791,-0.0971148261461091,1.28538446301543
145.792,-0.0973983011329113,1.28203263337811
145.793,-0.0977136054430644,1.27888007628103
145.794,-0.0979912181936521,1.2757676600997
145.795,-0.0982411797369349,1.27268544849834
145.796,-0.0985919715710172,1.26960927338911
145.797,-0.0988098317826301,1.26630200986577
145.798,-0.0990560362069087,1.26291835807307
145.799,-0.0993111533935908,1.25989969706332
145.8,-0.0995556872626968,1.2569099025544
145.801,-0.099798231205708,1.25365157335209
145.802,-0.100143014598102,1.25035675110637
145.803,-0.100377922208334,1.24764779049609
145.804,-0.100603349747068,1.24504164668901
145.805,-0.100614717178627,1.24119063088333
145.806,-0.100805088079258,1.23576016992537
145.807,-0.101049014758978,1.23313893975507
145.808,-0.101258325548835,1.23063709111252
145.809,-0.101498689584638,1.22752773738055
145.81,-0.101671340295968,1.22426434965699
145.811,-0.101894660755237,1.22092862106027
145.812,-0.102134716468494,1.2175736914493
145.813,-0.102410865809628,1.21418155796589
145.814,-0.102631620196843,1.2107783196838
145.815,-0.102832531337279,1.20700535871573
145.816,-0.103050140781005,1.20309280957151
145.817,-0.103246260547694,1.19978802115046
145.818,-0.103436097610364,1.19651718829038
145.819,-0.103641593928799,1.19335824193655
145.82,-0.103853745686832,1.19020676026809
145.821,-0.104116781022887,1.18680467551176
145.822,-0.104137715159464,1.18334190126661
145.823,-0.104137715159464,1.17991914986044
145.824,-0.104443245380916,1.17650919431021
145.825,-0.104642779355561,1.17300589468534
145.826,-0.104805495928568,1.1694449388939
145.827,-0.104953179305983,1.1652029956792
145.828,-0.105112524859772,1.16054237227733
145.829,-0.105270800217102,1.15763909605123
145.83,-0.105431032976527,1.15473986808388
145.831,-0.105585970682367,1.15191929022056
145.832,-0.105764159116686,1.14909871235716
145.833,-0.105909679111192,1.14538004863634
145.834,-0.106056038892993,1.14077865188209
145.835,-0.106176163795939,1.13707154206205
145.836,-0.106292161428909,1.13367551295694
145.837,-0.106452695926861,1.12983758752715
145.838,-0.106557160814274,1.1258487695835
145.839,-0.10660330363384,1.12225795312856
145.84,-0.106605434919955,1.1186869689979
145.841,-0.106826891173544,1.11588566276539
145.842,-0.106935682450423,1.11308435653287
145.843,-0.107036795330037,1.10925221789046
145.844,-0.107112167582543,1.10440109328429
145.845,-0.107231496528093,1.10061122111114
145.846,-0.107318817160499,1.09718181031222
145.847,-0.107394774651689,1.09360722764367
145.848,-0.107496630016039,1.08995716179806
145.849,-0.107595246012122,1.08612589988419
145.85,-0.107654502511981,1.08220605572987
145.851,-0.10771653529092,1.07852301510259
145.852,-0.107782902827014,1.07488600400615
145.853,-0.107841800417259,1.07123456140956
145.854,-0.107920911166025,1.06757984789263
145.855,-0.107981198958185,1.06388628981021
145.856,-0.108000426225539,1.0601836698689
145.857,-0.108001590795582,1.05615589654794
145.858,-0.108087901100024,1.05203358730996
145.859,-0.108171664701392,1.04846722503665
145.86,-0.108231894337174,1.04494080885674
145.861,-0.108262308039793,1.04075781476016
145.862,-0.108322317210322,1.03647620955848
145.863,-0.108354246633105,1.03320304645699
145.864,-0.108415585776733,1.02992988335549
145.865,-0.108476042427248,1.0259445348187
145.866,-0.108520870117574,1.02173023754412
145.867,-0.108533608729567,1.017446508135
145.868,-0.108583962056676,1.01312087004262
145.869,-0.108596571147674,1.0092332759111
145.87,-0.108612780424571,1.00540350887511
145.871,-0.108598165069232,1.00156260798229
145.872,-0.108601215820985,0.997720960675027
145.873,-0.108601440606375,0.993495130650494
145.874,-0.108585050025334,0.989389736755316
145.875,-0.108600795208145,0.986338547886916
145.876,-0.108609558699977,0.983287359018516
145.877,-0.108605901787794,0.97887334333867
145.878,-0.108596056478779,0.973535351921034
145.879,-0.108578950199737,0.969433396154988
145.88,-0.108543008220246,0.965575276168932
145.881,-0.108511056739249,0.961393185652501
145.882,-0.108499577206122,0.957139230956759
145.883,-0.108443908172395,0.953252873717178
145.884,-0.108397219654531,0.949368709314397
145.885,-0.1083961331514,0.946129530703306
145.886,-0.10834133412255,0.942922353138896
145.887,-0.108207759592218,0.93896483753112
145.888,-0.108196735307258,0.934270806292099
145.889,-0.108112517896089,0.929919140122588
145.89,-0.10807486432326,0.925964827488676
145.891,-0.107966983282916,0.921761675026115
145.892,-0.107880348007664,0.917197670331875
145.893,-0.107762495533989,0.912553659468279
145.894,-0.10767566525473,0.907848746043572
145.895,-0.107566451471174,0.904202258429791
145.896,-0.107433348813846,0.900823286921773
145.897,-0.107321364044658,0.896888221572341
145.898,-0.107162673359461,0.892815011008834
145.899,-0.106934101877279,0.88840443236372
145.9,-0.106769664855588,0.883876273366315
145.901,-0.10658751028418,0.879391835824454
145.902,-0.106446609565405,0.874936019241544
145.903,-0.106259005639907,0.870581106746681
145.904,-0.106073104489435,0.866254498183643
145.905,-0.105889595870417,0.862099825058877
145.906,-0.105686413963956,0.858009572160805
145.907,-0.105440647385789,0.85360099970318
145.908,-0.105202161228355,0.848998561029724
145.909,-0.105183493097804,0.845025185561358
145.91,-0.105183493097804,0.841245900004097
145.911,-0.104561044165684,0.837205039038509
145.912,-0.104279599079185,0.832891857286776
145.913,-0.104021196400931,0.828383223655288
145.914,-0.103692618542956,0.82364230260869
145.915,-0.10335781766633,0.819183935484334
145.916,-0.103022487192114,0.814913082599112
145.917,-0.102716159365668,0.810441973663037
145.918,-0.102387736875279,0.805825435611528
145.919,-0.102077325579413,0.801358534515312
145.92,-0.101564000192302,0.796936344498881
145.921,-0.101297552687936,0.792606779527409
145.922,-0.100895352235379,0.788301151005437
145.923,-0.100868308307651,0.783822718546705
145.924,-0.10015054403453,0.779275620750039
145.925,-0.100122863586559,0.774948378008133
145.926,-0.100122863586559,0.770688981114871
145.927,-0.0992532241271004,0.765955448533847
145.928,-0.0987977592841676,0.760991551294738
145.929,-0.0981533213372051,0.756472220525945
145.93,-0.0977150049071543,0.75199575966623
145.931,-0.0972596748862421,0.747603331794536
145.932,-0.0967927038858442,0.743220113702007
145.933,-0.0962863413376719,0.738823437752876
145.934,-0.095760840889333,0.734425161809296
145.935,-0.0952185669538346,0.730573694944965
145.936,-0.0947213395496652,0.726791079605356
145.937,-0.0941754095834476,0.721874529166568
145.938,-0.0936601138474585,0.716092597972331
145.939,-0.0931545966709403,0.711256153222258
145.94,-0.0923804533409931,0.706806116630014
145.941,-0.0917646149701433,0.7020346229936
145.942,-0.0917518587530171,0.697095910326357
145.943,-0.0917518587530171,0.692934808441935
145.944,-0.0917518587530171,0.689004089173527
145.945,-0.0899515699389603,0.68437117495626
145.946,-0.0892948962268804,0.67896510198832
145.947,-0.08869744930205,0.67422215676691
145.948,-0.0880956007779063,0.669704444979499
145.949,-0.0871529891239431,0.665152624501635
145.95,-0.0864764676089094,0.660587025715615
145.951,-0.0858702001006624,0.656441622427013
145.952,-0.0851470937450859,0.652439621031769
145.953,-0.0844300532118625,0.647762484074133
145.954,-0.0837390421011961,0.642233709902372
145.955,-0.0830270953428099,0.636411352911499
145.956,-0.0822776860063438,0.630185041980286
145.957,-0.0815313149770185,0.625725430510483
145.958,-0.0808635915925805,0.621533891067085
145.959,-0.0808425075245091,0.617843798354622
145.96,-0.0797845254993607,0.614153705642159
145.961,-0.0790598047529575,0.609398758463146
145.962,-0.0783048925399829,0.603720225406687
145.963,-0.0775366423364309,0.598187762827386
145.964,-0.0766949044620949,0.592780349781859
145.965,-0.0758833902861843,0.588143891606296
145.966,-0.0750675437306779,0.583707430378263
145.967,-0.0738466620394925,0.578616085421559
145.968,-0.0730075104833469,0.573227523011738
145.969,-0.0721422679339306,0.56810920633241
145.97,-0.0712526801784287,0.563148641116728
145.971,-0.0704915295168996,0.559506607508746
145.972,-0.0696749898988099,0.555864573900763
145.973,-0.0687049939933543,0.550700181080879
145.974,-0.0678767735354655,0.544154172321368
145.975,-0.0678358500385233,0.539089663788025
145.976,-0.066956361097931,0.534457143457677
145.977,-0.0668836993256926,0.529733646302984
145.978,-0.0651123621786219,0.524968077369473
145.979,-0.0641930733174351,0.519701794888621
145.98,-0.0628529453562899,0.514132686018862
145.981,-0.0619093162585808,0.509238674587568
145.982,-0.0609065421486834,0.504482713834269
145.983,-0.0599074177916686,0.49961149707866
145.984,-0.0589429207912586,0.494703653124643
145.985,-0.0579330247759479,0.489350234993372
145.986,-0.0568982901090619,0.483839419678903
145.987,-0.0559006160784474,0.479005033794176
145.988,-0.0549259218265719,0.474202435321578
145.989,-0.0533277208858606,0.469075345511739
145.99,-0.0523699484677779,0.46392516407635
145.991,-0.0513156937328043,0.459509687785463
145.992,-0.0502745102149414,0.455144368684053
145.993,-0.0502458702632572,0.449550037565509
145.994,-0.0492462835067987,0.443040323912574
145.995,-0.0481166298945584,0.437752255808084
145.996,-0.047068048383278,0.433077453348932
145.997,-0.0460404302746931,0.428003130920109
145.998,-0.0443817110438826,0.422825880487662
145.999,-0.0432320318544904,0.41748875628331
146,-0.0421876782814296,0.412102524008751
146.001,-0.041054875687776,0.407694842462193
146.002,-0.0400738027700146,0.403386910615727
146.003,-0.0388599207695016,0.397499989108816
146.004,-0.0376946966169561,0.390556563998702
146.005,-0.0365584195494333,0.386283267510005
146.006,-0.0354089526720381,0.382549261218976
146.007,-0.0341954218625454,0.376524361385371
146.008,-0.0325147597716243,0.367920572723838
146.009,-0.0323942410061969,0.364099315405475
146.01,-0.0313484017938458,0.360278705833671
146.011,-0.0312574966969131,0.354787164203113
146.012,-0.0291193175057318,0.348769801861788
146.013,-0.0278549366841767,0.343538744077354
146.014,-0.0266341794954467,0.338324997457701
146.015,-0.0253841159749543,0.332979723891357
146.016,-0.0242209678330225,0.327619357949212
146.017,-0.0229906969462305,0.322021428451289
146.018,-0.0212118948415028,0.316493568113939
146.019,-0.0199630681508995,0.31235508616652
146.02,-0.0187114314650189,0.3082166042191
146.021,-0.0174989895674454,0.302446942756252
146.022,-0.0162738829313241,0.295222994887879
146.023,-0.0149078886784658,0.28957197669546
146.024,-0.0148351831803861,0.284413577279256
146.025,-0.0136175869299612,0.279322550203704
146.026,-0.0106624029387689,0.274264727409754
146.027,-0.0105102524235007,0.269016675381935
146.028,-0.00989995967593849,0.263584473721079
146.029,-0.00811702733908082,0.258172928503326
146.03,-0.00687475518876945,0.252784050529385
146.031,-0.00551837250522957,0.246572894838438
146.032,-0.00428196762313615,0.239152183499637
146.033,-0.00300375088102978,0.234742560088046
146.034,-0.00165426337813368,0.230691461958983
146.035,-0.000347330718215688,0.225166350444874
146.036,0.000894948851428157,0.219136637103535
146.037,0.00294090089424148,0.212672672324046
146.038,0.00431297352065496,0.205992987051589
146.039,0.0054868761930672,0.201974538694925
146.04,0.00675197641001357,0.198325663381123
146.041,0.0068253521659648,0.192479653711413
146.042,0.00943508403004245,0.183363174570188
146.043,0.00955649244567269,0.179034790039984
146.044,0.0109213581998322,0.175032228947459
146.045,0.012288892499402,0.168819048598809
146.046,0.0135548710591759,0.161374352884618
146.047,0.0156829160963778,0.156016139669371
146.048,0.0171210862647327,0.151019209106148
146.049,0.0183968980336882,0.146186213133689
146.05,0.0197789607611411,0.14135321716123
146.051,0.0212175325170988,0.135490865827683
146.052,0.0226536294134713,0.129085897155439
146.053,0.0241637896014734,0.123062963525809
146.054,0.0255367705418342,0.117285609743821
146.055,0.0269952299668695,0.111723775997902
146.056,0.0283995914057608,0.106284132753199
146.057,0.030333341310242,0.0996375058583081
146.058,0.0317874180130345,0.0919371592457664
146.059,0.0331895427563637,0.0880326752098925
146.06,0.0344250674255009,0.0842136669675509
146.061,0.0346084642473622,0.0824149848078955
146.062,0.0359928984089272,0.0829027985577575
146.063,0.0374242386489475,0.0866028507955561
146.064,0.0388905559739006,0.0939782196730777
146.065,0.040305113874992,0.0987191089783137
146.066,0.0417946326780765,0.103134253194155
146.067,0.0432157554246991,0.108776134100478
146.068,0.0452285462758645,0.114797496087057
146.069,0.0467302195672831,0.120613984437569
146.07,0.0480860351022848,0.126383458705723
146.071,0.0494715244237139,0.130518138717278
146.072,0.0508182925960227,0.134652818728833
146.073,0.0521916294800154,0.139857359112291
146.074,0.0535450105577048,0.14638758620992
146.075,0.0548147792110586,0.153401521877545
146.076,0.0548809581663874,0.161046608184705
146.077,0.0560627949754376,0.166003240334953
146.078,0.0578123182178424,0.170789837886363
146.079,0.0589768958765234,0.175047920525693
146.08,0.0600774821811628,0.179306003165023
146.081,0.0612337765147747,0.185253137349282
146.082,0.0622400672563699,0.192446389531084
146.083,0.0632405613682702,0.198015219911566
146.084,0.0642886604687146,0.203114792583423
146.085,0.0652208491423194,0.208323493319044
146.086,0.0661297950160741,0.213584072686443
146.087,0.0670378260636629,0.219251544268748
146.088,0.0683726512914716,0.225100120266996
146.089,0.0693022733440507,0.230629048107584
146.09,0.0700595045868052,0.236080973415349
146.091,0.0709139606401371,0.24135864190158
146.092,0.0715873046888301,0.246600943889293
146.093,0.0723612463312943,0.251966686649519
146.094,0.0731042581509401,0.257362428587107
146.095,0.0737516926751466,0.262845863858324
146.096,0.0745302132523541,0.268361653741658
146.097,0.0745901458787678,0.273728949460292
146.098,0.0745901458787678,0.279047108996002
146.099,0.0755658290135756,0.284306056597139
146.1,0.0766726428769406,0.289547209788418
146.101,0.0772893203787931,0.295101833764663
146.102,0.0779973222223641,0.300806479716298
146.103,0.0788658083355316,0.3058976308579
146.104,0.0798940808160039,0.310928723514494
146.105,0.0811625063834899,0.315853710137904
146.106,0.0826178494971992,0.320762435253057
146.107,0.0846801010960264,0.325911902778346
146.108,0.0856642955383596,0.331170926955229
146.109,0.0877842523063582,0.336400561539856
146.11,0.0893483406946324,0.341616137364473
146.111,0.090955915651895,0.346816195666198
146.112,0.0925394929528968,0.352007537904994
146.113,0.0926119067491421,0.357157160503806
146.114,0.0940829104937795,0.362277783276307
146.115,0.0955921070101574,0.368432005244314
146.116,0.0969945933341366,0.375182782211741
146.117,0.0983062447799626,0.378819092873368
146.118,0.100254284884513,0.382455403535098
146.119,0.101412148926405,0.387571815497253
146.12,0.102585959091211,0.393040919850486
146.121,0.103807333837447,0.398896870056488
146.122,0.104994870932357,0.404953900532793
146.123,0.106131773800358,0.408826895365472
146.124,0.107221363570537,0.412525032009885
146.125,0.108510084556607,0.41824816428579
146.126,0.109827456575108,0.425155007872852
146.127,0.111991270314871,0.429699164832489
146.128,0.113332175588212,0.433835275375256
146.129,0.114655960237044,0.4386719400107
146.13,0.116126309548365,0.443651862894136
146.131,0.1162051432207,0.448887462397698
146.132,0.117582570036039,0.454182438430329
146.133,0.119019241409406,0.458325691177422
146.134,0.120398096840305,0.462346899458014
146.135,0.121707121877087,0.467454040704446
146.136,0.123140561891682,0.47361962149353
146.137,0.124625324764725,0.479196242559108
146.138,0.125876217306017,0.484405703890686
146.139,0.127850249420962,0.489895803439781
146.14,0.129037746244188,0.495484570248663
146.141,0.130223857918638,0.499368007918467
146.142,0.131519951279838,0.503130187075483
146.143,0.132737151422974,0.507845168790108
146.144,0.133910001649653,0.512803330908707
146.145,0.133952180987292,0.517719317666939
146.146,0.136197804928761,0.522623334713276
146.147,0.136335747912615,0.526970606933377
146.148,0.136335747912615,0.531146636391422
146.149,0.139226951244836,0.536159822715038
146.15,0.140533302044912,0.542321543703177
146.151,0.141832713340093,0.548257885342135
146.152,0.143064093945622,0.554038572035608
146.153,0.144241946210765,0.557207035924522
146.154,0.145425725951804,0.560351748859827
146.155,0.146696744480166,0.564790746195859
146.156,0.148540230349732,0.570356659708796
146.157,0.149790932703717,0.57633179106383
146.158,0.150959823054512,0.582684163994276
146.159,0.152118634007761,0.586558486334354
146.16,0.153387840922983,0.590432808674541
146.161,0.15464248487373,0.594934500847311
146.162,0.155841779729828,0.599454094382564
146.163,0.155935987187922,0.604114422394704
146.164,0.157246520041824,0.608785621245449
146.165,0.158412422020249,0.612721021223625
146.166,0.159628184715241,0.616613507089303
146.167,0.161464919102063,0.621956517058332
146.168,0.162659779965954,0.628196411738684
146.169,0.163962361418196,0.632831567333621
146.17,0.165158856906536,0.637291013835046
146.171,0.166246647847565,0.641752789696352
146.172,0.167454683317212,0.64621491513577
146.173,0.168664670410073,0.650688166171305
146.174,0.169824715286399,0.655165312615184
146.175,0.171080929018766,0.659742679141482
146.176,0.172711818908593,0.66436914126189
146.177,0.173833908302215,0.668815777873818
146.178,0.174974034132367,0.673196782793847
146.179,0.175034031320904,0.678092259346938
146.18,0.176011917750832,0.683233762702318
146.181,0.177067658620137,0.687614977047549
146.182,0.178090787903967,0.691937563201495
146.183,0.179160018167971,0.696274851793587
146.184,0.180199756854823,0.700613927937895
146.185,0.181263610697075,0.704932854781078
146.186,0.182771879067882,0.70924807922629
146.187,0.183817697422625,0.713581689314853
146.188,0.184655190795951,0.717919575653118
146.189,0.185689059234083,0.722465226473908
146.19,0.186576558325921,0.727054501377509
146.191,0.187592480101634,0.731551706076088
146.192,0.188463260658675,0.736023176559394
146.193,0.189473893022608,0.740357392810528
146.194,0.19036445898836,0.74463598247644
146.195,0.19170286190608,0.748974859408959
146.196,0.192595010915261,0.753344924295902
146.197,0.192664971714029,0.757669679432063
146.198,0.193465633263595,0.761967011439165
146.199,0.194354657963104,0.766594308861775
146.2,0.195153738412039,0.771504698549645
146.201,0.19592783732761,0.775797056404097
146.202,0.196739843203413,0.779917403048381
146.203,0.197508023862592,0.784089127305977
146.204,0.198350679733344,0.78827673758976
146.205,0.199100706084648,0.792369744783901
146.206,0.200172761050081,0.79642773969992
146.207,0.200933863355058,0.800878915774139
146.208,0.201592669082658,0.805521305934979
146.209,0.202280054292481,0.809990389044979
146.21,0.202905973247261,0.814409084974838
146.211,0.203577482676526,0.818579082026106
146.212,0.204180256299122,0.822702372642086
146.213,0.204789095787084,0.826735494557754
146.214,0.205726635604662,0.830740070678533
146.215,0.205780022478195,0.834977529715336
146.216,0.206328382183094,0.839337769968353
146.217,0.206904872747038,0.843668088332466
146.218,0.207455333353451,0.847986840047856
146.219,0.208000402867023,0.851938290553534
146.22,0.208499328812392,0.855817453304895
146.221,0.209002791819378,0.859963804842842
146.222,0.209732730643559,0.864175591456934
146.223,0.210316127190412,0.868026518484722
146.224,0.21079073280195,0.871776826198138
146.225,0.211235509364446,0.876467362886581
146.226,0.211659488386173,0.882184164142786
146.227,0.21208271293498,0.88515045141871
146.228,0.212509268575908,0.888102702070278
146.229,0.212877696159319,0.891872111254625
146.23,0.212895533667332,0.895942014492063
146.231,0.21324107570567,0.900036913097187
146.232,0.213598180895593,0.904143052094634
146.233,0.213945223403919,0.908606751119649
146.234,0.214368856681791,0.913276093298469
146.235,0.214718959724992,0.916946480370604
146.236,0.215038106795815,0.920498045180672
146.237,0.215318851717594,0.924680305199912
146.238,0.215562744898038,0.929065031410544
146.239,0.21579569145388,0.932913307626242
146.24,0.216003822509685,0.936723555414578
146.241,0.216199375710578,0.940386731074323
146.242,0.216473278245021,0.944034870473431
146.243,0.216683595831613,0.947879624936293
146.244,0.216873516148813,0.951778203267822
146.245,0.216886308872516,0.955557938684493
146.246,0.217169272783179,0.959302645619019
146.247,0.217192055529197,0.96319873827688
146.248,0.217343898678627,0.967171840048046
146.249,0.217514153651288,0.971065080330888
146.25,0.21766012771825,0.97491520091763
146.251,0.217753707347444,0.978913904833211
146.252,0.217872609225243,0.983018466538931
146.253,0.217982747422878,0.986683658293983
146.254,0.218061356540289,0.990217131869049
146.255,0.218126776056361,0.993955393511496
146.256,0.218195766642306,0.997795247426292
146.257,0.218229888990623,1.00181115281841
146.258,0.218302897629607,1.00593058932654
146.259,0.218332092622528,1.00957948735713
146.26,0.218384929761189,1.01310798451593
146.261,0.218448170664954,1.0167533918381
146.262,0.218477593776943,1.02045606194546
146.263,0.218478219201483,1.0245508548669
146.264,0.218528986979544,1.02883779152215
146.265,0.218588243388808,1.03192276896043
146.266,0.218643073110216,1.03487302202804
146.267,0.218670500517289,1.03862938889058
146.268,0.218691606773447,1.04256303960324
146.269,0.218718578890823,1.04615106728627
146.27,0.218714734337968,1.04966413712693
146.271,0.218728863285862,1.05309532768787
146.272,0.21873611080616,1.05650863335616
146.273,0.218730893225463,1.06044933166324
146.274,0.218745127022274,1.06454368736317
146.275,0.218760512851842,1.06807427284986
146.276,0.218756022926844,1.07140079387629
146.277,0.218770693764951,1.07492065885517
146.278,0.218765658191998,1.07858960897265
146.279,0.218765319247416,1.08224511460693
146.28,0.218759803542402,1.08589268709616
146.281,0.218754097158531,1.08933177486296
146.282,0.218768659024302,1.09266787024534
146.283,0.218763988188737,1.09634784613869
146.284,0.218758333206159,1.10026179445018
146.285,0.218752722041485,1.10370207881255
146.286,0.218747047045077,1.10704277352686
146.287,0.218741495392312,1.11040251318445
146.288,0.218735799294973,1.11376679054809
146.289,0.21873022275252,1.11694494704286
146.29,0.218743897467572,1.12007344021502
146.291,0.218739671059448,1.12418424022012
146.292,0.218734215162155,1.12885211276691
146.293,0.218728304575402,1.13175311964913
146.294,0.218722637111815,1.13439623100971
146.295,0.218742511351424,1.13723867729062
146.296,0.218738032327433,1.14012394003892
146.297,0.218737742935657,1.14366873467845
146.298,0.218732473964869,1.14785928356501
146.299,0.218752435009142,1.15190204658477
146.3,0.218747636945008,1.15585590838934
146.301,0.218788443400667,1.1585364064429
146.302,0.218783866834864,1.16106736456213
146.303,0.218778457619961,1.16454398374165
146.304,0.21879759423201,1.16822725473383
146.305,0.218818740793423,1.17159930455433
146.306,0.218814178744765,1.17487461603591
146.307,0.218833984287013,1.17809924157344
146.308,0.218854851978228,1.1813085578325
146.309,0.218850481225658,1.18448443107458
146.31,0.218858143898564,1.18764768062486
146.311,0.218858728883863,1.19112593760769
146.312,0.218878616746809,1.19473865718949
146.313,0.218900134857796,1.19795615299456
146.314,0.218895181395854,1.20113921385168
146.315,0.218915808740069,1.20434014775146
146.316,0.218915808740069,1.20754334013539
146.317,0.218910321626305,1.21022904751554
146.318,0.218910163142308,1.21279072250577
146.319,0.218930647354635,1.21609213674254
146.32,0.218925747726989,1.21977554644064
146.321,0.218900063551186,1.22299069740333
146.322,0.218918710479545,1.22600047894078
146.323,0.218894652141846,1.22906598230408
146.324,0.218887847582944,1.23215857687377
146.325,0.218907813806862,1.23580466800966
146.326,0.218903125850667,1.23973811919231
146.327,0.218876795665235,1.24180821332725
146.328,0.218871014730057,1.24387830746219
146.329,0.218870641618301,1.24675057081494
146.33,0.218814877572599,1.2502892455093
146.331,0.218811886163201,1.25403482157124
146.332,0.218786762652794,1.25799422599339
146.333,0.218780072919208,1.26023902976917
146.334,0.218731123707989,1.26237002530277
146.335,0.218721167041604,1.26520533034429
146.336,0.218682887221505,1.26848719160629
146.337,0.218630674834563,1.27167909954889
146.338,0.218597035289271,1.27478436322135
146.339,0.218543524885787,1.27794362131806
146.34,0.21851167783323,1.28113759006774
146.341,0.218394116126592,1.2840488345657
146.342,0.21834640219529,1.28691510462329
146.343,0.218268113091803,1.2894666987368
146.344,0.218224707390792,1.29194865253444
146.345,0.218178379969966,1.29486441537112
146.346,0.218110447610996,1.29834727516236
146.347,0.218018744686692,1.30159175833874
146.348,0.218015105675853,1.30447140170294
146.349,0.217969729611036,1.30732648789972
146.35,0.217906011705023,1.31014110980992
146.351,0.2177696932959,1.31283465823983
146.352,0.217690009313726,1.31530019264996
146.353,0.217568728145843,1.31783975309946
146.354,0.217483649424542,1.3208997362548
146.355,0.217380869888667,1.32395000877189
146.356,0.217293176372162,1.32663605354631
146.357,0.217184472745011,1.32932209832072
146.358,0.21707885664625,1.33209644459679
146.359,0.216853801655353,1.33487254005686
146.36,0.216692964324183,1.33799122141252
146.361,0.21653358118904,1.3410272276455
146.362,0.216363856841761,1.34353083370368
146.363,0.216186537049226,1.34603443976186
146.364,0.216014248801118,1.34937080542712
146.365,0.216007133541578,1.35251394813974
146.366,0.215827312123247,1.35459792195301
146.367,0.215630839429798,1.35668189576622
146.368,0.215421625839029,1.36052274084662
146.369,0.215175718523797,1.36352660648301
146.37,0.214882941550103,1.36533203053457
146.371,0.214608703071829,1.36728063505717
146.372,0.214386034942714,1.37011830204146
146.373,0.214135454437359,1.37295596902567
146.374,0.213899097642659,1.37578732356281
146.375,0.213648734752656,1.37857371609159
146.376,0.213371361555656,1.38108881371604
146.377,0.212952309783657,1.3835996125901
146.378,0.212733742017288,1.38606284067769
146.379,0.212717128309945,1.38852954639767
146.38,0.212717128309945,1.39129529331136
146.381,0.211883439199166,1.3939942246055
146.382,0.211861620416829,1.39624559436194
146.383,0.211547905563591,1.39849696411838
146.384,0.211246098090333,1.40132851024346
146.385,0.210916320205059,1.40421391680817
146.386,0.210595840140941,1.40682020864377
146.387,0.210252757921932,1.40936946891789
146.388,0.209884862455296,1.41175921420973
146.389,0.209336429232276,1.41414463480873
146.39,0.208953668051754,1.41651771207719
146.391,0.208586259379483,1.418896771275
146.392,0.208195585601522,1.42132246318934
146.393,0.207763361872473,1.42375106069091
146.394,0.207380601154934,1.42622580004796
146.395,0.207355675491044,1.42869834890139
146.396,0.206525482322975,1.43106994907981
146.397,0.206474543296786,1.43344154925816
146.398,0.205796940093788,1.43579123448568
146.399,0.205428200941307,1.43813988954433
146.4,0.204984776731595,1.4404979042652
146.401,0.204523344681131,1.44285664701753
146.402,0.204044705185551,1.44526945939404
146.403,0.203593959512658,1.44769131001778
146.404,0.203095064806962,1.45020365170501
146.405,0.202598003987565,1.45262259282444
146.406,0.20211088446389,1.45476851130835
146.407,0.201281369310961,1.45691077665122
146.408,0.20082356220552,1.45903655339717
146.409,0.20028220377849,1.46116233014306
146.41,0.199737863518355,1.46345972524949
146.411,0.199187060666331,1.46576515865933
146.412,0.198663478913193,1.46806056230661
146.413,0.198622225857961,1.47035535167962
146.414,0.198101646326939,1.4725307374047
146.415,0.197541498612381,1.47469118274769
146.416,0.196735911767513,1.47753754827297
146.417,0.196158634675476,1.48005703110479
146.418,0.195598934458135,1.48155171784812
146.419,0.195007795145502,1.48304761188545
146.42,0.194406892343401,1.48569946453549
146.421,0.19379074736798,1.48826341930762
146.422,0.193269507593687,1.49017345648545
146.423,0.192636954679179,1.49208349366328
146.424,0.19202266734433,1.49444027833714
146.425,0.191397915599948,1.49675879553938
146.426,0.190799073754965,1.4988108601154
146.427,0.189874761490631,1.5008675754288
146.428,0.18929698355683,1.50295369435932
146.429,0.188650229609486,1.50503827728166
146.43,0.188045235988832,1.50711273383225
146.431,0.18799507119418,1.50918360055227
146.432,0.187395583458615,1.5112303803079
146.433,0.186723274859039,1.51326254575446
146.434,0.186141943705559,1.51520037889003
146.435,0.18512747866279,1.51715999622297
146.436,0.184482042593466,1.51932900420467
146.437,0.1838339998461,1.52137797091709
146.438,0.183233651256075,1.52307636103913
146.439,0.182577824782207,1.52477475116112
146.44,0.18191121824671,1.5269935845108
146.441,0.181242470723678,1.52923528660554
146.442,0.180634843218281,1.53117148339066
146.443,0.17995747872473,1.5330668068223
146.444,0.179351152148963,1.53556005919251
146.445,0.178354012840322,1.53787544784318
146.446,0.177576954047623,1.53945442505248
146.447,0.176905312082196,1.54110944896554
146.448,0.176867630685132,1.54297072229073
146.449,0.176265101471117,1.54481415976095
146.45,0.175610744433274,1.54660028562414
146.451,0.174912890882321,1.54835834620707
146.452,0.174293997723063,1.54996721923474
146.453,0.173600154511678,1.5515760922624
146.454,0.172944475920237,1.55375798410569
146.455,0.172295676653588,1.5559751887141
146.456,0.171307745166041,1.55759109215463
146.457,0.170697580171615,1.5592069955952
146.458,0.170029501003698,1.56120004348559
146.459,0.16933553521652,1.56325037869568
146.46,0.168731784330656,1.56496072917925
146.461,0.168104024441415,1.5666718229094
146.462,0.167448310018074,1.56842599159388
146.463,0.167401050148462,1.57018007280998
146.464,0.166448779114349,1.57191999525519
146.465,0.166141353439582,1.5736599177004
146.466,0.16516512116938,1.57532746148427
146.467,0.164495191681013,1.57699260480767
146.468,0.163864666145109,1.57880272467946
146.469,0.163244762728216,1.58060710341048
146.47,0.162630484796689,1.58221414832096
146.471,0.161970562339998,1.5838350722447
146.472,0.161372011941291,1.5856127371163
146.473,0.160760782306768,1.58732313175818
146.474,0.159819353628839,1.58885856300041
146.475,0.159174159230283,1.59041271224006
146.476,0.15849362479987,1.59204759746162
146.477,0.157809698368323,1.59367363464067
146.478,0.157157340413675,1.59525394494534
146.479,0.156516065861552,1.59682610764414
146.48,0.155927908946079,1.59834014084362
146.481,0.155309901287186,1.59985562410441
146.482,0.154741499385828,1.60141672284736
146.483,0.15469702237015,1.6029829269552
146.484,0.153742408228711,1.60472889216288
146.485,0.153146311209922,1.60639652780824
146.486,0.152497925895066,1.60782489315838
146.487,0.151867713505637,1.6092350824345
146.488,0.151264631233928,1.61055051362276
146.489,0.150662299170033,1.61186594481102
146.49,0.150085909446127,1.61354619212255
146.491,0.149482204389792,1.61524900691093
146.492,0.148479334597243,1.61694145459121
146.493,0.147867185437774,1.6186167829249
146.494,0.147227871812693,1.61968416999497
146.495,0.146537505618227,1.62075155706503
146.496,0.145962086575018,1.62211340223223
146.497,0.14544081191637,1.6244136366772
146.498,0.145409646912532,1.62581426235074
146.499,0.144798624970772,1.62693587428767
146.5,0.144170112018245,1.6280510167102
146.501,0.143185678458824,1.62916316401158
146.502,0.142557289715493,1.63036947965144
146.503,0.141925636109573,1.63202223236471
146.504,0.141255826270369,1.63361510088082
146.505,0.14063610437664,1.63505376469021
146.506,0.14004560272833,1.63639529261531
146.507,0.139426886176574,1.63763711967528
146.508,0.138890986727527,1.63891002342791
146.509,0.138296441980808,1.64022202538328
146.51,0.137656263551805,1.64153375437808
146.511,0.13667540435626,1.64284514181124
146.512,0.135967803747081,1.6440942364276
146.513,0.135317736395839,1.64527085209679
146.514,0.134714426184751,1.64646555959262
146.515,0.134675660527378,1.64770385561194
146.516,0.133562842206595,1.64907103281448
146.517,0.133497105858968,1.65080126128628
146.518,0.132841628838359,1.6517993725705
146.519,0.132216594506186,1.65259836582684
146.52,0.131172402986357,1.6535959971822
146.521,0.130472874815056,1.65492394679201
146.522,0.129810966176951,1.65618889479676
146.523,0.129163406018882,1.65733097529606
146.524,0.129282664126242,1.65846605345726
146.525,0.12787983395774,1.65958720470521
146.526,0.127256788850096,1.66074969459179
146.527,0.126721780283524,1.66201403375336
146.528,0.126693691422294,1.66313554245369
146.529,0.125024105211745,1.66411179749996
146.53,0.124926815445954,1.66515034292959
146.531,0.124926815445954,1.66637610596354
146.532,0.123517067983542,1.66752893584346
146.533,0.122710338442302,1.66859038710916
146.534,0.122019220972119,1.66963218994878
146.535,0.121426331685219,1.67064750685231
146.536,0.120660052256921,1.67167953512159
146.537,0.120028849970943,1.67274363092546
146.538,0.119335567142902,1.67376857479002
146.539,0.118587573681265,1.67474886820658
146.54,0.117491417551011,1.67570715324821
146.541,0.116741222730843,1.67664035366476
146.542,0.116027860772025,1.67758720753942
146.543,0.115300107466502,1.67856040518594
146.544,0.114456809408411,1.67952725488488
146.545,0.113735166852819,1.68048099499786
146.546,0.112993508214133,1.68142442965264
146.547,0.11235096111585,1.68234434757033
146.548,0.111267541466734,1.6832573771072
146.549,0.111196952615193,1.68415109134917
146.55,0.110493277741719,1.68505975260069
146.551,0.109784150052355,1.6860301828264
146.552,0.109008702449939,1.68695930422605
146.553,0.108222666569206,1.68781343639574
146.554,0.10737308317836,1.68868814246705
146.555,0.106616038449855,1.68959921820725
146.556,0.105937524739748,1.69045196359879
146.557,0.105209364159809,1.69126075975707
146.558,0.103992235070627,1.69206566250816
146.559,0.103221789413319,1.69286691808096
146.56,0.102457727393584,1.69364027498537
146.561,0.101629014003552,1.69438078241858
146.562,0.100816088432992,1.69513307496832
146.563,0.0999784737640456,1.69591014743059
146.564,0.0992557070638812,1.6966774198598
146.565,0.0984417031477413,1.69742460818344
146.566,0.0976532540544884,1.69816662091932
146.567,0.0976146270736532,1.69889553750976
146.568,0.0969009962262565,1.69964732512766
146.569,0.0956715741340217,1.70046230115256
146.57,0.0947714149841808,1.70117252473539
146.571,0.0940105362199468,1.70179294402388
146.572,0.0931783406810111,1.70241516780698
146.573,0.0923198056839051,1.70304002905349
146.574,0.0915682561189538,1.7036570178986
146.575,0.090684328285351,1.70425836946998
146.576,0.0895278771266409,1.70486232723331
146.577,0.0886919993723981,1.70548927248063
146.578,0.0878894311217624,1.70611621772795
146.579,0.0870439319024803,1.70679111917544
146.58,0.0862017911259031,1.70749753562412
146.581,0.0854535034965894,1.70814150242
146.582,0.0854133174638979,1.7087297514084
146.583,0.0854133174638979,1.70935413922125
146.584,0.0838521966548048,1.7100142519098
146.585,0.0830636327574061,1.71052113529298
146.586,0.0818129275160423,1.71097583949518
146.587,0.0808835593028804,1.71155301141253
146.588,0.0800800344964804,1.71217371188535
146.589,0.0792778102688124,1.71269457775204
146.59,0.0784158168532195,1.71318942020269
146.591,0.0776296865486801,1.71366324247891
146.592,0.0768370972873013,1.71413043541813
146.593,0.07596107601185,1.71459548615937
146.594,0.0752158991215787,1.71505958003458
146.595,0.0739721687495959,1.71552526848093
146.596,0.0731878536487488,1.71599168632938
146.597,0.0731237148042453,1.71642322452811
146.598,0.0731237148042453,1.71684367335662
146.599,0.0714981534494267,1.71725114782372
146.6,0.0707097538280897,1.71765249641276
146.601,0.0699044684974177,1.7180456592809
146.602,0.0691560992483018,1.71843452165255
146.603,0.0682979817707251,1.71882585540514
146.604,0.0675493654560585,1.71921863778432
146.605,0.0667556333236276,1.71960050708245
146.606,0.0659243185488161,1.71997935524726
146.607,0.0650176874747703,1.72028059823059
146.608,0.0638352434896826,1.72058100380552
146.609,0.0630306244551312,1.72089589975823
146.61,0.0623172246043023,1.72121409650115
146.611,0.0615288608407465,1.72148598713885
146.612,0.0608495725264034,1.72174476598844
146.613,0.0599610386087641,1.72207207789592
146.614,0.0591962161522041,1.72248850511994
146.615,0.058387095708741,1.72270762166861
146.616,0.0572935454710594,1.72289668898898
146.617,0.0572356774375473,1.72314004696462
146.618,0.0565149045180492,1.72340621137996
146.619,0.0557219187426498,1.72361569535681
146.62,0.0550706632843588,1.72382190405016
146.621,0.0542238586739862,1.724034763642
146.622,0.0534856277545227,1.72424140245497
146.623,0.0527395837802175,1.72438942972799
146.624,0.0520261383120654,1.72453745700102
146.625,0.0508727692933918,1.72471158299232
146.626,0.0500959179088111,1.72489276167614
146.627,0.0493082292923258,1.72504786542134
146.628,0.0485709646956338,1.72519503587081
146.629,0.0477906657613291,1.72529567811856
146.63,0.0470340780337587,1.7253963203663
146.631,0.0469380051016336,1.72550478246081
146.632,0.0457331794149188,1.72561557655048
146.633,0.0456638767470727,1.72569143876326
146.634,0.0450201998619159,1.72575536955606
146.635,0.0442075576864808,1.72582899017085
146.636,0.0435109813675425,1.72591735937714
146.637,0.0424054638680706,1.72595268330744
146.638,0.0417048139246073,1.72598198460686
146.639,0.0409462882535993,1.72600674920167
146.64,0.0402673970866422,1.72603042457617
146.641,0.0395983843620905,1.72603605997665
146.642,0.0389316658083562,1.72603643128448
146.643,0.0382920742765859,1.7260232189521
146.644,0.0376349618429213,1.72600583845638
146.645,0.0365300700380575,1.72596959748505
146.646,0.0358438257512385,1.72592577833519
146.647,0.035782422301444,1.72586881738026
146.648,0.0351121655563015,1.72580523240304
146.649,0.0343961784712428,1.72572914573035
146.65,0.0337624605566048,1.72565166734268
146.651,0.0337164932654037,1.72557453939588
146.652,0.0323910034272966,1.72549741144908
146.653,0.0317335164325628,1.72538531324078
146.654,0.0310559437527496,1.72525474194679
146.655,0.0302970048004146,1.72511668263311
146.656,0.0292910195780897,1.72497416550517
146.657,0.0285996500293171,1.72482406572545
146.658,0.0279809906916475,1.72467193646055
146.659,0.0273139914554815,1.72449153584563
146.66,0.0266611734236933,1.72430440932583
146.661,0.0259629398031828,1.72414874705937
146.662,0.0253246795733845,1.72399308479292
146.663,0.024705725810552,1.72377098320413
146.664,0.0238137514530476,1.72350998688436
146.665,0.0236540389851484,1.72325495700246
146.666,0.0236486103444374,1.72300209334748
146.667,0.0224478619510323,1.72280115941699
146.668,0.0217040400421661,1.7226002254865
146.669,0.0209894071700615,1.72230955759009
146.67,0.0203550544635628,1.72195602262385
146.671,0.0196834406004359,1.72166779128679
146.672,0.0190413901783573,1.72139413516309
146.673,0.0183666058374294,1.72109826065674
146.674,0.0177163731270625,1.72079561464841
146.675,0.0166848705555825,1.7204652223754
146.676,0.016032066986515,1.72012592473287
146.677,0.0153700916731229,1.71975340805608
146.678,0.0147152577013158,1.7193700115363
146.679,0.0141286752325965,1.71906656506689
146.68,0.0140976068529869,1.71876311859748
146.681,0.0134521322523798,1.7183388518476
146.682,0.0118856227905727,1.71785179937125
146.683,0.0112259241633524,1.71744732867443
146.684,0.0111814712809414,1.71705791120874
146.685,0.0104952767872216,1.71664058792812
146.686,0.00987661346748436,1.71621572619696
146.687,0.00921901896817434,1.71575850766013
146.688,0.0086293302098549,1.71529416940776
146.689,0.00793577111771437,1.71492340077763
146.69,0.00734548723588413,1.71455704373908
146.691,0.00672512111568391,1.71406641556443
146.692,0.00574735871864773,1.71344887064772
146.693,0.00508889709609217,1.71291204248133
146.694,0.00437644826899108,1.71241930092777
146.695,0.00374369937803809,1.71191965583515
146.696,0.00314909469351055,1.71141632833004
146.697,0.00256151720198217,1.71086541768548
146.698,0.00195656685389711,1.71028523736573
146.699,0.00191747462618352,1.70966793638924
146.7,0.00128707061520339,1.70903898691863
146.701,0.000671865262472204,1.70849155681633
146.702,-3.28687781715464e-05,1.70794456048316
146.703,-0.000739602904081704,1.70728906278345
146.704,-0.00165736437355479,1.70663988664518
146.705,-0.00229404549053525,1.70614581781046
146.706,-0.00293850840243615,1.70565174897575
146.707,-0.00353739920315899,1.70492208539353
146.708,-0.00414926927725823,1.70409507182706
146.709,-0.00488017904616289,1.70346273242257
146.71,-0.00552673985100849,1.70283700453833
146.711,-0.00643103831301439,1.70227971753798
146.712,-0.00680209916961738,1.70172505963121
146.713,-0.00767654389163386,1.70095592957399
146.714,-0.0083343835363382,1.7000615263291
146.715,-0.00901918392362899,1.6992807360684
146.716,-0.00958562901373894,1.69852843987285
146.717,-0.00960728292892488,1.69788632891307
146.718,-0.0101457819092122,1.69724421795331
146.719,-0.0107597595097678,1.69641452183387
146.72,-0.0113638289416919,1.69557264598813
146.721,-0.0120348537867134,1.69492848176812
146.722,-0.0128998243187191,1.69430104171407
146.723,-0.0135482544896436,1.69344577931061
146.724,-0.0141145014246259,1.69241630315441
146.725,-0.0147394530971293,1.69160878965109
146.726,-0.0152858240770418,1.69085423046951
146.727,-0.0153960486203452,1.68997896249992
146.728,-0.0164814628943937,1.68906617765125
146.729,-0.0171787594576728,1.68829876202542
146.73,-0.0177870015806711,1.68753134639961
146.731,-0.0186665167082747,1.68656819839272
146.732,-0.0192518992574509,1.6855915260156
146.733,-0.0198565717169178,1.68478544658902
146.734,-0.0204014188213778,1.68399827382281
146.735,-0.0204326430072373,1.68284282213596
146.736,-0.021000170612708,1.68164162865886
146.737,-0.0215855389751124,1.68098653511046
146.738,-0.0221140708168955,1.68033144156206
146.739,-0.0227367444659051,1.6793585651733
146.74,-0.023284323455378,1.67832250309343
146.741,-0.0241243000520136,1.67725282889609
146.742,-0.0247194711244864,1.67617301514391
146.743,-0.0252970093498567,1.67534871556339
146.744,-0.0258548884285105,1.67453398665987
146.745,-0.0264820626988057,1.67339091111639
146.746,-0.0270395036795216,1.67207890993599
146.747,-0.0276014927871865,1.6710215784395
146.748,-0.0282063741465591,1.6699888244678
146.749,-0.0282567939331383,1.6689912761636
146.75,-0.0287755133927839,1.66799372785941
146.751,-0.0293316831122176,1.66710207798063
146.752,-0.0298578013173602,1.66621063047306
146.753,-0.0306775587861378,1.66496422573694
146.754,-0.0312489418785221,1.66359048442787
146.755,-0.0317751030560337,1.66263623583025
146.756,-0.0322767204968826,1.66171014011456
146.757,-0.0328620976762412,1.66056248195644
146.758,-0.0333246912222641,1.65928625232162
146.759,-0.0338856092945107,1.65801581876894
146.76,-0.0343999624585786,1.65674874655339
146.761,-0.0348658289346082,1.65561471613408
146.762,-0.0356283516793073,1.65449564572901
146.763,-0.0361859313235888,1.65324748931483
146.764,-0.0367351610983505,1.65201229853927
146.765,-0.0372893782941833,1.6509809482312
146.766,-0.0377946105041965,1.64994959792317
146.767,-0.0382864301325477,1.64862286936825
146.768,-0.0382975468059336,1.64724595473452
146.769,-0.0387798200404557,1.64604207273849
146.77,-0.0394694718690695,1.64487193810565
146.771,-0.0397547566850615,1.64377568301286
146.772,-0.0404670832209214,1.64270018396657
146.773,-0.0409602776359971,1.64120964088164
146.774,-0.0414389779935669,1.63924186709952
146.775,-0.0419858361646984,1.63825517282445
146.776,-0.0424713604992684,1.63734778808029
146.777,-0.0429228465120531,1.63569127235603
146.778,-0.0433958820269726,1.63375803013991
146.779,-0.0438700749592654,1.6323724460052
146.78,-0.0443400112621263,1.63121721393878
146.781,-0.0448160964452587,1.63018826465282
146.782,-0.0448277443249395,1.62907628193165
146.783,-0.0448277443249395,1.62790104652253
146.784,-0.0450259951401678,1.6266053107893
146.785,-0.0467757806504873,1.62498879440099
146.786,-0.0473470412049818,1.62338808418821
146.787,-0.0473764382535712,1.62183417347619
146.788,-0.0477784676661848,1.62029307602913
146.789,-0.0482125970254784,1.6187650087336
146.79,-0.0486793770642868,1.6172949583858
146.791,-0.0492511452159247,1.61584727690263
146.792,-0.0496939105958263,1.61460494667753
146.793,-0.0501240084400189,1.6134137765445
146.794,-0.0506126780874573,1.61192028347929
146.795,-0.0510727989332996,1.61006291061822
146.796,-0.0515820710065175,1.60862446345968
146.797,-0.0520618071300393,1.60740743753563
146.798,-0.0525010766516071,1.60599329394154
146.799,-0.0529606097949628,1.60410550962224
146.8,-0.0535600203953536,1.6023497457935
146.801,-0.0535979829529337,1.6007480993781
146.802,-0.0540068818505938,1.59930919750568
146.803,-0.0544284369165039,1.59796437930639
146.804,-0.0548171677826521,1.59646955096119
146.805,-0.0552540335334955,1.59476321680535
146.806,-0.0556693936544722,1.59304130136146
146.807,-0.056103932025139,1.591283991047
146.808,-0.056492548475869,1.58965181042502
146.809,-0.0569172102538924,1.58811086927516
146.81,-0.0575585493764877,1.58664811059194
146.811,-0.0577923591872258,1.58524493749594
146.812,-0.0583781823426158,1.5835868847681
146.813,-0.0588320748188168,1.58145341545327
146.814,-0.0592261292221814,1.57962961279053
146.815,-0.0596802759628662,1.57803186616042
146.816,-0.0600486128061642,1.5764323571273
146.817,-0.0604725578116813,1.57483155221905
146.818,-0.0608467008983041,1.57304110862259
146.819,-0.0608853432980042,1.57110759294997
146.82,-0.0612419853755158,1.56924193309789
146.821,-0.0618444763046181,1.56743029057936
146.822,-0.0622450815044926,1.56583225649619
146.823,-0.0626558881023461,1.56431312833498
146.824,-0.0630451113455045,1.56258867991256
146.825,-0.0634221908581424,1.5606159423717
146.826,-0.063786834035089,1.55864911725955
146.827,-0.0641869725041898,1.55669072155307
146.828,-0.0645657991350548,1.55504588508764
146.829,-0.0649442617414212,1.55355656850875
146.83,-0.0653146981433276,1.55177860639893
146.831,-0.065835681063826,1.54944048513048
146.832,-0.0661681433745355,1.54743080090217
146.833,-0.066560727294125,1.54568750157609
146.834,-0.0669151867202969,1.54403238494998
146.835,-0.0673001320851767,1.54245313935877
146.836,-0.0673184080304678,1.54065149243865
146.837,-0.0676865244010089,1.53819730051434
146.838,-0.0680720143731236,1.53601091552674
146.839,-0.0684590285004011,1.534138800318
146.84,-0.0689319243431704,1.53222883337168
146.841,-0.0693093358936185,1.53027622489885
146.842,-0.0696679078013948,1.52836367075898
146.843,-0.0700348758056254,1.52647957869789
146.844,-0.0703898533393496,1.52465819219259
146.845,-0.07072697706262,1.52288068495951
146.846,-0.0711444489137155,1.52088320755183
146.847,-0.0714436959262218,1.51863953760564
146.848,-0.071781986049288,1.5164181400027
146.849,-0.0721039417905397,1.51422392864089
146.85,-0.0724326781140771,1.51231958958551
146.851,-0.0724515532228723,1.51056265795843
146.852,-0.0727749922715183,1.50858014270463
146.853,-0.0732175516643808,1.50629785732682
146.854,-0.0735830865213686,1.50403690556474
146.855,-0.0739172771080577,1.50181647465963
146.856,-0.074288941304307,1.49972599642286
146.857,-0.0745895256047956,1.49773748426113
146.858,-0.074922616510236,1.49579480929696
146.859,-0.0752345067844872,1.49389194057806
146.86,-0.0755669053535347,1.49179569945149
146.861,-0.0758877174353469,1.48946082616101
146.862,-0.076214264624728,1.48714275524701
146.863,-0.0765174738440939,1.48484666699415
146.864,-0.0769247556288427,1.48253405514966
146.865,-0.077248742945108,1.48021141994213
146.866,-0.0775877054122219,1.47839740658022
146.867,-0.0778703555125723,1.47668564003604
146.868,-0.0781576269812593,1.47464473547005
146.869,-0.0784328884464826,1.47193468063793
146.87,-0.0784499752586424,1.46933574887336
146.871,-0.0787341363348225,1.46686103291198
146.872,-0.0790211321429168,1.46489668376778
146.873,-0.0793510447343996,1.46311560764523
146.874,-0.079580316437076,1.46108294513656
146.875,-0.0799249011020112,1.45853980298256
146.876,-0.0801813575428508,1.45608005654236
146.877,-0.0804750322285285,1.45381248822722
146.878,-0.0807110031629892,1.45144640806247
146.879,-0.0809949000330393,1.44881668329286
146.88,-0.0812228383980588,1.44636053408745
146.881,-0.0815078905843669,1.44406777851201
146.882,-0.0817668829074411,1.4417645950525
146.883,-0.0817834360290272,1.43945127761343
146.884,-0.0823738629600336,1.43708850533492
146.885,-0.0826275911908553,1.43467564139344
146.886,-0.0826406064629793,1.43221438720857
146.887,-0.0828595914391198,1.42970881815027
146.888,-0.083068057570204,1.42751751352753
146.889,-0.0833301111462705,1.42546553784555
146.89,-0.0835259958650287,1.42312365881857
146.891,-0.083790931595681,1.42036125361065
146.892,-0.0840145971132572,1.41766858587327
146.893,-0.0842231834977666,1.41508750099392
146.894,-0.0845834535096198,1.41254577270729
146.895,-0.08477905725015,1.41002973435461
146.896,-0.0849966896226854,1.40781342997882
146.897,-0.0852233606139702,1.40568560235667
146.898,-0.0854157407381059,1.4030421306294
146.899,-0.0856168639513729,1.39988977608692
146.9,-0.0858302740290359,1.39759156773941
146.901,-0.0860384452390605,1.395608986854
146.902,-0.0862403411720301,1.39320344202057
146.903,-0.0862567308771228,1.39003039686519
146.904,-0.0864250390438212,1.38732030091289
146.905,-0.0866414522782204,1.38495436224214
146.906,-0.0868163046369527,1.38234282720238
146.907,-0.0869825331717,1.37950336896352
146.908,-0.0871958786129498,1.37734749529988
146.909,-0.0873774108295785,1.37540880133807
146.91,-0.0875896266447699,1.37317598539497
146.911,-0.0877543987007307,1.36954189672913
146.912,-0.0879080671256015,1.36649109101732
146.913,-0.088088517498485,1.36415745079165
146.914,-0.0882464337599014,1.36175322524815
146.915,-0.088469612802006,1.35905083112281
146.916,-0.0886171380211535,1.35616447073909
146.917,-0.0886248221062217,1.35246058866218
146.918,-0.0887541052417901,1.34997821225596
146.919,-0.0889001401128605,1.34808722316994
146.92,-0.0890547263349256,1.34572715886442
146.921,-0.0892265883823853,1.34255751270271
146.922,-0.0893598984095595,1.33961875868208
146.923,-0.0895080643425749,1.33706505045994
146.924,-0.0896622085064519,1.33436114046651
146.925,-0.0898963271778747,1.33132976615835
146.926,-0.0900179802985298,1.32844895221127
146.927,-0.0901810678720917,1.32568263346016
146.928,-0.0902956285071647,1.3229612539094
146.929,-0.0904424267250955,1.32028103795613
146.93,-0.0905543656958309,1.31741843707788
146.931,-0.0906938697939769,1.3142949407429
146.932,-0.0908099696873373,1.31141274541694
146.933,-0.0909250230437154,1.30869113866406
146.934,-0.091095324525967,1.30575824375353
146.935,-0.0912078481745229,1.30266798876516
146.936,-0.0912136764265199,1.29976345673199
146.937,-0.0913202183184904,1.29692037536197
146.938,-0.0914131305049123,1.29434458430258
146.939,-0.091495312216295,1.29186630650206
146.94,-0.0915830453910168,1.28884851712486
146.941,-0.0916744241186198,1.28521379930921
146.942,-0.0917540707358643,1.28246489434719
146.943,-0.0918176675969703,1.28023095063046
146.944,-0.0918990544674766,1.27768143244604
146.945,-0.0919600359253786,1.27326321863952
146.946,-0.0920416661290465,1.27022292553023
146.947,-0.0920767866687217,1.26816021220477
146.948,-0.0921305190393249,1.26565400702304
146.949,-0.0921653029470354,1.26214842121104
146.95,-0.0922247005046172,1.25880241849968
146.951,-0.0922915598884632,1.25583497389798
146.952,-0.0923256737033354,1.25277379773184
146.953,-0.0923283300121197,1.24948047774187
146.954,-0.0923283300121197,1.24630355389067
146.955,-0.0924150387639769,1.24325742217178
146.956,-0.0924487933928763,1.2402572493632
146.957,-0.0924833257513883,1.23731613132956
146.958,-0.0924960852665421,1.23419993352256
146.959,-0.0925150275514307,1.23084281476283
146.96,-0.0925467263914815,1.22772874866029
146.961,-0.0925947662227665,1.22474561983842
146.962,-0.0926266862716852,1.22154675087168
146.963,-0.0926599873770925,1.21819207654649
146.964,-0.0926868971321194,1.21552780794438
146.965,-0.0927203389764711,1.21309299383959
146.966,-0.0927403426755979,1.21038905592985
146.967,-0.0927653802347949,1.20631276131779
146.968,-0.0927990501945954,1.20221698075188
146.969,-0.0928448193787638,1.19808181438076
146.97,-0.0928461195393097,1.19563992059282
146.971,-0.0928318084328165,1.19358938883423
146.972,-0.0928490606815001,1.1909885933644
146.973,-0.0928743845047239,1.18693893014225
146.974,-0.0928621509357866,1.18314720152018
146.975,-0.0928796118495522,1.1797002114277
146.976,-0.0929034827100881,1.1763632898208
146.977,-0.0929031817433169,1.17310195137377
146.978,-0.0929132941836833,1.16992547824938
146.979,-0.092899437817291,1.16680928893599
146.98,-0.0929092413723521,1.163488432624
146.981,-0.0929013814361506,1.15978982661818
146.982,-0.0928991592080221,1.15631005890785
146.983,-0.0928970722862593,1.15299980215708
146.984,-0.0929068285523903,1.1498763193056
146.985,-0.0928796161867521,1.14690487762144
146.986,-0.0928781208428807,1.14370174563463
146.987,-0.0928881598682331,1.13983609191562
146.988,-0.0928731448915467,1.13627110863746
146.989,-0.0928945706235833,1.13304258425811
146.99,-0.0928792720801749,1.12979642823251
146.991,-0.0928493241361902,1.12652640321093
146.992,-0.0928589117483064,1.12309066887975
146.993,-0.092843083850023,1.11942541591106
146.994,-0.092827023055576,1.11617056593443
146.995,-0.0928094050354079,1.11320699719519
146.996,-0.0927927736513486,1.10991802257854
146.997,-0.0927884718896042,1.10596023248098
146.998,-0.0927980944677701,1.1021457939203
146.999,-0.0927553763181065,1.09865869717615
147,-0.09273675658726,1.09515128610786
147.001,-0.0927358793790206,1.09158749768859
147.002,-0.0926783002951211,1.08769057726622
147.003,-0.09263316232978,1.08291347937612
147.004,-0.0926151928960947,1.07991689580253
147.005,-0.092614277379285,1.0774054316935
147.006,-0.0925526826314002,1.07413058133001
147.007,-0.0924814431927223,1.07006844073686
147.008,-0.0924371775222103,1.0662993985243
147.009,-0.0923803982605236,1.06284421176129
147.01,-0.0923114546283803,1.05943502065752
147.011,-0.0921863491028861,1.05608067850679
147.012,-0.0920827079794224,1.05258382892079
147.013,-0.0919974277858605,1.04880029037169
147.014,-0.0919122962576949,1.0450952523112
147.015,-0.0917616502608053,1.04154436065664
147.016,-0.0916646834000064,1.03796155959887
147.017,-0.0915506981889812,1.03431620740473
147.018,-0.0913814758685542,1.03066085532624
147.019,-0.0913737709424277,1.026986304822
147.02,-0.0910489850323434,1.02298346785926
147.021,-0.0910295522772183,1.01803407363424
147.022,-0.0909368071433568,1.01471622806497
147.023,-0.0908239857500028,1.01215398272136
147.024,-0.0906353148472662,1.00893030812332
147.025,-0.0904566051302415,1.00416680579913
147.026,-0.0902683673709123,1.00005521135115
147.027,-0.0900873564462771,0.996639382358339
147.028,-0.0898744069703106,0.992903399582546
147.029,-0.0896839186070055,0.988655850359083
147.03,-0.0893071418173054,0.984817867700348
147.031,-0.0892071944936573,0.981225955119751
147.032,-0.0888384478985484,0.97757898572557
147.033,-0.0885715220682551,0.9738829463028
147.034,-0.0883362101917989,0.969867727352324
147.035,-0.0883218989253903,0.965530326897959
147.036,-0.0880435631108919,0.961598342799053
147.037,-0.0877807666918758,0.957813581405188
147.038,-0.0874708015691356,0.954369695109461
147.039,-0.0871836514501998,0.951069498565698
147.04,-0.0867821033272843,0.947338829003401
147.041,-0.0864665531769596,0.94304173836747
147.042,-0.086168350002458,0.938924690941776
147.043,-0.0858570643705604,0.935124162540761
147.044,-0.0855192010855085,0.931293969337121
147.045,-0.0851975361405545,0.927410291246253
147.046,-0.0848696310610947,0.923458723794587
147.047,-0.0845115221363387,0.919355668101209
147.048,-0.0841625421237686,0.915250474042621
147.049,-0.0836094911838446,0.911139269140677
147.05,-0.0832005974813955,0.90692041627605
147.051,-0.0827916137317534,0.902404706553775
147.052,-0.0824059309090005,0.89842511900293
147.053,-0.082379924188558,0.895017774077926
147.054,-0.0819362656207271,0.891064095060476
147.055,-0.0814988717825825,0.886493802174592
147.056,-0.0811027685151425,0.882665490592283
147.057,-0.0806494612013281,0.879198376959561
147.058,-0.080228646329083,0.875322498097864
147.059,-0.0797894597266784,0.870837663303842
147.06,-0.07931115962464,0.86642203731939
147.061,-0.0786700784285111,0.862150294775495
147.062,-0.0782029809909398,0.858004710520799
147.063,-0.0777333275539317,0.853991865026494
147.064,-0.0771743820459644,0.849832172562708
147.065,-0.0766068587147071,0.845518504568688
147.066,-0.0761089947942454,0.841342172255457
147.067,-0.0755759543433275,0.837246032083754
147.068,-0.0747774293634716,0.833320913192944
147.069,-0.074709953189899,0.82951831292452
147.07,-0.0737457079173273,0.825284748515842
147.071,-0.0736862705635478,0.820553881835904
147.072,-0.0731498067779556,0.816186084858745
147.073,-0.0725679939798721,0.812280200359006
147.074,-0.071995761703478,0.808093392384598
147.075,-0.0713544553202029,0.803374619506099
147.076,-0.070750876207217,0.799009092551356
147.077,-0.0701385111851368,0.794897764369948
147.078,-0.0695172319772598,0.790765176910187
147.079,-0.0688823065017988,0.786617700254116
147.08,-0.0679820869193407,0.782312183219472
147.081,-0.067264229493666,0.777892516710858
147.082,-0.0666339236533801,0.773459623545412
147.083,-0.0659626351463466,0.769016064556314
147.084,-0.0652847471292121,0.764691960284758
147.085,-0.064483821066012,0.760464126433873
147.086,-0.0637837770334925,0.756576266031912
147.087,-0.063771883438392,0.75306493912569
147.088,-0.0630862742054644,0.749553612219368
147.089,-0.0624333655809016,0.742929302481269
147.09,-0.0617099488243602,0.737474305072964
147.091,-0.0605708065006261,0.73354197813941
147.092,-0.0598403193408388,0.729870615128653
147.093,-0.0589257539406406,0.726308827762733
147.094,-0.0581797831766379,0.721959180868001
147.095,-0.0573814024482121,0.715840853404694
147.096,-0.0565557567265998,0.711438327717682
147.097,-0.0557531467813134,0.708411076498139
147.098,-0.054521236205236,0.704814735665432
147.099,-0.0540681662291344,0.698097063351415
147.1,-0.0528560495242171,0.693147424124982
147.101,-0.0520070435478283,0.689464731041475
147.102,-0.0512027797644833,0.685304520055391
147.103,-0.050237573128404,0.680804337702934
147.104,-0.0494359992433632,0.676010153921253
147.105,-0.0485046133974877,0.67099779214723
147.106,-0.048480792687293,0.665981382969343
147.107,-0.0476583209674405,0.661068722502866
147.108,-0.0462973818626153,0.657705603878262
147.109,-0.0453983389803548,0.654342485253657
147.11,-0.0444903333863672,0.650421972697392
147.111,-0.0436286747480855,0.645103189550222
147.112,-0.0426646707719246,0.639866544892591
147.113,-0.041660972608312,0.6348422059013
147.114,-0.0406854467918739,0.63020235589986
147.115,-0.039710320609475,0.626006444585611
147.116,-0.0388061300238699,0.62141041293755
147.117,-0.0377513462699773,0.615018629102377
147.118,-0.0367945107923412,0.610577510515737
147.119,-0.035292546858236,0.607095419246561
147.12,-0.03428565967221,0.602990432064776
147.121,-0.0332153324898231,0.598048355315001
147.122,-0.0331945739898821,0.592987406788919
147.123,-0.0322210801657787,0.587758472085703
147.124,-0.0311062730250456,0.582907483853395
147.125,-0.0300263108867117,0.578284823223709
147.126,-0.0289938061194587,0.574278495348139
147.127,-0.0279531416555093,0.570597474309519
147.128,-0.0269280226168137,0.566531164321548
147.129,-0.0252839041359716,0.560829897329408
147.13,-0.0241768465604824,0.555328527193703
147.131,-0.0230117047993542,0.550580539473314
147.132,-0.021859210807909,0.545605931787142
147.133,-0.020710784149208,0.539216660915299
147.134,-0.0196226496313779,0.534503196351339
147.135,-0.0184478696760444,0.530908986710774
147.136,-0.0172843004470481,0.526619788995927
147.137,-0.0155230249688182,0.521095561253732
147.138,-0.01441006724049,0.515736491556574
147.139,-0.0143465502799601,0.510504065438391
147.14,-0.013181059809814,0.506365626864862
147.141,-0.0119731870650527,0.502711876684805
147.142,-0.010797631009557,0.498609781036048
147.143,-0.00963373578258242,0.491255488530545
147.144,-0.00845920432262282,0.485914733910885
147.145,-0.00717874551189834,0.482094408609296
147.146,-0.00601296537982277,0.477872702515385
147.147,-0.00470446208250996,0.472710273788926
147.148,-0.00285199055591512,0.46759330370512
147.149,-0.00159051174683,0.46259581328893
147.15,-0.000316223321269349,0.457386988497403
147.151,0.00104136988328529,0.451379470032224
147.152,0.00234543673784227,0.446357241279116
147.153,0.00373493800713964,0.442395356026267
147.154,0.00497778042384678,0.437966415442175
147.155,0.00633177109177074,0.432638265589282
147.156,0.00751424580308402,0.427225252687199
147.157,0.00882701704818101,0.421612218418233
147.158,0.00890027846969532,0.416381299024972
147.159,0.0107593033633372,0.411531083195647
147.16,0.0122446823004593,0.406402693726903
147.161,0.0136163371239428,0.400999161632954
147.162,0.014826904896626,0.396587885756252
147.163,0.0162631181065053,0.392697057795484
147.164,0.0176831645167229,0.388244110348275
147.165,0.0190062907293617,0.380134485398558
147.166,0.0204417992582301,0.374367812706472
147.167,0.0217909279302685,0.370229574702167
147.168,0.0232122215050278,0.365536520246101
147.169,0.0252265645577437,0.360468968363093
147.17,0.0266560227821554,0.355780275520317
147.171,0.0267633798376342,0.351364059053491
147.172,0.0280739993428882,0.346625298366346
147.173,0.0308820804592497,0.340727787375699
147.174,0.0309758259094146,0.334860036399427
147.175,0.0322594018210861,0.329150824248016
147.176,0.0336324577418402,0.323770042958303
147.177,0.0351197209133755,0.318913002454542
147.178,0.0365337258421,0.313877868942288
147.179,0.0386142791491065,0.308410110681288
147.18,0.0399775907752388,0.303012518442033
147.181,0.0414786202461125,0.29779940458077
147.182,0.042982710964561,0.292337736878318
147.183,0.0444136492060062,0.286059018873991
147.184,0.0457778577325491,0.281045587328327
147.185,0.0472780689133924,0.277367144910866
147.186,0.0487204703926093,0.273163317048394
147.187,0.0502219661197459,0.26483139729109
147.188,0.052347876052982,0.258917972755898
147.189,0.0538309033532901,0.254749957461097
147.19,0.0539072056038686,0.249706033680219
147.191,0.0539072056038686,0.243821886513291
147.192,0.0566600903781102,0.239022722216572
147.193,0.0580777247667387,0.234584005822802
147.194,0.0595343574618127,0.229450707493457
147.195,0.0610461590400655,0.223240969643865
147.196,0.0625908715106224,0.217174018209721
147.197,0.0647328114560873,0.211351764724572
147.198,0.0662541639493583,0.205825444691168
147.199,0.0677336789341864,0.200520331026659
147.2,0.0691730612566051,0.194914454577012
147.201,0.0706793457786127,0.189082578530539
147.202,0.0721599160355154,0.183711154201998
147.203,0.073643910276232,0.17850602881059
147.204,0.0752475107681244,0.173599676579637
147.205,0.0753319870299954,0.168833325152374
147.206,0.0790002413363872,0.163479258294318
147.207,0.0792212475908837,0.157387339342181
147.208,0.0799838227954422,0.151353286172446
147.209,0.0822175180355461,0.145420808542391
147.21,0.0836744651338086,0.141046483222043
147.211,0.0852634303897273,0.13773987325128
147.212,0.086774651566376,0.13974892073615
147.213,0.0882555627613145,0.145676505632671
147.214,0.0897170383996959,0.151274675901578
147.215,0.0914878882427455,0.156626820204349
147.216,0.0929549040220422,0.161826290961722
147.217,0.0945644810031185,0.166881514064829
147.218,0.0968054031399425,0.172264985649667
147.219,0.098344507094109,0.178359854626563
147.22,0.0995912619400691,0.183965606437552
147.221,0.101001726816846,0.189098176370671
147.222,0.102303374678076,0.194600483897105
147.223,0.103661960370766,0.200593893239962
147.224,0.104939895904354,0.2059895519813
147.225,0.106140004012455,0.210997096953212
147.226,0.106175832471173,0.216046894607571
147.227,0.107253161019755,0.221129005278451
147.228,0.108353586087629,0.225983569848699
147.229,0.109424608103421,0.230602450911609
147.23,0.111117601165471,0.235788355347857
147.231,0.111965512110755,0.243771504508419
147.232,0.112580932150794,0.249665228907569
147.233,0.113434893095718,0.254077963457037
147.234,0.114219467963366,0.258988854223383
147.235,0.115007374927827,0.264235975808163
147.236,0.115785222813253,0.269462057613321
147.237,0.116450002416216,0.27467299367342
147.238,0.117034057612005,0.279804308062005
147.239,0.117640608275544,0.284874473488017
147.24,0.118312852194352,0.289912158870463
147.241,0.118353500230998,0.294914512504977
147.242,0.119284569240984,0.300283450688461
147.243,0.119760442045462,0.306101676735496
147.244,0.120249034923338,0.311644879568133
147.245,0.120775526440423,0.316827612986217
147.246,0.121231423532596,0.32220415103764
147.247,0.121704127657478,0.327747395949873
147.248,0.122151420261371,0.332350737691033
147.249,0.122545586814145,0.336623272896221
147.25,0.123549170429698,0.341770173341717
147.251,0.12443888564417,0.347989286904071
147.252,0.125396858861597,0.353303648396941
147.253,0.126625227727515,0.35800944519527
147.254,0.12806152622992,0.362447254878973
147.255,0.129583567846849,0.366675804823387
147.256,0.131229270958294,0.371585241436267
147.257,0.132825435927185,0.378310544095352
147.258,0.134495366723427,0.384087270187215
147.259,0.134604495104322,0.388929142520427
147.26,0.134604495104322,0.393712889743006
147.261,0.137548899204734,0.398432439200885
147.262,0.139667348653806,0.403200932770009
147.263,0.140924385944688,0.408033984955656
147.264,0.14213666679649,0.413070077485064
147.265,0.143325660115073,0.418494422417261
147.266,0.144571562885192,0.423672459780116
147.267,0.14582909621261,0.428577106773874
147.268,0.147162110560612,0.433558409753621
147.269,0.14851147950275,0.438626225018056
147.27,0.149804252864517,0.443680172655507
147.271,0.151244063456733,0.44871731144884
147.272,0.153161326238422,0.45401122369836
147.273,0.154617484299568,0.459644473128954
147.274,0.155864686227947,0.463823740723575
147.275,0.157319893586454,0.467221733484595
147.276,0.158658942744155,0.471582446582892
147.277,0.159959799929295,0.477928048637274
147.278,0.160012095103801,0.483226150752011
147.279,0.161234806332547,0.487726902481817
147.28,0.162456353737083,0.492383554363869
147.281,0.164135868248605,0.49719419019134
147.282,0.165228474119301,0.501942238845336
147.283,0.166417432320889,0.506629903675072
147.284,0.167417022770271,0.511543187492689
147.285,0.168459390692149,0.516756484551036
147.286,0.169545026138707,0.521622317503599
147.287,0.171294443779829,0.526221453381256
147.288,0.171827066584584,0.530861411811326
147.289,0.17301080066784,0.535541026189567
147.29,0.174650781259908,0.540553722436472
147.291,0.174733594004262,0.545944244127427
147.292,0.177000635794973,0.550611384222333
147.293,0.177115561559138,0.554995165407104
147.294,0.178327730618808,0.559153420491688
147.295,0.179543910715917,0.563159794206829
147.296,0.180763355967585,0.567652299250377
147.297,0.181980903080582,0.573130879558373
147.298,0.183188048811124,0.578324804396584
147.299,0.184984254332587,0.582910119163906
147.3,0.18625970035895,0.587480084990263
147.301,0.187518542817129,0.592006937966374
147.302,0.188614684590468,0.596788214972442
147.303,0.189918898751149,0.602575249391252
147.304,0.19102850377647,0.606894250415105
147.305,0.192252434098744,0.61026607353038
147.306,0.193371666459132,0.614453369253614
147.307,0.194462770135276,0.62017751944283
147.308,0.195648856987589,0.625390299041015
147.309,0.196799047058825,0.630081601949248
147.31,0.198492730050174,0.634272651333766
147.311,0.198590377234785,0.638152026806646
147.312,0.199630122281847,0.642277833120896
147.313,0.200762513897528,0.646829757774735
147.314,0.201899047889301,0.651423982999058
147.315,0.202865338921436,0.656103323853147
147.316,0.203903015401336,0.660986411470487
147.317,0.204924414199095,0.66629501270118
147.318,0.20592524858624,0.670419106226492
147.319,0.207048022303777,0.673642575552068
147.32,0.207967431906102,0.677513246397819
147.321,0.208870650947386,0.683657858893762
147.322,0.210223968832688,0.688703093037108
147.323,0.211193085617158,0.692558041449543
147.324,0.212236744077635,0.696619372936804
147.325,0.212292914292948,0.700878918205816
147.326,0.213138127904564,0.705099938024108
147.327,0.214098592971243,0.709281236652004
147.328,0.215036613848694,0.713603550305598
147.329,0.215991568496173,0.718104088991497
147.33,0.217260210062198,0.722765919035133
147.331,0.217666087267926,0.728355276665814
147.332,0.218855552090458,0.732506054617871
147.333,0.219812351247304,0.735628520132046
147.334,0.220596887310028,0.739625845059798
147.335,0.221434405560861,0.745640957166412
147.336,0.222248111845265,0.750092154785457
147.337,0.223019277237474,0.753399115439893
147.338,0.224080721932487,0.757358416294952
147.339,0.224501295289823,0.762048822959137
147.34,0.225519698457231,0.765985569970379
147.341,0.226244544733732,0.769534941643812
147.342,0.226939890685896,0.773507508214665
147.343,0.227648626171928,0.778305155553074
147.344,0.228267721151763,0.78307583004952
147.345,0.22890261400076,0.787792237800775
147.346,0.229555465045932,0.792173248203447
147.347,0.229587042012177,0.796297133032828
147.348,0.230179420501187,0.800389351052126
147.349,0.230799482710525,0.804453909142599
147.35,0.231561549415907,0.808588744027419
147.351,0.232083701616488,0.812810475115317
147.352,0.232616194771643,0.816989207244955
147.353,0.233042264070711,0.821114442917839
147.354,0.233527315527239,0.825224502442376
147.355,0.233991720371263,0.829315230456251
147.356,0.23440617098207,0.833527149391911
147.357,0.234867121472295,0.837904698692337
147.358,0.235240289097792,0.841957856790336
147.359,0.235766715375371,0.845814470855302
147.36,0.23578113300874,0.849428305699781
147.361,0.236479564682891,0.852864736118434
147.362,0.236789498034755,0.856893298333797
147.363,0.236809985042349,0.862324495832301
147.364,0.237122870338118,0.866709292106082
147.365,0.237473269165883,0.870049186960208
147.366,0.237746192081143,0.873650314762004
147.367,0.238060919712766,0.877541011519295
147.368,0.238390464895565,0.881483478448646
147.369,0.238696843521328,0.885517703435328
147.37,0.238956048972815,0.88985584771454
147.371,0.239139300551143,0.895090971356228
147.372,0.239326452525144,0.898511350452117
147.373,0.239473410041556,0.901250942716498
147.374,0.239646916067353,0.904779151900669
147.375,0.239766357610133,0.909770877418624
147.376,0.239852350871791,0.914112671758637
147.377,0.239976671354301,0.917909986304454
147.378,0.239981494908332,0.92166551937624
147.379,0.240110134679392,0.925387780042555
147.38,0.24011233257247,0.929107094729669
147.381,0.240156829258262,0.932824055706279
147.382,0.240211861093817,0.936595887565426
147.383,0.240259881282843,0.940423701611842
147.384,0.240277971781831,0.944192615681669
147.385,0.240305629936438,0.947897689136366
147.386,0.240352081199873,0.951682189404568
147.387,0.240388684744636,0.955591349866244
147.388,0.240395959670994,0.959663479284279
147.389,0.240397444923295,0.963956446465913
147.39,0.240366215033328,0.967893510897764
147.391,0.240376620837254,0.971629385001698
147.392,0.240370375019095,0.975482111643068
147.393,0.240338051104421,0.979404117078165
147.394,0.240348973956611,0.982427611712443
147.395,0.240305851878824,0.985222222597049
147.396,0.240316525322645,0.988375599563296
147.397,0.240317262640213,0.992717720496483
147.398,0.240317262640213,0.997211403627316
147.399,0.240309727191663,1.00226222422721
147.4,0.240231732633645,1.00569378166556
147.401,0.240235276642584,1.00853276029467
147.402,0.240204302383774,1.01185485131419
147.403,0.24014365377734,1.01549563186513
147.404,0.240110483201626,1.0191107174678
147.405,0.240065960521874,1.02270555561553
147.406,0.240061936743544,1.02632311048215
147.407,0.239982563915362,1.0299653656135
147.408,0.23996843015051,1.03371623796157
147.409,0.239908709239107,1.03760237201275
147.41,0.239824618791591,1.04124339367328
147.411,0.239754383355327,1.04471341049137
147.412,0.239692043016907,1.04841408262467
147.413,0.239626307915537,1.05227431393973
147.414,0.23962102802956,1.05524876950526
147.415,0.239562196569093,1.05798585254253
147.416,0.239493162301997,1.06128396881812
147.417,0.239434785560838,1.06674628875631
147.418,0.23934243232906,1.0704078770376
147.419,0.239243685754838,1.07315538010859
147.42,0.239199003094254,1.07624026777699
147.421,0.239106140626865,1.07957356597242
147.422,0.239037432321407,1.08273961339264
147.423,0.238990475712995,1.0857504252802
147.424,0.238912802913535,1.08931209615076
147.425,0.238844975385627,1.09455762994052
147.426,0.238760971456953,1.09780048757856
147.427,0.23866806723941,1.10016097206256
147.428,0.238605756942732,1.10319487033241
147.429,0.238604330754025,1.10707136788244
147.43,0.238530519963217,1.11071645505916
147.431,0.238468299735274,1.11405093294424
147.432,0.238391858159115,1.11734813106925
147.433,0.23834273789341,1.12059492870315
147.434,0.238284249725114,1.12386697360778
147.435,0.238225630139774,1.1271868557177
147.436,0.238146622397198,1.13051829832487
147.437,0.238113294773537,1.13387427023899
147.438,0.238028627817832,1.13721597722545
147.439,0.237975457452172,1.14052850335922
147.44,0.237943502140128,1.14396487077813
147.441,0.237888870842369,1.14767458599658
147.442,0.237858589284034,1.15109224602692
147.443,0.23782853089539,1.15425543419417
147.444,0.237775008135339,1.15745602160212
147.445,0.237766550081692,1.16069244298236
147.446,0.237766157351005,1.16381832660516
147.447,0.237715893225808,1.16685163214899
147.448,0.237688511849372,1.16996634072303
147.449,0.237681406429803,1.17318211233939
147.45,0.237701618699237,1.17636899743145
147.451,0.23767595373058,1.17951492879845
147.452,0.237695226936945,1.18270622020307
147.453,0.237670789927667,1.18598368692314
147.454,0.237689011939343,1.18944070935162
147.455,0.237665004634522,1.19331116956625
147.456,0.237683775710159,1.19640068022328
147.457,0.237685134728486,1.19892629416717
147.458,0.237704674745036,1.20169686776893
147.459,0.237706009139839,1.20469200929158
147.46,0.237706009139839,1.20789786152382
147.461,0.237706009139839,1.2113312057656
147.462,0.2377009203765,1.21412760885556
147.463,0.237720896643432,1.2166956673272
147.464,0.237721272586924,1.21962585471859
147.465,0.237695520548795,1.2230500748766
147.466,0.237715150678237,1.22649893641688
147.467,0.237715661606042,1.22999474764333
147.468,0.237710294000563,1.23266479341991
147.469,0.237710050539528,1.23475454338755
147.47,0.237710050539528,1.23716601094823
147.471,0.237704557990894,1.24060665530494
147.472,0.237724379256889,1.24409951722928
147.473,0.237699804753322,1.24789256799255
147.474,0.237719307523371,1.25077645313962
147.475,0.237726104983516,1.25297470512428
147.476,0.237726488542185,1.25571080772831
147.477,0.237726488542185,1.2590878778605
147.478,0.237721394001919,1.26216660117449
147.479,0.237707921469608,1.26487460793493
147.48,0.237727115540007,1.26759173111018
147.481,0.237713982426932,1.27032351829219
147.482,0.237708157109993,1.27298773655802
147.483,0.237714601539818,1.27550874004834
147.484,0.237701408290102,1.27810882909764
147.485,0.237695362866075,1.28189043119973
147.486,0.237676346979317,1.28535964175635
147.487,0.237661882596106,1.28790833630185
147.488,0.237642552121304,1.29054675180102
147.489,0.237613946653955,1.29330897744296
147.49,0.237593997460386,1.29620574607033
147.491,0.237527765533854,1.29935476379836
147.492,0.237482745697051,1.3021859753842
147.493,0.237428484656953,1.30477174051477
147.494,0.237381823653362,1.30757128766471
147.495,0.23737957674762,1.31057118392318
147.496,0.237194432797756,1.31303698474259
147.497,0.237172768723612,1.31533171545112
147.498,0.237070942439312,1.3179875612478
147.499,0.23699227825402,1.32106407822311
147.5,0.23689046685901,1.32398706206246
147.501,0.236778998204579,1.32671828968316
147.502,0.236682167943529,1.32927523906958
147.503,0.236565052608705,1.33170854791305
147.504,0.236420980676675,1.33434903013113
147.505,0.236195465968379,1.33721013597608
147.506,0.236082942808343,1.33985826616406
147.507,0.235956315598705,1.34240777818605
147.508,0.235818490021757,1.34483690426074
147.509,0.235677563574146,1.34720945910965
147.51,0.235495495188301,1.34981860345355
147.511,0.235486346044448,1.35271397566432
147.512,0.235323039370229,1.35547854250343
147.513,0.235140046283195,1.35807745774693
147.514,0.234939040527222,1.36042247971335
147.515,0.234769274184142,1.36257865389826
147.516,0.234460777071312,1.36504596940111
147.517,0.234209706477156,1.36817107680768
147.518,0.234015726864879,1.37091979758489
147.519,0.233796594861293,1.37326394935858
147.52,0.233539436849908,1.37566435141393
147.521,0.233276588543606,1.37814000834979
147.522,0.23301665480663,1.38061220182331
147.523,0.232775369553286,1.38307877772984
147.524,0.232584879743361,1.38562780382601
147.525,0.232310670474852,1.38833481783443
147.526,0.232067845686354,1.3908281362212
147.527,0.231629324683445,1.39312113445773
147.528,0.231604053661043,1.39555686948392
147.529,0.231339928243888,1.3981509378111
147.53,0.231067978913393,1.40052217660321
147.531,0.230775992669846,1.40279803702256
147.532,0.230482511267793,1.40498663252263
147.533,0.230175004416502,1.40712706843756
147.534,0.229861003383403,1.40936010707232
147.535,0.229515397504642,1.41173834094095
147.536,0.22924318403511,1.41413958488151
147.537,0.228685801871724,1.41659246331073
147.538,0.228334538278476,1.41918044827343
147.539,0.227982444600772,1.42220368222886
147.54,0.227617557577069,1.42429098288285
147.541,0.22722080183376,1.42598403182978
147.542,0.226959313941776,1.4280492319145
147.543,0.226545553275986,1.43062277678976
147.544,0.226173807640035,1.43304024228023
147.545,0.226158640994669,1.43517891614127
147.546,0.225847275842819,1.43731639622525
147.547,0.225419363816764,1.4394515832343
147.548,0.224742925573732,1.44160989868062
147.549,0.224320718358627,1.44381821118489
147.55,0.223913137058665,1.44605857006202
147.551,0.223509029786703,1.44836986466088
147.552,0.223117318720095,1.45066906632524
147.553,0.222676024641456,1.45293578271468
147.554,0.222277546153756,1.45517123932452
147.555,0.221882912885399,1.45733104825469
147.556,0.221504929378008,1.45958525258133
147.557,0.221109919913495,1.46208519452335
147.558,0.220465355169744,1.46413076983482
147.559,0.220024825997442,1.46577289564179
147.56,0.219599818410524,1.46775918454382
147.561,0.219063405691928,1.47013733686781
147.562,0.219045090727828,1.47231454056261
147.563,0.218581123824323,1.47423459002201
147.564,0.218028032018179,1.47620883965174
147.565,0.217537580020461,1.47828518946774
147.566,0.217157494439835,1.48037058740074
147.567,0.216391979355241,1.48247441643084
147.568,0.215951849934784,1.48455835776432
147.569,0.215503210508928,1.48659413021365
147.57,0.215022486906726,1.48869578223752
147.571,0.214552752165967,1.49101516818945
147.572,0.214143231821946,1.49309790667665
147.573,0.21363520393847,1.49490851334043
147.574,0.213176893810818,1.49676042469467
147.575,0.212745341938354,1.49864213528329
147.576,0.212001074881674,1.50052995100407
147.577,0.211493107612371,1.50243075539934
147.578,0.210993132246852,1.50440297845162
147.579,0.210513866791059,1.50652089450407
147.58,0.210487875739795,1.50847031870759
147.581,0.210007924224171,1.51029479118279
147.582,0.209525061883558,1.51228847644498
147.583,0.209002044775489,1.51447032837681
147.584,0.208530044643546,1.51627430337646
147.585,0.207743994652303,1.51785501398947
147.586,0.207304098568113,1.51961579994869
147.587,0.206833337869904,1.52147581918756
147.588,0.206335410204781,1.52333923796881
147.589,0.205824035270397,1.52520462822318
147.59,0.205332582585172,1.52704570887181
147.591,0.204817674926725,1.52886696666346
147.592,0.204339759812405,1.53063088108868
147.593,0.204309398856036,1.53233841824186
147.594,0.203110913653642,1.53403592675509
147.595,0.20303803305483,1.53572158536366
147.596,0.202523871324902,1.5374435142177
147.597,0.202063787588463,1.53920893882456
147.598,0.201562568728634,1.54095436833152
147.599,0.201046979260089,1.54267517867917
147.6,0.200538280132993,1.54440184962307
147.601,0.20003337030833,1.54613858657574
147.602,0.199539682982,1.54785148210916
147.603,0.19903796888185,1.54951867969897
147.604,0.1985653537514,1.55118543759352
147.605,0.197761737616935,1.55285081574121
147.606,0.197275413905874,1.55461561746909
147.607,0.196772295062275,1.55684511788546
147.608,0.196249112055791,1.55834869710917
147.609,0.195750415332813,1.55944625539603
147.61,0.195246519987436,1.56077104061381
147.611,0.19474366606624,1.56290067334529
147.612,0.194697484273052,1.5646628123098
147.613,0.194183828732243,1.56602177324894
147.614,0.193718106194215,1.56742431270012
147.615,0.193210357856016,1.56901922550352
147.616,0.192775443251072,1.57063521039669
147.617,0.191934356467539,1.57234238890812
147.618,0.191483074348514,1.57408768374353
147.619,0.190929261035211,1.57590422302665
147.62,0.19044234221063,1.57737802434633
147.621,0.189922622180789,1.57861290923169
147.622,0.189417169825043,1.579932570703
147.623,0.188895194787429,1.58134435270605
147.624,0.188399278871125,1.58279668924579
147.625,0.187616205848053,1.58432136599028
147.626,0.187082525858321,1.58585595783653
147.627,0.186534969183555,1.58740820657643
147.628,0.186007847077297,1.58889603645197
147.629,0.185488094680693,1.59028231043372
147.63,0.185465699423462,1.59172177498057
147.631,0.18493833556798,1.59325853421707
147.632,0.18442899658608,1.59470693178903
147.633,0.183894737024991,1.59609304208247
147.634,0.183417562938227,1.59743343100338
147.635,0.182595983466422,1.59873892312996
147.636,0.182027787348166,1.60006944490932
147.637,0.181484769515338,1.60142835362491
147.638,0.180964380379794,1.60279359847465
147.639,0.180381668744589,1.60416663603181
147.64,0.179854833738997,1.60551774827208
147.641,0.179275985806213,1.60684109198281
147.642,0.178749200186652,1.6081372015475
147.643,0.17814105563031,1.60939553821975
147.644,0.177638671354505,1.61069407087431
147.645,0.176717595000868,1.61204671140193
147.646,0.176158443581513,1.61331121282575
147.647,0.175604257047606,1.61451735080135
147.648,0.175591264583096,1.61577433100946
147.649,0.17507111796889,1.61706891713384
147.65,0.174494585996236,1.6182736433995
147.651,0.173921980330463,1.61940964180828
147.652,0.173329672870571,1.62059347405136
147.653,0.172734936015473,1.62189111308964
147.654,0.172176544881264,1.62313577852041
147.655,0.171189216839812,1.62431232235677
147.656,0.170657216369582,1.62547823939777
147.657,0.170076298000035,1.62663049892146
147.658,0.169456308328047,1.6277743136028
147.659,0.168815907731494,1.62890470921511
147.66,0.168166193081296,1.63007862173135
147.661,0.167534529199541,1.63133146349037
147.662,0.166946151371899,1.63245026919147
147.663,0.16691494544036,1.63349201984147
147.664,0.165418021827827,1.63449744844792
147.665,0.16525780035659,1.63547784004503
147.666,0.16470370265543,1.63650222593913
147.667,0.164034552738008,1.63759966775481
147.668,0.163386365550906,1.63868697310201
147.669,0.1627587967466,1.63975659199422
147.67,0.162179226315955,1.64081591315221
147.671,0.161542406741631,1.64185324343436
147.672,0.160851251084508,1.6428878814819
147.673,0.160057984002468,1.6439158739963
147.674,0.15898580423578,1.64503843884309
147.675,0.158292714212714,1.64640261786206
147.676,0.157729426016818,1.64719156579776
147.677,0.157059817347735,1.64784727581081
147.678,0.156332758690556,1.6486939303005
147.679,0.155610838281419,1.64970956789566
147.68,0.154922578931398,1.6506683247322
147.681,0.154178380742366,1.65154915275667
147.682,0.153503304068964,1.65247043223107
147.683,0.153465933505716,1.65347346889659
147.684,0.152823147992023,1.65440975766322
147.685,0.152072376297147,1.65527336708637
147.686,0.150952945902644,1.65617907196758
147.687,0.150197608623265,1.65715327098183
147.688,0.1495264694176,1.65793057962913
147.689,0.148778524467632,1.65856579402595
147.69,0.148072592365899,1.65933657611535
147.691,0.147374707991301,1.66044652010337
147.692,0.146603708890146,1.6613676773544
147.693,0.145841769001156,1.66207676997393
147.694,0.145055467517206,1.66285377520531
147.695,0.144280246785436,1.66371634294492
147.696,0.143489820202055,1.66441476306536
147.697,0.1426704202136,1.66503964219806
147.698,0.141597592276777,1.66576174221706
147.699,0.140797807425455,1.66667435508823
147.7,0.140788175111164,1.66750359957997
147.701,0.140037239608136,1.66819000445056
147.702,0.13921473678214,1.66887833567197
147.703,0.138447697624334,1.66957228878672
147.704,0.137614423152476,1.67032587988564
147.705,0.136813378330651,1.67128565189785
147.706,0.136082448210477,1.67192135920506
147.707,0.135351624330364,1.67244765262147
147.708,0.134586598692404,1.67305737048391
147.709,0.133245484080524,1.67371281765595
147.71,0.132417233451424,1.67428195364821
147.711,0.131606041001136,1.67480555944325
147.712,0.130788537477814,1.67542797496576
147.713,0.12999003600773,1.67624458413404
147.714,0.129221205103961,1.67691064198184
147.715,0.128504705811107,1.67746750476595
147.716,0.127697125885565,1.6780444502693
147.717,0.126908553250894,1.67863919334003
147.718,0.126854866377198,1.67920233988381
147.719,0.126010527973799,1.67974121860201
147.72,0.124712515780598,1.68027306002843
147.721,0.12388825251351,1.68079853359237
147.722,0.123088876053945,1.68131582787994
147.723,0.122244368087166,1.68182320247857
147.724,0.121472514633862,1.68234485432012
147.725,0.120658637186856,1.68288996015689
147.726,0.119856105019237,1.68338240618462
147.727,0.118996512913699,1.68384132522507
147.728,0.118169386888106,1.68424906657063
147.729,0.116967784650213,1.68462251044496
147.73,0.116146228707543,1.68504185915744
147.731,0.115271296514764,1.68560062899174
147.732,0.114417508182184,1.68607921937418
147.733,0.113586193067823,1.68646741237891
147.734,0.112830319353502,1.68686926442627
147.735,0.112806964486638,1.68730036705003
147.736,0.112020161115392,1.68773905967539
147.737,0.111191470329013,1.68818660805547
147.738,0.110328521205103,1.68852178516025
147.739,0.109549367690073,1.68882052807459
147.74,0.108392151894858,1.68910027750856
147.741,0.107512130426809,1.68937133955495
147.742,0.106637511784302,1.68967313488577
147.743,0.105870677968339,1.6901741507252
147.744,0.105094030479237,1.69052578299077
147.745,0.104180425685356,1.69077066021984
147.746,0.102935019741459,1.69104974702203
147.747,0.102505012961721,1.69135309938557
147.748,0.102619509245821,1.69159166916834
147.749,0.100494305664803,1.69181106450887
147.75,0.100358962243751,1.69205138158063
147.751,0.0995167165117948,1.69231600996288
147.752,0.0987181866491101,1.6925736733764
147.753,0.0978903023456147,1.69281703426732
147.754,0.0970668525229661,1.69303238466093
147.755,0.0962127226835428,1.69322475877767
147.756,0.0953961985755493,1.69340965563686
147.757,0.0941567573095815,1.69358651807145
147.758,0.093351307999629,1.69375517357249
147.759,0.0925187964623974,1.6939155378062
147.76,0.0916734666496194,1.69407245215543
147.761,0.0908245794584109,1.69422544148125
147.762,0.0900434607973047,1.6943502807998
147.763,0.0891246371069451,1.6944567062145
147.764,0.0883079604877836,1.69457122474606
147.765,0.0871348574573073,1.69470569793944
147.766,0.0870814369934155,1.69481412960331
147.767,0.0855999059111282,1.69489500447447
147.768,0.0854403386929575,1.69496758388074
147.769,0.0845959434541561,1.69503116112033
147.77,0.0837531891242261,1.69508828059386
147.771,0.0828652793351073,1.69513856143172
147.772,0.0820049572074485,1.69517258416702
147.773,0.0811265470802248,1.69519775482117
147.774,0.0803681328258673,1.6952143440469
147.775,0.0795457333804922,1.69522235302261
147.776,0.0782783332757336,1.69521912313353
147.777,0.077440924279533,1.69520640158784
147.778,0.0766553288099635,1.69518583705647
147.779,0.0757616907707741,1.69516302014632
147.78,0.0749405709221885,1.69513053169953
147.781,0.0740454157326564,1.6950632897797
147.782,0.0732868613242982,1.69499539058386
147.783,0.0732485144076381,1.69492658737296
147.784,0.0724525397999797,1.69485020424291
147.785,0.07158757331017,1.69475881048845
147.786,0.0707541454185836,1.69465811936236
147.787,0.0695164568469205,1.69453842547159
147.788,0.0686415232283215,1.69441758545023
147.789,0.0676595274420562,1.69429551357455
147.79,0.0667831835671707,1.69416954491412
147.791,0.0659263608708123,1.69403662860263
147.792,0.0650874480276949,1.69388893621204
147.793,0.0643176751644823,1.69364055965024
147.794,0.0635314177810574,1.69344887495091
147.795,0.0623046857604331,1.69329571148698
147.796,0.0613629857892555,1.69312810407856
147.797,0.0604890496209721,1.69295002996795
147.798,0.0596365874300061,1.69273868573104
147.799,0.058879815029684,1.69245454148333
147.8,0.0580032283711364,1.69219217661065
147.801,0.0579559989837747,1.6919525886598
147.802,0.0572111062340042,1.69170021327217
147.803,0.0564002016013397,1.69143286148701
147.804,0.0555150132605003,1.69116627583044
147.805,0.0542213664135002,1.69090051607401
147.806,0.0533578647295351,1.69061877359006
147.807,0.0524750167033464,1.69025978131577
147.808,0.0516397046325318,1.68991689406154
147.809,0.0507546718187802,1.6896040221438
147.81,0.0499128931049412,1.68927276418963
147.811,0.0490573516948455,1.68892362325893
147.812,0.048285348859733,1.68857237191765
147.813,0.0474935786855243,1.68821940048683
147.814,0.0462179458813409,1.6878431013004
147.815,0.046144253295927,1.68744890572271
147.816,0.0453650011032812,1.68710444870675
147.817,0.0444760278877475,1.68678314410857
147.818,0.0435833728175876,1.68642134625596
147.819,0.0427268571697571,1.68585052203737
147.82,0.0418879853149315,1.68534292718929
147.821,0.0409643684037769,1.68495284775123
147.822,0.0402057909927446,1.68454168659081
147.823,0.0393740096854908,1.68409269326145
147.824,0.0386043550939429,1.68362097945612
147.825,0.0376848920564566,1.68309602208757
147.826,0.0363796138534574,1.68256078695078
147.827,0.035453088075565,1.68201209300958
147.828,0.0346155088526396,1.68149806585833
147.829,0.0338616674398325,1.68100466430495
147.83,0.0330872711625646,1.68047704013295
147.831,0.0330281296844022,1.67992536760131
147.832,0.0313663188205821,1.67938055563349
147.833,0.0312708810318209,1.67883873789629
147.834,0.0304772833271602,1.67832792058277
147.835,0.0295825754227217,1.67783233343642
147.836,0.0287351958188632,1.67727586641403
147.837,0.0274454110363979,1.67661939360922
147.838,0.0266468438588553,1.67596051069619
147.839,0.0258658132759279,1.67529409571619
147.84,0.0250358797184392,1.67464126580024
147.841,0.0241082098817881,1.67401065660177
147.842,0.0231989790961297,1.67337909057179
147.843,0.0222396351604429,1.67274565309091
147.844,0.0214054439521051,1.67207518836146
147.845,0.0202305032144897,1.67130688914613
147.846,0.0193067326614332,1.67060598644093
147.847,0.0184448027813935,1.66995962812935
147.848,0.0175726739112869,1.66924421502893
147.849,0.0166840733602032,1.66844854340074
147.85,0.0166531322988235,1.6677209130441
147.851,0.0158052270224152,1.66702262940986
147.852,0.0149203920994584,1.66636144259753
147.853,0.014061406560454,1.66571910822648
147.854,0.0132058830564802,1.66493285797816
147.855,0.0122879975475567,1.6638758352967
147.856,0.0110112658423421,1.66304156753937
147.857,0.0100930890945373,1.66234372264088
147.858,0.00919294582645136,1.66170121835189
147.859,0.00831345078467249,1.6610777734018
147.86,0.00739045819394757,1.66037587413171
147.861,0.00644840924701062,1.65931741613612
147.862,0.00559139994209523,1.65833483542547
147.863,0.00430760332458779,1.65750748948978
147.864,0.00336955111097781,1.65666388693981
147.865,0.00249956786271777,1.65578701143223
147.866,0.00162331161447693,1.65490427917829
147.867,0.000756903215197724,1.65401078622305
147.868,0.000701470293790973,1.65308257708798
147.869,-0.000160401442370728,1.65208461958226
147.87,-0.00103968139647426,1.65113635918221
147.871,-0.00193159949614585,1.65023888216755
147.872,-0.00284854796885803,1.64931561035011
147.873,-0.0037002960365109,1.64836140221215
147.874,-0.00502801834263444,1.64742040400245
147.875,-0.00598843534247739,1.64649465765563
147.876,-0.00688603392922771,1.64550403802986
147.877,-0.00774522975556635,1.64438576533811
147.878,-0.00862381028410841,1.6433534716001
147.879,-0.00951957993921493,1.64240100877544
147.88,-0.0103528284696617,1.64144015610621
147.881,-0.0113916884837552,1.6404694274143
147.882,-0.0127202780937724,1.63946752885925
147.883,-0.0136201797922127,1.63842306838844
147.884,-0.0145458407458263,1.63736929756488
147.885,-0.0154059565311037,1.63629826739057
147.886,-0.0154675762535409,1.63516940000556
147.887,-0.0163245555958672,1.6338828029965
147.888,-0.0172301659265625,1.6327846740215
147.889,-0.0181928827258636,1.63188922545591
147.89,-0.0189632592388015,1.63087433345738
147.891,-0.0198911433645398,1.62968078064769
147.892,-0.0211035700717902,1.62851196056943
147.893,-0.0220078477243243,1.62737613001746
147.894,-0.0229205452076263,1.62618161482
147.895,-0.0238202730445701,1.62487762927482
147.896,-0.0246937947658717,1.62365608464621
147.897,-0.0255703545275033,1.62249946724972
147.898,-0.026414485744468,1.62143559495449
147.899,-0.0272577325643615,1.62044208131235
147.9,-0.0273183917768048,1.61928640186476
147.901,-0.0290101695500452,1.61759855105807
147.902,-0.0291046866461936,1.61631147072953
147.903,-0.0291046866461936,1.61542399456173
147.904,-0.0310661355926273,1.61436149186829
147.905,-0.0319951136429755,1.61262021156504
147.906,-0.032832471932038,1.61116723656509
147.907,-0.0336978523882389,1.61007419499301
147.908,-0.034573835356941,1.60889352977256
147.909,-0.0354455987719621,1.60761440502877
147.91,-0.0362703689336811,1.60622924865592
147.911,-0.0371041713824817,1.60471084740576
147.912,-0.0378620447146405,1.60337901600787
147.913,-0.0391434859761564,1.60214268423297
147.914,-0.0399562088337221,1.60095530155677
147.915,-0.0408212930819821,1.59980342867228
147.916,-0.0416243771385322,1.59846734464312
147.917,-0.0424223269794709,1.59671997350908
147.918,-0.0432417686317802,1.59500333241616
147.919,-0.0432906768189477,1.59331998836828
147.92,-0.0432906768189477,1.59220120733406
147.921,-0.0447021413339882,1.59126070726878
147.922,-0.0454987992173687,1.58993843121295
147.923,-0.0466568614347502,1.58794465402899
147.924,-0.0474791602477086,1.58652450701371
147.925,-0.0483068423727701,1.58550014164676
147.926,-0.049097817769832,1.58421445085662
147.927,-0.0498521799145627,1.58218589469639
147.928,-0.0505805102356457,1.5804778313832
147.929,-0.0513669457759232,1.57913333009132
147.93,-0.0521221027929298,1.57794370420951
147.931,-0.0529171457332683,1.5768119252864
147.932,-0.0536666518386137,1.57551492127665
147.933,-0.0547619911864664,1.57343683927396
147.934,-0.0548164895141744,1.57160607803667
147.935,-0.0555521317546893,1.57011875701604
147.936,-0.0562246229619022,1.56861042553054
147.937,-0.0569589855450824,1.56704963969591
147.938,-0.0576213040294539,1.56548641845769
147.939,-0.0583424210061487,1.56391570714755
147.94,-0.0591060250679724,1.56228394566577
147.941,-0.0598021344133332,1.5604461571111
147.942,-0.0605283286492208,1.55872273253671
147.943,-0.0615135414207376,1.55712509867559
147.944,-0.0621867437106086,1.55551338402275
147.945,-0.062935454107821,1.55388196301528
147.946,-0.0635542189047429,1.55234908122665
147.947,-0.0642478722998335,1.55094656313362
147.948,-0.0649548828104488,1.54937247121438
147.949,-0.0656966122620949,1.54673387844924
147.95,-0.0663274817360199,1.54490806607555
147.951,-0.0670146797762355,1.54354732324182
147.952,-0.0677572384323287,1.54199290845904
147.953,-0.0677685439012977,1.54030559313275
147.954,-0.0687075265559679,1.53864502413163
147.955,-0.069392031077207,1.53700374142008
147.956,-0.0700257020538801,1.53522905732966
147.957,-0.0707053483120278,1.5333044164006
147.958,-0.071328000369746,1.53163758776359
147.959,-0.0719677918975167,1.53011624767829
147.96,-0.072588280998602,1.52845207479541
147.961,-0.0732133590132779,1.52638849857254
147.962,-0.0738551587935129,1.52432902167305
147.963,-0.0746912068067559,1.52228349767791
147.964,-0.0753616804217535,1.52036298158888
147.965,-0.0760143031904976,1.51857804733908
147.966,-0.0760301057328147,1.51672868499738
147.967,-0.0766108098726929,1.51480772824779
147.968,-0.077873277434491,1.51290334672399
147.969,-0.0779605890502154,1.51101226251856
147.97,-0.0779605890502154,1.50911426187491
147.971,-0.0790658253438533,1.50720999074815
147.972,-0.0798434225545999,1.50531354127348
147.973,-0.0804643460715965,1.50342557965822
147.974,-0.0810359244955338,1.50150296440472
147.975,-0.0816579160421538,1.49954251354521
147.976,-0.0822969110834567,1.49760315212079
147.977,-0.0829294766081442,1.49568671545537
147.978,-0.0835918885187384,1.49363804647173
147.979,-0.0841816321501579,1.49142633269516
147.98,-0.0847862082794327,1.48942379688408
147.981,-0.0856158482207733,1.48752288042984
147.982,-0.0861679544382147,1.48571611331868
147.983,-0.0867651382191587,1.48396142418232
147.984,-0.0873389331139981,1.4819588352321
147.985,-0.0873451957024133,1.47957669778682
147.986,-0.0878933633306236,1.47735951562083
147.987,-0.0884474126696586,1.47540138622305
147.988,-0.0890178194199818,1.47339370059222
147.989,-0.0895861428534209,1.47127143523026
147.99,-0.0900344957795519,1.46916376151901
147.991,-0.0908438390778449,1.46709007057128
147.992,-0.0914114719299796,1.46492961142433
147.993,-0.091989320993657,1.46255479368412
147.994,-0.0925999001837382,1.46031928314693
147.995,-0.0931499893871265,1.45823527953095
147.996,-0.0938120843509243,1.456126889334
147.997,-0.0943385573465568,1.45399119501599
147.998,-0.0949177749213294,1.4518075466375
147.999,-0.0954496495567737,1.44957044326472
148,-0.0959692869610433,1.44765372160354
148.001,-0.0964692026325854,1.44591468283215
148.002,-0.0971786387092893,1.44397638023228
148.003,-0.0972196862128795,1.44067983006944
148.004,-0.0976846512761617,1.43813702845008
148.005,-0.0982247315466015,1.4362306059315
148.006,-0.0987705896174055,1.43412634493795
148.007,-0.0993587478843126,1.4318799574293
148.008,-0.0998379039314249,1.42963209830466
148.009,-0.100380741286503,1.42738321833716
148.01,-0.100894525573135,1.42513259121008
148.011,-0.10139408487014,1.42288065791067
148.012,-0.102138177008148,1.42066929660437
148.013,-0.102672890857356,1.41849441101605
148.014,-0.103174917918864,1.41609953875896
148.015,-0.103718260065006,1.41340490223628
148.016,-0.104228613808469,1.410846655922
148.017,-0.10482725086887,1.40847893737483
148.018,-0.105333881607256,1.40615582180873
148.019,-0.105375129351768,1.40389461134246
148.02,-0.105841360546253,1.40158759337506
148.021,-0.106368702491289,1.39916601750316
148.022,-0.106900260768834,1.39674745106059
148.023,-0.107559388720437,1.39433606537477
148.024,-0.108046617335528,1.39191979417758
148.025,-0.108576809958887,1.3894905011322
148.026,-0.109068748092834,1.38699256375573
148.027,-0.109567339751316,1.38428425716601
148.028,-0.110034743028145,1.38172529944832
148.029,-0.110484143547793,1.37937772435431
148.03,-0.110987284649979,1.37701421651978
148.031,-0.111453791175073,1.3746201409545
148.032,-0.111931262202708,1.37209824811568
148.033,-0.11266926119605,1.36931785440906
148.034,-0.11313674363229,1.3667264115721
148.035,-0.1136232015704,1.36429694765984
148.036,-0.113649159854516,1.36183199141515
148.037,-0.113649159854516,1.35932641815011
148.038,-0.114618647960738,1.35678473321048
148.039,-0.115125579438712,1.35419628222641
148.04,-0.115577247818188,1.35162238771101
148.041,-0.116107664431165,1.34906660073351
148.042,-0.116712382161884,1.34639853815977
148.043,-0.117218775358848,1.34357019260819
148.044,-0.117694041846938,1.34088487183315
148.045,-0.118115173712398,1.33830896503382
148.046,-0.118606744076564,1.33556548651305
148.047,-0.119049703966688,1.33268921580446
148.048,-0.119467820974462,1.33012695840673
148.049,-0.119910624330636,1.32765045412924
148.05,-0.120480865069368,1.32503116215558
148.051,-0.120946554180562,1.32233359815373
148.052,-0.121360990301753,1.31963231584576
148.053,-0.121767460710627,1.31692877145478
148.054,-0.122170862158713,1.31418634256217
148.055,-0.122191400077774,1.31141513623202
148.056,-0.122626419860061,1.30865261067146
148.057,-0.123066411104727,1.30589847390386
148.058,-0.123460116677218,1.30312283445001
148.059,-0.123885717521407,1.30032186173279
148.06,-0.124293392529931,1.29757573252133
148.061,-0.124858389918418,1.29489854916153
148.062,-0.125231065990959,1.29218675623942
148.063,-0.12561810231597,1.28940505242408
148.064,-0.12601054578653,1.28653272476129
148.065,-0.126397840918054,1.28348095639953
148.066,-0.126831729679767,1.28065070530253
148.067,-0.126851144657565,1.27801278293789
148.068,-0.126851144657565,1.27526424265358
148.069,-0.127998125575759,1.27239040642893
148.07,-0.128016045297023,1.26955445570266
148.071,-0.128362870401093,1.26678688940541
148.072,-0.12868791974773,1.26384839756675
148.073,-0.129005495885639,1.25985510312657
148.074,-0.129319299302543,1.25692054065394
148.075,-0.12968349797162,1.25469819369539
148.076,-0.130035760675737,1.25221024475045
148.077,-0.130391938568763,1.24909675955523
148.078,-0.130787870997018,1.24593650299676
148.079,-0.131437034348231,1.24266827183719
148.08,-0.131950031929356,1.2396365070285
148.081,-0.13249632997037,1.23682951501537
148.082,-0.13305393534272,1.23400460987037
148.083,-0.133727234793391,1.23115922445647
148.084,-0.134349798418742,1.22826540453157
148.085,-0.135118365212514,1.2253037702603
148.086,-0.135904454575994,1.22229706240225
148.087,-0.136708098546411,1.21919943335261
148.088,-0.136732361422642,1.21607356124649
148.089,-0.137507115179106,1.21288234359142
148.09,-0.138624446417644,1.20970161834379
148.091,-0.139494171293147,1.20654559722932
148.092,-0.14037954205324,1.20328332878764
148.093,-0.141301844284427,1.1997537573438
148.094,-0.142243456940787,1.19659861515493
148.095,-0.143385735957519,1.19389189285207
148.096,-0.144368726414971,1.19079183949802
148.097,-0.145419297360154,1.18732176247789
148.098,-0.146742032346919,1.18427548476143
148.099,-0.147843200064229,1.18137262570433
148.1,-0.148901558221557,1.178316257852
148.101,-0.150053956703997,1.17516484160151
148.102,-0.151143082017618,1.1719729092694
148.103,-0.151216921395841,1.16874300057769
148.104,-0.151216921395841,1.16550781851322
148.105,-0.153633354562874,1.16226669154765
148.106,-0.15481751821992,1.15900366849718
148.107,-0.156005982024752,1.15570252493519
148.108,-0.157310553958701,1.15241300520771
148.109,-0.158151716598434,1.14914814140059
148.11,-0.158735201264921,1.14571292871233
148.111,-0.159149972526903,1.14182374646699
148.112,-0.159401352385005,1.13842591116411
148.113,-0.159541196854265,1.13548904533984
148.114,-0.159615540679105,1.13276141450007
148.115,-0.159642405477475,1.13010923666317
148.116,-0.159673367276101,1.12687471697918
148.117,-0.159704713432041,1.12228289921106
148.118,-0.159666318767717,1.11866456188977
148.119,-0.15965609495098,1.11583506544644
148.12,-0.159617292265002,1.11273278313908
148.121,-0.159613749515136,1.10939329915825
148.122,-0.159639269874154,1.10595782183724
148.123,-0.159641089394939,1.1024153084142
148.124,-0.159667013585244,1.09899000445056
148.125,-0.159662184513686,1.09571884566132
148.126,-0.159673992857612,1.09237398140426
148.127,-0.159722282458677,1.08883147876082
148.128,-0.159734917788037,1.08519877011327
148.129,-0.159793793581245,1.08132347882505
148.13,-0.1598475522436,1.07777858476942
148.131,-0.159908799311831,1.07460264874105
148.132,-0.159961766887975,1.07134734859148
148.133,-0.160061021575442,1.06791849092399
148.134,-0.160114003726318,1.06449909231853
148.135,-0.160173624646643,1.06109903130133
148.136,-0.160211733742966,1.05761351290419
148.137,-0.160256075098338,1.0539587634595
148.138,-0.160257194784929,1.05034105224353
148.139,-0.160337035576514,1.04679586193125
148.14,-0.160343552819521,1.04325375118223
148.141,-0.160365355422363,1.03971987575889
148.142,-0.160388285939448,1.03604160073842
148.143,-0.160385977475826,1.03167022170944
148.144,-0.160407776856761,1.02779112609984
148.145,-0.160398691850433,1.02460860868288
148.146,-0.160420489018852,1.02127233263864
148.147,-0.16043008835287,1.017743160754
148.148,-0.160412296649537,1.01399035130692
148.149,-0.160444535835368,1.00993832094663
148.15,-0.160439302971012,1.00649088622291
148.151,-0.160420964531576,1.00336958253694
148.152,-0.160376672636028,0.999950238961169
148.153,-0.160320768499529,0.996025139318812
148.154,-0.160260226699404,0.992111392159962
148.155,-0.160258575969845,0.988218776654281
148.156,-0.160159980493698,0.984354204065484
148.157,-0.160048293437997,0.980546364748233
148.158,-0.159955729896927,0.976579559742188
148.159,-0.159821764357024,0.972227448582089
148.16,-0.15973222093016,0.968504577089471
148.161,-0.159571921494151,0.965359442136959
148.162,-0.159343327819221,0.961835404617137
148.163,-0.159155235860727,0.957867365224771
148.164,-0.158950052105194,0.954049308937351
148.165,-0.158708425905212,0.950340056876383
148.166,-0.158352719948042,0.946891341773559
148.167,-0.158070557706258,0.943623530673107
148.168,-0.157868001364189,0.939713801384243
148.169,-0.157592322835132,0.934332765893578
148.17,-0.15729988733913,0.930238623150449
148.171,-0.157024562991523,0.927047575568421
148.172,-0.156727807033162,0.923553623374096
148.173,-0.15670999484017,0.919782526946067
148.174,-0.156373923196519,0.915918204056524
148.175,-0.155845340270725,0.911923270536631
148.176,-0.155464119768321,0.907942335564821
148.177,-0.155087070311602,0.903983061943965
148.178,-0.154746211967952,0.899946665846175
148.179,-0.154353344858117,0.895716953409254
148.18,-0.15399920050985,0.891625984176839
148.181,-0.153590418196391,0.887713968318883
148.182,-0.152968832019216,0.883817418503546
148.183,-0.152722990411696,0.879938783158109
148.184,-0.152055111301201,0.876007770085855
148.185,-0.151515390347206,0.871999596769159
148.186,-0.151056844165141,0.867981748674985
148.187,-0.150573015508189,0.863949196935205
148.188,-0.150097517654516,0.859952885352892
148.189,-0.149626313718128,0.856011290173383
148.19,-0.14913786689273,0.852051716054425
148.191,-0.149117191384675,0.848052633882388
148.192,-0.148646223702171,0.844011036117667
148.193,-0.148098889997907,0.839870018365887
148.194,-0.147318103084687,0.835617671433792
148.195,-0.146777829756141,0.831118557807456
148.196,-0.146244768934642,0.826876559044487
148.197,-0.14565374953189,0.822899786916565
148.198,-0.145096779604436,0.81878156203515
148.199,-0.144504208778702,0.814508910086355
148.2,-0.143951921981997,0.810349755722261
148.201,-0.143317723876816,0.806262855050893
148.202,-0.142357738862986,0.802068465607792
148.203,-0.141717997246008,0.797798326796638
148.204,-0.141085529068358,0.793749639770281
148.205,-0.14045562726419,0.789874076062599
148.206,-0.139810809772248,0.785916221186248
148.207,-0.139761935857183,0.781770504305374
148.208,-0.13911829865742,0.777427807553002
148.209,-0.138471722012661,0.772632175107849
148.21,-0.137821373012555,0.768107757010587
148.211,-0.137037751710312,0.763875873635826
148.212,-0.136384139978639,0.759695128588385
148.213,-0.135281549036951,0.755566541655592
148.214,-0.134608051469942,0.751437134345262
148.215,-0.13390498196807,0.747306675373324
148.216,-0.133221350337116,0.743087780990943
148.217,-0.132494063442962,0.738756242041429
148.218,-0.131807617939529,0.73434208725282
148.219,-0.131064338604363,0.729835475880259
148.22,-0.131019473401752,0.725339779209502
148.221,-0.131019473401752,0.720856395825167
148.222,-0.129213706344577,0.716382624610707
148.223,-0.128422692522518,0.711919805678974
148.224,-0.127600469836423,0.707453610161821
148.225,-0.126835938802512,0.70298357322125
148.226,-0.125946281285719,0.698662714942239
148.227,-0.125176795659012,0.694522914628024
148.228,-0.124265473983699,0.690318048182112
148.229,-0.123464963270251,0.685992762303696
148.23,-0.12213401175516,0.681461889550795
148.231,-0.121206587893193,0.676513072412043
148.232,-0.120313041480873,0.67198908624316
148.233,-0.119366151974182,0.667766813403291
148.234,-0.118425444435188,0.663465420707085
148.235,-0.117465222534736,0.659090511265867
148.236,-0.116594511794314,0.654482310520508
148.237,-0.11553746355446,0.649576402388929
148.238,-0.114476819406697,0.64502849542066
148.239,-0.114418792768978,0.640725782703506
148.24,-0.114418792768978,0.636318337233307
148.241,-0.112095284700761,0.631811493860834
148.242,-0.11114237290285,0.627093478664941
148.243,-0.110108468136898,0.622104891443875
148.244,-0.109150945993793,0.617318410462926
148.245,-0.108147972996812,0.612643996598733
148.246,-0.107122197655461,0.608648514810726
148.247,-0.10607619083338,0.604956460281636
148.248,-0.104945522886218,0.600761981826319
148.249,-0.103349389528549,0.595253886955694
148.25,-0.102896825873239,0.590116495594903
148.251,-0.101216131159865,0.585639463863615
148.252,-0.100170220587639,0.581078906115966
148.253,-0.0990936767201577,0.576355266239069
148.254,-0.0980365988556893,0.571689786731048
148.255,-0.0969826879750973,0.567138396191305
148.256,-0.0959545113598018,0.562445320724335
148.257,-0.0958998929811939,0.557394470048459
148.258,-0.0948351589339554,0.552561877549459
148.259,-0.0930907151606007,0.548038831448387
148.26,-0.091998139704292,0.543251415805359
148.261,-0.0908163348938928,0.537889630915835
148.262,-0.0897375199876905,0.532914704144209
148.263,-0.0886226587627413,0.528262206938514
148.264,-0.087477461577933,0.523381562266183
148.265,-0.086335659327888,0.518311242846777
148.266,-0.085139089783604,0.513704902226461
148.267,-0.0839061661210145,0.509280288164818
148.268,-0.0827207987647427,0.505049739251691
148.269,-0.0809705735170337,0.500928451712062
148.27,-0.0796655985998943,0.496399546702263
148.271,-0.078416647871967,0.491003412333543
148.272,-0.0773101445429881,0.485572473073131
148.273,-0.0772472561595167,0.479999537906659
148.274,-0.0760494807559432,0.474831856602355
148.275,-0.0747296711403255,0.470123807893247
148.276,-0.0735334933107181,0.465341152317296
148.277,-0.0722387481362253,0.460462191381209
148.278,-0.070654687867561,0.455609945254406
148.279,-0.0692401407801692,0.450792600645768
148.28,-0.067971629813308,0.445860942172687
148.281,-0.0666904358813286,0.440775307186856
148.282,-0.0653599769649373,0.436015444674008
148.283,-0.0642016200684193,0.431503747066366
148.284,-0.0629056785772745,0.426527395120362
148.285,-0.0615440792058479,0.421025571055349
148.286,-0.0602273808349144,0.415928168971443
148.287,-0.0589031588594305,0.411032167284681
148.288,-0.0570031344596486,0.406017504807939
148.289,-0.0555248062956771,0.400906472555415
148.29,-0.055430735504128,0.395977696701653
148.291,-0.0541637372929605,0.391232046992416
148.292,-0.0529000293617669,0.386357754332318
148.293,-0.0514309762028181,0.381209071652942
148.294,-0.0501517851231358,0.37606269245384
148.295,-0.0487481104024682,0.370922051800047
148.296,-0.0474460856951455,0.365740834973949
148.297,-0.0460629296416849,0.360445755778012
148.298,-0.0446330570377306,0.355124092484449
148.299,-0.0424854214374611,0.349759782976296
148.3,-0.040981308411257,0.344770498097576
148.301,-0.0395565058008464,0.340134009847659
148.302,-0.0381443619273137,0.335157711137062
148.303,-0.0366797932574091,0.32949644565329
148.304,-0.0353198517591869,0.324144539583005
148.305,-0.0351986044735494,0.319111499805543
148.306,-0.0338173558936905,0.314040970592447
148.307,-0.0322570812279138,0.308925129286497
148.308,-0.0308502819394457,0.303771871717533
148.309,-0.0285544476025045,0.298568290070229
148.31,-0.0270304699742997,0.293375881233942
148.311,-0.0254725109223674,0.288203556867621
148.312,-0.023980874717919,0.282812054740909
148.313,-0.0224542265523953,0.276905377516185
148.314,-0.0209450177058524,0.271541589034204
148.315,-0.0193285771481497,0.26663122957914
148.316,-0.0177973129632759,0.261355312246148
148.317,-0.0152386832097214,0.25569190137933
148.318,-0.013641755329776,0.250665551186128
148.319,-0.0119747062419443,0.245925543570111
148.32,-0.0103189218314902,0.240934812829433
148.321,-0.00872485324834138,0.235510288715611
148.322,-0.0071707874626048,0.229836391613602
148.323,-0.00550652250615491,0.223709837466757
148.324,-0.00384462199900037,0.218358626099113
148.325,-0.00212333559503142,0.213570630780981
148.326,-0.00204346576947911,0.208430747156849
148.327,-0.000557236515159043,0.202539753469373
148.328,0.000983585363707351,0.196896548424364
148.329,0.00271141390172913,0.191524501492212
148.33,0.00515903372860993,0.186064821623311
148.331,0.00672508121713511,0.180506510336097
148.332,0.00828549549434288,0.174759593714158
148.333,0.0100314843918216,0.168871935289756
148.334,0.0116322870581411,0.163990706381316
148.335,0.01334884723881,0.159396513493841
148.336,0.014933493181461,0.154339789213072
148.337,0.016550638220847,0.148754863635527
148.338,0.0183749610981717,0.142834753072896
148.339,0.0200920132818233,0.136506671033327
148.34,0.0201319554457653,0.13085328015497
148.341,0.0217569465296957,0.125491561484739
148.342,0.0241542519486578,0.12008959561226
148.343,0.0258955381533307,0.114664604443647
148.344,0.0275039122904502,0.109666812567718
148.345,0.0292213246944327,0.104940223513242
148.346,0.03091852307508,0.0991398200804814
148.347,0.0325325150256807,0.0902970093100464
148.348,0.0342013936978707,0.0848623395429568
148.349,0.0367586304256314,0.0804953304036589
148.35,0.0384267429676834,0.0820896850417193
148.351,0.0401766911176813,0.0862348880414925
148.352,0.0418902705598588,0.0920112353555616
148.353,0.0435567914355375,0.10093400602394
148.354,0.0451822271718159,0.107555002573068
148.355,0.0469475888045169,0.112722120745826
148.356,0.0485706406416239,0.118245856503215
148.357,0.0503043722212468,0.124034597002674
148.358,0.0519534770951281,0.129975146694298
148.359,0.0535737260271677,0.136184220208855
148.36,0.053651277017305,0.142556946467109
148.361,0.0550775858369836,0.149271312344385
148.362,0.05745782098453,0.156020165227119
148.363,0.0591122092347863,0.162808518538215
148.364,0.0605857719578212,0.168012361133891
148.365,0.0621419163858404,0.172434486743296
148.366,0.0634944530165168,0.177602802278702
148.367,0.0649741119698263,0.184484910557589
148.368,0.0664251059084379,0.191214635772129
148.369,0.0676881541177368,0.197304622255979
148.37,0.0697271494094579,0.203759490123006
148.371,0.0711714799974289,0.212142314512027
148.372,0.0725228491438773,0.218168544176564
148.373,0.0738893329541672,0.223101465917037
148.374,0.075068604782876,0.228638315857789
148.375,0.0764892364424167,0.234502955769754
148.376,0.0777158333541562,0.240442600164667
148.377,0.079011950500241,0.246438139705993
148.378,0.0790760616959429,0.252450860227506
148.379,0.0801472268535254,0.258482093376862
148.38,0.0813841556166893,0.263818791995342
148.381,0.0832980254932018,0.267998705198659
148.382,0.0845870991239176,0.272178618401976
148.383,0.085848462795332,0.27861158699042
148.384,0.086993797405566,0.286619841105681
148.385,0.0882218948728294,0.293869965463734
148.386,0.0893655021288647,0.300612385168601
148.387,0.0904824864222723,0.306458816110578
148.388,0.0916882420418954,0.312114041153982
148.389,0.0928850038585981,0.317548670000837
148.39,0.0946083640084701,0.32290631661726
148.391,0.0960285173178709,0.328807929487504
148.392,0.0973819788717932,0.335379905525834
148.393,0.09746318890668,0.342322934763568
148.394,0.0991022995913821,0.349452633623871
148.395,0.100734938596765,0.35449372119309
148.396,0.102236879034601,0.359406236221988
148.397,0.103848585618492,0.364919093431423
148.398,0.105414026255123,0.370470912109103
148.399,0.107061099113238,0.375320711250743
148.4,0.108615216108864,0.380088650450316
148.401,0.110565741428441,0.385700449384143
148.402,0.112118592359614,0.39200598713638
148.403,0.113594056694471,0.398909956963298
148.404,0.114930254339097,0.406587448572836
148.405,0.116239294048957,0.410990740460591
148.406,0.117436051066888,0.415214365237659
148.407,0.118779674692262,0.421520348653115
148.408,0.120142541210648,0.429029019951044
148.409,0.121416461571558,0.434030109371772
148.41,0.12280311966674,0.438652778748602
148.411,0.124701875346397,0.444210211666012
148.412,0.124774325342855,0.449963430572281
148.413,0.125984413178544,0.456188782360685
148.414,0.127224292666356,0.462427244409834
148.415,0.12854039160589,0.467174565446318
148.416,0.129834891365306,0.471921886482936
148.417,0.131088442040775,0.477699713273357
148.418,0.132310010550199,0.483802921691117
148.419,0.133592677717235,0.48944117490362
148.42,0.135468757098344,0.494863549702745
148.421,0.136078226209346,0.500605445817759
148.422,0.137855421822988,0.506561118693588
148.423,0.139014714361729,0.512200185169247
148.424,0.140238628884916,0.517713002367925
148.425,0.141420828125822,0.523050010459242
148.426,0.14240591453761,0.528317372347944
148.427,0.142461203627026,0.533939280523287
148.428,0.143470762720115,0.539788028860424
148.429,0.144575141442611,0.545869537881654
148.43,0.145626962280212,0.55206790069899
148.431,0.147191054341202,0.557120238252937
148.432,0.148339935479921,0.562002320607874
148.433,0.149405053051718,0.566405879880765
148.434,0.150398519646606,0.570809439153782
148.435,0.151494749255596,0.57658538153325
148.436,0.152452032227184,0.583154355499043
148.437,0.15338927087375,0.589148312617699
148.438,0.154433797497324,0.594881844100206
148.439,0.155390612526857,0.599896304404465
148.44,0.15683605408809,0.604744717159519
148.441,0.157844054826828,0.609837388083178
148.442,0.158841245603531,0.615071664611615
148.443,0.15981582090704,0.62068549227182
148.444,0.160855018064619,0.626562547832022
148.445,0.160886828497358,0.632180268982839
148.446,0.161836856272549,0.637721635235347
148.447,0.162794858963606,0.642937247223342
148.448,0.163714538725026,0.648095236553044
148.449,0.164638324609398,0.653107535874013
148.45,0.165845939187701,0.658084655317711
148.451,0.166755513179477,0.663621331536314
148.452,0.167661493391761,0.669346101016403
148.453,0.168492288462237,0.67407783840287
148.454,0.16944274838078,0.678765412366344
148.455,0.170323248124654,0.683808163684646
148.456,0.171157132583957,0.689063830710765
148.457,0.172111848755579,0.695392413535108
148.458,0.172973660538356,0.70239456916427
148.459,0.173795542460504,0.706310677078926
148.46,0.174905335207937,0.710226784993581
148.461,0.175791778007107,0.715230731249387
148.462,0.175812242378235,0.720441911038787
148.463,0.175812242378235,0.726057388974378
148.464,0.175812242378235,0.731799360929065
148.465,0.178057024872306,0.736762309550641
148.466,0.178829828096708,0.741636513036399
148.467,0.179562113011102,0.747121112884829
148.468,0.180345985393444,0.75269615882423
148.469,0.181099504374113,0.757592747217205
148.47,0.181773062858009,0.762469874884338
148.471,0.182490319914313,0.766712842199095
148.472,0.183445891270642,0.770955809513852
148.473,0.184227015239579,0.77632642208314
148.474,0.184834852088716,0.782131996607477
148.475,0.185513565464817,0.78799285816986
148.476,0.186153131718697,0.793886456777316
148.477,0.186754521615173,0.798607656682295
148.478,0.187413045243271,0.803198165487263
148.479,0.18802156679029,0.807654173114395
148.48,0.188052542900716,0.812110180741401
148.481,0.188630756759282,0.816356827597279
148.482,0.189186076240276,0.820576921770433
148.483,0.189788638804869,0.826042658084049
148.484,0.19053671733029,0.832567555529918
148.485,0.191082861556303,0.837296049548157
148.486,0.191606383979937,0.841573431130225
148.487,0.192137255748824,0.846462845011024
148.488,0.192671318954104,0.851995478068104
148.489,0.193233177804477,0.8568572168263
148.49,0.193709505815651,0.861438121092007
148.491,0.194251186220276,0.866109726684848
148.492,0.194672518373895,0.870846847664173
148.493,0.195165916681422,0.875681822900145
148.494,0.195748937600895,0.880611736353513
148.495,0.195778335094762,0.885475484894542
148.496,0.195778335094762,0.890270974300944
148.497,0.196572431172832,0.895306416004338
148.498,0.196670126990942,0.900617208806574
148.499,0.197466767755311,0.905590114132927
148.5,0.197840348947869,0.91037924282851
148.501,0.198228287454953,0.915378056670836
148.502,0.198557548628203,0.920465183556277
148.503,0.199027728997199,0.924990216625955
148.504,0.199353872329885,0.929439278967431
148.505,0.199654546617979,0.934219187993602
148.506,0.199971842593184,0.93908565542601
148.507,0.200260648573574,0.943841703047152
148.508,0.200522819043293,0.948570379161861
148.509,0.200780242835267,0.953273528973554
148.51,0.201016065847904,0.957968438456394
148.511,0.201033646027962,0.962596253122653
148.512,0.201539386411693,0.967199116680103
148.513,0.20154776911824,0.971844618635957
148.514,0.201715508649706,0.97651047670863
148.515,0.201889055600866,0.981024887456412
148.516,0.202056118109217,0.985463603568631
148.517,0.202225215716548,0.990126640577143
148.518,0.202383217817501,0.994927763911242
148.519,0.202553690203719,0.999301481591077
148.52,0.202651739219482,1.00351595549626
148.521,0.202772790758216,1.00881430654709
148.522,0.202865061992196,1.01486524927229
148.523,0.202947523439822,1.01808307571768
148.524,0.202990540553703,1.02130090216306
148.525,0.203047345097993,1.02665793049214
148.526,0.203062732538642,1.03305342481454
148.527,0.203135144090431,1.03645727531683
148.528,0.203153960288069,1.03972066475563
148.529,0.203206268025626,1.04503149245003
148.53,0.20320854192701,1.05136866286265
148.531,0.203215190173859,1.05470618471418
148.532,0.203241544125971,1.05786254873073
148.533,0.203261873317086,1.06254689712336
148.534,0.203243394501507,1.06809369548758
148.535,0.203261253422637,1.07252155991834
148.536,0.203243145377939,1.07669795173677
148.537,0.203234505853202,1.08088484391792
148.538,0.203227327603711,1.08507723782387
148.539,0.203231667842406,1.08969722177306
148.54,0.203190827507903,1.09464606930941
148.541,0.203169082377016,1.0990899438065
148.542,0.203115452561632,1.10337430997503
148.543,0.203065897706635,1.10761277657008
148.544,0.203023574091861,1.11183591107322
148.545,0.202975828621566,1.11602446735022
148.546,0.202926622044122,1.12019491443871
148.547,0.202925917255095,1.12476118381133
148.548,0.202810681697093,1.12962128622539
148.549,0.20274256745438,1.13382405763266
148.55,0.202573848295126,1.13787892353513
148.551,0.202480344170576,1.1424192583272
148.552,0.202399147884092,1.14708650086114
148.553,0.202286827945991,1.15063066428322
148.554,0.202146796679169,1.1541748277053
148.555,0.202025844586274,1.15852142405471
148.556,0.201906345869375,1.16316449551828
148.557,0.201740584513619,1.16819676785076
148.558,0.201620940153336,1.1734080978448
148.559,0.201342992545189,1.1764335212758
148.56,0.20120983388302,1.17945894470681
148.561,0.201029261136244,1.18365238733666
148.562,0.200872184026556,1.1882397297453
148.563,0.20086919264575,1.19290637227925
148.564,0.200704129290951,1.19762419291454
148.565,0.200521322671921,1.20168853652397
148.566,0.200331998542349,1.20562341822498
148.567,0.200153705210376,1.2098930849266
148.568,0.199965255956041,1.21425772846257
148.569,0.199728668663973,1.21820334263528
148.57,0.199443266890224,1.22213784743943
148.571,0.199234639701572,1.22603057359328
148.572,0.198979991196009,1.2299211339037
148.573,0.198768405832402,1.23345234903563
148.574,0.198551999888638,1.23695863368602
148.575,0.198297299738813,1.24151558681021
148.576,0.198027014745369,1.2467254523257
148.577,0.197777071054391,1.25098264265996
148.578,0.197764541407057,1.25497516733193
148.579,0.197391060056404,1.25935532502264
148.58,0.197116457871933,1.26386349906684
148.581,0.196794346986609,1.2666820579185
148.582,0.196542826523133,1.26946159544364
148.583,0.196245850677956,1.27429164473498
148.584,0.195973153742293,1.28026446537262
148.585,0.195685204011796,1.28290964933467
148.586,0.195389368313948,1.28555483329671
148.587,0.195106839899853,1.28978772742314
148.588,0.194586653477028,1.29453999844808
148.589,0.194333148258086,1.29852150163322
148.59,0.194062059111888,1.30234401063145
148.591,0.193708121001621,1.3062909836899
148.592,0.193409466582673,1.31027458316392
148.593,0.193000561556589,1.31419101971793
148.594,0.192965875945286,1.3180877619368
148.595,0.192442650779036,1.32175478876847
148.596,0.192484380653072,1.32535605977483
148.597,0.192489955311191,1.32926618387121
148.598,0.19186620185211,1.33333946413788
148.599,0.191312940261039,1.3372190917353
148.6,0.190966480268884,1.34104684159271
148.601,0.190652988698489,1.34469869991737
148.602,0.190316141419486,1.34831234474446
148.603,0.189989458839306,1.35227188022267
148.604,0.189652500182611,1.35627662581755
148.605,0.18929906229173,1.35924369695831
148.606,0.188802142892109,1.36221076809915
148.607,0.188670945244627,1.36628228188703
148.608,0.18833071574214,1.37107994656891
148.609,0.187680142734402,1.37487139396075
148.61,0.187646456911344,1.37838241040474
148.611,0.187398601443101,1.3819489049345
148.612,0.186790409738952,1.38553864672057
148.613,0.186754106477796,1.3895137667024
148.614,0.186412072983375,1.39367500500234
148.615,0.186073876573347,1.39727579208617
148.616,0.185723303407412,1.40084009624318
148.617,0.185382952406049,1.40453019317184
148.618,0.184882063385781,1.40821535494675
148.619,0.184497100461276,1.41139232132964
148.62,0.184120461787816,1.41456928771253
148.621,0.183757073078329,1.41836585673309
148.622,0.183423913812225,1.42223773004687
148.623,0.183067197408502,1.42554916560066
148.624,0.182691649823774,1.42872709905215
148.625,0.18233259884227,1.43247704780927
148.626,0.181967101484749,1.43648544373376
148.627,0.181413108710622,1.44063186777878
148.628,0.181392694280929,1.44484727587589
148.629,0.181057838181712,1.44773748737522
148.63,0.180688455541405,1.4505226411091
148.631,0.18034508355708,1.45399106085862
148.632,0.180013537197992,1.45758787367902
148.633,0.179661151677815,1.4611019394489
148.634,0.179302681429605,1.4645998851541
148.635,0.178951328270489,1.46802396777986
148.636,0.178628310332761,1.47143294144306
148.637,0.178080050709054,1.47486302164328
148.638,0.17770615735297,1.47830089132607
148.639,0.177378620046798,1.48199172287365
148.64,0.17703720020634,1.48579592721791
148.641,0.176672586325725,1.48908162756876
148.642,0.176358113461101,1.49233145037617
148.643,0.175994994773073,1.49558473314665
148.644,0.175644379601377,1.49883841405454
148.645,0.175303936014731,1.50214404003224
148.646,0.175282342346803,1.50546087119002
148.647,0.174781846241545,1.50912679395035
148.648,0.174407102443601,1.51281785978558
148.649,0.174046054705255,1.51561023543597
148.65,0.173687221935103,1.51840261108636
148.651,0.173335783833871,1.52175401779773
148.652,0.172960956505967,1.52532256714153
148.653,0.17260896656289,1.52870359559041
148.654,0.172076603155745,1.53195747565506
148.655,0.171894361770964,1.53552545824895
148.656,0.171408702206104,1.53930713405051
148.657,0.171062572845691,1.54248392690385
148.658,0.170712853992122,1.54555188762812
148.659,0.170388394149692,1.5487345317566
148.66,0.170060538803229,1.55195941396073
148.661,0.170034942124444,1.55507733334149
148.662,0.169717120356842,1.55814724377486
148.663,0.169375248473327,1.56125125834467
148.664,0.169074205109188,1.56437881138068
148.665,0.168554723205119,1.56773726204372
148.666,0.168232307945829,1.57130141786809
148.667,0.167911998080835,1.57438464922257
148.668,0.167625456185143,1.57731602893908
148.669,0.16729145652698,1.58065627395436
148.67,0.166945578717554,1.58420555386098
148.671,0.166631283965977,1.58720275889699
148.672,0.166318433349141,1.59016670533469
148.673,0.165798334532389,1.59308521419221
148.674,0.165476001509261,1.59599910825446
148.675,0.165145257818843,1.59905382513522
148.676,0.165130961316838,1.60214712923057
148.677,0.16452662365249,1.60513602204956
148.678,0.164173642622765,1.60809620815332
148.679,0.16415763422892,1.61109569715638
148.68,0.163897088556559,1.61411414556859
148.681,0.163556772196743,1.61720389703286
148.682,0.16324675334586,1.62033274191126
148.683,0.162908263905462,1.62356453335573
148.684,0.162418056168685,1.62684432012188
148.685,0.162101140454109,1.62977019329207
148.686,0.161748260589926,1.63265636384413
148.687,0.161425039760319,1.63543817914906
148.688,0.161137785513702,1.63820495096159
148.689,0.160803397961783,1.64101088023859
148.69,0.160495359493773,1.64382860305223
148.691,0.160189785947568,1.64668987381362
148.692,0.159891877069439,1.64957206863758
148.693,0.159532599200554,1.65273416232812
148.694,0.159235003159681,1.65606655983696
148.695,0.158728291687798,1.65892586541755
148.696,0.158425257504607,1.66170201520639
148.697,0.158112417830407,1.66446440412433
148.698,0.157810573650886,1.66722283231026
148.699,0.157797013881108,1.67024833723356
148.7,0.157538173259988,1.67340633831985
148.701,0.157227804803152,1.67603619916066
148.702,0.15696998215084,1.6786092728872
148.703,0.156625117222348,1.6812731987118
148.704,0.156218006015333,1.68396877214847
148.705,0.155886737400216,1.68669649060337
148.706,0.155576539803905,1.68943905286616
148.707,0.155171393294079,1.69225365430046
148.708,0.154837138228799,1.69510883761963
148.709,0.154448138781005,1.69805095060156
148.71,0.154137209335617,1.70103731028695
148.711,0.153813324471344,1.70380764014644
148.712,0.153541705675764,1.7065190210257
148.713,0.15321911486054,1.70918609225451
148.714,0.152912525460355,1.71184014359586
148.715,0.152906783077642,1.71441783153519
148.716,0.152433073619006,1.71696766751533
148.717,0.152084735090628,1.71977562716663
148.718,0.151771159453734,1.72270721962153
148.719,0.151432671004236,1.72532208415907
148.72,0.151102879718689,1.72789900401602
148.721,0.150786901901659,1.73037933026092
148.722,0.150441346873825,1.73284625209078
148.723,0.150088994855709,1.73548593939417
148.724,0.149745155983774,1.73818475855238
148.725,0.149203984756961,1.74077735988862
148.726,0.1488855992071,1.74334403517911
148.727,0.148539610743627,1.74592218516735
148.728,0.148198603970413,1.74850440073758
148.729,0.147814809288328,1.75106230176057
148.73,0.147505890883647,1.75360879182415
148.731,0.147137213248589,1.75615210755673
148.732,0.14712774282036,1.75869390331221
148.733,0.146832010671911,1.76133497142412
148.734,0.146455998604809,1.76403515632035
148.735,0.145882234568709,1.76649624635687
148.736,0.14550610035479,1.76891124608667
148.737,0.145196162956438,1.77134078878427
148.738,0.144829941257708,1.77377271796603
148.739,0.144486085645463,1.7761335954548
148.74,0.144122979163099,1.77847825013509
148.741,0.143766288890261,1.78063481906433
148.742,0.143446484165412,1.78273970914878
148.743,0.143049100478232,1.78542472139653
148.744,0.142728261342866,1.78864736608939
148.745,0.142397639074596,1.7911178920963
148.746,0.141788538695979,1.79336098889166
148.747,0.141389625970537,1.79562638692915
148.748,0.140989293903695,1.79789200628815
148.749,0.140603291310448,1.80012214475641
148.75,0.14059656140935,1.80234835992667
148.751,0.140199027174924,1.80485246281675
148.752,0.139780828873846,1.80738253297078
148.753,0.13936381208689,1.80912394969813
148.754,0.13899763020064,1.81086536642543
148.755,0.138375006904039,1.81316947962868
148.756,0.137966003084573,1.81611718102457
148.757,0.13762090606592,1.81886552161586
148.758,0.137188814774396,1.82150399955037
148.759,0.136780591084243,1.82338814038795
148.76,0.136393031639685,1.82519329224893
148.761,0.135996050653053,1.8273451939561
148.762,0.135583850804608,1.82957247326411
148.763,0.135562960700231,1.83168120620491
148.764,0.135178901089845,1.83375401924497
148.765,0.134549058883424,1.83614086916565
148.766,0.134094851681615,1.83868149896129
148.767,0.133633335047173,1.84088787186776
148.768,0.133258764931246,1.84291964884303
148.769,0.132833093510264,1.84513806708833
148.77,0.132428996253882,1.84747782959239
148.771,0.132067369801719,1.84952699017051
148.772,0.131614792366458,1.85151102114519
148.773,0.131171846066484,1.8535503078247
148.774,0.130764452290331,1.85560824180159
148.775,0.130254127169271,1.85772567545827
148.776,0.129540075123287,1.85987391184684
148.777,0.129028742399895,1.86206382415001
148.778,0.128592092904557,1.86427484372687
148.779,0.128107381312499,1.86638237386153
148.78,0.127627773341312,1.86845824678571
148.781,0.127162657726417,1.87042788870505
148.782,0.126769433809111,1.87236676684364
148.783,0.126744805257045,1.87446804088748
148.784,0.126252917804749,1.87664888352053
148.785,0.125814240817446,1.87858261082667
148.786,0.125156171465117,1.88049245362596
148.787,0.12471823043261,1.8823287984619
148.788,0.124203663071661,1.88415212670994
148.789,0.123709649146213,1.88627086196218
148.79,0.123260067136279,1.88864736272627
148.791,0.122684785283043,1.8904066058693
148.792,0.122237098134481,1.89201314564374
148.793,0.121713998132768,1.89389125575877
148.794,0.121223783978284,1.89584295423454
148.795,0.120763538740824,1.89777029670925
148.796,0.120008994906619,1.89969123146409
148.797,0.119498738697145,1.90159268627961
148.798,0.119051340964992,1.90348838238177
148.799,0.118549322877308,1.9055488026261
148.8,0.118522580984763,1.90766036795109
148.801,0.118063439809176,1.90903543921158
148.802,0.117552825461958,1.91041051047203
148.803,0.117067624646228,1.91245808722624
148.804,0.116568753466801,1.91541949977592
148.805,0.116004426664103,1.91691774432731
148.806,0.115273812160047,1.91833008945478
148.807,0.114758578284483,1.92008808504924
148.808,0.114269129525203,1.92193032997771
148.809,0.11374746081459,1.9236501682768
148.81,0.113237942995744,1.92533915337724
148.811,0.112738635248261,1.92706050649119
148.812,0.112243802736653,1.92879805505138
148.813,0.111439190494726,1.93048383792259
148.814,0.110991769640962,1.93213687570394
148.815,0.110490219635076,1.93389468087989
148.816,0.110459475217407,1.93576074698357
148.817,0.109994621734925,1.93746031751275
148.818,0.109476115549443,1.93907503712307
148.819,0.108990274784112,1.94068040462567
148.82,0.108498886237318,1.9422805312549
148.821,0.108007329611339,1.94386113947774
148.822,0.107554270817699,1.94542903006751
148.823,0.106761474102462,1.94714587621073
148.824,0.106208227086353,1.94901266990301
148.825,0.105674502353572,1.95051411428354
148.826,0.105179761612793,1.95188270065422
148.827,0.10464325163093,1.9535316693109
148.828,0.104131197492366,1.95583551976737
148.829,0.103628543536807,1.95725855331898
148.83,0.103123050072628,1.95853332371917
148.831,0.102671906961406,1.9600537126336
148.832,0.102158347915043,1.96164726972327
148.833,0.10214305089513,1.96314291117056
148.834,0.101395172501269,1.96460369840314
148.835,0.100850047245374,1.96613132332062
148.836,0.100361653883153,1.96769484195888
148.837,0.0998433423171187,1.96913583981344
148.838,0.0993708724272729,1.97054850060416
148.839,0.0988377862355256,1.97201550715198
148.84,0.0983283493979467,1.97350736814811
148.841,0.0975960721834676,1.97517957458879
148.842,0.0970168891278875,1.97694977154531
148.843,0.0964605245243081,1.97797595018856
148.844,0.0959905112785452,1.97895776297459
148.845,0.0954732196157186,1.98051521828137
148.846,0.0949152031361925,1.98241336111937
148.847,0.0943715275657403,1.98365998955963
148.848,0.0938604495417829,1.98477502340157
148.849,0.093832066467517,1.98606030423217
148.85,0.093832066467517,1.9873959951948
148.851,0.0928522215035029,1.98883823127257
148.852,0.0920053092796641,1.99033101506544
148.853,0.0914531199973324,1.99179444729587
148.854,0.0909541682352286,1.99323797378282
148.855,0.0904252487633924,1.99449839051803
148.856,0.0898875070223311,1.99571387775108
148.857,0.0893625124742808,1.99706015259604
148.858,0.0888587541295178,1.9984544105634
148.859,0.0883659640558595,1.9996562847976
148.86,0.0878574736904615,2.00084247480097
148.861,0.0873213947215331,2.00217285531232
148.862,0.0865501541443431,2.00351625180385
148.863,0.0859840565471163,2.00468854894051
148.864,0.0855033983838229,2.00586084607717
148.865,0.0854668868530272,2.00701604222908
148.866,0.0845072766506834,2.00817091287744
148.867,0.0839158836829726,2.00920859662277
148.868,0.083900937463331,2.01023407179998
148.869,0.0834272998477202,2.01155807411923
148.87,0.0829500993486608,2.01308819450741
148.871,0.0824170474495073,2.01419418648843
148.872,0.0816037685850933,2.01523136424701
148.873,0.0810259725366445,2.01635131245374
148.874,0.080465080714427,2.01750312676595
148.875,0.0799654005687045,2.01861796505127
148.876,0.0794028266940544,2.01972323413614
148.877,0.0788765543276241,2.02069184403315
148.878,0.0783026789109401,2.02162175095214
148.879,0.0777768543606516,2.02287618886512
148.88,0.0772381937686722,2.02447294419521
148.881,0.0763828264738601,2.02537830846953
148.882,0.0758520909048682,2.02620582251122
148.883,0.0753127482617879,2.02732355004291
148.884,0.0748007215800984,2.02846538948295
148.885,0.0741629653328891,2.02931484524607
148.886,0.0741202989390845,2.03016430100921
148.887,0.073781208631862,2.03123909105432
148.888,0.0732496845907805,2.03238653716197
148.889,0.0727102231553173,2.03338802133524
148.89,0.0718835979191975,2.03433799706457
148.891,0.0712519614518018,2.03526054773283
148.892,0.0707164623668076,2.03617294288254
148.893,0.0701343125595529,2.03709902824276
148.894,0.0695635712996111,2.0380324146162
148.895,0.0690499641860959,2.03901110545705
148.896,0.0685125222516437,2.04001376458554
148.897,0.0676217753314835,2.04090417685538
148.898,0.0670525583853182,2.04177250235756
148.899,0.0665238724083917,2.04263879812214
148.9,0.0658944311917715,2.04350456190954
148.901,0.0657993160586922,2.04442795387252
148.902,0.0657959169083077,2.0453654931072
148.903,0.0647319662652057,2.04619374068991
148.904,0.0641053095546279,2.04702198827265
148.905,0.0635169767657805,2.04779930255088
148.906,0.0626966420606665,2.04857617360701
148.907,0.0620724610387791,2.04923547739663
148.908,0.0614709746396823,2.04988599763964
148.909,0.0609535126221371,2.05070269819717
148.91,0.0603514346181623,2.05167541099743
148.911,0.059752502617062,2.05256182150195
148.912,0.0591467048896582,2.05340071339345
148.913,0.0584396483928434,2.05412468375316
148.914,0.0577684963392279,2.05482951671839
148.915,0.0571616371128257,2.05553048121185
148.916,0.0566037694782087,2.05623054358512
148.917,0.0565648609560688,2.05697335489845
148.918,0.0559609259364711,2.05772943571799
148.919,0.0550139445497375,2.05837519969573
148.92,0.0544296881566321,2.05901664739614
148.921,0.0538177002490056,2.05958273467976
148.922,0.0531471715683246,2.06014113303011
148.923,0.0525069376728158,2.06096150234724
148.924,0.0518629425347742,2.06193435163473
148.925,0.0512273436185284,2.06238765996743
148.926,0.0506541432179212,2.06284096830013
148.927,0.0500481974063481,2.06341205263505
148.928,0.0491028439528435,2.06401524480723
148.929,0.0484502986711658,2.06453389207153
148.93,0.0478106786938273,2.06502898604966
148.931,0.047160453680183,2.06568519721193
148.932,0.046503197006558,2.06659717240212
148.933,0.0458388840862631,2.06710867986725
148.934,0.0452111393737881,2.06757229387217
148.935,0.0451792882450482,2.06799958515755
148.936,0.044637444919681,2.06842687644294
148.937,0.0436447917754229,2.06893358624888
148.938,0.04298021906955,2.06947959580355
148.939,0.0423255970869847,2.07003520121364
148.94,0.0416786282885235,2.0705985332116
148.941,0.0410112042034905,2.07107733923079
148.942,0.0403594800934138,2.0715345907794
148.943,0.0396638168519269,2.07196362251135
148.944,0.0390139493825304,2.07238425961536
148.945,0.0383242904288005,2.07279596162114
148.946,0.0378064848199485,2.07320363232805
148.947,0.0371227416478198,2.0736386084996
148.948,0.0362059446378287,2.07409279936483
148.949,0.0361652761233496,2.07448530232485
148.95,0.0355175607644996,2.07485977106824
148.951,0.0348302983130789,2.07518535761788
148.952,0.034186317094849,2.07549242998669
148.953,0.0335178766595899,2.07583840770735
148.954,0.0328573582186251,2.07623742788115
148.955,0.0321486015872515,2.07663862081491
148.956,0.0315738456791078,2.07704283571703
148.957,0.0309616180031821,2.07731966100592
148.958,0.0303194045216212,2.07757182078218
148.959,0.0292014055156929,2.07785442929553
148.96,0.0285026447021112,2.07814423384836
148.961,0.0277905045709396,2.07839233447777
148.962,0.0271581165771574,2.07862641717366
148.963,0.0264817313295463,2.07893067173268
148.964,0.0257903452964562,2.0793292029813
148.965,0.0251063038926315,2.07952892528627
148.966,0.0245493321303993,2.07970763422759
148.967,0.0238920866895378,2.07991245514082
148.968,0.0229407006115049,2.08012370198749
148.969,0.0222877541598223,2.08032043629663
148.97,0.0216095752617381,2.08051249684351
148.971,0.0215711087115283,2.08066420026308
148.972,0.0208422064256838,2.08080549274781
148.973,0.0201536283405751,2.08096706508346
148.974,0.0194851177808588,2.08115636538163
148.975,0.0188230466047649,2.08133729577456
148.976,0.0182052501029254,2.08150920312434
148.977,0.0175573130455898,2.08159277715613
148.978,0.016604891971164,2.08167389889879
148.979,0.0158978027763369,2.0817674083509
148.98,0.0152266811448575,2.08186652342068
148.981,0.0145899955959805,2.08194742917732
148.982,0.0138438991669577,2.08202271583607
148.983,0.0138079634321019,2.08207691152319
148.984,0.0131671780898311,2.0821244134412
148.985,0.0122263412604249,2.08217080080972
148.986,0.011590887128846,2.08221557603015
148.987,0.0108741298812496,2.08224105991718
148.988,0.0102234194587182,2.08225441292069
148.989,0.00956854074228708,2.08225724122117
148.99,0.0088913287802751,2.08225121298187
148.991,0.00820266275449399,2.08223180326113
148.992,0.00755900043164781,2.08221053409386
148.993,0.00693841327177303,2.08217070753073
148.994,0.00631709849176043,2.08213074258659
148.995,0.00539277337713329,2.08207957453445
148.996,0.00468764043195846,2.08202840648231
148.997,0.00404467380964679,2.08194798493148
148.998,0.00338268672114772,2.08185276151501
148.999,0.00270628464977263,2.08175461144645
149,0.00197250045326103,2.08165495603868
149.001,0.0012986099522373,2.08153301236712
149.002,0.000712436835810792,2.08139590809336
149.003,5.43616990745788e-05,2.08126218671554
149.004,3.195235159692e-05,2.08112895928198
149.005,-0.000611559810504425,2.08097884098198
149.006,-0.00122059445590217,2.08082600246567
149.007,-0.00219772965537779,2.08065234575312
149.008,-0.0028325974579656,2.08047350529652
149.009,-0.00349009744680584,2.08028530351241
149.01,-0.00409530816488612,2.08009472744565
149.011,-0.0047453399578713,2.07988305329872
149.012,-0.00536039151322965,2.07966199797698
149.013,-0.00599565630335464,2.07940897832756
149.014,-0.00660635875681803,2.07914086426019
149.015,-0.00751767538699588,2.0788819348008
149.016,-0.00818324751802546,2.0786239382465
149.017,-0.00880715554701961,2.07836056796163
149.018,-0.00948438283649555,2.07809662154987
149.019,-0.01008796214005,2.07784582222347
149.02,-0.0100977202605953,2.07759719848605
149.021,-0.0106649567884879,2.07721829317706
149.022,-0.011376318380543,2.0767397270055
149.023,-0.0119566270349601,2.07647732396984
149.024,-0.0125860659108917,2.0762146499589
149.025,-0.0135198474369311,2.07593535806402
149.026,-0.0141160124036465,2.07565606616913
149.027,-0.0147640656651883,2.075244193341
149.028,-0.0153209264770305,2.07466123046028
149.029,-0.015976691023463,2.07435162004212
149.03,-0.0165558295855585,2.07407704340944
149.031,-0.017134924331809,2.07359047390742
149.032,-0.0177215672500936,2.0729509380229
149.033,-0.0185969148799888,2.07262750742989
149.034,-0.0192765303679328,2.07230407683689
149.035,-0.0193106428574022,2.07183448453108
149.036,-0.0198647258504069,2.07131604221387
149.037,-0.0204332099864583,2.07091546207997
149.038,-0.0210171232632533,2.07051702948951
149.039,-0.0216193244809894,2.06995414691679
149.04,-0.0222444761074841,2.06931678546451
149.041,-0.0228551090132383,2.0689189658699
149.042,-0.0236856636328443,2.06855035419609
149.043,-0.0243030518936808,2.06797718173521
149.044,-0.0249459322011232,2.06728097688051
149.045,-0.0255437911703041,2.06677737365047
149.046,-0.0261082995607871,2.06632606365213
149.047,-0.0267403021100193,2.06576230608143
149.048,-0.0273108099570841,2.0651698833775
149.049,-0.027960779028541,2.06453774392195
149.05,-0.0288027703167885,2.06389616534831
149.051,-0.0288581759161649,2.06335970831837
149.052,-0.0293958070008792,2.06282937265284
149.053,-0.030004229070285,2.06208959831836
149.054,-0.030592347404896,2.06124842944914
149.055,-0.031199559173842,2.06080478923389
149.056,-0.0317978702405007,2.06038672985315
149.057,-0.0323977152034538,2.05974174661473
149.058,-0.0329616550714963,2.05888795247075
149.059,-0.0338507387525564,2.05806072714951
149.06,-0.0344452022300542,2.05725001011278
149.061,-0.0350688678049679,2.05660856853138
149.062,-0.0356362205764792,2.05599200652275
149.063,-0.0362786988865113,2.05529841438618
149.064,-0.0368500621048186,2.05460482224962
149.065,-0.0374992390479482,2.053956028556
149.066,-0.0380611196917792,2.05331109254732
149.067,-0.0386777781137609,2.05235084554143
149.068,-0.0394944046642129,2.05122310741549
149.069,-0.0395567318311358,2.05067089314027
149.07,-0.0401053016533702,2.05011867886507
149.071,-0.0406762495756843,2.04928979160755
149.072,-0.0412518172234745,2.04836618370157
149.073,-0.0418262181583937,2.04754335974144
149.074,-0.042446293735463,2.04675523019936
149.075,-0.0430443671763431,2.04595405613426
149.076,-0.0436443579886571,2.04514569859198
149.077,-0.0444549826405606,2.04429554118028
149.078,-0.0448325582664696,2.04341331460266
149.079,-0.0456827491891582,2.0425384607274
149.08,-0.0462929829777813,2.04166917270542
149.081,-0.0468824702042262,2.04073283760083
149.082,-0.047565636917423,2.03973230123723
149.083,-0.0481402398286189,2.03879548638288
149.084,-0.048690413300157,2.03789039474713
149.085,-0.049254329973062,2.0369150378562
149.086,-0.0492718604595691,2.0358943195664
149.087,-0.049826741813206,2.03495589525978
149.088,-0.0506624650228883,2.03403704247971
149.089,-0.0512597648834036,2.03308864971808
149.09,-0.0519416957253837,2.03213148601735
149.091,-0.052579747171409,2.03116198413188
149.092,-0.053198903394202,2.03018745849515
149.093,-0.0538326848180355,2.02916956307202
149.094,-0.054377250955297,2.02812491908661
149.095,-0.0550048179752494,2.02705182896175
149.096,-0.0555443933166629,2.02596305884779
149.097,-0.0561483336038621,2.02474869337484
149.098,-0.0570159232033319,2.02347742289483
149.099,-0.0576303553074247,2.0225867252255
149.1,-0.0582392502770804,2.02170241254283
149.101,-0.0582713035680312,2.02075372011891
149.102,-0.0588326091310932,2.01980218112177
149.103,-0.0595533864309857,2.01864846402856
149.104,-0.0601281654408899,2.01739312653198
149.105,-0.0607522829109709,2.01624978435215
149.106,-0.0612885437556318,2.01517758800807
149.107,-0.0618791839309377,2.01384955200259
149.108,-0.0624537359007902,2.01223113319938
149.109,-0.0632799005835522,2.01126872662041
149.11,-0.0638952384603347,2.01031959112384
149.111,-0.0644688017501304,2.00926953247846
149.112,-0.0650208129727458,2.00821681761237
149.113,-0.0656435399084417,2.00675869671679
149.114,-0.0662406507983705,2.00509108865406
149.115,-0.0668012976091644,2.00408323724077
149.116,-0.0673657817752016,2.00313909294073
149.117,-0.0681600248708746,2.0019237873155
149.118,-0.0687179242962533,2.00061377261113
149.119,-0.0687503074679462,1.99921063995605
149.12,-0.069889989173369,1.99779774757988
149.121,-0.0699641971141243,1.9967426078199
149.122,-0.0704779091260118,1.99568746805993
149.123,-0.0710833437018518,1.99418299729327
149.124,-0.071709710689025,1.99242131314881
149.125,-0.0722986192926552,1.99115448995994
149.126,-0.072888554594792,1.98995881180403
149.127,-0.0734499555742508,1.98885275119524
149.128,-0.0742456301552151,1.98774669058645
149.129,-0.0746074141245284,1.9863618139388
149.13,-0.0753431552504479,1.98484138418632
149.131,-0.0759044021249818,1.98313339490312
149.132,-0.0764794048823586,1.98129584626565
149.133,-0.0769901476367133,1.98033895449311
149.134,-0.0774801907555307,1.97938206272057
149.135,-0.0775261721180053,1.97780760916343
149.136,-0.0785394174034603,1.97594027610938
149.137,-0.0786119160354634,1.97455209090231
149.138,-0.0791223836036735,1.97319630577294
149.139,-0.0796987399240913,1.97178256241495
149.14,-0.0805021504186406,1.97036146892684
149.141,-0.0810485383543386,1.96890756244152
149.142,-0.081627454487999,1.96744828003018
149.143,-0.0821475591581616,1.96610588986098
149.144,-0.0826347704627536,1.96478792047905
149.145,-0.0831194956217948,1.96295294207666
149.146,-0.0835524944569651,1.960663025027
149.147,-0.0841005594400054,1.95954135360098
149.148,-0.0845722328767883,1.958494868483
149.149,-0.0850973434696206,1.95684853432273
149.15,-0.0856069795636439,1.95482962500687
149.151,-0.0863496602413233,1.95318163163829
149.152,-0.0868945203584569,1.95164723828469
149.153,-0.087409144756141,1.95012113356555
149.154,-0.087886058646038,1.94859558512898
149.155,-0.0879250738592788,1.9471896337274
149.156,-0.088361873863893,1.94579437378111
149.157,-0.088860811313083,1.94373612246245
149.158,-0.0893389284528318,1.94136595217153
149.159,-0.0898034916379399,1.93965363965561
149.16,-0.0902586948252412,1.93817570167201
149.161,-0.090938143685613,1.93692738400115
149.162,-0.0913884552510404,1.93549931214076
149.163,-0.0919045210821529,1.93374473646847
149.164,-0.0923376606000693,1.93193561762949
149.165,-0.0928081352080486,1.93004716840547
149.166,-0.0932231347530926,1.92825892333765
149.167,-0.0936134256067357,1.92654149867117
149.168,-0.0940086267057331,1.92482580895681
149.169,-0.0946485663197251,1.92311139492328
149.17,-0.0950642518550973,1.92154102127677
149.171,-0.0954964443023175,1.92007587660698
149.172,-0.0955053375082865,1.91840032888726
149.173,-0.0959195606695705,1.91603677728001
149.174,-0.0963796420242585,1.91391109308903
149.175,-0.0968129890231327,1.9120537519848
149.176,-0.0972352398165418,1.91028254606416
149.177,-0.0976204377618152,1.9085815002314
149.178,-0.0980130431866419,1.90682319583412
149.179,-0.0984040419104152,1.90500165510387
149.18,-0.0987728683011052,1.90306944938516
149.181,-0.0992954254408832,1.90101763728597
149.182,-0.0997007397651865,1.89923050116929
149.183,-0.100032435898367,1.89757999055433
149.184,-0.100427339244623,1.89569672178993
149.185,-0.100821040516011,1.89345878877296
149.186,-0.101135076967788,1.89147862049641
149.187,-0.10150784179932,1.88963091542089
149.188,-0.102037322685686,1.88768193272244
149.189,-0.102065654956926,1.88566686606306
149.19,-0.102384332611663,1.88395848383341
149.191,-0.102765309540184,1.88235973680094
149.192,-0.103094269169961,1.8805455765704
149.193,-0.103442449256151,1.87821427571919
149.194,-0.103801943395656,1.87601728738191
149.195,-0.104144571811201,1.87410956373395
149.196,-0.104444130024227,1.87202908463861
149.197,-0.104779434625848,1.86925523294641
149.198,-0.105133838379946,1.86727331574326
149.199,-0.105436697277809,1.86563966146859
149.2,-0.105865655385568,1.86374302434872
149.201,-0.106192996764796,1.86168197159321
149.202,-0.10652226704829,1.85981196856825
149.203,-0.106842409014696,1.85806847074209
149.204,-0.107108014482485,1.85607936209056
149.205,-0.10712425868769,1.85336402377588
149.206,-0.107394287716592,1.85101390423008
149.207,-0.107726179231622,1.84906770634716
149.208,-0.107988947478947,1.84701099224361
149.209,-0.108380020720262,1.84477656565607
149.21,-0.108704162500678,1.84258383661015
149.211,-0.108973460562629,1.84046751337317
149.212,-0.109269993161468,1.83833466826784
149.213,-0.10953775214187,1.83616435161719
149.214,-0.109834007305383,1.83390620466281
149.215,-0.110086292279499,1.83141104779767
149.216,-0.110377238169589,1.8291386802009
149.217,-0.110623027737529,1.82710826827548
149.218,-0.110941554900421,1.82493769560522
149.219,-0.111217483112701,1.82241338247653
149.22,-0.111447233686437,1.82006958200109
149.221,-0.11146682329922,1.81789195685139
149.222,-0.11191717358712,1.81569337170885
149.223,-0.112151579619662,1.81347559444058
149.224,-0.112382319628203,1.81121809947382
149.225,-0.112394076719641,1.80892470675263
149.226,-0.112599249331784,1.80660051232837
149.227,-0.112812524975002,1.80424707802787
149.228,-0.113019004561361,1.80199139879647
149.229,-0.113288382539518,1.79984304228139
149.23,-0.113483277419555,1.79754918445856
149.231,-0.113701520077936,1.79489180589247
149.232,-0.113892733196788,1.79232050575739
149.233,-0.114092708705051,1.78982660218798
149.234,-0.114296586908138,1.78743080253759
149.235,-0.114482731115319,1.78511243386033
149.236,-0.114647643082313,1.78294767782703
149.237,-0.114839821080223,1.78094196231131
149.238,-0.115035768042134,1.77875255089515
149.239,-0.115278233524819,1.77503979420088
149.24,-0.115284864318446,1.77230229400985
149.241,-0.115484242374082,1.77029466047418
149.242,-0.115663182482904,1.76802130802955
149.243,-0.115799067426704,1.76554882599617
149.244,-0.11597085197451,1.76310300668863
149.245,-0.116110015159134,1.76067859994176
149.246,-0.116285582434513,1.75820180764603
149.247,-0.116444077476955,1.75566551439987
149.248,-0.11665295604713,1.75309355614124
149.249,-0.116760071657788,1.75047948888708
149.25,-0.116931079975391,1.74787343479702
149.251,-0.117109054829975,1.74527535690834
149.252,-0.117261926500788,1.74259196596082
149.253,-0.117385419046585,1.73981457985931
149.254,-0.117391761264087,1.7372524500403
149.255,-0.11767827240092,1.73479679622397
149.256,-0.117684069591754,1.73226382779577
149.257,-0.117804143406523,1.72968467713205
149.258,-0.117932281776471,1.72708953890148
149.259,-0.11808095665782,1.72448405464015
149.26,-0.118194434149487,1.72188461536582
149.261,-0.118308905511061,1.7192896427514
149.262,-0.118403791753823,1.71665450898096
149.263,-0.118522776506434,1.71397857692635
149.264,-0.118599439185648,1.71129588647231
149.265,-0.118696265423922,1.70860572593414
149.266,-0.1187787651825,1.70578474027864
149.267,-0.118857838366024,1.70279005047895
149.268,-0.118919598512446,1.70003077082246
149.269,-0.118999205384206,1.69742382599123
149.27,-0.119086145605103,1.69488019869488
149.271,-0.119118540957636,1.69239034540797
149.272,-0.119207889758492,1.68967215440314
149.273,-0.119269737260265,1.68663462319772
149.274,-0.119327017912853,1.68369919741634
149.275,-0.119330817264538,1.68098925934092
149.276,-0.119384019620859,1.67811562775174
149.277,-0.119477197350777,1.67481882070282
149.278,-0.119537502923703,1.67196279648694
149.279,-0.119571275574234,1.66950844425232
149.28,-0.11964074948467,1.66692327732593
149.281,-0.11972051048264,1.66419084946238
149.282,-0.119777258497157,1.66126898055332
149.283,-0.119835491351021,1.65802350370058
149.284,-0.119869782743984,1.65499072193818
149.285,-0.119929644967029,1.65209313548194
149.286,-0.119961314218653,1.64921329874568
149.287,-0.119992201267924,1.64634405233837
149.288,-0.120048153549545,1.64371230003173
149.289,-0.120082585272958,1.64125204610595
149.29,-0.120113034170321,1.6385262244082
149.291,-0.120156795953321,1.63516780252944
149.292,-0.12020062710663,1.63194255953436
149.293,-0.120204019306929,1.62906536450244
149.294,-0.120234421015229,1.62604143160504
149.295,-0.120245604803689,1.62256691752053
149.296,-0.120287937208286,1.61949169290288
149.297,-0.120294517274159,1.61678647312997
149.298,-0.120324401080014,1.61387454131327
149.299,-0.120328292920113,1.61054313479938
149.3,-0.120343997657188,1.60742139748056
149.301,-0.120329447705303,1.60449023506988
149.302,-0.120332589994597,1.60138034897318
149.303,-0.120322596650538,1.59808294729064
149.304,-0.120306892668157,1.59493082281239
149.305,-0.120295372238318,1.59184916015663
149.306,-0.120201203756842,1.58875741771859
149.307,-0.120196432245872,1.58566132101547
149.308,-0.120112762395312,1.58262780971378
149.309,-0.120108343537705,1.57962645753077
149.31,-0.120078503520799,1.57676719727909
149.311,-0.120052326570671,1.57399736071079
149.312,-0.120016619420373,1.5707456129621
149.313,-0.119944324398218,1.56647055615188
149.314,-0.119880687070452,1.56312246855653
149.315,-0.119793097195427,1.56054859990542
149.316,-0.119709862718797,1.55765371007814
149.317,-0.119655152488835,1.55439254361373
149.318,-0.119492934198698,1.55114979436269
149.319,-0.119433387600399,1.5479305265612
149.32,-0.119349493284573,1.5446240582378
149.321,-0.119248816091874,1.54118568669203
149.322,-0.119144508449852,1.53791473813573
149.323,-0.119202839333576,1.53479557507441
149.324,-0.119205908198377,1.53157241537532
149.325,-0.118916053332946,1.52823661740944
149.326,-0.118797717713344,1.52491690182032
149.327,-0.118644592669085,1.52161553509277
149.328,-0.11838414600402,1.51825654316625
149.329,-0.118240547997654,1.51480294630975
149.33,-0.118098539125065,1.51115988790827
149.331,-0.117911275425209,1.50722651702508
149.332,-0.117729970072808,1.50414524937588
149.333,-0.117532429092254,1.50164208376564
149.334,-0.117528003402264,1.498656442252
149.335,-0.117173662990981,1.49463690644906
149.336,-0.116929767789835,1.49105897716474
149.337,-0.116570398274536,1.48782824817589
149.338,-0.116393243886671,1.48455838359973
149.339,-0.116177491672698,1.48125403810545
149.34,-0.115936023559557,1.47769782185324
149.341,-0.115913109244895,1.47391095063115
149.342,-0.115689445454272,1.47055661365561
149.343,-0.115435496425533,1.46738597879231
149.344,-0.115171818596722,1.46406799057062
149.345,-0.114745855294644,1.46054650806847
149.346,-0.114502559669905,1.45701228998964
149.347,-0.114151346755335,1.45346009372735
149.348,-0.113861312146294,1.44997029700025
149.349,-0.113581625040863,1.44659738834889
149.35,-0.113252228577221,1.44306940570644
149.351,-0.112916508138948,1.4391750705192
149.352,-0.112614799911121,1.43549555906613
149.353,-0.112260042955563,1.43203378873104
149.354,-0.111941113828949,1.42849828928144
149.355,-0.111580583790866,1.4248792730378
149.356,-0.111212141334494,1.42137974879137
149.357,-0.111187905560069,1.41796910638819
149.358,-0.110700722634917,1.41431764684431
149.359,-0.110273648839769,1.4103952788756
149.36,-0.109863448960638,1.40666284685628
149.361,-0.109472747192259,1.40307221697494
149.362,-0.109082495250121,1.39950441925517
149.363,-0.108616997732861,1.39595606884288
149.364,-0.10817253408805,1.3923796174993
149.365,-0.107690150968478,1.38877267662794
149.366,-0.107021432099224,1.38498964120829
149.367,-0.106831931695302,1.38098437837844
149.368,-0.106167039918988,1.3771226004247
149.369,-0.10576820675104,1.37336501285924
149.37,-0.105278810275044,1.36971922973942
149.371,-0.104832895733423,1.36615838887777
149.372,-0.104320544490384,1.36249627947754
149.373,-0.103735070445874,1.35873779615725
149.374,-0.103706328416613,1.35504545643812
149.375,-0.103319948228604,1.35141531048403
149.376,-0.102793276171167,1.34774712477805
149.377,-0.102248815895213,1.34403235041202
149.378,-0.101514136997817,1.34007207472262
149.379,-0.100933158046082,1.33576171933087
149.38,-0.100396565173195,1.33197941796185
149.381,-0.0997861335191345,1.32850720914989
149.382,-0.0992483066087552,1.32488688010194
149.383,-0.09870857636627,1.32104621687947
149.384,-0.0981976131671508,1.31716329333874
149.385,-0.0976496564328931,1.31319994152696
149.386,-0.0970502653899387,1.3090817585678
149.387,-0.0961158038781915,1.30468985132536
149.388,-0.0954632159276124,1.30065487513828
149.389,-0.094888053441247,1.29688007711861
149.39,-0.0941963231916668,1.29315050618025
149.391,-0.0935863172455952,1.28945193542786
149.392,-0.0930007815058514,1.28563850693225
149.393,-0.0929655127588526,1.28173149253074
149.394,-0.0923435152937405,1.27782774909272
149.395,-0.0917073240474754,1.27392715831206
149.396,-0.0910764381090979,1.26996436763987
149.397,-0.0900655851218058,1.26592656877624
149.398,-0.089336552211929,1.26188858571135
149.399,-0.0885815726357461,1.25785037302923
149.4,-0.0878985550905739,1.25386052115088
149.401,-0.0871510923608475,1.2499368684556
149.402,-0.0864502020014294,1.24570767901086
149.403,-0.0857647353027525,1.24088104802755
149.404,-0.0850923016804405,1.23658986657621
149.405,-0.0840326484793891,1.23268828020665
149.406,-0.083273493746597,1.22885982621701
149.407,-0.0832278857043495,1.22509286774533
149.408,-0.0825114919371078,1.22118964432271
149.409,-0.0817310041355219,1.21711173553647
149.41,-0.0809676791467343,1.21303491343005
149.411,-0.0801543302104147,1.20895951083843
149.412,-0.0794087637425592,1.20465922969171
149.413,-0.0786193886719097,1.20004615567441
149.414,-0.0774800780203532,1.19575358362762
149.415,-0.0767031328683513,1.19166626573314
149.416,-0.0758775462748341,1.18750687422661
149.417,-0.0750597201870886,1.18329378010283
149.418,-0.0742738303731929,1.17944645124225
149.419,-0.0734097766468823,1.17583732846513
149.42,-0.0726002508349745,1.17172413960973
149.421,-0.0717064959090604,1.16641094618741
149.422,-0.0708525676790426,1.16184045001454
149.423,-0.0708017872969383,1.15807992402806
149.424,-0.0699135796530653,1.15418176237691
149.425,-0.0690521760104282,1.14999735246766
149.426,-0.0678776069766462,1.14557243587918
149.427,-0.0670121639221861,1.14066928336112
149.428,-0.0661218693763396,1.13617040858913
149.429,-0.0652225272189294,1.13194198277157
149.43,-0.0643450048275795,1.12775468774531
149.431,-0.0634360071031684,1.12359782355353
149.432,-0.062588642653349,1.11932950163682
149.433,-0.0616539598045681,1.1149528840355
149.434,-0.0607255499139562,1.11058045476658
149.435,-0.0593829657519883,1.1062122629105
149.436,-0.0584889825159435,1.10186659060642
149.437,-0.0575499922352142,1.09754799269356
149.438,-0.0575339846580277,1.0930870095932
149.439,-0.0557968656166014,1.08842776422865
149.44,-0.0557312237009623,1.08404965147651
149.441,-0.0548174438616341,1.07984466830916
149.442,-0.0538941050274909,1.07557430744056
149.443,-0.0529488747342522,1.07125073849713
149.444,-0.0515946238299915,1.06688162194482
149.445,-0.0505752669878697,1.06246668872086
149.446,-0.0495987453284389,1.0577569525018
149.447,-0.0485815086960673,1.05272518636822
149.448,-0.0475957652782831,1.04844227426587
149.449,-0.046582341253273,1.0444773276395
149.45,-0.0456813045322381,1.04048588595524
149.451,-0.0446496531335369,1.03645271221254
149.452,-0.0432458455219507,1.03200284377116
149.453,-0.0422242473811076,1.02529075707668
149.454,-0.0412684486320148,1.02042070788052
149.455,-0.0402390781298619,1.01684417925356
149.456,-0.0391816902472387,1.01305225310595
149.457,-0.0391412247431692,1.00910494807601
149.458,-0.0381014015468834,1.00455401975256
149.459,-0.0370708279855755,0.998703453040338
149.46,-0.0360333483679751,0.993648509612273
149.461,-0.0345253050087433,0.989351636807976
149.462,-0.0334658419503951,0.984938428188715
149.463,-0.0323807053414659,0.980312848838566
149.464,-0.0313832433795483,0.975616197607343
149.465,-0.0302776184295873,0.970769323021451
149.466,-0.0292508715389644,0.966085954614778
149.467,-0.0281023047156033,0.961599140712299
149.468,-0.0270101393241726,0.956859443604833
149.469,-0.0259306195130905,0.951716385556084
149.47,-0.0243290509576478,0.94693503058455
149.471,-0.023243079063784,0.942404226827206
149.472,-0.0221764571051363,0.937630659932034
149.473,-0.0221102219394564,0.932655118137174
149.474,-0.0211008283102271,0.92864103146592
149.475,-0.0199784152274588,0.925018225399882
149.476,-0.0189218452333032,0.92103956212379
149.477,-0.0177830435689325,0.915268253501888
149.478,-0.0166603087852942,0.909541213538548
149.479,-0.0155640162091909,0.904051526078811
149.48,-0.0145083102925901,0.89886996063113
149.481,-0.0128285607883752,0.894218965243038
149.482,-0.0117503399235294,0.890134452501896
149.483,-0.0105863044476117,0.886390144785925
149.484,-0.00946133986467756,0.882299942110035
149.485,-0.00834699390168148,0.875643199609453
149.486,-0.00708943231947223,0.869746881563085
149.487,-0.00593896943515648,0.865083865139498
149.488,-0.00427501373199457,0.860393455797164
149.489,-0.00418945764747358,0.855648916639251
149.49,-0.0030010391680696,0.850901512667722
149.491,-0.00180539234448107,0.846148463425102
149.492,-0.000605157114203614,0.841342216134948
149.493,0.000601402280953622,0.836424200114957
149.494,0.00184842982503042,0.831492030443066
149.495,0.00303127327447872,0.826521160089668
149.496,0.00414679790654116,0.821582962473553
149.497,0.00528830141464998,0.816739123474602
149.498,0.00647371191206447,0.811512597390916
149.499,0.00770733642078036,0.804663358574227
149.5,0.00952938716294705,0.800175242609446
149.501,0.0107895176126104,0.796659314806656
149.502,0.01190742881526,0.791810736271843
149.503,0.0130927646978861,0.784974830008617
149.504,0.0144349556251752,0.780086342776927
149.505,0.0144680681521715,0.776379705291836
149.506,0.0157627609016403,0.771806993169533
149.507,0.0170776542485113,0.766259978672521
149.508,0.0182336164048115,0.760512962118517
149.509,0.0194931908605542,0.754445696579828
149.51,0.0213936972413533,0.749567018920409
149.511,0.022769442143008,0.74549863828162
149.512,0.024020956768012,0.740862399292934
149.513,0.0253560837064415,0.735583552885666
149.514,0.0265880763295987,0.730171615981822
149.515,0.0280032790907868,0.724631949372605
149.516,0.0292101884264503,0.719402449711968
149.517,0.0306007935188999,0.714343388878459
149.518,0.0324842937713038,0.709446618416834
149.519,0.0325563052093524,0.704652370876741
149.52,0.0349029703574119,0.699274318366644
149.521,0.0351379210212276,0.69324964012986
149.522,0.037856112840454,0.68795504335951
149.523,0.0380271131932117,0.682906301421785
149.524,0.0390205908180383,0.678402037775033
149.525,0.0403493780589302,0.674096135002357
149.526,0.0417566493633883,0.669315847120633
149.527,0.043026554849755,0.663679835356758
149.528,0.0442927810841597,0.657892549058519
149.529,0.0462798243916959,0.650725842440671
149.53,0.0476788802918524,0.645056497035072
149.531,0.0489923246490028,0.640487009795086
149.532,0.0504056919397856,0.635523509117175
149.533,0.0516936046131589,0.630266215292873
149.534,0.053059161530573,0.62502139707163
149.535,0.0544934685132715,0.619787050072352
149.536,0.0564511965207023,0.614331447371376
149.537,0.0579076388884178,0.608600290149384
149.538,0.0592695328202634,0.603178783070986
149.539,0.0592927079696383,0.597989105389926
149.54,0.0605947330630711,0.592835205863326
149.541,0.0620781522090721,0.587708050870648
149.542,0.0633574575654036,0.582795550098048
149.543,0.0647032904174677,0.578071627798552
149.544,0.0660374923317433,0.57243371943682
149.545,0.0673721450786691,0.564187544352778
149.546,0.0694206587516154,0.559323645633123
149.547,0.0708838323813133,0.555875026194798
149.548,0.0722371063006132,0.551894200847812
149.549,0.0736619951045708,0.54480166609309
149.55,0.0750598644891419,0.53828414238413
149.551,0.0765522563597949,0.53308884734716
149.552,0.0777804115755779,0.527447592822235
149.553,0.0778889230704921,0.519965098754608
149.554,0.0812335823570759,0.514936715140681
149.555,0.0814217086333097,0.511056526544997
149.556,0.0820906528602777,0.506105988710564
149.557,0.0842242813077675,0.499879060035618
149.558,0.0857221336483184,0.493902607522255
149.559,0.0870596633451098,0.488267340388502
149.56,0.0885780583556348,0.482805612273898
149.561,0.0900315639345751,0.477521426250954
149.562,0.0912895824746699,0.471695921661788
149.563,0.0927287416102722,0.46486283382398
149.564,0.0947951130493681,0.459397875575749
149.565,0.0955461621357857,0.454839694182042
149.566,0.0976425194720648,0.449877481415
149.567,0.0991687028573712,0.444466039297918
149.568,0.100540429891541,0.438629305461833
149.569,0.102048795348811,0.432037843632714
149.57,0.103604348692532,0.426022144975292
149.571,0.105050488218968,0.420385093635666
149.572,0.106340303795291,0.415244241906274
149.573,0.106409518734139,0.410464048523872
149.574,0.107829143897127,0.405186205821379
149.575,0.109364669532151,0.398742162945809
149.576,0.110907608124821,0.392466848082577
149.577,0.112973753530171,0.386716554644627
149.578,0.11441020068356,0.380790110784522
149.579,0.11601507581147,0.374240835155097
149.58,0.117388018676984,0.368088386858995
149.581,0.118960425772902,0.362507176785386
149.582,0.120317942208948,0.356851949445484
149.583,0.121623834592402,0.35106635120025
149.584,0.123070147726244,0.345237261620439
149.585,0.124568532978796,0.339329198474339
149.586,0.125916272606523,0.333542872795076
149.587,0.127260018543811,0.327936381130409
149.588,0.129334622362139,0.322033711537831
149.589,0.130815450290584,0.315481637855158
149.59,0.132062266833151,0.309587310807586
149.591,0.132137097574547,0.304188885819627
149.592,0.133457955894377,0.298545561268839
149.593,0.134706579568837,0.292635072670887
149.594,0.135983193342312,0.286620673030569
149.595,0.137365388407679,0.280473263261514
149.596,0.138688061717702,0.274380541929794
149.597,0.140040189216125,0.268330114015625
149.598,0.141969125842105,0.262417636361635
149.599,0.14349087668208,0.256594309140331
149.6,0.144730899338671,0.250753102317051
149.601,0.146200624221217,0.244899183398838
149.602,0.147514968500636,0.23894045048649
149.603,0.148839683807465,0.232904040785824
149.604,0.150046143660602,0.226841330722828
149.605,0.15142811293818,0.220758564082846
149.606,0.152897493554739,0.220614177591294
149.607,0.154652866124812,0.225160941722064
149.608,0.154746358242064,0.230143585773418
149.609,0.156004462287961,0.236784925829915
149.61,0.157273218721444,0.243417614408469
149.611,0.158400600925087,0.249997392764629
149.612,0.159556411287834,0.255767034919094
149.613,0.161026076246162,0.260343357292973
149.614,0.162212743083652,0.265511531947112
149.615,0.163409910825696,0.271693909217092
149.616,0.164543032090039,0.277614305268919
149.617,0.166220940884155,0.28323555856812
149.618,0.166783377347282,0.288856032411714
149.619,0.168351015193488,0.294475632785887
149.62,0.169339479499091,0.299946415505951
149.621,0.170197246255139,0.3052342629612
149.622,0.171013322337619,0.310815719754751
149.623,0.171868240312829,0.316927255729854
149.624,0.172688805563891,0.322444280362909
149.625,0.172744135005602,0.327544104832686
149.626,0.173480687560191,0.332890890018161
149.627,0.174275296255475,0.338506487158654
149.628,0.175051550104549,0.344363915052372
149.629,0.176212359421528,0.350410966749713
149.63,0.176943246335273,0.355853725659503
149.631,0.177510917244362,0.361113031622181
149.632,0.178151559616185,0.366422089803141
149.633,0.178742696060194,0.371749299194555
149.634,0.179348834275906,0.376690092386298
149.635,0.179918993397084,0.38145971862867
149.636,0.180445472698548,0.386853748099375
149.637,0.181381642544784,0.393093577153737
149.638,0.181903350280713,0.399137888067489
149.639,0.182230271948901,0.404879184326226
149.64,0.18266833093002,0.409866181558688
149.641,0.183102481792483,0.41431327377934
149.642,0.183132369350461,0.41938869111502
149.643,0.183455583871765,0.426020708273934
149.644,0.18387190426766,0.431615174479926
149.645,0.184237371411745,0.435974443227531
149.646,0.184559871802504,0.440850479496738
149.647,0.185387899659449,0.446537548616429
149.648,0.186007692460348,0.452006590252063
149.649,0.186763553236351,0.457189259159898
149.65,0.187398905990042,0.462328777741117
149.651,0.18830466478787,0.467405952601665
149.652,0.189111772374076,0.472616901450618
149.653,0.190072510499787,0.478094222918821
149.654,0.190889194790493,0.483628296687426
149.655,0.191738547473049,0.489266256453614
149.656,0.192521285356459,0.494739838935627
149.657,0.192566493801816,0.50007020482376
149.658,0.193607379321244,0.505175468839564
149.659,0.19440758715363,0.510149288551566
149.66,0.19511877186287,0.515234642575042
149.661,0.195920078336388,0.520396666857504
149.662,0.196643471708312,0.525459507441725
149.663,0.197398184114351,0.530436413489681
149.664,0.198195348803102,0.535363230488873
149.665,0.198965517455503,0.540235241977333
149.666,0.199672271909861,0.545198458174168
149.667,0.200369445600957,0.550337333896945
149.668,0.20140643221003,0.555488147907361
149.669,0.202017813446014,0.560663491351858
149.67,0.202616156133808,0.565960087903166
149.671,0.203203404966286,0.571563637927459
149.672,0.203756641103141,0.576816282615958
149.673,0.204269532741999,0.58167245406794
149.674,0.204303968284877,0.586507239483771
149.675,0.204775477437886,0.591318151478663
149.676,0.205276650887381,0.596136456019122
149.677,0.205830787814625,0.600964024751353
149.678,0.206499761446568,0.605966963879033
149.679,0.206967772195268,0.611263305236009
149.68,0.207448607259985,0.616514510056736
149.681,0.207929761748189,0.621716085202965
149.682,0.208416067208472,0.62672790259348
149.683,0.208889433113271,0.631558138535399
149.684,0.209372251330103,0.636440768315368
149.685,0.20979519240525,0.641384518177273
149.686,0.210295392671954,0.646447190790147
149.687,0.210851457610781,0.65166447294416
149.688,0.211269481716265,0.656602772585816
149.689,0.211706947235388,0.661328844494723
149.69,0.212130118611268,0.665646032960352
149.691,0.212516875202852,0.669672614926554
149.692,0.212865242902026,0.674358000772724
149.693,0.213262240157086,0.680770028252709
149.694,0.213287026212731,0.685711780857486
149.695,0.213609277920562,0.68917457324811
149.696,0.213958670264874,0.693313312453222
149.697,0.214422079963545,0.699924202553229
149.698,0.21473081594424,0.705012132480746
149.699,0.215025000419965,0.708362618320607
149.7,0.215253573250891,0.712251583012359
149.701,0.215502206642918,0.719457555369833
149.702,0.21571703663697,0.724848592309483
149.703,0.21595055997097,0.728755455500667
149.704,0.216168635197999,0.733377948148444
149.705,0.216353464907758,0.738647911104695
149.706,0.21651726870901,0.743400602276032
149.707,0.216529233096249,0.747935264795194
149.708,0.216697481188754,0.75208829243376
149.709,0.216847742407248,0.756096970504027
149.71,0.216997135601165,0.760619325191426
149.711,0.217143704837576,0.765776563847839
149.712,0.217246281433124,0.770745829866515
149.713,0.217313153416471,0.775362113109246
149.714,0.217387250247819,0.780521082542372
149.715,0.217453737356725,0.786862986880143
149.716,0.217563664564888,0.790931824211145
149.717,0.217634559971435,0.794378220826687
149.718,0.217693811210857,0.798249348358961
149.719,0.217794970470559,0.802415153255752
149.72,0.217868115417852,0.806962947531499
149.721,0.217909693557562,0.812430406188305
149.722,0.217958903539182,0.817285720196222
149.723,0.218012347249953,0.821707553401228
149.724,0.218015583128883,0.826341838192838
149.725,0.218015583128883,0.831166678114897
149.726,0.21811654359083,0.835179029614669
149.727,0.218149530082897,0.838892998527148
149.728,0.218143266346733,0.843132632803843
149.729,0.218142720239899,0.848293024981213
149.73,0.218127525885265,0.853217907231744
149.731,0.218105671854457,0.857650327069111
149.732,0.218096490276836,0.862071177308035
149.733,0.218095772925432,0.866468898939125
149.734,0.218073465596163,0.871103276534563
149.735,0.21803862622262,0.876258056974096
149.736,0.218015859327617,0.880960991591267
149.737,0.21795174126527,0.88528917353592
149.738,0.217914101164953,0.88952710890192
149.739,0.217865405436447,0.893678192462295
149.74,0.21785551798645,0.898076227309471
149.741,0.217840531567386,0.90276455685525
149.742,0.217840193421167,0.907132760577057
149.743,0.217793352654856,0.911337853785465
149.744,0.217735287840852,0.915200394928209
149.745,0.21769525847225,0.91889312104581
149.746,0.217609192688961,0.923368236970851
149.747,0.217544139133303,0.92919354355383
149.748,0.217494743110365,0.933399578888044
149.749,0.217431149066461,0.936398997777619
149.75,0.217346991380501,0.940386194967454
149.751,0.217269630165067,0.946985129474682
149.752,0.217192859179296,0.951151085568027
149.753,0.217075310497429,0.954372794739217
149.754,0.216918844251373,0.958225918025064
149.755,0.216840797096462,0.962535145817682
149.756,0.216767503311163,0.966926386100943
149.757,0.216662889296846,0.971409183957073
149.758,0.21656693537872,0.975688408065817
149.759,0.216565121765206,0.97983798725197
149.76,0.216465541261999,0.983996429440419
149.761,0.216389968056936,0.988160361349494
149.762,0.216302119288437,0.992327845011682
149.763,0.216144677399333,0.996497760550685
149.764,0.215992814769842,1.00064115500609
149.765,0.215870365315624,1.0047658567596
149.766,0.215745177745605,1.00885880585448
149.767,0.215578824749003,1.01292838020734
149.768,0.215441511066037,1.01698801813416
149.769,0.21527035320039,1.02103814000808
149.77,0.215122204706547,1.02510884981849
149.771,0.214792379295634,1.02920587463219
149.772,0.214720715518462,1.03342418490607
149.773,0.214427542590584,1.03781013546431
149.774,0.214297858251195,1.04188428048772
149.775,0.214093254483748,1.04576631657841
149.776,0.214088691525732,1.04967189150833
149.777,0.21391770882096,1.05359181427772
149.778,0.213733063108253,1.05751452096073
149.779,0.213546912637004,1.06143926177125
149.78,0.213407343777681,1.06537216407878
149.781,0.213226940465685,1.06931242163343
149.782,0.213063890040671,1.07329140139997
149.783,0.212894220110373,1.07731312078304
149.784,0.212661013735817,1.08129685673675
149.785,0.212490069070573,1.08523252256216
149.786,0.212345509220441,1.08918670001987
149.787,0.212161604237359,1.09316866638565
149.788,0.211994515662825,1.09725168401942
149.789,0.211825842013531,1.10150130167643
149.79,0.211668939620198,1.10541928293728
149.791,0.211487701987819,1.10907627637505
149.792,0.21132480418933,1.11308921143312
149.793,0.211315994190063,1.11747991375653
149.794,0.211136781881761,1.12110211264293
149.795,0.210853336593148,1.12446900553575
149.796,0.210682432880496,1.12815280123103
149.797,0.210487750145947,1.13226019470347
149.798,0.210305115088867,1.13625817107548
149.799,0.210144363251609,1.14016486036372
149.8,0.209960817369624,1.14385060227215
149.801,0.209798021658223,1.14737358814911
149.802,0.20948989498317,1.15093354144007
149.803,0.209305191146864,1.15457863441733
149.804,0.209122747161502,1.15834191698317
149.805,0.20896138991634,1.16281264262862
149.806,0.208785495057456,1.16691199093306
149.807,0.208589631673661,1.17051639362237
149.808,0.208432501119474,1.17413991237082
149.809,0.208263793791962,1.1777950406963
149.81,0.208259668301355,1.18145202679612
149.811,0.208062541220228,1.18511317569768
149.812,0.207877360742166,1.18875558939478
149.813,0.207576779837124,1.19236392299331
149.814,0.207405721435089,1.19596835539616
149.815,0.207222605530439,1.1995625765142
149.816,0.207058767574785,1.20332703192597
149.817,0.206854544712206,1.20762191009708
149.818,0.206677227245327,1.21122134074129
149.819,0.206521001865267,1.21408472339015
149.82,0.206260910617668,1.21744717457912
149.821,0.206189332339232,1.22171421393529
149.822,0.206020431168034,1.2255026344879
149.823,0.205769112013496,1.22895425382407
149.824,0.205637194118457,1.23213854588092
149.825,0.205485064648246,1.23513557219244
149.826,0.205316505012556,1.23844157113076
149.827,0.20518326098273,1.24238445638793
149.828,0.20517088446688,1.24654988847201
149.829,0.20517088446688,1.25134700526162
149.83,0.204872752463571,1.25449375041709
149.831,0.204744589002928,1.25705164242684
149.832,0.204594416108914,1.26023183967974
149.833,0.204417050520715,1.26409550026692
149.834,0.204195646218327,1.26722583446593
149.835,0.204055519776551,1.26995849557262
149.836,0.20388990634778,1.27280559524912
149.837,0.203744737374499,1.27827880214058
149.838,0.203571814650615,1.28226290519077
149.839,0.203419536653853,1.2850757994946
149.84,0.203261224674577,1.28815923219641
149.841,0.203013694157008,1.29149327150374
149.842,0.202996357395316,1.29483796598918
149.843,0.202687901426242,1.29819120274936
149.844,0.202671717262222,1.3015263113913
149.845,0.202509751207607,1.30484389416352
149.846,0.20235315861283,1.30829826452346
149.847,0.202175817389962,1.31190140039898
149.848,0.202017749983453,1.31526468614865
149.849,0.201836168701572,1.31848396693665
149.85,0.201665644964067,1.32182812383998
149.851,0.201486677370599,1.3252652420884
149.852,0.201223674584276,1.32849999551732
149.853,0.201120258198806,1.33159095683154
149.854,0.200886896178183,1.33493485976807
149.855,0.200712404133669,1.33860346717595
149.856,0.200530836883538,1.3419445348835
149.857,0.200360831980185,1.34509884582076
149.858,0.200162675713854,1.34828156865226
149.859,0.199991798469906,1.35148593273128
149.86,0.199804984812263,1.35458578608813
149.861,0.19979718857987,1.35760799322984
149.862,0.199617289378076,1.36069607695125
149.863,0.199400257340557,1.36386731281368
149.864,0.199094448902895,1.36702541843199
149.865,0.198882260561587,1.37016368985684
149.866,0.198693605392617,1.37330957551113
149.867,0.198504352295823,1.37646983769856
149.868,0.198287455831118,1.37964345247723
149.869,0.198112395455941,1.38284255641108
149.87,0.19788554684812,1.38615663354129
149.871,0.197667505701117,1.38975411872669
149.872,0.197328382729125,1.39296059258685
149.873,0.197076752619779,1.39580059338101
149.874,0.196870169243893,1.39827239947254
149.875,0.196678191258647,1.40062717625719
149.876,0.19644971676235,1.40334052414801
149.877,0.196255969530252,1.4073713842053
149.878,0.19599079302083,1.4112018337217
149.879,0.19598731457743,1.41475587886511
149.88,0.195769144687146,1.4173400384339
149.881,0.195532439873282,1.41935697259935
149.882,0.195305851431771,1.42170470028133
149.883,0.194893169646049,1.42577065408486
149.884,0.194659317781668,1.42936244637106
149.885,0.194393315667885,1.43215740139341
149.886,0.194162255088265,1.4350319115845
149.887,0.193903494504808,1.43795588214476
149.888,0.193634130373093,1.44081089818561
149.889,0.193346776349463,1.44361410798883
149.89,0.192910635512934,1.44641599396332
149.891,0.19262441106952,1.4492164625294
149.892,0.192325507631082,1.45224717301785
149.893,0.192032944018518,1.45553483773271
149.894,0.192019194383409,1.45798997801022
149.895,0.191771979148183,1.46018122006374
149.896,0.191491072276416,1.46266776558677
149.897,0.191199853723168,1.46637062188122
149.898,0.190903806886236,1.46977493569192
149.899,0.190621043918529,1.47265344404116
149.9,0.190297130651995,1.47546557641232
149.901,0.189762207971276,1.47817872420662
149.902,0.189439428173305,1.48092429399781
149.903,0.189073036205498,1.48373778632311
149.904,0.188715092202775,1.48652597187179
149.905,0.188379074166707,1.48925988476888
149.906,0.188069945105259,1.49199653146272
149.907,0.187719055614488,1.49474015813606
149.908,0.18734053668566,1.49755046402866
149.909,0.186774744344119,1.5004960159398
149.91,0.186358351518936,1.50323509981713
149.911,0.186004136634665,1.50579120483028
149.912,0.185595374666017,1.50844200551614
149.913,0.18520771383458,1.511199394118
149.914,0.185180383567169,1.51383813934739
149.915,0.185180383567169,1.51633263083936
149.916,0.184440268210912,1.51893598124629
149.917,0.18394914656963,1.52190984768816
149.918,0.183615539288535,1.52463183124354
149.919,0.183207443276587,1.52701781172519
149.92,0.182806941711806,1.52955134352395
149.921,0.182071708096559,1.5329048000553
149.922,0.181661651948776,1.5353854049534
149.923,0.181206881537618,1.53726341603184
149.924,0.180832091633233,1.53949220521001
149.925,0.180341362208782,1.54245052637583
149.926,0.17996350087791,1.54526288620665
149.927,0.179480287595181,1.54774973696397
149.928,0.178725664997795,1.55026588522437
149.929,0.17817910797195,1.55286014035658
149.93,0.177699344926874,1.5555240467968
149.931,0.177670923805318,1.55839581044011
149.932,0.177154120153857,1.56090500937259
149.933,0.176649824178202,1.56298528576494
149.934,0.176129444615209,1.56543142233285
149.935,0.175626995594704,1.56828129654463
149.936,0.175105515532531,1.57082489316226
149.937,0.17467777049972,1.57318567549578
149.938,0.173886126065051,1.57557403589533
149.939,0.173269352388677,1.57798906895418
149.94,0.172786894775745,1.58037207650723
149.941,0.172251189329539,1.58271441359517
149.942,0.171717537145902,1.58517326042445
149.943,0.171150473139678,1.5877794097107
149.944,0.170631524116289,1.59016686287208
149.945,0.170072551082236,1.59243614615897
149.946,0.169568048979001,1.59474559153992
149.947,0.169539784256864,1.59708533963024
149.948,0.169539784256864,1.59942692484759
149.949,0.168155745958381,1.60177051761407
149.95,0.167570577068213,1.60412721978542
149.951,0.166967737568085,1.60650021934896
149.952,0.166402681338607,1.60879623232668
149.953,0.165851412015941,1.6109783228103
149.954,0.165243693999576,1.61326322806876
149.955,0.164615055829855,1.61579965770761
149.956,0.164082329844484,1.61824164771007
149.957,0.163420504257218,1.62057998583531
149.958,0.162847530721739,1.622755930687
149.959,0.161913842148019,1.62482052956406
149.96,0.161306027920261,1.62701092399141
149.961,0.160690825128813,1.62934836073499
149.962,0.160082557085759,1.63157138185589
149.963,0.160044648678486,1.63371788809142
149.964,0.159403133542725,1.63589053603984
149.965,0.158677426575059,1.63808159481337
149.966,0.158010011143763,1.64012210319816
149.967,0.157494078664635,1.64205208639539
149.968,0.156536537685487,1.64427773620418
149.969,0.155896505438646,1.64723577580312
149.97,0.155190627151818,1.64947991127469
149.971,0.154488412518061,1.651170713038
149.972,0.15384426292671,1.65321202690369
149.973,0.153150165323784,1.65562544502702
149.974,0.15255595458412,1.65756441922004
149.975,0.151852761671599,1.65932519732337
149.976,0.150879798245195,1.66137176336503
149.977,0.150816070254054,1.66378058109681
149.978,0.150168830965434,1.66601555320832
149.979,0.149457907288075,1.6680251174826
149.98,0.148770559322883,1.66999418736357
149.981,0.148067834549511,1.67191193912942
149.982,0.147409262327485,1.67387512467446
149.983,0.146747593058041,1.67595081979659
149.984,0.146163980204588,1.67794018002237
149.985,0.145470211160573,1.67973820870395
149.986,0.14443300284378,1.68156111883429
149.987,0.143671085712359,1.68413365591941
149.988,0.143011696458783,1.68626299552298
149.989,0.1422556955192,1.68787254504436
149.99,0.1415800058519,1.68971013761616
149.991,0.140832067387115,1.69182577291638
149.992,0.140277804569026,1.69374148659308
149.993,0.140245941526155,1.69553968464961
149.994,0.139586317542017,1.69721880350443
149.995,0.13890458564935,1.69881675331382
149.996,0.137753699901757,1.70065251593354
149.997,0.13705590612054,1.70304160777961
149.998,0.136313268180204,1.70509453968589
149.999,0.135593536371649,1.70673579926161
150,0.134933883638353,1.70847703219692
