time,force,BW50hz,filtered,algorithm,pert,impact
252.500551168,-4.74263559501721,-4.7478338951078,-4.75948955446623,-4.70276961923228,NaN,NaN
252.501551168,-4.77999143233118,-4.75717334442413,-4.76198973241801,-4.70780705675377,NaN,NaN
252.502551168,-4.7221450374136,-4.76711282738127,-4.76463176579934,-4.71316291174859,NaN,NaN
252.503551168,-4.81482950196464,-4.77740274624358,-4.7674157140617,-4.7188361126709,NaN,NaN
252.504551168,-4.80589691346164,-4.78778348987862,-4.77034116093203,-4.724817733917,NaN,NaN
252.505551168,-4.78651266821533,-4.7980762463223,-4.77340724538795,-4.73110454216529,NaN,NaN
252.506551168,-4.78818823741831,-4.80819480906375,-4.7766126134645,-4.73768574769293,NaN,NaN
252.507551168,-4.77852463211093,-4.81800325404076,-4.77995516160335,-4.74455594962511,NaN,NaN
252.508551168,-4.82469263093178,-4.8271714752242,-4.78343174861663,-4.75170148053917,NaN,NaN
252.509551168,-4.86791129439247,-4.83517702902765,-4.78703820927556,-4.75911402916408,NaN,NaN
252.510551168,-4.8421824009397,-4.84145900112988,-4.7907700099669,-4.76677766990766,NaN,NaN
252.511551168,-4.85725535072503,-4.84555817178478,-4.79462278182236,-4.77468313824704,NaN,NaN
252.512551168,-4.85798422144031,-4.8471351607503,-4.79859206402503,-4.78281338004874,NaN,NaN
252.513551168,-4.94021352270303,-4.84600376735549,-4.80267321768227,-4.79115785964344,NaN,NaN
252.514551168,-4.88747408065824,-4.84231421214346,-4.80686237535618,-4.79969963902611,NaN,NaN
252.515551168,-4.81192182302826,-4.83670517476777,-4.81115751884387,-4.80842988771705,NaN,NaN
252.516551168,-4.79915257677914,-4.83014792572009,-4.81555799873162,-4.81733413521964,NaN,NaN
252.517551168,-4.79285638760341,-4.82359575567372,-4.82006256033814,-4.82640375873312,NaN,NaN
252.518551168,-4.77014559619856,-4.81774363149974,-4.82466784006929,-4.8356207441491,NaN,NaN
252.519551168,-4.82628405229562,-4.81296541002929,-4.82936835411401,-4.84497179665717,NaN,NaN
252.520551168,-4.77674020383822,-4.80937134049178,-4.8341571725991,-4.85443476855237,NaN,NaN
252.521551168,-4.756203881356,-4.80686878365247,-4.83902617569356,-4.86399336356436,NaN,NaN
252.522551168,-4.80902480026057,-4.80512039155025,-4.8439657207597,-4.873622198465,NaN,NaN
252.523551168,-4.8766584130372,-4.80357957839611,-4.84896475756896,-4.88330157428664,NaN,NaN
252.524551168,-4.86241980983321,-4.80178853993289,-4.85401203012371,-4.89300437979607,NaN,NaN
252.525551168,-4.79647361678772,-4.79969393506069,-4.85909717459229,-4.902711143599,NaN,NaN
252.526551168,-4.79376500841082,-4.79764720890833,-4.86421059935963,-4.91239610082381,NaN,NaN
252.527551168,-4.80379147543247,-4.79618127049026,-4.86934287609621,-4.92204059409688,NaN,NaN
252.528551168,-4.77599351242218,-4.79585107913277,-4.87448455505445,-4.93161899342612,NaN,NaN
252.529551168,-4.75493209190635,-4.7971519765658,-4.87962621791129,-4.94111262975047,NaN,NaN
252.530551168,-4.80678871352471,-4.8004187752033,-4.88475837401633,-4.95049560344195,NaN,NaN
252.531551168,-4.78412850276148,-4.80578408737633,-4.88987131627903,-4.95974948320463,NaN,NaN
252.532551168,-4.82440260197425,-4.8132383215257,-4.89495529579165,-4.96884843772782,NaN,NaN
252.533551168,-4.83271080357122,-4.82271397912285,-4.90000086393452,-4.97777405969402,NaN,NaN
252.534551168,-4.7711048481853,-4.834120721415,-4.9049986770286,-4.98650136216103,NaN,NaN
252.535551168,-4.7953166326971,-4.84722914088658,-4.90993834345913,-4.99501133088314,NaN,NaN
252.536551168,-4.89107798061237,-4.86149203426237,-4.91480723696003,-5.00327608746584,NaN,NaN
252.537551168,-4.8456222273265,-4.87606917312367,-4.91959078833142,-5.01127319465637,NaN,NaN
252.538551168,-4.95559652258402,-4.8900263335424,-4.92427387546754,-5.01897279479917,NaN,NaN
252.539551168,-4.9459690698111,-4.90254851094604,-4.92884197233359,-5.02635316674915,NaN,NaN
252.540551168,-4.89277527292768,-4.91310675663898,-4.93328189788119,-5.03338683104096,NaN,NaN
252.541551168,-4.94469922395647,-4.92144541267181,-4.93758209006932,-5.04005596511479,NaN,NaN
252.542551168,-4.90016775420162,-4.92742399513569,-4.94173211841516,-5.04633670797691,NaN,NaN
252.543551168,-4.940893332197,-4.93090364508106,-4.94572182667107,-5.05221326425772,NaN,NaN
252.544551168,-4.96206162160988,-4.9317325616814,-4.94954076120282,-5.05766277786981,NaN,NaN
252.545551168,-4.93867275132885,-4.9298245986765,-4.95317832397935,-5.06267010955659,NaN,NaN
252.546551168,-4.9763472703436,-4.9252705319934,-4.95662463247022,-5.06721408739102,NaN,NaN
252.547551168,-4.95021055286055,-4.91842574510296,-4.9598716107559,-5.07128297136636,NaN,NaN
252.548551168,-4.89652022507917,-4.9099513867567,-4.96291357529459,-5.07486098201971,NaN,NaN
252.549551168,-4.84853310537073,-4.90069611887327,-4.96574662032481,-5.07794231241987,NaN,NaN
252.550551168,-4.86734703864714,-4.8914235866937,-4.96836718789443,-5.08051411918578,NaN,NaN
252.551551168,-4.93131968204937,-4.88265669399788,-4.97077123425777,-5.08257167611841,NaN,NaN
252.552551168,-4.86061908193227,-4.87480125107167,-4.97295445279045,-5.08410322620709,NaN,NaN
252.553551168,-4.84051604697537,-4.86830019366434,-4.97491252593248,-5.08510491541278,NaN,NaN
252.554551168,-4.83548800605972,-4.86356264656494,-4.97664076511992,-5.08556612438274,NaN,NaN
252.555551168,-4.8325889347464,-4.86079933266125,-4.97813356651758,-5.08548305499258,NaN,NaN
252.556551168,-4.89717312422867,-4.85998850069847,-4.9793840833742,-5.08484427070578,NaN,NaN
252.557551168,-4.81307909941761,-4.86097718973756,-4.98038427758854,-5.08364510824943,NaN,NaN
252.558551168,-4.88115109905455,-4.86355466733852,-4.98112540403339,-5.08187388812273,NaN,NaN
252.559551168,-4.88873147609855,-4.86746287468801,-4.98159891665875,-5.07952752543549,NaN,NaN
252.560551168,-4.88339570400623,-4.87247343497301,-4.98179761030166,-5.07659721697575,NaN,NaN
252.561551168,-4.88982909638563,-4.87848705763484,-4.98171632187361,-5.07308477473965,NaN,NaN
252.562551168,-4.86206353407491,-4.88552408751572,-4.9813520013235,-5.06898731859453,NaN,NaN
252.563551168,-4.85182710580387,-4.89360322800443,-4.98070339085852,-5.06431218788471,NaN,NaN
252.564551168,-4.8947826028264,-4.9025799608481,-4.97977006624259,-5.05906062879871,NaN,NaN
252.565551168,-4.90455001991624,-4.91207575283356,-4.97855118711183,-5.05324184739008,NaN,NaN
252.566551168,-4.93177707158647,-4.92155020175693,-4.97704504359962,-5.0468579052696,NaN,NaN
252.567551168,-4.97452841362202,-4.93044205951639,-4.97524970790821,-5.03991861199159,NaN,NaN
252.568551168,-4.93166560985795,-4.93831163165394,-4.97316403003482,-5.03242750233283,NaN,NaN
252.569551168,-4.92586171738908,-4.94487799298641,-4.97078791189099,-5.02439840344455,NaN,NaN
252.570551168,-4.94719994286648,-4.94990296468533,-4.96812158450393,-5.01583786785085,NaN,NaN
252.571551168,-4.92225384029699,-4.95306139074439,-4.96516473475251,-5.00676073373902,NaN,NaN
252.572551168,-4.98602875774501,-4.9539085255865,-4.96191634812314,-4.99717402982044,NaN,NaN
252.573551168,-4.99726610684923,-4.95197388539502,-4.95837557703149,-4.98709339602921,NaN,NaN
252.574551168,-4.97149096267829,-4.9469584610012,-4.95454305252249,-4.97652916148076,NaN,NaN
252.575551168,-5.02706850490822,-4.9389129467891,-4.95042157836758,-4.96550204805367,NaN,NaN
252.576551168,-4.91721089791766,-4.92832979005018,-4.94601623155346,-4.95402839071253,NaN,NaN
252.577551168,-4.89516808599061,-4.91608339421195,-4.94133400790011,-4.94213432493534,NaN,NaN
252.578551168,-4.89058493909691,-4.90318294514234,-4.93638266631557,-4.9298396707173,NaN,NaN
252.579551168,-4.84767271579854,-4.89052746625739,-4.93116968854397,-4.91717271243736,NaN,NaN
252.580551168,-4.82306698438774,-4.87876584743711,-4.9257022325222,-4.9041541031741,NaN,NaN
252.581551168,-4.88488356252021,-4.86821058696048,-4.91998743801073,-4.89081285191723,NaN,NaN
252.582551168,-4.85078499814008,-4.85888495046154,-4.91403251109146,-4.87717038819583,NaN,NaN
252.583551168,-4.8191965324475,-4.85066779221117,-4.90784440587251,-4.86325641791194,NaN,NaN
252.584551168,-4.86393706440645,-4.84334803940734,-4.90142923268211,-4.84909253801526,NaN,NaN
252.585551168,-4.86728277400703,-4.83665699368452,-4.89479242908858,-4.83470707100041,NaN,NaN
252.586551168,-4.8268662376768,-4.83039424979211,-4.88794000290057,-4.82012220326963,NaN,NaN
252.587551168,-4.86285239860708,-4.82452229867193,-4.88087954765641,-4.80537018541455,NaN,NaN
252.588551168,-4.79175214249006,-4.81915959234864,-4.87362007673627,-4.79047625202694,NaN,NaN
252.589551168,-4.83197768906788,-4.81452169503781,-4.86617097150316,-4.77547504020386,NaN,NaN
252.590551168,-4.78269689186381,-4.81084117898313,-4.8585410800038,-4.76039213253698,NaN,NaN
252.591551168,-4.79593888497131,-4.80829303961802,-4.85073868326686,-4.74526127036068,NaN,NaN
252.592551168,-4.72955835895207,-4.80689293618479,-4.8427716256034,-4.73010734330873,NaN,NaN
252.593551168,-4.83215803428985,-4.80637158721481,-4.83464689489768,-4.71496268247773,NaN,NaN
252.594551168,-4.85183950094196,-4.80621252933066,-4.82637046528113,-4.69985042749833,NaN,NaN
252.595551168,-4.83679696487288,-4.80592849977647,-4.81794807402475,-4.68480117022109,NaN,NaN
252.596551168,-4.8045853670749,-4.80529800605096,-4.80938617086964,-4.66983854201392,NaN,NaN
252.597551168,-4.80438345110015,-4.80434541416459,-4.80069228203324,-4.65499521100755,NaN,NaN
252.598551168,-4.8194242719269,-4.8032091124306,-4.79187479287213,-4.64029606240815,NaN,NaN
252.599551168,-4.77468023750269,-4.80206884487043,-4.78294223549866,-4.62577394041076,NaN,NaN
252.600551168,-4.77482010154972,-4.80107976061633,-4.77390245893066,-4.61145240793095,NaN,NaN
252.601551168,-4.78874194300575,-4.80026108822298,-4.76476243505588,-4.59736280065509,NaN,NaN
252.602551168,-4.75552085103952,-4.79941755022731,-4.75552861392029,-4.58352676214848,NaN,NaN
252.603551168,-4.7916883884612,-4.7981125035118,-4.74620684812291,-4.56997263077283,NaN,NaN
252.604551168,-4.82553851227551,-4.79570064847891,-4.73680179827341,-4.55672027823496,NaN,NaN
252.605551168,-4.82756018208088,-4.79149248963883,-4.72731683889442,-4.5437944783468,NaN,NaN
252.606551168,-4.81506954503844,-4.78497712193397,-4.71775489505427,-4.53121102437767,NaN,NaN
252.607551168,-4.8036660122872,-4.77594407862609,-4.70811963044372,-4.51899450784748,NaN,NaN
252.608551168,-4.77678485589638,-4.76448360002902,-4.69841626541298,-4.50716171561845,NaN,NaN
252.609551168,-4.73258931771599,-4.75090847752115,-4.68865155690914,-4.49573931673724,NaN,NaN
252.610551168,-4.74340456477658,-4.73562544912428,-4.67883291252323,-4.4847446111924,NaN,NaN
252.611551168,-4.74758473929068,-4.71905802666453,-4.66896733440173,-4.47420275892158,NaN,NaN
252.612551168,-4.71673369727066,-4.70170198816265,-4.65906111091419,-4.46412807617068,NaN,NaN
252.613551168,-4.68081223977307,-4.68420457648762,-4.6491202003928,-4.45454252183628,NaN,NaN
252.614551168,-4.60438598281112,-4.66729836261572,-4.63915022539752,-4.44545843420789,NaN,NaN
252.615551168,-4.63456993627344,-4.65158982698523,-4.62915558313925,-4.43689424378717,NaN,NaN
252.616551168,-4.62938815394495,-4.63740094584411,-4.61913848803871,-4.42885638000445,NaN,NaN
252.617551168,-4.61489287901689,-4.62480253239082,-4.60909876241338,-4.42135675194117,NaN,NaN
252.618551168,-4.61489990906083,-4.61372850689768,-4.59903424611646,-4.41439590070009,NaN,NaN
252.619551168,-4.59847151546275,-4.60404393549717,-4.58894137603092,-4.40798098455406,NaN,NaN
252.620551168,-4.59533319574756,-4.59557414245145,-4.57881569741638,-4.40210642964741,NaN,NaN
252.621551168,-4.58615371167752,-4.58811828183522,-4.56865221166607,-4.39677498030689,NaN,NaN
252.622551168,-4.56409776827193,-4.58144544664549,-4.55844554080929,-4.3919794796374,NaN,NaN
252.623551168,-4.56708263844259,-4.57526438353853,-4.54818976095465,-4.38771772577585,NaN,NaN
252.624551168,-4.57581910768443,-4.56919681482083,-4.53787801509169,-4.38397881756506,NaN,NaN
252.625551168,-4.60355073878866,-4.56283096146925,-4.52750257041014,-4.38075735637088,NaN,NaN
252.626551168,-4.53399946038946,-4.55583729275338,-4.51705540837494,-4.37803818075209,NaN,NaN
252.627551168,-4.54726998127559,-4.54799611944997,-4.50652847212875,-4.3758130499917,NaN,NaN
252.628551168,-4.59514074689523,-4.53914537331605,-4.49591335199431,-4.3740632872726,NaN,NaN
252.629551168,-4.53421098515554,-4.52923498009559,-4.4852012433951,-4.37277807979364,NaN,NaN
252.630551168,-4.53280163230744,-4.51843228686809,-4.47438332169668,-4.37193593993093,NaN,NaN
252.631551168,-4.51464656479251,-4.50710483669661,-4.46345087199515,-4.37152406763133,NaN,NaN
252.632551168,-4.48234628451601,-4.49573274985319,-4.45239502192083,-4.371518591879,NaN,NaN
252.633551168,-4.40549260908275,-4.48478033268756,-4.44120621777045,-4.37190214979661,NaN,NaN
252.634551168,-4.51064197388673,-4.47451253032468,-4.42987369872711,-4.3726457676241,NaN,NaN
252.635551168,-4.43412397250075,-4.46493752150808,-4.41838563729209,-4.37372782903763,NaN,NaN
252.636551168,-4.41624668152029,-4.45588938742995,-4.40672962369654,-4.37511598344493,NaN,NaN
252.637551168,-4.43023519938712,-4.44701656690173,-4.39489226923605,-4.37678422728389,NaN,NaN
252.638551168,-4.45615640663175,-4.43773234455861,-4.38285825029564,-4.37869254776604,NaN,NaN
252.639551168,-4.46065430437344,-4.42733480940557,-4.37061012393392,-4.38081160144429,NaN,NaN
252.640551168,-4.43898533839688,-4.41522325033439,-4.3581291833577,-4.38309639446318,NaN,NaN
252.641551168,-4.45941568203397,-4.40105511619051,-4.34539661324745,-4.3855106319153,NaN,NaN
252.642551168,-4.38522982375657,-4.38482019992608,-4.33239407326438,-4.38800942074814,NaN,NaN
252.643551168,-4.38661996672343,-4.36682291803196,-4.31910338632933,-4.39055417531632,NaN,NaN
252.644551168,-4.37591087866774,-4.34759873823294,-4.30550591538878,-4.39309708715287,NaN,NaN
252.645551168,-4.2582954992108,-4.32782314645662,-4.29158253115884,-4.39559709378787,NaN,NaN
252.646551168,-4.30092535793622,-4.30814906004714,-4.27731396785405,-4.39800466272105,NaN,NaN
252.647551168,-4.32491412534051,-4.28905498519683,-4.26268091109092,-4.40027777219534,NaN,NaN
252.648551168,-4.25187772382083,-4.27091324213231,-4.24766401485372,-4.40236416544842,NaN,NaN
252.649551168,-4.18855323392203,-4.25408045855833,-4.23224367769371,-4.40421962853768,NaN,NaN
252.650551168,-4.24695787285263,-4.23876731838658,-4.2163993197522,-4.40578790485713,NaN,NaN
252.651551168,-4.27723292854328,-4.22496525097188,-4.20010921993495,-4.40702050974493,NaN,NaN
252.652551168,-4.18652924080294,-4.21263482788045,-4.18335144621104,-4.40785993093189,NaN,NaN
252.653551168,-4.20177125286784,-4.20184759097233,-4.16610455171049,-4.40825785656854,NaN,NaN
252.654551168,-4.19274832115011,-4.19271306450333,-4.14834720574591,-4.40815573393141,NaN,NaN
252.655551168,-4.13603765708983,-4.18527676726459,-4.13005754597755,-4.40750003859065,NaN,NaN
252.656551168,-4.13757608049872,-4.17941745824484,-4.11121280020034,-4.40622995366264,NaN,NaN
252.657551168,-4.14565375281387,-4.17470442087651,-4.09178896285396,-4.40429687507099,NaN,NaN
252.658551168,-4.14121339446767,-4.17033358633612,-4.07176050376712,-4.40163025750135,NaN,NaN
252.659551168,-4.21332609584496,-4.16521186904295,-4.0511004878974,-4.39817779833054,NaN,NaN
252.660551168,-4.18851667246695,-4.15817698139737,-4.02978142034996,-4.39387174818272,NaN,NaN
252.661551168,-4.12311292264151,-4.14821729279279,-4.00777628013718,-4.38865623769099,NaN,NaN
252.662551168,-4.16052618973608,-4.1344917047904,-3.98505882133953,-4.38246521823401,NaN,NaN
252.663551168,-4.09072649668681,-4.1162204687886,-3.96160330700426,-4.37524282233892,NaN,NaN
252.664551168,-4.10361534981289,-4.0926207827495,-3.93738441839747,-4.36692394607852,NaN,NaN
252.665551168,-4.10978841531436,-4.06292048964244,-3.91237748334026,-4.35745243366374,NaN,NaN
252.666551168,-4.06466716611915,-4.02648315853789,-3.88655876245505,-4.34676528300715,NaN,NaN
252.667551168,-4.01728464932541,-3.98297865472119,-3.85990565368957,-4.33481085776282,NaN,NaN
252.668551168,-3.97593218438582,-3.9324596190478,-3.8323972671573,-4.32153158275536,NaN,NaN
252.669551168,-3.81982849180821,-3.87530834556117,-3.80401530279465,-4.30688263002331,NaN,NaN
252.670551168,-3.80793873144453,-3.81203941947389,-3.77474385852939,-4.29081348743226,NaN,NaN
252.671551168,-3.7328951023084,-3.74307223802934,-3.7445680047978,-4.27327905918218,NaN,NaN
252.672551168,-3.73426307660835,-3.66871405258709,-3.71347271746878,-4.25422688968223,NaN,NaN
252.673551168,-3.64927104016461,-3.58939113227986,-3.68144305280518,-4.23360701661871,NaN,NaN
252.674551168,-3.53967690413826,-3.5059210131683,-3.64846515063952,-4.21139148647126,NaN,NaN
252.675551168,-3.42557257677976,-3.41959464527608,-3.61452703406935,-4.1875368186545,NaN,NaN
252.676551168,-3.36315965630925,-3.33205702810148,-3.57961858103445,-4.16198943077462,NaN,NaN
252.677551168,-3.17345231409114,-3.24513156600112,-3.54373093416703,-4.13473376557416,NaN,NaN
252.678551168,-3.05051236959792,-3.16054571756331,-3.50685544591426,-4.10571952374975,NaN,NaN
252.679551168,-3.04889418002209,-3.07954209419714,-3.46898238979608,-4.07492484543248,NaN,NaN
252.680551168,-3.02454551237934,-3.00272358218347,-3.43010061423899,-4.04230345711656,NaN,NaN
252.681551168,-2.90683682828321,-2.9302954383982,-3.39019862306107,-4.00783266199583,NaN,NaN
252.682551168,-2.85534881666196,-2.86233547957749,-3.34926597857401,-3.97147109687618,NaN,NaN
252.683551168,-2.82219716504219,-2.79886568752537,-3.3072940365597,-3.93319952521241,NaN,NaN
252.684551168,-2.73496343141652,-2.73989197507792,-3.26427605511754,-3.89298465336292,NaN,NaN
252.685551168,-2.6129550821056,-2.6854179937324,-3.22020685979667,-3.85081317171329,NaN,NaN
252.686551168,-2.64218533074638,-2.63530504771559,-3.17508202687855,-3.80665611673281,NaN,NaN
252.687551168,-2.60252759970659,-2.58916884221589,-3.12889711277113,-3.76050456451762,NaN,NaN
252.688551168,-2.56979609100111,-2.54651383597403,-3.0816478344597,-3.71233275704352,NaN,NaN
252.689551168,-2.53721824167533,-2.50694430158443,-3.03333111319757,-3.66213670950249,NaN,NaN
252.690551168,-2.43507269465482,-2.47024444600566,-2.98394577261065,-3.60989732011708,NaN,NaN
252.691551168,-2.3979750195866,-2.4362671645046,-2.93349209807727,-3.55561673471693,NaN,NaN
252.692551168,-2.36872254681202,-2.40470437842531,-2.88197096114952,-3.50684883555583,NaN,-2.36872254681202
252.693551168,-2.36301410556134,-2.3749358723706,-2.82938368978707,-3.44819489344281,NaN,NaN
252.694551168,-2.39026565989114,-2.34608484622205,-2.77573284516108,-3.38754130856521,NaN,NaN
252.695551168,-2.35737673478795,-2.31725127824509,-2.72102321651913,-3.32484401904985,NaN,NaN
252.696551168,-2.33655789316469,-2.28778100653263,-2.66526230270939,-3.26010227064026,NaN,NaN
252.697551168,-2.28590150879358,-2.25741578470147,-2.60846000540114,-3.19333806622455,NaN,NaN
252.698551168,-2.24891256184349,-2.22629627456717,-2.55062800332891,-3.12455908824019,NaN,NaN
252.699551168,-2.20298618711146,-2.19488075132748,-2.4917795239285,-3.05379544797226,NaN,NaN
252.700551168,-2.1464034085868,-2.16382472060304,-2.4319294946634,-2.98105983005638,NaN,NaN
252.701551168,-2.12550918778098,-2.13384005176809,-2.37109451137427,-2.9063885758128,NaN,NaN
252.702551168,-2.06345599654818,-2.10556000512521,-2.30929256530574,-2.82980276803968,NaN,NaN
252.703551168,-2.02425456825275,-2.07940694525047,-2.24654272722675,-2.75134353592894,NaN,NaN
252.704551168,-2.08429773734604,-2.05549163034821,-2.18286494826824,-2.6710371891619,NaN,NaN
252.705551168,-2.04340581580156,-2.03368398039413,-2.11828030991846,-2.5889322800046,NaN,NaN
252.706551168,-2.03445504241888,-2.01383480430441,-2.05281142752391,-2.50505903734749,NaN,NaN
252.707551168,-2.00759961851507,-1.99592866947096,-1.98648257232878,-2.41947519677033,NaN,NaN
252.708551168,-1.92492722481682,-1.98006527836919,-1.91931959075751,-2.33221244573103,NaN,NaN
252.709551168,-2.0064134097872,-1.96633285324703,-1.85134950973941,-2.24334169897041,NaN,NaN
252.710551168,-1.9186275853934,-1.95473195236652,-1.78260010821041,-2.15290027178482,NaN,NaN
252.711551168,-1.95760273623875,-1.94519994545526,-1.71309982933938,-2.06094286606986,NaN,NaN
252.712551168,-1.9758195525282,-1.93765930658281,-1.6428778853228,-1.96754253424277,NaN,NaN
252.713551168,-1.93241748860941,-1.93210993020731,-1.5719646125286,-1.87275418650629,NaN,NaN
252.714551168,-1.87738576488451,-1.92867279318976,-1.50039166604583,-1.77663349067821,NaN,NaN
252.715551168,-1.92686352962129,-1.92744443088061,-1.42819147662172,-1.67924780227565,NaN,NaN
252.716551168,-1.92900162362157,-1.92835146739888,-1.3553966619472,-1.58066232295365,NaN,NaN
252.717551168,-1.88990079978838,-1.93116509903184,-1.28204007753767,-1.48095130891377,NaN,NaN
252.718551168,-1.90122841682593,-1.93549980504582,-1.20815497376543,-1.38017844093359,NaN,NaN
252.719551168,-1.86591731683378,-1.94068221757439,-1.13377477003208,-1.27842257718024,NaN,NaN
252.720551168,-1.86633832276238,-1.945568056335,-1.05893248708241,-1.17574817591885,NaN,NaN
252.721551168,-1.9029443183963,-1.94839048281589,-0.983660067615589,-1.0722304442448,NaN,NaN
252.722551168,-1.96080116076989,-1.94676818241143,-0.907988206263753,-0.967935666745184,NaN,NaN
252.723551168,-1.90434841747996,-1.93791596514349,-0.831946769389492,-0.862938634201902,NaN,NaN
252.724551168,-1.88757830160118,-1.91883320925985,-0.755565043322393,-0.757306073154376,NaN,NaN
252.725551168,-1.83875982474153,-1.88629069121559,-0.678871646283288,-0.651115122446946,NaN,NaN
252.726551168,-1.8047144251283,-1.83672572639153,-0.601894518884492,-0.544431810463814,NaN,NaN
252.727551168,-1.78917557653032,-1.76623023097373,-0.524661135019885,-0.437337692439254,NaN,NaN
252.728551168,-1.73326183670879,-1.67073304973764,-0.447199209177979,-0.329894963087264,NaN,NaN
252.729551168,-1.6862225847728,-1.54638456808417,-0.369538173324642,-0.222187651372865,NaN,NaN
252.730551168,-1.60285679650629,-1.39009475890281,-0.291711102284624,-0.114253957521087,NaN,NaN
252.731551168,-1.51238496436382,-1.2002054263167,-0.213756831244995,-0.00623565678199166,NaN,NaN
252.732551168,-1.45865688145144,-0.977341740572566,-0.135722564686782,0.101802885305465,NaN,NaN
252.733551168,-1.38256747429667,-0.725556127230332,-0.0576675142566138,0.209749993980453,NaN,NaN
252.734551168,-0.892084682997028,-0.453567776225695,0.0203331280730868,0.317489467803519,NaN,NaN
252.735551168,0.113211741499357,-0.174907078557503,0.0981880717620479,0.424884371110387,NaN,NaN
252.736551168,1.57978104810153,0.0949427979710289,0.175800119089595,0.531822301430318,NaN,NaN
252.737551168,1.17549292085457,0.344329890633913,0.253086169970088,0.638108276843339,NaN,NaN
252.738551168,0.40967993976853,0.569649375582885,0.329991640402732,0.743689247386438,NaN,NaN
252.739551168,-0.110359503191728,0.773394752971933,0.40648362371077,0.848477446809877,NaN,NaN
252.740551168,0.33516054188612,0.957865671523731,0.482529054809639,0.952402108574605,NaN,NaN
252.741551168,1.61576822302821,1.12088930945499,0.558079948845526,1.05536629887294,NaN,NaN
252.742551168,2.17971120394629,1.25744252322595,0.633079113842825,1.15727556410738,NaN,NaN
252.743551168,2.02258229145579,1.3649824316778,0.707478287580897,1.25803656575348,NaN,NaN
252.744551168,1.26932878689829,1.44684579161337,0.781249407730027,1.35758600668009,NaN,NaN
252.745551168,0.973842624431866,1.51070052039299,0.85437933807473,1.45586767247776,NaN,NaN
252.746551168,1.16885691510106,1.56417980594123,0.926855422289889,1.55283729584048,NaN,NaN
252.747551168,1.6821637465367,1.61190590961021,0.998655970514123,1.64842849185789,NaN,NaN
252.748551168,1.9085659221863,1.65588125621794,1.06975197732315,1.74258093130019,NaN,NaN
252.749551168,1.84394100498548,1.69776864877494,1.14011450504646,1.83522418853137,NaN,NaN
252.750551168,1.58559259565519,1.7403835681119,1.2097189929756,1.92630093224265,NaN,NaN
252.751551168,1.38171602565849,1.78712890719734,1.27854303209061,2.01575492994914,NaN,NaN
252.752551168,1.58178221872155,1.84016697385257,1.3465605078823,2.10353667416227,NaN,NaN
252.753551168,1.91876303475088,1.89919361688382,1.41373800393368,2.1895906354481,NaN,NaN
252.754551168,2.1692981047898,1.96199091304821,1.48003684742514,2.27383024455328,NaN,NaN
252.755551168,2.23529454406775,2.02616274033506,1.54541876287458,2.35619374934861,NaN,NaN
252.756551168,2.00034032414817,2.09045208495603,1.60985024452012,2.43664137424697,NaN,NaN
252.757551168,1.87700732920343,2.15452423467362,1.67330202651755,2.51509781901863,NaN,NaN
252.758551168,2.08969961465418,2.2175820844345,1.73574473098927,2.59153112395331,NaN,NaN
252.759551168,2.48905584625114,2.27749671012017,1.79714621209741,2.66587518619312,NaN,NaN
252.760551168,2.54991331875487,2.33157100561296,1.85747427346599,2.73809294500748,NaN,NaN
252.761551168,2.53137444243824,2.37805620032175,1.91670192690732,2.80813016212733,NaN,NaN
252.762551168,2.2714420856383,2.41677444804337,1.97480951257432,2.87596373424134,NaN,NaN
252.763551168,2.32359021793353,2.44836518107872,2.0317818479617,2.94155693113244,NaN,NaN
252.764551168,2.4846818606485,2.47313560968083,2.0876042415893,3.00489491341388,NaN,NaN
252.765551168,2.67232412309556,2.49079578190481,2.14226202327478,3.06594434604169,NaN,NaN
252.766551168,2.69330844886478,2.50127158906934,2.19574356486275,3.12469854123277,NaN,NaN
252.767551168,2.50503870710829,2.50560789776016,2.24804295509096,3.18113634873626,NaN,NaN
252.768551168,2.37436244902172,2.50595461329102,2.29915920458753,3.23526413072779,NaN,NaN
252.769551168,2.34910184830838,2.50462800344899,2.34909245082701,3.28707175814929,NaN,NaN
252.770551168,2.49316098791393,2.50316911150594,2.39784062385735,3.33656900122003,NaN,NaN
252.771551168,2.56916768266796,2.5022170985811,2.44539930970225,3.38374496771771,NaN,NaN
252.772551168,2.63301809571875,2.50214992370068,2.49176438206074,3.41919812951798,NaN,NaN
252.773551168,2.54191537771143,2.50382865364898,2.53693491019875,3.461538687083,NaN,NaN
252.774551168,2.41291860713685,2.50880623474346,2.58091408011291,3.50158877262948,NaN,NaN
252.775551168,2.41341171749525,2.51884325444771,2.62370776882375,3.53935564804785,NaN,NaN
252.776551168,2.4190411471231,2.53517800700246,2.66532235976526,3.57486866403038,NaN,NaN
252.777551168,2.52519781263332,2.55812025650139,2.7057634891792,3.6081381761402,NaN,NaN
252.778551168,2.65478416211273,2.58717521128854,2.74503627434938,3.63919621530325,NaN,NaN
252.779551168,2.66487205946413,2.62156252835958,2.78314670578312,3.66805735870506,NaN,NaN
252.780551168,2.63562629530079,2.66069442525975,2.82010302938646,3.6947603354683,NaN,NaN
252.781551168,2.6285479933181,2.70418541112036,2.85591572370109,3.71932814055993,NaN,NaN
252.782551168,2.69346048810625,2.75148000470618,2.89059610437117,3.74180532375492,NaN,NaN
252.783551168,2.79638078970706,2.80155199356379,2.92415520914099,3.76221820534884,NaN,NaN
252.784551168,2.88160440368741,2.85295494484277,2.95660424177456,3.78061597727848,NaN,NaN
252.785551168,2.95432409651524,2.90413295854234,2.98795583437195,3.79702764248468,NaN,NaN
252.786551168,2.93943774440108,2.95370613957344,3.01822477828172,3.81151079348001,NaN,NaN
252.787551168,2.99614078800247,3.00051429419074,3.04742809511476,3.82409958648001,NaN,NaN
252.788551168,3.05758155254884,3.04348558432104,3.07558478080982,3.83486366271716,NaN,NaN
252.789551168,3.11400291188024,3.08158321075521,3.10271539379097,3.84383435561838,NaN,NaN
252.790551168,3.14128120874007,3.11390244374472,3.12884175858638,3.85108647024321,NaN,NaN
252.791551168,3.21587718037144,3.13981047577148,3.15398703944067,3.85668343246511,NaN,NaN
252.792551168,3.23189431240577,3.15910562693266,3.17817634481895,3.86066762646277,NaN,NaN
252.793551168,3.23000237469568,3.17218234882064,3.20143745825681,3.86311177377918,NaN,NaN
252.794551168,3.17307807547224,3.1800597730598,3.223800963768,3.86409204635794,NaN,NaN
252.795551168,3.20762222113545,3.18420359570485,3.24529983656973,3.86368038363127,NaN,NaN
252.796551168,3.1645396785316,3.18628976012785,3.26596904186991,3.86195368156032,NaN,NaN
252.797551168,3.12261732328201,3.18800554724477,3.2858451577855,3.85898321897623,NaN,NaN
252.798551168,3.16782841094061,3.19083160230105,3.30496579992764,3.85485113546023,NaN,NaN
252.799551168,3.20723592893865,3.19591089489953,3.32336904072702,3.84963322626132,NaN,NaN
252.800551168,3.16346908706229,3.204124184386,3.34109299855263,3.84341545337156,NaN,NaN
252.801551168,3.10182842750749,3.21612168104586,3.35817525946585,3.83627560537752,NaN,NaN
252.802551168,3.16988975237218,3.23208728946785,3.37465187437366,3.82829829418555,NaN,NaN
252.803551168,3.2148313684973,3.2514985298048,3.39055651053624,3.81955605741561,NaN,NaN
252.804551168,3.30569074687406,3.27321294417723,3.40592077331171,3.81012890113213,NaN,NaN
252.805551168,3.33455362460202,3.29582726668398,3.42077569183475,3.8000851556459,NaN,NaN
252.806551168,3.36352834709764,3.31805551758995,3.43515321686793,3.78950596226347,NaN,NaN
252.807551168,3.35378451633923,3.33894041841117,3.44908700015859,3.77845812235529,NaN,NaN
252.808551168,3.37212610945138,3.35786064412658,3.46261255615369,3.76703185242249,NaN,NaN
252.809551168,3.37835909142353,3.37442813142387,3.47576690514638,3.75529631679413,NaN,NaN
252.810551168,3.46686991481452,3.38843391377269,3.48858807208725,3.74333602225502,NaN,NaN
252.811551168,3.44963224756177,3.39995781170259,3.50111520051479,3.73123085241044,NaN,NaN
252.812551168,3.41498888437159,3.4095231489056,3.51338882135241,3.71906668873686,NaN,NaN
252.813551168,3.37005798316083,3.41802428925963,3.52545007786693,3.70691946595451,NaN,NaN
252.814551168,3.34383372518432,3.42637794817176,3.53733914322365,3.69487264240147,NaN,NaN
252.815551168,3.49707334150356,3.43519591287858,3.5490940625179,3.68299908519034,NaN,NaN
252.816551168,3.44055621576009,3.44481408220448,3.56075082809802,3.67137800114029,NaN,NaN
252.817551168,3.46746560011786,3.45556080017704,3.57234425162118,3.66007641149616,NaN,NaN
252.818551168,3.45841199370212,3.46787615574602,3.58390856196623,3.64916822441385,NaN,NaN
252.819551168,3.49618295247125,3.48225834810719,3.595477702604,3.63871701164469,NaN,NaN
252.820551168,3.4920466653379,3.49922766058385,3.60708566303534,3.62879352285377,NaN,NaN
252.821551168,3.45079584497674,3.51927944922947,3.61876648223576,3.61946025105889,NaN,NaN
252.822551168,3.49980469965157,3.54271166651816,3.63055367884162,3.61078574571932,NaN,NaN
252.823551168,3.53223501859312,3.56942297054438,3.64247946600536,3.60282881501481,NaN,NaN
252.824551168,3.54742332798521,3.59884714304375,3.65457417284504,3.59565158846531,NaN,NaN
252.825551168,3.6290656242214,3.62999642700154,3.66686597920093,3.58930496271842,NaN,NaN
252.826551168,3.66005610851756,3.66156500155276,3.67938105281643,3.58384635777362,NaN,NaN
252.827551168,3.7776114366596,3.69214067534613,3.69214412525131,3.57931638046319,NaN,NaN
252.828551168,3.77454067604791,3.7205199942552,3.70517927034929,3.57576819308011,NaN,NaN
252.829551168,3.66050175161311,3.74590007333201,3.71851022594688,3.5732418589356,NaN,NaN
252.830551168,3.78949909185856,3.76769494923112,3.73215974096445,3.57178312780004,NaN,NaN
252.831551168,3.86234883157462,3.78528935866613,3.74614910641189,3.57142588406634,NaN,NaN
252.832551168,3.83208125730651,3.79818470013904,3.76049897266969,3.57221151769092,NaN,NaN
252.833551168,3.87931639346126,3.80630574006992,3.77523009023052,3.57417071264626,NaN,NaN
252.834551168,3.83465886677248,3.81011214716642,3.79036304833448,3.57734046631695,NaN,NaN
252.835551168,3.75355043466778,3.81049902526096,3.80591784086233,3.58174592152068,NaN,NaN
252.836551168,3.78116110376471,3.80849871823173,3.82191334320135,3.58741903349573,NaN,NaN
252.837551168,3.83813564988011,3.80498832618641,3.83836683725838,3.59437955741305,NaN,NaN
252.838551168,3.82301838967681,3.80071130278108,3.85529446745384,3.60265349080522,NaN,NaN
252.839551168,3.83670472120782,3.79651304956196,3.87271218134769,3.61225635183446,NaN,NaN
252.840551168,3.81638755792825,3.79350499582747,3.8906360392064,3.62320995117471,NaN,NaN
252.841551168,3.72389253853263,3.79304141790383,3.90908168165002,3.6355262074372,NaN,NaN
252.842551168,3.70083661416598,3.79644397372675,3.92806301370235,3.64922053371951,NaN,NaN
252.843551168,3.74833782980954,3.80458007343538,3.94759065494698,3.66429763742784,NaN,NaN
252.844551168,3.78206073479135,3.81763252513247,3.96767136473767,3.68076269894417,NaN,NaN
252.845551168,3.85777995598538,3.83521226986197,3.98830864930392,3.69860806420881,NaN,NaN
252.846551168,3.84250839051597,3.8566421161326,4.00950341953163,3.7178317865976,NaN,NaN
252.847551168,3.8313899244828,3.88113826680569,4.03125392668906,3.73841691173657,NaN,NaN
252.848551168,3.94320101527077,3.90779503728185,4.05355555553727,3.76035097334963,NaN,NaN
252.849551168,3.91487808175134,3.93557363017296,4.07640128986676,3.78360965533867,NaN,NaN
252.850551168,3.94980658903841,3.96337418126066,4.0997825026681,3.80817427628409,NaN,NaN
252.851551168,4.05381929128487,3.9900824588702,4.12368941862554,3.83401484968922,NaN,NaN
252.852551168,4.11538282201726,4.014726967521,4.1481114630723,3.86110723880685,NaN,NaN
252.853551168,4.13867751548808,4.0368471369579,4.17303787981398,3.88941774636163,NaN,NaN
252.854551168,4.02786160100301,4.05675248635589,4.1984582105825,3.91892040834033,NaN,NaN
252.855551168,4.04102288761237,4.07533617873424,4.22436190940552,3.94957882311409,NaN,NaN
252.856551168,4.11374220357734,4.09362824294574,4.25073753623607,3.98136320047071,NaN,NaN
252.857551168,4.18261987490733,4.11261519101744,4.27757272523402,4.01423278315207,NaN,NaN
252.858551168,4.17638055035631,4.13345815058914,4.30485496424678,4.04815446249419,NaN,NaN
252.859551168,4.18235722547315,4.15773514206828,4.33257227212288,4.08308626477887,NaN,NaN
252.860551168,4.06008777487303,4.1873570080635,4.36071289845441,4.11899380515892,NaN,NaN
252.861551168,4.11857416037618,4.2240928949088,4.3892636395996,4.1558330186492,NaN,NaN
252.862551168,4.15536223729011,4.26898329492829,4.41820780982944,4.193561541714,NaN,NaN
252.863551168,4.23509570076364,4.32202472246057,4.44752442624344,4.23212593310279,NaN,NaN
252.864551168,4.3870715401164,4.38222322997897,4.47718867826366,4.27147543107995,NaN,NaN
252.865551168,4.5063523668702,4.44795319941566,4.50717303492902,4.31154757658085,NaN,NaN
252.866551168,4.47151076903778,4.51743510440715,4.53744827508764,4.35228631082126,NaN,NaN
252.867551168,4.5912647668687,4.58895327465592,4.56798356826004,4.39362576086119,NaN,NaN
252.868551168,4.63848345539838,4.66076049229127,4.59874605979943,4.43550513039669,NaN,NaN
252.869551168,4.72814152142822,4.7309815563043,4.62970093653756,4.47785325722209,NaN,NaN
252.870551168,4.83478935731638,4.79765029463813,4.66081168237567,4.52060486375698,NaN,NaN
252.871551168,4.9451540548206,4.858882966085,4.69204050551055,4.56368609222254,NaN,NaN
252.872551168,5.02054259021083,4.91319959663015,4.72334971233743,4.60703038911476,NaN,NaN
252.873551168,5.05777577999431,4.9598694568426,4.75470361839632,4.65056534217371,NaN,NaN
252.874551168,5.02990885506852,4.99907349454151,4.78606946637824,4.69422941921963,NaN,NaN
252.875551168,5.01845406055731,5.0317560607509,4.81741671964068,4.73795539103945,NaN,NaN
252.876551168,5.05827628903292,5.05925782691128,4.84871552894144,4.78168513213023,NaN,NaN
252.877551168,5.1173866913173,5.083027619515,4.87993556043102,4.82535185448512,NaN,NaN
252.878551168,5.13972052974124,5.10460506507405,4.91104586791277,4.86889700352113,NaN,NaN
252.879551168,5.12880920254455,5.12573900243534,4.94201544392891,4.91225407490069,NaN,NaN
252.880551168,5.08855473190352,5.1483668156226,4.9728135785204,4.95536498677004,NaN,NaN
252.881551168,5.03091001483234,5.17430669952808,5.00340948034773,4.99816575419963,NaN,NaN
252.882551168,5.1451782791958,5.20478238055746,5.03377118683366,5.04059812195116,NaN,NaN
252.883551168,5.18786989580234,5.24014460452285,5.06386500029164,5.0825956565655,NaN,NaN
252.884551168,5.26866649515676,5.27998177306208,5.09365640392258,5.12409941360435,NaN,NaN
252.885551168,5.28058663034252,5.32338922421348,5.12311112486703,5.16504386432718,NaN,NaN
252.886551168,5.3476733216549,5.36912923801945,5.15219488048064,5.20537142100609,NaN,NaN
252.887551168,5.4096565703551,5.41568330470214,5.18087222544098,5.24501711297157,NaN,NaN
252.888551168,5.42734038173398,5.46130050034974,5.20910553142788,5.28392227092465,NaN,NaN
252.889551168,5.52563143086596,5.50405429798424,5.23685468164201,5.32201959875511,NaN,NaN
252.890551168,5.5718209017472,5.54193439432635,5.26407779485715,5.35924766126036,NaN,NaN
252.891551168,5.63373854967424,5.57303610849682,5.29073276904981,5.39553916776345,NaN,NaN
252.892551168,5.66333089216411,5.59579584191196,5.31677888541242,5.43083631741165,NaN,NaN
252.893551168,5.72676998389462,5.60921197362507,5.34217814203061,5.46507829798512,NaN,NaN
252.894551168,5.6771836498903,5.6130457548159,5.36689630855147,5.49821631280152,NaN,NaN
252.895551168,5.66335329239689,5.60790683684556,5.39090329787579,5.5301996091194,NaN,NaN
252.896551168,5.62400617159983,5.59514318002142,5.41417272209521,5.56099002961187,NaN,NaN
252.897551168,5.55966515567972,5.576609508429,5.43668106661593,5.59054561703746,NaN,NaN
252.898551168,5.60258608209278,5.55443710177409,5.45840688285472,5.61883576120832,NaN,NaN
252.899551168,5.54494927414524,5.53093082700677,5.47933046737973,5.64582559010261,NaN,NaN
252.900551168,5.44004191068711,5.50854503872783,5.49943388525703,5.67148982431442,NaN,NaN
252.901551168,5.40132922826586,5.48966953243639,5.5187003166309,5.69579931832418,NaN,NaN
252.902551168,5.40697855225996,5.47623509166671,5.5371127457497,5.71873299229391,NaN,NaN
252.903551168,5.35950391540495,5.46943183325643,5.55465295201298,5.74026277143579,NaN,NaN
252.904551168,5.41188622177758,5.46960987476403,5.57130102154402,5.76036725950047,NaN,NaN
252.905551168,5.44436540511154,5.47630895306797,5.5870352895472,5.77901779607273,NaN,NaN
252.906551168,5.47301111591485,5.48844045150687,5.60183281540961,5.7961928100094,NaN,NaN
252.907551168,5.49606907199752,5.50453650077848,5.61567016301519,5.81186444598444,NaN,NaN
252.908551168,5.51610048670049,5.52292863208274,5.62852410204048,5.82601327464262,NaN,NaN
252.909551168,5.5407393062612,5.54183958621249,5.64037206499764,5.83861556059942,NaN,NaN
252.910551168,5.63108538476027,5.55947759177252,5.65119247461955,5.84965635918232,NaN,NaN
252.911551168,5.65146615883729,5.57425304434693,5.66096549452981,5.8591173224804,NaN,NaN
252.912551168,5.61520964511445,5.58505297966641,5.66967412168935,5.86699041128108,NaN,NaN
252.913551168,5.63975412830685,5.59134189943888,5.67730443680311,5.87326563538736,NaN,NaN
252.914551168,5.58642405279089,5.59305527645623,5.68384484013174,5.87794306395404,NaN,NaN
252.915551168,5.59829292954063,5.59042413346967,5.68928535422775,5.88101876890686,NaN,NaN
252.916551168,5.64426433882621,5.58385311695537,5.69361769606089,5.8824989553096,NaN,NaN
252.917551168,5.64749916399005,5.57398868109059,5.69683613087511,5.88238613603494,NaN,NaN
252.918551168,5.52730885346581,5.56188429012132,5.69893827480479,5.88069422875988,NaN,NaN
252.919551168,5.5208480181338,5.54892328125434,5.69992489906593,5.87743501048754,NaN,NaN
252.920551168,5.50291321823072,5.53648969838843,5.69979891030976,5.87262973204973,NaN,NaN
252.921551168,5.47609785024648,5.52570507379896,5.69856418393091,5.86629498719705,NaN,NaN
252.922551168,5.50764775984945,5.51734076738821,5.69622473949567,5.85845511353256,NaN,NaN
252.923551168,5.49105326591567,5.51184117033603,5.69278469793293,5.84912888292345,NaN,NaN
252.924551168,5.47750802786883,5.50939568427323,5.68824885849599,5.838343143935,NaN,NaN
252.925551168,5.49078232348927,5.50996726610524,5.68262317412705,5.82611983242987,NaN,NaN
252.926551168,5.41299444865513,5.51322867959091,5.67591470819284,5.81248957828705,NaN,NaN
252.927551168,5.50625084628129,5.51842693605005,5.6681311153215,5.79747762364698,NaN,NaN
252.928551168,5.53638569606204,5.52433916268748,5.65928023979655,5.78111635194986,NaN,NaN
252.929551168,5.54616204525606,5.52947296027567,5.64937035182588,5.76343275792485,NaN,NaN
252.930551168,5.55805189064252,5.53234587421824,5.63841065932446,5.7444615341555,NaN,NaN
252.931551168,5.61729506418084,5.53167970700567,5.62641176688042,5.72423333004188,NaN,NaN
252.932551168,5.59609468869369,5.52660214801372,5.61338634890254,5.70278709850948,NaN,NaN
252.933551168,5.50975202692233,5.51680983779826,5.59934981059786,5.68015879137789,NaN,NaN
252.934551168,5.54802973907284,5.50250436889413,5.58432012926253,5.65639340992771,NaN,NaN
252.935551168,5.46632798370795,5.48419283803177,5.56831706057783,5.63153130438431,NaN,NaN
252.936551168,5.46569625671873,5.46253721820342,5.5513615155561,5.6056208453552,NaN,NaN
252.937551168,5.49833010666049,5.43828791818395,5.53347539348513,5.57870510443796,NaN,NaN
252.938551168,5.41507523243315,5.41234380880816,5.51468202196628,5.55083465138618,NaN,NaN
252.939551168,5.37850507762991,5.38582944011517,5.49500663103267,5.52205583471847,NaN,NaN
252.940551168,5.30353448302809,5.35997884237792,5.47447591937611,5.492422543584,NaN,NaN
252.941551168,5.24450507959197,5.33584349285144,5.45311681986932,5.4619825676168,NaN,NaN
252.942551168,5.27011789950871,5.31398751258928,5.43095529141134,5.43078850364163,NaN,NaN
252.943551168,5.33351043225106,5.29439765138755,5.40801616076949,5.39888531663979,NaN,NaN
252.944551168,5.30567218914086,5.27674624201483,5.384324391582,5.36632420573775,NaN,NaN
252.945551168,5.25197886397113,5.26075268162314,5.35990658132667,5.33315110631471,NaN,NaN
252.946551168,5.20442709397421,5.24626801522816,5.33479129286403,5.29941981979192,NaN,NaN
252.947551168,5.22002272192103,5.23309403885559,5.30900847059899,5.26517874227207,NaN,NaN
252.948551168,5.18737740205356,5.22081674054433,5.28258884925004,5.23048281664423,NaN,NaN
252.949551168,5.21732008985081,5.20878311336422,5.25556341811417,5.19538055912546,NaN,NaN
252.950551168,5.22210829748145,5.19619245724555,5.22796303097742,5.15992536365664,NaN,NaN
252.951551168,5.18333771170828,5.18224982660927,5.19981862278893,5.12416446445461,NaN,NaN
252.952551168,5.18568637947756,5.16627352773803,5.17116163173612,5.08815051628003,NaN,NaN
252.953551168,5.19420045725994,5.14773468646278,5.14202393281174,5.05192995778797,NaN,NaN
252.954551168,5.13061607220826,5.12631644057257,5.11243750457859,5.01555463653939,NaN,NaN
252.955551168,5.08939944889117,5.10192985756904,5.08243413821339,4.97906907751937,NaN,NaN
252.956551168,5.07260875268869,5.07459862388796,5.05204508259817,4.94252229241419,NaN,NaN
252.957551168,5.05759566420671,5.04434250896637,5.02130089680663,4.90595589490129,NaN,NaN
252.958551168,5.07857227651044,5.0112206776065,4.99023202118385,4.86941626773806,NaN,NaN
252.959551168,4.96416656031206,4.97549184849865,4.95886984456841,4.83294395764265,NaN,NaN
252.960551168,4.91329707536074,4.93765731291713,4.9272473263107,4.79658573261242,NaN,NaN
252.961551168,4.984756143398,4.89834653348103,4.89539895416864,4.76038328038407,NaN,NaN
252.962551168,4.82508858051265,4.85830747329702,4.86336076031933,4.72438449652439,NaN,NaN
252.963551168,4.83449815745332,4.81847237745295,4.83117028470196,4.68863175011307,NaN,NaN
252.964551168,4.79108293541471,4.77989762033254,4.7988660545487,4.65317324871301,NaN,NaN
252.965551168,4.71030586370641,4.74367799934138,4.76648702069011,4.61805060372548,NaN,NaN
252.966551168,4.64692020610025,4.71084574926341,4.7340718670901,4.58331011166041,NaN,NaN
252.967551168,4.5695007164102,4.68211356407581,4.70165771640744,4.54898923130442,NaN,NaN
252.968551168,4.62780957806135,4.65757361366669,4.66927882226509,4.51512740830264,NaN,NaN
252.969551168,4.59975483398705,4.63661284555699,4.63696629603218,4.48175424797644,NaN,NaN
252.970551168,4.60362503843357,4.61808026066582,4.60474882516693,4.44890122443013,NaN,NaN
252.971551168,4.61150941618989,4.60051044266162,4.57265332010055,4.41659148374185,NaN,NaN
252.972551168,4.5912865235049,4.58230522658258,4.54070513511983,4.38485111140006,NaN,NaN
252.973551168,4.65797645885415,4.56193144365915,4.50892842129328,4.35369809632113,NaN,NaN
252.974551168,4.54421239086725,4.53815399843871,4.47734670278198,4.32315460718695,NaN,NaN
252.975551168,4.5980882425394,4.51020052136295,4.44598331999601,4.29323594097005,NaN,NaN
252.976551168,4.53859251406181,4.47782839506437,4.41486198341986,4.26396230912741,NaN,NaN
252.977551168,4.49764702454811,4.44139088684422,4.3840076303212,4.23534849055485,NaN,NaN
252.978551168,4.39025974408312,4.40183005702934,4.35344669114033,4.20741530198993,NaN,NaN
252.979551168,4.3678824255113,4.36048416498677,4.32320624661147,4.18017796397285,NaN,NaN
252.980551168,4.32905562560259,4.31885267047822,4.29331292769735,4.15365556269752,NaN,NaN
252.981551168,4.19653526080079,4.27844338276315,4.2637921224035,4.12785966697241,NaN,NaN
252.982551168,4.19627751149004,4.24057992174594,4.23466714524816,4.10280441774913,NaN,NaN
252.983551168,4.15694423179793,4.20616449235807,4.20595861755864,4.07849492822669,NaN,NaN
252.984551168,4.18275148913983,4.17561286777593,4.17768477809429,4.0549386069772,NaN,NaN
252.985551168,4.10928963256281,4.14898490789833,4.14986243568197,4.03213497942273,NaN,NaN
252.986551168,4.09626924452805,4.12609696265705,4.12250753454594,4.01008783267243,NaN,NaN
252.987551168,4.08616062012484,4.10651460892532,4.09563493920229,3.98879355438555,NaN,NaN
252.988551168,4.0571251675056,4.08952375291737,4.06925798032472,3.96825176260919,NaN,NaN
252.989551168,4.10068307242316,4.07416852184782,4.04338812641702,3.94845444303623,NaN,NaN
252.990551168,4.09302331393149,4.05938861729547,4.01803494498494,3.92939634371955,NaN,NaN
252.991551168,4.05031598356453,4.04421799305307,3.9932066337087,3.91106503674006,NaN,NaN
252.992551168,4.10560690183306,4.02792818367849,3.96891076347752,3.89345250167354,NaN,NaN
252.993551168,4.06177266981655,4.01014311650712,3.94515493675564,3.87654482896789,NaN,NaN
252.994551168,3.9743499220623,3.99093605067514,3.92194723034794,3.86033362334009,NaN,NaN
252.995551168,3.90197724299952,3.97068956178964,3.8992957718063,3.84480482227285,NaN,NaN
252.996551168,3.90240791672664,3.9496997228284,3.87720752457787,3.8299484894641,NaN,NaN
252.997551168,3.97044554008473,3.92790163899238,3.85568732184129,3.81574701018456,NaN,NaN
252.998551168,3.9324160630139,3.90499280394517,3.83473791889512,3.80218563805814,NaN,NaN
252.999551168,3.95421569016816,3.88078430320777,3.81436095506491,3.78924344981866,NaN,NaN
253.000551168,3.85830834846382,3.85545472859286,3.79455795733396,3.77690441283342,NaN,NaN
253.001551168,3.74238764088294,3.82950808933181,3.77533040650791,3.7651474215513,NaN,NaN
253.002551168,3.78996158196615,3.80343349109621,3.75667867541495,3.75395537371551,NaN,NaN
253.003551168,3.85625195708247,3.77746016045255,3.73860118172215,3.74330426822815,NaN,NaN
253.004551168,3.74224583566379,3.75174131347251,3.72109508259276,3.73317434248583,NaN,NaN
253.005551168,3.74135427019161,3.72662429603101,3.70415758763056,3.72354064475763,NaN,NaN
253.006551168,3.65262057298932,3.70261607111926,3.68778626680354,3.71438419242278,NaN,NaN
253.007551168,3.65364993093903,3.68016236896271,3.67197831060607,3.70568082691137,NaN,NaN
253.008551168,3.65479185082816,3.65948156524317,3.6567296361464,3.69741048457939,NaN,NaN
253.009551168,3.59418337276655,3.64053438179782,3.64203417072126,3.6895465964023,NaN,NaN
253.010551168,3.58674144645873,3.6230261295667,3.62788301319165,3.68206525882487,NaN,NaN
253.011551168,3.67089178006428,3.60640786653906,3.61426402356193,3.67493468924643,NaN,NaN
253.012551168,3.65926572641089,3.59007987945828,3.60116291730253,3.66812664045775,NaN,NaN
253.013551168,3.59419624137332,3.57375244335219,3.58856521760812,3.66160819426048,NaN,NaN
253.014551168,3.50228732950943,3.55755322504997,3.57645714485668,3.65535291147624,NaN,NaN
253.015551168,3.51460184659814,3.54174561812793,3.5648248625758,3.64932967834852,NaN,NaN
253.016551168,3.54381057684114,3.52642196235201,3.55365338229829,3.64351212707337,NaN,NaN
253.017551168,3.58614139704156,3.51153657987631,3.54292635554509,3.63786829181504,NaN,NaN
253.018551168,3.54371049901994,3.4972233900654,3.53262664860533,3.63237110658702,NaN,NaN
253.019551168,3.42768680836399,3.48400626282443,3.52273684715266,3.62698914775712,NaN,NaN
253.020551168,3.40739218660191,3.47260052566353,3.51323897796929,3.62169602986217,NaN,NaN
253.021551168,3.41147363013088,3.4634759581019,3.50411367843936,3.61646010246979,NaN,NaN
253.022551168,3.47382519882711,3.45662354622004,3.49534000471664,3.61125378155784,NaN,NaN
253.023551168,3.41898505011665,3.45166108501075,3.48689634965951,3.6060446925862,NaN,NaN
253.024551168,3.5121945429849,3.44805749555877,3.47876141226027,3.60080679908109,NaN,NaN
253.025551168,3.43472291067201,3.44532366968764,3.47091457199915,3.59551065424107,NaN,NaN
253.026551168,3.43670037179019,3.44311052015822,3.46333624113929,3.59013363871282,NaN,NaN
253.027551168,3.4501871954801,3.44115936012627,3.45600815714866,3.5846506650851,NaN,NaN
253.028551168,3.50467208833031,3.43926486121497,3.44891297101332,3.57904316775828,NaN,NaN
253.029551168,3.42077437281717,3.4373871613853,3.44203345926446,3.57328898249138,NaN,NaN
253.030551168,3.4688876027699,3.43573109752033,3.43535194836395,3.56737125893389,NaN,NaN
253.031551168,3.41333733337922,3.43467913224701,3.42884985949633,3.56126840960793,NaN,NaN
253.032551168,3.36420785048491,3.43464021844806,3.4225073199567,3.55496330092335,NaN,NaN
253.033551168,3.39860577443468,3.43581502930909,3.416302878931,3.54843326018737,NaN,NaN
253.034551168,3.44568860200374,3.43801661498835,3.41021341115652,3.54165988238143,NaN,NaN
253.035551168,3.39685617001198,3.44071852353505,3.40421444733327,3.53461940966442,NaN,NaN
253.036551168,3.46261908644906,3.44318710655156,3.39828068210451,3.52729299600278,NaN,NaN
253.037551168,3.49766852443548,3.44460130723168,3.39238647756117,3.51965758463756,NaN,NaN
253.038551168,3.48449008019658,3.444266748807,3.38650660892584,3.5116961326597,NaN,NaN
253.039551168,3.45009852337696,3.44181719312074,3.3806168981618,3.50338900437037,NaN,NaN
253.040551168,3.44656949386861,3.43721081606247,3.3746943083521,3.4947229954616,NaN,NaN
253.041551168,3.4155702010005,3.4305858126962,3.3687167710959,3.48568217785076,NaN,NaN
253.042551168,3.42141359804501,3.42212362800467,3.36266298063166,3.47625691415593,NaN,NaN
253.043551168,3.41886540555425,3.41198032607051,3.35651224129247,3.46643415056672,NaN,NaN
253.044551168,3.38519779544466,3.40028521924241,3.35024455531781,3.45620703531151,NaN,NaN
253.045551168,3.39892874304731,3.38715181337834,3.34384086089037,3.44556569713076,NaN,NaN
253.046551168,3.36812980927957,3.37268031303209,3.33728316728641,3.43450663640223,NaN,NaN
253.047551168,3.40015052922197,3.35699744604434,3.33055467479788,3.42302373193549,NaN,NaN
253.048551168,3.3664189323259,3.34035793170214,3.32364006664079,3.41111736592486,NaN,NaN
253.049551168,3.26892697396748,3.32320682247638,3.31652544719602,3.39878550517759,NaN,NaN
253.050551168,3.31393937276903,3.30606165620456,3.30919741569612,3.3860315318774,NaN,NaN
253.051551168,3.27870592673015,3.28934091679748,3.30164220955792,3.37285455584856,NaN,NaN
253.052551168,3.31472366450541,3.27337185371098,3.29384582712398,3.35925846013388,NaN,NaN
253.053551168,3.26013309251003,3.25853232952871,3.28579465061474,3.34524330044512,NaN,NaN
253.054551168,3.18659794027572,3.2453016154773,3.27747581125447,3.33081487064459,NaN,NaN
253.055551168,3.19167711129125,3.23408796833452,3.26887681155701,3.31597505688659,NaN,NaN
253.056551168,3.20566942117119,3.22498913465853,3.25998460037394,3.30073011668003,NaN,NaN
253.057551168,3.24857508195591,3.21776672661767,3.25078502526461,3.28508093389521,NaN,NaN
253.058551168,3.23385507201424,3.21205698072038,3.24126319247306,3.26903216871177,NaN,NaN
253.059551168,3.1772898182748,3.20757295055089,3.23140435947276,3.25258456263626,NaN,NaN
253.060551168,3.13299660928547,3.20405444195545,3.22119461048199,3.23574413420529,NaN,NaN
253.061551168,3.18143082132488,3.20100999172145,3.21062107958013,3.21851352173007,NaN,NaN
253.062551168,3.19713380365875,3.19756777424613,3.19967199310055,3.2009009594007,NaN,NaN
253.063551168,3.21238758637766,3.19259548032834,3.18833673835263,3.182911355412,NaN,NaN
253.064551168,3.25586917842179,3.18495960490404,3.17660614585912,3.16455541299853,NaN,NaN
253.065551168,3.25831238968829,3.17381962008156,3.16447313047194,3.14584135953732,NaN,NaN
253.066551168,3.17306023048159,3.15887388906982,3.15193340600382,3.12678438020976,NaN,NaN
253.067551168,3.13884535284671,3.14036549523501,3.138985554535,3.10739808141395,NaN,NaN
253.068551168,3.08980784424219,3.11882630240414,3.12563017566013,3.08770201176931,NaN,NaN
253.069551168,3.11334910196257,3.09480993685823,3.11186875193189,3.06771219499579,NaN,NaN
253.070551168,3.05896613355697,3.06880603361434,3.09770297369159,3.04744864542538,NaN,NaN
253.071551168,3.02019293157547,3.04126219883705,3.08313450784842,3.02692672110057,NaN,NaN
253.072551168,3.02850911351049,3.01257428381033,3.06816480027113,3.00616542191816,NaN,NaN
253.073551168,3.03155644329087,2.98311607924327,3.0527952602714,2.98517894474304,NaN,NaN
253.074551168,2.97664726470238,2.95339887663143,3.03702808693604,2.96398615280949,NaN,NaN
253.075551168,2.94226679258741,2.9242135976369,3.02086688484821,2.94260234207765,NaN,NaN
253.076551168,2.86981363461427,2.89659948983353,3.00431656725818,2.92104780430228,NaN,NaN
253.077551168,2.82193777137387,2.87165425743974,2.98738275150022,2.89933889708883,NaN,NaN
253.078551168,2.82476477748946,2.85029333211762,2.97007115203221,2.87749536910998,NaN,NaN
253.079551168,2.74370436221359,2.8330678710455,2.95238756261128,2.8555322949002,NaN,NaN
253.080551168,2.80121523088122,2.82005384544039,2.93433799264158,2.83346849880078,NaN,NaN
253.081551168,2.78853777406666,2.81083281862511,2.91592856092088,2.81131795307329,NaN,NaN
253.082551168,2.81209956266489,2.80462280260122,2.89716568049421,2.7890983919525,NaN,NaN
253.083551168,2.75250346183776,2.80044262662826,2.87805637467526,2.7668231314878,NaN,NaN
253.084551168,2.79474486893872,2.79714919184559,2.85860804272469,2.74450934339927,NaN,NaN
253.085551168,2.89529283773637,2.79348120091325,2.83882812063908,2.72216922739472,NaN,NaN
253.086551168,2.7953581247481,2.78831302224614,2.81872460719054,2.69981882173333,NaN,NaN
253.087551168,2.77112914795536,2.78087881646699,2.79830690052551,2.67747072932308,NaN,NaN
253.088551168,2.78926054144637,2.77068125764103,2.77758574665293,2.65514193297281,NaN,NaN
253.089551168,2.74238772509624,2.7573053896615,2.7565725009818,2.63284529876396,NaN,NaN
253.090551168,2.76453738645913,2.74036396080078,2.73527855291394,2.6105967768194,NaN,NaN
253.091551168,2.82298122951401,2.71957994334884,2.71371568171389,2.58840790981872,NaN,NaN
253.092551168,2.73395469591567,2.69502649785848,2.69189738901827,2.56629503406241,NaN,NaN
253.093551168,2.68486192037777,2.66732768373963,2.66983962859777,2.5442719447492,NaN,NaN
253.094551168,2.60727060134337,2.6375551107765,2.64755983867293,2.52235727464283,NaN,NaN
253.095551168,2.56167928529433,2.60690496012788,2.6250752390841,2.50056450063099,NaN,NaN
253.096551168,2.53905377704689,2.57639036464878,2.60240177873719,2.47890880437254,NaN,NaN
253.097551168,2.58564613680041,2.54671901479637,2.57955454734069,2.45739994426451,NaN,NaN
253.098551168,2.47637558354632,2.51839627273713,2.5565492180571,2.43605122867782,NaN,NaN
253.099551168,2.5099254777661,2.49185763433898,2.53340297690831,2.41487276871392,NaN,NaN
253.100551168,2.4358412548591,2.46747999633954,2.51013455610975,2.39387928824142,NaN,NaN
253.101551168,2.40084401192621,2.44551944524334,2.48676388530178,2.3730820299637,NaN,NaN
253.102551168,2.35594922148984,2.42597512299064,2.46331102280406,2.35249556872569,NaN,NaN
253.103551168,2.39781376685314,2.40842627484407,2.43979435428487,2.33212802915719,NaN,NaN
253.104551168,2.4393522690712,2.3920584301719,2.41622946733995,2.31198799520287,NaN,NaN
253.105551168,2.39380582987626,2.37594295536089,2.39262988672016,2.29207733556423,NaN,NaN
253.106551168,2.41091618886479,2.35933642806807,2.36900896317741,2.27240090519788,NaN,NaN
253.107551168,2.38543373825533,2.34183251106136,2.34538142117838,2.25296055918416,NaN,NaN
253.108551168,2.32144324833034,2.32340286155482,2.32176396086876,2.23376321908337,NaN,NaN
253.109551168,2.25260229530548,2.3042873810538,2.29817490688481,2.21481313366003,NaN,NaN
253.110551168,2.30643628425169,2.28474433283129,2.27463320299246,2.19611830603741,NaN,NaN
253.111551168,2.26405292579754,2.26491339670871,2.25115752414574,2.17768226026273,NaN,NaN
253.112551168,2.23233787157722,2.24487476770029,2.22776579848941,2.15951115184564,NaN,NaN
253.113551168,2.25472356435932,2.2247147959441,2.20447486239513,2.14160565098361,NaN,NaN
253.114551168,2.21676641901191,2.20456719374085,2.18130059855719,2.12396888225542,NaN,NaN
253.115551168,2.1558350174256,2.18465944814821,2.1582587058247,2.10659980348761,NaN,NaN
253.116551168,2.14964719602038,2.16525038016726,2.13536519162869,2.0895008882968,NaN,NaN
253.117551168,2.15269523030789,2.14650418928045,2.11263635538997,2.07267104994188,NaN,NaN
253.118551168,2.13228213294573,2.1284792596895,2.09008903200615,2.05611306692219,NaN,NaN
253.119551168,2.13999249092282,2.11122761062367,2.06774107448368,2.03982699191346,NaN,NaN
253.120551168,2.05818385528015,2.09487070390145,2.04561129303985,2.02381725414225,NaN,NaN
253.121551168,2.06429401108611,2.07955013122357,2.02371859349827,2.00808456287107,NaN,NaN
253.122551168,2.03568824079337,2.06528673528818,2.00208077148379,1.99263221085538,NaN,NaN
253.123551168,2.03032275457868,2.05188144001405,1.98071356606837,1.97745763380082,NaN,NaN
253.124551168,2.09040497345409,2.03894004439004,1.95963040786022,1.96255975785026,NaN,NaN
253.125551168,2.01157767013724,2.02602329779584,1.93884299091306,1.94793214984263,NaN,NaN
253.126551168,2.0251392869663,2.01278478754668,1.91836217893942,1.93357116928098,NaN,NaN
253.127551168,1.99527335873298,1.99896830971476,1.89819866283357,1.91946968503912,NaN,NaN
253.128551168,1.97923564289914,1.98434781428414,1.87836328707361,1.9056243311315,NaN,NaN
253.129551168,1.95204603487232,1.96868197087314,1.85886698211846,1.89202864897602,NaN,NaN
253.130551168,1.98124052779255,1.95168534419756,1.83972046277179,1.87867971339124,NaN,NaN
253.131551168,1.97794060604813,1.93309710730263,1.82093430037121,1.86557109337965,NaN,NaN
253.132551168,1.93707592300168,1.91285105595282,1.80251933683761,1.85270070542692,NaN,NaN
253.133551168,1.90707272939246,1.89118520478737,1.78448670791599,1.84006351837572,NaN,NaN
253.134551168,1.89155328023005,1.86861493810466,1.76684732141874,1.82765815718916,NaN,NaN
253.135551168,1.80481763401445,1.84583675103156,1.74961124174876,1.81547943212017,NaN,NaN
253.136551168,1.80926591895366,1.8235767264375,1.73278725326569,1.80352476263666,NaN,NaN
253.137551168,1.7238505495194,1.80238836166402,1.71638259424465,1.79178724285131,NaN,NaN
253.138551168,1.76403579776567,1.78247300938799,1.70040265352153,1.78026190705009,NaN,NaN
253.139551168,1.77969493701961,1.76363734458868,1.68485086497293,1.76893917262047,NaN,NaN
253.140551168,1.78123130106523,1.74547465145199,1.66972944891506,1.75781219935573,NaN,NaN
253.141551168,1.77135446623214,1.72766051221643,1.65504055368678,1.74687134295374,NaN,NaN
253.142551168,1.76179130250846,1.71017679872815,1.64078683163563,1.73611155327918,NaN,NaN
253.143551168,1.6414310121039,1.69336770800956,1.62697129269726,1.7255252906057,NaN,NaN
253.144551168,1.63548169053602,1.67774747529295,1.6135964676137,1.71510876667569,NaN,NaN
253.145551168,1.66109006421388,1.66368363289473,1.60066345632289,1.70485410877957,NaN,NaN
253.146551168,1.6175575385742,1.651258140664,1.58817199020318,1.69475609258067,NaN,NaN
253.147551168,1.6278898238951,1.64031144664226,1.57612123622287,1.68480652858777,NaN,NaN
253.148551168,1.63191059533673,1.63049325334348,1.56451016139428,1.67500091487896,NaN,NaN
253.149551168,1.64771521701438,1.62134006604626,1.55333743250355,1.66533201897655,NaN,NaN
253.150551168,1.62116782982287,1.61241316653322,1.54260123539847,1.65579635732689,NaN,NaN
253.151551168,1.61976287618259,1.60340150588071,1.53229883799871,1.64638689278143,NaN,NaN
253.152551168,1.57085012589658,1.59412091277908,1.52242609121305,1.63709936449011,NaN,NaN
253.153551168,1.63833138016623,1.58446294914221,1.51297762884441,1.62792582321607,NaN,NaN
253.154551168,1.59623007411737,1.57442732137357,1.50394815724346,1.61886250754166,NaN,NaN
253.155551168,1.56944027506287,1.56422701011205,1.49533388167245,1.60990473332004,NaN,NaN
253.156551168,1.53131338784568,1.55427694043695,1.48713241794318,1.60105311998757,NaN,NaN
253.157551168,1.50940339570125,1.54502028490411,1.47934108102303,1.59230579547562,NaN,NaN
253.158551168,1.52785790175564,1.53674510877841,1.47195506421173,1.58366262808374,NaN,NaN
253.159551168,1.50265316693079,1.52951120332167,1.46496674704787,1.57511836403642,NaN,NaN
253.160551168,1.54898272178277,1.52318932575773,1.45836636832662,1.56666947388847,NaN,NaN
253.161551168,1.50028707415381,1.51755809825989,1.45214351856015,1.55830944194491,NaN,NaN
253.162551168,1.47942548857182,1.51235613676577,1.44628833369994,1.55003629565161,NaN,NaN
253.163551168,1.52549539351303,1.50723347141973,1.44079141200749,1.54184597601939,NaN,NaN
253.164551168,1.49897088856405,1.50173278273425,1.43564266328545,1.53373762888054,NaN,NaN
253.165551168,1.51056054240546,1.49537454760301,1.43083041903092,1.52570648701728,NaN,NaN
253.166551168,1.50172178428213,1.4877410833615,1.42634180279159,1.51775012619335,NaN,NaN
253.167551168,1.55030353345711,1.47855692645884,1.4221641415509,1.50986419075677,NaN,NaN
253.168551168,1.43329393009733,1.4677947745931,1.41828626427703,1.50204938545686,NaN,NaN
253.169551168,1.44331232455779,1.45564836256743,1.41469824704698,1.49430512439579,NaN,NaN
253.170551168,1.44902863537661,1.44234370948898,1.41138970325948,1.48663405925998,NaN,NaN
253.171551168,1.46653291165329,1.42805960005179,1.40834865171158,1.47903466688832,NaN,NaN
253.172551168,1.43908698523954,1.41306051819794,1.40556207091593,1.47150803859144,NaN,NaN
253.173551168,1.41999558330309,1.39784472885048,1.40301721969977,1.46405278670089,NaN,NaN
253.174551168,1.34166034898857,1.38313947078371,1.40070231567007,1.45667204436357,NaN,NaN
253.175551168,1.31742945399952,1.36970803425297,1.39860585761305,1.44936671427084,NaN,NaN
253.176551168,1.33660228591165,1.3580841191294,1.39671523512264,1.44213971328862,NaN,NaN
253.177551168,1.35448033757212,1.34846327854842,1.39501597466406,1.43498959242028,NaN,NaN
253.178551168,1.3426059237652,1.3408185309658,1.39349201220383,1.42791642844714,NaN,NaN
253.179551168,1.28096501481256,1.3350291194089,1.39212632019653,1.41934836972573,NaN,NaN
253.180551168,1.3085229460287,1.33083253628191,1.39090115306264,1.41305010974669,NaN,NaN
253.181551168,1.34666764530847,1.32772619090256,1.38979783014498,1.40668209055664,NaN,NaN
253.182551168,1.34323690071632,1.32504741957814,1.38879680775424,1.40027408795974,NaN,NaN
253.183551168,1.3829033336822,1.32219888423545,1.38787842065082,1.39383764901143,NaN,NaN
253.184551168,1.30584323262002,1.31883019482893,1.38702366048831,1.38738007800545,NaN,NaN
253.185551168,1.33986957825762,1.3148609179905,1.38621461907727,1.38091233445943,NaN,NaN
253.186551168,1.3001514749739,1.3103823465383,1.38543483837219,1.37444158584537,NaN,NaN
253.187551168,1.33228012209956,1.30557676118589,1.38466947758593,1.36797944004614,NaN,NaN
253.188551168,1.32341957240797,1.30072409026768,1.38390505927768,1.36153379307127,NaN,NaN
253.189551168,1.27254545151581,1.29623729091054,1.38312898872328,1.35511656593263,NaN,NaN
253.190551168,1.24868375922996,1.29258852584141,1.38232903440293,1.34873458219222,NaN,NaN
253.191551168,1.229987472371,1.29008610138256,1.38149267278483,1.34239795359213,NaN,NaN
253.192551168,1.28244831547218,1.28867200304515,1.3806062958243,1.33610988713625,NaN,NaN
253.193551168,1.25599640415036,1.28790013315892,1.37965474821652,1.32987660622628,NaN,NaN
253.194551168,1.35754460781672,1.28708602085,1.37862173341533,1.32369551650295,NaN,NaN
253.195551168,1.30214428846693,1.28555904201695,1.377490793804,1.31757192224325,NaN,NaN
253.196551168,1.29546048118954,1.2828800466171,1.37624582830378,1.31149829913433,NaN,NaN
253.197551168,1.29210563211238,1.27886978071819,1.37487069190461,1.30547922530878,NaN,NaN
253.198551168,1.28352729948695,1.27352219000379,1.37334867288769,1.29951418367266,NaN,NaN
253.199551168,1.23093627317243,1.2669258356086,1.37166262698149,1.29358899380995,NaN,NaN
253.200551168,1.26566961385402,1.25916179268991,1.36979556810151,1.28770520978873,NaN,NaN
253.201551168,1.29549363478466,1.25025361324755,1.36773135505019,1.28185830969278,NaN,NaN
253.202551168,1.29262291451629,1.24031192075321,1.3654553998658,1.27604556224287,NaN,NaN
253.203551168,1.26425424086794,1.22976526473567,1.36295509346805,1.27026188363217,NaN,NaN
253.204551168,1.20244676067242,1.21943380291272,1.36021953689159,1.26450461807306,NaN,NaN
253.205551168,1.13920282309281,1.2103405329293,1.35723857705484,1.25877090439489,NaN,NaN
253.206551168,1.18463102756317,1.203373187821,1.35400182170887,1.25305805279454,NaN,NaN
253.207551168,1.16415757569827,1.19906070702268,1.35049861871456,1.24736202973754,NaN,NaN
253.208551168,1.17419159986796,1.19756894242408,1.34671882518148,1.24167854210447,NaN,NaN
253.209551168,1.18817724558273,1.19877450475452,1.3426531215532,1.23600298350717,NaN,NaN
253.210551168,1.16810219203393,1.20231788078865,1.33829241745199,1.23032993249055,NaN,NaN
253.211551168,1.20561958077662,1.20763134412775,1.33362690999112,1.22465214112978,NaN,NaN
253.212551168,1.23862191208654,1.21398703154251,1.32864585259038,1.21896034333986,NaN,NaN
253.213551168,1.21381887177948,1.22061442243573,1.32333859631555,1.21324557919513,NaN,NaN
253.214551168,1.23883276075,1.22679988217364,1.31769575500416,1.20749687428539,NaN,NaN
253.215551168,1.23127680192353,1.23189476153253,1.31170924034911,1.2017086316193,NaN,NaN
253.216551168,1.28111057590589,1.23532150028291,1.3053714303807,1.19586935027555,NaN,NaN
253.217551168,1.28189788593996,1.23666993687666,1.29867429220634,1.18997768893233,NaN,NaN
253.218551168,1.28947455411482,1.23585640084759,1.29160899396985,1.18400705597664,NaN,NaN
253.219551168,1.27701426817638,1.23324536826343,1.28416636174774,1.17795259895419,NaN,NaN
253.220551168,1.19544122293878,1.22963507868989,1.27633815379327,1.17180136420347,NaN,NaN
253.221551168,1.18930592427519,1.22604326840549,1.2681183206957,1.16554175089567,NaN,NaN
253.222551168,1.20342583435852,1.2233974397276,1.25950344149735,1.15916500052491,NaN,NaN
253.223551168,1.21017757100091,1.22236991244861,1.25049227324782,1.15266925061056,NaN,NaN
253.224551168,1.18671163527367,1.22338983628065,1.24108443589285,1.14603118263302,NaN,NaN
253.225551168,1.18996364357091,1.22665152385666,1.23127871224746,1.13925273782932,NaN,NaN
253.226551168,1.16637535975265,1.23203387550263,1.22107251943174,1.1323220981173,NaN,NaN
253.227551168,1.22779536039454,1.23900494389169,1.21046333850436,1.125227146673,NaN,NaN
253.228551168,1.2786988930087,1.24666138695117,1.19945079725807,1.11795770191727,NaN,NaN
253.229551168,1.25819886625159,1.25395249382075,1.18803749932572,1.11050559933507,NaN,NaN
253.230551168,1.25858456728345,1.25988885228684,1.17622781840739,1.10286474150425,NaN,NaN
253.231551168,1.28465198780386,1.26358064949514,1.16402591811766,1.09502726696245,NaN,NaN
253.232551168,1.31883153583077,1.26425138410316,1.15143517721398,1.08698464989949,NaN,NaN
253.233551168,1.29524062701253,1.26136220966981,1.1384593827984,1.07872861911072,NaN,NaN
253.234551168,1.27187398917137,1.25472864553181,1.12510391377348,1.07025027358269,NaN,NaN
253.235551168,1.28694719849617,1.24451463342028,1.11137528184556,1.06154416837981,NaN,NaN
253.236551168,1.22366732472537,1.23117056289952,1.09727947422881,1.05260217261514,NaN,NaN
253.237551168,1.21142400170202,1.21535015688629,1.08282075345443,1.04341446972918,NaN,NaN
253.238551168,1.17472918846426,1.1977720234677,1.06800164503564,1.03396915485853,NaN,NaN
253.239551168,1.18033329804634,1.17909054179343,1.05282377820605,1.02425368825981,NaN,NaN
253.240551168,1.16819608968926,1.15986685267371,1.0372887840787,1.01425514601294,NaN,NaN
253.241551168,1.14847836483111,1.14063221962669,1.0213986542582,1.00396041448468,NaN,NaN
253.242551168,1.09834139934691,1.12194288057682,1.00515587350903,0.993356550341386,NaN,NaN
253.243551168,1.07688850759836,1.10432976935814,0.988563615013761,0.982431666857819,NaN,NaN
253.244551168,1.02299893778025,1.08814962584359,0.971625697296069,0.97117433626049,NaN,NaN
253.245551168,1.09986384942728,1.0734537330927,0.954346504281162,0.959574121626189,NaN,NaN
253.246551168,1.06410220832108,1.06003249586576,0.936731411901956,0.947620932524939,NaN,NaN
253.247551168,1.01869376553265,1.04758683559481,0.918787526105658,0.935306808821129,NaN,NaN
253.248551168,1.04118493168947,1.03578918675877,0.900524089986888,0.922626046208528,NaN,NaN
253.249551168,0.975767858583513,1.02421285103621,0.881952162251144,0.909574452733391,NaN,NaN
253.250551168,1.05114418756642,1.01228384647389,0.863083727449571,0.89614974622128,NaN,NaN
253.251551168,1.02406795867509,0.999354045302766,0.843931106520298,0.882349293442309,NaN,NaN
253.252551168,1.00817566353172,0.984880366174005,0.824507020473143,0.868171408318302,NaN,NaN
253.253551168,0.991870580041176,0.968553683460911,0.804824537714295,0.853615667632073,NaN,NaN
253.254551168,0.964668209689168,0.950307220975524,0.784896764975012,0.83868046746911,NaN,NaN
253.255551168,0.941049931176745,0.930279357633501,0.764736833464223,0.823365864612723,NaN,NaN
253.256551168,0.931434345194741,0.908777416301963,0.744358020098422,0.807671870029698,NaN,NaN
253.257551168,0.788328443062669,0.88619565283348,0.723773389513698,0.791599285913911,NaN,NaN
253.258551168,0.896607095861374,0.862824929774463,0.702994956798698,0.775147701149132,NaN,NaN
253.259551168,0.853365689186363,0.838744633839711,0.682033422805687,0.755775176185189,NaN,NaN
253.260551168,0.804180866564522,0.813960264362839,0.66089885579991,0.739424159171074,NaN,NaN
253.261551168,0.801086010765906,0.788539253371451,0.639601269463077,0.722548601693893,NaN,NaN
253.262551168,0.758219780465398,0.762598997054351,0.618150830815758,0.705160045951072,NaN,NaN
253.263551168,0.734453866418926,0.736276679167169,0.596558062621141,0.687279740277975,NaN,NaN
253.264551168,0.687461995621129,0.709699794482361,0.574833668289231,0.6689177674436,NaN,NaN
253.265551168,0.640577941570151,0.682903216860162,0.552987827825299,0.650094309692645,NaN,NaN
253.266551168,0.64625867700084,0.655718020108495,0.531029666711253,0.630817062066207,NaN,NaN
253.267551168,0.653064475037801,0.627750465198196,0.508967760998303,0.611103738050027,NaN,NaN
253.268551168,0.596755274264381,0.598513176914738,0.486811472771981,0.59096176849595,NaN,NaN
253.269551168,0.597296959750494,0.567578190306925,0.464571841406307,0.570410670245407,NaN,NaN
253.270551168,0.550885408825268,0.53465369089623,0.442261629734886,0.549461046250536,NaN,NaN
253.271551168,0.487810776661426,0.499605015036702,0.419895153202687,0.528136113392395,NaN,NaN
253.272551168,0.4883602102598,0.462419122761497,0.397488142990577,0.506448129935086,NaN,NaN
253.273551168,0.468550716312758,0.423191843240888,0.375057795368167,0.484425150657293,NaN,NaN
253.274551168,0.455687534996485,0.382257862593749,0.352623294338152,0.462081422247275,NaN,NaN
253.275551168,0.380034654812442,0.340390787064097,0.330206632818802,0.439453216706039,NaN,NaN
253.276551168,0.17751619901594,0.298795443629598,0.307832847036433,0.4165558478561,NaN,NaN
253.277551168,0.185474099032578,0.258688370031729,0.285528407226064,0.393431529540391,NaN,NaN
253.278551168,0.208486750991401,0.220782155121664,0.263318350383352,0.370111899526051,NaN,NaN
253.279551168,0.217880985418168,0.185222221269272,0.24122485319718,0.346610543920551,NaN,NaN
253.280551168,0.186945459130695,0.151951183988282,0.219267962871691,0.322960041186184,NaN,NaN
253.281551168,0.0808894112149867,0.121020779013394,0.197466499165526,0.299188037037672,NaN,NaN
253.282551168,0.0894881591115126,0.0925863743894452,0.175837930370426,0.275318257817171,NaN,NaN
253.283551168,0.0306467240016208,0.0667299451907846,0.15439774813082,0.251372453229891,NaN,NaN
253.284551168,0.0390482484555557,0.0433492394264167,0.133159182037813,0.227367865211702,NaN,NaN
253.285551168,0.00367401977155768,0.0221502584185319,0.112133487315019,0.203324676137947,NaN,NaN
253.286551168,0.0245502757762517,0.00269723165443006,0.0913306233809268,0.17925957691089,NaN,NaN
253.287551168,0.0107421130975844,-0.0154773986029332,0.0707602976204889,0.155194103162277,NaN,NaN
253.288551168,0.00520067859566353,-0.0327180325447561,0.05043309683675,0.131147195194702,NaN,NaN
253.289551168,-0.0518762627444398,-0.0491329708903949,0.0303608935936455,0.107142695056998,NaN,NaN
253.290551168,-0.0994873135551957,-0.064636429519518,0.0105561651411827,0.08320162014549,NaN,NaN
253.291551168,-0.135768665818755,-0.0791643808521333,-0.0089691488935425,0.0593487293183903,NaN,NaN
253.292551168,-0.089596297101552,-0.0929078262995663,-0.0282042899742758,0.0356025710026102,NaN,NaN
253.293551168,-0.132469553554116,-0.106369030508536,-0.047139455552164,0.0119878903657686,NaN,NaN
253.294551168,-0.0971149500246803,-0.120253306102219,-0.0657650790552663,-0.0114792216669192,NaN,NaN
253.295551168,-0.103813003795847,-0.135313733230864,-0.0840710484830067,-0.0347689673322008,NaN,NaN
253.296551168,-0.0685375139057711,-0.152147735733082,-0.102046099298241,-0.0578634498522498,NaN,NaN
253.297551168,-0.213746833733498,-0.171008415903164,-0.119677633219255,-0.0807340070289535,NaN,NaN
253.298551168,-0.177992306646949,-0.191838199371412,-0.136952217608124,-0.103353432666183,NaN,NaN
253.299551168,-0.2529161602101,-0.214499920291876,-0.153856550522393,-0.125692805032624,NaN,NaN
253.300551168,-0.211541889409899,-0.238938557913624,-0.170378290951801,-0.147728315644785,NaN,NaN
253.301551168,-0.206171217021553,-0.265130119649886,-0.186506339927192,-0.169432873091627,NaN,NaN
253.302551168,-0.233110537836681,-0.292849155410115,-0.202230271567639,-0.190783381106214,NaN,NaN
253.303551168,-0.293084130340369,-0.321434603222228,-0.217539395080717,-0.211751696576424,NaN,NaN
253.304551168,-0.404849920280419,-0.349797476223519,-0.232422703379896,-0.232314180819362,NaN,NaN
253.305551168,-0.429729658363473,-0.376726200204897,-0.246869808881168,-0.252443472926127,NaN,NaN
253.306551168,-0.485263520887135,-0.401294367706808,-0.260871848515062,-0.272118569976806,NaN,NaN
253.307551168,-0.437129987369609,-0.423116614993159,-0.274421891365883,-0.291315787524697,NaN,NaN
253.308551168,-0.440150550861776,-0.44232658977229,-0.287514720811332,-0.31001594661328,NaN,NaN
253.309551168,-0.446567391097765,-0.459342052032596,-0.30014591273163,-0.328198227924381,NaN,NaN
253.310551168,-0.4628628654746,-0.474621105174117,-0.312311072464948,-0.345844241571601,NaN,NaN
253.311551168,-0.46676630322325,-0.488533664639132,-0.324005912988468,-0.362933125396903,NaN,NaN
253.312551168,-0.528174938699701,-0.501333823708934,-0.335226395653348,-0.37944830753554,NaN,NaN
253.313551168,-0.517442870662997,-0.513226068491379,-0.345968466345337,-0.395368171623132,NaN,NaN
253.314551168,-0.531640835845019,-0.524469166220797,-0.356227821452751,-0.41067912416925,NaN,NaN
253.315551168,-0.463684161007124,-0.535364615448943,-0.365999558892111,-0.42535823645971,NaN,NaN
253.316551168,-0.523976082486042,-0.546074161274585,-0.375277546102233,-0.439388696126806,NaN,NaN
253.317551168,-0.556214805412541,-0.556453833595086,-0.384054353392681,-0.452747674093858,NaN,NaN
253.318551168,-0.557083671752791,-0.566094036263586,-0.392322252551021,-0.465417290991352,NaN,NaN
253.319551168,-0.575778175590721,-0.57446168657589,-0.400074330986795,-0.47737581370298,NaN,NaN
253.320551168,-0.57644033488899,-0.580975633143167,-0.407304884392207,-0.48860796447279,NaN,NaN
253.321551168,-0.65897807312242,-0.585071956627654,-0.414009547455993,-0.499095804677565,NaN,NaN
253.322551168,-0.632075119070069,-0.586382044633011,-0.42018587324767,-0.508829164630846,NaN,NaN
253.323551168,-0.579071720952525,-0.584917085098996,-0.425834194350926,-0.517796128234235,NaN,NaN
253.324551168,-0.597263778791079,-0.581039466092183,-0.430958077811012,-0.525993975755839,NaN,NaN
253.325551168,-0.581649905434257,-0.575295867658462,-0.435564140794466,-0.533417086554267,NaN,NaN
253.326551168,-0.520291806803148,-0.568294055793842,-0.439661203923698,-0.54006841378998,NaN,NaN
253.327551168,-0.513610801901069,-0.560552579277376,-0.443258747713885,-0.545948436900346,NaN,NaN
253.328551168,-0.496761481919513,-0.552281848976518,-0.446365350647115,-0.55106000432523,NaN,NaN
253.329551168,-0.50351043007208,-0.543233454871122,-0.448987873885796,-0.555402838547147,NaN,NaN
253.330551168,-0.622468686317239,-0.532757455057294,-0.451131461283941,-0.558977851349911,NaN,NaN
253.331551168,-0.625690899742265,-0.520176846688771,-0.452800489520746,-0.561783392863361,NaN,NaN
253.332551168,-0.549689273860536,-0.50531194665922,-0.454000255057629,-0.56382323619648,NaN,NaN
253.333551168,-0.455467349080108,-0.488673093275124,-0.454737903744702,-0.565098311359676,NaN,NaN
253.334551168,-0.438161716647794,-0.471155884469967,-0.45502156890968,-0.565617951990066,NaN,NaN
253.335551168,-0.515834854831183,-0.453664717122847,-0.454859077454307,-0.565386415383097,NaN,NaN
253.336551168,-0.43526903331524,-0.437079105918373,-0.454258073179395,-0.564413927461314,NaN,NaN
253.337551168,-0.347096290661029,-0.422357438704023,-0.453226903558562,-0.562706823477608,NaN,NaN
253.338551168,-0.399755362559943,-0.410390861203089,-0.451774556647367,-0.560277641602076,NaN,NaN
253.339551168,-0.34573671261507,-0.40175889451961,-0.449909746386412,-0.557134642144036,NaN,NaN
253.340551168,-0.335924912038429,-0.396631101604512,-0.447639937858305,-0.553290743888334,NaN,NaN
253.341551168,-0.451816460112442,-0.394774477350006,-0.444970647390212,-0.548752863816462,NaN,NaN
253.342551168,-0.341026128607738,-0.395688282179197,-0.441905839534075,-0.543532196100016,NaN,NaN
253.343551168,-0.414649881435878,-0.398771489725412,-0.438449607711632,-0.537634051566798,NaN,NaN
253.344551168,-0.357016598451902,-0.403332887776901,-0.434607643144467,-0.531075316906248,NaN,NaN
253.345551168,-0.392494773355442,-0.408512854134455,-0.430387373086458,-0.523867092359718,NaN,NaN
253.346551168,-0.428332554341165,-0.413251628998123,-0.425797539630061,-0.516028031080646,NaN,NaN
253.347551168,-0.445051816058188,-0.416378384265609,-0.420848325613346,-0.507574892120783,NaN,NaN
253.348551168,-0.395946816004726,-0.416768839479286,-0.415551548925939,-0.49852982586268,NaN,NaN
253.349551168,-0.428625513545538,-0.413392032435427,-0.409920028451392,-0.488914083699758,NaN,NaN
253.350551168,-0.518837089677101,-0.405329822171262,-0.403967051861826,-0.478752772744102,NaN,NaN
253.351551168,-0.465982006340114,-0.392019476128551,-0.397707231975637,-0.468070194438558,NaN,NaN
253.352551168,-0.444735441276399,-0.37358302750316,-0.391157719208846,-0.456898395032737,NaN,NaN
253.353551168,-0.354270257331892,-0.350898297610227,-0.384338139912096,-0.445267322347589,NaN,NaN
253.354551168,-0.315249912879532,-0.325371482709228,-0.377269594168808,-0.433213726826186,NaN,NaN
253.355551168,-0.23190989992187,-0.298579724024628,-0.369973702740604,-0.420769991874546,NaN,NaN
253.356551168,-0.254169202502231,-0.271936210706315,-0.362471837479031,-0.407973788866658,NaN,NaN
253.357551168,-0.254733371532731,-0.246539482802466,-0.354784806608375,-0.394858687341756,NaN,NaN
253.358551168,-0.22117607843653,-0.223266119222996,-0.346933443181207,-0.381463253803825,NaN,NaN
253.359551168,-0.204041597787316,-0.20293239696456,-0.338939337406888,-0.3678224829532,NaN,NaN
253.360551168,-0.13186948907426,-0.186324670289818,-0.330824610126283,-0.353974131963449,NaN,NaN
253.361551168,-0.103797367302508,-0.174052094194997,-0.322610675152429,-0.339952753526797,NaN,NaN
253.362551168,-0.103909224310337,-0.166303586076583,-0.314316729524307,-0.325799913682866,NaN,NaN
253.363551168,-0.178447742069958,-0.162719267510847,-0.305959239271968,-0.311540989056774,NaN,NaN
253.364551168,-0.147406020078945,-0.162522643785938,-0.297553163401439,-0.297213024140541,NaN,NaN
253.365551168,-0.15703576246146,-0.164752432976696,-0.289113767735653,-0.28284439410729,NaN,NaN
253.366551168,-0.150286715177876,-0.168359806502161,-0.28065735570717,-0.268471617287407,NaN,NaN
253.367551168,-0.174740841570239,-0.17219475599486,-0.272200872324661,-0.254125659786868,NaN,NaN
253.368551168,-0.189976005850156,-0.175025913951957,-0.263761247704937,-0.239841734490939,NaN,NaN
253.369551168,-0.253082858251807,-0.175667525728334,-0.255355165787128,-0.225650340002562,NaN,NaN
253.370551168,-0.202628600176013,-0.173198706272708,-0.246999833712952,-0.211585459945639,NaN,NaN
253.371551168,-0.193082337291211,-0.167120521212598,-0.238714277502499,-0.197678574279144,NaN,NaN
253.372551168,-0.168698692287414,-0.15732193915612,-0.230519734163666,-0.183968120872654,NaN,NaN
253.373551168,-0.167848944161961,-0.14395642218729,-0.222438842602424,-0.170490052267593,NaN,NaN
253.374551168,-0.184137863057321,-0.127400103443761,-0.214494866420896,-0.15728569695293,NaN,NaN
253.375551168,-0.0858176225011844,-0.108292976666804,-0.206711645093998,-0.144392799390603,NaN,NaN
253.376551168,-0.103313072748258,-0.0875099334805286,-0.199113526605638,-0.131849420706663,NaN,NaN
253.377551168,-0.047115092062153,-0.066026735701655,-0.191724906240708,-0.119689386522096,NaN,NaN
253.378551168,-0.0369961472289386,-0.0448054262245634,-0.184569873941901,-0.10794217322626,NaN,NaN
253.379551168,0.00594152293591654,-0.0247233238733869,-0.177671952471257,-0.0966554067693058,NaN,NaN
253.380551168,-0.0214908297742979,-0.00652283391433419,-0.171053788337195,-0.0858600342114297,NaN,NaN
253.381551168,-0.0470780515075098,0.00912793215181891,-0.164737363625802,-0.0755758353338457,NaN,NaN
253.382551168,0.071229181497716,0.0214762798908126,-0.158744914314895,-0.0658471626702453,NaN,NaN
253.383551168,0.109149922443391,0.0297141401844602,-0.153099366372167,-0.0566935033329787,NaN,NaN
253.384551168,0.0553016207434871,0.0332842067369747,-0.14782360568045,-0.048152182232169,NaN,NaN
253.385551168,0.00945753841814145,0.032060165242819,-0.14293979118165,-0.0402421640845069,NaN,NaN
253.386551168,0.0833102217189032,0.0262091331977201,-0.138469157321237,-0.0329952534729847,NaN,NaN
253.387551168,0.0461258959159296,0.0160809351964453,-0.134431332471875,-0.0264271442752777,NaN,NaN
253.388551168,0.0291459619989123,0.00229048299375729,-0.130843525341882,-0.0205610485591659,NaN,NaN
253.389551168,-0.00717539389681843,-0.014232320896388,-0.127720770476689,-0.0154060299177386,NaN,NaN
253.390551168,-0.0872274586250487,-0.0323613771478052,-0.125077251669313,-0.010979108920615,NaN,NaN
253.391551168,-0.0755359059067301,-0.051010974709586,-0.122927866973405,-0.00728521402200127,NaN,NaN
253.392551168,-0.074965311427061,-0.0693331762893081,-0.121288766516177,-0.0043403425687352,NaN,NaN
253.393551168,-0.0743859005039307,-0.0867127296309959,-0.12017604889119,-0.00214689512759147,NaN,NaN
253.394551168,-0.108513684990585,-0.10262458499874,-0.119603917265472,-0.000715654271064379,NaN,NaN
253.395551168,-0.0950563669457767,-0.116528071939572,-0.11958435886068,-4.1554409623339e-05,NaN,NaN
253.396551168,-0.186256380816283,-0.127859971955381,-0.120128303330446,-0.000127337019185951,NaN,NaN
253.397551168,-0.202492481074585,-0.136171789477549,-0.121247087462659,-0.00443036623154347,NaN,NaN
253.398551168,-0.179200994267638,-0.141375918920173,-0.122953830444023,-0.00713462152713115,NaN,NaN
253.399551168,-0.152836540226436,-0.143869499333435,-0.125264222880344,-0.0107874053654229,NaN,NaN
253.400551168,-0.194844907010847,-0.144450458970929,-0.128196478806573,-0.015385994957655,NaN,NaN
253.401551168,-0.0952031477999564,-0.144183557547569,-0.131770995170173,-0.0209463708365938,NaN,NaN
253.402551168,-0.0870992527701981,-0.14421097402871,-0.136009424768857,-0.027486240156566,NaN,NaN
253.403551168,-0.192877977143972,-0.145508493943474,-0.140933041116686,-0.0350210022496692,NaN,NaN
253.404551168,-0.160634177842532,-0.148871324140641,-0.146561955138858,-0.0435664980952765,NaN,NaN
253.405551168,-0.205786145647895,-0.155160411235331,-0.152915800159912,-0.0531338890217339,NaN,NaN
253.406551168,-0.122129331887564,-0.165464574286365,-0.160014557245497,-0.0637358661249922,NaN,NaN
253.407551168,-0.0817096944065216,-0.180951666229994,-0.167878369197042,-0.0753840489127175,NaN,NaN
253.408551168,-0.101897284935795,-0.202447670049252,-0.17652618994231,-0.0880872208152814,NaN,NaN
253.409551168,-0.0866291638075806,-0.229983322044502,-0.185973957853692,-0.101851300784002,NaN,NaN
253.410551168,-0.240300971039944,-0.262557778546,-0.196233276087933,-0.116677051045278,NaN,NaN
253.411551168,-0.369746036029323,-0.298302310888284,-0.207311439954302,-0.132559554625168,NaN,NaN
253.412551168,-0.429094155536734,-0.335079032326042,-0.219213071619372,-0.149491648463867,NaN,NaN
253.413551168,-0.510328318887342,-0.371197777529619,-0.231942508339878,-0.167463454167165,NaN,NaN
253.414551168,-0.386825661397144,-0.405827441804919,-0.24550549640773,-0.186467528582303,NaN,NaN
253.415551168,-0.403453862047016,-0.438873729935226,-0.259908995213582,-0.206495960078552,NaN,NaN
253.416551168,-0.493484525266384,-0.470505280198139,-0.275159675759842,-0.227542062225108,NaN,NaN
253.417551168,-0.521064313767831,-0.500867269872122,-0.291263280052056,-0.249595852705901,NaN,NaN
253.418551168,-0.554331293757889,-0.53015657679196,-0.30822528356977,-0.272647412807889,NaN,NaN
253.419551168,-0.53333065838558,-0.558726760485293,-0.326051534414081,-0.296685085029671,NaN,NaN
253.420551168,-0.553287677382956,-0.587002814947266,-0.344748409005772,-0.321699376685758,NaN,NaN
253.421551168,-0.564149166885715,-0.615270370313166,-0.364322627853797,-0.34768001488034,NaN,NaN
253.422551168,-0.675523921603663,-0.643530497380241,-0.384780859769047,-0.374617401268675,NaN,NaN
253.423551168,-0.680942190371296,-0.671576825132121,-0.406129658033914,-0.402497470060212,NaN,NaN
253.424551168,-0.66108336953843,-0.699173489000684,-0.428375629500592,-0.431312235845425,NaN,NaN
253.425551168,-0.722327414690729,-0.726070113965071,-0.4515248583347,-0.461048389048336,NaN,NaN
253.426551168,-0.774366435740348,-0.751920917818412,-0.475581816545636,-0.491692652861737,NaN,NaN
253.427551168,-0.800694796562571,-0.77634782182519,-0.500548942680751,-0.523229697786691,NaN,NaN
253.428551168,-0.827799813488886,-0.799103448319394,-0.526426553273583,-0.555641021167647,NaN,NaN
253.429551168,-0.832021914324986,-0.820166184830642,-0.553212137704738,-0.58890584717992,NaN,NaN
253.430551168,-0.87330566510472,-0.839749138010336,-0.580899603615788,-0.623000204469974,NaN,NaN
253.431551168,-0.86735567869896,-0.858287906322298,-0.609479341429264,-0.657896658852922,NaN,NaN
253.432551168,-0.864452247788912,-0.876407991121707,-0.63893876952162,-0.693566283204046,NaN,NaN
253.433551168,-0.910575975957103,-0.89484086639389,-0.669262971293552,-0.72997744654646,NaN,NaN
253.434551168,-0.858021593240944,-0.914320985305345,-0.70043588066466,-0.767098095826547,NaN,NaN
253.435551168,-0.869850915041586,-0.935434838823072,-0.732441903318148,-0.804879162187603,NaN,NaN
253.436551168,-0.936653253079094,-0.958409654530391,-0.765266774658365,-0.843311444786962,NaN,NaN
253.437551168,-0.989477351094483,-0.983042505342136,-0.798897084160349,-0.882357444728784,NaN,NaN
253.438551168,-1.05220505835118,-1.00889125868716,-0.83331935149301,-0.921989700538264,NaN,NaN
253.439551168,-1.05282083025022,-1.03556193117876,-0.868519900779554,-0.962179491902263,NaN,NaN
253.440551168,-1.10914162526477,-1.06289913045177,-0.904486163540986,-1.00289694379248,NaN,NaN
253.441551168,-1.02997237403281,-1.09100369930396,-0.941208900725228,-1.04410588486728,NaN,NaN
253.442551168,-1.11550811256369,-1.12006528696872,-0.978683240749965,-1.08581623296706,NaN,NaN
253.443551168,-1.12914189430167,-1.15014567649466,-1.01690693495789,-1.12799493888118,NaN,NaN
253.444551168,-1.15604702133825,-1.18109628579607,-1.05587704192724,-1.1706312853848,NaN,NaN
253.445551168,-1.24830135063789,-1.21259876500278,-1.09558754622303,-1.21370589444161,NaN,NaN
253.446551168,-1.23203212034886,-1.24426661726536,-1.13602918198836,-1.2572003050028,NaN,NaN
253.447551168,-1.25992933263349,-1.27573113880193,-1.1771903958558,-1.30109265304534,NaN,NaN
253.448551168,-1.29221202716323,-1.30660270587267,-1.21905755624859,-1.34536061369659,NaN,NaN
253.449551168,-1.31505353976103,-1.33637406209713,-1.26161401181764,-1.38997776299293,NaN,NaN
253.450551168,-1.41311020705209,-1.36441311855972,-1.30483893351221,-1.43491483069066,NaN,NaN
253.451551168,-1.48450343450815,-1.39014307633107,-1.34870741380137,-1.48013820100297,NaN,NaN
253.452551168,-1.40239213785082,-1.41333891174795,-1.3931923642582,-1.52561366730828,NaN,NaN
253.453551168,-1.45349619434328,-1.4342256140985,-1.43826639281462,-1.57130872965144,NaN,NaN
253.454551168,-1.48566243042892,-1.45332386215366,-1.48390216394797,-1.61719272605056,NaN,NaN
253.455551168,-1.48706608117114,-1.47135021147484,-1.53007232282397,-1.66323704175082,NaN,NaN
253.456551168,-1.46914968364922,-1.48921187217212,-1.57674996692827,-1.70940934783653,NaN,NaN
253.457551168,-1.51468824308783,-1.50792267910085,-1.62390897328534,-1.75567844580742,NaN,NaN
253.458551168,-1.55652029498136,-1.528515280454,-1.67152395153231,-1.80200501658726,NaN,NaN
253.459551168,-1.58117995000151,-1.55209605471185,-1.71957070878864,-1.84838183412866,NaN,NaN
253.460551168,-1.53322355991574,-1.57992534465826,-1.76802703649978,-1.89478100304111,NaN,NaN
253.461551168,-1.53743712191163,-1.61328277210001,-1.81687246524501,-1.94116834737313,NaN,NaN
253.462551168,-1.58416904134438,-1.65312814679775,-1.86608703877734,-1.98753755924606,NaN,NaN
253.463551168,-1.63164235094147,-1.69981916837767,-1.91565036563002,-2.03385628855457,NaN,NaN
253.464551168,-1.68581460265318,-1.75301895846007,-1.9655411543613,-2.08011085565092,NaN,NaN
253.465551168,-1.72555092511558,-1.81168854231025,-2.01573658923443,-2.12627098983616,NaN,NaN
253.466551168,-1.90002415057951,-1.87411967224224,-2.06621160617556,-2.17231664853597,NaN,NaN
253.467551168,-2.0584341183393,-1.93820766394568,-2.11693908759913,-2.21821413983215,NaN,NaN
253.468551168,-2.06477014385953,-2.00202863999265,-2.16789140164044,-2.26393973947068,NaN,NaN
253.469551168,-2.07868672894614,-2.06429065554739,-2.2190418197654,-2.30945992144742,NaN,NaN
253.470551168,-2.15921708406788,-2.12431579119248,-2.27036440400774,-2.35475095994718,NaN,NaN
253.471551168,-2.21826716215453,-2.18182485525774,-2.32183313326899,-2.39977915397693,NaN,NaN
253.472551168,-2.2621759322628,-2.23685381960997,-2.37342152372644,-2.444518313594,NaN,NaN
253.473551168,-2.23115466280184,-2.28970006154486,-2.42510248097269,-2.48893134720754,NaN,NaN
253.474551168,-2.34571988695898,-2.3407260365519,-2.47684772620476,-2.53298775214304,NaN,NaN
253.475551168,-2.41363397525711,-2.3901871458715,-2.52862728838049,-2.57664463629628,NaN,NaN
253.476551168,-2.45677780669975,-2.43829686241033,-2.58040975163929,-2.61986475122043,NaN,NaN
253.477551168,-2.51013166607509,-2.48539500229706,-2.63216299539148,-2.66715033331913,NaN,NaN
253.478551168,-2.55812934176616,-2.53203201145667,-2.68385506818521,-2.7110923405317,NaN,NaN
253.479551168,-2.5797601258484,-2.57897919157088,-2.73545519191129,-2.75478698333384,NaN,NaN
253.480551168,-2.59795941662573,-2.62716386446111,-2.78693431341737,-2.79822482447829,NaN,NaN
253.481551168,-2.62405908164653,-2.67749042220932,-2.83826439867517,-2.84140160030498,NaN,NaN
253.482551168,-2.64186833257351,-2.73058105626045,-2.8894170562304,-2.88430994580682,NaN,NaN
253.483551168,-2.80070959290821,-2.78656878979331,-2.94036308690324,-2.92694531209946,NaN,NaN
253.484551168,-2.86913311900875,-2.84514950459824,-2.99107354490853,-2.96930045762503,NaN,NaN
253.485551168,-2.89452166503197,-2.90586877677218,-3.04152115109147,-3.01137418939522,NaN,NaN
253.486551168,-2.96514872963623,-2.96831195378652,-3.09168062129666,-3.05316399650807,NaN,NaN
253.487551168,-3.03283167745046,-3.03208331719039,-3.14152804906295,-3.09467247846044,NaN,NaN
253.488551168,-3.10016226694783,-3.0967657563447,-3.19104039217737,-3.13589974925947,NaN,NaN
253.489551168,-3.12884130133359,-3.16191761826767,-3.24019512252575,-3.17685073854865,NaN,NaN
253.490551168,-3.20529674017608,-3.22701304339125,-3.28896947359207,-3.21752581278176,NaN,NaN
253.491551168,-3.3406138671698,-3.29138662012368,-3.33733966790022,-3.25792902420364,NaN,NaN
253.492551168,-3.39522877213017,-3.35435945230223,-3.38528100950679,-3.29805935584445,NaN,NaN
253.493551168,-3.4432373137463,-3.41548337452729,-3.43276849094917,-3.33791944990311,NaN,NaN
253.494551168,-3.50571511409563,-3.47466418084679,-3.479777024718,-3.37750796204746,NaN,NaN
253.495551168,-3.49200770774459,-3.53209924024603,-3.52628152437209,-3.41682729068664,NaN,NaN
253.496551168,-3.60375826299338,-3.58810767346165,-3.57225710113065,-3.45587576640352,NaN,NaN
253.497551168,-3.60439108120547,-3.64296797053054,-3.61767911879723,-3.49465599550076,NaN,NaN
253.498551168,-3.64416843796972,-3.69680610899516,-3.66252319306515,-3.53316669019803,NaN,NaN
253.499551168,-3.81656318666656,-3.74952626455097,-3.70676535647396,-3.57141033162149,NaN,NaN
253.500551168,-3.80296866720873,-3.80091664547233,-3.75038270334318,-3.60938617394591,NaN,NaN
253.501551168,-3.82482602013371,-3.85085058864595,-3.79335424923962,-3.64709828933913,NaN,NaN
253.502551168,-3.86987401352094,-3.89926079624088,-3.83566107070412,-3.68454926749279,NaN,NaN
253.503551168,-3.96739509937939,-3.9459685718175,-3.87728605719299,-3.72174650239666,NaN,NaN
253.504551168,-3.98683012858409,-3.99067156224162,-3.91821425079902,-3.75869501282689,NaN,NaN
253.505551168,-4.07405071021932,-4.03307408380771,-3.95843327377085,-3.79540478695269,NaN,NaN
253.506551168,-4.05954460662,-4.0729960693932,-3.99793299960992,-3.83188490572049,NaN,NaN
253.507551168,-4.07905983050219,-4.11036242487877,-4.03670463361259,-3.86814774959265,NaN,NaN
253.508551168,-4.15960480619907,-4.14507834202346,-4.07473956282469,-3.9042014475943,NaN,NaN
253.509551168,-4.19783790435831,-4.17697244482178,-4.11202846924557,-3.94005678182911,NaN,NaN
253.510551168,-4.22039613119331,-4.20590258919971,-4.14856126239008,-3.97571819172682,NaN,NaN
253.511551168,-4.25267366589074,-4.23187185333658,-4.18432758423404,-4.01119333520339,NaN,NaN
253.512551168,-4.28754895823681,-4.25507250058042,-4.21931731794591,-4.04648494540903,NaN,NaN
253.513551168,-4.27191282708922,-4.27590418585289,-4.25352083275126,-4.0815993367335,NaN,NaN
253.514551168,-4.25564420399612,-4.29491590842201,-4.28692895831044,-4.11653810391916,NaN,NaN
253.515551168,-4.31098380277128,-4.31263654285514,-4.31953306228765,-4.15130669247865,NaN,NaN
253.516551168,-4.31393615580278,-4.32944315585478,-4.3513254238535,-4.18590544693918,NaN,NaN
253.517551168,-4.33231861754793,-4.34555784428365,-4.38229946984146,-4.22033900125101,NaN,NaN
253.518551168,-4.39279094250278,-4.36110189762853,-4.41244980773613,-4.25460746750325,NaN,NaN
253.519551168,-4.41475216666173,-4.37621056406163,-4.44177266179951,-4.28871597140432,NaN,NaN
253.520551168,-4.30897785201324,-4.39114096843328,-4.47026642229706,-4.32266669055918,NaN,NaN
253.521551168,-4.38287670664051,-4.40614573307988,-4.49793110986525,-4.35646564145157,NaN,NaN
253.522551168,-4.4423427066797,-4.42123891971633,-4.52476705514216,-4.39011289528279,NaN,NaN
253.523551168,-4.40818042769462,-4.43619965820378,-4.55077440200259,-4.42361188777099,NaN,NaN
253.524551168,-4.47712543503286,-4.45072257084844,-4.57595368134209,-4.45696276479506,NaN,NaN
253.525551168,-4.43366582842988,-4.46448203321003,-4.60030651145986,-4.49016605139907,NaN,NaN
253.526551168,-4.5182825760958,-4.47714318202222,-4.62383595299147,-4.52322141870263,NaN,NaN
253.527551168,-4.5014319215193,-4.4884153735956,-4.64654661669317,-4.55613091869365,NaN,NaN
253.528551168,-4.51574899950617,-4.49814618340071,-4.66844462148435,-4.58889343849345,NaN,NaN
253.529551168,-4.52210303852966,-4.50637070508725,-4.6895372495534,-4.62151149345741,NaN,NaN
253.530551168,-4.57183675673465,-4.51332557025099,-4.70983259302908,-4.65398293985465,NaN,NaN
253.531551168,-4.56277650888842,-4.51953380568533,-4.72933986568659,-4.68630908361772,NaN,NaN
253.532551168,-4.56250141721452,-4.52592190649222,-4.74807010991711,-4.71848784780312,NaN,NaN
253.533551168,-4.5039288766743,-4.53381009502432,-4.76603646680262,-4.75052196841098,NaN,NaN
253.534551168,-4.51009729460588,-4.54470538299934,-4.7832538113875,-4.78241019816448,NaN,NaN
253.535551168,-4.52835068379698,-4.56001420764988,-4.79973805479384,-4.81415645142438,NaN,NaN
253.536551168,-4.5474455339011,-4.58085940970895,-4.81550550707161,-4.84575872259888,NaN,NaN
253.537551168,-4.51342336639989,-4.60799473839524,-4.83057229096163,-4.87721912433136,NaN,NaN
253.538551168,-4.61348488278123,-4.6416905002134,-4.84495343762761,-4.90853063421118,NaN,NaN
253.539551168,-4.59723126170135,-4.68163178173225,-4.85866210902412,-4.93968820548876,NaN,NaN
253.540551168,-4.74298316870143,-4.7269357440321,-4.87170974396733,-4.97067682862378,NaN,NaN
253.541551168,-4.84260851998739,-4.77635245177341,-4.88410686328492,-5.00149371807067,NaN,NaN
253.542551168,-4.86731633306854,-4.82865346863418,-4.8958639027476,-5.03212173026246,NaN,NaN
253.543551168,-4.96016445546436,-4.88299368823706,-4.90699212772009,-5.06254649906188,NaN,NaN
253.544551168,-4.94639627008824,-4.9390497340781,-4.91750462015355,-5.09275834423804,NaN,NaN
253.545551168,-4.98692582760452,-4.99694081059288,-4.9274164396708,-5.12274479551737,NaN,NaN
253.546551168,-5.03331917504136,-5.05699233518455,-4.93674376259518,-5.15249544006566,NaN,NaN
253.547551168,-5.05791356504002,-5.11946064651139,-4.945503089313,-5.18199909435875,NaN,NaN
253.548551168,-5.14103623330589,-5.18430995826727,-4.95371070677758,-5.21124280447287,NaN,NaN
253.549551168,-5.17454954373076,-5.25104914039827,-4.96138206665019,-5.24021297178337,NaN,NaN
253.550551168,-5.31881186935594,-5.31866138529102,-4.96853163409877,-5.26889361362027,NaN,NaN
253.551551168,-5.46016530414654,-5.38574059910089,-4.97517359206509,-5.29726844991659,NaN,NaN
253.552551168,-5.40788979423542,-5.45082178504774,-4.98132286946416,-5.32532058610627,NaN,NaN
253.553551168,-5.5431459005674,-5.51258435817442,-4.98699564262602,-5.35303527448621,NaN,NaN
253.554551168,-5.60448596490727,-5.56983180266637,-4.99220925258103,-5.38039656482056,NaN,NaN
253.555551168,-5.62684557671912,-5.62151234913981,-4.99698220147667,-5.4073914076873,NaN,NaN
253.556551168,-5.7046519947811,-5.66679223390495,-5.00133423483689,-5.43400519201132,NaN,NaN
253.557551168,-5.75410980242457,-5.70509043831802,-5.00528601999607,-5.460226395049,NaN,NaN
253.558551168,-5.77766676409869,-5.73615363724834,-5.00885849910371,-5.48604145442704,NaN,NaN
253.559551168,-5.78070637224368,-5.760129688331,-5.01207260091255,-5.51394915866515,-5.78070637224368,NaN
253.560551168,-5.75322061269356,-5.77750691739689,-5.01494958725352,-5.53893567625908,NaN,NaN
253.561551168,-5.67246330333611,-5.78885230997067,-5.01751103548446,-5.56347578128523,NaN,NaN
253.562551168,-5.75129263643004,-5.79439897586034,-5.01977760376927,-5.58755999510179,NaN,NaN
253.563551168,-5.79883306974281,-5.79378705734029,-5.02176766095622,-5.61117459747626,NaN,NaN
253.564551168,-5.74283688409804,-5.78617111815925,-5.02349717009642,-5.63430134117139,NaN,NaN
253.565551168,-5.88085585525801,-5.77050339136717,-5.0249806617316,-5.65692285686676,NaN,NaN
253.566551168,-5.79245357065312,-5.7458651586453,-5.02623278167402,-5.67901979321035,NaN,NaN
253.567551168,-5.71180078298689,-5.71176575186121,-5.02726978813369,-5.70057778039033,NaN,NaN
253.568551168,-5.73272969729883,-5.66818162042755,-5.02811009253858,-5.72158267551864,NaN,NaN
253.569551168,-5.7160472119677,-5.6155018095334,-5.02877434047533,-5.74202454664085,NaN,NaN
253.570551168,-5.59116563254506,-5.55466454458132,-5.02928582417296,-5.76189602814022,NaN,NaN
253.571551168,-5.45616063342298,-5.48722251520647,-5.02967025415156,-5.78119312628268,NaN,NaN
253.572551168,-5.38323693783091,-5.41506172264766,-5.02995428740385,-5.79991306793836,NaN,NaN
253.573551168,-5.23685823169345,-5.33996104839296,-5.03016389999912,-5.8180535850312,NaN,NaN
253.574551168,-5.24387917335759,-5.26325227707026,-5.03032326213135,-5.83561143080108,NaN,NaN
253.575551168,-5.16245464158973,-5.18571484723832,-5.03045410961222,-5.85258072827925,NaN,NaN
253.576551168,-5.16404157441515,-5.10775236959203,-5.0305758582022,-5.86895745266238,NaN,NaN
253.577551168,-5.21421734055352,-5.02982470883798,-5.03070654857314,-5.88473365333314,NaN,NaN
253.578551168,-5.06549836112867,-4.95306841771635,-5.03086451915822,-5.89989877285016,NaN,NaN
253.579551168,-4.69673085435716,-4.87961123671827,-5.03106962947577,-5.91445905224688,NaN,NaN
253.580551168,-4.51767159685871,-4.81185951136785,-5.03134162268588,-5.9284071426748,NaN,NaN
253.581551168,-4.73325924757564,-4.75117632777725,-5.03169628241775,-5.94174080323822,NaN,NaN
253.582551168,-4.6012336984678,-4.69731884411866,-5.03214377029644,-5.95444727544629,NaN,NaN
253.583551168,-4.62919908443408,-4.64886672924036,-5.03269011217361,-5.966518065208,NaN,NaN
253.584551168,-4.65721266321329,-4.60379074214858,-5.03333914056258,-5.97793812566919,NaN,NaN
253.585551168,-4.6273709157736,-4.55991116874671,-5.03409436913751,-5.98869994677063,NaN,NaN
253.586551168,-4.60421077428781,-4.51536574589174,-5.03496089330012,-5.99879067348006,NaN,NaN
253.587551168,-4.51585335718257,-4.46892218512376,-5.0359463919166,-6.00820833807468,NaN,NaN
253.588551168,-4.52210151390046,-4.42006941833022,-5.03706131628973,-6.01694946616787,NaN,NaN
253.589551168,-4.40983113104658,-4.36902217668227,-5.03831872012531,-6.02501928163643,NaN,NaN
253.590551168,-4.38597696918691,-4.31670079678627,-5.03973379175884,-6.03242272088881,NaN,NaN
253.591551168,-4.29687938551553,-4.2646607166423,-5.04132327738878,-6.03917177363139,NaN,NaN
253.592551168,-4.31059001361274,-4.21502710882106,-5.04310494656034,-6.0452767991639,NaN,NaN
253.593551168,-4.06049877482068,-4.17041823011648,-5.04509675184122,-6.05075348971664,NaN,NaN
253.594551168,-3.90750150775616,-4.13351893686907,-5.04731476441761,-6.05561389288005,NaN,NaN
253.595551168,-3.99721449553239,-4.10622236196035,-5.04977003953394,-6.05986822361159,NaN,NaN
253.596551168,-4.05882202966937,-4.0890582919573,-5.05246688675873,-6.06352024286574,NaN,NaN
253.597551168,-4.04712303824519,-4.08140915144423,-5.05540396247713,-6.06657562051569,NaN,NaN
253.598551168,-4.11436562739612,-4.08206060664783,-5.05857639741262,-6.06902520062861,NaN,NaN
253.599551168,-4.22660272540154,-4.08969163515148,-5.06197769494644,-6.07087133512818,NaN,NaN
253.600551168,-4.20941536001297,-4.10340919386558,-5.0656021046604,-6.07211167410838,NaN,NaN
253.601551168,-4.11583695837495,-4.12315914658591,-5.06944700158334,-6.0727538452579,NaN,NaN
253.602551168,-4.07696131354319,-4.1495884292912,-5.07351304516367,-6.07280607651691,NaN,NaN
253.603551168,-4.02215778044683,-4.18338504969034,-5.07780139265291,-6.07228415714026,NaN,NaN
253.604551168,-4.18793347168771,-4.22458217555735,-5.08231040855766,-6.07118865121586,NaN,NaN
253.605551168,-4.23526894697925,-4.27230124748171,-5.08703467509688,-6.06953554734517,NaN,NaN
253.606551168,-4.34341924349108,-4.32499217266666,-5.09196619708867,-6.06732635043244,NaN,NaN
253.607551168,-4.5175221691356,-4.38090368150931,-5.09709631589562,-6.06457138164962,NaN,NaN
253.608551168,-4.42083283008378,-4.43857052927309,-5.10241758810432,-6.06127641972413,NaN,NaN
253.609551168,-4.58578880650997,-4.49707756243151,-5.1079245321481,-6.0574565725809,NaN,NaN
253.610551168,-4.51882542889168,-4.55599804824931,-5.11361296017865,-6.05312366946676,NaN,NaN
253.611551168,-4.67464869190971,-4.61522535311749,-5.1194791817628,-6.04829725229447,NaN,NaN
253.612551168,-4.72974297328113,-4.67490871176797,-5.12551985609657,-6.0429927558682,NaN,NaN
253.613551168,-4.72067686024234,-4.73551267169861,-5.13173228569101,-6.0372321169292,NaN,NaN
253.614551168,-4.78074605049988,-4.79778693773684,-5.13811399467572,-6.03103420038939,NaN,NaN
253.615551168,-4.84922925494324,-4.86254934270683,-5.14466109819043,-6.02442006743489,NaN,NaN
253.616551168,-4.90915011922141,-4.93050357391013,-5.15136696843491,-6.01740459382987,NaN,NaN
253.617551168,-4.98428982584339,-5.0021857832818,-5.15822205264191,-6.01000503038365,NaN,NaN
253.618551168,-5.1195278597809,-5.07798833888477,-5.16521422032966,-6.00223456134088,NaN,NaN
253.619551168,-5.10079384960414,-5.15824231602373,-5.17232952899207,-5.99410923791687,NaN,NaN
253.620551168,-5.23830686900655,-5.2432294433096,-5.17955312001536,-5.98564384393131,NaN,NaN
253.621551168,-5.24773711609472,-5.33304176682105,-5.18686920943151,-5.97684339756398,NaN,NaN
253.622551168,-5.24337807906821,-5.42730381245245,-5.19426013881937,-5.96771967274596,NaN,NaN
253.623551168,-5.40778701363863,-5.52473291349467,-5.20170527364231,-5.95828931527349,NaN,NaN
253.624551168,-5.64352771125316,-5.62285276542933,-5.20918079049617,-5.94854779074729,NaN,NaN
253.625551168,-5.76711132289627,-5.71831160744181,-5.21666138247948,-5.9385076099817,NaN,NaN
253.626551168,-5.93025813169367,-5.80762563610141,-5.22412307403143,-5.92816788202412,NaN,NaN
253.627551168,-5.97687048361766,-5.88783846390956,-5.23154524902697,-5.91754420207591,NaN,NaN
253.628551168,-6.07290047641828,-5.95688968968633,-5.23891124805695,-5.90664439328945,NaN,NaN
253.629551168,-6.08664637035577,-6.01373236875491,-5.24620778762461,-5.89549094961469,NaN,NaN
253.630551168,-6.15984642556691,-6.05830629488839,-5.25342371383383,-5.88409731124855,NaN,NaN
253.631551168,-6.11765594803847,-6.09144669522553,-5.26054885241919,-5.87248870343895,NaN,NaN
253.632551168,-6.0432117217844,-6.11464974314785,-5.26757328950878,-5.86068015572702,NaN,NaN
253.633551168,-6.11987147278841,-6.12962608837467,-5.27448688015377,-5.84869591332076,NaN,NaN
253.634551168,-6.09501080658164,-6.13789498013326,-5.28127875498979,-5.83654995624196,NaN,NaN
253.635551168,-6.12220552522828,-6.14065595262301,-5.28793675203904,-5.8242642301133,NaN,NaN
253.636551168,-6.15280028503614,-6.1388394546055,-5.29444706065681,-5.8118488268897,NaN,NaN
253.637551168,-6.09235433416523,-6.13320162318105,-5.30079442266826,-5.79932147354021,NaN,NaN
253.638551168,-6.13744680391878,-6.12438328044446,-5.30696271635595,-5.78668928129599,NaN,NaN
253.639551168,-6.09641820044232,-6.11291705133151,-5.31293567592835,-5.77019731819984,NaN,NaN
253.640551168,-6.03672449303125,-6.09920999996647,-5.31869734941216,-5.75737722887685,NaN,NaN
253.641551168,-6.01074145008042,-6.08341105747435,-5.32423161289003,-5.74448877081972,NaN,NaN
253.642551168,-6.06285119128543,-6.06521550838706,-5.32952109452085,-5.73153512622867,NaN,NaN
253.643551168,-6.04694573175152,-6.04387257045211,-5.33454679682738,-5.71852676824024,NaN,NaN
253.644551168,-6.07917912142436,-6.01844624639613,-5.33928907677632,-5.70546313110089,NaN,NaN
253.645551168,-5.99854564744722,-5.98811989575461,-5.34372938446047,-5.69235367554415,NaN,NaN
253.646551168,-6.00103714550936,-5.9523693063551,-5.34785142681006,-5.67919927540236,NaN,NaN
253.647551168,-5.94646601598476,-5.91100925594519,-5.3516413614991,-5.66601225130588,NaN,NaN
253.648551168,-5.91284002599889,-5.86422258540744,-5.35508777053231,-5.65279621721428,NaN,NaN
253.649551168,-5.89105432735889,-5.81262680744766,-5.35818171854844,-5.63956694865223,NaN,NaN
253.650551168,-5.80555521079037,-5.7573706138646,-5.36091675503011,-5.62633068506496,NaN,NaN
253.651551168,-5.64129739739242,-5.70012777487916,-5.36328849109589,-5.61310580439821,NaN,NaN
253.652551168,-5.6149130402343,-5.64281635712114,-5.36529316888867,-5.59989893361314,NaN,NaN
253.653551168,-5.49801858667823,-5.58717659796347,-5.3669256939806,-5.58672614644871,NaN,NaN
253.654551168,-5.48220745316705,-5.53446830436607,-5.36817836626518,-5.57358658553401,NaN,NaN
253.655551168,-5.47007682661478,-5.48536621799439,-5.36904077221536,-5.56049103104056,NaN,NaN
253.656551168,-5.41060225221142,-5.44004875751762,-5.36950043314434,-5.54742840188603,NaN,NaN
253.657551168,-5.4022624769166,-5.39837728158306,-5.36954357010595,-5.53440354422083,NaN,NaN
253.658551168,-5.34415564450445,-5.36003038358373,-5.3691557170803,-5.52141173600424,NaN,NaN
253.659551168,-5.37837782285297,-5.32461145888457,-5.36832235016021,-5.50843940449284,NaN,NaN
253.660551168,-5.27465169919888,-5.29177977314572,-5.36702955609343,-5.49548140405795,NaN,NaN
253.661551168,-5.25987363968881,-5.26131606347301,-5.36526439836892,-5.48253420750587,NaN,NaN
253.662551168,-5.1791863919485,-5.23302423407613,-5.36301477773971,-5.4695889299516,NaN,NaN
253.663551168,-5.19767276399681,-5.20655235745556,-5.3602692033057,-5.45663885875616,NaN,NaN
253.664551168,-5.16050950176925,-5.18129538782366,-5.35701695683048,-5.44367181439182,NaN,NaN
253.665551168,-5.23253009680083,-5.15647386652577,-5.35324850150079,-5.43068125652381,NaN,NaN
253.666551168,-5.194980320551,-5.13140507462754,-5.34895589829341,-5.41765633693787,NaN,NaN
253.667551168,-5.13152051287973,-5.10581175911092,-5.34413322742825,-5.40459308676771,NaN,NaN
253.668551168,-5.1033044378066,-5.07991450711697,-5.33877685525196,-5.39148267121695,NaN,NaN
253.669551168,-5.04895234205073,-5.05429437971306,-5.33288546117652,-5.378323683162,NaN,NaN
253.670551168,-5.06873958263303,-5.02973656965567,-5.32645978430292,-5.36510910075412,NaN,NaN
253.671551168,-4.90880899000099,-5.0071174661364,-5.31950183303848,-5.35183836449202,NaN,NaN
253.672551168,-4.89626408453289,-4.98715733976663,-5.31201322665829,-5.33850261053421,NaN,NaN
253.673551168,-4.97628061501485,-4.97007520207582,-5.30399332321462,-5.32509742812626,NaN,NaN
253.674551168,-4.94173522233107,-4.95553090086649,-5.29543900463565,-5.31160559317978,NaN,NaN
253.675551168,-4.90775128821938,-4.94286023749583,-5.28634602703828,-5.29801930545873,NaN,NaN
253.676551168,-4.97060533096362,-4.93124174277609,-5.27670974460363,-5.28431792574618,NaN,NaN
253.677551168,-4.94194729158594,-4.91980358368277,-5.26652498774824,-5.27048813630211,NaN,NaN
253.678551168,-4.94320850047835,-4.90780351656788,-5.25578650655905,-5.2565109129274,NaN,NaN
253.679551168,-4.96905096000333,-4.89479574495181,-5.24449027309988,-5.24237233683368,NaN,NaN
253.680551168,-4.88443994987841,-4.88073790393635,-5.23263483381316,-5.2280537355705,NaN,NaN
253.681551168,-4.85421627348583,-4.86597297141564,-5.22022162745194,-5.21354500756043,NaN,NaN
253.682551168,-4.80166858938121,-4.85100645390225,-5.2072538364496,-5.19883157769557,NaN,NaN
253.683551168,-4.79975575672718,-4.83620838404868,-5.1937346685818,-5.18390462265915,NaN,NaN
253.684551168,-4.84251161374205,-4.82165661099913,-5.17966648252439,-5.16874751274742,NaN,NaN
253.685551168,-4.84455997854221,-4.80723574207476,-5.16505130144959,-5.15334831694064,NaN,NaN
253.686551168,-4.78480074338221,-4.79287519256978,-5.14989195546874,-5.13768955400691,NaN,NaN
253.687551168,-4.78788957622678,-4.77866034340158,-5.13419289135313,-5.12176116520034,NaN,NaN
253.688551168,-4.75895815821762,-4.76477273561556,-5.11796043052538,-5.1055488765146,NaN,NaN
253.689551168,-4.70610602624946,-4.75138878832705,-5.10120238873581,-5.08904555012212,NaN,NaN
253.690551168,-4.74863566473282,-4.7385734648873,-5.0839270078225,-5.07223875438937,NaN,NaN
253.691551168,-4.78584440441888,-4.72627473932357,-5.06614216200942,-5.05512097732261,NaN,NaN
253.692551168,-4.69326054883658,-4.71449751696591,-5.04785579005551,-5.03767845250274,NaN,NaN
253.693551168,-4.69011251362297,-4.70340663190211,-5.02907675903899,-5.01990558418912,NaN,NaN
253.694551168,-4.68511443122493,-4.69320445690799,-5.00981506286557,-5.00178922948447,NaN,NaN
253.695551168,-4.66033955564334,-4.68399195144842,-4.99008146046383,-4.98332602252806,NaN,NaN
253.696551168,-4.68210407185425,-4.67573717151902,-4.96988692625383,-4.96450522257793,NaN,NaN
253.697551168,-4.64552595926397,-4.66829183844759,-4.94924219854408,-4.94532249489192,NaN,NaN
253.698551168,-4.63358069806785,-4.66139227878071,-4.92815753271563,-4.92576662895014,NaN,NaN
253.699551168,-4.6093662183259,-4.65459153760166,-4.9066423454538,-4.90583289567683,NaN,NaN
253.700551168,-4.65812469626112,-4.64717740209262,-4.88470481094175,-4.885508870354,NaN,NaN
253.701551168,-4.63853726372497,-4.63821033008198,-4.86235189642635,-4.86478779134798,NaN,NaN
253.702551168,-4.71278476101199,-4.62671575798989,-4.83959015094498,-4.843655744091,NaN,NaN
253.703551168,-4.68295454679791,-4.61198076497967,-4.81642715505039,-4.8221072518752,NaN,NaN
253.704551168,-4.66466093481316,-4.59384832939844,-4.79287277560824,-4.80013335546485,NaN,NaN
253.705551168,-4.63226977391944,-4.57286189352367,-4.76893952546722,-4.77773471677644,NaN,NaN
253.706551168,-4.55727130715922,-4.55021906023107,-4.74464246188361,-4.75490856055463,NaN,NaN
253.707551168,-4.4687220646285,-4.52754538480037,-4.71999883287433,-4.7316611072644,NaN,NaN
253.708551168,-4.39803715999559,-4.50647084681558,-4.69502699772996,-4.70799437011473,NaN,NaN
253.709551168,-4.45269556423857,-4.48816319717389,-4.66974487954164,-4.68391623831951,NaN,NaN
253.710551168,-4.39166222874379,-4.47309661724539,-4.64416882822999,-4.65942855752244,NaN,NaN
253.711551168,-4.45460325769368,-4.4610923442335,-4.61831315670727,-4.63453758980506,NaN,NaN
253.712551168,-4.46987269418273,-4.45150185367552,-4.5921902816939,-4.60924188816804,NaN,NaN
253.713551168,-4.45825138219073,-4.44348035514698,-4.56581170568034,-4.58354719495752,NaN,NaN
253.714551168,-4.47258116649085,-4.43624488880989,-4.53918939619571,-4.55745292007279,NaN,NaN
253.715551168,-4.47080934153316,-4.42922805573973,-4.51233649665782,-4.53096755664837,NaN,NaN
253.716551168,-4.42951859434954,-4.42215769333883,-4.48526710372219,-4.50409472233386,NaN,NaN
253.717551168,-4.42084826213386,-4.41504158077148,-4.45799562632411,-4.47684617047504,NaN,NaN
253.718551168,-4.43879270795889,-4.40807676809876,-4.43053631873297,-4.44922752077896,NaN,NaN
253.719551168,-4.38453406735791,-4.40159350651726,-4.40290317341553,-4.42125171357842,NaN,NaN
253.720551168,-4.39919420514364,-4.3960163294135,-4.37510997085919,-4.39292545368957,NaN,NaN
253.721551168,-4.32715538062599,-4.391753677377,-4.34717031159475,-4.36426364086709,NaN,NaN
253.722551168,-4.39177901829256,-4.38904149647935,-4.31909743928257,-4.33527437463052,NaN,NaN
253.723551168,-4.33749474630033,-4.38784429710123,-4.29090394121997,-4.30597292795181,NaN,NaN
253.724551168,-4.36924351542612,-4.38783788274008,-4.26260171615005,-4.27636772852818,NaN,NaN
253.725551168,-4.38813689415051,-4.38842720259508,-4.23420233916876,-4.2464750442785,NaN,NaN
253.726551168,-4.3888202521026,-4.38882125215557,-4.20571763350549,-4.21630544127583,NaN,NaN
253.727551168,-4.41966864706932,-4.38816926115292,-4.17716002940633,-4.18587764954798,NaN,NaN
253.728551168,-4.41070927091641,-4.3857030485532,-4.14854265223328,-4.15520582498879,NaN,NaN
253.729551168,-4.41447547392062,-4.38085728150218,-4.11987948036926,-4.12431152769401,NaN,NaN
253.730551168,-4.35849453837762,-4.37331562766719,-4.09118545041066,-4.09321218632989,NaN,NaN
253.731551168,-4.36400713320021,-4.36293482261366,-4.06247607676379,-4.0619332985255,NaN,NaN
253.732551168,-4.33231056518267,-4.34960781398941,-4.03376649556177,-4.03049388432968,NaN,NaN
253.733551168,-4.28220092184402,-4.33313985160166,-4.0050703130545,-3.99891927529273,NaN,NaN
253.734551168,-4.3477865812516,-4.31315781817293,-3.97639894632467,-3.96722643085937,NaN,NaN
253.735551168,-4.37855554774383,-4.28919679799101,-3.94776223521607,-3.9354382445486,NaN,NaN
253.736551168,-4.28813967393434,-4.26102551065376,-3.91917017883076,-3.90357158179987,NaN,NaN
253.737551168,-4.26157565926664,-4.22889399801583,-3.89063428352792,-3.87165210136501,NaN,NaN
253.738551168,-4.19540000978298,-4.19348486914666,-3.86216758551678,-3.83970119801812,NaN,NaN
253.739551168,-4.13582665839217,-4.1557209148573,-3.83378394226714,-3.80774876498099,NaN,NaN
253.740551168,-4.10504334927541,-4.11657415134145,-3.80549741217412,-3.77581793648581,NaN,NaN
253.741551168,-3.9676239229242,-4.0768690947057,-3.77732188215304,-3.7439396500442,NaN,NaN
253.742551168,-3.91305521277592,-4.03698487741605,-3.74927014393352,-3.71213689560419,NaN,NaN
253.743551168,-3.90471804688528,-3.99647691417767,-3.72135191442272,-3.68043758081771,NaN,NaN
253.744551168,-3.93778554931866,-3.95390933318747,-3.69357227933466,-3.64885760032989,NaN,NaN
253.745551168,-4.03875420205055,-3.90716133248058,-3.66593242099124,-3.61741684417258,NaN,NaN
253.746551168,-4.13060530060536,-3.85424742074428,-3.63843292453868,-3.58612762771071,NaN,NaN
253.747551168,-3.97497823786463,-3.79438991532154,-3.61107823606669,-3.55501318562593,NaN,NaN
253.748551168,-3.86085721790691,-3.72871340592252,-3.58387952053608,-3.52409744256811,NaN,NaN
253.749551168,-3.59941307112955,-3.66009721995343,-3.55685413125712,-3.49341715982308,NaN,NaN
253.750551168,-3.40197128641787,-3.59227559461694,-3.5300222882713,-3.46300508805372,NaN,NaN
253.751551168,-3.33317891697075,-3.52859790816678,-3.50340276025811,-3.43289954431327,NaN,NaN
253.752551168,-3.29451873152428,-3.47102243392965,-3.47700964380676,-3.40312709138296,NaN,NaN
253.753551168,-3.37926188766984,-3.4197825953455,-3.45085151564129,-3.37371602054527,NaN,NaN
253.754551168,-3.39078188366984,-3.37374245437519,-3.42493251772039,-3.34468296077285,NaN,NaN
253.755551168,-3.43543506803899,-3.33115432893167,-3.39925424147334,-3.31604863737267,NaN,NaN
253.756551168,-3.37795929038444,-3.29043937067812,-3.37381783430085,-3.28782684049134,NaN,NaN
253.757551168,-3.31222880377064,-3.25068888683148,-3.34862587938968,-3.2600386715319,NaN,NaN
253.758551168,-3.26995787711679,-3.21178936038538,-3.32368323920329,-3.23270037017778,NaN,NaN
253.759551168,-3.17340735975998,-3.17429141947791,-3.29899666741317,-3.20583704699016,NaN,NaN
253.760551168,-3.09957808099784,-3.13914817556887,-3.27457360750283,-3.17946697544486,NaN,NaN
253.761551168,-3.04915051161136,-3.10735831412791,-3.25042072773287,-3.15361456200525,NaN,NaN
253.762551168,-3.00414016336642,-3.07961148263351,-3.22654283064572,-3.12829408707303,NaN,NaN
253.763551168,-3.00574155683838,-3.05605575580273,-3.2029421502001,-3.10352466534838,NaN,NaN
253.764551168,-2.99548352907266,-3.03623053936523,-3.17961803851349,-3.07931386657663,NaN,NaN
253.765551168,-3.0309929194161,-3.01916354101924,-3.15656764041618,-3.05567422327656,NaN,NaN
253.766551168,-3.03853199274518,-3.00360623147308,-3.13378740133874,-3.03260959057714,NaN,NaN
253.767551168,-3.07798338345987,-2.98836482681884,-3.11127440668823,-3.01013069370332,NaN,NaN
253.768551168,-3.05427539262663,-2.97265849270419,-3.0890271398822,-2.98824179790358,NaN,NaN
253.769551168,-2.98762135242016,-2.95636523976644,-3.06704573274936,-2.96695545502602,NaN,NaN
253.770551168,-2.92502781584019,-2.9399880667024,-3.04533151563326,-2.94627741749566,NaN,NaN
253.771551168,-2.88918631886115,-2.92435003992796,-3.02388606492048,-2.92622036496166,NaN,NaN
253.772551168,-2.86895354001362,-2.91023328760534,-3.00271034910187,-2.90678715549342,NaN,NaN
253.773551168,-2.83064817713979,-2.89812281232907,-2.98180401078208,-2.88798635228876,NaN,NaN
253.774551168,-2.84097333231503,-2.88805035930316,-2.96116470481786,-2.86981646073467,NaN,NaN
253.775551168,-2.93801688633754,-2.87958514207173,-2.94078802863433,-2.85227922657147,NaN,NaN
253.776551168,-2.87631484627758,-2.87207255425981,-2.92066841910219,-2.83536818950894,NaN,NaN
253.777551168,-2.88921715695975,-2.86494360452325,-2.90080021260809,-2.81908251168311,NaN,NaN
253.778551168,-2.83623937866354,-2.85781030198328,-2.88117780775238,-2.80341337201819,NaN,NaN
253.779551168,-2.83212117817246,-2.85035798159019,-2.86179511357352,-2.78835722590531,NaN,NaN
253.780551168,-2.8583614114234,-2.84221855582408,-2.84264522450238,-2.77390153297074,NaN,NaN
253.781551168,-2.87411868898964,-2.83298257814262,-2.82372093237879,-2.76004023896847,NaN,NaN
253.782551168,-2.77878161014104,-2.82231822279027,-2.80501559647806,-2.74675884755891,NaN,NaN
253.783551168,-2.81050235370638,-2.80996888813373,-2.78652318041172,-2.73405070754089,NaN,NaN
253.784551168,-2.79812748836574,-2.79563020873658,-2.76823749669822,-2.721899747244,NaN,NaN
253.785551168,-2.8152907736745,-2.7789452893088,-2.75015183452895,-2.71029577760974,NaN,NaN
253.786551168,-2.79717012594516,-2.75965570397685,-2.73225941298484,-2.69921991240634,NaN,NaN
253.787551168,-2.78839575861542,-2.73777316533642,-2.71455411850235,-2.68866070413752,NaN,NaN
253.788551168,-2.74419232584976,-2.71369070845005,-2.69703081049989,-2.67859908232981,NaN,NaN
253.789551168,-2.7123688601498,-2.68820179261509,-2.67968507102931,-2.66902307718642,NaN,NaN
253.790551168,-2.65311061860627,-2.66242104876651,-2.66251289534632,-2.65991156708448,NaN,NaN
253.791551168,-2.58399944969738,-2.63760582009653,-2.64551036394043,-2.65125277260324,NaN,NaN
253.792551168,-2.53818988629667,-2.61487512995029,-2.62867276294738,-2.64302326455832,NaN,NaN
253.793551168,-2.57514660137854,-2.5949318912355,-2.61199346629744,-2.63520484913933,NaN,NaN
253.794551168,-2.54480644174911,-2.57797800216665,-2.59546348456522,-2.62776899484196,NaN,NaN
253.795551168,-2.53755189828929,-2.56381387006087,-2.57907148967038,-2.62069055561499,NaN,NaN
253.796551168,-2.53159277362387,-2.55193768715315,-2.56280375085074,-2.61393422216674,NaN,NaN
253.797551168,-2.54184696925686,-2.54160148200955,-2.54664434919104,-2.60746874690225,NaN,NaN
253.798551168,-2.53379063743104,-2.53189529691416,-2.53057590527059,-2.60125432215631,NaN,NaN
253.799551168,-2.58174183915721,-2.52188480160221,-2.51458047071088,-2.59525675995246,NaN,NaN
253.800551168,-2.52908619890185,-2.51079281850417,-2.49864056641358,-2.58943392458465,NaN,NaN
253.801551168,-2.5163917392266,-2.4981306383994,-2.48274020666806,-2.58375224407535,NaN,NaN
253.802551168,-2.51838462612539,-2.48369827894472,-2.46686540109215,-2.57817107239236,NaN,NaN
253.803551168,-2.46044017534601,-2.46753127007765,-2.45100412528681,-2.57265932062976,NaN,NaN
253.804551168,-2.43208487397285,-2.44982457319894,-2.43514576959348,-2.56717951941136,NaN,NaN
253.805551168,-2.48250785010825,-2.43083304286459,-2.41928029994395,-2.56170203010184,NaN,NaN
253.806551168,-2.40648582868072,-2.41087584254155,-2.4033981258198,-2.55618924099928,NaN,NaN
253.807551168,-2.3665962366034,-2.39039210523406,-2.38749055543544,-2.55061013317478,NaN,NaN
253.808551168,-2.36800666724779,-2.36986223296682,-2.37154965331771,-2.54492814315837,NaN,NaN
253.809551168,-2.39785385586673,-2.34972386586538,-2.35556767240945,-2.53911679588016,NaN,NaN
253.810551168,-2.26398756387153,-2.33042432020309,-2.33953664630349,-2.533135540441,NaN,NaN
253.811551168,-2.22261942690839,-2.31234929537901,-2.32344737375718,-2.5269560062762,NaN,NaN
253.812551168,-2.24873745409755,-2.29549833616689,-2.30728777997434,-2.52053614126047,NaN,NaN
253.813551168,-2.30832717353391,-2.27929581201048,-2.29104246690441,-2.51383957172101,NaN,NaN
253.814551168,-2.31994436094976,-2.26283088111911,-2.27469416472183,-2.50681923866831,NaN,NaN
253.815551168,-2.31093415649153,-2.24531320400574,-2.25822577821912,-2.49943646710878,NaN,NaN
253.816551168,-2.22975192702839,-2.22637903746302,-2.24162174830126,-2.49164627861109,NaN,NaN
253.817551168,-2.18931775643536,-2.20607238470778,-2.22486820191419,-2.48341236768521,NaN,NaN
253.818551168,-2.17028874146311,-2.18459992323602,-2.20795204056931,-2.47469277497905,NaN,NaN
253.819551168,-2.14908317270721,-2.16211063265364,-2.19085984148728,-2.46545357775733,NaN,NaN
253.820551168,-2.1057887360481,-2.13860596222,-2.17357723032935,-2.45565314954571,NaN,NaN
253.821551168,-2.18098692652338,-2.11395118479387,-2.15608878621496,-2.4452573673496,NaN,NaN
253.822551168,-2.11595038749741,-2.08803217413924,-2.13837874162189,-2.43422462291993,NaN,NaN
253.823551168,-2.02354552144137,-2.0609438491364,-2.12043212837388,-2.42251962406207,NaN,NaN
253.824551168,-2.01156840624697,-2.03292705010055,-2.10223508311995,-2.41010176240145,NaN,NaN
253.825551168,-2.01775211162869,-2.00414866803568,-2.08377435989323,-2.39693543770086,NaN,NaN
253.826551168,-1.99686738226053,-1.97466659331039,-2.06503734721747,-2.38299448322292,NaN,NaN
253.827551168,-1.93515947200014,-1.9445627473498,-2.04601265575242,-2.36824755669316,NaN,NaN
253.828551168,-1.9442028162292,-1.91401900189494,-2.02669026622906,-2.35265579601998,NaN,NaN
253.829551168,-1.92074016021039,-1.8833456770486,-2.00706118017525,-2.33620452387426,NaN,NaN
253.830551168,-1.791623149682,-1.85301285601907,-1.98711706965291,-2.31885821949461,NaN,NaN
253.831551168,-1.80578453211455,-1.82353617523763,-1.9668495857233,-2.30060050510426,NaN,NaN
253.832551168,-1.79272432281296,-1.79526631875056,-1.94624947000624,-2.28139910239873,NaN,NaN
253.833551168,-1.69283370320301,-1.76830205963232,-1.9253063627015,-2.26123714267471,NaN,NaN
253.834551168,-1.67053096593462,-1.74241405673325,-1.90400898884652,-2.24008342854845,NaN,NaN
253.835551168,-1.72538850455232,-1.71689485504878,-1.88234502046346,-2.21791998632465,NaN,NaN
253.836551168,-1.69948145909727,-1.69060099117318,-1.86030106382541,-2.19471706156422,NaN,NaN
253.837551168,-1.71281582439809,-1.66224681517368,-1.83786313460066,-2.17045716813443,NaN,NaN
253.838551168,-1.63982310657244,-1.63068938980981,-1.81501722320096,-2.14511165637652,NaN,NaN
253.839551168,-1.60420797300088,-1.59503317599331,-1.79174962251772,-2.11866634014646,NaN,NaN
253.840551168,-1.61421510596448,-1.55461060239675,-1.76804718504533,-2.0910959530627,NaN,NaN
253.841551168,-1.61003845867782,-1.50905713301008,-1.74389813254611,-2.0623912515156,NaN,NaN
253.842551168,-1.53535081472409,-1.45856463106076,-1.71929344330373,-2.03253399039958,NaN,NaN
253.843551168,-1.52030829254926,-1.40412843918636,-1.69422786088488,-2.00152373020928,NaN,NaN
253.844551168,-1.26672911210922,-1.34756709064375,-1.66869974234116,-1.97345576032344,NaN,-1.26672911210922
253.845551168,-1.21018996294939,-1.29114018917857,-1.64270945868463,-1.93995905367571,NaN,NaN
253.846551168,-1.14266037497093,-1.2368798237813,-1.61625704267188,-1.90534231069625,NaN,NaN
253.847551168,-1.21740926584517,-1.18616456284413,-1.58934097563199,-1.86957724882821,NaN,NaN
253.848551168,-1.18101186005308,-1.13986713219775,-1.56195898513432,-1.83266017196212,NaN,NaN
253.849551168,-1.16964225801477,-1.09883824711048,-1.53410967179602,-1.79460264085141,NaN,NaN
253.850551168,-1.06685156688865,-1.06428317186317,-1.50579350493154,-1.7554069618636,NaN,NaN
253.851551168,-0.987946079956799,-1.03777284703896,-1.47701247555615,-1.7150917503157,NaN,NaN
253.852551168,-0.87048726408132,-1.02087197027702,-1.4477684024648,-1.67366206761946,NaN,NaN
253.853551168,-0.843904791161964,-1.01452221851768,-1.41806074954498,-1.63113632694191,NaN,NaN
253.854551168,-0.963489880299358,-1.01850955683308,-1.38788540541133,-1.58751778046066,NaN,NaN
253.855551168,-1.03893142084768,-1.03143207344738,-1.35723542514865,-1.54282006028874,NaN,NaN
253.856551168,-1.09816084633915,-1.05120443710898,-1.3261029797045,-1.49704531168486,NaN,NaN
253.857551168,-1.13604565971107,-1.07567995542076,-1.29448079435801,-1.45021069689059,NaN,NaN
253.858551168,-1.14597138624541,-1.10305244289502,-1.26236275935256,-1.40232134847259,NaN,NaN
253.859551168,-1.1441298572932,-1.13198223270322,-1.22974432377767,-1.35340112359207,NaN,NaN
253.860551168,-1.20592757540713,-1.16153172278785,-1.19662254574867,-1.3034578022282,NaN,NaN
253.861551168,-1.23750867390612,-1.19109615654974,-1.16299580446219,-1.25252437596324,NaN,NaN
253.862551168,-1.23525698065431,-1.22042215307804,-1.12886381218003,-1.20061386590544,NaN,NaN
253.863551168,-1.25026753043403,-1.24958873710381,-1.09422783197645,-1.14775327157461,NaN,NaN
253.864551168,-1.20821931679866,-1.27883298328409,-1.0590903090174,-1.09397738768936,NaN,NaN
253.865551168,-1.2408737814444,-1.30824093868447,-1.02345378236381,-1.03931360491506,NaN,NaN
253.866551168,-1.37752576198904,-1.33749869099965,-0.987319961911444,-0.983785401984965,NaN,NaN
253.867551168,-1.40024335363975,-1.3659829631292,-0.950689916100755,-0.92742475987279,NaN,NaN
253.868551168,-1.41609093295196,-1.39310830095571,-0.913565207735204,-0.87026018376458,NaN,NaN
253.869551168,-1.49147528994529,-1.41858069203681,-0.875949167122066,-0.812329558615056,NaN,NaN
253.870551168,-1.40253137958874,-1.44246268625237,-0.837847664744818,-0.753664058039053,NaN,NaN
253.871551168,-1.40584442894724,-1.46503371411512,-0.799268695358017,-0.694309171480273,NaN,NaN
253.872551168,-1.43153849271277,-1.48643685036681,-0.760220940641745,-0.634299588226051,NaN,NaN
253.873551168,-1.42712756350518,-1.5063490043708,-0.720712558403854,-0.573679136743453,NaN,NaN
253.874551168,-1.46693657268459,-1.52383047158671,-0.680750398477645,-0.512483349371674,NaN,NaN
253.875551168,-1.48982395561386,-1.5372939104745,-0.640339115856121,-0.450753185010734,NaN,NaN
253.876551168,-1.48002548786436,-1.5445431142102,-0.599480732589821,-0.388520182868302,NaN,NaN
253.877551168,-1.43100068462693,-1.54277683772899,-0.558174814496461,-0.325822175192684,NaN,NaN
253.878551168,-1.47880979277568,-1.52848232632703,-0.516418351463072,-0.26268587939874,NaN,NaN
253.879551168,-1.47436918777412,-1.49739299302927,-0.474205599456472,-0.19914678633303,NaN,NaN
253.880551168,-1.59531432281928,-1.44476952410663,-0.431529298113225,-0.135225138927312,NaN,NaN
253.881551168,-1.57008915399353,-1.36609761537789,-0.388383577285926,-0.0709560659063815,NaN,NaN
253.882551168,-1.52212691563741,-1.25802184360848,-0.34476722468806,-0.00634612821943533,NaN,NaN
253.883551168,-1.44845346893198,-1.11919345245679,-0.300686205043719,0.0585266303657584,NaN,NaN
253.884551168,-1.45237421971223,-0.951013389947196,-0.25615613593769,0.123631979457834,NaN,NaN
253.885551168,-1.32274217271731,-0.758536017089871,-0.211205750199712,0.188902227897261,NaN,NaN
253.886551168,-0.383519837703558,-0.551018486316925,-0.165879061277419,0.254264102908864,NaN,NaN
253.887551168,0.449472805094512,-0.340398767318992,-0.120230204784351,0.319629840223577,NaN,NaN
253.888551168,0.364407011839255,-0.137414074981547,-0.0743100810337541,0.384936172977283,NaN,NaN
253.889551168,0.06798397900819,0.0515208134833365,-0.0281554950414291,0.450070442320223,NaN,NaN
253.890551168,-0.278744971049231,0.223704752388603,0.0182090054158379,0.51500817987318,NaN,NaN
253.891551168,0.202144055395723,0.376884269516193,0.0647602606032123,0.579687399843319,NaN,NaN
253.892551168,0.728984597584121,0.506965872904907,0.111468998172544,0.644054026290798,NaN,NaN
253.893551168,1.37436501645601,0.608982416561973,0.158303259067335,0.708042078233439,NaN,NaN
253.894551168,1.27653424865246,0.680350762336648,0.205239289586315,0.771603885719343,NaN,NaN
253.895551168,0.835659300786671,0.723397877632158,0.2522697500985,0.834701345861743,NaN,NaN
253.896551168,0.54500379671267,0.744924832005879,0.299402039030771,0.897320020979398,NaN,NaN
253.897551168,0.437308652196377,0.753436729296752,0.346649093111007,0.9594442447092,NaN,NaN
253.898551168,0.545154522045354,0.756412889861581,0.394020547251607,1.02106475149793,NaN,NaN
253.899551168,0.741908039087628,0.759163802258548,0.441519119260258,1.08215571924713,NaN,NaN
253.900551168,0.888537987618555,0.765314855685601,0.489142107683435,1.14269626799133,NaN,NaN
253.901551168,0.867396741437733,0.778061969296925,0.53688531644475,1.20265609889193,NaN,NaN
253.902551168,0.698027063897146,0.801049980284418,0.584745977641596,1.26201436424074,NaN,NaN
253.903551168,0.522763927020375,0.838102579228988,0.632722057373113,1.3207491187387,NaN,NaN
253.904551168,0.640386279394234,0.89200478496323,0.680808207779014,1.37884404473182,NaN,NaN
253.905551168,0.807436742443387,0.96341635520779,0.728991923281115,1.43627558391243,NaN,NaN
253.906551168,1.06708273744113,1.05080603352046,0.777253174394528,1.49299588598096,NaN,NaN
253.907551168,1.13069090657606,1.15124985750365,0.825567099318145,1.54896883146302,NaN,NaN
253.908551168,1.12589639586083,1.26119746204888,0.873906550005517,1.60416971997358,NaN,NaN
253.909551168,1.21730320160064,1.37652290267922,0.922242039614594,1.65854211152058,NaN,NaN
253.910551168,1.47793009041938,1.49213814513177,0.970540331363976,1.71205833736393,NaN,NaN
253.911551168,1.82679687387635,1.6021061041947,1.01876512594051,1.76466416963764,NaN,NaN
253.912551168,1.96043149023133,1.70067916548589,1.06688089877825,1.81632857340196,NaN,NaN
253.913551168,1.96101037238449,1.78358761513437,1.11485713348137,1.86700822490353,NaN,NaN
253.914551168,1.91409474446192,1.84858695939853,1.16266982703301,1.91668505819054,NaN,NaN
253.915551168,1.87801515652223,1.89505201012577,1.21030018254108,1.96533174003955,NaN,NaN
253.916551168,1.97044814163117,1.92320182618013,1.25773253861406,2.01294117081297,NaN,NaN
253.917551168,2.12448238411354,1.93370666262496,1.30495352665994,2.05949399141262,NaN,NaN
253.918551168,2.0942128440662,1.92799831203638,1.35195331688483,2.10499247215829,NaN,NaN
253.919551168,1.93736737137664,1.90877347210099,1.398727236358,2.14942869388155,NaN,NaN
253.920551168,1.84828289768818,1.87991843338658,1.44527513835158,2.1928167658371,NaN,NaN
253.921551168,1.7377382547873,1.84581824516519,1.49159884145845,2.23515873325093,NaN,NaN
253.922551168,1.69699904069887,1.81057155754587,1.5376998160783,2.27647353844946,NaN,NaN
253.923551168,1.70291046976772,1.77747449967872,1.58357804388165,2.31676421506498,NaN,NaN
253.924551168,1.70521969603488,1.74888725038196,1.62923186965041,2.34933854736307,NaN,NaN
253.925551168,1.67781723546883,1.72639407447134,1.67465832204533,2.38748568221834,NaN,NaN
253.926551168,1.67061450088432,1.71100750621588,1.71985316817884,2.42464916877663,NaN,NaN
253.927551168,1.66279592172429,1.70327267930723,1.76481056933529,2.46083181424872,NaN,NaN
253.928551168,1.68463553804872,1.70331881578532,1.80952295729408,2.49605142808145,NaN,NaN
253.929551168,1.73465042513714,1.71095794460756,1.85398153905243,2.5303101814153,NaN,NaN
253.930551168,1.68717598626501,1.72583955360028,1.89817717405176,2.56362695631076,NaN,NaN
253.931551168,1.75841996835584,1.74753961146358,1.94210103202709,2.5960063298302,NaN,NaN
253.932551168,1.78673908099019,1.77557039993617,1.98574481643817,2.6274703656142,NaN,NaN
253.933551168,1.8139960823944,1.80943385355199,2.02910074278837,2.65802709192602,NaN,NaN
253.934551168,1.83137951149403,1.84867773206481,2.07216113737482,2.68770096194267,NaN,NaN
253.935551168,1.82138036713814,1.89281348680318,2.11491754925544,2.71650092477895,NaN,NaN
253.936551168,1.89290264233862,1.94109563221098,2.15735979150145,2.74445176596867,NaN,NaN
253.937551168,2.04851345789917,1.99238231242887,2.19947570540182,2.77155927235789,NaN,NaN
253.938551168,2.08293266893149,2.0453239714304,2.2412524815196,2.79784854358879,NaN,NaN
253.939551168,2.15224173972314,2.09874505991087,2.28267900325779,2.82332631145136,NaN,NaN
253.940551168,2.14078228291079,2.15185068672554,2.32374735763889,2.84802776638505,NaN,NaN
253.941551168,2.27053480770153,2.20419182757584,2.36445284960589,2.87196101136925,NaN,NaN
253.942551168,2.25074709509628,2.25559993478091,2.40479336503143,2.89516815466984,NaN,NaN
253.943551168,2.3018818428613,2.30614785812148,2.44476852129332,2.91768202298382,NaN,NaN
253.944551168,2.34246233765747,2.35603087796967,2.48437862367976,2.93952094028383,NaN,NaN
253.945551168,2.40516158376503,2.4054233820364,2.52362387203832,2.96072110406958,NaN,NaN
253.946551168,2.46218038033253,2.45443894739221,2.562504237217,2.98132009973127,NaN,NaN
253.947551168,2.45812790853971,2.50314448190675,2.60101978752834,3.00134902454751,NaN,NaN
253.948551168,2.46630697160114,2.55146002593094,2.6391705214359,3.02084207529117,NaN,NaN
253.949551168,2.58773023857084,2.59893357726847,2.67695549273323,3.03982556470082,NaN,NaN
253.950551168,2.6804254135887,2.64467747162032,2.71437265965222,3.05833279596265,NaN,NaN
253.951551168,2.74039507148682,2.68764225185125,2.75142009633031,3.07639046356215,NaN,NaN
253.952551168,2.77805512784792,2.72699656673989,2.78809750949045,3.09403529984343,NaN,NaN
253.953551168,2.77523159645708,2.76232782117548,2.82440708427887,3.11129895912926,NaN,NaN
253.954551168,2.82053370313026,2.79362090312379,2.86035324117773,3.12822262315757,NaN,NaN
253.955551168,2.86247072618103,2.82116487787996,2.89594180169544,3.14483993348547,NaN,NaN
253.956551168,2.91508759961639,2.84556276213861,2.93117964826751,3.16119349386661,NaN,NaN
253.957551168,2.83263987116679,2.86780227388495,2.96607488457125,3.177317342657,NaN,NaN
253.958551168,2.89667047457474,2.88917075776869,3.0006367674647,3.19325628916996,NaN,NaN
253.959551168,2.83223313429578,2.91099310790284,3.03487528017184,3.20904244712413,NaN,NaN
253.960551168,2.91131881817244,2.93436502347887,3.06880045466739,3.22472455870863,NaN,NaN
253.961551168,2.97049572174796,2.9600301526629,3.1024215722481,3.24033242677181,NaN,NaN
253.962551168,2.90068509304242,2.98842272683075,3.13574673419255,3.25590624629793,NaN,NaN
253.963551168,3.02931999071869,3.01969412707718,3.16878304429011,3.27147905466802,NaN,NaN
253.964551168,2.9911541014739,3.05366119611392,3.20153716255448,3.28708797317289,NaN,NaN
253.965551168,3.09085198267785,3.0898061759799,3.23401567332543,3.30276045684547,NaN,NaN
253.966551168,3.17509625017778,3.12737697774091,3.26622514126692,3.31853128117682,NaN,NaN
253.967551168,3.20370579805961,3.16561826341256,3.29817268616863,3.3344278134571,NaN,NaN
253.968551168,3.19799102300787,3.20401025210796,3.3298666476349,3.35048582824453,NaN,NaN
253.969551168,3.20362061840306,3.24225828066978,3.36131582997064,3.36673181262558,NaN,NaN
253.970551168,3.2584712603759,3.28006001782277,3.39252803971755,3.38319781133567,NaN,NaN
253.971551168,3.32076332426668,3.31692413720857,3.42350977746952,3.3999054342041,NaN,NaN
253.972551168,3.38639870832212,3.3522079339452,3.45426712285906,3.41688239758307,NaN,NaN
253.973551168,3.51671028367945,3.38537325481397,3.48480692350289,3.43414921726986,NaN,NaN
253.974551168,3.40095100003149,3.41632803923388,3.51513763560197,3.45173412040436,NaN,NaN
253.975551168,3.41142417117492,3.44550444693078,3.54526878013064,3.46965847516847,NaN,NaN
253.976551168,3.5160767069787,3.47356965349481,3.57520930547096,3.48794817566714,NaN,NaN
253.977551168,3.5516705398353,3.50124482822131,3.60496709958908,3.50661967556776,NaN,NaN
253.978551168,3.54575059484387,3.52945335877568,3.6345501574262,3.52569706094492,NaN,NaN
253.979551168,3.54921837035863,3.55942917451853,3.66396764213564,3.54519274487737,NaN,NaN
253.980551168,3.53215015445636,3.59255770142178,3.69322980652514,3.56513123117744,NaN,NaN
253.981551168,3.54227650011402,3.63005127632077,3.7223470842622,3.58552613987446,NaN,NaN
253.982551168,3.60302824647661,3.67261397446593,3.75132911463576,3.60639667063299,NaN,NaN
253.983551168,3.65713099960648,3.72024510112719,3.78018427274072,3.62775144626066,NaN,NaN
253.984551168,3.79509298365785,3.77227775722525,3.80891985296724,3.64960551088728,NaN,NaN
253.985551168,3.8423125664944,3.82764300874037,3.83754278357581,3.67196397348957,NaN,NaN
253.986551168,3.87279423394413,3.88518453680722,3.86606002698752,3.69483822825264,NaN,NaN
253.987551168,3.85921483547452,3.9437347476087,3.89447758660087,3.71822892964212,NaN,NaN
253.988551168,3.94221312247397,4.00188025015225,3.9227988044041,3.74214138113441,NaN,NaN
253.989551168,4.02269897469565,4.05769435822551,3.95102366585029,3.76656826741707,NaN,NaN
253.990551168,4.21635510695603,4.10878415599399,3.97914964472328,3.7915068114035,NaN,NaN
253.991551168,4.2713198025138,4.15276659253804,4.00717374632617,3.81694457589939,NaN,NaN
253.992551168,4.24962311261203,4.18787641285272,4.03509471109627,3.84287716955782,NaN,NaN
253.993551168,4.34381927485706,4.21328230934695,4.06291400213549,3.86929444852829,NaN,NaN
253.994551168,4.3161354332968,4.22913555346849,4.0906356786595,3.89619442259026,NaN,NaN
253.995551168,4.2809906287598,4.23655727333636,4.11826603588354,3.92357043163161,NaN,NaN
253.996551168,4.24252969101431,4.23747954743047,4.1458129914688,3.95142238362783,NaN,NaN
253.997551168,4.18863491938228,4.23428734385151,4.17328506609104,3.979742389724,NaN,NaN
253.998551168,4.22637738820986,4.2294344543881,4.20069048514115,4.00853007164248,NaN,NaN
253.999551168,4.24913783408207,4.22525030990619,4.22803708211018,4.03777423488178,NaN,NaN
254.000551168,4.17553975078307,4.22397071389905,4.25533277021181,4.06747103654353,NaN,NaN
254.001551168,4.11048006207389,4.22768957219847,4.2825853382626,4.09760815784358,NaN,NaN
254.002551168,4.12848851203281,4.23801217648349,4.30980109737883,4.12817905832749,NaN,NaN
254.003551168,4.19850752291112,4.25568272265892,4.3369834836433,4.15916542476265,NaN,NaN
254.004551168,4.24915677535745,4.28054269317483,4.36413271799549,4.19055259088697,NaN,NaN
254.005551168,4.33386388949479,4.31180312479702,4.39124659222713,4.2223152077656,NaN,NaN
254.006551168,4.36266538244826,4.34840821079851,4.41832175697212,4.2544341793466,NaN,NaN
254.007551168,4.32365122690778,4.38926505452832,4.44535433286623,4.2868810454732,NaN,NaN
254.008551168,4.41834170818471,4.43319586241712,4.47233928133842,4.31963356194074,NaN,NaN
254.009551168,4.45778013362476,4.47877426910309,4.49926977265749,4.35265905464175,NaN,NaN
254.010551168,4.55543525738625,4.52432836528862,4.52613752901202,4.38593122040172,NaN,NaN
254.011551168,4.56468615585449,4.56810444294682,4.55293336849062,4.41941456336059,NaN,NaN
254.012551168,4.6657719157863,4.6084315316263,4.57964735528771,4.45308033857429,NaN,NaN
254.013551168,4.7025754697442,4.64387211987407,4.60626904639154,4.48689189922326,NaN,NaN
254.014551168,4.73296191442326,4.67340141531561,4.63278816608837,4.5208186878927,NaN,NaN
254.015551168,4.72238036816639,4.69652465109652,4.65919530856141,4.55482470270752,NaN,NaN
254.016551168,4.72827472587298,4.71323034417102,4.68548208567881,4.58888180747056,NaN,NaN
254.017551168,4.7945882489775,4.72387386901026,4.71164088244409,4.62295479331982,NaN,NaN
254.018551168,4.78062961443961,4.72918034282491,4.73766505508893,4.65701744066662,NaN,NaN
254.019551168,4.79066406332302,4.73036347353538,4.76354948735307,4.69103769779584,NaN,NaN
254.020551168,4.69725038530375,4.72915040577702,4.78929053199147,4.72499232894607,NaN,NaN
254.021551168,4.66218449957382,4.72754853854417,4.81488507411342,4.75885108759616,NaN,NaN
254.022551168,4.7210343392351,4.7274604119716,4.84032929676957,4.79259076837371,NaN,NaN
254.023551168,4.66818518790588,4.73044406395231,4.86561794981758,4.82617999702753,NaN,NaN
254.024551168,4.76035661452874,4.7377062018425,4.89074439794207,4.85959347756449,NaN,NaN
254.025551168,4.73140039191125,4.75020633204332,4.91570109497248,4.8927978163816,NaN,NaN
254.026551168,4.77025480425816,4.76878231288977,4.94048021698521,4.92576728722549,NaN,NaN
254.027551168,4.71813959052265,4.79417469074261,4.96507404082949,4.95846913028661,NaN,NaN
254.028551168,4.76001315974381,4.82686302782343,4.98947440930203,4.99087843242357,NaN,NaN
254.029551168,4.74588707558937,4.86678731752437,5.01367122546277,5.02296085568001,NaN,NaN
254.030551168,4.93293654087329,4.9131528053901,5.03765106013158,5.05468741359921,NaN,NaN
254.031551168,4.98503919460588,4.96455481966956,5.06139726964429,5.08601860216465,NaN,NaN
254.032551168,4.96734975145973,5.019335842219,5.08489135950589,5.11692120811743,NaN,NaN
254.033551168,5.11031422142021,5.07578029073527,5.10811401768928,5.14735538405264,NaN,NaN
254.034551168,5.17516264549615,5.13215430129147,5.13104552457091,5.17728806401153,NaN,NaN
254.035551168,5.24281335696355,5.18687989138489,5.15366622837507,5.20667999972044,NaN,NaN
254.036551168,5.25396610004166,5.23874605059401,5.17595690695756,5.23550049886659,NaN,NaN
254.037551168,5.3212246409277,5.28694283324588,5.19789868921256,5.26371268442358,NaN,NaN
254.038551168,5.42029433082767,5.33102808531595,5.21947329175699,5.29128817578932,NaN,NaN
254.039551168,5.44952276492378,5.37103668871849,5.2406643626735,5.31819429828372,NaN,NaN
254.040551168,5.34807825976399,5.40759654881309,5.26145873434564,5.34440992692035,NaN,NaN
254.041551168,5.39966035242889,5.44170191055712,5.28184565041863,5.36991008944999,NaN,NaN
254.042551168,5.37296096932767,5.47420649181742,5.30181461869755,5.39467772993374,NaN,NaN
254.043551168,5.49764909508546,5.50544508971767,5.32135408962735,5.41868884431758,NaN,NaN
254.044551168,5.52367395868962,5.53520006897179,5.34045153183704,5.44192642284746,NaN,NaN
254.045551168,5.60588676500377,5.56294106392668,5.35909410059349,5.46436722158259,NaN,NaN
254.046551168,5.60843176026707,5.58813172859148,5.37726926936274,5.485996234376,NaN,NaN
254.047551168,5.65071272654727,5.61044039081288,5.39496522195403,5.50679294124297,NaN,NaN
254.048551168,5.56564199858538,5.62977388794547,5.41217096675483,5.52674610534687,NaN,NaN
254.049551168,5.61054803418074,5.64608544529406,5.42887601783131,5.54583822800535,NaN,NaN
254.050551168,5.70296405924281,5.65913841537084,5.44506968239243,5.56406036149495,NaN,NaN
254.051551168,5.73418832891722,5.66857748802995,5.46074077333925,5.58139669611087,NaN,NaN
254.052551168,5.75647106003095,5.67429987849319,5.47587833630411,5.59783934051159,NaN,NaN
254.053551168,5.68497759641464,5.6767504985455,5.49047247453666,5.61337580297882,NaN,NaN
254.054551168,5.60634000862625,5.67685358359311,5.50451401696398,5.62800227097194,NaN,NaN
254.055551168,5.64445908087253,5.67561545818894,5.51799335314788,5.64170825748242,NaN,NaN
254.056551168,5.62963983973379,5.67374244600319,5.53089977732186,5.65449007397551,NaN,NaN
254.057551168,5.65298223021871,5.67152823221078,5.54322174874893,5.66633715134323,NaN,NaN
254.058551168,5.66355854666928,5.66892712189694,5.55494758932198,5.67724669274301,NaN,NaN
254.059551168,5.65082995208513,5.66566992374162,5.56606627799413,5.68721018162177,NaN,NaN
254.060551168,5.65736020023214,5.66135287260483,5.57656798654409,5.69622815733831,NaN,NaN
254.061551168,5.66123885624974,5.6554845581787,5.58644404435056,5.70429649521393,NaN,NaN
254.062551168,5.69000175970984,5.64755895523618,5.59568662725172,5.71141945823342,NaN,NaN
254.063551168,5.69445379922503,5.63721523117235,5.60428887526294,5.71759623954554,NaN,NaN
254.064551168,5.69991840419019,5.62445634382315,5.61224561793568,5.72283493650437,NaN,NaN
254.065551168,5.60795236726405,5.60980061150804,5.61955398180562,5.72714006940716,NaN,NaN
254.066551168,5.55123419696484,5.59419038015463,5.62621318259812,5.7305256220668,NaN,NaN
254.067551168,5.55948007087328,5.57866678516977,5.63222379301457,5.73300055337705,NaN,NaN
254.068551168,5.49040052151106,5.56405695886651,5.63758697734754,5.7345823272154,NaN,NaN
254.069551168,5.47165310545593,5.55077110638327,5.64230342678378,5.73528100620944,NaN,NaN
254.070551168,5.58408936249847,5.53869541160062,5.64637249974479,5.73511296876964,NaN,NaN
254.071551168,5.56956658754401,5.52736067458221,5.64979288437362,5.73408767339735,NaN,NaN
254.072551168,5.58879912591943,5.51637540164413,5.6525642330873,5.7322226267487,NaN,NaN
254.073551168,5.45982850100815,5.50572535232744,5.65468796954676,5.72953058776166,NaN,NaN
254.074551168,5.49204251278792,5.49568672082201,5.65616675782401,5.72603280801572,NaN,NaN
254.075551168,5.46823781856918,5.48655057148765,5.65700349583613,5.72174425716292,NaN,NaN
254.076551168,5.49263632200346,5.47848706298264,5.65720075096665,5.71668666215763,NaN,NaN
254.077551168,5.47713540372147,5.47159825482983,5.6567607439677,5.71087452462122,NaN,NaN
254.078551168,5.44476590313975,5.46599182170391,5.65568553185538,5.70432946982041,NaN,NaN
254.079551168,5.49240012717545,5.46178627297056,5.65397730736236,5.69706637394367,NaN,NaN
254.080551168,5.40338388266523,5.4590848242735,5.65163880835987,5.68910751544059,NaN,NaN
254.081551168,5.49162698967843,5.45793732912895,5.64867346447169,5.68046906315811,NaN,NaN
254.082551168,5.44108493313742,5.45832098740952,5.64508538027412,5.67117462325042,NaN,NaN
254.083551168,5.40588600827088,5.46014173083375,5.6408795550279,5.66124222789951,NaN,NaN
254.084551168,5.44881916388073,5.46314457759334,5.63606182807776,5.65069700013714,NaN,NaN
254.085551168,5.46492820630719,5.46681026179172,5.63063848560504,5.63955786343713,NaN,NaN
254.086551168,5.48216060500132,5.47042066243128,5.62461632819947,5.62785068683005,NaN,NaN
254.087551168,5.47219991147228,5.4732092666431,5.61800315470888,5.61559516953591,NaN,NaN
254.088551168,5.46273518451909,5.47443023593047,5.61080800120402,5.60281910974686,NaN,NaN
254.089551168,5.52312193247848,5.4733641613942,5.60304094589539,5.58954417763257,NaN,NaN
254.090551168,5.51128439817538,5.46940392681466,5.59471306353344,5.57579937821017,NaN,NaN
254.091551168,5.49129602866465,5.46222392901368,5.58583693293272,5.56160818751075,NaN,NaN
254.092551168,5.47205263966778,5.45186046848957,5.57642687619782,5.5470021519723,NaN,NaN
254.093551168,5.46703948824889,5.4386650284734,5.56649832809536,5.53200682986889,NaN,NaN
254.094551168,5.440220552256,5.42324697057405,5.55606704665633,5.51665414851578,NaN,NaN
254.095551168,5.38875030390191,5.40642351596549,5.54514863525484,5.50096870864432,NaN,NaN
254.096551168,5.40697951359821,5.38912685143412,5.53375813903589,5.48498087992909,NaN,NaN
254.097551168,5.33897290142291,5.37230697647259,5.52190987272193,5.46871283960691,NaN,NaN
254.098551168,5.31614093862534,5.35683797528355,5.50961762941217,5.45219248865989,NaN,NaN
254.099551168,5.37186303538818,5.34341734764907,5.49689504329809,5.435440154079,NaN,NaN
254.100551168,5.25612293410642,5.332539773579,5.48375621437345,5.41848288030145,NaN,NaN
254.101551168,5.28366627900599,5.32446589106854,5.47021643571361,5.40134152757293,NaN,NaN
254.102551168,5.28754170692857,5.3190912477926,5.45629238992186,5.3840440861644,NaN,NaN
254.103551168,5.34538477628185,5.31592201594549,5.44200184702736,5.3666126659248,NaN,NaN
254.104551168,5.3520329206426,5.31429236989294,5.42736345407594,5.34907594964869,NaN,NaN
254.105551168,5.30418276139518,5.3136316904119,5.41239669508413,5.33145627082591,NaN,NaN
254.106551168,5.32100782102604,5.31354707564749,5.39712148796608,5.31378233199536,NaN,NaN
254.107551168,5.28615705283741,5.31372491823742,5.3815574190585,5.29607494535504,NaN,NaN
254.108551168,5.27960127687951,5.31378883943159,5.36572309067441,5.27835981556397,NaN,NaN
254.109551168,5.28509134139218,5.31316748190888,5.3496355918207,5.26065386794564,NaN,NaN
254.110551168,5.40837360750421,5.31108625742565,5.33331041694368,5.24297831016223,NaN,NaN
254.111551168,5.3587492920165,5.30683872029298,5.31676258065722,5.225346575288,NaN,NaN
254.112551168,5.34960246783504,5.3001553535433,5.30000835120058,5.20777901616113,NaN,NaN
254.113551168,5.29424472278737,5.29131616905211,5.28306595674095,5.19029086223314,NaN,NaN
254.114551168,5.25917804951897,5.2809734226786,5.26595481153154,5.17290424487418,NaN,NaN
254.115551168,5.23124077309194,5.2698683902681,5.24869420245633,5.15563378673565,NaN,NaN
254.116551168,5.23215567193203,5.25858467909455,5.23130231282504,5.13849890260705,NaN,NaN
254.117551168,5.22789104767518,5.24742820897524,5.21379577918354,5.12151011328715,NaN,NaN
254.118551168,5.22758533314583,5.23643941369213,5.1961896454807,5.10468244781268,NaN,NaN
254.119551168,5.23498745630853,5.22547782327461,5.17849781257699,5.08802221369147,NaN,NaN
254.120551168,5.21212222752363,5.21432627779277,5.16073396117666,5.07154158227532,NaN,NaN
254.121551168,5.25267297621989,5.2027947813946,5.14291241179001,5.05524629075707,NaN,NaN
254.122551168,5.20508422037167,5.19083789799854,5.12504848443935,5.03914872652143,NaN,NaN
254.123551168,5.13512500834288,5.17860745184289,5.10715816916157,5.02325499364275,NaN,NaN
254.124551168,5.15967951055516,5.16631959106699,5.08925739567111,5.00757694977427,NaN,NaN
254.125551168,5.15253684023726,5.15407585110589,5.07136175978335,4.99211900089461,NaN,NaN
254.126551168,5.16186937176914,5.14186092636381,5.05348675736537,4.97689157785516,NaN,NaN
254.127551168,5.11796136319804,5.12965263040129,5.0356478593015,4.96189802974408,NaN,NaN
254.128551168,5.06486640327341,5.11743376208142,5.01786018578114,4.94714740764324,NaN,NaN
254.129551168,5.05946372437222,5.10503137761225,5.0001377152371,4.93264050705857,NaN,NaN
254.130551168,5.12117702390793,5.09196089974257,4.9824924894767,4.91838229753635,NaN,NaN
254.131551168,5.10343303924844,5.07751587342716,4.96493484755256,4.90436936071249,NaN,NaN
254.132551168,5.1131584614235,5.06105040354719,4.94747465949793,4.89060373035929,NaN,NaN
254.133551168,5.06338474042312,5.04220580935124,4.93012240376353,4.87708134517844,NaN,NaN
254.134551168,5.02626161934983,5.02096042578037,4.9128893669386,4.86380507545261,NaN,NaN
254.135551168,4.96991108973354,4.99751599970589,4.89578699094123,4.85077129884477,NaN,NaN
254.136551168,4.98925776259475,4.97212169326305,4.87882595348671,4.83798176172753,NaN,NaN
254.137551168,4.97958315650182,4.94501399954191,4.86201584633815,4.82543028740626,NaN,NaN
254.138551168,4.93736542584878,4.91652809163729,4.84536555509515,4.81311664278147,NaN,NaN
254.139551168,4.92168556169487,4.88722956283666,4.82888378746673,4.80103361077426,NaN,NaN
254.140551168,4.84474775273186,4.85793891218341,4.81257935700059,4.78918046593404,NaN,NaN
254.141551168,4.80093884748059,4.8296296811569,4.79646101919827,4.77755005937685,NaN,NaN
254.142551168,4.73536601450799,4.80321053565413,4.7805370329326,4.76614103611917,NaN,NaN
254.143551168,4.75966943667697,4.77928717078107,4.76481478149334,4.75494483062806,NaN,NaN
254.144551168,4.71966639847313,4.7580550600418,4.74930043125468,4.7439581124789,NaN,NaN
254.145551168,4.75159286683561,4.73935784470765,4.73399862188799,4.73316962137187,NaN,NaN
254.146551168,4.73138743680189,4.72283832332818,4.71891251619264,4.72257314994423,NaN,NaN
254.147551168,4.72448590859412,4.70810834084932,4.70404433151376,4.71215520039716,NaN,NaN
254.148551168,4.70663358897373,4.69486729057063,4.68939600059568,4.70190881879155,NaN,NaN
254.149551168,4.61858019069041,4.68289476708597,4.67496937672552,4.69182070692069,NaN,NaN
254.150551168,4.69721657351764,4.67191542807929,4.66076552636877,4.68188324688307,NaN,NaN
254.151551168,4.66183129650045,4.66151490639105,4.64678369838524,4.6720810476639,NaN,NaN
254.152551168,4.66308893225927,4.65122814011612,4.63302097226399,4.66240316524831,NaN,NaN
254.153551168,4.59412779822304,4.64061507795434,4.61947243371017,4.65283072316082,NaN,NaN
254.154551168,4.66272057005841,4.62920124754996,4.60613144397255,4.64334968063099,NaN,NaN
254.155551168,4.67333047304965,4.61648685194359,4.59299043759332,4.63393924240151,NaN,NaN
254.156551168,4.67984378404395,4.60218105887298,4.58004241479017,4.62458604052461,NaN,NaN
254.157551168,4.58265350953022,4.58645587821601,4.56728197078775,4.61527211034245,NaN,NaN
254.158551168,4.55189590783141,4.5699198177584,4.5547049798062,4.6059877681322,NaN,NaN
254.159551168,4.52376332585247,4.55333431109525,4.54230770801242,4.59671782691604,NaN,NaN
254.160551168,4.4579220496597,4.53730764823806,4.53008613089619,4.58745362429569,NaN,NaN
254.161551168,4.53126780080064,4.52209465193575,4.51803530883607,4.57817986958541,NaN,NaN
254.162551168,4.50434801717492,4.50758568189207,4.50614898780012,4.56888676447326,NaN,NaN
254.163551168,4.48721885848846,4.49347521182534,4.49441972998135,4.55955757629946,NaN,NaN
254.164551168,4.49411015133663,4.47941212575308,4.4828393044855,4.55018163590996,NaN,NaN
254.165551168,4.46755761330089,4.46505787849781,4.47139902019306,4.54074206509121,NaN,NaN
254.166551168,4.4746354287884,4.450133346175,4.46008999005018,4.53122882715975,NaN,NaN
254.167551168,4.44508245177495,4.43447025708316,4.44890351604926,4.5216260317921,NaN,NaN
254.168551168,4.4085778597875,4.41802915932155,4.43783128477558,4.51192530276291,NaN,NaN
254.169551168,4.35423972876007,4.40082081506341,4.42686479998692,4.50211241416268,NaN,NaN
254.170551168,4.40354894712059,4.38275826383577,4.4159946600871,4.49217917003331,NaN,NaN
254.171551168,4.43358701985219,4.36365789415762,4.40521077638177,4.48211098382404,NaN,NaN
254.172551168,4.39530857972233,4.34350002022157,4.39450339258028,4.4719003891462,NaN,NaN
254.173551168,4.29120022012298,4.32266262163271,4.38386376441357,4.46153544752914,NaN,NaN
254.174551168,4.24596119269373,4.30179406836334,4.37328370446717,4.45101153188634,NaN,NaN
254.175551168,4.260110818476,4.2814443875631,4.36275446213996,4.4403177013007,NaN,NaN
254.176551168,4.31981339604706,4.26188895442365,4.3522662565082,4.4294491082911,NaN,NaN
254.177551168,4.25964228657112,4.24331833261,4.34180897094959,4.41839468513964,NaN,NaN
254.178551168,4.23987030942095,4.22610271183687,4.33137308544331,4.40715094050985,NaN,NaN
254.179551168,4.18293642136118,4.21082340278221,4.32094996124005,4.39570948866949,NaN,NaN
254.180551168,4.1745645745761,4.1981062296671,4.3105315183111,4.38406933864992,NaN,NaN
254.181551168,4.16847406679298,4.18844482519264,4.30010972294986,4.37222386061718,NaN,NaN
254.182551168,4.15746007446794,4.18211661738332,4.28967628294689,4.36017295382664,NaN,NaN
254.183551168,4.15647834825015,4.17917047877383,4.27922267141159,4.3479106041219,NaN,NaN
254.184551168,4.13929140090937,4.17941473257483,4.26874017931376,4.33543731930767,NaN,NaN
254.185551168,4.16245367905173,4.18238385233327,4.25821959974986,4.32274720942167,NaN,NaN
254.186551168,4.14812972516713,4.18731335571913,4.24765062235438,4.30984023579295,NaN,NaN
254.187551168,4.21913687078534,4.19316594473589,4.23702153415084,4.29670894479854,NaN,NaN
254.188551168,4.20900282803891,4.19875278103759,4.22631963843183,4.28335165529217,NaN,NaN
254.189551168,4.14908891329372,4.20286387341767,4.21553180863811,4.26976023787726,NaN,NaN
254.190551168,4.27579084687495,4.20427828926962,4.20464451062579,4.25593292690787,NaN,NaN
254.191551168,4.31120306462583,4.20186301496416,4.19364432794286,4.24186226317733,NaN,NaN
254.192551168,4.27027015188376,4.19494876433938,4.18251976143775,4.22754906758109,NaN,NaN
254.193551168,4.21805152936558,4.18363651097662,4.1712626314814,4.21299163144207,NaN,NaN
254.194551168,4.14821385256042,4.16870558262883,4.15986763678028,4.19819761965351,NaN,NaN
254.195551168,4.11860897624009,4.15125152863607,4.14833082167415,4.18316989148383,NaN,NaN
254.196551168,4.07452343927225,4.13230802431866,4.13664816081639,4.1679178178073,NaN,NaN
254.197551168,4.14115207314396,4.11262806859428,4.12481475994804,4.15244372358776,NaN,NaN
254.198551168,4.14163675622645,4.09275398034391,4.11282503978777,4.13675576731232,NaN,NaN
254.199551168,4.13021180656264,4.07332862460227,4.10067402293016,4.12085657645406,NaN,NaN
254.200551168,3.95474869989145,4.05529478217025,4.08835856469948,4.10475686032778,NaN,NaN
254.201551168,3.92889770490054,4.03962823334363,4.07587650026115,4.08846221567174,NaN,NaN
254.202551168,3.94582653315189,4.02676940602168,4.0632237793532,4.07198246881977,NaN,NaN
254.203551168,4.04157978098562,4.01633548514616,4.05039265165793,4.05531759415569,NaN,NaN
254.204551168,4.06745391621425,4.00739737520007,4.0373728929836,4.03847135365375,NaN,NaN
254.205551168,4.07270470569598,3.99904539374449,4.02415471705478,4.02144150340551,NaN,NaN
254.206551168,3.95731269264508,3.99077357856982,4.01073110087881,4.0042347747122,NaN,NaN
254.207551168,3.93920333852522,3.98240972743629,3.99709828797577,3.98685470127169,NaN,NaN
254.208551168,3.94837056008189,3.97375377300674,3.98325444859723,3.96931304437245,NaN,NaN
254.209551168,4.01272763316798,3.96437117556239,3.96919786041969,3.9516150987606,NaN,NaN
254.210551168,4.04759313395265,3.95378249609436,3.95492648976637,3.93377178596118,NaN,NaN
254.211551168,3.87804692247808,3.94179581338195,3.94043903971147,3.91578850365591,NaN,NaN
254.212551168,3.95256525985855,3.92853381435097,3.92573564643407,3.89767796078505,NaN,NaN
254.213551168,3.91075465288109,3.91420337390808,3.91081769811723,3.87944764881344,NaN,NaN
254.214551168,3.92783223901358,3.89901012787398,3.89568783831031,3.86111222725326,NaN,NaN
254.215551168,3.80779142180974,3.88319216592251,3.88034991140829,3.84268090734174,NaN,NaN
254.216551168,3.85416603463302,3.86690503217728,3.86480782073979,3.8241689640083,NaN,NaN
254.217551168,3.8284903714379,3.85004432745475,3.84906394037885,3.80558330601679,NaN,NaN
254.218551168,3.83958959158718,3.83223626825467,3.83311868326552,3.78693488012201,NaN,NaN
254.219551168,3.88974065661456,3.81301296753991,3.8169716498262,3.76822719429021,NaN,NaN
254.220551168,3.80515329267981,3.79207339785046,3.80062338356467,3.74947040679432,NaN,NaN
254.221551168,3.76740332324157,3.76944282150464,3.78407633882106,3.73067006801028,NaN,NaN
254.222551168,3.7225881468212,3.74537417717566,3.76733456770092,3.7118389508035,NaN,NaN
254.223551168,3.75279812497313,3.72015709560097,3.75040311533339,3.69298407271913,NaN,NaN
254.224551168,3.69669313808427,3.69408207650222,3.73328803501498,3.67411921975702,NaN,NaN
254.225551168,3.71739092890246,3.66754216572664,3.71599679108237,3.65525285518786,NaN,NaN
254.226551168,3.61150654300949,3.64111493620196,3.69853849789789,3.63640096230379,NaN,NaN
254.227551168,3.5596163252686,3.61548360398719,3.68092365669266,3.6175738511332,NaN,NaN
254.228551168,3.5617685814431,3.59118757227453,3.66316334083254,3.5987883283817,NaN,NaN
254.229551168,3.5525142105255,3.56842807805985,3.64526829811406,3.58005415636495,NaN,NaN
254.230551168,3.57871785258123,3.54711585032402,3.62724859810634,3.56138600420625,NaN,NaN
254.231551168,3.54560060750815,3.5270835224464,3.60911387459063,3.54279134852399,NaN,NaN
254.232551168,3.50588742932779,3.50826958913085,3.59087353208689,3.52428309756607,NaN,NaN
254.233551168,3.47956146599766,3.49073896324854,3.57253662183118,3.50586711071978,NaN,NaN
254.234551168,3.49025129522246,3.47459577678681,3.55411191796128,3.48755464330048,NaN,NaN
254.235551168,3.42857385606816,3.45992729181986,3.53560832070994,3.46935021252013,NaN,NaN
254.236551168,3.44937936180715,3.4467729656206,3.51703493810494,3.45126446738887,NaN,NaN
254.237551168,3.41573699288979,3.43508063471694,3.49840061359077,3.43330080236306,NaN,NaN
254.238551168,3.38794792593651,3.42466710913506,3.47971355039428,3.41546776567247,NaN,NaN
254.239551168,3.40048113008112,3.41516132682591,3.46098159948777,3.39776688896607,NaN,NaN
254.240551168,3.42890866648596,3.40598400701493,3.44221280830629,3.38020554775231,NaN,NaN
254.241551168,3.43982418341652,3.39648082021647,3.42341581594343,3.36278510979079,NaN,NaN
254.242551168,3.44435108633582,3.38616964994934,3.40460046378925,3.34551389299752,NaN,NaN
254.243551168,3.3559136774232,3.37491499396613,3.38577833635244,3.32839534318183,NaN,NaN
254.244551168,3.32928216492432,3.3628555991664,3.36696209004356,3.31143963469632,NaN,NaN
254.245551168,3.33408756137368,3.3501375861093,3.34816378661574,3.29464954611922,NaN,NaN
254.246551168,3.4002869382753,3.33676866561754,3.32939403551802,3.27803257994286,NaN,NaN
254.247551168,3.325859967042,3.32276131634578,3.31066283401066,3.2615888218396,NaN,NaN
254.248551168,3.32248056567854,3.3083230261752,3.29198085383092,3.24532488988933,NaN,NaN
254.249551168,3.26465688602375,3.29384004002837,3.27335964201747,3.22924179605628,NaN,NaN
254.250551168,3.22294298392302,3.27969065983067,3.25481078987911,3.21334650788988,NaN,NaN
254.251551168,3.22798227749096,3.26601381083034,3.23634496255365,3.19763860760156,NaN,NaN
254.252551168,3.22778084763784,3.25255828138483,3.21797130657725,3.18212196870519,NaN,NaN
254.253551168,3.30751019031159,3.23874895759074,3.19969745539872,3.16679254414721,NaN,NaN
254.254551168,3.27511921724223,3.22399098774081,3.18153028002253,3.15165160463808,NaN,NaN
254.255551168,3.2545877052183,3.2080208444399,3.16347701631443,3.13669413648178,NaN,NaN
254.256551168,3.16201211361239,3.19102449626403,3.14554593987247,3.12192250538997,NaN,NaN
254.257551168,3.10673512887398,3.17342071104484,3.1277461063191,3.10733335378289,NaN,NaN
254.258551168,3.19026225616786,3.15552210766012,3.11008646737432,3.09292931307685,NaN,NaN
254.259551168,3.22919177694175,3.1374909460142,3.09257552581119,3.07870627647579,NaN,NaN
254.260551168,3.13998962296228,3.11967814743352,3.07522206739028,3.06466655436032,NaN,NaN
254.261551168,2.99210555292075,3.10280781642396,3.05803558639808,3.05080693602291,NaN,NaN
254.262551168,2.99989205311994,3.08759958685812,3.04102532131339,3.03713001011867,NaN,NaN
254.263551168,3.02729530913823,3.07421364515464,3.02419892996967,3.02363077330197,NaN,NaN
254.264551168,3.14122593530348,3.06214480857588,3.00756222897923,3.01030874793225,NaN,NaN
254.265551168,3.13392457233041,3.05067175562197,2.99112026751624,2.99715614823573,NaN,NaN
254.266551168,3.04637265774941,3.03941240021042,2.97487892243218,2.98417257648179,NaN,NaN
254.267551168,2.96938041786722,3.02844887992097,2.95884552845355,2.97135288183065,NaN,NaN
254.268551168,3.00253359083884,3.01799052618723,2.94302783977966,2.95869886406391,NaN,NaN
254.269551168,2.99299283098504,3.00804517402524,2.92743253662048,2.94620511295629,NaN,NaN
254.270551168,3.03616861126644,2.99840386853767,2.91206469880677,2.93387102471967,NaN,NaN
254.271551168,2.96602846635094,2.98880546897433,2.89692808235009,2.92168883012175,NaN,NaN
254.272551168,2.95510693411068,2.97901143212237,2.88202530253256,2.90965597962841,NaN,NaN
254.273551168,2.94858014467426,2.96870996353045,2.86735765619475,2.89776255207961,NaN,NaN
254.274551168,2.96860449019994,2.95742181066466,2.85292501631394,2.88600395715871,NaN,NaN
254.275551168,2.99380432434329,2.94457633867806,2.83872627957713,2.87436836045041,NaN,NaN
254.276551168,2.99880365019572,2.92974679402701,2.82476048114014,2.86285087857017,NaN,NaN
254.277551168,2.93613531548592,2.91289622693039,2.81102797269083,2.85144197368928,NaN,NaN
254.278551168,2.8758761694284,2.89442620257898,2.7975304958234,2.84014024164734,NaN,NaN
254.279551168,2.87470989886731,2.87498397044554,2.78427003909905,2.82893856089509,NaN,NaN
254.280551168,2.83433088925889,2.85523484862707,2.77124793062221,2.81783581956838,NaN,NaN
254.281551168,2.78086841024727,2.8357239127067,2.75846485363538,2.80682457732294,NaN,NaN
254.282551168,2.8053728776656,2.81675970184968,2.74592083616636,2.79590322586507,NaN,NaN
254.283551168,2.82202975214774,2.79837706645307,2.73361490681678,2.78506326978875,NaN,NaN
254.284551168,2.73013392880126,2.78044450644435,2.72154498183889,2.77430209518775,NaN,NaN
254.285551168,2.78026926721058,2.76274103639104,2.70970794269242,2.76361009630712,NaN,NaN
254.286551168,2.76252896339821,2.74496325861059,2.69810004569586,2.75298392028329,NaN,NaN
254.287551168,2.74701764690256,2.72681912848254,2.68671783988927,2.74241441896247,NaN,NaN
254.288551168,2.71378514380978,2.70814977528525,2.6755587761861,2.73190029539508,NaN,NaN
254.289551168,2.68816465743505,2.6889415346655,2.66462102406766,2.72143522936009,NaN,NaN
254.290551168,2.71236451256768,2.66928906801071,2.65390290514377,2.71101965902165,NaN,NaN
254.291551168,2.65093273291863,2.64942037852988,2.64340234116711,2.70064800607732,NaN,NaN
254.292551168,2.65599776288622,2.62974802707341,2.63311659841345,2.69032080993151,NaN,NaN
254.293551168,2.56170502950728,2.61083338219255,2.62304232803269,2.68003200088379,NaN,NaN
254.294551168,2.58370632993022,2.59323817618015,2.61317538268399,2.66978175370328,NaN,NaN
254.295551168,2.51755645667014,2.57734405533775,2.60351017751721,2.65956273275132,NaN,NaN
254.296551168,2.55024081977205,2.56323086204754,2.59403913038707,2.64937255888753,NaN,NaN
254.297551168,2.56558627151894,2.55067447347258,2.58475276386762,2.63920092361153,NaN,NaN
254.298551168,2.62216469019329,2.53933488606167,2.5756407565935,2.62904365033046,NaN,NaN
254.299551168,2.5238736754922,2.52906330732904,2.56669359427034,2.61889156677031,NaN,NaN
254.300551168,2.44737757450663,2.51999428886111,2.55790330139546,2.60874358035274,NaN,NaN
254.301551168,2.47981843271328,2.51225746581984,2.54926248429708,2.59859348243299,NaN,NaN
254.302551168,2.50762707494275,2.50566693219138,2.54076327153755,2.58844132570701,NaN,NaN
254.303551168,2.53845265247545,2.49975753187752,2.53239734830759,2.57828063634271,NaN,NaN
254.304551168,2.50799473100976,2.49405033546365,2.52415640174954,2.56811169296368,NaN,NaN
254.305551168,2.47869143162562,2.48822613657939,2.51603231821542,2.55792886192062,NaN,NaN
254.306551168,2.49612256151507,2.48210183705584,2.50801716252781,2.54773381953881,NaN,NaN
254.307551168,2.47474300783217,2.47555257173694,2.50010325400932,2.53752225322462,NaN,NaN
254.308551168,2.4313389859353,2.46846578741888,2.49228324506009,2.52729680384533,NaN,NaN
254.309551168,2.47574899523541,2.46067120081573,2.48454968399379,2.51705414610622,NaN,NaN
254.310551168,2.45054784873738,2.45190223388339,2.47689434101327,2.50679661017808,NaN,NaN
254.311551168,2.47400024284619,2.44187208362037,2.4693080958658,2.49651962846574,NaN,NaN
254.312551168,2.47726283451618,2.43041377606302,2.46178150788027,2.48622498974443,NaN,NaN
254.313551168,2.34312178328205,2.41755880767226,2.45430540841297,2.47590844796527,NaN,NaN
254.314551168,2.42313664603491,2.40342062124023,2.44687090969327,2.46557275787082,NaN,NaN
254.315551168,2.37000676064941,2.38800804975789,2.43946921184317,2.4552142455069,NaN,NaN
254.316551168,2.42961307895111,2.3712379034965,2.43209180800014,2.44483645640348,NaN,NaN
254.317551168,2.3855775568964,2.35312916937433,2.424730912549,2.43443700618501,NaN,NaN
254.318551168,2.37909442678717,2.33399839450247,2.41737976672869,2.42402109919186,NaN,NaN
254.319551168,2.32403128804822,2.31453974048433,2.41003263445353,2.41358881086662,NaN,NaN
254.320551168,2.27427685141928,2.29574643313186,2.40268451375602,2.40314732473483,NaN,NaN
254.321551168,2.23480300807629,2.27869980290402,2.39533071399128,2.39269773146492,NaN,NaN
254.322551168,2.22909755495716,2.26431972699809,2.38796631350551,2.38224728278869,NaN,NaN
254.323551168,2.19971694275392,2.25318996101117,2.38058576433106,2.37179618313758,NaN,NaN
254.324551168,2.18855536680911,2.24546685171743,2.37318282025221,2.36135051141656,NaN,NaN
254.325551168,2.26503181202478,2.24086051825511,2.36575065799687,2.35090865408408,NaN,NaN
254.326551168,2.24489330658812,2.23877412598871,2.35828241665283,2.34047568580944,NaN,NaN
254.327551168,2.27558422030804,2.23856389901266,2.35077202825987,2.33005094032112,NaN,NaN
254.328551168,2.23471120083517,2.239724226221,2.3432144307733,2.31964093624893,NaN,NaN
254.329551168,2.20939683572473,2.24188682486906,2.33560483977856,2.30924600278927,NaN,NaN
254.330551168,2.20294970277597,2.24465349491563,2.32793770671613,2.29887182812251,NaN,NaN
254.331551168,2.25210495671215,2.24741201898133,2.32020614556749,2.28851601249602,NaN,NaN
254.332551168,2.28429619900821,2.24934158969548,2.31240240978911,2.2781814860275,NaN,NaN
254.333551168,2.3642783779114,2.24967380402077,2.3045192373305,2.26786490114767,NaN,NaN
254.334551168,2.25072855257256,2.24804797171824,2.29655107266698,2.2575710915788,NaN,NaN
254.335551168,2.20654128771192,2.24460984956975,2.28849439318857,2.24729961753901,NaN,NaN
254.336551168,2.18117804154792,2.2396931422053,2.28034700031717,2.23705800187143,NaN,NaN
254.337551168,2.23453389248243,2.23342009363458,2.27210698806467,2.22684707322209,NaN,NaN
254.338551168,2.29238944882681,2.22564267942835,2.26377272805095,2.21667405238902,NaN,NaN
254.339551168,2.29760307744825,2.21626502996125,2.25534406603086,2.20654068492541,NaN,NaN
254.340551168,2.2253778965332,2.20562644419345,2.24682338466625,2.19645742733792,NaN,NaN
254.341551168,2.1007933927343,2.19453277308543,2.23821533907328,2.18643027731545,NaN,NaN
254.342551168,2.15840292448679,2.18385921137157,2.22952514386428,2.17647171312125,NaN,NaN
254.343551168,2.1977530814932,2.17417867917074,2.2207567717418,2.16658568581051,NaN,NaN
254.344551168,2.17038440380804,2.16580667437421,2.2119127321324,2.15678151624211,NaN,NaN
254.345551168,2.18790392473924,2.15905431654049,2.20299494695095,2.14706036057939,NaN,NaN
254.346551168,2.15625847995071,2.15436713974192,2.19400540870188,2.13742964008558,NaN,NaN
254.347551168,2.06693598163308,2.15227702107302,2.18494642409427,2.12789013709069,NaN,NaN
254.348551168,2.02384624041327,2.15310232240584,2.17582016280666,2.11844851180259,NaN,NaN
254.349551168,2.11963703688837,2.15651353251632,2.16662750390615,2.10910331014588,NaN,NaN
254.350551168,2.23075449664207,2.16143027830664,2.15736759301913,2.09985739290867,NaN,NaN
254.351551168,2.24130860878172,2.16647548053429,2.14803911427065,2.09070630300544,NaN,NaN
254.352551168,2.22432704150226,2.17058183430832,2.13864215869716,2.08165283076854,NaN,NaN
254.353551168,2.15928293873008,2.17324237906471,2.12917896714015,2.07269459043464,NaN,NaN
254.354551168,2.16431692013394,2.17434362561155,2.11965335091222,2.0620881271532,NaN,NaN
254.355551168,2.13530209976574,2.17385225637196,2.11006980040089,2.05407517549572,NaN,NaN
254.356551168,2.16839789077758,2.1715967290497,2.10043282559869,2.04599010269972,NaN,NaN
254.357551168,2.23799676630444,2.167262383329,2.09074656282431,2.0378817076506,NaN,NaN
254.358551168,2.21476625406884,2.16063125049846,2.08101501565417,2.02977513230546,NaN,NaN
254.359551168,2.16417828494759,2.15186414022934,2.07124272536091,2.02167994731524,NaN,NaN
254.360551168,2.09251731852136,2.14150246878341,2.06143500412451,2.01361802309131,NaN,NaN
254.361551168,2.14219592220271,2.13019917211211,2.05159782576364,2.00559629378608,NaN,NaN
254.362551168,2.10420698219816,2.11850849238241,2.04173795990663,1.99763526199995,NaN,NaN
254.363551168,2.10175959380774,2.10687519588607,2.03186306437357,1.98973946106839,NaN,NaN
254.364551168,2.11442190336843,2.09568833416311,2.0219814504549,1.98192781574241,NaN,NaN
254.365551168,2.06534047753367,2.08532377394155,2.01210200861508,1.97420326645565,NaN,NaN
254.366551168,2.04574931956367,2.07613681478512,2.00223433391059,1.96658357699581,NaN,NaN
254.367551168,2.04441247922732,2.06835968101686,1.99238848246768,1.95907005301489,NaN,NaN
254.368551168,2.0505812887801,2.06200388270237,1.98257438229897,1.95167910513817,NaN,NaN
254.369551168,2.06392299253439,2.05687712778214,1.97280132893342,1.94440803517316,NaN,NaN
254.370551168,2.05691007622518,2.05268498852273,1.96307773299749,1.9372718620796,NaN,NaN
254.371551168,2.00781143507573,2.04910047081544,1.95341077559513,1.93026035829786,NaN,NaN
254.372551168,2.07851321204211,2.04573977381784,1.94380578845325,1.92338538784814,NaN,NaN
254.373551168,2.08236353225622,2.04218604847312,1.93426649981601,1.91664216113003,NaN,NaN
254.374551168,2.00060923110718,2.03812244368977,1.92479654985911,1.91002140673922,NaN,NaN
254.375551168,2.03483714260468,2.03334683219438,1.91540053167024,1.90352274063426,NaN,NaN
254.376551168,2.01589584302948,2.02763356868652,1.90608393745712,1.89714962907832,NaN,NaN
254.377551168,2.06361434801086,2.02069095706574,1.89685297877469,1.89089680581358,NaN,NaN
254.378551168,2.04589470284785,2.01229231786339,1.88771428029703,1.88476502962588,NaN,NaN
254.379551168,1.99804245656708,2.0024262547945,1.87867426154263,1.87874768873332,NaN,NaN
254.380551168,2.01318010307555,1.99131163053214,1.86973884269068,1.87284612995036,NaN,NaN
254.381551168,1.9081178127097,1.97927261875604,1.86091357912655,1.8670526705973,NaN,NaN
254.382551168,1.96776218698583,1.96654773010229,1.85220376607049,1.86136940099626,NaN,NaN
254.383551168,1.96258382128052,1.95316808350475,1.84361458417535,1.8557879294373,NaN,NaN
254.384551168,1.94277015321521,1.93903009169186,1.8351513161351,1.85030977901981,NaN,NaN
254.385551168,1.97130822643978,1.92406314387677,1.82681943330467,1.84492605571224,NaN,NaN
254.386551168,1.90810198129786,1.90835398050787,1.81862490152922,1.83963865961347,NaN,NaN
254.387551168,1.93454603326946,1.89220907425583,1.81057478352957,1.8344400969323,NaN,NaN
254.388551168,1.83292061705642,1.87613459774141,1.80267746432628,1.82933549268472,NaN,NaN
254.389551168,1.81616080260947,1.86068887580302,1.79494196699338,1.82431863087105,NaN,NaN
254.390551168,1.80115567388831,1.84623302818095,1.78737658168478,1.81939754453337,NaN,NaN
254.391551168,1.84705370161605,1.8327734340578,1.77998779239702,1.81456267154364,NaN,NaN
254.392551168,1.83765556171166,1.82005401649785,1.77278022473413,1.8098310403642,NaN,NaN
254.393551168,1.81137479275643,1.80777769875234,1.76575733858177,1.80516610848763,NaN,NaN
254.394551168,1.77924751427885,1.7957201302,1.7589218591571,1.80058294223748,NaN,NaN
254.395551168,1.76634769288226,1.78367146833206,1.75227534904244,1.79607027299441,NaN,NaN
254.396551168,1.79458401867862,1.77135081909445,1.74581771197024,1.79162616695588,NaN,NaN
254.397551168,1.76195929799142,1.75843337835146,1.73954741186972,1.78723904537272,NaN,NaN
254.398551168,1.77652640276654,1.74465702199614,1.73346182901207,1.78291500764712,NaN,NaN
254.399551168,1.73668765701878,1.72990500720475,1.72755675947014,1.77861221289476,NaN,NaN
254.400551168,1.72064298491107,1.71422552853558,1.72182493321344,1.77434362455703,NaN,NaN
254.401551168,1.70545345912908,1.69779580164762,1.71625445886544,1.77008727160126,NaN,NaN
254.402551168,1.68061419702613,1.68087351316482,1.71082874182941,1.76582698576749,NaN,NaN
254.403551168,1.65303898695793,1.66375828668995,1.70553108740211,1.76153737199043,NaN,NaN
254.404551168,1.65109230361447,1.64674783244886,1.70035649174294,1.75721522975999,NaN,NaN
254.405551168,1.64386746560925,1.63012313845212,1.69532302227299,1.75287118948258,NaN,NaN
254.406551168,1.65018027787008,1.61421168219166,1.69046829900161,1.74854537413732,NaN,NaN
254.407551168,1.50466312727802,1.5994279303586,1.68583032138827,1.74426925599116,NaN,NaN
254.408551168,1.58559024178325,1.58612061649815,1.68142946521595,1.74006711091079,NaN,NaN
254.409551168,1.60806497680728,1.57439970538165,1.67726665350599,1.73593286344732,NaN,NaN
254.410551168,1.57240530206617,1.5642471306875,1.67333663442014,1.73186762081772,NaN,NaN
254.411551168,1.53108271675481,1.55571600164119,1.66964165712273,1.72786878454757,NaN,NaN
254.412551168,1.54029427012835,1.5489072116749,1.66619202916353,1.72395194772279,NaN,NaN
254.413551168,1.52296182145936,1.54383555035552,1.66299496190893,1.72011940859125,NaN,NaN
254.414551168,1.5152864710198,1.54035809540122,1.66004481529301,1.71637359111071,NaN,NaN
254.415551168,1.51685015255736,1.53813942305295,1.65732386131683,1.71269379726709,NaN,NaN
254.416551168,1.58415126867067,1.53666777576429,1.65481076195359,1.70906554476509,NaN,NaN
254.417551168,1.56078992078884,1.53541026307121,1.65248801769018,1.70547045650218,NaN,NaN
254.418551168,1.52407092337367,1.53400154912793,1.65034216851899,1.70190326130873,NaN,NaN
254.419551168,1.55110435445388,1.53226510953982,1.6483578463745,1.69834784577837,NaN,NaN
254.420551168,1.56596954106252,1.53015065163571,1.64651301566966,1.69479173240662,NaN,NaN
254.421551168,1.51503378139312,1.52775214710438,1.64478091421852,1.69120847121599,NaN,NaN
254.422551168,1.51146938210323,1.52529926518824,1.6431366304018,1.68758385400272,NaN,NaN
254.423551168,1.52843649826949,1.52304425232945,1.6415619235679,1.68390021645907,NaN,NaN
254.424551168,1.49220107278734,1.52117300475174,1.64004443711386,1.68015611433495,NaN,NaN
254.425551168,1.51644050794185,1.51977393831959,1.63857336214331,1.67634184516988,NaN,NaN
254.426551168,1.54777752200725,1.51884076755497,1.63713660846693,1.67245621097211,NaN,NaN
254.427551168,1.54099274716712,1.51837216045263,1.63572211854676,1.66848905954335,NaN,NaN
254.428551168,1.52207287189076,1.51850860248655,1.63432136993663,1.66444481920532,NaN,NaN
254.429551168,1.51193865799139,1.5195509105677,1.63293082959732,1.66032146342365,NaN,NaN
254.430551168,1.46698586254279,1.52183483138036,1.63154949181888,1.65613013146832,NaN,NaN
254.431551168,1.5239502017064,1.52555150541034,1.63017485107306,1.65187106795032,NaN,NaN
254.432551168,1.52878618725916,1.53066284810587,1.62880084492448,1.6475533740895,NaN,NaN
254.433551168,1.52117555417247,1.53696721376607,1.62741887885227,1.64316855791936,NaN,NaN
254.434551168,1.57608893033662,1.54419764311195,1.62602018900398,1.63320919041915,NaN,NaN
254.435551168,1.56977273577256,1.55211320851383,1.62459732768801,1.63058692256911,NaN,NaN
254.436551168,1.53916100799349,1.56058343519283,1.62314363129179,1.62758653523342,NaN,NaN
254.437551168,1.50740137080019,1.56952184854199,1.6216508425107,1.62423008593734,NaN,NaN
254.438551168,1.60235772198239,1.57868413981062,1.62010671907159,1.6205635786558,NaN,NaN
254.439551168,1.59985305313346,1.58761593002986,1.61849473155428,1.61659442058557,NaN,NaN
254.440551168,1.58305696740938,1.59580515801161,1.61679582442183,1.6123555674804,NaN,NaN
254.441551168,1.60344204572876,1.60277479575756,1.61499018241699,1.60784448801322,NaN,NaN
254.442551168,1.63710160326999,1.60806533353944,1.61305762156122,1.60308885174431,NaN,NaN
254.443551168,1.61891722452558,1.61127329154265,1.61097709443943,1.59807998527935,NaN,NaN
254.444551168,1.65840083686996,1.61214682854102,1.6087263847462,1.59284009334616,NaN,NaN
254.445551168,1.6144389495522,1.61065528301161,1.60628268443984,1.58735498344728,NaN,NaN
254.446551168,1.66983474271502,1.60702919630869,1.60362391493429,1.58164326665902,NaN,NaN
254.447551168,1.60288884237188,1.60179341534428,1.60073002730653,1.57568675043188,NaN,NaN
254.448551168,1.59680446376773,1.59575197491185,1.59758364099088,1.56950776107958,NaN,NaN
254.449551168,1.51659344807916,1.5898300804719,1.59416982194983,1.56309045292139,NaN,NaN
254.450551168,1.58038319513924,1.58481205656766,1.59047539072334,1.55646610781489,NaN,NaN
254.451551168,1.58027974531879,1.58119731881873,1.58648853337031,1.54960017156775,NaN,NaN
254.452551168,1.58742485384554,1.57928768592552,1.58219890194267,1.54253155055067,NaN,NaN
254.453551168,1.54036879088682,1.57932024774278,1.57759745883736,1.53526023447333,NaN,NaN
254.454551168,1.56336340162305,1.58144829369651,1.57267575408711,1.52776537803024,NaN,NaN
254.455551168,1.55596317593553,1.58563375414841,1.56742526574265,1.52005898001179,NaN,NaN
254.456551168,1.61705411538108,1.59161867026915,1.5618371957677,1.51215374109907,NaN,NaN
254.457551168,1.59342468473688,1.59902352252006,1.55590258984592,1.50404449536701,NaN,NaN
254.458551168,1.5856764705585,1.60745096714386,1.54961248595694,1.49573329017407,NaN,NaN
254.459551168,1.59247302129621,1.6164579710149,1.54295770689759,1.48720919308813,NaN,NaN
254.460551168,1.60207950968473,1.62544612121617,1.53592830765961,1.47847680608088,NaN,NaN
254.461551168,1.6440040416396,1.6336158307677,1.52851317843429,1.46952407072239,NaN,NaN
254.462551168,1.69853743438346,1.64006815311053,1.52070017335936,1.46035433671943,NaN,NaN
254.463551168,1.64625183639928,1.64401803592166,1.51247675346151,1.45095136491759,NaN,NaN
254.464551168,1.6795296696252,1.64494002538428,1.50383064229177,1.44131424719688,NaN,NaN
254.465551168,1.65404650548142,1.64256510800558,1.49474990178505,1.43142739965919,NaN,NaN
254.466551168,1.63353339938966,1.63682411810555,1.48522257200331,1.42129271238768,NaN,NaN
254.467551168,1.62528438273711,1.62776986658025,1.47523655621904,1.41090020601407,NaN,NaN
254.468551168,1.64332877342899,1.61550465984694,1.46478022072966,1.40023404749931,NaN,NaN
254.469551168,1.63216232916332,1.6002105062117,1.45384333547624,1.38927587860981,NaN,NaN
254.470551168,1.55928727815601,1.5822321320162,1.44241741095535,1.37805015385927,NaN,NaN
254.471551168,1.51417605449112,1.56201551808902,1.43049529372057,1.36652112883364,NaN,NaN
254.472551168,1.5197055218774,1.53988483073875,1.41807067257321,1.35470502098471,NaN,NaN
254.473551168,1.54787703174183,1.51591527709881,1.40513785272973,1.34258839747531,NaN,NaN
254.474551168,1.52364873294552,1.4900725961001,1.39169193035557,1.33018357517695,NaN,NaN
254.475551168,1.47807563101073,1.46245665164116,1.37772930694786,1.3174732936052,NaN,NaN
254.476551168,1.40659025401137,1.43338429046108,1.36324777982895,1.30447126870527,NaN,NaN
254.477551168,1.42630754396286,1.40328300626284,1.34824574091585,1.29116809617419,NaN,NaN
254.478551168,1.35479194659444,1.3725863286394,1.33272151631353,1.27757862239206,NaN,NaN
254.479551168,1.34074112085858,1.34171170378621,1.31667370278706,1.26369327516655,NaN,NaN
254.480551168,1.32340403880851,1.31105581370382,1.30010173149746,1.24952827975808,NaN,NaN
254.481551168,1.23922706399322,1.28098617744634,1.28300572212195,1.23507567307645,NaN,NaN
254.482551168,1.22901112050061,1.2517838519479,1.26538557555809,1.22035395245908,NaN,NaN
254.483551168,1.23898251103065,1.22355508029824,1.2472400349961,1.20535673903358,NaN,NaN
254.484551168,1.19615585880209,1.19626154498031,1.22856673630503,1.19010222695983,NaN,NaN
254.485551168,1.19918985614664,1.16985776961563,1.20936338035397,1.17458604714555,NaN,NaN
254.486551168,1.11130414814331,1.14437540344892,1.18962889346532,1.15472022300308,NaN,NaN
254.487551168,1.10213172993268,1.11987187897088,1.16936335023172,1.13742045279163,NaN,NaN
254.488551168,1.11412342137745,1.09632007608249,1.14856716497537,1.1196632834344,NaN,NaN
254.489551168,1.09198493759447,1.07361747770391,1.12724116530028,1.10145499676191,NaN,NaN
254.490551168,1.01212477235313,1.05168466050663,1.10538732494052,1.08280030908727,NaN,NaN
254.491551168,1.01114923322433,1.03043348814408,1.0830087916168,1.06368631737002,NaN,NaN
254.492551168,0.970672304660133,1.00961084882227,1.06010948478171,1.04411376149692,NaN,NaN
254.493551168,0.973546466166086,0.988695251258405,1.03669407385933,1.02406904179637,NaN,NaN
254.494551168,1.06818268247695,0.966970306521011,1.01276817304562,1.00355793990135,NaN,NaN
254.495551168,0.989074353359755,0.943835513757491,0.988338587454423,0.982570948696005,NaN,NaN
254.496551168,0.934775435512935,0.919133604035712,0.963413364636298,0.961111989954448,NaN,NaN
254.497551168,0.912347405715352,0.893174790580184,0.938001438136673,0.939174545283559,NaN,NaN
254.498551168,0.84522874070963,0.866540760053639,0.912112394368678,0.916764383911308,NaN,NaN
254.499551168,0.797136409315451,0.839872891760637,0.885756282992124,0.893876091350329,NaN,NaN
254.500551168,0.803632027139443,0.813676305064677,0.858942908856278,0.870517115501498,NaN,NaN
