-4.0939e-18,
3.5784e-12,
5.7153e-11,
2.8883e-10,
9.1124e-10,
2.2208e-09,
4.5969e-09,
8.5013e-09,
1.4477e-08,
2.3149e-08,
3.522e-08,
5.1475e-08,
7.2775e-08,
1.0006e-07,
1.3435e-07,
1.7673e-07,
2.2838e-07,
2.9054e-07,
3.6453e-07,
4.5173e-07,
5.5362e-07,
6.7174e-07,
8.0768e-07,
9.6314e-07,
1.1399e-06,
1.3396e-06,
1.5644e-06,
1.8161e-06,
2.0967e-06,
2.4084e-06,
2.7532e-06,
3.1334e-06,
3.5514e-06,
4.0094e-06,
4.5098e-06,
5.0552e-06,
5.648e-06,
6.2909e-06,
6.9865e-06,
7.7376e-06,
8.5468e-06,
9.4172e-06,
1.0351e-05,
1.1353e-05,
1.2424e-05,
1.3568e-05,
1.4788e-05,
1.6087e-05,
1.7469e-05,
1.8937e-05,
2.0493e-05,
2.2143e-05,
2.3888e-05,
2.5732e-05,
2.768e-05,
2.9734e-05,
3.1898e-05,
3.4176e-05,
3.6572e-05,
3.9089e-05,
4.1731e-05,
4.4502e-05,
4.7407e-05,
5.0448e-05,
5.363e-05,
5.6958e-05,
6.0434e-05,
6.4064e-05,
6.7851e-05,
7.1799e-05,
7.5914e-05,
8.0199e-05,
8.4658e-05,
8.9296e-05,
9.4118e-05,
9.9128e-05,
0.00010433,
0.00010973,
0.00011533,
0.00012113,
0.00012715,
0.00013338,
0.00013983,
0.00014651,
0.00015342,
0.00016056,
0.00016794,
0.00017556,
0.00018343,
0.00019156,
0.00019994,
0.00020859,
0.00021751,
0.0002267,
0.00023617,
0.00024593,
0.00025597,
0.00026631,
0.00027694,
0.00028789,
0.00029914,
0.0003107,
0.00032259,
0.0003348,
0.00034735,
0.00036023,
0.00037345,
0.00038702,
0.00040094,
0.00041522,
0.00042986,
0.00044487,
0.00046025,
0.00047602,
0.00049217,
0.00050871,
0.00052565,
0.00054299,
0.00056073,
0.00057889,
0.00059747,
0.00061647,
0.0006359,
0.00065577,
0.00067608,
0.00069683,
0.00071804,
0.00073971,
0.00076184,
0.00078444,
0.00080751,
0.00083107,
0.00085511,
0.00087965,
0.00090468,
0.00093022,
0.00095627,
0.00098283,
0.0010099,
0.0010375,
0.0010657,
0.0010944,
0.0011236,
0.0011534,
0.0011837,
0.0012146,
0.0012461,
0.0012781,
0.0013107,
0.0013439,
0.0013777,
0.0014121,
0.0014471,
0.0014827,
0.0015189,
0.0015558,
0.0015932,
0.0016313,
0.0016701,
0.0017094,
0.0017495,
0.0017902,
0.0018315,
0.0018735,
0.0019162,
0.0019596,
0.0020036,
0.0020484,
0.0020938,
0.0021399,
0.0021868,
0.0022343,
0.0022826,
0.0023316,
0.0023813,
0.0024318,
0.002483,
0.002535,
0.0025877,
0.0026412,
0.0026954,
0.0027504,
0.0028062,
0.0028628,
0.0029201,
0.0029783,
0.0030372,
0.003097,
0.0031575,
0.0032189,
0.0032811,
0.0033442,
0.003408,
0.0034727,
0.0035383,
0.0036047,
0.0036719,
0.00374,
0.003809,
0.0038788,
0.0039496,
0.0040212,
0.0040937,
0.004167,
0.0042413,
0.0043165,
0.0043926,
0.0044696,
0.0045476,
0.0046264,
0.0047062,
0.0047869,
0.0048686,
0.0049512,
0.0050348,
0.0051193,
0.0052048,
0.0052912,
0.0053786,
0.005467,
0.0055564,
0.0056468,
0.0057381,
0.0058305,
0.0059238,
0.0060182,
0.0061136,
0.00621,
0.0063074,
0.0064058,
0.0065053,
0.0066058,
0.0067074,
0.00681,
0.0069136,
0.0070183,
0.0071241,
0.0072309,
0.0073388,
0.0074478,
0.0075578,
0.007669,
0.0077812,
0.0078945,
0.0080089,
0.0081244,
0.0082411,
0.0083588,
0.0084776,
0.0085976,
0.0087187,
0.0088409,
0.0089643,
0.0090887,
0.0092144,
0.0093411,
0.0094691,
0.0095981,
0.0097284,
0.0098597,
0.0099923,
0.010126,
0.010261,
0.010397,
0.010534,
0.010673,
0.010812,
0.010953,
0.011095,
0.011238,
0.011383,
0.011528,
0.011675,
0.011823,
0.011973,
0.012123,
0.012275,
0.012428,
0.012582,
0.012737,
0.012894,
0.013052,
0.013211,
0.013371,
0.013533,
0.013696,
0.01386,
0.014026,
0.014192,
0.01436,
0.014529,
0.0147,
0.014872,
0.015045,
0.015219,
0.015395,
0.015572,
0.01575,
0.015929,
0.01611,
0.016292,
0.016476,
0.01666,
0.016846,
0.017034,
0.017222,
0.017412,
0.017604,
0.017796,
0.01799,
0.018185,
0.018382,
0.01858,
0.018779,
0.018979,
0.019181,
0.019385,
0.019589,
0.019795,
0.020002,
0.020211,
0.020421,
0.020632,
0.020845,
0.021059,
0.021274,
0.021491,
0.021709,
0.021928,
0.022149,
0.022371,
0.022595,
0.02282,
0.023046,
0.023274,
0.023503,
0.023733,
0.023965,
0.024198,
0.024432,
0.024668,
0.024905,
0.025144,
0.025384,
0.025625,
0.025868,
0.026112,
0.026358,
0.026605,
0.026853,
0.027103,
0.027354,
0.027606,
0.02786,
0.028115,
0.028372,
0.02863,
0.028889,
0.02915,
0.029412,
0.029676,
0.029941,
0.030207,
0.030475,
0.030744,
0.031015,
0.031287,
0.03156,
0.031835,
0.032111,
0.032388,
0.032667,
0.032947,
0.033229,
0.033512,
0.033796,
0.034082,
0.03437,
0.034658,
0.034948,
0.03524,
0.035532,
0.035826,
0.036122,
0.036419,
0.036717,
0.037017,
0.037318,
0.037621,
0.037925,
0.03823,
0.038536,
0.038844,
0.039154,
0.039465,
0.039777,
0.04009,
0.040405,
0.040721,
0.041039,
0.041358,
0.041678,
0.042,
0.042323,
0.042648,
0.042974,
0.043301,
0.043629,
0.043959,
0.044291,
0.044623,
0.044957,
0.045293,
0.045629,
0.045967,
0.046307,
0.046647,
0.04699,
0.047333,
0.047678,
0.048024,
0.048371,
0.04872,
0.04907,
0.049421,
0.049774,
0.050128,
0.050484,
0.05084,
0.051198,
0.051558,
0.051918,
0.05228,
0.052643,
0.053008,
0.053374,
0.053741,
0.054109,
0.054479,
0.05485,
0.055222,
0.055596,
0.055971,
0.056347,
0.056724,
0.057103,
0.057483,
0.057864,
0.058247,
0.05863,
0.059015,
0.059402,
0.059789,
0.060178,
0.060568,
0.060959,
0.061351,
0.061745,
0.06214,
0.062536,
0.062933,
0.063332,
0.063731,
0.064132,
0.064534,
0.064938,
0.065342,
0.065748,
0.066155,
0.066563,
0.066972,
0.067383,
0.067794,
0.068207,
0.068621,
0.069036,
0.069452,
0.06987,
0.070288,
0.070708,
0.071129,
0.071551,
0.071974,
0.072398,
0.072823,
0.07325,
0.073677,
0.074106,
0.074535,
0.074966,
0.075398,
0.075831,
0.076265,
0.0767,
0.077136,
0.077574,
0.078012,
0.078451,
0.078892,
0.079333,
0.079776,
0.080219,
0.080664,
0.081109,
0.081556,
0.082004,
0.082452,
0.082902,
0.083352,
0.083804,
0.084257,
0.08471,
0.085165,
0.08562,
0.086077,
0.086534,
0.086992,
0.087452,
0.087912,
0.088373,
0.088835,
0.089298,
0.089762,
0.090227,
0.090693,
0.091159,
0.091627,
0.092095,
0.092564,
0.093035,
0.093506,
0.093978,
0.09445,
0.094924,
0.095398,
0.095874,
0.09635,
0.096827,
0.097304,
0.097783,
0.098262,
0.098742,
0.099223,
0.099705,
0.10019,
0.10067,
0.10115,
0.10164,
0.10212,
0.10261,
0.1031,
0.10359,
0.10407,
0.10456,
0.10505,
0.10554,
0.10604,
0.10653,
0.10702,
0.10751,
0.10801,
0.1085,
0.109,
0.10949,
0.10999,
0.11049,
0.11098,
0.11148,
0.11198,
0.11248,
0.11298,
0.11348,
0.11398,
0.11449,
0.11499,
0.11549,
0.116,
0.1165,
0.117,
0.11751,
0.11801,
0.11852,
0.11903,
0.11954,
0.12004,
0.12055,
0.12106,
0.12157,
0.12208,
0.12259,
0.1231,
0.12361,
0.12412,
0.12463,
0.12515,
0.12566,
0.12617,
0.12668,
0.1272,
0.12771,
0.12823,
0.12874,
0.12926,
0.12977,
0.13029,
0.13081,
0.13132,
0.13184,
0.13236,
0.13287,
0.13339,
0.13391,
0.13443,
0.13495,
0.13546,
0.13598,
0.1365,
0.13702,
0.13754,
0.13806,
0.13858,
0.1391,
0.13962,
0.14014,
0.14066,
0.14118,
0.14171,
0.14223,
0.14275,
0.14327,
0.14379,
0.14431,
0.14484,
0.14536,
0.14588,
0.1464,
0.14692,
0.14745,
0.14797,
0.14849,
0.14901,
0.14953,
0.15006,
0.15058,
0.1511,
0.15162,
0.15215,
0.15267,
0.15319,
0.15371,
0.15424,
0.15476,
0.15528,
0.1558,
0.15632,
0.15684,
0.15737,
0.15789,
0.15841,
0.15893,
0.15945,
0.15997,
0.16049,
0.16101,
0.16153,
0.16205,
0.16257,
0.16309,
0.16361,
0.16413,
0.16465,
0.16517,
0.16569,
0.16621,
0.16673,
0.16724,
0.16776,
0.16828,
0.1688,
0.16931,
0.16983,
0.17034,
0.17086,
0.17137,
0.17189,
0.1724,
0.17292,
0.17343,
0.17395,
0.17446,
0.17497,
0.17548,
0.17599,
0.17651,
0.17702,
0.17753,
0.17804,
0.17855,
0.17905,
0.17956,
0.18007,
0.18058,
0.18108,
0.18159,
0.1821,
0.1826,
0.18311,
0.18361,
0.18411,
0.18462,
0.18512,
0.18562,
0.18612,
0.18662,
0.18712,
0.18762,
0.18812,
0.18862,
0.18911,
0.18961,
0.19011,
0.1906,
0.1911,
0.19159,
0.19208,
0.19258,
0.19307,
0.19356,
0.19405,
0.19454,
0.19502,
0.19551,
0.196,
0.19649,
0.19697,
0.19745,
0.19794,
0.19842,
0.1989,
0.19938,
0.19986,
0.20034,
0.20082,
0.2013,
0.20178,
0.20225,
0.20273,
0.2032,
0.20367,
0.20414,
0.20462,
0.20509,
0.20555,
0.20602,
0.20649,
0.20696,
0.20742,
0.20788,
0.20835,
0.20881,
0.20927,
0.20973,
0.21019,
0.21065,
0.2111,
0.21156,
0.21201,
0.21247,
0.21292,
0.21337,
0.21382,
0.21427,
0.21471,
0.21516,
0.21561,
0.21605,
0.21649,
0.21693,
0.21738,
0.21781,
0.21825,
0.21869,
0.21912,
0.21956,
0.21999,
0.22042,
0.22085,
0.22128,
0.22171,
0.22214,
0.22256,
0.22299,
0.22341,
0.22383,
0.22425,
0.22467,
0.22509,
0.2255,
0.22592,
0.22633,
0.22674,
0.22715,
0.22756,
0.22797,
0.22838,
0.22878,
0.22918,
0.22959,
0.22999,
0.23039,
0.23078,
0.23118,
0.23157,
0.23197,
0.23236,
0.23275,
0.23314,
0.23352,
0.23391,
0.23429,
0.23467,
0.23506,
0.23543,
0.23581,
0.23619,
0.23656,
0.23693,
0.23731,
0.23768,
0.23804,
0.23841,
0.23877,
0.23914,
0.2395,
0.23986,
0.24022,
0.24057,
0.24093,
0.24128,
0.24163,
0.24198,
0.24233,
0.24268,
0.24302,
0.24336,
0.2437,
0.24404,
0.24438,
0.24472,
0.24505,
0.24538,
0.24571,
0.24604,
0.24637,
0.24669,
0.24702,
0.24734,
0.24766,
0.24797,
0.24829,
0.2486,
0.24892,
0.24923,
0.24953,
0.24984,
0.25014,
0.25045,
0.25075,
0.25105,
0.25134,
0.25164,
0.25193,
0.25222,
0.25251,
0.2528,
0.25309,
0.25337,
0.25365,
0.25393,
0.25421,
0.25448,
0.25476,
0.25503,
0.2553,
0.25556,
0.25583,
0.25609,
0.25635,
0.25661,
0.25687,
0.25713,
0.25738,
0.25763,
0.25788,
0.25813,
0.25837,
0.25862,
0.25886,
0.2591,
0.25933,
0.25957,
0.2598,
0.26003,
0.26026,
0.26048,
0.26071,
0.26093,
0.26115,
0.26137,
0.26158,
0.26179,
0.26201,
0.26221,
0.26242,
0.26263,
0.26283,
0.26303,
0.26323,
0.26342,
0.26362,
0.26381,
0.264,
0.26418,
0.26437,
0.26455,
0.26473,
0.26491,
0.26508,
0.26526,
0.26543,
0.2656,
0.26576,
0.26593,
0.26609,
0.26625,
0.26641,
0.26656,
0.26672,
0.26687,
0.26701,
0.26716,
0.2673,
0.26745,
0.26759,
0.26772,
0.26786,
0.26799,
0.26812,
0.26825,
0.26837,
0.26849,
0.26861,
0.26873,
0.26885,
0.26896,
0.26907,
0.26918,
0.26929,
0.26939,
0.26949,
0.26959,
0.26969,
0.26978,
0.26987,
0.26996,
0.27005,
0.27014,
0.27022,
0.2703,
0.27038,
0.27045,
0.27052,
0.27059,
0.27066,
0.27073,
0.27079,
0.27085,
0.27091,
0.27096,
0.27102,
0.27107,
0.27112,
0.27116,
0.27121,
0.27125,
0.27129,
0.27132,
0.27135,
0.27139,
0.27141,
0.27144,
0.27146,
0.27149,
0.2715,
0.27152,
0.27153,
0.27154,
0.27155,
0.27156,
0.27156,
0.27156,
0.27156,
0.27156,
0.27155,
0.27154,
0.27153,
0.27152,
0.2715,
0.27148,
0.27146,
0.27144,
0.27141,
0.27138,
0.27135,
0.27132,
0.27128,
0.27124,
0.2712,
0.27116,
0.27111,
0.27106,
0.27101,
0.27096,
0.2709,
0.27084,
0.27078,
0.27072,
0.27065,
0.27058,
0.27051,
0.27043,
0.27036,
0.27028,
0.2702,
0.27011,
0.27002,
0.26993,
0.26984,
0.26975,
0.26965,
0.26955,
0.26945,
0.26934,
0.26924,
0.26913,
0.26901,
0.2689,
0.26878,
0.26866,
0.26854,
0.26841,
0.26829,
0.26816,
0.26802,
0.26789,
0.26775,
0.26761,
0.26747,
0.26732,
0.26717,
0.26702,
0.26687,
0.26671,
0.26655,
0.26639,
0.26623,
0.26606,
0.2659,
0.26573,
0.26555,
0.26538,
0.2652,
0.26502,
0.26483,
0.26465,
0.26446,
0.26427,
0.26407,
0.26388,
0.26368,
0.26348,
0.26327,
0.26307,
0.26286,
0.26265,
0.26243,
0.26222,
0.262,
0.26178,
0.26155,
0.26133,
0.2611,
0.26087,
0.26063,
0.26039,
0.26016,
0.25991,
0.25967,
0.25942,
0.25918,
0.25892,
0.25867,
0.25841,
0.25815,
0.25789,
0.25763,
0.25736,
0.25709,
0.25682,
0.25655,
0.25627,
0.25599,
0.25571,
0.25543,
0.25514,
0.25486,
0.25456,
0.25427,
0.25397,
0.25368,
0.25338,
0.25307,
0.25277,
0.25246,
0.25215,
0.25184,
0.25152,
0.2512,
0.25088,
0.25056,
0.25023,
0.24991,
0.24958,
0.24925,
0.24891,
0.24857,
0.24823,
0.24789,
0.24755,
0.2472,
0.24685,
0.2465,
0.24615,
0.24579,
0.24543,
0.24507,
0.24471,
0.24434,
0.24398,
0.24361,
0.24323,
0.24286,
0.24248,
0.2421,
0.24172,
0.24134,
0.24095,
0.24056,
0.24017,
0.23978,
0.23938,
0.23898,
0.23858,
0.23818,
0.23778,
0.23737,
0.23696,
0.23655,
0.23613,
0.23572,
0.2353,
0.23488,
0.23446,
0.23403,
0.2336,
0.23317,
0.23274,
0.23231,
0.23187,
0.23143,
0.23099,
0.23055,
0.23011,
0.22966,
0.22921,
0.22876,
0.2283,
0.22785,
0.22739,
0.22693,
0.22647,
0.226,
0.22553,
0.22507,
0.2246,
0.22412,
0.22365,
0.22317,
0.22269,
0.22221,
0.22172,
0.22124,
0.22075,
0.22026,
0.21977,
0.21928,
0.21878,
0.21828,
0.21778,
0.21728,
0.21677,
0.21627,
0.21576,
0.21525,
0.21474,
0.21422,
0.21371,
0.21319,
0.21267,
0.21214,
0.21162,
0.21109,
0.21056,
0.21003,
0.2095,
0.20897,
0.20843,
0.20789,
0.20735,
0.20681,
0.20627,
0.20572,
0.20517,
0.20462,
0.20407,
0.20352,
0.20296,
0.20241,
0.20185,
0.20129,
0.20072,
0.20016,
0.19959,
0.19903,
0.19846,
0.19788,
0.19731,
0.19673,
0.19616,
0.19558,
0.195,
0.19441,
0.19383,
0.19324,
0.19266,
0.19207,
0.19148,
0.19088,
0.19029,
0.18969,
0.18909,
0.18849,
0.18789,
0.18729,
0.18668,
0.18608,
0.18547,
0.18486,
0.18425,
0.18363,
0.18302,
0.1824,
0.18178,
0.18116,
0.18054,
0.17992,
0.17929,
0.17867,
0.17804,
0.17741,
0.17678,
0.17615,
0.17551,
0.17488,
0.17424,
0.1736,
0.17296,
0.17232,
0.17168,
0.17103,
0.17039,
0.16974,
0.16909,
0.16844,
0.16779,
0.16713,
0.16648,
0.16582,
0.16517,
0.16451,
0.16385,
0.16318,
0.16252,
0.16186,
0.16119,
0.16052,
0.15985,
0.15918,
0.15851,
0.15784,
0.15717,
0.15649,
0.15581,
0.15514,
0.15446,
0.15378,
0.1531,
0.15241,
0.15173,
0.15104,
0.15036,
0.14967,
0.14898,
0.14829,
0.1476,
0.1469,
0.14621,
0.14551,
0.14482,
0.14412,
0.14342,
0.14272,
0.14202,
0.14132,
0.14062,
0.13991,
0.13921,
0.1385,
0.13779,
0.13708,
0.13637,
0.13566,
0.13495,
0.13424,
0.13352,
0.13281,
0.13209,
0.13138,
0.13066,
0.12994,
0.12922,
0.1285,
0.12778,
0.12706,
0.12633,
0.12561,
0.12488,
0.12416,
0.12343,
0.1227,
0.12197,
0.12124,
0.12051,
0.11978,
0.11905,
0.11831,
0.11758,
0.11684,
0.11611,
0.11537,
0.11463,
0.11389,
0.11316,
0.11242,
0.11168,
0.11093,
0.11019,
0.10945,
0.10871,
0.10796,
0.10722,
0.10647,
0.10572,
0.10498,
0.10423,
0.10348,
0.10273,
0.10198,
0.10123,
0.10048,
0.09973,
0.098978,
0.098225,
0.097472,
0.096718,
0.095964,
0.095209,
0.094453,
0.093697,
0.092941,
0.092184,
0.091426,
0.090668,
0.089909,
0.08915,
0.08839,
0.08763,
0.08687,
0.086109,
0.085347,
0.084585,
0.083823,
0.083061,
0.082297,
0.081534,
0.08077,
0.080006,
0.079241,
0.078476,
0.077711,
0.076945,
0.076179,
0.075413,
0.074647,
0.07388,
0.073112,
0.072345,
0.071577,
0.070809,
0.070041,
0.069272,
0.068504,
0.067735,
0.066965,
0.066196,
0.065426,
0.064657,
0.063887,
0.063117,
0.062346,
0.061576,
0.060805,
0.060034,
0.059264,
0.058493,
0.057722,
0.05695,
0.056179,
0.055408,
0.054636,
0.053865,
0.053093,
0.052322,
0.05155,
0.050779,
0.050007,
0.049235,
0.048464,
0.047692,
0.04692,
0.046149,
0.045377,
0.044606,
0.043834,
0.043063,
0.042292,
0.04152,
0.040749,
0.039978,
0.039207,
0.038437,
0.037666,
0.036895,
0.036125,
0.035355,
0.034585,
0.033815,
0.033045,
0.032276,
0.031507,
0.030738,
0.029969,
0.0292,
0.028432,
0.027664,
0.026896,
0.026128,
0.025361,
0.024594,
0.023827,
0.023061,
0.022294,
0.021529,
0.020763,
0.019998,
0.019233,
0.018469,
0.017705,
0.016941,
0.016178,
0.015415,
0.014652,
0.01389,
0.013128,
0.012367,
0.011606,
0.010846,
0.010086,
0.009326,
0.008567,
0.0078084,
0.0070503,
0.0062928,
0.0055357,
0.0047791,
0.004023,
0.0032675,
0.0025125,
0.0017581,
0.0010042,
0.00025083,
-0.00050192,
-0.0012541,
-0.0020057,
-0.0027567,
-0.0035071,
-0.0042569,
-0.005006,
-0.0057545,
-0.0065024,
-0.0072497,
-0.0079962,
-0.0087422,
-0.0094874,
-0.010232,
-0.010976,
-0.011719,
-0.012462,
-0.013203,
-0.013944,
-0.014685,
-0.015424,
-0.016163,
-0.016901,
-0.017638,
-0.018375,
-0.019111,
-0.019846,
-0.02058,
-0.021313,
-0.022046,
-0.022778,
-0.023509,
-0.024239,
-0.024968,
-0.025696,
-0.026424,
-0.02715,
-0.027876,
-0.028601,
-0.029325,
-0.030048,
-0.030771,
-0.031492,
-0.032212,
-0.032932,
-0.03365,
-0.034368,
-0.035085,
-0.0358,
-0.036515,
-0.037229,
-0.037941,
-0.038653,
-0.039364,
-0.040074,
-0.040782,
-0.04149,
-0.042197,
-0.042903,
-0.043607,
-0.044311,
-0.045013,
-0.045715,
-0.046415,
-0.047114,
-0.047813,
-0.04851,
-0.049206,
-0.049901,
-0.050595,
-0.051287,
-0.051979,
-0.052669,
-0.053359,
-0.054047,
-0.054734,
-0.055419,
-0.056104,
-0.056788,
-0.05747,
-0.058151,
-0.058831,
-0.05951,
-0.060187,
-0.060863,
-0.061538,
-0.062212,
-0.062885,
-0.063556,
-0.064226,
-0.064895,
-0.065562,
-0.066229,
-0.066894,
-0.067557,
-0.06822,
-0.068881,
-0.069541,
-0.070199,
-0.070856,
-0.071512,
-0.072167,
-0.07282,
-0.073472,
-0.074122,
-0.074772,
-0.075419,
-0.076066,
-0.076711,
-0.077355,
-0.077997,
-0.078638,
-0.079277,
-0.079915,
-0.080552,
-0.081187,
-0.081821,
-0.082454,
-0.083085,
-0.083714,
-0.084342,
-0.084969,
-0.085594,
-0.086218,
-0.08684,
-0.087461,
-0.08808,
-0.088698,
-0.089314,
-0.089929,
-0.090543,
-0.091155,
-0.091765,
-0.092374,
-0.092981,
-0.093587,
-0.094191,
-0.094794,
-0.095395,
-0.095994,
-0.096593,
-0.097189,
-0.097784,
-0.098377,
-0.098969,
-0.099559,
-0.10015,
-0.10074,
-0.10132,
-0.1019,
-0.10249,
-0.10307,
-0.10365,
-0.10422,
-0.1048,
-0.10537,
-0.10595,
-0.10652,
-0.10709,
-0.10765,
-0.10822,
-0.10878,
-0.10935,
-0.10991,
-0.11047,
-0.11102,
-0.11158,
-0.11213,
-0.11269,
-0.11324,
-0.11379,
-0.11433,
-0.11488,
-0.11542,
-0.11597,
-0.11651,
-0.11705,
-0.11758,
-0.11812,
-0.11865,
-0.11919,
-0.11972,
-0.12024,
-0.12077,
-0.1213,
-0.12182,
-0.12234,
-0.12286,
-0.12338,
-0.12389,
-0.12441,
-0.12492,
-0.12543,
-0.12594,
-0.12645,
-0.12696,
-0.12746,
-0.12796,
-0.12846,
-0.12896,
-0.12946,
-0.12995,
-0.13044,
-0.13094,
-0.13142,
-0.13191,
-0.1324,
-0.13288,
-0.13336,
-0.13384,
-0.13432,
-0.1348,
-0.13527,
-0.13575,
-0.13622,
-0.13669,
-0.13715,
-0.13762,
-0.13808,
-0.13854,
-0.139,
-0.13946,
-0.13992,
-0.14037,
-0.14083,
-0.14128,
-0.14172,
-0.14217,
-0.14262,
-0.14306,
-0.1435,
-0.14394,
-0.14438,
-0.14481,
-0.14525,
-0.14568,
-0.14611,
-0.14654,
-0.14696,
-0.14739,
-0.14781,
-0.14823,
-0.14865,
-0.14906,
-0.14948,
-0.14989,
-0.1503,
-0.15071,
-0.15112,
-0.15152,
-0.15193,
-0.15233,
-0.15273,
-0.15312,
-0.15352,
-0.15391,
-0.1543,
-0.15469,
-0.15508,
-0.15547,
-0.15585,
-0.15623,
-0.15661,
-0.15699,
-0.15737,
-0.15774,
-0.15812,
-0.15849,
-0.15885,
-0.15922,
-0.15959,
-0.15995,
-0.16031,
-0.16067,
-0.16102,
-0.16138,
-0.16173,
-0.16208,
-0.16243,
-0.16278,
-0.16312,
-0.16347,
-0.16381,
-0.16415,
-0.16449,
-0.16482,
-0.16516,
-0.16549,
-0.16582,
-0.16614,
-0.16647,
-0.16679,
-0.16712,
-0.16744,
-0.16775,
-0.16807,
-0.16838,
-0.1687,
-0.16901,
-0.16932,
-0.16962,
-0.16993,
-0.17023,
-0.17053,
-0.17083,
-0.17113,
-0.17142,
-0.17171,
-0.172,
-0.17229,
-0.17258,
-0.17287,
-0.17315,
-0.17343,
-0.17371,
-0.17399,
-0.17426,
-0.17454,
-0.17481,
-0.17508,
-0.17535,
-0.17561,
-0.17588,
-0.17614,
-0.1764,
-0.17666,
-0.17691,
-0.17717,
-0.17742,
-0.17767,
-0.17792,
-0.17817,
-0.17841,
-0.17865,
-0.1789,
-0.17913,
-0.17937,
-0.17961,
-0.17984,
-0.18007,
-0.1803,
-0.18053,
-0.18076,
-0.18098,
-0.1812,
-0.18142,
-0.18164,
-0.18186,
-0.18207,
-0.18229,
-0.1825,
-0.18271,
-0.18291,
-0.18312,
-0.18332,
-0.18352,
-0.18372,
-0.18392,
-0.18412,
-0.18431,
-0.18451,
-0.1847,
-0.18489,
-0.18507,
-0.18526,
-0.18544,
-0.18562,
-0.1858,
-0.18598,
-0.18616,
-0.18633,
-0.1865,
-0.18667,
-0.18684,
-0.18701,
-0.18718,
-0.18734,
-0.1875,
-0.18766,
-0.18782,
-0.18797,
-0.18813,
-0.18828,
-0.18843,
-0.18858,
-0.18873,
-0.18888,
-0.18902,
-0.18916,
-0.1893,
-0.18944,
-0.18958,
-0.18971,
-0.18985,
-0.18998,
-0.19011,
-0.19024,
-0.19036,
-0.19049,
-0.19061,
-0.19073,
-0.19085,
-0.19097,
-0.19109,
-0.1912,
-0.19131,
-0.19143,
-0.19154,
-0.19164,
-0.19175,
-0.19185,
-0.19196,
-0.19206,
-0.19216,
-0.19226,
-0.19235,
-0.19245,
-0.19254,
-0.19263,
-0.19272,
-0.19281,
-0.19289,
-0.19298,
-0.19306,
-0.19314,
-0.19322,
-0.1933,
-0.19338,
-0.19345,
-0.19353,
-0.1936,
-0.19367,
-0.19374,
-0.19381,
-0.19387,
-0.19394,
-0.194,
-0.19406,
-0.19412,
-0.19418,
-0.19423,
-0.19429,
-0.19434,
-0.1944,
-0.19445,
-0.19449,
-0.19454,
-0.19459,
-0.19463,
-0.19467,
-0.19472,
-0.19476,
-0.19479,
-0.19483,
-0.19487,
-0.1949,
-0.19493,
-0.19496,
-0.19499,
-0.19502,
-0.19505,
-0.19508,
-0.1951,
-0.19512,
-0.19514,
-0.19516,
-0.19518,
-0.1952,
-0.19521,
-0.19523,
-0.19524,
-0.19525,
-0.19526,
-0.19527,
-0.19528,
-0.19528,
-0.19529,
-0.19529,
-0.19529,
-0.19529,
-0.19529,
-0.19529,
-0.19529,
-0.19528,
-0.19528,
-0.19527,
-0.19526,
-0.19525,
-0.19524,
-0.19523,
-0.19522,
-0.1952,
-0.19519,
-0.19517,
-0.19515,
-0.19513,
-0.19511,
-0.19509,
-0.19506,
-0.19504,
-0.19501,
-0.19498,
-0.19496,
-0.19493,
-0.1949,
-0.19486,
-0.19483,
-0.1948,
-0.19476,
-0.19473,
-0.19469,
-0.19465,
-0.19461,
-0.19457,
-0.19453,
-0.19448,
-0.19444,
-0.19439,
-0.19435,
-0.1943,
-0.19425,
-0.1942,
-0.19415,
-0.1941,
-0.19404,
-0.19399,
-0.19393,
-0.19388,
-0.19382,
-0.19376,
-0.1937,
-0.19364,
-0.19358,
-0.19352,
-0.19345,
-0.19339,
-0.19333,
-0.19326,
-0.19319,
-0.19312,
-0.19305,
-0.19298,
-0.19291,
-0.19284,
-0.19277,
-0.19269,
-0.19262,
-0.19254,
-0.19247,
-0.19239,
-0.19231,
-0.19223,
-0.19215,
-0.19207,
-0.19199,
-0.1919,
-0.19182,
-0.19173,
-0.19165,
-0.19156,
-0.19147,
-0.19139,
-0.1913,
-0.19121,
-0.19112,
-0.19102,
-0.19093,
-0.19084,
-0.19075,
-0.19065,
-0.19056,
-0.19046,
-0.19036,
-0.19026,
-0.19017,
-0.19007,
-0.18997,
-0.18987,
-0.18976,
-0.18966,
-0.18956,
-0.18946,
-0.18935,
-0.18925,
-0.18914,
-0.18903,
-0.18893,
-0.18882,
-0.18871,
-0.1886,
-0.18849,
-0.18838,
-0.18827,
-0.18816,
-0.18805,
-0.18793,
-0.18782,
-0.1877,
-0.18759,
-0.18747,
-0.18736,
-0.18724,
-0.18712,
-0.18701,
-0.18689,
-0.18677,
-0.18665,
-0.18653,
-0.18641,
-0.18629,
-0.18616,
-0.18604,
-0.18592,
-0.1858,
-0.18567,
-0.18555,
-0.18542,
-0.1853,
-0.18517,
-0.18504,
-0.18492,
-0.18479,
-0.18466,
-0.18453,
-0.18441,
-0.18428,
-0.18415,
-0.18402,
-0.18389,
-0.18376,
-0.18362,
-0.18349,
-0.18336,
-0.18323,
-0.18309,
-0.18296,
-0.18283,
-0.18269,
-0.18256,
-0.18242,
-0.18229,
-0.18215,
-0.18202,
-0.18188,
-0.18174,
-0.18161,
-0.18147,
-0.18133,
-0.18119,
-0.18105,
-0.18091,
-0.18078,
-0.18064,
-0.1805,
-0.18036,
-0.18022,
-0.18008,
-0.17993,
-0.17979,
-0.17965,
-0.17951,
-0.17937,
-0.17923,
-0.17908,
-0.17894,
-0.1788,
-0.17866,
-0.17851,
-0.17837,
-0.17823,
-0.17808,
-0.17794,
-0.17779,
-0.17765,
-0.1775,
-0.17736,
-0.17721,
-0.17707,
-0.17692,
-0.17678,
-0.17663,
-0.17649,
-0.17634,
-0.17619,
-0.17605,
-0.1759,
-0.17576,
-0.17561,
-0.17546,
-0.17531,
-0.17517,
-0.17502,
-0.17487,
-0.17473,
-0.17458,
-0.17443,
-0.17428,
-0.17414,
-0.17399,
-0.17384,
-0.17369,
-0.17355,
-0.1734,
-0.17325,
-0.1731,
-0.17295,
-0.17281,
-0.17266,
-0.17251,
-0.17236,
-0.17221,
-0.17207,
-0.17192,
-0.17177,
-0.17162,
-0.17147,
-0.17132,
-0.17118,
-0.17103,
-0.17088,
-0.17073,
-0.17058,
-0.17044,
-0.17029,
-0.17014,
-0.16999,
-0.16985,
-0.1697,
-0.16955,
-0.1694,
-0.16926,
-0.16911,
-0.16896,
-0.16881,
-0.16867,
-0.16852,
-0.16837,
-0.16823,
-0.16808,
-0.16793,
-0.16779,
-0.16764,
-0.1675,
-0.16735,
-0.1672,
-0.16706,
-0.16691,
-0.16677,
-0.16662,
-0.16648,
-0.16633,
-0.16619,
-0.16604,
-0.1659,
-0.16575,
-0.16561,
-0.16547,
-0.16532,
-0.16518,
-0.16503,
-0.16489,
-0.16475,
-0.16461,
-0.16446,
-0.16432,
-0.16418,
-0.16404,
-0.16389,
-0.16375,
-0.16361,
-0.16347,
-0.16333,
-0.16319,
-0.16305,
-0.16291,
-0.16277,
-0.16263,
-0.16249,
-0.16235,
-0.16221,
-0.16207,
-0.16194,
-0.1618,
-0.16166,
-0.16152,
-0.16139,
-0.16125,
-0.16111,
-0.16098,
-0.16084,
-0.1607,
-0.16057,
-0.16043,
-0.1603,
-0.16016,
-0.16003,
-0.1599,
-0.15976,
-0.15963,
-0.1595,
-0.15936,
-0.15923,
-0.1591,
-0.15897,
-0.15884,
-0.15871,
-0.15858,
-0.15845,
-0.15832,
-0.15819,
-0.15806,
-0.15793,
-0.1578,
-0.15767,
-0.15755,
-0.15742,
-0.15729,
-0.15716,
-0.15704,
-0.15691,
-0.15679,
-0.15666,
-0.15654,
-0.15641,
-0.15629,
-0.15617,
-0.15604,
-0.15592,
-0.1558,
-0.15568,
-0.15555,
-0.15543,
-0.15531,
-0.15519,
-0.15507,
-0.15495,
-0.15483,
-0.15472,
-0.1546,
-0.15448,
-0.15436,
-0.15425,
-0.15413,
-0.15401,
-0.1539,
-0.15378,
-0.15367,
-0.15355,
-0.15344,
-0.15333,
-0.15321,
-0.1531,
-0.15299,
-0.15288,
-0.15277,
-0.15266,
-0.15255,
-0.15244,
-0.15233,
-0.15222,
-0.15211,
-0.152,
-0.15189,
-0.15179,
-0.15168,
-0.15157,
-0.15147,
-0.15136,
-0.15126,
-0.15116,
-0.15105,
-0.15095,
-0.15085,
-0.15074,
-0.15064,
-0.15054,
-0.15044,
-0.15034,
-0.15024,
-0.15014,
-0.15004,
-0.14994,
-0.14985,
-0.14975,
-0.14965,
-0.14956,
-0.14946,
-0.14937,
-0.14927,
-0.14918,
-0.14908,
-0.14899,
-0.1489,
-0.14881,
-0.14871,
-0.14862,
-0.14853,
-0.14844,
-0.14835,
-0.14826,
-0.14817,
-0.14809,
-0.148,
-0.14791,
-0.14783,
-0.14774,
-0.14765,
-0.14757,
-0.14748,
-0.1474,
-0.14732,
-0.14723,
-0.14715,
-0.14707,
-0.14699,
-0.14691,
-0.14683,
-0.14675,
-0.14667,
-0.14659,
-0.14651,
-0.14644,
-0.14636,
-0.14628,
-0.14621,
-0.14613,
-0.14606,
-0.14598,
-0.14591,
-0.14584,
-0.14576,
-0.14569,
-0.14562,
-0.14555,
-0.14548,
-0.14541,
-0.14534,
-0.14527,
-0.1452,
-0.14513,
-0.14507,
-0.145,
-0.14493,
-0.14487,
-0.1448,
-0.14474,
-0.14467,
-0.14461,
-0.14455,
-0.14448,
-0.14442,
-0.14436,
-0.1443,
-0.14424,
-0.14418,
-0.14412,
-0.14406,
-0.144,
-0.14395,
-0.14389,
-0.14383,
-0.14378,
-0.14372,
-0.14367,
-0.14361,
-0.14356,
-0.14351,
-0.14345,
-0.1434,
-0.14335,
-0.1433,
-0.14325,
-0.1432,
-0.14315,
-0.1431,
-0.14305,
-0.143,
-0.14296,
-0.14291,
-0.14286,
-0.14282,
-0.14277,
-0.14273,
-0.14268,
-0.14264,
-0.1426,
-0.14255,
-0.14251,
-0.14247,
-0.14243,
-0.14239,
-0.14235,
-0.14231,
-0.14227,
-0.14223,
-0.14219,
-0.14216,
-0.14212,
-0.14208,
-0.14205,
-0.14201,
-0.14198,
-0.14195,
-0.14191,
-0.14188,
-0.14185,
-0.14181,
-0.14178,
-0.14175,
-0.14172,
-0.14169,
-0.14166,
-0.14163,
-0.1416,
-0.14158,
-0.14155,
-0.14152,
-0.1415,
-0.14147,
-0.14144,
-0.14142,
-0.1414,
-0.14137,
-0.14135,
-0.14133,
-0.1413,
-0.14128,
-0.14126,
-0.14124,
-0.14122,
-0.1412,
-0.14118,
-0.14116,
-0.14114,
-0.14112,
-0.14111,
-0.14109,
-0.14107,
-0.14106,
-0.14104,
-0.14103,
-0.14101,
-0.141,
-0.14099,
-0.14097,
-0.14096,
-0.14095,
-0.14094,
-0.14092,
-0.14091,
-0.1409,
-0.14089,
-0.14088,
-0.14088,
-0.14087,
-0.14086,
-0.14085,
-0.14084,
-0.14084,
-0.14083,
-0.14083,
-0.14082,
-0.14082,
-0.14081,
-0.14081,
-0.14081,
-0.1408,
-0.1408,
-0.1408,
-0.1408,
-0.14079,
-0.14079,
-0.14079,
-0.14079,
-0.14079,
-0.1408,
-0.1408,
-0.1408,
-0.1408,
-0.1408,
-0.14081,
-0.14081,
-0.14081,
-0.14082,
-0.14082,
-0.14083,
-0.14083,
-0.14084,
-0.14085,
-0.14085,
-0.14086,
-0.14087,
-0.14088,
-0.14088,
-0.14089,
-0.1409,
-0.14091,
-0.14092,
-0.14093,
-0.14094,
-0.14095,
-0.14097,
-0.14098,
-0.14099,
-0.141,
-0.14102,
-0.14103,
-0.14104,
-0.14106,
-0.14107,
-0.14109,
-0.1411,
-0.14112,
-0.14113,
-0.14115,
-0.14117,
-0.14118,
-0.1412,
-0.14122,
-0.14124,
-0.14126,
-0.14127,
-0.14129,
-0.14131,
-0.14133,
-0.14135,
-0.14137,
-0.14139,
-0.14142,
-0.14144,
-0.14146,
-0.14148,
-0.1415,
-0.14153,
-0.14155,
-0.14157,
-0.1416,
-0.14162,
-0.14165,
-0.14167,
-0.14169,
-0.14172,
-0.14175,
-0.14177,
-0.1418,
-0.14182,
-0.14185,
-0.14188,
-0.1419,
-0.14193,
-0.14196,
-0.14199,
-0.14202,
-0.14205,
-0.14207,
-0.1421,
-0.14213,
-0.14216,
-0.14219,
-0.14222,
-0.14225,
-0.14228,
-0.14232,
-0.14235,
-0.14238,
-0.14241,
-0.14244,
-0.14247,
-0.14251,
-0.14254,
-0.14257,
-0.14261,
-0.14264,
-0.14267,
-0.14271,
-0.14274,
-0.14278,
-0.14281,
-0.14285,
-0.14288,
-0.14292,
-0.14295,
-0.14299,
-0.14302,
-0.14306,
-0.1431,
-0.14313,
-0.14317,
-0.14321,
-0.14324,
-0.14328,
-0.14332,
-0.14335,
-0.14339,
-0.14343,
-0.14347,
-0.14351,
-0.14355,
-0.14358,
-0.14362,
-0.14366,
-0.1437,
-0.14374,
-0.14378,
-0.14382,
-0.14386,
-0.1439,
-0.14394,
-0.14398,
-0.14402,
-0.14406,
-0.1441,
-0.14414,
-0.14418,
-0.14422,
-0.14427,
-0.14431,
-0.14435,
-0.14439,
-0.14443,
-0.14447,
-0.14452,
-0.14456,
-0.1446,
-0.14464,
-0.14468,
-0.14473,
-0.14477,
-0.14481,
-0.14485,
-0.1449,
-0.14494,
-0.14498,
-0.14503,
-0.14507,
-0.14511,
-0.14516,
-0.1452,
-0.14524,
-0.14529,
-0.14533,
-0.14537,
-0.14542,
-0.14546,
-0.14551,
-0.14555,
-0.14559,
-0.14564,
-0.14568,
-0.14573,
-0.14577,
-0.14582,
-0.14586,
-0.1459,
-0.14595,
-0.14599,
-0.14604,
-0.14608,
-0.14613,
-0.14617,
-0.14622,
-0.14626,
-0.1463,
-0.14635,
-0.14639,
-0.14644,
-0.14648,
-0.14653,
-0.14657,
-0.14662,
-0.14666,
-0.14671,
-0.14675,
-0.1468,
-0.14684,
-0.14688,
-0.14693,
-0.14697,
-0.14702,
-0.14706,
-0.14711,
-0.14715,
-0.1472,
-0.14724,
-0.14728,
-0.14733,
-0.14737,
-0.14742,
-0.14746,
-0.14751,
-0.14755,
-0.14759,
-0.14764,
-0.14768,
-0.14773,
-0.14777,
-0.14781,
-0.14786,
-0.1479,
-0.14794,
-0.14799,
-0.14803,
-0.14808,
-0.14812,
-0.14816,
-0.1482,
-0.14825,
-0.14829,
-0.14833,
-0.14838,
-0.14842,
-0.14846,
-0.1485,
-0.14855,
-0.14859,
-0.14863,
-0.14867,
-0.14872,
-0.14876,
-0.1488,
-0.14884,
-0.14888,
-0.14892,
-0.14896,
-0.14901,
-0.14905,
-0.14909,
-0.14913,
-0.14917,
-0.14921,
-0.14925,
-0.14929,
-0.14933,
-0.14937,
-0.14941,
-0.14945,
-0.14949,
-0.14953,
-0.14957,
-0.14961,
-0.14965,
-0.14968,
-0.14972,
-0.14976,
-0.1498,
-0.14984,
-0.14988,
-0.14991,
-0.14995,
-0.14999,
-0.15003,
-0.15006,
-0.1501,
-0.15014,
-0.15017,
-0.15021,
-0.15024,
-0.15028,
-0.15032,
-0.15035,
-0.15039,
-0.15042,
-0.15046,
-0.15049,
-0.15053,
-0.15056,
-0.15059,
-0.15063,
-0.15066,
-0.1507,
-0.15073,
-0.15076,
-0.15079,
-0.15083,
-0.15086,
-0.15089,
-0.15092,
-0.15096,
-0.15099,
-0.15102,
-0.15105,
-0.15108,
-0.15111,
-0.15114,
-0.15117,
-0.1512,
-0.15123,
-0.15126,
-0.15129,
-0.15132,
-0.15135,
-0.15137,
-0.1514,
-0.15143,
-0.15146,
-0.15148,
-0.15151,
-0.15154,
-0.15156,
-0.15159,
-0.15162,
-0.15164,
-0.15167,
-0.15169,
-0.15172,
-0.15174,
-0.15177,
-0.15179,
-0.15181,
-0.15184,
-0.15186,
-0.15188,
-0.15191,
-0.15193,
-0.15195,
-0.15197,
-0.15199,
-0.15202,
-0.15204,
-0.15206,
-0.15208,
-0.1521,
-0.15212,
-0.15214,
-0.15215,
-0.15217,
-0.15219,
-0.15221,
-0.15223,
-0.15225,
-0.15226,
-0.15228,
-0.1523,
-0.15231,
-0.15233,
-0.15234,
-0.15236,
-0.15237,
-0.15239,
-0.1524,
-0.15242,
-0.15243,
-0.15244,
-0.15246,
-0.15247,
-0.15248,
-0.15249,
-0.1525,
-0.15252,
-0.15253,
-0.15254,
-0.15255,
-0.15256,
-0.15257,
-0.15258,
-0.15259,
-0.15259,
-0.1526,
-0.15261,
-0.15262,
-0.15262,
-0.15263,
-0.15264,
-0.15264,
-0.15265,
-0.15265,
-0.15266,
-0.15266,
-0.15267,
-0.15267,
-0.15268,
-0.15268,
-0.15268,
-0.15268,
-0.15269,
-0.15269,
-0.15269,
-0.15269,
-0.15269,
-0.15269,
-0.15269,
-0.15269,
-0.15269,
-0.15269,
-0.15269,
-0.15268,
-0.15268,
-0.15268,
-0.15268,
-0.15267,
-0.15267,
-0.15266,
-0.15266,
-0.15265,
-0.15265,
-0.15264,
-0.15264,
-0.15263,
-0.15262,
-0.15261,
-0.15261,
-0.1526,
-0.15259,
-0.15258,
-0.15257,
-0.15256,
-0.15255,
-0.15254,
-0.15253,
-0.15252,
-0.15251,
-0.15249,
-0.15248,
-0.15247,
-0.15245,
-0.15244,
-0.15243,
-0.15241,
-0.1524,
-0.15238,
-0.15236,
-0.15235,
-0.15233,
-0.15231,
-0.1523,
-0.15228,
-0.15226,
-0.15224,
-0.15222,
-0.1522,
-0.15218,
-0.15216,
-0.15214,
-0.15212,
-0.1521,
-0.15208,
-0.15205,
-0.15203,
-0.15201,
-0.15198,
-0.15196,
-0.15193,
-0.15191,
-0.15188,
-0.15186,
-0.15183,
-0.1518,
-0.15178,
-0.15175,
-0.15172,
-0.15169,
-0.15166,
-0.15163,
-0.1516,
-0.15157,
-0.15154,
-0.15151,
-0.15148,
-0.15145,
-0.15142,
-0.15138,
-0.15135,
-0.15132,
-0.15128,
-0.15125,
-0.15121,
-0.15118,
-0.15114,
-0.15111,
-0.15107,
-0.15103,
-0.15099,
-0.15096,
-0.15092,
-0.15088,
-0.15084,
-0.1508,
-0.15076,
-0.15072,
-0.15068,
-0.15064,
-0.15059,
-0.15055,
-0.15051,
-0.15046,
-0.15042,
-0.15038,
-0.15033,
-0.15029,
-0.15024,
-0.1502,
-0.15015,
-0.1501,
-0.15005,
-0.15001,
-0.14996,
-0.14991,
-0.14986,
-0.14981,
-0.14976,
-0.14971,
-0.14966,
-0.14961,
-0.14956,
-0.1495,
-0.14945,
-0.1494,
-0.14935,
-0.14929,
-0.14924,
-0.14918,
-0.14913,
-0.14907,
-0.14901,
-0.14896,
-0.1489,
-0.14884,
-0.14878,
-0.14873,
-0.14867,
-0.14861,
-0.14855,
-0.14849,
-0.14843,
-0.14837,
-0.1483,
-0.14824,
-0.14818,
-0.14812,
-0.14805,
-0.14799,
-0.14792,
-0.14786,
-0.14779,
-0.14773,
-0.14766,
-0.1476,
-0.14753,
-0.14746,
-0.14739,
-0.14733,
-0.14726,
-0.14719,
-0.14712,
-0.14705,
-0.14698,
-0.14691,
-0.14683,
-0.14676,
-0.14669,
-0.14662,
-0.14654,
-0.14647,
-0.1464,
-0.14632,
-0.14625,
-0.14617,
-0.14609,
-0.14602,
-0.14594,
-0.14586,
-0.14579,
-0.14571,
-0.14563,
-0.14555,
-0.14547,
-0.14539,
-0.14531,
-0.14523,
-0.14515,
-0.14507,
-0.14498,
-0.1449,
-0.14482,
-0.14473,
-0.14465,
-0.14457,
-0.14448,
-0.1444,
-0.14431,
-0.14422,
-0.14414,
-0.14405,
-0.14396,
-0.14387,
-0.14379,
-0.1437,
-0.14361,
-0.14352,
-0.14343,
-0.14334,
-0.14325,
-0.14315,
-0.14306,
-0.14297,
-0.14288,
-0.14278,
-0.14269,
-0.1426,
-0.1425,
-0.14241,
-0.14231,
-0.14222,
-0.14212,
-0.14202,
-0.14193,
-0.14183,
-0.14173,
-0.14163,
-0.14153,
-0.14143,
-0.14133,
-0.14123,
-0.14113,
-0.14103,
-0.14093,
-0.14083,
-0.14073,
-0.14062,
-0.14052,
-0.14042,
-0.14031,
-0.14021,
-0.1401,
-0.14,
-0.13989,
-0.13979,
-0.13968,
-0.13957,
-0.13946,
-0.13936,
-0.13925,
-0.13914,
-0.13903,
-0.13892,
-0.13881,
-0.1387,
-0.13859,
-0.13848,
-0.13837,
-0.13825,
-0.13814,
-0.13803,
-0.13792,
-0.1378,
-0.13769,
-0.13757,
-0.13746,
-0.13734,
-0.13723,
-0.13711,
-0.137,
-0.13688,
-0.13676,
-0.13664,
-0.13652,
-0.13641,
-0.13629,
-0.13617,
-0.13605,
-0.13593,
-0.13581,
-0.13569,
-0.13556,
-0.13544,
-0.13532,
-0.1352,
-0.13507,
-0.13495,
-0.13483,
-0.1347,
-0.13458,
-0.13445,
-0.13433,
-0.1342,
-0.13408,
-0.13395,
-0.13382,
-0.1337,
-0.13357,
-0.13344,
-0.13331,
-0.13318,
-0.13305,
-0.13292,
-0.13279,
-0.13266,
-0.13253,
-0.1324,
-0.13227,
-0.13214,
-0.13201,
-0.13187,
-0.13174,
-0.13161,
-0.13147,
-0.13134,
-0.1312,
-0.13107,
-0.13093,
-0.1308,
-0.13066,
-0.13053,
-0.13039,
-0.13025,
-0.13011,
-0.12998,
-0.12984,
-0.1297,
-0.12956,
-0.12942,
-0.12928,
-0.12914,
-0.129,
-0.12886,
-0.12872,
-0.12858,
-0.12844,
-0.12829,
-0.12815,
-0.12801,
-0.12786,
-0.12772,
-0.12758,
-0.12743,
-0.12729,
-0.12714,
-0.127,
-0.12685,
-0.12671,
-0.12656,
-0.12641,
-0.12627,
-0.12612,
-0.12597,
-0.12582,
-0.12568,
-0.12553,
-0.12538,
-0.12523,
-0.12508,
-0.12493,
-0.12478,
-0.12463,
-0.12448,
-0.12433,
-0.12417,
-0.12402,
-0.12387,
-0.12372,
-0.12356,
-0.12341,
-0.12326,
-0.1231,
-0.12295,
-0.12279,
-0.12264,
-0.12248,
-0.12233,
-0.12217,
-0.12202,
-0.12186,
-0.1217,
-0.12155,
-0.12139,
-0.12123,
-0.12107,
-0.12092,
-0.12076,
-0.1206,
-0.12044,
-0.12028,
-0.12012,
-0.11996,
-0.1198,
-0.11964,
-0.11948,
-0.11932,
-0.11916,
-0.119,
-0.11883,
-0.11867,
-0.11851,
-0.11835,
-0.11818,
-0.11802,
-0.11786,
-0.11769,
-0.11753,
-0.11736,
-0.1172,
-0.11703,
-0.11687,
-0.1167,
-0.11654,
-0.11637,
-0.11621,
-0.11604,
-0.11587,
-0.11571,
-0.11554,
-0.11537,
-0.1152,
-0.11503,
-0.11487,
-0.1147,
-0.11453,
-0.11436,
-0.11419,
-0.11402,
-0.11385,
-0.11368,
-0.11351,
-0.11334,
-0.11317,
-0.113,
-0.11283,
-0.11266,
-0.11249,
-0.11231,
-0.11214,
-0.11197,
-0.1118,
-0.11162,
-0.11145,
-0.11128,
-0.1111,
-0.11093,
-0.11076,
-0.11058,
-0.11041,
-0.11023,
-0.11006,
-0.10988,
-0.10971,
-0.10953,
-0.10936,
-0.10918,
-0.10901,
-0.10883,
-0.10865,
-0.10848,
-0.1083,
-0.10812,
-0.10795,
-0.10777,
-0.10759,
-0.10741,
-0.10724,
-0.10706,
-0.10688,
-0.1067,
-0.10652,
-0.10634,
-0.10617,
-0.10599,
-0.10581,
-0.10563,
-0.10545,
-0.10527,
-0.10509,
-0.10491,
-0.10473,
-0.10455,
-0.10437,
-0.10419,
-0.10401,
-0.10382,
-0.10364,
-0.10346,
-0.10328,
-0.1031,
-0.10292,
-0.10273,
-0.10255,
-0.10237,
-0.10219,
-0.10201,
-0.10182,
-0.10164,
-0.10146,
-0.10127,
-0.10109,
-0.10091,
-0.10072,
-0.10054,
-0.10036,
-0.10017,
-0.09999,
-0.099806,
-0.099622,
-0.099437,
-0.099253,
-0.099069,
-0.098884,
-0.098699,
-0.098515,
-0.09833,
-0.098145,
-0.09796,
-0.097774,
-0.097589,
-0.097404,
-0.097218,
-0.097033,
-0.096847,
-0.096661,
-0.096476,
-0.09629,
-0.096104,
-0.095918,
-0.095732,
-0.095545,
-0.095359,
-0.095173,
-0.094986,
-0.0948,
-0.094613,
-0.094427,
-0.09424,
-0.094053,
-0.093866,
-0.09368,
-0.093493,
-0.093306,
-0.093119,
-0.092932,
-0.092744,
-0.092557,
-0.09237,
-0.092183,
-0.091996,
-0.091808,
-0.091621,
-0.091433,
-0.091246,
-0.091059,
-0.090871,
-0.090683,
-0.090496,
-0.090308,
-0.090121,
-0.089933,
-0.089745,
-0.089558,
-0.08937,
-0.089182,
-0.088995,
-0.088807,
-0.088619,
-0.088432,
-0.088244,
-0.088056,
-0.087869,
-0.087681,
-0.087493,
-0.087305,
-0.087118,
-0.08693,
-0.086742,
-0.086555,
-0.086367,
-0.086179,
-0.085992,
-0.085804,
-0.085617,
-0.085429,
-0.085242,
-0.085054,
-0.084867,
-0.084679,
-0.084492,
-0.084305,
-0.084117,
-0.08393,
-0.083743,
-0.083556,
-0.083369,
-0.083182,
-0.082995,
-0.082808,
-0.082621,
-0.082434,
-0.082247,
-0.082061,
-0.081874,
-0.081688,
-0.081501,
-0.081315,
-0.081128,
-0.080942,
-0.080756,
-0.08057,
-0.080384,
-0.080198,
-0.080012,
-0.079826,
-0.07964,
-0.079455,
-0.079269,
-0.079084,
-0.078898,
-0.078713,
-0.078528,
-0.078343,
-0.078158,
-0.077973,
-0.077789,
-0.077604,
-0.07742,
-0.077235,
-0.077051,
-0.076867,
-0.076683,
-0.076499,
-0.076315,
-0.076132,
-0.075948,
-0.075765,
-0.075582,
-0.075399,
-0.075216,
-0.075033,
-0.07485,
-0.074668,
-0.074485,
-0.074303,
-0.074121,
-0.073939,
-0.073758,
-0.073576,
-0.073395,
-0.073213,
-0.073032,
-0.072851,
-0.072671,
-0.07249,
-0.07231,
-0.072129,
-0.071949,
-0.071769,
-0.07159,
-0.07141,
-0.071231,
-0.071052,
-0.070873,
-0.070694,
-0.070515,
-0.070337,
-0.070159,
-0.069981,
-0.069803,
-0.069626,
-0.069448,
-0.069271,
-0.069094,
-0.068918,
-0.068741,
-0.068565,
-0.068389,
-0.068213,
-0.068037,
-0.067862,
-0.067687,
-0.067512,
-0.067337,
-0.067163,
-0.066988,
-0.066814,
-0.066641,
-0.066467,
-0.066294,
-0.066121,
-0.065948,
-0.065776,
-0.065604,
-0.065432,
-0.06526,
-0.065088,
-0.064917,
-0.064746,
-0.064576,
-0.064405,
-0.064235,
-0.064065,
-0.063896,
-0.063726,
-0.063557,
-0.063389,
-0.06322,
-0.063052,
-0.062884,
-0.062717,
-0.06255,
-0.062383,
-0.062216,
-0.062049,
-0.061883,
-0.061718,
-0.061552,
-0.061387,
-0.061222,
-0.061058,
-0.060894,
-0.06073,
-0.060566,
-0.060403,
-0.06024,
-0.060077,
-0.059915,
-0.059753,
-0.059592,
-0.05943,
-0.059269,
-0.059109,
-0.058949,
-0.058789,
-0.058629,
-0.05847,
-0.058311,
-0.058153,
-0.057995,
-0.057837,
-0.057679,
-0.057522,
-0.057366,
-0.057209,
-0.057053,
-0.056898,
-0.056743,
-0.056588,
-0.056433,
-0.056279,
-0.056126,
-0.055972,
-0.055819,
-0.055667,
-0.055515,
-0.055363,
-0.055212,
-0.055061,
-0.05491,
-0.05476,
-0.05461,
-0.054461,
-0.054312,
-0.054163,
-0.054015,
-0.053868,
-0.05372,
-0.053573,
-0.053427,
-0.053281,
-0.053135,
-0.05299,
-0.052845,
-0.052701,
-0.052557,
-0.052414,
-0.052271,
-0.052128,
-0.051986,
-0.051845,
-0.051703,
-0.051563,
-0.051422,
-0.051282,
-0.051143,
-0.051004,
-0.050866,
-0.050727,
-0.05059,
-0.050453,
-0.050316,
-0.05018,
-0.050044,
-0.049909,
-0.049774,
-0.04964,
-0.049506,
-0.049373,
-0.04924,
-0.049108,
-0.048976,
-0.048845,
-0.048714,
-0.048584,
-0.048454,
-0.048324,
-0.048196,
-0.048067,
-0.047939,
-0.047812,
-0.047685,
-0.047559,
-0.047433,
-0.047308,
-0.047183,
-0.047059,
-0.046935,
-0.046812,
-0.046689,
-0.046567,
-0.046446,
-0.046324,
-0.046204,
-0.046084,
-0.045965,
-0.045846,
-0.045727,
-0.045609,
-0.045492,
-0.045375,
-0.045259,
-0.045144,
-0.045029,
-0.044914,
-0.0448,
-0.044687,
-0.044574,
-0.044462,
-0.04435,
-0.044239,
-0.044128,
-0.044018,
-0.043909,
-0.0438,
-0.043692,
-0.043584,
-0.043477,
-0.043371,
-0.043265,
-0.043159,
-0.043055,
-0.042951,
-0.042847,
-0.042744,
-0.042642,
-0.04254,
-0.042439,
-0.042338,
-0.042238,
-0.042139,
-0.04204,
-0.041942,
-0.041845,
-0.041748,
-0.041652,
-0.041556,
-0.041461,
-0.041367,
-0.041273,
-0.04118,
-0.041087,
-0.040995,
-0.040904,
-0.040814,
-0.040724,
-0.040634,
-0.040546,
-0.040458,
-0.04037,
-0.040284,
-0.040197,
-0.040112,
-0.040027,
-0.039943,
-0.03986,
-0.039777,
-0.039695,
-0.039613,
-0.039532,
-0.039452,
-0.039373,
-0.039294,
-0.039215,
-0.039138,
-0.039061,
-0.038985,
-0.038909,
-0.038835,
-0.038761,
-0.038687,
-0.038614,
-0.038542,
-0.038471,
-0.0384,
-0.03833,
-0.038261,
-0.038192,
-0.038124,
-0.038057,
-0.03799,
-0.037925,
-0.037859,
-0.037795,
-0.037731,
-0.037668,
-0.037606,
-0.037544,
-0.037483,
-0.037423,
-0.037364,
-0.037305,
-0.037247,
-0.03719,
-0.037133,
-0.037077,
-0.037022,
-0.036968,
-0.036914,
-0.036861,
-0.036809,
-0.036757,
-0.036706,
-0.036656,
-0.036607,
-0.036558,
-0.036511,
-0.036463,
-0.036417,
-0.036372,
-0.036327,
-0.036283,
-0.036239,
-0.036196,
-0.036155,
-0.036113,
-0.036073,
-0.036033,
-0.035995,
-0.035956,
-0.035919,
-0.035883,
-0.035847,
-0.035812,
-0.035777,
-0.035744,
-0.035711,
-0.035679,
-0.035648,
-0.035617,
-0.035587,
-0.035559,
-0.03553,
-0.035503,
-0.035476,
-0.035451,
-0.035425,
-0.035401,
-0.035378,
-0.035355,
-0.035333,
-0.035312,
-0.035292,
-0.035272,
-0.035253,
-0.035235,
-0.035218,
-0.035202,
-0.035186,
-0.035171,
-0.035157,
-0.035144,
-0.035131,
-0.03512,
-0.035109,
-0.035099,
-0.035089,
-0.035081,
-0.035073,
-0.035066,
-0.03506,
-0.035055,
-0.035051,
-0.035047,
-0.035044,
-0.035042,
-0.035041,
-0.035041,
-0.035041,
-0.035042,
-0.035044,
-0.035047,
-0.035051,
-0.035055,
-0.03506,
-0.035067,
-0.035074,
-0.035081,
-0.03509,
-0.035099,
-0.035109,
-0.03512,
-0.035132,
-0.035145,
-0.035158,
-0.035173,
-0.035188,
-0.035204,
-0.035221,
-0.035238,
-0.035257,
-0.035276,
-0.035296,
-0.035317,
-0.035339,
-0.035361,
-0.035385,
-0.035409,
-0.035434,
-0.03546,
-0.035487,
-0.035514,
-0.035543,
-0.035572,
-0.035602,
-0.035633,
-0.035665,
-0.035697,
-0.035731,
-0.035765,
-0.0358,
-0.035836,
-0.035873,
-0.03591,
-0.035949,
-0.035988,
-0.036028,
-0.036069,
-0.036111,
-0.036153,
-0.036197,
-0.036241,
-0.036286,
-0.036332,
-0.036379,
-0.036427,
-0.036475,
-0.036524,
-0.036575,
-0.036626,
-0.036678,
-0.03673,
-0.036784,
-0.036838,
-0.036893,
-0.036949,
-0.037006,
-0.037064,
-0.037123,
-0.037182,
-0.037242,
-0.037303,
-0.037365,
-0.037428,
-0.037492,
-0.037556,
-0.037622,
-0.037688,
-0.037755,
-0.037822,
-0.037891,
-0.037961,
-0.038031,
-0.038102,
-0.038174,
-0.038247,
-0.038321,
-0.038395,
-0.038471,
-0.038547,
-0.038624,
-0.038702,
-0.03878,
-0.03886,
-0.03894,
-0.039021,
-0.039103,
-0.039186,
-0.03927,
-0.039355,
-0.03944,
-0.039526,
-0.039613,
-0.039701,
-0.03979,
-0.039879,
-0.039969,
-0.040061,
-0.040153,
-0.040245,
-0.040339,
-0.040434,
-0.040529,
-0.040625,
-0.040722,
-0.04082,
-0.040918,
-0.041018,
-0.041118,
-0.041219,
-0.041321,
-0.041423,
-0.041527,
-0.041631,
-0.041736,
-0.041842,
-0.041949,
-0.042057,
-0.042165,
-0.042274,
-0.042384,
-0.042495,
-0.042607,
-0.042719,
-0.042832,
-0.042946,
-0.043061,
-0.043177,
-0.043293,
-0.043411,
-0.043529,
-0.043647,
-0.043767,
-0.043887,
-0.044009,
-0.044131,
-0.044254,
-0.044377,
-0.044502,
-0.044627,
-0.044753,
-0.044879,
-0.045007,
-0.045135,
-0.045264,
-0.045394,
-0.045525,
-0.045656,
-0.045789,
-0.045922,
-0.046055,
-0.04619,
-0.046325,
-0.046461,
-0.046598,
-0.046736,
-0.046874,
-0.047013,
-0.047153,
-0.047294,
-0.047436,
-0.047578,
-0.047721,
-0.047864,
-0.048009,
-0.048154,
-0.0483,
-0.048447,
-0.048594,
-0.048743,
-0.048892,
-0.049041,
-0.049192,
-0.049343,
-0.049495,
-0.049647,
-0.049801,
-0.049955,
-0.05011,
-0.050265,
-0.050422,
-0.050579,
-0.050737,
-0.050895,
-0.051054,
-0.051214,
-0.051375,
-0.051536,
-0.051698,
-0.051861,
-0.052025,
-0.052189,
-0.052354,
-0.052519,
-0.052686,
-0.052853,
-0.05302,
-0.053189,
-0.053358,
-0.053528,
-0.053698,
-0.053869,
-0.054041,
-0.054214,
-0.054387,
-0.054561,
-0.054735,
-0.054911,
-0.055087,
-0.055263,
-0.05544,
-0.055618,
-0.055797,
-0.055976,
-0.056156,
-0.056337,
-0.056518,
-0.0567,
-0.056882,
-0.057066,
-0.057249,
-0.057434,
-0.057619,
-0.057805,
-0.057991,
-0.058178,
-0.058366,
-0.058554,
-0.058743,
-0.058932,
-0.059123,
-0.059313,
-0.059505,
-0.059697,
-0.059889,
-0.060083,
-0.060277,
-0.060471,
-0.060666,
-0.060862,
-0.061058,
-0.061255,
-0.061452,
-0.06165,
-0.061849,
-0.062048,
-0.062248,
-0.062448,
-0.062649,
-0.062851,
-0.063053,
-0.063255,
-0.063459,
-0.063662,
-0.063867,
-0.064072,
-0.064277,
-0.064483,
-0.06469,
-0.064897,
-0.065105,
-0.065313,
-0.065522,
-0.065731,
-0.065941,
-0.066151,
-0.066362,
-0.066573,
-0.066785,
-0.066998,
-0.067211,
-0.067424,
-0.067638,
-0.067853,
-0.068068,
-0.068283,
-0.0685,
-0.068716,
-0.068933,
-0.069151,
-0.069369,
-0.069587,
-0.069806,
-0.070026,
-0.070246,
-0.070466,
-0.070687,
-0.070908,
-0.07113,
-0.071352,
-0.071575,
-0.071798,
-0.072022,
-0.072246,
-0.072471,
-0.072696,
-0.072921,
-0.073147,
-0.073374,
-0.0736,
-0.073827,
-0.074055,
-0.074283,
-0.074512,
-0.074741,
-0.07497,
-0.0752,
-0.07543,
-0.07566,
-0.075891,
-0.076123,
-0.076354,
-0.076586,
-0.076819,
-0.077052,
-0.077285,
-0.077519,
-0.077753,
-0.077987,
-0.078222,
-0.078457,
-0.078693,
-0.078929,
-0.079165,
-0.079402,
-0.079639,
-0.079876,
-0.080114,
-0.080352,
-0.08059,
-0.080829,
-0.081068,
-0.081307,
-0.081547,
-0.081787,
-0.082027,
-0.082268,
-0.082509,
-0.08275,
-0.082991,
-0.083233,
-0.083475,
-0.083718,
-0.083961,
-0.084204,
-0.084447,
-0.084691,
-0.084935,
-0.085179,
-0.085423,
-0.085668,
-0.085913,
-0.086158,
-0.086404,
-0.086649,
-0.086895,
-0.087142,
-0.087388,
-0.087635,
-0.087882,
-0.088129,
-0.088377,
-0.088625,
-0.088872,
-0.089121,
-0.089369,
-0.089618,
-0.089866,
-0.090115,
-0.090365,
-0.090614,
-0.090864,
-0.091114,
-0.091364,
-0.091614,
-0.091864,
-0.092115,
-0.092366,
-0.092616,
-0.092868,
-0.093119,
-0.09337,
-0.093622,
-0.093874,
-0.094126,
-0.094378,
-0.09463,
-0.094882,
-0.095135,
-0.095387,
-0.09564,
-0.095893,
-0.096146,
-0.096399,
-0.096653,
-0.096906,
-0.09716,
-0.097413,
-0.097667,
-0.097921,
-0.098175,
-0.098429,
-0.098683,
-0.098937,
-0.099192,
-0.099446,
-0.0997,
-0.099955,
-0.10021,
-0.10046,
-0.10072,
-0.10097,
-0.10123,
-0.10148,
-0.10174,
-0.10199,
-0.10225,
-0.1025,
-0.10276,
-0.10301,
-0.10327,
-0.10352,
-0.10378,
-0.10404,
-0.10429,
-0.10455,
-0.1048,
-0.10506,
-0.10531,
-0.10557,
-0.10582,
-0.10608,
-0.10633,
-0.10659,
-0.10684,
-0.1071,
-0.10735,
-0.10761,
-0.10787,
-0.10812,
-0.10838,
-0.10863,
-0.10889,
-0.10914,
-0.1094,
-0.10965,
-0.10991,
-0.11016,
-0.11042,
-0.11067,
-0.11092,
-0.11118,
-0.11143,
-0.11169,
-0.11194,
-0.1122,
-0.11245,
-0.1127,
-0.11296,
-0.11321,
-0.11347,
-0.11372,
-0.11397,
-0.11423,
-0.11448,
-0.11473,
-0.11499,
-0.11524,
-0.11549,
-0.11574,
-0.116,
-0.11625,
-0.1165,
-0.11675,
-0.11701,
-0.11726,
-0.11751,
-0.11776,
-0.11801,
-0.11826,
-0.11851,
-0.11876,
-0.11901,
-0.11927,
-0.11952,
-0.11977,
-0.12002,
-0.12026,
-0.12051,
-0.12076,
-0.12101,
-0.12126,
-0.12151,
-0.12176,
-0.12201,
-0.12225,
-0.1225,
-0.12275,
-0.123,
-0.12324,
-0.12349,
-0.12374,
-0.12398,
-0.12423,
-0.12448,
-0.12472,
-0.12497,
-0.12521,
-0.12546,
-0.1257,
-0.12595,
-0.12619,
-0.12643,
-0.12668,
-0.12692,
-0.12716,
-0.12741,
-0.12765,
-0.12789,
-0.12813,
-0.12838,
-0.12862,
-0.12886,
-0.1291,
-0.12934,
-0.12958,
-0.12982,
-0.13006,
-0.1303,
-0.13054,
-0.13077,
-0.13101,
-0.13125,
-0.13149,
-0.13172,
-0.13196,
-0.1322,
-0.13243,
-0.13267,
-0.13291,
-0.13314,
-0.13337,
-0.13361,
-0.13384,
-0.13408,
-0.13431,
-0.13454,
-0.13478,
-0.13501,
-0.13524,
-0.13547,
-0.1357,
-0.13593,
-0.13616,
-0.13639,
-0.13662,
-0.13685,
-0.13708,
-0.13731,
-0.13754,
-0.13776,
-0.13799,
-0.13822,
-0.13844,
-0.13867,
-0.13889,
-0.13912,
-0.13934,
-0.13957,
-0.13979,
-0.14001,
-0.14024,
-0.14046,
-0.14068,
-0.1409,
-0.14112,
-0.14135,
-0.14157,
-0.14178,
-0.142,
-0.14222,
-0.14244,
-0.14266,
-0.14288,
-0.14309,
-0.14331,
-0.14353,
-0.14374,
-0.14396,
-0.14417,
-0.14439,
-0.1446,
-0.14481,
-0.14502,
-0.14524,
-0.14545,
-0.14566,
-0.14587,
-0.14608,
-0.14629,
-0.1465,
-0.14671,
-0.14692,
-0.14712,
-0.14733,
-0.14754,
-0.14774,
-0.14795,
-0.14815,
-0.14836,
-0.14856,
-0.14877,
-0.14897,
-0.14917,
-0.14937,
-0.14958,
-0.14978,
-0.14998,
-0.15018,
-0.15038,
-0.15058,
-0.15077,
-0.15097,
-0.15117,
-0.15136,
-0.15156,
-0.15176,
-0.15195,
-0.15215,
-0.15234,
-0.15253,
-0.15272,
-0.15292,
-0.15311,
-0.1533,
-0.15349,
-0.15368,
-0.15387,
-0.15406,
-0.15425,
-0.15443,
-0.15462,
-0.15481,
-0.15499,
-0.15518,
-0.15536,
-0.15555,
-0.15573,
-0.15591,
-0.1561,
-0.15628,
-0.15646,
-0.15664,
-0.15682,
-0.157,
-0.15718,
-0.15735,
-0.15753,
-0.15771,
-0.15789,
-0.15806,
-0.15824,
-0.15841,
-0.15858,
-0.15876,
-0.15893,
-0.1591,
-0.15927,
-0.15945,
-0.15962,
-0.15979,
-0.15995,
-0.16012,
-0.16029,
-0.16046,
-0.16062,
-0.16079,
-0.16096,
-0.16112,
-0.16128,
-0.16145,
-0.16161,
-0.16177,
-0.16193,
-0.16209,
-0.16225,
-0.16241,
-0.16257,
-0.16273,
-0.16289,
-0.16305,
-0.1632,
-0.16336,
-0.16351,
-0.16367,
-0.16382,
-0.16398,
-0.16413,
-0.16428,
-0.16443,
-0.16458,
-0.16473,
-0.16488,
-0.16503,
-0.16518,
-0.16533,
-0.16547,
-0.16562,
-0.16576,
-0.16591,
-0.16605,
-0.1662,
-0.16634,
-0.16648,
-0.16662,
-0.16676,
-0.16691,
-0.16704,
-0.16718,
-0.16732,
-0.16746,
-0.1676,
-0.16773,
-0.16787,
-0.168,
-0.16814,
-0.16827,
-0.16841,
-0.16854,
-0.16867,
-0.1688,
-0.16893,
-0.16906,
-0.16919,
-0.16932,
-0.16945,
-0.16957,
-0.1697,
-0.16983,
-0.16995,
-0.17008,
-0.1702,
-0.17032,
-0.17045,
-0.17057,
-0.17069,
-0.17081,
-0.17093,
-0.17105,
-0.17117,
-0.17129,
-0.1714,
-0.17152,
-0.17164,
-0.17175,
-0.17187,
-0.17198,
-0.17209,
-0.17221,
-0.17232,
-0.17243,
-0.17254,
-0.17265,
-0.17276,
-0.17287,
-0.17298,
-0.17309,
-0.17319,
-0.1733,
-0.1734,
-0.17351,
-0.17361,
-0.17372,
-0.17382,
-0.17392,
-0.17403,
-0.17413,
-0.17423,
-0.17433,
-0.17443,
-0.17452,
-0.17462,
-0.17472,
-0.17482,
-0.17491,
-0.17501,
-0.1751,
-0.1752,
-0.17529,
-0.17538,
-0.17547,
-0.17557,
-0.17566,
-0.17575,
-0.17584,
-0.17593,
-0.17601,
-0.1761,
-0.17619,
-0.17628,
-0.17636,
-0.17645,
-0.17653,
-0.17661,
-0.1767,
-0.17678,
-0.17686,
-0.17694,
-0.17703,
-0.17711,
-0.17718,
-0.17726,
-0.17734,
-0.17742,
-0.1775,
-0.17757,
-0.17765,
-0.17773,
-0.1778,
-0.17787,
-0.17795,
-0.17802,
-0.17809,
-0.17816,
-0.17824,
-0.17831,
-0.17838,
-0.17845,
-0.17851,
-0.17858,
-0.17865,
-0.17872,
-0.17878,
-0.17885,
-0.17891,
-0.17898,
-0.17904,
-0.17911,
-0.17917,
-0.17923,
-0.17929,
-0.17935,
-0.17941,
-0.17947,
-0.17953,
-0.17959,
-0.17965,
-0.17971,
-0.17977,
-0.17982,
-0.17988,
-0.17993,
-0.17999,
-0.18004,
-0.1801,
-0.18015,
-0.1802,
-0.18026,
-0.18031,
-0.18036,
-0.18041,
-0.18046,
-0.18051,
-0.18056,
-0.18061,
-0.18065,
-0.1807,
-0.18075,
-0.18079,
-0.18084,
-0.18089,
-0.18093,
-0.18097,
-0.18102,
-0.18106,
-0.1811,
-0.18115,
-0.18119,
-0.18123,
-0.18127,
-0.18131,
-0.18135,
-0.18139,
-0.18143,
-0.18146,
-0.1815,
-0.18154,
-0.18158,
-0.18161,
-0.18165,
-0.18168,
-0.18172,
-0.18175,
-0.18179,
-0.18182,
-0.18185,
-0.18188,
-0.18192,
-0.18195,
-0.18198,
-0.18201,
-0.18204,
-0.18207,
-0.1821,
-0.18213,
-0.18216,
-0.18218,
-0.18221,
-0.18224,
-0.18226,
-0.18229,
-0.18232,
-0.18234,
-0.18237,
-0.18239,
-0.18241,
-0.18244,
-0.18246,
-0.18248,
-0.18251,
-0.18253,
-0.18255,
-0.18257,
-0.18259,
-0.18261,
-0.18263,
-0.18265,
-0.18267,
-0.18269,
-0.18271,
-0.18272,
-0.18274,
-0.18276,
-0.18277,
-0.18279,
-0.18281,
-0.18282,
-0.18284,
-0.18285,
-0.18287,
-0.18288,
-0.18289,
-0.18291,
-0.18292,
-0.18293,
-0.18295,
-0.18296,
-0.18297,
-0.18298,
-0.18299,
-0.183,
-0.18301,
-0.18302,
-0.18303,
-0.18304,
-0.18305,
-0.18306,
-0.18307,
-0.18308,
-0.18308,
-0.18309,
-0.1831,
-0.18311,
-0.18311,
-0.18312,
-0.18312,
-0.18313,
-0.18314,
-0.18314,
-0.18315,
-0.18315,
-0.18315,
-0.18316,
-0.18316,
-0.18316,
-0.18317,
-0.18317,
-0.18317,
-0.18318,
-0.18318,
-0.18318,
-0.18318,
-0.18318,
-0.18318,
-0.18318,
-0.18319,
-0.18319,
-0.18319,
-0.18319,
-0.18319,
-0.18318,
-0.18318,
-0.18318,
-0.18318,
-0.18318,
-0.18318,
-0.18318,
-0.18317,
-0.18317,
-0.18317,
-0.18317,
-0.18316,
-0.18316,
-0.18316,
-0.18315,
-0.18315,
-0.18315,
-0.18314,
-0.18314,
-0.18313,
-0.18313,
-0.18312,
-0.18312,
-0.18311,
-0.18311,
-0.1831,
-0.1831,
-0.18309,
-0.18309,
-0.18308,
-0.18307,
-0.18307,
-0.18306,
-0.18305,
-0.18305,
-0.18304,
-0.18303,
-0.18303,
-0.18302,
-0.18301,
-0.183,
-0.183,
-0.18299,
-0.18298,
-0.18297,
-0.18297,
-0.18296,
-0.18295,
-0.18294,
-0.18293,
-0.18292,
-0.18291,
-0.18291,
-0.1829,
-0.18289,
-0.18288,
-0.18287,
-0.18286,
-0.18285,
-0.18284,
-0.18283,
-0.18282,
-0.18281,
-0.1828,
-0.18279,
-0.18278,
-0.18277,
-0.18276,
-0.18275,
-0.18274,
-0.18273,
-0.18272,
-0.18271,
-0.1827,
-0.18269,
-0.18268,
-0.18267,
-0.18266,
-0.18265,
-0.18264,
-0.18263,
-0.18262,
-0.18261,
-0.1826,
-0.18259,
-0.18258,
-0.18256,
-0.18255,
-0.18254,
-0.18253,
-0.18252,
-0.18251,
-0.1825,
-0.18249,
-0.18248,
-0.18247,
-0.18246,
-0.18245,
-0.18244,
-0.18242,
-0.18241,
-0.1824,
-0.18239,
-0.18238,
-0.18237,
-0.18236,
-0.18235,
-0.18234,
-0.18233,
-0.18232,
-0.18231,
-0.1823,
-0.18229,
-0.18228,
-0.18226,
-0.18225,
-0.18224,
-0.18223,
-0.18222,
-0.18221,
-0.1822,
-0.18219,
-0.18218,
-0.18217,
-0.18216,
-0.18215,
-0.18214,
-0.18213,
-0.18212,
-0.18211,
-0.1821,
-0.18209,
-0.18208,
-0.18207,
-0.18207,
-0.18206,
-0.18205,
-0.18204,
-0.18203,
-0.18202,
-0.18201,
-0.182,
-0.18199,
-0.18198,
-0.18198,
-0.18197,
-0.18196,
-0.18195,
-0.18194,
-0.18193,
-0.18192,
-0.18192,
-0.18191,
-0.1819,
-0.18189,
-0.18189,
-0.18188,
-0.18187,
-0.18186,
-0.18185,
-0.18185,
-0.18184,
-0.18183,
-0.18183,
-0.18182,
-0.18181,
-0.18181,
-0.1818,
-0.18179,
-0.18179,
-0.18178,
-0.18177,
-0.18177,
-0.18176,
-0.18176,
-0.18175,
-0.18175,
-0.18174,
-0.18173,
-0.18173,
-0.18172,
-0.18172,
-0.18171,
-0.18171,
-0.18171,
-0.1817,
-0.1817,
-0.18169,
-0.18169,
-0.18168,
-0.18168,
-0.18168,
-0.18167,
-0.18167,
-0.18167,
-0.18166,
-0.18166,
-0.18166,
-0.18165,
-0.18165,
-0.18165,
-0.18165,
-0.18164,
-0.18164,
-0.18164,
-0.18164,
-0.18163,
-0.18163,
-0.18163,
-0.18163,
-0.18163,
-0.18163,
-0.18163,
-0.18163,
-0.18162,
-0.18162,
-0.18162,
-0.18162,
-0.18162,
-0.18162,
-0.18162,
-0.18162,
-0.18162,
-0.18162,
-0.18162,
-0.18162,
-0.18163,
-0.18163,
-0.18163,
-0.18163,
-0.18163,
-0.18163,
-0.18163,
-0.18163,
-0.18164,
-0.18164,
-0.18164,
-0.18164,
-0.18165,
-0.18165,
-0.18165,
-0.18165,
-0.18166,
-0.18166,
-0.18166,
-0.18167,
-0.18167,
-0.18167,
-0.18168,
-0.18168,
-0.18169,
-0.18169,
-0.18169,
-0.1817,
-0.1817,
-0.18171,
-0.18171,
-0.18172,
-0.18172,
-0.18173,
-0.18173,
-0.18174,
-0.18174,
-0.18175,
-0.18176,
-0.18176,
-0.18177,
-0.18177,
-0.18178,
-0.18179,
-0.18179,
-0.1818,
-0.18181,
-0.18181,
-0.18182,
-0.18183,
-0.18184,
-0.18184,
-0.18185,
-0.18186,
-0.18187,
-0.18188,
-0.18188,
-0.18189,
-0.1819,
-0.18191,
-0.18192,
-0.18193,
-0.18193,
-0.18194,
-0.18195,
-0.18196,
-0.18197,
-0.18198,
-0.18199,
-0.182,
-0.18201,
-0.18202,
-0.18203,
-0.18204,
-0.18205,
-0.18206,
-0.18207,
-0.18208,
-0.18209,
-0.1821,
-0.18211,
-0.18212,
-0.18213,
-0.18214,
-0.18216,
-0.18217,
-0.18218,
-0.18219,
-0.1822,
-0.18221,
-0.18222,
-0.18224,
-0.18225,
-0.18226,
-0.18227,
-0.18228,
-0.1823,
-0.18231,
-0.18232,
-0.18233,
-0.18235,
-0.18236,
-0.18237,
-0.18238,
-0.1824,
-0.18241,
-0.18242,
-0.18244,
-0.18245,
-0.18246,
-0.18248,
-0.18249,
-0.1825,
-0.18252,
-0.18253,
-0.18254,
-0.18256,
-0.18257,
-0.18258,
-0.1826,
-0.18261,
-0.18263,
-0.18264,
-0.18265,
-0.18267,
-0.18268,
-0.1827,
-0.18271,
-0.18272,
-0.18274,
-0.18275,
-0.18277,
-0.18278,
-0.1828,
-0.18281,
-0.18282,
-0.18284,
-0.18285,
-0.18287,
-0.18288,
-0.1829,
-0.18291,
-0.18293,
-0.18294,
-0.18296,
-0.18297,
-0.18299,
-0.183,
-0.18301,
-0.18303,
-0.18304,
-0.18306,
-0.18307,
-0.18309,
-0.1831,
-0.18312,
-0.18313,
-0.18315,
-0.18316,
-0.18318,
-0.18319,
-0.18321,
-0.18322,
-0.18324,
-0.18325,
-0.18327,
-0.18328,
-0.1833,
-0.18331,
-0.18333,
-0.18334,
-0.18336,
-0.18337,
-0.18338,
-0.1834,
-0.18341,
-0.18343,
-0.18344,
-0.18346,
-0.18347,
-0.18349,
-0.1835,
-0.18352,
-0.18353,
-0.18354,
-0.18356,
-0.18357,
-0.18359,
-0.1836,
-0.18361,
-0.18363,
-0.18364,
-0.18366,
-0.18367,
-0.18368,
-0.1837,
-0.18371,
-0.18372,
-0.18374,
-0.18375,
-0.18376,
-0.18378,
-0.18379,
-0.1838,
-0.18382,
-0.18383,
-0.18384,
-0.18386,
-0.18387,
-0.18388,
-0.18389,
-0.18391,
-0.18392,
-0.18393,
-0.18394,
-0.18396,
-0.18397,
-0.18398,
-0.18399,
-0.184,
-0.18401,
-0.18403,
-0.18404,
-0.18405,
-0.18406,
-0.18407,
-0.18408,
-0.18409,
-0.1841,
-0.18411,
-0.18412,
-0.18413,
-0.18415,
-0.18416,
-0.18417,
-0.18417,
-0.18418,
-0.18419,
-0.1842,
-0.18421,
-0.18422,
-0.18423,
-0.18424,
-0.18425,
-0.18426,
-0.18427,
-0.18427,
-0.18428,
-0.18429,
-0.1843,
-0.18431,
-0.18431,
-0.18432,
-0.18433,
-0.18434,
-0.18434,
-0.18435,
-0.18436,
-0.18436,
-0.18437,
-0.18437,
-0.18438,
-0.18439,
-0.18439,
-0.1844,
-0.1844,
-0.18441,
-0.18441,
-0.18442,
-0.18442,
-0.18443,
-0.18443,
-0.18443,
-0.18444,
-0.18444,
-0.18444,
-0.18445,
-0.18445,
-0.18445,
-0.18446,
-0.18446,
-0.18446,
-0.18446,
-0.18446,
-0.18446,
-0.18447,
-0.18447,
-0.18447,
-0.18447,
-0.18447,
-0.18447,
-0.18447,
-0.18447,
-0.18447,
-0.18447,
-0.18447,
-0.18447,
-0.18447,
-0.18446,
-0.18446,
-0.18446,
-0.18446,
-0.18446,
-0.18445,
-0.18445,
-0.18445,
-0.18444,
-0.18444,
-0.18444,
-0.18443,
-0.18443,
-0.18442,
-0.18442,
-0.18441,
-0.18441,
-0.1844,
-0.1844,
-0.18439,
-0.18438,
-0.18438,
-0.18437,
-0.18436,
-0.18436,
-0.18435,
-0.18434,
-0.18433,
-0.18432,
-0.18431,
-0.18431,
-0.1843,
-0.18429,
-0.18428,
-0.18427,
-0.18426,
-0.18425,
-0.18424,
-0.18422,
-0.18421,
-0.1842,
-0.18419,
-0.18418,
-0.18416,
-0.18415,
-0.18414,
-0.18413,
-0.18411,
-0.1841,
-0.18408,
-0.18407,
-0.18405,
-0.18404,
-0.18402,
-0.18401,
-0.18399,
-0.18398,
-0.18396,
-0.18394,
-0.18393,
-0.18391,
-0.18389,
-0.18387,
-0.18386,
-0.18384,
-0.18382,
-0.1838,
-0.18378,
-0.18376,
-0.18374,
-0.18372,
-0.1837,
-0.18368,
-0.18366,
-0.18364,
-0.18361,
-0.18359,
-0.18357,
-0.18355,
-0.18352,
-0.1835,
-0.18348,
-0.18345,
-0.18343,
-0.1834,
-0.18338,
-0.18335,
-0.18333,
-0.1833,
-0.18328,
-0.18325,
-0.18322,
-0.1832,
-0.18317,
-0.18314,
-0.18311,
-0.18308,
-0.18306,
-0.18303,
-0.183,
-0.18297,
-0.18294,
-0.18291,
-0.18288,
-0.18285,
-0.18282,
-0.18279,
-0.18275,
-0.18272,
-0.18269,
-0.18266,
-0.18262,
-0.18259,
-0.18256,
-0.18252,
-0.18249,
-0.18245,
-0.18242,
-0.18238,
-0.18235,
-0.18231,
-0.18228,
-0.18224,
-0.1822,
-0.18217,
-0.18213,
-0.18209,
-0.18205,
-0.18202,
-0.18198,
-0.18194,
-0.1819,
-0.18186,
-0.18182,
-0.18178,
-0.18174,
-0.1817,
-0.18166,
-0.18162,
-0.18157,
-0.18153,
-0.18149,
-0.18145,
-0.1814,
-0.18136,
-0.18132,
-0.18127,
-0.18123,
-0.18119,
-0.18114,
-0.1811,
-0.18105,
-0.18101,
-0.18096,
-0.18091,
-0.18087,
-0.18082,
-0.18077,
-0.18073,
-0.18068,
-0.18063,
-0.18058,
-0.18053,
-0.18048,
-0.18044,
-0.18039,
-0.18034,
-0.18029,
-0.18024,
-0.18019,
-0.18013,
-0.18008,
-0.18003,
-0.17998,
-0.17993,
-0.17988,
-0.17982,
-0.17977,
-0.17972,
-0.17966,
-0.17961,
-0.17956,
-0.1795,
-0.17945,
-0.17939,
-0.17934,
-0.17928,
-0.17923,
-0.17917,
-0.17912,
-0.17906,
-0.179,
-0.17895,
-0.17889,
-0.17883,
-0.17878,
-0.17872,
-0.17866,
-0.1786,
-0.17854,
-0.17848,
-0.17842,
-0.17837,
-0.17831,
-0.17825,
-0.17819,
-0.17813,
-0.17807,
-0.17801,
-0.17794,
-0.17788,
-0.17782,
-0.17776,
-0.1777,
-0.17764,
-0.17757,
-0.17751,
-0.17745,
-0.17739,
-0.17732,
-0.17726,
-0.1772,
-0.17713,
-0.17707,
-0.17701,
-0.17694,
-0.17688,
-0.17681,
-0.17675,
-0.17668,
-0.17662,
-0.17655,
-0.17649,
-0.17642,
-0.17635,
-0.17629,
-0.17622,
-0.17616,
-0.17609,
-0.17602,
-0.17596,
-0.17589,
-0.17582,
-0.17575,
-0.17569,
-0.17562,
-0.17555,
-0.17548,
-0.17541,
-0.17535,
-0.17528,
-0.17521,
-0.17514,
-0.17507,
-0.175,
-0.17493,
-0.17486,
-0.17479,
-0.17473,
-0.17466,
-0.17459,
-0.17452,
-0.17445,
-0.17438,
-0.17431,
-0.17424,
-0.17417,
-0.1741,
-0.17403,
-0.17396,
-0.17388,
-0.17381,
-0.17374,
-0.17367,
-0.1736,
-0.17353,
-0.17346,
-0.17339,
-0.17332,
-0.17325,
-0.17318,
-0.1731,
-0.17303,
-0.17296,
-0.17289,
-0.17282,
-0.17275,
-0.17268,
-0.1726,
-0.17253,
-0.17246,
-0.17239,
-0.17232,
-0.17225,
-0.17218,
-0.1721,
-0.17203,
-0.17196,
-0.17189,
-0.17182,
-0.17175,
-0.17168,
-0.1716,
-0.17153,
-0.17146,
-0.17139,
-0.17132,
-0.17125,
-0.17118,
-0.1711,
-0.17103,
-0.17096,
-0.17089,
-0.17082,
-0.17075,
-0.17068,
-0.17061,
-0.17054,
-0.17047,
-0.1704,
-0.17033,
-0.17026,
-0.17019,
-0.17012,
-0.17005,
-0.16998,
-0.16991,
-0.16984,
-0.16977,
-0.1697,
-0.16963,
-0.16956,
-0.16949,
-0.16942,
-0.16936,
-0.16929,
-0.16922,
-0.16915,
-0.16908,
-0.16902,
-0.16895,
-0.16888,
-0.16881,
-0.16875,
-0.16868,
-0.16861,
-0.16855,
-0.16848,
-0.16842,
-0.16835,
-0.16828,
-0.16822,
-0.16815,
-0.16809,
-0.16802,
-0.16796,
-0.1679,
-0.16783,
-0.16777,
-0.16771,
-0.16764,
-0.16758,
-0.16752,
-0.16746,
-0.16739,
-0.16733,
-0.16727,
-0.16721,
-0.16715,
-0.16709,
-0.16703,
-0.16697,
-0.16691,
-0.16685,
-0.16679,
-0.16673,
-0.16668,
-0.16662,
-0.16656,
-0.1665,
-0.16645,
-0.16639,
-0.16633,
-0.16628,
-0.16622,
-0.16617,
-0.16611,
-0.16606,
-0.16601,
-0.16595,
-0.1659,
-0.16585,
-0.1658,
-0.16575,
-0.16569,
-0.16564,
-0.16559,
-0.16554,
-0.1655,
-0.16545,
-0.1654,
-0.16535,
-0.1653,
-0.16526,
-0.16521,
-0.16516,
-0.16512,
-0.16507,
-0.16503,
-0.16498,
-0.16494,
-0.1649,
-0.16486,
-0.16481,
-0.16477,
-0.16473,
-0.16469,
-0.16465,
-0.16461,
-0.16457,
-0.16454,
-0.1645,
-0.16446,
-0.16443,
-0.16439,
-0.16436,
-0.16432,
-0.16429,
-0.16425,
-0.16422,
-0.16419,
-0.16416,
-0.16413,
-0.1641,
-0.16407,
-0.16404,
-0.16401,
-0.16398,
-0.16396,
-0.16393,
-0.1639,
-0.16388,
-0.16385,
-0.16383,
-0.16381,
-0.16379,
-0.16376,
-0.16374,
-0.16372,
-0.1637,
-0.16369,
-0.16367,
-0.16365,
-0.16363,
-0.16362,
-0.1636,
-0.16359,
-0.16358,
-0.16356,
-0.16355,
-0.16354,
-0.16353,
-0.16352,
-0.16351,
-0.1635,
-0.1635,
-0.16349,
-0.16349,
-0.16348,
-0.16348,
-0.16347,
-0.16347,
-0.16347,
-0.16347,
-0.16347,
-0.16347,
-0.16347,
-0.16348,
-0.16348,
-0.16349,
-0.16349,
-0.1635,
-0.16351,
-0.16351,
-0.16352,
-0.16353,
-0.16354,
-0.16356,
-0.16357,
-0.16358,
-0.1636,
-0.16361,
-0.16363,
-0.16365,
-0.16367,
-0.16369,
-0.16371,
-0.16373,
-0.16375,
-0.16377,
-0.1638,
-0.16382,
-0.16385,
-0.16388,
-0.16391,
-0.16394,
-0.16397,
-0.164,
-0.16403,
-0.16406,
-0.1641,
-0.16413,
-0.16417,
-0.16421,
-0.16425,
-0.16429,
-0.16433,
-0.16437,
-0.16441,
-0.16446,
-0.1645,
-0.16455,
-0.1646,
-0.16465,
-0.1647,
-0.16475,
-0.1648,
-0.16485,
-0.1649,
-0.16496,
-0.16502,
-0.16507,
-0.16513,
-0.16519,
-0.16525,
-0.16532,
-0.16538,
-0.16544,
-0.16551,
-0.16558,
-0.16564,
-0.16571,
-0.16578,
-0.16586,
-0.16593,
-0.166,
-0.16608,
-0.16615,
-0.16623,
-0.16631,
-0.16639,
-0.16647,
-0.16655,
-0.16664,
-0.16672,
-0.16681,
-0.1669,
-0.16699,
-0.16708,
-0.16717,
-0.16726,
-0.16735,
-0.16745,
-0.16755,
-0.16764,
-0.16774,
-0.16784,
-0.16794,
-0.16805,
-0.16815,
-0.16826,
-0.16836,
-0.16847,
-0.16858,
-0.16869,
-0.1688,
-0.16892,
-0.16903,
-0.16915,
-0.16927,
-0.16939,
-0.16951,
-0.16963,
-0.16975,
-0.16987,
-0.17,
-0.17013,
-0.17026,
-0.17039,
-0.17052,
-0.17065,
-0.17078,
-0.17092,
-0.17106,
-0.17119,
-0.17133,
-0.17147,
-0.17162,
-0.17176,
-0.17191,
-0.17205,
-0.1722,
-0.17235,
-0.1725,
-0.17265,
-0.17281,
-0.17296,
-0.17312,
-0.17328,
-0.17344,
-0.1736,
-0.17376,
-0.17392,
-0.17409,
-0.17426,
-0.17442,
-0.17459,
-0.17477,
-0.17494,
-0.17511,
-0.17529,
-0.17547,
-0.17564,
-0.17582,
-0.17601,
-0.17619,
-0.17637,
-0.17656,
-0.17675,
-0.17694,
-0.17713,
-0.17732,
-0.17751,
-0.17771,
-0.17791,
-0.1781,
-0.1783,
-0.17851,
-0.17871,
-0.17891,
-0.17912,
-0.17933,
-0.17954,
-0.17975,
-0.17996,
-0.18017,
-0.18039,
-0.1806,
-0.18082,
-0.18104,
-0.18126,
-0.18149,
-0.18171,
-0.18194,
-0.18216,
-0.18239,
-0.18262,
-0.18286,
-0.18309,
-0.18332,
-0.18356,
-0.1838,
-0.18404,
-0.18428,
-0.18453,
-0.18477,
-0.18502,
-0.18526,
-0.18551,
-0.18577,
-0.18602,
-0.18627,
-0.18653,
-0.18679,
-0.18705,
-0.18731,
-0.18757,
-0.18783,
-0.1881,
-0.18837,
-0.18863,
-0.1889,
-0.18918,
-0.18945,
-0.18972,
-0.19,
-0.19028,
-0.19056,
-0.19084,
-0.19112,
-0.19141,
-0.1917,
-0.19198,
-0.19227,
-0.19256,
-0.19286,
-0.19315,
-0.19345,
-0.19374,
-0.19404,
-0.19434,
-0.19465,
-0.19495,
-0.19526,
-0.19556,
-0.19587,
-0.19618,
-0.1965,
-0.19681,
-0.19713,
-0.19744,
-0.19776,
-0.19808,
-0.1984,
-0.19873,
-0.19905,
-0.19938,
-0.19971,
-0.20004,
-0.20037,
-0.2007,
-0.20104,
-0.20137,
-0.20171,
-0.20205,
-0.20239,
-0.20273,
-0.20308,
-0.20342,
-0.20377,
-0.20412,
-0.20447,
-0.20482,
-0.20518,
-0.20553,
-0.20589,
-0.20625,
-0.20661,
-0.20697,
-0.20734,
-0.2077,
-0.20807,
-0.20844,
-0.20881,
-0.20918,
-0.20955,
-0.20993,
-0.2103,
-0.21068,
-0.21106,
-0.21144,
-0.21183,
-0.21221,
-0.2126,
-0.21298,
-0.21337,
-0.21376,
-0.21416,
-0.21455,
-0.21495,
-0.21534,
-0.21574,
-0.21614,
-0.21654,
-0.21695,
-0.21735,
-0.21776,
-0.21817,
-0.21858,
-0.21899,
-0.2194,
-0.21982,
-0.22023,
-0.22065,
-0.22107,
-0.22149,
-0.22191,
-0.22234,
-0.22276,
-0.22319,
-0.22362,
-0.22405,
-0.22448,
-0.22491,
-0.22534,
-0.22578,
-0.22622,
-0.22666,
-0.2271,
-0.22754,
-0.22798,
-0.22843,
-0.22888,
-0.22932,
-0.22977,
-0.23023,
-0.23068,
-0.23113,
-0.23159,
-0.23205,
-0.2325,
-0.23296,
-0.23343,
-0.23389,
-0.23435,
-0.23482,
-0.23529,
-0.23576,
-0.23623,
-0.2367,
-0.23717,
-0.23765,
-0.23813,
-0.2386,
-0.23908,
-0.23956,
-0.24005,
-0.24053,
-0.24101,
-0.2415,
-0.24199,
-0.24248,
-0.24297,
-0.24346,
-0.24396,
-0.24445,
-0.24495,
-0.24545,
-0.24595,
-0.24645,
-0.24695,
-0.24745,
-0.24796,
-0.24846,
-0.24897,
-0.24948,
-0.24999,
-0.2505,
-0.25102,
-0.25153,
-0.25205,
-0.25256,
-0.25308,
-0.2536,
-0.25412,
-0.25465,
-0.25517,
-0.2557,
-0.25622,
-0.25675,
-0.25728,
-0.25781,
-0.25834,
-0.25888,
-0.25941,
-0.25995,
-0.26048,
-0.26102,
-0.26156,
-0.2621,
-0.26264,
-0.26319,
-0.26373,
-0.26428,
-0.26483,
-0.26538,
-0.26592,
-0.26648,
-0.26703,
-0.26758,
-0.26814,
-0.26869,
-0.26925,
-0.26981,
-0.27037,
-0.27093,
-0.27149,
-0.27205,
-0.27262,
-0.27318,
-0.27375,
-0.27432,
-0.27489,
-0.27546,
-0.27603,
-0.2766,
-0.27718,
-0.27775,
-0.27833,
-0.2789,
-0.27948,
-0.28006,
-0.28064,
-0.28122,
-0.28181,
-0.28239,
-0.28298,
-0.28356,
-0.28415,
-0.28474,
-0.28533,
-0.28592,
-0.28651,
-0.2871,
-0.28769,
-0.28829,
-0.28888,
-0.28948,
-0.29008,
-0.29068,
-0.29128,
-0.29188,
-0.29248,
-0.29308,
-0.29368,
-0.29429,
-0.2949,
-0.2955,
-0.29611,
-0.29672,
-0.29733,
-0.29794,
-0.29855,
-0.29916,
-0.29977,
-0.30039,
-0.301,
-0.30162,
-0.30224,
-0.30285,
-0.30347,
-0.30409,
-0.30471,
-0.30533,
-0.30596,
-0.30658,
-0.3072,
-0.30783,
-0.30845,
-0.30908,
-0.30971,
-0.31034,
-0.31096,
-0.31159,
-0.31222,
-0.31286,
-0.31349,
-0.31412,
-0.31475,
-0.31539,
-0.31602,
-0.31666,
-0.3173,
-0.31793,
-0.31857,
-0.31921,
-0.31985,
-0.32049,
-0.32113,
-0.32177,
-0.32242,
-0.32306,
-0.3237,
-0.32435,
-0.32499,
-0.32564,
-0.32628,
-0.32693,
-0.32758,
-0.32823,
-0.32888,
-0.32953,
-0.33018,
-0.33083,
-0.33148,
-0.33213,
-0.33278,
-0.33344,
-0.33409,
-0.33474,
-0.3354,
-0.33605,
-0.33671,
-0.33737,
-0.33802,
-0.33868,
-0.33934,
-0.34,
-0.34066,
-0.34131,
-0.34197,
-0.34264,
-0.3433,
-0.34396,
-0.34462,
-0.34528,
-0.34594,
-0.34661,
-0.34727,
-0.34793,
-0.3486,
-0.34926,
-0.34993,
-0.35059,
-0.35126,
-0.35192,
-0.35259,
-0.35326,
-0.35393,
-0.35459,
-0.35526,
-0.35593,
-0.3566,
-0.35727,
-0.35793,
-0.3586,
-0.35927,
-0.35994,
-0.36061,
-0.36128,
-0.36195,
-0.36263,
-0.3633,
-0.36397,
-0.36464,
-0.36531,
-0.36598,
-0.36665,
-0.36733,
-0.368,
-0.36867,
-0.36935,
-0.37002,
-0.37069,
-0.37136,
-0.37204,
-0.37271,
-0.37338,
-0.37406,
-0.37473,
-0.37541,
-0.37608,
-0.37675,
-0.37743,
-0.3781,
-0.37878,
-0.37945,
-0.38012,
-0.3808,
-0.38147,
-0.38215,
-0.38282,
-0.3835,
-0.38417,
-0.38484,
-0.38552,
-0.38619,
-0.38687,
-0.38754,
-0.38821,
-0.38889,
-0.38956,
-0.39023,
-0.39091,
-0.39158,
-0.39225,
-0.39293,
-0.3936,
-0.39427,
-0.39495,
-0.39562,
-0.39629,
-0.39696,
-0.39764,
-0.39831,
-0.39898,
-0.39965,
-0.40032,
-0.40099,
-0.40166,
-0.40233,
-0.403,
-0.40367,
-0.40434,
-0.40501,
-0.40568,
-0.40635,
-0.40702,
-0.40769,
-0.40835,
-0.40902,
-0.40969,
-0.41036,
-0.41102,
-0.41169,
-0.41235,
-0.41302,
-0.41368,
-0.41435,
-0.41501,
-0.41568,
-0.41634,
-0.417,
-0.41767,
-0.41833,
-0.41899,
-0.41965,
-0.42031,
-0.42097,
-0.42163,
-0.42229,
-0.42295,
-0.42361,
-0.42426,
-0.42492,
-0.42558,
-0.42623,
-0.42689,
-0.42754,
-0.4282,
-0.42885,
-0.4295,
-0.43016,
-0.43081,
-0.43146,
-0.43211,
-0.43276,
-0.43341,
-0.43406,
-0.4347,
-0.43535,
-0.436,
-0.43664,
-0.43729,
-0.43793,
-0.43858,
-0.43922,
-0.43986,
-0.4405,
-0.44114,
-0.44178,
-0.44242,
-0.44306,
-0.4437,
-0.44434,
-0.44497,
-0.44561,
-0.44624,
-0.44687,
-0.44751,
-0.44814,
-0.44877,
-0.4494,
-0.45003,
-0.45066,
-0.45129,
-0.45191,
-0.45254,
-0.45316,
-0.45379,
-0.45441,
-0.45503,
-0.45565,
-0.45627,
-0.45689,
-0.45751,
-0.45813,
-0.45874,
-0.45936,
-0.45997,
-0.46059,
-0.4612,
-0.46181,
-0.46242,
-0.46303,
-0.46364,
-0.46424,
-0.46485,
-0.46546,
-0.46606,
-0.46666,
-0.46726,
-0.46786,
-0.46846,
-0.46906,
-0.46966,
-0.47025,
-0.47085,
-0.47144,
-0.47203,
-0.47263,
-0.47322,
-0.4738,
-0.47439,
-0.47498,
-0.47556,
-0.47615,
-0.47673,
-0.47731,
-0.47789,
-0.47847,
-0.47905,
-0.47963,
-0.4802,
-0.48077,
-0.48135,
-0.48192,
-0.48249,
-0.48306,
-0.48362,
-0.48419,
-0.48475,
-0.48532,
-0.48588,
-0.48644,
-0.487,
-0.48756,
-0.48811,
-0.48867,
-0.48922,
-0.48977,
-0.49032,
-0.49087,
-0.49142,
-0.49197,
-0.49251,
-0.49306,
-0.4936,
-0.49414,
-0.49468,
-0.49521,
-0.49575,
-0.49628,
-0.49682,
-0.49735,
-0.49788,
-0.49841,
-0.49893,
-0.49946,
-0.49998,
-0.5005,
-0.50103,
-0.50154,
-0.50206,
-0.50258,
-0.50309,
-0.5036,
-0.50411,
-0.50462,
-0.50513,
-0.50564,
-0.50614,
-0.50664,
-0.50715,
-0.50764,
-0.50814,
-0.50864,
-0.50913,
-0.50962,
-0.51012,
-0.5106,
-0.51109,
-0.51158,
-0.51206,
-0.51254,
-0.51302,
-0.5135,
-0.51398,
-0.51445,
-0.51493,
-0.5154,
-0.51587,
-0.51634,
-0.5168,
-0.51727,
-0.51773,
-0.51819,
-0.51865,
-0.5191,
-0.51956,
-0.52001,
-0.52046,
-0.52091,
-0.52136,
-0.52181,
-0.52225,
-0.52269,
-0.52313,
-0.52357,
-0.52401,
-0.52444,
-0.52487,
-0.5253,
-0.52573,
-0.52616,
-0.52658,
-0.527,
-0.52742,
-0.52784,
-0.52826,
-0.52867,
-0.52909,
-0.5295,
-0.52991,
-0.53031,
-0.53072,
-0.53112,
-0.53152,
-0.53192,
-0.53231,
-0.53271,
-0.5331,
-0.53349,
-0.53388,
-0.53427,
-0.53465,
-0.53503,
-0.53541,
-0.53579,
-0.53616,
-0.53654,
-0.53691,
-0.53728,
-0.53765,
-0.53801,
-0.53837,
-0.53873,
-0.53909,
-0.53945,
-0.5398,
-0.54016,
-0.54051,
-0.54085,
-0.5412,
-0.54154,
-0.54188,
-0.54222,
-0.54256,
-0.54289,
-0.54322,
-0.54356,
-0.54388,
-0.54421,
-0.54453,
-0.54485,
-0.54517,
-0.54549,
-0.5458,
-0.54611,
-0.54642,
-0.54673,
-0.54704,
-0.54734,
-0.54764,
-0.54794,
-0.54824,
-0.54853,
-0.54882,
-0.54911,
-0.5494,
-0.54968,
-0.54996,
-0.55024,
-0.55052,
-0.5508,
-0.55107,
-0.55134,
-0.55161,
-0.55187,
-0.55214,
-0.5524,
-0.55266,
-0.55291,
-0.55317,
-0.55342,
-0.55367,
-0.55392,
-0.55416,
-0.5544,
-0.55464,
-0.55488,
-0.55511,
-0.55535,
-0.55558,
-0.5558,
-0.55603,
-0.55625,
-0.55647,
-0.55669,
-0.55691,
-0.55712,
-0.55733,
-0.55754,
-0.55774,
-0.55795,
-0.55815,
-0.55835,
-0.55854,
-0.55873,
-0.55893,
-0.55911,
-0.5593,
-0.55948,
-0.55966,
-0.55984,
-0.56002,
-0.56019,
-0.56036,
-0.56053,
-0.5607,
-0.56086,
-0.56102,
-0.56118,
-0.56134,
-0.56149,
-0.56164,
-0.56179,
-0.56193,
-0.56208,
-0.56222,
-0.56236,
-0.56249,
-0.56263,
-0.56276,
-0.56288,
-0.56301,
-0.56313,
-0.56325,
-0.56337,
-0.56349,
-0.5636,
-0.56371,
-0.56382,
-0.56392,
-0.56402,
-0.56412,
-0.56422,
-0.56432,
-0.56441,
-0.5645,
-0.56459,
-0.56467,
-0.56475,
-0.56483,
-0.56491,
-0.56498,
-0.56505,
-0.56512,
-0.56519,
-0.56525,
-0.56531,
-0.56537,
-0.56543,
-0.56548,
-0.56553,
-0.56558,
-0.56563,
-0.56567,
-0.56571,
-0.56575,
-0.56578,
-0.56582,
-0.56585,
-0.56587,
-0.5659,
-0.56592,
-0.56594,
-0.56596,
-0.56597,
-0.56598,
-0.56599,
-0.566,
-0.566,
-0.566,
-0.566,
-0.566,
-0.56599,
-0.56598,
-0.56597,
-0.56596,
-0.56594,
-0.56592,
-0.5659,
-0.56587,
-0.56585,
-0.56582,
-0.56578,
-0.56575,
-0.56571,
-0.56567,
-0.56563,
-0.56558,
-0.56553,
-0.56548,
-0.56543,
-0.56537,
-0.56531,
-0.56525,
-0.56519,
-0.56512,
-0.56505,
-0.56498,
-0.5649,
-0.56483,
-0.56475,
-0.56467,
-0.56458,
-0.56449,
-0.5644,
-0.56431,
-0.56422,
-0.56412,
-0.56402,
-0.56391,
-0.56381,
-0.5637,
-0.56359,
-0.56348,
-0.56336,
-0.56324,
-0.56312,
-0.563,
-0.56287,
-0.56274,
-0.56261,
-0.56248,
-0.56234,
-0.5622,
-0.56206,
-0.56192,
-0.56177,
-0.56162,
-0.56147,
-0.56131,
-0.56116,
-0.561,
-0.56083,
-0.56067,
-0.5605,
-0.56033,
-0.56016,
-0.55999,
-0.55981,
-0.55963,
-0.55945,
-0.55926,
-0.55907,
-0.55888,
-0.55869,
-0.5585,
-0.5583,
-0.5581,
-0.5579,
-0.55769,
-0.55748,
-0.55727,
-0.55706,
-0.55685,
-0.55663,
-0.55641,
-0.55618,
-0.55596,
-0.55573,
-0.5555,
-0.55527,
-0.55504,
-0.5548,
-0.55456,
-0.55432,
-0.55407,
-0.55382,
-0.55357,
-0.55332,
-0.55307,
-0.55281,
-0.55255,
-0.55229,
-0.55203,
-0.55176,
-0.55149,
-0.55122,
-0.55095,
-0.55067,
-0.55039,
-0.55011,
-0.54983,
-0.54954,
-0.54925,
-0.54896,
-0.54867,
-0.54838,
-0.54808,
-0.54778,
-0.54748,
-0.54717,
-0.54687,
-0.54656,
-0.54624,
-0.54593,
-0.54561,
-0.5453,
-0.54498,
-0.54465,
-0.54433,
-0.544,
-0.54367,
-0.54334,
-0.543,
-0.54267,
-0.54233,
-0.54199,
-0.54164,
-0.5413,
-0.54095,
-0.5406,
-0.54025,
-0.53989,
-0.53954,
-0.53918,
-0.53881,
-0.53845,
-0.53809,
-0.53772,
-0.53735,
-0.53698,
-0.5366,
-0.53623,
-0.53585,
-0.53547,
-0.53508,
-0.5347,
-0.53431,
-0.53392,
-0.53353,
-0.53314,
-0.53274,
-0.53234,
-0.53194,
-0.53154,
-0.53114,
-0.53073,
-0.53032,
-0.52991,
-0.5295,
-0.52909,
-0.52867,
-0.52825,
-0.52783,
-0.52741,
-0.52698,
-0.52656,
-0.52613,
-0.5257,
-0.52527,
-0.52483,
-0.52439,
-0.52396,
-0.52352,
-0.52307,
-0.52263,
-0.52218,
-0.52173,
-0.52129,
-0.52083,
-0.52038,
-0.51992,
-0.51947,
-0.51901,
-0.51855,
-0.51808,
-0.51762,
-0.51715,
-0.51668,
-0.51621,
-0.51574,
-0.51526,
-0.51479,
-0.51431,
-0.51383,
-0.51335,
-0.51287,
-0.51238,
-0.51189,
-0.51141,
-0.51092,
-0.51042,
-0.50993,
-0.50943,
-0.50894,
-0.50844,
-0.50794,
-0.50744,
-0.50693,
-0.50643,
-0.50592,
-0.50541,
-0.5049,
-0.50439,
-0.50387,
-0.50336,
-0.50284,
-0.50232,
-0.5018,
-0.50128,
-0.50076,
-0.50023,
-0.4997,
-0.49918,
-0.49865,
-0.49811,
-0.49758,
-0.49705,
-0.49651,
-0.49597,
-0.49544,
-0.4949,
-0.49435,
-0.49381,
-0.49327,
-0.49272,
-0.49217,
-0.49162,
-0.49107,
-0.49052,
-0.48997,
-0.48941,
-0.48886,
-0.4883,
-0.48774,
-0.48718,
-0.48662,
-0.48606,
-0.48549,
-0.48493,
-0.48436,
-0.48379,
-0.48322,
-0.48265,
-0.48208,
-0.48151,
-0.48093,
-0.48036,
-0.47978,
-0.4792,
-0.47862,
-0.47804,
-0.47746,
-0.47688,
-0.47629,
-0.47571,
-0.47512,
-0.47453,
-0.47394,
-0.47335,
-0.47276,
-0.47217,
-0.47158,
-0.47098,
-0.47039,
-0.46979,
-0.46919,
-0.4686,
-0.468,
-0.46739,
-0.46679,
-0.46619,
-0.46559,
-0.46498,
-0.46438,
-0.46377,
-0.46316,
-0.46255,
-0.46194,
-0.46133,
-0.46072,
-0.46011,
-0.4595,
-0.45888,
-0.45827,
-0.45765,
-0.45704,
-0.45642,
-0.4558,
-0.45518,
-0.45456,
-0.45394,
-0.45332,
-0.4527,
-0.45207,
-0.45145,
-0.45082,
-0.4502,
-0.44957,
-0.44894,
-0.44832,
-0.44769,
-0.44706,
-0.44643,
-0.4458,
-0.44517,
-0.44454,
-0.4439,
-0.44327,
-0.44264,
-0.442,
-0.44137,
-0.44073,
-0.4401,
-0.43946,
-0.43882,
-0.43818,
-0.43755,
-0.43691,
-0.43627,
-0.43563,
-0.43499,
-0.43435,
-0.4337,
-0.43306,
-0.43242,
-0.43178,
-0.43113,
-0.43049,
-0.42985,
-0.4292,
-0.42856,
-0.42791,
-0.42727,
-0.42662,
-0.42597,
-0.42533,
-0.42468,
-0.42403,
-0.42338,
-0.42274,
-0.42209,
-0.42144,
-0.42079,
-0.42014,
-0.41949,
-0.41884,
-0.41819,
-0.41754,
-0.41689,
-0.41624,
-0.41559,
-0.41494,
-0.41429,
-0.41364,
-0.41298,
-0.41233,
-0.41168,
-0.41103,
-0.41038,
-0.40973,
-0.40907,
-0.40842,
-0.40777,
-0.40712,
-0.40646,
-0.40581,
-0.40516,
-0.40451,
-0.40385,
-0.4032,
-0.40255,
-0.4019,
-0.40124,
-0.40059,
-0.39994,
-0.39929,
-0.39863,
-0.39798,
-0.39733,
-0.39668,
-0.39603,
-0.39537,
-0.39472,
-0.39407,
-0.39342,
-0.39277,
-0.39212,
-0.39147,
-0.39082,
-0.39017,
-0.38952,
-0.38887,
-0.38822,
-0.38757,
-0.38692,
-0.38627,
-0.38562,
-0.38497,
-0.38432,
-0.38368,
-0.38303,
-0.38238,
-0.38173,
-0.38109,
-0.38044,
-0.3798,
-0.37915,
-0.37851,
-0.37786,
-0.37722,
-0.37657,
-0.37593,
-0.37529,
-0.37464,
-0.374,
-0.37336,
-0.37272,
-0.37208,
-0.37144,
-0.3708,
-0.37016,
-0.36952,
-0.36888,
-0.36825,
-0.36761,
-0.36697,
-0.36634,
-0.3657,
-0.36507,
-0.36443,
-0.3638,
-0.36317,
-0.36253,
-0.3619,
-0.36127,
-0.36064,
-0.36001,
-0.35938,
-0.35875,
-0.35813,
-0.3575,
-0.35687,
-0.35625,
-0.35562,
-0.355,
-0.35437,
-0.35375,
-0.35313,
-0.35251,
-0.35189,
-0.35127,
-0.35065,
-0.35003,
-0.34942,
-0.3488,
-0.34818,
-0.34757,
-0.34695,
-0.34634,
-0.34573,
-0.34512,
-0.34451,
-0.3439,
-0.34329,
-0.34268,
-0.34208,
-0.34147,
-0.34087,
-0.34026,
-0.33966,
-0.33906,
-0.33846,
-0.33786,
-0.33726,
-0.33666,
-0.33606,
-0.33547,
-0.33487,
-0.33428,
-0.33368,
-0.33309,
-0.3325,
-0.33191,
-0.33132,
-0.33073,
-0.33015,
-0.32956,
-0.32898,
-0.3284,
-0.32781,
-0.32723,
-0.32665,
-0.32607,
-0.3255,
-0.32492,
-0.32434,
-0.32377,
-0.3232,
-0.32262,
-0.32205,
-0.32148,
-0.32092,
-0.32035,
-0.31978,
-0.31922,
-0.31866,
-0.31809,
-0.31753,
-0.31697,
-0.31642,
-0.31586,
-0.3153,
-0.31475,
-0.31419,
-0.31364,
-0.31309,
-0.31254,
-0.31199,
-0.31145,
-0.3109,
-0.31036,
-0.30982,
-0.30927,
-0.30873,
-0.3082,
-0.30766,
-0.30712,
-0.30659,
-0.30606,
-0.30552,
-0.30499,
-0.30447,
-0.30394,
-0.30341,
-0.30289,
-0.30236,
-0.30184,
-0.30132,
-0.3008,
-0.30029,
-0.29977,
-0.29926,
-0.29874,
-0.29823,
-0.29772,
-0.29721,
-0.29671,
-0.2962,
-0.2957,
-0.29519,
-0.29469,
-0.29419,
-0.2937,
-0.2932,
-0.2927,
-0.29221,
-0.29172,
-0.29123,
-0.29074,
-0.29025,
-0.28977,
-0.28929,
-0.2888,
-0.28832,
-0.28784,
-0.28737,
-0.28689,
-0.28642,
-0.28594,
-0.28547,
-0.285,
-0.28453,
-0.28407,
-0.2836,
-0.28314,
-0.28268,
-0.28222,
-0.28176,
-0.28131,
-0.28085,
-0.2804,
-0.27995,
-0.2795,
-0.27905,
-0.2786,
-0.27816,
-0.27772,
-0.27727,
-0.27683,
-0.2764,
-0.27596,
-0.27553,
-0.27509,
-0.27466,
-0.27423,
-0.27381,
-0.27338,
-0.27296,
-0.27253,
-0.27211,
-0.27169,
-0.27128,
-0.27086,
-0.27045,
-0.27004,
-0.26963,
-0.26922,
-0.26881,
-0.26841,
-0.268,
-0.2676,
-0.2672,
-0.2668,
-0.26641,
-0.26601,
-0.26562,
-0.26523,
-0.26484,
-0.26445,
-0.26407,
-0.26369,
-0.2633,
-0.26292,
-0.26255,
-0.26217,
-0.26179,
-0.26142,
-0.26105,
-0.26068,
-0.26031,
-0.25995,
-0.25958,
-0.25922,
-0.25886,
-0.2585,
-0.25815,
-0.25779,
-0.25744,
-0.25709,
-0.25674,
-0.25639,
-0.25605,
-0.2557,
-0.25536,
-0.25502,
-0.25468,
-0.25435,
-0.25401,
-0.25368,
-0.25335,
-0.25302,
-0.25269,
-0.25237,
-0.25204,
-0.25172,
-0.2514,
-0.25108,
-0.25077,
-0.25045,
-0.25014,
-0.24983,
-0.24952,
-0.24921,
-0.24891,
-0.2486,
-0.2483,
-0.248,
-0.2477,
-0.24741,
-0.24711,
-0.24682,
-0.24653,
-0.24624,
-0.24595,
-0.24567,
-0.24538,
-0.2451,
-0.24482,
-0.24454,
-0.24427,
-0.24399,
-0.24372,
-0.24345,
-0.24318,
-0.24292,
-0.24265,
-0.24239,
-0.24212,
-0.24187,
-0.24161,
-0.24135,
-0.2411,
-0.24084,
-0.24059,
-0.24034,
-0.2401,
-0.23985,
-0.23961,
-0.23937,
-0.23913,
-0.23889,
-0.23865,
-0.23842,
-0.23818,
-0.23795,
-0.23772,
-0.2375,
-0.23727,
-0.23705,
-0.23682,
-0.2366,
-0.23638,
-0.23617,
-0.23595,
-0.23574,
-0.23553,
-0.23532,
-0.23511,
-0.2349,
-0.2347,
-0.2345,
-0.23429,
-0.23409,
-0.2339,
-0.2337,
-0.23351,
-0.23331,
-0.23312,
-0.23293,
-0.23275,
-0.23256,
-0.23238,
-0.23219,
-0.23201,
-0.23183,
-0.23166,
-0.23148,
-0.23131,
-0.23113,
-0.23096,
-0.23079,
-0.23063,
-0.23046,
-0.2303,
-0.23013,
-0.22997,
-0.22981,
-0.22965,
-0.2295,
-0.22934,
-0.22919,
-0.22904,
-0.22889,
-0.22874,
-0.2286,
-0.22845,
-0.22831,
-0.22817,
-0.22803,
-0.22789,
-0.22775,
-0.22761,
-0.22748,
-0.22735,
-0.22722,
-0.22709,
-0.22696,
-0.22683,
-0.22671,
-0.22659,
-0.22646,
-0.22634,
-0.22623,
-0.22611,
-0.22599,
-0.22588,
-0.22577,
-0.22565,
-0.22554,
-0.22544,
-0.22533,
-0.22522,
-0.22512,
-0.22502,
-0.22491,
-0.22481,
-0.22472,
-0.22462,
-0.22452,
-0.22443,
-0.22433,
-0.22424,
-0.22415,
-0.22406,
-0.22398,
-0.22389,
-0.2238,
-0.22372,
-0.22364,
-0.22356,
-0.22348,
-0.2234,
-0.22332,
-0.22325,
-0.22317,
-0.2231,
-0.22303,
-0.22296,
-0.22289,
-0.22282,
-0.22275,
-0.22268,
-0.22262,
-0.22256,
-0.22249,
-0.22243,
-0.22237,
-0.22231,
-0.22226,
-0.2222,
-0.22214,
-0.22209,
-0.22204,
-0.22199,
-0.22193,
-0.22189,
-0.22184,
-0.22179,
-0.22174,
-0.2217,
-0.22165,
-0.22161,
-0.22157,
-0.22153,
-0.22149,
-0.22145,
-0.22141,
-0.22137,
-0.22133,
-0.2213,
-0.22127,
-0.22123,
-0.2212,
-0.22117,
-0.22114,
-0.22111,
-0.22108,
-0.22105,
-0.22102,
-0.221,
-0.22097,
-0.22095,
-0.22093,
-0.2209,
-0.22088,
-0.22086,
-0.22084,
-0.22082,
-0.2208,
-0.22079,
-0.22077,
-0.22075,
-0.22074,
-0.22072,
-0.22071,
-0.2207,
-0.22068,
-0.22067,
-0.22066,
-0.22065,
-0.22064,
-0.22063,
-0.22062,
-0.22062,
-0.22061,
-0.2206,
-0.2206,
-0.22059,
-0.22059,
-0.22059,
-0.22058,
-0.22058,
-0.22058,
-0.22058,
-0.22057,
-0.22057,
-0.22057,
-0.22057,
-0.22057,
-0.22058,
-0.22058,
-0.22058,
-0.22058,
-0.22059,
-0.22059,
-0.22059,
-0.2206,
-0.2206,
-0.22061,
-0.22062,
-0.22062,
-0.22063,
-0.22063,
-0.22064,
-0.22065,
-0.22066,
-0.22066,
-0.22067,
-0.22068,
-0.22069,
-0.2207,
-0.22071,
-0.22072,
-0.22073,
-0.22074,
-0.22075,
-0.22076,
-0.22077,
-0.22078,
-0.22079,
-0.2208,
-0.22081,
-0.22083,
-0.22084,
-0.22085,
-0.22086,
-0.22087,
-0.22088,
-0.2209,
-0.22091,
-0.22092,
-0.22093,
-0.22094,
-0.22096,
-0.22097,
-0.22098,
-0.22099,
-0.221,
-0.22101,
-0.22103,
-0.22104,
-0.22105,
-0.22106,
-0.22107,
-0.22108,
-0.22109,
-0.22111,
-0.22112,
-0.22113,
-0.22114,
-0.22115,
-0.22116,
-0.22117,
-0.22118,
-0.22119,
-0.2212,
-0.2212,
-0.22121,
-0.22122,
-0.22123,
-0.22124,
-0.22124,
-0.22125,
-0.22126,
-0.22126,
-0.22127,
-0.22128,
-0.22128,
-0.22129,
-0.22129,
-0.22129,
-0.2213,
-0.2213,
-0.2213,
-0.22131,
-0.22131,
-0.22131,
-0.22131,
-0.22131,
-0.22131,
-0.22131,
-0.22131,
-0.22131,
-0.2213,
-0.2213,
-0.2213,
-0.22129,
-0.22129,
-0.22128,
-0.22128,
-0.22127,
-0.22126,
-0.22125,
-0.22125,
-0.22124,
-0.22123,
-0.22122,
-0.2212,
-0.22119,
-0.22118,
-0.22116,
-0.22115,
-0.22114,
-0.22112,
-0.2211,
-0.22108,
-0.22107,
-0.22105,
-0.22103,
-0.22101,
-0.22098,
-0.22096,
-0.22094,
-0.22091,
-0.22089,
-0.22086,
-0.22084,
-0.22081,
-0.22078,
-0.22075,
-0.22072,
-0.22069,
-0.22065,
-0.22062,
-0.22059,
-0.22055,
-0.22051,
-0.22048,
-0.22044,
-0.2204,
-0.22036,
-0.22031,
-0.22027,
-0.22023,
-0.22018,
-0.22014,
-0.22009,
-0.22004,
-0.21999,
-0.21994,
-0.21989,
-0.21983,
-0.21978,
-0.21972,
-0.21967,
-0.21961,
-0.21955,
-0.21949,
-0.21943,
-0.21937,
-0.2193,
-0.21924,
-0.21917,
-0.2191,
-0.21903,
-0.21896,
-0.21889,
-0.21882,
-0.21875,
-0.21867,
-0.21859,
-0.21852,
-0.21844,
-0.21836,
-0.21827,
-0.21819,
-0.21811,
-0.21802,
-0.21793,
-0.21784,
-0.21775,
-0.21766,
-0.21757,
-0.21747,
-0.21738,
-0.21728,
-0.21718,
-0.21708,
-0.21698,
-0.21688,
-0.21677,
-0.21667,
-0.21656,
-0.21645,
-0.21634,
-0.21623,
-0.21611,
-0.216,
-0.21588,
-0.21576,
-0.21564,
-0.21552,
-0.2154,
-0.21527,
-0.21515,
-0.21502,
-0.21489,
-0.21476,
-0.21463,
-0.21449,
-0.21436,
-0.21422,
-0.21408,
-0.21394,
-0.2138,
-0.21365,
-0.21351,
-0.21336,
-0.21321,
-0.21306,
-0.21291,
-0.21276,
-0.2126,
-0.21244,
-0.21229,
-0.21213,
-0.21196,
-0.2118,
-0.21163,
-0.21147,
-0.2113,
-0.21113,
-0.21095,
-0.21078,
-0.2106,
-0.21043,
-0.21025,
-0.21007,
-0.20988,
-0.2097,
-0.20951,
-0.20933,
-0.20914,
-0.20894,
-0.20875,
-0.20855,
-0.20836,
-0.20816,
-0.20796,
-0.20776,
-0.20755,
-0.20735,
-0.20714,
-0.20693,
-0.20672,
-0.2065,
-0.20629,
-0.20607,
-0.20585,
-0.20563,
-0.20541,
-0.20519,
-0.20496,
-0.20473,
-0.2045,
-0.20427,
-0.20404,
-0.2038,
-0.20357,
-0.20333,
-0.20309,
-0.20284,
-0.2026,
-0.20235,
-0.2021,
-0.20185,
-0.2016,
-0.20135,
-0.20109,
-0.20084,
-0.20058,
-0.20032,
-0.20005,
-0.19979,
-0.19952,
-0.19925,
-0.19898,
-0.19871,
-0.19843,
-0.19816,
-0.19788,
-0.1976,
-0.19732,
-0.19703,
-0.19675,
-0.19646,
-0.19617,
-0.19588,
-0.19558,
-0.19529,
-0.19499,
-0.19469,
-0.19439,
-0.19409,
-0.19378,
-0.19348,
-0.19317,
-0.19286,
-0.19255,
-0.19223,
-0.19192,
-0.1916,
-0.19128,
-0.19096,
-0.19063,
-0.19031,
-0.18998,
-0.18965,
-0.18932,
-0.18899,
-0.18865,
-0.18831,
-0.18797,
-0.18763,
-0.18729,
-0.18695,
-0.1866,
-0.18625,
-0.1859,
-0.18555,
-0.1852,
-0.18484,
-0.18448,
-0.18412,
-0.18376,
-0.1834,
-0.18303,
-0.18267,
-0.1823,
-0.18193,
-0.18156,
-0.18118,
-0.1808,
-0.18043,
-0.18005,
-0.17966,
-0.17928,
-0.1789,
-0.17851,
-0.17812,
-0.17773,
-0.17734,
-0.17694,
-0.17654,
-0.17615,
-0.17575,
-0.17534,
-0.17494,
-0.17454,
-0.17413,
-0.17372,
-0.17331,
-0.1729,
-0.17248,
-0.17207,
-0.17165,
-0.17123,
-0.17081,
-0.17038,
-0.16996,
-0.16953,
-0.1691,
-0.16867,
-0.16824,
-0.16781,
-0.16737,
-0.16693,
-0.16649,
-0.16605,
-0.16561,
-0.16517,
-0.16472,
-0.16427,
-0.16382,
-0.16337,
-0.16292,
-0.16247,
-0.16201,
-0.16155,
-0.16109,
-0.16063,
-0.16017,
-0.15971,
-0.15924,
-0.15877,
-0.1583,
-0.15783,
-0.15736,
-0.15688,
-0.15641,
-0.15593,
-0.15545,
-0.15497,
-0.15449,
-0.15401,
-0.15352,
-0.15303,
-0.15254,
-0.15205,
-0.15156,
-0.15107,
-0.15057,
-0.15008,
-0.14958,
-0.14908,
-0.14858,
-0.14808,
-0.14757,
-0.14707,
-0.14656,
-0.14605,
-0.14554,
-0.14503,
-0.14452,
-0.144,
-0.14349,
-0.14297,
-0.14245,
-0.14193,
-0.14141,
-0.14089,
-0.14036,
-0.13984,
-0.13931,
-0.13878,
-0.13825,
-0.13772,
-0.13719,
-0.13665,
-0.13612,
-0.13558,
-0.13504,
-0.1345,
-0.13396,
-0.13342,
-0.13288,
-0.13233,
-0.13179,
-0.13124,
-0.13069,
-0.13014,
-0.12959,
-0.12904,
-0.12848,
-0.12793,
-0.12737,
-0.12682,
-0.12626,
-0.1257,
-0.12514,
-0.12457,
-0.12401,
-0.12345,
-0.12288,
-0.12231,
-0.12175,
-0.12118,
-0.12061,
-0.12004,
-0.11946,
-0.11889,
-0.11832,
-0.11774,
-0.11716,
-0.11659,
-0.11601,
-0.11543,
-0.11485,
-0.11426,
-0.11368,
-0.1131,
-0.11251,
-0.11193,
-0.11134,
-0.11075,
-0.11016,
-0.10957,
-0.10898,
-0.10839,
-0.1078,
-0.1072,
-0.10661,
-0.10601,
-0.10542,
-0.10482,
-0.10422,
-0.10362,
-0.10302,
-0.10242,
-0.10182,
-0.10122,
-0.10062,
-0.10001,
-0.099407,
-0.098801,
-0.098195,
-0.097588,
-0.09698,
-0.096371,
-0.095762,
-0.095152,
-0.094541,
-0.09393,
-0.093318,
-0.092705,
-0.092092,
-0.091477,
-0.090863,
-0.090247,
-0.089631,
-0.089014,
-0.088397,
-0.087779,
-0.08716,
-0.086541,
-0.085922,
-0.085301,
-0.08468,
-0.084059,
-0.083437,
-0.082815,
-0.082192,
-0.081568,
-0.080944,
-0.08032,
-0.079695,
-0.07907,
-0.078444,
-0.077817,
-0.077191,
-0.076564,
-0.075936,
-0.075308,
-0.07468,
-0.074051,
-0.073422,
-0.072793,
-0.072163,
-0.071533,
-0.070902,
-0.070271,
-0.06964,
-0.069009,
-0.068377,
-0.067745,
-0.067113,
-0.066481,
-0.065848,
-0.065215,
-0.064582,
-0.063948,
-0.063315,
-0.062681,
-0.062047,
-0.061413,
-0.060779,
-0.060144,
-0.05951,
-0.058875,
-0.05824,
-0.057606,
-0.056971,
-0.056336,
-0.0557,
-0.055065,
-0.05443,
-0.053795,
-0.053159,
-0.052524,
-0.051889,
-0.051253,
-0.050618,
-0.049983,
-0.049347,
-0.048712,
-0.048077,
-0.047442,
-0.046807,
-0.046172,
-0.045537,
-0.044902,
-0.044268,
-0.043633,
-0.042999,
-0.042365,
-0.041731,
-0.041097,
-0.040463,
-0.039829,
-0.039196,
-0.038563,
-0.03793,
-0.037298,
-0.036665,
-0.036033,
-0.035401,
-0.03477,
-0.034139,
-0.033508,
-0.032877,
-0.032247,
-0.031617,
-0.030987,
-0.030358,
-0.029729,
-0.0291,
-0.028472,
-0.027844,
-0.027217,
-0.02659,
-0.025963,
-0.025337,
-0.024712,
-0.024086,
-0.023462,
-0.022837,
-0.022214,
-0.02159,
-0.020968,
-0.020345,
-0.019724,
-0.019102,
-0.018482,
-0.017862,
-0.017242,
-0.016623,
-0.016005,
-0.015387,
-0.01477,
-0.014154,
-0.013538,
-0.012923,
-0.012308,
-0.011694,
-0.011081,
-0.010468,
-0.0098566,
-0.0092455,
-0.008635,
-0.0080253,
-0.0074163,
-0.0068081,
-0.0062006,
-0.0055938,
-0.0049879,
-0.0043827,
-0.0037783,
-0.0031747,
-0.0025719,
-0.00197,
-0.0013688,
-0.00076852,
-0.00016908,
0.00042952,
0.0010272,
0.0016241,
0.00222,
0.0028151,
0.0034093,
0.0040025,
0.0045948,
0.0051862,
0.0057767,
0.0063662,
0.0069547,
0.0075422,
0.0081288,
0.0087144,
0.009299,
0.0098826,
0.010465,
0.011047,
0.011627,
0.012207,
0.012785,
0.013362,
0.013939,
0.014514,
0.015088,
0.015661,
0.016233,
0.016804,
0.017373,
0.017942,
0.018509,
0.019076,
0.019641,
0.020205,
0.020767,
0.021329,
0.021889,
0.022449,
0.023007,
0.023563,
0.024119,
0.024673,
0.025226,
0.025778,
0.026329,
0.026878,
0.027426,
0.027973,
0.028518,
0.029062,
0.029605,
0.030147,
0.030687,
0.031226,
0.031763,
0.0323,
0.032834,
0.033368,
0.0339,
0.034431,
0.03496,
0.035488,
0.036015,
0.03654,
0.037064,
0.037586,
0.038107,
0.038627,
0.039145,
0.039661,
0.040177,
0.04069,
0.041203,
0.041713,
0.042223,
0.042731,
0.043237,
0.043742,
0.044245,
0.044747,
0.045247,
0.045746,
0.046243,
0.046739,
0.047233,
0.047726,
0.048217,
0.048706,
0.049194,
0.04968,
0.050165,
0.050648,
0.05113,
0.05161,
0.052088,
0.052565,
0.05304,
0.053514,
0.053985,
0.054456,
0.054924,
0.055391,
0.055857,
0.05632,
0.056782,
0.057243,
0.057701,
0.058158,
0.058614,
0.059067,
0.059519,
0.05997,
0.060418,
0.060865,
0.06131,
0.061754,
0.062195,
0.062635,
0.063073,
0.06351,
0.063945,
0.064378,
0.064809,
0.065239,
0.065666,
0.066093,
0.066517,
0.066939,
0.06736,
0.067779,
0.068196,
0.068612,
0.069025,
0.069437,
0.069847,
0.070255,
0.070662,
0.071067,
0.071469,
0.07187,
0.07227,
0.072667,
0.073063,
0.073456,
0.073848,
0.074238,
0.074627,
0.075013,
0.075398,
0.075781,
0.076162,
0.076541,
0.076918,
0.077293,
0.077667,
0.078039,
0.078409,
0.078777,
0.079143,
0.079507,
0.079869,
0.08023,
0.080589,
0.080946,
0.0813,
0.081654,
0.082005,
0.082354,
0.082702,
0.083047,
0.083391,
0.083733,
0.084073,
0.084411,
0.084747,
0.085081,
0.085414,
0.085744,
0.086073,
0.086399,
0.086724,
0.087047,
0.087368,
0.087688,
0.088005,
0.08832,
0.088634,
0.088945,
0.089255,
0.089563,
0.089869,
0.090173,
0.090475,
0.090776,
0.091074,
0.09137,
0.091665,
0.091958,
0.092249,
0.092538,
0.092825,
0.09311,
0.093393,
0.093675,
0.093954,
0.094232,
0.094507,
0.094781,
0.095053,
0.095323,
0.095592,
0.095858,
0.096123,
0.096385,
0.096646,
0.096905,
0.097162,
0.097417,
0.09767,
0.097922,
0.098171,
0.098419,
0.098665,
0.098909,
0.099151,
0.099391,
0.09963,
0.099866,
0.1001,
0.10033,
0.10056,
0.10079,
0.10102,
0.10125,
0.10147,
0.10169,
0.10191,
0.10213,
0.10235,
0.10256,
0.10278,
0.10299,
0.1032,
0.1034,
0.10361,
0.10381,
0.10401,
0.10421,
0.10441,
0.10461,
0.10481,
0.105,
0.10519,
0.10538,
0.10557,
0.10575,
0.10594,
0.10612,
0.1063,
0.10648,
0.10666,
0.10683,
0.10701,
0.10718,
0.10735,
0.10752,
0.10769,
0.10785,
0.10802,
0.10818,
0.10834,
0.1085,
0.10866,
0.10881,
0.10897,
0.10912,
0.10927,
0.10942,
0.10956,
0.10971,
0.10985,
0.11,
0.11014,
0.11028,
0.11041,
0.11055,
0.11068,
0.11082,
0.11095,
0.11108,
0.11121,
0.11133,
0.11146,
0.11158,
0.1117,
0.11182,
0.11194,
0.11206,
0.11218,
0.11229,
0.1124,
0.11252,
0.11263,
0.11273,
0.11284,
0.11295,
0.11305,
0.11315,
0.11326,
0.11336,
0.11345,
0.11355,
0.11365,
0.11374,
0.11383,
0.11393,
0.11402,
0.1141,
0.11419,
0.11428,
0.11436,
0.11445,
0.11453,
0.11461,
0.11469,
0.11477,
0.11484,
0.11492,
0.11499,
0.11507,
0.11514,
0.11521,
0.11528,
0.11535,
0.11541,
0.11548,
0.11554,
0.11561,
0.11567,
0.11573,
0.11579,
0.11585,
0.11591,
0.11596,
0.11602,
0.11607,
0.11613,
0.11618,
0.11623,
0.11628,
0.11633,
0.11638,
0.11642,
0.11647,
0.11651,
0.11656,
0.1166,
0.11664,
0.11668,
0.11672,
0.11676,
0.1168,
0.11684,
0.11687,
0.11691,
0.11694,
0.11697,
0.11701,
0.11704,
0.11707,
0.1171,
0.11713,
0.11716,
0.11718,
0.11721,
0.11723,
0.11726,
0.11728,
0.11731,
0.11733,
0.11735,
0.11737,
0.11739,
0.11741,
0.11743,
0.11745,
0.11747,
0.11748,
0.1175,
0.11751,
0.11753,
0.11754,
0.11756,
0.11757,
0.11758,
0.11759,
0.11761,
0.11762,
0.11763,
0.11764,
0.11765,
0.11765,
0.11766,
0.11767,
0.11768,
0.11768,
0.11769,
0.1177,
0.1177,
0.11771,
0.11771,
0.11772,
0.11772,
0.11772,
0.11773,
0.11773,
0.11773,
0.11773,
0.11773,
0.11774,
0.11774,
0.11774,
0.11774,
0.11774,
0.11774,
0.11774,
0.11774,
0.11774,
0.11774,
0.11774,
0.11774,
0.11773,
0.11773,
0.11773,
0.11773,
0.11773,
0.11773,
0.11772,
0.11772,
0.11772,
0.11772,
0.11772,
0.11771,
0.11771,
0.11771,
0.11771,
0.11771,
0.1177,
0.1177,
0.1177,
0.1177,
0.1177,
0.11769,
0.11769,
0.11769,
0.11769,
0.11769,
0.11769,
0.11769,
0.11769,
0.11769,
0.11769,
0.11769,
0.11769,
0.11769,
0.11769,
0.11769,
0.11769,
0.11769,
0.11769,
0.11769,
0.1177,
0.1177,
0.1177,
0.11771,
0.11771,
0.11772,
0.11772,
0.11773,
0.11773,
0.11774,
0.11774,
0.11775,
0.11776,
0.11777,
0.11777,
0.11778,
0.11779,
0.1178,
0.11781,
0.11782,
0.11783,
0.11785,
0.11786,
0.11787,
0.11789,
0.1179,
0.11792,
0.11793,
0.11795,
0.11797,
0.11798,
0.118,
0.11802,
0.11804,
0.11806,
0.11808,
0.11811,
0.11813,
0.11815,
0.11818,
0.1182,
0.11823,
0.11825,
0.11828,
0.11831,
0.11834,
0.11837,
0.1184,
0.11843,
0.11847,
0.1185,
0.11853,
0.11857,
0.11861,
0.11864,
0.11868,
0.11872,
0.11876,
0.1188,
0.11884,
0.11889,
0.11893,
0.11898,
0.11902,
0.11907,
0.11912,
0.11917,
0.11922,
0.11927,
0.11932,
0.11938,
0.11943,
0.11949,
0.11955,
0.1196,
0.11966,
0.11972,
0.11979,
0.11985,
0.11991,
0.11998,
0.12004,
0.12011,
0.12018,
0.12025,
0.12032,
0.1204,
0.12047,
0.12055,
0.12062,
0.1207,
0.12078,
0.12086,
0.12094,
0.12102,
0.12111,
0.12119,
0.12128,
0.12137,
0.12146,
0.12155,
0.12164,
0.12174,
0.12183,
0.12193,
0.12203,
0.12213,
0.12223,
0.12233,
0.12244,
0.12254,
0.12265,
0.12276,
0.12287,
0.12298,
0.12309,
0.12321,
0.12332,
0.12344,
0.12356,
0.12368,
0.1238,
0.12392,
0.12405,
0.12418,
0.1243,
0.12443,
0.12457,
0.1247,
0.12483,
0.12497,
0.12511,
0.12525,
0.12539,
0.12553,
0.12568,
0.12582,
0.12597,
0.12612,
0.12627,
0.12642,
0.12658,
0.12673,
0.12689,
0.12705,
0.12721,
0.12738,
0.12754,
0.12771,
0.12788,
0.12805,
0.12822,
0.12839,
0.12857,
0.12874,
0.12892,
0.1291,
0.12929,
0.12947,
0.12966,
0.12984,
0.13003,
0.13022,
0.13042,
0.13061,
0.13081,
0.13101,
0.13121,
0.13141,
0.13161,
0.13182,
0.13203,
0.13224,
0.13245,
0.13266,
0.13288,
0.1331,
0.13331,
0.13354,
0.13376,
0.13398,
0.13421,
0.13444,
0.13467,
0.1349,
0.13514,
0.13537,
0.13561,
0.13585,
0.13609,
0.13634,
0.13658,
0.13683,
0.13708,
0.13733,
0.13758,
0.13784,
0.1381,
0.13836,
0.13862,
0.13888,
0.13915,
0.13941,
0.13968,
0.13995,
0.14023,
0.1405,
0.14078,
0.14106,
0.14134,
0.14162,
0.14191,
0.14219,
0.14248,
0.14277,
0.14307,
0.14336,
0.14366,
0.14396,
0.14426,
0.14456,
0.14487,
0.14517,
0.14548,
0.14579,
0.14611,
0.14642,
0.14674,
0.14706,
0.14738,
0.1477,
0.14803,
0.14836,
0.14868,
0.14902,
0.14935,
0.14968,
0.15002,
0.15036,
0.1507,
0.15105,
0.15139,
0.15174,
0.15209,
0.15244,
0.15279,
0.15315,
0.15351,
0.15387,
0.15423,
0.15459,
0.15496,
0.15532,
0.15569,
0.15607,
0.15644,
0.15682,
0.15719,
0.15757,
0.15796,
0.15834,
0.15873,
0.15911,
0.1595,
0.1599,
0.16029,
0.16069,
0.16108,
0.16148,
0.16189,
0.16229,
0.1627,
0.16311,
0.16352,
0.16393,
0.16434,
0.16476,
0.16518,
0.1656,
0.16602,
0.16644,
0.16687,
0.1673,
0.16773,
0.16816,
0.16859,
0.16903,
0.16947,
0.16991,
0.17035,
0.17079,
0.17124,
0.17169,
0.17214,
0.17259,
0.17304,
0.1735,
0.17396,
0.17442,
0.17488,
0.17534,
0.17581,
0.17628,
0.17674,
0.17722,
0.17769,
0.17816,
0.17864,
0.17912,
0.1796,
0.18009,
0.18057,
0.18106,
0.18155,
0.18204,
0.18253,
0.18302,
0.18352,
0.18402,
0.18452,
0.18502,
0.18552,
0.18603,
0.18654,
0.18704,
0.18756,
0.18807,
0.18858,
0.1891,
0.18962,
0.19014,
0.19066,
0.19118,
0.19171,
0.19224,
0.19277,
0.1933,
0.19383,
0.19437,
0.1949,
0.19544,
0.19598,
0.19652,
0.19707,
0.19761,
0.19816,
0.19871,
0.19926,
0.19981,
0.20037,
0.20092,
0.20148,
0.20204,
0.2026,
0.20316,
0.20373,
0.20429,
0.20486,
0.20543,
0.206,
0.20657,
0.20715,
0.20772,
0.2083,
0.20888,
0.20946,
0.21004,
0.21063,
0.21121,
0.2118,
0.21239,
0.21298,
0.21357,
0.21417,
0.21476,
0.21536,
0.21596,
0.21656,
0.21716,
0.21776,
0.21837,
0.21897,
0.21958,
0.22019,
0.2208,
0.22141,
0.22202,
0.22264,
0.22326,
0.22387,
0.22449,
0.22511,
0.22574,
0.22636,
0.22699,
0.22761,
0.22824,
0.22887,
0.2295,
0.23013,
0.23077,
0.2314,
0.23204,
0.23268,
0.23332,
0.23396,
0.2346,
0.23524,
0.23588,
0.23653,
0.23718,
0.23783,
0.23848,
0.23913,
0.23978,
0.24043,
0.24109,
0.24174,
0.2424,
0.24306,
0.24372,
0.24438,
0.24504,
0.2457,
0.24637,
0.24703,
0.2477,
0.24837,
0.24903,
0.2497,
0.25038,
0.25105,
0.25172,
0.2524,
0.25307,
0.25375,
0.25442,
0.2551,
0.25578,
0.25646,
0.25715,
0.25783,
0.25851,
0.2592,
0.25988,
0.26057,
0.26126,
0.26195,
0.26264,
0.26333,
0.26402,
0.26471,
0.2654,
0.2661,
0.26679,
0.26749,
0.26819,
0.26888,
0.26958,
0.27028,
0.27098,
0.27168,
0.27239,
0.27309,
0.27379,
0.2745,
0.2752,
0.27591,
0.27662,
0.27732,
0.27803,
0.27874,
0.27945,
0.28016,
0.28087,
0.28158,
0.28229,
0.28301,
0.28372,
0.28444,
0.28515,
0.28587,
0.28658,
0.2873,
0.28802,
0.28874,
0.28945,
0.29017,
0.29089,
0.29161,
0.29233,
0.29305,
0.29378,
0.2945,
0.29522,
0.29594,
0.29667,
0.29739,
0.29812,
0.29884,
0.29957,
0.30029,
0.30102,
0.30175,
0.30247,
0.3032,
0.30393,
0.30466,
0.30539,
0.30611,
0.30684,
0.30757,
0.3083,
0.30903,
0.30976,
0.31049,
0.31122,
0.31196,
0.31269,
0.31342,
0.31415,
0.31488,
0.31561,
0.31635,
0.31708,
0.31781,
0.31854,
0.31928,
0.32001,
0.32074,
0.32147,
0.32221,
0.32294,
0.32367,
0.32441,
0.32514,
0.32587,
0.32661,
0.32734,
0.32808,
0.32881,
0.32954,
0.33028,
0.33101,
0.33174,
0.33247,
0.33321,
0.33394,
0.33467,
0.33541,
0.33614,
0.33687,
0.3376,
0.33834,
0.33907,
0.3398,
0.34053,
0.34126,
0.34199,
0.34273,
0.34346,
0.34419,
0.34492,
0.34565,
0.34638,
0.34711,
0.34783,
0.34856,
0.34929,
0.35002,
0.35075,
0.35148,
0.3522,
0.35293,
0.35366,
0.35438,
0.35511,
0.35583,
0.35656,
0.35728,
0.358,
0.35873,
0.35945,
0.36017,
0.36089,
0.36161,
0.36233,
0.36305,
0.36377,
0.36449,
0.36521,
0.36593,
0.36665,
0.36736,
0.36808,
0.36879,
0.36951,
0.37022,
0.37094,
0.37165,
0.37236,
0.37307,
0.37378,
0.37449,
0.3752,
0.37591,
0.37662,
0.37732,
0.37803,
0.37874,
0.37944,
0.38014,
0.38085,
0.38155,
0.38225,
0.38295,
0.38365,
0.38435,
0.38505,
0.38574,
0.38644,
0.38713,
0.38783,
0.38852,
0.38921,
0.38991,
0.3906,
0.39128,
0.39197,
0.39266,
0.39335,
0.39403,
0.39472,
0.3954,
0.39608,
0.39676,
0.39744,
0.39812,
0.3988,
0.39948,
0.40015,
0.40083,
0.4015,
0.40217,
0.40284,
0.40351,
0.40418,
0.40485,
0.40552,
0.40618,
0.40685,
0.40751,
0.40817,
0.40883,
0.40949,
0.41015,
0.4108,
0.41146,
0.41211,
0.41277,
0.41342,
0.41407,
0.41472,
0.41536,
0.41601,
0.41665,
0.4173,
0.41794,
0.41858,
0.41922,
0.41986,
0.42049,
0.42113,
0.42176,
0.42239,
0.42302,
0.42365,
0.42428,
0.42491,
0.42553,
0.42615,
0.42677,
0.42739,
0.42801,
0.42863,
0.42924,
0.42986,
0.43047,
0.43108,
0.43169,
0.4323,
0.4329,
0.43351,
0.43411,
0.43471,
0.43531,
0.43591,
0.4365,
0.4371,
0.43769,
0.43828,
0.43887,
0.43946,
0.44004,
0.44063,
0.44121,
0.44179,
0.44237,
0.44295,
0.44352,
0.4441,
0.44467,
0.44524,
0.44581,
0.44637,
0.44694,
0.4475,
0.44806,
0.44862,
0.44918,
0.44973,
0.45029,
0.45084,
0.45139,
0.45193,
0.45248,
0.45302,
0.45357,
0.45411,
0.45465,
0.45518,
0.45572,
0.45625,
0.45678,
0.45731,
0.45783,
0.45836,
0.45888,
0.4594,
0.45992,
0.46044,
0.46095,
0.46146,
0.46197,
0.46248,
0.46299,
0.46349,
0.464,
0.4645,
0.465,
0.46549,
0.46599,
0.46648,
0.46697,
0.46745,
0.46794,
0.46842,
0.46891,
0.46938,
0.46986,
0.47034,
0.47081,
0.47128,
0.47175,
0.47222,
0.47268,
0.47314,
0.4736,
0.47406,
0.47451,
0.47497,
0.47542,
0.47587,
0.47631,
0.47676,
0.4772,
0.47764,
0.47808,
0.47851,
0.47895,
0.47938,
0.47981,
0.48023,
0.48066,
0.48108,
0.4815,
0.48192,
0.48233,
0.48274,
0.48315,
0.48356,
0.48397,
0.48437,
0.48477,
0.48517,
0.48557,
0.48596,
0.48635,
0.48674,
0.48713,
0.48751,
0.48789,
0.48827,
0.48865,
0.48903,
0.4894,
0.48977,
0.49014,
0.4905,
0.49087,
0.49123,
0.49159,
0.49194,
0.49229,
0.49265,
0.49299,
0.49334,
0.49368,
0.49403,
0.49437,
0.4947,
0.49504,
0.49537,
0.4957,
0.49602,
0.49635,
0.49667,
0.49699,
0.49731,
0.49762,
0.49793,
0.49824,
0.49855,
0.49885,
0.49915,
0.49945,
0.49975,
0.50005,
0.50034,
0.50063,
0.50091,
0.5012,
0.50148,
0.50176,
0.50204,
0.50231,
0.50258,
0.50285,
0.50312,
0.50338,
0.50365,
0.50391,
0.50416,
0.50442,
0.50467,
0.50492,
0.50516,
0.50541,
0.50565,
0.50589,
0.50613,
0.50636,
0.50659,
0.50682,
0.50705,
0.50727,
0.50749,
0.50771,
0.50793,
0.50814,
0.50835,
0.50856,
0.50877,
0.50897,
0.50917,
0.50937,
0.50956,
0.50976,
0.50995,
0.51014,
0.51032,
0.51051,
0.51069,
0.51086,
0.51104,
0.51121,
0.51138,
0.51155,
0.51172,
0.51188,
0.51204,
0.5122,
0.51235,
0.5125,
0.51265,
0.5128,
0.51294,
0.51309,
0.51323,
0.51336,
0.5135,
0.51363,
0.51376,
0.51388,
0.51401,
0.51413,
0.51425,
0.51437,
0.51448,
0.51459,
0.5147,
0.51481,
0.51491,
0.51501,
0.51511,
0.51521,
0.5153,
0.51539,
0.51548,
0.51557,
0.51565,
0.51573,
0.51581,
0.51589,
0.51596,
0.51603,
0.5161,
0.51616,
0.51623,
0.51629,
0.51635,
0.5164,
0.51646,
0.51651,
0.51656,
0.5166,
0.51664,
0.51668,
0.51672,
0.51676,
0.51679,
0.51682,
0.51685,
0.51688,
0.5169,
0.51692,
0.51694,
0.51696,
0.51697,
0.51698,
0.51699,
0.517,
0.517,
0.517,
0.517,
0.517,
0.51699,
0.51698,
0.51697,
0.51696,
0.51694,
0.51692,
0.5169,
0.51688,
0.51685,
0.51683,
0.51679,
0.51676,
0.51673,
0.51669,
0.51665,
0.51661,
0.51656,
0.51652,
0.51647,
0.51641,
0.51636,
0.5163,
0.51624,
0.51618,
0.51612,
0.51605,
0.51599,
0.51592,
0.51584,
0.51577,
0.51569,
0.51561,
0.51553,
0.51544,
0.51536,
0.51527,
0.51518,
0.51508,
0.51499,
0.51489,
0.51479,
0.51468,
0.51458,
0.51447,
0.51436,
0.51425,
0.51414,
0.51402,
0.5139,
0.51378,
0.51366,
0.51353,
0.5134,
0.51328,
0.51314,
0.51301,
0.51287,
0.51273,
0.51259,
0.51245,
0.51231,
0.51216,
0.51201,
0.51186,
0.51171,
0.51155,
0.51139,
0.51123,
0.51107,
0.51091,
0.51074,
0.51057,
0.5104,
0.51023,
0.51005,
0.50988,
0.5097,
0.50952,
0.50934,
0.50915,
0.50896,
0.50877,
0.50858,
0.50839,
0.5082,
0.508,
0.5078,
0.5076,
0.50739,
0.50719,
0.50698,
0.50677,
0.50656,
0.50635,
0.50613,
0.50592,
0.5057,
0.50548,
0.50526,
0.50503,
0.5048,
0.50458,
0.50435,
0.50411,
0.50388,
0.50364,
0.50341,
0.50317,
0.50293,
0.50268,
0.50244,
0.50219,
0.50194,
0.50169,
0.50144,
0.50118,
0.50093,
0.50067,
0.50041,
0.50015,
0.49989,
0.49962,
0.49935,
0.49909,
0.49882,
0.49854,
0.49827,
0.49799,
0.49772,
0.49744,
0.49716,
0.49688,
0.49659,
0.49631,
0.49602,
0.49573,
0.49544,
0.49515,
0.49485,
0.49456,
0.49426,
0.49396,
0.49366,
0.49336,
0.49306,
0.49275,
0.49245,
0.49214,
0.49183,
0.49152,
0.49121,
0.49089,
0.49058,
0.49026,
0.48994,
0.48962,
0.4893,
0.48898,
0.48865,
0.48833,
0.488,
0.48767,
0.48734,
0.48701,
0.48667,
0.48634,
0.486,
0.48567,
0.48533,
0.48499,
0.48464,
0.4843,
0.48396,
0.48361,
0.48327,
0.48292,
0.48257,
0.48222,
0.48186,
0.48151,
0.48116,
0.4808,
0.48044,
0.48008,
0.47972,
0.47936,
0.479,
0.47864,
0.47827,
0.47791,
0.47754,
0.47717,
0.4768,
0.47643,
0.47606,
0.47569,
0.47531,
0.47494,
0.47456,
0.47418,
0.47381,
0.47343,
0.47304,
0.47266,
0.47228,
0.4719,
0.47151,
0.47112,
0.47074,
0.47035,
0.46996,
0.46957,
0.46918,
0.46879,
0.46839,
0.468,
0.4676,
0.46721,
0.46681,
0.46641,
0.46601,
0.46561,
0.46521,
0.46481,
0.46441,
0.46401,
0.4636,
0.4632,
0.46279,
0.46238,
0.46198,
0.46157,
0.46116,
0.46075,
0.46034,
0.45992,
0.45951,
0.4591,
0.45868,
0.45827,
0.45785,
0.45744,
0.45702,
0.4566,
0.45618,
0.45576,
0.45534,
0.45492,
0.4545,
0.45408,
0.45366,
0.45323,
0.45281,
0.45239,
0.45196,
0.45153,
0.45111,
0.45068,
0.45025,
0.44983,
0.4494,
0.44897,
0.44854,
0.44811,
0.44768,
0.44724,
0.44681,
0.44638,
0.44595,
0.44551,
0.44508,
0.44464,
0.44421,
0.44377,
0.44334,
0.4429,
0.44246,
0.44203,
0.44159,
0.44115,
0.44071,
0.44027,
0.43984,
0.4394,
0.43896,
0.43852,
0.43807,
0.43763,
0.43719,
0.43675,
0.43631,
0.43587,
0.43542,
0.43498,
0.43454,
0.4341,
0.43365,
0.43321,
0.43276,
0.43232,
0.43188,
0.43143,
0.43099,
0.43054,
0.4301,
0.42965,
0.42921,
0.42876,
0.42831,
0.42787,
0.42742,
0.42698,
0.42653,
0.42608,
0.42564,
0.42519,
0.42474,
0.4243,
0.42385,
0.4234,
0.42296,
0.42251,
0.42206,
0.42161,
0.42117,
0.42072,
0.42027,
0.41983,
0.41938,
0.41893,
0.41849,
0.41804,
0.41759,
0.41715,
0.4167,
0.41625,
0.41581,
0.41536,
0.41491,
0.41447,
0.41402,
0.41358,
0.41313,
0.41268,
0.41224,
0.41179,
0.41135,
0.4109,
0.41046,
0.41001,
0.40957,
0.40913,
0.40868,
0.40824,
0.4078,
0.40735,
0.40691,
0.40647,
0.40602,
0.40558,
0.40514,
0.4047,
0.40426,
0.40382,
0.40338,
0.40294,
0.4025,
0.40206,
0.40162,
0.40118,
0.40074,
0.4003,
0.39987,
0.39943,
0.39899,
0.39855,
0.39812,
0.39768,
0.39725,
0.39681,
0.39638,
0.39595,
0.39551,
0.39508,
0.39465,
0.39421,
0.39378,
0.39335,
0.39292,
0.39249,
0.39206,
0.39163,
0.39121,
0.39078,
0.39035,
0.38992,
0.3895,
0.38907,
0.38865,
0.38822,
0.3878,
0.38738,
0.38695,
0.38653,
0.38611,
0.38569,
0.38527,
0.38485,
0.38443,
0.38401,
0.38359,
0.38318,
0.38276,
0.38235,
0.38193,
0.38152,
0.3811,
0.38069,
0.38028,
0.37987,
0.37946,
0.37905,
0.37864,
0.37823,
0.37782,
0.37742,
0.37701,
0.37661,
0.3762,
0.3758,
0.3754,
0.37499,
0.37459,
0.37419,
0.37379,
0.37339,
0.373,
0.3726,
0.3722,
0.37181,
0.37141,
0.37102,
0.37063,
0.37023,
0.36984,
0.36945,
0.36906,
0.36868,
0.36829,
0.3679,
0.36752,
0.36713,
0.36675,
0.36637,
0.36598,
0.3656,
0.36522,
0.36484,
0.36447,
0.36409,
0.36371,
0.36334,
0.36296,
0.36259,
0.36222,
0.36185,
0.36148,
0.36111,
0.36074,
0.36037,
0.36001,
0.35964,
0.35928,
0.35892,
0.35855,
0.35819,
0.35783,
0.35748,
0.35712,
0.35676,
0.35641,
0.35605,
0.3557,
0.35535,
0.355,
0.35465,
0.3543,
0.35395,
0.3536,
0.35326,
0.35291,
0.35257,
0.35223,
0.35189,
0.35155,
0.35121,
0.35087,
0.35053,
0.3502,
0.34986,
0.34953,
0.3492,
0.34887,
0.34854,
0.34821,
0.34789,
0.34756,
0.34724,
0.34691,
0.34659,
0.34627,
0.34595,
0.34563,
0.34531,
0.345,
0.34468,
0.34437,
0.34406,
0.34375,
0.34344,
0.34313,
0.34282,
0.34251,
0.34221,
0.34191,
0.3416,
0.3413,
0.341,
0.34071,
0.34041,
0.34011,
0.33982,
0.33952,
0.33923,
0.33894,
0.33865,
0.33836,
0.33808,
0.33779,
0.33751,
0.33722,
0.33694,
0.33666,
0.33638,
0.33611,
0.33583,
0.33555,
0.33528,
0.33501,
0.33474,
0.33447,
0.3342,
0.33393,
0.33367,
0.3334,
0.33314,
0.33288,
0.33262,
0.33236,
0.3321,
0.33184,
0.33159,
0.33134,
0.33108,
0.33083,
0.33058,
0.33034,
0.33009,
0.32984,
0.3296,
0.32936,
0.32912,
0.32888,
0.32864,
0.3284,
0.32817,
0.32793,
0.3277,
0.32747,
0.32724,
0.32701,
0.32678,
0.32656,
0.32633,
0.32611,
0.32589,
0.32567,
0.32545,
0.32523,
0.32501,
0.3248,
0.32459,
0.32437,
0.32416,
0.32395,
0.32375,
0.32354,
0.32333,
0.32313,
0.32293,
0.32273,
0.32253,
0.32233,
0.32213,
0.32194,
0.32175,
0.32155,
0.32136,
0.32117,
0.32099,
0.3208,
0.32061,
0.32043,
0.32025,
0.32007,
0.31989,
0.31971,
0.31953,
0.31936,
0.31918,
0.31901,
0.31884,
0.31867,
0.3185,
0.31833,
0.31817,
0.318,
0.31784,
0.31768,
0.31752,
0.31736,
0.3172,
0.31705,
0.31689,
0.31674,
0.31659,
0.31644,
0.31629,
0.31614,
0.316,
0.31585,
0.31571,
0.31557,
0.31543,
0.31529,
0.31515,
0.31501,
0.31488,
0.31474,
0.31461,
0.31448,
0.31435,
0.31422,
0.3141,
0.31397,
0.31385,
0.31372,
0.3136,
0.31348,
0.31336,
0.31325,
0.31313,
0.31302,
0.3129,
0.31279,
0.31268,
0.31257,
0.31246,
0.31236,
0.31225,
0.31215,
0.31205,
0.31194,
0.31184,
0.31175,
0.31165,
0.31155,
0.31146,
0.31136,
0.31127,
0.31118,
0.31109,
0.311,
0.31092,
0.31083,
0.31075,
0.31067,
0.31058,
0.3105,
0.31042,
0.31035,
0.31027,
0.31019,
0.31012,
0.31005,
0.30998,
0.30991,
0.30984,
0.30977,
0.3097,
0.30964,
0.30957,
0.30951,
0.30945,
0.30939,
0.30933,
0.30927,
0.30921,
0.30916,
0.3091,
0.30905,
0.309,
0.30895,
0.3089,
0.30885,
0.3088,
0.30876,
0.30871,
0.30867,
0.30863,
0.30859,
0.30855,
0.30851,
0.30847,
0.30843,
0.3084,
0.30836,
0.30833,
0.3083,
0.30826,
0.30823,
0.30821,
0.30818,
0.30815,
0.30812,
0.3081,
0.30808,
0.30805,
0.30803,
0.30801,
0.30799,
0.30798,
0.30796,
0.30794,
0.30793,
0.30791,
0.3079,
0.30789,
0.30788,
0.30787,
0.30786,
0.30785,
0.30784,
0.30784,
0.30783,
0.30783,
0.30782,
0.30782,
0.30782,
0.30782,
0.30782,
0.30782,
0.30783,
0.30783,
0.30783,
0.30784,
0.30785,
0.30785,
0.30786,
0.30787,
0.30788,
0.30789,
0.3079,
0.30792,
0.30793,
0.30794,
0.30796,
0.30797,
0.30799,
0.30801,
0.30803,
0.30805,
0.30807,
0.30809,
0.30811,
0.30813,
0.30815,
0.30818,
0.3082,
0.30823,
0.30826,
0.30828,
0.30831,
0.30834,
0.30837,
0.3084,
0.30843,
0.30846,
0.30849,
0.30852,
0.30856,
0.30859,
0.30863,
0.30866,
0.3087,
0.30873,
0.30877,
0.30881,
0.30885,
0.30889,
0.30893,
0.30897,
0.30901,
0.30905,
0.30909,
0.30914,
0.30918,
0.30922,
0.30927,
0.30931,
0.30936,
0.3094,
0.30945,
0.3095,
0.30954,
0.30959,
0.30964,
0.30969,
0.30974,
0.30979,
0.30984,
0.30989,
0.30994,
0.30999,
0.31005,
0.3101,
0.31015,
0.3102,
0.31026,
0.31031,
0.31037,
0.31042,
0.31048,
0.31053,
0.31059,
0.31064,
0.3107,
0.31076,
0.31082,
0.31087,
0.31093,
0.31099,
0.31105,
0.31111,
0.31116,
0.31122,
0.31128,
0.31134,
0.3114,
0.31146,
0.31152,
0.31158,
0.31164,
0.3117,
0.31176,
0.31183,
0.31189,
0.31195,
0.31201,
0.31207,
0.31213,
0.31219,
0.31226,
0.31232,
0.31238,
0.31244,
0.3125,
0.31257,
0.31263,
0.31269,
0.31275,
0.31282,
0.31288,
0.31294,
0.313,
0.31306,
0.31313,
0.31319,
0.31325,
0.31331,
0.31338,
0.31344,
0.3135,
0.31356,
0.31362,
0.31368,
0.31375,
0.31381,
0.31387,
0.31393,
0.31399,
0.31405,
0.31411,
0.31417,
0.31423,
0.31429,
0.31435,
0.31441,
0.31447,
0.31453,
0.31459,
0.31465,
0.3147,
0.31476,
0.31482,
0.31488,
0.31493,
0.31499,
0.31505,
0.3151,
0.31516,
0.31521,
0.31527,
0.31532,
0.31538,
0.31543,
0.31548,
0.31554,
0.31559,
0.31564,
0.31569,
0.31574,
0.3158,
0.31585,
0.3159,
0.31594,
0.31599,
0.31604,
0.31609,
0.31614,
0.31618,
0.31623,
0.31627,
0.31632,
0.31636,
0.31641,
0.31645,
0.31649,
0.31654,
0.31658,
0.31662,
0.31666,
0.3167,
0.31674,
0.31677,
0.31681,
0.31685,
0.31689,
0.31692,
0.31696,
0.31699,
0.31702,
0.31706,
0.31709,
0.31712,
0.31715,
0.31718,
0.31721,
0.31723,
0.31726,
0.31729,
0.31731,
0.31734,
0.31736,
0.31738,
0.3174,
0.31743,
0.31745,
0.31747,
0.31748,
0.3175,
0.31752,
0.31753,
0.31755,
0.31756,
0.31757,
0.31759,
0.3176,
0.31761,
0.31762,
0.31762,
0.31763,
0.31764,
0.31764,
0.31764,
0.31765,
0.31765,
0.31765,
0.31765,
0.31765,
0.31764,
0.31764,
0.31764,
0.31763,
0.31762,
0.31761,
0.3176,
0.31759,
0.31758,
0.31757,
0.31756,
0.31754,
0.31752,
0.31751,
0.31749,
0.31747,
0.31745,
0.31742,
0.3174,
0.31737,
0.31735,
0.31732,
0.31729,
0.31726,
0.31723,
0.3172,
0.31716,
0.31713,
0.31709,
0.31705,
0.31701,
0.31697,
0.31693,
0.31689,
0.31684,
0.31679,
0.31675,
0.3167,
0.31665,
0.31659,
0.31654,
0.31649,
0.31643,
0.31637,
0.31631,
0.31625,
0.31619,
0.31613,
0.31606,
0.316,
0.31593,
0.31586,
0.31579,
0.31571,
0.31564,
0.31556,
0.31549,
0.31541,
0.31533,
0.31525,
0.31516,
0.31508,
0.31499,
0.3149,
0.31481,
0.31472,
0.31463,
0.31453,
0.31444,
0.31434,
0.31424,
0.31414,
0.31404,
0.31393,
0.31383,
0.31372,
0.31361,
0.3135,
0.31338,
0.31327,
0.31315,
0.31303,
0.31292,
0.31279,
0.31267,
0.31255,
0.31242,
0.31229,
0.31216,
0.31203,
0.3119,
0.31176,
0.31162,
0.31148,
0.31134,
0.3112,
0.31106,
0.31091,
0.31076,
0.31061,
0.31046,
0.31031,
0.31015,
0.31,
0.30984,
0.30968,
0.30951,
0.30935,
0.30918,
0.30901,
0.30884,
0.30867,
0.3085,
0.30832,
0.30815,
0.30797,
0.30779,
0.3076,
0.30742,
0.30723,
0.30704,
0.30685,
0.30666,
0.30646,
0.30627,
0.30607,
0.30587,
0.30567,
0.30546,
0.30526,
0.30505,
0.30484,
0.30463,
0.30441,
0.3042,
0.30398,
0.30376,
0.30354,
0.30331,
0.30309,
0.30286,
0.30263,
0.3024,
0.30216,
0.30193,
0.30169,
0.30145,
0.30121,
0.30096,
0.30072,
0.30047,
0.30022,
0.29997,
0.29971,
0.29946,
0.2992,
0.29894,
0.29868,
0.29841,
0.29815,
0.29788,
0.29761,
0.29734,
0.29706,
0.29679,
0.29651,
0.29623,
0.29595,
0.29566,
0.29538,
0.29509,
0.2948,
0.2945,
0.29421,
0.29391,
0.29361,
0.29331,
0.29301,
0.2927,
0.2924,
0.29209,
0.29178,
0.29146,
0.29115,
0.29083,
0.29051,
0.29019,
0.28987,
0.28954,
0.28921,
0.28888,
0.28855,
0.28822,
0.28788,
0.28754,
0.2872,
0.28686,
0.28652,
0.28617,
0.28582,
0.28547,
0.28512,
0.28476,
0.28441,
0.28405,
0.28369,
0.28332,
0.28296,
0.28259,
0.28222,
0.28185,
0.28148,
0.2811,
0.28072,
0.28034,
0.27996,
0.27958,
0.27919,
0.2788,
0.27841,
0.27802,
0.27763,
0.27723,
0.27683,
0.27643,
0.27603,
0.27563,
0.27522,
0.27481,
0.2744,
0.27399,
0.27357,
0.27316,
0.27274,
0.27232,
0.27189,
0.27147,
0.27104,
0.27061,
0.27018,
0.26975,
0.26931,
0.26887,
0.26844,
0.26799,
0.26755,
0.26711,
0.26666,
0.26621,
0.26576,
0.2653,
0.26485,
0.26439,
0.26393,
0.26347,
0.26301,
0.26254,
0.26207,
0.26161,
0.26113,
0.26066,
0.26019,
0.25971,
0.25923,
0.25875,
0.25826,
0.25778,
0.25729,
0.2568,
0.25631,
0.25582,
0.25532,
0.25483,
0.25433,
0.25383,
0.25333,
0.25282,
0.25231,
0.25181,
0.2513,
0.25078,
0.25027,
0.24975,
0.24924,
0.24872,
0.24819,
0.24767,
0.24715,
0.24662,
0.24609,
0.24556,
0.24503,
0.24449,
0.24395,
0.24342,
0.24288,
0.24233,
0.24179,
0.24124,
0.2407,
0.24015,
0.2396,
0.23904,
0.23849,
0.23793,
0.23737,
0.23681,
0.23625,
0.23569,
0.23512,
0.23455,
0.23399,
0.23341,
0.23284,
0.23227,
0.23169,
0.23111,
0.23054,
0.22995,
0.22937,
0.22879,
0.2282,
0.22761,
0.22702,
0.22643,
0.22584,
0.22524,
0.22465,
0.22405,
0.22345,
0.22285,
0.22225,
0.22164,
0.22104,
0.22043,
0.21982,
0.21921,
0.2186,
0.21798,
0.21737,
0.21675,
0.21613,
0.21551,
0.21489,
0.21426,
0.21364,
0.21301,
0.21238,
0.21175,
0.21112,
0.21049,
0.20986,
0.20922,
0.20858,
0.20794,
0.2073,
0.20666,
0.20602,
0.20538,
0.20473,
0.20408,
0.20343,
0.20278,
0.20213,
0.20148,
0.20082,
0.20017,
0.19951,
0.19885,
0.19819,
0.19753,
0.19687,
0.19621,
0.19554,
0.19487,
0.19421,
0.19354,
0.19287,
0.19219,
0.19152,
0.19085,
0.19017,
0.18949,
0.18882,
0.18814,
0.18746,
0.18677,
0.18609,
0.18541,
0.18472,
0.18404,
0.18335,
0.18266,
0.18197,
0.18128,
0.18059,
0.17989,
0.1792,
0.1785,
0.1778,
0.17711,
0.17641,
0.17571,
0.17501,
0.1743,
0.1736,
0.1729,
0.17219,
0.17148,
0.17078,
0.17007,
0.16936,
0.16865,
0.16794,
0.16722,
0.16651,
0.16579,
0.16508,
0.16436,
0.16365,
0.16293,
0.16221,
0.16149,
0.16077,
0.16005,
0.15932,
0.1586,
0.15787,
0.15715,
0.15642,
0.1557,
0.15497,
0.15424,
0.15351,
0.15278,
0.15205,
0.15132,
0.15058,
0.14985,
0.14912,
0.14838,
0.14765,
0.14691,
0.14617,
0.14544,
0.1447,
0.14396,
0.14322,
0.14248,
0.14174,
0.141,
0.14026,
0.13951,
0.13877,
0.13803,
0.13728,
0.13654,
0.13579,
0.13504,
0.1343,
0.13355,
0.1328,
0.13205,
0.13131,
0.13056,
0.12981,
0.12906,
0.1283,
0.12755,
0.1268,
0.12605,
0.1253,
0.12454,
0.12379,
0.12304,
0.12228,
0.12153,
0.12077,
0.12002,
0.11926,
0.11851,
0.11775,
0.11699,
0.11624,
0.11548,
0.11472,
0.11397,
0.11321,
0.11245,
0.11169,
0.11093,
0.11017,
0.10941,
0.10866,
0.1079,
0.10714,
0.10638,
0.10562,
0.10486,
0.1041,
0.10334,
0.10258,
0.10182,
0.10105,
0.10029,
0.099533,
0.098772,
0.098011,
0.09725,
0.096489,
0.095728,
0.094967,
0.094206,
0.093445,
0.092684,
0.091923,
0.091162,
0.090401,
0.089641,
0.08888,
0.088119,
0.087359,
0.086598,
0.085838,
0.085078,
0.084317,
0.083558,
0.082798,
0.082038,
0.081279,
0.080519,
0.07976,
0.079001,
0.078243,
0.077484,
0.076726,
0.075968,
0.075211,
0.074453,
0.073696,
0.072939,
0.072183,
0.071426,
0.070671,
0.069915,
0.06916,
0.068405,
0.06765,
0.066896,
0.066142,
0.065389,
0.064636,
0.063884,
0.063131,
0.06238,
0.061628,
0.060878,
0.060127,
0.059377,
0.058628,
0.057879,
0.057131,
0.056383,
0.055636,
0.054889,
0.054143,
0.053397,
0.052652,
0.051907,
0.051163,
0.05042,
0.049677,
0.048935,
0.048194,
0.047453,
0.046712,
0.045973,
0.045234,
0.044496,
0.043758,
0.043021,
0.042285,
0.04155,
0.040815,
0.040081,
0.039348,
0.038615,
0.037884,
0.037153,
0.036422,
0.035693,
0.034965,
0.034237,
0.03351,
0.032784,
0.032059,
0.031334,
0.030611,
0.029888,
0.029166,
0.028445,
0.027725,
0.027006,
0.026288,
0.025571,
0.024855,
0.024139,
0.023425,
0.022711,
0.021999,
0.021288,
0.020577,
0.019868,
0.019159,
0.018452,
0.017745,
0.01704,
0.016336,
0.015632,
0.01493,
0.014229,
0.013529,
0.01283,
0.012132,
0.011436,
0.01074,
0.010046,
0.0093523,
0.0086601,
0.0079691,
0.0072792,
0.0065906,
0.0059031,
0.0052168,
0.0045317,
0.0038478,
0.0031652,
0.0024837,
0.0018035,
0.0011246,
0.00044686,
-0.00022958,
-0.00090476,
-0.0015786,
-0.0022513,
-0.0029226,
-0.0035926,
-0.0042613,
-0.0049286,
-0.0055947,
-0.0062594,
-0.0069227,
-0.0075848,
-0.0082454,
-0.0089047,
-0.0095626,
-0.010219,
-0.010874,
-0.011528,
-0.01218,
-0.012831,
-0.013481,
-0.014129,
-0.014775,
-0.01542,
-0.016064,
-0.016706,
-0.017347,
-0.017986,
-0.018624,
-0.01926,
-0.019895,
-0.020528,
-0.02116,
-0.02179,
-0.022419,
-0.023046,
-0.023672,
-0.024296,
-0.024918,
-0.025539,
-0.026158,
-0.026776,
-0.027392,
-0.028007,
-0.02862,
-0.029231,
-0.029841,
-0.030449,
-0.031055,
-0.03166,
-0.032263,
-0.032865,
-0.033465,
-0.034063,
-0.034659,
-0.035254,
-0.035847,
-0.036439,
-0.037029,
-0.037617,
-0.038203,
-0.038788,
-0.039371,
-0.039952,
-0.040531,
-0.041109,
-0.041685,
-0.042259,
-0.042831,
-0.043402,
-0.043971,
-0.044538,
-0.045103,
-0.045667,
-0.046228,
-0.046788,
-0.047346,
-0.047902,
-0.048457,
-0.049009,
-0.04956,
-0.050109,
-0.050656,
-0.051201,
-0.051745,
-0.052286,
-0.052826,
-0.053364,
-0.0539,
-0.054434,
-0.054966,
-0.055496,
-0.056024,
-0.056551,
-0.057075,
-0.057598,
-0.058119,
-0.058638,
-0.059154,
-0.059669,
-0.060182,
-0.060693,
-0.061202,
-0.06171,
-0.062215,
-0.062718,
-0.063219,
-0.063718,
-0.064216,
-0.064711,
-0.065205,
-0.065696,
-0.066185,
-0.066673,
-0.067158,
-0.067641,
-0.068123,
-0.068602,
-0.06908,
-0.069555,
-0.070028,
-0.0705,
-0.070969,
-0.071436,
-0.071901,
-0.072364,
-0.072825,
-0.073285,
-0.073742,
-0.074197,
-0.074649,
-0.0751,
-0.075549,
-0.075996,
-0.07644,
-0.076883,
-0.077324,
-0.077762,
-0.078198,
-0.078633,
-0.079065,
-0.079495,
-0.079923,
-0.080349,
-0.080772,
-0.081194,
-0.081614,
-0.082031,
-0.082447,
-0.08286,
-0.083271,
-0.08368,
-0.084087,
-0.084492,
-0.084894,
-0.085295,
-0.085693,
-0.08609,
-0.086484,
-0.086876,
-0.087266,
-0.087654,
-0.088039,
-0.088423,
-0.088804,
-0.089183,
-0.08956,
-0.089935,
-0.090308,
-0.090679,
-0.091047,
-0.091414,
-0.091778,
-0.09214,
-0.0925,
-0.092857,
-0.093213,
-0.093566,
-0.093918,
-0.094267,
-0.094614,
-0.094958,
-0.095301,
-0.095642,
-0.09598,
-0.096316,
-0.09665,
-0.096982,
-0.097311,
-0.097639,
-0.097964,
-0.098287,
-0.098608,
-0.098927,
-0.099244,
-0.099558,
-0.099871,
-0.10018,
-0.10049,
-0.10079,
-0.1011,
-0.1014,
-0.1017,
-0.102,
-0.10229,
-0.10258,
-0.10288,
-0.10316,
-0.10345,
-0.10373,
-0.10402,
-0.1043,
-0.10457,
-0.10485,
-0.10512,
-0.10539,
-0.10566,
-0.10593,
-0.1062,
-0.10646,
-0.10672,
-0.10698,
-0.10723,
-0.10749,
-0.10774,
-0.10799,
-0.10824,
-0.10848,
-0.10873,
-0.10897,
-0.10921,
-0.10944,
-0.10968,
-0.10991,
-0.11014,
-0.11037,
-0.1106,
-0.11082,
-0.11104,
-0.11126,
-0.11148,
-0.1117,
-0.11191,
-0.11212,
-0.11233,
-0.11254,
-0.11274,
-0.11295,
-0.11315,
-0.11335,
-0.11355,
-0.11374,
-0.11393,
-0.11412,
-0.11431,
-0.1145,
-0.11468,
-0.11487,
-0.11505,
-0.11522,
-0.1154,
-0.11557,
-0.11575,
-0.11592,
-0.11609,
-0.11625,
-0.11642,
-0.11658,
-0.11674,
-0.1169,
-0.11705,
-0.1172,
-0.11736,
-0.11751,
-0.11765,
-0.1178,
-0.11794,
-0.11809,
-0.11823,
-0.11836,
-0.1185,
-0.11863,
-0.11877,
-0.1189,
-0.11902,
-0.11915,
-0.11927,
-0.1194,
-0.11952,
-0.11963,
-0.11975,
-0.11987,
-0.11998,
-0.12009,
-0.1202,
-0.1203,
-0.12041,
-0.12051,
-0.12061,
-0.12071,
-0.12081,
-0.1209,
-0.121,
-0.12109,
-0.12118,
-0.12127,
-0.12135,
-0.12144,
-0.12152,
-0.1216,
-0.12168,
-0.12176,
-0.12183,
-0.1219,
-0.12197,
-0.12204,
-0.12211,
-0.12218,
-0.12224,
-0.1223,
-0.12237,
-0.12242,
-0.12248,
-0.12254,
-0.12259,
-0.12264,
-0.12269,
-0.12274,
-0.12279,
-0.12283,
-0.12287,
-0.12292,
-0.12296,
-0.12299,
-0.12303,
-0.12306,
-0.1231,
-0.12313,
-0.12316,
-0.12319,
-0.12321,
-0.12324,
-0.12326,
-0.12328,
-0.1233,
-0.12332,
-0.12334,
-0.12335,
-0.12336,
-0.12338,
-0.12339,
-0.1234,
-0.1234,
-0.12341,
-0.12341,
-0.12341,
-0.12341,
-0.12341,
-0.12341,
-0.12341,
-0.1234,
-0.1234,
-0.12339,
-0.12338,
-0.12337,
-0.12335,
-0.12334,
-0.12332,
-0.12331,
-0.12329,
-0.12327,
-0.12325,
-0.12322,
-0.1232,
-0.12317,
-0.12315,
-0.12312,
-0.12309,
-0.12306,
-0.12302,
-0.12299,
-0.12295,
-0.12292,
-0.12288,
-0.12284,
-0.1228,
-0.12276,
-0.12271,
-0.12267,
-0.12262,
-0.12257,
-0.12252,
-0.12247,
-0.12242,
-0.12237,
-0.12232,
-0.12226,
-0.12221,
-0.12215,
-0.12209,
-0.12203,
-0.12197,
-0.12191,
-0.12184,
-0.12178,
-0.12171,
-0.12165,
-0.12158,
-0.12151,
-0.12144,
-0.12137,
-0.12129,
-0.12122,
-0.12114,
-0.12107,
-0.12099,
-0.12091,
-0.12083,
-0.12075,
-0.12067,
-0.12059,
-0.12051,
-0.12042,
-0.12034,
-0.12025,
-0.12016,
-0.12007,
-0.11998,
-0.11989,
-0.1198,
-0.11971,
-0.11962,
-0.11952,
-0.11943,
-0.11933,
-0.11923,
-0.11913,
-0.11903,
-0.11893,
-0.11883,
-0.11873,
-0.11863,
-0.11853,
-0.11842,
-0.11832,
-0.11821,
-0.1181,
-0.118,
-0.11789,
-0.11778,
-0.11767,
-0.11756,
-0.11744,
-0.11733,
-0.11722,
-0.1171,
-0.11699,
-0.11687,
-0.11676,
-0.11664,
-0.11652,
-0.1164,
-0.11628,
-0.11617,
-0.11604,
-0.11592,
-0.1158,
-0.11568,
-0.11556,
-0.11543,
-0.11531,
-0.11518,
-0.11506,
-0.11493,
-0.1148,
-0.11468,
-0.11455,
-0.11442,
-0.11429,
-0.11416,
-0.11403,
-0.1139,
-0.11377,
-0.11363,
-0.1135,
-0.11337,
-0.11323,
-0.1131,
-0.11297,
-0.11283,
-0.1127,
-0.11256,
-0.11242,
-0.11229,
-0.11215,
-0.11201,
-0.11187,
-0.11173,
-0.1116,
-0.11146,
-0.11132,
-0.11118,
-0.11104,
-0.11089,
-0.11075,
-0.11061,
-0.11047,
-0.11033,
-0.11019,
-0.11004,
-0.1099,
-0.10976,
-0.10961,
-0.10947,
-0.10932,
-0.10918,
-0.10903,
-0.10889,
-0.10874,
-0.1086,
-0.10845,
-0.10831,
-0.10816,
-0.10801,
-0.10787,
-0.10772,
-0.10757,
-0.10742,
-0.10728,
-0.10713,
-0.10698,
-0.10683,
-0.10669,
-0.10654,
-0.10639,
-0.10624,
-0.10609,
-0.10594,
-0.1058,
-0.10565,
-0.1055,
-0.10535,
-0.1052,
-0.10505,
-0.1049,
-0.10475,
-0.1046,
-0.10446,
-0.10431,
-0.10416,
-0.10401,
-0.10386,
-0.10371,
-0.10356,
-0.10341,
-0.10326,
-0.10311,
-0.10296,
-0.10282,
-0.10267,
-0.10252,
-0.10237,
-0.10222,
-0.10207,
-0.10192,
-0.10178,
-0.10163,
-0.10148,
-0.10133,
-0.10119,
-0.10104,
-0.10089,
-0.10074,
-0.1006,
-0.10045,
-0.1003,
-0.10016,
-0.10001,
-0.099864,
-0.099718,
-0.099572,
-0.099427,
-0.099281,
-0.099137,
-0.098992,
-0.098847,
-0.098703,
-0.098559,
-0.098416,
-0.098272,
-0.098129,
-0.097986,
-0.097844,
-0.097702,
-0.09756,
-0.097418,
-0.097277,
-0.097136,
-0.096996,
-0.096855,
-0.096716,
-0.096576,
-0.096437,
-0.096298,
-0.09616,
-0.096022,
-0.095884,
-0.095747,
-0.09561,
-0.095474,
-0.095338,
-0.095202,
-0.095067,
-0.094932,
-0.094798,
-0.094664,
-0.094531,
-0.094398,
-0.094266,
-0.094134,
-0.094002,
-0.093871,
-0.093741,
-0.093611,
-0.093481,
-0.093352,
-0.093224,
-0.093096,
-0.092968,
-0.092841,
-0.092715,
-0.092589,
-0.092464,
-0.092339,
-0.092215,
-0.092091,
-0.091968,
-0.091845,
-0.091723,
-0.091602,
-0.091481,
-0.091361,
-0.091242,
-0.091123,
-0.091004,
-0.090887,
-0.090769,
-0.090653,
-0.090537,
-0.090422,
-0.090307,
-0.090193,
-0.09008,
-0.089967,
-0.089855,
-0.089744,
-0.089634,
-0.089524,
-0.089414,
-0.089306,
-0.089198,
-0.089091,
-0.088984,
-0.088878,
-0.088773,
-0.088669,
-0.088565,
-0.088463,
-0.08836,
-0.088259,
-0.088158,
-0.088058,
-0.087959,
-0.087861,
-0.087763,
-0.087666,
-0.08757,
-0.087474,
-0.08738,
-0.087286,
-0.087193,
-0.087101,
-0.087009,
-0.086918,
-0.086829,
-0.086739,
-0.086651,
-0.086564,
-0.086477,
-0.086391,
-0.086306,
-0.086222,
-0.086139,
-0.086056,
-0.085974,
-0.085894,
-0.085814,
-0.085735,
-0.085656,
-0.085579,
-0.085502,
-0.085427,
-0.085352,
-0.085278,
-0.085205,
-0.085132,
-0.085061,
-0.084991,
-0.084921,
-0.084853,
-0.084785,
-0.084718,
-0.084652,
-0.084587,
-0.084523,
-0.08446,
-0.084397,
-0.084336,
-0.084275,
-0.084216,
-0.084157,
-0.0841,
-0.084043,
-0.083987,
-0.083932,
-0.083878,
-0.083825,
-0.083773,
-0.083722,
-0.083672,
-0.083623,
-0.083574,
-0.083527,
-0.083481,
-0.083436,
-0.083391,
-0.083348,
-0.083305,
-0.083264,
-0.083223,
-0.083184,
-0.083145,
-0.083108,
-0.083071,
-0.083036,
-0.083001,
-0.082968,
-0.082935,
-0.082904,
-0.082873,
-0.082844,
-0.082815,
-0.082787,
-0.082761,
-0.082735,
-0.082711,
-0.082687,
-0.082665,
-0.082643,
-0.082623,
-0.082603,
-0.082585,
-0.082568,
-0.082551,
-0.082536,
-0.082522,
-0.082508,
-0.082496,
-0.082485,
-0.082475,
-0.082466,
-0.082458,
-0.082451,
-0.082445,
-0.08244,
-0.082436,
-0.082433,
-0.082431,
-0.08243,
-0.08243,
-0.082432,
-0.082434,
-0.082437,
-0.082442,
-0.082447,
-0.082454,
-0.082461,
-0.08247,
-0.08248,
-0.082491,
-0.082502,
-0.082515,
-0.082529,
-0.082544,
-0.08256,
-0.082577,
-0.082596,
-0.082615,
-0.082635,
-0.082657,
-0.082679,
-0.082702,
-0.082727,
-0.082753,
-0.082779,
-0.082807,
-0.082836,
-0.082866,
-0.082897,
-0.082929,
-0.082962,
-0.082996,
-0.083031,
-0.083067,
-0.083105,
-0.083143,
-0.083182,
-0.083223,
-0.083265,
-0.083307,
-0.083351,
-0.083396,
-0.083441,
-0.083488,
-0.083536,
-0.083585,
-0.083635,
-0.083686,
-0.083739,
-0.083792,
-0.083846,
-0.083902,
-0.083958,
-0.084015,
-0.084074,
-0.084134,
-0.084194,
-0.084256,
-0.084319,
-0.084382,
-0.084447,
-0.084513,
-0.08458,
-0.084648,
-0.084717,
-0.084787,
-0.084858,
-0.084931,
-0.085004,
-0.085078,
-0.085153,
-0.08523,
-0.085307,
-0.085386,
-0.085465,
-0.085545,
-0.085627,
-0.08571,
-0.085793,
-0.085878,
-0.085963,
-0.08605,
-0.086138,
-0.086226,
-0.086316,
-0.086407,
-0.086499,
-0.086591,
-0.086685,
-0.08678,
-0.086876,
-0.086973,
-0.08707,
-0.087169,
-0.087269,
-0.08737,
-0.087472,
-0.087575,
-0.087678,
-0.087783,
-0.087889,
-0.087996,
-0.088103,
-0.088212,
-0.088322,
-0.088433,
-0.088544,
-0.088657,
-0.088771,
-0.088885,
-0.089001,
-0.089117,
-0.089235,
-0.089353,
-0.089473,
-0.089593,
-0.089714,
-0.089837,
-0.08996,
-0.090084,
-0.090209,
-0.090335,
-0.090462,
-0.09059,
-0.090719,
-0.090849,
-0.090979,
-0.091111,
-0.091243,
-0.091377,
-0.091511,
-0.091646,
-0.091783,
-0.09192,
-0.092058,
-0.092196,
-0.092336,
-0.092477,
-0.092618,
-0.092761,
-0.092904,
-0.093048,
-0.093193,
-0.093339,
-0.093486,
-0.093634,
-0.093782,
-0.093932,
-0.094082,
-0.094233,
-0.094385,
-0.094538,
-0.094691,
-0.094846,
-0.095001,
-0.095157,
-0.095314,
-0.095472,
-0.09563,
-0.09579,
-0.09595,
-0.096111,
-0.096273,
-0.096435,
-0.096598,
-0.096763,
-0.096928,
-0.097093,
-0.09726,
-0.097427,
-0.097595,
-0.097764,
-0.097934,
-0.098104,
-0.098275,
-0.098447,
-0.09862,
-0.098793,
-0.098967,
-0.099142,
-0.099317,
-0.099494,
-0.099671,
-0.099848,
-0.10003,
-0.10021,
-0.10039,
-0.10057,
-0.10075,
-0.10093,
-0.10111,
-0.1013,
-0.10148,
-0.10166,
-0.10185,
-0.10204,
-0.10222,
-0.10241,
-0.1026,
-0.10279,
-0.10297,
-0.10316,
-0.10336,
-0.10355,
-0.10374,
-0.10393,
-0.10412,
-0.10432,
-0.10451,
-0.10471,
-0.1049,
-0.1051,
-0.10529,
-0.10549,
-0.10569,
-0.10589,
-0.10608,
-0.10628,
-0.10648,
-0.10668,
-0.10689,
-0.10709,
-0.10729,
-0.10749,
-0.10769,
-0.1079,
-0.1081,
-0.10831,
-0.10851,
-0.10872,
-0.10892,
-0.10913,
-0.10934,
-0.10954,
-0.10975,
-0.10996,
-0.11017,
-0.11038,
-0.11059,
-0.1108,
-0.11101,
-0.11122,
-0.11143,
-0.11164,
-0.11186,
-0.11207,
-0.11228,
-0.1125,
-0.11271,
-0.11292,
-0.11314,
-0.11335,
-0.11357,
-0.11378,
-0.114,
-0.11422,
-0.11443,
-0.11465,
-0.11487,
-0.11509,
-0.1153,
-0.11552,
-0.11574,
-0.11596,
-0.11618,
-0.1164,
-0.11662,
-0.11684,
-0.11706,
-0.11728,
-0.1175,
-0.11772,
-0.11794,
-0.11816,
-0.11839,
-0.11861,
-0.11883,
-0.11905,
-0.11928,
-0.1195,
-0.11972,
-0.11995,
-0.12017,
-0.12039,
-0.12062,
-0.12084,
-0.12107,
-0.12129,
-0.12151,
-0.12174,
-0.12196,
-0.12219,
-0.12241,
-0.12264,
-0.12286,
-0.12309,
-0.12332,
-0.12354,
-0.12377,
-0.12399,
-0.12422,
-0.12444,
-0.12467,
-0.1249,
-0.12512,
-0.12535,
-0.12557,
-0.1258,
-0.12603,
-0.12625,
-0.12648,
-0.12671,
-0.12693,
-0.12716,
-0.12738,
-0.12761,
-0.12784,
-0.12806,
-0.12829,
-0.12851,
-0.12874,
-0.12897,
-0.12919,
-0.12942,
-0.12964,
-0.12987,
-0.13009,
-0.13032,
-0.13054,
-0.13077,
-0.13099,
-0.13122,
-0.13144,
-0.13167,
-0.13189,
-0.13212,
-0.13234,
-0.13257,
-0.13279,
-0.13301,
-0.13324,
-0.13346,
-0.13368,
-0.13391,
-0.13413,
-0.13435,
-0.13457,
-0.13479,
-0.13502,
-0.13524,
-0.13546,
-0.13568,
-0.1359,
-0.13612,
-0.13634,
-0.13656,
-0.13678,
-0.137,
-0.13722,
-0.13744,
-0.13765,
-0.13787,
-0.13809,
-0.13831,
-0.13852,
-0.13874,
-0.13896,
-0.13917,
-0.13939,
-0.1396,
-0.13982,
-0.14003,
-0.14025,
-0.14046,
-0.14067,
-0.14088,
-0.1411,
-0.14131,
-0.14152,
-0.14173,
-0.14194,
-0.14215,
-0.14236,
-0.14257,
-0.14278,
-0.14298,
-0.14319,
-0.1434,
-0.14361,
-0.14381,
-0.14402,
-0.14422,
-0.14443,
-0.14463,
-0.14483,
-0.14504,
-0.14524,
-0.14544,
-0.14564,
-0.14584,
-0.14604,
-0.14624,
-0.14644,
-0.14664,
-0.14683,
-0.14703,
-0.14722,
-0.14742,
-0.14762,
-0.14781,
-0.148,
-0.1482,
-0.14839,
-0.14858,
-0.14877,
-0.14896,
-0.14915,
-0.14934,
-0.14953,
-0.14971,
-0.1499,
-0.15008,
-0.15027,
-0.15045,
-0.15064,
-0.15082,
-0.151,
-0.15118,
-0.15136,
-0.15154,
-0.15172,
-0.1519,
-0.15208,
-0.15225,
-0.15243,
-0.1526,
-0.15278,
-0.15295,
-0.15312,
-0.15329,
-0.15346,
-0.15363,
-0.1538,
-0.15397,
-0.15414,
-0.1543,
-0.15447,
-0.15463,
-0.1548,
-0.15496,
-0.15512,
-0.15528,
-0.15544,
-0.1556,
-0.15576,
-0.15592,
-0.15607,
-0.15623,
-0.15638,
-0.15653,
-0.15669,
-0.15684,
-0.15699,
-0.15714,
-0.15728,
-0.15743,
-0.15758,
-0.15772,
-0.15787,
-0.15801,
-0.15815,
-0.15829,
-0.15843,
-0.15857,
-0.15871,
-0.15884,
-0.15898,
-0.15911,
-0.15925,
-0.15938,
-0.15951,
-0.15964,
-0.15977,
-0.1599,
-0.16002,
-0.16015,
-0.16027,
-0.1604,
-0.16052,
-0.16064,
-0.16076,
-0.16088,
-0.161,
-0.16111,
-0.16123,
-0.16134,
-0.16145,
-0.16156,
-0.16168,
-0.16178,
-0.16189,
-0.162,
-0.1621,
-0.16221,
-0.16231,
-0.16241,
-0.16251,
-0.16261,
-0.16271,
-0.16281,
-0.1629,
-0.163,
-0.16309,
-0.16318,
-0.16327,
-0.16336,
-0.16345,
-0.16353,
-0.16362,
-0.1637,
-0.16378,
-0.16386,
-0.16394,
-0.16402,
-0.1641,
-0.16418,
-0.16425,
-0.16432,
-0.16439,
-0.16446,
-0.16453,
-0.1646,
-0.16467,
-0.16473,
-0.16479,
-0.16486,
-0.16492,
-0.16498,
-0.16503,
-0.16509,
-0.16514,
-0.1652,
-0.16525,
-0.1653,
-0.16535,
-0.1654,
-0.16544,
-0.16549,
-0.16553,
-0.16557,
-0.16561,
-0.16565,
-0.16569,
-0.16572,
-0.16576,
-0.16579,
-0.16582,
-0.16585,
-0.16588,
-0.16591,
-0.16593,
-0.16596,
-0.16598,
-0.166,
-0.16602,
-0.16604,
-0.16606,
-0.16607,
-0.16608,
-0.16609,
-0.1661,
-0.16611,
-0.16612,
-0.16613,
-0.16613,
-0.16613,
-0.16613,
-0.16613,
-0.16613,
-0.16613,
-0.16612,
-0.16611,
-0.1661,
-0.16609,
-0.16608,
-0.16607,
-0.16605,
-0.16604,
-0.16602,
-0.166,
-0.16598,
-0.16595,
-0.16593,
-0.1659,
-0.16588,
-0.16585,
-0.16581,
-0.16578,
-0.16575,
-0.16571,
-0.16567,
-0.16563,
-0.16559,
-0.16555,
-0.16551,
-0.16546,
-0.16541,
-0.16536,
-0.16531,
-0.16526,
-0.1652,
-0.16515,
-0.16509,
-0.16503,
-0.16497,
-0.16491,
-0.16484,
-0.16478,
-0.16471,
-0.16464,
-0.16457,
-0.1645,
-0.16442,
-0.16434,
-0.16427,
-0.16419,
-0.16411,
-0.16402,
-0.16394,
-0.16385,
-0.16376,
-0.16367,
-0.16358,
-0.16349,
-0.16339,
-0.1633,
-0.1632,
-0.1631,
-0.163,
-0.16289,
-0.16279,
-0.16268,
-0.16257,
-0.16246,
-0.16235,
-0.16224,
-0.16212,
-0.162,
-0.16188,
-0.16176,
-0.16164,
-0.16152,
-0.16139,
-0.16126,
-0.16113,
-0.161,
-0.16087,
-0.16073,
-0.1606,
-0.16046,
-0.16032,
-0.16018,
-0.16003,
-0.15989,
-0.15974,
-0.15959,
-0.15944,
-0.15929,
-0.15914,
-0.15898,
-0.15883,
-0.15867,
-0.15851,
-0.15834,
-0.15818,
-0.15801,
-0.15785,
-0.15768,
-0.1575,
-0.15733,
-0.15716,
-0.15698,
-0.1568,
-0.15662,
-0.15644,
-0.15626,
-0.15607,
-0.15589,
-0.1557,
-0.15551,
-0.15532,
-0.15512,
-0.15493,
-0.15473,
-0.15453,
-0.15433,
-0.15413,
-0.15393,
-0.15372,
-0.15351,
-0.1533,
-0.15309,
-0.15288,
-0.15267,
-0.15245,
-0.15223,
-0.15201,
-0.15179,
-0.15157,
-0.15135,
-0.15112,
-0.15089,
-0.15066,
-0.15043,
-0.1502,
-0.14996,
-0.14973,
-0.14949,
-0.14925,
-0.14901,
-0.14877,
-0.14852,
-0.14828,
-0.14803,
-0.14778,
-0.14753,
-0.14727,
-0.14702,
-0.14676,
-0.1465,
-0.14624,
-0.14598,
-0.14572,
-0.14546,
-0.14519,
-0.14492,
-0.14465,
-0.14438,
-0.14411,
-0.14383,
-0.14356,
-0.14328,
-0.143,
-0.14272,
-0.14244,
-0.14215,
-0.14187,
-0.14158,
-0.14129,
-0.141,
-0.14071,
-0.14041,
-0.14012,
-0.13982,
-0.13952,
-0.13922,
-0.13892,
-0.13862,
-0.13831,
-0.13801,
-0.1377,
-0.13739,
-0.13708,
-0.13677,
-0.13645,
-0.13614,
-0.13582,
-0.1355,
-0.13518,
-0.13486,
-0.13454,
-0.13421,
-0.13388,
-0.13356,
-0.13323,
-0.1329,
-0.13256,
-0.13223,
-0.13189,
-0.13156,
-0.13122,
-0.13088,
-0.13054,
-0.1302,
-0.12985,
-0.12951,
-0.12916,
-0.12881,
-0.12846,
-0.12811,
-0.12776,
-0.1274,
-0.12705,
-0.12669,
-0.12633,
-0.12597,
-0.12561,
-0.12525,
-0.12488,
-0.12452,
-0.12415,
-0.12378,
-0.12341,
-0.12304,
-0.12267,
-0.12229,
-0.12192,
-0.12154,
-0.12117,
-0.12079,
-0.12041,
-0.12002,
-0.11964,
-0.11926,
-0.11887,
-0.11848,
-0.1181,
-0.11771,
-0.11731,
-0.11692,
-0.11653,
-0.11613,
-0.11574,
-0.11534,
-0.11494,
-0.11454,
-0.11414,
-0.11374,
-0.11334,
-0.11293,
-0.11253,
-0.11212,
-0.11171,
-0.1113,
-0.11089,
-0.11048,
-0.11007,
-0.10965,
-0.10924,
-0.10882,
-0.1084,
-0.10798,
-0.10756,
-0.10714,
-0.10672,
-0.1063,
-0.10587,
-0.10545,
-0.10502,
-0.10459,
-0.10416,
-0.10373,
-0.1033,
-0.10287,
-0.10244,
-0.102,
-0.10157,
-0.10113,
-0.10069,
-0.10026,
-0.099816,
-0.099375,
-0.098934,
-0.098492,
-0.098048,
-0.097604,
-0.097159,
-0.096712,
-0.096265,
-0.095817,
-0.095368,
-0.094917,
-0.094466,
-0.094014,
-0.093562,
-0.093108,
-0.092653,
-0.092197,
-0.091741,
-0.091283,
-0.090825,
-0.090366,
-0.089906,
-0.089445,
-0.088983,
-0.088521,
-0.088058,
-0.087593,
-0.087128,
-0.086662,
-0.086196,
-0.085728,
-0.08526,
-0.084791,
-0.084321,
-0.083851,
-0.083379,
-0.082907,
-0.082435,
-0.081961,
-0.081487,
-0.081012,
-0.080536,
-0.08006,
-0.079583,
-0.079105,
-0.078626,
-0.078147,
-0.077667,
-0.077187,
-0.076706,
-0.076224,
-0.075742,
-0.075259,
-0.074775,
-0.074291,
-0.073806,
-0.07332,
-0.072834,
-0.072348,
-0.071861,
-0.071373,
-0.070885,
-0.070396,
-0.069906,
-0.069416,
-0.068926,
-0.068435,
-0.067944,
-0.067452,
-0.066959,
-0.066466,
-0.065973,
-0.065479,
-0.064985,
-0.06449,
-0.063995,
-0.063499,
-0.063003,
-0.062506,
-0.06201,
-0.061512,
-0.061015,
-0.060516,
-0.060018,
-0.059519,
-0.05902,
-0.05852,
-0.058021,
-0.05752,
-0.05702,
-0.056519,
-0.056018,
-0.055516,
-0.055015,
-0.054513,
-0.05401,
-0.053508,
-0.053005,
-0.052502,
-0.051998,
-0.051495,
-0.050991,
-0.050487,
-0.049983,
-0.049478,
-0.048974,
-0.048469,
-0.047964,
-0.047459,
-0.046953,
-0.046448,
-0.045942,
-0.045436,
-0.044931,
-0.044425,
-0.043918,
-0.043412,
-0.042906,
-0.042399,
-0.041893,
-0.041386,
-0.04088,
-0.040373,
-0.039867,
-0.03936,
-0.038853,
-0.038346,
-0.037839,
-0.037333,
-0.036826,
-0.036319,
-0.035812,
-0.035306,
-0.034799,
-0.034292,
-0.033786,
-0.033279,
-0.032773,
-0.032267,
-0.03176,
-0.031254,
-0.030748,
-0.030242,
-0.029736,
-0.029231,
-0.028725,
-0.02822,
-0.027715,
-0.027209,
-0.026705,
-0.0262,
-0.025695,
-0.025191,
-0.024687,
-0.024183,
-0.023679,
-0.023176,
-0.022673,
-0.02217,
-0.021667,
-0.021164,
-0.020662,
-0.02016,
-0.019659,
-0.019157,
-0.018656,
-0.018156,
-0.017655,
-0.017155,
-0.016656,
-0.016156,
-0.015657,
-0.015158,
-0.01466,
-0.014162,
-0.013665,
-0.013168,
-0.012671,
-0.012175,
-0.011679,
-0.011183,
-0.010688,
-0.010193,
-0.0096993,
-0.0092056,
-0.0087123,
-0.0082196,
-0.0077273,
-0.0072354,
-0.0067441,
-0.0062533,
-0.005763,
-0.0052732,
-0.004784,
-0.0042953,
-0.0038071,
-0.0033195,
-0.0028324,
-0.0023459,
-0.00186,
-0.0013746,
-0.00088985,
-0.00040568,
7.7884e-05,
0.00056084,
0.0010432,
0.0015249,
0.002006,
0.0024864,
0.0029662,
0.0034453,
0.0039238,
0.0044016,
0.0048787,
0.0053551,
0.0058309,
0.0063059,
0.0067803,
0.0072539,
0.0077268,
0.0081989,
0.0086704,
0.0091411,
0.009611,
0.01008,
0.010549,
0.011016,
0.011483,
0.011949,
0.012414,
0.012879,
0.013343,
0.013805,
0.014268,
0.014729,
0.015189,
0.015649,
0.016107,
0.016565,
0.017022,
0.017478,
0.017933,
0.018388,
0.018841,
0.019294,
0.019745,
0.020196,
0.020646,
0.021095,
0.021543,
0.02199,
0.022436,
0.022881,
0.023325,
0.023769,
0.024211,
0.024652,
0.025092,
0.025532,
0.02597,
0.026407,
0.026844,
0.027279,
0.027713,
0.028147,
0.028579,
0.02901,
0.02944,
0.029869,
0.030297,
0.030724,
0.03115,
0.031575,
0.031999,
0.032422,
0.032843,
0.033264,
0.033683,
0.034101,
0.034519,
0.034935,
0.03535,
0.035763,
0.036176,
0.036588,
0.036998,
0.037407,
0.037816,
0.038222,
0.038628,
0.039033,
0.039436,
0.039839,
0.04024,
0.040639,
0.041038,
0.041436,
0.041832,
0.042227,
0.042621,
0.043013,
0.043405,
0.043795,
0.044184,
0.044571,
0.044958,
0.045343,
0.045727,
0.04611,
0.046491,
0.046871,
0.04725,
0.047628,
0.048004,
0.048379,
0.048753,
0.049125,
0.049496,
0.049866,
0.050234,
0.050602,
0.050968,
0.051332,
0.051695,
0.052057,
0.052418,
0.052777,
0.053135,
0.053492,
0.053847,
0.054201,
0.054553,
0.054904,
0.055254,
0.055602,
0.055949,
0.056295,
0.056639,
0.056982,
0.057324,
0.057664,
0.058003,
0.05834,
0.058676,
0.059011,
0.059344,
0.059676,
0.060006,
0.060335,
0.060662,
0.060988,
0.061313,
0.061636,
0.061958,
0.062279,
0.062598,
0.062915,
0.063231,
0.063546,
0.063859,
0.064171,
0.064481,
0.06479,
0.065098,
0.065404,
0.065708,
0.066011,
0.066313,
0.066613,
0.066912,
0.067209,
0.067505,
0.067799,
0.068092,
0.068383,
0.068673,
0.068961,
0.069248,
0.069534,
0.069817,
0.0701,
0.070381,
0.07066,
0.070938,
0.071215,
0.07149,
0.071763,
0.072035,
0.072306,
0.072575,
0.072843,
0.073109,
0.073373,
0.073636,
0.073898,
0.074158,
0.074416,
0.074674,
0.074929,
0.075183,
0.075436,
0.075687,
0.075936,
0.076184,
0.076431,
0.076676,
0.076919,
0.077161,
0.077402,
0.077641,
0.077878,
0.078114,
0.078349,
0.078582,
0.078813,
0.079043,
0.079271,
0.079498,
0.079724,
0.079948,
0.08017,
0.080391,
0.080611,
0.080828,
0.081045,
0.08126,
0.081473,
0.081685,
0.081895,
0.082104,
0.082312,
0.082518,
0.082722,
0.082925,
0.083126,
0.083326,
0.083525,
0.083722,
0.083917,
0.084111,
0.084304,
0.084494,
0.084684,
0.084872,
0.085059,
0.085244,
0.085427,
0.085609,
0.08579,
0.085969,
0.086147,
0.086323,
0.086498,
0.086671,
0.086843,
0.087013,
0.087182,
0.08735,
0.087516,
0.08768,
0.087843,
0.088005,
0.088165,
0.088324,
0.088481,
0.088637,
0.088792,
0.088945,
0.089097,
0.089247,
0.089396,
0.089543,
0.089689,
0.089833,
0.089977,
0.090118,
0.090259,
0.090398,
0.090535,
0.090671,
0.090806,
0.090939,
0.091071,
0.091202,
0.091331,
0.091459,
0.091585,
0.091711,
0.091834,
0.091957,
0.092078,
0.092198,
0.092316,
0.092433,
0.092549,
0.092663,
0.092776,
0.092888,
0.092998,
0.093107,
0.093215,
0.093322,
0.093427,
0.093531,
0.093633,
0.093734,
0.093834,
0.093933,
0.094031,
0.094127,
0.094222,
0.094315,
0.094408,
0.094499,
0.094589,
0.094678,
0.094765,
0.094851,
0.094936,
0.09502,
0.095103,
0.095184,
0.095264,
0.095343,
0.095421,
0.095498,
0.095573,
0.095648,
0.095721,
0.095793,
0.095863,
0.095933,
0.096002,
0.096069,
0.096135,
0.0962,
0.096264,
0.096327,
0.096389,
0.09645,
0.096509,
0.096568,
0.096625,
0.096682,
0.096737,
0.096791,
0.096844,
0.096896,
0.096947,
0.096997,
0.097046,
0.097094,
0.097141,
0.097187,
0.097232,
0.097276,
0.097319,
0.097361,
0.097402,
0.097443,
0.097482,
0.09752,
0.097557,
0.097593,
0.097629,
0.097663,
0.097697,
0.09773,
0.097761,
0.097792,
0.097822,
0.097851,
0.097879,
0.097907,
0.097933,
0.097959,
0.097984,
0.098008,
0.098031,
0.098054,
0.098075,
0.098096,
0.098116,
0.098135,
0.098154,
0.098171,
0.098188,
0.098204,
0.09822,
0.098235,
0.098249,
0.098262,
0.098275,
0.098286,
0.098298,
0.098308,
0.098318,
0.098327,
0.098336,
0.098344,
0.098351,
0.098358,
0.098364,
0.098369,
0.098374,
0.098378,
0.098382,
0.098385,
0.098387,
0.098389,
0.098391,
0.098392,
0.098392,
0.098392,
0.098391,
0.09839,
0.098388,
0.098386,
0.098384,
0.098381,
0.098377,
0.098373,
0.098369,
0.098364,
0.098359,
0.098353,
0.098347,
0.098341,
0.098334,
0.098327,
0.098319,
0.098311,
0.098303,
0.098295,
0.098286,
0.098277,
0.098267,
0.098257,
0.098247,
0.098237,
0.098227,
0.098216,
0.098205,
0.098193,
0.098182,
0.09817,
0.098158,
0.098146,
0.098134,
0.098122,
0.098109,
0.098096,
0.098084,
0.098071,
0.098058,
0.098044,
0.098031,
0.098018,
0.098004,
0.097991,
0.097977,
0.097964,
0.09795,
0.097936,
0.097923,
0.097909,
0.097895,
0.097882,
0.097868,
0.097854,
0.097841,
0.097827,
0.097814,
0.097801,
0.097787,
0.097774,
0.097761,
0.097748,
0.097736,
0.097723,
0.097711,
0.097698,
0.097686,
0.097674,
0.097663,
0.097651,
0.09764,
0.097629,
0.097618,
0.097607,
0.097597,
0.097587,
0.097577,
0.097568,
0.097559,
0.09755,
0.097541,
0.097533,
0.097525,
0.097518,
0.097511,
0.097504,
0.097498,
0.097492,
0.097486,
0.097481,
0.097477,
0.097472,
0.097469,
0.097465,
0.097462,
0.09746,
0.097458,
0.097457,
0.097456,
0.097456,
0.097456,
0.097457,
0.097458,
0.09746,
0.097463,
0.097466,
0.09747,
0.097474,
0.097479,
0.097485,
0.097491,
0.097498,
0.097505,
0.097514,
0.097523,
0.097532,
0.097543,
0.097554,
0.097566,
0.097578,
0.097591,
0.097606,
0.09762,
0.097636,
0.097652,
0.09767,
0.097688,
0.097706,
0.097726,
0.097747,
0.097768,
0.09779,
0.097813,
0.097837,
0.097862,
0.097888,
0.097915,
0.097942,
0.097971,
0.098,
0.098031,
0.098062,
0.098095,
0.098128,
0.098163,
0.098198,
0.098234,
0.098272,
0.09831,
0.09835,
0.09839,
0.098432,
0.098475,
0.098518,
0.098563,
0.098609,
0.098656,
0.098705,
0.098754,
0.098804,
0.098856,
0.098909,
0.098963,
0.099018,
0.099074,
0.099132,
0.09919,
0.09925,
0.099311,
0.099374,
0.099437,
0.099502,
0.099568,
0.099636,
0.099704,
0.099774,
0.099845,
0.099918,
0.099992,
0.10007,
0.10014,
0.10022,
0.1003,
0.10038,
0.10046,
0.10055,
0.10063,
0.10072,
0.1008,
0.10089,
0.10098,
0.10108,
0.10117,
0.10126,
0.10136,
0.10146,
0.10156,
0.10166,
0.10176,
0.10186,
0.10197,
0.10207,
0.10218,
0.10229,
0.1024,
0.10251,
0.10263,
0.10274,
0.10286,
0.10298,
0.1031,
0.10322,
0.10334,
0.10347,
0.10359,
0.10372,
0.10385,
0.10398,
0.10412,
0.10425,
0.10439,
0.10453,
0.10466,
0.10481,
0.10495,
0.10509,
0.10524,
0.10539,
0.10554,
0.10569,
0.10584,
0.106,
0.10615,
0.10631,
0.10647,
0.10663,
0.1068,
0.10696,
0.10713,
0.1073,
0.10747,
0.10764,
0.10781,
0.10799,
0.10817,
0.10835,
0.10853,
0.10871,
0.10889,
0.10908,
0.10927,
0.10946,
0.10965,
0.10985,
0.11004,
0.11024,
0.11044,
0.11064,
0.11084,
0.11105,
0.11126,
0.11146,
0.11168,
0.11189,
0.1121,
0.11232,
0.11254,
0.11276,
0.11298,
0.1132,
0.11343,
0.11366,
0.11389,
0.11412,
0.11435,
0.11459,
0.11483,
0.11506,
0.11531,
0.11555,
0.11579,
0.11604,
0.11629,
0.11654,
0.1168,
0.11705,
0.11731,
0.11757,
0.11783,
0.11809,
0.11836,
0.11862,
0.11889,
0.11916,
0.11944,
0.11971,
0.11999,
0.12027,
0.12055,
0.12083,
0.12112,
0.12141,
0.12169,
0.12199,
0.12228,
0.12257,
0.12287,
0.12317,
0.12347,
0.12378,
0.12408,
0.12439,
0.1247,
0.12501,
0.12532,
0.12564,
0.12596,
0.12628,
0.1266,
0.12692,
0.12725,
0.12758,
0.12791,
0.12824,
0.12857,
0.12891,
0.12925,
0.12959,
0.12993,
0.13028,
0.13062,
0.13097,
0.13132,
0.13168,
0.13203,
0.13239,
0.13275,
0.13311,
0.13347,
0.13384,
0.1342,
0.13457,
0.13494,
0.13532,
0.13569,
0.13607,
0.13645,
0.13683,
0.13722,
0.1376,
0.13799,
0.13838,
0.13877,
0.13917,
0.13956,
0.13996,
0.14036,
0.14077,
0.14117,
0.14158,
0.14199,
0.1424,
0.14281,
0.14322,
0.14364,
0.14406,
0.14448,
0.14491,
0.14533,
0.14576,
0.14619,
0.14662,
0.14705,
0.14749,
0.14793,
0.14836,
0.14881,
0.14925,
0.1497,
0.15014,
0.15059,
0.15104,
0.1515,
0.15195,
0.15241,
0.15287,
0.15333,
0.1538,
0.15426,
0.15473,
0.1552,
0.15567,
0.15615,
0.15662,
0.1571,
0.15758,
0.15806,
0.15855,
0.15903,
0.15952,
0.16001,
0.1605,
0.161,
0.16149,
0.16199,
0.16249,
0.16299,
0.1635,
0.164,
0.16451,
0.16502,
0.16553,
0.16604,
0.16656,
0.16707,
0.16759,
0.16811,
0.16864,
0.16916,
0.16969,
0.17022,
0.17075,
0.17128,
0.17182,
0.17235,
0.17289,
0.17343,
0.17397,
0.17451,
0.17506,
0.17561,
0.17616,
0.17671,
0.17726,
0.17782,
0.17837,
0.17893,
0.17949,
0.18005,
0.18062,
0.18118,
0.18175,
0.18232,
0.18289,
0.18346,
0.18404,
0.18461,
0.18519,
0.18577,
0.18635,
0.18694,
0.18752,
0.18811,
0.1887,
0.18929,
0.18988,
0.19048,
0.19107,
0.19167,
0.19227,
0.19287,
0.19347,
0.19407,
0.19468,
0.19529,
0.1959,
0.19651,
0.19712,
0.19773,
0.19835,
0.19896,
0.19958,
0.2002,
0.20083,
0.20145,
0.20207,
0.2027,
0.20333,
0.20396,
0.20459,
0.20522,
0.20586,
0.20649,
0.20713,
0.20777,
0.20841,
0.20905,
0.2097,
0.21034,
0.21099,
0.21164,
0.21229,
0.21294,
0.21359,
0.21424,
0.2149,
0.21556,
0.21622,
0.21687,
0.21754,
0.2182,
0.21886,
0.21953,
0.22019,
0.22086,
0.22153,
0.2222,
0.22287,
0.22355,
0.22422,
0.2249,
0.22558,
0.22626,
0.22694,
0.22762,
0.2283,
0.22898,
0.22967,
0.23035,
0.23104,
0.23173,
0.23242,
0.23311,
0.2338,
0.2345,
0.23519,
0.23589,
0.23659,
0.23729,
0.23798,
0.23869,
0.23939,
0.24009,
0.24079,
0.2415,
0.24221,
0.24291,
0.24362,
0.24433,
0.24504,
0.24575,
0.24647,
0.24718,
0.2479,
0.24861,
0.24933,
0.25005,
0.25076,
0.25148,
0.25221,
0.25293,
0.25365,
0.25437,
0.2551,
0.25582,
0.25655,
0.25728,
0.25801,
0.25873,
0.25946,
0.2602,
0.26093,
0.26166,
0.26239,
0.26313,
0.26386,
0.2646,
0.26534,
0.26607,
0.26681,
0.26755,
0.26829,
0.26903,
0.26977,
0.27051,
0.27126,
0.272,
0.27274,
0.27349,
0.27423,
0.27498,
0.27573,
0.27647,
0.27722,
0.27797,
0.27872,
0.27947,
0.28022,
0.28097,
0.28172,
0.28247,
0.28323,
0.28398,
0.28473,
0.28549,
0.28624,
0.287,
0.28775,
0.28851,
0.28927,
0.29003,
0.29078,
0.29154,
0.2923,
0.29306,
0.29382,
0.29458,
0.29534,
0.2961,
0.29686,
0.29762,
0.29838,
0.29914,
0.29991,
0.30067,
0.30143,
0.30219,
0.30296,
0.30372,
0.30449,
0.30525,
0.30601,
0.30678,
0.30754,
0.30831,
0.30907,
0.30984,
0.3106,
0.31137,
0.31214,
0.3129,
0.31367,
0.31443,
0.3152,
0.31597,
0.31673,
0.3175,
0.31827,
0.31903,
0.3198,
0.32057,
0.32133,
0.3221,
0.32287,
0.32363,
0.3244,
0.32517,
0.32593,
0.3267,
0.32747,
0.32823,
0.329,
0.32977,
0.33053,
0.3313,
0.33206,
0.33283,
0.3336,
0.33436,
0.33513,
0.33589,
0.33666,
0.33742,
0.33818,
0.33895,
0.33971,
0.34048,
0.34124,
0.342,
0.34277,
0.34353,
0.34429,
0.34505,
0.34581,
0.34657,
0.34734,
0.3481,
0.34886,
0.34962,
0.35037,
0.35113,
0.35189,
0.35265,
0.35341,
0.35417,
0.35492,
0.35568,
0.35643,
0.35719,
0.35794,
0.3587,
0.35945,
0.3602,
0.36096,
0.36171,
0.36246,
0.36321,
0.36396,
0.36471,
0.36546,
0.36621,
0.36696,
0.3677,
0.36845,
0.3692,
0.36994,
0.37069,
0.37143,
0.37217,
0.37292,
0.37366,
0.3744,
0.37514,
0.37588,
0.37662,
0.37735,
0.37809,
0.37883,
0.37956,
0.3803,
0.38103,
0.38176,
0.3825,
0.38323,
0.38396,
0.38469,
0.38542,
0.38614,
0.38687,
0.3876,
0.38832,
0.38904,
0.38977,
0.39049,
0.39121,
0.39193,
0.39265,
0.39337,
0.39408,
0.3948,
0.39552,
0.39623,
0.39694,
0.39765,
0.39837,
0.39907,
0.39978,
0.40049,
0.4012,
0.4019,
0.40261,
0.40331,
0.40401,
0.40471,
0.40541,
0.40611,
0.40681,
0.4075,
0.4082,
0.40889,
0.40958,
0.41027,
0.41096,
0.41165,
0.41234,
0.41303,
0.41371,
0.41439,
0.41508,
0.41576,
0.41644,
0.41711,
0.41779,
0.41847,
0.41914,
0.41981,
0.42048,
0.42115,
0.42182,
0.42249,
0.42315,
0.42382,
0.42448,
0.42514,
0.4258,
0.42646,
0.42712,
0.42777,
0.42843,
0.42908,
0.42973,
0.43038,
0.43103,
0.43168,
0.43232,
0.43297,
0.43361,
0.43425,
0.43489,
0.43552,
0.43616,
0.43679,
0.43743,
0.43806,
0.43869,
0.43931,
0.43994,
0.44056,
0.44119,
0.44181,
0.44243,
0.44304,
0.44366,
0.44428,
0.44489,
0.4455,
0.44611,
0.44672,
0.44732,
0.44793,
0.44853,
0.44913,
0.44973,
0.45032,
0.45092,
0.45151,
0.45211,
0.4527,
0.45328,
0.45387,
0.45445,
0.45504,
0.45562,
0.4562,
0.45677,
0.45735,
0.45792,
0.4585,
0.45907,
0.45963,
0.4602,
0.46076,
0.46133,
0.46189,
0.46245,
0.463,
0.46356,
0.46411,
0.46466,
0.46521,
0.46576,
0.4663,
0.46684,
0.46739,
0.46792,
0.46846,
0.469,
0.46953,
0.47006,
0.47059,
0.47112,
0.47164,
0.47217,
0.47269,
0.47321,
0.47372,
0.47424,
0.47475,
0.47526,
0.47577,
0.47628,
0.47678,
0.47729,
0.47779,
0.47829,
0.47878,
0.47928,
0.47977,
0.48026,
0.48075,
0.48123,
0.48172,
0.4822,
0.48268,
0.48316,
0.48363,
0.48411,
0.48458,
0.48505,
0.48551,
0.48598,
0.48644,
0.4869,
0.48736,
0.48782,
0.48827,
0.48872,
0.48917,
0.48962,
0.49006,
0.49051,
0.49095,
0.49139,
0.49182,
0.49226,
0.49269,
0.49312,
0.49355,
0.49397,
0.49439,
0.49482,
0.49523,
0.49565,
0.49607,
0.49648,
0.49689,
0.49729,
0.4977,
0.4981,
0.4985,
0.4989,
0.4993,
0.49969,
0.50008,
0.50047,
0.50086,
0.50125,
0.50163,
0.50201,
0.50239,
0.50276,
0.50314,
0.50351,
0.50388,
0.50424,
0.50461,
0.50497,
0.50533,
0.50569,
0.50604,
0.50639,
0.50675,
0.50709,
0.50744,
0.50778,
0.50812,
0.50846,
0.5088,
0.50913,
0.50947,
0.5098,
0.51012,
0.51045,
0.51077,
0.51109,
0.51141,
0.51173,
0.51204,
0.51235,
0.51266,
0.51297,
0.51327,
0.51357,
0.51387,
0.51417,
0.51447,
0.51476,
0.51505,
0.51534,
0.51562,
0.51591,
0.51619,
0.51646,
0.51674,
0.51702,
0.51729,
0.51756,
0.51782,
0.51809,
0.51835,
0.51861,
0.51887,
0.51912,
0.51938,
0.51963,
0.51988,
0.52012,
0.52037,
0.52061,
0.52085,
0.52108,
0.52132,
0.52155,
0.52178,
0.52201,
0.52223,
0.52246,
0.52268,
0.5229,
0.52311,
0.52333,
0.52354,
0.52375,
0.52395,
0.52416,
0.52436,
0.52456,
0.52476,
0.52495,
0.52515,
0.52534,
0.52552,
0.52571,
0.52589,
0.52608,
0.52626,
0.52643,
0.52661,
0.52678,
0.52695,
0.52712,
0.52728,
0.52745,
0.52761,
0.52777,
0.52792,
0.52808,
0.52823,
0.52838,
0.52853,
0.52867,
0.52882,
0.52896,
0.5291,
0.52923,
0.52937,
0.5295,
0.52963,
0.52976,
0.52988,
0.53001,
0.53013,
0.53025,
0.53036,
0.53048,
0.53059,
0.5307,
0.53081,
0.53091,
0.53102,
0.53112,
0.53122,
0.53132,
0.53141,
0.5315,
0.53159,
0.53168,
0.53177,
0.53185,
0.53194,
0.53202,
0.53209,
0.53217,
0.53224,
0.53231,
0.53238,
0.53245,
0.53252,
0.53258,
0.53264,
0.5327,
0.53276,
0.53281,
0.53286,
0.53291,
0.53296,
0.53301,
0.53305,
0.5331,
0.53314,
0.53318,
0.53321,
0.53325,
0.53328,
0.53331,
0.53334,
0.53336,
0.53339,
0.53341,
0.53343,
0.53345,
0.53347,
0.53348,
0.53349,
0.5335,
0.53351,
0.53352,
0.53352,
0.53353,
0.53353,
0.53353,
0.53352,
0.53352,
0.53351,
0.5335,
0.53349,
0.53348,
0.53347,
0.53345,
0.53343,
0.53341,
0.53339,
0.53337,
0.53334,
0.53332,
0.53329,
0.53326,
0.53322,
0.53319,
0.53315,
0.53312,
0.53308,
0.53303,
0.53299,
0.53295,
0.5329,
0.53285,
0.5328,
0.53275,
0.53269,
0.53264,
0.53258,
0.53252,
0.53246,
0.5324,
0.53234,
0.53227,
0.5322,
0.53213,
0.53206,
0.53199,
0.53192,
0.53184,
0.53176,
0.53169,
0.53161,
0.53152,
0.53144,
0.53135,
0.53127,
0.53118,
0.53109,
0.531,
0.5309,
0.53081,
0.53071,
0.53062,
0.53052,
0.53042,
0.53031,
0.53021,
0.5301,
0.53,
0.52989,
0.52978,
0.52967,
0.52956,
0.52944,
0.52933,
0.52921,
0.52909,
0.52897,
0.52885,
0.52873,
0.5286,
0.52848,
0.52835,
0.52822,
0.52809,
0.52796,
0.52783,
0.5277,
0.52756,
0.52743,
0.52729,
0.52715,
0.52701,
0.52687,
0.52673,
0.52658,
0.52644,
0.52629,
0.52614,
0.52599,
0.52584,
0.52569,
0.52554,
0.52539,
0.52523,
0.52507,
0.52492,
0.52476,
0.5246,
0.52444,
0.52428,
0.52411,
0.52395,
0.52378,
0.52362,
0.52345,
0.52328,
0.52311,
0.52294,
0.52277,
0.52259,
0.52242,
0.52224,
0.52207,
0.52189,
0.52171,
0.52153,
0.52135,
0.52117,
0.52099,
0.52081,
0.52062,
0.52044,
0.52025,
0.52006,
0.51987,
0.51968,
0.51949,
0.5193,
0.51911,
0.51892,
0.51873,
0.51853,
0.51834,
0.51814,
0.51794,
0.51774,
0.51755,
0.51735,
0.51715,
0.51694,
0.51674,
0.51654,
0.51634,
0.51613,
0.51593,
0.51572,
0.51551,
0.51531,
0.5151,
0.51489,
0.51468,
0.51447,
0.51426,
0.51404,
0.51383,
0.51362,
0.51341,
0.51319,
0.51298,
0.51276,
0.51254,
0.51233,
0.51211,
0.51189,
0.51167,
0.51145,
0.51123,
0.51101,
0.51079,
0.51057,
0.51034,
0.51012,
0.5099,
0.50967,
0.50945,
0.50922,
0.509,
0.50877,
0.50855,
0.50832,
0.50809,
0.50786,
0.50763,
0.50741,
0.50718,
0.50695,
0.50672,
0.50649,
0.50625,
0.50602,
0.50579,
0.50556,
0.50533,
0.50509,
0.50486,
0.50463,
0.50439,
0.50416,
0.50392,
0.50369,
0.50345,
0.50322,
0.50298,
0.50275,
0.50251,
0.50227,
0.50203,
0.5018,
0.50156,
0.50132,
0.50108,
0.50085,
0.50061,
0.50037,
0.50013,
0.49989,
0.49965,
0.49941,
0.49917,
0.49893,
0.49869,
0.49845,
0.49821,
0.49797,
0.49773,
0.49749,
0.49725,
0.49701,
0.49677,
0.49653,
0.49629,
0.49605,
0.49581,
0.49557,
0.49532,
0.49508,
0.49484,
0.4946,
0.49436,
0.49412,
0.49388,
0.49364,
0.4934,
0.49315,
0.49291,
0.49267,
0.49243,
0.49219,
0.49195,
0.49171,
0.49147,
0.49123,
0.49099,
0.49075,
0.49051,
0.49027,
0.49003,
0.48979,
0.48955,
0.48931,
0.48907,
0.48883,
0.48859,
0.48835,
0.48811,
0.48787,
0.48763,
0.48739,
0.48716,
0.48692,
0.48668,
0.48644,
0.48621,
0.48597,
0.48573,
0.4855,
0.48526,
0.48502,
0.48479,
0.48455,
0.48432,
0.48408,
0.48385,
0.48361,
0.48338,
0.48315,
0.48291,
0.48268,
0.48245,
0.48222,
0.48199,
0.48175,
0.48152,
0.48129,
0.48106,
0.48083,
0.4806,
0.48037,
0.48015,
0.47992,
0.47969,
0.47946,
0.47924,
0.47901,
0.47878,
0.47856,
0.47833,
0.47811,
0.47788,
0.47766,
0.47744,
0.47721,
0.47699,
0.47677,
0.47655,
0.47633,
0.47611,
0.47589,
0.47567,
0.47545,
0.47523,
0.47502,
0.4748,
0.47458,
0.47437,
0.47415,
0.47394,
0.47372,
0.47351,
0.4733,
0.47308,
0.47287,
0.47266,
0.47245,
0.47224,
0.47203,
0.47182,
0.47162,
0.47141,
0.4712,
0.471,
0.47079,
0.47059,
0.47038,
0.47018,
0.46998,
0.46978,
0.46958,
0.46937,
0.46917,
0.46898,
0.46878,
0.46858,
0.46838,
0.46819,
0.46799,
0.4678,
0.4676,
0.46741,
0.46722,
0.46703,
0.46684,
0.46665,
0.46646,
0.46627,
0.46608,
0.46589,
0.46571,
0.46552,
0.46534,
0.46515,
0.46497,
0.46479,
0.46461,
0.46443,
0.46425,
0.46407,
0.46389,
0.46371,
0.46354,
0.46336,
0.46319,
0.46301,
0.46284,
0.46267,
0.4625,
0.46233,
0.46216,
0.46199,
0.46182,
0.46165,
0.46149,
0.46132,
0.46116,
0.461,
0.46083,
0.46067,
0.46051,
0.46035,
0.46019,
0.46004,
0.45988,
0.45972,
0.45957,
0.45942,
0.45926,
0.45911,
0.45896,
0.45881,
0.45866,
0.45851,
0.45837,
0.45822,
0.45807,
0.45793,
0.45779,
0.45764,
0.4575,
0.45736,
0.45722,
0.45708,
0.45695,
0.45681,
0.45668,
0.45654,
0.45641,
0.45628,
0.45614,
0.45601,
0.45588,
0.45576,
0.45563,
0.4555,
0.45538,
0.45525,
0.45513,
0.45501,
0.45489,
0.45477,
0.45465,
0.45453,
0.45441,
0.4543,
0.45418,
0.45407,
0.45396,
0.45384,
0.45373,
0.45362,
0.45352,
0.45341,
0.4533,
0.4532,
0.45309,
0.45299,
0.45289,
0.45279,
0.45269,
0.45259,
0.45249,
0.45239,
0.4523,
0.4522,
0.45211,
0.45202,
0.45193,
0.45184,
0.45175,
0.45166,
0.45157,
0.45149,
0.4514,
0.45132,
0.45124,
0.45115,
0.45107,
0.451,
0.45092,
0.45084,
0.45076,
0.45069,
0.45062,
0.45054,
0.45047,
0.4504,
0.45033,
0.45027,
0.4502,
0.45013,
0.45007,
0.45,
0.44994,
0.44988,
0.44982,
0.44976,
0.4497,
0.44965,
0.44959,
0.44954,
0.44948,
0.44943,
0.44938,
0.44933,
0.44928,
0.44923,
0.44919,
0.44914,
0.4491,
0.44905,
0.44901,
0.44897,
0.44893,
0.44889,
0.44885,
0.44882,
0.44878,
0.44875,
0.44871,
0.44868,
0.44865,
0.44862,
0.44859,
0.44856,
0.44854,
0.44851,
0.44849,
0.44846,
0.44844,
0.44842,
0.4484,
0.44838,
0.44836,
0.44835,
0.44833,
0.44832,
0.4483,
0.44829,
0.44828,
0.44827,
0.44826,
0.44826,
0.44825,
0.44824,
0.44824,
0.44824,
0.44823,
0.44823,
0.44823,
0.44823,
0.44824,
0.44824,
0.44824,
0.44825,
0.44826,
0.44826,
0.44827,
0.44828,
0.44829,
0.44831,
0.44832,
0.44833,
0.44835,
0.44837,
0.44838,
0.4484,
0.44842,
0.44844,
0.44846,
0.44849,
0.44851,
0.44853,
0.44856,
0.44859,
0.44862,
0.44864,
0.44868,
0.44871,
0.44874,
0.44877,
0.44881,
0.44884,
0.44888,
0.44892,
0.44895,
0.44899,
0.44903,
0.44908,
0.44912,
0.44916,
0.44921,
0.44925,
0.4493,
0.44935,
0.4494,
0.44945,
0.4495,
0.44955,
0.4496,
0.44965,
0.44971,
0.44976,
0.44982,
0.44988,
0.44994,
0.45,
0.45006,
0.45012,
0.45018,
0.45024,
0.45031,
0.45037,
0.45044,
0.45051,
0.45058,
0.45064,
0.45071,
0.45079,
0.45086,
0.45093,
0.451,
0.45108,
0.45115,
0.45123,
0.45131,
0.45139,
0.45147,
0.45155,
0.45163,
0.45171,
0.45179,
0.45188,
0.45196,
0.45205,
0.45213,
0.45222,
0.45231,
0.4524,
0.45249,
0.45258,
0.45267,
0.45276,
0.45285,
0.45295,
0.45304,
0.45314,
0.45323,
0.45333,
0.45343,
0.45353,
0.45363,
0.45373,
0.45383,
0.45393,
0.45404,
0.45414,
0.45424,
0.45435,
0.45445,
0.45456,
0.45467,
0.45478,
0.45489,
0.455,
0.45511,
0.45522,
0.45533,
0.45544,
0.45556,
0.45567,
0.45579,
0.4559,
0.45602,
0.45613,
0.45625,
0.45637,
0.45649,
0.45661,
0.45673,
0.45685,
0.45697,
0.45709,
0.45722,
0.45734,
0.45747,
0.45759,
0.45772,
0.45784,
0.45797,
0.4581,
0.45822,
0.45835,
0.45848,
0.45861,
0.45874,
0.45887,
0.45901,
0.45914,
0.45927,
0.4594,
0.45954,
0.45967,
0.45981,
0.45994,
0.46008,
0.46022,
0.46035,
0.46049,
0.46063,
0.46077,
0.46091,
0.46105,
0.46119,
0.46133,
0.46147,
0.46161,
0.46175,
0.46189,
0.46204,
0.46218,
0.46232,
0.46247,
0.46261,
0.46276,
0.4629,
0.46305,
0.4632,
0.46334,
0.46349,
0.46364,
0.46378,
0.46393,
0.46408,
0.46423,
0.46438,
0.46453,
0.46468,
0.46483,
0.46498,
0.46513,
0.46528,
0.46543,
0.46559,
0.46574,
0.46589,
0.46604,
0.4662,
0.46635,
0.4665,
0.46666,
0.46681,
0.46697,
0.46712,
0.46727,
0.46743,
0.46758,
0.46774,
0.4679,
0.46805,
0.46821,
0.46836,
0.46852,
0.46868,
0.46883,
0.46899,
0.46915,
0.46931,
0.46946,
0.46962,
0.46978,
0.46994,
0.47009,
0.47025,
0.47041,
0.47057,
0.47073,
0.47088,
0.47104,
0.4712,
0.47136,
0.47152,
0.47168,
0.47183,
0.47199,
0.47215,
0.47231,
0.47247,
0.47263,
0.47279,
0.47294,
0.4731,
0.47326,
0.47342,
0.47358,
0.47374,
0.47389,
0.47405,
0.47421,
0.47437,
0.47453,
0.47469,
0.47484,
0.475,
0.47516,
0.47532,
0.47547,
0.47563,
0.47579,
0.47594,
0.4761,
0.47626,
0.47641,
0.47657,
0.47673,
0.47688,
0.47704,
0.47719,
0.47735,
0.4775,
0.47766,
0.47781,
0.47797,
0.47812,
0.47827,
0.47843,
0.47858,
0.47873,
0.47889,
0.47904,
0.47919,
0.47934,
0.47949,
0.47964,
0.47979,
0.47995,
0.4801,
0.48024,
0.48039,
0.48054,
0.48069,
0.48084,
0.48099,
0.48113,
0.48128,
0.48143,
0.48157,
0.48172,
0.48186,
0.48201,
0.48215,
0.4823,
0.48244,
0.48258,
0.48273,
0.48287,
0.48301,
0.48315,
0.48329,
0.48343,
0.48357,
0.48371,
0.48385,
0.48398,
0.48412,
0.48426,
0.48439,
0.48453,
0.48466,
0.4848,
0.48493,
0.48506,
0.4852,
0.48533,
0.48546,
0.48559,
0.48572,
0.48585,
0.48598,
0.4861,
0.48623,
0.48636,
0.48648,
0.48661,
0.48673,
0.48686,
0.48698,
0.4871,
0.48722,
0.48734,
0.48746,
0.48758,
0.4877,
0.48782,
0.48794,
0.48805,
0.48817,
0.48828,
0.48839,
0.48851,
0.48862,
0.48873,
0.48884,
0.48895,
0.48906,
0.48917,
0.48927,
0.48938,
0.48948,
0.48959,
0.48969,
0.48979,
0.48989,
0.49,
0.49009,
0.49019,
0.49029,
0.49039,
0.49048,
0.49058,
0.49067,
0.49077,
0.49086,
0.49095,
0.49104,
0.49113,
0.49122,
0.4913,
0.49139,
0.49147,
0.49156,
0.49164,
0.49172,
0.4918,
0.49188,
0.49196,
0.49204,
0.49211,
0.49219,
0.49226,
0.49234,
0.49241,
0.49248,
0.49255,
0.49262,
0.49268,
0.49275,
0.49281,
0.49288,
0.49294,
0.493,
0.49306,
0.49312,
0.49318,
0.49324,
0.49329,
0.49335,
0.4934,
0.49345,
0.4935,
0.49355,
0.4936,
0.49365,
0.49369,
0.49374,
0.49378,
0.49382,
0.49386,
0.4939,
0.49394,
0.49398,
0.49401,
0.49405,
0.49408,
0.49411,
0.49414,
0.49417,
0.4942,
0.49422,
0.49425,
0.49427,
0.49429,
0.49431,
0.49433,
0.49435,
0.49437,
0.49438,
0.4944,
0.49441,
0.49442,
0.49443,
0.49444,
0.49444,
0.49445,
0.49445,
0.49445,
0.49445,
0.49445,
0.49445,
0.49445,
0.49444,
0.49444,
0.49443,
0.49442,
0.49441,
0.49439,
0.49438,
0.49436,
0.49435,
0.49433,
0.49431,
0.49429,
0.49426,
0.49424,
0.49421,
0.49418,
0.49415,
0.49412,
0.49409,
0.49406,
0.49402,
0.49398,
0.49395,
0.4939,
0.49386,
0.49382,
0.49377,
0.49373,
0.49368,
0.49363,
0.49358,
0.49352,
0.49347,
0.49341,
0.49335,
0.49329,
0.49323,
0.49317,
0.4931,
0.49304,
0.49297,
0.4929,
0.49283,
0.49276,
0.49268,
0.4926,
0.49253,
0.49245,
0.49236,
0.49228,
0.4922,
0.49211,
0.49202,
0.49193,
0.49184,
0.49175,
0.49165,
0.49155,
0.49145,
0.49135,
0.49125,
0.49115,
0.49104,
0.49094,
0.49083,
0.49072,
0.4906,
0.49049,
0.49037,
0.49026,
0.49014,
0.49001,
0.48989,
0.48977,
0.48964,
0.48951,
0.48938,
0.48925,
0.48912,
0.48898,
0.48884,
0.4887,
0.48856,
0.48842,
0.48828,
0.48813,
0.48798,
0.48783,
0.48768,
0.48753,
0.48737,
0.48721,
0.48705,
0.48689,
0.48673,
0.48657,
0.4864,
0.48623,
0.48606,
0.48589,
0.48572,
0.48554,
0.48537,
0.48519,
0.48501,
0.48482,
0.48464,
0.48445,
0.48427,
0.48408,
0.48388,
0.48369,
0.4835,
0.4833,
0.4831,
0.4829,
0.4827,
0.48249,
0.48229,
0.48208,
0.48187,
0.48166,
0.48144,
0.48123,
0.48101,
0.48079,
0.48057,
0.48035,
0.48012,
0.4799,
0.47967,
0.47944,
0.4792,
0.47897,
0.47874,
0.4785,
0.47826,
0.47802,
0.47777,
0.47753,
0.47728,
0.47703,
0.47678,
0.47653,
0.47628,
0.47602,
0.47576,
0.4755,
0.47524,
0.47498,
0.47472,
0.47445,
0.47418,
0.47391,
0.47364,
0.47336,
0.47309,
0.47281,
0.47253,
0.47225,
0.47196,
0.47168,
0.47139,
0.4711,
0.47081,
0.47052,
0.47023,
0.46993,
0.46963,
0.46933,
0.46903,
0.46873,
0.46843,
0.46812,
0.46781,
0.4675,
0.46719,
0.46687,
0.46656,
0.46624,
0.46592,
0.4656,
0.46528,
0.46495,
0.46463,
0.4643,
0.46397,
0.46364,
0.46331,
0.46297,
0.46263,
0.4623,
0.46195,
0.46161,
0.46127,
0.46092,
0.46058,
0.46023,
0.45988,
0.45952,
0.45917,
0.45881,
0.45846,
0.4581,
0.45774,
0.45737,
0.45701,
0.45664,
0.45628,
0.45591,
0.45554,
0.45516,
0.45479,
0.45441,
0.45403,
0.45365,
0.45327,
0.45289,
0.45251,
0.45212,
0.45173,
0.45134,
0.45095,
0.45056,
0.45016,
0.44977,
0.44937,
0.44897,
0.44857,
0.44817,
0.44776,
0.44736,
0.44695,
0.44654,
0.44613,
0.44572,
0.44531,
0.44489,
0.44448,
0.44406,
0.44364,
0.44322,
0.44279,
0.44237,
0.44194,
0.44152,
0.44109,
0.44066,
0.44022,
0.43979,
0.43935,
0.43892,
0.43848,
0.43804,
0.4376,
0.43716,
0.43671,
0.43627,
0.43582,
0.43537,
0.43492,
0.43447,
0.43402,
0.43356,
0.43311,
0.43265,
0.43219,
0.43173,
0.43127,
0.43081,
0.43035,
0.42988,
0.42941,
0.42894,
0.42848,
0.428,
0.42753,
0.42706,
0.42658,
0.42611,
0.42563,
0.42515,
0.42467,
0.42419,
0.42371,
0.42322,
0.42274,
0.42225,
0.42176,
0.42127,
0.42078,
0.42029,
0.4198,
0.4193,
0.41881,
0.41831,
0.41781,
0.41731,
0.41681,
0.41631,
0.41581,
0.4153,
0.4148,
0.41429,
0.41378,
0.41327,
0.41276,
0.41225,
0.41174,
0.41123,
0.41071,
0.4102,
0.40968,
0.40916,
0.40864,
0.40812,
0.4076,
0.40708,
0.40656,
0.40603,
0.40551,
0.40498,
0.40445,
0.40393,
0.4034,
0.40287,
0.40233,
0.4018,
0.40127,
0.40073,
0.4002,
0.39966,
0.39912,
0.39859,
0.39805,
0.39751,
0.39697,
0.39642,
0.39588,
0.39534,
0.39479,
0.39425,
0.3937,
0.39315,
0.3926,
0.39205,
0.3915,
0.39095,
0.3904,
0.38985,
0.3893,
0.38874,
0.38819,
0.38763,
0.38707,
0.38652,
0.38596,
0.3854,
0.38484,
0.38428,
0.38372,
0.38316,
0.38259,
0.38203,
0.38147,
0.3809,
0.38034,
0.37977,
0.37921,
0.37864,
0.37807,
0.3775,
0.37693,
0.37636,
0.37579,
0.37522,
0.37465,
0.37408,
0.3735,
0.37293,
0.37236,
0.37178,
0.37121,
0.37063,
0.37006,
0.36948,
0.3689,
0.36832,
0.36775,
0.36717,
0.36659,
0.36601,
0.36543,
0.36485,
0.36427,
0.36369,
0.3631,
0.36252,
0.36194,
0.36136,
0.36077,
0.36019,
0.3596,
0.35902,
0.35843,
0.35785,
0.35726,
0.35668,
0.35609,
0.35551,
0.35492,
0.35433,
0.35374,
0.35316,
0.35257,
0.35198,
0.35139,
0.3508,
0.35021,
0.34963,
0.34904,
0.34845,
0.34786,
0.34727,
0.34668,
0.34609,
0.3455,
0.34491,
0.34432,
0.34372,
0.34313,
0.34254,
0.34195,
0.34136,
0.34077,
0.34018,
0.33959,
0.339,
0.3384,
0.33781,
0.33722,
0.33663,
0.33604,
0.33545,
0.33485,
0.33426,
0.33367,
0.33308,
0.33249,
0.3319,
0.33131,
0.33071,
0.33012,
0.32953,
0.32894,
0.32835,
0.32776,
0.32717,
0.32658,
0.32599,
0.3254,
0.32481,
0.32422,
0.32363,
0.32304,
0.32245,
0.32186,
0.32127,
0.32068,
0.32009,
0.31951,
0.31892,
0.31833,
0.31774,
0.31716,
0.31657,
0.31598,
0.3154,
0.31481,
0.31422,
0.31364,
0.31305,
0.31247,
0.31188,
0.3113,
0.31072,
0.31013,
0.30955,
0.30897,
0.30839,
0.30781,
0.30722,
0.30664,
0.30606,
0.30548,
0.3049,
0.30433,
0.30375,
0.30317,
0.30259,
0.30202,
0.30144,
0.30086,
0.30029,
0.29971,
0.29914,
0.29857,
0.29799,
0.29742,
0.29685,
0.29628,
0.29571,
0.29514,
0.29457,
0.294,
0.29343,
0.29286,
0.29229,
0.29173,
0.29116,
0.2906,
0.29003,
0.28947,
0.28891,
0.28834,
0.28778,
0.28722,
0.28666,
0.2861,
0.28554,
0.28499,
0.28443,
0.28387,
0.28332,
0.28276,
0.28221,
0.28166,
0.2811,
0.28055,
0.28,
0.27945,
0.2789,
0.27835,
0.27781,
0.27726,
0.27671,
0.27617,
0.27563,
0.27508,
0.27454,
0.274,
0.27346,
0.27292,
0.27238,
0.27185,
0.27131,
0.27077,
0.27024,
0.26971,
0.26917,
0.26864,
0.26811,
0.26758,
0.26705,
0.26652,
0.266,
0.26547,
0.26495,
0.26442,
0.2639,
0.26338,
0.26286,
0.26234,
0.26182,
0.26131,
0.26079,
0.26028,
0.25976,
0.25925,
0.25874,
0.25823,
0.25772,
0.25721,
0.2567,
0.2562,
0.25569,
0.25519,
0.25469,
0.25418,
0.25368,
0.25319,
0.25269,
0.25219,
0.2517,
0.2512,
0.25071,
0.25022,
0.24973,
0.24924,
0.24875,
0.24826,
0.24778,
0.24729,
0.24681,
0.24633,
0.24585,
0.24537,
0.24489,
0.24442,
0.24394,
0.24347,
0.243,
0.24252,
0.24205,
0.24159,
0.24112,
0.24065,
0.24019,
0.23973,
0.23926,
0.2388,
0.23834,
0.23789,
0.23743,
0.23698,
0.23652,
0.23607,
0.23562,
0.23517,
0.23472,
0.23427,
0.23383,
0.23339,
0.23294,
0.2325,
0.23206,
0.23163,
0.23119,
0.23075,
0.23032,
0.22989,
0.22946,
0.22903,
0.2286,
0.22817,
0.22775,
0.22733,
0.2269,
0.22648,
0.22607,
0.22565,
0.22523,
0.22482,
0.2244,
0.22399,
0.22358,
0.22318,
0.22277,
0.22236,
0.22196,
0.22156,
0.22116,
0.22076,
0.22036,
0.21996,
0.21957,
0.21918,
0.21879,
0.2184,
0.21801,
0.21762,
0.21724,
0.21685,
0.21647,
0.21609,
0.21571,
0.21534,
0.21496,
0.21459,
0.21421,
0.21384,
0.21347,
0.21311,
0.21274,
0.21238,
0.21201,
0.21165,
0.21129,
0.21093,
0.21058,
0.21022,
0.20987,
0.20952,
0.20917,
0.20882,
0.20848,
0.20813,
0.20779,
0.20745,
0.20711,
0.20677,
0.20643,
0.2061,
0.20576,
0.20543,
0.2051,
0.20477,
0.20445,
0.20412,
0.2038,
0.20348,
0.20316,
0.20284,
0.20252,
0.2022,
0.20189,
0.20158,
0.20127,
0.20096,
0.20065,
0.20035,
0.20005,
0.19974,
0.19944,
0.19914,
0.19885,
0.19855,
0.19826,
0.19797,
0.19768,
0.19739,
0.1971,
0.19682,
0.19653,
0.19625,
0.19597,
0.19569,
0.19541,
0.19514,
0.19487,
0.19459,
0.19432,
0.19406,
0.19379,
0.19352,
0.19326,
0.193,
0.19274,
0.19248,
0.19222,
0.19197,
0.19171,
0.19146,
0.19121,
0.19096,
0.19071,
0.19047,
0.19023,
0.18998,
0.18974,
0.1895,
0.18927,
0.18903,
0.1888,
0.18857,
0.18834,
0.18811,
0.18788,
0.18765,
0.18743,
0.18721,
0.18699,
0.18677,
0.18655,
0.18633,
0.18612,
0.18591,
0.18569,
0.18549,
0.18528,
0.18507,
0.18487,
0.18466,
0.18446,
0.18426,
0.18406,
0.18387,
0.18367,
0.18348,
0.18329,
0.1831,
0.18291,
0.18272,
0.18253,
0.18235,
0.18217,
0.18199,
0.18181,
0.18163,
0.18145,
0.18128,
0.1811,
0.18093,
0.18076,
0.18059,
0.18043,
0.18026,
0.1801,
0.17993,
0.17977,
0.17961,
0.17946,
0.1793,
0.17914,
0.17899,
0.17884,
0.17869,
0.17854,
0.17839,
0.17824,
0.1781,
0.17796,
0.17781,
0.17767,
0.17754,
0.1774,
0.17726,
0.17713,
0.17699,
0.17686,
0.17673,
0.1766,
0.17647,
0.17635,
0.17622,
0.1761,
0.17598,
0.17586,
0.17574,
0.17562,
0.1755,
0.17539,
0.17527,
0.17516,
0.17505,
0.17494,
0.17483,
0.17472,
0.17462,
0.17451,
0.17441,
0.17431,
0.17421,
0.17411,
0.17401,
0.17391,
0.17382,
0.17372,
0.17363,
0.17354,
0.17345,
0.17336,
0.17327,
0.17318,
0.1731,
0.17301,
0.17293,
0.17285,
0.17276,
0.17268,
0.17261,
0.17253,
0.17245,
0.17238,
0.1723,
0.17223,
0.17216,
0.17209,
0.17202,
0.17195,
0.17188,
0.17181,
0.17175,
0.17168,
0.17162,
0.17156,
0.1715,
0.17144,
0.17138,
0.17132,
0.17126,
0.17121,
0.17115,
0.1711,
0.17105,
0.171,
0.17094,
0.17089,
0.17085,
0.1708,
0.17075,
0.1707,
0.17066,
0.17061,
0.17057,
0.17053,
0.17049,
0.17045,
0.17041,
0.17037,
0.17033,
0.17029,
0.17025,
0.17022,
0.17018,
0.17015,
0.17012,
0.17008,
0.17005,
0.17002,
0.16999,
0.16996,
0.16993,
0.1699,
0.16988,
0.16985,
0.16983,
0.1698,
0.16978,
0.16975,
0.16973,
0.16971,
0.16969,
0.16966,
0.16964,
0.16962,
0.1696,
0.16959,
0.16957,
0.16955,
0.16953,
0.16952,
0.1695,
0.16949,
0.16947,
0.16946,
0.16945,
0.16943,
0.16942,
0.16941,
0.1694,
0.16939,
0.16938,
0.16937,
0.16936,
0.16935,
0.16934,
0.16933,
0.16932,
0.16931,
0.16931,
0.1693,
0.16929,
0.16929,
0.16928,
0.16928,
0.16927,
0.16927,
0.16926,
0.16926,
0.16925,
0.16925,
0.16925,
0.16924,
0.16924,
0.16924,
0.16924,
0.16923,
0.16923,
0.16923,
0.16923,
0.16923,
0.16923,
0.16923,
0.16922,
0.16922,
0.16922,
0.16922,
0.16922,
0.16922,
0.16922,
0.16922,
0.16922,
0.16922,
0.16922,
0.16922,
0.16922,
0.16922,
0.16922,
0.16922,
0.16922,
0.16922,
0.16922,
0.16922,
0.16922,
0.16922,
0.16922,
0.16922,
0.16922,
0.16922,
0.16922,
0.16922,
0.16921,
0.16921,
0.16921,
0.16921,
0.16921,
0.16921,
0.1692,
0.1692,
0.1692,
0.1692,
0.16919,
0.16919,
0.16919,
0.16918,
0.16918,
0.16917,
0.16917,
0.16916,
0.16916,
0.16915,
0.16915,
0.16914,
0.16913,
0.16912,
0.16912,
0.16911,
0.1691,
0.16909,
0.16908,
0.16907,
0.16906,
0.16905,
0.16904,
0.16903,
0.16901,
0.169,
0.16899,
0.16897,
0.16896,
0.16894,
0.16893,
0.16891,
0.1689,
0.16888,
0.16886,
0.16884,
0.16882,
0.1688,
0.16878,
0.16876,
0.16874,
0.16872,
0.1687,
0.16867,
0.16865,
0.16862,
0.1686,
0.16857,
0.16854,
0.16852,
0.16849,
0.16846,
0.16843,
0.1684,
0.16836,
0.16833,
0.1683,
0.16826,
0.16823,
0.16819,
0.16816,
0.16812,
0.16808,
0.16804,
0.168,
0.16796,
0.16792,
0.16788,
0.16783,
0.16779,
0.16774,
0.16769,
0.16765,
0.1676,
0.16755,
0.1675,
0.16745,
0.16739,
0.16734,
0.16729,
0.16723,
0.16717,
0.16712,
0.16706,
0.167,
0.16694,
0.16688,
0.16681,
0.16675,
0.16668,
0.16662,
0.16655,
0.16648,
0.16641,
0.16634,
0.16627,
0.1662,
0.16612,
0.16605,
0.16597,
0.16589,
0.16581,
0.16573,
0.16565,
0.16557,
0.16548,
0.1654,
0.16531,
0.16523,
0.16514,
0.16505,
0.16496,
0.16486,
0.16477,
0.16467,
0.16458,
0.16448,
0.16438,
0.16428,
0.16418,
0.16407,
0.16397,
0.16386,
0.16376,
0.16365,
0.16354,
0.16343,
0.16331,
0.1632,
0.16309,
0.16297,
0.16285,
0.16273,
0.16261,
0.16249,
0.16236,
0.16224,
0.16211,
0.16198,
0.16185,
0.16172,
0.16159,
0.16145,
0.16132,
0.16118,
0.16104,
0.1609,
0.16076,
0.16062,
0.16047,
0.16033,
0.16018,
0.16003,
0.15988,
0.15972,
0.15957,
0.15942,
0.15926,
0.1591,
0.15894,
0.15878,
0.15861,
0.15845,
0.15828,
0.15811,
0.15794,
0.15777,
0.1576,
0.15742,
0.15725,
0.15707,
0.15689,
0.15671,
0.15653,
0.15634,
0.15615,
0.15597,
0.15578,
0.15559,
0.15539,
0.1552,
0.155,
0.1548,
0.1546,
0.1544,
0.1542,
0.15399,
0.15379,
0.15358,
0.15337,
0.15316,
0.15294,
0.15273,
0.15251,
0.15229,
0.15207,
0.15185,
0.15163,
0.1514,
0.15118,
0.15095,
0.15072,
0.15048,
0.15025,
0.15001,
0.14977,
0.14954,
0.14929,
0.14905,
0.14881,
0.14856,
0.14831,
0.14806,
0.14781,
0.14755,
0.1473,
0.14704,
0.14678,
0.14652,
0.14626,
0.14599,
0.14573,
0.14546,
0.14519,
0.14492,
0.14464,
0.14437,
0.14409,
0.14381,
0.14353,
0.14325,
0.14296,
0.14267,
0.14239,
0.1421,
0.1418,
0.14151,
0.14121,
0.14092,
0.14062,
0.14032,
0.14001,
0.13971,
0.1394,
0.13909,
0.13878,
0.13847,
0.13815,
0.13784,
0.13752,
0.1372,
0.13688,
0.13656,
0.13623,
0.1359,
0.13557,
0.13524,
0.13491,
0.13458,
0.13424,
0.1339,
0.13356,
0.13322,
0.13288,
0.13253,
0.13218,
0.13183,
0.13148,
0.13113,
0.13077,
0.13042,
0.13006,
0.1297,
0.12934,
0.12897,
0.1286,
0.12824,
0.12787,
0.1275,
0.12712,
0.12675,
0.12637,
0.12599,
0.12561,
0.12523,
0.12484,
0.12446,
0.12407,
0.12368,
0.12329,
0.12289,
0.1225,
0.1221,
0.1217,
0.1213,
0.1209,
0.12049,
0.12008,
0.11968,
0.11927,
0.11885,
0.11844,
0.11802,
0.11761,
0.11719,
0.11677,
0.11634,
0.11592,
0.11549,
0.11506,
0.11463,
0.1142,
0.11377,
0.11333,
0.1129,
0.11246,
0.11202,
0.11157,
0.11113,
0.11068,
0.11024,
0.10979,
0.10933,
0.10888,
0.10843,
0.10797,
0.10751,
0.10705,
0.10659,
0.10612,
0.10566,
0.10519,
0.10472,
0.10425,
0.10378,
0.10331,
0.10283,
0.10235,
0.10187,
0.10139,
0.10091,
0.10043,
0.099939,
0.099452,
0.098962,
0.098471,
0.097978,
0.097484,
0.096988,
0.09649,
0.09599,
0.095489,
0.094987,
0.094482,
0.093976,
0.093468,
0.092959,
0.092448,
0.091935,
0.091421,
0.090905,
0.090388,
0.089869,
0.089348,
0.088826,
0.088302,
0.087776,
0.087249,
0.086721,
0.086191,
0.085659,
0.085125,
0.084591,
0.084054,
0.083516,
0.082977,
0.082435,
0.081893,
0.081349,
0.080803,
0.080256,
0.079707,
0.079157,
0.078605,
0.078052,
0.077498,
0.076941,
0.076384,
0.075825,
0.075264,
0.074702,
0.074139,
0.073574,
0.073008,
0.07244,
0.071871,
0.0713,
0.070728,
0.070154,
0.06958,
0.069003,
0.068426,
0.067847,
0.067266,
0.066685,
0.066101,
0.065517,
0.064931,
0.064344,
0.063755,
0.063166,
0.062574,
0.061982,
0.061388,
0.060793,
0.060197,
0.059599,
0.059,
0.0584,
0.057798,
0.057196,
0.056591,
0.055986,
0.05538,
0.054772,
0.054163,
0.053553,
0.052941,
0.052329,
0.051715,
0.0511,
0.050484,
0.049866,
0.049248,
0.048628,
0.048007,
0.047385,
0.046762,
0.046138,
0.045513,
0.044886,
0.044259,
0.04363,
0.043,
0.042369,
0.041737,
0.041104,
0.04047,
0.039835,
0.039199,
0.038562,
0.037924,
0.037284,
0.036644,
0.036003,
0.035361,
0.034717,
0.034073,
0.033428,
0.032782,
0.032135,
0.031487,
0.030838,
0.030188,
0.029537,
0.028885,
0.028233,
0.027579,
0.026925,
0.026269,
0.025613,
0.024956,
0.024298,
0.023639,
0.02298,
0.02232,
0.021658,
0.020996,
0.020333,
0.01967,
0.019005,
0.01834,
0.017674,
0.017008,
0.01634,
0.015672,
0.015003,
0.014334,
0.013663,
0.012992,
0.01232,
0.011648,
0.010975,
0.010301,
0.0096267,
0.0089517,
0.008276,
0.0075996,
0.0069227,
0.0062451,
0.0055669,
0.0048882,
0.0042088,
0.0035289,
0.0028484,
0.0021674,
0.0014858,
0.00080364,
0.00012099,
-0.00056219,
-0.0012459,
-0.0019301,
-0.0026147,
-0.0032999,
-0.0039855,
-0.0046716,
-0.0053582,
-0.0060451,
-0.0067326,
-0.0074204,
-0.0081087,
-0.0087973,
-0.0094864,
-0.010176,
-0.010866,
-0.011556,
-0.012246,
-0.012937,
-0.013629,
-0.01432,
-0.015012,
-0.015704,
-0.016397,
-0.017089,
-0.017782,
-0.018476,
-0.019169,
-0.019863,
-0.020557,
-0.021252,
-0.021946,
-0.022641,
-0.023336,
-0.024031,
-0.024726,
-0.025422,
-0.026117,
-0.026813,
-0.027509,
-0.028205,
-0.028901,
-0.029598,
-0.030294,
-0.03099,
-0.031687,
-0.032384,
-0.03308,
-0.033777,
-0.034474,
-0.035171,
-0.035868,
-0.036564,
-0.037261,
-0.037958,
-0.038655,
-0.039352,
-0.040049,
-0.040745,
-0.041442,
-0.042139,
-0.042835,
-0.043532,
-0.044228,
-0.044924,
-0.04562,
-0.046316,
-0.047012,
-0.047708,
-0.048403,
-0.049099,
-0.049794,
-0.050489,
-0.051184,
-0.051878,
-0.052573,
-0.053267,
-0.053961,
-0.054655,
-0.055348,
-0.056041,
-0.056734,
-0.057426,
-0.058119,
-0.058811,
-0.059502,
-0.060194,
-0.060885,
-0.061575,
-0.062265,
-0.062955,
-0.063645,
-0.064334,
-0.065023,
-0.065711,
-0.066399,
-0.067086,
-0.067773,
-0.06846,
-0.069146,
-0.069832,
-0.070517,
-0.071201,
-0.071885,
-0.072569,
-0.073252,
-0.073935,
-0.074617,
-0.075298,
-0.075979,
-0.07666,
-0.077339,
-0.078019,
-0.078697,
-0.079375,
-0.080052,
-0.080729,
-0.081405,
-0.082081,
-0.082755,
-0.083429,
-0.084103,
-0.084776,
-0.085448,
-0.086119,
-0.086789,
-0.087459,
-0.088128,
-0.088797,
-0.089464,
-0.090131,
-0.090797,
-0.091462,
-0.092127,
-0.092791,
-0.093453,
-0.094115,
-0.094776,
-0.095437,
-0.096096,
-0.096755,
-0.097412,
-0.098069,
-0.098725,
-0.09938,
-0.10003,
-0.10069,
-0.10134,
-0.10199,
-0.10264,
-0.10329,
-0.10394,
-0.10459,
-0.10523,
-0.10588,
-0.10652,
-0.10717,
-0.10781,
-0.10845,
-0.10909,
-0.10973,
-0.11037,
-0.111,
-0.11164,
-0.11227,
-0.11291,
-0.11354,
-0.11417,
-0.1148,
-0.11543,
-0.11606,
-0.11669,
-0.11731,
-0.11794,
-0.11856,
-0.11918,
-0.1198,
-0.12042,
-0.12104,
-0.12166,
-0.12227,
-0.12289,
-0.1235,
-0.12411,
-0.12473,
-0.12533,
-0.12594,
-0.12655,
-0.12716,
-0.12776,
-0.12836,
-0.12896,
-0.12956,
-0.13016,
-0.13076,
-0.13136,
-0.13195,
-0.13255,
-0.13314,
-0.13373,
-0.13432,
-0.1349,
-0.13549,
-0.13608,
-0.13666,
-0.13724,
-0.13782,
-0.1384,
-0.13898,
-0.13955,
-0.14013,
-0.1407,
-0.14127,
-0.14184,
-0.14241,
-0.14298,
-0.14354,
-0.1441,
-0.14467,
-0.14523,
-0.14579,
-0.14634,
-0.1469,
-0.14745,
-0.148,
-0.14856,
-0.1491,
-0.14965,
-0.1502,
-0.15074,
-0.15128,
-0.15182,
-0.15236,
-0.1529,
-0.15344,
-0.15397,
-0.1545,
-0.15503,
-0.15556,
-0.15609,
-0.15661,
-0.15714,
-0.15766,
-0.15818,
-0.1587,
-0.15921,
-0.15973,
-0.16024,
-0.16075,
-0.16126,
-0.16177,
-0.16227,
-0.16278,
-0.16328,
-0.16378,
-0.16427,
-0.16477,
-0.16526,
-0.16576,
-0.16625,
-0.16674,
-0.16722,
-0.16771,
-0.16819,
-0.16867,
-0.16915,
-0.16963,
-0.1701,
-0.17057,
-0.17104,
-0.17151,
-0.17198,
-0.17245,
-0.17291,
-0.17337,
-0.17383,
-0.17429,
-0.17474,
-0.17519,
-0.17564,
-0.17609,
-0.17654,
-0.17699,
-0.17743,
-0.17787,
-0.17831,
-0.17874,
-0.17918,
-0.17961,
-0.18004,
-0.18047,
-0.1809,
-0.18132,
-0.18174,
-0.18216,
-0.18258,
-0.18299,
-0.18341,
-0.18382,
-0.18423,
-0.18463,
-0.18504,
-0.18544,
-0.18584,
-0.18624,
-0.18664,
-0.18703,
-0.18742,
-0.18781,
-0.1882,
-0.18858,
-0.18897,
-0.18935,
-0.18972,
-0.1901,
-0.19047,
-0.19085,
-0.19122,
-0.19158,
-0.19195,
-0.19231,
-0.19267,
-0.19303,
-0.19338,
-0.19374,
-0.19409,
-0.19444,
-0.19478,
-0.19513,
-0.19547,
-0.19581,
-0.19615,
-0.19648,
-0.19681,
-0.19714,
-0.19747,
-0.1978,
-0.19812,
-0.19844,
-0.19876,
-0.19908,
-0.19939,
-0.1997,
-0.20001,
-0.20032,
-0.20062,
-0.20092,
-0.20122,
-0.20152,
-0.20182,
-0.20211,
-0.2024,
-0.20269,
-0.20297,
-0.20325,
-0.20353,
-0.20381,
-0.20409,
-0.20436,
-0.20463,
-0.2049,
-0.20516,
-0.20543,
-0.20569,
-0.20595,
-0.2062,
-0.20646,
-0.20671,
-0.20696,
-0.2072,
-0.20745,
-0.20769,
-0.20793,
-0.20816,
-0.2084,
-0.20863,
-0.20886,
-0.20908,
-0.20931,
-0.20953,
-0.20975,
-0.20996,
-0.21018,
-0.21039,
-0.2106,
-0.2108,
-0.21101,
-0.21121,
-0.21141,
-0.2116,
-0.2118,
-0.21199,
-0.21218,
-0.21236,
-0.21255,
-0.21273,
-0.21291,
-0.21308,
-0.21326,
-0.21343,
-0.2136,
-0.21376,
-0.21392,
-0.21409,
-0.21424,
-0.2144,
-0.21455,
-0.2147,
-0.21485,
-0.215,
-0.21514,
-0.21528,
-0.21542,
-0.21555,
-0.21569,
-0.21582,
-0.21594,
-0.21607,
-0.21619,
-0.21631,
-0.21643,
-0.21654,
-0.21665,
-0.21676,
-0.21687,
-0.21698,
-0.21708,
-0.21718,
-0.21727,
-0.21737,
-0.21746,
-0.21755,
-0.21764,
-0.21772,
-0.2178,
-0.21788,
-0.21796,
-0.21803,
-0.2181,
-0.21817,
-0.21823,
-0.2183,
-0.21836,
-0.21842,
-0.21847,
-0.21852,
-0.21857,
-0.21862,
-0.21867,
-0.21871,
-0.21875,
-0.21879,
-0.21882,
-0.21885,
-0.21888,
-0.21891,
-0.21894,
-0.21896,
-0.21898,
-0.21899,
-0.21901,
-0.21902,
-0.21903,
-0.21903,
-0.21904,
-0.21904,
-0.21904,
-0.21903,
-0.21903,
-0.21902,
-0.21901,
-0.21899,
-0.21898,
-0.21896,
-0.21894,
-0.21891,
-0.21888,
-0.21885,
-0.21882,
-0.21879,
-0.21875,
-0.21871,
-0.21867,
-0.21862,
-0.21858,
-0.21853,
-0.21847,
-0.21842,
-0.21836,
-0.2183,
-0.21824,
-0.21817,
-0.2181,
-0.21803,
-0.21796,
-0.21789,
-0.21781,
-0.21773,
-0.21764,
-0.21756,
-0.21747,
-0.21738,
-0.21729,
-0.21719,
-0.21709,
-0.21699,
-0.21689,
-0.21678,
-0.21667,
-0.21656,
-0.21645,
-0.21633,
-0.21621,
-0.21609,
-0.21597,
-0.21584,
-0.21572,
-0.21558,
-0.21545,
-0.21531,
-0.21518,
-0.21504,
-0.21489,
-0.21475,
-0.2146,
-0.21445,
-0.21429,
-0.21414,
-0.21398,
-0.21382,
-0.21366,
-0.21349,
-0.21332,
-0.21315,
-0.21298,
-0.2128,
-0.21263,
-0.21244,
-0.21226,
-0.21208,
-0.21189,
-0.2117,
-0.21151,
-0.21131,
-0.21111,
-0.21091,
-0.21071,
-0.21051,
-0.2103,
-0.21009,
-0.20988,
-0.20966,
-0.20945,
-0.20923,
-0.20901,
-0.20878,
-0.20856,
-0.20833,
-0.2081,
-0.20786,
-0.20763,
-0.20739,
-0.20715,
-0.20691,
-0.20666,
-0.20641,
-0.20616,
-0.20591,
-0.20566,
-0.2054,
-0.20514,
-0.20488,
-0.20462,
-0.20435,
-0.20408,
-0.20381,
-0.20354,
-0.20326,
-0.20298,
-0.2027,
-0.20242,
-0.20214,
-0.20185,
-0.20156,
-0.20127,
-0.20097,
-0.20068,
-0.20038,
-0.20008,
-0.19978,
-0.19947,
-0.19916,
-0.19885,
-0.19854,
-0.19823,
-0.19791,
-0.19759,
-0.19727,
-0.19695,
-0.19662,
-0.19629,
-0.19596,
-0.19563,
-0.1953,
-0.19496,
-0.19462,
-0.19428,
-0.19394,
-0.19359,
-0.19325,
-0.1929,
-0.19255,
-0.19219,
-0.19184,
-0.19148,
-0.19112,
-0.19076,
-0.19039,
-0.19002,
-0.18966,
-0.18928,
-0.18891,
-0.18854,
-0.18816,
-0.18778,
-0.1874,
-0.18702,
-0.18663,
-0.18624,
-0.18585,
-0.18546,
-0.18507,
-0.18467,
-0.18427,
-0.18387,
-0.18347,
-0.18307,
-0.18266,
-0.18225,
-0.18184,
-0.18143,
-0.18101,
-0.1806,
-0.18018,
-0.17976,
-0.17934,
-0.17891,
-0.17848,
-0.17806,
-0.17763,
-0.17719,
-0.17676,
-0.17632,
-0.17589,
-0.17544,
-0.175,
-0.17456,
-0.17411,
-0.17366,
-0.17321,
-0.17276,
-0.17231,
-0.17185,
-0.1714,
-0.17094,
-0.17048,
-0.17001,
-0.16955,
-0.16908,
-0.16861,
-0.16814,
-0.16767,
-0.16719,
-0.16672,
-0.16624,
-0.16576,
-0.16528,
-0.16479,
-0.16431,
-0.16382,
-0.16333,
-0.16284,
-0.16235,
-0.16185,
-0.16136,
-0.16086,
-0.16036,
-0.15986,
-0.15936,
-0.15885,
-0.15834,
-0.15784,
-0.15733,
-0.15681,
-0.1563,
-0.15578,
-0.15527,
-0.15475,
-0.15423,
-0.15371,
-0.15318,
-0.15266,
-0.15213,
-0.1516,
-0.15107,
-0.15054,
-0.15,
-0.14947,
-0.14893,
-0.14839,
-0.14785,
-0.14731,
-0.14676,
-0.14622,
-0.14567,
-0.14512,
-0.14457,
-0.14402,
-0.14347,
-0.14291,
-0.14236,
-0.1418,
-0.14124,
-0.14068,
-0.14012,
-0.13955,
-0.13899,
-0.13842,
-0.13785,
-0.13728,
-0.13671,
-0.13613,
-0.13556,
-0.13498,
-0.13441,
-0.13383,
-0.13325,
-0.13266,
-0.13208,
-0.13149,
-0.13091,
-0.13032,
-0.12973,
-0.12914,
-0.12855,
-0.12795,
-0.12736,
-0.12676,
-0.12616,
-0.12557,
-0.12496,
-0.12436,
-0.12376,
-0.12315,
-0.12255,
-0.12194,
-0.12133,
-0.12072,
-0.12011,
-0.1195,
-0.11888,
-0.11827,
-0.11765,
-0.11703,
-0.11642,
-0.11579,
-0.11517,
-0.11455,
-0.11393,
-0.1133,
-0.11267,
-0.11205,
-0.11142,
-0.11079,
-0.11015,
-0.10952,
-0.10889,
-0.10825,
-0.10762,
-0.10698,
-0.10634,
-0.1057,
-0.10506,
-0.10442,
-0.10377,
-0.10313,
-0.10248,
-0.10183,
-0.10119,
-0.10054,
-0.099887,
-0.099236,
-0.098583,
-0.09793,
-0.097275,
-0.096619,
-0.095962,
-0.095305,
-0.094646,
-0.093986,
-0.093325,
-0.092663,
-0.092,
-0.091336,
-0.09067,
-0.090004,
-0.089337,
-0.088669,
-0.088,
-0.08733,
-0.086659,
-0.085987,
-0.085314,
-0.08464,
-0.083965,
-0.083289,
-0.082613,
-0.081935,
-0.081256,
-0.080577,
-0.079896,
-0.079215,
-0.078533,
-0.07785,
-0.077166,
-0.076481,
-0.075795,
-0.075109,
-0.074421,
-0.073733,
-0.073044,
-0.072354,
-0.071663,
-0.070972,
-0.07028,
-0.069586,
-0.068892,
-0.068198,
-0.067502,
-0.066806,
-0.066109,
-0.065411,
-0.064713,
-0.064013,
-0.063313,
-0.062613,
-0.061911,
-0.061209,
-0.060506,
-0.059802,
-0.059098,
-0.058393,
-0.057687,
-0.056981,
-0.056274,
-0.055566,
-0.054858,
-0.054149,
-0.05344,
-0.052729,
-0.052019,
-0.051307,
-0.050595,
-0.049882,
-0.049169,
-0.048455,
-0.047741,
-0.047026,
-0.04631,
-0.045594,
-0.044877,
-0.04416,
-0.043442,
-0.042724,
-0.042005,
-0.041286,
-0.040566,
-0.039846,
-0.039125,
-0.038403,
-0.037682,
-0.036959,
-0.036236,
-0.035513,
-0.03479,
-0.034065,
-0.033341,
-0.032616,
-0.03189,
-0.031164,
-0.030438,
-0.029712,
-0.028984,
-0.028257,
-0.027529,
-0.026801,
-0.026072,
-0.025343,
-0.024614,
-0.023885,
-0.023155,
-0.022424,
-0.021694,
-0.020963,
-0.020231,
-0.0195,
-0.018768,
-0.018036,
-0.017303,
-0.016571,
-0.015838,
-0.015104,
-0.014371,
-0.013637,
-0.012903,
-0.012169,
-0.011434,
-0.0107,
-0.0099649,
-0.0092298,
-0.0084945,
-0.007759,
-0.0070234,
-0.0062875,
-0.0055515,
-0.0048153,
-0.004079,
-0.0033425,
-0.0026059,
-0.0018692,
-0.0011323,
-0.00039529,
0.00034182,
0.001079,
0.0018163,
0.0025538,
0.0032912,
0.0040288,
0.0047665,
0.0055042,
0.0062419,
0.0069797,
0.0077176,
0.0084555,
0.0091934,
0.0099313,
0.010669,
0.011407,
0.012145,
0.012883,
0.013621,
0.014359,
0.015097,
0.015835,
0.016573,
0.01731,
0.018048,
0.018786,
0.019523,
0.020261,
0.020998,
0.021735,
0.022473,
0.02321,
0.023947,
0.024684,
0.02542,
0.026157,
0.026894,
0.02763,
0.028366,
0.029102,
0.029838,
0.030574,
0.031309,
0.032044,
0.03278,
0.033515,
0.034249,
0.034984,
0.035718,
0.036452,
0.037186,
0.037919,
0.038653,
0.039386,
0.040119,
0.040851,
0.041583,
0.042315,
0.043047,
0.043778,
0.044509,
0.04524,
0.04597,
0.046701,
0.04743,
0.04816,
0.048889,
0.049618,
0.050346,
0.051074,
0.051801,
0.052529,
0.053256,
0.053982,
0.054708,
0.055434,
0.056159,
0.056884,
0.057608,
0.058332,
0.059056,
0.059779,
0.060501,
0.061223,
0.061945,
0.062666,
0.063387,
0.064107,
0.064827,
0.065546,
0.066265,
0.066983,
0.067701,
0.068418,
0.069134,
0.06985,
0.070566,
0.071281,
0.071995,
0.072709,
0.073422,
0.074135,
0.074847,
0.075559,
0.076269,
0.07698,
0.077689,
0.078398,
0.079107,
0.079814,
0.080522,
0.081228,
0.081934,
0.082639,
0.083344,
0.084047,
0.08475,
0.085453,
0.086155,
0.086856,
0.087556,
0.088256,
0.088955,
0.089653,
0.09035,
0.091047,
0.091743,
0.092438,
0.093132,
0.093826,
0.094519,
0.095211,
0.095903,
0.096593,
0.097283,
0.097972,
0.09866,
0.099347,
0.10003,
0.10072,
0.1014,
0.10209,
0.10277,
0.10345,
0.10414,
0.10482,
0.1055,
0.10617,
0.10685,
0.10753,
0.10821,
0.10888,
0.10955,
0.11023,
0.1109,
0.11157,
0.11224,
0.11291,
0.11358,
0.11425,
0.11492,
0.11558,
0.11625,
0.11691,
0.11757,
0.11824,
0.1189,
0.11956,
0.12022,
0.12087,
0.12153,
0.12219,
0.12284,
0.12349,
0.12415,
0.1248,
0.12545,
0.1261,
0.12675,
0.12739,
0.12804,
0.12869,
0.12933,
0.12997,
0.13062,
0.13126,
0.1319,
0.13253,
0.13317,
0.13381,
0.13444,
0.13508,
0.13571,
0.13634,
0.13697,
0.1376,
0.13823,
0.13886,
0.13948,
0.14011,
0.14073,
0.14135,
0.14197,
0.14259,
0.14321,
0.14383,
0.14445,
0.14506,
0.14567,
0.14629,
0.1469,
0.14751,
0.14812,
0.14872,
0.14933,
0.14994,
0.15054,
0.15114,
0.15174,
0.15234,
0.15294,
0.15354,
0.15413,
0.15473,
0.15532,
0.15591,
0.1565,
0.15709,
0.15768,
0.15826,
0.15885,
0.15943,
0.16002,
0.1606,
0.16118,
0.16175,
0.16233,
0.16291,
0.16348,
0.16405,
0.16462,
0.16519,
0.16576,
0.16633,
0.16689,
0.16746,
0.16802,
0.16858,
0.16914,
0.1697,
0.17025,
0.17081,
0.17136,
0.17191,
0.17246,
0.17301,
0.17356,
0.17411,
0.17465,
0.17519,
0.17574,
0.17628,
0.17681,
0.17735,
0.17789,
0.17842,
0.17895,
0.17948,
0.18001,
0.18054,
0.18107,
0.18159,
0.18211,
0.18263,
0.18315,
0.18367,
0.18419,
0.1847,
0.18522,
0.18573,
0.18624,
0.18675,
0.18725,
0.18776,
0.18826,
0.18876,
0.18926,
0.18976,
0.19026,
0.19076,
0.19125,
0.19174,
0.19223,
0.19272,
0.19321,
0.19369,
0.19418,
0.19466,
0.19514,
0.19562,
0.19609,
0.19657,
0.19704,
0.19751,
0.19798,
0.19845,
0.19892,
0.19938,
0.19985,
0.20031,
0.20077,
0.20122,
0.20168,
0.20213,
0.20259,
0.20304,
0.20349,
0.20393,
0.20438,
0.20482,
0.20526,
0.2057,
0.20614,
0.20658,
0.20701,
0.20745,
0.20788,
0.20831,
0.20873,
0.20916,
0.20958,
0.21,
0.21042,
0.21084,
0.21126,
0.21167,
0.21208,
0.2125,
0.2129,
0.21331,
0.21372,
0.21412,
0.21452,
0.21492,
0.21532,
0.21571,
0.21611,
0.2165,
0.21689,
0.21728,
0.21766,
0.21805,
0.21843,
0.21881,
0.21919,
0.21957,
0.21994,
0.22031,
0.22068,
0.22105,
0.22142,
0.22179,
0.22215,
0.22251,
0.22287,
0.22323,
0.22358,
0.22393,
0.22429,
0.22464,
0.22498,
0.22533,
0.22567,
0.22601,
0.22635,
0.22669,
0.22703,
0.22736,
0.22769,
0.22802,
0.22835,
0.22867,
0.229,
0.22932,
0.22964,
0.22996,
0.23027,
0.23058,
0.2309,
0.23121,
0.23151,
0.23182,
0.23212,
0.23242,
0.23272,
0.23302,
0.23331,
0.23361,
0.2339,
0.23419,
0.23447,
0.23476,
0.23504,
0.23532,
0.2356,
0.23588,
0.23615,
0.23643,
0.2367,
0.23696,
0.23723,
0.23749,
0.23776,
0.23802,
0.23827,
0.23853,
0.23878,
0.23904,
0.23929,
0.23953,
0.23978,
0.24002,
0.24026,
0.2405,
0.24074,
0.24097,
0.24121,
0.24144,
0.24167,
0.24189,
0.24212,
0.24234,
0.24256,
0.24278,
0.24299,
0.24321,
0.24342,
0.24363,
0.24383,
0.24404,
0.24424,
0.24444,
0.24464,
0.24484,
0.24503,
0.24523,
0.24542,
0.2456,
0.24579,
0.24597,
0.24615,
0.24633,
0.24651,
0.24669,
0.24686,
0.24703,
0.2472,
0.24737,
0.24753,
0.24769,
0.24785,
0.24801,
0.24817,
0.24832,
0.24847,
0.24862,
0.24877,
0.24891,
0.24905,
0.24919,
0.24933,
0.24947,
0.2496,
0.24974,
0.24986,
0.24999,
0.25012,
0.25024,
0.25036,
0.25048,
0.2506,
0.25071,
0.25082,
0.25093,
0.25104,
0.25115,
0.25125,
0.25135,
0.25145,
0.25155,
0.25164,
0.25174,
0.25183,
0.25191,
0.252,
0.25208,
0.25217,
0.25225,
0.25232,
0.2524,
0.25247,
0.25254,
0.25261,
0.25268,
0.25274,
0.2528,
0.25286,
0.25292,
0.25298,
0.25303,
0.25308,
0.25313,
0.25318,
0.25322,
0.25326,
0.2533,
0.25334,
0.25338,
0.25341,
0.25344,
0.25347,
0.2535,
0.25352,
0.25355,
0.25357,
0.25359,
0.2536,
0.25362,
0.25363,
0.25364,
0.25365,
0.25365,
0.25365,
0.25365,
0.25365,
0.25365,
0.25365,
0.25364,
0.25363,
0.25362,
0.2536,
0.25359,
0.25357,
0.25355,
0.25352,
0.2535,
0.25347,
0.25344,
0.25341,
0.25338,
0.25334,
0.25331,
0.25327,
0.25322,
0.25318,
0.25313,
0.25308,
0.25303,
0.25298,
0.25293,
0.25287,
0.25281,
0.25275,
0.25269,
0.25262,
0.25255,
0.25248,
0.25241,
0.25234,
0.25226,
0.25218,
0.2521,
0.25202,
0.25194,
0.25185,
0.25176,
0.25167,
0.25158,
0.25148,
0.25139,
0.25129,
0.25118,
0.25108,
0.25098,
0.25087,
0.25076,
0.25065,
0.25053,
0.25042,
0.2503,
0.25018,
0.25006,
0.24993,
0.24981,
0.24968,
0.24955,
0.24942,
0.24928,
0.24915,
0.24901,
0.24887,
0.24873,
0.24858,
0.24844,
0.24829,
0.24814,
0.24799,
0.24783,
0.24767,
0.24752,
0.24736,
0.24719,
0.24703,
0.24686,
0.24669,
0.24652,
0.24635,
0.24618,
0.246,
0.24582,
0.24564,
0.24546,
0.24528,
0.24509,
0.2449,
0.24471,
0.24452,
0.24433,
0.24413,
0.24393,
0.24373,
0.24353,
0.24333,
0.24312,
0.24292,
0.24271,
0.2425,
0.24228,
0.24207,
0.24185,
0.24163,
0.24141,
0.24119,
0.24097,
0.24074,
0.24051,
0.24028,
0.24005,
0.23982,
0.23958,
0.23934,
0.23911,
0.23886,
0.23862,
0.23838,
0.23813,
0.23788,
0.23763,
0.23738,
0.23713,
0.23687,
0.23662,
0.23636,
0.2361,
0.23584,
0.23557,
0.23531,
0.23504,
0.23477,
0.2345,
0.23422,
0.23395,
0.23367,
0.2334,
0.23312,
0.23284,
0.23255,
0.23227,
0.23198,
0.23169,
0.2314,
0.23111,
0.23082,
0.23052,
0.23023,
0.22993,
0.22963,
0.22933,
0.22903,
0.22872,
0.22841,
0.22811,
0.2278,
0.22749,
0.22717,
0.22686,
0.22654,
0.22623,
0.22591,
0.22559,
0.22526,
0.22494,
0.22462,
0.22429,
0.22396,
0.22363,
0.2233,
0.22297,
0.22263,
0.2223,
0.22196,
0.22162,
0.22128,
0.22094,
0.22059,
0.22025,
0.2199,
0.21956,
0.21921,
0.21886,
0.2185,
0.21815,
0.2178,
0.21744,
0.21708,
0.21672,
0.21636,
0.216,
0.21564,
0.21527,
0.21491,
0.21454,
0.21417,
0.2138,
0.21343,
0.21306,
0.21268,
0.21231,
0.21193,
0.21155,
0.21117,
0.21079,
0.21041,
0.21003,
0.20964,
0.20926,
0.20887,
0.20848,
0.20809,
0.2077,
0.20731,
0.20692,
0.20652,
0.20613,
0.20573,
0.20533,
0.20494,
0.20454,
0.20413,
0.20373,
0.20333,
0.20292,
0.20252,
0.20211,
0.2017,
0.20129,
0.20088,
0.20047,
0.20006,
0.19965,
0.19923,
0.19881,
0.1984,
0.19798,
0.19756,
0.19714,
0.19672,
0.1963,
0.19587,
0.19545,
0.19503,
0.1946,
0.19417,
0.19374,
0.19332,
0.19289,
0.19245,
0.19202,
0.19159,
0.19116,
0.19072,
0.19029,
0.18985,
0.18941,
0.18897,
0.18854,
0.1881,
0.18765,
0.18721,
0.18677,
0.18633,
0.18588,
0.18544,
0.18499,
0.18455,
0.1841,
0.18365,
0.1832,
0.18275,
0.1823,
0.18185,
0.1814,
0.18094,
0.18049,
0.18004,
0.17958,
0.17912,
0.17867,
0.17821,
0.17775,
0.1773,
0.17684,
0.17638,
0.17592,
0.17545,
0.17499,
0.17453,
0.17407,
0.1736,
0.17314,
0.17267,
0.17221,
0.17174,
0.17128,
0.17081,
0.17034,
0.16987,
0.1694,
0.16893,
0.16847,
0.16799,
0.16752,
0.16705,
0.16658,
0.16611,
0.16564,
0.16516,
0.16469,
0.16421,
0.16374,
0.16326,
0.16279,
0.16231,
0.16184,
0.16136,
0.16088,
0.16041,
0.15993,
0.15945,
0.15897,
0.15849,
0.15801,
0.15753,
0.15705,
0.15657,
0.15609,
0.15561,
0.15513,
0.15465,
0.15417,
0.15368,
0.1532,
0.15272,
0.15224,
0.15175,
0.15127,
0.15079,
0.1503,
0.14982,
0.14934,
0.14885,
0.14837,
0.14788,
0.1474,
0.14691,
0.14643,
0.14594,
0.14546,
0.14497,
0.14449,
0.144,
0.14352,
0.14303,
0.14254,
0.14206,
0.14157,
0.14109,
0.1406,
0.14011,
0.13963,
0.13914,
0.13866,
0.13817,
0.13768,
0.1372,
0.13671,
0.13622,
0.13574,
0.13525,
0.13477,
0.13428,
0.13379,
0.13331,
0.13282,
0.13234,
0.13185,
0.13137,
0.13088,
0.1304,
0.12991,
0.12943,
0.12894,
0.12846,
0.12797,
0.12749,
0.127,
0.12652,
0.12604,
0.12555,
0.12507,
0.12459,
0.1241,
0.12362,
0.12314,
0.12266,
0.12217,
0.12169,
0.12121,
0.12073,
0.12025,
0.11977,
0.11929,
0.11881,
0.11833,
0.11785,
0.11737,
0.11689,
0.11641,
0.11594,
0.11546,
0.11498,
0.11451,
0.11403,
0.11355,
0.11308,
0.1126,
0.11213,
0.11165,
0.11118,
0.11071,
0.11023,
0.10976,
0.10929,
0.10882,
0.10835,
0.10787,
0.1074,
0.10693,
0.10647,
0.106,
0.10553,
0.10506,
0.10459,
0.10413,
0.10366,
0.1032,
0.10273,
0.10227,
0.1018,
0.10134,
0.10088,
0.10041,
0.099953,
0.099492,
0.099031,
0.098572,
0.098113,
0.097654,
0.097197,
0.09674,
0.096283,
0.095827,
0.095372,
0.094918,
0.094464,
0.094011,
0.093558,
0.093107,
0.092656,
0.092205,
0.091756,
0.091307,
0.090859,
0.090411,
0.089965,
0.089519,
0.089074,
0.088629,
0.088186,
0.087743,
0.087301,
0.08686,
0.086419,
0.085979,
0.08554,
0.085102,
0.084665,
0.084229,
0.083793,
0.083358,
0.082924,
0.082491,
0.082059,
0.081627,
0.081197,
0.080767,
0.080338,
0.079911,
0.079483,
0.079057,
0.078632,
0.078208,
0.077784,
0.077362,
0.07694,
0.076519,
0.0761,
0.075681,
0.075263,
0.074846,
0.07443,
0.074015,
0.073601,
0.073188,
0.072775,
0.072364,
0.071954,
0.071545,
0.071136,
0.070729,
0.070323,
0.069918,
0.069513,
0.06911,
0.068708,
0.068307,
0.067907,
0.067507,
0.067109,
0.066712,
0.066316,
0.065921,
0.065527,
0.065135,
0.064743,
0.064352,
0.063962,
0.063574,
0.063186,
0.0628,
0.062415,
0.06203,
0.061647,
0.061265,
0.060884,
0.060505,
0.060126,
0.059748,
0.059372,
0.058997,
0.058622,
0.058249,
0.057877,
0.057507,
0.057137,
0.056768,
0.056401,
0.056035,
0.05567,
0.055306,
0.054943,
0.054582,
0.054221,
0.053862,
0.053504,
0.053147,
0.052792,
0.052437,
0.052084,
0.051732,
0.051381,
0.051031,
0.050683,
0.050336,
0.04999,
0.049645,
0.049301,
0.048959,
0.048617,
0.048278,
0.047939,
0.047601,
0.047265,
0.04693,
0.046596,
0.046264,
0.045932,
0.045602,
0.045274,
0.044946,
0.04462,
0.044295,
0.043971,
0.043648,
0.043327,
0.043007,
0.042688,
0.042371,
0.042054,
0.04174,
0.041426,
0.041113,
0.040802,
0.040492,
0.040184,
0.039877,
0.039571,
0.039266,
0.038963,
0.03866,
0.03836,
0.03806,
0.037762,
0.037465,
0.037169,
0.036875,
0.036582,
0.03629,
0.035999,
0.03571,
0.035422,
0.035136,
0.034851,
0.034567,
0.034284,
0.034003,
0.033723,
0.033444,
0.033167,
0.03289,
0.032616,
0.032342,
0.03207,
0.031799,
0.03153,
0.031261,
0.030995,
0.030729,
0.030465,
0.030202,
0.02994,
0.02968,
0.029421,
0.029163,
0.028907,
0.028652,
0.028398,
0.028146,
0.027895,
0.027645,
0.027396,
0.027149,
0.026904,
0.026659,
0.026416,
0.026174,
0.025933,
0.025694,
0.025456,
0.02522,
0.024985,
0.024751,
0.024518,
0.024287,
0.024057,
0.023828,
0.0236,
0.023374,
0.02315,
0.022926,
0.022704,
0.022483,
0.022264,
0.022045,
0.021828,
0.021613,
0.021398,
0.021185,
0.020974,
0.020763,
0.020554,
0.020346,
0.02014,
0.019934,
0.01973,
0.019528,
0.019326,
0.019126,
0.018928,
0.01873,
0.018534,
0.018339,
0.018145,
0.017953,
0.017762,
0.017572,
0.017383,
0.017196,
0.01701,
0.016825,
0.016641,
0.016459,
0.016278,
0.016098,
0.01592,
0.015743,
0.015567,
0.015392,
0.015218,
0.015046,
0.014875,
0.014705,
0.014537,
0.014369,
0.014203,
0.014038,
0.013875,
0.013712,
0.013551,
0.013391,
0.013232,
0.013075,
0.012918,
0.012763,
0.012609,
0.012456,
0.012305,
0.012155,
0.012005,
0.011857,
0.011711,
0.011565,
0.01142,
0.011277,
0.011135,
0.010994,
0.010854,
0.010716,
0.010578,
0.010442,
0.010307,
0.010173,
0.01004,
0.0099083,
0.0097777,
0.0096483,
0.0095199,
0.0093927,
0.0092667,
0.0091417,
0.0090178,
0.0088951,
0.0087735,
0.0086529,
0.0085335,
0.0084152,
0.0082979,
0.0081817,
0.0080667,
0.0079527,
0.0078397,
0.0077279,
0.0076171,
0.0075073,
0.0073986,
0.007291,
0.0071844,
0.0070789,
0.0069744,
0.006871,
0.0067685,
0.0066671,
0.0065667,
0.0064674,
0.006369,
0.0062717,
0.0061754,
0.00608,
0.0059857,
0.0058923,
0.0058,
0.0057086,
0.0056182,
0.0055287,
0.0054403,
0.0053528,
0.0052662,
0.0051806,
0.005096,
0.0050123,
0.0049295,
0.0048476,
0.0047667,
0.0046867,
0.0046077,
0.0045295,
0.0044523,
0.0043759,
0.0043005,
0.0042259,
0.0041523,
0.0040795,
0.0040076,
0.0039366,
0.0038664,
0.0037971,
0.0037286,
0.003661,
0.0035943,
0.0035284,
0.0034633,
0.0033991,
0.0033357,
0.0032731,
0.0032113,
0.0031503,
0.0030901,
0.0030308,
0.0029722,
0.0029144,
0.0028574,
0.0028012,
0.0027457,
0.002691,
0.0026371,
0.0025839,
0.0025315,
0.0024798,
0.0024289,
0.0023787,
0.0023292,
0.0022804,
0.0022324,
0.002185,
0.0021384,
0.0020925,
0.0020472,
0.0020027,
0.0019588,
0.0019156,
0.0018731,
0.0018312,
0.00179,
0.0017495,
0.0017096,
0.0016704,
0.0016318,
0.0015938,
0.0015564,
0.0015197,
0.0014836,
0.0014481,
0.0014132,
0.0013789,
0.0013452,
0.001312,
0.0012795,
0.0012475,
0.0012161,
0.0011853,
0.001155,
0.0011253,
0.0010961,
0.0010674,
0.0010393,
0.0010117,
0.00098469,
0.00095815,
0.00093213,
0.00090661,
0.0008816,
0.00085708,
0.00083305,
0.0008095,
0.00078643,
0.00076383,
0.00074171,
0.00072004,
0.00069883,
0.00067807,
0.00065775,
0.00063788,
0.00061843,
0.00059942,
0.00058083,
0.00056265,
0.00054489,
0.00052753,
0.00051057,
0.00049401,
0.00047784,
0.00046205,
0.00044664,
0.0004316,
0.00041694,
0.00040263,
0.00038868,
0.00037508,
0.00036183,
0.00034892,
0.00033635,
0.00032411,
0.00031219,
0.00030059,
0.00028931,
0.00027833,
0.00026766,
0.00025729,
0.00024722,
0.00023743,
0.00022793,
0.0002187,
0.00020975,
0.00020107,
0.00019265,
0.0001845,
0.00017659,
0.00016894,
0.00016153,
0.00015435,
0.00014742,
0.00014071,
0.00013423,
0.00012797,
0.00012192,
0.00011609,
0.00011046,
0.00010503,
9.9803e-05,
9.4767e-05,
8.9919e-05,
8.5255e-05,
8.077e-05,
7.6461e-05,
7.2322e-05,
6.835e-05,
6.454e-05,
6.0888e-05,
5.739e-05,
5.4042e-05,
5.0839e-05,
4.7778e-05,
4.4854e-05,
4.2064e-05,
3.9404e-05,
3.6869e-05,
3.4457e-05,
3.2162e-05,
2.9982e-05,
2.7913e-05,
2.5951e-05,
2.4093e-05,
2.2335e-05,
2.0673e-05,
1.9104e-05,
1.7624e-05,
1.6232e-05,
1.4922e-05,
1.3692e-05,
1.2538e-05,
1.1458e-05,
1.0448e-05,
9.506e-06,
8.6281e-06,
7.8118e-06,
7.054e-06,
6.3522e-06,
5.7035e-06,
5.1052e-06,
4.5548e-06,
4.0497e-06,
3.5873e-06,
3.1654e-06,
2.7815e-06,
2.4333e-06,
2.1186e-06,
1.8351e-06,
1.5809e-06,
1.3539e-06,
1.1521e-06,
9.7354e-07,
8.1647e-07,
6.7909e-07,
5.5973e-07,
4.5675e-07,
3.686e-07,
2.9381e-07,
2.3097e-07,
1.7875e-07,
1.3589e-07,
1.0122e-07,
7.3621e-08,
5.2077e-08,
3.5635e-08,
2.3423e-08,
1.465e-08,
8.6033e-09,
4.6524e-09,
2.2478e-09,
9.2238e-10,
2.9238e-10,
5.786e-11,
3.6229e-12,
0,