-8.1491e-17,
1.2919e-12,
2.0625e-11,
1.0417e-10,
3.2849e-10,
8.0013e-10,
1.6553e-09,
3.0597e-09,
5.2077e-09,
8.3225e-09,
1.2656e-08,
1.8486e-08,
2.6122e-08,
3.5896e-08,
4.817e-08,
6.3333e-08,
8.1797e-08,
1.04e-07,
1.3042e-07,
1.6153e-07,
1.9786e-07,
2.3994e-07,
2.8834e-07,
3.4364e-07,
4.0647e-07,
4.7746e-07,
5.5725e-07,
6.4655e-07,
7.4604e-07,
8.5646e-07,
9.7855e-07,
1.1131e-06,
1.2609e-06,
1.4227e-06,
1.5993e-06,
1.7918e-06,
2.0008e-06,
2.2273e-06,
2.4722e-06,
2.7364e-06,
3.0209e-06,
3.3267e-06,
3.6546e-06,
4.0059e-06,
4.3813e-06,
4.7821e-06,
5.2092e-06,
5.6637e-06,
6.1467e-06,
6.6594e-06,
7.2027e-06,
7.778e-06,
8.3862e-06,
9.0287e-06,
9.7064e-06,
1.0421e-05,
1.1173e-05,
1.1964e-05,
1.2795e-05,
1.3668e-05,
1.4584e-05,
1.5543e-05,
1.6548e-05,
1.76e-05,
1.8699e-05,
1.9848e-05,
2.1047e-05,
2.2298e-05,
2.3603e-05,
2.4962e-05,
2.6377e-05,
2.7849e-05,
2.9381e-05,
3.0973e-05,
3.2626e-05,
3.4342e-05,
3.6123e-05,
3.797e-05,
3.9885e-05,
4.1868e-05,
4.3922e-05,
4.6047e-05,
4.8246e-05,
5.052e-05,
5.287e-05,
5.5298e-05,
5.7805e-05,
6.0394e-05,
6.3064e-05,
6.5819e-05,
6.8659e-05,
7.1586e-05,
7.4602e-05,
7.7708e-05,
8.0906e-05,
8.4197e-05,
8.7583e-05,
9.1065e-05,
9.4646e-05,
9.8326e-05,
0.00010211,
0.00010599,
0.00010998,
0.00011407,
0.00011828,
0.00012259,
0.00012701,
0.00013154,
0.00013619,
0.00014096,
0.00014584,
0.00015084,
0.00015596,
0.0001612,
0.00016657,
0.00017206,
0.00017768,
0.00018343,
0.00018931,
0.00019532,
0.00020146,
0.00020774,
0.00021415,
0.00022071,
0.0002274,
0.00023424,
0.00024121,
0.00024834,
0.00025561,
0.00026302,
0.00027059,
0.00027831,
0.00028618,
0.00029421,
0.00030239,
0.00031073,
0.00031923,
0.00032789,
0.00033671,
0.0003457,
0.00035485,
0.00036417,
0.00037366,
0.00038332,
0.00039315,
0.00040315,
0.00041333,
0.00042369,
0.00043422,
0.00044494,
0.00045583,
0.00046691,
0.00047817,
0.00048962,
0.00050126,
0.00051308,
0.0005251,
0.0005373,
0.00054971,
0.0005623,
0.00057509,
0.00058808,
0.00060127,
0.00061466,
0.00062825,
0.00064205,
0.00065605,
0.00067026,
0.00068468,
0.0006993,
0.00071414,
0.00072919,
0.00074445,
0.00075993,
0.00077562,
0.00079153,
0.00080767,
0.00082402,
0.00084059,
0.00085739,
0.00087441,
0.00089166,
0.00090913,
0.00092684,
0.00094477,
0.00096294,
0.00098133,
0.00099996,
0.0010188,
0.0010379,
0.0010573,
0.0010768,
0.0010967,
0.0011167,
0.001137,
0.0011576,
0.0011784,
0.0011994,
0.0012207,
0.0012422,
0.001264,
0.001286,
0.0013083,
0.0013308,
0.0013536,
0.0013767,
0.0014,
0.0014235,
0.0014474,
0.0014714,
0.0014958,
0.0015204,
0.0015452,
0.0015703,
0.0015957,
0.0016214,
0.0016473,
0.0016735,
0.0016999,
0.0017266,
0.0017536,
0.0017809,
0.0018084,
0.0018362,
0.0018643,
0.0018927,
0.0019213,
0.0019502,
0.0019794,
0.0020088,
0.0020386,
0.0020686,
0.0020989,
0.0021295,
0.0021603,
0.0021915,
0.0022229,
0.0022546,
0.0022866,
0.0023189,
0.0023514,
0.0023843,
0.0024174,
0.0024508,
0.0024845,
0.0025185,
0.0025528,
0.0025874,
0.0026223,
0.0026574,
0.0026929,
0.0027286,
0.0027646,
0.002801,
0.0028376,
0.0028745,
0.0029117,
0.0029492,
0.002987,
0.0030251,
0.0030635,
0.0031022,
0.0031411,
0.0031804,
0.00322,
0.0032599,
0.0033,
0.0033405,
0.0033813,
0.0034223,
0.0034637,
0.0035054,
0.0035473,
0.0035896,
0.0036322,
0.003675,
0.0037182,
0.0037617,
0.0038054,
0.0038495,
0.0038939,
0.0039385,
0.0039835,
0.0040288,
0.0040743,
0.0041202,
0.0041664,
0.0042129,
0.0042596,
0.0043067,
0.0043541,
0.0044018,
0.0044497,
0.004498,
0.0045466,
0.0045955,
0.0046447,
0.0046941,
0.0047439,
0.004794,
0.0048444,
0.0048951,
0.004946,
0.0049973,
0.0050489,
0.0051008,
0.005153,
0.0052054,
0.0052582,
0.0053113,
0.0053646,
0.0054183,
0.0054723,
0.0055265,
0.0055811,
0.0056359,
0.0056911,
0.0057465,
0.0058022,
0.0058583,
0.0059146,
0.0059712,
0.0060281,
0.0060853,
0.0061428,
0.0062006,
0.0062586,
0.006317,
0.0063756,
0.0064346,
0.0064938,
0.0065533,
0.0066131,
0.0066732,
0.0067336,
0.0067942,
0.0068552,
0.0069164,
0.0069779,
0.0070397,
0.0071017,
0.0071641,
0.0072267,
0.0072896,
0.0073528,
0.0074163,
0.00748,
0.007544,
0.0076083,
0.0076729,
0.0077377,
0.0078028,
0.0078682,
0.0079338,
0.0079998,
0.008066,
0.0081324,
0.0081991,
0.0082661,
0.0083334,
0.0084009,
0.0084687,
0.0085367,
0.008605,
0.0086736,
0.0087424,
0.0088115,
0.0088808,
0.0089504,
0.0090202,
0.0090903,
0.0091607,
0.0092313,
0.0093021,
0.0093732,
0.0094446,
0.0095162,
0.009588,
0.0096601,
0.0097324,
0.0098049,
0.0098777,
0.0099508,
0.010024,
0.010098,
0.010171,
0.010245,
0.01032,
0.010394,
0.010469,
0.010544,
0.010619,
0.010694,
0.01077,
0.010845,
0.010921,
0.010998,
0.011074,
0.011151,
0.011228,
0.011305,
0.011382,
0.01146,
0.011537,
0.011615,
0.011693,
0.011772,
0.01185,
0.011929,
0.012008,
0.012087,
0.012167,
0.012246,
0.012326,
0.012406,
0.012486,
0.012566,
0.012647,
0.012728,
0.012808,
0.012889,
0.012971,
0.013052,
0.013134,
0.013215,
0.013297,
0.01338,
0.013462,
0.013544,
0.013627,
0.01371,
0.013793,
0.013876,
0.013959,
0.014042,
0.014126,
0.01421,
0.014294,
0.014378,
0.014462,
0.014546,
0.014631,
0.014715,
0.0148,
0.014885,
0.01497,
0.015055,
0.015141,
0.015226,
0.015312,
0.015398,
0.015483,
0.015569,
0.015655,
0.015742,
0.015828,
0.015914,
0.016001,
0.016088,
0.016174,
0.016261,
0.016348,
0.016435,
0.016523,
0.01661,
0.016697,
0.016785,
0.016873,
0.01696,
0.017048,
0.017136,
0.017224,
0.017312,
0.0174,
0.017488,
0.017577,
0.017665,
0.017754,
0.017842,
0.017931,
0.018019,
0.018108,
0.018197,
0.018286,
0.018375,
0.018464,
0.018553,
0.018642,
0.018731,
0.01882,
0.018909,
0.018999,
0.019088,
0.019177,
0.019267,
0.019356,
0.019446,
0.019535,
0.019625,
0.019714,
0.019804,
0.019894,
0.019983,
0.020073,
0.020163,
0.020253,
0.020342,
0.020432,
0.020522,
0.020612,
0.020701,
0.020791,
0.020881,
0.020971,
0.02106,
0.02115,
0.02124,
0.02133,
0.021419,
0.021509,
0.021599,
0.021689,
0.021778,
0.021868,
0.021958,
0.022047,
0.022137,
0.022226,
0.022316,
0.022405,
0.022495,
0.022584,
0.022673,
0.022763,
0.022852,
0.022941,
0.02303,
0.023119,
0.023209,
0.023298,
0.023386,
0.023475,
0.023564,
0.023653,
0.023742,
0.02383,
0.023919,
0.024007,
0.024096,
0.024184,
0.024272,
0.02436,
0.024449,
0.024537,
0.024624,
0.024712,
0.0248,
0.024888,
0.024975,
0.025063,
0.02515,
0.025237,
0.025324,
0.025411,
0.025498,
0.025585,
0.025672,
0.025758,
0.025845,
0.025931,
0.026017,
0.026103,
0.026189,
0.026275,
0.026361,
0.026446,
0.026532,
0.026617,
0.026702,
0.026787,
0.026872,
0.026957,
0.027041,
0.027126,
0.02721,
0.027294,
0.027378,
0.027462,
0.027546,
0.027629,
0.027713,
0.027796,
0.027879,
0.027962,
0.028044,
0.028127,
0.028209,
0.028291,
0.028373,
0.028455,
0.028537,
0.028618,
0.028699,
0.028781,
0.028861,
0.028942,
0.029023,
0.029103,
0.029183,
0.029263,
0.029343,
0.029422,
0.029502,
0.029581,
0.02966,
0.029738,
0.029817,
0.029895,
0.029973,
0.030051,
0.030129,
0.030206,
0.030283,
0.03036,
0.030437,
0.030513,
0.03059,
0.030666,
0.030742,
0.030817,
0.030893,
0.030968,
0.031043,
0.031117,
0.031192,
0.031266,
0.03134,
0.031414,
0.031487,
0.03156,
0.031633,
0.031706,
0.031778,
0.03185,
0.031922,
0.031994,
0.032066,
0.032137,
0.032208,
0.032278,
0.032349,
0.032419,
0.032489,
0.032558,
0.032628,
0.032697,
0.032765,
0.032834,
0.032902,
0.03297,
0.033038,
0.033105,
0.033172,
0.033239,
0.033306,
0.033372,
0.033438,
0.033504,
0.033569,
0.033634,
0.033699,
0.033763,
0.033828,
0.033892,
0.033955,
0.034019,
0.034082,
0.034145,
0.034207,
0.034269,
0.034331,
0.034393,
0.034454,
0.034515,
0.034576,
0.034636,
0.034696,
0.034756,
0.034815,
0.034874,
0.034933,
0.034992,
0.03505,
0.035108,
0.035165,
0.035223,
0.03528,
0.035336,
0.035393,
0.035449,
0.035504,
0.03556,
0.035615,
0.035669,
0.035724,
0.035778,
0.035832,
0.035885,
0.035938,
0.035991,
0.036044,
0.036096,
0.036147,
0.036199,
0.03625,
0.036301,
0.036351,
0.036402,
0.036452,
0.036501,
0.03655,
0.036599,
0.036648,
0.036696,
0.036744,
0.036791,
0.036838,
0.036885,
0.036932,
0.036978,
0.037024,
0.03707,
0.037115,
0.03716,
0.037204,
0.037248,
0.037292,
0.037336,
0.037379,
0.037422,
0.037464,
0.037507,
0.037548,
0.03759,
0.037631,
0.037672,
0.037713,
0.037753,
0.037793,
0.037832,
0.037871,
0.03791,
0.037949,
0.037987,
0.038025,
0.038062,
0.038099,
0.038136,
0.038173,
0.038209,
0.038245,
0.03828,
0.038315,
0.03835,
0.038385,
0.038419,
0.038453,
0.038486,
0.038519,
0.038552,
0.038585,
0.038617,
0.038649,
0.03868,
0.038712,
0.038742,
0.038773,
0.038803,
0.038833,
0.038863,
0.038892,
0.038921,
0.038949,
0.038978,
0.039006,
0.039033,
0.03906,
0.039087,
0.039114,
0.03914,
0.039166,
0.039192,
0.039217,
0.039243,
0.039267,
0.039292,
0.039316,
0.03934,
0.039363,
0.039386,
0.039409,
0.039432,
0.039454,
0.039476,
0.039497,
0.039519,
0.03954,
0.039561,
0.039581,
0.039601,
0.039621,
0.03964,
0.03966,
0.039679,
0.039697,
0.039716,
0.039734,
0.039751,
0.039769,
0.039786,
0.039803,
0.039819,
0.039836,
0.039852,
0.039867,
0.039883,
0.039898,
0.039913,
0.039928,
0.039942,
0.039956,
0.03997,
0.039983,
0.039996,
0.040009,
0.040022,
0.040035,
0.040047,
0.040059,
0.04007,
0.040082,
0.040093,
0.040104,
0.040114,
0.040125,
0.040135,
0.040145,
0.040154,
0.040164,
0.040173,
0.040182,
0.04019,
0.040199,
0.040207,
0.040215,
0.040223,
0.04023,
0.040237,
0.040244,
0.040251,
0.040258,
0.040264,
0.04027,
0.040276,
0.040282,
0.040287,
0.040293,
0.040298,
0.040303,
0.040307,
0.040312,
0.040316,
0.04032,
0.040324,
0.040327,
0.040331,
0.040334,
0.040337,
0.04034,
0.040343,
0.040345,
0.040348,
0.04035,
0.040352,
0.040353,
0.040355,
0.040357,
0.040358,
0.040359,
0.04036,
0.040361,
0.040361,
0.040362,
0.040362,
0.040363,
0.040363,
0.040362,
0.040362,
0.040362,
0.040361,
0.040361,
0.04036,
0.040359,
0.040358,
0.040357,
0.040356,
0.040354,
0.040353,
0.040351,
0.040349,
0.040347,
0.040345,
0.040343,
0.040341,
0.040339,
0.040337,
0.040334,
0.040332,
0.040329,
0.040326,
0.040323,
0.04032,
0.040318,
0.040314,
0.040311,
0.040308,
0.040305,
0.040302,
0.040298,
0.040295,
0.040291,
0.040288,
0.040284,
0.040281,
0.040277,
0.040273,
0.040269,
0.040266,
0.040262,
0.040258,
0.040254,
0.04025,
0.040246,
0.040242,
0.040238,
0.040234,
0.04023,
0.040226,
0.040222,
0.040218,
0.040214,
0.04021,
0.040206,
0.040202,
0.040198,
0.040194,
0.040191,
0.040187,
0.040183,
0.040179,
0.040175,
0.040171,
0.040168,
0.040164,
0.04016,
0.040157,
0.040153,
0.04015,
0.040146,
0.040143,
0.040139,
0.040136,
0.040133,
0.04013,
0.040127,
0.040124,
0.040121,
0.040118,
0.040115,
0.040113,
0.04011,
0.040108,
0.040105,
0.040103,
0.040101,
0.040099,
0.040097,
0.040095,
0.040093,
0.040092,
0.04009,
0.040089,
0.040088,
0.040087,
0.040086,
0.040085,
0.040084,
0.040084,
0.040083,
0.040083,
0.040083,
0.040083,
0.040083,
0.040084,
0.040084,
0.040085,
0.040086,
0.040087,
0.040088,
0.04009,
0.040091,
0.040093,
0.040095,
0.040097,
0.0401,
0.040102,
0.040105,
0.040108,
0.040111,
0.040114,
0.040118,
0.040122,
0.040126,
0.04013,
0.040134,
0.040139,
0.040144,
0.040149,
0.040155,
0.04016,
0.040166,
0.040172,
0.040178,
0.040185,
0.040192,
0.040199,
0.040206,
0.040214,
0.040222,
0.04023,
0.040238,
0.040247,
0.040256,
0.040265,
0.040274,
0.040284,
0.040294,
0.040304,
0.040315,
0.040326,
0.040337,
0.040349,
0.04036,
0.040372,
0.040385,
0.040397,
0.04041,
0.040424,
0.040437,
0.040451,
0.040465,
0.04048,
0.040495,
0.04051,
0.040525,
0.040541,
0.040557,
0.040574,
0.040591,
0.040608,
0.040625,
0.040643,
0.040661,
0.04068,
0.040699,
0.040718,
0.040737,
0.040757,
0.040778,
0.040798,
0.040819,
0.040841,
0.040862,
0.040884,
0.040907,
0.04093,
0.040953,
0.040976,
0.041,
0.041025,
0.041049,
0.041074,
0.0411,
0.041126,
0.041152,
0.041178,
0.041205,
0.041233,
0.04126,
0.041289,
0.041317,
0.041346,
0.041376,
0.041405,
0.041435,
0.041466,
0.041497,
0.041528,
0.04156,
0.041592,
0.041625,
0.041658,
0.041691,
0.041725,
0.041759,
0.041794,
0.041829,
0.041865,
0.0419,
0.041937,
0.041974,
0.042011,
0.042048,
0.042086,
0.042125,
0.042164,
0.042203,
0.042243,
0.042283,
0.042324,
0.042365,
0.042406,
0.042448,
0.042491,
0.042533,
0.042577,
0.04262,
0.042665,
0.042709,
0.042754,
0.0428,
0.042845,
0.042892,
0.042939,
0.042986,
0.043034,
0.043082,
0.04313,
0.043179,
0.043229,
0.043279,
0.043329,
0.04338,
0.043431,
0.043483,
0.043535,
0.043588,
0.043641,
0.043694,
0.043748,
0.043803,
0.043858,
0.043913,
0.043969,
0.044025,
0.044082,
0.044139,
0.044197,
0.044255,
0.044313,
0.044372,
0.044432,
0.044492,
0.044552,
0.044613,
0.044674,
0.044736,
0.044798,
0.044861,
0.044924,
0.044987,
0.045051,
0.045116,
0.045181,
0.045246,
0.045312,
0.045378,
0.045445,
0.045512,
0.04558,
0.045648,
0.045716,
0.045785,
0.045855,
0.045925,
0.045995,
0.046066,
0.046137,
0.046209,
0.046281,
0.046353,
0.046426,
0.0465,
0.046574,
0.046648,
0.046723,
0.046798,
0.046874,
0.04695,
0.047027,
0.047104,
0.047181,
0.047259,
0.047337,
0.047416,
0.047495,
0.047575,
0.047655,
0.047735,
0.047816,
0.047898,
0.04798,
0.048062,
0.048144,
0.048228,
0.048311,
0.048395,
0.048479,
0.048564,
0.048649,
0.048735,
0.048821,
0.048907,
0.048994,
0.049081,
0.049169,
0.049257,
0.049346,
0.049435,
0.049524,
0.049614,
0.049704,
0.049794,
0.049885,
0.049977,
0.050068,
0.05016,
0.050253,
0.050346,
0.050439,
0.050533,
0.050627,
0.050721,
0.050816,
0.050911,
0.051007,
0.051103,
0.051199,
0.051296,
0.051393,
0.051491,
0.051588,
0.051687,
0.051785,
0.051884,
0.051983,
0.052083,
0.052183,
0.052284,
0.052384,
0.052485,
0.052587,
0.052688,
0.052791,
0.052893,
0.052996,
0.053099,
0.053202,
0.053306,
0.05341,
0.053515,
0.05362,
0.053725,
0.05383,
0.053936,
0.054042,
0.054148,
0.054255,
0.054362,
0.054469,
0.054577,
0.054685,
0.054793,
0.054902,
0.05501,
0.05512,
0.055229,
0.055339,
0.055449,
0.055559,
0.055669,
0.05578,
0.055891,
0.056003,
0.056114,
0.056226,
0.056338,
0.056451,
0.056563,
0.056676,
0.05679,
0.056903,
0.057017,
0.057131,
0.057245,
0.057359,
0.057474,
0.057589,
0.057704,
0.057819,
0.057935,
0.05805,
0.058166,
0.058283,
0.058399,
0.058516,
0.058633,
0.05875,
0.058867,
0.058984,
0.059102,
0.05922,
0.059338,
0.059456,
0.059574,
0.059693,
0.059812,
0.059931,
0.06005,
0.060169,
0.060288,
0.060408,
0.060528,
0.060648,
0.060768,
0.060888,
0.061008,
0.061129,
0.061249,
0.06137,
0.061491,
0.061612,
0.061733,
0.061854,
0.061976,
0.062097,
0.062219,
0.06234,
0.062462,
0.062584,
0.062706,
0.062828,
0.06295,
0.063073,
0.063195,
0.063317,
0.06344,
0.063563,
0.063685,
0.063808,
0.063931,
0.064054,
0.064177,
0.0643,
0.064423,
0.064546,
0.064669,
0.064792,
0.064915,
0.065038,
0.065162,
0.065285,
0.065408,
0.065532,
0.065655,
0.065778,
0.065902,
0.066025,
0.066148,
0.066272,
0.066395,
0.066518,
0.066642,
0.066765,
0.066888,
0.067012,
0.067135,
0.067258,
0.067381,
0.067505,
0.067628,
0.067751,
0.067874,
0.067997,
0.06812,
0.068242,
0.068365,
0.068488,
0.068611,
0.068733,
0.068856,
0.068978,
0.0691,
0.069223,
0.069345,
0.069467,
0.069589,
0.069711,
0.069832,
0.069954,
0.070075,
0.070197,
0.070318,
0.070439,
0.07056,
0.070681,
0.070802,
0.070922,
0.071043,
0.071163,
0.071283,
0.071403,
0.071523,
0.071643,
0.071762,
0.071882,
0.072001,
0.07212,
0.072239,
0.072357,
0.072476,
0.072594,
0.072712,
0.07283,
0.072948,
0.073065,
0.073183,
0.0733,
0.073416,
0.073533,
0.073649,
0.073766,
0.073882,
0.073997,
0.074113,
0.074228,
0.074343,
0.074458,
0.074572,
0.074686,
0.0748,
0.074914,
0.075027,
0.075141,
0.075253,
0.075366,
0.075478,
0.07559,
0.075702,
0.075814,
0.075925,
0.076036,
0.076146,
0.076257,
0.076367,
0.076476,
0.076586,
0.076695,
0.076803,
0.076912,
0.07702,
0.077127,
0.077235,
0.077342,
0.077449,
0.077555,
0.077661,
0.077767,
0.077872,
0.077977,
0.078081,
0.078186,
0.07829,
0.078393,
0.078496,
0.078599,
0.078701,
0.078803,
0.078905,
0.079006,
0.079107,
0.079207,
0.079307,
0.079407,
0.079506,
0.079605,
0.079703,
0.079801,
0.079898,
0.079995,
0.080092,
0.080188,
0.080284,
0.08038,
0.080475,
0.080569,
0.080663,
0.080757,
0.08085,
0.080943,
0.081035,
0.081127,
0.081218,
0.081309,
0.081399,
0.081489,
0.081579,
0.081668,
0.081756,
0.081844,
0.081932,
0.082019,
0.082105,
0.082191,
0.082277,
0.082362,
0.082446,
0.08253,
0.082614,
0.082697,
0.08278,
0.082862,
0.082943,
0.083024,
0.083105,
0.083184,
0.083264,
0.083343,
0.083421,
0.083499,
0.083576,
0.083653,
0.083729,
0.083805,
0.08388,
0.083954,
0.084028,
0.084102,
0.084175,
0.084247,
0.084319,
0.08439,
0.084461,
0.084531,
0.0846,
0.084669,
0.084738,
0.084806,
0.084873,
0.084939,
0.085005,
0.085071,
0.085136,
0.0852,
0.085264,
0.085327,
0.085389,
0.085451,
0.085513,
0.085573,
0.085633,
0.085693,
0.085752,
0.08581,
0.085868,
0.085925,
0.085981,
0.086037,
0.086093,
0.086147,
0.086201,
0.086255,
0.086307,
0.08636,
0.086411,
0.086462,
0.086512,
0.086562,
0.086611,
0.086659,
0.086707,
0.086754,
0.0868,
0.086846,
0.086892,
0.086936,
0.08698,
0.087023,
0.087066,
0.087108,
0.087149,
0.08719,
0.08723,
0.087269,
0.087308,
0.087346,
0.087383,
0.08742,
0.087456,
0.087492,
0.087527,
0.087561,
0.087594,
0.087627,
0.087659,
0.087691,
0.087722,
0.087752,
0.087781,
0.08781,
0.087839,
0.087866,
0.087893,
0.087919,
0.087945,
0.08797,
0.087994,
0.088017,
0.08804,
0.088062,
0.088084,
0.088105,
0.088125,
0.088145,
0.088163,
0.088182,
0.088199,
0.088216,
0.088232,
0.088248,
0.088263,
0.088277,
0.08829,
0.088303,
0.088315,
0.088327,
0.088338,
0.088348,
0.088357,
0.088366,
0.088374,
0.088382,
0.088389,
0.088395,
0.0884,
0.088405,
0.088409,
0.088413,
0.088416,
0.088418,
0.088419,
0.08842,
0.08842,
0.08842,
0.088419,
0.088417,
0.088415,
0.088411,
0.088408,
0.088403,
0.088398,
0.088392,
0.088386,
0.088379,
0.088371,
0.088363,
0.088354,
0.088344,
0.088334,
0.088323,
0.088311,
0.088299,
0.088286,
0.088273,
0.088258,
0.088244,
0.088228,
0.088212,
0.088195,
0.088178,
0.08816,
0.088141,
0.088122,
0.088102,
0.088082,
0.088061,
0.088039,
0.088017,
0.087994,
0.08797,
0.087946,
0.087921,
0.087896,
0.087869,
0.087843,
0.087816,
0.087788,
0.087759,
0.08773,
0.0877,
0.08767,
0.087639,
0.087608,
0.087576,
0.087543,
0.08751,
0.087476,
0.087442,
0.087407,
0.087371,
0.087335,
0.087299,
0.087261,
0.087224,
0.087185,
0.087146,
0.087107,
0.087067,
0.087026,
0.086985,
0.086944,
0.086901,
0.086859,
0.086815,
0.086772,
0.086727,
0.086682,
0.086637,
0.086591,
0.086545,
0.086498,
0.08645,
0.086402,
0.086354,
0.086305,
0.086256,
0.086206,
0.086155,
0.086104,
0.086053,
0.086001,
0.085949,
0.085896,
0.085842,
0.085789,
0.085734,
0.08568,
0.085624,
0.085569,
0.085513,
0.085456,
0.085399,
0.085342,
0.085284,
0.085226,
0.085167,
0.085108,
0.085049,
0.084989,
0.084928,
0.084868,
0.084807,
0.084745,
0.084683,
0.084621,
0.084558,
0.084495,
0.084432,
0.084368,
0.084304,
0.084239,
0.084174,
0.084109,
0.084043,
0.083977,
0.083911,
0.083845,
0.083778,
0.08371,
0.083643,
0.083575,
0.083507,
0.083438,
0.083369,
0.0833,
0.083231,
0.083161,
0.083091,
0.083021,
0.082951,
0.08288,
0.082809,
0.082738,
0.082666,
0.082594,
0.082522,
0.08245,
0.082378,
0.082305,
0.082232,
0.082159,
0.082086,
0.082012,
0.081938,
0.081864,
0.08179,
0.081716,
0.081642,
0.081567,
0.081492,
0.081417,
0.081342,
0.081267,
0.081192,
0.081116,
0.08104,
0.080965,
0.080889,
0.080813,
0.080737,
0.080661,
0.080584,
0.080508,
0.080431,
0.080355,
0.080278,
0.080202,
0.080125,
0.080048,
0.079971,
0.079895,
0.079818,
0.079741,
0.079664,
0.079587,
0.07951,
0.079433,
0.079356,
0.079279,
0.079203,
0.079126,
0.079049,
0.078972,
0.078895,
0.078819,
0.078742,
0.078666,
0.078589,
0.078513,
0.078436,
0.07836,
0.078284,
0.078208,
0.078132,
0.078057,
0.077981,
0.077905,
0.07783,
0.077755,
0.07768,
0.077605,
0.07753,
0.077456,
0.077381,
0.077307,
0.077233,
0.077159,
0.077086,
0.077012,
0.076939,
0.076866,
0.076794,
0.076721,
0.076649,
0.076577,
0.076506,
0.076434,
0.076363,
0.076292,
0.076222,
0.076152,
0.076082,
0.076012,
0.075943,
0.075874,
0.075806,
0.075738,
0.07567,
0.075602,
0.075535,
0.075469,
0.075402,
0.075336,
0.075271,
0.075206,
0.075141,
0.075077,
0.075013,
0.074949,
0.074887,
0.074824,
0.074762,
0.0747,
0.074639,
0.074579,
0.074519,
0.074459,
0.0744,
0.074341,
0.074283,
0.074226,
0.074169,
0.074113,
0.074057,
0.074001,
0.073947,
0.073893,
0.073839,
0.073786,
0.073734,
0.073682,
0.073631,
0.07358,
0.07353,
0.073481,
0.073433,
0.073385,
0.073338,
0.073291,
0.073245,
0.0732,
0.073155,
0.073112,
0.073069,
0.073026,
0.072985,
0.072944,
0.072904,
0.072864,
0.072826,
0.072788,
0.072751,
0.072714,
0.072679,
0.072644,
0.07261,
0.072577,
0.072545,
0.072513,
0.072483,
0.072453,
0.072424,
0.072396,
0.072369,
0.072343,
0.072318,
0.072293,
0.07227,
0.072247,
0.072225,
0.072205,
0.072185,
0.072166,
0.072148,
0.072131,
0.072115,
0.0721,
0.072086,
0.072073,
0.072061,
0.07205,
0.07204,
0.07203,
0.072023,
0.072016,
0.07201,
0.072005,
0.072001,
0.071998,
0.071997,
0.071996,
0.071997,
0.071998,
0.072001,
0.072005,
0.07201,
0.072016,
0.072023,
0.072032,
0.072041,
0.072052,
0.072064,
0.072077,
0.072091,
0.072107,
0.072124,
0.072141,
0.072161,
0.072181,
0.072202,
0.072225,
0.072249,
0.072274,
0.072301,
0.072329,
0.072358,
0.072388,
0.07242,
0.072453,
0.072487,
0.072523,
0.07256,
0.072598,
0.072637,
0.072678,
0.07272,
0.072764,
0.072809,
0.072855,
0.072903,
0.072952,
0.073003,
0.073054,
0.073108,
0.073162,
0.073218,
0.073276,
0.073335,
0.073395,
0.073457,
0.07352,
0.073585,
0.073651,
0.073719,
0.073788,
0.073859,
0.073931,
0.074004,
0.07408,
0.074156,
0.074234,
0.074314,
0.074395,
0.074478,
0.074562,
0.074648,
0.074735,
0.074824,
0.074915,
0.075007,
0.0751,
0.075196,
0.075292,
0.075391,
0.075491,
0.075592,
0.075696,
0.075801,
0.075907,
0.076015,
0.076125,
0.076236,
0.076349,
0.076464,
0.07658,
0.076698,
0.076818,
0.076939,
0.077062,
0.077187,
0.077313,
0.077441,
0.077571,
0.077703,
0.077836,
0.077971,
0.078107,
0.078246,
0.078386,
0.078528,
0.078671,
0.078817,
0.078964,
0.079113,
0.079263,
0.079416,
0.07957,
0.079726,
0.079883,
0.080043,
0.080204,
0.080367,
0.080532,
0.080699,
0.080867,
0.081037,
0.081209,
0.081383,
0.081559,
0.081737,
0.081916,
0.082097,
0.08228,
0.082465,
0.082652,
0.08284,
0.083031,
0.083223,
0.083417,
0.083613,
0.083811,
0.084011,
0.084213,
0.084416,
0.084621,
0.084829,
0.085038,
0.085249,
0.085462,
0.085677,
0.085894,
0.086112,
0.086333,
0.086555,
0.08678,
0.087006,
0.087234,
0.087464,
0.087697,
0.087931,
0.088166,
0.088404,
0.088644,
0.088886,
0.08913,
0.089375,
0.089623,
0.089872,
0.090124,
0.090377,
0.090633,
0.09089,
0.091149,
0.091411,
0.091674,
0.091939,
0.092206,
0.092475,
0.092746,
0.093019,
0.093294,
0.093571,
0.09385,
0.094131,
0.094414,
0.094699,
0.094986,
0.095275,
0.095566,
0.095859,
0.096154,
0.09645,
0.096749,
0.09705,
0.097353,
0.097658,
0.097965,
0.098273,
0.098584,
0.098897,
0.099212,
0.099529,
0.099847,
0.10017,
0.10049,
0.10082,
0.10114,
0.10147,
0.1018,
0.10213,
0.10247,
0.10281,
0.10315,
0.10349,
0.10383,
0.10417,
0.10452,
0.10487,
0.10522,
0.10557,
0.10593,
0.10628,
0.10664,
0.107,
0.10737,
0.10773,
0.1081,
0.10847,
0.10884,
0.10921,
0.10959,
0.10996,
0.11034,
0.11072,
0.1111,
0.11149,
0.11188,
0.11226,
0.11266,
0.11305,
0.11344,
0.11384,
0.11424,
0.11464,
0.11504,
0.11545,
0.11585,
0.11626,
0.11667,
0.11708,
0.1175,
0.11791,
0.11833,
0.11875,
0.11918,
0.1196,
0.12003,
0.12045,
0.12088,
0.12132,
0.12175,
0.12219,
0.12262,
0.12306,
0.12351,
0.12395,
0.12439,
0.12484,
0.12529,
0.12574,
0.1262,
0.12665,
0.12711,
0.12757,
0.12803,
0.12849,
0.12896,
0.12942,
0.12989,
0.13036,
0.13083,
0.13131,
0.13179,
0.13226,
0.13274,
0.13323,
0.13371,
0.13419,
0.13468,
0.13517,
0.13566,
0.13616,
0.13665,
0.13715,
0.13765,
0.13815,
0.13865,
0.13915,
0.13966,
0.14017,
0.14067,
0.14119,
0.1417,
0.14221,
0.14273,
0.14325,
0.14377,
0.14429,
0.14482,
0.14534,
0.14587,
0.1464,
0.14693,
0.14746,
0.148,
0.14853,
0.14907,
0.14961,
0.15015,
0.15069,
0.15124,
0.15179,
0.15233,
0.15288,
0.15344,
0.15399,
0.15454,
0.1551,
0.15566,
0.15622,
0.15678,
0.15735,
0.15791,
0.15848,
0.15905,
0.15962,
0.16019,
0.16076,
0.16134,
0.16191,
0.16249,
0.16307,
0.16365,
0.16424,
0.16482,
0.16541,
0.16599,
0.16658,
0.16717,
0.16777,
0.16836,
0.16896,
0.16955,
0.17015,
0.17075,
0.17135,
0.17196,
0.17256,
0.17317,
0.17378,
0.17439,
0.175,
0.17561,
0.17622,
0.17684,
0.17746,
0.17807,
0.17869,
0.17931,
0.17994,
0.18056,
0.18119,
0.18181,
0.18244,
0.18307,
0.1837,
0.18433,
0.18497,
0.1856,
0.18624,
0.18687,
0.18751,
0.18815,
0.1888,
0.18944,
0.19008,
0.19073,
0.19138,
0.19202,
0.19267,
0.19332,
0.19398,
0.19463,
0.19528,
0.19594,
0.1966,
0.19725,
0.19791,
0.19857,
0.19924,
0.1999,
0.20056,
0.20123,
0.2019,
0.20256,
0.20323,
0.2039,
0.20457,
0.20525,
0.20592,
0.20659,
0.20727,
0.20795,
0.20862,
0.2093,
0.20998,
0.21066,
0.21135,
0.21203,
0.21271,
0.2134,
0.21409,
0.21477,
0.21546,
0.21615,
0.21684,
0.21753,
0.21822,
0.21892,
0.21961,
0.22031,
0.221,
0.2217,
0.2224,
0.2231,
0.2238,
0.2245,
0.2252,
0.2259,
0.2266,
0.22731,
0.22801,
0.22872,
0.22943,
0.23013,
0.23084,
0.23155,
0.23226,
0.23297,
0.23368,
0.23439,
0.23511,
0.23582,
0.23654,
0.23725,
0.23797,
0.23868,
0.2394,
0.24012,
0.24084,
0.24156,
0.24228,
0.243,
0.24372,
0.24444,
0.24516,
0.24588,
0.24661,
0.24733,
0.24806,
0.24878,
0.24951,
0.25024,
0.25096,
0.25169,
0.25242,
0.25315,
0.25388,
0.25461,
0.25534,
0.25607,
0.2568,
0.25753,
0.25826,
0.259,
0.25973,
0.26046,
0.2612,
0.26193,
0.26267,
0.2634,
0.26414,
0.26487,
0.26561,
0.26634,
0.26708,
0.26782,
0.26856,
0.26929,
0.27003,
0.27077,
0.27151,
0.27225,
0.27299,
0.27373,
0.27447,
0.27521,
0.27595,
0.27669,
0.27743,
0.27817,
0.27891,
0.27965,
0.28039,
0.28113,
0.28187,
0.28261,
0.28336,
0.2841,
0.28484,
0.28558,
0.28632,
0.28707,
0.28781,
0.28855,
0.28929,
0.29004,
0.29078,
0.29152,
0.29226,
0.293,
0.29375,
0.29449,
0.29523,
0.29597,
0.29672,
0.29746,
0.2982,
0.29894,
0.29968,
0.30042,
0.30117,
0.30191,
0.30265,
0.30339,
0.30413,
0.30487,
0.30561,
0.30635,
0.30709,
0.30783,
0.30857,
0.30931,
0.31005,
0.31079,
0.31153,
0.31227,
0.31301,
0.31374,
0.31448,
0.31522,
0.31596,
0.31669,
0.31743,
0.31817,
0.3189,
0.31964,
0.32037,
0.32111,
0.32184,
0.32257,
0.32331,
0.32404,
0.32477,
0.3255,
0.32624,
0.32697,
0.3277,
0.32843,
0.32916,
0.32989,
0.33061,
0.33134,
0.33207,
0.3328,
0.33352,
0.33425,
0.33497,
0.3357,
0.33642,
0.33715,
0.33787,
0.33859,
0.33931,
0.34003,
0.34075,
0.34147,
0.34219,
0.34291,
0.34363,
0.34435,
0.34506,
0.34578,
0.34649,
0.34721,
0.34792,
0.34863,
0.34934,
0.35005,
0.35076,
0.35147,
0.35218,
0.35289,
0.3536,
0.3543,
0.35501,
0.35571,
0.35642,
0.35712,
0.35782,
0.35852,
0.35922,
0.35992,
0.36062,
0.36132,
0.36201,
0.36271,
0.3634,
0.3641,
0.36479,
0.36548,
0.36617,
0.36686,
0.36755,
0.36824,
0.36892,
0.36961,
0.37029,
0.37098,
0.37166,
0.37234,
0.37302,
0.3737,
0.37438,
0.37505,
0.37573,
0.3764,
0.37708,
0.37775,
0.37842,
0.37909,
0.37976,
0.38043,
0.38109,
0.38176,
0.38242,
0.38309,
0.38375,
0.38441,
0.38507,
0.38573,
0.38638,
0.38704,
0.38769,
0.38835,
0.389,
0.38965,
0.3903,
0.39095,
0.39159,
0.39224,
0.39288,
0.39353,
0.39417,
0.39481,
0.39545,
0.39608,
0.39672,
0.39735,
0.39799,
0.39862,
0.39925,
0.39988,
0.40051,
0.40113,
0.40176,
0.40238,
0.403,
0.40362,
0.40424,
0.40486,
0.40547,
0.40609,
0.4067,
0.40731,
0.40792,
0.40853,
0.40914,
0.40974,
0.41035,
0.41095,
0.41155,
0.41215,
0.41275,
0.41335,
0.41394,
0.41453,
0.41512,
0.41571,
0.4163,
0.41689,
0.41747,
0.41806,
0.41864,
0.41922,
0.4198,
0.42037,
0.42095,
0.42152,
0.42209,
0.42267,
0.42323,
0.4238,
0.42437,
0.42493,
0.42549,
0.42605,
0.42661,
0.42717,
0.42772,
0.42827,
0.42883,
0.42937,
0.42992,
0.43047,
0.43101,
0.43156,
0.4321,
0.43264,
0.43317,
0.43371,
0.43424,
0.43477,
0.4353,
0.43583,
0.43636,
0.43688,
0.43741,
0.43793,
0.43845,
0.43896,
0.43948,
0.43999,
0.44051,
0.44102,
0.44152,
0.44203,
0.44253,
0.44304,
0.44354,
0.44404,
0.44453,
0.44503,
0.44552,
0.44601,
0.4465,
0.44699,
0.44747,
0.44796,
0.44844,
0.44892,
0.4494,
0.44987,
0.45034,
0.45082,
0.45129,
0.45175,
0.45222,
0.45268,
0.45315,
0.45361,
0.45406,
0.45452,
0.45497,
0.45543,
0.45588,
0.45632,
0.45677,
0.45722,
0.45766,
0.4581,
0.45854,
0.45897,
0.45941,
0.45984,
0.46027,
0.4607,
0.46112,
0.46155,
0.46197,
0.46239,
0.46281,
0.46322,
0.46363,
0.46405,
0.46446,
0.46486,
0.46527,
0.46567,
0.46607,
0.46647,
0.46687,
0.46727,
0.46766,
0.46805,
0.46844,
0.46883,
0.46921,
0.46959,
0.46997,
0.47035,
0.47073,
0.4711,
0.47148,
0.47185,
0.47221,
0.47258,
0.47294,
0.47331,
0.47367,
0.47402,
0.47438,
0.47473,
0.47508,
0.47543,
0.47578,
0.47613,
0.47647,
0.47681,
0.47715,
0.47748,
0.47782,
0.47815,
0.47848,
0.47881,
0.47914,
0.47946,
0.47978,
0.4801,
0.48042,
0.48073,
0.48105,
0.48136,
0.48167,
0.48197,
0.48228,
0.48258,
0.48288,
0.48318,
0.48348,
0.48377,
0.48406,
0.48435,
0.48464,
0.48493,
0.48521,
0.48549,
0.48577,
0.48605,
0.48632,
0.4866,
0.48687,
0.48714,
0.4874,
0.48767,
0.48793,
0.48819,
0.48845,
0.4887,
0.48896,
0.48921,
0.48946,
0.48971,
0.48995,
0.49019,
0.49044,
0.49068,
0.49091,
0.49115,
0.49138,
0.49161,
0.49184,
0.49207,
0.49229,
0.49251,
0.49273,
0.49295,
0.49317,
0.49338,
0.49359,
0.4938,
0.49401,
0.49422,
0.49442,
0.49462,
0.49482,
0.49502,
0.49521,
0.49541,
0.4956,
0.49579,
0.49597,
0.49616,
0.49634,
0.49652,
0.4967,
0.49688,
0.49705,
0.49722,
0.49739,
0.49756,
0.49773,
0.49789,
0.49806,
0.49822,
0.49838,
0.49853,
0.49869,
0.49884,
0.49899,
0.49914,
0.49928,
0.49943,
0.49957,
0.49971,
0.49985,
0.49998,
0.50012,
0.50025,
0.50038,
0.50051,
0.50064,
0.50076,
0.50088,
0.501,
0.50112,
0.50124,
0.50135,
0.50147,
0.50158,
0.50169,
0.50179,
0.5019,
0.502,
0.5021,
0.5022,
0.5023,
0.50239,
0.50249,
0.50258,
0.50267,
0.50276,
0.50284,
0.50292,
0.50301,
0.50309,
0.50317,
0.50324,
0.50332,
0.50339,
0.50346,
0.50353,
0.5036,
0.50366,
0.50372,
0.50379,
0.50385,
0.5039,
0.50396,
0.50401,
0.50407,
0.50412,
0.50417,
0.50421,
0.50426,
0.5043,
0.50435,
0.50439,
0.50442,
0.50446,
0.50449,
0.50453,
0.50456,
0.50459,
0.50462,
0.50464,
0.50467,
0.50469,
0.50471,
0.50473,
0.50475,
0.50476,
0.50478,
0.50479,
0.5048,
0.50481,
0.50482,
0.50482,
0.50483,
0.50483,
0.50483,
0.50483,
0.50483,
0.50482,
0.50482,
0.50481,
0.5048,
0.50479,
0.50478,
0.50476,
0.50475,
0.50473,
0.50471,
0.50469,
0.50467,
0.50465,
0.50462,
0.5046,
0.50457,
0.50454,
0.50451,
0.50448,
0.50444,
0.50441,
0.50437,
0.50433,
0.50429,
0.50425,
0.50421,
0.50417,
0.50412,
0.50407,
0.50402,
0.50397,
0.50392,
0.50387,
0.50381,
0.50376,
0.5037,
0.50364,
0.50358,
0.50352,
0.50346,
0.50339,
0.50333,
0.50326,
0.50319,
0.50312,
0.50305,
0.50298,
0.50291,
0.50283,
0.50276,
0.50268,
0.5026,
0.50252,
0.50244,
0.50236,
0.50227,
0.50219,
0.5021,
0.50201,
0.50192,
0.50183,
0.50174,
0.50165,
0.50155,
0.50146,
0.50136,
0.50126,
0.50116,
0.50106,
0.50096,
0.50086,
0.50076,
0.50065,
0.50055,
0.50044,
0.50033,
0.50022,
0.50011,
0.5,
0.49989,
0.49977,
0.49966,
0.49954,
0.49942,
0.49931,
0.49919,
0.49907,
0.49894,
0.49882,
0.4987,
0.49857,
0.49845,
0.49832,
0.49819,
0.49806,
0.49793,
0.4978,
0.49767,
0.49754,
0.4974,
0.49727,
0.49713,
0.497,
0.49686,
0.49672,
0.49658,
0.49644,
0.4963,
0.49616,
0.49601,
0.49587,
0.49572,
0.49558,
0.49543,
0.49528,
0.49513,
0.49498,
0.49483,
0.49468,
0.49453,
0.49438,
0.49422,
0.49407,
0.49391,
0.49376,
0.4936,
0.49344,
0.49328,
0.49312,
0.49296,
0.4928,
0.49264,
0.49248,
0.49231,
0.49215,
0.49198,
0.49182,
0.49165,
0.49148,
0.49132,
0.49115,
0.49098,
0.49081,
0.49064,
0.49047,
0.49029,
0.49012,
0.48995,
0.48977,
0.4896,
0.48942,
0.48925,
0.48907,
0.48889,
0.48872,
0.48854,
0.48836,
0.48818,
0.488,
0.48782,
0.48763,
0.48745,
0.48727,
0.48709,
0.4869,
0.48672,
0.48653,
0.48635,
0.48616,
0.48597,
0.48579,
0.4856,
0.48541,
0.48522,
0.48503,
0.48484,
0.48465,
0.48446,
0.48427,
0.48408,
0.48389,
0.48369,
0.4835,
0.48331,
0.48311,
0.48292,
0.48272,
0.48253,
0.48233,
0.48214,
0.48194,
0.48174,
0.48154,
0.48135,
0.48115,
0.48095,
0.48075,
0.48055,
0.48035,
0.48015,
0.47995,
0.47975,
0.47955,
0.47935,
0.47915,
0.47894,
0.47874,
0.47854,
0.47834,
0.47813,
0.47793,
0.47772,
0.47752,
0.47732,
0.47711,
0.47691,
0.4767,
0.47649,
0.47629,
0.47608,
0.47588,
0.47567,
0.47546,
0.47526,
0.47505,
0.47484,
0.47463,
0.47442,
0.47422,
0.47401,
0.4738,
0.47359,
0.47338,
0.47317,
0.47296,
0.47275,
0.47254,
0.47233,
0.47212,
0.47191,
0.4717,
0.47149,
0.47128,
0.47107,
0.47086,
0.47065,
0.47044,
0.47023,
0.47002,
0.46981,
0.46959,
0.46938,
0.46917,
0.46896,
0.46875,
0.46854,
0.46832,
0.46811,
0.4679,
0.46769,
0.46748,
0.46726,
0.46705,
0.46684,
0.46663,
0.46641,
0.4662,
0.46599,
0.46578,
0.46556,
0.46535,
0.46514,
0.46493,
0.46471,
0.4645,
0.46429,
0.46408,
0.46386,
0.46365,
0.46344,
0.46323,
0.46302,
0.4628,
0.46259,
0.46238,
0.46217,
0.46195,
0.46174,
0.46153,
0.46132,
0.46111,
0.4609,
0.46068,
0.46047,
0.46026,
0.46005,
0.45984,
0.45963,
0.45942,
0.45921,
0.45899,
0.45878,
0.45857,
0.45836,
0.45815,
0.45794,
0.45773,
0.45752,
0.45731,
0.4571,
0.45689,
0.45668,
0.45647,
0.45627,
0.45606,
0.45585,
0.45564,
0.45543,
0.45522,
0.45501,
0.45481,
0.4546,
0.45439,
0.45418,
0.45398,
0.45377,
0.45356,
0.45336,
0.45315,
0.45294,
0.45274,
0.45253,
0.45233,
0.45212,
0.45192,
0.45171,
0.45151,
0.4513,
0.4511,
0.4509,
0.45069,
0.45049,
0.45028,
0.45008,
0.44988,
0.44968,
0.44947,
0.44927,
0.44907,
0.44887,
0.44867,
0.44847,
0.44827,
0.44807,
0.44787,
0.44767,
0.44747,
0.44727,
0.44707,
0.44687,
0.44667,
0.44648,
0.44628,
0.44608,
0.44588,
0.44569,
0.44549,
0.44529,
0.4451,
0.4449,
0.44471,
0.44451,
0.44432,
0.44412,
0.44393,
0.44374,
0.44354,
0.44335,
0.44316,
0.44296,
0.44277,
0.44258,
0.44239,
0.4422,
0.44201,
0.44182,
0.44163,
0.44144,
0.44125,
0.44106,
0.44087,
0.44068,
0.4405,
0.44031,
0.44012,
0.43993,
0.43975,
0.43956,
0.43938,
0.43919,
0.43901,
0.43882,
0.43864,
0.43845,
0.43827,
0.43809,
0.4379,
0.43772,
0.43754,
0.43736,
0.43718,
0.437,
0.43682,
0.43664,
0.43646,
0.43628,
0.4361,
0.43592,
0.43574,
0.43557,
0.43539,
0.43521,
0.43503,
0.43486,
0.43468,
0.43451,
0.43433,
0.43416,
0.43399,
0.43381,
0.43364,
0.43347,
0.43329,
0.43312,
0.43295,
0.43278,
0.43261,
0.43244,
0.43227,
0.4321,
0.43193,
0.43176,
0.43159,
0.43143,
0.43126,
0.43109,
0.43093,
0.43076,
0.43059,
0.43043,
0.43026,
0.4301,
0.42994,
0.42977,
0.42961,
0.42945,
0.42929,
0.42912,
0.42896,
0.4288,
0.42864,
0.42848,
0.42832,
0.42816,
0.428,
0.42785,
0.42769,
0.42753,
0.42737,
0.42722,
0.42706,
0.42691,
0.42675,
0.4266,
0.42644,
0.42629,
0.42613,
0.42598,
0.42583,
0.42568,
0.42553,
0.42537,
0.42522,
0.42507,
0.42492,
0.42477,
0.42463,
0.42448,
0.42433,
0.42418,
0.42403,
0.42389,
0.42374,
0.4236,
0.42345,
0.42331,
0.42316,
0.42302,
0.42287,
0.42273,
0.42259,
0.42244,
0.4223,
0.42216,
0.42202,
0.42188,
0.42174,
0.4216,
0.42146,
0.42132,
0.42118,
0.42105,
0.42091,
0.42077,
0.42064,
0.4205,
0.42036,
0.42023,
0.42009,
0.41996,
0.41983,
0.41969,
0.41956,
0.41943,
0.4193,
0.41916,
0.41903,
0.4189,
0.41877,
0.41864,
0.41851,
0.41838,
0.41825,
0.41813,
0.418,
0.41787,
0.41775,
0.41762,
0.41749,
0.41737,
0.41724,
0.41712,
0.41699,
0.41687,
0.41675,
0.41662,
0.4165,
0.41638,
0.41626,
0.41614,
0.41602,
0.4159,
0.41578,
0.41566,
0.41554,
0.41542,
0.4153,
0.41518,
0.41506,
0.41495,
0.41483,
0.41472,
0.4146,
0.41448,
0.41437,
0.41426,
0.41414,
0.41403,
0.41391,
0.4138,
0.41369,
0.41358,
0.41347,
0.41336,
0.41324,
0.41313,
0.41302,
0.41292,
0.41281,
0.4127,
0.41259,
0.41248,
0.41237,
0.41227,
0.41216,
0.41206,
0.41195,
0.41184,
0.41174,
0.41163,
0.41153,
0.41143,
0.41132,
0.41122,
0.41112,
0.41102,
0.41091,
0.41081,
0.41071,
0.41061,
0.41051,
0.41041,
0.41031,
0.41021,
0.41011,
0.41002,
0.40992,
0.40982,
0.40972,
0.40963,
0.40953,
0.40944,
0.40934,
0.40924,
0.40915,
0.40906,
0.40896,
0.40887,
0.40877,
0.40868,
0.40859,
0.4085,
0.40841,
0.40831,
0.40822,
0.40813,
0.40804,
0.40795,
0.40786,
0.40777,
0.40768,
0.4076,
0.40751,
0.40742,
0.40733,
0.40725,
0.40716,
0.40707,
0.40699,
0.4069,
0.40682,
0.40673,
0.40665,
0.40656,
0.40648,
0.4064,
0.40631,
0.40623,
0.40615,
0.40607,
0.40598,
0.4059,
0.40582,
0.40574,
0.40566,
0.40558,
0.4055,
0.40542,
0.40534,
0.40526,
0.40518,
0.40511,
0.40503,
0.40495,
0.40487,
0.4048,
0.40472,
0.40464,
0.40457,
0.40449,
0.40442,
0.40434,
0.40427,
0.40419,
0.40412,
0.40405,
0.40397,
0.4039,
0.40383,
0.40376,
0.40368,
0.40361,
0.40354,
0.40347,
0.4034,
0.40333,
0.40326,
0.40319,
0.40312,
0.40305,
0.40298,
0.40291,
0.40285,
0.40278,
0.40271,
0.40264,
0.40257,
0.40251,
0.40244,
0.40238,
0.40231,
0.40224,
0.40218,
0.40211,
0.40205,
0.40198,
0.40192,
0.40186,
0.40179,
0.40173,
0.40167,
0.4016,
0.40154,
0.40148,
0.40142,
0.40135,
0.40129,
0.40123,
0.40117,
0.40111,
0.40105,
0.40099,
0.40093,
0.40087,
0.40081,
0.40075,
0.40069,
0.40064,
0.40058,
0.40052,
0.40046,
0.4004,
0.40035,
0.40029,
0.40023,
0.40018,
0.40012,
0.40007,
0.40001,
0.39995,
0.3999,
0.39984,
0.39979,
0.39974,
0.39968,
0.39963,
0.39957,
0.39952,
0.39947,
0.39941,
0.39936,
0.39931,
0.39926,
0.39921,
0.39915,
0.3991,
0.39905,
0.399,
0.39895,
0.3989,
0.39885,
0.3988,
0.39875,
0.3987,
0.39865,
0.3986,
0.39855,
0.39851,
0.39846,
0.39841,
0.39836,
0.39831,
0.39827,
0.39822,
0.39817,
0.39813,
0.39808,
0.39803,
0.39799,
0.39794,
0.3979,
0.39785,
0.3978,
0.39776,
0.39772,
0.39767,
0.39763,
0.39758,
0.39754,
0.3975,
0.39745,
0.39741,
0.39737,
0.39732,
0.39728,
0.39724,
0.3972,
0.39715,
0.39711,
0.39707,
0.39703,
0.39699,
0.39695,
0.39691,
0.39687,
0.39683,
0.39679,
0.39675,
0.39671,
0.39667,
0.39663,
0.39659,
0.39655,
0.39651,
0.39648,
0.39644,
0.3964,
0.39636,
0.39633,
0.39629,
0.39625,
0.39621,
0.39618,
0.39614,
0.39611,
0.39607,
0.39603,
0.396,
0.39596,
0.39593,
0.39589,
0.39586,
0.39582,
0.39579,
0.39575,
0.39572,
0.39569,
0.39565,
0.39562,
0.39559,
0.39555,
0.39552,
0.39549,
0.39546,
0.39542,
0.39539,
0.39536,
0.39533,
0.3953,
0.39527,
0.39524,
0.3952,
0.39517,
0.39514,
0.39511,
0.39508,
0.39505,
0.39502,
0.39499,
0.39497,
0.39494,
0.39491,
0.39488,
0.39485,
0.39482,
0.39479,
0.39477,
0.39474,
0.39471,
0.39468,
0.39466,
0.39463,
0.3946,
0.39458,
0.39455,
0.39453,
0.3945,
0.39447,
0.39445,
0.39442,
0.3944,
0.39437,
0.39435,
0.39432,
0.3943,
0.39428,
0.39425,
0.39423,
0.39421,
0.39418,
0.39416,
0.39414,
0.39411,
0.39409,
0.39407,
0.39405,
0.39402,
0.394,
0.39398,
0.39396,
0.39394,
0.39392,
0.3939,
0.39388,
0.39386,
0.39384,
0.39382,
0.3938,
0.39378,
0.39376,
0.39374,
0.39372,
0.3937,
0.39368,
0.39366,
0.39365,
0.39363,
0.39361,
0.39359,
0.39358,
0.39356,
0.39354,
0.39353,
0.39351,
0.39349,
0.39348,
0.39346,
0.39345,
0.39343,
0.39342,
0.3934,
0.39339,
0.39337,
0.39336,
0.39334,
0.39333,
0.39332,
0.3933,
0.39329,
0.39328,
0.39326,
0.39325,
0.39324,
0.39323,
0.39321,
0.3932,
0.39319,
0.39318,
0.39317,
0.39316,
0.39315,
0.39314,
0.39312,
0.39311,
0.39311,
0.3931,
0.39309,
0.39308,
0.39307,
0.39306,
0.39305,
0.39304,
0.39303,
0.39303,
0.39302,
0.39301,
0.393,
0.393,
0.39299,
0.39298,
0.39298,
0.39297,
0.39297,
0.39296,
0.39295,
0.39295,
0.39294,
0.39294,
0.39293,
0.39293,
0.39293,
0.39292,
0.39292,
0.39292,
0.39291,
0.39291,
0.39291,
0.3929,
0.3929,
0.3929,
0.3929,
0.3929,
0.3929,
0.39289,
0.39289,
0.39289,
0.39289,
0.39289,
0.39289,
0.39289,
0.39289,
0.39289,
0.3929,
0.3929,
0.3929,
0.3929,
0.3929,
0.3929,
0.39291,
0.39291,
0.39291,
0.39292,
0.39292,
0.39292,
0.39293,
0.39293,
0.39294,
0.39294,
0.39295,
0.39295,
0.39296,
0.39296,
0.39297,
0.39297,
0.39298,
0.39299,
0.39299,
0.393,
0.39301,
0.39302,
0.39302,
0.39303,
0.39304,
0.39305,
0.39306,
0.39307,
0.39308,
0.39308,
0.39309,
0.3931,
0.39311,
0.39313,
0.39314,
0.39315,
0.39316,
0.39317,
0.39318,
0.39319,
0.39321,
0.39322,
0.39323,
0.39324,
0.39326,
0.39327,
0.39329,
0.3933,
0.39331,
0.39333,
0.39334,
0.39336,
0.39337,
0.39339,
0.3934,
0.39342,
0.39344,
0.39345,
0.39347,
0.39349,
0.3935,
0.39352,
0.39354,
0.39356,
0.39358,
0.39359,
0.39361,
0.39363,
0.39365,
0.39367,
0.39369,
0.39371,
0.39373,
0.39375,
0.39377,
0.39379,
0.39381,
0.39384,
0.39386,
0.39388,
0.3939,
0.39392,
0.39395,
0.39397,
0.39399,
0.39402,
0.39404,
0.39406,
0.39409,
0.39411,
0.39414,
0.39416,
0.39419,
0.39421,
0.39424,
0.39426,
0.39429,
0.39432,
0.39434,
0.39437,
0.3944,
0.39442,
0.39445,
0.39448,
0.39451,
0.39453,
0.39456,
0.39459,
0.39462,
0.39465,
0.39468,
0.39471,
0.39474,
0.39477,
0.3948,
0.39483,
0.39486,
0.39489,
0.39492,
0.39495,
0.39498,
0.39502,
0.39505,
0.39508,
0.39511,
0.39514,
0.39518,
0.39521,
0.39524,
0.39528,
0.39531,
0.39534,
0.39538,
0.39541,
0.39545,
0.39548,
0.39552,
0.39555,
0.39559,
0.39562,
0.39566,
0.3957,
0.39573,
0.39577,
0.3958,
0.39584,
0.39588,
0.39592,
0.39595,
0.39599,
0.39603,
0.39607,
0.3961,
0.39614,
0.39618,
0.39622,
0.39626,
0.3963,
0.39634,
0.39638,
0.39642,
0.39646,
0.3965,
0.39654,
0.39658,
0.39662,
0.39666,
0.3967,
0.39674,
0.39678,
0.39682,
0.39686,
0.39691,
0.39695,
0.39699,
0.39703,
0.39707,
0.39712,
0.39716,
0.3972,
0.39724,
0.39729,
0.39733,
0.39737,
0.39742,
0.39746,
0.39751,
0.39755,
0.39759,
0.39764,
0.39768,
0.39773,
0.39777,
0.39782,
0.39786,
0.39791,
0.39795,
0.398,
0.39804,
0.39809,
0.39813,
0.39818,
0.39822,
0.39827,
0.39832,
0.39836,
0.39841,
0.39846,
0.3985,
0.39855,
0.39859,
0.39864,
0.39869,
0.39874,
0.39878,
0.39883,
0.39888,
0.39892,
0.39897,
0.39902,
0.39907,
0.39911,
0.39916,
0.39921,
0.39926,
0.39931,
0.39935,
0.3994,
0.39945,
0.3995,
0.39955,
0.3996,
0.39964,
0.39969,
0.39974,
0.39979,
0.39984,
0.39989,
0.39994,
0.39998,
0.40003,
0.40008,
0.40013,
0.40018,
0.40023,
0.40028,
0.40033,
0.40038,
0.40043,
0.40047,
0.40052,
0.40057,
0.40062,
0.40067,
0.40072,
0.40077,
0.40082,
0.40087,
0.40092,
0.40097,
0.40102,
0.40106,
0.40111,
0.40116,
0.40121,
0.40126,
0.40131,
0.40136,
0.40141,
0.40146,
0.40151,
0.40156,
0.4016,
0.40165,
0.4017,
0.40175,
0.4018,
0.40185,
0.4019,
0.40195,
0.40199,
0.40204,
0.40209,
0.40214,
0.40219,
0.40224,
0.40229,
0.40233,
0.40238,
0.40243,
0.40248,
0.40253,
0.40257,
0.40262,
0.40267,
0.40272,
0.40276,
0.40281,
0.40286,
0.40291,
0.40295,
0.403,
0.40305,
0.40309,
0.40314,
0.40319,
0.40323,
0.40328,
0.40332,
0.40337,
0.40342,
0.40346,
0.40351,
0.40355,
0.4036,
0.40364,
0.40369,
0.40373,
0.40378,
0.40382,
0.40387,
0.40391,
0.40396,
0.404,
0.40404,
0.40409,
0.40413,
0.40418,
0.40422,
0.40426,
0.4043,
0.40435,
0.40439,
0.40443,
0.40447,
0.40452,
0.40456,
0.4046,
0.40464,
0.40468,
0.40472,
0.40476,
0.4048,
0.40484,
0.40488,
0.40492,
0.40496,
0.405,
0.40504,
0.40508,
0.40512,
0.40516,
0.4052,
0.40523,
0.40527,
0.40531,
0.40535,
0.40538,
0.40542,
0.40546,
0.40549,
0.40553,
0.40557,
0.4056,
0.40564,
0.40567,
0.40571,
0.40574,
0.40577,
0.40581,
0.40584,
0.40587,
0.40591,
0.40594,
0.40597,
0.40601,
0.40604,
0.40607,
0.4061,
0.40613,
0.40616,
0.40619,
0.40622,
0.40625,
0.40628,
0.40631,
0.40634,
0.40637,
0.40639,
0.40642,
0.40645,
0.40648,
0.4065,
0.40653,
0.40656,
0.40658,
0.40661,
0.40663,
0.40666,
0.40668,
0.4067,
0.40673,
0.40675,
0.40677,
0.4068,
0.40682,
0.40684,
0.40686,
0.40688,
0.4069,
0.40692,
0.40694,
0.40696,
0.40698,
0.407,
0.40702,
0.40704,
0.40705,
0.40707,
0.40709,
0.4071,
0.40712,
0.40713,
0.40715,
0.40716,
0.40718,
0.40719,
0.4072,
0.40722,
0.40723,
0.40724,
0.40725,
0.40727,
0.40728,
0.40729,
0.4073,
0.40731,
0.40731,
0.40732,
0.40733,
0.40734,
0.40735,
0.40735,
0.40736,
0.40736,
0.40737,
0.40737,
0.40738,
0.40738,
0.40739,
0.40739,
0.40739,
0.40739,
0.4074,
0.4074,
0.4074,
0.4074,
0.4074,
0.4074,
0.4074,
0.40739,
0.40739,
0.40739,
0.40739,
0.40738,
0.40738,
0.40737,
0.40737,
0.40736,
0.40735,
0.40735,
0.40734,
0.40733,
0.40732,
0.40732,
0.40731,
0.4073,
0.40729,
0.40727,
0.40726,
0.40725,
0.40724,
0.40723,
0.40721,
0.4072,
0.40718,
0.40717,
0.40715,
0.40714,
0.40712,
0.4071,
0.40708,
0.40707,
0.40705,
0.40703,
0.40701,
0.40699,
0.40697,
0.40694,
0.40692,
0.4069,
0.40688,
0.40685,
0.40683,
0.4068,
0.40678,
0.40675,
0.40672,
0.4067,
0.40667,
0.40664,
0.40661,
0.40658,
0.40655,
0.40652,
0.40649,
0.40646,
0.40642,
0.40639,
0.40636,
0.40632,
0.40629,
0.40625,
0.40622,
0.40618,
0.40614,
0.40611,
0.40607,
0.40603,
0.40599,
0.40595,
0.40591,
0.40587,
0.40583,
0.40578,
0.40574,
0.4057,
0.40565,
0.40561,
0.40556,
0.40552,
0.40547,
0.40542,
0.40537,
0.40533,
0.40528,
0.40523,
0.40518,
0.40513,
0.40508,
0.40502,
0.40497,
0.40492,
0.40486,
0.40481,
0.40476,
0.4047,
0.40464,
0.40459,
0.40453,
0.40447,
0.40441,
0.40435,
0.40429,
0.40423,
0.40417,
0.40411,
0.40405,
0.40399,
0.40392,
0.40386,
0.4038,
0.40373,
0.40366,
0.4036,
0.40353,
0.40346,
0.4034,
0.40333,
0.40326,
0.40319,
0.40312,
0.40305,
0.40297,
0.4029,
0.40283,
0.40275,
0.40268,
0.40261,
0.40253,
0.40245,
0.40238,
0.4023,
0.40222,
0.40214,
0.40207,
0.40199,
0.40191,
0.40183,
0.40174,
0.40166,
0.40158,
0.4015,
0.40141,
0.40133,
0.40124,
0.40116,
0.40107,
0.40099,
0.4009,
0.40081,
0.40072,
0.40063,
0.40054,
0.40045,
0.40036,
0.40027,
0.40018,
0.40009,
0.4,
0.3999,
0.39981,
0.39971,
0.39962,
0.39952,
0.39943,
0.39933,
0.39923,
0.39913,
0.39904,
0.39894,
0.39884,
0.39874,
0.39864,
0.39853,
0.39843,
0.39833,
0.39823,
0.39812,
0.39802,
0.39792,
0.39781,
0.3977,
0.3976,
0.39749,
0.39738,
0.39728,
0.39717,
0.39706,
0.39695,
0.39684,
0.39673,
0.39662,
0.39651,
0.3964,
0.39628,
0.39617,
0.39606,
0.39594,
0.39583,
0.39571,
0.3956,
0.39548,
0.39537,
0.39525,
0.39513,
0.39501,
0.3949,
0.39478,
0.39466,
0.39454,
0.39442,
0.3943,
0.39418,
0.39405,
0.39393,
0.39381,
0.39369,
0.39356,
0.39344,
0.39331,
0.39319,
0.39306,
0.39294,
0.39281,
0.39269,
0.39256,
0.39243,
0.3923,
0.39218,
0.39205,
0.39192,
0.39179,
0.39166,
0.39153,
0.3914,
0.39127,
0.39113,
0.391,
0.39087,
0.39074,
0.3906,
0.39047,
0.39034,
0.3902,
0.39007,
0.38993,
0.3898,
0.38966,
0.38953,
0.38939,
0.38925,
0.38912,
0.38898,
0.38884,
0.3887,
0.38857,
0.38843,
0.38829,
0.38815,
0.38801,
0.38787,
0.38773,
0.38759,
0.38745,
0.38731,
0.38717,
0.38703,
0.38688,
0.38674,
0.3866,
0.38646,
0.38631,
0.38617,
0.38603,
0.38588,
0.38574,
0.3856,
0.38545,
0.38531,
0.38516,
0.38502,
0.38487,
0.38473,
0.38458,
0.38443,
0.38429,
0.38414,
0.384,
0.38385,
0.3837,
0.38356,
0.38341,
0.38326,
0.38311,
0.38297,
0.38282,
0.38267,
0.38252,
0.38237,
0.38223,
0.38208,
0.38193,
0.38178,
0.38163,
0.38148,
0.38133,
0.38119,
0.38104,
0.38089,
0.38074,
0.38059,
0.38044,
0.38029,
0.38014,
0.37999,
0.37984,
0.37969,
0.37954,
0.37939,
0.37924,
0.37909,
0.37894,
0.37879,
0.37864,
0.37849,
0.37834,
0.37819,
0.37805,
0.3779,
0.37775,
0.3776,
0.37745,
0.3773,
0.37715,
0.377,
0.37685,
0.3767,
0.37655,
0.3764,
0.37625,
0.37611,
0.37596,
0.37581,
0.37566,
0.37551,
0.37536,
0.37522,
0.37507,
0.37492,
0.37477,
0.37463,
0.37448,
0.37433,
0.37418,
0.37404,
0.37389,
0.37375,
0.3736,
0.37345,
0.37331,
0.37316,
0.37302,
0.37287,
0.37273,
0.37258,
0.37244,
0.3723,
0.37215,
0.37201,
0.37187,
0.37172,
0.37158,
0.37144,
0.3713,
0.37116,
0.37102,
0.37088,
0.37073,
0.37059,
0.37046,
0.37032,
0.37018,
0.37004,
0.3699,
0.36976,
0.36963,
0.36949,
0.36935,
0.36922,
0.36908,
0.36895,
0.36881,
0.36868,
0.36854,
0.36841,
0.36828,
0.36814,
0.36801,
0.36788,
0.36775,
0.36762,
0.36749,
0.36736,
0.36723,
0.3671,
0.36697,
0.36685,
0.36672,
0.3666,
0.36647,
0.36634,
0.36622,
0.3661,
0.36597,
0.36585,
0.36573,
0.36561,
0.36549,
0.36537,
0.36525,
0.36513,
0.36501,
0.36489,
0.36478,
0.36466,
0.36455,
0.36443,
0.36432,
0.36421,
0.36409,
0.36398,
0.36387,
0.36376,
0.36365,
0.36354,
0.36343,
0.36333,
0.36322,
0.36312,
0.36301,
0.36291,
0.36281,
0.3627,
0.3626,
0.3625,
0.3624,
0.3623,
0.36221,
0.36211,
0.36201,
0.36192,
0.36182,
0.36173,
0.36164,
0.36155,
0.36145,
0.36136,
0.36128,
0.36119,
0.3611,
0.36102,
0.36093,
0.36085,
0.36076,
0.36068,
0.3606,
0.36052,
0.36044,
0.36037,
0.36029,
0.36021,
0.36014,
0.36007,
0.35999,
0.35992,
0.35985,
0.35978,
0.35971,
0.35965,
0.35958,
0.35952,
0.35945,
0.35939,
0.35933,
0.35927,
0.35921,
0.35915,
0.3591,
0.35904,
0.35899,
0.35893,
0.35888,
0.35883,
0.35878,
0.35874,
0.35869,
0.35864,
0.3586,
0.35856,
0.35852,
0.35848,
0.35844,
0.3584,
0.35836,
0.35833,
0.35829,
0.35826,
0.35823,
0.3582,
0.35817,
0.35815,
0.35812,
0.3581,
0.35807,
0.35805,
0.35803,
0.35801,
0.358,
0.35798,
0.35797,
0.35795,
0.35794,
0.35793,
0.35793,
0.35792,
0.35791,
0.35791,
0.35791,
0.35791,
0.35791,
0.35791,
0.35791,
0.35792,
0.35793,
0.35793,
0.35794,
0.35796,
0.35797,
0.35798,
0.358,
0.35802,
0.35804,
0.35806,
0.35808,
0.35811,
0.35813,
0.35816,
0.35819,
0.35822,
0.35825,
0.35829,
0.35832,
0.35836,
0.3584,
0.35844,
0.35849,
0.35853,
0.35858,
0.35863,
0.35868,
0.35873,
0.35878,
0.35884,
0.35889,
0.35895,
0.35901,
0.35907,
0.35914,
0.35921,
0.35927,
0.35934,
0.35941,
0.35949,
0.35956,
0.35964,
0.35972,
0.3598,
0.35988,
0.35997,
0.36005,
0.36014,
0.36023,
0.36032,
0.36042,
0.36051,
0.36061,
0.36071,
0.36081,
0.36091,
0.36102,
0.36113,
0.36124,
0.36135,
0.36146,
0.36158,
0.36169,
0.36181,
0.36193,
0.36206,
0.36218,
0.36231,
0.36244,
0.36257,
0.3627,
0.36284,
0.36298,
0.36312,
0.36326,
0.3634,
0.36355,
0.3637,
0.36385,
0.364,
0.36415,
0.36431,
0.36447,
0.36463,
0.36479,
0.36495,
0.36512,
0.36529,
0.36546,
0.36563,
0.36581,
0.36598,
0.36616,
0.36635,
0.36653,
0.36671,
0.3669,
0.36709,
0.36729,
0.36748,
0.36768,
0.36788,
0.36808,
0.36828,
0.36849,
0.36869,
0.3689,
0.36912,
0.36933,
0.36955,
0.36977,
0.36999,
0.37021,
0.37044,
0.37066,
0.3709,
0.37113,
0.37136,
0.3716,
0.37184,
0.37208,
0.37232,
0.37257,
0.37282,
0.37307,
0.37332,
0.37358,
0.37383,
0.37409,
0.37436,
0.37462,
0.37489,
0.37516,
0.37543,
0.3757,
0.37598,
0.37626,
0.37654,
0.37682,
0.37711,
0.37739,
0.37768,
0.37798,
0.37827,
0.37857,
0.37887,
0.37917,
0.37947,
0.37978,
0.38009,
0.3804,
0.38071,
0.38103,
0.38135,
0.38167,
0.38199,
0.38232,
0.38264,
0.38298,
0.38331,
0.38364,
0.38398,
0.38432,
0.38466,
0.38501,
0.38535,
0.3857,
0.38606,
0.38641,
0.38677,
0.38713,
0.38749,
0.38785,
0.38822,
0.38859,
0.38896,
0.38933,
0.38971,
0.39009,
0.39047,
0.39085,
0.39124,
0.39162,
0.39201,
0.39241,
0.3928,
0.3932,
0.3936,
0.394,
0.39441,
0.39482,
0.39523,
0.39564,
0.39605,
0.39647,
0.39689,
0.39731,
0.39774,
0.39816,
0.39859,
0.39903,
0.39946,
0.3999,
0.40034,
0.40078,
0.40122,
0.40167,
0.40212,
0.40257,
0.40302,
0.40348,
0.40394,
0.4044,
0.40486,
0.40533,
0.4058,
0.40627,
0.40674,
0.40722,
0.4077,
0.40818,
0.40866,
0.40914,
0.40963,
0.41012,
0.41062,
0.41111,
0.41161,
0.41211,
0.41261,
0.41311,
0.41362,
0.41413,
0.41464,
0.41516,
0.41568,
0.41619,
0.41672,
0.41724,
0.41777,
0.4183,
0.41883,
0.41936,
0.4199,
0.42044,
0.42098,
0.42152,
0.42206,
0.42261,
0.42316,
0.42372,
0.42427,
0.42483,
0.42539,
0.42595,
0.42652,
0.42708,
0.42765,
0.42822,
0.4288,
0.42937,
0.42995,
0.43053,
0.43112,
0.4317,
0.43229,
0.43288,
0.43348,
0.43407,
0.43467,
0.43527,
0.43587,
0.43647,
0.43708,
0.43769,
0.4383,
0.43892,
0.43953,
0.44015,
0.44077,
0.44139,
0.44202,
0.44265,
0.44328,
0.44391,
0.44454,
0.44518,
0.44582,
0.44646,
0.4471,
0.44775,
0.44839,
0.44904,
0.4497,
0.45035,
0.45101,
0.45167,
0.45233,
0.45299,
0.45366,
0.45433,
0.455,
0.45567,
0.45634,
0.45702,
0.4577,
0.45838,
0.45906,
0.45975,
0.46043,
0.46112,
0.46182,
0.46251,
0.46321,
0.4639,
0.4646,
0.46531,
0.46601,
0.46672,
0.46743,
0.46814,
0.46885,
0.46956,
0.47028,
0.471,
0.47172,
0.47245,
0.47317,
0.4739,
0.47463,
0.47536,
0.47609,
0.47683,
0.47757,
0.47831,
0.47905,
0.47979,
0.48054,
0.48129,
0.48203,
0.48279,
0.48354,
0.4843,
0.48505,
0.48581,
0.48657,
0.48734,
0.4881,
0.48887,
0.48964,
0.49041,
0.49118,
0.49196,
0.49274,
0.49351,
0.49429,
0.49508,
0.49586,
0.49665,
0.49744,
0.49823,
0.49902,
0.49981,
0.50061,
0.5014,
0.5022,
0.503,
0.50381,
0.50461,
0.50542,
0.50622,
0.50703,
0.50785,
0.50866,
0.50947,
0.51029,
0.51111,
0.51193,
0.51275,
0.51357,
0.5144,
0.51523,
0.51605,
0.51688,
0.51772,
0.51855,
0.51938,
0.52022,
0.52106,
0.5219,
0.52274,
0.52359,
0.52443,
0.52528,
0.52612,
0.52697,
0.52783,
0.52868,
0.52953,
0.53039,
0.53125,
0.5321,
0.53296,
0.53383,
0.53469,
0.53555,
0.53642,
0.53729,
0.53816,
0.53903,
0.5399,
0.54077,
0.54165,
0.54252,
0.5434,
0.54428,
0.54516,
0.54604,
0.54693,
0.54781,
0.5487,
0.54958,
0.55047,
0.55136,
0.55225,
0.55315,
0.55404,
0.55494,
0.55583,
0.55673,
0.55763,
0.55853,
0.55943,
0.56033,
0.56124,
0.56214,
0.56305,
0.56395,
0.56486,
0.56577,
0.56668,
0.5676,
0.56851,
0.56942,
0.57034,
0.57125,
0.57217,
0.57309,
0.57401,
0.57493,
0.57585,
0.57678,
0.5777,
0.57862,
0.57955,
0.58048,
0.5814,
0.58233,
0.58326,
0.58419,
0.58513,
0.58606,
0.58699,
0.58793,
0.58886,
0.5898,
0.59074,
0.59167,
0.59261,
0.59355,
0.59449,
0.59543,
0.59638,
0.59732,
0.59826,
0.59921,
0.60015,
0.6011,
0.60205,
0.60299,
0.60394,
0.60489,
0.60584,
0.60679,
0.60774,
0.6087,
0.60965,
0.6106,
0.61156,
0.61251,
0.61347,
0.61442,
0.61538,
0.61633,
0.61729,
0.61825,
0.61921,
0.62017,
0.62113,
0.62209,
0.62305,
0.62401,
0.62497,
0.62593,
0.6269,
0.62786,
0.62882,
0.62979,
0.63075,
0.63172,
0.63268,
0.63365,
0.63461,
0.63558,
0.63655,
0.63752,
0.63848,
0.63945,
0.64042,
0.64139,
0.64236,
0.64332,
0.64429,
0.64526,
0.64623,
0.6472,
0.64817,
0.64914,
0.65011,
0.65109,
0.65206,
0.65303,
0.654,
0.65497,
0.65594,
0.65691,
0.65788,
0.65886,
0.65983,
0.6608,
0.66177,
0.66274,
0.66372,
0.66469,
0.66566,
0.66663,
0.66761,
0.66858,
0.66955,
0.67052,
0.67149,
0.67246,
0.67344,
0.67441,
0.67538,
0.67635,
0.67732,
0.67829,
0.67926,
0.68024,
0.68121,
0.68218,
0.68315,
0.68412,
0.68509,
0.68606,
0.68703,
0.68799,
0.68896,
0.68993,
0.6909,
0.69187,
0.69284,
0.6938,
0.69477,
0.69574,
0.6967,
0.69767,
0.69863,
0.6996,
0.70056,
0.70153,
0.70249,
0.70345,
0.70442,
0.70538,
0.70634,
0.7073,
0.70826,
0.70922,
0.71018,
0.71114,
0.7121,
0.71306,
0.71402,
0.71497,
0.71593,
0.71688,
0.71784,
0.71879,
0.71975,
0.7207,
0.72165,
0.7226,
0.72356,
0.72451,
0.72545,
0.7264,
0.72735,
0.7283,
0.72925,
0.73019,
0.73114,
0.73208,
0.73302,
0.73397,
0.73491,
0.73585,
0.73679,
0.73773,
0.73867,
0.7396,
0.74054,
0.74147,
0.74241,
0.74334,
0.74427,
0.74521,
0.74614,
0.74707,
0.74799,
0.74892,
0.74985,
0.75077,
0.7517,
0.75262,
0.75354,
0.75447,
0.75539,
0.7563,
0.75722,
0.75814,
0.75905,
0.75997,
0.76088,
0.76179,
0.76271,
0.76362,
0.76452,
0.76543,
0.76634,
0.76724,
0.76815,
0.76905,
0.76995,
0.77085,
0.77175,
0.77264,
0.77354,
0.77443,
0.77533,
0.77622,
0.77711,
0.778,
0.77889,
0.77977,
0.78066,
0.78154,
0.78242,
0.7833,
0.78418,
0.78506,
0.78593,
0.78681,
0.78768,
0.78855,
0.78942,
0.79029,
0.79116,
0.79202,
0.79289,
0.79375,
0.79461,
0.79547,
0.79633,
0.79718,
0.79804,
0.79889,
0.79974,
0.80059,
0.80144,
0.80228,
0.80313,
0.80397,
0.80481,
0.80565,
0.80648,
0.80732,
0.80815,
0.80899,
0.80982,
0.81064,
0.81147,
0.8123,
0.81312,
0.81394,
0.81476,
0.81558,
0.81639,
0.81721,
0.81802,
0.81883,
0.81963,
0.82044,
0.82124,
0.82205,
0.82285,
0.82365,
0.82444,
0.82524,
0.82603,
0.82682,
0.82761,
0.82839,
0.82918,
0.82996,
0.83074,
0.83152,
0.83229,
0.83307,
0.83384,
0.83461,
0.83538,
0.83614,
0.83691,
0.83767,
0.83843,
0.83918,
0.83994,
0.84069,
0.84144,
0.84219,
0.84294,
0.84368,
0.84442,
0.84516,
0.8459,
0.84664,
0.84737,
0.8481,
0.84883,
0.84955,
0.85028,
0.851,
0.85172,
0.85244,
0.85315,
0.85386,
0.85457,
0.85528,
0.85598,
0.85669,
0.85739,
0.85809,
0.85878,
0.85948,
0.86017,
0.86085,
0.86154,
0.86222,
0.86291,
0.86358,
0.86426,
0.86493,
0.86561,
0.86627,
0.86694,
0.8676,
0.86827,
0.86892,
0.86958,
0.87023,
0.87089,
0.87153,
0.87218,
0.87282,
0.87347,
0.8741,
0.87474,
0.87537,
0.876,
0.87663,
0.87726,
0.87788,
0.8785,
0.87912,
0.87973,
0.88035,
0.88095,
0.88156,
0.88217,
0.88277,
0.88337,
0.88396,
0.88456,
0.88515,
0.88574,
0.88632,
0.8869,
0.88748,
0.88806,
0.88863,
0.88921,
0.88978,
0.89034,
0.8909,
0.89147,
0.89202,
0.89258,
0.89313,
0.89368,
0.89423,
0.89477,
0.89531,
0.89585,
0.89638,
0.89692,
0.89745,
0.89797,
0.8985,
0.89902,
0.89954,
0.90005,
0.90056,
0.90107,
0.90158,
0.90208,
0.90258,
0.90308,
0.90358,
0.90407,
0.90456,
0.90504,
0.90553,
0.90601,
0.90648,
0.90696,
0.90743,
0.9079,
0.90836,
0.90883,
0.90928,
0.90974,
0.91019,
0.91065,
0.91109,
0.91154,
0.91198,
0.91242,
0.91285,
0.91328,
0.91371,
0.91414,
0.91456,
0.91498,
0.9154,
0.91581,
0.91623,
0.91663,
0.91704,
0.91744,
0.91784,
0.91823,
0.91863,
0.91902,
0.9194,
0.91979,
0.92017,
0.92054,
0.92092,
0.92129,
0.92166,
0.92202,
0.92238,
0.92274,
0.9231,
0.92345,
0.9238,
0.92414,
0.92449,
0.92483,
0.92516,
0.9255,
0.92583,
0.92615,
0.92648,
0.9268,
0.92712,
0.92743,
0.92774,
0.92805,
0.92835,
0.92866,
0.92895,
0.92925,
0.92954,
0.92983,
0.93012,
0.9304,
0.93068,
0.93095,
0.93123,
0.9315,
0.93176,
0.93203,
0.93229,
0.93254,
0.9328,
0.93305,
0.9333,
0.93354,
0.93378,
0.93402,
0.93425,
0.93448,
0.93471,
0.93494,
0.93516,
0.93538,
0.93559,
0.9358,
0.93601,
0.93622,
0.93642,
0.93662,
0.93681,
0.93701,
0.9372,
0.93738,
0.93756,
0.93774,
0.93792,
0.93809,
0.93826,
0.93843,
0.93859,
0.93875,
0.93891,
0.93906,
0.93921,
0.93936,
0.9395,
0.93964,
0.93978,
0.93992,
0.94005,
0.94017,
0.9403,
0.94042,
0.94054,
0.94065,
0.94076,
0.94087,
0.94098,
0.94108,
0.94118,
0.94127,
0.94136,
0.94145,
0.94154,
0.94162,
0.9417,
0.94178,
0.94185,
0.94192,
0.94198,
0.94205,
0.94211,
0.94216,
0.94221,
0.94226,
0.94231,
0.94235,
0.94239,
0.94243,
0.94247,
0.9425,
0.94252,
0.94255,
0.94257,
0.94259,
0.9426,
0.94261,
0.94262,
0.94262,
0.94263,
0.94262,
0.94262,
0.94261,
0.9426,
0.94259,
0.94257,
0.94255,
0.94252,
0.9425,
0.94247,
0.94243,
0.9424,
0.94236,
0.94231,
0.94227,
0.94222,
0.94216,
0.94211,
0.94205,
0.94199,
0.94192,
0.94185,
0.94178,
0.94171,
0.94163,
0.94155,
0.94147,
0.94138,
0.94129,
0.9412,
0.9411,
0.941,
0.9409,
0.94079,
0.94068,
0.94057,
0.94045,
0.94034,
0.94022,
0.94009,
0.93996,
0.93983,
0.9397,
0.93956,
0.93942,
0.93928,
0.93913,
0.93898,
0.93883,
0.93868,
0.93852,
0.93836,
0.93819,
0.93803,
0.93786,
0.93768,
0.93751,
0.93733,
0.93715,
0.93696,
0.93677,
0.93658,
0.93639,
0.93619,
0.93599,
0.93579,
0.93558,
0.93537,
0.93516,
0.93494,
0.93473,
0.93451,
0.93428,
0.93405,
0.93382,
0.93359,
0.93336,
0.93312,
0.93288,
0.93263,
0.93239,
0.93214,
0.93188,
0.93163,
0.93137,
0.93111,
0.93084,
0.93058,
0.93031,
0.93003,
0.92976,
0.92948,
0.9292,
0.92891,
0.92863,
0.92834,
0.92804,
0.92775,
0.92745,
0.92715,
0.92684,
0.92654,
0.92623,
0.92592,
0.9256,
0.92528,
0.92496,
0.92464,
0.92432,
0.92399,
0.92366,
0.92332,
0.92299,
0.92265,
0.9223,
0.92196,
0.92161,
0.92126,
0.92091,
0.92056,
0.9202,
0.91984,
0.91947,
0.91911,
0.91874,
0.91837,
0.918,
0.91762,
0.91724,
0.91686,
0.91648,
0.91609,
0.9157,
0.91531,
0.91492,
0.91452,
0.91412,
0.91372,
0.91331,
0.91291,
0.9125,
0.91209,
0.91167,
0.91126,
0.91084,
0.91042,
0.90999,
0.90957,
0.90914,
0.90871,
0.90827,
0.90784,
0.9074,
0.90696,
0.90652,
0.90607,
0.90562,
0.90517,
0.90472,
0.90427,
0.90381,
0.90335,
0.90289,
0.90242,
0.90196,
0.90149,
0.90102,
0.90055,
0.90007,
0.89959,
0.89911,
0.89863,
0.89815,
0.89766,
0.89717,
0.89668,
0.89619,
0.89569,
0.89519,
0.89469,
0.89419,
0.89369,
0.89318,
0.89267,
0.89216,
0.89165,
0.89114,
0.89062,
0.8901,
0.88958,
0.88906,
0.88853,
0.88801,
0.88748,
0.88695,
0.88641,
0.88588,
0.88534,
0.8848,
0.88426,
0.88372,
0.88317,
0.88263,
0.88208,
0.88153,
0.88097,
0.88042,
0.87986,
0.87931,
0.87874,
0.87818,
0.87762,
0.87705,
0.87649,
0.87592,
0.87534,
0.87477,
0.8742,
0.87362,
0.87304,
0.87246,
0.87188,
0.87129,
0.87071,
0.87012,
0.86953,
0.86894,
0.86835,
0.86776,
0.86716,
0.86656,
0.86596,
0.86536,
0.86476,
0.86416,
0.86355,
0.86294,
0.86233,
0.86172,
0.86111,
0.8605,
0.85988,
0.85926,
0.85865,
0.85803,
0.8574,
0.85678,
0.85616,
0.85553,
0.8549,
0.85428,
0.85364,
0.85301,
0.85238,
0.85174,
0.85111,
0.85047,
0.84983,
0.84919,
0.84855,
0.84791,
0.84726,
0.84662,
0.84597,
0.84532,
0.84467,
0.84402,
0.84337,
0.84271,
0.84206,
0.8414,
0.84075,
0.84009,
0.83943,
0.83877,
0.8381,
0.83744,
0.83677,
0.83611,
0.83544,
0.83477,
0.8341,
0.83343,
0.83276,
0.83209,
0.83142,
0.83074,
0.83006,
0.82939,
0.82871,
0.82803,
0.82735,
0.82667,
0.82599,
0.8253,
0.82462,
0.82393,
0.82325,
0.82256,
0.82187,
0.82118,
0.82049,
0.8198,
0.81911,
0.81841,
0.81772,
0.81703,
0.81633,
0.81563,
0.81494,
0.81424,
0.81354,
0.81284,
0.81214,
0.81144,
0.81074,
0.81003,
0.80933,
0.80863,
0.80792,
0.80721,
0.80651,
0.8058,
0.80509,
0.80438,
0.80368,
0.80297,
0.80225,
0.80154,
0.80083,
0.80012,
0.79941,
0.79869,
0.79798,
0.79726,
0.79655,
0.79583,
0.79511,
0.7944,
0.79368,
0.79296,
0.79224,
0.79152,
0.7908,
0.79008,
0.78936,
0.78864,
0.78792,
0.7872,
0.78648,
0.78575,
0.78503,
0.78431,
0.78358,
0.78286,
0.78213,
0.78141,
0.78068,
0.77996,
0.77923,
0.77851,
0.77778,
0.77705,
0.77633,
0.7756,
0.77487,
0.77414,
0.77342,
0.77269,
0.77196,
0.77123,
0.7705,
0.76977,
0.76904,
0.76832,
0.76759,
0.76686,
0.76613,
0.7654,
0.76467,
0.76394,
0.76321,
0.76248,
0.76175,
0.76102,
0.76029,
0.75956,
0.75883,
0.7581,
0.75737,
0.75664,
0.75591,
0.75518,
0.75445,
0.75372,
0.75299,
0.75226,
0.75153,
0.7508,
0.75007,
0.74934,
0.74861,
0.74788,
0.74715,
0.74642,
0.74569,
0.74496,
0.74423,
0.74351,
0.74278,
0.74205,
0.74132,
0.7406,
0.73987,
0.73914,
0.73842,
0.73769,
0.73696,
0.73624,
0.73551,
0.73479,
0.73406,
0.73334,
0.73262,
0.73189,
0.73117,
0.73045,
0.72972,
0.729,
0.72828,
0.72756,
0.72684,
0.72612,
0.7254,
0.72468,
0.72396,
0.72324,
0.72252,
0.72181,
0.72109,
0.72037,
0.71966,
0.71894,
0.71823,
0.71751,
0.7168,
0.71608,
0.71537,
0.71466,
0.71395,
0.71324,
0.71253,
0.71182,
0.71111,
0.7104,
0.70969,
0.70899,
0.70828,
0.70757,
0.70687,
0.70616,
0.70546,
0.70476,
0.70406,
0.70336,
0.70265,
0.70195,
0.70126,
0.70056,
0.69986,
0.69916,
0.69847,
0.69777,
0.69708,
0.69638,
0.69569,
0.695,
0.69431,
0.69362,
0.69293,
0.69224,
0.69155,
0.69087,
0.69018,
0.6895,
0.68881,
0.68813,
0.68745,
0.68677,
0.68609,
0.68541,
0.68473,
0.68405,
0.68338,
0.6827,
0.68203,
0.68135,
0.68068,
0.68001,
0.67934,
0.67867,
0.678,
0.67734,
0.67667,
0.67601,
0.67534,
0.67468,
0.67402,
0.67336,
0.6727,
0.67204,
0.67138,
0.67073,
0.67007,
0.66942,
0.66877,
0.66811,
0.66746,
0.66682,
0.66617,
0.66552,
0.66488,
0.66423,
0.66359,
0.66295,
0.66231,
0.66167,
0.66103,
0.66039,
0.65976,
0.65912,
0.65849,
0.65786,
0.65723,
0.6566,
0.65597,
0.65534,
0.65472,
0.65409,
0.65347,
0.65285,
0.65223,
0.65161,
0.65099,
0.65038,
0.64976,
0.64915,
0.64854,
0.64793,
0.64732,
0.64671,
0.6461,
0.6455,
0.6449,
0.64429,
0.64369,
0.64309,
0.6425,
0.6419,
0.64131,
0.64071,
0.64012,
0.63953,
0.63894,
0.63835,
0.63777,
0.63718,
0.6366,
0.63602,
0.63544,
0.63486,
0.63428,
0.63371,
0.63313,
0.63256,
0.63199,
0.63142,
0.63085,
0.63029,
0.62972,
0.62916,
0.6286,
0.62804,
0.62748,
0.62692,
0.62637,
0.62581,
0.62526,
0.62471,
0.62416,
0.62362,
0.62307,
0.62253,
0.62198,
0.62144,
0.6209,
0.62037,
0.61983,
0.6193,
0.61876,
0.61823,
0.6177,
0.61718,
0.61665,
0.61613,
0.6156,
0.61508,
0.61457,
0.61405,
0.61353,
0.61302,
0.61251,
0.61199,
0.61149,
0.61098,
0.61047,
0.60997,
0.60947,
0.60897,
0.60847,
0.60797,
0.60748,
0.60698,
0.60649,
0.606,
0.60551,
0.60503,
0.60454,
0.60406,
0.60358,
0.6031,
0.60262,
0.60215,
0.60167,
0.6012,
0.60073,
0.60026,
0.59979,
0.59933,
0.59886,
0.5984,
0.59794,
0.59748,
0.59703,
0.59657,
0.59612,
0.59567,
0.59522,
0.59477,
0.59433,
0.59389,
0.59344,
0.593,
0.59257,
0.59213,
0.59169,
0.59126,
0.59083,
0.5904,
0.58998,
0.58955,
0.58913,
0.5887,
0.58828,
0.58787,
0.58745,
0.58704,
0.58662,
0.58621,
0.5858,
0.5854,
0.58499,
0.58459,
0.58419,
0.58379,
0.58339,
0.58299,
0.5826,
0.58221,
0.58182,
0.58143,
0.58104,
0.58066,
0.58027,
0.57989,
0.57951,
0.57914,
0.57876,
0.57839,
0.57801,
0.57764,
0.57728,
0.57691,
0.57655,
0.57618,
0.57582,
0.57546,
0.57511,
0.57475,
0.5744,
0.57405,
0.5737,
0.57335,
0.573,
0.57266,
0.57232,
0.57198,
0.57164,
0.5713,
0.57097,
0.57063,
0.5703,
0.56997,
0.56965,
0.56932,
0.569,
0.56867,
0.56835,
0.56804,
0.56772,
0.5674,
0.56709,
0.56678,
0.56647,
0.56616,
0.56586,
0.56556,
0.56525,
0.56495,
0.56466,
0.56436,
0.56407,
0.56377,
0.56348,
0.56319,
0.56291,
0.56262,
0.56234,
0.56205,
0.56177,
0.5615,
0.56122,
0.56095,
0.56067,
0.5604,
0.56013,
0.55986,
0.5596,
0.55934,
0.55907,
0.55881,
0.55855,
0.5583,
0.55804,
0.55779,
0.55754,
0.55729,
0.55704,
0.55679,
0.55655,
0.55631,
0.55607,
0.55583,
0.55559,
0.55535,
0.55512,
0.55489,
0.55466,
0.55443,
0.5542,
0.55398,
0.55375,
0.55353,
0.55331,
0.55309,
0.55287,
0.55266,
0.55245,
0.55223,
0.55202,
0.55181,
0.55161,
0.5514,
0.5512,
0.551,
0.5508,
0.5506,
0.5504,
0.55021,
0.55001,
0.54982,
0.54963,
0.54944,
0.54926,
0.54907,
0.54889,
0.5487,
0.54852,
0.54834,
0.54817,
0.54799,
0.54782,
0.54764,
0.54747,
0.5473,
0.54714,
0.54697,
0.5468,
0.54664,
0.54648,
0.54632,
0.54616,
0.546,
0.54585,
0.54569,
0.54554,
0.54539,
0.54524,
0.54509,
0.54495,
0.5448,
0.54466,
0.54452,
0.54437,
0.54424,
0.5441,
0.54396,
0.54383,
0.54369,
0.54356,
0.54343,
0.5433,
0.54317,
0.54305,
0.54292,
0.5428,
0.54268,
0.54256,
0.54244,
0.54232,
0.5422,
0.54209,
0.54197,
0.54186,
0.54175,
0.54164,
0.54153,
0.54142,
0.54132,
0.54121,
0.54111,
0.54101,
0.5409,
0.5408,
0.54071,
0.54061,
0.54051,
0.54042,
0.54033,
0.54023,
0.54014,
0.54005,
0.53996,
0.53988,
0.53979,
0.53971,
0.53962,
0.53954,
0.53946,
0.53938,
0.5393,
0.53922,
0.53915,
0.53907,
0.539,
0.53892,
0.53885,
0.53878,
0.53871,
0.53864,
0.53857,
0.53851,
0.53844,
0.53838,
0.53831,
0.53825,
0.53819,
0.53813,
0.53807,
0.53801,
0.53795,
0.5379,
0.53784,
0.53779,
0.53773,
0.53768,
0.53763,
0.53758,
0.53753,
0.53748,
0.53743,
0.53738,
0.53734,
0.53729,
0.53725,
0.53721,
0.53716,
0.53712,
0.53708,
0.53704,
0.537,
0.53696,
0.53693,
0.53689,
0.53685,
0.53682,
0.53678,
0.53675,
0.53672,
0.53669,
0.53665,
0.53662,
0.53659,
0.53657,
0.53654,
0.53651,
0.53648,
0.53646,
0.53643,
0.53641,
0.53638,
0.53636,
0.53634,
0.53631,
0.53629,
0.53627,
0.53625,
0.53623,
0.53621,
0.53619,
0.53618,
0.53616,
0.53614,
0.53612,
0.53611,
0.53609,
0.53608,
0.53606,
0.53605,
0.53604,
0.53603,
0.53601,
0.536,
0.53599,
0.53598,
0.53597,
0.53596,
0.53595,
0.53594,
0.53593,
0.53592,
0.53591,
0.53591,
0.5359,
0.53589,
0.53589,
0.53588,
0.53587,
0.53587,
0.53586,
0.53586,
0.53585,
0.53585,
0.53585,
0.53584,
0.53584,
0.53584,
0.53583,
0.53583,
0.53583,
0.53583,
0.53582,
0.53582,
0.53582,
0.53582,
0.53582,
0.53582,
0.53581,
0.53581,
0.53581,
0.53581,
0.53581,
0.53581,
0.53581,
0.53581,
0.53581,
0.53581,
0.53581,
0.53581,
0.53581,
0.53581,
0.53581,
0.53581,
0.53581,
0.53581,
0.53581,
0.53581,
0.53581,
0.53581,
0.53581,
0.53581,
0.53581,
0.53581,
0.53581,
0.53581,
0.53581,
0.53581,
0.53581,
0.5358,
0.5358,
0.5358,
0.5358,
0.5358,
0.5358,
0.5358,
0.53579,
0.53579,
0.53579,
0.53579,
0.53578,
0.53578,
0.53578,
0.53577,
0.53577,
0.53576,
0.53576,
0.53575,
0.53575,
0.53574,
0.53574,
0.53573,
0.53573,
0.53572,
0.53571,
0.53571,
0.5357,
0.53569,
0.53568,
0.53567,
0.53566,
0.53565,
0.53564,
0.53563,
0.53562,
0.53561,
0.5356,
0.53559,
0.53557,
0.53556,
0.53555,
0.53553,
0.53552,
0.5355,
0.53549,
0.53547,
0.53545,
0.53544,
0.53542,
0.5354,
0.53538,
0.53536,
0.53534,
0.53532,
0.5353,
0.53528,
0.53526,
0.53523,
0.53521,
0.53519,
0.53516,
0.53514,
0.53511,
0.53508,
0.53506,
0.53503,
0.535,
0.53497,
0.53494,
0.53491,
0.53488,
0.53485,
0.53481,
0.53478,
0.53474,
0.53471,
0.53467,
0.53464,
0.5346,
0.53456,
0.53452,
0.53448,
0.53444,
0.5344,
0.53436,
0.53432,
0.53427,
0.53423,
0.53418,
0.53414,
0.53409,
0.53404,
0.534,
0.53395,
0.5339,
0.53385,
0.53379,
0.53374,
0.53369,
0.53363,
0.53358,
0.53352,
0.53346,
0.53341,
0.53335,
0.53329,
0.53323,
0.53316,
0.5331,
0.53304,
0.53297,
0.53291,
0.53284,
0.53277,
0.53271,
0.53264,
0.53257,
0.5325,
0.53242,
0.53235,
0.53228,
0.5322,
0.53212,
0.53205,
0.53197,
0.53189,
0.53181,
0.53173,
0.53165,
0.53156,
0.53148,
0.53139,
0.53131,
0.53122,
0.53113,
0.53104,
0.53095,
0.53086,
0.53076,
0.53067,
0.53057,
0.53048,
0.53038,
0.53028,
0.53018,
0.53008,
0.52998,
0.52988,
0.52977,
0.52967,
0.52956,
0.52946,
0.52935,
0.52924,
0.52913,
0.52902,
0.5289,
0.52879,
0.52867,
0.52856,
0.52844,
0.52832,
0.5282,
0.52808,
0.52796,
0.52784,
0.52771,
0.52759,
0.52746,
0.52733,
0.5272,
0.52707,
0.52694,
0.52681,
0.52667,
0.52654,
0.5264,
0.52626,
0.52613,
0.52599,
0.52585,
0.5257,
0.52556,
0.52541,
0.52527,
0.52512,
0.52497,
0.52482,
0.52467,
0.52452,
0.52437,
0.52421,
0.52406,
0.5239,
0.52374,
0.52358,
0.52342,
0.52326,
0.5231,
0.52293,
0.52277,
0.5226,
0.52243,
0.52226,
0.52209,
0.52192,
0.52175,
0.52158,
0.5214,
0.52122,
0.52105,
0.52087,
0.52069,
0.5205,
0.52032,
0.52014,
0.51995,
0.51976,
0.51958,
0.51939,
0.5192,
0.51901,
0.51881,
0.51862,
0.51842,
0.51823,
0.51803,
0.51783,
0.51763,
0.51743,
0.51722,
0.51702,
0.51682,
0.51661,
0.5164,
0.51619,
0.51598,
0.51577,
0.51556,
0.51534,
0.51513,
0.51491,
0.51469,
0.51447,
0.51425,
0.51403,
0.51381,
0.51358,
0.51336,
0.51313,
0.5129,
0.51268,
0.51245,
0.51221,
0.51198,
0.51175,
0.51151,
0.51128,
0.51104,
0.5108,
0.51056,
0.51032,
0.51008,
0.50983,
0.50959,
0.50934,
0.50909,
0.50884,
0.5086,
0.50834,
0.50809,
0.50784,
0.50758,
0.50733,
0.50707,
0.50681,
0.50655,
0.50629,
0.50603,
0.50577,
0.5055,
0.50524,
0.50497,
0.5047,
0.50444,
0.50417,
0.50389,
0.50362,
0.50335,
0.50307,
0.5028,
0.50252,
0.50224,
0.50196,
0.50168,
0.5014,
0.50112,
0.50084,
0.50055,
0.50026,
0.49998,
0.49969,
0.4994,
0.49911,
0.49882,
0.49852,
0.49823,
0.49794,
0.49764,
0.49734,
0.49704,
0.49674,
0.49644,
0.49614,
0.49584,
0.49554,
0.49523,
0.49493,
0.49462,
0.49431,
0.494,
0.49369,
0.49338,
0.49307,
0.49276,
0.49244,
0.49213,
0.49181,
0.49149,
0.49117,
0.49085,
0.49053,
0.49021,
0.48989,
0.48957,
0.48924,
0.48892,
0.48859,
0.48826,
0.48794,
0.48761,
0.48728,
0.48695,
0.48661,
0.48628,
0.48595,
0.48561,
0.48528,
0.48494,
0.4846,
0.48426,
0.48392,
0.48358,
0.48324,
0.4829,
0.48256,
0.48221,
0.48187,
0.48152,
0.48117,
0.48083,
0.48048,
0.48013,
0.47978,
0.47943,
0.47908,
0.47872,
0.47837,
0.47802,
0.47766,
0.4773,
0.47695,
0.47659,
0.47623,
0.47587,
0.47551,
0.47515,
0.47479,
0.47443,
0.47406,
0.4737,
0.47334,
0.47297,
0.4726,
0.47224,
0.47187,
0.4715,
0.47113,
0.47076,
0.47039,
0.47002,
0.46965,
0.46928,
0.4689,
0.46853,
0.46816,
0.46778,
0.4674,
0.46703,
0.46665,
0.46627,
0.46589,
0.46552,
0.46514,
0.46476,
0.46437,
0.46399,
0.46361,
0.46323,
0.46285,
0.46246,
0.46208,
0.46169,
0.46131,
0.46092,
0.46053,
0.46015,
0.45976,
0.45937,
0.45898,
0.45859,
0.4582,
0.45781,
0.45742,
0.45703,
0.45664,
0.45625,
0.45585,
0.45546,
0.45507,
0.45467,
0.45428,
0.45388,
0.45349,
0.45309,
0.4527,
0.4523,
0.4519,
0.45151,
0.45111,
0.45071,
0.45031,
0.44991,
0.44951,
0.44911,
0.44871,
0.44831,
0.44791,
0.44751,
0.44711,
0.44671,
0.44631,
0.44591,
0.4455,
0.4451,
0.4447,
0.44429,
0.44389,
0.44349,
0.44308,
0.44268,
0.44227,
0.44187,
0.44146,
0.44106,
0.44065,
0.44025,
0.43984,
0.43944,
0.43903,
0.43863,
0.43822,
0.43781,
0.43741,
0.437,
0.43659,
0.43618,
0.43578,
0.43537,
0.43496,
0.43456,
0.43415,
0.43374,
0.43333,
0.43292,
0.43252,
0.43211,
0.4317,
0.43129,
0.43088,
0.43048,
0.43007,
0.42966,
0.42925,
0.42884,
0.42844,
0.42803,
0.42762,
0.42721,
0.4268,
0.4264,
0.42599,
0.42558,
0.42517,
0.42476,
0.42436,
0.42395,
0.42354,
0.42313,
0.42273,
0.42232,
0.42191,
0.42151,
0.4211,
0.42069,
0.42029,
0.41988,
0.41947,
0.41907,
0.41866,
0.41826,
0.41785,
0.41745,
0.41704,
0.41664,
0.41623,
0.41583,
0.41542,
0.41502,
0.41462,
0.41421,
0.41381,
0.41341,
0.41301,
0.4126,
0.4122,
0.4118,
0.4114,
0.411,
0.4106,
0.4102,
0.4098,
0.4094,
0.409,
0.4086,
0.4082,
0.4078,
0.4074,
0.40701,
0.40661,
0.40621,
0.40582,
0.40542,
0.40503,
0.40463,
0.40424,
0.40384,
0.40345,
0.40305,
0.40266,
0.40227,
0.40188,
0.40149,
0.4011,
0.40071,
0.40032,
0.39993,
0.39954,
0.39915,
0.39876,
0.39837,
0.39799,
0.3976,
0.39721,
0.39683,
0.39644,
0.39606,
0.39568,
0.39529,
0.39491,
0.39453,
0.39415,
0.39377,
0.39339,
0.39301,
0.39263,
0.39225,
0.39188,
0.3915,
0.39112,
0.39075,
0.39037,
0.39,
0.38963,
0.38925,
0.38888,
0.38851,
0.38814,
0.38777,
0.3874,
0.38703,
0.38666,
0.3863,
0.38593,
0.38556,
0.3852,
0.38483,
0.38447,
0.38411,
0.38375,
0.38339,
0.38303,
0.38267,
0.38231,
0.38195,
0.38159,
0.38124,
0.38088,
0.38053,
0.38017,
0.37982,
0.37947,
0.37911,
0.37876,
0.37841,
0.37807,
0.37772,
0.37737,
0.37702,
0.37668,
0.37633,
0.37599,
0.37565,
0.37531,
0.37497,
0.37463,
0.37429,
0.37395,
0.37361,
0.37327,
0.37294,
0.3726,
0.37227,
0.37194,
0.37161,
0.37128,
0.37095,
0.37062,
0.37029,
0.36996,
0.36964,
0.36931,
0.36899,
0.36866,
0.36834,
0.36802,
0.3677,
0.36738,
0.36706,
0.36675,
0.36643,
0.36612,
0.3658,
0.36549,
0.36518,
0.36487,
0.36456,
0.36425,
0.36394,
0.36363,
0.36333,
0.36302,
0.36272,
0.36242,
0.36212,
0.36182,
0.36152,
0.36122,
0.36092,
0.36063,
0.36033,
0.36004,
0.35974,
0.35945,
0.35916,
0.35887,
0.35858,
0.3583,
0.35801,
0.35773,
0.35744,
0.35716,
0.35688,
0.3566,
0.35632,
0.35604,
0.35576,
0.35549,
0.35521,
0.35494,
0.35467,
0.3544,
0.35413,
0.35386,
0.35359,
0.35332,
0.35306,
0.35279,
0.35253,
0.35227,
0.35201,
0.35175,
0.35149,
0.35123,
0.35098,
0.35072,
0.35047,
0.35022,
0.34997,
0.34972,
0.34947,
0.34922,
0.34897,
0.34873,
0.34848,
0.34824,
0.348,
0.34776,
0.34752,
0.34728,
0.34705,
0.34681,
0.34658,
0.34634,
0.34611,
0.34588,
0.34565,
0.34542,
0.3452,
0.34497,
0.34474,
0.34452,
0.3443,
0.34408,
0.34386,
0.34364,
0.34342,
0.34321,
0.34299,
0.34278,
0.34257,
0.34236,
0.34215,
0.34194,
0.34173,
0.34152,
0.34132,
0.34112,
0.34091,
0.34071,
0.34051,
0.34031,
0.34012,
0.33992,
0.33973,
0.33953,
0.33934,
0.33915,
0.33896,
0.33877,
0.33858,
0.3384,
0.33821,
0.33803,
0.33784,
0.33766,
0.33748,
0.3373,
0.33713,
0.33695,
0.33677,
0.3366,
0.33643,
0.33626,
0.33609,
0.33592,
0.33575,
0.33558,
0.33542,
0.33525,
0.33509,
0.33493,
0.33477,
0.33461,
0.33445,
0.33429,
0.33414,
0.33398,
0.33383,
0.33368,
0.33353,
0.33338,
0.33323,
0.33308,
0.33294,
0.33279,
0.33265,
0.33251,
0.33237,
0.33223,
0.33209,
0.33195,
0.33181,
0.33168,
0.33154,
0.33141,
0.33128,
0.33115,
0.33102,
0.33089,
0.33076,
0.33064,
0.33051,
0.33039,
0.33027,
0.33015,
0.33003,
0.32991,
0.32979,
0.32967,
0.32956,
0.32944,
0.32933,
0.32922,
0.32911,
0.329,
0.32889,
0.32878,
0.32867,
0.32857,
0.32846,
0.32836,
0.32826,
0.32816,
0.32806,
0.32796,
0.32786,
0.32776,
0.32767,
0.32757,
0.32748,
0.32739,
0.3273,
0.32721,
0.32712,
0.32703,
0.32694,
0.32685,
0.32677,
0.32669,
0.3266,
0.32652,
0.32644,
0.32636,
0.32628,
0.3262,
0.32613,
0.32605,
0.32598,
0.3259,
0.32583,
0.32576,
0.32569,
0.32562,
0.32555,
0.32548,
0.32541,
0.32535,
0.32528,
0.32522,
0.32515,
0.32509,
0.32503,
0.32497,
0.32491,
0.32485,
0.32479,
0.32474,
0.32468,
0.32462,
0.32457,
0.32452,
0.32446,
0.32441,
0.32436,
0.32431,
0.32426,
0.32421,
0.32417,
0.32412,
0.32408,
0.32403,
0.32399,
0.32394,
0.3239,
0.32386,
0.32382,
0.32378,
0.32374,
0.3237,
0.32366,
0.32363,
0.32359,
0.32355,
0.32352,
0.32349,
0.32345,
0.32342,
0.32339,
0.32336,
0.32333,
0.3233,
0.32327,
0.32324,
0.32321,
0.32319,
0.32316,
0.32313,
0.32311,
0.32309,
0.32306,
0.32304,
0.32302,
0.323,
0.32297,
0.32295,
0.32293,
0.32291,
0.3229,
0.32288,
0.32286,
0.32284,
0.32283,
0.32281,
0.3228,
0.32278,
0.32277,
0.32275,
0.32274,
0.32273,
0.32272,
0.32271,
0.32269,
0.32268,
0.32267,
0.32266,
0.32265,
0.32265,
0.32264,
0.32263,
0.32262,
0.32262,
0.32261,
0.3226,
0.3226,
0.32259,
0.32259,
0.32258,
0.32258,
0.32258,
0.32257,
0.32257,
0.32257,
0.32256,
0.32256,
0.32256,
0.32256,
0.32256,
0.32256,
0.32256,
0.32256,
0.32256,
0.32256,
0.32256,
0.32256,
0.32256,
0.32256,
0.32256,
0.32256,
0.32257,
0.32257,
0.32257,
0.32257,
0.32258,
0.32258,
0.32258,
0.32259,
0.32259,
0.32259,
0.3226,
0.3226,
0.32261,
0.32261,
0.32262,
0.32262,
0.32262,
0.32263,
0.32263,
0.32264,
0.32264,
0.32265,
0.32265,
0.32266,
0.32266,
0.32267,
0.32267,
0.32268,
0.32268,
0.32269,
0.32269,
0.3227,
0.32271,
0.32271,
0.32272,
0.32272,
0.32273,
0.32273,
0.32273,
0.32274,
0.32274,
0.32275,
0.32275,
0.32276,
0.32276,
0.32277,
0.32277,
0.32277,
0.32278,
0.32278,
0.32278,
0.32279,
0.32279,
0.32279,
0.3228,
0.3228,
0.3228,
0.3228,
0.3228,
0.32281,
0.32281,
0.32281,
0.32281,
0.32281,
0.32281,
0.32281,
0.32281,
0.32281,
0.32281,
0.32281,
0.32281,
0.3228,
0.3228,
0.3228,
0.3228,
0.32279,
0.32279,
0.32279,
0.32278,
0.32278,
0.32277,
0.32277,
0.32276,
0.32275,
0.32275,
0.32274,
0.32273,
0.32273,
0.32272,
0.32271,
0.3227,
0.32269,
0.32268,
0.32267,
0.32266,
0.32265,
0.32263,
0.32262,
0.32261,
0.32259,
0.32258,
0.32257,
0.32255,
0.32254,
0.32252,
0.3225,
0.32248,
0.32247,
0.32245,
0.32243,
0.32241,
0.32239,
0.32237,
0.32235,
0.32232,
0.3223,
0.32228,
0.32225,
0.32223,
0.3222,
0.32218,
0.32215,
0.32212,
0.3221,
0.32207,
0.32204,
0.32201,
0.32198,
0.32195,
0.32191,
0.32188,
0.32185,
0.32181,
0.32178,
0.32174,
0.32171,
0.32167,
0.32163,
0.32159,
0.32155,
0.32151,
0.32147,
0.32143,
0.32139,
0.32134,
0.3213,
0.32125,
0.32121,
0.32116,
0.32111,
0.32106,
0.32101,
0.32096,
0.32091,
0.32086,
0.32081,
0.32076,
0.3207,
0.32065,
0.32059,
0.32053,
0.32048,
0.32042,
0.32036,
0.3203,
0.32024,
0.32017,
0.32011,
0.32005,
0.31998,
0.31991,
0.31985,
0.31978,
0.31971,
0.31964,
0.31957,
0.3195,
0.31943,
0.31935,
0.31928,
0.3192,
0.31912,
0.31905,
0.31897,
0.31889,
0.31881,
0.31873,
0.31864,
0.31856,
0.31848,
0.31839,
0.3183,
0.31822,
0.31813,
0.31804,
0.31795,
0.31785,
0.31776,
0.31767,
0.31757,
0.31748,
0.31738,
0.31728,
0.31718,
0.31708,
0.31698,
0.31688,
0.31677,
0.31667,
0.31656,
0.31646,
0.31635,
0.31624,
0.31613,
0.31602,
0.3159,
0.31579,
0.31568,
0.31556,
0.31544,
0.31532,
0.31521,
0.31509,
0.31496,
0.31484,
0.31472,
0.31459,
0.31447,
0.31434,
0.31421,
0.31408,
0.31395,
0.31382,
0.31369,
0.31355,
0.31342,
0.31328,
0.31314,
0.313,
0.31286,
0.31272,
0.31258,
0.31244,
0.31229,
0.31214,
0.312,
0.31185,
0.3117,
0.31155,
0.3114,
0.31124,
0.31109,
0.31093,
0.31078,
0.31062,
0.31046,
0.3103,
0.31014,
0.30997,
0.30981,
0.30964,
0.30948,
0.30931,
0.30914,
0.30897,
0.3088,
0.30863,
0.30845,
0.30828,
0.3081,
0.30792,
0.30774,
0.30756,
0.30738,
0.3072,
0.30702,
0.30683,
0.30664,
0.30646,
0.30627,
0.30608,
0.30589,
0.30569,
0.3055,
0.30531,
0.30511,
0.30491,
0.30471,
0.30451,
0.30431,
0.30411,
0.3039,
0.3037,
0.30349,
0.30329,
0.30308,
0.30287,
0.30266,
0.30244,
0.30223,
0.30201,
0.3018,
0.30158,
0.30136,
0.30114,
0.30092,
0.3007,
0.30047,
0.30025,
0.30002,
0.29979,
0.29957,
0.29934,
0.2991,
0.29887,
0.29864,
0.2984,
0.29817,
0.29793,
0.29769,
0.29745,
0.29721,
0.29696,
0.29672,
0.29648,
0.29623,
0.29598,
0.29573,
0.29548,
0.29523,
0.29498,
0.29473,
0.29447,
0.29421,
0.29396,
0.2937,
0.29344,
0.29318,
0.29291,
0.29265,
0.29239,
0.29212,
0.29185,
0.29158,
0.29131,
0.29104,
0.29077,
0.2905,
0.29022,
0.28995,
0.28967,
0.28939,
0.28911,
0.28883,
0.28855,
0.28827,
0.28798,
0.2877,
0.28741,
0.28712,
0.28683,
0.28654,
0.28625,
0.28596,
0.28566,
0.28537,
0.28507,
0.28478,
0.28448,
0.28418,
0.28388,
0.28357,
0.28327,
0.28297,
0.28266,
0.28236,
0.28205,
0.28174,
0.28143,
0.28112,
0.2808,
0.28049,
0.28018,
0.27986,
0.27954,
0.27923,
0.27891,
0.27859,
0.27826,
0.27794,
0.27762,
0.27729,
0.27697,
0.27664,
0.27631,
0.27598,
0.27565,
0.27532,
0.27499,
0.27466,
0.27432,
0.27399,
0.27365,
0.27331,
0.27297,
0.27263,
0.27229,
0.27195,
0.27161,
0.27126,
0.27092,
0.27057,
0.27022,
0.26988,
0.26953,
0.26918,
0.26882,
0.26847,
0.26812,
0.26776,
0.26741,
0.26705,
0.2667,
0.26634,
0.26598,
0.26562,
0.26526,
0.26489,
0.26453,
0.26417,
0.2638,
0.26343,
0.26307,
0.2627,
0.26233,
0.26196,
0.26159,
0.26122,
0.26084,
0.26047,
0.2601,
0.25972,
0.25934,
0.25897,
0.25859,
0.25821,
0.25783,
0.25745,
0.25707,
0.25668,
0.2563,
0.25592,
0.25553,
0.25514,
0.25476,
0.25437,
0.25398,
0.25359,
0.2532,
0.25281,
0.25242,
0.25202,
0.25163,
0.25124,
0.25084,
0.25045,
0.25005,
0.24965,
0.24925,
0.24885,
0.24845,
0.24805,
0.24765,
0.24725,
0.24685,
0.24644,
0.24604,
0.24563,
0.24523,
0.24482,
0.24441,
0.244,
0.2436,
0.24319,
0.24278,
0.24236,
0.24195,
0.24154,
0.24113,
0.24071,
0.2403,
0.23989,
0.23947,
0.23905,
0.23864,
0.23822,
0.2378,
0.23738,
0.23696,
0.23654,
0.23612,
0.2357,
0.23528,
0.23486,
0.23443,
0.23401,
0.23359,
0.23316,
0.23274,
0.23231,
0.23189,
0.23146,
0.23103,
0.2306,
0.23017,
0.22975,
0.22932,
0.22889,
0.22846,
0.22803,
0.22759,
0.22716,
0.22673,
0.2263,
0.22586,
0.22543,
0.225,
0.22456,
0.22413,
0.22369,
0.22326,
0.22282,
0.22238,
0.22195,
0.22151,
0.22107,
0.22063,
0.22019,
0.21975,
0.21931,
0.21887,
0.21843,
0.21799,
0.21755,
0.21711,
0.21667,
0.21623,
0.21579,
0.21535,
0.2149,
0.21446,
0.21402,
0.21357,
0.21313,
0.21269,
0.21224,
0.2118,
0.21135,
0.21091,
0.21046,
0.21002,
0.20957,
0.20913,
0.20868,
0.20823,
0.20779,
0.20734,
0.20689,
0.20645,
0.206,
0.20555,
0.2051,
0.20466,
0.20421,
0.20376,
0.20331,
0.20287,
0.20242,
0.20197,
0.20152,
0.20107,
0.20062,
0.20017,
0.19973,
0.19928,
0.19883,
0.19838,
0.19793,
0.19748,
0.19703,
0.19658,
0.19613,
0.19569,
0.19524,
0.19479,
0.19434,
0.19389,
0.19344,
0.19299,
0.19254,
0.19209,
0.19165,
0.1912,
0.19075,
0.1903,
0.18985,
0.1894,
0.18896,
0.18851,
0.18806,
0.18761,
0.18716,
0.18672,
0.18627,
0.18582,
0.18537,
0.18493,
0.18448,
0.18403,
0.18359,
0.18314,
0.18269,
0.18225,
0.1818,
0.18136,
0.18091,
0.18047,
0.18002,
0.17958,
0.17913,
0.17869,
0.17825,
0.1778,
0.17736,
0.17692,
0.17647,
0.17603,
0.17559,
0.17515,
0.17471,
0.17427,
0.17382,
0.17338,
0.17294,
0.1725,
0.17207,
0.17163,
0.17119,
0.17075,
0.17031,
0.16987,
0.16944,
0.169,
0.16856,
0.16813,
0.16769,
0.16726,
0.16682,
0.16639,
0.16596,
0.16552,
0.16509,
0.16466,
0.16423,
0.1638,
0.16337,
0.16294,
0.16251,
0.16208,
0.16165,
0.16122,
0.16079,
0.16037,
0.15994,
0.15951,
0.15909,
0.15866,
0.15824,
0.15782,
0.15739,
0.15697,
0.15655,
0.15613,
0.15571,
0.15529,
0.15487,
0.15445,
0.15403,
0.15362,
0.1532,
0.15278,
0.15237,
0.15195,
0.15154,
0.15113,
0.15071,
0.1503,
0.14989,
0.14948,
0.14907,
0.14866,
0.14826,
0.14785,
0.14744,
0.14704,
0.14663,
0.14623,
0.14582,
0.14542,
0.14502,
0.14462,
0.14422,
0.14382,
0.14342,
0.14302,
0.14262,
0.14223,
0.14183,
0.14144,
0.14104,
0.14065,
0.14026,
0.13987,
0.13948,
0.13909,
0.1387,
0.13831,
0.13792,
0.13754,
0.13715,
0.13677,
0.13639,
0.13601,
0.13562,
0.13524,
0.13487,
0.13449,
0.13411,
0.13373,
0.13336,
0.13298,
0.13261,
0.13224,
0.13187,
0.1315,
0.13113,
0.13076,
0.13039,
0.13002,
0.12966,
0.1293,
0.12893,
0.12857,
0.12821,
0.12785,
0.12749,
0.12713,
0.12678,
0.12642,
0.12607,
0.12571,
0.12536,
0.12501,
0.12466,
0.12431,
0.12396,
0.12361,
0.12327,
0.12292,
0.12258,
0.12224,
0.1219,
0.12156,
0.12122,
0.12088,
0.12054,
0.12021,
0.11988,
0.11954,
0.11921,
0.11888,
0.11855,
0.11822,
0.1179,
0.11757,
0.11725,
0.11692,
0.1166,
0.11628,
0.11596,
0.11564,
0.11533,
0.11501,
0.1147,
0.11438,
0.11407,
0.11376,
0.11345,
0.11314,
0.11284,
0.11253,
0.11223,
0.11192,
0.11162,
0.11132,
0.11102,
0.11073,
0.11043,
0.11014,
0.10984,
0.10955,
0.10926,
0.10897,
0.10868,
0.1084,
0.10811,
0.10783,
0.10754,
0.10726,
0.10698,
0.1067,
0.10643,
0.10615,
0.10588,
0.10561,
0.10533,
0.10506,
0.1048,
0.10453,
0.10426,
0.104,
0.10374,
0.10347,
0.10321,
0.10296,
0.1027,
0.10244,
0.10219,
0.10194,
0.10168,
0.10144,
0.10119,
0.10094,
0.10069,
0.10045,
0.10021,
0.099968,
0.099728,
0.099491,
0.099254,
0.099019,
0.098786,
0.098554,
0.098324,
0.098095,
0.097868,
0.097642,
0.097418,
0.097195,
0.096974,
0.096754,
0.096536,
0.09632,
0.096105,
0.095891,
0.09568,
0.095469,
0.095261,
0.095053,
0.094848,
0.094644,
0.094441,
0.09424,
0.094041,
0.093843,
0.093647,
0.093452,
0.093259,
0.093068,
0.092878,
0.09269,
0.092503,
0.092318,
0.092135,
0.091953,
0.091773,
0.091594,
0.091417,
0.091242,
0.091068,
0.090896,
0.090726,
0.090557,
0.09039,
0.090224,
0.09006,
0.089898,
0.089737,
0.089578,
0.089421,
0.089265,
0.089111,
0.088958,
0.088807,
0.088658,
0.088511,
0.088365,
0.088221,
0.088078,
0.087937,
0.087798,
0.08766,
0.087525,
0.08739,
0.087258,
0.087127,
0.086998,
0.08687,
0.086744,
0.08662,
0.086498,
0.086377,
0.086258,
0.08614,
0.086025,
0.085911,
0.085798,
0.085687,
0.085578,
0.085471,
0.085366,
0.085262,
0.085159,
0.085059,
0.08496,
0.084863,
0.084768,
0.084674,
0.084582,
0.084492,
0.084403,
0.084316,
0.084231,
0.084147,
0.084066,
0.083986,
0.083907,
0.083831,
0.083756,
0.083682,
0.083611,
0.083541,
0.083473,
0.083407,
0.083342,
0.083279,
0.083218,
0.083159,
0.083101,
0.083045,
0.082991,
0.082938,
0.082887,
0.082838,
0.082791,
0.082745,
0.082701,
0.082659,
0.082618,
0.082579,
0.082542,
0.082507,
0.082473,
0.082441,
0.082411,
0.082383,
0.082356,
0.082331,
0.082308,
0.082286,
0.082266,
0.082248,
0.082232,
0.082217,
0.082204,
0.082193,
0.082184,
0.082176,
0.08217,
0.082165,
0.082163,
0.082162,
0.082163,
0.082165,
0.08217,
0.082176,
0.082184,
0.082193,
0.082204,
0.082217,
0.082232,
0.082248,
0.082266,
0.082286,
0.082307,
0.082331,
0.082356,
0.082382,
0.082411,
0.082441,
0.082473,
0.082506,
0.082541,
0.082578,
0.082617,
0.082657,
0.082699,
0.082743,
0.082789,
0.082836,
0.082885,
0.082935,
0.082988,
0.083042,
0.083097,
0.083155,
0.083214,
0.083275,
0.083337,
0.083401,
0.083467,
0.083535,
0.083604,
0.083675,
0.083748,
0.083822,
0.083898,
0.083976,
0.084055,
0.084137,
0.084219,
0.084304,
0.08439,
0.084478,
0.084567,
0.084658,
0.084751,
0.084846,
0.084942,
0.08504,
0.08514,
0.085241,
0.085344,
0.085448,
0.085554,
0.085662,
0.085772,
0.085883,
0.085996,
0.08611,
0.086227,
0.086344,
0.086464,
0.086585,
0.086708,
0.086832,
0.086958,
0.087086,
0.087215,
0.087346,
0.087479,
0.087613,
0.087749,
0.087886,
0.088026,
0.088166,
0.088309,
0.088453,
0.088598,
0.088746,
0.088894,
0.089045,
0.089197,
0.089351,
0.089506,
0.089663,
0.089822,
0.089982,
0.090143,
0.090307,
0.090472,
0.090638,
0.090806,
0.090976,
0.091147,
0.09132,
0.091495,
0.091671,
0.091848,
0.092027,
0.092208,
0.092391,
0.092574,
0.09276,
0.092947,
0.093136,
0.093326,
0.093518,
0.093711,
0.093906,
0.094102,
0.0943,
0.094499,
0.0947,
0.094903,
0.095107,
0.095313,
0.09552,
0.095729,
0.095939,
0.096151,
0.096364,
0.096579,
0.096795,
0.097013,
0.097232,
0.097453,
0.097675,
0.097899,
0.098125,
0.098352,
0.09858,
0.09881,
0.099041,
0.099274,
0.099508,
0.099744,
0.099981,
0.10022,
0.10046,
0.1007,
0.10095,
0.10119,
0.10144,
0.10168,
0.10193,
0.10218,
0.10244,
0.10269,
0.10294,
0.1032,
0.10346,
0.10372,
0.10398,
0.10424,
0.1045,
0.10477,
0.10503,
0.1053,
0.10557,
0.10584,
0.10611,
0.10639,
0.10666,
0.10694,
0.10722,
0.10749,
0.10777,
0.10806,
0.10834,
0.10862,
0.10891,
0.1092,
0.10949,
0.10978,
0.11007,
0.11036,
0.11065,
0.11095,
0.11125,
0.11154,
0.11184,
0.11215,
0.11245,
0.11275,
0.11306,
0.11336,
0.11367,
0.11398,
0.11429,
0.1146,
0.11491,
0.11523,
0.11554,
0.11586,
0.11618,
0.1165,
0.11682,
0.11714,
0.11746,
0.11779,
0.11811,
0.11844,
0.11877,
0.1191,
0.11943,
0.11976,
0.12009,
0.12043,
0.12077,
0.1211,
0.12144,
0.12178,
0.12212,
0.12246,
0.12281,
0.12315,
0.1235,
0.12384,
0.12419,
0.12454,
0.12489,
0.12525,
0.1256,
0.12595,
0.12631,
0.12667,
0.12702,
0.12738,
0.12774,
0.1281,
0.12847,
0.12883,
0.1292,
0.12956,
0.12993,
0.1303,
0.13067,
0.13104,
0.13141,
0.13178,
0.13216,
0.13253,
0.13291,
0.13329,
0.13366,
0.13404,
0.13443,
0.13481,
0.13519,
0.13558,
0.13596,
0.13635,
0.13673,
0.13712,
0.13751,
0.1379,
0.1383,
0.13869,
0.13908,
0.13948,
0.13987,
0.14027,
0.14067,
0.14107,
0.14147,
0.14187,
0.14227,
0.14268,
0.14308,
0.14349,
0.14389,
0.1443,
0.14471,
0.14512,
0.14553,
0.14594,
0.14635,
0.14677,
0.14718,
0.1476,
0.14802,
0.14843,
0.14885,
0.14927,
0.14969,
0.15011,
0.15054,
0.15096,
0.15138,
0.15181,
0.15223,
0.15266,
0.15309,
0.15352,
0.15395,
0.15438,
0.15481,
0.15524,
0.15568,
0.15611,
0.15655,
0.15698,
0.15742,
0.15786,
0.1583,
0.15874,
0.15918,
0.15962,
0.16006,
0.16051,
0.16095,
0.1614,
0.16184,
0.16229,
0.16274,
0.16319,
0.16364,
0.16409,
0.16454,
0.16499,
0.16544,
0.1659,
0.16635,
0.1668,
0.16726,
0.16772,
0.16818,
0.16863,
0.16909,
0.16955,
0.17001,
0.17047,
0.17094,
0.1714,
0.17186,
0.17233,
0.17279,
0.17326,
0.17373,
0.17419,
0.17466,
0.17513,
0.1756,
0.17607,
0.17654,
0.17701,
0.17749,
0.17796,
0.17843,
0.17891,
0.17938,
0.17986,
0.18034,
0.18081,
0.18129,
0.18177,
0.18225,
0.18273,
0.18321,
0.18369,
0.18418,
0.18466,
0.18514,
0.18563,
0.18611,
0.1866,
0.18708,
0.18757,
0.18806,
0.18854,
0.18903,
0.18952,
0.19001,
0.1905,
0.19099,
0.19148,
0.19197,
0.19247,
0.19296,
0.19345,
0.19395,
0.19444,
0.19494,
0.19543,
0.19593,
0.19643,
0.19692,
0.19742,
0.19792,
0.19842,
0.19892,
0.19942,
0.19992,
0.20042,
0.20092,
0.20143,
0.20193,
0.20243,
0.20293,
0.20344,
0.20394,
0.20445,
0.20495,
0.20546,
0.20597,
0.20647,
0.20698,
0.20749,
0.208,
0.20851,
0.20901,
0.20952,
0.21003,
0.21054,
0.21105,
0.21157,
0.21208,
0.21259,
0.2131,
0.21361,
0.21413,
0.21464,
0.21515,
0.21567,
0.21618,
0.2167,
0.21721,
0.21773,
0.21825,
0.21876,
0.21928,
0.2198,
0.22031,
0.22083,
0.22135,
0.22187,
0.22239,
0.2229,
0.22342,
0.22394,
0.22446,
0.22498,
0.2255,
0.22602,
0.22655,
0.22707,
0.22759,
0.22811,
0.22863,
0.22915,
0.22968,
0.2302,
0.23072,
0.23125,
0.23177,
0.23229,
0.23282,
0.23334,
0.23387,
0.23439,
0.23492,
0.23544,
0.23597,
0.23649,
0.23702,
0.23754,
0.23807,
0.23859,
0.23912,
0.23965,
0.24017,
0.2407,
0.24123,
0.24175,
0.24228,
0.24281,
0.24334,
0.24386,
0.24439,
0.24492,
0.24545,
0.24597,
0.2465,
0.24703,
0.24756,
0.24809,
0.24862,
0.24914,
0.24967,
0.2502,
0.25073,
0.25126,
0.25179,
0.25232,
0.25284,
0.25337,
0.2539,
0.25443,
0.25496,
0.25549,
0.25602,
0.25655,
0.25708,
0.25761,
0.25813,
0.25866,
0.25919,
0.25972,
0.26025,
0.26078,
0.26131,
0.26184,
0.26237,
0.2629,
0.26342,
0.26395,
0.26448,
0.26501,
0.26554,
0.26607,
0.2666,
0.26712,
0.26765,
0.26818,
0.26871,
0.26924,
0.26976,
0.27029,
0.27082,
0.27135,
0.27187,
0.2724,
0.27293,
0.27346,
0.27398,
0.27451,
0.27504,
0.27556,
0.27609,
0.27661,
0.27714,
0.27767,
0.27819,
0.27872,
0.27924,
0.27977,
0.28029,
0.28082,
0.28134,
0.28186,
0.28239,
0.28291,
0.28343,
0.28396,
0.28448,
0.285,
0.28553,
0.28605,
0.28657,
0.28709,
0.28761,
0.28813,
0.28866,
0.28918,
0.2897,
0.29022,
0.29074,
0.29126,
0.29177,
0.29229,
0.29281,
0.29333,
0.29385,
0.29437,
0.29488,
0.2954,
0.29592,
0.29643,
0.29695,
0.29746,
0.29798,
0.29849,
0.29901,
0.29952,
0.30004,
0.30055,
0.30106,
0.30157,
0.30209,
0.3026,
0.30311,
0.30362,
0.30413,
0.30464,
0.30515,
0.30566,
0.30617,
0.30668,
0.30718,
0.30769,
0.3082,
0.3087,
0.30921,
0.30971,
0.31022,
0.31072,
0.31123,
0.31173,
0.31224,
0.31274,
0.31324,
0.31374,
0.31424,
0.31474,
0.31524,
0.31574,
0.31624,
0.31674,
0.31724,
0.31773,
0.31823,
0.31873,
0.31922,
0.31972,
0.32021,
0.32071,
0.3212,
0.32169,
0.32219,
0.32268,
0.32317,
0.32366,
0.32415,
0.32464,
0.32513,
0.32561,
0.3261,
0.32659,
0.32707,
0.32756,
0.32804,
0.32853,
0.32901,
0.32949,
0.32998,
0.33046,
0.33094,
0.33142,
0.3319,
0.33238,
0.33286,
0.33333,
0.33381,
0.33429,
0.33476,
0.33524,
0.33571,
0.33618,
0.33665,
0.33713,
0.3376,
0.33807,
0.33854,
0.33901,
0.33947,
0.33994,
0.34041,
0.34087,
0.34134,
0.3418,
0.34226,
0.34273,
0.34319,
0.34365,
0.34411,
0.34457,
0.34503,
0.34549,
0.34594,
0.3464,
0.34685,
0.34731,
0.34776,
0.34821,
0.34867,
0.34912,
0.34957,
0.35002,
0.35046,
0.35091,
0.35136,
0.3518,
0.35225,
0.35269,
0.35314,
0.35358,
0.35402,
0.35446,
0.3549,
0.35534,
0.35577,
0.35621,
0.35665,
0.35708,
0.35752,
0.35795,
0.35838,
0.35881,
0.35924,
0.35967,
0.3601,
0.36053,
0.36095,
0.36138,
0.3618,
0.36222,
0.36265,
0.36307,
0.36349,
0.36391,
0.36433,
0.36474,
0.36516,
0.36557,
0.36599,
0.3664,
0.36681,
0.36722,
0.36763,
0.36804,
0.36845,
0.36886,
0.36926,
0.36967,
0.37007,
0.37047,
0.37087,
0.37128,
0.37167,
0.37207,
0.37247,
0.37287,
0.37326,
0.37365,
0.37405,
0.37444,
0.37483,
0.37522,
0.3756,
0.37599,
0.37638,
0.37676,
0.37714,
0.37753,
0.37791,
0.37829,
0.37867,
0.37904,
0.37942,
0.3798,
0.38017,
0.38054,
0.38091,
0.38128,
0.38165,
0.38202,
0.38239,
0.38275,
0.38312,
0.38348,
0.38384,
0.3842,
0.38456,
0.38492,
0.38528,
0.38563,
0.38599,
0.38634,
0.38669,
0.38704,
0.38739,
0.38774,
0.38809,
0.38843,
0.38878,
0.38912,
0.38946,
0.3898,
0.39014,
0.39048,
0.39081,
0.39115,
0.39148,
0.39181,
0.39214,
0.39247,
0.3928,
0.39313,
0.39345,
0.39378,
0.3941,
0.39442,
0.39474,
0.39506,
0.39538,
0.3957,
0.39601,
0.39632,
0.39663,
0.39695,
0.39725,
0.39756,
0.39787,
0.39817,
0.39848,
0.39878,
0.39908,
0.39938,
0.39968,
0.39997,
0.40027,
0.40056,
0.40085,
0.40114,
0.40143,
0.40172,
0.402,
0.40229,
0.40257,
0.40285,
0.40313,
0.40341,
0.40369,
0.40396,
0.40424,
0.40451,
0.40478,
0.40505,
0.40532,
0.40559,
0.40585,
0.40612,
0.40638,
0.40664,
0.4069,
0.40715,
0.40741,
0.40767,
0.40792,
0.40817,
0.40842,
0.40867,
0.40891,
0.40916,
0.4094,
0.40964,
0.40988,
0.41012,
0.41036,
0.4106,
0.41083,
0.41106,
0.41129,
0.41152,
0.41175,
0.41198,
0.4122,
0.41242,
0.41264,
0.41286,
0.41308,
0.4133,
0.41351,
0.41372,
0.41394,
0.41415,
0.41435,
0.41456,
0.41476,
0.41497,
0.41517,
0.41537,
0.41557,
0.41576,
0.41596,
0.41615,
0.41634,
0.41653,
0.41672,
0.41691,
0.41709,
0.41727,
0.41745,
0.41763,
0.41781,
0.41799,
0.41816,
0.41833,
0.41851,
0.41867,
0.41884,
0.41901,
0.41917,
0.41933,
0.41949,
0.41965,
0.41981,
0.41997,
0.42012,
0.42027,
0.42042,
0.42057,
0.42072,
0.42086,
0.421,
0.42114,
0.42128,
0.42142,
0.42156,
0.42169,
0.42182,
0.42195,
0.42208,
0.42221,
0.42233,
0.42246,
0.42258,
0.4227,
0.42282,
0.42293,
0.42305,
0.42316,
0.42327,
0.42338,
0.42349,
0.42359,
0.42369,
0.4238,
0.42389,
0.42399,
0.42409,
0.42418,
0.42427,
0.42437,
0.42445,
0.42454,
0.42463,
0.42471,
0.42479,
0.42487,
0.42495,
0.42502,
0.42509,
0.42517,
0.42524,
0.4253,
0.42537,
0.42543,
0.4255,
0.42556,
0.42562,
0.42567,
0.42573,
0.42578,
0.42583,
0.42588,
0.42593,
0.42597,
0.42602,
0.42606,
0.4261,
0.42614,
0.42617,
0.4262,
0.42624,
0.42627,
0.42629,
0.42632,
0.42635,
0.42637,
0.42639,
0.42641,
0.42642,
0.42644,
0.42645,
0.42646,
0.42647,
0.42648,
0.42648,
0.42648,
0.42649,
0.42648,
0.42648,
0.42648,
0.42647,
0.42646,
0.42645,
0.42644,
0.42642,
0.42641,
0.42639,
0.42637,
0.42634,
0.42632,
0.42629,
0.42627,
0.42623,
0.4262,
0.42617,
0.42613,
0.42609,
0.42605,
0.42601,
0.42597,
0.42592,
0.42587,
0.42582,
0.42577,
0.42572,
0.42566,
0.4256,
0.42554,
0.42548,
0.42542,
0.42535,
0.42528,
0.42521,
0.42514,
0.42507,
0.42499,
0.42491,
0.42483,
0.42475,
0.42467,
0.42458,
0.42449,
0.4244,
0.42431,
0.42422,
0.42412,
0.42402,
0.42392,
0.42382,
0.42372,
0.42361,
0.4235,
0.42339,
0.42328,
0.42317,
0.42305,
0.42293,
0.42281,
0.42269,
0.42257,
0.42244,
0.42231,
0.42218,
0.42205,
0.42192,
0.42178,
0.42164,
0.4215,
0.42136,
0.42122,
0.42107,
0.42092,
0.42077,
0.42062,
0.42047,
0.42031,
0.42015,
0.41999,
0.41983,
0.41967,
0.4195,
0.41933,
0.41916,
0.41899,
0.41882,
0.41864,
0.41846,
0.41828,
0.4181,
0.41792,
0.41773,
0.41754,
0.41735,
0.41716,
0.41697,
0.41677,
0.41657,
0.41637,
0.41617,
0.41597,
0.41576,
0.41556,
0.41535,
0.41513,
0.41492,
0.4147,
0.41449,
0.41427,
0.41404,
0.41382,
0.4136,
0.41337,
0.41314,
0.41291,
0.41267,
0.41244,
0.4122,
0.41196,
0.41172,
0.41148,
0.41123,
0.41098,
0.41073,
0.41048,
0.41023,
0.40997,
0.40972,
0.40946,
0.4092,
0.40894,
0.40867,
0.4084,
0.40813,
0.40786,
0.40759,
0.40732,
0.40704,
0.40676,
0.40648,
0.4062,
0.40592,
0.40563,
0.40534,
0.40505,
0.40476,
0.40447,
0.40417,
0.40387,
0.40357,
0.40327,
0.40297,
0.40266,
0.40236,
0.40205,
0.40174,
0.40142,
0.40111,
0.40079,
0.40047,
0.40015,
0.39983,
0.39951,
0.39918,
0.39885,
0.39852,
0.39819,
0.39786,
0.39752,
0.39719,
0.39685,
0.39651,
0.39616,
0.39582,
0.39547,
0.39513,
0.39478,
0.39442,
0.39407,
0.39371,
0.39336,
0.393,
0.39264,
0.39227,
0.39191,
0.39154,
0.39118,
0.39081,
0.39043,
0.39006,
0.38968,
0.38931,
0.38893,
0.38855,
0.38817,
0.38778,
0.3874,
0.38701,
0.38662,
0.38623,
0.38583,
0.38544,
0.38504,
0.38464,
0.38424,
0.38384,
0.38344,
0.38303,
0.38263,
0.38222,
0.38181,
0.3814,
0.38098,
0.38057,
0.38015,
0.37973,
0.37931,
0.37889,
0.37846,
0.37804,
0.37761,
0.37718,
0.37675,
0.37632,
0.37588,
0.37545,
0.37501,
0.37457,
0.37413,
0.37369,
0.37324,
0.3728,
0.37235,
0.3719,
0.37145,
0.371,
0.37055,
0.37009,
0.36964,
0.36918,
0.36872,
0.36826,
0.36779,
0.36733,
0.36686,
0.36639,
0.36592,
0.36545,
0.36498,
0.36451,
0.36403,
0.36355,
0.36307,
0.36259,
0.36211,
0.36163,
0.36114,
0.36066,
0.36017,
0.35968,
0.35919,
0.3587,
0.3582,
0.35771,
0.35721,
0.35671,
0.35622,
0.35571,
0.35521,
0.35471,
0.3542,
0.3537,
0.35319,
0.35268,
0.35217,
0.35165,
0.35114,
0.35062,
0.35011,
0.34959,
0.34907,
0.34855,
0.34803,
0.3475,
0.34698,
0.34645,
0.34592,
0.3454,
0.34487,
0.34433,
0.3438,
0.34327,
0.34273,
0.34219,
0.34166,
0.34112,
0.34057,
0.34003,
0.33949,
0.33894,
0.3384,
0.33785,
0.3373,
0.33675,
0.3362,
0.33565,
0.3351,
0.33454,
0.33399,
0.33343,
0.33287,
0.33231,
0.33175,
0.33119,
0.33062,
0.33006,
0.32949,
0.32893,
0.32836,
0.32779,
0.32722,
0.32665,
0.32608,
0.3255,
0.32493,
0.32435,
0.32378,
0.3232,
0.32262,
0.32204,
0.32146,
0.32087,
0.32029,
0.31971,
0.31912,
0.31853,
0.31795,
0.31736,
0.31677,
0.31618,
0.31559,
0.31499,
0.3144,
0.3138,
0.31321,
0.31261,
0.31201,
0.31142,
0.31082,
0.31021,
0.30961,
0.30901,
0.30841,
0.3078,
0.3072,
0.30659,
0.30598,
0.30538,
0.30477,
0.30416,
0.30355,
0.30293,
0.30232,
0.30171,
0.30109,
0.30048,
0.29986,
0.29925,
0.29863,
0.29801,
0.29739,
0.29677,
0.29615,
0.29553,
0.2949,
0.29428,
0.29366,
0.29303,
0.29241,
0.29178,
0.29115,
0.29053,
0.2899,
0.28927,
0.28864,
0.28801,
0.28738,
0.28674,
0.28611,
0.28548,
0.28484,
0.28421,
0.28357,
0.28294,
0.2823,
0.28166,
0.28102,
0.28038,
0.27975,
0.27911,
0.27846,
0.27782,
0.27718,
0.27654,
0.2759,
0.27525,
0.27461,
0.27396,
0.27332,
0.27267,
0.27203,
0.27138,
0.27073,
0.27009,
0.26944,
0.26879,
0.26814,
0.26749,
0.26684,
0.26619,
0.26554,
0.26489,
0.26423,
0.26358,
0.26293,
0.26228,
0.26162,
0.26097,
0.26031,
0.25966,
0.259,
0.25835,
0.25769,
0.25704,
0.25638,
0.25572,
0.25506,
0.25441,
0.25375,
0.25309,
0.25243,
0.25177,
0.25111,
0.25045,
0.24979,
0.24913,
0.24847,
0.24781,
0.24715,
0.24649,
0.24583,
0.24517,
0.24451,
0.24384,
0.24318,
0.24252,
0.24186,
0.24119,
0.24053,
0.23987,
0.2392,
0.23854,
0.23788,
0.23721,
0.23655,
0.23589,
0.23522,
0.23456,
0.23389,
0.23323,
0.23256,
0.2319,
0.23124,
0.23057,
0.22991,
0.22924,
0.22858,
0.22791,
0.22725,
0.22658,
0.22592,
0.22525,
0.22459,
0.22392,
0.22326,
0.22259,
0.22193,
0.22126,
0.2206,
0.21994,
0.21927,
0.21861,
0.21794,
0.21728,
0.21661,
0.21595,
0.21529,
0.21462,
0.21396,
0.21329,
0.21263,
0.21197,
0.2113,
0.21064,
0.20998,
0.20932,
0.20865,
0.20799,
0.20733,
0.20667,
0.20601,
0.20535,
0.20468,
0.20402,
0.20336,
0.2027,
0.20204,
0.20138,
0.20072,
0.20006,
0.19941,
0.19875,
0.19809,
0.19743,
0.19677,
0.19611,
0.19546,
0.1948,
0.19414,
0.19349,
0.19283,
0.19218,
0.19152,
0.19087,
0.19021,
0.18956,
0.18891,
0.18825,
0.1876,
0.18695,
0.1863,
0.18565,
0.185,
0.18435,
0.1837,
0.18305,
0.1824,
0.18175,
0.1811,
0.18046,
0.17981,
0.17916,
0.17852,
0.17787,
0.17723,
0.17658,
0.17594,
0.1753,
0.17465,
0.17401,
0.17337,
0.17273,
0.17209,
0.17145,
0.17081,
0.17017,
0.16953,
0.1689,
0.16826,
0.16763,
0.16699,
0.16636,
0.16572,
0.16509,
0.16446,
0.16382,
0.16319,
0.16256,
0.16193,
0.1613,
0.16068,
0.16005,
0.15942,
0.1588,
0.15817,
0.15755,
0.15692,
0.1563,
0.15568,
0.15506,
0.15444,
0.15382,
0.1532,
0.15258,
0.15196,
0.15134,
0.15073,
0.15011,
0.1495,
0.14889,
0.14827,
0.14766,
0.14705,
0.14644,
0.14583,
0.14522,
0.14462,
0.14401,
0.14341,
0.1428,
0.1422,
0.14159,
0.14099,
0.14039,
0.13979,
0.13919,
0.1386,
0.138,
0.1374,
0.13681,
0.13621,
0.13562,
0.13503,
0.13444,
0.13385,
0.13326,
0.13267,
0.13208,
0.1315,
0.13091,
0.13033,
0.12975,
0.12916,
0.12858,
0.128,
0.12742,
0.12685,
0.12627,
0.12569,
0.12512,
0.12455,
0.12398,
0.1234,
0.12283,
0.12227,
0.1217,
0.12113,
0.12057,
0.12,
0.11944,
0.11888,
0.11832,
0.11776,
0.1172,
0.11664,
0.11609,
0.11553,
0.11498,
0.11442,
0.11387,
0.11332,
0.11277,
0.11223,
0.11168,
0.11113,
0.11059,
0.11005,
0.10951,
0.10897,
0.10843,
0.10789,
0.10735,
0.10682,
0.10628,
0.10575,
0.10522,
0.10469,
0.10416,
0.10364,
0.10311,
0.10258,
0.10206,
0.10154,
0.10102,
0.1005,
0.099981,
0.099464,
0.098949,
0.098435,
0.097922,
0.097411,
0.096901,
0.096392,
0.095885,
0.095379,
0.094875,
0.094372,
0.09387,
0.09337,
0.092871,
0.092374,
0.091878,
0.091383,
0.09089,
0.090398,
0.089908,
0.089419,
0.088932,
0.088446,
0.087961,
0.087478,
0.086997,
0.086516,
0.086038,
0.08556,
0.085085,
0.08461,
0.084138,
0.083666,
0.083196,
0.082728,
0.082261,
0.081796,
0.081332,
0.08087,
0.080409,
0.07995,
0.079492,
0.079036,
0.078581,
0.078128,
0.077676,
0.077226,
0.076778,
0.076331,
0.075885,
0.075441,
0.074999,
0.074558,
0.074119,
0.073681,
0.073245,
0.07281,
0.072378,
0.071946,
0.071516,
0.071088,
0.070662,
0.070237,
0.069813,
0.069391,
0.068971,
0.068553,
0.068136,
0.06772,
0.067307,
0.066894,
0.066484,
0.066075,
0.065668,
0.065262,
0.064858,
0.064456,
0.064055,
0.063656,
0.063259,
0.062863,
0.062469,
0.062076,
0.061686,
0.061296,
0.060909,
0.060523,
0.060139,
0.059756,
0.059376,
0.058996,
0.058619,
0.058243,
0.057869,
0.057497,
0.057126,
0.056757,
0.05639,
0.056024,
0.05566,
0.055298,
0.054937,
0.054578,
0.054221,
0.053866,
0.053512,
0.05316,
0.05281,
0.052461,
0.052114,
0.051769,
0.051425,
0.051084,
0.050744,
0.050405,
0.050069,
0.049734,
0.049401,
0.049069,
0.04874,
0.048412,
0.048086,
0.047761,
0.047439,
0.047118,
0.046798,
0.046481,
0.046165,
0.045851,
0.045539,
0.045228,
0.04492,
0.044613,
0.044308,
0.044004,
0.043702,
0.043402,
0.043104,
0.042808,
0.042513,
0.04222,
0.041929,
0.04164,
0.041352,
0.041066,
0.040782,
0.0405,
0.040219,
0.03994,
0.039663,
0.039388,
0.039115,
0.038843,
0.038573,
0.038305,
0.038038,
0.037774,
0.037511,
0.03725,
0.03699,
0.036733,
0.036477,
0.036223,
0.035971,
0.03572,
0.035472,
0.035225,
0.03498,
0.034736,
0.034495,
0.034255,
0.034017,
0.033781,
0.033546,
0.033314,
0.033083,
0.032854,
0.032626,
0.032401,
0.032177,
0.031955,
0.031735,
0.031516,
0.0313,
0.031085,
0.030872,
0.03066,
0.030451,
0.030243,
0.030037,
0.029833,
0.02963,
0.02943,
0.029231,
0.029034,
0.028838,
0.028645,
0.028453,
0.028263,
0.028075,
0.027888,
0.027703,
0.02752,
0.027339,
0.02716,
0.026982,
0.026806,
0.026632,
0.026459,
0.026289,
0.02612,
0.025953,
0.025787,
0.025624,
0.025462,
0.025302,
0.025143,
0.024987,
0.024832,
0.024679,
0.024528,
0.024378,
0.02423,
0.024084,
0.02394,
0.023797,
0.023656,
0.023517,
0.02338,
0.023244,
0.02311,
0.022978,
0.022847,
0.022719,
0.022592,
0.022466,
0.022343,
0.022221,
0.022101,
0.021982,
0.021866,
0.021751,
0.021638,
0.021526,
0.021416,
0.021308,
0.021202,
0.021097,
0.020994,
0.020893,
0.020793,
0.020695,
0.020599,
0.020504,
0.020412,
0.02032,
0.020231,
0.020143,
0.020057,
0.019973,
0.01989,
0.019809,
0.019729,
0.019652,
0.019576,
0.019501,
0.019429,
0.019357,
0.019288,
0.01922,
0.019154,
0.01909,
0.019027,
0.018966,
0.018906,
0.018848,
0.018792,
0.018738,
0.018685,
0.018633,
0.018583,
0.018535,
0.018489,
0.018444,
0.018401,
0.018359,
0.018319,
0.018281,
0.018244,
0.018209,
0.018175,
0.018143,
0.018113,
0.018084,
0.018057,
0.018031,
0.018007,
0.017984,
0.017963,
0.017944,
0.017926,
0.01791,
0.017895,
0.017882,
0.017871,
0.017861,
0.017852,
0.017845,
0.01784,
0.017836,
0.017834,
0.017833,
0.017834,
0.017836,
0.01784,
0.017845,
0.017852,
0.01786,
0.01787,
0.017882,
0.017895,
0.017909,
0.017925,
0.017942,
0.017961,
0.017981,
0.018003,
0.018026,
0.018051,
0.018077,
0.018105,
0.018134,
0.018165,
0.018197,
0.01823,
0.018265,
0.018302,
0.01834,
0.018379,
0.01842,
0.018462,
0.018505,
0.01855,
0.018597,
0.018644,
0.018694,
0.018744,
0.018796,
0.01885,
0.018905,
0.018961,
0.019018,
0.019077,
0.019138,
0.019199,
0.019262,
0.019327,
0.019393,
0.01946,
0.019528,
0.019598,
0.01967,
0.019742,
0.019816,
0.019891,
0.019968,
0.020046,
0.020125,
0.020206,
0.020287,
0.020371,
0.020455,
0.020541,
0.020628,
0.020716,
0.020806,
0.020897,
0.020989,
0.021082,
0.021177,
0.021273,
0.021371,
0.021469,
0.021569,
0.02167,
0.021772,
0.021876,
0.021981,
0.022087,
0.022194,
0.022302,
0.022412,
0.022523,
0.022635,
0.022748,
0.022863,
0.022979,
0.023096,
0.023214,
0.023333,
0.023453,
0.023575,
0.023698,
0.023822,
0.023947,
0.024073,
0.024201,
0.02433,
0.024459,
0.02459,
0.024722,
0.024856,
0.02499,
0.025125,
0.025262,
0.0254,
0.025538,
0.025678,
0.025819,
0.025961,
0.026105,
0.026249,
0.026394,
0.026541,
0.026688,
0.026837,
0.026987,
0.027137,
0.027289,
0.027442,
0.027596,
0.027751,
0.027907,
0.028064,
0.028222,
0.028381,
0.028541,
0.028702,
0.028864,
0.029027,
0.029192,
0.029357,
0.029523,
0.02969,
0.029858,
0.030027,
0.030197,
0.030368,
0.03054,
0.030713,
0.030887,
0.031062,
0.031238,
0.031415,
0.031593,
0.031771,
0.031951,
0.032131,
0.032313,
0.032495,
0.032679,
0.032863,
0.033048,
0.033234,
0.033421,
0.033609,
0.033797,
0.033987,
0.034177,
0.034369,
0.034561,
0.034754,
0.034948,
0.035142,
0.035338,
0.035534,
0.035732,
0.03593,
0.036129,
0.036329,
0.036529,
0.036731,
0.036933,
0.037136,
0.03734,
0.037545,
0.03775,
0.037956,
0.038163,
0.038371,
0.03858,
0.038789,
0.038999,
0.03921,
0.039422,
0.039634,
0.039848,
0.040061,
0.040276,
0.040492,
0.040708,
0.040925,
0.041142,
0.04136,
0.04158,
0.041799,
0.04202,
0.042241,
0.042463,
0.042685,
0.042909,
0.043132,
0.043357,
0.043582,
0.043808,
0.044035,
0.044262,
0.04449,
0.044719,
0.044948,
0.045178,
0.045408,
0.045639,
0.045871,
0.046104,
0.046337,
0.04657,
0.046805,
0.04704,
0.047275,
0.047511,
0.047748,
0.047985,
0.048223,
0.048461,
0.0487,
0.04894,
0.04918,
0.049421,
0.049662,
0.049904,
0.050147,
0.05039,
0.050633,
0.050877,
0.051122,
0.051367,
0.051612,
0.051859,
0.052105,
0.052353,
0.0526,
0.052848,
0.053097,
0.053346,
0.053596,
0.053846,
0.054097,
0.054348,
0.0546,
0.054852,
0.055105,
0.055358,
0.055611,
0.055865,
0.056119,
0.056374,
0.05663,
0.056885,
0.057142,
0.057398,
0.057655,
0.057913,
0.058171,
0.058429,
0.058688,
0.058947,
0.059206,
0.059466,
0.059726,
0.059987,
0.060248,
0.06051,
0.060771,
0.061034,
0.061296,
0.061559,
0.061822,
0.062086,
0.06235,
0.062615,
0.062879,
0.063144,
0.06341,
0.063675,
0.063941,
0.064208,
0.064474,
0.064742,
0.065009,
0.065276,
0.065544,
0.065813,
0.066081,
0.06635,
0.066619,
0.066889,
0.067158,
0.067428,
0.067698,
0.067969,
0.06824,
0.068511,
0.068782,
0.069054,
0.069326,
0.069598,
0.06987,
0.070142,
0.070415,
0.070688,
0.070961,
0.071235,
0.071509,
0.071783,
0.072057,
0.072331,
0.072606,
0.07288,
0.073155,
0.07343,
0.073706,
0.073981,
0.074257,
0.074533,
0.074809,
0.075085,
0.075361,
0.075638,
0.075915,
0.076192,
0.076469,
0.076746,
0.077023,
0.077301,
0.077578,
0.077856,
0.078134,
0.078412,
0.07869,
0.078968,
0.079247,
0.079525,
0.079804,
0.080083,
0.080362,
0.08064,
0.08092,
0.081199,
0.081478,
0.081757,
0.082037,
0.082316,
0.082596,
0.082875,
0.083155,
0.083435,
0.083715,
0.083995,
0.084275,
0.084555,
0.084835,
0.085115,
0.085395,
0.085675,
0.085955,
0.086236,
0.086516,
0.086796,
0.087077,
0.087357,
0.087637,
0.087918,
0.088198,
0.088479,
0.088759,
0.08904,
0.08932,
0.089601,
0.089881,
0.090161,
0.090442,
0.090722,
0.091003,
0.091283,
0.091563,
0.091844,
0.092124,
0.092404,
0.092684,
0.092965,
0.093245,
0.093525,
0.093805,
0.094085,
0.094365,
0.094645,
0.094924,
0.095204,
0.095484,
0.095763,
0.096043,
0.096322,
0.096602,
0.096881,
0.09716,
0.097439,
0.097718,
0.097997,
0.098276,
0.098555,
0.098833,
0.099112,
0.09939,
0.099669,
0.099947,
0.10022,
0.1005,
0.10078,
0.10106,
0.10134,
0.10161,
0.10189,
0.10217,
0.10244,
0.10272,
0.103,
0.10328,
0.10355,
0.10383,
0.1041,
0.10438,
0.10466,
0.10493,
0.10521,
0.10548,
0.10576,
0.10603,
0.10631,
0.10658,
0.10686,
0.10713,
0.1074,
0.10768,
0.10795,
0.10823,
0.1085,
0.10877,
0.10905,
0.10932,
0.10959,
0.10986,
0.11014,
0.11041,
0.11068,
0.11095,
0.11122,
0.11149,
0.11176,
0.11203,
0.1123,
0.11257,
0.11284,
0.11311,
0.11338,
0.11365,
0.11392,
0.11419,
0.11446,
0.11473,
0.11499,
0.11526,
0.11553,
0.1158,
0.11606,
0.11633,
0.1166,
0.11686,
0.11713,
0.11739,
0.11766,
0.11792,
0.11819,
0.11845,
0.11872,
0.11898,
0.11924,
0.11951,
0.11977,
0.12003,
0.1203,
0.12056,
0.12082,
0.12108,
0.12134,
0.1216,
0.12186,
0.12212,
0.12238,
0.12264,
0.1229,
0.12316,
0.12342,
0.12368,
0.12394,
0.12419,
0.12445,
0.12471,
0.12497,
0.12522,
0.12548,
0.12573,
0.12599,
0.12624,
0.1265,
0.12675,
0.12701,
0.12726,
0.12751,
0.12777,
0.12802,
0.12827,
0.12852,
0.12877,
0.12903,
0.12928,
0.12953,
0.12978,
0.13003,
0.13028,
0.13053,
0.13077,
0.13102,
0.13127,
0.13152,
0.13176,
0.13201,
0.13226,
0.1325,
0.13275,
0.13299,
0.13324,
0.13348,
0.13373,
0.13397,
0.13421,
0.13446,
0.1347,
0.13494,
0.13518,
0.13542,
0.13566,
0.1359,
0.13614,
0.13638,
0.13662,
0.13686,
0.1371,
0.13734,
0.13758,
0.13781,
0.13805,
0.13828,
0.13852,
0.13876,
0.13899,
0.13923,
0.13946,
0.13969,
0.13993,
0.14016,
0.14039,
0.14062,
0.14085,
0.14109,
0.14132,
0.14155,
0.14178,
0.14201,
0.14223,
0.14246,
0.14269,
0.14292,
0.14314,
0.14337,
0.1436,
0.14382,
0.14405,
0.14427,
0.1445,
0.14472,
0.14494,
0.14517,
0.14539,
0.14561,
0.14583,
0.14605,
0.14628,
0.1465,
0.14671,
0.14693,
0.14715,
0.14737,
0.14759,
0.14781,
0.14802,
0.14824,
0.14846,
0.14867,
0.14889,
0.1491,
0.14931,
0.14953,
0.14974,
0.14995,
0.15016,
0.15038,
0.15059,
0.1508,
0.15101,
0.15122,
0.15143,
0.15163,
0.15184,
0.15205,
0.15226,
0.15246,
0.15267,
0.15288,
0.15308,
0.15329,
0.15349,
0.15369,
0.1539,
0.1541,
0.1543,
0.1545,
0.1547,
0.1549,
0.1551,
0.1553,
0.1555,
0.1557,
0.1559,
0.1561,
0.15629,
0.15649,
0.15669,
0.15688,
0.15708,
0.15727,
0.15746,
0.15766,
0.15785,
0.15804,
0.15824,
0.15843,
0.15862,
0.15881,
0.159,
0.15919,
0.15937,
0.15956,
0.15975,
0.15994,
0.16012,
0.16031,
0.1605,
0.16068,
0.16087,
0.16105,
0.16123,
0.16142,
0.1616,
0.16178,
0.16196,
0.16214,
0.16232,
0.1625,
0.16268,
0.16286,
0.16304,
0.16321,
0.16339,
0.16357,
0.16374,
0.16392,
0.16409,
0.16427,
0.16444,
0.16461,
0.16479,
0.16496,
0.16513,
0.1653,
0.16547,
0.16564,
0.16581,
0.16598,
0.16615,
0.16632,
0.16648,
0.16665,
0.16682,
0.16698,
0.16715,
0.16731,
0.16748,
0.16764,
0.1678,
0.16796,
0.16813,
0.16829,
0.16845,
0.16861,
0.16877,
0.16893,
0.16908,
0.16924,
0.1694,
0.16956,
0.16971,
0.16987,
0.17002,
0.17018,
0.17033,
0.17048,
0.17064,
0.17079,
0.17094,
0.17109,
0.17124,
0.17139,
0.17154,
0.17169,
0.17184,
0.17199,
0.17213,
0.17228,
0.17243,
0.17257,
0.17272,
0.17286,
0.173,
0.17315,
0.17329,
0.17343,
0.17357,
0.17372,
0.17386,
0.174,
0.17413,
0.17427,
0.17441,
0.17455,
0.17469,
0.17482,
0.17496,
0.17509,
0.17523,
0.17536,
0.1755,
0.17563,
0.17576,
0.17589,
0.17603,
0.17616,
0.17629,
0.17642,
0.17655,
0.17667,
0.1768,
0.17693,
0.17706,
0.17718,
0.17731,
0.17743,
0.17756,
0.17768,
0.1778,
0.17793,
0.17805,
0.17817,
0.17829,
0.17841,
0.17853,
0.17865,
0.17877,
0.17889,
0.17901,
0.17912,
0.17924,
0.17936,
0.17947,
0.17959,
0.1797,
0.17982,
0.17993,
0.18004,
0.18015,
0.18026,
0.18038,
0.18049,
0.1806,
0.18071,
0.18081,
0.18092,
0.18103,
0.18114,
0.18124,
0.18135,
0.18145,
0.18156,
0.18166,
0.18177,
0.18187,
0.18197,
0.18207,
0.18217,
0.18227,
0.18237,
0.18247,
0.18257,
0.18267,
0.18277,
0.18287,
0.18296,
0.18306,
0.18315,
0.18325,
0.18334,
0.18344,
0.18353,
0.18362,
0.18372,
0.18381,
0.1839,
0.18399,
0.18408,
0.18417,
0.18426,
0.18434,
0.18443,
0.18452,
0.1846,
0.18469,
0.18478,
0.18486,
0.18494,
0.18503,
0.18511,
0.18519,
0.18528,
0.18536,
0.18544,
0.18552,
0.1856,
0.18568,
0.18575,
0.18583,
0.18591,
0.18599,
0.18606,
0.18614,
0.18621,
0.18629,
0.18636,
0.18644,
0.18651,
0.18658,
0.18665,
0.18672,
0.18679,
0.18686,
0.18693,
0.187,
0.18707,
0.18714,
0.1872,
0.18727,
0.18734,
0.1874,
0.18747,
0.18753,
0.1876,
0.18766,
0.18772,
0.18778,
0.18785,
0.18791,
0.18797,
0.18803,
0.18809,
0.18814,
0.1882,
0.18826,
0.18832,
0.18837,
0.18843,
0.18849,
0.18854,
0.18859,
0.18865,
0.1887,
0.18875,
0.18881,
0.18886,
0.18891,
0.18896,
0.18901,
0.18906,
0.18911,
0.18916,
0.1892,
0.18925,
0.1893,
0.18934,
0.18939,
0.18943,
0.18948,
0.18952,
0.18956,
0.18961,
0.18965,
0.18969,
0.18973,
0.18977,
0.18981,
0.18985,
0.18989,
0.18993,
0.18997,
0.19,
0.19004,
0.19007,
0.19011,
0.19015,
0.19018,
0.19021,
0.19025,
0.19028,
0.19031,
0.19034,
0.19037,
0.19041,
0.19044,
0.19046,
0.19049,
0.19052,
0.19055,
0.19058,
0.1906,
0.19063,
0.19066,
0.19068,
0.19071,
0.19073,
0.19075,
0.19078,
0.1908,
0.19082,
0.19084,
0.19086,
0.19088,
0.1909,
0.19092,
0.19094,
0.19096,
0.19098,
0.19099,
0.19101,
0.19103,
0.19104,
0.19106,
0.19107,
0.19109,
0.1911,
0.19111,
0.19112,
0.19114,
0.19115,
0.19116,
0.19117,
0.19118,
0.19119,
0.1912,
0.1912,
0.19121,
0.19122,
0.19123,
0.19123,
0.19124,
0.19124,
0.19125,
0.19125,
0.19125,
0.19126,
0.19126,
0.19126,
0.19126,
0.19126,
0.19126,
0.19126,
0.19126,
0.19126,
0.19126,
0.19126,
0.19125,
0.19125,
0.19125,
0.19124,
0.19124,
0.19123,
0.19123,
0.19122,
0.19121,
0.1912,
0.1912,
0.19119,
0.19118,
0.19117,
0.19116,
0.19115,
0.19114,
0.19113,
0.19111,
0.1911,
0.19109,
0.19108,
0.19106,
0.19105,
0.19103,
0.19102,
0.191,
0.19098,
0.19097,
0.19095,
0.19093,
0.19091,
0.19089,
0.19087,
0.19085,
0.19083,
0.19081,
0.19079,
0.19077,
0.19075,
0.19072,
0.1907,
0.19068,
0.19065,
0.19063,
0.1906,
0.19057,
0.19055,
0.19052,
0.19049,
0.19047,
0.19044,
0.19041,
0.19038,
0.19035,
0.19032,
0.19029,
0.19026,
0.19023,
0.19019,
0.19016,
0.19013,
0.19009,
0.19006,
0.19003,
0.18999,
0.18995,
0.18992,
0.18988,
0.18985,
0.18981,
0.18977,
0.18973,
0.18969,
0.18965,
0.18961,
0.18957,
0.18953,
0.18949,
0.18945,
0.18941,
0.18937,
0.18932,
0.18928,
0.18924,
0.18919,
0.18915,
0.1891,
0.18906,
0.18901,
0.18896,
0.18892,
0.18887,
0.18882,
0.18877,
0.18872,
0.18867,
0.18862,
0.18857,
0.18852,
0.18847,
0.18842,
0.18837,
0.18832,
0.18826,
0.18821,
0.18816,
0.1881,
0.18805,
0.18799,
0.18794,
0.18788,
0.18782,
0.18777,
0.18771,
0.18765,
0.18759,
0.18754,
0.18748,
0.18742,
0.18736,
0.1873,
0.18724,
0.18718,
0.18711,
0.18705,
0.18699,
0.18693,
0.18686,
0.1868,
0.18674,
0.18667,
0.18661,
0.18654,
0.18648,
0.18641,
0.18634,
0.18628,
0.18621,
0.18614,
0.18608,
0.18601,
0.18594,
0.18587,
0.1858,
0.18573,
0.18566,
0.18559,
0.18552,
0.18544,
0.18537,
0.1853,
0.18523,
0.18515,
0.18508,
0.18501,
0.18493,
0.18486,
0.18478,
0.18471,
0.18463,
0.18456,
0.18448,
0.1844,
0.18432,
0.18425,
0.18417,
0.18409,
0.18401,
0.18393,
0.18385,
0.18377,
0.18369,
0.18361,
0.18353,
0.18345,
0.18337,
0.18328,
0.1832,
0.18312,
0.18304,
0.18295,
0.18287,
0.18278,
0.1827,
0.18261,
0.18253,
0.18244,
0.18236,
0.18227,
0.18218,
0.1821,
0.18201,
0.18192,
0.18183,
0.18175,
0.18166,
0.18157,
0.18148,
0.18139,
0.1813,
0.18121,
0.18112,
0.18103,
0.18094,
0.18084,
0.18075,
0.18066,
0.18057,
0.18047,
0.18038,
0.18029,
0.18019,
0.1801,
0.18,
0.17991,
0.17981,
0.17972,
0.17962,
0.17953,
0.17943,
0.17933,
0.17924,
0.17914,
0.17904,
0.17894,
0.17884,
0.17875,
0.17865,
0.17855,
0.17845,
0.17835,
0.17825,
0.17815,
0.17805,
0.17795,
0.17785,
0.17775,
0.17764,
0.17754,
0.17744,
0.17734,
0.17723,
0.17713,
0.17703,
0.17692,
0.17682,
0.17672,
0.17661,
0.17651,
0.1764,
0.1763,
0.17619,
0.17609,
0.17598,
0.17587,
0.17577,
0.17566,
0.17555,
0.17545,
0.17534,
0.17523,
0.17512,
0.17502,
0.17491,
0.1748,
0.17469,
0.17458,
0.17447,
0.17436,
0.17425,
0.17414,
0.17403,
0.17392,
0.17381,
0.1737,
0.17359,
0.17348,
0.17337,
0.17325,
0.17314,
0.17303,
0.17292,
0.1728,
0.17269,
0.17258,
0.17246,
0.17235,
0.17224,
0.17212,
0.17201,
0.1719,
0.17178,
0.17167,
0.17155,
0.17144,
0.17132,
0.17121,
0.17109,
0.17097,
0.17086,
0.17074,
0.17062,
0.17051,
0.17039,
0.17027,
0.17016,
0.17004,
0.16992,
0.16981,
0.16969,
0.16957,
0.16945,
0.16933,
0.16921,
0.1691,
0.16898,
0.16886,
0.16874,
0.16862,
0.1685,
0.16838,
0.16826,
0.16814,
0.16802,
0.1679,
0.16778,
0.16766,
0.16754,
0.16742,
0.1673,
0.16718,
0.16706,
0.16693,
0.16681,
0.16669,
0.16657,
0.16645,
0.16633,
0.1662,
0.16608,
0.16596,
0.16584,
0.16572,
0.16559,
0.16547,
0.16535,
0.16522,
0.1651,
0.16498,
0.16485,
0.16473,
0.16461,
0.16448,
0.16436,
0.16424,
0.16411,
0.16399,
0.16386,
0.16374,
0.16362,
0.16349,
0.16337,
0.16324,
0.16312,
0.16299,
0.16287,
0.16274,
0.16262,
0.16249,
0.16237,
0.16224,
0.16212,
0.16199,
0.16187,
0.16174,
0.16162,
0.16149,
0.16137,
0.16124,
0.16112,
0.16099,
0.16086,
0.16074,
0.16061,
0.16049,
0.16036,
0.16023,
0.16011,
0.15998,
0.15986,
0.15973,
0.1596,
0.15948,
0.15935,
0.15923,
0.1591,
0.15897,
0.15885,
0.15872,
0.15859,
0.15847,
0.15834,
0.15821,
0.15809,
0.15796,
0.15783,
0.15771,
0.15758,
0.15745,
0.15733,
0.1572,
0.15707,
0.15695,
0.15682,
0.15669,
0.15657,
0.15644,
0.15631,
0.15619,
0.15606,
0.15594,
0.15581,
0.15568,
0.15556,
0.15543,
0.1553,
0.15518,
0.15505,
0.15492,
0.1548,
0.15467,
0.15454,
0.15442,
0.15429,
0.15416,
0.15404,
0.15391,
0.15379,
0.15366,
0.15353,
0.15341,
0.15328,
0.15316,
0.15303,
0.1529,
0.15278,
0.15265,
0.15253,
0.1524,
0.15228,
0.15215,
0.15202,
0.1519,
0.15177,
0.15165,
0.15152,
0.1514,
0.15127,
0.15115,
0.15102,
0.1509,
0.15077,
0.15065,
0.15052,
0.1504,
0.15027,
0.15015,
0.15003,
0.1499,
0.14978,
0.14965,
0.14953,
0.14941,
0.14928,
0.14916,
0.14903,
0.14891,
0.14879,
0.14866,
0.14854,
0.14842,
0.14829,
0.14817,
0.14805,
0.14793,
0.1478,
0.14768,
0.14756,
0.14744,
0.14731,
0.14719,
0.14707,
0.14695,
0.14683,
0.14671,
0.14658,
0.14646,
0.14634,
0.14622,
0.1461,
0.14598,
0.14586,
0.14574,
0.14562,
0.1455,
0.14538,
0.14526,
0.14514,
0.14502,
0.1449,
0.14478,
0.14466,
0.14454,
0.14442,
0.1443,
0.14418,
0.14406,
0.14395,
0.14383,
0.14371,
0.14359,
0.14347,
0.14336,
0.14324,
0.14312,
0.143,
0.14289,
0.14277,
0.14265,
0.14254,
0.14242,
0.14231,
0.14219,
0.14207,
0.14196,
0.14184,
0.14173,
0.14161,
0.1415,
0.14138,
0.14127,
0.14115,
0.14104,
0.14093,
0.14081,
0.1407,
0.14059,
0.14047,
0.14036,
0.14025,
0.14013,
0.14002,
0.13991,
0.1398,
0.13969,
0.13957,
0.13946,
0.13935,
0.13924,
0.13913,
0.13902,
0.13891,
0.1388,
0.13869,
0.13858,
0.13847,
0.13836,
0.13825,
0.13814,
0.13803,
0.13793,
0.13782,
0.13771,
0.1376,
0.13749,
0.13739,
0.13728,
0.13717,
0.13707,
0.13696,
0.13685,
0.13675,
0.13664,
0.13654,
0.13643,
0.13633,
0.13622,
0.13612,
0.13601,
0.13591,
0.1358,
0.1357,
0.1356,
0.13549,
0.13539,
0.13529,
0.13519,
0.13508,
0.13498,
0.13488,
0.13478,
0.13468,
0.13458,
0.13448,
0.13438,
0.13428,
0.13418,
0.13408,
0.13398,
0.13388,
0.13378,
0.13368,
0.13358,
0.13348,
0.13339,
0.13329,
0.13319,
0.13309,
0.133,
0.1329,
0.1328,
0.13271,
0.13261,
0.13252,
0.13242,
0.13233,
0.13223,
0.13214,
0.13204,
0.13195,
0.13186,
0.13176,
0.13167,
0.13158,
0.13149,
0.13139,
0.1313,
0.13121,
0.13112,
0.13103,
0.13094,
0.13085,
0.13076,
0.13067,
0.13058,
0.13049,
0.1304,
0.13031,
0.13022,
0.13013,
0.13004,
0.12996,
0.12987,
0.12978,
0.1297,
0.12961,
0.12952,
0.12944,
0.12935,
0.12927,
0.12918,
0.1291,
0.12901,
0.12893,
0.12884,
0.12876,
0.12868,
0.12859,
0.12851,
0.12843,
0.12835,
0.12827,
0.12818,
0.1281,
0.12802,
0.12794,
0.12786,
0.12778,
0.1277,
0.12762,
0.12754,
0.12747,
0.12739,
0.12731,
0.12723,
0.12715,
0.12708,
0.127,
0.12692,
0.12685,
0.12677,
0.1267,
0.12662,
0.12655,
0.12647,
0.1264,
0.12632,
0.12625,
0.12617,
0.1261,
0.12603,
0.12596,
0.12588,
0.12581,
0.12574,
0.12567,
0.1256,
0.12553,
0.12546,
0.12539,
0.12532,
0.12525,
0.12518,
0.12511,
0.12504,
0.12497,
0.12491,
0.12484,
0.12477,
0.1247,
0.12464,
0.12457,
0.1245,
0.12444,
0.12437,
0.12431,
0.12424,
0.12418,
0.12412,
0.12405,
0.12399,
0.12393,
0.12386,
0.1238,
0.12374,
0.12368,
0.12361,
0.12355,
0.12349,
0.12343,
0.12337,
0.12331,
0.12325,
0.12319,
0.12313,
0.12307,
0.12302,
0.12296,
0.1229,
0.12284,
0.12279,
0.12273,
0.12267,
0.12262,
0.12256,
0.1225,
0.12245,
0.12239,
0.12234,
0.12229,
0.12223,
0.12218,
0.12212,
0.12207,
0.12202,
0.12197,
0.12191,
0.12186,
0.12181,
0.12176,
0.12171,
0.12166,
0.12161,
0.12156,
0.12151,
0.12146,
0.12141,
0.12136,
0.12131,
0.12127,
0.12122,
0.12117,
0.12112,
0.12108,
0.12103,
0.12098,
0.12094,
0.12089,
0.12085,
0.1208,
0.12076,
0.12071,
0.12067,
0.12063,
0.12058,
0.12054,
0.1205,
0.12045,
0.12041,
0.12037,
0.12033,
0.12029,
0.12025,
0.1202,
0.12016,
0.12012,
0.12008,
0.12004,
0.12001,
0.11997,
0.11993,
0.11989,
0.11985,
0.11981,
0.11978,
0.11974,
0.1197,
0.11967,
0.11963,
0.11959,
0.11956,
0.11952,
0.11949,
0.11945,
0.11942,
0.11938,
0.11935,
0.11932,
0.11928,
0.11925,
0.11922,
0.11918,
0.11915,
0.11912,
0.11909,
0.11906,
0.11903,
0.119,
0.11896,
0.11893,
0.1189,
0.11887,
0.11885,
0.11882,
0.11879,
0.11876,
0.11873,
0.1187,
0.11867,
0.11865,
0.11862,
0.11859,
0.11857,
0.11854,
0.11851,
0.11849,
0.11846,
0.11844,
0.11841,
0.11839,
0.11836,
0.11834,
0.11831,
0.11829,
0.11827,
0.11824,
0.11822,
0.1182,
0.11817,
0.11815,
0.11813,
0.11811,
0.11809,
0.11806,
0.11804,
0.11802,
0.118,
0.11798,
0.11796,
0.11794,
0.11792,
0.1179,
0.11788,
0.11787,
0.11785,
0.11783,
0.11781,
0.11779,
0.11777,
0.11776,
0.11774,
0.11772,
0.11771,
0.11769,
0.11767,
0.11766,
0.11764,
0.11763,
0.11761,
0.1176,
0.11758,
0.11757,
0.11755,
0.11754,
0.11752,
0.11751,
0.1175,
0.11748,
0.11747,
0.11746,
0.11744,
0.11743,
0.11742,
0.11741,
0.11739,
0.11738,
0.11737,
0.11736,
0.11735,
0.11734,
0.11733,
0.11732,
0.1173,
0.11729,
0.11728,
0.11727,
0.11727,
0.11726,
0.11725,
0.11724,
0.11723,
0.11722,
0.11721,
0.1172,
0.11719,
0.11719,
0.11718,
0.11717,
0.11716,
0.11716,
0.11715,
0.11714,
0.11714,
0.11713,
0.11712,
0.11712,
0.11711,
0.1171,
0.1171,
0.11709,
0.11709,
0.11708,
0.11708,
0.11707,
0.11707,
0.11706,
0.11706,
0.11705,
0.11705,
0.11705,
0.11704,
0.11704,
0.11703,
0.11703,
0.11703,
0.11702,
0.11702,
0.11702,
0.11701,
0.11701,
0.11701,
0.11701,
0.117,
0.117,
0.117,
0.117,
0.117,
0.11699,
0.11699,
0.11699,
0.11699,
0.11699,
0.11699,
0.11699,
0.11699,
0.11698,
0.11698,
0.11698,
0.11698,
0.11698,
0.11698,
0.11698,
0.11698,
0.11698,
0.11698,
0.11698,
0.11698,
0.11698,
0.11698,
0.11698,
0.11698,
0.11698,
0.11698,
0.11699,
0.11699,
0.11699,
0.11699,
0.11699,
0.11699,
0.11699,
0.11699,
0.117,
0.117,
0.117,
0.117,
0.117,
0.117,
0.117,
0.11701,
0.11701,
0.11701,
0.11701,
0.11701,
0.11702,
0.11702,
0.11702,
0.11702,
0.11703,
0.11703,
0.11703,
0.11703,
0.11703,
0.11704,
0.11704,
0.11704,
0.11704,
0.11705,
0.11705,
0.11705,
0.11706,
0.11706,
0.11706,
0.11706,
0.11707,
0.11707,
0.11707,
0.11707,
0.11708,
0.11708,
0.11708,
0.11709,
0.11709,
0.11709,
0.11709,
0.1171,
0.1171,
0.1171,
0.1171,
0.11711,
0.11711,
0.11711,
0.11712,
0.11712,
0.11712,
0.11712,
0.11713,
0.11713,
0.11713,
0.11713,
0.11714,
0.11714,
0.11714,
0.11714,
0.11715,
0.11715,
0.11715,
0.11715,
0.11716,
0.11716,
0.11716,
0.11716,
0.11717,
0.11717,
0.11717,
0.11717,
0.11717,
0.11718,
0.11718,
0.11718,
0.11718,
0.11718,
0.11718,
0.11719,
0.11719,
0.11719,
0.11719,
0.11719,
0.11719,
0.11719,
0.1172,
0.1172,
0.1172,
0.1172,
0.1172,
0.1172,
0.1172,
0.1172,
0.1172,
0.1172,
0.1172,
0.1172,
0.1172,
0.1172,
0.1172,
0.1172,
0.1172,
0.1172,
0.1172,
0.1172,
0.1172,
0.1172,
0.1172,
0.1172,
0.1172,
0.1172,
0.1172,
0.11719,
0.11719,
0.11719,
0.11719,
0.11719,
0.11719,
0.11718,
0.11718,
0.11718,
0.11718,
0.11717,
0.11717,
0.11717,
0.11717,
0.11716,
0.11716,
0.11716,
0.11715,
0.11715,
0.11715,
0.11714,
0.11714,
0.11713,
0.11713,
0.11713,
0.11712,
0.11712,
0.11711,
0.11711,
0.1171,
0.1171,
0.11709,
0.11708,
0.11708,
0.11707,
0.11707,
0.11706,
0.11705,
0.11705,
0.11704,
0.11703,
0.11703,
0.11702,
0.11701,
0.117,
0.117,
0.11699,
0.11698,
0.11697,
0.11696,
0.11696,
0.11695,
0.11694,
0.11693,
0.11692,
0.11691,
0.1169,
0.11689,
0.11688,
0.11687,
0.11686,
0.11685,
0.11684,
0.11683,
0.11681,
0.1168,
0.11679,
0.11678,
0.11677,
0.11676,
0.11674,
0.11673,
0.11672,
0.1167,
0.11669,
0.11668,
0.11666,
0.11665,
0.11664,
0.11662,
0.11661,
0.11659,
0.11658,
0.11656,
0.11655,
0.11653,
0.11651,
0.1165,
0.11648,
0.11647,
0.11645,
0.11643,
0.11641,
0.1164,
0.11638,
0.11636,
0.11634,
0.11633,
0.11631,
0.11629,
0.11627,
0.11625,
0.11623,
0.11621,
0.11619,
0.11617,
0.11615,
0.11613,
0.11611,
0.11609,
0.11606,
0.11604,
0.11602,
0.116,
0.11598,
0.11595,
0.11593,
0.11591,
0.11588,
0.11586,
0.11584,
0.11581,
0.11579,
0.11576,
0.11574,
0.11571,
0.11569,
0.11566,
0.11564,
0.11561,
0.11558,
0.11556,
0.11553,
0.1155,
0.11547,
0.11545,
0.11542,
0.11539,
0.11536,
0.11533,
0.1153,
0.11527,
0.11524,
0.11521,
0.11518,
0.11515,
0.11512,
0.11509,
0.11506,
0.11503,
0.115,
0.11496,
0.11493,
0.1149,
0.11487,
0.11483,
0.1148,
0.11476,
0.11473,
0.1147,
0.11466,
0.11463,
0.11459,
0.11455,
0.11452,
0.11448,
0.11445,
0.11441,
0.11437,
0.11434,
0.1143,
0.11426,
0.11422,
0.11418,
0.11414,
0.11411,
0.11407,
0.11403,
0.11399,
0.11395,
0.11391,
0.11386,
0.11382,
0.11378,
0.11374,
0.1137,
0.11366,
0.11361,
0.11357,
0.11353,
0.11348,
0.11344,
0.1134,
0.11335,
0.11331,
0.11326,
0.11322,
0.11317,
0.11313,
0.11308,
0.11303,
0.11299,
0.11294,
0.11289,
0.11284,
0.1128,
0.11275,
0.1127,
0.11265,
0.1126,
0.11255,
0.1125,
0.11245,
0.1124,
0.11235,
0.1123,
0.11225,
0.1122,
0.11214,
0.11209,
0.11204,
0.11199,
0.11193,
0.11188,
0.11183,
0.11177,
0.11172,
0.11166,
0.11161,
0.11155,
0.1115,
0.11144,
0.11138,
0.11133,
0.11127,
0.11121,
0.11116,
0.1111,
0.11104,
0.11098,
0.11092,
0.11086,
0.11081,
0.11075,
0.11069,
0.11063,
0.11056,
0.1105,
0.11044,
0.11038,
0.11032,
0.11026,
0.1102,
0.11013,
0.11007,
0.11001,
0.10994,
0.10988,
0.10981,
0.10975,
0.10968,
0.10962,
0.10955,
0.10949,
0.10942,
0.10936,
0.10929,
0.10922,
0.10915,
0.10909,
0.10902,
0.10895,
0.10888,
0.10881,
0.10874,
0.10867,
0.10861,
0.10854,
0.10846,
0.10839,
0.10832,
0.10825,
0.10818,
0.10811,
0.10804,
0.10796,
0.10789,
0.10782,
0.10774,
0.10767,
0.1076,
0.10752,
0.10745,
0.10737,
0.1073,
0.10722,
0.10715,
0.10707,
0.10699,
0.10692,
0.10684,
0.10676,
0.10669,
0.10661,
0.10653,
0.10645,
0.10637,
0.10629,
0.10621,
0.10613,
0.10605,
0.10597,
0.10589,
0.10581,
0.10573,
0.10565,
0.10557,
0.10549,
0.10541,
0.10532,
0.10524,
0.10516,
0.10507,
0.10499,
0.10491,
0.10482,
0.10474,
0.10465,
0.10457,
0.10448,
0.1044,
0.10431,
0.10423,
0.10414,
0.10405,
0.10397,
0.10388,
0.10379,
0.1037,
0.10361,
0.10353,
0.10344,
0.10335,
0.10326,
0.10317,
0.10308,
0.10299,
0.1029,
0.10281,
0.10272,
0.10263,
0.10254,
0.10245,
0.10235,
0.10226,
0.10217,
0.10208,
0.10198,
0.10189,
0.1018,
0.1017,
0.10161,
0.10152,
0.10142,
0.10133,
0.10123,
0.10114,
0.10104,
0.10095,
0.10085,
0.10075,
0.10066,
0.10056,
0.10047,
0.10037,
0.10027,
0.10017,
0.10008,
0.099978,
0.099879,
0.099781,
0.099682,
0.099583,
0.099484,
0.099385,
0.099285,
0.099185,
0.099085,
0.098985,
0.098884,
0.098784,
0.098683,
0.098581,
0.09848,
0.098378,
0.098276,
0.098174,
0.098072,
0.09797,
0.097867,
0.097764,
0.097661,
0.097557,
0.097454,
0.09735,
0.097246,
0.097142,
0.097038,
0.096933,
0.096828,
0.096723,
0.096618,
0.096513,
0.096407,
0.096301,
0.096195,
0.096089,
0.095983,
0.095876,
0.095769,
0.095662,
0.095555,
0.095448,
0.09534,
0.095233,
0.095125,
0.095017,
0.094909,
0.0948,
0.094692,
0.094583,
0.094474,
0.094365,
0.094256,
0.094146,
0.094037,
0.093927,
0.093817,
0.093707,
0.093597,
0.093486,
0.093376,
0.093265,
0.093154,
0.093043,
0.092932,
0.092821,
0.092709,
0.092598,
0.092486,
0.092374,
0.092262,
0.09215,
0.092037,
0.091925,
0.091812,
0.091699,
0.091586,
0.091473,
0.09136,
0.091247,
0.091134,
0.09102,
0.090906,
0.090793,
0.090679,
0.090565,
0.090451,
0.090336,
0.090222,
0.090107,
0.089993,
0.089878,
0.089763,
0.089648,
0.089533,
0.089418,
0.089303,
0.089188,
0.089072,
0.088957,
0.088841,
0.088725,
0.088609,
0.088494,
0.088378,
0.088262,
0.088145,
0.088029,
0.087913,
0.087796,
0.08768,
0.087563,
0.087447,
0.08733,
0.087213,
0.087096,
0.086979,
0.086862,
0.086745,
0.086628,
0.086511,
0.086394,
0.086277,
0.086159,
0.086042,
0.085925,
0.085807,
0.08569,
0.085572,
0.085454,
0.085337,
0.085219,
0.085101,
0.084983,
0.084866,
0.084748,
0.08463,
0.084512,
0.084394,
0.084276,
0.084158,
0.08404,
0.083922,
0.083804,
0.083686,
0.083568,
0.08345,
0.083332,
0.083214,
0.083096,
0.082978,
0.08286,
0.082741,
0.082623,
0.082505,
0.082387,
0.082269,
0.082151,
0.082033,
0.081915,
0.081797,
0.081679,
0.081561,
0.081443,
0.081325,
0.081207,
0.081089,
0.080971,
0.080854,
0.080736,
0.080618,
0.0805,
0.080383,
0.080265,
0.080147,
0.08003,
0.079912,
0.079795,
0.079678,
0.07956,
0.079443,
0.079326,
0.079209,
0.079092,
0.078974,
0.078858,
0.078741,
0.078624,
0.078507,
0.07839,
0.078274,
0.078157,
0.078041,
0.077924,
0.077808,
0.077692,
0.077576,
0.07746,
0.077344,
0.077228,
0.077113,
0.076997,
0.076881,
0.076766,
0.076651,
0.076536,
0.076421,
0.076306,
0.076191,
0.076076,
0.075961,
0.075847,
0.075733,
0.075618,
0.075504,
0.07539,
0.075276,
0.075163,
0.075049,
0.074936,
0.074822,
0.074709,
0.074596,
0.074484,
0.074371,
0.074258,
0.074146,
0.074034,
0.073922,
0.07381,
0.073698,
0.073586,
0.073475,
0.073364,
0.073253,
0.073142,
0.073031,
0.07292,
0.07281,
0.0727,
0.07259,
0.07248,
0.072371,
0.072261,
0.072152,
0.072043,
0.071934,
0.071825,
0.071717,
0.071609,
0.071501,
0.071393,
0.071285,
0.071178,
0.071071,
0.070964,
0.070857,
0.070751,
0.070644,
0.070538,
0.070432,
0.070327,
0.070222,
0.070116,
0.070012,
0.069907,
0.069802,
0.069698,
0.069594,
0.069491,
0.069387,
0.069284,
0.069181,
0.069079,
0.068976,
0.068874,
0.068772,
0.068671,
0.06857,
0.068469,
0.068368,
0.068267,
0.068167,
0.068067,
0.067968,
0.067868,
0.067769,
0.06767,
0.067572,
0.067474,
0.067376,
0.067278,
0.067181,
0.067084,
0.066987,
0.066891,
0.066795,
0.066699,
0.066604,
0.066509,
0.066414,
0.066319,
0.066225,
0.066131,
0.066038,
0.065945,
0.065852,
0.065759,
0.065667,
0.065575,
0.065484,
0.065393,
0.065302,
0.065212,
0.065121,
0.065032,
0.064942,
0.064853,
0.064765,
0.064676,
0.064588,
0.064501,
0.064414,
0.064327,
0.06424,
0.064154,
0.064068,
0.063983,
0.063898,
0.063814,
0.063729,
0.063646,
0.063562,
0.063479,
0.063396,
0.063314,
0.063232,
0.063151,
0.06307,
0.062989,
0.062909,
0.062829,
0.06275,
0.062671,
0.062592,
0.062514,
0.062436,
0.062359,
0.062282,
0.062206,
0.06213,
0.062054,
0.061979,
0.061904,
0.06183,
0.061756,
0.061682,
0.061609,
0.061537,
0.061465,
0.061393,
0.061322,
0.061251,
0.061181,
0.061111,
0.061042,
0.060973,
0.060904,
0.060836,
0.060769,
0.060702,
0.060635,
0.060569,
0.060503,
0.060438,
0.060374,
0.060309,
0.060246,
0.060182,
0.06012,
0.060057,
0.059996,
0.059934,
0.059874,
0.059813,
0.059754,
0.059694,
0.059636,
0.059577,
0.05952,
0.059462,
0.059406,
0.059349,
0.059294,
0.059239,
0.059184,
0.05913,
0.059076,
0.059023,
0.05897,
0.058918,
0.058867,
0.058816,
0.058765,
0.058716,
0.058666,
0.058617,
0.058569,
0.058521,
0.058474,
0.058427,
0.058381,
0.058336,
0.058291,
0.058246,
0.058202,
0.058159,
0.058116,
0.058074,
0.058032,
0.057991,
0.057951,
0.057911,
0.057871,
0.057833,
0.057794,
0.057757,
0.05772,
0.057683,
0.057647,
0.057612,
0.057577,
0.057543,
0.057509,
0.057476,
0.057444,
0.057412,
0.057381,
0.05735,
0.05732,
0.057291,
0.057262,
0.057234,
0.057206,
0.057179,
0.057152,
0.057127,
0.057101,
0.057077,
0.057053,
0.05703,
0.057007,
0.056985,
0.056963,
0.056942,
0.056922,
0.056902,
0.056883,
0.056865,
0.056847,
0.05683,
0.056813,
0.056797,
0.056782,
0.056768,
0.056754,
0.05674,
0.056728,
0.056715,
0.056704,
0.056693,
0.056683,
0.056674,
0.056665,
0.056657,
0.056649,
0.056642,
0.056636,
0.05663,
0.056625,
0.056621,
0.056617,
0.056614,
0.056612,
0.05661,
0.056609,
0.056609,
0.056609,
0.05661,
0.056612,
0.056614,
0.056617,
0.056621,
0.056625,
0.05663,
0.056636,
0.056643,
0.05665,
0.056657,
0.056666,
0.056675,
0.056684,
0.056695,
0.056706,
0.056718,
0.05673,
0.056743,
0.056757,
0.056772,
0.056787,
0.056803,
0.056819,
0.056837,
0.056855,
0.056873,
0.056893,
0.056913,
0.056933,
0.056955,
0.056977,
0.057,
0.057023,
0.057047,
0.057072,
0.057098,
0.057124,
0.057151,
0.057179,
0.057207,
0.057236,
0.057266,
0.057297,
0.057328,
0.05736,
0.057393,
0.057426,
0.05746,
0.057495,
0.05753,
0.057566,
0.057603,
0.057641,
0.057679,
0.057718,
0.057758,
0.057798,
0.057839,
0.057881,
0.057924,
0.057967,
0.058011,
0.058056,
0.058101,
0.058147,
0.058194,
0.058242,
0.05829,
0.058339,
0.058388,
0.058439,
0.05849,
0.058542,
0.058594,
0.058648,
0.058702,
0.058756,
0.058812,
0.058868,
0.058925,
0.058982,
0.059041,
0.0591,
0.059159,
0.05922,
0.059281,
0.059343,
0.059406,
0.059469,
0.059533,
0.059598,
0.059663,
0.059729,
0.059796,
0.059864,
0.059932,
0.060001,
0.060071,
0.060141,
0.060213,
0.060285,
0.060357,
0.060431,
0.060505,
0.06058,
0.060655,
0.060731,
0.060808,
0.060886,
0.060964,
0.061043,
0.061123,
0.061204,
0.061285,
0.061367,
0.061449,
0.061533,
0.061617,
0.061702,
0.061787,
0.061873,
0.06196,
0.062048,
0.062136,
0.062225,
0.062315,
0.062405,
0.062497,
0.062588,
0.062681,
0.062774,
0.062868,
0.062963,
0.063058,
0.063154,
0.063251,
0.063349,
0.063447,
0.063546,
0.063645,
0.063746,
0.063847,
0.063948,
0.064051,
0.064154,
0.064258,
0.064362,
0.064467,
0.064573,
0.06468,
0.064787,
0.064895,
0.065003,
0.065113,
0.065223,
0.065333,
0.065445,
0.065557,
0.065669,
0.065783,
0.065897,
0.066011,
0.066127,
0.066243,
0.06636,
0.066477,
0.066595,
0.066714,
0.066834,
0.066954,
0.067075,
0.067196,
0.067318,
0.067441,
0.067565,
0.067689,
0.067814,
0.067939,
0.068065,
0.068192,
0.068319,
0.068447,
0.068576,
0.068706,
0.068836,
0.068966,
0.069098,
0.06923,
0.069362,
0.069496,
0.06963,
0.069764,
0.069899,
0.070035,
0.070172,
0.070309,
0.070447,
0.070585,
0.070724,
0.070864,
0.071004,
0.071145,
0.071286,
0.071428,
0.071571,
0.071715,
0.071859,
0.072003,
0.072149,
0.072294,
0.072441,
0.072588,
0.072736,
0.072884,
0.073033,
0.073182,
0.073332,
0.073483,
0.073634,
0.073786,
0.073939,
0.074092,
0.074246,
0.0744,
0.074555,
0.07471,
0.074866,
0.075023,
0.07518,
0.075338,
0.075496,
0.075655,
0.075814,
0.075974,
0.076135,
0.076296,
0.076458,
0.07662,
0.076783,
0.076946,
0.07711,
0.077275,
0.07744,
0.077605,
0.077772,
0.077938,
0.078106,
0.078273,
0.078442,
0.078611,
0.07878,
0.07895,
0.07912,
0.079291,
0.079463,
0.079635,
0.079807,
0.07998,
0.080154,
0.080328,
0.080503,
0.080678,
0.080854,
0.08103,
0.081206,
0.081383,
0.081561,
0.081739,
0.081918,
0.082097,
0.082276,
0.082457,
0.082637,
0.082818,
0.083,
0.083182,
0.083364,
0.083547,
0.083731,
0.083914,
0.084099,
0.084284,
0.084469,
0.084655,
0.084841,
0.085027,
0.085214,
0.085402,
0.08559,
0.085778,
0.085967,
0.086156,
0.086346,
0.086536,
0.086727,
0.086918,
0.087109,
0.087301,
0.087493,
0.087686,
0.087879,
0.088073,
0.088267,
0.088461,
0.088656,
0.088851,
0.089046,
0.089242,
0.089438,
0.089635,
0.089832,
0.09003,
0.090227,
0.090426,
0.090624,
0.090823,
0.091022,
0.091222,
0.091422,
0.091623,
0.091823,
0.092024,
0.092226,
0.092428,
0.09263,
0.092832,
0.093035,
0.093238,
0.093442,
0.093646,
0.09385,
0.094055,
0.094259,
0.094465,
0.09467,
0.094876,
0.095082,
0.095288,
0.095495,
0.095702,
0.095909,
0.096117,
0.096325,
0.096533,
0.096742,
0.09695,
0.097159,
0.097369,
0.097578,
0.097788,
0.097998,
0.098209,
0.09842,
0.09863,
0.098842,
0.099053,
0.099265,
0.099477,
0.099689,
0.099902,
0.10011,
0.10033,
0.10054,
0.10075,
0.10097,
0.10118,
0.1014,
0.10161,
0.10182,
0.10204,
0.10225,
0.10247,
0.10268,
0.1029,
0.10312,
0.10333,
0.10355,
0.10376,
0.10398,
0.1042,
0.10441,
0.10463,
0.10485,
0.10507,
0.10528,
0.1055,
0.10572,
0.10594,
0.10615,
0.10637,
0.10659,
0.10681,
0.10703,
0.10725,
0.10747,
0.10769,
0.10791,
0.10813,
0.10834,
0.10856,
0.10878,
0.109,
0.10922,
0.10944,
0.10966,
0.10988,
0.11011,
0.11033,
0.11055,
0.11077,
0.11099,
0.11121,
0.11143,
0.11165,
0.11187,
0.11209,
0.11231,
0.11254,
0.11276,
0.11298,
0.1132,
0.11342,
0.11364,
0.11386,
0.11409,
0.11431,
0.11453,
0.11475,
0.11497,
0.11519,
0.11542,
0.11564,
0.11586,
0.11608,
0.1163,
0.11653,
0.11675,
0.11697,
0.11719,
0.11741,
0.11763,
0.11786,
0.11808,
0.1183,
0.11852,
0.11874,
0.11897,
0.11919,
0.11941,
0.11963,
0.11985,
0.12007,
0.12029,
0.12052,
0.12074,
0.12096,
0.12118,
0.1214,
0.12162,
0.12184,
0.12206,
0.12229,
0.12251,
0.12273,
0.12295,
0.12317,
0.12339,
0.12361,
0.12383,
0.12405,
0.12427,
0.12449,
0.12471,
0.12493,
0.12515,
0.12537,
0.12559,
0.12581,
0.12603,
0.12624,
0.12646,
0.12668,
0.1269,
0.12712,
0.12734,
0.12756,
0.12777,
0.12799,
0.12821,
0.12843,
0.12864,
0.12886,
0.12908,
0.12929,
0.12951,
0.12973,
0.12994,
0.13016,
0.13038,
0.13059,
0.13081,
0.13102,
0.13124,
0.13145,
0.13167,
0.13188,
0.1321,
0.13231,
0.13252,
0.13274,
0.13295,
0.13316,
0.13338,
0.13359,
0.1338,
0.13401,
0.13423,
0.13444,
0.13465,
0.13486,
0.13507,
0.13528,
0.13549,
0.1357,
0.13591,
0.13612,
0.13633,
0.13654,
0.13675,
0.13696,
0.13717,
0.13738,
0.13758,
0.13779,
0.138,
0.13821,
0.13841,
0.13862,
0.13882,
0.13903,
0.13924,
0.13944,
0.13965,
0.13985,
0.14005,
0.14026,
0.14046,
0.14066,
0.14087,
0.14107,
0.14127,
0.14147,
0.14167,
0.14188,
0.14208,
0.14228,
0.14248,
0.14268,
0.14288,
0.14308,
0.14327,
0.14347,
0.14367,
0.14387,
0.14406,
0.14426,
0.14446,
0.14465,
0.14485,
0.14505,
0.14524,
0.14543,
0.14563,
0.14582,
0.14602,
0.14621,
0.1464,
0.14659,
0.14679,
0.14698,
0.14717,
0.14736,
0.14755,
0.14774,
0.14793,
0.14812,
0.1483,
0.14849,
0.14868,
0.14887,
0.14905,
0.14924,
0.14943,
0.14961,
0.1498,
0.14998,
0.15017,
0.15035,
0.15053,
0.15072,
0.1509,
0.15108,
0.15126,
0.15144,
0.15162,
0.1518,
0.15198,
0.15216,
0.15234,
0.15252,
0.1527,
0.15287,
0.15305,
0.15323,
0.1534,
0.15358,
0.15375,
0.15393,
0.1541,
0.15427,
0.15445,
0.15462,
0.15479,
0.15496,
0.15513,
0.15531,
0.15548,
0.15564,
0.15581,
0.15598,
0.15615,
0.15632,
0.15648,
0.15665,
0.15682,
0.15698,
0.15715,
0.15731,
0.15748,
0.15764,
0.1578,
0.15796,
0.15813,
0.15829,
0.15845,
0.15861,
0.15877,
0.15893,
0.15908,
0.15924,
0.1594,
0.15956,
0.15971,
0.15987,
0.16002,
0.16018,
0.16033,
0.16049,
0.16064,
0.16079,
0.16095,
0.1611,
0.16125,
0.1614,
0.16155,
0.1617,
0.16185,
0.16199,
0.16214,
0.16229,
0.16244,
0.16258,
0.16273,
0.16287,
0.16302,
0.16316,
0.1633,
0.16344,
0.16359,
0.16373,
0.16387,
0.16401,
0.16415,
0.16429,
0.16443,
0.16456,
0.1647,
0.16484,
0.16497,
0.16511,
0.16525,
0.16538,
0.16551,
0.16565,
0.16578,
0.16591,
0.16604,
0.16617,
0.1663,
0.16643,
0.16656,
0.16669,
0.16682,
0.16695,
0.16707,
0.1672,
0.16733,
0.16745,
0.16758,
0.1677,
0.16782,
0.16795,
0.16807,
0.16819,
0.16831,
0.16843,
0.16855,
0.16867,
0.16879,
0.16891,
0.16902,
0.16914,
0.16926,
0.16937,
0.16949,
0.1696,
0.16972,
0.16983,
0.16994,
0.17005,
0.17016,
0.17028,
0.17039,
0.1705,
0.1706,
0.17071,
0.17082,
0.17093,
0.17103,
0.17114,
0.17125,
0.17135,
0.17145,
0.17156,
0.17166,
0.17176,
0.17187,
0.17197,
0.17207,
0.17217,
0.17227,
0.17237,
0.17246,
0.17256,
0.17266,
0.17276,
0.17285,
0.17295,
0.17304,
0.17314,
0.17323,
0.17332,
0.17341,
0.17351,
0.1736,
0.17369,
0.17378,
0.17387,
0.17396,
0.17404,
0.17413,
0.17422,
0.1743,
0.17439,
0.17448,
0.17456,
0.17464,
0.17473,
0.17481,
0.17489,
0.17497,
0.17506,
0.17514,
0.17522,
0.1753,
0.17537,
0.17545,
0.17553,
0.17561,
0.17568,
0.17576,
0.17584,
0.17591,
0.17598,
0.17606,
0.17613,
0.1762,
0.17628,
0.17635,
0.17642,
0.17649,
0.17656,
0.17663,
0.1767,
0.17676,
0.17683,
0.1769,
0.17696,
0.17703,
0.1771,
0.17716,
0.17722,
0.17729,
0.17735,
0.17741,
0.17748,
0.17754,
0.1776,
0.17766,
0.17772,
0.17778,
0.17784,
0.17789,
0.17795,
0.17801,
0.17807,
0.17812,
0.17818,
0.17823,
0.17829,
0.17834,
0.17839,
0.17845,
0.1785,
0.17855,
0.1786,
0.17865,
0.1787,
0.17875,
0.1788,
0.17885,
0.1789,
0.17895,
0.17899,
0.17904,
0.17909,
0.17913,
0.17918,
0.17922,
0.17927,
0.17931,
0.17936,
0.1794,
0.17944,
0.17948,
0.17952,
0.17957,
0.17961,
0.17965,
0.17969,
0.17972,
0.17976,
0.1798,
0.17984,
0.17988,
0.17991,
0.17995,
0.17998,
0.18002,
0.18006,
0.18009,
0.18012,
0.18016,
0.18019,
0.18022,
0.18026,
0.18029,
0.18032,
0.18035,
0.18038,
0.18041,
0.18044,
0.18047,
0.1805,
0.18053,
0.18056,
0.18058,
0.18061,
0.18064,
0.18066,
0.18069,
0.18072,
0.18074,
0.18077,
0.18079,
0.18081,
0.18084,
0.18086,
0.18088,
0.18091,
0.18093,
0.18095,
0.18097,
0.18099,
0.18101,
0.18103,
0.18105,
0.18107,
0.18109,
0.18111,
0.18113,
0.18115,
0.18117,
0.18118,
0.1812,
0.18122,
0.18124,
0.18125,
0.18127,
0.18128,
0.1813,
0.18131,
0.18133,
0.18134,
0.18136,
0.18137,
0.18138,
0.1814,
0.18141,
0.18142,
0.18143,
0.18145,
0.18146,
0.18147,
0.18148,
0.18149,
0.1815,
0.18151,
0.18152,
0.18153,
0.18154,
0.18155,
0.18156,
0.18157,
0.18158,
0.18159,
0.18159,
0.1816,
0.18161,
0.18162,
0.18162,
0.18163,
0.18164,
0.18164,
0.18165,
0.18166,
0.18166,
0.18167,
0.18167,
0.18168,
0.18168,
0.18169,
0.18169,
0.1817,
0.1817,
0.1817,
0.18171,
0.18171,
0.18172,
0.18172,
0.18172,
0.18173,
0.18173,
0.18173,
0.18173,
0.18174,
0.18174,
0.18174,
0.18174,
0.18174,
0.18175,
0.18175,
0.18175,
0.18175,
0.18175,
0.18175,
0.18175,
0.18176,
0.18176,
0.18176,
0.18176,
0.18176,
0.18176,
0.18176,
0.18176,
0.18176,
0.18176,
0.18176,
0.18176,
0.18176,
0.18176,
0.18176,
0.18176,
0.18176,
0.18176,
0.18176,
0.18176,
0.18176,
0.18176,
0.18176,
0.18175,
0.18175,
0.18175,
0.18175,
0.18175,
0.18175,
0.18175,
0.18175,
0.18175,
0.18175,
0.18175,
0.18175,
0.18175,
0.18175,
0.18174,
0.18174,
0.18174,
0.18174,
0.18174,
0.18174,
0.18174,
0.18174,
0.18174,
0.18174,
0.18174,
0.18174,
0.18174,
0.18174,
0.18174,
0.18174,
0.18174,
0.18174,
0.18174,
0.18174,
0.18174,
0.18174,
0.18174,
0.18174,
0.18174,
0.18175,
0.18175,
0.18175,
0.18175,
0.18175,
0.18175,
0.18175,
0.18176,
0.18176,
0.18176,
0.18176,
0.18176,
0.18177,
0.18177,
0.18177,
0.18177,
0.18178,
0.18178,
0.18178,
0.18179,
0.18179,
0.1818,
0.1818,
0.1818,
0.18181,
0.18181,
0.18182,
0.18182,
0.18183,
0.18183,
0.18184,
0.18185,
0.18185,
0.18186,
0.18186,
0.18187,
0.18188,
0.18189,
0.18189,
0.1819,
0.18191,
0.18192,
0.18192,
0.18193,
0.18194,
0.18195,
0.18196,
0.18197,
0.18198,
0.18199,
0.182,
0.18201,
0.18202,
0.18203,
0.18205,
0.18206,
0.18207,
0.18208,
0.18209,
0.18211,
0.18212,
0.18213,
0.18215,
0.18216,
0.18218,
0.18219,
0.18221,
0.18222,
0.18224,
0.18225,
0.18227,
0.18229,
0.1823,
0.18232,
0.18234,
0.18236,
0.18237,
0.18239,
0.18241,
0.18243,
0.18245,
0.18247,
0.18249,
0.18251,
0.18253,
0.18256,
0.18258,
0.1826,
0.18262,
0.18265,
0.18267,
0.18269,
0.18272,
0.18274,
0.18277,
0.18279,
0.18282,
0.18285,
0.18287,
0.1829,
0.18293,
0.18295,
0.18298,
0.18301,
0.18304,
0.18307,
0.1831,
0.18313,
0.18316,
0.18319,
0.18322,
0.18326,
0.18329,
0.18332,
0.18335,
0.18339,
0.18342,
0.18346,
0.18349,
0.18353,
0.18356,
0.1836,
0.18364,
0.18367,
0.18371,
0.18375,
0.18379,
0.18383,
0.18387,
0.18391,
0.18395,
0.18399,
0.18403,
0.18408,
0.18412,
0.18416,
0.1842,
0.18425,
0.18429,
0.18434,
0.18438,
0.18443,
0.18448,
0.18452,
0.18457,
0.18462,
0.18467,
0.18472,
0.18477,
0.18482,
0.18487,
0.18492,
0.18497,
0.18502,
0.18508,
0.18513,
0.18518,
0.18524,
0.18529,
0.18535,
0.1854,
0.18546,
0.18552,
0.18557,
0.18563,
0.18569,
0.18575,
0.18581,
0.18587,
0.18593,
0.18599,
0.18605,
0.18612,
0.18618,
0.18624,
0.18631,
0.18637,
0.18644,
0.1865,
0.18657,
0.18664,
0.1867,
0.18677,
0.18684,
0.18691,
0.18698,
0.18705,
0.18712,
0.18719,
0.18727,
0.18734,
0.18741,
0.18749,
0.18756,
0.18763,
0.18771,
0.18779,
0.18786,
0.18794,
0.18802,
0.1881,
0.18818,
0.18826,
0.18834,
0.18842,
0.1885,
0.18858,
0.18866,
0.18875,
0.18883,
0.18891,
0.189,
0.18909,
0.18917,
0.18926,
0.18935,
0.18943,
0.18952,
0.18961,
0.1897,
0.18979,
0.18988,
0.18997,
0.19007,
0.19016,
0.19025,
0.19035,
0.19044,
0.19054,
0.19063,
0.19073,
0.19083,
0.19093,
0.19102,
0.19112,
0.19122,
0.19132,
0.19142,
0.19153,
0.19163,
0.19173,
0.19183,
0.19194,
0.19204,
0.19215,
0.19225,
0.19236,
0.19247,
0.19257,
0.19268,
0.19279,
0.1929,
0.19301,
0.19312,
0.19323,
0.19335,
0.19346,
0.19357,
0.19369,
0.1938,
0.19392,
0.19403,
0.19415,
0.19426,
0.19438,
0.1945,
0.19462,
0.19474,
0.19486,
0.19498,
0.1951,
0.19522,
0.19535,
0.19547,
0.19559,
0.19572,
0.19584,
0.19597,
0.19609,
0.19622,
0.19635,
0.19648,
0.19661,
0.19674,
0.19687,
0.197,
0.19713,
0.19726,
0.19739,
0.19753,
0.19766,
0.19779,
0.19793,
0.19806,
0.1982,
0.19834,
0.19847,
0.19861,
0.19875,
0.19889,
0.19903,
0.19917,
0.19931,
0.19945,
0.1996,
0.19974,
0.19988,
0.20003,
0.20017,
0.20032,
0.20046,
0.20061,
0.20076,
0.20091,
0.20105,
0.2012,
0.20135,
0.2015,
0.20165,
0.20181,
0.20196,
0.20211,
0.20226,
0.20242,
0.20257,
0.20273,
0.20288,
0.20304,
0.2032,
0.20335,
0.20351,
0.20367,
0.20383,
0.20399,
0.20415,
0.20431,
0.20447,
0.20463,
0.2048,
0.20496,
0.20512,
0.20529,
0.20545,
0.20562,
0.20578,
0.20595,
0.20612,
0.20629,
0.20645,
0.20662,
0.20679,
0.20696,
0.20713,
0.2073,
0.20748,
0.20765,
0.20782,
0.20799,
0.20817,
0.20834,
0.20852,
0.20869,
0.20887,
0.20905,
0.20922,
0.2094,
0.20958,
0.20976,
0.20994,
0.21012,
0.2103,
0.21048,
0.21066,
0.21084,
0.21103,
0.21121,
0.21139,
0.21158,
0.21176,
0.21195,
0.21213,
0.21232,
0.21251,
0.21269,
0.21288,
0.21307,
0.21326,
0.21345,
0.21364,
0.21383,
0.21402,
0.21421,
0.2144,
0.21459,
0.21479,
0.21498,
0.21517,
0.21537,
0.21556,
0.21576,
0.21595,
0.21615,
0.21635,
0.21654,
0.21674,
0.21694,
0.21714,
0.21734,
0.21754,
0.21774,
0.21794,
0.21814,
0.21834,
0.21854,
0.21874,
0.21895,
0.21915,
0.21935,
0.21956,
0.21976,
0.21997,
0.22017,
0.22038,
0.22058,
0.22079,
0.221,
0.2212,
0.22141,
0.22162,
0.22183,
0.22204,
0.22225,
0.22246,
0.22267,
0.22288,
0.22309,
0.2233,
0.22351,
0.22372,
0.22394,
0.22415,
0.22436,
0.22458,
0.22479,
0.22501,
0.22522,
0.22544,
0.22565,
0.22587,
0.22608,
0.2263,
0.22652,
0.22674,
0.22695,
0.22717,
0.22739,
0.22761,
0.22783,
0.22805,
0.22827,
0.22849,
0.22871,
0.22893,
0.22915,
0.22937,
0.22959,
0.22982,
0.23004,
0.23026,
0.23048,
0.23071,
0.23093,
0.23116,
0.23138,
0.23161,
0.23183,
0.23206,
0.23228,
0.23251,
0.23273,
0.23296,
0.23319,
0.23341,
0.23364,
0.23387,
0.23409,
0.23432,
0.23455,
0.23478,
0.23501,
0.23524,
0.23547,
0.2357,
0.23593,
0.23616,
0.23639,
0.23662,
0.23685,
0.23708,
0.23731,
0.23754,
0.23777,
0.238,
0.23823,
0.23847,
0.2387,
0.23893,
0.23916,
0.2394,
0.23963,
0.23986,
0.2401,
0.24033,
0.24056,
0.2408,
0.24103,
0.24127,
0.2415,
0.24174,
0.24197,
0.24221,
0.24244,
0.24268,
0.24291,
0.24315,
0.24338,
0.24362,
0.24385,
0.24409,
0.24433,
0.24456,
0.2448,
0.24504,
0.24527,
0.24551,
0.24575,
0.24598,
0.24622,
0.24646,
0.24669,
0.24693,
0.24717,
0.24741,
0.24764,
0.24788,
0.24812,
0.24836,
0.2486,
0.24883,
0.24907,
0.24931,
0.24955,
0.24979,
0.25002,
0.25026,
0.2505,
0.25074,
0.25098,
0.25122,
0.25145,
0.25169,
0.25193,
0.25217,
0.25241,
0.25265,
0.25288,
0.25312,
0.25336,
0.2536,
0.25384,
0.25408,
0.25431,
0.25455,
0.25479,
0.25503,
0.25527,
0.25551,
0.25574,
0.25598,
0.25622,
0.25646,
0.2567,
0.25693,
0.25717,
0.25741,
0.25765,
0.25788,
0.25812,
0.25836,
0.2586,
0.25883,
0.25907,
0.25931,
0.25955,
0.25978,
0.26002,
0.26026,
0.26049,
0.26073,
0.26097,
0.2612,
0.26144,
0.26167,
0.26191,
0.26215,
0.26238,
0.26262,
0.26285,
0.26309,
0.26332,
0.26356,
0.26379,
0.26403,
0.26426,
0.26449,
0.26473,
0.26496,
0.26519,
0.26543,
0.26566,
0.26589,
0.26613,
0.26636,
0.26659,
0.26682,
0.26706,
0.26729,
0.26752,
0.26775,
0.26798,
0.26821,
0.26844,
0.26867,
0.2689,
0.26913,
0.26936,
0.26959,
0.26982,
0.27005,
0.27028,
0.27051,
0.27074,
0.27096,
0.27119,
0.27142,
0.27164,
0.27187,
0.2721,
0.27232,
0.27255,
0.27278,
0.273,
0.27322,
0.27345,
0.27367,
0.2739,
0.27412,
0.27434,
0.27457,
0.27479,
0.27501,
0.27523,
0.27546,
0.27568,
0.2759,
0.27612,
0.27634,
0.27656,
0.27678,
0.277,
0.27721,
0.27743,
0.27765,
0.27787,
0.27808,
0.2783,
0.27852,
0.27873,
0.27895,
0.27916,
0.27938,
0.27959,
0.27981,
0.28002,
0.28023,
0.28045,
0.28066,
0.28087,
0.28108,
0.28129,
0.2815,
0.28171,
0.28192,
0.28213,
0.28234,
0.28255,
0.28275,
0.28296,
0.28317,
0.28337,
0.28358,
0.28378,
0.28399,
0.28419,
0.2844,
0.2846,
0.2848,
0.28501,
0.28521,
0.28541,
0.28561,
0.28581,
0.28601,
0.28621,
0.28641,
0.2866,
0.2868,
0.287,
0.2872,
0.28739,
0.28759,
0.28778,
0.28798,
0.28817,
0.28836,
0.28855,
0.28875,
0.28894,
0.28913,
0.28932,
0.28951,
0.2897,
0.28989,
0.29007,
0.29026,
0.29045,
0.29063,
0.29082,
0.291,
0.29119,
0.29137,
0.29156,
0.29174,
0.29192,
0.2921,
0.29228,
0.29246,
0.29264,
0.29282,
0.293,
0.29317,
0.29335,
0.29353,
0.2937,
0.29388,
0.29405,
0.29422,
0.2944,
0.29457,
0.29474,
0.29491,
0.29508,
0.29525,
0.29542,
0.29559,
0.29575,
0.29592,
0.29609,
0.29625,
0.29642,
0.29658,
0.29674,
0.2969,
0.29707,
0.29723,
0.29739,
0.29755,
0.29771,
0.29786,
0.29802,
0.29818,
0.29833,
0.29849,
0.29864,
0.2988,
0.29895,
0.2991,
0.29925,
0.2994,
0.29955,
0.2997,
0.29985,
0.3,
0.30014,
0.30029,
0.30043,
0.30058,
0.30072,
0.30086,
0.30101,
0.30115,
0.30129,
0.30143,
0.30156,
0.3017,
0.30184,
0.30198,
0.30211,
0.30225,
0.30238,
0.30251,
0.30265,
0.30278,
0.30291,
0.30304,
0.30317,
0.30329,
0.30342,
0.30355,
0.30367,
0.3038,
0.30392,
0.30404,
0.30417,
0.30429,
0.30441,
0.30453,
0.30465,
0.30476,
0.30488,
0.305,
0.30511,
0.30523,
0.30534,
0.30545,
0.30556,
0.30568,
0.30579,
0.30589,
0.306,
0.30611,
0.30622,
0.30632,
0.30643,
0.30653,
0.30663,
0.30673,
0.30684,
0.30694,
0.30703,
0.30713,
0.30723,
0.30733,
0.30742,
0.30752,
0.30761,
0.3077,
0.30779,
0.30789,
0.30797,
0.30806,
0.30815,
0.30824,
0.30833,
0.30841,
0.30849,
0.30858,
0.30866,
0.30874,
0.30882,
0.3089,
0.30898,
0.30906,
0.30913,
0.30921,
0.30928,
0.30936,
0.30943,
0.3095,
0.30957,
0.30964,
0.30971,
0.30978,
0.30985,
0.30991,
0.30998,
0.31004,
0.31011,
0.31017,
0.31023,
0.31029,
0.31035,
0.31041,
0.31046,
0.31052,
0.31057,
0.31063,
0.31068,
0.31073,
0.31078,
0.31083,
0.31088,
0.31093,
0.31098,
0.31102,
0.31107,
0.31111,
0.31116,
0.3112,
0.31124,
0.31128,
0.31132,
0.31136,
0.31139,
0.31143,
0.31146,
0.3115,
0.31153,
0.31156,
0.31159,
0.31162,
0.31165,
0.31168,
0.31171,
0.31173,
0.31176,
0.31178,
0.3118,
0.31182,
0.31184,
0.31186,
0.31188,
0.3119,
0.31191,
0.31193,
0.31194,
0.31196,
0.31197,
0.31198,
0.31199,
0.312,
0.31201,
0.31201,
0.31202,
0.31202,
0.31203,
0.31203,
0.31203,
0.31203,
0.31203,
0.31203,
0.31203,
0.31202,
0.31202,
0.31201,
0.31201,
0.312,
0.31199,
0.31198,
0.31197,
0.31196,
0.31194,
0.31193,
0.31191,
0.3119,
0.31188,
0.31186,
0.31184,
0.31182,
0.3118,
0.31178,
0.31175,
0.31173,
0.3117,
0.31167,
0.31165,
0.31162,
0.31159,
0.31156,
0.31152,
0.31149,
0.31146,
0.31142,
0.31138,
0.31135,
0.31131,
0.31127,
0.31123,
0.31118,
0.31114,
0.3111,
0.31105,
0.31101,
0.31096,
0.31091,
0.31086,
0.31081,
0.31076,
0.3107,
0.31065,
0.3106,
0.31054,
0.31048,
0.31043,
0.31037,
0.31031,
0.31024,
0.31018,
0.31012,
0.31005,
0.30999,
0.30992,
0.30986,
0.30979,
0.30972,
0.30965,
0.30957,
0.3095,
0.30943,
0.30935,
0.30928,
0.3092,
0.30912,
0.30904,
0.30896,
0.30888,
0.3088,
0.30871,
0.30863,
0.30854,
0.30846,
0.30837,
0.30828,
0.30819,
0.3081,
0.30801,
0.30791,
0.30782,
0.30772,
0.30763,
0.30753,
0.30743,
0.30733,
0.30723,
0.30713,
0.30703,
0.30693,
0.30682,
0.30672,
0.30661,
0.3065,
0.30639,
0.30628,
0.30617,
0.30606,
0.30595,
0.30583,
0.30572,
0.3056,
0.30549,
0.30537,
0.30525,
0.30513,
0.30501,
0.30489,
0.30476,
0.30464,
0.30451,
0.30439,
0.30426,
0.30413,
0.304,
0.30387,
0.30374,
0.30361,
0.30348,
0.30334,
0.30321,
0.30307,
0.30293,
0.30279,
0.30266,
0.30251,
0.30237,
0.30223,
0.30209,
0.30194,
0.3018,
0.30165,
0.3015,
0.30136,
0.30121,
0.30106,
0.30091,
0.30075,
0.3006,
0.30045,
0.30029,
0.30014,
0.29998,
0.29982,
0.29966,
0.2995,
0.29934,
0.29918,
0.29902,
0.29885,
0.29869,
0.29852,
0.29835,
0.29819,
0.29802,
0.29785,
0.29768,
0.29751,
0.29733,
0.29716,
0.29699,
0.29681,
0.29664,
0.29646,
0.29628,
0.2961,
0.29592,
0.29574,
0.29556,
0.29538,
0.29519,
0.29501,
0.29482,
0.29464,
0.29445,
0.29426,
0.29407,
0.29388,
0.29369,
0.2935,
0.29331,
0.29311,
0.29292,
0.29272,
0.29253,
0.29233,
0.29213,
0.29193,
0.29174,
0.29153,
0.29133,
0.29113,
0.29093,
0.29072,
0.29052,
0.29031,
0.29011,
0.2899,
0.28969,
0.28948,
0.28927,
0.28906,
0.28885,
0.28864,
0.28842,
0.28821,
0.28799,
0.28778,
0.28756,
0.28734,
0.28713,
0.28691,
0.28669,
0.28647,
0.28624,
0.28602,
0.2858,
0.28557,
0.28535,
0.28512,
0.2849,
0.28467,
0.28444,
0.28421,
0.28398,
0.28375,
0.28352,
0.28329,
0.28306,
0.28282,
0.28259,
0.28235,
0.28212,
0.28188,
0.28164,
0.28141,
0.28117,
0.28093,
0.28069,
0.28045,
0.28021,
0.27996,
0.27972,
0.27948,
0.27923,
0.27899,
0.27874,
0.27849,
0.27824,
0.278,
0.27775,
0.2775,
0.27725,
0.277,
0.27674,
0.27649,
0.27624,
0.27599,
0.27573,
0.27548,
0.27522,
0.27496,
0.27471,
0.27445,
0.27419,
0.27393,
0.27367,
0.27341,
0.27315,
0.27289,
0.27262,
0.27236,
0.2721,
0.27183,
0.27157,
0.2713,
0.27104,
0.27077,
0.2705,
0.27023,
0.26996,
0.2697,
0.26943,
0.26916,
0.26888,
0.26861,
0.26834,
0.26807,
0.26779,
0.26752,
0.26724,
0.26697,
0.26669,
0.26642,
0.26614,
0.26586,
0.26558,
0.26531,
0.26503,
0.26475,
0.26447,
0.26419,
0.26391,
0.26362,
0.26334,
0.26306,
0.26277,
0.26249,
0.26221,
0.26192,
0.26164,
0.26135,
0.26106,
0.26078,
0.26049,
0.2602,
0.25991,
0.25962,
0.25933,
0.25904,
0.25875,
0.25846,
0.25817,
0.25788,
0.25759,
0.2573,
0.257,
0.25671,
0.25642,
0.25612,
0.25583,
0.25553,
0.25524,
0.25494,
0.25464,
0.25435,
0.25405,
0.25375,
0.25345,
0.25315,
0.25285,
0.25256,
0.25226,
0.25196,
0.25166,
0.25135,
0.25105,
0.25075,
0.25045,
0.25015,
0.24984,
0.24954,
0.24924,
0.24893,
0.24863,
0.24833,
0.24802,
0.24772,
0.24741,
0.2471,
0.2468,
0.24649,
0.24619,
0.24588,
0.24557,
0.24526,
0.24496,
0.24465,
0.24434,
0.24403,
0.24372,
0.24341,
0.2431,
0.24279,
0.24248,
0.24217,
0.24186,
0.24155,
0.24124,
0.24093,
0.24062,
0.2403,
0.23999,
0.23968,
0.23937,
0.23905,
0.23874,
0.23843,
0.23811,
0.2378,
0.23749,
0.23717,
0.23686,
0.23654,
0.23623,
0.23591,
0.2356,
0.23528,
0.23497,
0.23465,
0.23434,
0.23402,
0.2337,
0.23339,
0.23307,
0.23276,
0.23244,
0.23212,
0.2318,
0.23149,
0.23117,
0.23085,
0.23054,
0.23022,
0.2299,
0.22958,
0.22926,
0.22895,
0.22863,
0.22831,
0.22799,
0.22767,
0.22736,
0.22704,
0.22672,
0.2264,
0.22608,
0.22576,
0.22544,
0.22512,
0.22481,
0.22449,
0.22417,
0.22385,
0.22353,
0.22321,
0.22289,
0.22257,
0.22225,
0.22193,
0.22161,
0.2213,
0.22098,
0.22066,
0.22034,
0.22002,
0.2197,
0.21938,
0.21906,
0.21874,
0.21842,
0.2181,
0.21779,
0.21747,
0.21715,
0.21683,
0.21651,
0.21619,
0.21587,
0.21555,
0.21523,
0.21492,
0.2146,
0.21428,
0.21396,
0.21364,
0.21332,
0.21301,
0.21269,
0.21237,
0.21205,
0.21174,
0.21142,
0.2111,
0.21078,
0.21047,
0.21015,
0.20983,
0.20952,
0.2092,
0.20888,
0.20857,
0.20825,
0.20793,
0.20762,
0.2073,
0.20699,
0.20667,
0.20636,
0.20604,
0.20573,
0.20541,
0.2051,
0.20478,
0.20447,
0.20416,
0.20384,
0.20353,
0.20322,
0.2029,
0.20259,
0.20228,
0.20196,
0.20165,
0.20134,
0.20103,
0.20072,
0.20041,
0.2001,
0.19978,
0.19947,
0.19916,
0.19885,
0.19854,
0.19823,
0.19793,
0.19762,
0.19731,
0.197,
0.19669,
0.19638,
0.19608,
0.19577,
0.19546,
0.19516,
0.19485,
0.19454,
0.19424,
0.19393,
0.19363,
0.19332,
0.19302,
0.19271,
0.19241,
0.19211,
0.1918,
0.1915,
0.1912,
0.1909,
0.1906,
0.19029,
0.18999,
0.18969,
0.18939,
0.18909,
0.18879,
0.18849,
0.1882,
0.1879,
0.1876,
0.1873,
0.187,
0.18671,
0.18641,
0.18612,
0.18582,
0.18552,
0.18523,
0.18494,
0.18464,
0.18435,
0.18406,
0.18376,
0.18347,
0.18318,
0.18289,
0.1826,
0.18231,
0.18202,
0.18173,
0.18144,
0.18115,
0.18086,
0.18057,
0.18028,
0.18,
0.17971,
0.17943,
0.17914,
0.17886,
0.17857,
0.17829,
0.178,
0.17772,
0.17744,
0.17716,
0.17687,
0.17659,
0.17631,
0.17603,
0.17575,
0.17547,
0.1752,
0.17492,
0.17464,
0.17436,
0.17409,
0.17381,
0.17354,
0.17326,
0.17299,
0.17271,
0.17244,
0.17217,
0.1719,
0.17162,
0.17135,
0.17108,
0.17081,
0.17054,
0.17028,
0.17001,
0.16974,
0.16947,
0.16921,
0.16894,
0.16868,
0.16841,
0.16815,
0.16788,
0.16762,
0.16736,
0.1671,
0.16684,
0.16658,
0.16632,
0.16606,
0.1658,
0.16554,
0.16528,
0.16502,
0.16477,
0.16451,
0.16426,
0.164,
0.16375,
0.1635,
0.16324,
0.16299,
0.16274,
0.16249,
0.16224,
0.16199,
0.16174,
0.16149,
0.16125,
0.161,
0.16075,
0.16051,
0.16026,
0.16002,
0.15978,
0.15953,
0.15929,
0.15905,
0.15881,
0.15857,
0.15833,
0.15809,
0.15785,
0.15762,
0.15738,
0.15714,
0.15691,
0.15667,
0.15644,
0.15621,
0.15597,
0.15574,
0.15551,
0.15528,
0.15505,
0.15482,
0.15459,
0.15436,
0.15414,
0.15391,
0.15369,
0.15346,
0.15324,
0.15301,
0.15279,
0.15257,
0.15235,
0.15213,
0.15191,
0.15169,
0.15147,
0.15125,
0.15104,
0.15082,
0.1506,
0.15039,
0.15017,
0.14996,
0.14975,
0.14954,
0.14933,
0.14912,
0.14891,
0.1487,
0.14849,
0.14828,
0.14808,
0.14787,
0.14767,
0.14746,
0.14726,
0.14705,
0.14685,
0.14665,
0.14645,
0.14625,
0.14605,
0.14585,
0.14566,
0.14546,
0.14526,
0.14507,
0.14487,
0.14468,
0.14449,
0.1443,
0.1441,
0.14391,
0.14372,
0.14353,
0.14335,
0.14316,
0.14297,
0.14279,
0.1426,
0.14242,
0.14223,
0.14205,
0.14187,
0.14169,
0.14151,
0.14133,
0.14115,
0.14097,
0.14079,
0.14062,
0.14044,
0.14027,
0.14009,
0.13992,
0.13975,
0.13957,
0.1394,
0.13923,
0.13906,
0.1389,
0.13873,
0.13856,
0.13839,
0.13823,
0.13806,
0.1379,
0.13774,
0.13758,
0.13741,
0.13725,
0.13709,
0.13693,
0.13678,
0.13662,
0.13646,
0.13631,
0.13615,
0.136,
0.13584,
0.13569,
0.13554,
0.13539,
0.13524,
0.13509,
0.13494,
0.13479,
0.13465,
0.1345,
0.13435,
0.13421,
0.13407,
0.13392,
0.13378,
0.13364,
0.1335,
0.13336,
0.13322,
0.13308,
0.13294,
0.13281,
0.13267,
0.13254,
0.1324,
0.13227,
0.13214,
0.132,
0.13187,
0.13174,
0.13161,
0.13149,
0.13136,
0.13123,
0.1311,
0.13098,
0.13085,
0.13073,
0.13061,
0.13049,
0.13036,
0.13024,
0.13012,
0.13,
0.12989,
0.12977,
0.12965,
0.12954,
0.12942,
0.12931,
0.12919,
0.12908,
0.12897,
0.12886,
0.12875,
0.12864,
0.12853,
0.12842,
0.12831,
0.12821,
0.1281,
0.128,
0.12789,
0.12779,
0.12769,
0.12759,
0.12748,
0.12738,
0.12729,
0.12719,
0.12709,
0.12699,
0.1269,
0.1268,
0.12671,
0.12661,
0.12652,
0.12643,
0.12633,
0.12624,
0.12615,
0.12606,
0.12598,
0.12589,
0.1258,
0.12571,
0.12563,
0.12554,
0.12546,
0.12538,
0.12529,
0.12521,
0.12513,
0.12505,
0.12497,
0.12489,
0.12481,
0.12474,
0.12466,
0.12458,
0.12451,
0.12443,
0.12436,
0.12429,
0.12422,
0.12414,
0.12407,
0.124,
0.12393,
0.12387,
0.1238,
0.12373,
0.12367,
0.1236,
0.12353,
0.12347,
0.12341,
0.12334,
0.12328,
0.12322,
0.12316,
0.1231,
0.12304,
0.12298,
0.12292,
0.12287,
0.12281,
0.12276,
0.1227,
0.12265,
0.12259,
0.12254,
0.12249,
0.12244,
0.12239,
0.12234,
0.12229,
0.12224,
0.12219,
0.12214,
0.12209,
0.12205,
0.122,
0.12196,
0.12191,
0.12187,
0.12183,
0.12179,
0.12174,
0.1217,
0.12166,
0.12162,
0.12158,
0.12155,
0.12151,
0.12147,
0.12144,
0.1214,
0.12136,
0.12133,
0.1213,
0.12126,
0.12123,
0.1212,
0.12117,
0.12114,
0.12111,
0.12108,
0.12105,
0.12102,
0.12099,
0.12097,
0.12094,
0.12091,
0.12089,
0.12086,
0.12084,
0.12082,
0.12079,
0.12077,
0.12075,
0.12073,
0.12071,
0.12069,
0.12067,
0.12065,
0.12063,
0.12062,
0.1206,
0.12058,
0.12057,
0.12055,
0.12054,
0.12052,
0.12051,
0.1205,
0.12048,
0.12047,
0.12046,
0.12045,
0.12044,
0.12043,
0.12042,
0.12041,
0.1204,
0.12039,
0.12039,
0.12038,
0.12037,
0.12037,
0.12036,
0.12036,
0.12035,
0.12035,
0.12035,
0.12034,
0.12034,
0.12034,
0.12034,
0.12034,
0.12034,
0.12034,
0.12034,
0.12034,
0.12034,
0.12034,
0.12035,
0.12035,
0.12035,
0.12036,
0.12036,
0.12037,
0.12037,
0.12038,
0.12038,
0.12039,
0.1204,
0.12041,
0.12041,
0.12042,
0.12043,
0.12044,
0.12045,
0.12046,
0.12047,
0.12048,
0.12049,
0.1205,
0.12052,
0.12053,
0.12054,
0.12055,
0.12057,
0.12058,
0.1206,
0.12061,
0.12063,
0.12064,
0.12066,
0.12068,
0.12069,
0.12071,
0.12073,
0.12074,
0.12076,
0.12078,
0.1208,
0.12082,
0.12084,
0.12086,
0.12088,
0.1209,
0.12092,
0.12094,
0.12096,
0.12099,
0.12101,
0.12103,
0.12105,
0.12108,
0.1211,
0.12112,
0.12115,
0.12117,
0.1212,
0.12122,
0.12125,
0.12127,
0.1213,
0.12133,
0.12135,
0.12138,
0.12141,
0.12143,
0.12146,
0.12149,
0.12152,
0.12155,
0.12157,
0.1216,
0.12163,
0.12166,
0.12169,
0.12172,
0.12175,
0.12178,
0.12181,
0.12184,
0.12187,
0.12191,
0.12194,
0.12197,
0.122,
0.12203,
0.12207,
0.1221,
0.12213,
0.12216,
0.1222,
0.12223,
0.12226,
0.1223,
0.12233,
0.12237,
0.1224,
0.12243,
0.12247,
0.1225,
0.12254,
0.12257,
0.12261,
0.12264,
0.12268,
0.12272,
0.12275,
0.12279,
0.12282,
0.12286,
0.1229,
0.12293,
0.12297,
0.12301,
0.12304,
0.12308,
0.12312,
0.12316,
0.12319,
0.12323,
0.12327,
0.12331,
0.12335,
0.12338,
0.12342,
0.12346,
0.1235,
0.12354,
0.12358,
0.12361,
0.12365,
0.12369,
0.12373,
0.12377,
0.12381,
0.12385,
0.12389,
0.12393,
0.12397,
0.12401,
0.12404,
0.12408,
0.12412,
0.12416,
0.1242,
0.12424,
0.12428,
0.12432,
0.12436,
0.1244,
0.12444,
0.12448,
0.12452,
0.12456,
0.1246,
0.12464,
0.12468,
0.12472,
0.12476,
0.1248,
0.12484,
0.12488,
0.12492,
0.12496,
0.125,
0.12504,
0.12508,
0.12512,
0.12516,
0.1252,
0.12524,
0.12528,
0.12532,
0.12536,
0.1254,
0.12544,
0.12548,
0.12552,
0.12556,
0.1256,
0.12564,
0.12568,
0.12572,
0.12576,
0.1258,
0.12583,
0.12587,
0.12591,
0.12595,
0.12599,
0.12603,
0.12607,
0.12611,
0.12615,
0.12618,
0.12622,
0.12626,
0.1263,
0.12634,
0.12638,
0.12641,
0.12645,
0.12649,
0.12653,
0.12657,
0.1266,
0.12664,
0.12668,
0.12671,
0.12675,
0.12679,
0.12683,
0.12686,
0.1269,
0.12693,
0.12697,
0.12701,
0.12704,
0.12708,
0.12711,
0.12715,
0.12719,
0.12722,
0.12726,
0.12729,
0.12733,
0.12736,
0.1274,
0.12743,
0.12746,
0.1275,
0.12753,
0.12757,
0.1276,
0.12763,
0.12767,
0.1277,
0.12773,
0.12776,
0.1278,
0.12783,
0.12786,
0.12789,
0.12792,
0.12796,
0.12799,
0.12802,
0.12805,
0.12808,
0.12811,
0.12814,
0.12817,
0.1282,
0.12823,
0.12826,
0.12829,
0.12832,
0.12835,
0.12838,
0.1284,
0.12843,
0.12846,
0.12849,
0.12852,
0.12854,
0.12857,
0.1286,
0.12862,
0.12865,
0.12868,
0.1287,
0.12873,
0.12875,
0.12878,
0.1288,
0.12883,
0.12885,
0.12888,
0.1289,
0.12892,
0.12895,
0.12897,
0.12899,
0.12902,
0.12904,
0.12906,
0.12908,
0.1291,
0.12912,
0.12915,
0.12917,
0.12919,
0.12921,
0.12923,
0.12925,
0.12927,
0.12928,
0.1293,
0.12932,
0.12934,
0.12936,
0.12938,
0.12939,
0.12941,
0.12943,
0.12944,
0.12946,
0.12947,
0.12949,
0.12951,
0.12952,
0.12953,
0.12955,
0.12956,
0.12958,
0.12959,
0.1296,
0.12962,
0.12963,
0.12964,
0.12965,
0.12966,
0.12968,
0.12969,
0.1297,
0.12971,
0.12972,
0.12973,
0.12974,
0.12974,
0.12975,
0.12976,
0.12977,
0.12978,
0.12978,
0.12979,
0.1298,
0.1298,
0.12981,
0.12982,
0.12982,
0.12983,
0.12983,
0.12983,
0.12984,
0.12984,
0.12985,
0.12985,
0.12985,
0.12985,
0.12986,
0.12986,
0.12986,
0.12986,
0.12986,
0.12986,
0.12986,
0.12986,
0.12986,
0.12986,
0.12986,
0.12985,
0.12985,
0.12985,
0.12985,
0.12984,
0.12984,
0.12983,
0.12983,
0.12982,
0.12982,
0.12981,
0.12981,
0.1298,
0.1298,
0.12979,
0.12978,
0.12977,
0.12976,
0.12976,
0.12975,
0.12974,
0.12973,
0.12972,
0.12971,
0.1297,
0.12969,
0.12968,
0.12966,
0.12965,
0.12964,
0.12963,
0.12961,
0.1296,
0.12959,
0.12957,
0.12956,
0.12954,
0.12953,
0.12951,
0.12949,
0.12948,
0.12946,
0.12944,
0.12942,
0.12941,
0.12939,
0.12937,
0.12935,
0.12933,
0.12931,
0.12929,
0.12927,
0.12925,
0.12923,
0.1292,
0.12918,
0.12916,
0.12914,
0.12911,
0.12909,
0.12906,
0.12904,
0.12901,
0.12899,
0.12896,
0.12894,
0.12891,
0.12888,
0.12886,
0.12883,
0.1288,
0.12877,
0.12874,
0.12872,
0.12869,
0.12866,
0.12863,
0.12859,
0.12856,
0.12853,
0.1285,
0.12847,
0.12844,
0.1284,
0.12837,
0.12834,
0.1283,
0.12827,
0.12823,
0.1282,
0.12816,
0.12813,
0.12809,
0.12805,
0.12802,
0.12798,
0.12794,
0.1279,
0.12786,
0.12782,
0.12778,
0.12775,
0.1277,
0.12766,
0.12762,
0.12758,
0.12754,
0.1275,
0.12746,
0.12741,
0.12737,
0.12733,
0.12728,
0.12724,
0.12719,
0.12715,
0.1271,
0.12706,
0.12701,
0.12697,
0.12692,
0.12687,
0.12682,
0.12678,
0.12673,
0.12668,
0.12663,
0.12658,
0.12653,
0.12648,
0.12643,
0.12638,
0.12633,
0.12628,
0.12623,
0.12617,
0.12612,
0.12607,
0.12602,
0.12596,
0.12591,
0.12585,
0.1258,
0.12574,
0.12569,
0.12563,
0.12558,
0.12552,
0.12546,
0.12541,
0.12535,
0.12529,
0.12523,
0.12518,
0.12512,
0.12506,
0.125,
0.12494,
0.12488,
0.12482,
0.12476,
0.1247,
0.12463,
0.12457,
0.12451,
0.12445,
0.12438,
0.12432,
0.12426,
0.12419,
0.12413,
0.12407,
0.124,
0.12394,
0.12387,
0.1238,
0.12374,
0.12367,
0.1236,
0.12354,
0.12347,
0.1234,
0.12333,
0.12327,
0.1232,
0.12313,
0.12306,
0.12299,
0.12292,
0.12285,
0.12278,
0.12271,
0.12264,
0.12257,
0.12249,
0.12242,
0.12235,
0.12228,
0.12221,
0.12213,
0.12206,
0.12199,
0.12191,
0.12184,
0.12176,
0.12169,
0.12161,
0.12154,
0.12146,
0.12139,
0.12131,
0.12123,
0.12116,
0.12108,
0.121,
0.12092,
0.12085,
0.12077,
0.12069,
0.12061,
0.12053,
0.12045,
0.12037,
0.12029,
0.12021,
0.12013,
0.12005,
0.11997,
0.11989,
0.11981,
0.11973,
0.11965,
0.11956,
0.11948,
0.1194,
0.11932,
0.11923,
0.11915,
0.11907,
0.11898,
0.1189,
0.11882,
0.11873,
0.11865,
0.11856,
0.11848,
0.11839,
0.11831,
0.11822,
0.11814,
0.11805,
0.11796,
0.11788,
0.11779,
0.1177,
0.11762,
0.11753,
0.11744,
0.11735,
0.11727,
0.11718,
0.11709,
0.117,
0.11691,
0.11682,
0.11673,
0.11664,
0.11655,
0.11647,
0.11638,
0.11629,
0.1162,
0.1161,
0.11601,
0.11592,
0.11583,
0.11574,
0.11565,
0.11556,
0.11547,
0.11538,
0.11528,
0.11519,
0.1151,
0.11501,
0.11492,
0.11482,
0.11473,
0.11464,
0.11454,
0.11445,
0.11436,
0.11426,
0.11417,
0.11408,
0.11398,
0.11389,
0.11379,
0.1137,
0.11361,
0.11351,
0.11342,
0.11332,
0.11323,
0.11313,
0.11304,
0.11294,
0.11285,
0.11275,
0.11266,
0.11256,
0.11246,
0.11237,
0.11227,
0.11218,
0.11208,
0.11199,
0.11189,
0.11179,
0.1117,
0.1116,
0.1115,
0.11141,
0.11131,
0.11121,
0.11112,
0.11102,
0.11092,
0.11083,
0.11073,
0.11063,
0.11053,
0.11044,
0.11034,
0.11024,
0.11015,
0.11005,
0.10995,
0.10985,
0.10976,
0.10966,
0.10956,
0.10946,
0.10937,
0.10927,
0.10917,
0.10907,
0.10897,
0.10888,
0.10878,
0.10868,
0.10858,
0.10849,
0.10839,
0.10829,
0.10819,
0.1081,
0.108,
0.1079,
0.1078,
0.1077,
0.10761,
0.10751,
0.10741,
0.10731,
0.10722,
0.10712,
0.10702,
0.10692,
0.10683,
0.10673,
0.10663,
0.10653,
0.10644,
0.10634,
0.10624,
0.10614,
0.10605,
0.10595,
0.10585,
0.10576,
0.10566,
0.10556,
0.10547,
0.10537,
0.10527,
0.10518,
0.10508,
0.10498,
0.10489,
0.10479,
0.10469,
0.1046,
0.1045,
0.10441,
0.10431,
0.10422,
0.10412,
0.10402,
0.10393,
0.10383,
0.10374,
0.10364,
0.10355,
0.10345,
0.10336,
0.10327,
0.10317,
0.10308,
0.10298,
0.10289,
0.10279,
0.1027,
0.10261,
0.10251,
0.10242,
0.10233,
0.10223,
0.10214,
0.10205,
0.10196,
0.10186,
0.10177,
0.10168,
0.10159,
0.1015,
0.10141,
0.10131,
0.10122,
0.10113,
0.10104,
0.10095,
0.10086,
0.10077,
0.10068,
0.10059,
0.1005,
0.10041,
0.10032,
0.10023,
0.10014,
0.10006,
0.099968,
0.09988,
0.099792,
0.099705,
0.099617,
0.09953,
0.099443,
0.099356,
0.09927,
0.099184,
0.099098,
0.099012,
0.098927,
0.098841,
0.098756,
0.098672,
0.098587,
0.098503,
0.098419,
0.098335,
0.098252,
0.098169,
0.098086,
0.098004,
0.097921,
0.097839,
0.097758,
0.097676,
0.097595,
0.097514,
0.097434,
0.097353,
0.097273,
0.097194,
0.097114,
0.097035,
0.096957,
0.096878,
0.0968,
0.096722,
0.096645,
0.096568,
0.096491,
0.096415,
0.096338,
0.096263,
0.096187,
0.096112,
0.096037,
0.095963,
0.095889,
0.095815,
0.095742,
0.095669,
0.095596,
0.095524,
0.095452,
0.09538,
0.095309,
0.095238,
0.095168,
0.095098,
0.095028,
0.094959,
0.09489,
0.094821,
0.094753,
0.094685,
0.094618,
0.094551,
0.094485,
0.094418,
0.094353,
0.094287,
0.094222,
0.094158,
0.094094,
0.09403,
0.093967,
0.093904,
0.093842,
0.09378,
0.093718,
0.093657,
0.093597,
0.093536,
0.093477,
0.093417,
0.093358,
0.0933,
0.093242,
0.093184,
0.093127,
0.093071,
0.093015,
0.092959,
0.092904,
0.092849,
0.092795,
0.092741,
0.092688,
0.092635,
0.092583,
0.092531,
0.09248,
0.092429,
0.092378,
0.092329,
0.092279,
0.09223,
0.092182,
0.092134,
0.092087,
0.09204,
0.091994,
0.091948,
0.091903,
0.091858,
0.091814,
0.09177,
0.091727,
0.091684,
0.091642,
0.091601,
0.09156,
0.091519,
0.091479,
0.09144,
0.091401,
0.091363,
0.091325,
0.091288,
0.091252,
0.091216,
0.09118,
0.091145,
0.091111,
0.091077,
0.091044,
0.091012,
0.09098,
0.090948,
0.090918,
0.090887,
0.090858,
0.090829,
0.0908,
0.090773,
0.090745,
0.090719,
0.090693,
0.090667,
0.090643,
0.090618,
0.090595,
0.090572,
0.09055,
0.090528,
0.090507,
0.090487,
0.090467,
0.090448,
0.090429,
0.090411,
0.090394,
0.090377,
0.090362,
0.090346,
0.090332,
0.090318,
0.090304,
0.090292,
0.09028,
0.090268,
0.090258,
0.090248,
0.090238,
0.09023,
0.090222,
0.090215,
0.090208,
0.090202,
0.090197,
0.090192,
0.090188,
0.090185,
0.090183,
0.090181,
0.09018,
0.09018,
0.09018,
0.090181,
0.090183,
0.090185,
0.090189,
0.090192,
0.090197,
0.090202,
0.090209,
0.090215,
0.090223,
0.090231,
0.09024,
0.09025,
0.09026,
0.090272,
0.090284,
0.090296,
0.09031,
0.090324,
0.090339,
0.090355,
0.090371,
0.090388,
0.090407,
0.090425,
0.090445,
0.090465,
0.090486,
0.090508,
0.090531,
0.090554,
0.090578,
0.090603,
0.090629,
0.090656,
0.090683,
0.090711,
0.09074,
0.09077,
0.0908,
0.090832,
0.090864,
0.090897,
0.09093,
0.090965,
0.091,
0.091037,
0.091074,
0.091111,
0.09115,
0.091189,
0.09123,
0.091271,
0.091313,
0.091356,
0.091399,
0.091444,
0.091489,
0.091535,
0.091582,
0.09163,
0.091679,
0.091728,
0.091778,
0.09183,
0.091882,
0.091935,
0.091988,
0.092043,
0.092099,
0.092155,
0.092212,
0.09227,
0.092329,
0.092389,
0.09245,
0.092512,
0.092574,
0.092638,
0.092702,
0.092767,
0.092833,
0.0929,
0.092968,
0.093037,
0.093106,
0.093177,
0.093248,
0.093321,
0.093394,
0.093468,
0.093543,
0.093619,
0.093696,
0.093774,
0.093852,
0.093932,
0.094013,
0.094094,
0.094177,
0.09426,
0.094344,
0.094429,
0.094516,
0.094603,
0.094691,
0.09478,
0.094869,
0.09496,
0.095052,
0.095145,
0.095238,
0.095333,
0.095429,
0.095525,
0.095623,
0.095721,
0.09582,
0.095921,
0.096022,
0.096124,
0.096228,
0.096332,
0.096437,
0.096543,
0.09665,
0.096758,
0.096867,
0.096977,
0.097088,
0.0972,
0.097313,
0.097427,
0.097542,
0.097658,
0.097775,
0.097893,
0.098012,
0.098132,
0.098253,
0.098375,
0.098498,
0.098622,
0.098747,
0.098873,
0.099,
0.099128,
0.099257,
0.099387,
0.099517,
0.099649,
0.099783,
0.099917,
0.10005,
0.10019,
0.10032,
0.10046,
0.1006,
0.10074,
0.10088,
0.10103,
0.10117,
0.10131,
0.10146,
0.1016,
0.10175,
0.1019,
0.10205,
0.1022,
0.10235,
0.1025,
0.10266,
0.10281,
0.10297,
0.10313,
0.10328,
0.10344,
0.1036,
0.10376,
0.10393,
0.10409,
0.10425,
0.10442,
0.10458,
0.10475,
0.10492,
0.10509,
0.10526,
0.10543,
0.1056,
0.10578,
0.10595,
0.10613,
0.10631,
0.10648,
0.10666,
0.10684,
0.10702,
0.10721,
0.10739,
0.10758,
0.10776,
0.10795,
0.10814,
0.10832,
0.10851,
0.10871,
0.1089,
0.10909,
0.10928,
0.10948,
0.10968,
0.10987,
0.11007,
0.11027,
0.11047,
0.11068,
0.11088,
0.11108,
0.11129,
0.11149,
0.1117,
0.11191,
0.11212,
0.11233,
0.11254,
0.11276,
0.11297,
0.11318,
0.1134,
0.11362,
0.11384,
0.11406,
0.11428,
0.1145,
0.11472,
0.11495,
0.11517,
0.1154,
0.11563,
0.11585,
0.11608,
0.11631,
0.11655,
0.11678,
0.11701,
0.11725,
0.11748,
0.11772,
0.11796,
0.1182,
0.11844,
0.11868,
0.11893,
0.11917,
0.11942,
0.11966,
0.11991,
0.12016,
0.12041,
0.12066,
0.12091,
0.12116,
0.12142,
0.12167,
0.12193,
0.12219,
0.12245,
0.12271,
0.12297,
0.12323,
0.12349,
0.12376,
0.12402,
0.12429,
0.12456,
0.12483,
0.1251,
0.12537,
0.12564,
0.12591,
0.12619,
0.12646,
0.12674,
0.12702,
0.1273,
0.12758,
0.12786,
0.12814,
0.12843,
0.12871,
0.129,
0.12928,
0.12957,
0.12986,
0.13015,
0.13044,
0.13073,
0.13103,
0.13132,
0.13162,
0.13192,
0.13221,
0.13251,
0.13281,
0.13312,
0.13342,
0.13372,
0.13403,
0.13433,
0.13464,
0.13495,
0.13526,
0.13557,
0.13588,
0.13619,
0.13651,
0.13682,
0.13714,
0.13746,
0.13777,
0.13809,
0.13841,
0.13874,
0.13906,
0.13938,
0.13971,
0.14003,
0.14036,
0.14069,
0.14102,
0.14135,
0.14168,
0.14201,
0.14235,
0.14268,
0.14302,
0.14336,
0.1437,
0.14404,
0.14438,
0.14472,
0.14506,
0.1454,
0.14575,
0.1461,
0.14644,
0.14679,
0.14714,
0.14749,
0.14784,
0.14819,
0.14855,
0.1489,
0.14926,
0.14962,
0.14997,
0.15033,
0.15069,
0.15105,
0.15142,
0.15178,
0.15214,
0.15251,
0.15288,
0.15324,
0.15361,
0.15398,
0.15435,
0.15473,
0.1551,
0.15547,
0.15585,
0.15623,
0.1566,
0.15698,
0.15736,
0.15774,
0.15812,
0.15851,
0.15889,
0.15927,
0.15966,
0.16005,
0.16043,
0.16082,
0.16121,
0.1616,
0.162,
0.16239,
0.16278,
0.16318,
0.16357,
0.16397,
0.16437,
0.16477,
0.16517,
0.16557,
0.16597,
0.16638,
0.16678,
0.16718,
0.16759,
0.168,
0.16841,
0.16882,
0.16923,
0.16964,
0.17005,
0.17046,
0.17088,
0.17129,
0.17171,
0.17213,
0.17254,
0.17296,
0.17338,
0.1738,
0.17423,
0.17465,
0.17507,
0.1755,
0.17592,
0.17635,
0.17678,
0.17721,
0.17764,
0.17807,
0.1785,
0.17893,
0.17937,
0.1798,
0.18024,
0.18067,
0.18111,
0.18155,
0.18199,
0.18243,
0.18287,
0.18331,
0.18375,
0.1842,
0.18464,
0.18509,
0.18553,
0.18598,
0.18643,
0.18688,
0.18733,
0.18778,
0.18823,
0.18868,
0.18914,
0.18959,
0.19005,
0.1905,
0.19096,
0.19142,
0.19187,
0.19233,
0.19279,
0.19326,
0.19372,
0.19418,
0.19464,
0.19511,
0.19557,
0.19604,
0.19651,
0.19698,
0.19744,
0.19791,
0.19838,
0.19886,
0.19933,
0.1998,
0.20027,
0.20075,
0.20122,
0.2017,
0.20218,
0.20265,
0.20313,
0.20361,
0.20409,
0.20457,
0.20505,
0.20553,
0.20602,
0.2065,
0.20698,
0.20747,
0.20795,
0.20844,
0.20893,
0.20942,
0.20991,
0.21039,
0.21088,
0.21138,
0.21187,
0.21236,
0.21285,
0.21335,
0.21384,
0.21433,
0.21483,
0.21533,
0.21582,
0.21632,
0.21682,
0.21732,
0.21782,
0.21832,
0.21882,
0.21932,
0.21982,
0.22032,
0.22083,
0.22133,
0.22184,
0.22234,
0.22285,
0.22335,
0.22386,
0.22437,
0.22488,
0.22539,
0.22589,
0.2264,
0.22691,
0.22743,
0.22794,
0.22845,
0.22896,
0.22948,
0.22999,
0.2305,
0.23102,
0.23153,
0.23205,
0.23257,
0.23308,
0.2336,
0.23412,
0.23464,
0.23516,
0.23567,
0.23619,
0.23671,
0.23724,
0.23776,
0.23828,
0.2388,
0.23932,
0.23985,
0.24037,
0.24089,
0.24142,
0.24194,
0.24247,
0.24299,
0.24352,
0.24404,
0.24457,
0.2451,
0.24563,
0.24615,
0.24668,
0.24721,
0.24774,
0.24827,
0.2488,
0.24933,
0.24986,
0.25039,
0.25092,
0.25145,
0.25198,
0.25252,
0.25305,
0.25358,
0.25411,
0.25465,
0.25518,
0.25571,
0.25625,
0.25678,
0.25732,
0.25785,
0.25839,
0.25892,
0.25946,
0.25999,
0.26053,
0.26106,
0.2616,
0.26214,
0.26267,
0.26321,
0.26375,
0.26428,
0.26482,
0.26536,
0.2659,
0.26643,
0.26697,
0.26751,
0.26805,
0.26859,
0.26912,
0.26966,
0.2702,
0.27074,
0.27128,
0.27182,
0.27236,
0.2729,
0.27343,
0.27397,
0.27451,
0.27505,
0.27559,
0.27613,
0.27667,
0.27721,
0.27775,
0.27829,
0.27883,
0.27937,
0.27991,
0.28045,
0.28098,
0.28152,
0.28206,
0.2826,
0.28314,
0.28368,
0.28422,
0.28476,
0.2853,
0.28584,
0.28637,
0.28691,
0.28745,
0.28799,
0.28853,
0.28907,
0.2896,
0.29014,
0.29068,
0.29122,
0.29175,
0.29229,
0.29283,
0.29336,
0.2939,
0.29444,
0.29497,
0.29551,
0.29604,
0.29658,
0.29712,
0.29765,
0.29819,
0.29872,
0.29925,
0.29979,
0.30032,
0.30085,
0.30139,
0.30192,
0.30245,
0.30298,
0.30352,
0.30405,
0.30458,
0.30511,
0.30564,
0.30617,
0.3067,
0.30723,
0.30776,
0.30828,
0.30881,
0.30934,
0.30987,
0.31039,
0.31092,
0.31145,
0.31197,
0.3125,
0.31302,
0.31354,
0.31407,
0.31459,
0.31511,
0.31563,
0.31616,
0.31668,
0.3172,
0.31772,
0.31824,
0.31875,
0.31927,
0.31979,
0.32031,
0.32082,
0.32134,
0.32185,
0.32237,
0.32288,
0.3234,
0.32391,
0.32442,
0.32493,
0.32544,
0.32595,
0.32646,
0.32697,
0.32748,
0.32799,
0.32849,
0.329,
0.3295,
0.33001,
0.33051,
0.33102,
0.33152,
0.33202,
0.33252,
0.33302,
0.33352,
0.33402,
0.33451,
0.33501,
0.33551,
0.336,
0.3365,
0.33699,
0.33748,
0.33797,
0.33846,
0.33895,
0.33944,
0.33993,
0.34042,
0.3409,
0.34139,
0.34187,
0.34236,
0.34284,
0.34332,
0.3438,
0.34428,
0.34476,
0.34524,
0.34571,
0.34619,
0.34666,
0.34714,
0.34761,
0.34808,
0.34855,
0.34902,
0.34949,
0.34996,
0.35042,
0.35089,
0.35135,
0.35182,
0.35228,
0.35274,
0.3532,
0.35366,
0.35411,
0.35457,
0.35502,
0.35548,
0.35593,
0.35638,
0.35683,
0.35728,
0.35773,
0.35817,
0.35862,
0.35906,
0.35951,
0.35995,
0.36039,
0.36083,
0.36126,
0.3617,
0.36214,
0.36257,
0.363,
0.36343,
0.36386,
0.36429,
0.36472,
0.36514,
0.36557,
0.36599,
0.36641,
0.36683,
0.36725,
0.36767,
0.36808,
0.3685,
0.36891,
0.36932,
0.36973,
0.37014,
0.37055,
0.37096,
0.37136,
0.37176,
0.37216,
0.37256,
0.37296,
0.37336,
0.37375,
0.37415,
0.37454,
0.37493,
0.37532,
0.3757,
0.37609,
0.37647,
0.37686,
0.37724,
0.37762,
0.37799,
0.37837,
0.37874,
0.37912,
0.37949,
0.37986,
0.38022,
0.38059,
0.38095,
0.38132,
0.38168,
0.38204,
0.38239,
0.38275,
0.3831,
0.38345,
0.3838,
0.38415,
0.3845,
0.38484,
0.38519,
0.38553,
0.38587,
0.38621,
0.38654,
0.38688,
0.38721,
0.38754,
0.38787,
0.38819,
0.38852,
0.38884,
0.38916,
0.38948,
0.3898,
0.39011,
0.39042,
0.39074,
0.39105,
0.39135,
0.39166,
0.39196,
0.39226,
0.39256,
0.39286,
0.39315,
0.39345,
0.39374,
0.39403,
0.39432,
0.3946,
0.39488,
0.39517,
0.39544,
0.39572,
0.396,
0.39627,
0.39654,
0.39681,
0.39707,
0.39734,
0.3976,
0.39786,
0.39812,
0.39837,
0.39863,
0.39888,
0.39913,
0.39938,
0.39962,
0.39986,
0.4001,
0.40034,
0.40058,
0.40081,
0.40104,
0.40127,
0.4015,
0.40173,
0.40195,
0.40217,
0.40239,
0.4026,
0.40282,
0.40303,
0.40324,
0.40344,
0.40365,
0.40385,
0.40405,
0.40425,
0.40444,
0.40463,
0.40482,
0.40501,
0.4052,
0.40538,
0.40556,
0.40574,
0.40591,
0.40609,
0.40626,
0.40643,
0.40659,
0.40676,
0.40692,
0.40708,
0.40723,
0.40739,
0.40754,
0.40769,
0.40783,
0.40798,
0.40812,
0.40826,
0.4084,
0.40853,
0.40866,
0.40879,
0.40892,
0.40904,
0.40916,
0.40928,
0.4094,
0.40951,
0.40962,
0.40973,
0.40984,
0.40994,
0.41004,
0.41014,
0.41023,
0.41033,
0.41042,
0.41051,
0.41059,
0.41067,
0.41075,
0.41083,
0.4109,
0.41098,
0.41105,
0.41111,
0.41118,
0.41124,
0.4113,
0.41135,
0.41141,
0.41146,
0.4115,
0.41155,
0.41159,
0.41163,
0.41167,
0.4117,
0.41173,
0.41176,
0.41179,
0.41181,
0.41183,
0.41185,
0.41187,
0.41188,
0.41189,
0.4119,
0.4119,
0.4119,
0.4119,
0.4119,
0.41189,
0.41188,
0.41187,
0.41185,
0.41183,
0.41181,
0.41179,
0.41176,
0.41173,
0.4117,
0.41167,
0.41163,
0.41159,
0.41154,
0.4115,
0.41145,
0.4114,
0.41134,
0.41128,
0.41122,
0.41116,
0.41109,
0.41103,
0.41095,
0.41088,
0.4108,
0.41072,
0.41064,
0.41055,
0.41046,
0.41037,
0.41027,
0.41018,
0.41008,
0.40997,
0.40987,
0.40976,
0.40965,
0.40953,
0.40941,
0.40929,
0.40917,
0.40904,
0.40891,
0.40878,
0.40864,
0.40851,
0.40836,
0.40822,
0.40807,
0.40792,
0.40777,
0.40762,
0.40746,
0.4073,
0.40713,
0.40696,
0.40679,
0.40662,
0.40644,
0.40627,
0.40608,
0.4059,
0.40571,
0.40552,
0.40533,
0.40513,
0.40493,
0.40473,
0.40452,
0.40432,
0.40411,
0.40389,
0.40367,
0.40345,
0.40323,
0.40301,
0.40278,
0.40255,
0.40231,
0.40208,
0.40184,
0.40159,
0.40135,
0.4011,
0.40085,
0.40059,
0.40033,
0.40007,
0.39981,
0.39954,
0.39928,
0.399,
0.39873,
0.39845,
0.39817,
0.39789,
0.3976,
0.39731,
0.39702,
0.39672,
0.39643,
0.39613,
0.39582,
0.39552,
0.39521,
0.39489,
0.39458,
0.39426,
0.39394,
0.39362,
0.39329,
0.39296,
0.39263,
0.39229,
0.39196,
0.39162,
0.39127,
0.39093,
0.39058,
0.39023,
0.38987,
0.38951,
0.38915,
0.38879,
0.38842,
0.38806,
0.38768,
0.38731,
0.38693,
0.38655,
0.38617,
0.38579,
0.3854,
0.38501,
0.38461,
0.38422,
0.38382,
0.38342,
0.38301,
0.3826,
0.38219,
0.38178,
0.38137,
0.38095,
0.38053,
0.3801,
0.37968,
0.37925,
0.37882,
0.37838,
0.37795,
0.37751,
0.37706,
0.37662,
0.37617,
0.37572,
0.37527,
0.37481,
0.37436,
0.3739,
0.37343,
0.37297,
0.3725,
0.37203,
0.37155,
0.37108,
0.3706,
0.37012,
0.36963,
0.36915,
0.36866,
0.36817,
0.36767,
0.36718,
0.36668,
0.36618,
0.36567,
0.36517,
0.36466,
0.36415,
0.36363,
0.36312,
0.3626,
0.36208,
0.36155,
0.36103,
0.3605,
0.35997,
0.35943,
0.3589,
0.35836,
0.35782,
0.35728,
0.35673,
0.35618,
0.35563,
0.35508,
0.35453,
0.35397,
0.35341,
0.35285,
0.35228,
0.35172,
0.35115,
0.35058,
0.35001,
0.34943,
0.34885,
0.34827,
0.34769,
0.34711,
0.34652,
0.34593,
0.34534,
0.34475,
0.34415,
0.34356,
0.34296,
0.34236,
0.34175,
0.34115,
0.34054,
0.33993,
0.33932,
0.3387,
0.33809,
0.33747,
0.33685,
0.33623,
0.3356,
0.33498,
0.33435,
0.33372,
0.33309,
0.33245,
0.33182,
0.33118,
0.33054,
0.32989,
0.32925,
0.3286,
0.32796,
0.32731,
0.32666,
0.326,
0.32535,
0.32469,
0.32403,
0.32337,
0.32271,
0.32204,
0.32138,
0.32071,
0.32004,
0.31937,
0.31869,
0.31802,
0.31734,
0.31666,
0.31598,
0.3153,
0.31462,
0.31393,
0.31325,
0.31256,
0.31187,
0.31118,
0.31048,
0.30979,
0.30909,
0.30839,
0.30769,
0.30699,
0.30629,
0.30559,
0.30488,
0.30417,
0.30346,
0.30275,
0.30204,
0.30133,
0.30061,
0.2999,
0.29918,
0.29846,
0.29774,
0.29702,
0.2963,
0.29557,
0.29485,
0.29412,
0.29339,
0.29266,
0.29193,
0.2912,
0.29047,
0.28973,
0.289,
0.28826,
0.28752,
0.28678,
0.28604,
0.2853,
0.28456,
0.28381,
0.28307,
0.28232,
0.28157,
0.28082,
0.28008,
0.27932,
0.27857,
0.27782,
0.27707,
0.27631,
0.27556,
0.2748,
0.27404,
0.27328,
0.27252,
0.27176,
0.271,
0.27024,
0.26947,
0.26871,
0.26794,
0.26718,
0.26641,
0.26564,
0.26487,
0.26411,
0.26334,
0.26256,
0.26179,
0.26102,
0.26025,
0.25947,
0.2587,
0.25792,
0.25715,
0.25637,
0.25559,
0.25482,
0.25404,
0.25326,
0.25248,
0.2517,
0.25092,
0.25014,
0.24935,
0.24857,
0.24779,
0.247,
0.24622,
0.24544,
0.24465,
0.24387,
0.24308,
0.24229,
0.24151,
0.24072,
0.23993,
0.23914,
0.23836,
0.23757,
0.23678,
0.23599,
0.2352,
0.23441,
0.23362,
0.23283,
0.23204,
0.23125,
0.23046,
0.22967,
0.22887,
0.22808,
0.22729,
0.2265,
0.22571,
0.22492,
0.22412,
0.22333,
0.22254,
0.22175,
0.22095,
0.22016,
0.21937,
0.21858,
0.21778,
0.21699,
0.2162,
0.2154,
0.21461,
0.21382,
0.21303,
0.21224,
0.21144,
0.21065,
0.20986,
0.20907,
0.20828,
0.20748,
0.20669,
0.2059,
0.20511,
0.20432,
0.20353,
0.20274,
0.20195,
0.20116,
0.20037,
0.19958,
0.1988,
0.19801,
0.19722,
0.19643,
0.19564,
0.19486,
0.19407,
0.19329,
0.1925,
0.19171,
0.19093,
0.19015,
0.18936,
0.18858,
0.1878,
0.18701,
0.18623,
0.18545,
0.18467,
0.18389,
0.18311,
0.18233,
0.18156,
0.18078,
0.18,
0.17922,
0.17845,
0.17767,
0.1769,
0.17613,
0.17535,
0.17458,
0.17381,
0.17304,
0.17227,
0.1715,
0.17073,
0.16997,
0.1692,
0.16843,
0.16767,
0.1669,
0.16614,
0.16538,
0.16462,
0.16386,
0.1631,
0.16234,
0.16158,
0.16082,
0.16007,
0.15931,
0.15856,
0.15781,
0.15705,
0.1563,
0.15555,
0.1548,
0.15406,
0.15331,
0.15256,
0.15182,
0.15108,
0.15033,
0.14959,
0.14885,
0.14811,
0.14737,
0.14664,
0.1459,
0.14517,
0.14443,
0.1437,
0.14297,
0.14224,
0.14151,
0.14079,
0.14006,
0.13934,
0.13861,
0.13789,
0.13717,
0.13645,
0.13573,
0.13502,
0.1343,
0.13359,
0.13288,
0.13216,
0.13146,
0.13075,
0.13004,
0.12933,
0.12863,
0.12793,
0.12723,
0.12653,
0.12583,
0.12513,
0.12444,
0.12374,
0.12305,
0.12236,
0.12167,
0.12098,
0.1203,
0.11961,
0.11893,
0.11825,
0.11757,
0.11689,
0.11621,
0.11554,
0.11486,
0.11419,
0.11352,
0.11285,
0.11219,
0.11152,
0.11086,
0.1102,
0.10954,
0.10888,
0.10822,
0.10757,
0.10691,
0.10626,
0.10561,
0.10496,
0.10432,
0.10367,
0.10303,
0.10239,
0.10175,
0.10111,
0.10048,
0.099843,
0.099211,
0.098581,
0.097952,
0.097326,
0.096701,
0.096078,
0.095458,
0.094838,
0.094221,
0.093606,
0.092993,
0.092381,
0.091772,
0.091164,
0.090558,
0.089954,
0.089352,
0.088753,
0.088155,
0.087558,
0.086964,
0.086372,
0.085782,
0.085194,
0.084608,
0.084023,
0.083441,
0.082861,
0.082283,
0.081707,
0.081132,
0.08056,
0.07999,
0.079422,
0.078856,
0.078292,
0.07773,
0.07717,
0.076612,
0.076056,
0.075503,
0.074951,
0.074401,
0.073854,
0.073309,
0.072765,
0.072224,
0.071685,
0.071148,
0.070613,
0.07008,
0.06955,
0.069021,
0.068495,
0.06797,
0.067448,
0.066928,
0.06641,
0.065895,
0.065381,
0.06487,
0.06436,
0.063853,
0.063348,
0.062846,
0.062345,
0.061846,
0.06135,
0.060856,
0.060364,
0.059875,
0.059387,
0.058902,
0.058419,
0.057938,
0.057459,
0.056982,
0.056508,
0.056036,
0.055566,
0.055098,
0.054633,
0.054169,
0.053708,
0.053249,
0.052793,
0.052338,
0.051886,
0.051436,
0.050988,
0.050543,
0.050099,
0.049658,
0.049219,
0.048783,
0.048348,
0.047916,
0.047486,
0.047058,
0.046633,
0.046209,
0.045788,
0.04537,
0.044953,
0.044539,
0.044127,
0.043717,
0.043309,
0.042904,
0.0425,
0.0421,
0.041701,
0.041304,
0.04091,
0.040518,
0.040128,
0.039741,
0.039356,
0.038972,
0.038592,
0.038213,
0.037837,
0.037462,
0.037091,
0.036721,
0.036353,
0.035988,
0.035625,
0.035264,
0.034905,
0.034549,
0.034195,
0.033843,
0.033493,
0.033146,
0.0328,
0.032457,
0.032116,
0.031777,
0.031441,
0.031106,
0.030774,
0.030444,
0.030116,
0.029791,
0.029467,
0.029146,
0.028827,
0.02851,
0.028195,
0.027883,
0.027572,
0.027264,
0.026958,
0.026654,
0.026352,
0.026052,
0.025755,
0.025459,
0.025166,
0.024875,
0.024586,
0.024299,
0.024014,
0.023732,
0.023451,
0.023173,
0.022897,
0.022622,
0.02235,
0.02208,
0.021812,
0.021546,
0.021282,
0.021021,
0.020761,
0.020503,
0.020248,
0.019994,
0.019743,
0.019493,
0.019246,
0.019001,
0.018757,
0.018516,
0.018276,
0.018039,
0.017804,
0.017571,
0.017339,
0.01711,
0.016882,
0.016657,
0.016434,
0.016212,
0.015993,
0.015775,
0.015559,
0.015346,
0.015134,
0.014924,
0.014716,
0.01451,
0.014306,
0.014104,
0.013903,
0.013705,
0.013508,
0.013314,
0.013121,
0.01293,
0.01274,
0.012553,
0.012368,
0.012184,
0.012002,
0.011822,
0.011644,
0.011467,
0.011293,
0.01112,
0.010949,
0.010779,
0.010612,
0.010446,
0.010282,
0.01012,
0.0099589,
0.0098,
0.0096428,
0.0094873,
0.0093335,
0.0091814,
0.0090309,
0.0088822,
0.008735,
0.0085896,
0.0084458,
0.0083036,
0.008163,
0.0080241,
0.0078867,
0.007751,
0.0076169,
0.0074843,
0.0073534,
0.0072239,
0.0070961,
0.0069698,
0.006845,
0.0067218,
0.0066001,
0.0064799,
0.0063612,
0.006244,
0.0061283,
0.006014,
0.0059013,
0.0057899,
0.0056801,
0.0055717,
0.0054647,
0.0053591,
0.0052549,
0.0051522,
0.0050508,
0.0049508,
0.0048522,
0.0047549,
0.0046591,
0.0045645,
0.0044713,
0.0043794,
0.0042888,
0.0041996,
0.0041116,
0.0040249,
0.0039395,
0.0038553,
0.0037725,
0.0036908,
0.0036104,
0.0035313,
0.0034533,
0.0033766,
0.003301,
0.0032266,
0.0031535,
0.0030814,
0.0030106,
0.0029409,
0.0028723,
0.0028049,
0.0027385,
0.0026733,
0.0026092,
0.0025462,
0.0024842,
0.0024233,
0.0023635,
0.0023047,
0.002247,
0.0021903,
0.0021346,
0.0020799,
0.0020262,
0.0019735,
0.0019217,
0.001871,
0.0018211,
0.0017723,
0.0017243,
0.0016773,
0.0016313,
0.0015861,
0.0015418,
0.0014984,
0.0014559,
0.0014142,
0.0013734,
0.0013334,
0.0012943,
0.001256,
0.0012185,
0.0011818,
0.0011459,
0.0011108,
0.0010765,
0.0010429,
0.0010101,
0.00097807,
0.00094674,
0.00091614,
0.00088625,
0.00085707,
0.00082858,
0.00080078,
0.00077366,
0.0007472,
0.00072139,
0.00069624,
0.00067172,
0.00064783,
0.00062456,
0.00060189,
0.00057982,
0.00055835,
0.00053745,
0.00051712,
0.00049736,
0.00047814,
0.00045947,
0.00044133,
0.00042372,
0.00040662,
0.00039002,
0.00037392,
0.00035831,
0.00034317,
0.00032851,
0.0003143,
0.00030055,
0.00028724,
0.00027436,
0.00026191,
0.00024987,
0.00023824,
0.00022701,
0.00021617,
0.00020571,
0.00019563,
0.00018591,
0.00017655,
0.00016754,
0.00015887,
0.00015053,
0.00014251,
0.00013481,
0.00012742,
0.00012033,
0.00011354,
0.00010702,
0.00010079,
9.4829e-05,
8.9128e-05,
8.3684e-05,
7.8487e-05,
7.3531e-05,
6.8809e-05,
6.4314e-05,
6.0038e-05,
5.5975e-05,
5.2118e-05,
4.846e-05,
4.4995e-05,
4.1715e-05,
3.8615e-05,
3.5689e-05,
3.2929e-05,
3.033e-05,
2.7885e-05,
2.5589e-05,
2.3436e-05,
2.1419e-05,
1.9534e-05,
1.7774e-05,
1.6134e-05,
1.4609e-05,
1.3194e-05,
1.1882e-05,
1.067e-05,
9.5517e-06,
8.5228e-06,
7.5785e-06,
6.714e-06,
5.9249e-06,
5.2069e-06,
4.5555e-06,
3.9668e-06,
3.4365e-06,
2.9608e-06,
2.5359e-06,
2.1581e-06,
1.8238e-06,
1.5297e-06,
1.2725e-06,
1.0489e-06,
8.5603e-07,
6.9089e-07,
5.5077e-07,
4.3301e-07,
3.3514e-07,
2.5482e-07,
1.8982e-07,
1.3808e-07,
9.7684e-08,
6.685e-08,
4.3945e-08,
2.7488e-08,
1.6145e-08,
8.7313e-09,
4.2189e-09,
1.7314e-09,
5.4889e-10,
1.0863e-10,
6.8028e-12,
0,