1.293e-17,
-4.4744e-12,
-7.1458e-11,
-3.6109e-10,
-1.1391e-09,
-2.776e-09,
-5.7457e-09,
-1.0625e-08,
-1.8092e-08,
-2.8927e-08,
-4.4008e-08,
-6.4314e-08,
-9.0919e-08,
-1.25e-07,
-1.6782e-07,
-2.2074e-07,
-2.8523e-07,
-3.6283e-07,
-4.552e-07,
-5.6405e-07,
-6.9122e-07,
-8.3862e-07,
-1.0083e-06,
-1.2022e-06,
-1.4227e-06,
-1.6719e-06,
-1.9523e-06,
-2.2662e-06,
-2.6162e-06,
-3.0048e-06,
-3.4347e-06,
-3.9088e-06,
-4.4298e-06,
-5.0007e-06,
-5.6244e-06,
-6.3041e-06,
-7.0428e-06,
-7.8438e-06,
-8.7105e-06,
-9.6461e-06,
-1.0654e-05,
-1.1738e-05,
-1.2902e-05,
-1.4148e-05,
-1.5482e-05,
-1.6906e-05,
-1.8425e-05,
-2.0042e-05,
-2.1762e-05,
-2.3588e-05,
-2.5526e-05,
-2.7578e-05,
-2.9749e-05,
-3.2043e-05,
-3.4465e-05,
-3.702e-05,
-3.9711e-05,
-4.2544e-05,
-4.5523e-05,
-4.8652e-05,
-5.1936e-05,
-5.5381e-05,
-5.899e-05,
-6.277e-05,
-6.6724e-05,
-7.0858e-05,
-7.5176e-05,
-7.9685e-05,
-8.4388e-05,
-8.9292e-05,
-9.4402e-05,
-9.9722e-05,
-0.00010526,
-0.00011102,
-0.000117,
-0.00012322,
-0.00012967,
-0.00013637,
-0.00014332,
-0.00015052,
-0.00015799,
-0.00016572,
-0.00017372,
-0.000182,
-0.00019056,
-0.00019941,
-0.00020856,
-0.00021801,
-0.00022777,
-0.00023784,
-0.00024823,
-0.00025895,
-0.00026999,
-0.00028138,
-0.00029311,
-0.00030519,
-0.00031763,
-0.00033043,
-0.0003436,
-0.00035714,
-0.00037107,
-0.00038538,
-0.0004001,
-0.00041521,
-0.00043073,
-0.00044666,
-0.00046302,
-0.0004798,
-0.00049702,
-0.00051467,
-0.00053278,
-0.00055134,
-0.00057036,
-0.00058984,
-0.0006098,
-0.00063024,
-0.00065117,
-0.00067259,
-0.00069452,
-0.00071695,
-0.0007399,
-0.00076336,
-0.00078736,
-0.00081189,
-0.00083696,
-0.00086258,
-0.00088876,
-0.0009155,
-0.00094281,
-0.00097069,
-0.00099916,
-0.0010282,
-0.0010579,
-0.0010881,
-0.001119,
-0.0011505,
-0.0011826,
-0.0012154,
-0.0012487,
-0.0012828,
-0.0013175,
-0.0013528,
-0.0013888,
-0.0014255,
-0.0014629,
-0.0015009,
-0.0015397,
-0.0015791,
-0.0016193,
-0.0016602,
-0.0017018,
-0.0017441,
-0.0017872,
-0.001831,
-0.0018756,
-0.0019209,
-0.001967,
-0.0020138,
-0.0020615,
-0.0021099,
-0.0021591,
-0.0022091,
-0.00226,
-0.0023116,
-0.0023641,
-0.0024173,
-0.0024715,
-0.0025264,
-0.0025823,
-0.0026389,
-0.0026965,
-0.0027549,
-0.0028141,
-0.0028743,
-0.0029354,
-0.0029973,
-0.0030602,
-0.0031239,
-0.0031886,
-0.0032542,
-0.0033207,
-0.0033882,
-0.0034566,
-0.003526,
-0.0035963,
-0.0036676,
-0.0037399,
-0.0038131,
-0.0038874,
-0.0039626,
-0.0040388,
-0.004116,
-0.0041942,
-0.0042735,
-0.0043538,
-0.0044351,
-0.0045174,
-0.0046008,
-0.0046852,
-0.0047707,
-0.0048573,
-0.0049449,
-0.0050336,
-0.0051234,
-0.0052142,
-0.0053062,
-0.0053992,
-0.0054934,
-0.0055887,
-0.0056851,
-0.0057826,
-0.0058813,
-0.0059811,
-0.006082,
-0.0061841,
-0.0062874,
-0.0063918,
-0.0064974,
-0.0066041,
-0.0067121,
-0.0068212,
-0.0069315,
-0.007043,
-0.0071557,
-0.0072696,
-0.0073848,
-0.0075011,
-0.0076187,
-0.0077375,
-0.0078576,
-0.0079789,
-0.0081014,
-0.0082252,
-0.0083503,
-0.0084766,
-0.0086042,
-0.008733,
-0.0088632,
-0.0089946,
-0.0091274,
-0.0092614,
-0.0093967,
-0.0095333,
-0.0096713,
-0.0098106,
-0.0099512,
-0.010093,
-0.010236,
-0.010381,
-0.010527,
-0.010674,
-0.010823,
-0.010973,
-0.011124,
-0.011277,
-0.011431,
-0.011586,
-0.011743,
-0.011901,
-0.012061,
-0.012222,
-0.012385,
-0.012548,
-0.012714,
-0.01288,
-0.013048,
-0.013218,
-0.013389,
-0.013561,
-0.013735,
-0.01391,
-0.014087,
-0.014265,
-0.014444,
-0.014625,
-0.014808,
-0.014992,
-0.015177,
-0.015364,
-0.015552,
-0.015742,
-0.015933,
-0.016126,
-0.01632,
-0.016516,
-0.016713,
-0.016912,
-0.017112,
-0.017314,
-0.017517,
-0.017722,
-0.017928,
-0.018136,
-0.018346,
-0.018556,
-0.018769,
-0.018983,
-0.019198,
-0.019415,
-0.019634,
-0.019854,
-0.020075,
-0.020298,
-0.020523,
-0.020749,
-0.020977,
-0.021206,
-0.021437,
-0.02167,
-0.021904,
-0.02214,
-0.022377,
-0.022615,
-0.022856,
-0.023098,
-0.023341,
-0.023586,
-0.023833,
-0.024081,
-0.024331,
-0.024582,
-0.024835,
-0.02509,
-0.025346,
-0.025604,
-0.025863,
-0.026124,
-0.026387,
-0.026651,
-0.026917,
-0.027184,
-0.027453,
-0.027724,
-0.027996,
-0.02827,
-0.028545,
-0.028822,
-0.029101,
-0.029381,
-0.029663,
-0.029946,
-0.030231,
-0.030518,
-0.030806,
-0.031096,
-0.031388,
-0.031681,
-0.031976,
-0.032272,
-0.03257,
-0.03287,
-0.033171,
-0.033474,
-0.033779,
-0.034085,
-0.034392,
-0.034702,
-0.035013,
-0.035325,
-0.03564,
-0.035956,
-0.036273,
-0.036592,
-0.036913,
-0.037235,
-0.037559,
-0.037885,
-0.038212,
-0.038541,
-0.038871,
-0.039204,
-0.039537,
-0.039873,
-0.040209,
-0.040548,
-0.040888,
-0.04123,
-0.041573,
-0.041918,
-0.042265,
-0.042613,
-0.042963,
-0.043314,
-0.043667,
-0.044022,
-0.044378,
-0.044736,
-0.045096,
-0.045457,
-0.045819,
-0.046184,
-0.046549,
-0.046917,
-0.047286,
-0.047657,
-0.048029,
-0.048402,
-0.048778,
-0.049155,
-0.049533,
-0.049913,
-0.050295,
-0.050678,
-0.051063,
-0.05145,
-0.051837,
-0.052227,
-0.052618,
-0.053011,
-0.053405,
-0.053801,
-0.054198,
-0.054597,
-0.054997,
-0.055399,
-0.055803,
-0.056208,
-0.056614,
-0.057022,
-0.057432,
-0.057843,
-0.058256,
-0.05867,
-0.059085,
-0.059503,
-0.059921,
-0.060341,
-0.060763,
-0.061186,
-0.061611,
-0.062037,
-0.062465,
-0.062894,
-0.063325,
-0.063757,
-0.06419,
-0.064625,
-0.065062,
-0.0655,
-0.065939,
-0.06638,
-0.066823,
-0.067266,
-0.067712,
-0.068158,
-0.068606,
-0.069056,
-0.069507,
-0.069959,
-0.070413,
-0.070868,
-0.071325,
-0.071783,
-0.072242,
-0.072703,
-0.073165,
-0.073628,
-0.074093,
-0.07456,
-0.075027,
-0.075496,
-0.075967,
-0.076438,
-0.076912,
-0.077386,
-0.077862,
-0.078339,
-0.078817,
-0.079297,
-0.079778,
-0.08026,
-0.080744,
-0.081229,
-0.081715,
-0.082203,
-0.082692,
-0.083182,
-0.083673,
-0.084166,
-0.08466,
-0.085155,
-0.085651,
-0.086149,
-0.086648,
-0.087148,
-0.087649,
-0.088152,
-0.088656,
-0.089161,
-0.089667,
-0.090174,
-0.090683,
-0.091193,
-0.091704,
-0.092216,
-0.092729,
-0.093244,
-0.093759,
-0.094276,
-0.094794,
-0.095313,
-0.095833,
-0.096354,
-0.096876,
-0.0974,
-0.097924,
-0.09845,
-0.098977,
-0.099504,
-0.10003,
-0.10056,
-0.10109,
-0.10163,
-0.10216,
-0.10269,
-0.10323,
-0.10376,
-0.1043,
-0.10484,
-0.10538,
-0.10592,
-0.10646,
-0.107,
-0.10755,
-0.10809,
-0.10863,
-0.10918,
-0.10973,
-0.11028,
-0.11082,
-0.11137,
-0.11192,
-0.11248,
-0.11303,
-0.11358,
-0.11414,
-0.11469,
-0.11525,
-0.1158,
-0.11636,
-0.11692,
-0.11748,
-0.11804,
-0.1186,
-0.11916,
-0.11972,
-0.12029,
-0.12085,
-0.12142,
-0.12198,
-0.12255,
-0.12311,
-0.12368,
-0.12425,
-0.12482,
-0.12539,
-0.12596,
-0.12653,
-0.1271,
-0.12768,
-0.12825,
-0.12882,
-0.1294,
-0.12997,
-0.13055,
-0.13113,
-0.1317,
-0.13228,
-0.13286,
-0.13344,
-0.13402,
-0.1346,
-0.13518,
-0.13576,
-0.13634,
-0.13693,
-0.13751,
-0.13809,
-0.13868,
-0.13926,
-0.13985,
-0.14043,
-0.14102,
-0.14161,
-0.14219,
-0.14278,
-0.14337,
-0.14396,
-0.14454,
-0.14513,
-0.14572,
-0.14631,
-0.1469,
-0.14749,
-0.14808,
-0.14868,
-0.14927,
-0.14986,
-0.15045,
-0.15105,
-0.15164,
-0.15223,
-0.15283,
-0.15342,
-0.15401,
-0.15461,
-0.1552,
-0.1558,
-0.15639,
-0.15699,
-0.15758,
-0.15818,
-0.15878,
-0.15937,
-0.15997,
-0.16056,
-0.16116,
-0.16176,
-0.16235,
-0.16295,
-0.16355,
-0.16415,
-0.16474,
-0.16534,
-0.16594,
-0.16654,
-0.16713,
-0.16773,
-0.16833,
-0.16893,
-0.16953,
-0.17012,
-0.17072,
-0.17132,
-0.17192,
-0.17252,
-0.17311,
-0.17371,
-0.17431,
-0.17491,
-0.1755,
-0.1761,
-0.1767,
-0.1773,
-0.17789,
-0.17849,
-0.17909,
-0.17968,
-0.18028,
-0.18088,
-0.18147,
-0.18207,
-0.18266,
-0.18326,
-0.18385,
-0.18445,
-0.18504,
-0.18564,
-0.18623,
-0.18683,
-0.18742,
-0.18801,
-0.18861,
-0.1892,
-0.18979,
-0.19039,
-0.19098,
-0.19157,
-0.19216,
-0.19275,
-0.19334,
-0.19393,
-0.19452,
-0.19511,
-0.1957,
-0.19629,
-0.19688,
-0.19746,
-0.19805,
-0.19864,
-0.19922,
-0.19981,
-0.20039,
-0.20098,
-0.20156,
-0.20214,
-0.20273,
-0.20331,
-0.20389,
-0.20447,
-0.20505,
-0.20563,
-0.20621,
-0.20679,
-0.20737,
-0.20795,
-0.20852,
-0.2091,
-0.20968,
-0.21025,
-0.21083,
-0.2114,
-0.21197,
-0.21254,
-0.21312,
-0.21369,
-0.21426,
-0.21482,
-0.21539,
-0.21596,
-0.21653,
-0.21709,
-0.21766,
-0.21822,
-0.21879,
-0.21935,
-0.21991,
-0.22047,
-0.22103,
-0.22159,
-0.22215,
-0.22271,
-0.22326,
-0.22382,
-0.22437,
-0.22493,
-0.22548,
-0.22603,
-0.22658,
-0.22713,
-0.22768,
-0.22823,
-0.22878,
-0.22932,
-0.22987,
-0.23041,
-0.23095,
-0.2315,
-0.23204,
-0.23258,
-0.23311,
-0.23365,
-0.23419,
-0.23472,
-0.23526,
-0.23579,
-0.23632,
-0.23685,
-0.23738,
-0.23791,
-0.23844,
-0.23896,
-0.23949,
-0.24001,
-0.24053,
-0.24106,
-0.24157,
-0.24209,
-0.24261,
-0.24313,
-0.24364,
-0.24416,
-0.24467,
-0.24518,
-0.24569,
-0.2462,
-0.2467,
-0.24721,
-0.24771,
-0.24822,
-0.24872,
-0.24922,
-0.24972,
-0.25021,
-0.25071,
-0.2512,
-0.2517,
-0.25219,
-0.25268,
-0.25317,
-0.25365,
-0.25414,
-0.25462,
-0.25511,
-0.25559,
-0.25607,
-0.25655,
-0.25702,
-0.2575,
-0.25797,
-0.25844,
-0.25892,
-0.25938,
-0.25985,
-0.26032,
-0.26078,
-0.26124,
-0.26171,
-0.26216,
-0.26262,
-0.26308,
-0.26353,
-0.26399,
-0.26444,
-0.26489,
-0.26534,
-0.26578,
-0.26623,
-0.26667,
-0.26711,
-0.26755,
-0.26799,
-0.26842,
-0.26886,
-0.26929,
-0.26972,
-0.27015,
-0.27058,
-0.271,
-0.27142,
-0.27185,
-0.27227,
-0.27268,
-0.2731,
-0.27351,
-0.27393,
-0.27434,
-0.27475,
-0.27515,
-0.27556,
-0.27596,
-0.27636,
-0.27676,
-0.27716,
-0.27756,
-0.27795,
-0.27834,
-0.27873,
-0.27912,
-0.27951,
-0.27989,
-0.28027,
-0.28065,
-0.28103,
-0.28141,
-0.28178,
-0.28215,
-0.28252,
-0.28289,
-0.28326,
-0.28362,
-0.28398,
-0.28434,
-0.2847,
-0.28506,
-0.28541,
-0.28576,
-0.28611,
-0.28646,
-0.28681,
-0.28715,
-0.28749,
-0.28783,
-0.28817,
-0.2885,
-0.28883,
-0.28917,
-0.28949,
-0.28982,
-0.29014,
-0.29047,
-0.29079,
-0.2911,
-0.29142,
-0.29173,
-0.29205,
-0.29235,
-0.29266,
-0.29297,
-0.29327,
-0.29357,
-0.29387,
-0.29416,
-0.29446,
-0.29475,
-0.29504,
-0.29532,
-0.29561,
-0.29589,
-0.29617,
-0.29645,
-0.29672,
-0.29699,
-0.29727,
-0.29753,
-0.2978,
-0.29806,
-0.29833,
-0.29858,
-0.29884,
-0.2991,
-0.29935,
-0.2996,
-0.29985,
-0.30009,
-0.30033,
-0.30057,
-0.30081,
-0.30105,
-0.30128,
-0.30151,
-0.30174,
-0.30197,
-0.30219,
-0.30241,
-0.30263,
-0.30285,
-0.30306,
-0.30327,
-0.30348,
-0.30369,
-0.30389,
-0.3041,
-0.3043,
-0.30449,
-0.30469,
-0.30488,
-0.30507,
-0.30526,
-0.30544,
-0.30562,
-0.3058,
-0.30598,
-0.30615,
-0.30633,
-0.3065,
-0.30666,
-0.30683,
-0.30699,
-0.30715,
-0.30731,
-0.30746,
-0.30762,
-0.30777,
-0.30791,
-0.30806,
-0.3082,
-0.30834,
-0.30848,
-0.30861,
-0.30874,
-0.30887,
-0.309,
-0.30912,
-0.30925,
-0.30936,
-0.30948,
-0.3096,
-0.30971,
-0.30982,
-0.30992,
-0.31003,
-0.31013,
-0.31023,
-0.31032,
-0.31042,
-0.31051,
-0.31059,
-0.31068,
-0.31076,
-0.31084,
-0.31092,
-0.311,
-0.31107,
-0.31114,
-0.31121,
-0.31127,
-0.31133,
-0.31139,
-0.31145,
-0.3115,
-0.31156,
-0.3116,
-0.31165,
-0.31169,
-0.31174,
-0.31177,
-0.31181,
-0.31184,
-0.31187,
-0.3119,
-0.31193,
-0.31195,
-0.31197,
-0.31199,
-0.312,
-0.31201,
-0.31202,
-0.31203,
-0.31203,
-0.31203,
-0.31203,
-0.31203,
-0.31202,
-0.31201,
-0.312,
-0.31199,
-0.31197,
-0.31195,
-0.31193,
-0.3119,
-0.31187,
-0.31184,
-0.31181,
-0.31177,
-0.31173,
-0.31169,
-0.31165,
-0.3116,
-0.31155,
-0.3115,
-0.31145,
-0.31139,
-0.31133,
-0.31127,
-0.3112,
-0.31113,
-0.31106,
-0.31099,
-0.31091,
-0.31083,
-0.31075,
-0.31067,
-0.31058,
-0.31049,
-0.3104,
-0.3103,
-0.3102,
-0.3101,
-0.31,
-0.30989,
-0.30979,
-0.30967,
-0.30956,
-0.30944,
-0.30932,
-0.3092,
-0.30908,
-0.30895,
-0.30882,
-0.30869,
-0.30855,
-0.30841,
-0.30827,
-0.30813,
-0.30798,
-0.30783,
-0.30768,
-0.30753,
-0.30737,
-0.30721,
-0.30705,
-0.30689,
-0.30672,
-0.30655,
-0.30637,
-0.3062,
-0.30602,
-0.30584,
-0.30566,
-0.30547,
-0.30528,
-0.30509,
-0.30489,
-0.3047,
-0.3045,
-0.3043,
-0.30409,
-0.30388,
-0.30367,
-0.30346,
-0.30324,
-0.30303,
-0.3028,
-0.30258,
-0.30235,
-0.30213,
-0.30189,
-0.30166,
-0.30142,
-0.30118,
-0.30094,
-0.3007,
-0.30045,
-0.3002,
-0.29995,
-0.29969,
-0.29943,
-0.29917,
-0.29891,
-0.29864,
-0.29837,
-0.2981,
-0.29783,
-0.29755,
-0.29727,
-0.29699,
-0.29671,
-0.29642,
-0.29613,
-0.29584,
-0.29554,
-0.29525,
-0.29495,
-0.29464,
-0.29434,
-0.29403,
-0.29372,
-0.29341,
-0.29309,
-0.29278,
-0.29245,
-0.29213,
-0.29181,
-0.29148,
-0.29115,
-0.29081,
-0.29048,
-0.29014,
-0.2898,
-0.28945,
-0.28911,
-0.28876,
-0.28841,
-0.28805,
-0.28769,
-0.28734,
-0.28697,
-0.28661,
-0.28624,
-0.28587,
-0.2855,
-0.28513,
-0.28475,
-0.28437,
-0.28399,
-0.2836,
-0.28322,
-0.28283,
-0.28243,
-0.28204,
-0.28164,
-0.28124,
-0.28084,
-0.28044,
-0.28003,
-0.27962,
-0.27921,
-0.27879,
-0.27838,
-0.27796,
-0.27754,
-0.27711,
-0.27668,
-0.27625,
-0.27582,
-0.27539,
-0.27495,
-0.27451,
-0.27407,
-0.27363,
-0.27318,
-0.27273,
-0.27228,
-0.27183,
-0.27137,
-0.27091,
-0.27045,
-0.26999,
-0.26952,
-0.26905,
-0.26858,
-0.26811,
-0.26763,
-0.26716,
-0.26668,
-0.26619,
-0.26571,
-0.26522,
-0.26473,
-0.26424,
-0.26375,
-0.26325,
-0.26275,
-0.26225,
-0.26174,
-0.26124,
-0.26073,
-0.26022,
-0.25971,
-0.25919,
-0.25867,
-0.25815,
-0.25763,
-0.2571,
-0.25658,
-0.25605,
-0.25552,
-0.25498,
-0.25445,
-0.25391,
-0.25337,
-0.25282,
-0.25228,
-0.25173,
-0.25118,
-0.25063,
-0.25008,
-0.24952,
-0.24896,
-0.2484,
-0.24784,
-0.24727,
-0.2467,
-0.24613,
-0.24556,
-0.24499,
-0.24441,
-0.24383,
-0.24325,
-0.24267,
-0.24208,
-0.24149,
-0.2409,
-0.24031,
-0.23972,
-0.23912,
-0.23852,
-0.23792,
-0.23732,
-0.23672,
-0.23611,
-0.2355,
-0.23489,
-0.23428,
-0.23366,
-0.23304,
-0.23242,
-0.2318,
-0.23118,
-0.23055,
-0.22993,
-0.2293,
-0.22866,
-0.22803,
-0.22739,
-0.22675,
-0.22611,
-0.22547,
-0.22483,
-0.22418,
-0.22353,
-0.22288,
-0.22223,
-0.22158,
-0.22092,
-0.22026,
-0.2196,
-0.21894,
-0.21827,
-0.21761,
-0.21694,
-0.21627,
-0.2156,
-0.21492,
-0.21425,
-0.21357,
-0.21289,
-0.21221,
-0.21152,
-0.21084,
-0.21015,
-0.20946,
-0.20877,
-0.20807,
-0.20738,
-0.20668,
-0.20598,
-0.20528,
-0.20458,
-0.20387,
-0.20317,
-0.20246,
-0.20175,
-0.20103,
-0.20032,
-0.1996,
-0.19889,
-0.19817,
-0.19745,
-0.19672,
-0.196,
-0.19527,
-0.19454,
-0.19381,
-0.19308,
-0.19235,
-0.19161,
-0.19087,
-0.19014,
-0.18939,
-0.18865,
-0.18791,
-0.18716,
-0.18641,
-0.18567,
-0.18491,
-0.18416,
-0.18341,
-0.18265,
-0.18189,
-0.18113,
-0.18037,
-0.17961,
-0.17884,
-0.17808,
-0.17731,
-0.17654,
-0.17577,
-0.175,
-0.17422,
-0.17345,
-0.17267,
-0.17189,
-0.17111,
-0.17033,
-0.16954,
-0.16876,
-0.16797,
-0.16718,
-0.16639,
-0.1656,
-0.16481,
-0.16401,
-0.16322,
-0.16242,
-0.16162,
-0.16082,
-0.16002,
-0.15922,
-0.15841,
-0.1576,
-0.1568,
-0.15599,
-0.15517,
-0.15436,
-0.15355,
-0.15273,
-0.15192,
-0.1511,
-0.15028,
-0.14946,
-0.14864,
-0.14781,
-0.14699,
-0.14616,
-0.14533,
-0.1445,
-0.14367,
-0.14284,
-0.14201,
-0.14117,
-0.14034,
-0.1395,
-0.13866,
-0.13782,
-0.13698,
-0.13614,
-0.1353,
-0.13445,
-0.1336,
-0.13276,
-0.13191,
-0.13106,
-0.13021,
-0.12935,
-0.1285,
-0.12765,
-0.12679,
-0.12593,
-0.12507,
-0.12421,
-0.12335,
-0.12249,
-0.12163,
-0.12076,
-0.1199,
-0.11903,
-0.11816,
-0.1173,
-0.11643,
-0.11555,
-0.11468,
-0.11381,
-0.11293,
-0.11206,
-0.11118,
-0.11031,
-0.10943,
-0.10855,
-0.10767,
-0.10678,
-0.1059,
-0.10502,
-0.10413,
-0.10325,
-0.10236,
-0.10147,
-0.10058,
-0.099695,
-0.098804,
-0.097912,
-0.09702,
-0.096126,
-0.095232,
-0.094336,
-0.09344,
-0.092543,
-0.091645,
-0.090746,
-0.089846,
-0.088945,
-0.088043,
-0.087141,
-0.086238,
-0.085333,
-0.084428,
-0.083522,
-0.082616,
-0.081708,
-0.0808,
-0.079891,
-0.078981,
-0.07807,
-0.077159,
-0.076247,
-0.075334,
-0.07442,
-0.073506,
-0.07259,
-0.071674,
-0.070758,
-0.069841,
-0.068922,
-0.068004,
-0.067084,
-0.066164,
-0.065244,
-0.064322,
-0.0634,
-0.062477,
-0.061554,
-0.06063,
-0.059705,
-0.05878,
-0.057855,
-0.056928,
-0.056001,
-0.055074,
-0.054146,
-0.053217,
-0.052288,
-0.051358,
-0.050428,
-0.049497,
-0.048565,
-0.047634,
-0.046701,
-0.045768,
-0.044835,
-0.043901,
-0.042967,
-0.042032,
-0.041097,
-0.040162,
-0.039226,
-0.038289,
-0.037352,
-0.036415,
-0.035477,
-0.034539,
-0.033601,
-0.032662,
-0.031723,
-0.030783,
-0.029843,
-0.028903,
-0.027962,
-0.027021,
-0.02608,
-0.025139,
-0.024197,
-0.023255,
-0.022312,
-0.02137,
-0.020427,
-0.019484,
-0.01854,
-0.017597,
-0.016653,
-0.015709,
-0.014764,
-0.01382,
-0.012875,
-0.01193,
-0.010985,
-0.01004,
-0.0090948,
-0.0081493,
-0.0072036,
-0.0062579,
-0.005312,
-0.004366,
-0.0034198,
-0.0024736,
-0.0015273,
-0.00058096,
0.00036548,
0.001312,
0.0022585,
0.0032051,
0.0041518,
0.0050984,
0.0060451,
0.0069917,
0.0079384,
0.0088851,
0.0098317,
0.010778,
0.011725,
0.012671,
0.013618,
0.014564,
0.015511,
0.016457,
0.017403,
0.018349,
0.019295,
0.020241,
0.021187,
0.022132,
0.023077,
0.024023,
0.024968,
0.025913,
0.026858,
0.027802,
0.028746,
0.029691,
0.030634,
0.031578,
0.032522,
0.033465,
0.034408,
0.03535,
0.036293,
0.037235,
0.038177,
0.039118,
0.04006,
0.041001,
0.041941,
0.042881,
0.043821,
0.044761,
0.0457,
0.046639,
0.047577,
0.048515,
0.049453,
0.05039,
0.051327,
0.052264,
0.053199,
0.054135,
0.05507,
0.056005,
0.056939,
0.057872,
0.058806,
0.059738,
0.06067,
0.061602,
0.062533,
0.063464,
0.064394,
0.065323,
0.066252,
0.06718,
0.068108,
0.069035,
0.069961,
0.070887,
0.071813,
0.072737,
0.073661,
0.074585,
0.075507,
0.076429,
0.077351,
0.078271,
0.079191,
0.080111,
0.081029,
0.081947,
0.082864,
0.083781,
0.084696,
0.085611,
0.086525,
0.087438,
0.088351,
0.089263,
0.090173,
0.091084,
0.091993,
0.092901,
0.093809,
0.094716,
0.095621,
0.096526,
0.097431,
0.098334,
0.099236,
0.10014,
0.10104,
0.10194,
0.10284,
0.10373,
0.10463,
0.10553,
0.10642,
0.10731,
0.10821,
0.1091,
0.10999,
0.11088,
0.11177,
0.11266,
0.11354,
0.11443,
0.11531,
0.1162,
0.11708,
0.11796,
0.11884,
0.11972,
0.1206,
0.12147,
0.12235,
0.12322,
0.1241,
0.12497,
0.12584,
0.12671,
0.12758,
0.12845,
0.12931,
0.13018,
0.13104,
0.1319,
0.13276,
0.13362,
0.13448,
0.13534,
0.1362,
0.13705,
0.13791,
0.13876,
0.13961,
0.14046,
0.14131,
0.14215,
0.143,
0.14384,
0.14468,
0.14553,
0.14637,
0.1472,
0.14804,
0.14888,
0.14971,
0.15054,
0.15137,
0.1522,
0.15303,
0.15386,
0.15469,
0.15551,
0.15633,
0.15715,
0.15797,
0.15879,
0.1596,
0.16042,
0.16123,
0.16204,
0.16285,
0.16366,
0.16447,
0.16527,
0.16608,
0.16688,
0.16768,
0.16848,
0.16927,
0.17007,
0.17086,
0.17165,
0.17244,
0.17323,
0.17402,
0.1748,
0.17559,
0.17637,
0.17715,
0.17793,
0.1787,
0.17948,
0.18025,
0.18102,
0.18179,
0.18256,
0.18332,
0.18409,
0.18485,
0.18561,
0.18636,
0.18712,
0.18787,
0.18863,
0.18938,
0.19013,
0.19087,
0.19162,
0.19236,
0.1931,
0.19384,
0.19458,
0.19531,
0.19604,
0.19677,
0.1975,
0.19823,
0.19896,
0.19968,
0.2004,
0.20112,
0.20183,
0.20255,
0.20326,
0.20397,
0.20468,
0.20539,
0.20609,
0.20679,
0.20749,
0.20819,
0.20889,
0.20958,
0.21027,
0.21096,
0.21165,
0.21233,
0.21302,
0.2137,
0.21437,
0.21505,
0.21572,
0.2164,
0.21707,
0.21773,
0.2184,
0.21906,
0.21972,
0.22038,
0.22103,
0.22169,
0.22234,
0.22299,
0.22363,
0.22428,
0.22492,
0.22556,
0.2262,
0.22683,
0.22746,
0.22809,
0.22872,
0.22935,
0.22997,
0.23059,
0.23121,
0.23182,
0.23244,
0.23305,
0.23365,
0.23426,
0.23486,
0.23546,
0.23606,
0.23666,
0.23725,
0.23784,
0.23843,
0.23902,
0.2396,
0.24018,
0.24076,
0.24133,
0.24191,
0.24248,
0.24304,
0.24361,
0.24417,
0.24473,
0.24529,
0.24584,
0.24639,
0.24694,
0.24749,
0.24803,
0.24857,
0.24911,
0.24965,
0.25018,
0.25071,
0.25124,
0.25177,
0.25229,
0.25281,
0.25332,
0.25384,
0.25435,
0.25486,
0.25536,
0.25587,
0.25637,
0.25687,
0.25736,
0.25785,
0.25834,
0.25883,
0.25931,
0.25979,
0.26027,
0.26074,
0.26122,
0.26168,
0.26215,
0.26261,
0.26307,
0.26353,
0.26399,
0.26444,
0.26489,
0.26533,
0.26578,
0.26622,
0.26665,
0.26709,
0.26752,
0.26795,
0.26837,
0.26879,
0.26921,
0.26963,
0.27004,
0.27045,
0.27086,
0.27127,
0.27167,
0.27206,
0.27246,
0.27285,
0.27324,
0.27363,
0.27401,
0.27439,
0.27477,
0.27514,
0.27551,
0.27588,
0.27624,
0.2766,
0.27696,
0.27732,
0.27767,
0.27802,
0.27836,
0.27871,
0.27904,
0.27938,
0.27971,
0.28004,
0.28037,
0.28069,
0.28101,
0.28133,
0.28164,
0.28196,
0.28226,
0.28257,
0.28287,
0.28317,
0.28346,
0.28375,
0.28404,
0.28432,
0.28461,
0.28488,
0.28516,
0.28543,
0.2857,
0.28596,
0.28622,
0.28648,
0.28674,
0.28699,
0.28724,
0.28748,
0.28773,
0.28796,
0.2882,
0.28843,
0.28866,
0.28888,
0.28911,
0.28933,
0.28954,
0.28975,
0.28996,
0.29016,
0.29037,
0.29056,
0.29076,
0.29095,
0.29114,
0.29132,
0.2915,
0.29168,
0.29186,
0.29203,
0.29219,
0.29236,
0.29252,
0.29268,
0.29283,
0.29298,
0.29313,
0.29327,
0.29341,
0.29355,
0.29368,
0.29381,
0.29393,
0.29406,
0.29417,
0.29429,
0.2944,
0.29451,
0.29462,
0.29472,
0.29481,
0.29491,
0.295,
0.29509,
0.29517,
0.29525,
0.29533,
0.2954,
0.29547,
0.29554,
0.2956,
0.29566,
0.29571,
0.29577,
0.29581,
0.29586,
0.2959,
0.29594,
0.29597,
0.296,
0.29603,
0.29605,
0.29607,
0.29609,
0.2961,
0.29611,
0.29611,
0.29612,
0.29611,
0.29611,
0.2961,
0.29609,
0.29607,
0.29605,
0.29603,
0.296,
0.29597,
0.29594,
0.2959,
0.29586,
0.29581,
0.29576,
0.29571,
0.29565,
0.2956,
0.29553,
0.29547,
0.29539,
0.29532,
0.29524,
0.29516,
0.29508,
0.29499,
0.2949,
0.2948,
0.2947,
0.2946,
0.29449,
0.29438,
0.29427,
0.29415,
0.29403,
0.2939,
0.29377,
0.29364,
0.2935,
0.29336,
0.29322,
0.29307,
0.29292,
0.29277,
0.29261,
0.29245,
0.29229,
0.29212,
0.29194,
0.29177,
0.29159,
0.29141,
0.29122,
0.29103,
0.29083,
0.29064,
0.29043,
0.29023,
0.29002,
0.28981,
0.28959,
0.28937,
0.28915,
0.28892,
0.28869,
0.28846,
0.28822,
0.28798,
0.28773,
0.28748,
0.28723,
0.28697,
0.28671,
0.28645,
0.28618,
0.28591,
0.28564,
0.28536,
0.28508,
0.2848,
0.28451,
0.28422,
0.28392,
0.28362,
0.28332,
0.28301,
0.2827,
0.28239,
0.28207,
0.28175,
0.28142,
0.2811,
0.28076,
0.28043,
0.28009,
0.27975,
0.2794,
0.27905,
0.2787,
0.27834,
0.27798,
0.27762,
0.27725,
0.27688,
0.27651,
0.27613,
0.27575,
0.27536,
0.27497,
0.27458,
0.27419,
0.27379,
0.27339,
0.27298,
0.27257,
0.27216,
0.27174,
0.27132,
0.2709,
0.27047,
0.27004,
0.26961,
0.26917,
0.26873,
0.26828,
0.26784,
0.26739,
0.26693,
0.26647,
0.26601,
0.26555,
0.26508,
0.26461,
0.26413,
0.26365,
0.26317,
0.26269,
0.2622,
0.26171,
0.26121,
0.26071,
0.26021,
0.2597,
0.2592,
0.25868,
0.25817,
0.25765,
0.25713,
0.2566,
0.25607,
0.25554,
0.25501,
0.25447,
0.25392,
0.25338,
0.25283,
0.25228,
0.25172,
0.25117,
0.2506,
0.25004,
0.24947,
0.2489,
0.24832,
0.24775,
0.24717,
0.24658,
0.24599,
0.2454,
0.24481,
0.24421,
0.24361,
0.24301,
0.2424,
0.24179,
0.24118,
0.24057,
0.23995,
0.23933,
0.2387,
0.23807,
0.23744,
0.23681,
0.23617,
0.23553,
0.23489,
0.23424,
0.23359,
0.23294,
0.23228,
0.23162,
0.23096,
0.2303,
0.22963,
0.22896,
0.22828,
0.22761,
0.22693,
0.22625,
0.22556,
0.22487,
0.22418,
0.22349,
0.22279,
0.22209,
0.22139,
0.22068,
0.21997,
0.21926,
0.21855,
0.21783,
0.21711,
0.21639,
0.21566,
0.21494,
0.2142,
0.21347,
0.21273,
0.21199,
0.21125,
0.21051,
0.20976,
0.20901,
0.20826,
0.2075,
0.20674,
0.20598,
0.20522,
0.20445,
0.20368,
0.20291,
0.20214,
0.20136,
0.20058,
0.1998,
0.19902,
0.19823,
0.19744,
0.19665,
0.19585,
0.19506,
0.19426,
0.19345,
0.19265,
0.19184,
0.19103,
0.19022,
0.18941,
0.18859,
0.18777,
0.18695,
0.18613,
0.1853,
0.18447,
0.18364,
0.18281,
0.18197,
0.18113,
0.18029,
0.17945,
0.1786,
0.17776,
0.17691,
0.17605,
0.1752,
0.17434,
0.17348,
0.17262,
0.17176,
0.1709,
0.17003,
0.16916,
0.16829,
0.16741,
0.16654,
0.16566,
0.16478,
0.1639,
0.16301,
0.16213,
0.16124,
0.16035,
0.15946,
0.15856,
0.15767,
0.15677,
0.15587,
0.15496,
0.15406,
0.15315,
0.15225,
0.15134,
0.15042,
0.14951,
0.1486,
0.14768,
0.14676,
0.14584,
0.14491,
0.14399,
0.14306,
0.14213,
0.1412,
0.14027,
0.13934,
0.1384,
0.13747,
0.13653,
0.13559,
0.13465,
0.1337,
0.13276,
0.13181,
0.13086,
0.12991,
0.12896,
0.12801,
0.12705,
0.1261,
0.12514,
0.12418,
0.12322,
0.12226,
0.12129,
0.12033,
0.11936,
0.11839,
0.11742,
0.11645,
0.11548,
0.11451,
0.11353,
0.11255,
0.11158,
0.1106,
0.10962,
0.10864,
0.10765,
0.10667,
0.10568,
0.1047,
0.10371,
0.10272,
0.10173,
0.10074,
0.099745,
0.098751,
0.097756,
0.09676,
0.095763,
0.094765,
0.093765,
0.092765,
0.091764,
0.090761,
0.089758,
0.088753,
0.087748,
0.086741,
0.085734,
0.084726,
0.083717,
0.082706,
0.081695,
0.080683,
0.079671,
0.078657,
0.077642,
0.076627,
0.075611,
0.074594,
0.073576,
0.072558,
0.071539,
0.070519,
0.069498,
0.068477,
0.067454,
0.066432,
0.065408,
0.064384,
0.063359,
0.062334,
0.061308,
0.060281,
0.059254,
0.058227,
0.057198,
0.05617,
0.05514,
0.05411,
0.05308,
0.052049,
0.051018,
0.049987,
0.048954,
0.047922,
0.046889,
0.045856,
0.044822,
0.043788,
0.042754,
0.041719,
0.040684,
0.039649,
0.038613,
0.037577,
0.036541,
0.035505,
0.034469,
0.033432,
0.032395,
0.031358,
0.030321,
0.029283,
0.028246,
0.027208,
0.02617,
0.025132,
0.024094,
0.023056,
0.022018,
0.02098,
0.019942,
0.018904,
0.017866,
0.016828,
0.01579,
0.014752,
0.013714,
0.012677,
0.011639,
0.010601,
0.009564,
0.0085268,
0.0074897,
0.0064528,
0.005416,
0.0043795,
0.0033432,
0.0023072,
0.0012714,
0.0002358,
-0.00079946,
-0.0018344,
-0.0028691,
-0.0039034,
-0.0049375,
-0.0059711,
-0.0070044,
-0.0080373,
-0.0090698,
-0.010102,
-0.011134,
-0.012165,
-0.013196,
-0.014226,
-0.015256,
-0.016285,
-0.017314,
-0.018342,
-0.01937,
-0.020397,
-0.021424,
-0.02245,
-0.023476,
-0.0245,
-0.025525,
-0.026548,
-0.027571,
-0.028594,
-0.029615,
-0.030636,
-0.031656,
-0.032676,
-0.033695,
-0.034713,
-0.03573,
-0.036746,
-0.037762,
-0.038777,
-0.039791,
-0.040804,
-0.041816,
-0.042828,
-0.043839,
-0.044848,
-0.045857,
-0.046865,
-0.047872,
-0.048878,
-0.049883,
-0.050887,
-0.051891,
-0.052893,
-0.053894,
-0.054894,
-0.055893,
-0.056891,
-0.057888,
-0.058884,
-0.059879,
-0.060873,
-0.061865,
-0.062857,
-0.063847,
-0.064836,
-0.065824,
-0.066811,
-0.067797,
-0.068781,
-0.069764,
-0.070746,
-0.071727,
-0.072706,
-0.073685,
-0.074662,
-0.075637,
-0.076611,
-0.077584,
-0.078556,
-0.079526,
-0.080495,
-0.081463,
-0.082429,
-0.083394,
-0.084357,
-0.085319,
-0.08628,
-0.087239,
-0.088197,
-0.089153,
-0.090107,
-0.091061,
-0.092012,
-0.092962,
-0.093911,
-0.094858,
-0.095804,
-0.096747,
-0.09769,
-0.098631,
-0.09957,
-0.10051,
-0.10144,
-0.10238,
-0.10331,
-0.10424,
-0.10517,
-0.1061,
-0.10702,
-0.10795,
-0.10887,
-0.10979,
-0.11071,
-0.11163,
-0.11254,
-0.11346,
-0.11437,
-0.11528,
-0.11619,
-0.11709,
-0.118,
-0.1189,
-0.1198,
-0.1207,
-0.1216,
-0.1225,
-0.12339,
-0.12428,
-0.12517,
-0.12606,
-0.12694,
-0.12783,
-0.12871,
-0.12959,
-0.13047,
-0.13134,
-0.13222,
-0.13309,
-0.13396,
-0.13483,
-0.1357,
-0.13656,
-0.13742,
-0.13828,
-0.13914,
-0.13999,
-0.14085,
-0.1417,
-0.14255,
-0.1434,
-0.14424,
-0.14509,
-0.14593,
-0.14676,
-0.1476,
-0.14844,
-0.14927,
-0.1501,
-0.15093,
-0.15175,
-0.15258,
-0.1534,
-0.15422,
-0.15503,
-0.15585,
-0.15666,
-0.15747,
-0.15828,
-0.15908,
-0.15989,
-0.16069,
-0.16148,
-0.16228,
-0.16308,
-0.16387,
-0.16466,
-0.16544,
-0.16623,
-0.16701,
-0.16779,
-0.16857,
-0.16934,
-0.17011,
-0.17088,
-0.17165,
-0.17242,
-0.17318,
-0.17394,
-0.1747,
-0.17546,
-0.17621,
-0.17696,
-0.17771,
-0.17845,
-0.1792,
-0.17994,
-0.18068,
-0.18141,
-0.18215,
-0.18288,
-0.18361,
-0.18433,
-0.18506,
-0.18578,
-0.1865,
-0.18721,
-0.18792,
-0.18864,
-0.18934,
-0.19005,
-0.19075,
-0.19145,
-0.19215,
-0.19285,
-0.19354,
-0.19423,
-0.19492,
-0.1956,
-0.19628,
-0.19696,
-0.19764,
-0.19832,
-0.19899,
-0.19966,
-0.20032,
-0.20099,
-0.20165,
-0.20231,
-0.20296,
-0.20362,
-0.20427,
-0.20492,
-0.20556,
-0.2062,
-0.20684,
-0.20748,
-0.20812,
-0.20875,
-0.20938,
-0.21,
-0.21063,
-0.21125,
-0.21187,
-0.21248,
-0.2131,
-0.21371,
-0.21431,
-0.21492,
-0.21552,
-0.21612,
-0.21672,
-0.21731,
-0.2179,
-0.21849,
-0.21908,
-0.21966,
-0.22024,
-0.22082,
-0.22139,
-0.22197,
-0.22254,
-0.2231,
-0.22367,
-0.22423,
-0.22479,
-0.22534,
-0.2259,
-0.22645,
-0.22699,
-0.22754,
-0.22808,
-0.22862,
-0.22915,
-0.22969,
-0.23022,
-0.23075,
-0.23127,
-0.23179,
-0.23231,
-0.23283,
-0.23335,
-0.23386,
-0.23437,
-0.23487,
-0.23538,
-0.23588,
-0.23637,
-0.23687,
-0.23736,
-0.23785,
-0.23834,
-0.23882,
-0.2393,
-0.23978,
-0.24025,
-0.24073,
-0.2412,
-0.24166,
-0.24213,
-0.24259,
-0.24305,
-0.24351,
-0.24396,
-0.24441,
-0.24486,
-0.2453,
-0.24575,
-0.24619,
-0.24662,
-0.24706,
-0.24749,
-0.24792,
-0.24834,
-0.24877,
-0.24919,
-0.2496,
-0.25002,
-0.25043,
-0.25084,
-0.25125,
-0.25165,
-0.25205,
-0.25245,
-0.25285,
-0.25324,
-0.25363,
-0.25402,
-0.25441,
-0.25479,
-0.25517,
-0.25555,
-0.25592,
-0.25629,
-0.25666,
-0.25703,
-0.25739,
-0.25775,
-0.25811,
-0.25847,
-0.25882,
-0.25917,
-0.25952,
-0.25987,
-0.26021,
-0.26055,
-0.26089,
-0.26122,
-0.26155,
-0.26188,
-0.26221,
-0.26253,
-0.26286,
-0.26318,
-0.26349,
-0.26381,
-0.26412,
-0.26443,
-0.26473,
-0.26504,
-0.26534,
-0.26564,
-0.26593,
-0.26623,
-0.26652,
-0.26681,
-0.26709,
-0.26738,
-0.26766,
-0.26794,
-0.26822,
-0.26849,
-0.26876,
-0.26903,
-0.2693,
-0.26956,
-0.26982,
-0.27008,
-0.27034,
-0.27059,
-0.27084,
-0.27109,
-0.27134,
-0.27158,
-0.27183,
-0.27207,
-0.2723,
-0.27254,
-0.27277,
-0.273,
-0.27323,
-0.27346,
-0.27368,
-0.2739,
-0.27412,
-0.27434,
-0.27455,
-0.27476,
-0.27497,
-0.27518,
-0.27539,
-0.27559,
-0.27579,
-0.27599,
-0.27619,
-0.27638,
-0.27657,
-0.27676,
-0.27695,
-0.27714,
-0.27732,
-0.2775,
-0.27768,
-0.27786,
-0.27803,
-0.2782,
-0.27837,
-0.27854,
-0.27871,
-0.27887,
-0.27904,
-0.2792,
-0.27935,
-0.27951,
-0.27966,
-0.27982,
-0.27997,
-0.28011,
-0.28026,
-0.28041,
-0.28055,
-0.28069,
-0.28083,
-0.28096,
-0.2811,
-0.28123,
-0.28136,
-0.28149,
-0.28162,
-0.28174,
-0.28187,
-0.28199,
-0.28211,
-0.28222,
-0.28234,
-0.28246,
-0.28257,
-0.28268,
-0.28279,
-0.28289,
-0.283,
-0.2831,
-0.28321,
-0.28331,
-0.28341,
-0.2835,
-0.2836,
-0.28369,
-0.28378,
-0.28388,
-0.28396,
-0.28405,
-0.28414,
-0.28422,
-0.2843,
-0.28439,
-0.28447,
-0.28454,
-0.28462,
-0.2847,
-0.28477,
-0.28484,
-0.28491,
-0.28498,
-0.28505,
-0.28512,
-0.28518,
-0.28525,
-0.28531,
-0.28537,
-0.28543,
-0.28549,
-0.28554,
-0.2856,
-0.28565,
-0.28571,
-0.28576,
-0.28581,
-0.28586,
-0.28591,
-0.28596,
-0.286,
-0.28605,
-0.28609,
-0.28613,
-0.28617,
-0.28621,
-0.28625,
-0.28629,
-0.28633,
-0.28636,
-0.2864,
-0.28643,
-0.28646,
-0.2865,
-0.28653,
-0.28656,
-0.28659,
-0.28661,
-0.28664,
-0.28667,
-0.28669,
-0.28672,
-0.28674,
-0.28676,
-0.28678,
-0.2868,
-0.28683,
-0.28684,
-0.28686,
-0.28688,
-0.2869,
-0.28691,
-0.28693,
-0.28694,
-0.28696,
-0.28697,
-0.28699,
-0.287,
-0.28701,
-0.28702,
-0.28703,
-0.28704,
-0.28705,
-0.28706,
-0.28707,
-0.28707,
-0.28708,
-0.28709,
-0.28709,
-0.2871,
-0.28711,
-0.28711,
-0.28711,
-0.28712,
-0.28712,
-0.28713,
-0.28713,
-0.28713,
-0.28713,
-0.28714,
-0.28714,
-0.28714,
-0.28714,
-0.28714,
-0.28714,
-0.28714,
-0.28714,
-0.28714,
-0.28714,
-0.28714,
-0.28714,
-0.28714,
-0.28714,
-0.28714,
-0.28714,
-0.28714,
-0.28714,
-0.28714,
-0.28714,
-0.28714,
-0.28714,
-0.28714,
-0.28714,
-0.28714,
-0.28714,
-0.28714,
-0.28714,
-0.28714,
-0.28714,
-0.28714,
-0.28714,
-0.28714,
-0.28714,
-0.28714,
-0.28714,
-0.28714,
-0.28715,
-0.28715,
-0.28715,
-0.28715,
-0.28716,
-0.28716,
-0.28716,
-0.28717,
-0.28717,
-0.28718,
-0.28719,
-0.28719,
-0.2872,
-0.28721,
-0.28721,
-0.28722,
-0.28723,
-0.28724,
-0.28725,
-0.28726,
-0.28727,
-0.28728,
-0.28729,
-0.28731,
-0.28732,
-0.28733,
-0.28735,
-0.28737,
-0.28738,
-0.2874,
-0.28742,
-0.28743,
-0.28745,
-0.28747,
-0.2875,
-0.28752,
-0.28754,
-0.28756,
-0.28759,
-0.28761,
-0.28764,
-0.28767,
-0.28769,
-0.28772,
-0.28775,
-0.28778,
-0.28781,
-0.28785,
-0.28788,
-0.28792,
-0.28795,
-0.28799,
-0.28803,
-0.28806,
-0.2881,
-0.28815,
-0.28819,
-0.28823,
-0.28828,
-0.28832,
-0.28837,
-0.28842,
-0.28847,
-0.28852,
-0.28857,
-0.28862,
-0.28868,
-0.28873,
-0.28879,
-0.28885,
-0.28891,
-0.28897,
-0.28903,
-0.28909,
-0.28916,
-0.28922,
-0.28929,
-0.28936,
-0.28943,
-0.2895,
-0.28958,
-0.28965,
-0.28973,
-0.28981,
-0.28988,
-0.28997,
-0.29005,
-0.29013,
-0.29022,
-0.2903,
-0.29039,
-0.29048,
-0.29057,
-0.29067,
-0.29076,
-0.29086,
-0.29096,
-0.29106,
-0.29116,
-0.29126,
-0.29137,
-0.29148,
-0.29158,
-0.29169,
-0.29181,
-0.29192,
-0.29204,
-0.29215,
-0.29227,
-0.29239,
-0.29252,
-0.29264,
-0.29277,
-0.29289,
-0.29302,
-0.29316,
-0.29329,
-0.29343,
-0.29356,
-0.2937,
-0.29384,
-0.29399,
-0.29413,
-0.29428,
-0.29443,
-0.29458,
-0.29474,
-0.29489,
-0.29505,
-0.29521,
-0.29537,
-0.29553,
-0.2957,
-0.29586,
-0.29603,
-0.29621,
-0.29638,
-0.29656,
-0.29673,
-0.29691,
-0.2971,
-0.29728,
-0.29747,
-0.29766,
-0.29785,
-0.29804,
-0.29823,
-0.29843,
-0.29863,
-0.29883,
-0.29904,
-0.29924,
-0.29945,
-0.29966,
-0.29988,
-0.30009,
-0.30031,
-0.30053,
-0.30075,
-0.30098,
-0.3012,
-0.30143,
-0.30166,
-0.3019,
-0.30213,
-0.30237,
-0.30261,
-0.30286,
-0.3031,
-0.30335,
-0.3036,
-0.30385,
-0.30411,
-0.30436,
-0.30462,
-0.30489,
-0.30515,
-0.30542,
-0.30569,
-0.30596,
-0.30623,
-0.30651,
-0.30679,
-0.30707,
-0.30736,
-0.30764,
-0.30793,
-0.30823,
-0.30852,
-0.30882,
-0.30912,
-0.30942,
-0.30972,
-0.31003,
-0.31034,
-0.31065,
-0.31097,
-0.31128,
-0.3116,
-0.31193,
-0.31225,
-0.31258,
-0.31291,
-0.31324,
-0.31358,
-0.31391,
-0.31425,
-0.3146,
-0.31494,
-0.31529,
-0.31564,
-0.316,
-0.31635,
-0.31671,
-0.31707,
-0.31744,
-0.3178,
-0.31817,
-0.31855,
-0.31892,
-0.3193,
-0.31968,
-0.32006,
-0.32045,
-0.32084,
-0.32123,
-0.32162,
-0.32202,
-0.32241,
-0.32282,
-0.32322,
-0.32363,
-0.32404,
-0.32445,
-0.32486,
-0.32528,
-0.3257,
-0.32613,
-0.32655,
-0.32698,
-0.32741,
-0.32785,
-0.32828,
-0.32872,
-0.32917,
-0.32961,
-0.33006,
-0.33051,
-0.33096,
-0.33142,
-0.33188,
-0.33234,
-0.3328,
-0.33327,
-0.33374,
-0.33421,
-0.33469,
-0.33517,
-0.33565,
-0.33613,
-0.33662,
-0.33711,
-0.3376,
-0.33809,
-0.33859,
-0.33909,
-0.33959,
-0.3401,
-0.34061,
-0.34112,
-0.34163,
-0.34215,
-0.34267,
-0.34319,
-0.34371,
-0.34424,
-0.34477,
-0.34531,
-0.34584,
-0.34638,
-0.34692,
-0.34747,
-0.34801,
-0.34856,
-0.34911,
-0.34967,
-0.35023,
-0.35079,
-0.35135,
-0.35192,
-0.35249,
-0.35306,
-0.35363,
-0.35421,
-0.35479,
-0.35537,
-0.35596,
-0.35654,
-0.35714,
-0.35773,
-0.35832,
-0.35892,
-0.35953,
-0.36013,
-0.36074,
-0.36135,
-0.36196,
-0.36257,
-0.36319,
-0.36381,
-0.36444,
-0.36506,
-0.36569,
-0.36632,
-0.36695,
-0.36759,
-0.36823,
-0.36887,
-0.36952,
-0.37016,
-0.37081,
-0.37147,
-0.37212,
-0.37278,
-0.37344,
-0.3741,
-0.37477,
-0.37544,
-0.37611,
-0.37678,
-0.37746,
-0.37814,
-0.37882,
-0.3795,
-0.38019,
-0.38088,
-0.38157,
-0.38227,
-0.38296,
-0.38366,
-0.38436,
-0.38507,
-0.38578,
-0.38649,
-0.3872,
-0.38791,
-0.38863,
-0.38935,
-0.39007,
-0.3908,
-0.39153,
-0.39226,
-0.39299,
-0.39372,
-0.39446,
-0.3952,
-0.39594,
-0.39669,
-0.39744,
-0.39819,
-0.39894,
-0.39969,
-0.40045,
-0.40121,
-0.40197,
-0.40274,
-0.40351,
-0.40427,
-0.40505,
-0.40582,
-0.4066,
-0.40738,
-0.40816,
-0.40894,
-0.40973,
-0.41051,
-0.41131,
-0.4121,
-0.41289,
-0.41369,
-0.41449,
-0.41529,
-0.4161,
-0.41691,
-0.41771,
-0.41853,
-0.41934,
-0.42016,
-0.42097,
-0.42179,
-0.42262,
-0.42344,
-0.42427,
-0.4251,
-0.42593,
-0.42676,
-0.4276,
-0.42844,
-0.42928,
-0.43012,
-0.43096,
-0.43181,
-0.43266,
-0.43351,
-0.43436,
-0.43522,
-0.43607,
-0.43693,
-0.43779,
-0.43866,
-0.43952,
-0.44039,
-0.44126,
-0.44213,
-0.443,
-0.44388,
-0.44476,
-0.44564,
-0.44652,
-0.4474,
-0.44829,
-0.44917,
-0.45006,
-0.45095,
-0.45185,
-0.45274,
-0.45364,
-0.45454,
-0.45544,
-0.45634,
-0.45724,
-0.45815,
-0.45906,
-0.45997,
-0.46088,
-0.46179,
-0.4627,
-0.46362,
-0.46454,
-0.46546,
-0.46638,
-0.46731,
-0.46823,
-0.46916,
-0.47009,
-0.47102,
-0.47195,
-0.47288,
-0.47382,
-0.47476,
-0.4757,
-0.47664,
-0.47758,
-0.47852,
-0.47947,
-0.48041,
-0.48136,
-0.48231,
-0.48326,
-0.48421,
-0.48517,
-0.48613,
-0.48708,
-0.48804,
-0.489,
-0.48996,
-0.49093,
-0.49189,
-0.49286,
-0.49382,
-0.49479,
-0.49576,
-0.49673,
-0.49771,
-0.49868,
-0.49966,
-0.50063,
-0.50161,
-0.50259,
-0.50357,
-0.50455,
-0.50554,
-0.50652,
-0.50751,
-0.50849,
-0.50948,
-0.51047,
-0.51146,
-0.51245,
-0.51344,
-0.51444,
-0.51543,
-0.51643,
-0.51742,
-0.51842,
-0.51942,
-0.52042,
-0.52142,
-0.52243,
-0.52343,
-0.52443,
-0.52544,
-0.52644,
-0.52745,
-0.52846,
-0.52947,
-0.53048,
-0.53149,
-0.5325,
-0.53351,
-0.53453,
-0.53554,
-0.53656,
-0.53757,
-0.53859,
-0.53961,
-0.54062,
-0.54164,
-0.54266,
-0.54368,
-0.5447,
-0.54573,
-0.54675,
-0.54777,
-0.5488,
-0.54982,
-0.55085,
-0.55187,
-0.5529,
-0.55392,
-0.55495,
-0.55598,
-0.55701,
-0.55804,
-0.55907,
-0.5601,
-0.56113,
-0.56216,
-0.56319,
-0.56422,
-0.56526,
-0.56629,
-0.56732,
-0.56836,
-0.56939,
-0.57042,
-0.57146,
-0.57249,
-0.57353,
-0.57457,
-0.5756,
-0.57664,
-0.57767,
-0.57871,
-0.57975,
-0.58079,
-0.58182,
-0.58286,
-0.5839,
-0.58494,
-0.58597,
-0.58701,
-0.58805,
-0.58909,
-0.59013,
-0.59116,
-0.5922,
-0.59324,
-0.59428,
-0.59532,
-0.59636,
-0.5974,
-0.59843,
-0.59947,
-0.60051,
-0.60155,
-0.60259,
-0.60362,
-0.60466,
-0.6057,
-0.60674,
-0.60778,
-0.60881,
-0.60985,
-0.61089,
-0.61192,
-0.61296,
-0.61399,
-0.61503,
-0.61607,
-0.6171,
-0.61813,
-0.61917,
-0.6202,
-0.62124,
-0.62227,
-0.6233,
-0.62433,
-0.62537,
-0.6264,
-0.62743,
-0.62846,
-0.62949,
-0.63052,
-0.63155,
-0.63258,
-0.6336,
-0.63463,
-0.63566,
-0.63668,
-0.63771,
-0.63873,
-0.63976,
-0.64078,
-0.6418,
-0.64283,
-0.64385,
-0.64487,
-0.64589,
-0.64691,
-0.64793,
-0.64894,
-0.64996,
-0.65098,
-0.65199,
-0.65301,
-0.65402,
-0.65503,
-0.65604,
-0.65705,
-0.65806,
-0.65907,
-0.66008,
-0.66109,
-0.66209,
-0.6631,
-0.6641,
-0.6651,
-0.66611,
-0.66711,
-0.66811,
-0.6691,
-0.6701,
-0.6711,
-0.67209,
-0.67309,
-0.67408,
-0.67507,
-0.67606,
-0.67705,
-0.67804,
-0.67903,
-0.68001,
-0.681,
-0.68198,
-0.68296,
-0.68394,
-0.68492,
-0.6859,
-0.68687,
-0.68785,
-0.68882,
-0.68979,
-0.69076,
-0.69173,
-0.6927,
-0.69367,
-0.69463,
-0.6956,
-0.69656,
-0.69752,
-0.69848,
-0.69943,
-0.70039,
-0.70134,
-0.7023,
-0.70325,
-0.7042,
-0.70514,
-0.70609,
-0.70703,
-0.70798,
-0.70892,
-0.70986,
-0.71079,
-0.71173,
-0.71266,
-0.7136,
-0.71453,
-0.71545,
-0.71638,
-0.71731,
-0.71823,
-0.71915,
-0.72007,
-0.72099,
-0.7219,
-0.72282,
-0.72373,
-0.72464,
-0.72554,
-0.72645,
-0.72735,
-0.72826,
-0.72916,
-0.73005,
-0.73095,
-0.73184,
-0.73273,
-0.73362,
-0.73451,
-0.7354,
-0.73628,
-0.73716,
-0.73804,
-0.73892,
-0.73979,
-0.74066,
-0.74153,
-0.7424,
-0.74327,
-0.74413,
-0.74499,
-0.74585,
-0.74671,
-0.74756,
-0.74842,
-0.74927,
-0.75011,
-0.75096,
-0.7518,
-0.75264,
-0.75348,
-0.75431,
-0.75515,
-0.75598,
-0.75681,
-0.75763,
-0.75846,
-0.75928,
-0.7601,
-0.76091,
-0.76172,
-0.76254,
-0.76334,
-0.76415,
-0.76495,
-0.76575,
-0.76655,
-0.76735,
-0.76814,
-0.76893,
-0.76972,
-0.7705,
-0.77128,
-0.77206,
-0.77284,
-0.77362,
-0.77439,
-0.77516,
-0.77592,
-0.77669,
-0.77745,
-0.7782,
-0.77896,
-0.77971,
-0.78046,
-0.78121,
-0.78195,
-0.78269,
-0.78343,
-0.78416,
-0.7849,
-0.78563,
-0.78635,
-0.78708,
-0.7878,
-0.78852,
-0.78923,
-0.78994,
-0.79065,
-0.79136,
-0.79206,
-0.79276,
-0.79346,
-0.79415,
-0.79484,
-0.79553,
-0.79621,
-0.7969,
-0.79757,
-0.79825,
-0.79892,
-0.79959,
-0.80026,
-0.80092,
-0.80158,
-0.80224,
-0.80289,
-0.80354,
-0.80419,
-0.80483,
-0.80548,
-0.80611,
-0.80675,
-0.80738,
-0.80801,
-0.80863,
-0.80925,
-0.80987,
-0.81049,
-0.8111,
-0.81171,
-0.81231,
-0.81292,
-0.81351,
-0.81411,
-0.8147,
-0.81529,
-0.81588,
-0.81646,
-0.81704,
-0.81761,
-0.81818,
-0.81875,
-0.81932,
-0.81988,
-0.82044,
-0.82099,
-0.82154,
-0.82209,
-0.82264,
-0.82318,
-0.82371,
-0.82425,
-0.82478,
-0.82531,
-0.82583,
-0.82635,
-0.82687,
-0.82738,
-0.82789,
-0.82839,
-0.8289,
-0.82939,
-0.82989,
-0.83038,
-0.83087,
-0.83135,
-0.83183,
-0.83231,
-0.83279,
-0.83326,
-0.83372,
-0.83418,
-0.83464,
-0.8351,
-0.83555,
-0.836,
-0.83644,
-0.83688,
-0.83732,
-0.83776,
-0.83819,
-0.83861,
-0.83903,
-0.83945,
-0.83987,
-0.84028,
-0.84069,
-0.84109,
-0.84149,
-0.84189,
-0.84228,
-0.84267,
-0.84305,
-0.84343,
-0.84381,
-0.84418,
-0.84455,
-0.84492,
-0.84528,
-0.84564,
-0.84599,
-0.84635,
-0.84669,
-0.84704,
-0.84737,
-0.84771,
-0.84804,
-0.84837,
-0.84869,
-0.84901,
-0.84933,
-0.84964,
-0.84995,
-0.85026,
-0.85056,
-0.85085,
-0.85115,
-0.85144,
-0.85172,
-0.852,
-0.85228,
-0.85255,
-0.85282,
-0.85309,
-0.85335,
-0.85361,
-0.85386,
-0.85411,
-0.85436,
-0.8546,
-0.85484,
-0.85507,
-0.8553,
-0.85553,
-0.85575,
-0.85597,
-0.85618,
-0.85639,
-0.8566,
-0.8568,
-0.857,
-0.8572,
-0.85739,
-0.85757,
-0.85776,
-0.85793,
-0.85811,
-0.85828,
-0.85845,
-0.85861,
-0.85877,
-0.85892,
-0.85907,
-0.85922,
-0.85936,
-0.8595,
-0.85964,
-0.85977,
-0.85989,
-0.86002,
-0.86014,
-0.86025,
-0.86036,
-0.86047,
-0.86057,
-0.86067,
-0.86076,
-0.86085,
-0.86094,
-0.86102,
-0.8611,
-0.86118,
-0.86125,
-0.86131,
-0.86138,
-0.86143,
-0.86149,
-0.86154,
-0.86158,
-0.86163,
-0.86167,
-0.8617,
-0.86173,
-0.86176,
-0.86178,
-0.8618,
-0.86181,
-0.86182,
-0.86183,
-0.86183,
-0.86183,
-0.86182,
-0.86181,
-0.8618,
-0.86178,
-0.86176,
-0.86173,
-0.8617,
-0.86167,
-0.86163,
-0.86158,
-0.86154,
-0.86149,
-0.86143,
-0.86138,
-0.86131,
-0.86125,
-0.86118,
-0.8611,
-0.86102,
-0.86094,
-0.86086,
-0.86077,
-0.86067,
-0.86057,
-0.86047,
-0.86036,
-0.86025,
-0.86014,
-0.86002,
-0.8599,
-0.85977,
-0.85964,
-0.85951,
-0.85937,
-0.85923,
-0.85908,
-0.85893,
-0.85878,
-0.85862,
-0.85846,
-0.85829,
-0.85812,
-0.85795,
-0.85777,
-0.85759,
-0.8574,
-0.85721,
-0.85702,
-0.85682,
-0.85662,
-0.85641,
-0.85621,
-0.85599,
-0.85578,
-0.85555,
-0.85533,
-0.8551,
-0.85487,
-0.85463,
-0.85439,
-0.85415,
-0.8539,
-0.85365,
-0.85339,
-0.85313,
-0.85287,
-0.8526,
-0.85233,
-0.85205,
-0.85177,
-0.85149,
-0.8512,
-0.85091,
-0.85062,
-0.85032,
-0.85002,
-0.84971,
-0.8494,
-0.84909,
-0.84877,
-0.84845,
-0.84813,
-0.8478,
-0.84746,
-0.84713,
-0.84679,
-0.84644,
-0.8461,
-0.84575,
-0.84539,
-0.84503,
-0.84467,
-0.8443,
-0.84393,
-0.84356,
-0.84318,
-0.8428,
-0.84242,
-0.84203,
-0.84164,
-0.84124,
-0.84084,
-0.84044,
-0.84003,
-0.83962,
-0.83921,
-0.83879,
-0.83837,
-0.83794,
-0.83751,
-0.83708,
-0.83665,
-0.83621,
-0.83576,
-0.83532,
-0.83487,
-0.83441,
-0.83396,
-0.8335,
-0.83303,
-0.83256,
-0.83209,
-0.83162,
-0.83114,
-0.83066,
-0.83017,
-0.82968,
-0.82919,
-0.82869,
-0.82819,
-0.82769,
-0.82718,
-0.82667,
-0.82616,
-0.82564,
-0.82512,
-0.8246,
-0.82407,
-0.82354,
-0.82301,
-0.82247,
-0.82193,
-0.82139,
-0.82084,
-0.82029,
-0.81973,
-0.81918,
-0.81862,
-0.81805,
-0.81748,
-0.81691,
-0.81634,
-0.81576,
-0.81518,
-0.8146,
-0.81401,
-0.81342,
-0.81283,
-0.81223,
-0.81163,
-0.81103,
-0.81042,
-0.80981,
-0.8092,
-0.80858,
-0.80796,
-0.80734,
-0.80671,
-0.80609,
-0.80545,
-0.80482,
-0.80418,
-0.80354,
-0.8029,
-0.80225,
-0.8016,
-0.80094,
-0.80029,
-0.79963,
-0.79897,
-0.7983,
-0.79763,
-0.79696,
-0.79628,
-0.79561,
-0.79493,
-0.79424,
-0.79356,
-0.79287,
-0.79217,
-0.79148,
-0.79078,
-0.79008,
-0.78937,
-0.78867,
-0.78796,
-0.78724,
-0.78653,
-0.78581,
-0.78509,
-0.78437,
-0.78364,
-0.78291,
-0.78218,
-0.78144,
-0.7807,
-0.77996,
-0.77922,
-0.77847,
-0.77772,
-0.77697,
-0.77622,
-0.77546,
-0.7747,
-0.77394,
-0.77317,
-0.7724,
-0.77163,
-0.77086,
-0.77008,
-0.7693,
-0.76852,
-0.76774,
-0.76695,
-0.76616,
-0.76537,
-0.76458,
-0.76378,
-0.76298,
-0.76218,
-0.76138,
-0.76057,
-0.75976,
-0.75895,
-0.75814,
-0.75732,
-0.7565,
-0.75568,
-0.75486,
-0.75403,
-0.7532,
-0.75237,
-0.75154,
-0.7507,
-0.74986,
-0.74902,
-0.74818,
-0.74734,
-0.74649,
-0.74564,
-0.74479,
-0.74394,
-0.74308,
-0.74222,
-0.74136,
-0.7405,
-0.73963,
-0.73877,
-0.7379,
-0.73702,
-0.73615,
-0.73528,
-0.7344,
-0.73352,
-0.73264,
-0.73175,
-0.73086,
-0.72998,
-0.72909,
-0.72819,
-0.7273,
-0.7264,
-0.7255,
-0.7246,
-0.7237,
-0.7228,
-0.72189,
-0.72098,
-0.72007,
-0.71916,
-0.71825,
-0.71733,
-0.71641,
-0.71549,
-0.71457,
-0.71365,
-0.71272,
-0.7118,
-0.71087,
-0.70994,
-0.70901,
-0.70807,
-0.70714,
-0.7062,
-0.70526,
-0.70432,
-0.70337,
-0.70243,
-0.70148,
-0.70054,
-0.69959,
-0.69864,
-0.69768,
-0.69673,
-0.69577,
-0.69482,
-0.69386,
-0.6929,
-0.69194,
-0.69097,
-0.69001,
-0.68904,
-0.68807,
-0.6871,
-0.68613,
-0.68516,
-0.68418,
-0.68321,
-0.68223,
-0.68125,
-0.68027,
-0.67929,
-0.67831,
-0.67733,
-0.67634,
-0.67536,
-0.67437,
-0.67338,
-0.67239,
-0.6714,
-0.67041,
-0.66941,
-0.66842,
-0.66742,
-0.66642,
-0.66542,
-0.66442,
-0.66342,
-0.66242,
-0.66142,
-0.66041,
-0.65941,
-0.6584,
-0.65739,
-0.65638,
-0.65537,
-0.65436,
-0.65335,
-0.65234,
-0.65132,
-0.65031,
-0.64929,
-0.64827,
-0.64726,
-0.64624,
-0.64522,
-0.6442,
-0.64317,
-0.64215,
-0.64113,
-0.6401,
-0.63908,
-0.63805,
-0.63703,
-0.636,
-0.63497,
-0.63394,
-0.63291,
-0.63188,
-0.63085,
-0.62982,
-0.62878,
-0.62775,
-0.62672,
-0.62568,
-0.62465,
-0.62361,
-0.62257,
-0.62153,
-0.6205,
-0.61946,
-0.61842,
-0.61738,
-0.61634,
-0.6153,
-0.61426,
-0.61321,
-0.61217,
-0.61113,
-0.61008,
-0.60904,
-0.608,
-0.60695,
-0.60591,
-0.60486,
-0.60381,
-0.60277,
-0.60172,
-0.60067,
-0.59962,
-0.59858,
-0.59753,
-0.59648,
-0.59543,
-0.59438,
-0.59333,
-0.59228,
-0.59123,
-0.59018,
-0.58913,
-0.58808,
-0.58703,
-0.58598,
-0.58493,
-0.58388,
-0.58283,
-0.58177,
-0.58072,
-0.57967,
-0.57862,
-0.57757,
-0.57652,
-0.57546,
-0.57441,
-0.57336,
-0.57231,
-0.57125,
-0.5702,
-0.56915,
-0.5681,
-0.56705,
-0.56599,
-0.56494,
-0.56389,
-0.56284,
-0.56179,
-0.56074,
-0.55969,
-0.55863,
-0.55758,
-0.55653,
-0.55548,
-0.55443,
-0.55338,
-0.55233,
-0.55128,
-0.55023,
-0.54918,
-0.54814,
-0.54709,
-0.54604,
-0.54499,
-0.54394,
-0.5429,
-0.54185,
-0.5408,
-0.53976,
-0.53871,
-0.53766,
-0.53662,
-0.53558,
-0.53453,
-0.53349,
-0.53244,
-0.5314,
-0.53036,
-0.52932,
-0.52828,
-0.52724,
-0.5262,
-0.52516,
-0.52412,
-0.52308,
-0.52204,
-0.521,
-0.51997,
-0.51893,
-0.5179,
-0.51686,
-0.51583,
-0.51479,
-0.51376,
-0.51273,
-0.5117,
-0.51067,
-0.50964,
-0.50861,
-0.50758,
-0.50655,
-0.50553,
-0.5045,
-0.50347,
-0.50245,
-0.50143,
-0.5004,
-0.49938,
-0.49836,
-0.49734,
-0.49632,
-0.4953,
-0.49429,
-0.49327,
-0.49225,
-0.49124,
-0.49022,
-0.48921,
-0.4882,
-0.48719,
-0.48618,
-0.48517,
-0.48416,
-0.48316,
-0.48215,
-0.48114,
-0.48014,
-0.47914,
-0.47814,
-0.47714,
-0.47614,
-0.47514,
-0.47414,
-0.47314,
-0.47215,
-0.47116,
-0.47016,
-0.46917,
-0.46818,
-0.46719,
-0.46621,
-0.46522,
-0.46423,
-0.46325,
-0.46227,
-0.46128,
-0.4603,
-0.45933,
-0.45835,
-0.45737,
-0.4564,
-0.45542,
-0.45445,
-0.45348,
-0.45251,
-0.45154,
-0.45057,
-0.44961,
-0.44864,
-0.44768,
-0.44672,
-0.44576,
-0.4448,
-0.44384,
-0.44289,
-0.44193,
-0.44098,
-0.44003,
-0.43908,
-0.43813,
-0.43718,
-0.43624,
-0.43529,
-0.43435,
-0.43341,
-0.43247,
-0.43153,
-0.4306,
-0.42966,
-0.42873,
-0.4278,
-0.42687,
-0.42594,
-0.42502,
-0.42409,
-0.42317,
-0.42225,
-0.42133,
-0.42041,
-0.41949,
-0.41858,
-0.41766,
-0.41675,
-0.41584,
-0.41493,
-0.41403,
-0.41312,
-0.41222,
-0.41132,
-0.41042,
-0.40952,
-0.40863,
-0.40773,
-0.40684,
-0.40595,
-0.40506,
-0.40418,
-0.40329,
-0.40241,
-0.40153,
-0.40065,
-0.39977,
-0.3989,
-0.39802,
-0.39715,
-0.39628,
-0.39541,
-0.39455,
-0.39368,
-0.39282,
-0.39196,
-0.3911,
-0.39025,
-0.38939,
-0.38854,
-0.38769,
-0.38684,
-0.38599,
-0.38515,
-0.38431,
-0.38347,
-0.38263,
-0.38179,
-0.38096,
-0.38012,
-0.37929,
-0.37847,
-0.37764,
-0.37681,
-0.37599,
-0.37517,
-0.37435,
-0.37354,
-0.37273,
-0.37191,
-0.3711,
-0.3703,
-0.36949,
-0.36869,
-0.36789,
-0.36709,
-0.36629,
-0.3655,
-0.3647,
-0.36391,
-0.36313,
-0.36234,
-0.36156,
-0.36077,
-0.35999,
-0.35922,
-0.35844,
-0.35767,
-0.3569,
-0.35613,
-0.35536,
-0.3546,
-0.35384,
-0.35308,
-0.35232,
-0.35157,
-0.35081,
-0.35006,
-0.34932,
-0.34857,
-0.34783,
-0.34708,
-0.34635,
-0.34561,
-0.34487,
-0.34414,
-0.34341,
-0.34269,
-0.34196,
-0.34124,
-0.34052,
-0.3398,
-0.33908,
-0.33837,
-0.33766,
-0.33695,
-0.33624,
-0.33554,
-0.33484,
-0.33414,
-0.33344,
-0.33275,
-0.33205,
-0.33136,
-0.33068,
-0.32999,
-0.32931,
-0.32863,
-0.32795,
-0.32727,
-0.3266,
-0.32593,
-0.32526,
-0.3246,
-0.32393,
-0.32327,
-0.32261,
-0.32196,
-0.3213,
-0.32065,
-0.32,
-0.31936,
-0.31871,
-0.31807,
-0.31743,
-0.31679,
-0.31616,
-0.31553,
-0.3149,
-0.31427,
-0.31365,
-0.31303,
-0.31241,
-0.31179,
-0.31118,
-0.31056,
-0.30995,
-0.30935,
-0.30874,
-0.30814,
-0.30754,
-0.30694,
-0.30635,
-0.30576,
-0.30517,
-0.30458,
-0.304,
-0.30341,
-0.30284,
-0.30226,
-0.30168,
-0.30111,
-0.30054,
-0.29998,
-0.29941,
-0.29885,
-0.29829,
-0.29773,
-0.29718,
-0.29663,
-0.29608,
-0.29553,
-0.29499,
-0.29444,
-0.29391,
-0.29337,
-0.29283,
-0.2923,
-0.29177,
-0.29125,
-0.29072,
-0.2902,
-0.28968,
-0.28917,
-0.28865,
-0.28814,
-0.28763,
-0.28713,
-0.28662,
-0.28612,
-0.28562,
-0.28513,
-0.28463,
-0.28414,
-0.28365,
-0.28317,
-0.28268,
-0.2822,
-0.28172,
-0.28125,
-0.28077,
-0.2803,
-0.27984,
-0.27937,
-0.27891,
-0.27845,
-0.27799,
-0.27753,
-0.27708,
-0.27663,
-0.27618,
-0.27573,
-0.27529,
-0.27485,
-0.27441,
-0.27398,
-0.27354,
-0.27311,
-0.27269,
-0.27226,
-0.27184,
-0.27142,
-0.271,
-0.27058,
-0.27017,
-0.26976,
-0.26935,
-0.26895,
-0.26854,
-0.26814,
-0.26775,
-0.26735,
-0.26696,
-0.26657,
-0.26618,
-0.26579,
-0.26541,
-0.26503,
-0.26465,
-0.26428,
-0.2639,
-0.26353,
-0.26317,
-0.2628,
-0.26244,
-0.26208,
-0.26172,
-0.26136,
-0.26101,
-0.26066,
-0.26031,
-0.25996,
-0.25962,
-0.25928,
-0.25894,
-0.2586,
-0.25827,
-0.25794,
-0.25761,
-0.25728,
-0.25696,
-0.25664,
-0.25632,
-0.256,
-0.25569,
-0.25538,
-0.25507,
-0.25476,
-0.25445,
-0.25415,
-0.25385,
-0.25355,
-0.25326,
-0.25296,
-0.25267,
-0.25239,
-0.2521,
-0.25182,
-0.25153,
-0.25126,
-0.25098,
-0.25071,
-0.25043,
-0.25016,
-0.2499,
-0.24963,
-0.24937,
-0.24911,
-0.24885,
-0.2486,
-0.24834,
-0.24809,
-0.24784,
-0.2476,
-0.24735,
-0.24711,
-0.24687,
-0.24663,
-0.2464,
-0.24616,
-0.24593,
-0.2457,
-0.24548,
-0.24525,
-0.24503,
-0.24481,
-0.2446,
-0.24438,
-0.24417,
-0.24396,
-0.24375,
-0.24354,
-0.24334,
-0.24314,
-0.24294,
-0.24274,
-0.24254,
-0.24235,
-0.24216,
-0.24197,
-0.24178,
-0.2416,
-0.24142,
-0.24124,
-0.24106,
-0.24088,
-0.24071,
-0.24054,
-0.24037,
-0.2402,
-0.24003,
-0.23987,
-0.23971,
-0.23955,
-0.23939,
-0.23923,
-0.23908,
-0.23893,
-0.23878,
-0.23863,
-0.23849,
-0.23834,
-0.2382,
-0.23806,
-0.23793,
-0.23779,
-0.23766,
-0.23753,
-0.2374,
-0.23727,
-0.23714,
-0.23702,
-0.2369,
-0.23678,
-0.23666,
-0.23654,
-0.23643,
-0.23632,
-0.23621,
-0.2361,
-0.23599,
-0.23589,
-0.23579,
-0.23569,
-0.23559,
-0.23549,
-0.23539,
-0.2353,
-0.23521,
-0.23512,
-0.23503,
-0.23495,
-0.23486,
-0.23478,
-0.2347,
-0.23462,
-0.23454,
-0.23447,
-0.23439,
-0.23432,
-0.23425,
-0.23418,
-0.23411,
-0.23405,
-0.23398,
-0.23392,
-0.23386,
-0.2338,
-0.23375,
-0.23369,
-0.23364,
-0.23359,
-0.23354,
-0.23349,
-0.23344,
-0.2334,
-0.23335,
-0.23331,
-0.23327,
-0.23323,
-0.23319,
-0.23316,
-0.23312,
-0.23309,
-0.23306,
-0.23303,
-0.233,
-0.23297,
-0.23295,
-0.23293,
-0.2329,
-0.23288,
-0.23286,
-0.23285,
-0.23283,
-0.23282,
-0.2328,
-0.23279,
-0.23278,
-0.23277,
-0.23276,
-0.23276,
-0.23275,
-0.23275,
-0.23275,
-0.23275,
-0.23275,
-0.23275,
-0.23275,
-0.23276,
-0.23276,
-0.23277,
-0.23278,
-0.23279,
-0.2328,
-0.23281,
-0.23283,
-0.23284,
-0.23286,
-0.23288,
-0.23289,
-0.23291,
-0.23294,
-0.23296,
-0.23298,
-0.23301,
-0.23303,
-0.23306,
-0.23309,
-0.23312,
-0.23315,
-0.23318,
-0.23321,
-0.23325,
-0.23328,
-0.23332,
-0.23336,
-0.2334,
-0.23344,
-0.23348,
-0.23352,
-0.23356,
-0.23361,
-0.23365,
-0.2337,
-0.23374,
-0.23379,
-0.23384,
-0.23389,
-0.23394,
-0.234,
-0.23405,
-0.2341,
-0.23416,
-0.23421,
-0.23427,
-0.23433,
-0.23439,
-0.23445,
-0.23451,
-0.23457,
-0.23463,
-0.2347,
-0.23476,
-0.23483,
-0.23489,
-0.23496,
-0.23503,
-0.23509,
-0.23516,
-0.23523,
-0.23531,
-0.23538,
-0.23545,
-0.23552,
-0.2356,
-0.23567,
-0.23575,
-0.23582,
-0.2359,
-0.23598,
-0.23606,
-0.23614,
-0.23622,
-0.2363,
-0.23638,
-0.23646,
-0.23655,
-0.23663,
-0.23671,
-0.2368,
-0.23688,
-0.23697,
-0.23706,
-0.23714,
-0.23723,
-0.23732,
-0.23741,
-0.2375,
-0.23759,
-0.23768,
-0.23777,
-0.23787,
-0.23796,
-0.23805,
-0.23815,
-0.23824,
-0.23833,
-0.23843,
-0.23853,
-0.23862,
-0.23872,
-0.23882,
-0.23891,
-0.23901,
-0.23911,
-0.23921,
-0.23931,
-0.23941,
-0.23951,
-0.23961,
-0.23971,
-0.23982,
-0.23992,
-0.24002,
-0.24012,
-0.24023,
-0.24033,
-0.24043,
-0.24054,
-0.24064,
-0.24075,
-0.24085,
-0.24096,
-0.24107,
-0.24117,
-0.24128,
-0.24139,
-0.24149,
-0.2416,
-0.24171,
-0.24182,
-0.24193,
-0.24204,
-0.24214,
-0.24225,
-0.24236,
-0.24247,
-0.24258,
-0.24269,
-0.2428,
-0.24291,
-0.24303,
-0.24314,
-0.24325,
-0.24336,
-0.24347,
-0.24358,
-0.24369,
-0.24381,
-0.24392,
-0.24403,
-0.24414,
-0.24426,
-0.24437,
-0.24448,
-0.24459,
-0.24471,
-0.24482,
-0.24493,
-0.24505,
-0.24516,
-0.24527,
-0.24539,
-0.2455,
-0.24561,
-0.24573,
-0.24584,
-0.24595,
-0.24607,
-0.24618,
-0.2463,
-0.24641,
-0.24652,
-0.24664,
-0.24675,
-0.24686,
-0.24698,
-0.24709,
-0.2472,
-0.24732,
-0.24743,
-0.24755,
-0.24766,
-0.24777,
-0.24789,
-0.248,
-0.24811,
-0.24822,
-0.24834,
-0.24845,
-0.24856,
-0.24868,
-0.24879,
-0.2489,
-0.24901,
-0.24913,
-0.24924,
-0.24935,
-0.24946,
-0.24957,
-0.24968,
-0.2498,
-0.24991,
-0.25002,
-0.25013,
-0.25024,
-0.25035,
-0.25046,
-0.25057,
-0.25068,
-0.25079,
-0.2509,
-0.25101,
-0.25112,
-0.25123,
-0.25133,
-0.25144,
-0.25155,
-0.25166,
-0.25177,
-0.25187,
-0.25198,
-0.25209,
-0.25219,
-0.2523,
-0.25241,
-0.25251,
-0.25262,
-0.25272,
-0.25283,
-0.25293,
-0.25304,
-0.25314,
-0.25325,
-0.25335,
-0.25345,
-0.25355,
-0.25366,
-0.25376,
-0.25386,
-0.25396,
-0.25406,
-0.25416,
-0.25427,
-0.25437,
-0.25447,
-0.25456,
-0.25466,
-0.25476,
-0.25486,
-0.25496,
-0.25506,
-0.25515,
-0.25525,
-0.25535,
-0.25544,
-0.25554,
-0.25563,
-0.25573,
-0.25582,
-0.25592,
-0.25601,
-0.2561,
-0.2562,
-0.25629,
-0.25638,
-0.25647,
-0.25656,
-0.25666,
-0.25675,
-0.25684,
-0.25693,
-0.25701,
-0.2571,
-0.25719,
-0.25728,
-0.25737,
-0.25745,
-0.25754,
-0.25763,
-0.25771,
-0.2578,
-0.25788,
-0.25796,
-0.25805,
-0.25813,
-0.25821,
-0.2583,
-0.25838,
-0.25846,
-0.25854,
-0.25862,
-0.2587,
-0.25878,
-0.25886,
-0.25893,
-0.25901,
-0.25909,
-0.25917,
-0.25924,
-0.25932,
-0.25939,
-0.25947,
-0.25954,
-0.25962,
-0.25969,
-0.25976,
-0.25983,
-0.25991,
-0.25998,
-0.26005,
-0.26012,
-0.26019,
-0.26026,
-0.26032,
-0.26039,
-0.26046,
-0.26053,
-0.26059,
-0.26066,
-0.26072,
-0.26079,
-0.26085,
-0.26092,
-0.26098,
-0.26104,
-0.2611,
-0.26116,
-0.26123,
-0.26129,
-0.26135,
-0.26141,
-0.26146,
-0.26152,
-0.26158,
-0.26164,
-0.26169,
-0.26175,
-0.2618,
-0.26186,
-0.26191,
-0.26197,
-0.26202,
-0.26207,
-0.26212,
-0.26218,
-0.26223,
-0.26228,
-0.26233,
-0.26237,
-0.26242,
-0.26247,
-0.26252,
-0.26257,
-0.26261,
-0.26266,
-0.2627,
-0.26275,
-0.26279,
-0.26283,
-0.26288,
-0.26292,
-0.26296,
-0.263,
-0.26304,
-0.26308,
-0.26312,
-0.26316,
-0.2632,
-0.26324,
-0.26327,
-0.26331,
-0.26335,
-0.26338,
-0.26342,
-0.26345,
-0.26348,
-0.26352,
-0.26355,
-0.26358,
-0.26361,
-0.26364,
-0.26367,
-0.2637,
-0.26373,
-0.26376,
-0.26379,
-0.26382,
-0.26384,
-0.26387,
-0.26389,
-0.26392,
-0.26394,
-0.26397,
-0.26399,
-0.26401,
-0.26404,
-0.26406,
-0.26408,
-0.2641,
-0.26412,
-0.26414,
-0.26416,
-0.26418,
-0.26419,
-0.26421,
-0.26423,
-0.26424,
-0.26426,
-0.26427,
-0.26429,
-0.2643,
-0.26431,
-0.26433,
-0.26434,
-0.26435,
-0.26436,
-0.26437,
-0.26438,
-0.26439,
-0.2644,
-0.26441,
-0.26442,
-0.26442,
-0.26443,
-0.26444,
-0.26444,
-0.26445,
-0.26445,
-0.26446,
-0.26446,
-0.26446,
-0.26446,
-0.26447,
-0.26447,
-0.26447,
-0.26447,
-0.26447,
-0.26447,
-0.26447,
-0.26447,
-0.26446,
-0.26446,
-0.26446,
-0.26445,
-0.26445,
-0.26444,
-0.26444,
-0.26443,
-0.26443,
-0.26442,
-0.26441,
-0.2644,
-0.2644,
-0.26439,
-0.26438,
-0.26437,
-0.26436,
-0.26435,
-0.26434,
-0.26432,
-0.26431,
-0.2643,
-0.26429,
-0.26427,
-0.26426,
-0.26424,
-0.26423,
-0.26421,
-0.2642,
-0.26418,
-0.26416,
-0.26415,
-0.26413,
-0.26411,
-0.26409,
-0.26407,
-0.26405,
-0.26403,
-0.26401,
-0.26399,
-0.26397,
-0.26395,
-0.26392,
-0.2639,
-0.26388,
-0.26385,
-0.26383,
-0.26381,
-0.26378,
-0.26376,
-0.26373,
-0.2637,
-0.26368,
-0.26365,
-0.26362,
-0.2636,
-0.26357,
-0.26354,
-0.26351,
-0.26348,
-0.26345,
-0.26342,
-0.26339,
-0.26336,
-0.26333,
-0.2633,
-0.26326,
-0.26323,
-0.2632,
-0.26317,
-0.26313,
-0.2631,
-0.26306,
-0.26303,
-0.26299,
-0.26296,
-0.26292,
-0.26289,
-0.26285,
-0.26281,
-0.26278,
-0.26274,
-0.2627,
-0.26266,
-0.26262,
-0.26258,
-0.26255,
-0.26251,
-0.26247,
-0.26243,
-0.26239,
-0.26234,
-0.2623,
-0.26226,
-0.26222,
-0.26218,
-0.26214,
-0.26209,
-0.26205,
-0.26201,
-0.26196,
-0.26192,
-0.26188,
-0.26183,
-0.26179,
-0.26174,
-0.2617,
-0.26165,
-0.26161,
-0.26156,
-0.26151,
-0.26147,
-0.26142,
-0.26137,
-0.26133,
-0.26128,
-0.26123,
-0.26118,
-0.26113,
-0.26109,
-0.26104,
-0.26099,
-0.26094,
-0.26089,
-0.26084,
-0.26079,
-0.26074,
-0.26069,
-0.26064,
-0.26059,
-0.26054,
-0.26049,
-0.26043,
-0.26038,
-0.26033,
-0.26028,
-0.26023,
-0.26018,
-0.26012,
-0.26007,
-0.26002,
-0.25996,
-0.25991,
-0.25986,
-0.2598,
-0.25975,
-0.2597,
-0.25964,
-0.25959,
-0.25953,
-0.25948,
-0.25942,
-0.25937,
-0.25931,
-0.25926,
-0.2592,
-0.25915,
-0.25909,
-0.25904,
-0.25898,
-0.25893,
-0.25887,
-0.25881,
-0.25876,
-0.2587,
-0.25865,
-0.25859,
-0.25853,
-0.25848,
-0.25842,
-0.25836,
-0.2583,
-0.25825,
-0.25819,
-0.25813,
-0.25808,
-0.25802,
-0.25796,
-0.2579,
-0.25785,
-0.25779,
-0.25773,
-0.25767,
-0.25761,
-0.25756,
-0.2575,
-0.25744,
-0.25738,
-0.25732,
-0.25727,
-0.25721,
-0.25715,
-0.25709,
-0.25703,
-0.25697,
-0.25692,
-0.25686,
-0.2568,
-0.25674,
-0.25668,
-0.25662,
-0.25656,
-0.25651,
-0.25645,
-0.25639,
-0.25633,
-0.25627,
-0.25621,
-0.25615,
-0.2561,
-0.25604,
-0.25598,
-0.25592,
-0.25586,
-0.2558,
-0.25575,
-0.25569,
-0.25563,
-0.25557,
-0.25551,
-0.25545,
-0.2554,
-0.25534,
-0.25528,
-0.25522,
-0.25516,
-0.25511,
-0.25505,
-0.25499,
-0.25493,
-0.25487,
-0.25482,
-0.25476,
-0.2547,
-0.25464,
-0.25459,
-0.25453,
-0.25447,
-0.25441,
-0.25436,
-0.2543,
-0.25424,
-0.25419,
-0.25413,
-0.25407,
-0.25402,
-0.25396,
-0.2539,
-0.25385,
-0.25379,
-0.25374,
-0.25368,
-0.25362,
-0.25357,
-0.25351,
-0.25346,
-0.2534,
-0.25335,
-0.25329,
-0.25324,
-0.25318,
-0.25313,
-0.25307,
-0.25302,
-0.25296,
-0.25291,
-0.25285,
-0.2528,
-0.25275,
-0.25269,
-0.25264,
-0.25259,
-0.25253,
-0.25248,
-0.25243,
-0.25237,
-0.25232,
-0.25227,
-0.25222,
-0.25216,
-0.25211,
-0.25206,
-0.25201,
-0.25196,
-0.25191,
-0.25185,
-0.2518,
-0.25175,
-0.2517,
-0.25165,
-0.2516,
-0.25155,
-0.2515,
-0.25145,
-0.2514,
-0.25135,
-0.2513,
-0.25125,
-0.25121,
-0.25116,
-0.25111,
-0.25106,
-0.25101,
-0.25096,
-0.25092,
-0.25087,
-0.25082,
-0.25078,
-0.25073,
-0.25068,
-0.25064,
-0.25059,
-0.25054,
-0.2505,
-0.25045,
-0.25041,
-0.25036,
-0.25032,
-0.25027,
-0.25023,
-0.25018,
-0.25014,
-0.2501,
-0.25005,
-0.25001,
-0.24996,
-0.24992,
-0.24988,
-0.24984,
-0.24979,
-0.24975,
-0.24971,
-0.24967,
-0.24963,
-0.24959,
-0.24955,
-0.24951,
-0.24946,
-0.24942,
-0.24938,
-0.24935,
-0.24931,
-0.24927,
-0.24923,
-0.24919,
-0.24915,
-0.24911,
-0.24907,
-0.24904,
-0.249,
-0.24896,
-0.24892,
-0.24889,
-0.24885,
-0.24881,
-0.24878,
-0.24874,
-0.24871,
-0.24867,
-0.24864,
-0.2486,
-0.24857,
-0.24853,
-0.2485,
-0.24846,
-0.24843,
-0.2484,
-0.24836,
-0.24833,
-0.2483,
-0.24827,
-0.24823,
-0.2482,
-0.24817,
-0.24814,
-0.24811,
-0.24808,
-0.24805,
-0.24802,
-0.24799,
-0.24796,
-0.24793,
-0.2479,
-0.24787,
-0.24784,
-0.24781,
-0.24778,
-0.24776,
-0.24773,
-0.2477,
-0.24767,
-0.24765,
-0.24762,
-0.24759,
-0.24757,
-0.24754,
-0.24751,
-0.24749,
-0.24746,
-0.24744,
-0.24741,
-0.24739,
-0.24736,
-0.24734,
-0.24732,
-0.24729,
-0.24727,
-0.24725,
-0.24722,
-0.2472,
-0.24718,
-0.24716,
-0.24713,
-0.24711,
-0.24709,
-0.24707,
-0.24705,
-0.24703,
-0.24701,
-0.24699,
-0.24697,
-0.24695,
-0.24693,
-0.24691,
-0.24689,
-0.24687,
-0.24685,
-0.24683,
-0.24682,
-0.2468,
-0.24678,
-0.24676,
-0.24675,
-0.24673,
-0.24671,
-0.2467,
-0.24668,
-0.24666,
-0.24665,
-0.24663,
-0.24662,
-0.2466,
-0.24659,
-0.24657,
-0.24656,
-0.24654,
-0.24653,
-0.24651,
-0.2465,
-0.24649,
-0.24647,
-0.24646,
-0.24645,
-0.24644,
-0.24642,
-0.24641,
-0.2464,
-0.24639,
-0.24638,
-0.24636,
-0.24635,
-0.24634,
-0.24633,
-0.24632,
-0.24631,
-0.2463,
-0.24629,
-0.24628,
-0.24627,
-0.24626,
-0.24625,
-0.24624,
-0.24623,
-0.24622,
-0.24622,
-0.24621,
-0.2462,
-0.24619,
-0.24618,
-0.24617,
-0.24617,
-0.24616,
-0.24615,
-0.24615,
-0.24614,
-0.24613,
-0.24613,
-0.24612,
-0.24611,
-0.24611,
-0.2461,
-0.24609,
-0.24609,
-0.24608,
-0.24608,
-0.24607,
-0.24607,
-0.24606,
-0.24606,
-0.24605,
-0.24605,
-0.24604,
-0.24604,
-0.24604,
-0.24603,
-0.24603,
-0.24602,
-0.24602,
-0.24602,
-0.24601,
-0.24601,
-0.24601,
-0.246,
-0.246,
-0.246,
-0.246,
-0.24599,
-0.24599,
-0.24599,
-0.24599,
-0.24598,
-0.24598,
-0.24598,
-0.24598,
-0.24598,
-0.24597,
-0.24597,
-0.24597,
-0.24597,
-0.24597,
-0.24597,
-0.24596,
-0.24596,
-0.24596,
-0.24596,
-0.24596,
-0.24596,
-0.24596,
-0.24596,
-0.24596,
-0.24596,
-0.24596,
-0.24596,
-0.24596,
-0.24595,
-0.24595,
-0.24595,
-0.24595,
-0.24595,
-0.24595,
-0.24595,
-0.24595,
-0.24595,
-0.24595,
-0.24595,
-0.24595,
-0.24595,
-0.24595,
-0.24595,
-0.24595,
-0.24595,
-0.24595,
-0.24595,
-0.24595,
-0.24595,
-0.24596,
-0.24596,
-0.24596,
-0.24596,
-0.24596,
-0.24596,
-0.24596,
-0.24596,
-0.24596,
-0.24596,
-0.24596,
-0.24596,
-0.24596,
-0.24596,
-0.24596,
-0.24596,
-0.24596,
-0.24596,
-0.24596,
-0.24596,
-0.24596,
-0.24596,
-0.24596,
-0.24596,
-0.24596,
-0.24596,
-0.24596,
-0.24596,
-0.24596,
-0.24596,
-0.24596,
-0.24596,
-0.24596,
-0.24596,
-0.24596,
-0.24596,
-0.24596,
-0.24596,
-0.24596,
-0.24596,
-0.24595,
-0.24595,
-0.24595,
-0.24595,
-0.24595,
-0.24595,
-0.24595,
-0.24595,
-0.24595,
-0.24594,
-0.24594,
-0.24594,
-0.24594,
-0.24594,
-0.24594,
-0.24594,
-0.24593,
-0.24593,
-0.24593,
-0.24593,
-0.24593,
-0.24592,
-0.24592,
-0.24592,
-0.24592,
-0.24591,
-0.24591,
-0.24591,
-0.2459,
-0.2459,
-0.2459,
-0.24589,
-0.24589,
-0.24589,
-0.24588,
-0.24588,
-0.24588,
-0.24587,
-0.24587,
-0.24586,
-0.24586,
-0.24586,
-0.24585,
-0.24585,
-0.24584,
-0.24584,
-0.24583,
-0.24583,
-0.24582,
-0.24582,
-0.24581,
-0.24581,
-0.2458,
-0.2458,
-0.24579,
-0.24578,
-0.24578,
-0.24577,
-0.24577,
-0.24576,
-0.24575,
-0.24575,
-0.24574,
-0.24573,
-0.24572,
-0.24572,
-0.24571,
-0.2457,
-0.24569,
-0.24569,
-0.24568,
-0.24567,
-0.24566,
-0.24565,
-0.24565,
-0.24564,
-0.24563,
-0.24562,
-0.24561,
-0.2456,
-0.24559,
-0.24558,
-0.24557,
-0.24556,
-0.24555,
-0.24554,
-0.24553,
-0.24552,
-0.24551,
-0.2455,
-0.24549,
-0.24548,
-0.24547,
-0.24546,
-0.24545,
-0.24544,
-0.24543,
-0.24541,
-0.2454,
-0.24539,
-0.24538,
-0.24537,
-0.24535,
-0.24534,
-0.24533,
-0.24532,
-0.2453,
-0.24529,
-0.24528,
-0.24526,
-0.24525,
-0.24524,
-0.24522,
-0.24521,
-0.2452,
-0.24518,
-0.24517,
-0.24515,
-0.24514,
-0.24512,
-0.24511,
-0.24509,
-0.24508,
-0.24506,
-0.24505,
-0.24503,
-0.24502,
-0.245,
-0.24499,
-0.24497,
-0.24495,
-0.24494,
-0.24492,
-0.24491,
-0.24489,
-0.24487,
-0.24486,
-0.24484,
-0.24482,
-0.2448,
-0.24479,
-0.24477,
-0.24475,
-0.24473,
-0.24472,
-0.2447,
-0.24468,
-0.24466,
-0.24464,
-0.24463,
-0.24461,
-0.24459,
-0.24457,
-0.24455,
-0.24453,
-0.24451,
-0.2445,
-0.24448,
-0.24446,
-0.24444,
-0.24442,
-0.2444,
-0.24438,
-0.24436,
-0.24434,
-0.24432,
-0.2443,
-0.24428,
-0.24426,
-0.24424,
-0.24422,
-0.2442,
-0.24418,
-0.24416,
-0.24414,
-0.24412,
-0.24409,
-0.24407,
-0.24405,
-0.24403,
-0.24401,
-0.24399,
-0.24397,
-0.24395,
-0.24393,
-0.2439,
-0.24388,
-0.24386,
-0.24384,
-0.24382,
-0.2438,
-0.24377,
-0.24375,
-0.24373,
-0.24371,
-0.24369,
-0.24366,
-0.24364,
-0.24362,
-0.2436,
-0.24358,
-0.24355,
-0.24353,
-0.24351,
-0.24349,
-0.24347,
-0.24344,
-0.24342,
-0.2434,
-0.24338,
-0.24335,
-0.24333,
-0.24331,
-0.24329,
-0.24326,
-0.24324,
-0.24322,
-0.2432,
-0.24317,
-0.24315,
-0.24313,
-0.24311,
-0.24308,
-0.24306,
-0.24304,
-0.24302,
-0.243,
-0.24297,
-0.24295,
-0.24293,
-0.24291,
-0.24288,
-0.24286,
-0.24284,
-0.24282,
-0.2428,
-0.24277,
-0.24275,
-0.24273,
-0.24271,
-0.24269,
-0.24266,
-0.24264,
-0.24262,
-0.2426,
-0.24258,
-0.24256,
-0.24253,
-0.24251,
-0.24249,
-0.24247,
-0.24245,
-0.24243,
-0.24241,
-0.24239,
-0.24237,
-0.24235,
-0.24233,
-0.24231,
-0.24229,
-0.24227,
-0.24225,
-0.24223,
-0.24221,
-0.24219,
-0.24217,
-0.24215,
-0.24213,
-0.24211,
-0.24209,
-0.24207,
-0.24205,
-0.24203,
-0.24201,
-0.242,
-0.24198,
-0.24196,
-0.24194,
-0.24192,
-0.24191,
-0.24189,
-0.24187,
-0.24185,
-0.24184,
-0.24182,
-0.2418,
-0.24179,
-0.24177,
-0.24175,
-0.24174,
-0.24172,
-0.24171,
-0.24169,
-0.24168,
-0.24166,
-0.24165,
-0.24163,
-0.24162,
-0.2416,
-0.24159,
-0.24158,
-0.24156,
-0.24155,
-0.24154,
-0.24152,
-0.24151,
-0.2415,
-0.24149,
-0.24147,
-0.24146,
-0.24145,
-0.24144,
-0.24143,
-0.24142,
-0.24141,
-0.2414,
-0.24139,
-0.24138,
-0.24137,
-0.24136,
-0.24135,
-0.24134,
-0.24134,
-0.24133,
-0.24132,
-0.24131,
-0.24131,
-0.2413,
-0.24129,
-0.24129,
-0.24128,
-0.24128,
-0.24127,
-0.24127,
-0.24126,
-0.24126,
-0.24125,
-0.24125,
-0.24125,
-0.24124,
-0.24124,
-0.24124,
-0.24124,
-0.24124,
-0.24123,
-0.24123,
-0.24123,
-0.24123,
-0.24123,
-0.24123,
-0.24124,
-0.24124,
-0.24124,
-0.24124,
-0.24124,
-0.24125,
-0.24125,
-0.24125,
-0.24126,
-0.24126,
-0.24127,
-0.24127,
-0.24128,
-0.24128,
-0.24129,
-0.2413,
-0.2413,
-0.24131,
-0.24132,
-0.24133,
-0.24134,
-0.24135,
-0.24136,
-0.24137,
-0.24138,
-0.24139,
-0.2414,
-0.24141,
-0.24143,
-0.24144,
-0.24145,
-0.24147,
-0.24148,
-0.2415,
-0.24151,
-0.24153,
-0.24154,
-0.24156,
-0.24158,
-0.24159,
-0.24161,
-0.24163,
-0.24165,
-0.24167,
-0.24169,
-0.24171,
-0.24173,
-0.24175,
-0.24178,
-0.2418,
-0.24182,
-0.24184,
-0.24187,
-0.24189,
-0.24192,
-0.24194,
-0.24197,
-0.242,
-0.24202,
-0.24205,
-0.24208,
-0.24211,
-0.24214,
-0.24217,
-0.2422,
-0.24223,
-0.24226,
-0.24229,
-0.24233,
-0.24236,
-0.24239,
-0.24243,
-0.24246,
-0.2425,
-0.24253,
-0.24257,
-0.24261,
-0.24265,
-0.24269,
-0.24272,
-0.24276,
-0.2428,
-0.24284,
-0.24289,
-0.24293,
-0.24297,
-0.24301,
-0.24306,
-0.2431,
-0.24315,
-0.24319,
-0.24324,
-0.24328,
-0.24333,
-0.24338,
-0.24343,
-0.24348,
-0.24353,
-0.24358,
-0.24363,
-0.24368,
-0.24373,
-0.24379,
-0.24384,
-0.24389,
-0.24395,
-0.244,
-0.24406,
-0.24412,
-0.24417,
-0.24423,
-0.24429,
-0.24435,
-0.24441,
-0.24447,
-0.24453,
-0.24459,
-0.24466,
-0.24472,
-0.24478,
-0.24485,
-0.24491,
-0.24498,
-0.24504,
-0.24511,
-0.24518,
-0.24525,
-0.24532,
-0.24539,
-0.24546,
-0.24553,
-0.2456,
-0.24567,
-0.24575,
-0.24582,
-0.24589,
-0.24597,
-0.24605,
-0.24612,
-0.2462,
-0.24628,
-0.24636,
-0.24643,
-0.24651,
-0.2466,
-0.24668,
-0.24676,
-0.24684,
-0.24693,
-0.24701,
-0.24709,
-0.24718,
-0.24727,
-0.24735,
-0.24744,
-0.24753,
-0.24762,
-0.24771,
-0.2478,
-0.24789,
-0.24798,
-0.24807,
-0.24817,
-0.24826,
-0.24835,
-0.24845,
-0.24855,
-0.24864,
-0.24874,
-0.24884,
-0.24894,
-0.24904,
-0.24914,
-0.24924,
-0.24934,
-0.24944,
-0.24954,
-0.24965,
-0.24975,
-0.24986,
-0.24996,
-0.25007,
-0.25018,
-0.25029,
-0.25039,
-0.2505,
-0.25061,
-0.25072,
-0.25084,
-0.25095,
-0.25106,
-0.25117,
-0.25129,
-0.2514,
-0.25152,
-0.25164,
-0.25175,
-0.25187,
-0.25199,
-0.25211,
-0.25223,
-0.25235,
-0.25247,
-0.25259,
-0.25271,
-0.25284,
-0.25296,
-0.25309,
-0.25321,
-0.25334,
-0.25346,
-0.25359,
-0.25372,
-0.25385,
-0.25398,
-0.25411,
-0.25424,
-0.25437,
-0.2545,
-0.25464,
-0.25477,
-0.25491,
-0.25504,
-0.25518,
-0.25531,
-0.25545,
-0.25559,
-0.25573,
-0.25586,
-0.256,
-0.25614,
-0.25629,
-0.25643,
-0.25657,
-0.25671,
-0.25686,
-0.257,
-0.25715,
-0.25729,
-0.25744,
-0.25759,
-0.25773,
-0.25788,
-0.25803,
-0.25818,
-0.25833,
-0.25848,
-0.25863,
-0.25878,
-0.25894,
-0.25909,
-0.25924,
-0.2594,
-0.25955,
-0.25971,
-0.25987,
-0.26002,
-0.26018,
-0.26034,
-0.2605,
-0.26066,
-0.26082,
-0.26098,
-0.26114,
-0.2613,
-0.26146,
-0.26163,
-0.26179,
-0.26196,
-0.26212,
-0.26229,
-0.26245,
-0.26262,
-0.26279,
-0.26295,
-0.26312,
-0.26329,
-0.26346,
-0.26363,
-0.2638,
-0.26397,
-0.26414,
-0.26431,
-0.26449,
-0.26466,
-0.26483,
-0.26501,
-0.26518,
-0.26536,
-0.26553,
-0.26571,
-0.26589,
-0.26606,
-0.26624,
-0.26642,
-0.2666,
-0.26678,
-0.26696,
-0.26714,
-0.26732,
-0.2675,
-0.26768,
-0.26786,
-0.26805,
-0.26823,
-0.26841,
-0.2686,
-0.26878,
-0.26896,
-0.26915,
-0.26934,
-0.26952,
-0.26971,
-0.26989,
-0.27008,
-0.27027,
-0.27046,
-0.27065,
-0.27084,
-0.27102,
-0.27121,
-0.2714,
-0.27159,
-0.27179,
-0.27198,
-0.27217,
-0.27236,
-0.27255,
-0.27274,
-0.27294,
-0.27313,
-0.27332,
-0.27352,
-0.27371,
-0.27391,
-0.2741,
-0.2743,
-0.27449,
-0.27469,
-0.27488,
-0.27508,
-0.27528,
-0.27547,
-0.27567,
-0.27587,
-0.27606,
-0.27626,
-0.27646,
-0.27666,
-0.27686,
-0.27706,
-0.27726,
-0.27745,
-0.27765,
-0.27785,
-0.27805,
-0.27825,
-0.27845,
-0.27865,
-0.27885,
-0.27905,
-0.27926,
-0.27946,
-0.27966,
-0.27986,
-0.28006,
-0.28026,
-0.28046,
-0.28066,
-0.28087,
-0.28107,
-0.28127,
-0.28147,
-0.28167,
-0.28188,
-0.28208,
-0.28228,
-0.28248,
-0.28269,
-0.28289,
-0.28309,
-0.28329,
-0.2835,
-0.2837,
-0.2839,
-0.2841,
-0.28431,
-0.28451,
-0.28471,
-0.28492,
-0.28512,
-0.28532,
-0.28552,
-0.28572,
-0.28593,
-0.28613,
-0.28633,
-0.28653,
-0.28673,
-0.28694,
-0.28714,
-0.28734,
-0.28754,
-0.28774,
-0.28794,
-0.28814,
-0.28835,
-0.28855,
-0.28875,
-0.28895,
-0.28915,
-0.28935,
-0.28955,
-0.28975,
-0.28995,
-0.29014,
-0.29034,
-0.29054,
-0.29074,
-0.29094,
-0.29114,
-0.29133,
-0.29153,
-0.29173,
-0.29192,
-0.29212,
-0.29232,
-0.29251,
-0.29271,
-0.2929,
-0.2931,
-0.29329,
-0.29349,
-0.29368,
-0.29387,
-0.29406,
-0.29426,
-0.29445,
-0.29464,
-0.29483,
-0.29502,
-0.29521,
-0.2954,
-0.29559,
-0.29578,
-0.29597,
-0.29616,
-0.29634,
-0.29653,
-0.29672,
-0.2969,
-0.29709,
-0.29727,
-0.29746,
-0.29764,
-0.29782,
-0.29801,
-0.29819,
-0.29837,
-0.29855,
-0.29873,
-0.29891,
-0.29909,
-0.29926,
-0.29944,
-0.29962,
-0.2998,
-0.29997,
-0.30015,
-0.30032,
-0.30049,
-0.30066,
-0.30084,
-0.30101,
-0.30118,
-0.30135,
-0.30152,
-0.30168,
-0.30185,
-0.30202,
-0.30218,
-0.30235,
-0.30251,
-0.30268,
-0.30284,
-0.303,
-0.30316,
-0.30332,
-0.30348,
-0.30364,
-0.30379,
-0.30395,
-0.30411,
-0.30426,
-0.30441,
-0.30457,
-0.30472,
-0.30487,
-0.30502,
-0.30517,
-0.30531,
-0.30546,
-0.3056,
-0.30575,
-0.30589,
-0.30603,
-0.30618,
-0.30632,
-0.30646,
-0.30659,
-0.30673,
-0.30687,
-0.307,
-0.30713,
-0.30727,
-0.3074,
-0.30753,
-0.30766,
-0.30778,
-0.30791,
-0.30804,
-0.30816,
-0.30828,
-0.30841,
-0.30853,
-0.30865,
-0.30876,
-0.30888,
-0.309,
-0.30911,
-0.30922,
-0.30933,
-0.30944,
-0.30955,
-0.30966,
-0.30977,
-0.30987,
-0.30998,
-0.31008,
-0.31018,
-0.31028,
-0.31037,
-0.31047,
-0.31057,
-0.31066,
-0.31075,
-0.31084,
-0.31093,
-0.31102,
-0.31111,
-0.31119,
-0.31127,
-0.31136,
-0.31144,
-0.31151,
-0.31159,
-0.31167,
-0.31174,
-0.31181,
-0.31188,
-0.31195,
-0.31202,
-0.31209,
-0.31215,
-0.31221,
-0.31227,
-0.31233,
-0.31239,
-0.31245,
-0.3125,
-0.31255,
-0.3126,
-0.31265,
-0.3127,
-0.31275,
-0.31279,
-0.31283,
-0.31287,
-0.31291,
-0.31295,
-0.31298,
-0.31302,
-0.31305,
-0.31308,
-0.31311,
-0.31313,
-0.31316,
-0.31318,
-0.3132,
-0.31322,
-0.31323,
-0.31325,
-0.31326,
-0.31327,
-0.31328,
-0.31329,
-0.31329,
-0.31329,
-0.3133,
-0.31329,
-0.31329,
-0.31329,
-0.31328,
-0.31327,
-0.31326,
-0.31325,
-0.31323,
-0.31321,
-0.31319,
-0.31317,
-0.31315,
-0.31312,
-0.3131,
-0.31307,
-0.31304,
-0.313,
-0.31297,
-0.31293,
-0.31289,
-0.31284,
-0.3128,
-0.31275,
-0.3127,
-0.31265,
-0.3126,
-0.31254,
-0.31249,
-0.31243,
-0.31236,
-0.3123,
-0.31223,
-0.31216,
-0.31209,
-0.31202,
-0.31194,
-0.31186,
-0.31178,
-0.3117,
-0.31162,
-0.31153,
-0.31144,
-0.31135,
-0.31125,
-0.31115,
-0.31106,
-0.31095,
-0.31085,
-0.31074,
-0.31063,
-0.31052,
-0.31041,
-0.31029,
-0.31018,
-0.31005,
-0.30993,
-0.30981,
-0.30968,
-0.30955,
-0.30941,
-0.30928,
-0.30914,
-0.309,
-0.30886,
-0.30871,
-0.30856,
-0.30841,
-0.30826,
-0.3081,
-0.30795,
-0.30778,
-0.30762,
-0.30746,
-0.30729,
-0.30712,
-0.30694,
-0.30677,
-0.30659,
-0.30641,
-0.30622,
-0.30604,
-0.30585,
-0.30566,
-0.30546,
-0.30526,
-0.30507,
-0.30486,
-0.30466,
-0.30445,
-0.30424,
-0.30403,
-0.30381,
-0.30359,
-0.30337,
-0.30315,
-0.30292,
-0.3027,
-0.30246,
-0.30223,
-0.30199,
-0.30175,
-0.30151,
-0.30127,
-0.30102,
-0.30077,
-0.30051,
-0.30026,
-0.3,
-0.29974,
-0.29947,
-0.29921,
-0.29894,
-0.29866,
-0.29839,
-0.29811,
-0.29783,
-0.29755,
-0.29726,
-0.29697,
-0.29668,
-0.29638,
-0.29609,
-0.29579,
-0.29548,
-0.29518,
-0.29487,
-0.29456,
-0.29424,
-0.29393,
-0.29361,
-0.29328,
-0.29296,
-0.29263,
-0.2923,
-0.29196,
-0.29163,
-0.29129,
-0.29095,
-0.2906,
-0.29025,
-0.2899,
-0.28955,
-0.28919,
-0.28883,
-0.28847,
-0.2881,
-0.28773,
-0.28736,
-0.28699,
-0.28661,
-0.28623,
-0.28585,
-0.28546,
-0.28508,
-0.28469,
-0.28429,
-0.28389,
-0.28349,
-0.28309,
-0.28269,
-0.28228,
-0.28187,
-0.28145,
-0.28104,
-0.28062,
-0.28019,
-0.27977,
-0.27934,
-0.27891,
-0.27847,
-0.27804,
-0.2776,
-0.27715,
-0.27671,
-0.27626,
-0.27581,
-0.27535,
-0.2749,
-0.27444,
-0.27397,
-0.27351,
-0.27304,
-0.27257,
-0.27209,
-0.27161,
-0.27113,
-0.27065,
-0.27016,
-0.26968,
-0.26918,
-0.26869,
-0.26819,
-0.26769,
-0.26719,
-0.26668,
-0.26617,
-0.26566,
-0.26515,
-0.26463,
-0.26411,
-0.26358,
-0.26306,
-0.26253,
-0.262,
-0.26146,
-0.26093,
-0.26038,
-0.25984,
-0.2593,
-0.25875,
-0.2582,
-0.25764,
-0.25708,
-0.25652,
-0.25596,
-0.25539,
-0.25483,
-0.25425,
-0.25368,
-0.2531,
-0.25252,
-0.25194,
-0.25136,
-0.25077,
-0.25018,
-0.24958,
-0.24899,
-0.24839,
-0.24778,
-0.24718,
-0.24657,
-0.24596,
-0.24535,
-0.24473,
-0.24411,
-0.24349,
-0.24287,
-0.24224,
-0.24161,
-0.24098,
-0.24034,
-0.23971,
-0.23907,
-0.23842,
-0.23778,
-0.23713,
-0.23648,
-0.23582,
-0.23517,
-0.23451,
-0.23384,
-0.23318,
-0.23251,
-0.23184,
-0.23117,
-0.23049,
-0.22982,
-0.22914,
-0.22845,
-0.22777,
-0.22708,
-0.22639,
-0.22569,
-0.225,
-0.2243,
-0.2236,
-0.22289,
-0.22219,
-0.22148,
-0.22077,
-0.22005,
-0.21933,
-0.21861,
-0.21789,
-0.21717,
-0.21644,
-0.21571,
-0.21498,
-0.21425,
-0.21351,
-0.21277,
-0.21203,
-0.21128,
-0.21054,
-0.20979,
-0.20903,
-0.20828,
-0.20752,
-0.20676,
-0.206,
-0.20524,
-0.20447,
-0.2037,
-0.20293,
-0.20216,
-0.20138,
-0.2006,
-0.19982,
-0.19904,
-0.19826,
-0.19747,
-0.19668,
-0.19589,
-0.19509,
-0.19429,
-0.19349,
-0.19269,
-0.19189,
-0.19108,
-0.19027,
-0.18946,
-0.18865,
-0.18784,
-0.18702,
-0.1862,
-0.18538,
-0.18455,
-0.18373,
-0.1829,
-0.18207,
-0.18124,
-0.1804,
-0.17957,
-0.17873,
-0.17789,
-0.17704,
-0.1762,
-0.17535,
-0.1745,
-0.17365,
-0.17279,
-0.17194,
-0.17108,
-0.17022,
-0.16936,
-0.1685,
-0.16763,
-0.16676,
-0.16589,
-0.16502,
-0.16415,
-0.16327,
-0.16239,
-0.16151,
-0.16063,
-0.15975,
-0.15886,
-0.15798,
-0.15709,
-0.1562,
-0.1553,
-0.15441,
-0.15351,
-0.15261,
-0.15171,
-0.15081,
-0.14991,
-0.149,
-0.1481,
-0.14719,
-0.14628,
-0.14536,
-0.14445,
-0.14353,
-0.14262,
-0.1417,
-0.14077,
-0.13985,
-0.13893,
-0.138,
-0.13707,
-0.13614,
-0.13521,
-0.13428,
-0.13335,
-0.13241,
-0.13147,
-0.13054,
-0.1296,
-0.12865,
-0.12771,
-0.12677,
-0.12582,
-0.12487,
-0.12392,
-0.12297,
-0.12202,
-0.12107,
-0.12011,
-0.11915,
-0.1182,
-0.11724,
-0.11628,
-0.11531,
-0.11435,
-0.11339,
-0.11242,
-0.11145,
-0.11048,
-0.10951,
-0.10854,
-0.10757,
-0.1066,
-0.10562,
-0.10465,
-0.10367,
-0.10269,
-0.10171,
-0.10073,
-0.099747,
-0.098764,
-0.09778,
-0.096794,
-0.095808,
-0.09482,
-0.093831,
-0.092841,
-0.09185,
-0.090859,
-0.089866,
-0.088872,
-0.087877,
-0.086881,
-0.085884,
-0.084886,
-0.083887,
-0.082888,
-0.081887,
-0.080885,
-0.079883,
-0.078879,
-0.077875,
-0.07687,
-0.075864,
-0.074857,
-0.07385,
-0.072841,
-0.071832,
-0.070822,
-0.069812,
-0.0688,
-0.067788,
-0.066775,
-0.065761,
-0.064747,
-0.063732,
-0.062717,
-0.0617,
-0.060683,
-0.059666,
-0.058648,
-0.057629,
-0.056609,
-0.055589,
-0.054569,
-0.053548,
-0.052526,
-0.051504,
-0.050482,
-0.049459,
-0.048435,
-0.047411,
-0.046387,
-0.045362,
-0.044336,
-0.043311,
-0.042285,
-0.041258,
-0.040231,
-0.039204,
-0.038176,
-0.037149,
-0.03612,
-0.035092,
-0.034063,
-0.033034,
-0.032005,
-0.030975,
-0.029946,
-0.028916,
-0.027886,
-0.026855,
-0.025825,
-0.024794,
-0.023764,
-0.022733,
-0.021702,
-0.020671,
-0.019639,
-0.018608,
-0.017577,
-0.016545,
-0.015514,
-0.014483,
-0.013451,
-0.01242,
-0.011388,
-0.010357,
-0.0093259,
-0.0082947,
-0.0072636,
-0.0062326,
-0.0052017,
-0.0041709,
-0.0031403,
-0.0021098,
-0.0010795,
-4.9413e-05,
0.00098052,
0.0020102,
0.0030397,
0.004069,
0.005098,
0.0061267,
0.0071552,
0.0081834,
0.0092112,
0.010239,
0.011266,
0.012293,
0.013319,
0.014345,
0.015371,
0.016396,
0.017421,
0.018446,
0.01947,
0.020493,
0.021516,
0.022539,
0.023561,
0.024583,
0.025604,
0.026624,
0.027644,
0.028664,
0.029682,
0.030701,
0.031718,
0.032735,
0.033751,
0.034767,
0.035782,
0.036796,
0.03781,
0.038823,
0.039835,
0.040847,
0.041857,
0.042867,
0.043877,
0.044885,
0.045893,
0.046899,
0.047905,
0.04891,
0.049915,
0.050918,
0.051921,
0.052922,
0.053923,
0.054923,
0.055921,
0.056919,
0.057916,
0.058912,
0.059907,
0.060901,
0.061894,
0.062886,
0.063877,
0.064867,
0.065856,
0.066843,
0.06783,
0.068815,
0.0698,
0.070783,
0.071765,
0.072746,
0.073726,
0.074704,
0.075682,
0.076658,
0.077633,
0.078607,
0.079579,
0.08055,
0.08152,
0.082489,
0.083456,
0.084422,
0.085387,
0.086351,
0.087313,
0.088273,
0.089233,
0.090191,
0.091147,
0.092102,
0.093056,
0.094008,
0.094959,
0.095909,
0.096857,
0.097803,
0.098748,
0.099691,
0.10063,
0.10157,
0.10251,
0.10345,
0.10439,
0.10532,
0.10625,
0.10718,
0.10811,
0.10904,
0.10997,
0.11089,
0.11181,
0.11274,
0.11366,
0.11457,
0.11549,
0.1164,
0.11732,
0.11823,
0.11914,
0.12004,
0.12095,
0.12185,
0.12276,
0.12366,
0.12455,
0.12545,
0.12635,
0.12724,
0.12813,
0.12902,
0.12991,
0.13079,
0.13168,
0.13256,
0.13344,
0.13432,
0.13519,
0.13606,
0.13694,
0.13781,
0.13868,
0.13954,
0.14041,
0.14127,
0.14213,
0.14299,
0.14384,
0.1447,
0.14555,
0.1464,
0.14724,
0.14809,
0.14893,
0.14978,
0.15061,
0.15145,
0.15229,
0.15312,
0.15395,
0.15478,
0.15561,
0.15643,
0.15725,
0.15807,
0.15889,
0.15971,
0.16052,
0.16133,
0.16214,
0.16295,
0.16375,
0.16455,
0.16535,
0.16615,
0.16694,
0.16774,
0.16853,
0.16932,
0.1701,
0.17088,
0.17167,
0.17244,
0.17322,
0.174,
0.17477,
0.17554,
0.1763,
0.17707,
0.17783,
0.17859,
0.17935,
0.1801,
0.18086,
0.18161,
0.18235,
0.1831,
0.18384,
0.18458,
0.18532,
0.18605,
0.18679,
0.18752,
0.18824,
0.18897,
0.18969,
0.19041,
0.19113,
0.19185,
0.19256,
0.19327,
0.19398,
0.19468,
0.19538,
0.19608,
0.19678,
0.19748,
0.19817,
0.19886,
0.19954,
0.20023,
0.20091,
0.20159,
0.20227,
0.20294,
0.20361,
0.20428,
0.20494,
0.20561,
0.20627,
0.20693,
0.20758,
0.20823,
0.20888,
0.20953,
0.21018,
0.21082,
0.21146,
0.21209,
0.21273,
0.21336,
0.21399,
0.21461,
0.21524,
0.21586,
0.21647,
0.21709,
0.2177,
0.21831,
0.21892,
0.21952,
0.22012,
0.22072,
0.22131,
0.22191,
0.2225,
0.22308,
0.22367,
0.22425,
0.22483,
0.22541,
0.22598,
0.22655,
0.22712,
0.22768,
0.22824,
0.2288,
0.22936,
0.22991,
0.23046,
0.23101,
0.23156,
0.2321,
0.23264,
0.23318,
0.23371,
0.23424,
0.23477,
0.2353,
0.23582,
0.23634,
0.23686,
0.23737,
0.23788,
0.23839,
0.2389,
0.2394,
0.2399,
0.2404,
0.24089,
0.24139,
0.24187,
0.24236,
0.24284,
0.24332,
0.2438,
0.24428,
0.24475,
0.24522,
0.24568,
0.24615,
0.24661,
0.24707,
0.24752,
0.24797,
0.24842,
0.24887,
0.24931,
0.24975,
0.25019,
0.25062,
0.25106,
0.25149,
0.25191,
0.25234,
0.25276,
0.25318,
0.25359,
0.254,
0.25441,
0.25482,
0.25522,
0.25562,
0.25602,
0.25642,
0.25681,
0.2572,
0.25759,
0.25797,
0.25835,
0.25873,
0.25911,
0.25948,
0.25985,
0.26022,
0.26058,
0.26094,
0.2613,
0.26166,
0.26201,
0.26236,
0.26271,
0.26306,
0.2634,
0.26374,
0.26407,
0.26441,
0.26474,
0.26507,
0.26539,
0.26572,
0.26604,
0.26635,
0.26667,
0.26698,
0.26729,
0.2676,
0.2679,
0.2682,
0.2685,
0.26879,
0.26909,
0.26938,
0.26966,
0.26995,
0.27023,
0.27051,
0.27079,
0.27106,
0.27133,
0.2716,
0.27187,
0.27213,
0.27239,
0.27265,
0.27291,
0.27316,
0.27341,
0.27366,
0.2739,
0.27414,
0.27438,
0.27462,
0.27485,
0.27509,
0.27531,
0.27554,
0.27577,
0.27599,
0.27621,
0.27642,
0.27664,
0.27685,
0.27706,
0.27726,
0.27747,
0.27767,
0.27787,
0.27806,
0.27826,
0.27845,
0.27864,
0.27882,
0.279,
0.27919,
0.27936,
0.27954,
0.27971,
0.27989,
0.28006,
0.28022,
0.28039,
0.28055,
0.28071,
0.28086,
0.28102,
0.28117,
0.28132,
0.28147,
0.28161,
0.28176,
0.2819,
0.28203,
0.28217,
0.2823,
0.28243,
0.28256,
0.28269,
0.28281,
0.28293,
0.28305,
0.28317,
0.28329,
0.2834,
0.28351,
0.28362,
0.28372,
0.28383,
0.28393,
0.28403,
0.28413,
0.28422,
0.28432,
0.28441,
0.2845,
0.28458,
0.28467,
0.28475,
0.28483,
0.28491,
0.28498,
0.28506,
0.28513,
0.2852,
0.28527,
0.28533,
0.2854,
0.28546,
0.28552,
0.28558,
0.28563,
0.28569,
0.28574,
0.28579,
0.28584,
0.28588,
0.28593,
0.28597,
0.28601,
0.28605,
0.28608,
0.28612,
0.28615,
0.28618,
0.28621,
0.28624,
0.28626,
0.28629,
0.28631,
0.28633,
0.28635,
0.28636,
0.28638,
0.28639,
0.2864,
0.28641,
0.28642,
0.28642,
0.28643,
0.28643,
0.28643,
0.28643,
0.28643,
0.28642,
0.28642,
0.28641,
0.2864,
0.28639,
0.28638,
0.28636,
0.28635,
0.28633,
0.28631,
0.28629,
0.28627,
0.28625,
0.28623,
0.2862,
0.28617,
0.28614,
0.28611,
0.28608,
0.28605,
0.28601,
0.28598,
0.28594,
0.2859,
0.28586,
0.28582,
0.28578,
0.28573,
0.28569,
0.28564,
0.28559,
0.28554,
0.28549,
0.28544,
0.28539,
0.28533,
0.28528,
0.28522,
0.28516,
0.2851,
0.28504,
0.28498,
0.28492,
0.28485,
0.28479,
0.28472,
0.28465,
0.28458,
0.28451,
0.28444,
0.28437,
0.2843,
0.28423,
0.28415,
0.28407,
0.284,
0.28392,
0.28384,
0.28376,
0.28368,
0.2836,
0.28352,
0.28343,
0.28335,
0.28326,
0.28318,
0.28309,
0.283,
0.28291,
0.28282,
0.28273,
0.28264,
0.28255,
0.28245,
0.28236,
0.28227,
0.28217,
0.28208,
0.28198,
0.28188,
0.28178,
0.28168,
0.28158,
0.28148,
0.28138,
0.28128,
0.28118,
0.28108,
0.28097,
0.28087,
0.28076,
0.28066,
0.28055,
0.28045,
0.28034,
0.28023,
0.28012,
0.28002,
0.27991,
0.2798,
0.27969,
0.27958,
0.27947,
0.27935,
0.27924,
0.27913,
0.27902,
0.2789,
0.27879,
0.27868,
0.27856,
0.27845,
0.27833,
0.27822,
0.2781,
0.27799,
0.27787,
0.27776,
0.27764,
0.27752,
0.27741,
0.27729,
0.27717,
0.27705,
0.27693,
0.27682,
0.2767,
0.27658,
0.27646,
0.27634,
0.27622,
0.2761,
0.27599,
0.27587,
0.27575,
0.27563,
0.27551,
0.27539,
0.27527,
0.27515,
0.27503,
0.27491,
0.27479,
0.27467,
0.27455,
0.27443,
0.27431,
0.27419,
0.27407,
0.27395,
0.27383,
0.27371,
0.27359,
0.27348,
0.27336,
0.27324,
0.27312,
0.273,
0.27288,
0.27276,
0.27265,
0.27253,
0.27241,
0.27229,
0.27218,
0.27206,
0.27194,
0.27183,
0.27171,
0.27159,
0.27148,
0.27136,
0.27125,
0.27113,
0.27102,
0.27091,
0.27079,
0.27068,
0.27057,
0.27045,
0.27034,
0.27023,
0.27012,
0.27001,
0.2699,
0.26979,
0.26968,
0.26957,
0.26946,
0.26935,
0.26924,
0.26914,
0.26903,
0.26892,
0.26882,
0.26871,
0.26861,
0.2685,
0.2684,
0.2683,
0.26819,
0.26809,
0.26799,
0.26789,
0.26779,
0.26769,
0.26759,
0.26749,
0.2674,
0.2673,
0.2672,
0.26711,
0.26701,
0.26692,
0.26683,
0.26673,
0.26664,
0.26655,
0.26646,
0.26637,
0.26628,
0.26619,
0.2661,
0.26602,
0.26593,
0.26584,
0.26576,
0.26568,
0.26559,
0.26551,
0.26543,
0.26535,
0.26527,
0.26519,
0.26511,
0.26504,
0.26496,
0.26488,
0.26481,
0.26474,
0.26466,
0.26459,
0.26452,
0.26445,
0.26438,
0.26431,
0.26425,
0.26418,
0.26411,
0.26405,
0.26399,
0.26392,
0.26386,
0.2638,
0.26374,
0.26369,
0.26363,
0.26357,
0.26352,
0.26346,
0.26341,
0.26336,
0.26331,
0.26326,
0.26321,
0.26316,
0.26311,
0.26307,
0.26302,
0.26298,
0.26293,
0.26289,
0.26285,
0.26281,
0.26278,
0.26274,
0.2627,
0.26267,
0.26263,
0.2626,
0.26257,
0.26254,
0.26251,
0.26248,
0.26246,
0.26243,
0.26241,
0.26238,
0.26236,
0.26234,
0.26232,
0.2623,
0.26229,
0.26227,
0.26226,
0.26224,
0.26223,
0.26222,
0.26221,
0.2622,
0.2622,
0.26219,
0.26219,
0.26218,
0.26218,
0.26218,
0.26218,
0.26218,
0.26219,
0.26219,
0.2622,
0.2622,
0.26221,
0.26222,
0.26223,
0.26224,
0.26226,
0.26227,
0.26229,
0.26231,
0.26233,
0.26235,
0.26237,
0.26239,
0.26242,
0.26244,
0.26247,
0.2625,
0.26253,
0.26256,
0.26259,
0.26262,
0.26266,
0.2627,
0.26274,
0.26277,
0.26282,
0.26286,
0.2629,
0.26295,
0.26299,
0.26304,
0.26309,
0.26314,
0.26319,
0.26325,
0.2633,
0.26336,
0.26342,
0.26348,
0.26354,
0.2636,
0.26366,
0.26373,
0.26379,
0.26386,
0.26393,
0.264,
0.26407,
0.26415,
0.26422,
0.2643,
0.26438,
0.26446,
0.26454,
0.26462,
0.2647,
0.26479,
0.26488,
0.26496,
0.26505,
0.26515,
0.26524,
0.26533,
0.26543,
0.26552,
0.26562,
0.26572,
0.26582,
0.26593,
0.26603,
0.26614,
0.26624,
0.26635,
0.26646,
0.26658,
0.26669,
0.2668,
0.26692,
0.26704,
0.26716,
0.26728,
0.2674,
0.26752,
0.26765,
0.26777,
0.2679,
0.26803,
0.26816,
0.2683,
0.26843,
0.26857,
0.2687,
0.26884,
0.26898,
0.26912,
0.26926,
0.26941,
0.26956,
0.2697,
0.26985,
0.27,
0.27015,
0.27031,
0.27046,
0.27062,
0.27077,
0.27093,
0.27109,
0.27126,
0.27142,
0.27158,
0.27175,
0.27192,
0.27209,
0.27226,
0.27243,
0.27261,
0.27278,
0.27296,
0.27314,
0.27332,
0.2735,
0.27368,
0.27386,
0.27405,
0.27424,
0.27442,
0.27461,
0.2748,
0.275,
0.27519,
0.27539,
0.27558,
0.27578,
0.27598,
0.27618,
0.27639,
0.27659,
0.27679,
0.277,
0.27721,
0.27742,
0.27763,
0.27784,
0.27806,
0.27827,
0.27849,
0.27871,
0.27893,
0.27915,
0.27937,
0.27959,
0.27982,
0.28005,
0.28027,
0.2805,
0.28073,
0.28097,
0.2812,
0.28143,
0.28167,
0.28191,
0.28215,
0.28239,
0.28263,
0.28287,
0.28311,
0.28336,
0.28361,
0.28386,
0.2841,
0.28436,
0.28461,
0.28486,
0.28512,
0.28537,
0.28563,
0.28589,
0.28615,
0.28641,
0.28667,
0.28694,
0.2872,
0.28747,
0.28773,
0.288,
0.28827,
0.28855,
0.28882,
0.28909,
0.28937,
0.28964,
0.28992,
0.2902,
0.29048,
0.29076,
0.29104,
0.29133,
0.29161,
0.2919,
0.29219,
0.29248,
0.29277,
0.29306,
0.29335,
0.29364,
0.29394,
0.29423,
0.29453,
0.29483,
0.29513,
0.29543,
0.29573,
0.29603,
0.29633,
0.29664,
0.29694,
0.29725,
0.29756,
0.29787,
0.29818,
0.29849,
0.2988,
0.29912,
0.29943,
0.29975,
0.30006,
0.30038,
0.3007,
0.30102,
0.30134,
0.30167,
0.30199,
0.30231,
0.30264,
0.30296,
0.30329,
0.30362,
0.30395,
0.30428,
0.30461,
0.30494,
0.30528,
0.30561,
0.30594,
0.30628,
0.30662,
0.30696,
0.30729,
0.30763,
0.30797,
0.30832,
0.30866,
0.309,
0.30935,
0.30969,
0.31004,
0.31038,
0.31073,
0.31108,
0.31143,
0.31178,
0.31213,
0.31249,
0.31284,
0.31319,
0.31355,
0.3139,
0.31426,
0.31461,
0.31497,
0.31533,
0.31569,
0.31605,
0.31641,
0.31677,
0.31714,
0.3175,
0.31786,
0.31823,
0.31859,
0.31896,
0.31933,
0.31969,
0.32006,
0.32043,
0.3208,
0.32117,
0.32154,
0.32191,
0.32228,
0.32266,
0.32303,
0.3234,
0.32378,
0.32415,
0.32453,
0.32491,
0.32528,
0.32566,
0.32604,
0.32642,
0.3268,
0.32718,
0.32756,
0.32794,
0.32832,
0.3287,
0.32909,
0.32947,
0.32985,
0.33024,
0.33062,
0.33101,
0.33139,
0.33178,
0.33216,
0.33255,
0.33294,
0.33333,
0.33371,
0.3341,
0.33449,
0.33488,
0.33527,
0.33566,
0.33605,
0.33644,
0.33683,
0.33723,
0.33762,
0.33801,
0.3384,
0.3388,
0.33919,
0.33958,
0.33998,
0.34037,
0.34076,
0.34116,
0.34155,
0.34195,
0.34234,
0.34274,
0.34314,
0.34353,
0.34393,
0.34432,
0.34472,
0.34512,
0.34551,
0.34591,
0.34631,
0.34671,
0.3471,
0.3475,
0.3479,
0.3483,
0.3487,
0.34909,
0.34949,
0.34989,
0.35029,
0.35069,
0.35109,
0.35149,
0.35188,
0.35228,
0.35268,
0.35308,
0.35348,
0.35388,
0.35428,
0.35468,
0.35507,
0.35547,
0.35587,
0.35627,
0.35667,
0.35707,
0.35747,
0.35786,
0.35826,
0.35866,
0.35906,
0.35946,
0.35985,
0.36025,
0.36065,
0.36105,
0.36144,
0.36184,
0.36224,
0.36263,
0.36303,
0.36343,
0.36382,
0.36422,
0.36461,
0.36501,
0.36541,
0.3658,
0.36619,
0.36659,
0.36698,
0.36738,
0.36777,
0.36816,
0.36856,
0.36895,
0.36934,
0.36973,
0.37012,
0.37051,
0.37091,
0.3713,
0.37169,
0.37207,
0.37246,
0.37285,
0.37324,
0.37363,
0.37402,
0.3744,
0.37479,
0.37518,
0.37556,
0.37595,
0.37633,
0.37671,
0.3771,
0.37748,
0.37786,
0.37825,
0.37863,
0.37901,
0.37939,
0.37977,
0.38015,
0.38052,
0.3809,
0.38128,
0.38166,
0.38203,
0.38241,
0.38278,
0.38316,
0.38353,
0.3839,
0.38428,
0.38465,
0.38502,
0.38539,
0.38576,
0.38613,
0.38649,
0.38686,
0.38723,
0.38759,
0.38796,
0.38832,
0.38869,
0.38905,
0.38941,
0.38977,
0.39013,
0.39049,
0.39085,
0.39121,
0.39156,
0.39192,
0.39227,
0.39263,
0.39298,
0.39333,
0.39369,
0.39404,
0.39439,
0.39473,
0.39508,
0.39543,
0.39578,
0.39612,
0.39646,
0.39681,
0.39715,
0.39749,
0.39783,
0.39817,
0.39851,
0.39885,
0.39918,
0.39952,
0.39985,
0.40018,
0.40051,
0.40085,
0.40118,
0.4015,
0.40183,
0.40216,
0.40248,
0.40281,
0.40313,
0.40345,
0.40377,
0.40409,
0.40441,
0.40473,
0.40504,
0.40536,
0.40567,
0.40599,
0.4063,
0.40661,
0.40692,
0.40722,
0.40753,
0.40783,
0.40814,
0.40844,
0.40874,
0.40904,
0.40934,
0.40964,
0.40993,
0.41023,
0.41052,
0.41081,
0.41111,
0.4114,
0.41168,
0.41197,
0.41226,
0.41254,
0.41282,
0.4131,
0.41338,
0.41366,
0.41394,
0.41421,
0.41449,
0.41476,
0.41503,
0.4153,
0.41557,
0.41584,
0.4161,
0.41637,
0.41663,
0.41689,
0.41715,
0.41741,
0.41767,
0.41792,
0.41817,
0.41843,
0.41868,
0.41893,
0.41917,
0.41942,
0.41966,
0.41991,
0.42015,
0.42039,
0.42062,
0.42086,
0.42109,
0.42133,
0.42156,
0.42179,
0.42202,
0.42224,
0.42247,
0.42269,
0.42291,
0.42313,
0.42335,
0.42357,
0.42378,
0.424,
0.42421,
0.42442,
0.42462,
0.42483,
0.42503,
0.42524,
0.42544,
0.42564,
0.42583,
0.42603,
0.42622,
0.42642,
0.42661,
0.4268,
0.42698,
0.42717,
0.42735,
0.42753,
0.42771,
0.42789,
0.42807,
0.42824,
0.42841,
0.42858,
0.42875,
0.42892,
0.42908,
0.42924,
0.42941,
0.42956,
0.42972,
0.42988,
0.43003,
0.43018,
0.43033,
0.43048,
0.43063,
0.43077,
0.43091,
0.43105,
0.43119,
0.43132,
0.43146,
0.43159,
0.43172,
0.43185,
0.43198,
0.4321,
0.43222,
0.43234,
0.43246,
0.43258,
0.43269,
0.4328,
0.43291,
0.43302,
0.43313,
0.43323,
0.43333,
0.43343,
0.43353,
0.43363,
0.43372,
0.43381,
0.4339,
0.43399,
0.43408,
0.43416,
0.43424,
0.43432,
0.4344,
0.43447,
0.43455,
0.43462,
0.43469,
0.43475,
0.43482,
0.43488,
0.43494,
0.435,
0.43505,
0.43511,
0.43516,
0.43521,
0.43526,
0.4353,
0.43534,
0.43538,
0.43542,
0.43546,
0.43549,
0.43553,
0.43556,
0.43558,
0.43561,
0.43563,
0.43565,
0.43567,
0.43569,
0.4357,
0.43572,
0.43573,
0.43573,
0.43574,
0.43574,
0.43574,
0.43574,
0.43574,
0.43573,
0.43573,
0.43572,
0.4357,
0.43569,
0.43567,
0.43565,
0.43563,
0.43561,
0.43558,
0.43555,
0.43552,
0.43549,
0.43546,
0.43542,
0.43538,
0.43534,
0.43529,
0.43525,
0.4352,
0.43514,
0.43509,
0.43504,
0.43498,
0.43492,
0.43485,
0.43479,
0.43472,
0.43465,
0.43458,
0.4345,
0.43443,
0.43435,
0.43427,
0.43418,
0.4341,
0.43401,
0.43392,
0.43383,
0.43373,
0.43363,
0.43353,
0.43343,
0.43332,
0.43322,
0.43311,
0.43299,
0.43288,
0.43276,
0.43264,
0.43252,
0.4324,
0.43227,
0.43214,
0.43201,
0.43188,
0.43174,
0.43161,
0.43146,
0.43132,
0.43118,
0.43103,
0.43088,
0.43073,
0.43057,
0.43041,
0.43025,
0.43009,
0.42993,
0.42976,
0.42959,
0.42942,
0.42924,
0.42907,
0.42889,
0.42871,
0.42852,
0.42834,
0.42815,
0.42796,
0.42777,
0.42757,
0.42737,
0.42717,
0.42697,
0.42676,
0.42655,
0.42634,
0.42613,
0.42592,
0.4257,
0.42548,
0.42526,
0.42503,
0.42481,
0.42458,
0.42434,
0.42411,
0.42387,
0.42363,
0.42339,
0.42315,
0.4229,
0.42265,
0.4224,
0.42215,
0.42189,
0.42163,
0.42137,
0.42111,
0.42084,
0.42058,
0.42031,
0.42003,
0.41976,
0.41948,
0.4192,
0.41892,
0.41863,
0.41835,
0.41806,
0.41776,
0.41747,
0.41717,
0.41687,
0.41657,
0.41627,
0.41596,
0.41565,
0.41534,
0.41503,
0.41471,
0.41439,
0.41407,
0.41375,
0.41342,
0.41309,
0.41276,
0.41243,
0.4121,
0.41176,
0.41142,
0.41108,
0.41073,
0.41038,
0.41003,
0.40968,
0.40933,
0.40897,
0.40861,
0.40825,
0.40789,
0.40752,
0.40715,
0.40678,
0.40641,
0.40603,
0.40566,
0.40528,
0.40489,
0.40451,
0.40412,
0.40373,
0.40334,
0.40295,
0.40255,
0.40215,
0.40175,
0.40135,
0.40094,
0.40053,
0.40012,
0.39971,
0.39929,
0.39888,
0.39846,
0.39804,
0.39761,
0.39718,
0.39676,
0.39632,
0.39589,
0.39545,
0.39502,
0.39458,
0.39413,
0.39369,
0.39324,
0.39279,
0.39234,
0.39189,
0.39143,
0.39097,
0.39051,
0.39005,
0.38958,
0.38911,
0.38864,
0.38817,
0.3877,
0.38722,
0.38674,
0.38626,
0.38578,
0.38529,
0.38481,
0.38432,
0.38382,
0.38333,
0.38283,
0.38233,
0.38183,
0.38133,
0.38082,
0.38032,
0.37981,
0.3793,
0.37878,
0.37827,
0.37775,
0.37723,
0.3767,
0.37618,
0.37565,
0.37512,
0.37459,
0.37406,
0.37352,
0.37299,
0.37245,
0.3719,
0.37136,
0.37081,
0.37027,
0.36972,
0.36916,
0.36861,
0.36805,
0.36749,
0.36693,
0.36637,
0.36581,
0.36524,
0.36467,
0.3641,
0.36353,
0.36295,
0.36237,
0.36179,
0.36121,
0.36063,
0.36004,
0.35946,
0.35887,
0.35828,
0.35768,
0.35709,
0.35649,
0.35589,
0.35529,
0.35469,
0.35408,
0.35347,
0.35286,
0.35225,
0.35164,
0.35102,
0.35041,
0.34979,
0.34917,
0.34855,
0.34792,
0.34729,
0.34667,
0.34603,
0.3454,
0.34477,
0.34413,
0.34349,
0.34285,
0.34221,
0.34157,
0.34092,
0.34028,
0.33963,
0.33898,
0.33832,
0.33767,
0.33701,
0.33635,
0.33569,
0.33503,
0.33437,
0.3337,
0.33304,
0.33237,
0.3317,
0.33102,
0.33035,
0.32967,
0.32899,
0.32831,
0.32763,
0.32695,
0.32627,
0.32558,
0.32489,
0.3242,
0.32351,
0.32282,
0.32212,
0.32142,
0.32073,
0.32002,
0.31932,
0.31862,
0.31791,
0.31721,
0.3165,
0.31579,
0.31508,
0.31436,
0.31365,
0.31293,
0.31222,
0.3115,
0.31077,
0.31005,
0.30933,
0.3086,
0.30787,
0.30715,
0.30641,
0.30568,
0.30495,
0.30421,
0.30348,
0.30274,
0.302,
0.30126,
0.30052,
0.29977,
0.29903,
0.29828,
0.29753,
0.29678,
0.29603,
0.29528,
0.29452,
0.29377,
0.29301,
0.29225,
0.29149,
0.29073,
0.28997,
0.2892,
0.28844,
0.28767,
0.2869,
0.28613,
0.28536,
0.28459,
0.28382,
0.28304,
0.28227,
0.28149,
0.28071,
0.27993,
0.27915,
0.27837,
0.27758,
0.2768,
0.27601,
0.27522,
0.27443,
0.27364,
0.27285,
0.27206,
0.27127,
0.27047,
0.26968,
0.26888,
0.26808,
0.26728,
0.26648,
0.26568,
0.26487,
0.26407,
0.26327,
0.26246,
0.26165,
0.26084,
0.26003,
0.25922,
0.25841,
0.2576,
0.25678,
0.25597,
0.25515,
0.25434,
0.25352,
0.2527,
0.25188,
0.25106,
0.25023,
0.24941,
0.24859,
0.24776,
0.24694,
0.24611,
0.24528,
0.24445,
0.24362,
0.24279,
0.24196,
0.24113,
0.24029,
0.23946,
0.23862,
0.23779,
0.23695,
0.23611,
0.23527,
0.23444,
0.23359,
0.23275,
0.23191,
0.23107,
0.23023,
0.22938,
0.22854,
0.22769,
0.22684,
0.226,
0.22515,
0.2243,
0.22345,
0.2226,
0.22175,
0.2209,
0.22004,
0.21919,
0.21834,
0.21748,
0.21663,
0.21577,
0.21491,
0.21406,
0.2132,
0.21234,
0.21148,
0.21062,
0.20976,
0.2089,
0.20804,
0.20718,
0.20632,
0.20545,
0.20459,
0.20373,
0.20286,
0.202,
0.20113,
0.20027,
0.1994,
0.19853,
0.19767,
0.1968,
0.19593,
0.19506,
0.19419,
0.19332,
0.19245,
0.19158,
0.19071,
0.18984,
0.18897,
0.1881,
0.18722,
0.18635,
0.18548,
0.18461,
0.18373,
0.18286,
0.18198,
0.18111,
0.18023,
0.17936,
0.17848,
0.17761,
0.17673,
0.17586,
0.17498,
0.1741,
0.17323,
0.17235,
0.17147,
0.1706,
0.16972,
0.16884,
0.16796,
0.16708,
0.16621,
0.16533,
0.16445,
0.16357,
0.16269,
0.16181,
0.16094,
0.16006,
0.15918,
0.1583,
0.15742,
0.15654,
0.15566,
0.15478,
0.1539,
0.15302,
0.15215,
0.15127,
0.15039,
0.14951,
0.14863,
0.14775,
0.14687,
0.14599,
0.14511,
0.14424,
0.14336,
0.14248,
0.1416,
0.14072,
0.13984,
0.13897,
0.13809,
0.13721,
0.13633,
0.13546,
0.13458,
0.1337,
0.13283,
0.13195,
0.13107,
0.1302,
0.12932,
0.12845,
0.12757,
0.1267,
0.12582,
0.12495,
0.12407,
0.1232,
0.12233,
0.12145,
0.12058,
0.11971,
0.11884,
0.11796,
0.11709,
0.11622,
0.11535,
0.11448,
0.11361,
0.11274,
0.11187,
0.11101,
0.11014,
0.10927,
0.1084,
0.10754,
0.10667,
0.1058,
0.10494,
0.10407,
0.10321,
0.10235,
0.10148,
0.10062,
0.09976,
0.098899,
0.098038,
0.097178,
0.096318,
0.095459,
0.094601,
0.093743,
0.092886,
0.09203,
0.091174,
0.090319,
0.089464,
0.08861,
0.087757,
0.086905,
0.086053,
0.085202,
0.084352,
0.083502,
0.082653,
0.081805,
0.080958,
0.080111,
0.079266,
0.078421,
0.077576,
0.076733,
0.07589,
0.075049,
0.074208,
0.073368,
0.072528,
0.07169,
0.070852,
0.070016,
0.06918,
0.068345,
0.067511,
0.066678,
0.065846,
0.065014,
0.064184,
0.063355,
0.062526,
0.061699,
0.060872,
0.060047,
0.059222,
0.058399,
0.057576,
0.056755,
0.055934,
0.055115,
0.054297,
0.053479,
0.052663,
0.051848,
0.051033,
0.05022,
0.049408,
0.048597,
0.047788,
0.046979,
0.046172,
0.045365,
0.04456,
0.043756,
0.042953,
0.042151,
0.041351,
0.040551,
0.039753,
0.038956,
0.03816,
0.037366,
0.036572,
0.03578,
0.034989,
0.0342,
0.033411,
0.032624,
0.031839,
0.031054,
0.030271,
0.029489,
0.028708,
0.027929,
0.027151,
0.026375,
0.0256,
0.024826,
0.024053,
0.023282,
0.022512,
0.021744,
0.020977,
0.020211,
0.019447,
0.018685,
0.017923,
0.017163,
0.016405,
0.015648,
0.014893,
0.014139,
0.013386,
0.012635,
0.011885,
0.011137,
0.010391,
0.0096458,
0.0089023,
0.0081603,
0.0074199,
0.0066811,
0.0059438,
0.005208,
0.0044739,
0.0037413,
0.0030103,
0.0022809,
0.0015531,
0.00082694,
0.0001024,
-0.00062052,
-0.0013418,
-0.0020614,
-0.0027794,
-0.0034957,
-0.0042104,
-0.0049234,
-0.0056346,
-0.0063442,
-0.0070521,
-0.0077583,
-0.0084628,
-0.0091656,
-0.0098666,
-0.010566,
-0.011263,
-0.011959,
-0.012653,
-0.013346,
-0.014036,
-0.014725,
-0.015412,
-0.016097,
-0.01678,
-0.017462,
-0.018141,
-0.018819,
-0.019495,
-0.020169,
-0.020842,
-0.021512,
-0.022181,
-0.022847,
-0.023512,
-0.024175,
-0.024836,
-0.025496,
-0.026153,
-0.026808,
-0.027462,
-0.028113,
-0.028763,
-0.02941,
-0.030056,
-0.0307,
-0.031342,
-0.031981,
-0.032619,
-0.033255,
-0.033889,
-0.034521,
-0.035151,
-0.035779,
-0.036404,
-0.037028,
-0.03765,
-0.03827,
-0.038887,
-0.039503,
-0.040117,
-0.040728,
-0.041338,
-0.041945,
-0.04255,
-0.043154,
-0.043755,
-0.044354,
-0.044951,
-0.045545,
-0.046138,
-0.046729,
-0.047317,
-0.047903,
-0.048487,
-0.049069,
-0.049649,
-0.050227,
-0.050802,
-0.051375,
-0.051946,
-0.052515,
-0.053082,
-0.053646,
-0.054209,
-0.054769,
-0.055327,
-0.055882,
-0.056436,
-0.056987,
-0.057536,
-0.058082,
-0.058627,
-0.059169,
-0.059709,
-0.060246,
-0.060781,
-0.061314,
-0.061845,
-0.062373,
-0.062899,
-0.063423,
-0.063945,
-0.064464,
-0.064981,
-0.065495,
-0.066007,
-0.066517,
-0.067025,
-0.06753,
-0.068032,
-0.068533,
-0.069031,
-0.069526,
-0.07002,
-0.07051,
-0.070999,
-0.071485,
-0.071968,
-0.07245,
-0.072929,
-0.073405,
-0.073879,
-0.07435,
-0.07482,
-0.075286,
-0.07575,
-0.076212,
-0.076672,
-0.077128,
-0.077583,
-0.078035,
-0.078484,
-0.078931,
-0.079376,
-0.079818,
-0.080257,
-0.080694,
-0.081129,
-0.081561,
-0.08199,
-0.082417,
-0.082841,
-0.083263,
-0.083683,
-0.084099,
-0.084514,
-0.084926,
-0.085335,
-0.085741,
-0.086145,
-0.086547,
-0.086946,
-0.087342,
-0.087736,
-0.088127,
-0.088516,
-0.088902,
-0.089285,
-0.089666,
-0.090045,
-0.09042,
-0.090793,
-0.091164,
-0.091531,
-0.091897,
-0.092259,
-0.092619,
-0.092976,
-0.093331,
-0.093683,
-0.094033,
-0.094379,
-0.094723,
-0.095065,
-0.095403,
-0.09574,
-0.096073,
-0.096404,
-0.096732,
-0.097057,
-0.09738,
-0.0977,
-0.098017,
-0.098332,
-0.098644,
-0.098953,
-0.09926,
-0.099564,
-0.099865,
-0.10016,
-0.10046,
-0.10075,
-0.10104,
-0.10133,
-0.10161,
-0.1019,
-0.10218,
-0.10245,
-0.10273,
-0.103,
-0.10327,
-0.10353,
-0.10379,
-0.10405,
-0.10431,
-0.10457,
-0.10482,
-0.10507,
-0.10531,
-0.10556,
-0.1058,
-0.10604,
-0.10627,
-0.1065,
-0.10673,
-0.10696,
-0.10718,
-0.10741,
-0.10762,
-0.10784,
-0.10805,
-0.10826,
-0.10847,
-0.10867,
-0.10888,
-0.10907,
-0.10927,
-0.10946,
-0.10965,
-0.10984,
-0.11003,
-0.11021,
-0.11039,
-0.11056,
-0.11074,
-0.11091,
-0.11108,
-0.11124,
-0.1114,
-0.11156,
-0.11172,
-0.11187,
-0.11202,
-0.11217,
-0.11232,
-0.11246,
-0.1126,
-0.11273,
-0.11287,
-0.113,
-0.11313,
-0.11325,
-0.11337,
-0.11349,
-0.11361,
-0.11372,
-0.11384,
-0.11394,
-0.11405,
-0.11415,
-0.11425,
-0.11435,
-0.11444,
-0.11453,
-0.11462,
-0.1147,
-0.11479,
-0.11486,
-0.11494,
-0.11501,
-0.11509,
-0.11515,
-0.11522,
-0.11528,
-0.11534,
-0.1154,
-0.11545,
-0.1155,
-0.11555,
-0.11559,
-0.11563,
-0.11567,
-0.11571,
-0.11574,
-0.11577,
-0.1158,
-0.11582,
-0.11585,
-0.11586,
-0.11588,
-0.11589,
-0.1159,
-0.11591,
-0.11591,
-0.11592,
-0.11591,
-0.11591,
-0.1159,
-0.11589,
-0.11588,
-0.11586,
-0.11585,
-0.11582,
-0.1158,
-0.11577,
-0.11574,
-0.11571,
-0.11567,
-0.11563,
-0.11559,
-0.11555,
-0.1155,
-0.11545,
-0.1154,
-0.11534,
-0.11528,
-0.11522,
-0.11515,
-0.11509,
-0.11501,
-0.11494,
-0.11486,
-0.11479,
-0.1147,
-0.11462,
-0.11453,
-0.11444,
-0.11435,
-0.11425,
-0.11415,
-0.11405,
-0.11394,
-0.11384,
-0.11372,
-0.11361,
-0.11349,
-0.11337,
-0.11325,
-0.11313,
-0.113,
-0.11287,
-0.11273,
-0.1126,
-0.11246,
-0.11232,
-0.11217,
-0.11202,
-0.11187,
-0.11172,
-0.11156,
-0.1114,
-0.11124,
-0.11108,
-0.11091,
-0.11074,
-0.11056,
-0.11039,
-0.11021,
-0.11003,
-0.10984,
-0.10965,
-0.10946,
-0.10927,
-0.10908,
-0.10888,
-0.10867,
-0.10847,
-0.10826,
-0.10805,
-0.10784,
-0.10762,
-0.10741,
-0.10718,
-0.10696,
-0.10673,
-0.1065,
-0.10627,
-0.10604,
-0.1058,
-0.10556,
-0.10531,
-0.10507,
-0.10482,
-0.10457,
-0.10431,
-0.10405,
-0.10379,
-0.10353,
-0.10327,
-0.103,
-0.10273,
-0.10245,
-0.10218,
-0.1019,
-0.10161,
-0.10133,
-0.10104,
-0.10075,
-0.10046,
-0.10016,
-0.099864,
-0.099563,
-0.099259,
-0.098952,
-0.098643,
-0.098331,
-0.098016,
-0.097699,
-0.097379,
-0.097056,
-0.096731,
-0.096402,
-0.096072,
-0.095738,
-0.095402,
-0.095063,
-0.094721,
-0.094377,
-0.09403,
-0.093681,
-0.093329,
-0.092974,
-0.092617,
-0.092257,
-0.091894,
-0.091529,
-0.091161,
-0.09079,
-0.090417,
-0.090041,
-0.089663,
-0.089282,
-0.088898,
-0.088512,
-0.088123,
-0.087731,
-0.087337,
-0.086941,
-0.086542,
-0.08614,
-0.085736,
-0.085329,
-0.084919,
-0.084507,
-0.084093,
-0.083676,
-0.083256,
-0.082834,
-0.082409,
-0.081982,
-0.081552,
-0.08112,
-0.080685,
-0.080248,
-0.079808,
-0.079366,
-0.078921,
-0.078473,
-0.078024,
-0.077571,
-0.077117,
-0.076659,
-0.0762,
-0.075737,
-0.075273,
-0.074806,
-0.074336,
-0.073864,
-0.07339,
-0.072913,
-0.072433,
-0.071952,
-0.071468,
-0.070981,
-0.070492,
-0.070001,
-0.069507,
-0.069011,
-0.068512,
-0.068011,
-0.067508,
-0.067002,
-0.066494,
-0.065984,
-0.065471,
-0.064956,
-0.064438,
-0.063918,
-0.063396,
-0.062871,
-0.062345,
-0.061815,
-0.061284,
-0.06075,
-0.060214,
-0.059676,
-0.059135,
-0.058592,
-0.058047,
-0.057499,
-0.056949,
-0.056397,
-0.055843,
-0.055286,
-0.054728,
-0.054167,
-0.053603,
-0.053038,
-0.05247,
-0.0519,
-0.051328,
-0.050753,
-0.050177,
-0.049598,
-0.049017,
-0.048434,
-0.047849,
-0.047261,
-0.046671,
-0.04608,
-0.045486,
-0.04489,
-0.044291,
-0.043691,
-0.043088,
-0.042484,
-0.041877,
-0.041268,
-0.040657,
-0.040044,
-0.039429,
-0.038812,
-0.038192,
-0.037571,
-0.036948,
-0.036322,
-0.035695,
-0.035065,
-0.034433,
-0.0338,
-0.033164,
-0.032526,
-0.031887,
-0.031245,
-0.030601,
-0.029956,
-0.029308,
-0.028658,
-0.028007,
-0.027353,
-0.026697,
-0.02604,
-0.025381,
-0.024719,
-0.024056,
-0.023391,
-0.022723,
-0.022054,
-0.021383,
-0.020711,
-0.020036,
-0.019359,
-0.018681,
-0.018,
-0.017318,
-0.016634,
-0.015948,
-0.01526,
-0.014571,
-0.013879,
-0.013186,
-0.012491,
-0.011794,
-0.011095,
-0.010395,
-0.0096926,
-0.0089886,
-0.0082828,
-0.0075752,
-0.0068659,
-0.0061549,
-0.0054421,
-0.0047276,
-0.0040113,
-0.0032934,
-0.0025737,
-0.0018523,
-0.0011293,
-0.00040452,
0.00032192,
0.00105,
0.0017798,
0.0025112,
0.0032443,
0.003979,
0.0047154,
0.0054534,
0.006193,
0.0069342,
0.007677,
0.0084214,
0.0091675,
0.009915,
0.010664,
0.011415,
0.012167,
0.012921,
0.013676,
0.014433,
0.015192,
0.015952,
0.016713,
0.017476,
0.018241,
0.019007,
0.019774,
0.020543,
0.021314,
0.022085,
0.022859,
0.023633,
0.02441,
0.025187,
0.025966,
0.026747,
0.027528,
0.028312,
0.029096,
0.029882,
0.03067,
0.031458,
0.032249,
0.03304,
0.033833,
0.034627,
0.035422,
0.036219,
0.037017,
0.037816,
0.038617,
0.039419,
0.040222,
0.041026,
0.041832,
0.042639,
0.043447,
0.044257,
0.045067,
0.045879,
0.046692,
0.047507,
0.048322,
0.049139,
0.049957,
0.050775,
0.051596,
0.052417,
0.053239,
0.054063,
0.054888,
0.055713,
0.05654,
0.057368,
0.058197,
0.059028,
0.059859,
0.060691,
0.061525,
0.062359,
0.063194,
0.064031,
0.064869,
0.065707,
0.066547,
0.067387,
0.068229,
0.069071,
0.069915,
0.070759,
0.071605,
0.072451,
0.073298,
0.074146,
0.074996,
0.075846,
0.076697,
0.077548,
0.078401,
0.079255,
0.080109,
0.080965,
0.081821,
0.082678,
0.083536,
0.084394,
0.085254,
0.086114,
0.086975,
0.087837,
0.0887,
0.089564,
0.090428,
0.091293,
0.092159,
0.093025,
0.093892,
0.09476,
0.095629,
0.096498,
0.097368,
0.098239,
0.09911,
0.099982,
0.10086,
0.10173,
0.1026,
0.10348,
0.10435,
0.10523,
0.10611,
0.10698,
0.10786,
0.10874,
0.10962,
0.1105,
0.11138,
0.11226,
0.11314,
0.11402,
0.1149,
0.11578,
0.11667,
0.11755,
0.11844,
0.11932,
0.1202,
0.12109,
0.12198,
0.12286,
0.12375,
0.12464,
0.12552,
0.12641,
0.1273,
0.12819,
0.12908,
0.12997,
0.13086,
0.13175,
0.13264,
0.13353,
0.13442,
0.13531,
0.13621,
0.1371,
0.13799,
0.13888,
0.13978,
0.14067,
0.14156,
0.14246,
0.14335,
0.14425,
0.14514,
0.14603,
0.14693,
0.14782,
0.14872,
0.14961,
0.15051,
0.15141,
0.1523,
0.1532,
0.15409,
0.15499,
0.15589,
0.15678,
0.15768,
0.15858,
0.15947,
0.16037,
0.16127,
0.16216,
0.16306,
0.16396,
0.16486,
0.16575,
0.16665,
0.16755,
0.16844,
0.16934,
0.17024,
0.17113,
0.17203,
0.17293,
0.17382,
0.17472,
0.17562,
0.17651,
0.17741,
0.17831,
0.1792,
0.1801,
0.18099,
0.18189,
0.18279,
0.18368,
0.18458,
0.18547,
0.18637,
0.18726,
0.18816,
0.18905,
0.18994,
0.19084,
0.19173,
0.19262,
0.19352,
0.19441,
0.1953,
0.19619,
0.19709,
0.19798,
0.19887,
0.19976,
0.20065,
0.20154,
0.20243,
0.20332,
0.20421,
0.2051,
0.20599,
0.20687,
0.20776,
0.20865,
0.20954,
0.21042,
0.21131,
0.21219,
0.21308,
0.21396,
0.21485,
0.21573,
0.21661,
0.2175,
0.21838,
0.21926,
0.22014,
0.22102,
0.2219,
0.22278,
0.22366,
0.22454,
0.22541,
0.22629,
0.22717,
0.22804,
0.22892,
0.22979,
0.23067,
0.23154,
0.23241,
0.23329,
0.23416,
0.23503,
0.2359,
0.23677,
0.23764,
0.2385,
0.23937,
0.24024,
0.2411,
0.24197,
0.24283,
0.2437,
0.24456,
0.24542,
0.24628,
0.24714,
0.248,
0.24886,
0.24972,
0.25058,
0.25143,
0.25229,
0.25314,
0.254,
0.25485,
0.2557,
0.25655,
0.2574,
0.25825,
0.2591,
0.25995,
0.26079,
0.26164,
0.26248,
0.26333,
0.26417,
0.26501,
0.26585,
0.26669,
0.26753,
0.26837,
0.26921,
0.27004,
0.27088,
0.27171,
0.27254,
0.27338,
0.27421,
0.27504,
0.27586,
0.27669,
0.27752,
0.27834,
0.27917,
0.27999,
0.28081,
0.28163,
0.28245,
0.28327,
0.28409,
0.2849,
0.28572,
0.28653,
0.28735,
0.28816,
0.28897,
0.28978,
0.29059,
0.29139,
0.2922,
0.293,
0.2938,
0.29461,
0.29541,
0.29621,
0.297,
0.2978,
0.2986,
0.29939,
0.30018,
0.30097,
0.30176,
0.30255,
0.30334,
0.30413,
0.30491,
0.30569,
0.30648,
0.30726,
0.30804,
0.30881,
0.30959,
0.31036,
0.31114,
0.31191,
0.31268,
0.31345,
0.31422,
0.31498,
0.31575,
0.31651,
0.31728,
0.31804,
0.31879,
0.31955,
0.32031,
0.32106,
0.32182,
0.32257,
0.32332,
0.32407,
0.32481,
0.32556,
0.3263,
0.32704,
0.32778,
0.32852,
0.32926,
0.33,
0.33073,
0.33146,
0.33219,
0.33292,
0.33365,
0.33438,
0.3351,
0.33583,
0.33655,
0.33727,
0.33798,
0.3387,
0.33942,
0.34013,
0.34084,
0.34155,
0.34226,
0.34296,
0.34367,
0.34437,
0.34507,
0.34577,
0.34647,
0.34716,
0.34786,
0.34855,
0.34924,
0.34993,
0.35061,
0.3513,
0.35198,
0.35266,
0.35334,
0.35402,
0.35469,
0.35537,
0.35604,
0.35671,
0.35738,
0.35805,
0.35871,
0.35937,
0.36003,
0.36069,
0.36135,
0.36201,
0.36266,
0.36331,
0.36396,
0.36461,
0.36525,
0.3659,
0.36654,
0.36718,
0.36782,
0.36845,
0.36909,
0.36972,
0.37035,
0.37098,
0.3716,
0.37223,
0.37285,
0.37347,
0.37409,
0.3747,
0.37532,
0.37593,
0.37654,
0.37715,
0.37775,
0.37836,
0.37896,
0.37956,
0.38015,
0.38075,
0.38134,
0.38193,
0.38252,
0.38311,
0.3837,
0.38428,
0.38486,
0.38544,
0.38602,
0.38659,
0.38716,
0.38773,
0.3883,
0.38887,
0.38943,
0.38999,
0.39055,
0.39111,
0.39166,
0.39222,
0.39277,
0.39331,
0.39386,
0.39441,
0.39495,
0.39549,
0.39602,
0.39656,
0.39709,
0.39762,
0.39815,
0.39868,
0.3992,
0.39972,
0.40024,
0.40076,
0.40128,
0.40179,
0.4023,
0.40281,
0.40331,
0.40382,
0.40432,
0.40482,
0.40531,
0.40581,
0.4063,
0.40679,
0.40728,
0.40776,
0.40825,
0.40873,
0.40921,
0.40968,
0.41015,
0.41063,
0.41109,
0.41156,
0.41203,
0.41249,
0.41295,
0.4134,
0.41386,
0.41431,
0.41476,
0.41521,
0.41565,
0.4161,
0.41654,
0.41697,
0.41741,
0.41784,
0.41827,
0.4187,
0.41913,
0.41955,
0.41997,
0.42039,
0.42081,
0.42122,
0.42163,
0.42204,
0.42244,
0.42285,
0.42325,
0.42365,
0.42405,
0.42444,
0.42483,
0.42522,
0.42561,
0.42599,
0.42637,
0.42675,
0.42713,
0.4275,
0.42787,
0.42824,
0.42861,
0.42897,
0.42933,
0.42969,
0.43005,
0.4304,
0.43075,
0.4311,
0.43145,
0.43179,
0.43213,
0.43247,
0.43281,
0.43314,
0.43347,
0.4338,
0.43413,
0.43445,
0.43477,
0.43509,
0.43541,
0.43572,
0.43603,
0.43634,
0.43664,
0.43695,
0.43725,
0.43754,
0.43784,
0.43813,
0.43842,
0.43871,
0.43899,
0.43928,
0.43955,
0.43983,
0.44011,
0.44038,
0.44065,
0.44091,
0.44118,
0.44144,
0.4417,
0.44195,
0.44221,
0.44246,
0.4427,
0.44295,
0.44319,
0.44343,
0.44367,
0.44391,
0.44414,
0.44437,
0.44459,
0.44482,
0.44504,
0.44526,
0.44548,
0.44569,
0.4459,
0.44611,
0.44632,
0.44652,
0.44672,
0.44692,
0.44711,
0.4473,
0.44749,
0.44768,
0.44787,
0.44805,
0.44823,
0.4484,
0.44858,
0.44875,
0.44892,
0.44908,
0.44925,
0.44941,
0.44956,
0.44972,
0.44987,
0.45002,
0.45017,
0.45031,
0.45045,
0.45059,
0.45073,
0.45086,
0.45099,
0.45112,
0.45125,
0.45137,
0.45149,
0.45161,
0.45172,
0.45183,
0.45194,
0.45205,
0.45215,
0.45226,
0.45235,
0.45245,
0.45254,
0.45263,
0.45272,
0.45281,
0.45289,
0.45297,
0.45305,
0.45312,
0.45319,
0.45326,
0.45333,
0.45339,
0.45345,
0.45351,
0.45356,
0.45362,
0.45367,
0.45371,
0.45376,
0.4538,
0.45384,
0.45388,
0.45391,
0.45394,
0.45397,
0.454,
0.45402,
0.45404,
0.45406,
0.45407,
0.45408,
0.45409,
0.4541,
0.4541,
0.45411,
0.4541,
0.4541,
0.45409,
0.45408,
0.45407,
0.45406,
0.45404,
0.45402,
0.454,
0.45397,
0.45394,
0.45391,
0.45388,
0.45384,
0.4538,
0.45376,
0.45372,
0.45367,
0.45362,
0.45357,
0.45351,
0.45345,
0.45339,
0.45333,
0.45326,
0.45319,
0.45312,
0.45305,
0.45297,
0.45289,
0.45281,
0.45273,
0.45264,
0.45255,
0.45246,
0.45236,
0.45226,
0.45216,
0.45206,
0.45195,
0.45184,
0.45173,
0.45162,
0.4515,
0.45138,
0.45126,
0.45114,
0.45101,
0.45088,
0.45075,
0.45061,
0.45047,
0.45033,
0.45019,
0.45004,
0.4499,
0.44974,
0.44959,
0.44943,
0.44928,
0.44911,
0.44895,
0.44878,
0.44861,
0.44844,
0.44827,
0.44809,
0.44791,
0.44773,
0.44754,
0.44735,
0.44716,
0.44697,
0.44678,
0.44658,
0.44638,
0.44617,
0.44597,
0.44576,
0.44555,
0.44533,
0.44512,
0.4449,
0.44468,
0.44445,
0.44423,
0.444,
0.44376,
0.44353,
0.44329,
0.44305,
0.44281,
0.44257,
0.44232,
0.44207,
0.44182,
0.44156,
0.44131,
0.44105,
0.44078,
0.44052,
0.44025,
0.43998,
0.43971,
0.43943,
0.43916,
0.43888,
0.43859,
0.43831,
0.43802,
0.43773,
0.43744,
0.43714,
0.43684,
0.43654,
0.43624,
0.43594,
0.43563,
0.43532,
0.43501,
0.43469,
0.43437,
0.43405,
0.43373,
0.43341,
0.43308,
0.43275,
0.43242,
0.43208,
0.43174,
0.4314,
0.43106,
0.43072,
0.43037,
0.43002,
0.42967,
0.42932,
0.42896,
0.4286,
0.42824,
0.42787,
0.42751,
0.42714,
0.42677,
0.42639,
0.42602,
0.42564,
0.42526,
0.42488,
0.42449,
0.4241,
0.42371,
0.42332,
0.42293,
0.42253,
0.42213,
0.42173,
0.42132,
0.42092,
0.42051,
0.42009,
0.41968,
0.41927,
0.41885,
0.41843,
0.418,
0.41758,
0.41715,
0.41672,
0.41629,
0.41585,
0.41542,
0.41498,
0.41454,
0.41409,
0.41365,
0.4132,
0.41275,
0.4123,
0.41184,
0.41138,
0.41093,
0.41046,
0.41,
0.40953,
0.40907,
0.40859,
0.40812,
0.40765,
0.40717,
0.40669,
0.40621,
0.40573,
0.40524,
0.40475,
0.40426,
0.40377,
0.40327,
0.40278,
0.40228,
0.40178,
0.40127,
0.40077,
0.40026,
0.39975,
0.39924,
0.39872,
0.39821,
0.39769,
0.39717,
0.39665,
0.39612,
0.3956,
0.39507,
0.39454,
0.394,
0.39347,
0.39293,
0.39239,
0.39185,
0.39131,
0.39076,
0.39021,
0.38967,
0.38911,
0.38856,
0.388,
0.38745,
0.38689,
0.38633,
0.38576,
0.3852,
0.38463,
0.38406,
0.38349,
0.38291,
0.38234,
0.38176,
0.38118,
0.3806,
0.38002,
0.37943,
0.37884,
0.37826,
0.37766,
0.37707,
0.37648,
0.37588,
0.37528,
0.37468,
0.37408,
0.37347,
0.37287,
0.37226,
0.37165,
0.37104,
0.37042,
0.36981,
0.36919,
0.36857,
0.36795,
0.36732,
0.3667,
0.36607,
0.36544,
0.36481,
0.36418,
0.36355,
0.36291,
0.36227,
0.36163,
0.36099,
0.36035,
0.35971,
0.35906,
0.35841,
0.35776,
0.35711,
0.35646,
0.3558,
0.35514,
0.35448,
0.35382,
0.35316,
0.3525,
0.35183,
0.35117,
0.3505,
0.34983,
0.34915,
0.34848,
0.34781,
0.34713,
0.34645,
0.34577,
0.34509,
0.3444,
0.34372,
0.34303,
0.34234,
0.34165,
0.34096,
0.34027,
0.33957,
0.33888,
0.33818,
0.33748,
0.33678,
0.33607,
0.33537,
0.33466,
0.33396,
0.33325,
0.33254,
0.33183,
0.33111,
0.3304,
0.32968,
0.32896,
0.32825,
0.32752,
0.3268,
0.32608,
0.32535,
0.32463,
0.3239,
0.32317,
0.32244,
0.32171,
0.32097,
0.32024,
0.3195,
0.31876,
0.31802,
0.31728,
0.31654,
0.3158,
0.31505,
0.31431,
0.31356,
0.31281,
0.31206,
0.31131,
0.31056,
0.3098,
0.30905,
0.30829,
0.30753,
0.30677,
0.30601,
0.30525,
0.30449,
0.30372,
0.30296,
0.30219,
0.30142,
0.30065,
0.29988,
0.29911,
0.29834,
0.29757,
0.29679,
0.29601,
0.29524,
0.29446,
0.29368,
0.2929,
0.29211,
0.29133,
0.29055,
0.28976,
0.28897,
0.28819,
0.2874,
0.28661,
0.28582,
0.28502,
0.28423,
0.28344,
0.28264,
0.28184,
0.28105,
0.28025,
0.27945,
0.27865,
0.27785,
0.27704,
0.27624,
0.27544,
0.27463,
0.27382,
0.27302,
0.27221,
0.2714,
0.27059,
0.26978,
0.26896,
0.26815,
0.26734,
0.26652,
0.26571,
0.26489,
0.26407,
0.26325,
0.26243,
0.26161,
0.26079,
0.25997,
0.25915,
0.25832,
0.2575,
0.25667,
0.25585,
0.25502,
0.25419,
0.25336,
0.25253,
0.2517,
0.25087,
0.25004,
0.24921,
0.24838,
0.24754,
0.24671,
0.24587,
0.24504,
0.2442,
0.24336,
0.24252,
0.24168,
0.24084,
0.24,
0.23916,
0.23832,
0.23748,
0.23664,
0.23579,
0.23495,
0.2341,
0.23326,
0.23241,
0.23157,
0.23072,
0.22987,
0.22902,
0.22817,
0.22733,
0.22648,
0.22563,
0.22477,
0.22392,
0.22307,
0.22222,
0.22137,
0.22051,
0.21966,
0.2188,
0.21795,
0.21709,
0.21624,
0.21538,
0.21452,
0.21367,
0.21281,
0.21195,
0.21109,
0.21023,
0.20938,
0.20852,
0.20766,
0.2068,
0.20594,
0.20507,
0.20421,
0.20335,
0.20249,
0.20163,
0.20077,
0.1999,
0.19904,
0.19818,
0.19731,
0.19645,
0.19558,
0.19472,
0.19386,
0.19299,
0.19213,
0.19126,
0.19039,
0.18953,
0.18866,
0.1878,
0.18693,
0.18606,
0.1852,
0.18433,
0.18346,
0.1826,
0.18173,
0.18086,
0.17999,
0.17913,
0.17826,
0.17739,
0.17652,
0.17566,
0.17479,
0.17392,
0.17305,
0.17218,
0.17132,
0.17045,
0.16958,
0.16871,
0.16784,
0.16698,
0.16611,
0.16524,
0.16437,
0.1635,
0.16264,
0.16177,
0.1609,
0.16003,
0.15916,
0.1583,
0.15743,
0.15656,
0.15569,
0.15483,
0.15396,
0.15309,
0.15223,
0.15136,
0.15049,
0.14963,
0.14876,
0.1479,
0.14703,
0.14617,
0.1453,
0.14444,
0.14357,
0.14271,
0.14184,
0.14098,
0.14011,
0.13925,
0.13839,
0.13753,
0.13666,
0.1358,
0.13494,
0.13408,
0.13322,
0.13235,
0.13149,
0.13063,
0.12977,
0.12891,
0.12806,
0.1272,
0.12634,
0.12548,
0.12462,
0.12377,
0.12291,
0.12205,
0.1212,
0.12034,
0.11949,
0.11863,
0.11778,
0.11693,
0.11607,
0.11522,
0.11437,
0.11352,
0.11267,
0.11182,
0.11097,
0.11012,
0.10927,
0.10842,
0.10757,
0.10673,
0.10588,
0.10503,
0.10419,
0.10334,
0.1025,
0.10166,
0.10082,
0.099973,
0.099132,
0.098292,
0.097452,
0.096613,
0.095774,
0.094936,
0.094099,
0.093263,
0.092427,
0.091593,
0.090758,
0.089925,
0.089092,
0.088261,
0.087429,
0.086599,
0.08577,
0.084941,
0.084113,
0.083286,
0.08246,
0.081634,
0.08081,
0.079986,
0.079163,
0.078341,
0.07752,
0.0767,
0.075881,
0.075062,
0.074245,
0.073428,
0.072612,
0.071797,
0.070984,
0.070171,
0.069359,
0.068548,
0.067738,
0.066929,
0.066121,
0.065314,
0.064508,
0.063703,
0.062899,
0.062096,
0.061294,
0.060493,
0.059693,
0.058895,
0.058097,
0.0573,
0.056505,
0.05571,
0.054917,
0.054125,
0.053334,
0.052544,
0.051755,
0.050967,
0.050181,
0.049395,
0.048611,
0.047828,
0.047046,
0.046265,
0.045486,
0.044708,
0.043931,
0.043155,
0.04238,
0.041607,
0.040835,
0.040064,
0.039294,
0.038526,
0.037759,
0.036993,
0.036228,
0.035465,
0.034703,
0.033943,
0.033183,
0.032425,
0.031669,
0.030914,
0.03016,
0.029407,
0.028656,
0.027906,
0.027158,
0.026411,
0.025665,
0.024921,
0.024178,
0.023437,
0.022697,
0.021959,
0.021222,
0.020486,
0.019752,
0.019019,
0.018288,
0.017559,
0.016831,
0.016104,
0.015379,
0.014655,
0.013933,
0.013212,
0.012493,
0.011776,
0.01106,
0.010346,
0.0096327,
0.0089215,
0.0082119,
0.0075038,
0.0067974,
0.0060926,
0.0053893,
0.0046877,
0.0039878,
0.0032894,
0.0025928,
0.0018977,
0.0012044,
0.00051265,
-0.00017738,
-0.00086572,
-0.0015524,
-0.0022373,
-0.0029206,
-0.0036021,
-0.004282,
-0.00496,
-0.0056364,
-0.006311,
-0.0069839,
-0.007655,
-0.0083244,
-0.0089919,
-0.0096577,
-0.010322,
-0.010984,
-0.011644,
-0.012303,
-0.01296,
-0.013615,
-0.014268,
-0.014919,
-0.015569,
-0.016216,
-0.016862,
-0.017506,
-0.018148,
-0.018788,
-0.019426,
-0.020063,
-0.020697,
-0.02133,
-0.021961,
-0.022589,
-0.023216,
-0.023841,
-0.024464,
-0.025085,
-0.025704,
-0.026321,
-0.026936,
-0.027549,
-0.02816,
-0.028769,
-0.029377,
-0.029982,
-0.030585,
-0.031186,
-0.031785,
-0.032382,
-0.032977,
-0.03357,
-0.034161,
-0.03475,
-0.035337,
-0.035921,
-0.036504,
-0.037085,
-0.037663,
-0.03824,
-0.038814,
-0.039386,
-0.039956,
-0.040524,
-0.04109,
-0.041653,
-0.042215,
-0.042774,
-0.043331,
-0.043886,
-0.044439,
-0.04499,
-0.045538,
-0.046085,
-0.046629,
-0.047171,
-0.047711,
-0.048248,
-0.048783,
-0.049316,
-0.049847,
-0.050376,
-0.050902,
-0.051426,
-0.051948,
-0.052467,
-0.052985,
-0.0535,
-0.054012,
-0.054523,
-0.055031,
-0.055537,
-0.05604,
-0.056541,
-0.05704,
-0.057537,
-0.058031,
-0.058523,
-0.059013,
-0.0595,
-0.059985,
-0.060467,
-0.060947,
-0.061425,
-0.0619,
-0.062373,
-0.062844,
-0.063312,
-0.063778,
-0.064241,
-0.064702,
-0.06516,
-0.065617,
-0.06607,
-0.066521,
-0.06697,
-0.067417,
-0.06786,
-0.068302,
-0.068741,
-0.069177,
-0.069611,
-0.070043,
-0.070472,
-0.070898,
-0.071322,
-0.071744,
-0.072163,
-0.07258,
-0.072994,
-0.073405,
-0.073814,
-0.07422,
-0.074624,
-0.075026,
-0.075424,
-0.075821,
-0.076214,
-0.076605,
-0.076994,
-0.07738,
-0.077763,
-0.078144,
-0.078522,
-0.078898,
-0.079271,
-0.079641,
-0.080009,
-0.080374,
-0.080736,
-0.081096,
-0.081453,
-0.081808,
-0.08216,
-0.082509,
-0.082856,
-0.0832,
-0.083541,
-0.08388,
-0.084216,
-0.084549,
-0.08488,
-0.085208,
-0.085533,
-0.085856,
-0.086176,
-0.086493,
-0.086807,
-0.087119,
-0.087428,
-0.087734,
-0.088038,
-0.088339,
-0.088637,
-0.088933,
-0.089225,
-0.089515,
-0.089802,
-0.090087,
-0.090368,
-0.090647,
-0.090923,
-0.091197,
-0.091467,
-0.091735,
-0.092,
-0.092262,
-0.092522,
-0.092778,
-0.093032,
-0.093283,
-0.093531,
-0.093777,
-0.094019,
-0.094259,
-0.094496,
-0.09473,
-0.094962,
-0.09519,
-0.095416,
-0.095638,
-0.095858,
-0.096075,
-0.09629,
-0.096501,
-0.09671,
-0.096915,
-0.097118,
-0.097318,
-0.097515,
-0.097709,
-0.0979,
-0.098089,
-0.098274,
-0.098457,
-0.098637,
-0.098814,
-0.098988,
-0.099159,
-0.099327,
-0.099492,
-0.099654,
-0.099814,
-0.09997,
-0.10012,
-0.10027,
-0.10042,
-0.10057,
-0.10071,
-0.10085,
-0.10098,
-0.10112,
-0.10125,
-0.10137,
-0.1015,
-0.10162,
-0.10174,
-0.10185,
-0.10197,
-0.10208,
-0.10218,
-0.10229,
-0.10239,
-0.10248,
-0.10258,
-0.10267,
-0.10276,
-0.10284,
-0.10293,
-0.10301,
-0.10308,
-0.10316,
-0.10323,
-0.1033,
-0.10336,
-0.10342,
-0.10348,
-0.10354,
-0.10359,
-0.10364,
-0.10369,
-0.10373,
-0.10377,
-0.10381,
-0.10384,
-0.10387,
-0.1039,
-0.10393,
-0.10395,
-0.10397,
-0.10399,
-0.104,
-0.10401,
-0.10402,
-0.10402,
-0.10403,
-0.10402,
-0.10402,
-0.10401,
-0.104,
-0.10399,
-0.10397,
-0.10395,
-0.10393,
-0.1039,
-0.10387,
-0.10384,
-0.10381,
-0.10377,
-0.10373,
-0.10368,
-0.10364,
-0.10359,
-0.10353,
-0.10348,
-0.10342,
-0.10336,
-0.10329,
-0.10322,
-0.10315,
-0.10308,
-0.103,
-0.10292,
-0.10284,
-0.10275,
-0.10266,
-0.10257,
-0.10247,
-0.10237,
-0.10227,
-0.10216,
-0.10206,
-0.10195,
-0.10183,
-0.10171,
-0.10159,
-0.10147,
-0.10134,
-0.10121,
-0.10108,
-0.10095,
-0.10081,
-0.10067,
-0.10052,
-0.10037,
-0.10022,
-0.10007,
-0.099913,
-0.099754,
-0.099591,
-0.099425,
-0.099256,
-0.099084,
-0.098909,
-0.098731,
-0.09855,
-0.098365,
-0.098178,
-0.097988,
-0.097795,
-0.097599,
-0.097399,
-0.097197,
-0.096992,
-0.096783,
-0.096572,
-0.096357,
-0.09614,
-0.095919,
-0.095696,
-0.095469,
-0.09524,
-0.095007,
-0.094772,
-0.094533,
-0.094292,
-0.094047,
-0.093799,
-0.093549,
-0.093295,
-0.093039,
-0.092779,
-0.092516,
-0.092251,
-0.091982,
-0.091711,
-0.091436,
-0.091159,
-0.090878,
-0.090595,
-0.090308,
-0.090019,
-0.089726,
-0.089431,
-0.089132,
-0.088831,
-0.088527,
-0.088219,
-0.087909,
-0.087596,
-0.08728,
-0.086961,
-0.086639,
-0.086314,
-0.085986,
-0.085655,
-0.085321,
-0.084985,
-0.084645,
-0.084302,
-0.083957,
-0.083608,
-0.083257,
-0.082903,
-0.082546,
-0.082186,
-0.081823,
-0.081457,
-0.081088,
-0.080716,
-0.080342,
-0.079964,
-0.079584,
-0.079201,
-0.078815,
-0.078426,
-0.078034,
-0.077639,
-0.077242,
-0.076841,
-0.076438,
-0.076032,
-0.075623,
-0.075211,
-0.074797,
-0.074379,
-0.073959,
-0.073536,
-0.07311,
-0.072681,
-0.07225,
-0.071816,
-0.071378,
-0.070938,
-0.070496,
-0.07005,
-0.069602,
-0.069151,
-0.068697,
-0.06824,
-0.067781,
-0.067319,
-0.066854,
-0.066386,
-0.065916,
-0.065443,
-0.064967,
-0.064488,
-0.064007,
-0.063523,
-0.063036,
-0.062546,
-0.062054,
-0.061559,
-0.061062,
-0.060562,
-0.060059,
-0.059553,
-0.059045,
-0.058534,
-0.05802,
-0.057504,
-0.056985,
-0.056463,
-0.055939,
-0.055412,
-0.054882,
-0.05435,
-0.053816,
-0.053278,
-0.052738,
-0.052196,
-0.05165,
-0.051103,
-0.050552,
-0.049999,
-0.049444,
-0.048886,
-0.048325,
-0.047762,
-0.047196,
-0.046628,
-0.046057,
-0.045484,
-0.044908,
-0.04433,
-0.043749,
-0.043166,
-0.04258,
-0.041991,
-0.041401,
-0.040807,
-0.040211,
-0.039613,
-0.039013,
-0.038409,
-0.037804,
-0.037196,
-0.036585,
-0.035972,
-0.035357,
-0.034739,
-0.034119,
-0.033497,
-0.032872,
-0.032245,
-0.031615,
-0.030983,
-0.030349,
-0.029712,
-0.029073,
-0.028431,
-0.027788,
-0.027142,
-0.026493,
-0.025842,
-0.025189,
-0.024534,
-0.023877,
-0.023217,
-0.022555,
-0.02189,
-0.021224,
-0.020555,
-0.019884,
-0.01921,
-0.018535,
-0.017857,
-0.017177,
-0.016494,
-0.01581,
-0.015123,
-0.014435,
-0.013744,
-0.01305,
-0.012355,
-0.011658,
-0.010958,
-0.010256,
-0.0095526,
-0.0088467,
-0.0081386,
-0.0074285,
-0.0067162,
-0.0060019,
-0.0052855,
-0.004567,
-0.0038465,
-0.0031239,
-0.0023993,
-0.0016726,
-0.00094397,
-0.00021328,
0.00051942,
0.0012541,
0.0019908,
0.0027295,
0.0034701,
0.0042128,
0.0049573,
0.0057038,
0.0064523,
0.0072027,
0.007955,
0.0087092,
0.0094653,
0.010223,
0.010983,
0.011745,
0.012509,
0.013274,
0.014042,
0.014811,
0.015582,
0.016355,
0.017129,
0.017906,
0.018684,
0.019464,
0.020246,
0.02103,
0.021815,
0.022602,
0.023391,
0.024182,
0.024974,
0.025768,
0.026564,
0.027361,
0.02816,
0.028961,
0.029763,
0.030568,
0.031373,
0.032181,
0.03299,
0.0338,
0.034613,
0.035427,
0.036242,
0.037059,
0.037878,
0.038698,
0.03952,
0.040343,
0.041168,
0.041994,
0.042822,
0.043651,
0.044482,
0.045314,
0.046148,
0.046983,
0.04782,
0.048658,
0.049498,
0.050339,
0.051181,
0.052025,
0.05287,
0.053717,
0.054565,
0.055414,
0.056265,
0.057117,
0.057971,
0.058825,
0.059681,
0.060539,
0.061397,
0.062257,
0.063118,
0.063981,
0.064845,
0.06571,
0.066576,
0.067443,
0.068312,
0.069182,
0.070053,
0.070925,
0.071798,
0.072673,
0.073548,
0.074425,
0.075303,
0.076182,
0.077062,
0.077944,
0.078826,
0.07971,
0.080594,
0.08148,
0.082366,
0.083254,
0.084143,
0.085032,
0.085923,
0.086815,
0.087707,
0.088601,
0.089496,
0.090391,
0.091288,
0.092185,
0.093084,
0.093983,
0.094883,
0.095784,
0.096686,
0.097589,
0.098493,
0.099397,
0.1003,
0.10121,
0.10212,
0.10302,
0.10393,
0.10484,
0.10575,
0.10666,
0.10757,
0.10849,
0.1094,
0.11031,
0.11123,
0.11214,
0.11306,
0.11398,
0.11489,
0.11581,
0.11673,
0.11765,
0.11857,
0.11949,
0.12041,
0.12133,
0.12225,
0.12318,
0.1241,
0.12502,
0.12595,
0.12687,
0.1278,
0.12872,
0.12965,
0.13058,
0.1315,
0.13243,
0.13336,
0.13429,
0.13522,
0.13615,
0.13708,
0.13801,
0.13894,
0.13987,
0.1408,
0.14173,
0.14267,
0.1436,
0.14453,
0.14546,
0.1464,
0.14733,
0.14826,
0.1492,
0.15013,
0.15107,
0.152,
0.15294,
0.15387,
0.15481,
0.15574,
0.15668,
0.15762,
0.15855,
0.15949,
0.16042,
0.16136,
0.1623,
0.16323,
0.16417,
0.16511,
0.16605,
0.16698,
0.16792,
0.16886,
0.16979,
0.17073,
0.17167,
0.1726,
0.17354,
0.17448,
0.17542,
0.17635,
0.17729,
0.17823,
0.17916,
0.1801,
0.18104,
0.18197,
0.18291,
0.18385,
0.18478,
0.18572,
0.18665,
0.18759,
0.18852,
0.18946,
0.19039,
0.19133,
0.19226,
0.1932,
0.19413,
0.19506,
0.196,
0.19693,
0.19786,
0.1988,
0.19973,
0.20066,
0.20159,
0.20252,
0.20345,
0.20438,
0.20531,
0.20624,
0.20717,
0.2081,
0.20903,
0.20996,
0.21088,
0.21181,
0.21274,
0.21366,
0.21459,
0.21551,
0.21644,
0.21736,
0.21829,
0.21921,
0.22013,
0.22105,
0.22197,
0.22289,
0.22381,
0.22473,
0.22565,
0.22657,
0.22749,
0.2284,
0.22932,
0.23024,
0.23115,
0.23207,
0.23298,
0.23389,
0.2348,
0.23571,
0.23663,
0.23754,
0.23844,
0.23935,
0.24026,
0.24117,
0.24207,
0.24298,
0.24388,
0.24479,
0.24569,
0.24659,
0.24749,
0.24839,
0.24929,
0.25019,
0.25109,
0.25198,
0.25288,
0.25377,
0.25467,
0.25556,
0.25645,
0.25734,
0.25823,
0.25912,
0.26001,
0.2609,
0.26178,
0.26267,
0.26355,
0.26443,
0.26531,
0.26619,
0.26707,
0.26795,
0.26883,
0.26971,
0.27058,
0.27146,
0.27233,
0.2732,
0.27407,
0.27494,
0.27581,
0.27668,
0.27754,
0.27841,
0.27927,
0.28013,
0.28099,
0.28185,
0.28271,
0.28357,
0.28443,
0.28528,
0.28613,
0.28699,
0.28784,
0.28869,
0.28954,
0.29038,
0.29123,
0.29207,
0.29292,
0.29376,
0.2946,
0.29544,
0.29628,
0.29711,
0.29795,
0.29878,
0.29961,
0.30044,
0.30127,
0.3021,
0.30293,
0.30375,
0.30457,
0.3054,
0.30622,
0.30704,
0.30785,
0.30867,
0.30948,
0.3103,
0.31111,
0.31192,
0.31273,
0.31353,
0.31434,
0.31514,
0.31594,
0.31675,
0.31754,
0.31834,
0.31914,
0.31993,
0.32072,
0.32151,
0.3223,
0.32309,
0.32388,
0.32466,
0.32544,
0.32622,
0.327,
0.32778,
0.32856,
0.32933,
0.3301,
0.33087,
0.33164,
0.33241,
0.33318,
0.33394,
0.3347,
0.33546,
0.33622,
0.33698,
0.33773,
0.33849,
0.33924,
0.33999,
0.34073,
0.34148,
0.34222,
0.34297,
0.34371,
0.34444,
0.34518,
0.34592,
0.34665,
0.34738,
0.34811,
0.34884,
0.34956,
0.35029,
0.35101,
0.35173,
0.35244,
0.35316,
0.35387,
0.35459,
0.3553,
0.356,
0.35671,
0.35741,
0.35812,
0.35882,
0.35952,
0.36021,
0.36091,
0.3616,
0.36229,
0.36298,
0.36366,
0.36435,
0.36503,
0.36571,
0.36639,
0.36706,
0.36774,
0.36841,
0.36908,
0.36975,
0.37041,
0.37108,
0.37174,
0.3724,
0.37306,
0.37371,
0.37437,
0.37502,
0.37567,
0.37631,
0.37696,
0.3776,
0.37824,
0.37888,
0.37952,
0.38015,
0.38078,
0.38141,
0.38204,
0.38267,
0.38329,
0.38391,
0.38453,
0.38515,
0.38576,
0.38637,
0.38698,
0.38759,
0.3882,
0.3888,
0.3894,
0.39,
0.3906,
0.39119,
0.39179,
0.39238,
0.39297,
0.39355,
0.39414,
0.39472,
0.3953,
0.39587,
0.39645,
0.39702,
0.39759,
0.39816,
0.39873,
0.39929,
0.39985,
0.40041,
0.40097,
0.40152,
0.40207,
0.40262,
0.40317,
0.40371,
0.40426,
0.4048,
0.40534,
0.40587,
0.40641,
0.40694,
0.40747,
0.40799,
0.40852,
0.40904,
0.40956,
0.41008,
0.41059,
0.4111,
0.41161,
0.41212,
0.41263,
0.41313,
0.41363,
0.41413,
0.41463,
0.41512,
0.41561,
0.4161,
0.41659,
0.41707,
0.41756,
0.41804,
0.41851,
0.41899,
0.41946,
0.41993,
0.4204,
0.42087,
0.42133,
0.42179,
0.42225,
0.4227,
0.42316,
0.42361,
0.42406,
0.4245,
0.42495,
0.42539,
0.42583,
0.42627,
0.4267,
0.42713,
0.42756,
0.42799,
0.42842,
0.42884,
0.42926,
0.42968,
0.43009,
0.43051,
0.43092,
0.43133,
0.43173,
0.43214,
0.43254,
0.43294,
0.43333,
0.43373,
0.43412,
0.43451,
0.43489,
0.43528,
0.43566,
0.43604,
0.43642,
0.43679,
0.43716,
0.43753,
0.4379,
0.43827,
0.43863,
0.43899,
0.43935,
0.4397,
0.44006,
0.44041,
0.44075,
0.4411,
0.44144,
0.44179,
0.44212,
0.44246,
0.4428,
0.44313,
0.44346,
0.44378,
0.44411,
0.44443,
0.44475,
0.44507,
0.44538,
0.44569,
0.446,
0.44631,
0.44662,
0.44692,
0.44722,
0.44752,
0.44782,
0.44811,
0.4484,
0.44869,
0.44898,
0.44926,
0.44954,
0.44982,
0.4501,
0.45037,
0.45065,
0.45092,
0.45118,
0.45145,
0.45171,
0.45197,
0.45223,
0.45249,
0.45274,
0.45299,
0.45324,
0.45349,
0.45373,
0.45398,
0.45422,
0.45445,
0.45469,
0.45492,
0.45515,
0.45538,
0.45561,
0.45583,
0.45605,
0.45627,
0.45649,
0.4567,
0.45691,
0.45712,
0.45733,
0.45754,
0.45774,
0.45794,
0.45814,
0.45833,
0.45853,
0.45872,
0.45891,
0.4591,
0.45928,
0.45947,
0.45965,
0.45982,
0.46,
0.46017,
0.46035,
0.46052,
0.46068,
0.46085,
0.46101,
0.46117,
0.46133,
0.46149,
0.46164,
0.46179,
0.46194,
0.46209,
0.46223,
0.46238,
0.46252,
0.46266,
0.46279,
0.46293,
0.46306,
0.46319,
0.46332,
0.46345,
0.46357,
0.46369,
0.46381,
0.46393,
0.46404,
0.46416,
0.46427,
0.46438,
0.46449,
0.46459,
0.46469,
0.46479,
0.46489,
0.46499,
0.46508,
0.46518,
0.46527,
0.46536,
0.46544,
0.46553,
0.46561,
0.46569,
0.46577,
0.46584,
0.46592,
0.46599,
0.46606,
0.46613,
0.4662,
0.46626,
0.46632,
0.46638,
0.46644,
0.4665,
0.46655,
0.46661,
0.46666,
0.46671,
0.46675,
0.4668,
0.46684,
0.46688,
0.46692,
0.46696,
0.467,
0.46703,
0.46706,
0.46709,
0.46712,
0.46715,
0.46717,
0.46719,
0.46721,
0.46723,
0.46725,
0.46726,
0.46728,
0.46729,
0.4673,
0.46731,
0.46731,
0.46732,
0.46732,
0.46732,
0.46732,
0.46732,
0.46731,
0.46731,
0.4673,
0.46729,
0.46728,
0.46726,
0.46725,
0.46723,
0.46722,
0.4672,
0.46717,
0.46715,
0.46713,
0.4671,
0.46707,
0.46704,
0.46701,
0.46698,
0.46694,
0.46691,
0.46687,
0.46683,
0.46679,
0.46675,
0.4667,
0.46666,
0.46661,
0.46656,
0.46651,
0.46646,
0.4664,
0.46635,
0.46629,
0.46623,
0.46617,
0.46611,
0.46605,
0.46599,
0.46592,
0.46585,
0.46578,
0.46571,
0.46564,
0.46557,
0.4655,
0.46542,
0.46534,
0.46526,
0.46518,
0.4651,
0.46502,
0.46494,
0.46485,
0.46476,
0.46467,
0.46458,
0.46449,
0.4644,
0.46431,
0.46421,
0.46412,
0.46402,
0.46392,
0.46382,
0.46372,
0.46362,
0.46351,
0.46341,
0.4633,
0.46319,
0.46308,
0.46297,
0.46286,
0.46275,
0.46264,
0.46252,
0.4624,
0.46229,
0.46217,
0.46205,
0.46193,
0.4618,
0.46168,
0.46156,
0.46143,
0.46131,
0.46118,
0.46105,
0.46092,
0.46079,
0.46066,
0.46052,
0.46039,
0.46025,
0.46012,
0.45998,
0.45984,
0.4597,
0.45956,
0.45942,
0.45928,
0.45913,
0.45899,
0.45884,
0.4587,
0.45855,
0.4584,
0.45825,
0.4581,
0.45795,
0.4578,
0.45764,
0.45749,
0.45734,
0.45718,
0.45702,
0.45687,
0.45671,
0.45655,
0.45639,
0.45623,
0.45607,
0.4559,
0.45574,
0.45558,
0.45541,
0.45525,
0.45508,
0.45491,
0.45474,
0.45457,
0.4544,
0.45423,
0.45406,
0.45389,
0.45372,
0.45354,
0.45337,
0.4532,
0.45302,
0.45284,
0.45267,
0.45249,
0.45231,
0.45213,
0.45195,
0.45177,
0.45159,
0.45141,
0.45123,
0.45105,
0.45086,
0.45068,
0.4505,
0.45031,
0.45013,
0.44994,
0.44975,
0.44957,
0.44938,
0.44919,
0.449,
0.44881,
0.44862,
0.44843,
0.44824,
0.44805,
0.44786,
0.44766,
0.44747,
0.44728,
0.44709,
0.44689,
0.4467,
0.4465,
0.44631,
0.44611,
0.44591,
0.44572,
0.44552,
0.44532,
0.44513,
0.44493,
0.44473,
0.44453,
0.44433,
0.44413,
0.44393,
0.44373,
0.44353,
0.44333,
0.44313,
0.44293,
0.44273,
0.44253,
0.44232,
0.44212,
0.44192,
0.44172,
0.44151,
0.44131,
0.44111,
0.4409,
0.4407,
0.44049,
0.44029,
0.44009,
0.43988,
0.43968,
0.43947,
0.43927,
0.43906,
0.43886,
0.43865,
0.43844,
0.43824,
0.43803,
0.43783,
0.43762,
0.43741,
0.43721,
0.437,
0.43679,
0.43659,
0.43638,
0.43617,
0.43597,
0.43576,
0.43555,
0.43535,
0.43514,
0.43493,
0.43473,
0.43452,
0.43431,
0.43411,
0.4339,
0.43369,
0.43348,
0.43328,
0.43307,
0.43286,
0.43266,
0.43245,
0.43225,
0.43204,
0.43183,
0.43163,
0.43142,
0.43121,
0.43101,
0.4308,
0.4306,
0.43039,
0.43019,
0.42998,
0.42978,
0.42957,
0.42937,
0.42916,
0.42896,
0.42875,
0.42855,
0.42835,
0.42814,
0.42794,
0.42774,
0.42753,
0.42733,
0.42713,
0.42693,
0.42672,
0.42652,
0.42632,
0.42612,
0.42592,
0.42572,
0.42552,
0.42532,
0.42512,
0.42492,
0.42472,
0.42452,
0.42432,
0.42413,
0.42393,
0.42373,
0.42353,
0.42334,
0.42314,
0.42294,
0.42275,
0.42255,
0.42236,
0.42216,
0.42197,
0.42178,
0.42158,
0.42139,
0.4212,
0.421,
0.42081,
0.42062,
0.42043,
0.42024,
0.42005,
0.41986,
0.41967,
0.41948,
0.4193,
0.41911,
0.41892,
0.41873,
0.41855,
0.41836,
0.41818,
0.41799,
0.41781,
0.41762,
0.41744,
0.41726,
0.41708,
0.4169,
0.41671,
0.41653,
0.41635,
0.41617,
0.416,
0.41582,
0.41564,
0.41546,
0.41529,
0.41511,
0.41493,
0.41476,
0.41459,
0.41441,
0.41424,
0.41407,
0.41389,
0.41372,
0.41355,
0.41338,
0.41321,
0.41305,
0.41288,
0.41271,
0.41254,
0.41238,
0.41221,
0.41205,
0.41188,
0.41172,
0.41156,
0.41139,
0.41123,
0.41107,
0.41091,
0.41075,
0.41059,
0.41044,
0.41028,
0.41012,
0.40997,
0.40981,
0.40966,
0.4095,
0.40935,
0.4092,
0.40905,
0.4089,
0.40875,
0.4086,
0.40845,
0.4083,
0.40815,
0.40801,
0.40786,
0.40772,
0.40758,
0.40743,
0.40729,
0.40715,
0.40701,
0.40687,
0.40673,
0.40659,
0.40645,
0.40632,
0.40618,
0.40604,
0.40591,
0.40578,
0.40564,
0.40551,
0.40538,
0.40525,
0.40512,
0.40499,
0.40487,
0.40474,
0.40461,
0.40449,
0.40436,
0.40424,
0.40412,
0.404,
0.40387,
0.40375,
0.40364,
0.40352,
0.4034,
0.40328,
0.40317,
0.40305,
0.40294,
0.40283,
0.40271,
0.4026,
0.40249,
0.40238,
0.40227,
0.40217,
0.40206,
0.40195,
0.40185,
0.40174,
0.40164,
0.40154,
0.40144,
0.40134,
0.40124,
0.40114,
0.40104,
0.40094,
0.40085,
0.40075,
0.40066,
0.40057,
0.40048,
0.40038,
0.40029,
0.4002,
0.40012,
0.40003,
0.39994,
0.39986,
0.39977,
0.39969,
0.39961,
0.39952,
0.39944,
0.39936,
0.39928,
0.39921,
0.39913,
0.39905,
0.39898,
0.3989,
0.39883,
0.39876,
0.39869,
0.39862,
0.39855,
0.39848,
0.39841,
0.39835,
0.39828,
0.39822,
0.39815,
0.39809,
0.39803,
0.39797,
0.39791,
0.39785,
0.39779,
0.39773,
0.39768,
0.39762,
0.39757,
0.39752,
0.39747,
0.39741,
0.39736,
0.39732,
0.39727,
0.39722,
0.39717,
0.39713,
0.39709,
0.39704,
0.397,
0.39696,
0.39692,
0.39688,
0.39684,
0.39681,
0.39677,
0.39673,
0.3967,
0.39667,
0.39664,
0.3966,
0.39657,
0.39654,
0.39652,
0.39649,
0.39646,
0.39644,
0.39641,
0.39639,
0.39637,
0.39635,
0.39633,
0.39631,
0.39629,
0.39627,
0.39625,
0.39624,
0.39622,
0.39621,
0.3962,
0.39619,
0.39618,
0.39617,
0.39616,
0.39615,
0.39614,
0.39614,
0.39613,
0.39613,
0.39613,
0.39612,
0.39612,
0.39612,
0.39613,
0.39613,
0.39613,
0.39613,
0.39614,
0.39614,
0.39615,
0.39616,
0.39617,
0.39618,
0.39619,
0.3962,
0.39621,
0.39623,
0.39624,
0.39626,
0.39627,
0.39629,
0.39631,
0.39633,
0.39635,
0.39637,
0.39639,
0.39641,
0.39644,
0.39646,
0.39649,
0.39651,
0.39654,
0.39657,
0.3966,
0.39663,
0.39666,
0.39669,
0.39673,
0.39676,
0.3968,
0.39683,
0.39687,
0.39691,
0.39695,
0.39699,
0.39703,
0.39707,
0.39711,
0.39715,
0.3972,
0.39724,
0.39729,
0.39733,
0.39738,
0.39743,
0.39748,
0.39753,
0.39758,
0.39763,
0.39768,
0.39774,
0.39779,
0.39785,
0.3979,
0.39796,
0.39802,
0.39808,
0.39814,
0.3982,
0.39826,
0.39832,
0.39838,
0.39845,
0.39851,
0.39858,
0.39864,
0.39871,
0.39878,
0.39885,
0.39892,
0.39899,
0.39906,
0.39913,
0.3992,
0.39928,
0.39935,
0.39943,
0.3995,
0.39958,
0.39966,
0.39973,
0.39981,
0.39989,
0.39997,
0.40005,
0.40014,
0.40022,
0.4003,
0.40039,
0.40047,
0.40056,
0.40064,
0.40073,
0.40082,
0.40091,
0.401,
0.40109,
0.40118,
0.40127,
0.40136,
0.40146,
0.40155,
0.40164,
0.40174,
0.40184,
0.40193,
0.40203,
0.40213,
0.40223,
0.40232,
0.40242,
0.40253,
0.40263,
0.40273,
0.40283,
0.40293,
0.40304,
0.40314,
0.40325,
0.40335,
0.40346,
0.40357,
0.40367,
0.40378,
0.40389,
0.404,
0.40411,
0.40422,
0.40433,
0.40444,
0.40456,
0.40467,
0.40478,
0.4049,
0.40501,
0.40513,
0.40524,
0.40536,
0.40547,
0.40559,
0.40571,
0.40583,
0.40595,
0.40607,
0.40619,
0.40631,
0.40643,
0.40655,
0.40667,
0.40679,
0.40692,
0.40704,
0.40717,
0.40729,
0.40741,
0.40754,
0.40767,
0.40779,
0.40792,
0.40805,
0.40817,
0.4083,
0.40843,
0.40856,
0.40869,
0.40882,
0.40895,
0.40908,
0.40921,
0.40934,
0.40947,
0.40961,
0.40974,
0.40987,
0.41,
0.41014,
0.41027,
0.41041,
0.41054,
0.41068,
0.41081,
0.41095,
0.41108,
0.41122,
0.41136,
0.41149,
0.41163,
0.41177,
0.41191,
0.41204,
0.41218,
0.41232,
0.41246,
0.4126,
0.41274,
0.41288,
0.41302,
0.41316,
0.4133,
0.41344,
0.41358,
0.41372,
0.41387,
0.41401,
0.41415,
0.41429,
0.41443,
0.41458,
0.41472,
0.41486,
0.415,
0.41515,
0.41529,
0.41543,
0.41558,
0.41572,
0.41587,
0.41601,
0.41615,
0.4163,
0.41644,
0.41659,
0.41673,
0.41688,
0.41702,
0.41717,
0.41731,
0.41746,
0.4176,
0.41775,
0.41789,
0.41804,
0.41818,
0.41833,
0.41847,
0.41862,
0.41876,
0.41891,
0.41906,
0.4192,
0.41935,
0.41949,
0.41964,
0.41978,
0.41993,
0.42007,
0.42022,
0.42036,
0.42051,
0.42065,
0.4208,
0.42094,
0.42109,
0.42123,
0.42138,
0.42152,
0.42167,
0.42181,
0.42196,
0.4221,
0.42225,
0.42239,
0.42253,
0.42268,
0.42282,
0.42296,
0.42311,
0.42325,
0.42339,
0.42353,
0.42368,
0.42382,
0.42396,
0.4241,
0.42425,
0.42439,
0.42453,
0.42467,
0.42481,
0.42495,
0.42509,
0.42523,
0.42537,
0.42551,
0.42565,
0.42579,
0.42593,
0.42606,
0.4262,
0.42634,
0.42648,
0.42661,
0.42675,
0.42689,
0.42702,
0.42716,
0.42729,
0.42743,
0.42756,
0.4277,
0.42783,
0.42796,
0.4281,
0.42823,
0.42836,
0.42849,
0.42862,
0.42876,
0.42889,
0.42902,
0.42915,
0.42928,
0.4294,
0.42953,
0.42966,
0.42979,
0.42991,
0.43004,
0.43017,
0.43029,
0.43042,
0.43054,
0.43066,
0.43079,
0.43091,
0.43103,
0.43115,
0.43128,
0.4314,
0.43152,
0.43163,
0.43175,
0.43187,
0.43199,
0.43211,
0.43222,
0.43234,
0.43245,
0.43257,
0.43268,
0.4328,
0.43291,
0.43302,
0.43313,
0.43324,
0.43335,
0.43346,
0.43357,
0.43368,
0.43379,
0.43389,
0.434,
0.4341,
0.43421,
0.43431,
0.43441,
0.43452,
0.43462,
0.43472,
0.43482,
0.43492,
0.43502,
0.43512,
0.43521,
0.43531,
0.4354,
0.4355,
0.43559,
0.43569,
0.43578,
0.43587,
0.43596,
0.43605,
0.43614,
0.43623,
0.43631,
0.4364,
0.43648,
0.43657,
0.43665,
0.43674,
0.43682,
0.4369,
0.43698,
0.43706,
0.43714,
0.43721,
0.43729,
0.43737,
0.43744,
0.43751,
0.43759,
0.43766,
0.43773,
0.4378,
0.43787,
0.43794,
0.438,
0.43807,
0.43813,
0.4382,
0.43826,
0.43832,
0.43838,
0.43844,
0.4385,
0.43856,
0.43862,
0.43867,
0.43873,
0.43878,
0.43883,
0.43888,
0.43893,
0.43898,
0.43903,
0.43908,
0.43913,
0.43917,
0.43921,
0.43926,
0.4393,
0.43934,
0.43938,
0.43942,
0.43945,
0.43949,
0.43952,
0.43956,
0.43959,
0.43962,
0.43965,
0.43968,
0.43971,
0.43974,
0.43976,
0.43979,
0.43981,
0.43983,
0.43985,
0.43987,
0.43989,
0.43991,
0.43992,
0.43994,
0.43995,
0.43996,
0.43997,
0.43998,
0.43999,
0.44,
0.44,
0.44001,
0.44001,
0.44001,
0.44001,
0.44001,
0.44001,
0.44001,
0.44,
0.44,
0.43999,
0.43998,
0.43997,
0.43996,
0.43995,
0.43993,
0.43992,
0.4399,
0.43988,
0.43987,
0.43985,
0.43982,
0.4398,
0.43978,
0.43975,
0.43972,
0.43969,
0.43966,
0.43963,
0.4396,
0.43956,
0.43953,
0.43949,
0.43945,
0.43941,
0.43937,
0.43933,
0.43928,
0.43924,
0.43919,
0.43914,
0.43909,
0.43904,
0.43899,
0.43893,
0.43888,
0.43882,
0.43876,
0.4387,
0.43864,
0.43858,
0.43851,
0.43845,
0.43838,
0.43831,
0.43824,
0.43817,
0.43809,
0.43802,
0.43794,
0.43786,
0.43778,
0.4377,
0.43762,
0.43754,
0.43745,
0.43736,
0.43728,
0.43719,
0.43709,
0.437,
0.43691,
0.43681,
0.43671,
0.43661,
0.43651,
0.43641,
0.43631,
0.4362,
0.43609,
0.43598,
0.43587,
0.43576,
0.43565,
0.43553,
0.43542,
0.4353,
0.43518,
0.43506,
0.43494,
0.43481,
0.43469,
0.43456,
0.43443,
0.4343,
0.43417,
0.43403,
0.4339,
0.43376,
0.43362,
0.43348,
0.43334,
0.43319,
0.43305,
0.4329,
0.43275,
0.43261,
0.43245,
0.4323,
0.43215,
0.43199,
0.43183,
0.43167,
0.43151,
0.43135,
0.43118,
0.43102,
0.43085,
0.43068,
0.43051,
0.43034,
0.43016,
0.42999,
0.42981,
0.42963,
0.42945,
0.42927,
0.42908,
0.4289,
0.42871,
0.42852,
0.42833,
0.42814,
0.42795,
0.42775,
0.42756,
0.42736,
0.42716,
0.42695,
0.42675,
0.42655,
0.42634,
0.42613,
0.42592,
0.42571,
0.4255,
0.42528,
0.42506,
0.42485,
0.42463,
0.42441,
0.42418,
0.42396,
0.42373,
0.4235,
0.42327,
0.42304,
0.42281,
0.42258,
0.42234,
0.4221,
0.42186,
0.42162,
0.42138,
0.42113,
0.42089,
0.42064,
0.42039,
0.42014,
0.41989,
0.41964,
0.41938,
0.41912,
0.41886,
0.4186,
0.41834,
0.41808,
0.41781,
0.41755,
0.41728,
0.41701,
0.41674,
0.41646,
0.41619,
0.41591,
0.41563,
0.41535,
0.41507,
0.41479,
0.4145,
0.41422,
0.41393,
0.41364,
0.41335,
0.41306,
0.41276,
0.41247,
0.41217,
0.41187,
0.41157,
0.41127,
0.41097,
0.41066,
0.41035,
0.41005,
0.40974,
0.40942,
0.40911,
0.4088,
0.40848,
0.40816,
0.40784,
0.40752,
0.4072,
0.40688,
0.40655,
0.40622,
0.4059,
0.40557,
0.40523,
0.4049,
0.40457,
0.40423,
0.40389,
0.40355,
0.40321,
0.40287,
0.40253,
0.40218,
0.40184,
0.40149,
0.40114,
0.40079,
0.40043,
0.40008,
0.39973,
0.39937,
0.39901,
0.39865,
0.39829,
0.39793,
0.39756,
0.39719,
0.39683,
0.39646,
0.39609,
0.39572,
0.39534,
0.39497,
0.39459,
0.39422,
0.39384,
0.39346,
0.39308,
0.39269,
0.39231,
0.39192,
0.39153,
0.39115,
0.39076,
0.39036,
0.38997,
0.38958,
0.38918,
0.38878,
0.38839,
0.38799,
0.38758,
0.38718,
0.38678,
0.38637,
0.38597,
0.38556,
0.38515,
0.38474,
0.38433,
0.38391,
0.3835,
0.38308,
0.38267,
0.38225,
0.38183,
0.38141,
0.38098,
0.38056,
0.38014,
0.37971,
0.37928,
0.37885,
0.37842,
0.37799,
0.37756,
0.37713,
0.37669,
0.37626,
0.37582,
0.37538,
0.37494,
0.3745,
0.37406,
0.37361,
0.37317,
0.37272,
0.37227,
0.37183,
0.37138,
0.37093,
0.37047,
0.37002,
0.36957,
0.36911,
0.36866,
0.3682,
0.36774,
0.36728,
0.36682,
0.36636,
0.36589,
0.36543,
0.36496,
0.3645,
0.36403,
0.36356,
0.36309,
0.36262,
0.36215,
0.36168,
0.3612,
0.36073,
0.36025,
0.35977,
0.3593,
0.35882,
0.35834,
0.35786,
0.35737,
0.35689,
0.35641,
0.35592,
0.35543,
0.35495,
0.35446,
0.35397,
0.35348,
0.35299,
0.3525,
0.352,
0.35151,
0.35102,
0.35052,
0.35002,
0.34953,
0.34903,
0.34853,
0.34803,
0.34753,
0.34703,
0.34652,
0.34602,
0.34551,
0.34501,
0.3445,
0.344,
0.34349,
0.34298,
0.34247,
0.34196,
0.34145,
0.34094,
0.34042,
0.33991,
0.3394,
0.33888,
0.33836,
0.33785,
0.33733,
0.33681,
0.33629,
0.33577,
0.33525,
0.33473,
0.33421,
0.33369,
0.33317,
0.33264,
0.33212,
0.33159,
0.33107,
0.33054,
0.33001,
0.32949,
0.32896,
0.32843,
0.3279,
0.32737,
0.32684,
0.32631,
0.32577,
0.32524,
0.32471,
0.32417,
0.32364,
0.32311,
0.32257,
0.32203,
0.3215,
0.32096,
0.32042,
0.31988,
0.31935,
0.31881,
0.31827,
0.31773,
0.31719,
0.31665,
0.3161,
0.31556,
0.31502,
0.31448,
0.31393,
0.31339,
0.31284,
0.3123,
0.31176,
0.31121,
0.31066,
0.31012,
0.30957,
0.30902,
0.30848,
0.30793,
0.30738,
0.30683,
0.30628,
0.30574,
0.30519,
0.30464,
0.30409,
0.30354,
0.30299,
0.30243,
0.30188,
0.30133,
0.30078,
0.30023,
0.29968,
0.29912,
0.29857,
0.29802,
0.29747,
0.29691,
0.29636,
0.29581,
0.29525,
0.2947,
0.29414,
0.29359,
0.29303,
0.29248,
0.29193,
0.29137,
0.29082,
0.29026,
0.28971,
0.28915,
0.28859,
0.28804,
0.28748,
0.28693,
0.28637,
0.28582,
0.28526,
0.2847,
0.28415,
0.28359,
0.28304,
0.28248,
0.28192,
0.28137,
0.28081,
0.28026,
0.2797,
0.27914,
0.27859,
0.27803,
0.27748,
0.27692,
0.27637,
0.27581,
0.27526,
0.2747,
0.27414,
0.27359,
0.27303,
0.27248,
0.27192,
0.27137,
0.27082,
0.27026,
0.26971,
0.26915,
0.2686,
0.26805,
0.26749,
0.26694,
0.26639,
0.26583,
0.26528,
0.26473,
0.26418,
0.26362,
0.26307,
0.26252,
0.26197,
0.26142,
0.26087,
0.26032,
0.25977,
0.25922,
0.25867,
0.25812,
0.25757,
0.25702,
0.25647,
0.25593,
0.25538,
0.25483,
0.25429,
0.25374,
0.25319,
0.25265,
0.2521,
0.25156,
0.25101,
0.25047,
0.24993,
0.24938,
0.24884,
0.2483,
0.24776,
0.24722,
0.24667,
0.24613,
0.24559,
0.24506,
0.24452,
0.24398,
0.24344,
0.2429,
0.24237,
0.24183,
0.24129,
0.24076,
0.24022,
0.23969,
0.23916,
0.23862,
0.23809,
0.23756,
0.23703,
0.2365,
0.23597,
0.23544,
0.23491,
0.23438,
0.23385,
0.23333,
0.2328,
0.23227,
0.23175,
0.23123,
0.2307,
0.23018,
0.22966,
0.22913,
0.22861,
0.22809,
0.22757,
0.22706,
0.22654,
0.22602,
0.2255,
0.22499,
0.22447,
0.22396,
0.22344,
0.22293,
0.22242,
0.22191,
0.2214,
0.22089,
0.22038,
0.21987,
0.21936,
0.21886,
0.21835,
0.21785,
0.21734,
0.21684,
0.21634,
0.21584,
0.21534,
0.21484,
0.21434,
0.21384,
0.21334,
0.21285,
0.21235,
0.21186,
0.21136,
0.21087,
0.21038,
0.20989,
0.2094,
0.20891,
0.20842,
0.20794,
0.20745,
0.20697,
0.20648,
0.206,
0.20552,
0.20504,
0.20456,
0.20408,
0.2036,
0.20312,
0.20264,
0.20217,
0.2017,
0.20122,
0.20075,
0.20028,
0.19981,
0.19934,
0.19887,
0.19841,
0.19794,
0.19748,
0.19701,
0.19655,
0.19609,
0.19563,
0.19517,
0.19471,
0.19425,
0.1938,
0.19334,
0.19289,
0.19244,
0.19198,
0.19153,
0.19108,
0.19064,
0.19019,
0.18974,
0.1893,
0.18886,
0.18841,
0.18797,
0.18753,
0.18709,
0.18666,
0.18622,
0.18578,
0.18535,
0.18492,
0.18449,
0.18406,
0.18363,
0.1832,
0.18277,
0.18235,
0.18192,
0.1815,
0.18108,
0.18066,
0.18024,
0.17982,
0.1794,
0.17899,
0.17857,
0.17816,
0.17775,
0.17734,
0.17693,
0.17652,
0.17611,
0.17571,
0.1753,
0.1749,
0.1745,
0.1741,
0.1737,
0.1733,
0.1729,
0.17251,
0.17211,
0.17172,
0.17133,
0.17094,
0.17055,
0.17017,
0.16978,
0.1694,
0.16901,
0.16863,
0.16825,
0.16787,
0.16749,
0.16712,
0.16674,
0.16637,
0.166,
0.16563,
0.16526,
0.16489,
0.16452,
0.16416,
0.16379,
0.16343,
0.16307,
0.16271,
0.16235,
0.16199,
0.16164,
0.16128,
0.16093,
0.16058,
0.16023,
0.15988,
0.15953,
0.15919,
0.15884,
0.1585,
0.15816,
0.15782,
0.15748,
0.15714,
0.15681,
0.15647,
0.15614,
0.15581,
0.15548,
0.15515,
0.15482,
0.15449,
0.15417,
0.15385,
0.15353,
0.15321,
0.15289,
0.15257,
0.15225,
0.15194,
0.15163,
0.15132,
0.15101,
0.1507,
0.15039,
0.15008,
0.14978,
0.14948,
0.14918,
0.14888,
0.14858,
0.14828,
0.14799,
0.14769,
0.1474,
0.14711,
0.14682,
0.14653,
0.14624,
0.14596,
0.14568,
0.14539,
0.14511,
0.14483,
0.14456,
0.14428,
0.14401,
0.14373,
0.14346,
0.14319,
0.14292,
0.14265,
0.14239,
0.14212,
0.14186,
0.1416,
0.14134,
0.14108,
0.14082,
0.14057,
0.14031,
0.14006,
0.13981,
0.13956,
0.13931,
0.13907,
0.13882,
0.13858,
0.13833,
0.13809,
0.13785,
0.13762,
0.13738,
0.13714,
0.13691,
0.13668,
0.13645,
0.13622,
0.13599,
0.13577,
0.13554,
0.13532,
0.1351,
0.13488,
0.13466,
0.13444,
0.13422,
0.13401,
0.1338,
0.13358,
0.13337,
0.13316,
0.13296,
0.13275,
0.13255,
0.13234,
0.13214,
0.13194,
0.13174,
0.13155,
0.13135,
0.13116,
0.13096,
0.13077,
0.13058,
0.13039,
0.13021,
0.13002,
0.12984,
0.12966,
0.12947,
0.12929,
0.12912,
0.12894,
0.12876,
0.12859,
0.12842,
0.12824,
0.12807,
0.12791,
0.12774,
0.12757,
0.12741,
0.12724,
0.12708,
0.12692,
0.12676,
0.12661,
0.12645,
0.12629,
0.12614,
0.12599,
0.12584,
0.12569,
0.12554,
0.12539,
0.12525,
0.12511,
0.12496,
0.12482,
0.12468,
0.12454,
0.12441,
0.12427,
0.12414,
0.124,
0.12387,
0.12374,
0.12361,
0.12348,
0.12336,
0.12323,
0.12311,
0.12299,
0.12286,
0.12274,
0.12263,
0.12251,
0.12239,
0.12228,
0.12216,
0.12205,
0.12194,
0.12183,
0.12172,
0.12162,
0.12151,
0.12141,
0.1213,
0.1212,
0.1211,
0.121,
0.1209,
0.1208,
0.12071,
0.12061,
0.12052,
0.12043,
0.12034,
0.12025,
0.12016,
0.12007,
0.11998,
0.1199,
0.11981,
0.11973,
0.11965,
0.11957,
0.11949,
0.11941,
0.11934,
0.11926,
0.11919,
0.11911,
0.11904,
0.11897,
0.1189,
0.11883,
0.11876,
0.1187,
0.11863,
0.11857,
0.1185,
0.11844,
0.11838,
0.11832,
0.11826,
0.1182,
0.11815,
0.11809,
0.11804,
0.11798,
0.11793,
0.11788,
0.11783,
0.11778,
0.11773,
0.11768,
0.11764,
0.11759,
0.11755,
0.11751,
0.11746,
0.11742,
0.11738,
0.11734,
0.11731,
0.11727,
0.11723,
0.1172,
0.11716,
0.11713,
0.1171,
0.11707,
0.11704,
0.11701,
0.11698,
0.11695,
0.11693,
0.1169,
0.11688,
0.11685,
0.11683,
0.11681,
0.11679,
0.11677,
0.11675,
0.11673,
0.11671,
0.11669,
0.11668,
0.11666,
0.11665,
0.11664,
0.11662,
0.11661,
0.1166,
0.11659,
0.11658,
0.11657,
0.11657,
0.11656,
0.11655,
0.11655,
0.11654,
0.11654,
0.11654,
0.11654,
0.11654,
0.11653,
0.11654,
0.11654,
0.11654,
0.11654,
0.11654,
0.11655,
0.11655,
0.11656,
0.11656,
0.11657,
0.11658,
0.11659,
0.1166,
0.11661,
0.11662,
0.11663,
0.11664,
0.11665,
0.11666,
0.11668,
0.11669,
0.11671,
0.11672,
0.11674,
0.11676,
0.11677,
0.11679,
0.11681,
0.11683,
0.11685,
0.11687,
0.11689,
0.11691,
0.11694,
0.11696,
0.11698,
0.11701,
0.11703,
0.11705,
0.11708,
0.11711,
0.11713,
0.11716,
0.11719,
0.11722,
0.11724,
0.11727,
0.1173,
0.11733,
0.11736,
0.11739,
0.11743,
0.11746,
0.11749,
0.11752,
0.11756,
0.11759,
0.11763,
0.11766,
0.1177,
0.11773,
0.11777,
0.1178,
0.11784,
0.11788,
0.11792,
0.11795,
0.11799,
0.11803,
0.11807,
0.11811,
0.11815,
0.11819,
0.11823,
0.11827,
0.11831,
0.11835,
0.1184,
0.11844,
0.11848,
0.11852,
0.11857,
0.11861,
0.11866,
0.1187,
0.11874,
0.11879,
0.11883,
0.11888,
0.11893,
0.11897,
0.11902,
0.11906,
0.11911,
0.11916,
0.11921,
0.11925,
0.1193,
0.11935,
0.1194,
0.11945,
0.11949,
0.11954,
0.11959,
0.11964,
0.11969,
0.11974,
0.11979,
0.11984,
0.11989,
0.11994,
0.11999,
0.12004,
0.12009,
0.12015,
0.1202,
0.12025,
0.1203,
0.12035,
0.1204,
0.12046,
0.12051,
0.12056,
0.12061,
0.12067,
0.12072,
0.12077,
0.12082,
0.12088,
0.12093,
0.12098,
0.12104,
0.12109,
0.12114,
0.1212,
0.12125,
0.12131,
0.12136,
0.12141,
0.12147,
0.12152,
0.12158,
0.12163,
0.12168,
0.12174,
0.12179,
0.12185,
0.1219,
0.12195,
0.12201,
0.12206,
0.12212,
0.12217,
0.12223,
0.12228,
0.12234,
0.12239,
0.12244,
0.1225,
0.12255,
0.12261,
0.12266,
0.12272,
0.12277,
0.12283,
0.12288,
0.12293,
0.12299,
0.12304,
0.1231,
0.12315,
0.12321,
0.12326,
0.12331,
0.12337,
0.12342,
0.12348,
0.12353,
0.12358,
0.12364,
0.12369,
0.12374,
0.1238,
0.12385,
0.1239,
0.12396,
0.12401,
0.12406,
0.12412,
0.12417,
0.12422,
0.12427,
0.12433,
0.12438,
0.12443,
0.12448,
0.12454,
0.12459,
0.12464,
0.12469,
0.12474,
0.1248,
0.12485,
0.1249,
0.12495,
0.125,
0.12505,
0.1251,
0.12515,
0.1252,
0.12525,
0.1253,
0.12535,
0.1254,
0.12545,
0.1255,
0.12555,
0.1256,
0.12565,
0.1257,
0.12575,
0.1258,
0.12585,
0.12589,
0.12594,
0.12599,
0.12604,
0.12609,
0.12613,
0.12618,
0.12623,
0.12628,
0.12632,
0.12637,
0.12642,
0.12646,
0.12651,
0.12655,
0.1266,
0.12664,
0.12669,
0.12674,
0.12678,
0.12683,
0.12687,
0.12691,
0.12696,
0.127,
0.12705,
0.12709,
0.12713,
0.12718,
0.12722,
0.12726,
0.12731,
0.12735,
0.12739,
0.12743,
0.12747,
0.12752,
0.12756,
0.1276,
0.12764,
0.12768,
0.12772,
0.12776,
0.1278,
0.12784,
0.12788,
0.12792,
0.12796,
0.128,
0.12804,
0.12808,
0.12812,
0.12815,
0.12819,
0.12823,
0.12827,
0.12831,
0.12834,
0.12838,
0.12842,
0.12845,
0.12849,
0.12853,
0.12856,
0.1286,
0.12863,
0.12867,
0.1287,
0.12874,
0.12877,
0.12881,
0.12884,
0.12888,
0.12891,
0.12894,
0.12898,
0.12901,
0.12904,
0.12908,
0.12911,
0.12914,
0.12918,
0.12921,
0.12924,
0.12927,
0.1293,
0.12933,
0.12936,
0.1294,
0.12943,
0.12946,
0.12949,
0.12952,
0.12955,
0.12958,
0.12961,
0.12964,
0.12966,
0.12969,
0.12972,
0.12975,
0.12978,
0.12981,
0.12983,
0.12986,
0.12989,
0.12992,
0.12994,
0.12997,
0.13,
0.13003,
0.13005,
0.13008,
0.1301,
0.13013,
0.13016,
0.13018,
0.13021,
0.13023,
0.13026,
0.13028,
0.13031,
0.13033,
0.13036,
0.13038,
0.1304,
0.13043,
0.13045,
0.13047,
0.1305,
0.13052,
0.13054,
0.13057,
0.13059,
0.13061,
0.13063,
0.13066,
0.13068,
0.1307,
0.13072,
0.13074,
0.13077,
0.13079,
0.13081,
0.13083,
0.13085,
0.13087,
0.13089,
0.13091,
0.13093,
0.13095,
0.13097,
0.13099,
0.13101,
0.13103,
0.13105,
0.13107,
0.13109,
0.13111,
0.13113,
0.13115,
0.13117,
0.13119,
0.13121,
0.13123,
0.13125,
0.13126,
0.13128,
0.1313,
0.13132,
0.13134,
0.13136,
0.13137,
0.13139,
0.13141,
0.13143,
0.13145,
0.13146,
0.13148,
0.1315,
0.13152,
0.13153,
0.13155,
0.13157,
0.13159,
0.1316,
0.13162,
0.13164,
0.13165,
0.13167,
0.13169,
0.1317,
0.13172,
0.13174,
0.13175,
0.13177,
0.13179,
0.1318,
0.13182,
0.13184,
0.13185,
0.13187,
0.13189,
0.1319,
0.13192,
0.13194,
0.13195,
0.13197,
0.13199,
0.132,
0.13202,
0.13204,
0.13205,
0.13207,
0.13209,
0.1321,
0.13212,
0.13213,
0.13215,
0.13217,
0.13218,
0.1322,
0.13222,
0.13223,
0.13225,
0.13227,
0.13229,
0.1323,
0.13232,
0.13234,
0.13235,
0.13237,
0.13239,
0.1324,
0.13242,
0.13244,
0.13246,
0.13247,
0.13249,
0.13251,
0.13253,
0.13254,
0.13256,
0.13258,
0.1326,
0.13262,
0.13263,
0.13265,
0.13267,
0.13269,
0.13271,
0.13273,
0.13274,
0.13276,
0.13278,
0.1328,
0.13282,
0.13284,
0.13286,
0.13288,
0.1329,
0.13292,
0.13294,
0.13296,
0.13298,
0.133,
0.13302,
0.13304,
0.13306,
0.13308,
0.1331,
0.13312,
0.13314,
0.13316,
0.13319,
0.13321,
0.13323,
0.13325,
0.13327,
0.1333,
0.13332,
0.13334,
0.13336,
0.13339,
0.13341,
0.13343,
0.13346,
0.13348,
0.13351,
0.13353,
0.13356,
0.13358,
0.1336,
0.13363,
0.13366,
0.13368,
0.13371,
0.13373,
0.13376,
0.13378,
0.13381,
0.13384,
0.13386,
0.13389,
0.13392,
0.13395,
0.13398,
0.134,
0.13403,
0.13406,
0.13409,
0.13412,
0.13415,
0.13418,
0.13421,
0.13424,
0.13427,
0.1343,
0.13433,
0.13436,
0.13439,
0.13442,
0.13446,
0.13449,
0.13452,
0.13455,
0.13459,
0.13462,
0.13465,
0.13469,
0.13472,
0.13475,
0.13479,
0.13482,
0.13486,
0.1349,
0.13493,
0.13497,
0.135,
0.13504,
0.13508,
0.13512,
0.13515,
0.13519,
0.13523,
0.13527,
0.13531,
0.13535,
0.13539,
0.13543,
0.13547,
0.13551,
0.13555,
0.13559,
0.13563,
0.13567,
0.13571,
0.13576,
0.1358,
0.13584,
0.13589,
0.13593,
0.13597,
0.13602,
0.13606,
0.13611,
0.13615,
0.1362,
0.13625,
0.13629,
0.13634,
0.13639,
0.13644,
0.13648,
0.13653,
0.13658,
0.13663,
0.13668,
0.13673,
0.13678,
0.13683,
0.13688,
0.13693,
0.13698,
0.13704,
0.13709,
0.13714,
0.13719,
0.13725,
0.1373,
0.13735,
0.13741,
0.13746,
0.13752,
0.13758,
0.13763,
0.13769,
0.13774,
0.1378,
0.13786,
0.13792,
0.13798,
0.13803,
0.13809,
0.13815,
0.13821,
0.13827,
0.13833,
0.1384,
0.13846,
0.13852,
0.13858,
0.13864,
0.13871,
0.13877,
0.13883,
0.1389,
0.13896,
0.13903,
0.13909,
0.13916,
0.13922,
0.13929,
0.13936,
0.13943,
0.13949,
0.13956,
0.13963,
0.1397,
0.13977,
0.13984,
0.13991,
0.13998,
0.14005,
0.14012,
0.14019,
0.14026,
0.14034,
0.14041,
0.14048,
0.14056,
0.14063,
0.1407,
0.14078,
0.14085,
0.14093,
0.14101,
0.14108,
0.14116,
0.14124,
0.14131,
0.14139,
0.14147,
0.14155,
0.14163,
0.14171,
0.14179,
0.14187,
0.14195,
0.14203,
0.14211,
0.14219,
0.14227,
0.14236,
0.14244,
0.14252,
0.14261,
0.14269,
0.14277,
0.14286,
0.14294,
0.14303,
0.14311,
0.1432,
0.14329,
0.14337,
0.14346,
0.14355,
0.14364,
0.14373,
0.14381,
0.1439,
0.14399,
0.14408,
0.14417,
0.14426,
0.14435,
0.14445,
0.14454,
0.14463,
0.14472,
0.14481,
0.14491,
0.145,
0.14509,
0.14519,
0.14528,
0.14538,
0.14547,
0.14557,
0.14566,
0.14576,
0.14585,
0.14595,
0.14605,
0.14614,
0.14624,
0.14634,
0.14644,
0.14654,
0.14663,
0.14673,
0.14683,
0.14693,
0.14703,
0.14713,
0.14723,
0.14733,
0.14743,
0.14754,
0.14764,
0.14774,
0.14784,
0.14794,
0.14805,
0.14815,
0.14825,
0.14836,
0.14846,
0.14856,
0.14867,
0.14877,
0.14888,
0.14898,
0.14909,
0.14919,
0.1493,
0.1494,
0.14951,
0.14961,
0.14972,
0.14983,
0.14993,
0.15004,
0.15015,
0.15026,
0.15036,
0.15047,
0.15058,
0.15069,
0.1508,
0.15091,
0.15101,
0.15112,
0.15123,
0.15134,
0.15145,
0.15156,
0.15167,
0.15178,
0.15189,
0.152,
0.15211,
0.15222,
0.15233,
0.15244,
0.15255,
0.15266,
0.15278,
0.15289,
0.153,
0.15311,
0.15322,
0.15333,
0.15344,
0.15356,
0.15367,
0.15378,
0.15389,
0.154,
0.15412,
0.15423,
0.15434,
0.15445,
0.15456,
0.15468,
0.15479,
0.1549,
0.15501,
0.15513,
0.15524,
0.15535,
0.15546,
0.15558,
0.15569,
0.1558,
0.15591,
0.15603,
0.15614,
0.15625,
0.15636,
0.15647,
0.15659,
0.1567,
0.15681,
0.15692,
0.15703,
0.15715,
0.15726,
0.15737,
0.15748,
0.15759,
0.1577,
0.15782,
0.15793,
0.15804,
0.15815,
0.15826,
0.15837,
0.15848,
0.15859,
0.1587,
0.15881,
0.15892,
0.15903,
0.15914,
0.15925,
0.15936,
0.15947,
0.15958,
0.15968,
0.15979,
0.1599,
0.16001,
0.16012,
0.16022,
0.16033,
0.16044,
0.16054,
0.16065,
0.16076,
0.16086,
0.16097,
0.16107,
0.16118,
0.16128,
0.16139,
0.16149,
0.16159,
0.1617,
0.1618,
0.1619,
0.162,
0.16211,
0.16221,
0.16231,
0.16241,
0.16251,
0.16261,
0.16271,
0.16281,
0.16291,
0.16301,
0.1631,
0.1632,
0.1633,
0.1634,
0.16349,
0.16359,
0.16368,
0.16378,
0.16387,
0.16397,
0.16406,
0.16415,
0.16424,
0.16434,
0.16443,
0.16452,
0.16461,
0.1647,
0.16479,
0.16487,
0.16496,
0.16505,
0.16514,
0.16522,
0.16531,
0.16539,
0.16548,
0.16556,
0.16564,
0.16573,
0.16581,
0.16589,
0.16597,
0.16605,
0.16613,
0.16621,
0.16629,
0.16636,
0.16644,
0.16652,
0.16659,
0.16666,
0.16674,
0.16681,
0.16688,
0.16695,
0.16702,
0.16709,
0.16716,
0.16723,
0.1673,
0.16736,
0.16743,
0.1675,
0.16756,
0.16762,
0.16769,
0.16775,
0.16781,
0.16787,
0.16793,
0.16798,
0.16804,
0.1681,
0.16815,
0.16821,
0.16826,
0.16831,
0.16836,
0.16842,
0.16846,
0.16851,
0.16856,
0.16861,
0.16865,
0.1687,
0.16874,
0.16878,
0.16883,
0.16887,
0.16891,
0.16895,
0.16898,
0.16902,
0.16905,
0.16909,
0.16912,
0.16915,
0.16919,
0.16922,
0.16924,
0.16927,
0.1693,
0.16932,
0.16935,
0.16937,
0.16939,
0.16941,
0.16943,
0.16945,
0.16947,
0.16948,
0.1695,
0.16951,
0.16952,
0.16954,
0.16954,
0.16955,
0.16956,
0.16957,
0.16957,
0.16957,
0.16958,
0.16958,
0.16958,
0.16957,
0.16957,
0.16957,
0.16956,
0.16955,
0.16954,
0.16953,
0.16952,
0.16951,
0.16949,
0.16948,
0.16946,
0.16944,
0.16942,
0.1694,
0.16938,
0.16935,
0.16933,
0.1693,
0.16927,
0.16924,
0.16921,
0.16918,
0.16914,
0.16911,
0.16907,
0.16903,
0.16899,
0.16895,
0.1689,
0.16886,
0.16881,
0.16876,
0.16871,
0.16866,
0.1686,
0.16855,
0.16849,
0.16843,
0.16837,
0.16831,
0.16825,
0.16818,
0.16812,
0.16805,
0.16798,
0.16791,
0.16783,
0.16776,
0.16768,
0.1676,
0.16752,
0.16744,
0.16736,
0.16727,
0.16718,
0.1671,
0.167,
0.16691,
0.16682,
0.16672,
0.16662,
0.16652,
0.16642,
0.16632,
0.16621,
0.16611,
0.166,
0.16589,
0.16577,
0.16566,
0.16554,
0.16543,
0.16531,
0.16518,
0.16506,
0.16493,
0.16481,
0.16468,
0.16454,
0.16441,
0.16428,
0.16414,
0.164,
0.16386,
0.16371,
0.16357,
0.16342,
0.16327,
0.16312,
0.16297,
0.16281,
0.16266,
0.1625,
0.16234,
0.16217,
0.16201,
0.16184,
0.16167,
0.1615,
0.16133,
0.16115,
0.16097,
0.16079,
0.16061,
0.16043,
0.16024,
0.16005,
0.15986,
0.15967,
0.15948,
0.15928,
0.15908,
0.15888,
0.15868,
0.15847,
0.15827,
0.15806,
0.15785,
0.15763,
0.15742,
0.1572,
0.15698,
0.15676,
0.15653,
0.1563,
0.15608,
0.15585,
0.15561,
0.15538,
0.15514,
0.1549,
0.15466,
0.15441,
0.15417,
0.15392,
0.15367,
0.15341,
0.15316,
0.1529,
0.15264,
0.15238,
0.15211,
0.15184,
0.15158,
0.1513,
0.15103,
0.15075,
0.15048,
0.15019,
0.14991,
0.14963,
0.14934,
0.14905,
0.14876,
0.14846,
0.14817,
0.14787,
0.14756,
0.14726,
0.14695,
0.14665,
0.14634,
0.14602,
0.14571,
0.14539,
0.14507,
0.14475,
0.14442,
0.14409,
0.14376,
0.14343,
0.1431,
0.14276,
0.14242,
0.14208,
0.14173,
0.14139,
0.14104,
0.14069,
0.14033,
0.13998,
0.13962,
0.13926,
0.13889,
0.13853,
0.13816,
0.13779,
0.13742,
0.13704,
0.13666,
0.13628,
0.1359,
0.13551,
0.13513,
0.13474,
0.13434,
0.13395,
0.13355,
0.13315,
0.13275,
0.13235,
0.13194,
0.13153,
0.13112,
0.1307,
0.13029,
0.12987,
0.12944,
0.12902,
0.12859,
0.12816,
0.12773,
0.1273,
0.12686,
0.12642,
0.12598,
0.12554,
0.12509,
0.12464,
0.12419,
0.12374,
0.12328,
0.12282,
0.12236,
0.1219,
0.12143,
0.12096,
0.12049,
0.12002,
0.11954,
0.11906,
0.11858,
0.1181,
0.11761,
0.11712,
0.11663,
0.11614,
0.11564,
0.11514,
0.11464,
0.11414,
0.11363,
0.11313,
0.11261,
0.1121,
0.11159,
0.11107,
0.11055,
0.11002,
0.1095,
0.10897,
0.10844,
0.10791,
0.10737,
0.10683,
0.10629,
0.10575,
0.10521,
0.10466,
0.10411,
0.10356,
0.103,
0.10244,
0.10188,
0.10132,
0.10076,
0.10019,
0.09962,
0.099048,
0.098473,
0.097896,
0.097317,
0.096735,
0.096151,
0.095564,
0.094975,
0.094383,
0.093789,
0.093193,
0.092594,
0.091993,
0.091389,
0.090783,
0.090175,
0.089564,
0.088951,
0.088335,
0.087717,
0.087096,
0.086474,
0.085848,
0.085221,
0.084591,
0.083958,
0.083324,
0.082687,
0.082047,
0.081405,
0.080761,
0.080115,
0.079466,
0.078814,
0.078161,
0.077505,
0.076846,
0.076186,
0.075523,
0.074857,
0.07419,
0.07352,
0.072847,
0.072173,
0.071496,
0.070817,
0.070135,
0.069451,
0.068765,
0.068077,
0.067386,
0.066693,
0.065998,
0.0653,
0.0646,
0.063898,
0.063194,
0.062487,
0.061779,
0.061067,
0.060354,
0.059639,
0.058921,
0.058201,
0.057478,
0.056754,
0.056027,
0.055298,
0.054567,
0.053834,
0.053098,
0.052361,
0.051621,
0.050879,
0.050135,
0.049388,
0.04864,
0.047889,
0.047136,
0.046381,
0.045624,
0.044865,
0.044103,
0.04334,
0.042574,
0.041807,
0.041037,
0.040265,
0.039491,
0.038715,
0.037937,
0.037156,
0.036374,
0.03559,
0.034803,
0.034015,
0.033224,
0.032432,
0.031637,
0.03084,
0.030042,
0.029241,
0.028438,
0.027634,
0.026827,
0.026019,
0.025208,
0.024395,
0.023581,
0.022764,
0.021946,
0.021126,
0.020303,
0.019479,
0.018653,
0.017825,
0.016995,
0.016163,
0.01533,
0.014494,
0.013656,
0.012817,
0.011976,
0.011133,
0.010288,
0.0094411,
0.0085925,
0.0077421,
0.0068898,
0.0060358,
0.00518,
0.0043223,
0.0034629,
0.0026018,
0.0017388,
0.0008741,
7.6458e-06,
-0.00086056,
-0.0017305,
-0.0026022,
-0.0034755,
-0.0043506,
-0.0052274,
-0.0061059,
-0.0069861,
-0.0078679,
-0.0087514,
-0.0096366,
-0.010523,
-0.011412,
-0.012302,
-0.013194,
-0.014087,
-0.014982,
-0.015879,
-0.016777,
-0.017676,
-0.018578,
-0.019481,
-0.020385,
-0.021291,
-0.022199,
-0.023108,
-0.024018,
-0.02493,
-0.025844,
-0.026759,
-0.027675,
-0.028593,
-0.029513,
-0.030434,
-0.031356,
-0.03228,
-0.033205,
-0.034132,
-0.03506,
-0.035989,
-0.03692,
-0.037852,
-0.038786,
-0.039721,
-0.040657,
-0.041595,
-0.042534,
-0.043474,
-0.044416,
-0.045358,
-0.046303,
-0.047248,
-0.048195,
-0.049143,
-0.050092,
-0.051042,
-0.051994,
-0.052947,
-0.053901,
-0.054857,
-0.055813,
-0.056771,
-0.05773,
-0.05869,
-0.059651,
-0.060613,
-0.061577,
-0.062541,
-0.063507,
-0.064474,
-0.065441,
-0.06641,
-0.06738,
-0.068351,
-0.069323,
-0.070297,
-0.071271,
-0.072246,
-0.073222,
-0.074199,
-0.075177,
-0.076156,
-0.077136,
-0.078117,
-0.079099,
-0.080082,
-0.081066,
-0.082051,
-0.083036,
-0.084023,
-0.08501,
-0.085998,
-0.086987,
-0.087977,
-0.088967,
-0.089959,
-0.090951,
-0.091944,
-0.092938,
-0.093933,
-0.094928,
-0.095924,
-0.096921,
-0.097919,
-0.098917,
-0.099916,
-0.10092,
-0.10192,
-0.10292,
-0.10392,
-0.10492,
-0.10592,
-0.10693,
-0.10793,
-0.10894,
-0.10994,
-0.11095,
-0.11195,
-0.11296,
-0.11397,
-0.11498,
-0.11599,
-0.11699,
-0.118,
-0.11901,
-0.12002,
-0.12104,
-0.12205,
-0.12306,
-0.12407,
-0.12508,
-0.1261,
-0.12711,
-0.12812,
-0.12914,
-0.13015,
-0.13117,
-0.13218,
-0.1332,
-0.13421,
-0.13523,
-0.13625,
-0.13726,
-0.13828,
-0.1393,
-0.14031,
-0.14133,
-0.14235,
-0.14337,
-0.14439,
-0.1454,
-0.14642,
-0.14744,
-0.14846,
-0.14948,
-0.1505,
-0.15152,
-0.15254,
-0.15355,
-0.15457,
-0.15559,
-0.15661,
-0.15763,
-0.15865,
-0.15967,
-0.16069,
-0.16171,
-0.16273,
-0.16375,
-0.16477,
-0.16579,
-0.1668,
-0.16782,
-0.16884,
-0.16986,
-0.17088,
-0.1719,
-0.17291,
-0.17393,
-0.17495,
-0.17597,
-0.17698,
-0.178,
-0.17902,
-0.18003,
-0.18105,
-0.18207,
-0.18308,
-0.1841,
-0.18511,
-0.18613,
-0.18714,
-0.18816,
-0.18917,
-0.19018,
-0.19119,
-0.19221,
-0.19322,
-0.19423,
-0.19524,
-0.19625,
-0.19726,
-0.19827,
-0.19928,
-0.20029,
-0.2013,
-0.2023,
-0.20331,
-0.20432,
-0.20532,
-0.20633,
-0.20733,
-0.20834,
-0.20934,
-0.21034,
-0.21135,
-0.21235,
-0.21335,
-0.21435,
-0.21535,
-0.21635,
-0.21734,
-0.21834,
-0.21934,
-0.22033,
-0.22133,
-0.22232,
-0.22331,
-0.22431,
-0.2253,
-0.22629,
-0.22728,
-0.22827,
-0.22926,
-0.23024,
-0.23123,
-0.23221,
-0.2332,
-0.23418,
-0.23516,
-0.23615,
-0.23713,
-0.23811,
-0.23908,
-0.24006,
-0.24104,
-0.24201,
-0.24299,
-0.24396,
-0.24493,
-0.2459,
-0.24687,
-0.24784,
-0.24881,
-0.24978,
-0.25074,
-0.25171,
-0.25267,
-0.25363,
-0.25459,
-0.25555,
-0.25651,
-0.25747,
-0.25842,
-0.25938,
-0.26033,
-0.26128,
-0.26223,
-0.26318,
-0.26413,
-0.26507,
-0.26602,
-0.26696,
-0.2679,
-0.26884,
-0.26978,
-0.27072,
-0.27166,
-0.27259,
-0.27353,
-0.27446,
-0.27539,
-0.27632,
-0.27725,
-0.27817,
-0.2791,
-0.28002,
-0.28094,
-0.28186,
-0.28278,
-0.2837,
-0.28461,
-0.28552,
-0.28644,
-0.28735,
-0.28825,
-0.28916,
-0.29007,
-0.29097,
-0.29187,
-0.29277,
-0.29367,
-0.29457,
-0.29546,
-0.29635,
-0.29724,
-0.29813,
-0.29902,
-0.29991,
-0.30079,
-0.30167,
-0.30255,
-0.30343,
-0.30431,
-0.30518,
-0.30605,
-0.30692,
-0.30779,
-0.30866,
-0.30953,
-0.31039,
-0.31125,
-0.31211,
-0.31296,
-0.31382,
-0.31467,
-0.31552,
-0.31637,
-0.31722,
-0.31806,
-0.31891,
-0.31975,
-0.32058,
-0.32142,
-0.32226,
-0.32309,
-0.32392,
-0.32474,
-0.32557,
-0.32639,
-0.32721,
-0.32803,
-0.32885,
-0.32966,
-0.33048,
-0.33129,
-0.33209,
-0.3329,
-0.3337,
-0.3345,
-0.3353,
-0.3361,
-0.33689,
-0.33768,
-0.33847,
-0.33926,
-0.34004,
-0.34083,
-0.34161,
-0.34238,
-0.34316,
-0.34393,
-0.3447,
-0.34547,
-0.34623,
-0.347,
-0.34776,
-0.34851,
-0.34927,
-0.35002,
-0.35077,
-0.35152,
-0.35226,
-0.35301,
-0.35375,
-0.35448,
-0.35522,
-0.35595,
-0.35668,
-0.35741,
-0.35813,
-0.35885,
-0.35957,
-0.36029,
-0.361,
-0.36171,
-0.36242,
-0.36313,
-0.36383,
-0.36453,
-0.36523,
-0.36592,
-0.36662,
-0.36731,
-0.36799,
-0.36868,
-0.36936,
-0.37003,
-0.37071,
-0.37138,
-0.37205,
-0.37272,
-0.37338,
-0.37404,
-0.3747,
-0.37536,
-0.37601,
-0.37666,
-0.37731,
-0.37795,
-0.37859,
-0.37923,
-0.37987,
-0.3805,
-0.38113,
-0.38175,
-0.38238,
-0.383,
-0.38361,
-0.38423,
-0.38484,
-0.38545,
-0.38605,
-0.38666,
-0.38725,
-0.38785,
-0.38844,
-0.38903,
-0.38962,
-0.3902,
-0.39079,
-0.39136,
-0.39194,
-0.39251,
-0.39308,
-0.39364,
-0.3942,
-0.39476,
-0.39532,
-0.39587,
-0.39642,
-0.39697,
-0.39751,
-0.39805,
-0.39859,
-0.39912,
-0.39965,
-0.40018,
-0.4007,
-0.40122,
-0.40174,
-0.40225,
-0.40276,
-0.40327,
-0.40378,
-0.40428,
-0.40477,
-0.40527,
-0.40576,
-0.40625,
-0.40673,
-0.40721,
-0.40769,
-0.40816,
-0.40863,
-0.4091,
-0.40957,
-0.41003,
-0.41048,
-0.41094,
-0.41139,
-0.41184,
-0.41228,
-0.41272,
-0.41316,
-0.41359,
-0.41402,
-0.41445,
-0.41487,
-0.41529,
-0.41571,
-0.41612,
-0.41653,
-0.41694,
-0.41734,
-0.41774,
-0.41813,
-0.41853,
-0.41891,
-0.4193,
-0.41968,
-0.42006,
-0.42043,
-0.4208,
-0.42117,
-0.42154,
-0.4219,
-0.42225,
-0.42261,
-0.42296,
-0.4233,
-0.42364,
-0.42398,
-0.42432,
-0.42465,
-0.42498,
-0.4253,
-0.42562,
-0.42594,
-0.42625,
-0.42656,
-0.42687,
-0.42717,
-0.42747,
-0.42777,
-0.42806,
-0.42835,
-0.42863,
-0.42891,
-0.42919,
-0.42946,
-0.42973,
-0.43,
-0.43026,
-0.43052,
-0.43078,
-0.43103,
-0.43128,
-0.43152,
-0.43176,
-0.432,
-0.43223,
-0.43246,
-0.43269,
-0.43291,
-0.43313,
-0.43334,
-0.43355,
-0.43376,
-0.43396,
-0.43416,
-0.43436,
-0.43455,
-0.43474,
-0.43492,
-0.4351,
-0.43528,
-0.43545,
-0.43562,
-0.43579,
-0.43595,
-0.43611,
-0.43626,
-0.43641,
-0.43656,
-0.4367,
-0.43684,
-0.43698,
-0.43711,
-0.43724,
-0.43736,
-0.43748,
-0.4376,
-0.43771,
-0.43782,
-0.43792,
-0.43802,
-0.43812,
-0.43822,
-0.43831,
-0.43839,
-0.43847,
-0.43855,
-0.43863,
-0.4387,
-0.43876,
-0.43883,
-0.43889,
-0.43894,
-0.43899,
-0.43904,
-0.43909,
-0.43913,
-0.43916,
-0.43919,
-0.43922,
-0.43925,
-0.43927,
-0.43929,
-0.4393,
-0.43931,
-0.43932,
-0.43932,
-0.43932,
-0.43931,
-0.4393,
-0.43929,
-0.43927,
-0.43925,
-0.43922,
-0.43919,
-0.43916,
-0.43913,
-0.43909,
-0.43904,
-0.43899,
-0.43894,
-0.43889,
-0.43883,
-0.43876,
-0.4387,
-0.43863,
-0.43855,
-0.43847,
-0.43839,
-0.4383,
-0.43821,
-0.43812,
-0.43802,
-0.43792,
-0.43782,
-0.43771,
-0.43759,
-0.43748,
-0.43736,
-0.43723,
-0.4371,
-0.43697,
-0.43684,
-0.4367,
-0.43655,
-0.43641,
-0.43626,
-0.4361,
-0.43594,
-0.43578,
-0.43561,
-0.43544,
-0.43527,
-0.43509,
-0.43491,
-0.43473,
-0.43454,
-0.43434,
-0.43415,
-0.43395,
-0.43374,
-0.43354,
-0.43332,
-0.43311,
-0.43289,
-0.43267,
-0.43244,
-0.43221,
-0.43198,
-0.43174,
-0.4315,
-0.43125,
-0.431,
-0.43075,
-0.43049,
-0.43023,
-0.42997,
-0.4297,
-0.42943,
-0.42916,
-0.42888,
-0.4286,
-0.42831,
-0.42802,
-0.42773,
-0.42743,
-0.42713,
-0.42682,
-0.42652,
-0.42621,
-0.42589,
-0.42557,
-0.42525,
-0.42492,
-0.42459,
-0.42426,
-0.42392,
-0.42358,
-0.42323,
-0.42289,
-0.42253,
-0.42218,
-0.42182,
-0.42146,
-0.42109,
-0.42072,
-0.42035,
-0.41997,
-0.41959,
-0.41921,
-0.41882,
-0.41843,
-0.41803,
-0.41763,
-0.41723,
-0.41683,
-0.41642,
-0.41601,
-0.41559,
-0.41517,
-0.41475,
-0.41432,
-0.41389,
-0.41346,
-0.41302,
-0.41258,
-0.41214,
-0.41169,
-0.41124,
-0.41078,
-0.41033,
-0.40986,
-0.4094,
-0.40893,
-0.40846,
-0.40799,
-0.40751,
-0.40703,
-0.40654,
-0.40605,
-0.40556,
-0.40507,
-0.40457,
-0.40406,
-0.40356,
-0.40305,
-0.40254,
-0.40202,
-0.40151,
-0.40098,
-0.40046,
-0.39993,
-0.3994,
-0.39886,
-0.39832,
-0.39778,
-0.39724,
-0.39669,
-0.39614,
-0.39558,
-0.39503,
-0.39446,
-0.3939,
-0.39333,
-0.39276,
-0.39219,
-0.39161,
-0.39103,
-0.39045,
-0.38986,
-0.38927,
-0.38868,
-0.38808,
-0.38748,
-0.38688,
-0.38627,
-0.38567,
-0.38505,
-0.38444,
-0.38382,
-0.3832,
-0.38258,
-0.38195,
-0.38132,
-0.38069,
-0.38005,
-0.37941,
-0.37877,
-0.37813,
-0.37748,
-0.37683,
-0.37617,
-0.37552,
-0.37486,
-0.37419,
-0.37353,
-0.37286,
-0.37219,
-0.37151,
-0.37084,
-0.37016,
-0.36947,
-0.36879,
-0.3681,
-0.36741,
-0.36671,
-0.36601,
-0.36531,
-0.36461,
-0.36391,
-0.3632,
-0.36249,
-0.36177,
-0.36106,
-0.36034,
-0.35961,
-0.35889,
-0.35816,
-0.35743,
-0.3567,
-0.35596,
-0.35522,
-0.35448,
-0.35374,
-0.35299,
-0.35224,
-0.35149,
-0.35074,
-0.34998,
-0.34922,
-0.34846,
-0.34769,
-0.34693,
-0.34616,
-0.34539,
-0.34461,
-0.34383,
-0.34305,
-0.34227,
-0.34149,
-0.3407,
-0.33991,
-0.33912,
-0.33832,
-0.33753,
-0.33673,
-0.33593,
-0.33512,
-0.33432,
-0.33351,
-0.3327,
-0.33188,
-0.33107,
-0.33025,
-0.32943,
-0.3286,
-0.32778,
-0.32695,
-0.32612,
-0.32529,
-0.32446,
-0.32362,
-0.32278,
-0.32194,
-0.3211,
-0.32025,
-0.31941,
-0.31856,
-0.3177,
-0.31685,
-0.31599,
-0.31514,
-0.31428,
-0.31341,
-0.31255,
-0.31168,
-0.31082,
-0.30995,
-0.30907,
-0.3082,
-0.30732,
-0.30644,
-0.30556,
-0.30468,
-0.3038,
-0.30291,
-0.30202,
-0.30113,
-0.30024,
-0.29935,
-0.29845,
-0.29755,
-0.29665,
-0.29575,
-0.29485,
-0.29394,
-0.29304,
-0.29213,
-0.29122,
-0.29031,
-0.28939,
-0.28848,
-0.28756,
-0.28664,
-0.28572,
-0.2848,
-0.28387,
-0.28295,
-0.28202,
-0.28109,
-0.28016,
-0.27923,
-0.27829,
-0.27736,
-0.27642,
-0.27548,
-0.27454,
-0.2736,
-0.27266,
-0.27171,
-0.27077,
-0.26982,
-0.26887,
-0.26792,
-0.26697,
-0.26601,
-0.26506,
-0.2641,
-0.26314,
-0.26218,
-0.26122,
-0.26026,
-0.2593,
-0.25833,
-0.25737,
-0.2564,
-0.25543,
-0.25446,
-0.25349,
-0.25252,
-0.25155,
-0.25057,
-0.2496,
-0.24862,
-0.24764,
-0.24666,
-0.24568,
-0.2447,
-0.24372,
-0.24273,
-0.24175,
-0.24076,
-0.23977,
-0.23879,
-0.2378,
-0.23681,
-0.23581,
-0.23482,
-0.23383,
-0.23283,
-0.23184,
-0.23084,
-0.22985,
-0.22885,
-0.22785,
-0.22685,
-0.22585,
-0.22485,
-0.22384,
-0.22284,
-0.22184,
-0.22083,
-0.21982,
-0.21882,
-0.21781,
-0.2168,
-0.21579,
-0.21478,
-0.21377,
-0.21276,
-0.21175,
-0.21074,
-0.20972,
-0.20871,
-0.2077,
-0.20668,
-0.20567,
-0.20465,
-0.20363,
-0.20261,
-0.2016,
-0.20058,
-0.19956,
-0.19854,
-0.19752,
-0.1965,
-0.19548,
-0.19446,
-0.19343,
-0.19241,
-0.19139,
-0.19036,
-0.18934,
-0.18832,
-0.18729,
-0.18627,
-0.18524,
-0.18422,
-0.18319,
-0.18216,
-0.18114,
-0.18011,
-0.17908,
-0.17806,
-0.17703,
-0.176,
-0.17497,
-0.17395,
-0.17292,
-0.17189,
-0.17086,
-0.16983,
-0.1688,
-0.16777,
-0.16674,
-0.16572,
-0.16469,
-0.16366,
-0.16263,
-0.1616,
-0.16057,
-0.15954,
-0.15851,
-0.15748,
-0.15645,
-0.15542,
-0.15439,
-0.15336,
-0.15233,
-0.1513,
-0.15028,
-0.14925,
-0.14822,
-0.14719,
-0.14616,
-0.14513,
-0.1441,
-0.14308,
-0.14205,
-0.14102,
-0.13999,
-0.13897,
-0.13794,
-0.13691,
-0.13589,
-0.13486,
-0.13384,
-0.13281,
-0.13179,
-0.13076,
-0.12974,
-0.12871,
-0.12769,
-0.12667,
-0.12565,
-0.12462,
-0.1236,
-0.12258,
-0.12156,
-0.12054,
-0.11952,
-0.1185,
-0.11748,
-0.11647,
-0.11545,
-0.11443,
-0.11341,
-0.1124,
-0.11138,
-0.11037,
-0.10935,
-0.10834,
-0.10733,
-0.10632,
-0.1053,
-0.10429,
-0.10328,
-0.10227,
-0.10127,
-0.10026,
-0.099251,
-0.098245,
-0.097239,
-0.096235,
-0.095231,
-0.094227,
-0.093225,
-0.092224,
-0.091223,
-0.090223,
-0.089224,
-0.088226,
-0.087229,
-0.086233,
-0.085237,
-0.084243,
-0.083249,
-0.082257,
-0.081265,
-0.080275,
-0.079285,
-0.078296,
-0.077309,
-0.076322,
-0.075337,
-0.074352,
-0.073369,
-0.072386,
-0.071405,
-0.070425,
-0.069446,
-0.068468,
-0.067491,
-0.066515,
-0.065541,
-0.064567,
-0.063595,
-0.062624,
-0.061654,
-0.060685,
-0.059718,
-0.058752,
-0.057787,
-0.056823,
-0.055861,
-0.0549,
-0.05394,
-0.052981,
-0.052024,
-0.051068,
-0.050113,
-0.04916,
-0.048208,
-0.047257,
-0.046308,
-0.04536,
-0.044414,
-0.043468,
-0.042525,
-0.041583,
-0.040642,
-0.039702,
-0.038764,
-0.037828,
-0.036893,
-0.035959,
-0.035027,
-0.034097,
-0.033168,
-0.032241,
-0.031315,
-0.03039,
-0.029467,
-0.028546,
-0.027627,
-0.026708,
-0.025792,
-0.024877,
-0.023964,
-0.023052,
-0.022142,
-0.021234,
-0.020327,
-0.019422,
-0.018519,
-0.017617,
-0.016717,
-0.015818,
-0.014922,
-0.014027,
-0.013134,
-0.012242,
-0.011353,
-0.010465,
-0.0095787,
-0.0086943,
-0.0078117,
-0.0069309,
-0.0060519,
-0.0051747,
-0.0042994,
-0.0034258,
-0.0025541,
-0.0016843,
-0.00081627,
4.9874e-05,
0.00091414,
0.0017765,
0.002637,
0.0034956,
0.0043523,
0.0052071,
0.00606,
0.0069109,
0.0077599,
0.0086069,
0.009452,
0.010295,
0.011136,
0.011975,
0.012813,
0.013648,
0.014481,
0.015312,
0.016141,
0.016969,
0.017794,
0.018617,
0.019438,
0.020257,
0.021074,
0.021888,
0.022701,
0.023512,
0.02432,
0.025127,
0.025931,
0.026733,
0.027534,
0.028332,
0.029127,
0.029921,
0.030713,
0.031502,
0.032289,
0.033074,
0.033857,
0.034638,
0.035417,
0.036193,
0.036967,
0.037739,
0.038509,
0.039276,
0.040041,
0.040804,
0.041565,
0.042324,
0.04308,
0.043834,
0.044586,
0.045335,
0.046082,
0.046827,
0.04757,
0.04831,
0.049048,
0.049784,
0.050517,
0.051249,
0.051977,
0.052704,
0.053428,
0.05415,
0.054869,
0.055586,
0.056301,
0.057013,
0.057724,
0.058431,
0.059136,
0.059839,
0.06054,
0.061238,
0.061934,
0.062627,
0.063318,
0.064007,
0.064693,
0.065377,
0.066058,
0.066737,
0.067413,
0.068087,
0.068759,
0.069428,
0.070095,
0.070759,
0.071421,
0.07208,
0.072737,
0.073392,
0.074044,
0.074693,
0.07534,
0.075985,
0.076627,
0.077266,
0.077904,
0.078538,
0.07917,
0.0798,
0.080427,
0.081052,
0.081674,
0.082294,
0.082911,
0.083525,
0.084137,
0.084747,
0.085354,
0.085959,
0.086561,
0.08716,
0.087757,
0.088351,
0.088943,
0.089533,
0.090119,
0.090704,
0.091285,
0.091865,
0.092441,
0.093015,
0.093587,
0.094156,
0.094722,
0.095286,
0.095848,
0.096406,
0.096962,
0.097516,
0.098067,
0.098616,
0.099162,
0.099705,
0.10025,
0.10078,
0.10132,
0.10185,
0.10238,
0.10291,
0.10344,
0.10396,
0.10448,
0.105,
0.10551,
0.10603,
0.10654,
0.10704,
0.10755,
0.10805,
0.10855,
0.10905,
0.10954,
0.11003,
0.11052,
0.11101,
0.11149,
0.11197,
0.11245,
0.11293,
0.1134,
0.11388,
0.11434,
0.11481,
0.11527,
0.11573,
0.11619,
0.11665,
0.1171,
0.11755,
0.118,
0.11845,
0.11889,
0.11933,
0.11977,
0.1202,
0.12064,
0.12107,
0.1215,
0.12192,
0.12234,
0.12276,
0.12318,
0.1236,
0.12401,
0.12442,
0.12483,
0.12523,
0.12563,
0.12603,
0.12643,
0.12682,
0.12722,
0.12761,
0.12799,
0.12838,
0.12876,
0.12914,
0.12952,
0.12989,
0.13026,
0.13063,
0.131,
0.13137,
0.13173,
0.13209,
0.13244,
0.1328,
0.13315,
0.1335,
0.13385,
0.13419,
0.13454,
0.13488,
0.13521,
0.13555,
0.13588,
0.13621,
0.13654,
0.13686,
0.13719,
0.13751,
0.13782,
0.13814,
0.13845,
0.13876,
0.13907,
0.13938,
0.13968,
0.13998,
0.14028,
0.14058,
0.14087,
0.14116,
0.14145,
0.14174,
0.14202,
0.14231,
0.14259,
0.14286,
0.14314,
0.14341,
0.14368,
0.14395,
0.14421,
0.14448,
0.14474,
0.145,
0.14526,
0.14551,
0.14576,
0.14601,
0.14626,
0.1465,
0.14675,
0.14699,
0.14723,
0.14746,
0.1477,
0.14793,
0.14816,
0.14839,
0.14861,
0.14883,
0.14905,
0.14927,
0.14949,
0.1497,
0.14992,
0.15013,
0.15033,
0.15054,
0.15074,
0.15094,
0.15114,
0.15134,
0.15153,
0.15173,
0.15192,
0.15211,
0.15229,
0.15248,
0.15266,
0.15284,
0.15302,
0.1532,
0.15337,
0.15354,
0.15371,
0.15388,
0.15405,
0.15421,
0.15437,
0.15453,
0.15469,
0.15485,
0.155,
0.15515,
0.15531,
0.15545,
0.1556,
0.15574,
0.15589,
0.15603,
0.15617,
0.1563,
0.15644,
0.15657,
0.1567,
0.15683,
0.15696,
0.15709,
0.15721,
0.15734,
0.15746,
0.15757,
0.15769,
0.15781,
0.15792,
0.15803,
0.15814,
0.15825,
0.15836,
0.15846,
0.15856,
0.15867,
0.15877,
0.15886,
0.15896,
0.15906,
0.15915,
0.15924,
0.15933,
0.15942,
0.1595,
0.15959,
0.15967,
0.15975,
0.15983,
0.15991,
0.15999,
0.16007,
0.16014,
0.16021,
0.16028,
0.16035,
0.16042,
0.16049,
0.16055,
0.16062,
0.16068,
0.16074,
0.1608,
0.16086,
0.16091,
0.16097,
0.16102,
0.16107,
0.16113,
0.16118,
0.16122,
0.16127,
0.16132,
0.16136,
0.1614,
0.16145,
0.16149,
0.16153,
0.16156,
0.1616,
0.16164,
0.16167,
0.1617,
0.16173,
0.16177,
0.16179,
0.16182,
0.16185,
0.16188,
0.1619,
0.16193,
0.16195,
0.16197,
0.16199,
0.16201,
0.16203,
0.16205,
0.16206,
0.16208,
0.16209,
0.1621,
0.16212,
0.16213,
0.16214,
0.16215,
0.16216,
0.16216,
0.16217,
0.16218,
0.16218,
0.16218,
0.16219,
0.16219,
0.16219,
0.16219,
0.16219,
0.16219,
0.16219,
0.16218,
0.16218,
0.16218,
0.16217,
0.16217,
0.16216,
0.16215,
0.16214,
0.16213,
0.16213,
0.16212,
0.1621,
0.16209,
0.16208,
0.16207,
0.16205,
0.16204,
0.16203,
0.16201,
0.162,
0.16198,
0.16196,
0.16195,
0.16193,
0.16191,
0.16189,
0.16187,
0.16185,
0.16183,
0.16181,
0.16179,
0.16177,
0.16175,
0.16172,
0.1617,
0.16168,
0.16166,
0.16163,
0.16161,
0.16158,
0.16156,
0.16153,
0.16151,
0.16148,
0.16146,
0.16143,
0.1614,
0.16138,
0.16135,
0.16132,
0.1613,
0.16127,
0.16124,
0.16122,
0.16119,
0.16116,
0.16113,
0.1611,
0.16108,
0.16105,
0.16102,
0.16099,
0.16096,
0.16093,
0.1609,
0.16088,
0.16085,
0.16082,
0.16079,
0.16076,
0.16073,
0.16071,
0.16068,
0.16065,
0.16062,
0.16059,
0.16057,
0.16054,
0.16051,
0.16048,
0.16046,
0.16043,
0.1604,
0.16037,
0.16035,
0.16032,
0.1603,
0.16027,
0.16024,
0.16022,
0.16019,
0.16017,
0.16015,
0.16012,
0.1601,
0.16008,
0.16005,
0.16003,
0.16001,
0.15999,
0.15996,
0.15994,
0.15992,
0.1599,
0.15988,
0.15986,
0.15984,
0.15983,
0.15981,
0.15979,
0.15977,
0.15976,
0.15974,
0.15973,
0.15971,
0.1597,
0.15969,
0.15967,
0.15966,
0.15965,
0.15964,
0.15963,
0.15962,
0.15961,
0.1596,
0.15959,
0.15958,
0.15958,
0.15957,
0.15957,
0.15956,
0.15956,
0.15956,
0.15956,
0.15955,
0.15955,
0.15955,
0.15956,
0.15956,
0.15956,
0.15956,
0.15957,
0.15957,
0.15958,
0.15959,
0.1596,
0.1596,
0.15961,
0.15962,
0.15964,
0.15965,
0.15966,
0.15968,
0.15969,
0.15971,
0.15973,
0.15975,
0.15976,
0.15979,
0.15981,
0.15983,
0.15985,
0.15988,
0.1599,
0.15993,
0.15996,
0.15999,
0.16002,
0.16005,
0.16008,
0.16011,
0.16015,
0.16018,
0.16022,
0.16026,
0.1603,
0.16034,
0.16038,
0.16042,
0.16047,
0.16051,
0.16056,
0.16061,
0.16066,
0.16071,
0.16076,
0.16081,
0.16087,
0.16092,
0.16098,
0.16104,
0.16109,
0.16116,
0.16122,
0.16128,
0.16135,
0.16141,
0.16148,
0.16155,
0.16162,
0.16169,
0.16176,
0.16184,
0.16191,
0.16199,
0.16207,
0.16215,
0.16223,
0.16231,
0.1624,
0.16248,
0.16257,
0.16266,
0.16275,
0.16284,
0.16294,
0.16303,
0.16313,
0.16323,
0.16333,
0.16343,
0.16353,
0.16363,
0.16374,
0.16385,
0.16396,
0.16407,
0.16418,
0.16429,
0.16441,
0.16453,
0.16464,
0.16476,
0.16489,
0.16501,
0.16513,
0.16526,
0.16539,
0.16552,
0.16565,
0.16579,
0.16592,
0.16606,
0.1662,
0.16634,
0.16648,
0.16662,
0.16677,
0.16692,
0.16707,
0.16722,
0.16737,
0.16752,
0.16768,
0.16784,
0.168,
0.16816,
0.16832,
0.16849,
0.16865,
0.16882,
0.16899,
0.16916,
0.16934,
0.16951,
0.16969,
0.16987,
0.17005,
0.17023,
0.17042,
0.17061,
0.1708,
0.17099,
0.17118,
0.17137,
0.17157,
0.17177,
0.17197,
0.17217,
0.17237,
0.17258,
0.17278,
0.17299,
0.17321,
0.17342,
0.17363,
0.17385,
0.17407,
0.17429,
0.17451,
0.17474,
0.17497,
0.17519,
0.17542,
0.17566,
0.17589,
0.17613,
0.17637,
0.17661,
0.17685,
0.17709,
0.17734,
0.17759,
0.17784,
0.17809,
0.17835,
0.1786,
0.17886,
0.17912,
0.17938,
0.17965,
0.17991,
0.18018,
0.18045,
0.18072,
0.181,
0.18127,
0.18155,
0.18183,
0.18212,
0.1824,
0.18269,
0.18297,
0.18326,
0.18356,
0.18385,
0.18415,
0.18445,
0.18475,
0.18505,
0.18536,
0.18566,
0.18597,
0.18628,
0.18659,
0.18691,
0.18723,
0.18755,
0.18787,
0.18819,
0.18852,
0.18884,
0.18917,
0.1895,
0.18984,
0.19017,
0.19051,
0.19085,
0.19119,
0.19154,
0.19188,
0.19223,
0.19258,
0.19293,
0.19329,
0.19364,
0.194,
0.19436,
0.19472,
0.19509,
0.19546,
0.19582,
0.19619,
0.19657,
0.19694,
0.19732,
0.1977,
0.19808,
0.19846,
0.19885,
0.19923,
0.19962,
0.20002,
0.20041,
0.2008,
0.2012,
0.2016,
0.202,
0.20241,
0.20281,
0.20322,
0.20363,
0.20404,
0.20446,
0.20487,
0.20529,
0.20571,
0.20613,
0.20656,
0.20698,
0.20741,
0.20784,
0.20828,
0.20871,
0.20915,
0.20959,
0.21003,
0.21047,
0.21091,
0.21136,
0.21181,
0.21226,
0.21271,
0.21317,
0.21362,
0.21408,
0.21454,
0.21501,
0.21547,
0.21594,
0.21641,
0.21688,
0.21735,
0.21783,
0.2183,
0.21878,
0.21926,
0.21974,
0.22023,
0.22072,
0.2212,
0.22169,
0.22219,
0.22268,
0.22318,
0.22368,
0.22418,
0.22468,
0.22518,
0.22569,
0.2262,
0.22671,
0.22722,
0.22773,
0.22825,
0.22877,
0.22929,
0.22981,
0.23033,
0.23086,
0.23139,
0.23191,
0.23245,
0.23298,
0.23351,
0.23405,
0.23459,
0.23513,
0.23567,
0.23621,
0.23676,
0.23731,
0.23786,
0.23841,
0.23896,
0.23952,
0.24007,
0.24063,
0.24119,
0.24176,
0.24232,
0.24289,
0.24345,
0.24402,
0.24459,
0.24517,
0.24574,
0.24632,
0.2469,
0.24748,
0.24806,
0.24864,
0.24923,
0.24981,
0.2504,
0.25099,
0.25159,
0.25218,
0.25277,
0.25337,
0.25397,
0.25457,
0.25517,
0.25578,
0.25638,
0.25699,
0.2576,
0.25821,
0.25882,
0.25943,
0.26005,
0.26067,
0.26128,
0.2619,
0.26253,
0.26315,
0.26377,
0.2644,
0.26503,
0.26566,
0.26629,
0.26692,
0.26756,
0.26819,
0.26883,
0.26947,
0.27011,
0.27075,
0.27139,
0.27204,
0.27268,
0.27333,
0.27398,
0.27463,
0.27528,
0.27593,
0.27659,
0.27724,
0.2779,
0.27856,
0.27922,
0.27988,
0.28054,
0.28121,
0.28187,
0.28254,
0.28321,
0.28388,
0.28455,
0.28522,
0.2859,
0.28657,
0.28725,
0.28792,
0.2886,
0.28928,
0.28996,
0.29065,
0.29133,
0.29201,
0.2927,
0.29339,
0.29408,
0.29477,
0.29546,
0.29615,
0.29684,
0.29754,
0.29823,
0.29893,
0.29963,
0.30032,
0.30102,
0.30173,
0.30243,
0.30313,
0.30383,
0.30454,
0.30525,
0.30595,
0.30666,
0.30737,
0.30808,
0.30879,
0.30951,
0.31022,
0.31093,
0.31165,
0.31236,
0.31308,
0.3138,
0.31452,
0.31524,
0.31596,
0.31668,
0.3174,
0.31813,
0.31885,
0.31958,
0.3203,
0.32103,
0.32176,
0.32248,
0.32321,
0.32394,
0.32467,
0.32541,
0.32614,
0.32687,
0.3276,
0.32834,
0.32907,
0.32981,
0.33055,
0.33128,
0.33202,
0.33276,
0.3335,
0.33424,
0.33498,
0.33572,
0.33646,
0.3372,
0.33794,
0.33869,
0.33943,
0.34017,
0.34092,
0.34166,
0.34241,
0.34316,
0.3439,
0.34465,
0.3454,
0.34615,
0.34689,
0.34764,
0.34839,
0.34914,
0.34989,
0.35064,
0.35139,
0.35214,
0.3529,
0.35365,
0.3544,
0.35515,
0.3559,
0.35666,
0.35741,
0.35816,
0.35892,
0.35967,
0.36043,
0.36118,
0.36193,
0.36269,
0.36344,
0.3642,
0.36495,
0.36571,
0.36647,
0.36722,
0.36798,
0.36873,
0.36949,
0.37024,
0.371,
0.37176,
0.37251,
0.37327,
0.37402,
0.37478,
0.37553,
0.37629,
0.37705,
0.3778,
0.37856,
0.37931,
0.38007,
0.38082,
0.38158,
0.38233,
0.38309,
0.38384,
0.3846,
0.38535,
0.3861,
0.38686,
0.38761,
0.38837,
0.38912,
0.38987,
0.39062,
0.39138,
0.39213,
0.39288,
0.39363,
0.39438,
0.39513,
0.39588,
0.39663,
0.39738,
0.39813,
0.39888,
0.39962,
0.40037,
0.40112,
0.40187,
0.40261,
0.40336,
0.4041,
0.40485,
0.40559,
0.40633,
0.40708,
0.40782,
0.40856,
0.4093,
0.41004,
0.41078,
0.41152,
0.41226,
0.413,
0.41373,
0.41447,
0.4152,
0.41594,
0.41667,
0.41741,
0.41814,
0.41887,
0.4196,
0.42033,
0.42106,
0.42179,
0.42252,
0.42324,
0.42397,
0.42469,
0.42542,
0.42614,
0.42686,
0.42758,
0.4283,
0.42902,
0.42974,
0.43046,
0.43117,
0.43189,
0.4326,
0.43331,
0.43403,
0.43474,
0.43545,
0.43615,
0.43686,
0.43757,
0.43827,
0.43898,
0.43968,
0.44038,
0.44108,
0.44178,
0.44248,
0.44317,
0.44387,
0.44456,
0.44526,
0.44595,
0.44664,
0.44733,
0.44801,
0.4487,
0.44938,
0.45007,
0.45075,
0.45143,
0.45211,
0.45279,
0.45346,
0.45414,
0.45481,
0.45548,
0.45615,
0.45682,
0.45749,
0.45815,
0.45882,
0.45948,
0.46014,
0.4608,
0.46146,
0.46211,
0.46277,
0.46342,
0.46407,
0.46472,
0.46537,
0.46601,
0.46666,
0.4673,
0.46794,
0.46858,
0.46922,
0.46985,
0.47049,
0.47112,
0.47175,
0.47237,
0.473,
0.47363,
0.47425,
0.47487,
0.47549,
0.4761,
0.47672,
0.47733,
0.47794,
0.47855,
0.47916,
0.47976,
0.48036,
0.48097,
0.48156,
0.48216,
0.48276,
0.48335,
0.48394,
0.48453,
0.48511,
0.4857,
0.48628,
0.48686,
0.48744,
0.48801,
0.48858,
0.48916,
0.48972,
0.49029,
0.49085,
0.49142,
0.49198,
0.49253,
0.49309,
0.49364,
0.49419,
0.49474,
0.49529,
0.49583,
0.49637,
0.49691,
0.49745,
0.49798,
0.49851,
0.49904,
0.49957,
0.50009,
0.50061,
0.50113,
0.50165,
0.50216,
0.50267,
0.50318,
0.50369,
0.50419,
0.50469,
0.50519,
0.50569,
0.50618,
0.50667,
0.50716,
0.50765,
0.50813,
0.50861,
0.50909,
0.50956,
0.51004,
0.51051,
0.51097,
0.51144,
0.5119,
0.51236,
0.51281,
0.51327,
0.51372,
0.51416,
0.51461,
0.51505,
0.51549,
0.51592,
0.51636,
0.51679,
0.51722,
0.51764,
0.51806,
0.51848,
0.5189,
0.51931,
0.51972,
0.52013,
0.52053,
0.52093,
0.52133,
0.52172,
0.52212,
0.52251,
0.52289,
0.52327,
0.52365,
0.52403,
0.5244,
0.52478,
0.52514,
0.52551,
0.52587,
0.52623,
0.52658,
0.52693,
0.52728,
0.52763,
0.52797,
0.52831,
0.52864,
0.52898,
0.52931,
0.52963,
0.52996,
0.53028,
0.53059,
0.53091,
0.53122,
0.53152,
0.53183,
0.53213,
0.53242,
0.53272,
0.53301,
0.53329,
0.53358,
0.53386,
0.53413,
0.5344,
0.53467,
0.53494,
0.5352,
0.53546,
0.53572,
0.53597,
0.53622,
0.53647,
0.53671,
0.53695,
0.53718,
0.53742,
0.53764,
0.53787,
0.53809,
0.53831,
0.53852,
0.53873,
0.53894,
0.53915,
0.53935,
0.53954,
0.53974,
0.53992,
0.54011,
0.54029,
0.54047,
0.54065,
0.54082,
0.54099,
0.54115,
0.54131,
0.54147,
0.54162,
0.54177,
0.54192,
0.54206,
0.5422,
0.54233,
0.54246,
0.54259,
0.54271,
0.54283,
0.54295,
0.54306,
0.54317,
0.54328,
0.54338,
0.54348,
0.54357,
0.54366,
0.54375,
0.54383,
0.54391,
0.54398,
0.54405,
0.54412,
0.54418,
0.54424,
0.5443,
0.54435,
0.5444,
0.54444,
0.54448,
0.54452,
0.54455,
0.54458,
0.54461,
0.54463,
0.54465,
0.54466,
0.54467,
0.54468,
0.54468,
0.54468,
0.54467,
0.54466,
0.54465,
0.54463,
0.54461,
0.54458,
0.54455,
0.54452,
0.54448,
0.54444,
0.5444,
0.54435,
0.5443,
0.54424,
0.54418,
0.54411,
0.54404,
0.54397,
0.5439,
0.54382,
0.54373,
0.54364,
0.54355,
0.54345,
0.54335,
0.54325,
0.54314,
0.54303,
0.54291,
0.54279,
0.54267,
0.54254,
0.54241,
0.54227,
0.54213,
0.54199,
0.54184,
0.54169,
0.54153,
0.54137,
0.54121,
0.54104,
0.54087,
0.54069,
0.54051,
0.54033,
0.54014,
0.53995,
0.53975,
0.53955,
0.53935,
0.53914,
0.53893,
0.53871,
0.53849,
0.53827,
0.53804,
0.53781,
0.53757,
0.53733,
0.53709,
0.53684,
0.53659,
0.53633,
0.53607,
0.53581,
0.53554,
0.53527,
0.53499,
0.53471,
0.53443,
0.53414,
0.53385,
0.53355,
0.53326,
0.53295,
0.53264,
0.53233,
0.53202,
0.5317,
0.53137,
0.53105,
0.53072,
0.53038,
0.53004,
0.5297,
0.52935,
0.529,
0.52864,
0.52829,
0.52792,
0.52756,
0.52719,
0.52681,
0.52643,
0.52605,
0.52566,
0.52527,
0.52488,
0.52448,
0.52408,
0.52367,
0.52326,
0.52285,
0.52243,
0.52201,
0.52159,
0.52116,
0.52072,
0.52029,
0.51985,
0.5194,
0.51896,
0.5185,
0.51805,
0.51759,
0.51712,
0.51666,
0.51619,
0.51571,
0.51523,
0.51475,
0.51426,
0.51377,
0.51328,
0.51278,
0.51228,
0.51178,
0.51127,
0.51076,
0.51024,
0.50972,
0.5092,
0.50867,
0.50814,
0.50761,
0.50707,
0.50653,
0.50598,
0.50543,
0.50488,
0.50432,
0.50376,
0.5032,
0.50263,
0.50206,
0.50149,
0.50091,
0.50033,
0.49974,
0.49915,
0.49856,
0.49796,
0.49737,
0.49676,
0.49616,
0.49555,
0.49493,
0.49432,
0.4937,
0.49307,
0.49244,
0.49181,
0.49118,
0.49054,
0.4899,
0.48926,
0.48861,
0.48796,
0.4873,
0.48665,
0.48598,
0.48532,
0.48465,
0.48398,
0.48331,
0.48263,
0.48195,
0.48126,
0.48058,
0.47988,
0.47919,
0.47849,
0.47779,
0.47709,
0.47638,
0.47567,
0.47496,
0.47424,
0.47352,
0.4728,
0.47207,
0.47134,
0.47061,
0.46987,
0.46914,
0.46839,
0.46765,
0.4669,
0.46615,
0.4654,
0.46464,
0.46388,
0.46312,
0.46235,
0.46158,
0.46081,
0.46004,
0.45926,
0.45848,
0.4577,
0.45691,
0.45612,
0.45533,
0.45453,
0.45374,
0.45294,
0.45213,
0.45133,
0.45052,
0.44971,
0.44889,
0.44807,
0.44725,
0.44643,
0.44561,
0.44478,
0.44395,
0.44312,
0.44228,
0.44144,
0.4406,
0.43976,
0.43891,
0.43806,
0.43721,
0.43636,
0.4355,
0.43464,
0.43378,
0.43291,
0.43205,
0.43118,
0.43031,
0.42943,
0.42856,
0.42768,
0.4268,
0.42592,
0.42503,
0.42414,
0.42325,
0.42236,
0.42146,
0.42057,
0.41967,
0.41877,
0.41786,
0.41696,
0.41605,
0.41514,
0.41423,
0.41331,
0.41239,
0.41147,
0.41055,
0.40963,
0.40871,
0.40778,
0.40685,
0.40592,
0.40498,
0.40405,
0.40311,
0.40217,
0.40123,
0.40029,
0.39934,
0.3984,
0.39745,
0.3965,
0.39555,
0.39459,
0.39364,
0.39268,
0.39172,
0.39076,
0.3898,
0.38883,
0.38786,
0.3869,
0.38593,
0.38496,
0.38398,
0.38301,
0.38203,
0.38105,
0.38007,
0.37909,
0.37811,
0.37713,
0.37614,
0.37515,
0.37417,
0.37318,
0.37219,
0.37119,
0.3702,
0.3692,
0.36821,
0.36721,
0.36621,
0.36521,
0.36421,
0.3632,
0.3622,
0.36119,
0.36019,
0.35918,
0.35817,
0.35716,
0.35615,
0.35514,
0.35412,
0.35311,
0.35209,
0.35107,
0.35006,
0.34904,
0.34802,
0.347,
0.34597,
0.34495,
0.34393,
0.3429,
0.34188,
0.34085,
0.33982,
0.33879,
0.33776,
0.33673,
0.3357,
0.33467,
0.33364,
0.33261,
0.33157,
0.33054,
0.3295,
0.32847,
0.32743,
0.3264,
0.32536,
0.32432,
0.32328,
0.32224,
0.3212,
0.32016,
0.31912,
0.31808,
0.31704,
0.316,
0.31495,
0.31391,
0.31287,
0.31182,
0.31078,
0.30974,
0.30869,
0.30765,
0.3066,
0.30556,
0.30451,
0.30346,
0.30242,
0.30137,
0.30032,
0.29928,
0.29823,
0.29718,
0.29614,
0.29509,
0.29404,
0.29299,
0.29195,
0.2909,
0.28985,
0.2888,
0.28776,
0.28671,
0.28566,
0.28462,
0.28357,
0.28252,
0.28148,
0.28043,
0.27938,
0.27834,
0.27729,
0.27625,
0.2752,
0.27415,
0.27311,
0.27207,
0.27102,
0.26998,
0.26893,
0.26789,
0.26685,
0.26581,
0.26476,
0.26372,
0.26268,
0.26164,
0.2606,
0.25956,
0.25852,
0.25748,
0.25645,
0.25541,
0.25437,
0.25334,
0.2523,
0.25127,
0.25023,
0.2492,
0.24817,
0.24713,
0.2461,
0.24507,
0.24404,
0.24301,
0.24199,
0.24096,
0.23993,
0.23891,
0.23788,
0.23686,
0.23583,
0.23481,
0.23379,
0.23277,
0.23175,
0.23073,
0.22972,
0.2287,
0.22769,
0.22667,
0.22566,
0.22465,
0.22364,
0.22263,
0.22162,
0.22061,
0.2196,
0.2186,
0.21759,
0.21659,
0.21559,
0.21459,
0.21359,
0.21259,
0.2116,
0.2106,
0.20961,
0.20861,
0.20762,
0.20663,
0.20565,
0.20466,
0.20367,
0.20269,
0.20171,
0.20072,
0.19974,
0.19877,
0.19779,
0.19681,
0.19584,
0.19487,
0.1939,
0.19293,
0.19196,
0.19099,
0.19003,
0.18907,
0.18811,
0.18715,
0.18619,
0.18523,
0.18428,
0.18333,
0.18238,
0.18143,
0.18048,
0.17953,
0.17859,
0.17765,
0.17671,
0.17577,
0.17483,
0.1739,
0.17296,
0.17203,
0.1711,
0.17018,
0.16925,
0.16833,
0.16741,
0.16649,
0.16557,
0.16465,
0.16374,
0.16283,
0.16192,
0.16101,
0.1601,
0.1592,
0.1583,
0.1574,
0.1565,
0.15561,
0.15471,
0.15382,
0.15293,
0.15205,
0.15116,
0.15028,
0.1494,
0.14852,
0.14765,
0.14677,
0.1459,
0.14503,
0.14416,
0.1433,
0.14244,
0.14158,
0.14072,
0.13986,
0.13901,
0.13816,
0.13731,
0.13646,
0.13562,
0.13478,
0.13394,
0.1331,
0.13227,
0.13144,
0.13061,
0.12978,
0.12895,
0.12813,
0.12731,
0.12649,
0.12568,
0.12487,
0.12406,
0.12325,
0.12244,
0.12164,
0.12084,
0.12004,
0.11925,
0.11846,
0.11767,
0.11688,
0.11609,
0.11531,
0.11453,
0.11375,
0.11298,
0.11221,
0.11144,
0.11067,
0.10991,
0.10915,
0.10839,
0.10763,
0.10688,
0.10613,
0.10538,
0.10463,
0.10389,
0.10315,
0.10241,
0.10168,
0.10095,
0.10022,
0.09949,
0.098767,
0.098045,
0.097327,
0.096611,
0.095899,
0.095188,
0.094481,
0.093776,
0.093075,
0.092376,
0.091679,
0.090986,
0.090295,
0.089607,
0.088922,
0.08824,
0.08756,
0.086884,
0.08621,
0.085539,
0.084871,
0.084205,
0.083543,
0.082883,
0.082226,
0.081572,
0.080921,
0.080273,
0.079627,
0.078985,
0.078345,
0.077708,
0.077074,
0.076443,
0.075815,
0.07519,
0.074567,
0.073948,
0.073331,
0.072717,
0.072107,
0.071499,
0.070894,
0.070291,
0.069692,
0.069096,
0.068502,
0.067912,
0.067324,
0.066739,
0.066158,
0.065579,
0.065003,
0.06443,
0.063859,
0.063292,
0.062728,
0.062166,
0.061608,
0.061052,
0.0605,
0.05995,
0.059403,
0.058859,
0.058318,
0.05778,
0.057245,
0.056713,
0.056184,
0.055657,
0.055134,
0.054613,
0.054096,
0.053581,
0.053069,
0.052561,
0.052055,
0.051552,
0.051051,
0.050554,
0.05006,
0.049569,
0.04908,
0.048595,
0.048112,
0.047632,
0.047155,
0.046681,
0.04621,
0.045742,
0.045277,
0.044814,
0.044355,
0.043898,
0.043444,
0.042994,
0.042546,
0.0421,
0.041658,
0.041219,
0.040782,
0.040349,
0.039918,
0.03949,
0.039065,
0.038642,
0.038223,
0.037806,
0.037392,
0.036981,
0.036573,
0.036168,
0.035766,
0.035366,
0.034969,
0.034575,
0.034184,
0.033795,
0.033409,
0.033026,
0.032646,
0.032269,
0.031894,
0.031522,
0.031153,
0.030787,
0.030423,
0.030062,
0.029704,
0.029349,
0.028996,
0.028646,
0.028298,
0.027954,
0.027612,
0.027273,
0.026936,
0.026602,
0.026271,
0.025943,
0.025617,
0.025293,
0.024973,
0.024655,
0.024339,
0.024027,
0.023717,
0.023409,
0.023104,
0.022802,
0.022502,
0.022205,
0.02191,
0.021618,
0.021329,
0.021042,
0.020757,
0.020475,
0.020196,
0.019919,
0.019645,
0.019373,
0.019103,
0.018836,
0.018572,
0.01831,
0.01805,
0.017793,
0.017538,
0.017286,
0.017036,
0.016789,
0.016544,
0.016301,
0.016061,
0.015823,
0.015587,
0.015354,
0.015123,
0.014894,
0.014668,
0.014444,
0.014222,
0.014003,
0.013786,
0.013571,
0.013358,
0.013148,
0.01294,
0.012734,
0.01253,
0.012329,
0.012129,
0.011932,
0.011737,
0.011545,
0.011354,
0.011165,
0.010979,
0.010795,
0.010613,
0.010433,
0.010255,
0.010079,
0.0099049,
0.0097331,
0.0095633,
0.0093956,
0.0092299,
0.0090662,
0.0089045,
0.0087447,
0.008587,
0.0084312,
0.0082773,
0.0081253,
0.0079753,
0.0078272,
0.007681,
0.0075367,
0.0073943,
0.0072537,
0.0071149,
0.006978,
0.0068429,
0.0067097,
0.0065782,
0.0064485,
0.0063206,
0.0061945,
0.0060701,
0.0059475,
0.0058266,
0.0057074,
0.0055898,
0.005474,
0.0053599,
0.0052474,
0.0051366,
0.0050274,
0.0049198,
0.0048139,
0.0047095,
0.0046068,
0.0045056,
0.0044059,
0.0043079,
0.0042113,
0.0041163,
0.0040228,
0.0039308,
0.0038402,
0.0037512,
0.0036636,
0.0035774,
0.0034927,
0.0034094,
0.0033275,
0.003247,
0.0031679,
0.0030901,
0.0030137,
0.0029386,
0.0028649,
0.0027925,
0.0027214,
0.0026515,
0.002583,
0.0025157,
0.0024497,
0.0023848,
0.0023213,
0.0022589,
0.0021977,
0.0021377,
0.0020789,
0.0020213,
0.0019648,
0.0019094,
0.0018551,
0.001802,
0.0017499,
0.0016989,
0.001649,
0.0016002,
0.0015523,
0.0015056,
0.0014598,
0.001415,
0.0013712,
0.0013284,
0.0012866,
0.0012457,
0.0012058,
0.0011668,
0.0011286,
0.0010914,
0.0010551,
0.0010197,
0.00098511,
0.00095139,
0.0009185,
0.00088644,
0.00085519,
0.00082475,
0.00079509,
0.00076621,
0.00073809,
0.00071073,
0.0006841,
0.0006582,
0.00063302,
0.00060855,
0.00058476,
0.00056166,
0.00053922,
0.00051744,
0.0004963,
0.0004758,
0.00045592,
0.00043664,
0.00041797,
0.00039988,
0.00038237,
0.00036542,
0.00034903,
0.00033317,
0.00031785,
0.00030305,
0.00028875,
0.00027495,
0.00026164,
0.00024881,
0.00023644,
0.00022453,
0.00021306,
0.00020202,
0.00019141,
0.00018121,
0.00017142,
0.00016201,
0.00015299,
0.00014435,
0.00013607,
0.00012814,
0.00012055,
0.0001133,
0.00010638,
9.9767e-05,
9.3465e-05,
8.7459e-05,
8.1743e-05,
7.6306e-05,
7.1139e-05,
6.6235e-05,
6.1584e-05,
5.7178e-05,
5.3009e-05,
4.9068e-05,
4.5348e-05,
4.184e-05,
3.8536e-05,
3.5428e-05,
3.251e-05,
2.9773e-05,
2.7211e-05,
2.4815e-05,
2.2579e-05,
2.0495e-05,
1.8557e-05,
1.6758e-05,
1.5092e-05,
1.3552e-05,
1.2131e-05,
1.0824e-05,
9.6244e-06,
8.5263e-06,
7.524e-06,
6.6119e-06,
5.7846e-06,
5.0368e-06,
4.3633e-06,
3.7592e-06,
3.2196e-06,
2.7398e-06,
2.3154e-06,
1.942e-06,
1.6154e-06,
1.3315e-06,
1.0866e-06,
8.7697e-07,
6.9908e-07,
5.496e-07,
4.2537e-07,
3.234e-07,
2.409e-07,
1.7524e-07,
1.2397e-07,
8.4832e-08,
5.5765e-08,
3.488e-08,
2.0485e-08,
1.1079e-08,
5.3529e-09,
2.1967e-09,
6.9638e-10,
1.3782e-10,
8.6301e-12,
0,