kp,ki,zeta
0,0,0.942851113489043
0.00306122448979592,0,0.930976935102169
0.00612244897959184,0,0.921087994237825
0.00918367346938775,0,0.912445863906279
0.0122448979591837,0,0.872726843980693
0.0153061224489796,0,0.810970048586198
0.0183673469387755,0,0.760687906161521
0.0214285714285714,0,0.719262546771811
0.0244897959183673,0,0.684730629931139
0.0275510204081633,0,0.655630848964231
0.0306122448979592,0,0.630868744302873
0.0336734693877551,0,0.609615012486318
0.036734693877551,0,0.591232793632805
0.0397959183673469,0,0.575226352949484
0.0428571428571429,0,0.561204777961278
0.0459183673469388,0,0.5488560656068
0.0489795918367347,0,0.537928404922859
0.0520408163265306,0,0.528216481981687
0.0551020408163265,0,0.519551328596142
0.0581632653061225,0,0.511792702217196
0.0612244897959184,0,0.504823296564644
0.0642857142857143,0,0.49854429284847
0.0673469387755102,0,0.492871904474227
0.0704081632653061,0,0.487734666445019
0.073469387755102,0,0.483071289050808
0.076530612244898,0,0.478828943529093
0.0795918367346939,0,0.47496188160497
0.0826530612244898,0,0.471430315437714
0.0857142857142857,0,0.468199502407671
0.0887755102040816,0,0.465238992325769
0.0918367346938776,0,0.462522004405728
0.0948979591836735,0,0.460024908642375
0.0979591836734694,0,0.453663257769624
0.101020408163265,0,0.439580763814843
0.104081632653061,0,0.425788024367601
0.107142857142857,0,0.412274288834058
0.110204081632653,0,0.399029397814604
0.113265306122449,0,0.386043738655671
0.116326530612245,0,0.373308204847235
0.119387755102041,0,0.360814159059832
0.122448979591837,0,0.348553399547634
0.125510204081633,0,0.336518129623199
0.128571428571429,0,0.324700929906336
0.131632653061224,0,0.313094733069287
0.13469387755102,0,0.301692800818003
0.137755102040816,0,0.290488702874927
0.140816326530612,0,0.279476297752634
0.143877551020408,0,0.268649715129916
0.146938775510204,0,0.258003339663613
0.15,0,0.247531796088848
0,0.0163265306122449,0.230956472680181
0.00306122448979592,0.0163265306122449,0.438694966655237
0.00612244897959184,0.0163265306122449,0.591390722059498
0.00918367346938775,0.0163265306122449,0.702199208748512
0.0122448979591837,0.0163265306122449,0.787992683254011
0.0153061224489796,0.0163265306122449,0.819701596870158
0.0183673469387755,0.0163265306122449,0.765766431172076
0.0214285714285714,0.0163265306122449,0.722076837207196
0.0244897959183673,0.0163265306122449,0.686116864178957
0.0275510204081633,0.0163265306122449,0.656103110828202
0.0306122448979592,0.0163265306122449,0.630750554121227
0.0336734693877551,0.0163265306122449,0.609114489304109
0.036734693877551,0.0163265306122449,0.590486421779722
0.0397959183673469,0.0163265306122449,0.574325088481526
0.0428571428571429,0.0163265306122449,0.560210011877132
0.0459183673469388,0.0163265306122449,0.547809618871446
0.0489795918367347,0.0163265306122449,0.536858925325266
0.0520408163265306,0.0163265306122449,0.527143620637926
0.0551020408163265,0.0163265306122449,0.518488516279038
0.0581632653061225,0.0163265306122449,0.510749024916911
0.0612244897959184,0.0163265306122449,0.503804780879435
0.0642857142857143,0.0163265306122449,0.497554798218395
0.0673469387755102,0.0163265306122449,0.491913749505418
0.0704081632653061,0.0163265306122449,0.48680907290352
0.073469387755102,0.0163265306122449,0.482178699265738
0.076530612244898,0.0163265306122449,0.477969248911218
0.0795918367346939,0.0163265306122449,0.47413458811722
0.0826530612244898,0.0163265306122449,0.470634663936791
0.0857142857142857,0.0163265306122449,0.467434556416952
0.0887755102040816,0.0163265306122449,0.464503702135975
0.0918367346938776,0.0163265306122449,0.46181525386111
0.0948979591836735,0.0163265306122449,0.459345549194179
0.0979591836734694,0.0163265306122449,0.453647728142115
0.101020408163265,0.0163265306122449,0.439558584591293
0.104081632653061,0.0163265306122449,0.425759719262681
0.107142857142857,0.0163265306122449,0.412240342837432
0.110204081632653,0.0163265306122449,0.398990260068673
0.113265306122449,0.0163265306122449,0.385999825157707
0.116326530612245,0.0163265306122449,0.373259900967728
0.119387755102041,0.0163265306122449,0.360761821878845
0.122448979591837,0.0163265306122449,0.348497360014859
0.125510204081633,0.0163265306122449,0.336458694550709
0.128571428571429,0.0163265306122449,0.324638383805158
0.131632653061224,0.0163265306122449,0.313029339839741
0.13469387755102,0.0163265306122449,0.301624805305615
0.137755102040816,0.0163265306122449,0.290418332302173
0.140816326530612,0.0163265306122449,0.279403763036412
0.143877551020408,0.0163265306122449,0.268575212094194
0.146938775510204,0.0163265306122449,0.25792705015594
0.15,0.0163265306122449,0.247453889008732
0,0.0326530612244898,0.260184212362152
0.00306122448979592,0.0326530612244898,0.46212979283501
0.00612244897959184,0.0326530612244898,0.618203628163079
0.00918367346938775,0.0326530612244898,0.711377290632323
0.0122448979591837,0.0326530612244898,0.768327692953831
0.0153061224489796,0.0326530612244898,0.810097213276299
0.0183673469387755,0.0326530612244898,0.771180264573754
0.0214285714285714,0.0326530612244898,0.724908524584461
0.0244897959183673,0.0326530612244898,0.687396986085141
0.0275510204081633,0.0326530612244898,0.656428692709243
0.0306122448979592,0.0326530612244898,0.630480371025632
0.0336734693877551,0.0326530612244898,0.608471008308574
0.036734693877551,0.0326530612244898,0.589611182204208
0.0397959183673469,0.0326530612244898,0.573309996303357
0.0428571428571429,0.0326530612244898,0.55911567048943
0.0459183673469388,0.0326530612244898,0.546676414162106
0.0489795918367347,0.0326530612244898,0.535713919529161
0.0520408163265306,0.0326530612244898,0.526004946114918
0.0551020408163265,0.0326530612244898,0.517368236611413
0.0581632653061225,0.0326530612244898,0.509655033239718
0.0612244897959184,0.0326530612244898,0.502742080194778
0.0642857142857143,0.0326530612244898,0.496526377261689
0.0673469387755102,0.0326530612244898,0.490921189329863
0.0704081632653061,0.0326530612244898,0.485852971397107
0.073469387755102,0.0326530612244898,0.481258970866355
0.076530612244898,0.0326530612244898,0.477085337719505
0.0795918367346939,0.0326530612244898,0.473285620257075
0.0826530612244898,0.0326530612244898,0.469819556885068
0.0857142857142857,0.0326530612244898,0.466652097596487
0.0887755102040816,0.0326530612244898,0.46375260539117
0.0918367346938776,0.0326530612244898,0.46109419992117
0.0948979591836735,0.0326530612244898,0.45865321448288
0.0979591836734694,0.0326530612244898,0.453631878726335
0.101020408163265,0.0326530612244898,0.439536090568991
0.104081632653061,0.0326530612244898,0.425731104841126
0.107142857142857,0.0326530612244898,0.41220609341918
0.110204081632653,0.0326530612244898,0.39895082513458
0.113265306122449,0.0326530612244898,0.385955620975315
0.116326530612245,0.0326530612244898,0.373211313116355
0.119387755102041,0.0326530612244898,0.360709207592087
0.122448979591837,0.0326530612244898,0.348441050347218
0.125510204081633,0.0326530612244898,0.336398996376137
0.128571428571429,0.0326530612244898,0.324575581658668
0.131632653061224,0.0326530612244898,0.312963697613407
0.13469387755102,0.0326530612244898,0.301556567808642
0.137755102040816,0.0326530612244898,0.29034772669677
0.140816326530612,0.0326530612244898,0.279331000158896
0.143877551020408,0.0326530612244898,0.268500487670817
0.146938775510204,0.0326530612244898,0.257850545922347
0.15,0.0326530612244898,0.247375773740912
0,0.0489795918367347,0.238295808988775
0.00306122448979592,0.0489795918367347,0.430037395936162
0.00612244897959184,0.0489795918367347,0.617445854520542
0.00918367346938775,0.0489795918367347,0.747444355824913
0.0122448979591837,0.0489795918367347,0.806068840632658
0.0153061224489796,0.0489795918367347,0.833286771772592
0.0183673469387755,0.0489795918367347,0.776971032469198
0.0214285714285714,0.0489795918367347,0.727722365180789
0.0244897959183673,0.0489795918367347,0.688526609015769
0.0275510204081633,0.0489795918367347,0.656569918482895
0.0306122448979592,0.0489795918367347,0.630029242575286
0.0336734693877551,0.0489795918367347,0.607663021202845
0.036734693877551,0.0489795918367347,0.588591164204315
0.0397959183673469,0.0489795918367347,0.57216930266601
0.0428571428571429,0.0489795918367347,0.557912982470192
0.0459183673469388,0.0489795918367347,0.545449859531941
0.0489795918367347,0.0489795918367347,0.53448838613885
0.0520408163265306,0.0489795918367347,0.524796627052405
0.0551020408163265,0.0489795918367347,0.516187526733776
0.0581632653061225,0.0489795918367347,0.508508415093347
0.0612244897959184,0.0489795918367347,0.501633374636906
0.0642857142857143,0.0489795918367347,0.495457585826496
0.0673469387755102,0.0489795918367347,0.489893069130709
0.0704081632653061,0.0489795918367347,0.48486543180097
0.073469387755102,0.0489795918367347,0.480311349619041
0.076530612244898,0.0489795918367347,0.476176594455656
0.0795918367346939,0.0489795918367347,0.472414472740597
0.0826530612244898,0.0489795918367347,0.468984577149765
0.0857142857142857,0.0489795918367347,0.465851779769457
0.0887755102040816,0.0489795918367347,0.462985413375681
0.0918367346938776,0.0489795918367347,0.460358600669206
0.0948979591836735,0.0489795918367347,0.457947700913483
0.0979591836734694,0.0489795918367347,0.453615707708736
0.101020408163265,0.0489795918367347,0.439513280068133
0.104081632653061,0.0489795918367347,0.425702179545601
0.107142857142857,0.0489795918367347,0.412171539134787
0.110204081632653,0.0489795918367347,0.398911091672329
0.113265306122449,0.0489795918367347,0.385911124865226
0.116326530612245,0.0489795918367347,0.373162440139273
0.119387755102041,0.0489795918367347,0.360656315128759
0.122448979591837,0.0489795918367347,0.348384469550611
0.125510204081633,0.0489795918367347,0.336339034176337
0.128571428571429,0.0489795918367347,0.324512522610004
0.131632653061224,0.0489795918367347,0.312897805594659
0.13469387755102,0.0489795918367347,0.301488087588347
0.137755102040816,0.0489795918367347,0.290276885372749
0.140816326530612,0.0489795918367347,0.27925800848302
0.143877551020408,0.0489795918367347,0.268425541268188
0.146938775510204,0.0489795918367347,0.257773826413463
0.15,0.0489795918367347,0.247297449775142
0,0.0653061224489796,0.206142341609257
0.00306122448979592,0.0653061224489796,0.37534039825133
0.00612244897959184,0.0653061224489796,0.560230693451689
0.00918367346938775,0.0653061224489796,0.740136125618667
0.0122448979591837,0.0653061224489796,0.837223656486587
0.0153061224489796,0.0653061224489796,0.854351805583752
0.0183673469387755,0.0653061224489796,0.783178586208263
0.0214285714285714,0.0653061224489796,0.730458389388791
0.0244897959183673,0.0653061224489796,0.689443280481934
0.0275510204081633,0.0653061224489796,0.656478108910125
0.0306122448979592,0.0653061224489796,0.629361755785226
0.0336734693877551,0.0653061224489796,0.606665181843855
0.036734693877551,0.0653061224489796,0.58740819421823
0.0397959183673469,0.0653061224489796,0.570889862085345
0.0428571428571429,0.0653061224489796,0.55659233010088
0.0459183673469388,0.0653061224489796,0.544122831976993
0.0489795918367347,0.0653061224489796,0.533176985465539
0.0520408163265306,0.0653061224489796,0.523514613712814
0.0551020408163265,0.0653061224489796,0.514943281226034
0.0581632653061225,0.0653061224489796,0.507306764473534
0.0612244897959184,0.0653061224489796,0.500476782051218
0.0642857142857143,0.0653061224489796,0.494346938288103
0.0673469387755102,0.0653061224489796,0.48882820644525
0.0704081632653061,0.0653061224489796,0.483845505611355
0.073469387755102,0.0653061224489796,0.479335069164087
0.076530612244898,0.0653061224489796,0.47524239573628
0.0795918367346939,0.0653061224489796,0.471520635283754
0.0826530612244898,0.0653061224489796,0.468129304561666
0.0857142857142857,0.0653061224489796,0.465033255057569
0.0887755102040816,0.0653061224489796,0.462201836574351
0.0918367346938776,0.0653061224489796,0.459608213992699
0.0948979591836735,0.0653061224489796,0.457228805092063
0.0979591836734694,0.0653061224489796,0.453599213264437
0.101020408163265,0.0653061224489796,0.439490151398449
0.104081632653061,0.0653061224489796,0.425672941810042
0.107142857142857,0.0653061224489796,0.412136678532594
0.110204081632653,0.0653061224489796,0.398871058335484
0.113265306122449,0.0653061224489796,0.385866335578366
0.116326530612245,0.0653061224489796,0.373113280877515
0.119387755102041,0.0653061224489796,0.360603143413224
0.122448979591837,0.0653061224489796,0.348327616626896
0.125510204081633,0.0653061224489796,0.336278807024969
0.128571428571429,0.0653061224489796,0.324449205799007
0.131632653061224,0.0653061224489796,0.312831662985151
0.13469387755102,0.0653061224489796,0.301419363903548
0.137755102040816,0.0653061224489796,0.290205807642003
0.140816326530612,0.0653061224489796,0.279184787369998
0.143877551020408,0.0653061224489796,0.268350372293246
0.146938775510204,0.0653061224489796,0.25769689107861
0.15,0.0653061224489796,0.247218916600187
0,0.0816326530612245,0.176053527587328
0.00306122448979592,0.0816326530612245,0.324169825858792
0.00612244897959184,0.0816326530612245,0.487520975646362
0.00918367346938775,0.0816326530612245,0.676312549449883
0.0122448979591837,0.0816326530612245,0.839165620983457
0.0153061224489796,0.0816326530612245,0.871149076046281
0.0183673469387755,0.0816326530612245,0.789821664860178
0.0214285714285714,0.0816326530612245,0.7330124801494
0.0244897959183673,0.0816326530612245,0.690057471880492
0.0275510204081633,0.0816326530612245,0.656089703220128
0.0306122448979592,0.0816326530612245,0.628434355285479
0.0336734693877551,0.0816326530612245,0.605447599654533
0.036734693877551,0.0816326530612245,0.586041496838978
0.0397959183673469,0.0816326530612245,0.569457001074792
0.0428571428571429,0.0816326530612245,0.555143177026973
0.0459183673469388,0.0816326530612245,0.542687644586586
0.0489795918367347,0.0816326530612245,0.531774025355423
0.0520408163265306,0.0816326530612245,0.522154632655157
0.0551020408163265,0.0816326530612245,0.513632250894514
0.0581632653061225,0.0816326530612245,0.506047582066401
0.0612244897959184,0.0816326530612245,0.499270359311067
0.0642857142857143,0.0816326530612245,0.4931929090385
0.0673469387755102,0.0816326530612245,0.48772539259873
0.0704081632653061,0.0816326530612245,0.482792227227571
0.073469387755102,0.0816326530612245,0.478329352120213
0.076530612244898,0.0816326530612245,0.474282111223679
0.0795918367346939,0.0816326530612245,0.470603593377706
0.0826530612244898,0.0816326530612245,0.467253316557437
0.0857142857142857,0.0816326530612245,0.464196174410465
0.0887755102040816,0.0816326530612245,0.461401585108962
0.0918367346938776,0.0816326530612245,0.458842797942955
0.0948979591836735,0.0816326530612245,0.456496324123017
0.0979591836734694,0.0816326530612245,0.45358239355736
0.101020408163265,0.0816326530612245,0.439466702860272
0.104081632653061,0.0816326530612245,0.425643390059572
0.107142857142857,0.0816326530612245,0.412101510153122
0.110204081632653,0.0816326530612245,0.39883072377089
0.113265306122449,0.0816326530612245,0.385821251859867
0.116326530612245,0.0816326530612245,0.373063834167142
0.119387755102041,0.0816326530612245,0.360549691365559
0.122448979591837,0.0816326530612245,0.348270490573941
0.125510204081633,0.0816326530612245,0.336218313992058
0.128571428571429,0.0816326530612245,0.324385630362809
0.131632653061224,0.0816326530612245,0.312765268983882
0.13469387755102,0.0816326530612245,0.301350396010791
0.137755102040816,0.0816326530612245,0.290134492814398
0.140816326530612,0.0816326530612245,0.279111336179191
0.143877551020408,0.0816326530612245,0.268274980151223
0.146938775510204,0.0816326530612245,0.257619739365805
0.15,0.0816326530612245,0.247140173703463
0,0.0979591836734694,0.150074820911551
0.00306122448979592,0.0979591836734694,0.28136504405793
0.00612244897959184,0.0979591836734694,0.424260446227813
0.00918367346938775,0.0979591836734694,0.587727224963269
0.0122448979591837,0.0979591836734694,0.799617702519804
0.0153061224489796,0.0979591836734694,0.894146159316068
0.0183673469387755,0.0979591836734694,0.796829687438613
0.0214285714285714,0.0979591836734694,0.735197690610805
0.0244897959183673,0.0979591836734694,0.690238103840806
0.0275510204081633,0.0979591836734694,0.655320815135853
0.0306122448979592,0.0979591836734694,0.6271931987443
0.0336734693877551,0.0979591836734694,0.603974955791715
0.036734693877551,0.0979591836734694,0.584467317748607
0.0397959183673469,0.0979591836734694,0.567854354019142
0.0428571428571429,0.0979591836734694,0.553553996784464
0.0459183673469388,0.0979591836734694,0.541136016355411
0.0489795918367347,0.0979591836734694,0.530273449590961
0.0520408163265306,0.0979591836734694,0.520712183443388
0.0551020408163265,0.0979591836734694,0.512251043052345
0.0581632653061225,0.0979591836734694,0.504728276916093
0.0612244897959184,0.0979591836734694,0.498012104376244
0.0642857142857143,0.0979591836734694,0.491993934501231
0.0673469387755102,0.0979591836734694,0.486583394505896
0.0704081632653061,0.0979591836734694,0.481704615494382
0.073469387755102,0.0979591836734694,0.477293411373513
0.076530612244898,0.0979591836734694,0.473295104690061
0.0795918367346939,0.0979591836734694,0.469662829160787
0.0826530612244898,0.0979591836734694,0.466356188891452
0.0857142857142857,0.0979591836734694,0.46334018818702
0.0887755102040816,0.0979591836734694,0.460584369212748
0.0918367346938776,0.0979591836734694,0.458062111123063
0.0948979591836735,0.0979591836734694,0.455750055926514
0.0979591836734694,0.0979591836734694,0.453565246739964
0.101020408163265,0.0979591836734694,0.439442932743851
0.104081632653061,0.0979591836734694,0.425613522711378
0.107142857142857,0.0979591836734694,0.412066032529182
0.110204081632653,0.0979591836734694,0.398790086618769
0.113265306122449,0.0979591836734694,0.385775872448891
0.116326530612245,0.0979591836734694,0.373014098838821
0.119387755102041,0.0979591836734694,0.360495957901207
0.122448979591837,0.0979591836734694,0.348213090385538
0.125510204081633,0.0979591836734694,0.336157554144114
0.128571428571429,0.0979591836734694,0.32432179543515
0.131632653061224,0.0979591836734694,0.312698622787079
0.13469387755102,0.0979591836734694,0.301281183164162
0.137755102040816,0.0979591836734694,0.290062940197718
0.140816326530612,0.0979591836734694,0.279037654268086
0.143877551020408,0.0979591836734694,0.268199364245877
0.146938775510204,0.0979591836734694,0.257542370721405
0.15,0.0979591836734694,0.247061220571247
0,0.114285714285714,0.127917191265794
0.00306122448979592,0.114285714285714,0.245987138907398
0.00612244897959184,0.114285714285714,0.372744451702202
0.00918367346938775,0.114285714285714,0.513750186290476
0.0122448979591837,0.114285714285714,0.684531601072706
0.0153061224489796,0.114285714285714,0.896621525298096
0.0183673469387755,0.114285714285714,0.803768915526298
0.0214285714285714,0.114285714285714,0.736661991592954
0.0244897959183673,0.114285714285714,0.689788784999707
0.0275510204081633,0.114285714285714,0.654059581861285
0.0306122448979592,0.114285714285714,0.625571449784552
0.0336734693877551,0.114285714285714,0.602205475603449
0.036734693877551,0.114285714285714,0.582658514897686
0.0397959183673469,0.114285714285714,0.566063696752227
0.0428571428571429,0.114285714285714,0.551812205601141
0.0459183673469388,0.114285714285714,0.539459046684494
0.0489795918367347,0.114285714285714,0.528668830016704
0.0520408163265306,0.114285714285714,0.519182538038053
0.0551020408163265,0.114285714285714,0.510796123664404
0.0581632653061225,0.114285714285714,0.503346169369463
0.0612244897959184,0.114285714285714,0.496699959224143
0.0642857142857143,0.114285714285714,0.490748415746267
0.0673469387755102,0.114285714285714,0.485400956888264
0.0704081632653061,0.114285714285714,0.480581675533492
0.073469387755102,0.114285714285714,0.476226451569788
0.076530612244898,0.114285714285714,0.472280735224123
0.0795918367346939,0.114285714285714,0.468697822392497
0.0826530612244898,0.114285714285714,0.46543749642175
0.0857142857142857,0.114285714285714,0.462464946789437
0.0887755102040816,0.114285714285714,0.459749899743521
0.0918367346938776,0.114285714285714,0.457265913104885
0.0948979591836735,0.114285714285714,0.454989799578562
0.0979591836734694,0.114285714285714,0.452901151648219
0.101020408163265,0.114285714285714,0.439418839329266
0.104081632653061,0.114285714285714,0.425583338172628
0.107142857142857,0.114285714285714,0.412030244186164
0.110204081632653,0.114285714285714,0.398749145512604
0.113265306122449,0.114285714285714,0.385730196078777
0.116326530612245,0.114285714285714,0.372964073718144
0.119387755102041,0.114285714285714,0.360441941931157
0.122448979591837,0.114285714285714,0.348155415051784
0.125510204081633,0.114285714285714,0.336096526544181
0.128571428571429,0.114285714285714,0.324257700146886
0.131632653061224,0.114285714285714,0.312631723588364
0.13469387755102,0.114285714285714,0.301211724615481
0.137755102040816,0.114285714285714,0.289991149097671
0.140816326530612,0.114285714285714,0.278963740992524
0.143877551020408,0.114285714285714,0.268123523979308
0.146938775510204,0.114285714285714,0.257464784590684
0.15,0.114285714285714,0.246982056688629
0,0.130612244897959,0.108921855060848
0.00306122448979592,0.130612244897959,0.216442695549969
0.00612244897959184,0.130612244897959,0.330577427111169
0.00918367346938775,0.130612244897959,0.45481569423546
0.0122448979591837,0.130612244897959,0.597011882755676
0.0153061224489796,0.130612244897959,0.78563493587595
0.0183673469387755,0.130612244897959,0.808410289086213
0.0214285714285714,0.130612244897959,0.736700521545767
0.0244897959183673,0.130612244897959,0.688408243245967
0.0275510204081633,0.130612244897959,0.652155502468408
0.0306122448979592,0.130612244897959,0.623485931228313
0.0336734693877551,0.130612244897959,0.600089769450452
0.036734693877551,0.130612244897959,0.580584132816328
0.0397959183673469,0.130612244897959,0.564064787020264
0.0428571428571429,0.130612244897959,0.549904104500163
0.0459183673469388,0.130612244897959,0.537647197250743
0.0489795918367347,0.130612244897959,0.526953363815313
0.0520408163265306,0.130612244897959,0.517560743641306
0.0551020408163265,0.130612244897959,0.509263821779449
0.0581632653061225,0.130612244897959,0.501898495536222
0.0612244897959184,0.130612244897959,0.495331813791776
0.0642857142857143,0.130612244897959,0.489454721782836
0.0673469387755102,0.130612244897959,0.484176804950988
0.0704081632653061,0.130612244897959,0.479422400889804
0.073469387755102,0.130612244897959,0.475127670824757
0.076530612244898,0.130612244897959,0.471238358592512
0.0795918367346939,0.130612244897959,0.467708051536232
0.0826530612244898,0.130612244897959,0.46449681397296
0.0857142857142857,0.130612244897959,0.461570101354269
0.0887755102040816,0.130612244897959,0.458897888738793
0.0918367346938776,0.130612244897959,0.45645396487572
0.0948979591836735,0.130612244897959,0.454215355672825
0.0979591836734694,0.130612244897959,0.452161849760735
0.101020408163265,0.130612244897959,0.439394420886795
0.104081632653061,0.130612244897959,0.425552834842862
0.107142857142857,0.130612244897959,0.411994143641589
0.110204081632653,0.130612244897959,0.398707899079035
0.113265306122449,0.130612244897959,0.385684221476985
0.116326530612245,0.130612244897959,0.372913757625517
0.119387755102041,0.130612244897959,0.360387642361704
0.122448979591837,0.130612244897959,0.3480974635585
0.125510204081633,0.130612244897959,0.336035230251853
0.128571428571429,0.130612244897959,0.324193343625729
0.131632653061224,0.130612244897959,0.312564570578547
0.13469387755102,0.130612244897959,0.301142019614037
0.137755102040816,0.130612244897959,0.289919118817895
0.140816326530612,0.130612244897959,0.278889595706303
0.143877551020408,0.130612244897959,0.268047458752054
0.146938775510204,0.130612244897959,0.257386980417283
0.15,0.130612244897959,0.246902681539386
0,0.146938775510204,0.0924831701898833
0.00306122448979592,0.146938775510204,0.191412543734598
0.00612244897959184,0.146938775510204,0.29547874355012
0.00918367346938775,0.146938775510204,0.406954088074994
0.0122448979591837,0.146938775510204,0.530194401802505
0.0153061224489796,0.146938775510204,0.675343907390204
0.0183673469387755,0.146938775510204,0.796164121575837
0.0214285714285714,0.146938775510204,0.733802516421877
0.0244897959183673,0.146938775510204,0.685624826487184
0.0275510204081633,0.146938775510204,0.649404990306357
0.0306122448979592,0.146938775510204,0.620833150671161
0.0336734693877551,0.146938775510204,0.597569591021582
0.036734693877551,0.146938775510204,0.578208988684074
0.0397959183673469,0.146938775510204,0.561835226148395
0.0428571428571429,0.146938775510204,0.547814837709853
0.0459183673469388,0.146938775510204,0.535690284710327
0.0489795918367347,0.146938775510204,0.525119877693924
0.0520408163265306,0.146938775510204,0.515841629912568
0.0551020408163265,0.146938775510204,0.507650336737561
0.0581632653061225,0.146938775510204,0.500382413529411
0.0612244897959184,0.146938775510204,0.493905511074064
0.0642857142857143,0.146938775510204,0.488111193615006
0.0673469387755102,0.146938775510204,0.482909647569354
0.0704081632653061,0.146938775510204,0.478225776023616
0.073469387755102,0.146938775510204,0.473996262672018
0.076530612244898,0.146938775510204,0.470167328763985
0.0795918367346939,0.146938775510204,0.466692994957112
0.0826530612244898,0.146938775510204,0.463533717281809
0.0857142857142857,0.146938775510204,0.460655304501368
0.0887755102040816,0.146938775510204,0.458028050012114
0.0918367346938776,0.146938775510204,0.455626029316763
0.0948979591836735,0.146938775510204,0.453426526705226
0.0979591836734694,0.146938775510204,0.451409563786721
0.101020408163265,0.146938775510204,0.439369675676471
0.104081632653061,0.146938775510204,0.425522011111958
0.107142857142857,0.146938775510204,0.41195772940516
0.110204081632653,0.146938775510204,0.39866634593792
0.113265306122449,0.146938775510204,0.38563794736475
0.116326530612245,0.146938775510204,0.372863149376035
0.119387755102041,0.146938775510204,0.360333058094659
0.122448979591837,0.146938775510204,0.34803923488751
0.125510204081633,0.146938775510204,0.335973664323008
0.128571428571429,0.146938775510204,0.32412872499622
0.131632653061224,0.146938775510204,0.312497162945808
0.13469387755102,0.146938775510204,0.301072067406926
0.137755102040816,0.146938775510204,0.28984684865997
0.140816326530612,0.146938775510204,0.278815217761591
0.143877551020408,0.146938775510204,0.267971167962988
0.146938775510204,0.146938775510204,0.257308957643622
0.15,0.146938775510204,0.246823094606155
0,0.163265306122449,0.078115249641851
0.00306122448979592,0.163265306122449,0.169911870026376
0.00612244897959184,0.163265306122449,0.265768017519091
0.00918367346938775,0.163265306122449,0.367210564428025
0.0122448979591837,0.163265306122449,0.476813176865746
0.0153061224489796,0.163265306122449,0.599106219031173
0.0183673469387755,0.163265306122449,0.728912342647496
0.0214285714285714,0.163265306122449,0.724619995392982
0.0244897959183673,0.163265306122449,0.680694577587714
0.0275510204081633,0.163265306122449,0.645533120991579
0.0306122448979592,0.163265306122449,0.617484943187241
0.0336734693877551,0.163265306122449,0.594576630334937
0.036734693877551,0.163265306122449,0.575493319897765
0.0397959183673469,0.163265306122449,0.559350363240585
0.0428571428571429,0.163265306122449,0.545528376869413
0.0459183673469388,0.163265306122449,0.53357748864028
0.0489795918367347,0.163265306122449,0.523160841100247
0.0520408163265306,0.163265306122449,0.514019821612075
0.0551020408163265,0.163265306122449,0.50595174870095
0.0581632653061225,0.163265306122449,0.498795011779136
0.0612244897959184,0.163265306122449,0.492418853539595
0.0642857142857143,0.163265306122449,0.486716149148877
0.0673469387755102,0.163265306122449,0.4815981810347
0.0704081632653061,0.163265306122449,0.476990779175548
0.073469387755102,0.163265306122449,0.472831418263422
0.076530612244898,0.163265306122449,0.469066999608476
0.0795918367346939,0.163265306122449,0.465652132241364
0.0826530612244898,0.163265306122449,0.462547784027506
0.0857142857142857,0.163265306122449,0.459720211144108
0.0887755102040816,0.163265306122449,0.457140099794088
0.0918367346938776,0.163265306122449,0.454781871712645
0.0948979591836735,0.163265306122449,0.452623117482006
0.0979591836734694,0.163265306122449,0.45064413058351
0.101020408163265,0.163265306122449,0.439344601947952
0.104081632653061,0.163265306122449,0.42549086536135
0.107142857142857,0.163265306122449,0.411920999978947
0.110204081632653,0.163265306122449,0.398624484702318
0.113265306122449,0.163265306122449,0.385591372457619
0.116326530612245,0.163265306122449,0.372812247779591
0.119387755102041,0.163265306122449,0.360278188027102
0.122448979591837,0.163265306122449,0.347980728016673
0.125510204081633,0.163265306122449,0.335911827810243
0.128571428571429,0.163265306122449,0.324063843379931
0.131632653061224,0.163265306122449,0.312429499875639
0.13469387755102,0.163265306122449,0.301001867238722
0.137755102040816,0.163265306122449,0.289774337923291
0.140816326530612,0.163265306122449,0.278740606508611
0.143877551020408,0.163265306122449,0.267894651009524
0.146938775510204,0.163265306122449,0.257230715710672
0.15,0.163265306122449,0.246743295370299
0,0.179591836734694,0.0654406746823856
0.00306122448979592,0.179591836734694,0.151215675312865
0.00612244897959184,0.179591836734694,0.24024440929271
0.00918367346938775,0.179591836734694,0.333576888810082
0.0122448979591837,0.179591836734694,0.432795795836675
0.0153061224489796,0.179591836734694,0.540111301358018
0.0183673469387755,0.179591836734694,0.653613457690932
0.0214285714285714,0.179591836734694,0.702974971353714
0.0244897959183673,0.179591836734694,0.672477281531624
0.0275510204081633,0.179591836734694,0.64017442887516
0.0306122448979592,0.179591836734694,0.613284490289523
0.0336734693877551,0.179591836734694,0.591031575088831
0.036734693877551,0.179591836734694,0.572392573813261
0.0397959183673469,0.179591836734694,0.556583272495452
0.0428571428571429,0.179591836734694,0.543027543547184
0.0459183673469388,0.179591836734694,0.531297380172307
0.0489795918367347,0.179591836734694,0.521068390982063
0.0520408163265306,0.179591836734694,0.512089757883511
0.0551020408163265,0.179591836734694,0.504164033112834
0.0581632653061225,0.179591836734694,0.497133319732263
0.0612244897959184,0.179591836734694,0.490869611029975
0.0642857142857143,0.179591836734694,0.485267889042998
0.0673469387755102,0.179591836734694,0.480241093412999
0.0704081632653061,0.179591836734694,0.475716385636667
0.073469387755102,0.179591836734694,0.471632328840899
0.076530612244898,0.179591836734694,0.467936726780978
0.0795918367346939,0.179591836734694,0.464584945642885
0.0826530612244898,0.179591836734694,0.461538594951709
0.0857142857142857,0.179591836734694,0.45876447936277
0.0887755102040816,0.179591836734694,0.45623375741835
0.0918367346938776,0.179591836734694,0.45392126029408
0.0948979591836735,0.179591836734694,0.451804935551746
0.0979591836734694,0.179591836734694,0.449865389528222
0.101020408163265,0.179591836734694,0.439319197940979
0.104081632653061,0.179591836734694,0.425459395963391
0.107142857142857,0.179591836734694,0.411883953857072
0.110204081632653,0.179591836734694,0.398582313978427
0.113265306122449,0.179591836734694,0.38554449546504
0.116326530612245,0.179591836734694,0.37276105164092
0.119387755102041,0.179591836734694,0.360223031051686
0.122448979591837,0.179591836734694,0.347921941919756
0.125510204081633,0.179591836734694,0.335849719762389
0.128571428571429,0.179591836734694,0.323998697895239
0.131632653061224,0.179591836734694,0.312361580550614
0.13469387755102,0.179591836734694,0.300931418351724
0.137755102040816,0.179591836734694,0.289701585905231
0.140816326530612,0.179591836734694,0.278665761295772
0.143877551020408,0.179591836734694,0.267817907287373
0.146938775510204,0.179591836734694,0.25715225405796
0.15,0.179591836734694,0.246663283312034
0,0.195918367346939,0.0541670344563375
0.00306122448979592,0.195918367346939,0.134785181878815
0.00612244897959184,0.195918367346939,0.218040509507487
0.00918367346938775,0.195918367346939,0.304666510655576
0.0122448979591837,0.195918367346939,0.395658652181114
0.0153061224489796,0.195918367346939,0.492118718667723
0.0183673469387755,0.195918367346939,0.592551307733283
0.0214285714285714,0.195918367346939,0.665412396701952
0.0244897959183673,0.195918367346939,0.659428167418497
0.0275510204081633,0.195918367346939,0.632863464086438
0.0306122448979592,0.195918367346939,0.608044475550311
0.0336734693877551,0.195918367346939,0.586843858505916
0.036734693877551,0.195918367346939,0.568857463019178
0.0397959183673469,0.195918367346939,0.553504845751373
0.0428571428571429,0.195918367346939,0.540294086073424
0.0459183673469388,0.195918367346939,0.528837977927055
0.0489795918367347,0.195918367346939,0.518834371001842
0.0520408163265306,0.195918367346939,0.510045719532689
0.0551020408163265,0.195918367346939,0.502283079746889
0.0581632653061225,0.195918367346939,0.4953943212727
0.0612244897959184,0.195918367346939,0.489255530319103
0.0642857142857143,0.195918367346939,0.483764703595566
0.0673469387755102,0.195918367346939,0.478837069564893
0.0704081632653061,0.195918367346939,0.474401571448965
0.073469387755102,0.195918367346939,0.470398188494589
0.076530612244898,0.195918367346939,0.466775869798056
0.0795918367346939,0.195918367346939,0.463490921662598
0.0826530612244898,0.195918367346939,0.460505735070323
0.0857142857142857,0.195918367346939,0.457787771342387
0.0887755102040816,0.195918367346939,0.455308746053577
0.0918367346938776,0.195918367346939,0.453043966813606
0.0948979591836735,0.195918367346939,0.450971791661714
0.0979591836734694,0.195918367346939,0.44907318288204
0.101020408163265,0.195918367346939,0.439293461884787
0.104081632653061,0.195918367346939,0.425427601281288
0.107142857142857,0.195918367346939,0.411846589525701
0.110204081632653,0.195918367346939,0.39853983236563
0.113265306122449,0.195918367346939,0.385497315090242
0.116326530612245,0.195918367346939,0.372709559759157
0.119387755102041,0.195918367346939,0.360167586056176
0.122448979591837,0.195918367346939,0.34786287556647
0.125510204081633,0.195918367346939,0.33578733922468
0.128571428571429,0.195918367346939,0.323933287657344
0.131632653061224,0.195918367346939,0.312293404150772
0.13469387755102,0.195918367346939,0.30086071998571
0.137755102040816,0.195918367346939,0.289628591901091
0.140816326530612,0.195918367346939,0.27859068146968
0.143877551020408,0.195918367346939,0.267740936190594
0.146938775510204,0.195918367346939,0.257073572123644
0.15,0.195918367346939,0.246583057910297
0,0.212244897959184,0.0440660352020331
0.00306122448979592,0.212244897959184,0.120213562193694
0.00612244897959184,0.212244897959184,0.198517177645416
0.00918367346938775,0.212244897959184,0.279493888027903
0.0122448979591837,0.212244897959184,0.363774505232414
0.0153061224489796,0.212244897959184,0.45188369217547
0.0183673469387755,0.212244897959184,0.542510195252862
0.0214285714285714,0.212244897959184,0.620160032363868
0.0244897959183673,0.212244897959184,0.640126160205956
0.0275510204081633,0.212244897959184,0.623062033711882
0.0306122448979592,0.212244897959184,0.601550808674329
0.0336734693877551,0.212244897959184,0.581912774306936
0.036734693877551,0.212244897959184,0.564834463489397
0.0397959183673469,0.212244897959184,0.550084055690366
0.0428571428571429,0.212244897959184,0.537308830414601
0.0459183673469388,0.212244897959184,0.526186838989391
0.0489795918367347,0.212244897959184,0.51645038848563
0.0520408163265306,0.212244897959184,0.507881865777775
0.0551020408163265,0.212244897959184,0.50030471704484
0.0581632653061225,0.212244897959184,0.493574971208242
0.0612244897959184,0.212244897959184,0.48757434650668
0.0642857142857143,0.212244897959184,0.48220488076258
0.0673469387755102,0.212244897959184,0.477384796879695
0.0704081632653061,0.212244897959184,0.473045317567882
0.073469387755102,0.212244897959184,0.469128197224954
0.076530612244898,0.212244897959184,0.465583794318151
0.0795918367346939,0.212244897959184,0.462369552765834
0.0826530612244898,0.212244897959184,0.459448794980925
0.0857142857142857,0.212244897959184,0.456789754378128
0.0887755102040816,0.212244897959184,0.45436479348318
0.0918367346938776,0.212244897959184,0.452149767155649
0.0948979591836735,0.212244897959184,0.450123500238408
0.0979591836734694,0.212244897959184,0.448267356171864
0.101020408163265,0.212244897959184,0.439267391998003
0.104081632653061,0.212244897959184,0.425395479669162
0.107142857142857,0.212244897959184,0.411808905463184
0.110204081632653,0.212244897959184,0.398497038456104
0.113265306122449,0.212244897959184,0.385449830030576
0.116326530612245,0.212244897959184,0.372657770928583
0.119387755102041,0.212244897959184,0.360111851923902
0.122448979591837,0.212244897959184,0.347803527922453
0.125510204081633,0.212244897959184,0.335724685238942
0.128571428571429,0.212244897959184,0.32386761177842
0.131632653061224,0.212244897959184,0.312224969853289
0.13469387755102,0.212244897959184,0.300789771378099
0.137755102040816,0.212244897959184,0.289555355204009
0.140816326530612,0.212244897959184,0.27851536637508
0.143877551020408,0.212244897959184,0.267663737111796
0.146938775510204,0.212244897959184,0.256994669344529
0.15,0.212244897959184,0.246502618642884
0,0.228571428571429,0.03495743571935
0.00306122448979592,0.228571428571429,0.10718831583639
0.00612244897959184,0.228571428571429,0.181193542669694
0.00918367346938775,0.228571428571429,0.257338422842142
0.0122448979591837,0.228571428571429,0.336019216061445
0.0153061224489796,0.228571428571429,0.417443400305153
0.0183673469387755,0.228571428571429,0.500455008200727
0.0214285714285714,0.228571428571429,0.576260712263977
0.0244897959183673,0.228571428571429,0.614599551241709
0.0275510204081633,0.228571428571429,0.61026887563327
0.0306122448979592,0.228571428571429,0.59357746638325
0.0336734693877551,0.228571428571429,0.576130949817416
0.036734693877551,0.228571428571429,0.56026699180687
0.0397959183673469,0.228571428571429,0.546288458554011
0.0428571428571429,0.228571428571429,0.534051928299638
0.0459183673469388,0.228571428571429,0.523331193647777
0.0489795918367347,0.228571428571429,0.513907892676045
0.0520408163265306,0.228571428571429,0.505592282033255
0.0551020408163265,0.228571428571429,0.498224742464689
0.0581632653061225,0.228571428571429,0.491672215171351
0.0612244897959184,0.228571428571429,0.48582379642336
0.0642857142857143,0.228571428571429,0.480586715395391
0.0673469387755102,0.228571428571429,0.475882971770765
0.0704081632653061,0.228571428571429,0.471646614508831
0.073469387755102,0.228571428571429,0.467821564320035
0.076530612244898,0.228571428571429,0.4643598746319
0.0795918367346939,0.228571428571429,0.46122033924196
0.0826530612244898,0.228571428571429,0.458367372267401
0.0857142857142857,0.228571428571429,0.455770101947317
0.0887755102040816,0.228571428571429,0.453401632932162
0.0918367346938776,0.228571428571429,0.451238441979687
0.0948979591836735,0.228571428571429,0.44925987989292
0.0979591836734694,0.228571428571429,0.447447758590017
0.101020408163265,0.228571428571429,0.439240986489381
0.104081632653061,0.228571428571429,0.425363029472328
0.107142857142857,0.228571428571429,0.411770900139986
0.110204081632653,0.228571428571429,0.398453930835309
0.113265306122449,0.228571428571429,0.385402038977202
0.116326530612245,0.228571428571429,0.372605683937569
0.119387755102041,0.228571428571429,0.360055827533377
0.122448979591837,0.228571428571429,0.347743897949298
0.125510204081633,0.228571428571429,0.335661756843389
0.128571428571429,0.228571428571429,0.323801669367423
0.131632653061224,0.228571428571429,0.312156276832585
0.13469387755102,0.228571428571429,0.300718571763922
0.137755102040816,0.228571428571429,0.28948187510501
0.140816326530612,0.228571428571429,0.278439815354969
0.143877551020408,0.228571428571429,0.267586309441839
0.146938775510204,0.228571428571429,0.256915545155914
0.15,0.228571428571429,0.246421964986266
0,0.244897959183673,0.026697204255085
0.00306122448979592,0.244897959183673,0.0954654131622796
0.00612244897959184,0.244897959183673,0.165700669352197
0.00918367346938775,0.244897959183673,0.237659873724614
0.0122448979591837,0.244897959183673,0.311584358539317
0.0153061224489796,0.244897959183673,0.387501583979229
0.0183673469387755,0.244897959183673,0.464395426132706
0.0214285714285714,0.244897959183673,0.536661856776472
0.0244897959183673,0.244897959183673,0.585018919349623
0.0275510204081633,0.244897959183673,0.594239523419248
0.0306122448979592,0.244897959183673,0.583919005801147
0.0336734693877551,0.244897959183673,0.56939139739528
0.036734693877551,0.244897959183673,0.555097543317493
0.0397959183673469,0.244897959183673,0.542085015258621
0.0428571428571429,0.244897959183673,0.53050322819659
0.0459183673469388,0.244897959183673,0.520258133208008
0.0489795918367347,0.244897959183673,0.511198277984254
0.0520408163265306,0.244897959183673,0.503171040302171
0.0551020408163265,0.244897959183673,0.496038959549843
0.0581632653061225,0.244897959183673,0.489683013270351
0.0612244897959184,0.244897959183673,0.484001634209409
0.0642857142857143,0.244897959183673,0.478908519782272
0.0673469387755102,0.244897959183673,0.474330306973584
0.0704081632653061,0.244897959183673,0.470204467503776
0.073469387755102,0.244897959183673,0.466477512062518
0.076530612244898,0.244897959183673,0.463103496369279
0.0795918367346939,0.244897959183673,0.460042791209399
0.0826530612244898,0.244897959183673,0.45726107300465
0.0857142857142857,0.244897959183673,0.454728494851766
0.0887755102040816,0.244897959183673,0.452419003943214
0.0918367346938776,0.244897959183673,0.450309777399278
0.0948979591836735,0.244897959183673,0.44838075395095
0.0979591836734694,0.244897959183673,0.44661424341236
0.101020408163265,0.244897959183673,0.439214243556596
0.104081632653061,0.244897959183673,0.425330249026597
0.107142857142857,0.244897959183673,0.411732572018352
0.110204081632653,0.244897959183673,0.398410508081574
0.113265306122449,0.244897959183673,0.385353940615242
0.116326530612245,0.244897959183673,0.372553297569522
0.119387755102041,0.244897959183673,0.35999951175848
0.122448979591837,0.244897959183673,0.34768398460429
0.125510204081633,0.244897959183673,0.335598553072488
0.128571428571429,0.244897959183673,0.32373545953021
0.131632653061224,0.244897959183673,0.312087324260459
0.13469387755102,0.244897959183673,0.300647120375839
0.137755102040816,0.244897959183673,0.28940815089309
0.140816326530612,0.244897959183673,0.278364027750248
0.143877551020408,0.244897959183673,0.267508652570044
0.146938775510204,0.244897959183673,0.25683619899181
0.15,0.244897959183673,0.246341096415744
0,0.261224489795918,0.0191688695218897
0.00306122448979592,0.261224489795918,0.0848513727518523
0.00612244897959184,0.261224489795918,0.151750455985889
0.00918367346938775,0.261224489795918,0.220044314402577
0.0122448979591837,0.261224489795918,0.28986989839798
0.0153061224489796,0.261224489795918,0.361151091113779
0.0183673469387755,0.261224489795918,0.432995032157027
0.0214285714285714,0.261224489795918,0.501524342868885
0.0244897959183673,0.261224489795918,0.554277302556431
0.0275510204081633,0.261224489795918,0.575227175429225
0.0306122448979592,0.261224489795918,0.572443341957368
0.0336734693877551,0.261224489795918,0.561599212209316
0.036734693877551,0.261224489795918,0.549271069278815
0.0397959183673469,0.261224489795918,0.537441310300035
0.0428571428571429,0.261224489795918,0.52664279472153
0.0459183673469388,0.261224489795918,0.51695486003033
0.0489795918367347,0.261224489795918,0.508313015812034
0.0520408163265306,0.261224489795918,0.500612273669015
0.0551020408163265,0.261224489795918,0.493743222378035
0.0581632653061225,0.261224489795918,0.487604367795307
0.0612244897959184,0.261224489795918,0.482105649215363
0.0642857142857143,0.261224489795918,0.477168635565632
0.0673469387755102,0.261224489795918,0.472725539686019
0.0704081632653061,0.261224489795918,0.468717902183873
0.073469387755102,0.261224489795918,0.465095279775687
0.076530612244898,0.261224489795918,0.461814059428305
0.0795918367346939,0.261224489795918,0.458836430768883
0.0826530612244898,0.261224489795918,0.456129513362586
0.0857142857142857,0.261224489795918,0.453664622428129
0.0887755102040816,0.261224489795918,0.451416653300429
0.0918367346938776,0.261224489795918,0.44936356569367
0.0948979591836735,0.261224489795918,0.447485951007587
0.0979591836734694,0.261224489795918,0.44576666843318
0.101020408163265,0.261224489795918,0.43918716138698
0.104081632653061,0.261224489795918,0.425297136658598
0.107142857142857,0.261224489795918,0.411693919552646
0.110204081632653,0.261224489795918,0.398366768766232
0.113265306122449,0.261224489795918,0.385305533623452
0.116326530612245,0.261224489795918,0.372500610602422
0.119387755102041,0.261224489795918,0.359942903468301
0.122448979591837,0.261224489795918,0.34762378684077
0.125510204081633,0.261224489795918,0.335535072957196
0.128571428571429,0.261224489795918,0.323668981369401
0.131632653061224,0.261224489795918,0.312018111305722
0.13469387755102,0.261224489795918,0.300575416443961
0.137755102040816,0.261224489795918,0.289334181855018
0.140816326530612,0.261224489795918,0.278288002900245
0.143877551020408,0.261224489795918,0.267430765884062
0.146938775510204,0.261224489795918,0.256756630284756
0.15,0.261224489795918,0.246260012405429
0,0.277551020408163,0.0122771833319879
0.00306122448979592,0.277551020408163,0.0751906558481113
0.00612244897959184,0.277551020408163,0.139114343785875
0.00918367346938775,0.277551020408163,0.204168566484261
0.0122448979591837,0.277551020408163,0.270418942387436
0.0153061224489796,0.277551020408163,0.337730120064647
0.0183673469387755,0.277551020408163,0.405315965481916
0.0214285714285714,0.277551020408163,0.470332562288308
0.0244897959183673,0.277551020408163,0.524398982698027
0.0275510204081633,0.277551020408163,0.554019448276649
0.0306122448979592,0.277551020408163,0.559154157628551
0.0336734693877551,0.277551020408163,0.552687983903452
0.036734693877551,0.277551020408163,0.542739761195754
0.0397959183673469,0.277551020408163,0.532327229767325
0.0428571428571429,0.277551020408163,0.522451597793479
0.0459183673469388,0.277551020408163,0.513409007613935
0.0489795918367347,0.277551020408163,0.505243818004041
0.0520408163265306,0.277551020408163,0.497910266164646
0.0551020408163265,0.277551020408163,0.491333487945442
0.0581632653061225,0.277551020408163,0.485433355231748
0.0612244897959184,0.277551020408163,0.480133686341037
0.0642857142857143,0.277551020408163,0.475365447091799
0.0673469387755102,0.277551020408163,0.471067440574004
0.0704081632653061,0.277551020408163,0.467185970802518
0.073469387755102,0.277551020408163,0.463674128212048
0.076530612244898,0.277551020408163,0.46049098112935
0.0795918367346939,0.277551020408163,0.457600794306151
0.0826530612244898,0.277551020408163,0.454972321312385
0.0857142857142857,0.277551020408163,0.452578183828242
0.0887755102040816,0.277551020408163,0.450394336001511
0.0918367346938776,0.277551020408163,0.448399606054674
0.0948979591836735,0.277551020408163,0.446575305505519
0.0979591836734694,0.277551020408163,0.444904896418484
0.101020408163265,0.277551020408163,0.439159738157229
0.104081632653061,0.277551020408163,0.425263690685942
0.107142857142857,0.277551020408163,0.411654941188797
0.110204081632653,0.277551020408163,0.398322711453632
0.113265306122449,0.277551020408163,0.385256816674762
0.116326530612245,0.277551020408163,0.372447621808603
0.119387755102041,0.277551020408163,0.359886001527299
0.122448979591837,0.277551020408163,0.347563303607795
0.125510204081633,0.277551020408163,0.335471315524786
0.128571428571429,0.277551020408163,0.323602233984447
0.131632653061224,0.277551020408163,0.311948637134614
0.13469387755102,0.277551020408163,0.300503459196012
0.137755102040816,0.277551020408163,0.28925996727548
0.140816326530612,0.277551020408163,0.2782117401423
0.143877551020408,0.277551020408163,0.267352648770061
0.146938775510204,0.277551020408163,0.256676838465894
0.15,0.277551020408163,0.24617871242813
0,0.293877551020408,0.0059434365090448
0.00306122448979592,0.293877551020408,0.0663566543179595
0.00612244897959184,0.293877551020408,0.127608441601039
0.00918367346938775,0.293877551020408,0.189776127794024
0.0122448979591837,0.293877551020408,0.252876139379369
0.0153061224489796,0.293877551020408,0.316740375685759
0.0183673469387755,0.293877551020408,0.380674302153389
0.0214285714285714,0.293877551020408,0.442501079379634
0.0244897959183673,0.293877551020408,0.496333669841573
0.0275510204081633,0.293877551020408,0.531670689118191
0.0306122448979592,0.293877551020408,0.544233798948432
0.0336734693877551,0.293877551020408,0.5426387882281
0.036734693877551,0.293877551020408,0.535469131081593
0.0397959183673469,0.293877551020408,0.526717112299794
0.0428571428571429,0.293877551020408,0.517912382185532
0.0459183673469388,0.293877551020408,0.509609035527558
0.0489795918367347,0.293877551020408,0.501982833965744
0.0520408163265306,0.293877551020408,0.495059558873348
0.0551020408163265,0.293877551020408,0.488805876867173
0.0581632653061225,0.293877551020408,0.483167162751212
0.0612244897959184,0.293877551020408,0.478083668891534
0.0642857142857143,0.293877551020408,0.473497396226942
0.0673469387755102,0.293877551020408,0.469354823663061
0.0704081632653061,0.293877551020408,0.46560775900592
0.073469387755102,0.293877551020408,0.46221334429088
0.076530612244898,0.293877551020408,0.45913369959262
0.0795918367346939,0.293877551020408,0.456335434942567
0.0826530612244898,0.293877551020408,0.453789138431481
0.0857142857142857,0.293877551020408,0.451468889367135
0.0887755102040816,0.293877551020408,0.449351816277295
0.0918367346938776,0.293877551020408,0.447417705366314
0.0948979591836735,0.293877551020408,0.445648658338112
0.0979591836734694,0.293877551020408,0.444028795575817
0.101020408163265,0.293877551020408,0.43913197203341
0.104081632653061,0.293877551020408,0.425229909416713
0.107142857142857,0.293877551020408,0.411615635365194
0.110204081632653,0.293877551020408,0.398278334700761
0.113265306122449,0.293877551020408,0.385207788435442
0.116326530612245,0.293877551020408,0.372394329955313
0.119387755102041,0.293877551020408,0.359828804795067
0.122448979591837,0.293877551020408,0.347502533850375
0.125510204081633,0.293877551020408,0.335407279798926
0.128571428571429,0.293877551020408,0.323535216471701
0.131632653061224,0.293877551020408,0.311878900910419
0.13469387755102,0.293877551020408,0.300431247857402
0.137755102040816,0.293877551020408,0.289185506437153
0.140816326530612,0.293877551020408,0.278135238811887
0.143877551020408,0.293877551020408,0.267274300612421
0.146938775510204,0.293877551020408,0.256596822964912
0.15,0.293877551020408,0.246097195955532
0,0.310204081632653,0.000101958958885079
0.00306122448979592,0.310204081632653,0.0582451413362898
0.00612244897959184,0.310204081632653,0.11708292644843
0.00918367346938775,0.310204081632653,0.176660464264543
0.0122448979591837,0.310204081632653,0.236960119539109
0.0153061224489796,0.310204081632653,0.297797184544021
0.0183673469387755,0.310204081632653,0.358555527462605
0.0214285714285714,0.310204081632653,0.417514318680812
0.0244897959183673,0.310204081632653,0.470371770048225
0.0275510204081633,0.310204081632653,0.509147765321239
0.0306122448979592,0.310204081632653,0.528033477530939
0.0336734693877551,0.310204081632653,0.531496673509946
0.036734693877551,0.310204081632653,0.52744480059741
0.0397959183673469,0.310204081632653,0.520592301072962
0.0428571428571429,0.310204081632653,0.513010708971543
0.0459183673469388,0.310204081632653,0.505544698756941
0.0489795918367347,0.310204081632653,0.498522881795688
0.0520408163265306,0.310204081632653,0.492055072529748
0.0551020408163265,0.310204081632653,0.486156742517076
0.0581632653061225,0.310204081632653,0.480803129234218
0.0612244897959184,0.310204081632653,0.475953623970124
0.0642857142857143,0.310204081632653,0.471562998647593
0.0673469387755102,0.310204081632653,0.467586557110265
0.0704081632653061,0.310204081632653,0.463982393146583
0.073469387755102,0.310204081632653,0.460712246178533
0.076530612244898,0.310204081632653,0.457741677339303
0.0795918367346939,0.310204081632653,0.455039925133136
0.0826530612244898,0.310204081632653,0.452579621808076
0.0857142857142857,0.310204081632653,0.450336461939204
0.0887755102040816,0.310204081632653,0.44828886865808
0.0918367346938776,0.310204081632653,0.446417679017122
0.0948979591836735,0.310204081632653,0.444705857474696
0.0979591836734694,0.310204081632653,0.443138240040742
0.101020408163265,0.310204081632653,0.439103861170624
0.104081632653061,0.310204081632653,0.425195791149441
0.107142857142857,0.310204081632653,0.41157600051143
0.110204081632653,0.310204081632653,0.398233637057675
0.113265306122449,0.310204081632653,0.385158447565881
0.116326530612245,0.310204081632653,0.372340733804009
0.119387755102041,0.310204081632653,0.359771312126511
0.122448979591837,0.310204081632653,0.347441476509384
0.125510204081633,0.310204081632653,0.335342964799779
0.128571428571429,0.310204081632653,0.323467927924181
0.131632653061224,0.310204081632653,0.311808901793744
0.13469387755102,0.310204081632653,0.30035878165099
0.137755102040816,0.310204081632653,0.289110798620389
0.140816326530612,0.310204081632653,0.278058498242729
0.143877551020408,0.310204081632653,0.267195720794012
0.146938775510204,0.310204081632653,0.256516583210267
0.15,0.310204081632653,0.246015462457963
0,0.326530612244898,-0.00530252585439377
0.00306122448979592,0.326530612244898,0.0507694365720692
0.00612244897959184,0.326530612244898,0.10741435120557
0.00918367346938775,0.326530612244898,0.164653148441827
0.0122448979591837,0.326530612244898,0.222444642300149
0.0153061224489796,0.326530612244898,0.280597473779275
0.0183673469387755,0.326530612244898,0.338562672140174
0.0214285714285714,0.326530612244898,0.394945316389819
0.0244897959183673,0.326530612244898,0.446494090142635
0.0275510204081633,0.326530612244898,0.48713990825847
0.0306122448979592,0.326530612244898,0.511005225996405
0.0336734693877551,0.326530612244898,0.519377720679359
0.036734693877551,0.326530612244898,0.518678822821665
0.0397959183673469,0.326530612244898,0.513943901392169
0.0428571428571429,0.326530612244898,0.507736131737639
0.0459183673469388,0.326530612244898,0.501207583271014
0.0489795918367347,0.326530612244898,0.49485771133037
0.0520408163265306,0.326530612244898,0.488892245974198
0.0551020408163265,0.326530612244898,0.483382748383515
0.0581632653061225,0.326530612244898,0.478338790728247
0.0612244897959184,0.326530612244898,0.473741710359865
0.0642857142857143,0.326530612244898,0.469560861575551
0.0673469387755102,0.326530612244898,0.465761574844312
0.0704081632653061,0.326530612244898,0.462309048131551
0.073469387755102,0.326530612244898,0.45917018870568
0.076530612244898,0.326530612244898,0.456314405109311
0.0795918367346939,0.326530612244898,0.453713859405945
0.0826530612244898,0.326530612244898,0.451343446039679
0.0857142857142857,0.326530612244898,0.449180638497533
0.0887755102040816,0.326530612244898,0.447205279083817
0.0918367346938776,0.326530612244898,0.445399351743438
0.0948979591836735,0.326530612244898,0.443746758608326
0.0979591836734694,0.326530612244898,0.44223311037969
0.101020408163265,0.326530612244898,0.439075403713182
0.104081632653061,0.326530612244898,0.42516133417352
0.107142857142857,0.326530612244898,0.411536035049312
0.110204081632653,0.326530612244898,0.398188617067217
0.113265306122449,0.326530612244898,0.38510879272004
0.116326530612245,0.326530612244898,0.372286832110833
0.119387755102041,0.326530612244898,0.359713522371604
0.122448979591837,0.326530612244898,0.347380130521294
0.125510204081633,0.326530612244898,0.335278369543472
0.128571428571429,0.326530612244898,0.323400367431937
0.131632653061224,0.326530612244898,0.311738638942362
0.13469387755102,0.326530612244898,0.300286059797145
0.137755102040816,0.326530612244898,0.28903584310353
0.140816326530612,0.326530612244898,0.27798151776657
0.143877551020408,0.326530612244898,0.267116908696035
0.146938775510204,0.326530612244898,0.256436118628728
0.15,0.326530612244898,0.245933511404693
0,0.342857142857143,-0.010316923787618
0.00306122448979592,0.342857142857143,0.043856784159819
0.00612244897959184,0.342857142857143,0.0984999673544263
0.00918367346938775,0.342857142857143,0.153615267785437
0.0122448979591837,0.342857142857143,0.209145349338964
0.0153061224489796,0.342857142857143,0.264898361505169
0.0183673469387755,0.342857142857143,0.32038302400513
0.0214285714285714,0.342857142857143,0.374445700887943
0.0244897959183673,0.342857142857143,0.42455841659955
0.0275510204081633,0.342857142857143,0.466052397877137
0.0306122448979592,0.342857142857143,0.493609438789326
0.0336734693877551,0.342857142857143,0.506461506599574
0.036734693877551,0.342857142857143,0.509213906326582
0.0397959183673469,0.342857142857143,0.506775406404891
0.0428571428571429,0.342857142857143,0.502083433669987
0.0459183673469388,0.342857142857143,0.496591689303432
0.0489795918367347,0.342857142857143,0.490982293747876
0.0520408163265306,0.342857142857143,0.485567188689381
0.0551020408163265,0.342857142857143,0.480480952964539
0.0581632653061225,0.342857142857143,0.475771930053458
0.0612244897959184,0.342857142857143,0.471446248756351
0.0642857142857143,0.342857142857143,0.467489702885764
0.0673469387755102,0.342857142857143,0.463878889028543
0.0704081632653061,0.342857142857143,0.460586955776957
0.073469387755102,0.342857142857143,0.457586569104633
0.076530612244898,0.342857142857143,0.454851405884845
0.0795918367346939,0.342857142857143,0.452356857239021
0.0826530612244898,0.342857142857143,0.450080305323708
0.0857142857142857,0.342857142857143,0.448001171597049
0.0887755102040816,0.342857142857143,0.446100846057982
0.0918367346938776,0.342857142857143,0.444362558502804
0.0948979591836735,0.342857142857143,0.442771225824494
0.0979591836734694,0.342857142857143,0.441313294106794
0.101020408163265,0.342857142857143,0.439046597794734
0.104081632653061,0.342857142857143,0.425126536768668
0.107142857142857,0.342857142857143,0.411495737392067
0.110204081632653,0.342857142857143,0.398143273264938
0.113265306122449,0.342857142857143,0.385058822545542
0.116326530612245,0.342857142857143,0.372232623626388
0.119387755102041,0.342857142857143,0.359655434375711
0.122448979591837,0.342857142857143,0.347318494818564
0.125510204081633,0.342857142857143,0.335213493042866
0.128571428571429,0.342857142857143,0.323332534081552
0.131632653061224,0.342857142857143,0.311668111511268
0.13469387755102,0.342857142857143,0.300213081513864
0.137755102040816,0.342857142857143,0.28896063916274
0.140816326530612,0.342857142857143,0.277904296713351
0.143877551020408,0.342857142857143,0.267037863698108
0.146938775510204,0.342857142857143,0.256355428645871
0.15,0.342857142857143,0.245851342263599
0,0.359183673469388,-0.0149813341346222
0.00306122448979592,0.359183673469388,0.0374456019145315
0.00612244897959184,0.359183673469388,0.090253469956131
0.00918367346938775,0.359183673469388,0.143431088666812
0.0122448979591837,0.359183673469388,0.196910238783365
0.0153061224489796,0.359183673469388,0.250502361526796
0.0183673469387755,0.359183673469388,0.303765921058571
0.0214285714285714,0.359183673469388,0.355731081997748
0.0244897959183673,0.359183673469388,0.404385070442571
0.0275510204081633,0.359183673469388,0.446080476889314
0.0306122448979592,0.359183673469388,0.476242042444352
0.0336734693877551,0.359183673469388,0.492969535579166
0.036734693877551,0.359183673469388,0.499123948219834
0.0397959183673469,0.359183673469388,0.499104736673729
0.0428571428571429,0.359183673469388,0.496053811872265
0.0459183673469388,0.359183673469388,0.491694031669151
0.0489795918367347,0.359183673469388,0.486893128419675
0.0520408163265306,0.359183673469388,0.482076844225579
0.0551020408163265,0.359183673469388,0.477448900981689
0.0581632653061225,0.359183673469388,0.473100630035191
0.0612244897959184,0.359183673469388,0.469065754109301
0.0642857142857143,0.359183673469388,0.465348371468011
0.0673469387755102,0.359183673469388,0.461937603285413
0.0704081632653061,0.359183673469388,0.458815413636385
0.073469387755102,0.359183673469388,0.455960833045837
0.076530612244898,0.359183673469388,0.453352239108293
0.0795918367346939,0.359183673469388,0.450968566062747
0.0826530612244898,0.359183673469388,0.448789915632428
0.0857142857142857,0.359183673469388,0.446797830993234
0.0887755102040816,0.359183673469388,0.444975381840093
0.0918367346938776,0.359183673469388,0.443307145375401
0.0948979591836735,0.359183673469388,0.441779132289517
0.0979591836734694,0.359183673469388,0.440378686215951
0.101020408163265,0.359183673469388,0.43901744153745
0.104081632653061,0.359183673469388,0.425091397205251
0.107142857142857,0.359183673469388,0.41145510594482
0.110204081632653,0.359183673469388,0.398097604179078
0.113265306122449,0.359183673469388,0.385008535683709
0.116326530612245,0.359183673469388,0.372178107095767
0.119387755102041,0.359183673469388,0.359597046979251
0.122448979591837,0.359183673469388,0.347256568329442
0.125510204081633,0.359183673469388,0.33514833430683
0.128571428571429,0.359183673469388,0.323264426956518
0.131632653061224,0.359183673469388,0.311597318652538
0.13469387755102,0.359183673469388,0.300139846016743
0.137755102040816,0.359183673469388,0.288885186072089
0.140816326530612,0.359183673469388,0.277826834411085
0.143877551020408,0.359183673469388,0.266958585178189
0.146938775510204,0.359183673469388,0.256274512685794
0.15,0.359183673469388,0.245768954501423
0,0.375510204081633,-0.0193302719128656
0.00306122448979592,0.375510204081633,0.0314833656715479
0.00612244897959184,0.375510204081633,0.0826017634526093
0.00918367346938775,0.375510204081633,0.1340033080112
0.0122448979591837,0.375510204081633,0.185612676710362
0.0153061224489796,0.375510204081633,0.237246875083368
0.0183673469387755,0.375510204081633,0.288507445939734
0.0214285714285714,0.375510204081633,0.338567890698833
0.0244897959183673,0.375510204081633,0.385793287179587
0.0275510204081633,0.375510204081633,0.427287329772617
0.0306122448979592,0.375510204081633,0.459201478952166
0.0336734693877551,0.375510204081633,0.479136518233905
0.036734693877551,0.375510204081633,0.488510041379504
0.0397959183673469,0.375510204081633,0.490965209204914
0.0428571428571429,0.375510204081633,0.489655862066777
0.0459183673469388,0.375510204081633,0.486515213920566
0.0489795918367347,0.375510204081633,0.482588553299492
0.0520408163265306,0.375510204081633,0.478419159716232
0.0551020408163265,0.375510204081633,0.474284719054262
0.0581632653061225,0.375510204081633,0.470323329578305
0.0612244897959184,0.375510204081633,0.466598969713457
0.0642857142857143,0.375510204081633,0.463135868659521
0.0673469387755102,0.375510204081633,0.459936926585279
0.0704081632653061,0.375510204081633,0.456993794246989
0.073469387755102,0.375510204081633,0.454292480943503
0.076530612244898,0.375510204081633,0.451816505073981
0.0795918367346939,0.375510204081633,0.449548664378646
0.0826530612244898,0.375510204081633,0.447472016965839
0.0857142857142857,0.375510204081633,0.44557040529573
0.0887755102040816,0.375510204081633,0.443828713675815
0.0918367346938776,0.375510204081633,0.442232970489738
0.0948979591836735,0.375510204081633,0.440770360957071
0.0979591836734694,0.375510204081633,0.43942918972453
0.101020408163265,0.375510204081633,0.438198816873754
0.104081632653061,0.375510204081633,0.425055913743716
0.107142857142857,0.375510204081633,0.411414139104248
0.110204081632653,0.375510204081633,0.39805160833088
0.113265306122449,0.375510204081633,0.38495793076959
0.116326530612245,0.375510204081633,0.372123281258488
0.119387755102041,0.375510204081633,0.359538359017903
0.122448979591837,0.375510204081633,0.347194349977772
0.125510204081633,0.375510204081633,0.33508289234072
0.128571428571429,0.375510204081633,0.323196045137069
0.131632653061224,0.375510204081633,0.311526259515606
0.13469387755102,0.375510204081633,0.300066352518807
0.137755102040816,0.375510204081633,0.28880948310343
0.140816326530612,0.375510204081633,0.27774913018601
0.143877551020408,0.375510204081633,0.266879072512585
0.146938775510204,0.375510204081633,0.256193370171108
0.15,0.375510204081633,0.245686347583586
0,0.391836734693878,-0.0233936326244046
0.00306122448979592,0.391836734693878,0.0259249630319135
0.00612244897959184,0.391836734693878,0.0754824716305792
0.00918367346938775,0.391836734693878,0.125249442783628
0.0122448979591837,0.391836734693878,0.175146179168121
0.0153061224489796,0.391836734693878,0.224996552713141
0.0183673469387755,0.391836734693878,0.274439581436471
0.0214285714285714,0.391836734693878,0.322762764604661
0.0244897959183673,0.391836734693878,0.368615386709727
0.0275510204081633,0.391836734693878,0.409661068752193
0.0306122448979592,0.391836734693878,0.442688870694836
0.0336734693877551,0.391836734693878,0.46518371295003
0.036734693877551,0.391836734693878,0.477492428112338
0.0397959183673469,0.391836734693878,0.482405060665012
0.0428571428571429,0.391836734693878,0.482906202872959
0.0459183673469388,0.391836734693878,0.481059922718935
0.0489795918367347,0.391836734693878,0.47806904080701
0.0520408163265306,0.391836734693878,0.474593254974527
0.0551020408163265,0.391836734693878,0.470987213288188
0.0581632653061225,0.391836734693878,0.46743888150072
0.0612244897959184,0.391836734693878,0.464044902551182
0.0642857142857143,0.391836734693878,0.460851370510535
0.0673469387755102,0.391836734693878,0.457876187676831
0.0704081632653061,0.391836734693878,0.455121554726043
0.073469387755102,0.391836734693878,0.452581074488485
0.076530612244898,0.391836734693878,0.450243849471355
0.0795918367346939,0.391836734693878,0.44809686497858
0.0826530612244898,0.391836734693878,0.446126375672282
0.0857142857142857,0.391836734693878,0.444318703667067
0.0887755102040816,0.391836734693878,0.442660685058365
0.0918367346938776,0.391836734693878,0.441139904972757
0.0948979591836735,0.391836734693878,0.43974480529039
0.0979591836734694,0.391836734693878,0.438464716229656
0.101020408163265,0.391836734693878,0.43728984323363
0.104081632653061,0.391836734693878,0.425020084635048
0.107142857142857,0.391836734693878,0.411372835258453
0.110204081632653,0.391836734693878,0.398005284233945
0.113265306122449,0.391836734693878,0.384907006431741
0.116326530612245,0.391836734693878,0.372068144848504
0.119387755102041,0.391836734693878,0.359479369322219
0.122448979591837,0.391836734693878,0.347131838683295
0.125510204081633,0.391836734693878,0.335017166146092
0.128571428571429,0.391836734693878,0.323127387700186
0.131632653061224,0.391836734693878,0.311454933246837
0.13469387755102,0.391836734693878,0.299992600230677
0.137755102040816,0.391836734693878,0.288733529526494
0.140816326530612,0.391836734693878,0.277671183362414
0.143877551020408,0.391836734693878,0.266799325076016
0.146938775510204,0.391836734693878,0.256112000523073
0.15,0.391836734693878,0.245603520974487
0,0.408163265306122,-0.0271974609272442
0.00306122448979592,0.408163265306122,0.0207313985092951
0.00612244897959184,0.408163265306122,0.0688419978636497
0.00918367346938775,0.408163265306122,0.117099048404091
0.0122448979591837,0.408163265306122,0.165420455014772
0.0153061224489796,0.408163265306122,0.213637630950712
0.0183673469387755,0.408163265306122,0.26142234330267
0.0214285714285714,0.408163265306122,0.308154278431142
0.0244897959183673,0.408163265306122,0.352701211727678
0.0275510204081633,0.408163265306122,0.393150689638535
0.0306122448979592,0.408163265306122,0.426825072900834
0.0336734693877551,0.408163265306122,0.451300795042161
0.036734693877551,0.408163265306122,0.466200130299453
0.0397959183673469,0.408163265306122,0.473485403940887
0.0428571428571429,0.408163265306122,0.475829596177398
0.0459183673469388,0.408163265306122,0.475337283539412
0.0489795918367347,0.408163265306122,0.473337457590099
0.0520408163265306,0.408163265306122,0.470599583045214
0.0551020408163265,0.408163265306122,0.467555965530088
0.0581632653061225,0.408163265306122,0.464446610736566
0.0612244897959184,0.408163265306122,0.461402859252516
0.0642857142857143,0.408163265306122,0.458494250568375
0.0673469387755102,0.408163265306122,0.455754849894995
0.0704081632653061,0.408163265306122,0.453198246630951
0.073469387755102,0.408163265306122,0.450826243361837
0.076530612244898,0.408163265306122,0.448633968050105
0.0795918367346939,0.408163265306122,0.446612918247843
0.0826530612244898,0.408163265306122,0.444752786826667
0.0857142857142857,0.408163265306122,0.443042557561906
0.0887755102040816,0.408163265306122,0.441471157018415
0.0918367346938776,0.408163265306122,0.440027833917868
0.0948979591836735,0.408163265306122,0.438702369998494
0.0979591836734694,0.408163265306122,0.437485186473671
0.101020408163265,0.408163265306122,0.436367386071624
0.104081632653061,0.408163265306122,0.424983908120626
0.107142857142857,0.408163265306122,0.411331192787396
0.110204081632653,0.408163265306122,0.397958630394586
0.113265306122449,0.408163265306122,0.38485576129236
0.116326530612245,0.408163265306122,0.372012696594219
0.119387755102041,0.408163265306122,0.359420076718087
0.122448979591837,0.408163265306122,0.347069033361401
0.125510204081633,0.408163265306122,0.334951154720848
0.128571428571429,0.408163265306122,0.323058453719648
0.131632653061224,0.408163265306122,0.311383338990063
0.13469387755102,0.408163265306122,0.299918588360429
0.137755102040816,0.408163265306122,0.288657324608892
0.140816326530612,0.408163265306122,0.277592993262716
0.143877551020408,0.408163265306122,0.26671934224157
0.146938775510204,0.408163265306122,0.256030403161572
0.15,0.408163265306122,0.245520474137051
0,0.424489795918367,-0.0307645684746208
0.00306122448979592,0.424489795918367,0.0158687648981423
0.00612244897959184,0.424489795918367,0.0626339976469091
0.00918367346938775,0.424489795918367,0.109491550081407
0.0122448979591837,0.424489795918367,0.15635836290403
0.0153061224489796,0.424489795918367,0.203073660111245
0.0183673469387755,0.424489795918367,0.249337955607786
0.0214285714285714,0.424489795918367,0.29460655920121
0.0244897959183673,0.424489795918367,0.337918434844258
0.0275510204081633,0.424489795918367,0.37768715669731
0.0306122448979592,0.424489795918367,0.411671751925838
0.0336734693877551,0.424489795918367,0.437637820645535
0.036734693877551,0.424489795918367,0.454760551398838
0.0397959183673469,0.424489795918367,0.464276832620403
0.0428571428571429,0.424489795918367,0.468458474181422
0.0459183673469388,0.424489795918367,0.469361021751336
0.0489795918367347,0.424489795918367,0.468399264585728
0.0520408163265306,0.424489795918367,0.466440072760408
0.0551020408163265,0.424489795918367,0.463991424389502
0.0581632653061225,0.424489795918367,0.461346371212548
0.0612244897959184,0.424489795918367,0.458672481887888
0.0642857142857143,0.424489795918367,0.456064102802884
0.0673469387755102,0.424489795918367,0.453572526154681
0.0704081632653061,0.424489795918367,0.451223525977613
0.073469387755102,0.424489795918367,0.44902769206813
0.076530612244898,0.424489795918367,0.446986611372153
0.0795918367346939,0.424489795918367,0.445096615529761
0.0826530612244898,0.424489795918367,0.443351076652509
0.0857142857142857,0.424489795918367,0.441741822496599
0.0887755102040816,0.424489795918367,0.440260009435444
0.0918367346938776,0.424489795918367,0.438896657369395
0.0948979591836735,0.424489795918367,0.437642971783779
0.0979591836734694,0.424489795918367,0.436490530917897
0.101020408163265,0.424489795918367,0.435431387224486
0.104081632653061,0.424489795918367,0.424947382431858
0.107142857142857,0.424489795918367,0.411289210062297
0.110204081632653,0.424489795918367,0.397911645311861
0.113265306122449,0.424489795918367,0.384804193967087
0.116326530612245,0.424489795918367,0.371956935218315
0.119387755102041,0.424489795918367,0.359360480026478
0.122448979591837,0.424489795918367,0.347005932923326
0.125510204081633,0.424489795918367,0.334884857059021
0.128571428571429,0.424489795918367,0.322989242265918
0.131632653061224,0.424489795918367,0.311311475886003
0.13469387755102,0.424489795918367,0.299844316113768
0.137755102040816,0.424489795918367,0.288580867615976
0.140816326530612,0.424489795918367,0.277514559207528
0.143877551020408,0.424489795918367,0.26663912338067
0.146938775510204,0.424489795918367,0.255948577505
0.15,0.424489795918367,0.245437206533056
0,0.440816326530612,-0.0341150346140747
0.00306122448979592,0.440816326530612,0.0113074185795486
0.00612244897959184,0.440816326530612,0.0568181638050206
0.00918367346938775,0.440816326530612,0.102374533518813
0.0122448979591837,0.440816326530612,0.147893541796935
0.0153061224489796,0.440816326530612,0.193222232142674
0.0183673469387755,0.440816326530612,0.238086461184804
0.0214285714285714,0.440816326530612,0.282004349789594
0.0244897959183673,0.440816326530612,0.324151231803486
0.0275510204081633,0.440816326530612,0.363195224111502
0.0306122448979592,0.440816326530612,0.397250048687246
0.0336734693877551,0.440816326530612,0.42430520889678
0.036734693877551,0.440816326530612,0.443291003281539
0.0397959183673469,0.440816326530612,0.454855187456382
0.0428571428571429,0.440816326530612,0.460831868417139
0.0459183673469388,0.440816326530612,0.463149386114859
0.0489795918367347,0.440816326530612,0.463262634303992
0.0520408163265306,0.440816326530612,0.4621182431009
0.0551020408163265,0.440816326530612,0.460294986611899
0.0581632653061225,0.440816326530612,0.458138599430057
0.0612244897959184,0.440816326530612,0.455853782680317
0.0642857142857143,0.440816326530612,0.453560764220386
0.0673469387755102,0.440816326530612,0.451328993896127
0.0704081632653061,0.440816326530612,0.449197163291126
0.073469387755102,0.440816326530612,0.447185206819134
0.076530612244898,0.440816326530612,0.445301589610643
0.0795918367346939,0.440816326530612,0.443547792527876
0.0826530612244898,0.440816326530612,0.441921104972917
0.0857142857142857,0.440816326530612,0.440416379840986
0.0887755102040816,0.440816326530612,0.439027142365067
0.0918367346938776,0.440816326530612,0.437746291318712
0.0948979591836735,0.440816326530612,0.43656654009804
0.0979591836734694,0.440816326530612,0.435480690322721
0.101020408163265,0.440816326530612,0.434481796927336
0.104081632653061,0.440816326530612,0.42491050579036
0.107142857142857,0.440816326530612,0.411246885446015
0.110204081632653,0.440816326530612,0.397864327477303
0.113265306122449,0.440816326530612,0.384752303065312
0.116326530612245,0.440816326530612,0.371900859437867
0.119387755102041,0.440816326530612,0.359300578063362
0.122448979591837,0.440816326530612,0.346942536275736
0.125510204081633,0.440816326530612,0.334818272151007
0.128571428571429,0.440816326530612,0.322919752406233
0.131632653061224,0.440816326530612,0.311239343072667
0.13469387755102,0.440816326530612,0.299769782693834
0.137755102040816,0.440816326530612,0.288504157811041
0.140816326530612,0.440816326530612,0.277435880515421
0.143877551020408,0.440816326530612,0.266558667863132
0.146938775510204,0.440816326530612,0.255866522970338
0.15,0.440816326530612,0.245353717623103
0,0.457142857142857,-0.0372666152833101
0.00306122448979592,0.457142857142857,0.00702131267231941
0.00612244897959184,0.457142857142857,0.0513592514926175
0.00918367346938775,0.457142857142857,0.095702384197512
0.0122448979591837,0.457142857142857,0.139968544936594
0.0153061224489796,0.457142857142857,0.184012440427522
0.0183673469387755,0.457142857142857,0.227582361641307
0.0214285714285714,0.457142857142857,0.270249169711276
0.0244897959183673,0.457142857142857,0.3112984269644
0.0275510204081633,0.457142857142857,0.349599805559459
0.0306122448979592,0.457142857142857,0.383554887626912
0.0336734693877551,0.457142857142857,0.411378438126847
0.036734693877551,0.457142857142857,0.431893182330081
0.0397959183673469,0.457142857142857,0.445297151128418
0.0428571428571429,0.457142857142857,0.452993832562257
0.0459183673469388,0.457142857142857,0.456724814514275
0.0489795918367347,0.457142857142857,0.457938465790862
0.0520408163265306,0.457142857142857,0.457639279239057
0.0551020408163265,0.457142857142857,0.456469064089993
0.0581632653061225,0.457142857142857,0.454824362566811
0.0612244897959184,0.457142857142857,0.45294717659077
0.0642857142857143,0.457142857142857,0.450984336650985
0.0673469387755102,0.457142857142857,0.44902420971519
0.0704081632653061,0.457142857142857,0.447119053547114
0.073469387755102,0.457142857142857,0.445298662387998
0.076530612244898,0.457142857142857,0.443578777349718
0.0795918367346939,0.457142857142857,0.441966332718932
0.0826530612244898,0.457142857142857,0.440462767672719
0.0857142857142857,0.457142857142857,0.439066138620479
0.0887755102040816,0.457142857142857,0.437772477375246
0.0918367346938776,0.457142857142857,0.436576668706759
0.0948979591836735,0.457142857142857,0.435473017903401
0.0979591836734694,0.457142857142857,0.434455616331504
0.101020408163265,0.457142857142857,0.433518574266015
0.104081632653061,0.457142857142857,0.424873276408016
0.107142857142857,0.457142857142857,0.411204217292705
0.110204081632653,0.457142857142857,0.397816675374861
0.113265306122449,0.457142857142857,0.3847000871897
0.116326530612245,0.457142857142857,0.371844467964257
0.119387755102041,0.457142857142857,0.359240369639815
0.122448979591837,0.457142857142857,0.346878842321449
0.125510204081633,0.457142857142857,0.334751398983462
0.128571428571429,0.457142857142857,0.322849983204554
0.131632653061224,0.457142857142857,0.311166939685167
0.13469387755102,0.457142857142857,0.299694987301262
0.137755102040816,0.457142857142857,0.288427194455177
0.140816326530612,0.457142857142857,0.277356956503317
0.143877551020408,0.457142857142857,0.266477975057056
0.146938775510204,0.457142857142857,0.255784238973138
0.15,0.457142857142857,0.2452700068665
0,0.473469387755102,-0.0402350793419365
0.00306122448979592,0.473469387755102,0.00298745353378988
0.00612244897959184,0.473469387755102,0.0462262890071179
0.00918367346938775,0.473469387755102,0.0894351941865087
0.0122448979591837,0.473469387755102,0.132533355112655
0.0153061224489796,0.473469387755102,0.175382883866289
0.0183673469387755,0.473469387755102,0.217752009683473
0.0214285714285714,0.473469387755102,0.259256305874838
0.0244897959183673,0.473469387755102,0.299271589183277
0.0275510204081633,0.473469387755102,0.33682922504005
0.0306122448979592,0.473469387755102,0.370565126161914
0.0336734693877551,0.473469387755102,0.398904612645969
0.036734693877551,0.473469387755102,0.420650644552211
0.0397959183673469,0.473469387755102,0.435676297754318
0.0428571428571429,0.473469387755102,0.444991533445077
0.0459183673469388,0.473469387755102,0.450113351270496
0.0489795918367347,0.473469387755102,0.452440284477267
0.0520408163265306,0.473469387755102,0.453010061230957
0.0551020408163265,0.473469387755102,0.452517131803664
0.0581632653061225,0.473469387755102,0.451405398795539
0.0612244897959184,0.473469387755102,0.449953510647906
0.0642857142857143,0.473469387755102,0.448335207139221
0.0673469387755102,0.473469387755102,0.446658323384875
0.0704081632653061,0.473469387755102,0.444989225842312
0.073469387755102,0.473469387755102,0.443368028842783
0.076530612244898,0.473469387755102,0.441818118330907
0.0795918367346939,0.473469387755102,0.44035217074409
0.0826530612244898,0.473469387755102,0.438975999153933
0.0857142857142857,0.473469387755102,0.43769103731624
0.0887755102040816,0.473469387755102,0.436495958883264
0.0918367346938776,0.473469387755102,0.435387740428551
0.0948979591836735,0.473469387755102,0.434362362435406
0.0979591836734694,0.473469387755102,0.433415272056156
0.101020408163265,0.473469387755102,0.432541687630847
0.104081632653061,0.473469387755102,0.424835692486566
0.107142857142857,0.473469387755102,0.411161203947971
0.110204081632653,0.473469387755102,0.397768687481046
0.113265306122449,0.473469387755102,0.384647544936442
0.116326530612245,0.473469387755102,0.371787759503347
0.119387755102041,0.473469387755102,0.359179853561964
0.122448979591837,0.473469387755102,0.346814849958488
0.125510204081633,0.473469387755102,0.33468423653923
0.128571428571429,0.473469387755102,0.322779933721466
0.131632653061224,0.473469387755102,0.311094264855784
0.13469387755102,0.473469387755102,0.299619929134305
0.137755102040816,0.473469387755102,0.288349976807271
0.140816326530612,0.473469387755102,0.277277786485926
0.143877551020408,0.473469387755102,0.266397044329036
0.146938775510204,0.473469387755102,0.255701724927531
0.15,0.473469387755102,0.245186073721333
0,0.489795918367347,-0.0430344870838116
0.00306122448979592,0.489795918367347,-0.000814545480094792
0.00612244897959184,0.489795918367347,0.0413919339747453
0.00918367346938775,0.489795918367347,0.0835378764311417
0.0122448979591837,0.489795918367347,0.125544192143766
0.0153061224489796,0.489795918367347,0.167280081474444
0.0183673469387755,0.489795918367347,0.208531560191906
0.0214285714285714,0.489795918367347,0.248952433773707
0.0244897959183673,0.489795918367347,0.287993271056948
0.0275510204081633,0.489795918367347,0.324816715239682
0.0306122448979592,0.489795918367347,0.358250423128191
0.0336734693877551,0.489795918367347,0.386909088967283
0.036734693877551,0.489795918367347,0.409628686106197
0.0397959183673469,0.489795918367347,0.42606003170373
0.0428571428571429,0.489795918367347,0.436873230346091
0.0459183673469388,0.489795918367347,0.443343856187082
0.0489795918367347,0.489795918367347,0.446784023521249
0.0520408163265306,0.489795918367347,0.448239138526395
0.0551020408163265,0.489795918367347,0.448443752363997
0.0581632653061225,0.489795918367347,0.44788414750898
0.0612244897959184,0.489795918367347,0.446874088835453
0.0642857142857143,0.489795918367347,0.445614066325099
0.0673469387755102,0.489795918367347,0.444231690937645
0.0704081632653061,0.489795918367347,0.442807852616197
0.073469387755102,0.489795918367347,0.441393378061256
0.076530612244898,0.489795918367347,0.440019630090972
0.0795918367346939,0.489795918367347,0.438705295743734
0.0826530612244898,0.489795918367347,0.4374607747622
0.0857142857142857,0.489795918367347,0.436291045651314
0.0887755102040816,0.489795918367347,0.435197555484796
0.0918367346938776,0.489795918367347,0.434179476333665
0.0948979591836735,0.489795918367347,0.433234545964244
0.0979591836734694,0.489795918367347,0.432359632661538
0.101020408163265,0.489795918367347,0.431551115170047
0.104081632653061,0.489795918367347,0.424797752217911
0.107142857142857,0.489795918367347,0.411117843748476
0.110204081632653,0.489795918367347,0.397720362264961
0.113265306122449,0.489795918367347,0.384594674895091
0.116326530612245,0.489795918367347,0.37173073275493
0.119387755102041,0.489795918367347,0.359119028630838
0.122448979591837,0.489795918367347,0.346750558080731
0.125510204081633,0.489795918367347,0.334616783797389
0.128571428571429,0.489795918367347,0.322709603014394
0.131632653061224,0.489795918367347,0.311021317713824
0.13469387755102,0.489795918367347,0.29954460738857
0.137755102040816,0.489795918367347,0.288272504124098
0.140816326530612,0.489795918367347,0.277198369776404
0.143877551020408,0.489795918367347,0.266315875043904
0.146938775510204,0.489795918367347,0.255618980246228
0.15,0.489795918367347,0.245101917644505
0,0.506122448979592,-0.0456774223278931
0.00306122448979592,0.506122448979592,-0.00440283292477527
0.00612244897959184,0.506122448979592,0.0368319442897954
0.00918367346938775,0.506122448979592,0.0779794415124098
0.0122448979591837,0.506122448979592,0.118962546760595
0.0153061224489796,0.506122448979592,0.159657200579093
0.0183673469387755,0.506122448979592,0.199865342371361
0.0214285714285714,0.506122448979592,0.239273720854999
0.0244897959183673,0.506122448979592,0.277395455553419
0.0275510204081633,0.506122448979592,0.313500948420515
0.0306122448979592,0.506122448979592,0.346575740684495
0.0336734693877551,0.506122448979592,0.375401272166977
0.036734693877551,0.506122448979592,0.398875804535505
0.0397959183673469,0.506122448979592,0.416507598084236
0.0428571428571429,0.506122448979592,0.428686361126967
0.0459183673469388,0.506122448979592,0.436447071185833
0.0489795918367347,0.506122448979592,0.440987694179147
0.0520408163265306,0.506122448979592,0.443336646686766
0.0551020408163265,0.506122448979592,0.444254573619037
0.0581632653061225,0.506122448979592,0.444263767294604
0.0612244897959184,0.506122448979592,0.44371069135399
0.0642857142857143,0.506122448979592,0.442821924178909
0.0673469387755102,0.506122448979592,0.441744886469811
0.0704081632653061,0.506122448979592,0.440575258235742
0.073469387755102,0.506122448979592,0.439374889917691
0.076530612244898,0.506122448979592,0.438183408426676
0.0795918367346939,0.506122448979592,0.437025754600151
0.0826530612244898,0.506122448979592,0.435917113160995
0.0857142857142857,0.506122448979592,0.434866166346922
0.0887755102040816,0.506122448979592,0.433877261266407
0.0918367346938776,0.506122448979592,0.432951866216764
0.0948979591836735,0.506122448979592,0.432089556548806
0.0979591836734694,0.506122448979592,0.431288685946391
0.101020408163265,0.506122448979592,0.43054684524015
0.104081632653061,0.506122448979592,0.424759453783797
0.107142857142857,0.506122448979592,0.411074135022664
0.110204081632653,0.506122448979592,0.397671698187928
0.113265306122449,0.506122448979592,0.384541475648863
0.116326530612245,0.506122448979592,0.371673386413464
0.119387755102041,0.506122448979592,0.359057893642609
0.122448979591837,0.506122448979592,0.346685965577724
0.125510204081633,0.506122448979592,0.334549039733043
0.128571428571429,0.506122448979592,0.322638990137311
0.131632653061224,0.506122448979592,0.310948097385798
0.13469387755102,0.506122448979592,0.299469021257297
0.137755102040816,0.506122448979592,0.288194775660118
0.140816326530612,0.506122448979592,0.277118705685794
0.143877551020408,0.506122448979592,0.266234466564892
0.146938775510204,0.506122448979592,0.255536004340541
0.15,0.506122448979592,0.245017538091526
0,0.522448979591837,-0.0481751869730239
0.00306122448979592,0.522448979591837,-0.00779362620955638
0.00612244897959184,0.522448979591837,0.0325247403924833
0.00918367346938775,0.522448979591837,0.0727324027757292
0.0122448979591837,0.522448979591837,0.11275439165605
0.0153061224489796,0.522448979591837,0.152473027369273
0.0183673469387755,0.522448979591837,0.191704553398752
0.0214285714285714,0.522448979591837,0.230164301648546
0.0244897959183673,0.522448979591837,0.267418217211567
0.0275510204081633,0.522448979591837,0.302826047065555
0.0306122448979592,0.522448979591837,0.335504219508588
0.0336734693877551,0.522448979591837,0.364379295201078
0.036734693877551,0.522448979591837,0.388425980154518
0.0397959183673469,0.522448979591837,0.407069124210335
0.0428571428571429,0.522448979591837,0.420475910294311
0.0459183673469388,0.522448979591837,0.429454625536453
0.0489795918367347,0.522448979591837,0.435070963509492
0.0520408163265306,0.522448979591837,0.438314166671008
0.0551020408163265,0.522448979591837,0.439956296978121
0.0581632653061225,0.522448979591837,0.440548139807779
0.0612244897959184,0.522448979591837,0.440465587134045
0.0642857142857143,0.522448979591837,0.439960122458227
0.0673469387755102,0.522448979591837,0.439198712311686
0.0704081632653061,0.522448979591837,0.438291926742788
0.073469387755102,0.522448979591837,0.437312858028871
0.076530612244898,0.522448979591837,0.436309631619561
0.0795918367346939,0.522448979591837,0.43531365504538
0.0826530612244898,0.522448979591837,0.434345078629853
0.0857142857142857,0.522448979591837,0.433416436833143
0.0887755102040816,0.522448979591837,0.432535097090662
0.0918367346938776,0.522448979591837,0.431704920790945
0.0948979591836735,0.522448979591837,0.430927398781817
0.0979591836734694,0.522448979591837,0.43020243291698
0.101020408163265,0.522448979591837,0.429528876852843
0.104081632653061,0.522448979591837,0.424720795356016
0.107142857142857,0.522448979591837,0.41103007608978
0.110204081632653,0.522448979591837,0.397622693703914
0.113265306122449,0.522448979591837,0.384487945774064
0.116326530612245,0.522448979591837,0.371615719167312
0.119387755102041,0.522448979591837,0.358996447388361
0.122448979591837,0.522448979591837,0.346621071334695
0.125510204081633,0.522448979591837,0.334481003317842
0.128571428571429,0.522448979591837,0.322568094141077
0.131632653061224,0.522448979591837,0.31087460299544
0.13469387755102,0.522448979591837,0.299393169931009
0.137755102040816,0.522448979591837,0.288116790667829
0.140816326530612,0.522448979591837,0.277038793523302
0.143877551020408,0.522448979591837,0.266152818253506
0.146938775510204,0.522448979591837,0.255452796620281
0.15,0.522448979591837,0.244932934516835
0,0.538775510204082,-0.0505379649962186
0.00306122448979592,0.538775510204082,-0.0110014685199763
0.00612244897959184,0.538775510204082,0.028451040814082
0.00918367346938775,0.538775510204082,0.0677722837323628
0.0122448979591837,0.538775510204082,0.106889532455729
0.0153061224489796,0.538775510204082,0.145691126723463
0.0183673469387755,0.538775510204082,0.184006200463373
0.0214285714285714,0.538775510204082,0.221575041949244
0.0244897959183673,0.538775510204082,0.258008581720595
0.0275510204081633,0.538775510204082,0.292741327798003
0.0306122448979592,0.538775510204082,0.324998966686817
0.0336734693877551,0.538775510204082,0.35383361091918
0.036734693877551,0.538775510204082,0.378301214139621
0.0397959183673469,0.538775510204082,0.397785507766137
0.0428571428571429,0.538775510204082,0.412283166063718
0.0459183673469388,0.538775510204082,0.422398062586454
0.0489795918367347,0.538775510204082,0.429054666569945
0.0520408163265306,0.538775510204082,0.433184531346513
0.0551020408163265,0.538775510204082,0.435556615624371
0.0581632653061225,0.538775510204082,0.436741858166839
0.0612244897959184,0.538775510204082,0.437141538612919
0.0642857142857143,0.538775510204082,0.437030343280392
0.0673469387755102,0.538775510204082,0.436594207213233
0.0704081632653061,0.538775510204082,0.43595850856138
0.073469387755102,0.538775510204082,0.435207694939688
0.076530612244898,0.538775510204082,0.434398564351956
0.0795918367346939,0.538775510204082,0.433569168593795
0.0826530612244898,0.538775510204082,0.432744783259666
0.0857142857142857,0.538775510204082,0.431941930899582
0.0887755102040816,0.538775510204082,0.431171111843009
0.0918367346938776,0.538775510204082,0.430438672637697
0.0948979591836735,0.538775510204082,0.429748094518177
0.0979591836734694,0.538775510204082,0.429100888351174
0.101020408163265,0.538775510204082,0.428497220113839
0.104081632653061,0.538775510204082,0.424681775095929
0.107142857142857,0.538775510204082,0.410985665260215
0.110204081632653,0.538775510204082,0.397573347258981
0.113265306122449,0.538775510204082,0.384434083840461
0.116326530612245,0.538775510204082,0.371557729699203
0.119387755102041,0.538775510204082,0.358934688654154
0.122448979591837,0.538775510204082,0.346555874232345
0.125510204081633,0.538775510204082,0.334412673519362
0.128571428571429,0.538775510204082,0.322496914073011
0.131632653061224,0.538775510204082,0.310800833663296
0.13469387755102,0.538775510204082,0.299317052598001
0.137755102040816,0.538775510204082,0.288038548397306
0.140816326530612,0.538775510204082,0.276958632596223
0.143877551020408,0.538775510204082,0.266070929469807
0.146938775510204,0.538775510204082,0.255369356493928
0.15,0.538775510204082,0.244848106373574
0,0.555102040816327,-0.0527749614192254
0.00306122448979592,0.555102040816327,-0.0140394450849641
0.00612244897959184,0.555102040816327,0.0245935569209394
0.00918367346938775,0.555102040816327,0.0630772075745605
0.0122448979591837,0.555102040816327,0.101341070137142
0.0153061224489796,0.555102040816327,0.139279151294481
0.0183673469387755,0.555102040816327,0.176732236790933
0.0214285714285714,0.555102040816327,0.213462529645763
0.0244897959183673,0.555102040816327,0.249119559755171
0.0275510204081633,0.555102040816327,0.283200921320787
0.0306122448979592,0.555102040816327,0.315024129566468
0.0336734693877551,0.555102040816327,0.343749657372528
0.036734693877551,0.555102040816327,0.368513971752412
0.0397959183673469,0.555102040816327,0.388688909660782
0.0428571428571429,0.555102040816327,0.404144901535256
0.0459183673469388,0.555102040816327,0.41530796027008
0.0489795918367347,0.555102040816327,0.422960285748295
0.0520408163265306,0.555102040816327,0.427961587955291
0.0551020408163265,0.555102040816327,0.431064123529037
0.0581632653061225,0.555102040816327,0.432850199113886
0.0612244897959184,0.555102040816327,0.433741797985856
0.0642857142857143,0.555102040816327,0.434034613268159
0.0673469387755102,0.555102040816327,0.433932652207376
0.0704081632653061,0.555102040816327,0.433575825963734
0.073469387755102,0.555102040816327,0.433059936628695
0.076530612244898,0.555102040816327,0.432450561239247
0.0795918367346939,0.555102040816327,0.431792533253253
0.0826530612244898,0.555102040816327,0.431116389016905
0.0857142857142857,0.555102040816327,0.430442760265052
0.0887755102040816,0.555102040816327,0.429785383630516
0.0918367346938776,0.555102040816327,0.4291531771256
0.0948979591836735,0.555102040816327,0.428551683583863
0.0979591836734694,0.555102040816327,0.427984081348597
0.101020408163265,0.555102040816327,0.427451896653831
0.104081632653061,0.555102040816327,0.424642391155175
0.107142857142857,0.555102040816327,0.410940900836
0.110204081632653,0.555102040816327,0.397523657291423
0.113265306122449,0.555102040816327,0.38437988841115
0.116326530612245,0.555102040816327,0.371499416686055
0.119387755102041,0.555102040816327,0.358872616221053
0.122448979591837,0.555102040816327,0.34649037314699
0.125510204081633,0.555102040816327,0.334344049301352
0.128571428571429,0.555102040816327,0.322425448977178
0.131632653061224,0.555102040816327,0.310726788507352
0.13469387755102,0.555102040816327,0.299240668443863
0.137755102040816,0.555102040816327,0.287960048096623
0.140816326530612,0.555102040816327,0.276878222209998
0.143877551020408,0.555102040816327,0.265988799571953
0.146938775510204,0.555102040816327,0.255285683368458
0.15,0.555102040816327,0.244763053113666
0,0.571428571428571,-0.0548945206456763
0.00306122448979592,0.571428571428571,-0.0169193661876759
0.00612244897959184,0.571428571428571,0.0209367358160385
0.00918367346938775,0.571428571428571,0.0586275530982615
0.0122448979591837,0.571428571428571,0.0960849529228394
0.0153061224489796,0.571428571428571,0.133208269343609
0.0183673469387755,0.571428571428571,0.169848850658075
0.0214285714285714,0.571428571428571,0.205788244725322
0.0244897959183673,0.571428571428571,0.240709329935984
0.0275510204081633,0.571428571428571,0.274163347742394
0.0306122448979592,0.571428571428571,0.305545506710535
0.0336734693877551,0.571428571428571,0.334109787401711
0.036734693877551,0.571428571428571,0.35906934894946
0.0397959183673469,0.571428571428571,0.37980361649255
0.0428571428571429,0.571428571428571,0.396092955623122
0.0459183673469388,0.571428571428571,0.408213198108441
0.0489795918367347,0.571428571428571,0.416809431199904
0.0520408163265306,0.571428571428571,0.422659928596375
0.0551020408163265,0.571428571428571,0.426488197967508
0.0581632653061225,0.571428571428571,0.428879078913575
0.0612244897959184,0.571428571428571,0.430270094411133
0.0642857142857143,0.571428571428571,0.430975302815374
0.0673469387755102,0.571428571428571,0.43121557384323
0.0704081632653061,0.571428571428571,0.431144877098968
0.073469387755102,0.571428571428571,0.43087024621396
0.076530612244898,0.571428571428571,0.43046606990793
0.0795918367346939,0.571428571428571,0.429984055971003
0.0826530612244898,0.571428571428571,0.42946010964986
0.0857142857142857,0.571428571428571,0.428919076051504
0.0887755102040816,0.571428571428571,0.428378020918874
0.0918367346938776,0.571428571428571,0.4278485132901
0.0948979591836735,0.571428571428571,0.427338224459147
0.0979591836734694,0.571428571428571,0.426852055864232
0.101020408163265,0.571428571428571,0.426392940047287
0.104081632653061,0.571428571428571,0.424602641674353
0.107142857142857,0.571428571428571,0.410895781109632
0.110204081632653,0.571428571428571,0.397473622232083
0.113265306122449,0.571428571428571,0.384325358042604
0.116326530612245,0.571428571428571,0.371440778798905
0.119387755102041,0.571428571428571,0.358810228864826
0.122448979591837,0.571428571428571,0.346424566950626
0.125510204081633,0.571428571428571,0.334275129623885
0.128571428571429,0.571428571428571,0.322353697894371
0.131632653061224,0.571428571428571,0.310652466642443
0.13469387755102,0.571428571428571,0.299164016651584
0.137755102040816,0.571428571428571,0.287881289011501
0.140816326530612,0.571428571428571,0.276797561668085
0.143877551020408,0.571428571428571,0.265906427916633
0.146938775510204,0.571428571428571,0.25520177664938
0.15,0.571428571428571,0.244677774187717
0,0.587755102040816,-0.0569042277012673
0.00306122448979592,0.587755102040816,-0.0196519228062833
0.00612244897959184,0.587755102040816,0.0174665426674914
0.00918367346938775,0.587755102040816,0.0544056646949309
0.0122448979591837,0.587755102040816,0.0910996005355925
0.0153061224489796,0.587755102040816,0.12745268782717
0.0183673469387755,0.587755102040816,0.163325876158728
0.0214285714285714,0.587755102040816,0.198517872047051
0.0244897959183673,0.587755102040816,0.23274054767293
0.0275510204081633,0.587755102040816,0.265591090340144
0.0306122448979592,0.587755102040816,0.296530862293234
0.0336734693877551,0.587755102040816,0.324894638383044
0.036734693877551,0.587755102040816,0.349966895235284
0.0397959183673469,0.587755102040816,0.371147079938494
0.0428571428571429,0.587755102040816,0.388154150601189
0.0459183673469388,0.587755102040816,0.40114039994493
0.0489795918367347,0.587755102040816,0.410623353607973
0.0520408163265306,0.587755102040816,0.417294602920088
0.0551020408163265,0.587755102040816,0.421838859888014
0.0581632653061225,0.587755102040816,0.424834993751768
0.0612244897959184,0.587755102040816,0.426730611970864
0.0642857142857143,0.587755102040816,0.42785512014091
0.0673469387755102,0.587755102040816,0.428444744525797
0.0704081632653061,0.587755102040816,0.428666838408764
0.073469387755102,0.587755102040816,0.428639416744366
0.076530612244898,0.587755102040816,0.428445633544872
0.0795918367346939,0.587755102040816,0.428144114768483
0.0826530612244898,0.587755102040816,0.427776212406386
0.0857142857142857,0.587755102040816,0.427371070141314
0.0887755102040816,0.587755102040816,0.426949163596794
0.0918367346938776,0.587755102040816,0.426524784666133
0.0948979591836735,0.587755102040816,0.426107794930912
0.0979591836734694,0.587755102040816,0.425704871221257
0.101020408163265,0.587755102040816,0.425320396217245
0.104081632653061,0.587755102040816,0.424562524784545
0.107142857142857,0.587755102040816,0.410850304365113
0.110204081632653,0.587755102040816,0.397423240503851
0.113265306122449,0.587755102040816,0.384270491284164
0.116326530612245,0.587755102040816,0.371381814702968
0.119387755102041,0.587755102040816,0.358747525356448
0.122448979591837,0.587755102040816,0.346358454510772
0.125510204081633,0.587755102040816,0.334205913442963
0.128571428571429,0.587755102040816,0.32228165986192
0.131632653061224,0.587755102040816,0.310577867180456
0.13469387755102,0.587755102040816,0.299087096401814
0.137755102040816,0.587755102040816,0.287802270385547
0.140816326530612,0.587755102040816,0.276716650272037
0.143877551020408,0.587755102040816,0.265823813858758
0.146938775510204,0.587755102040816,0.255117635740833
0.15,0.587755102040816,0.244592269045161
0,0.604081632653061,-0.0588109952287632
0.00306122448979592,0.604081632653061,-0.0222468196006569
0.00612244897959184,0.604081632653061,0.0141702755090591
0.00918367346938775,0.604081632653061,0.0503956066474003
0.0122448979591837,0.604081632653061,0.0863655873787821
0.0153061224489796,0.604081632653061,0.121989252470548
0.0183673469387755,0.604081632653061,0.157136301671031
0.0214285714285714,0.604081632653061,0.191620728726973
0.0244897959183673,0.604081632653061,0.225179759539954
0.0275510204081633,0.604081632653061,0.257450190029479
0.0306122448979592,0.604081632653061,0.28795005312947
0.0336734693877551,0.604081632653061,0.316084087325482
0.036734693877551,0.604081632653061,0.341202092846396
0.0397959183673469,0.604081632653061,0.362730994067793
0.0428571428571429,0.604081632653061,0.380350465564902
0.0459183673469388,0.604081632653061,0.394113559104484
0.0489795918367347,0.604081632653061,0.40442251447304
0.0520408163265306,0.604081632653061,0.411880827946983
0.0551020408163265,0.604081632653061,0.417126617834696
0.0581632653061225,0.604081632653061,0.420724946184873
0.0612244897959184,0.604081632653061,0.423127958545975
0.0642857142857143,0.604081632653061,0.424677099951762
0.0673469387755102,0.604081632653061,0.425622179757354
0.0704081632653061,0.604081632653061,0.426143065270666
0.073469387755102,0.604081632653061,0.426368372970784
0.076530612244898,0.604081632653061,0.426389892849173
0.0795918367346939,0.604081632653061,0.426273160518466
0.0826530612244898,0.604081632653061,0.426065019535117
0.0857142857142857,0.604081632653061,0.425798976400252
0.0887755102040816,0.604081632653061,0.425498983954958
0.0918367346938776,0.604081632653061,0.425182120065575
0.0948979591836735,0.604081632653061,0.424860492709034
0.0979591836734694,0.604081632653061,0.424542602599423
0.101020408163265,0.604081632653061,0.424234323823728
0.104081632653061,0.604081632653061,0.423939613919438
0.107142857142857,0.604081632653061,0.410804468877147
0.110204081632653,0.604081632653061,0.397372510521864
0.113265306122449,0.604081632653061,0.384215286678775
0.116326530612245,0.604081632653061,0.371322523057424
0.119387755102041,0.604081632653061,0.358684504461526
0.122448979591837,0.604081632653061,0.346292034690398
0.125510204081633,0.604081632653061,0.334136399710887
0.128571428571429,0.604081632653061,0.322209333913916
0.131632653061224,0.604081632653061,0.31050298923067
0.13469387755102,0.604081632653061,0.299009906872497
0.137755102040816,0.604081632653061,0.287722991460168
0.140816326530612,0.604081632653061,0.276635487321586
0.143877551020408,0.604081632653061,0.265740956751686
0.146938775510204,0.604081632653061,0.255033260045571
0.15,0.604081632653061,0.2445065371342
0,0.620408163265306,-0.0606211385535265
0.00306122448979592,0.620408163265306,-0.0247128890462545
0.00612244897959184,0.620408163265306,0.0110364069375955
0.00918367346938775,0.620408163265306,0.0465829539450278
0.0122448979591837,0.620408163265306,0.0818653740093149
0.0153061224489796,0.620408163265306,0.116797110508093
0.0183673469387755,0.620408163265306,0.151255857329652
0.0214285714285714,0.620408163265306,0.185069284191379
0.0244897959183673,0.620408163265306,0.217996905857514
0.0275510204081633,0.620408163265306,0.249709870973433
0.0306122448979592,0.620408163265306,0.279775039601603
0.0336734693877551,0.620408163265306,0.307657904359847
0.036734693877551,0.620408163265306,0.332767526107292
0.0397959183673469,0.620408163265306,0.354562321579546
0.0428571428571429,0.620408163265306,0.372699384318931
0.0459183673469388,0.620408163265306,0.387153834487846
0.0489795918367347,0.620408163265306,0.398226231167757
0.0520408163265306,0.620408163265306,0.406433709187599
0.0551020408163265,0.620408163265306,0.412362302016453
0.0581632653061225,0.620408163265306,0.416556359897409
0.0612244897959184,0.620408163265306,0.41946712613932
0.0642857142857143,0.620408163265306,0.421444586698101
0.0673469387755102,0.620408163265306,0.422750132147058
0.0704081632653061,0.620408163265306,0.42357509074461
0.073469387755102,0.620408163265306,0.424058172001017
0.076530612244898,0.620408163265306,0.42429958732195
0.0795918367346939,0.620408163265306,0.424371718324674
0.0826530612244898,0.620408163265306,0.424326909541163
0.0857142857142857,0.620408163265306,0.424203071746885
0.0887755102040816,0.620408163265306,0.424027687567249
0.0918367346938776,0.620408163265306,0.423820674291888
0.0948979591836735,0.620408163265306,0.423596435999923
0.0979591836734694,0.620408163265306,0.423365341494898
0.101020408163265,0.620408163265306,0.42313479463225
0.104081632653061,0.620408163265306,0.422910013999704
0.107142857142857,0.620408163265306,0.410758272911715
0.110204081632653,0.620408163265306,0.397321430693483
0.113265306122449,0.620408163265306,0.384159742762699
0.116326530612245,0.620408163265306,0.371262902515884
0.119387755102041,0.620408163265306,0.358621164940732
0.122448979591837,0.620408163265306,0.346225306348189
0.125510204081633,0.620408163265306,0.334066587375999
0.128571428571429,0.620408163265306,0.322136719080905
0.131632653061224,0.620408163265306,0.310427831899124
0.13469387755102,0.620408163265306,0.298932447239199
0.137755102040816,0.620408163265306,0.287643451474525
0.140816326530612,0.620408163265306,0.276554072114426
0.143877551020408,0.620408163265306,0.265657855946989
0.146938775510204,0.620408163265306,0.254948648964783
0.15,0.620408163265306,0.244420577901741
0,0.636734693877551,-0.0623404407114328
0.00306122448979592,0.636734693877551,-0.0270581897991837
0.00612244897959184,0.636734693877551,0.00805444820718161
0.00918367346938775,0.636734693877551,0.0429546133705664
0.0122448979591837,0.636734693877551,0.0775830784279513
0.0153061224489796,0.636734693877551,0.111857424766743
0.0183673469387755,0.636734693877551,0.14566266684235
0.0214285714285714,0.636734693877551,0.178838755657188
0.0244897959183673,0.636734693877551,0.211164896966271
0.0275510204081633,0.636734693877551,0.242342201116263
0.0306122448979592,0.636734693877551,0.271979826785826
0.0336734693877551,0.636734693877551,0.299596189650836
0.036734693877551,0.636734693877551,0.324653787702376
0.0397959183673469,0.636734693877551,0.346644219658875
0.0428571428571429,0.636734693877551,0.365214345983967
0.0459183673469388,0.636734693877551,0.380279493925092
0.0489795918367347,0.636734693877551,0.392052405505549
0.0520408163265306,0.636734693877551,0.400967985273794
0.0551020408163265,0.636734693877551,0.407556895474859
0.0581632653061225,0.636734693877551,0.412336985614083
0.0612244897959184,0.636734693877551,0.415753443541671
0.0642857142857143,0.636734693877551,0.418161212593663
0.0673469387755102,0.636734693877551,0.419831082138452
0.0704081632653061,0.636734693877551,0.420964622329342
0.073469387755102,0.636734693877551,0.421710002760047
0.076530612244898,0.636734693877551,0.422175555835193
0.0795918367346939,0.636734693877551,0.422440388459518
0.0826530612244898,0.636734693877551,0.422562318169435
0.0857142857142857,0.636734693877551,0.422583677049928
0.0887755102040816,0.636734693877551,0.42253551406128
0.0918367346938776,0.636734693877551,0.422440628780955
0.0948979591836735,0.636734693877551,0.422315764032876
0.0979591836734694,0.636734693877551,0.422173196148214
0.101020408163265,0.636734693877551,0.42202189386031
0.104081632653061,0.636734693877551,0.421868367397404
0.107142857142857,0.636734693877551,0.410711714725263
0.110204081632653,0.636734693877551,0.397269999418052
0.113265306122449,0.636734693877551,0.384103858064827
0.116326530612245,0.636734693877551,0.37120295172571
0.119387755102041,0.636734693877551,0.358557505549354
0.122448979591837,0.636734693877551,0.346158268338298
0.125510204081633,0.636734693877551,0.333996475382825
0.128571428571429,0.636734693877551,0.322063814390193
0.131632653061224,0.636734693877551,0.310352394289049
0.13469387755102,0.636734693877551,0.298854716674757
0.137755102040816,0.636734693877551,0.287563649665553
0.140816326530612,0.636734693877551,0.276472403946405
0.143877551020408,0.636734693877551,0.265574510794704
0.146938775510204,0.636734693877551,0.254863801898271
0.15,0.636734693877551,0.244334390793513
0,0.653061224489796,-0.0639742089920778
0.00306122448979592,0.653061224489796,-0.0292900918076364
0.00612244897959184,0.653061224489796,0.00521483206818808
0.00918367346938775,0.653061224489796,0.0394986698137825
0.0122448979591837,0.653061224489796,0.0735042803849981
0.0153061224489796,0.653061224489796,0.107153130077836
0.0183673469387755,0.653061224489796,0.140336952059107
0.0214285714285714,0.653061224489796,0.172906765399951
0.0244897959183673,0.653061224489796,0.204659251123163
0.0275510204081633,0.653061224489796,0.235321787781613
0.0306122448979592,0.653061224489796,0.26454036569877
0.0336734693877551,0.653061224489796,0.291879656337787
0.036734693877551,0.653061224489796,0.316850169934796
0.0397959183673469,0.653061224489796,0.338976844282695
0.0428571428571429,0.653061224489796,0.357905241340191
0.0459183673469388,0.653061224489796,0.3735059749533
0.0489795918367347,0.653061224489796,0.385917336785822
0.0520408163265306,0.653061224489796,0.395497805472319
0.0551020408163265,0.653061224489796,0.402721369111797
0.0581632653061225,0.653061224489796,0.408074801401588
0.0612244897959184,0.653061224489796,0.411992522560135
0.0642857142857143,0.653061224489796,0.414830870747314
0.0673469387755102,0.653061224489796,0.416867725494939
0.0704081632653061,0.653061224489796,0.418313536683199
0.073469387755102,0.653061224489796,0.419325184195628
0.076530612244898,0.653061224489796,0.420018736428636
0.0795918367346939,0.653061224489796,0.420479846825325
0.0826530612244898,0.653061224489796,0.420771739089079
0.0857142857142857,0.653061224489796,0.420941157836229
0.0887755102040816,0.653061224489796,0.421022737767081
0.0918367346938776,0.653061224489796,0.421042192163723
0.0948979591836735,0.653061224489796,0.421018637532339
0.0979591836734694,0.653061224489796,0.420966291935635
0.101020408163265,0.653061224489796,0.420895720499439
0.104081632653061,0.653061224489796,0.420814753188557
0.107142857142857,0.653061224489796,0.410664792565601
0.110204081632653,0.653061224489796,0.397218215087024
0.113265306122449,0.653061224489796,0.384047631107578
0.116326530612245,0.653061224489796,0.371142669328256
0.119387755102041,0.653061224489796,0.358493525037793
0.122448979591837,0.653061224489796,0.346090919510366
0.125510204081633,0.653061224489796,0.333926062671824
0.128571428571429,0.653061224489796,0.321990618865702
0.131632653061224,0.653061224489796,0.31027667550066
0.13469387755102,0.653061224489796,0.298776714349542
0.137755102040816,0.653061224489796,0.287483585268014
0.140816326530612,0.653061224489796,0.276390482111427
0.143877551020408,0.653061224489796,0.265490920643122
0.146938775510204,0.653061224489796,0.254778718244467
0.15,0.653061224489796,0.244247975253966
0,0.669387755102041,-0.0655273242793016
0.00306122448979592,0.669387755102041,-0.0314153502328253
0.00612244897959184,0.669387755102041,0.00250881136884356
0.00918367346938775,0.669387755102041,0.0362042537120582
0.0122448979591837,0.669387755102041,0.0696158532082365
0.0153061224489796,0.669387755102041,0.102668724785005
0.0183673469387755,0.669387755102041,0.135260781060267
0.0214285714285714,0.669387755102041,0.167253048938508
0.0244897959183673,0.669387755102041,0.198457784027764
0.0275510204081633,0.669387755102041,0.228625506574526
0.0306122448979592,0.669387755102041,0.257434433861991
0.0336734693877551,0.669387755102041,0.284489804975613
0.036734693877551,0.669387755102041,0.309345184735771
0.0397959183673469,0.669387755102041,0.331558029904949
0.0428571428571429,0.669387755102041,0.350778913425189
0.0459183673469388,0.669387755102041,0.366846031990975
0.0489795918367347,0.669387755102041,0.37983561403455
0.0520408163265306,0.669387755102041,0.390036546181416
0.0551020408163265,0.669387755102041,0.397866526665073
0.0581632653061225,0.669387755102041,0.403777910779973
0.0612244897959184,0.669387755102041,0.408190199295719
0.0642857142857143,0.669387755102041,0.411457683935844
0.0673469387755102,0.669387755102041,0.41386295767766
0.0704081632653061,0.669387755102041,0.415623872304504
0.073469387755102,0.669387755102041,0.416905162191106
0.076530612244898,0.669387755102041,0.41783016529666
0.0795918367346939,0.669387755102041,0.418490844907313
0.0826530612244898,0.669387755102041,0.418955724255315
0.0857142857142857,0.669387755102041,0.419275924792125
0.0887755102040816,0.669387755102041,0.419489668231214
0.0918367346938776,0.669387755102041,0.419625600738884
0.0948979591836735,0.669387755102041,0.419705239131946
0.0979591836734694,0.669387755102041,0.419744771720456
0.101020408163265,0.669387755102041,0.419756387608708
0.104081632653061,0.669387755102041,0.419749261852462
0.107142857142857,0.669387755102041,0.410617504670846
0.110204081632653,0.669387755102041,0.397166076084139
0.113265306122449,0.669387755102041,0.38399106040649
0.116326530612245,0.669387755102041,0.371082053959281
0.119387755102041,0.669387755102041,0.358429222151071
0.122448979591837,0.669387755102041,0.34602325870935
0.125510204081633,0.669387755102041,0.333855348179754
0.128571428571429,0.669387755102041,0.321917131527901
0.131632653061224,0.669387755102041,0.31020067463129
0.13469387755102,0.669387755102041,0.298698439431435
0.137755102040816,0.669387755102041,0.287403257514523
0.140816326530612,0.669387755102041,0.276308305901582
0.143877551020408,0.669387755102041,0.265407084838944
0.146938775510204,0.669387755102041,0.254693397400244
0.15,0.669387755102041,0.24416133072624
0,0.685714285714286,-0.0670042842520306
0.00306122448979592,0.685714285714286,-0.0334401698802501
0.00612244897959184,0.685714285714286,-7.16290280780577e-05
0.00918367346938775,0.685714285714286,0.033061426269618
0.0122448979591837,0.685714285714286,0.0659058186887392
0.0153061224489796,0.685714285714286,0.0983900915102188
0.0183673469387755,0.685714285714286,0.13041785235356
0.0214285714285714,0.685714285714286,0.161859205418024
0.0244897959183673,0.685714285714286,0.192540341718082
0.0275510204081633,0.685714285714286,0.222232260933161
0.0306122448979592,0.685714285714286,0.250641507356152
0.0336734693877551,0.685714285714286,0.277409022208073
0.036734693877551,0.685714285714286,0.302126949732728
0.0397959183673469,0.685714285714286,0.324383851932964
0.0428571428571429,0.685714285714286,0.343839634790394
0.0459183673469388,0.685714285714286,0.360309941171016
0.0489795918367347,0.685714285714286,0.373820077835563
0.0520408163265306,0.685714285714286,0.384596669233543
0.0551020408163265,0.685714285714286,0.393002864646054
0.0581632653061225,0.685714285714286,0.399454442020993
0.0612244897959184,0.685714285714286,0.404352472136421
0.0642857142857143,0.685714285714286,0.408045969697391
0.0673469387755102,0.685714285714286,0.410819855342236
0.0704081632653061,0.685714285714286,0.412897820222365
0.073469387755102,0.685714285714286,0.414451505172525
0.076530612244898,0.685714285714286,0.415610974937402
0.0795918367346939,0.685714285714286,0.416474209190337
0.0826530612244898,0.685714285714286,0.417114883929342
0.0857142857142857,0.685714285714286,0.417588434042572
0.0887755102040816,0.685714285714286,0.417936650586285
0.0918367346938776,0.685714285714286,0.418191118850112
0.0948979591836735,0.685714285714286,0.41837577372236
0.0979591836734694,0.685714285714286,0.418508796159765
0.101020408163265,0.685714285714286,0.418604022578099
0.104081632653061,0.685714285714286,0.418671995494715
0.107142857142857,0.685714285714286,0.410569849270181
0.110204081632653,0.685714285714286,0.39711358078459
0.113265306122449,0.685714285714286,0.383934144469961
0.116326530612245,0.685714285714286,0.371021104248145
0.119387755102041,0.685714285714286,0.358364595628971
0.122448979591837,0.685714285714286,0.345955284776069
0.125510204081633,0.685714285714286,0.333784330839317
0.128571428571429,0.685714285714286,0.321843351393788
0.131632653061224,0.685714285714286,0.310124390775351
0.13469387755102,0.685714285714286,0.298619891085522
0.137755102040816,0.685714285714286,0.287322665635224
0.140816326530612,0.685714285714286,0.276225874606805
0.143877551020408,0.685714285714286,0.265323002727044
0.146938775510204,0.685714285714286,0.254607838761136
0.15,0.685714285714286,0.244074456652376
0,0.702040816326531,-0.0684092413311684
0.00306122448979592,0.702040816326531,-0.0353702615505375
0.00612244897959184,0.702040816326531,-0.00253384903199561
0.00918367346938775,0.702040816326531,0.0300610797036745
0.0122448979591837,0.702040816326531,0.0623632213769123
0.0153061224489796,0.702040816326531,0.0943043424362018
0.0183673469387755,0.702040816326531,0.125793309196194
0.0214285714285714,0.702040816326531,0.156708483151506
0.0244897959183673,0.702040816326531,0.186888570002052
0.0275510204081633,0.702040816326531,0.216122769347993
0.0306122448979592,0.702040816326531,0.244142631946474
0.0336734693877551,0.702040816326531,0.270620627090859
0.036734693877551,0.702040816326531,0.295183470935053
0.0397959183673469,0.702040816326531,0.317449084616053
0.0428571428571429,0.702040816326531,0.337089545010316
0.0459183673469388,0.702040816326531,0.353905738370046
0.0489795918367347,0.702040816326531,0.367881839742327
0.0520408163265306,0.702040816326531,0.379189621894247
0.0551020408163265,0.702040816326531,0.38814045095694
0.0581632653061225,0.702040816326531,0.395112451767894
0.0612244897959184,0.702040816326531,0.40048543823192
0.0642857142857143,0.702040816326531,0.404600202553862
0.0673469387755102,0.702040816326531,0.407741655270218
0.0704081632653061,0.702040816326531,0.410137712790657
0.073469387755102,0.702040816326531,0.411965898423451
0.076530612244898,0.702040816326531,0.413362391449376
0.0795918367346939,0.702040816326531,0.414430840021314
0.0826530612244898,0.702040816326531,0.415249886336356
0.0857142857142857,0.702040816326531,0.415879187195607
0.0887755102040816,0.702040816326531,0.416364065763743
0.0918367346938776,0.702040816326531,0.416739039158916
0.0948979591836735,0.702040816326531,0.417030468730243
0.0979591836734694,0.702040816326531,0.417258543963879
0.101020408163265,0.702040816326531,0.417438767358483
0.104081632653061,0.702040816326531,0.417583068045679
0.107142857142857,0.702040816326531,0.41052182458332
0.110204081632653,0.702040816326531,0.397060727556181
0.113265306122449,0.702040816326531,0.383876881799483
0.116326530612245,0.702040816326531,0.370959818818374
0.119387755102041,0.702040816326531,0.358299644206134
0.122448979591837,0.702040816326531,0.345886996546391
0.125510204081633,0.702040816326531,0.333713009579267
0.128571428571429,0.702040816326531,0.321769277477078
0.131632653061224,0.702040816326531,0.310047823024166
0.13469387755102,0.702040816326531,0.298541068474643
0.137755102040816,0.702040816326531,0.287241808858294
0.140816326530612,0.702040816326531,0.276143187515222
0.143877551020408,0.702040816326531,0.265238673650891
0.146938775510204,0.702040816326531,0.254522041721172
0.15,0.702040816326531,0.243987352473073
0,0.718367346938776,-0.069746036113662
0.00306122448979592,0.718367346938776,-0.0372108914824333
0.00612244897959184,0.718367346938776,-0.00488462048917284
0.00918367346938775,0.718367346938776,0.0271948502469713
0.0122448979591837,0.718367346938776,0.0589780192912387
0.0153061224489796,0.718367346938776,0.0903996852296037
0.0183673469387755,0.718367346938776,0.121373579177805
0.0214285714285714,0.718367346938776,0.151785594604454
0.0244897959183673,0.718367346938776,0.181485714764664
0.0275510204081633,0.718367346938776,0.210279377256639
0.0306122448979592,0.718367346938776,0.237920297860386
0.0336734693877551,0.718367346938776,0.264108881743187
0.036734693877551,0.718367346938776,0.288502846422008
0.0397959183673469,0.718367346938776,0.310747568825283
0.0428571428571429,0.718367346938776,0.33052904036271
0.0459183673469388,0.718367346938776,0.347639471018804
0.0489795918367347,0.718367346938776,0.362030346499883
0.0520408163265306,0.718367346938776,0.373825776079693
0.0551020408163265,0.718367346938776,0.383288824506968
0.0581632653061225,0.718367346938776,0.390759835686321
0.0612244897959184,0.718367346938776,0.396595230205634
0.0642857142857143,0.718367346938776,0.401124974259931
0.0673469387755102,0.718367346938776,0.404631731127709
0.0704081632653061,0.718367346938776,0.40734601073871
0.073469387755102,0.718367346938776,0.409450137148368
0.076530612244898,0.718367346938776,0.411085730977055
0.0795918367346939,0.718367346938776,0.412361709906723
0.0826530612244898,0.718367346938776,0.41336145695068
0.0857142857142857,0.718367346938776,0.414148731138325
0.0887755102040816,0.718367346938776,0.414772330543758
0.0918367346938776,0.718367346938776,0.41526968280777
0.0948979591836735,0.718367346938776,0.415669574321391
0.0979591836734694,0.718367346938776,0.415994212103333
0.101020408163265,0.718367346938776,0.416260778655655
0.104081632653061,0.718367346938776,0.416482605434615
0.107142857142857,0.718367346938776,0.410473428820974
0.110204081632653,0.718367346938776,0.397007514758172
0.113265306122449,0.718367346938776,0.383819270889762
0.116326530612245,0.718367346938776,0.370898196287389
0.119387755102041,0.718367346938776,0.358234366611901
0.122448979591837,0.718367346938776,0.345818392852001
0.125510204081633,0.718367346938776,0.333641383324571
0.128571428571429,0.718367346938776,0.321694908788011
0.131632653061224,0.718367346938776,0.309970970466183
0.13469387755102,0.718367346938776,0.298461970758788
0.137755102040816,0.718367346938776,0.28716068640955
0.140816326530612,0.718367346938776,0.27606024391311
0.143877551020408,0.718367346938776,0.265154096951996
0.146938775510204,0.718367346938776,0.254436005672955
0.15,0.718367346938776,0.243900017627792
0,0.73469387755102,-0.0710182269165835
0.00306122448979592,0.73469387755102,-0.038966924868425
0.00612244897959184,0.73469387755102,-0.00713018611857585
0.00918367346938775,0.73469387755102,0.0244550420225257
0.0122448979591837,0.73469387755102,0.0557409885651132
0.0153061224489796,0.73469387755102,0.0866653064228024
0.0183673469387755,0.73469387755102,0.117146235088998
0.0214285714285714,0.73469387755102,0.147076556154108
0.0244897959183673,0.73469387755102,0.176316448452817
0.0275510204081633,0.73469387755102,0.204685890778409
0.0306122448979592,0.73469387755102,0.23195832085051
0.0336734693877551,0.73469387755102,0.257858978157167
0.036734693877551,0.73469387755102,0.282073410153893
0.0397959183673469,0.73469387755102,0.304272504085183
0.0428571428571429,0.73469387755102,0.324157113363681
0.0459183673469388,0.73469387755102,0.341515449275213
0.0489795918367347,0.73469387755102,0.356273476780744
0.0520408163265306,0.73469387755102,0.368514402622631
0.0551020408163265,0.73469387755102,0.378456916797575
0.0581632653061225,0.73469387755102,0.386404248324839
0.0612244897959184,0.73469387755102,0.392687954776474
0.0642857142857143,0.73469387755102,0.397624953027712
0.0673469387755102,0.73469387755102,0.401493568505439
0.0704081632653061,0.73469387755102,0.404525288664239
0.073469387755102,0.73469387755102,0.406906118354279
0.076530612244898,0.73469387755102,0.408782395322452
0.0795918367346939,0.73469387755102,0.410267861238922
0.0826530612244898,0.73469387755102,0.411450377397684
0.0857142857142857,0.73469387755102,0.412397657576947
0.0887755102040816,0.73469387755102,0.413161897431014
0.0918367346938776,0.73469387755102,0.413783399464899
0.0948979591836735,0.73469387755102,0.414293363524399
0.0979591836734694,0.73469387755102,0.414716015961208
0.101020408163265,0.73469387755102,0.415070228085999
0.104081632653061,0.73469387755102,0.415370745735699
0.107142857142857,0.73469387755102,0.410424660184091
0.110204081632653,0.73469387755102,0.396953940741977
0.113265306122449,0.73469387755102,0.383761310228208
0.116326530612245,0.73469387755102,0.370836235266583
0.119387755102041,0.73469387755102,0.358168761570472
0.122448979591837,0.73469387755102,0.345749472519674
0.125510204081633,0.73469387755102,0.333569450995905
0.128571428571429,0.73469387755102,0.32162024433332
0.131632653061224,0.73469387755102,0.309893832186909
0.13469387755102,0.73469387755102,0.298382597095519
0.137755102040816,0.73469387755102,0.28707929751261
0.140816326530612,0.73469387755102,0.275977043084665
0.143877551020408,0.73469387755102,0.26506927197039
0.146938775510204,0.73469387755102,0.254349730007669
0.15,0.73469387755102,0.243812451554776
0,0.751020408163265,-0.0722291159568025
0.00306122448979592,0.751020408163265,-0.0406428642664063
0.00612244897959184,0.751020408163265,-0.0092763113851755
0.00918367346938775,0.751020408163265,0.0218345602203225
0.0122448979591837,0.751020408163265,0.0526436399773752
0.0153061224489796,0.751020408163265,0.0830912696249935
0.0183673469387755,0.751020408163265,0.11309987380583
0.0214285714285714,0.751020408163265,0.142568548789781
0.0244897959183673,0.751020408163265,0.171366718827221
0.0275510204081633,0.751020408163265,0.199327429684546
0.0306122448979592,0.751020408163265,0.22624173091428
0.0336734693877551,0.751020408163265,0.251857009524562
0.036734693877551,0.751020408163265,0.275883830718645
0.0397959183673469,0.751020408163265,0.298016678062267
0.0428571428571429,0.751020408163265,0.317971643548132
0.0459183673469388,0.751020408163265,0.335536486567471
0.0489795918367347,0.751020408163265,0.35061765942731
0.0520408163265306,0.751020408163265,0.363263675395331
0.0551020408163265,0.751020408163265,0.373652995249008
0.0581632653061225,0.751020408163265,0.382053033743473
0.0612244897959184,0.751020408163265,0.388769634782219
0.0642857142857143,0.751020408163265,0.394104842676217
0.0673469387755102,0.751020408163265,0.398330738744278
0.0704081632653061,0.751020408163265,0.401678219205859
0.073469387755102,0.751020408163265,0.404335831644831
0.076530612244898,0.751020408163265,0.406453866753102
0.0795918367346939,0.751020408163265,0.408150403460479
0.0826530612244898,0.751020408163265,0.409517483969115
0.0857142857142857,0.751020408163265,0.410626602313881
0.0887755102040816,0.751020408163265,0.411533254352478
0.0918367346938776,0.751020408163265,0.412280567248585
0.0948979591836735,0.751020408163265,0.412902132269635
0.0979591836734694,0.751020408163265,0.413424189426859
0.101020408163265,0.751020408163265,0.413867302290646
0.104081632653061,0.751020408163265,0.414247639285704
0.107142857142857,0.751020408163265,0.410375516864324
0.110204081632653,0.751020408163265,0.396900003850703
0.113265306122449,0.751020408163265,0.383702998295317
0.116326530612245,0.751020408163265,0.370773934361152
0.119387755102041,0.751020408163265,0.358102827800532
0.122448979591837,0.751020408163265,0.345680234371978
0.125510204081633,0.751020408163265,0.333497211510418
0.128571428571429,0.751020408163265,0.321545283116408
0.131632653061224,0.751020408163265,0.309816407268668
0.13469387755102,0.751020408163265,0.298302946639729
0.137755102040816,0.751020408163265,0.286997641388786
0.140816326530612,0.751020408163265,0.275893584312287
0.143877551020408,0.751020408163265,0.264984198044353
0.146938775510204,0.751020408163265,0.254263214115039
0.15,0.751020408163265,0.243724653691027
0,0.76734693877551,-0.0733817726111423
0.00306122448979592,0.76734693877551,-0.042242883600771
0.00612244897959184,0.76734693877551,-0.0113283302896741
0.00918367346938775,0.76734693877551,0.0193268522624067
0.0122448979591837,0.76734693877551,0.0496781456549418
0.0153061224489796,0.76734693877551,0.0796684263814504
0.0183673469387755,0.76734693877551,0.109224010490677
0.0214285714285714,0.76734693877551,0.138249796590523
0.0244897959183673,0.76734693877551,0.166623616718327
0.0275510204081633,0.76734693877551,0.19419029726251
0.0306122448979592,0.76734693877551,0.220756669240888
0.0336734693877551,0.76734693877551,0.246089931956394
0.036734693877551,0.76734693877551,0.269923176387958
0.0397959183673469,0.76734693877551,0.291972645101291
0.0428571428571429,0.76734693877551,0.311969643054697
0.0459183673469388,0.76734693877551,0.329704123170261
0.0489795918367347,0.76734693877551,0.345068003906509
0.0520408163265306,0.76734693877551,0.358080699674269
0.0551020408163265,0.76734693877551,0.368884627068936
0.0581632653061225,0.76734693877551,0.377713167855414
0.0612244897959184,0.76734693877551,0.384846155869497
0.0642857142857143,0.76734693877551,0.390569342627009
0.0673469387755102,0.76734693877551,0.395146872072167
0.0704081632653061,0.76734693877551,0.398807556158525
0.073469387755102,0.76734693877551,0.401741349047223
0.076530612244898,0.76734693877551,0.404101702055714
0.0795918367346939,0.76734693877551,0.406010509678369
0.0826530612244898,0.76734693877551,0.407563665751924
0.0857142857142857,0.76734693877551,0.408836244257098
0.0887755102040816,0.76734693877551,0.409886924170889
0.0918367346938776,0.76734693877551,0.410761592523203
0.0948979591836735,0.76734693877551,0.411496199340986
0.0979591836734694,0.76734693877551,0.412118984928426
0.101020408163265,0.76734693877551,0.412652203006924
0.104081632653061,0.76734693877551,0.413113448770322
0.107142857142857,0.76734693877551,0.410325997043887
0.110204081632653,0.76734693877551,0.396845702419255
0.113265306122449,0.76734693877551,0.383644333564628
0.116326530612245,0.76734693877551,0.370711292170198
0.119387755102041,0.76734693877551,0.358036564015619
0.122448979591837,0.76734693877551,0.345610677226476
0.125510204081633,0.76734693877551,0.333424663780819
0.128571428571429,0.76734693877551,0.321470024137135
0.131632653061224,0.76734693877551,0.309738694790988
0.13469387755102,0.76734693877551,0.298223018543735
0.137755102040816,0.76734693877551,0.286915717257221
0.140816326530612,0.76734693877551,0.275809866876292
0.143877551020408,0.76734693877551,0.264898874510497
0.146938775510204,0.76734693877551,0.254176457383264
0.15,0.76734693877551,0.243636623472216
0,0.783673469387755,-0.0744790541355364
0.00306122448979592,0.783673469387755,-0.0437708583405267
0.00612244897959184,0.783673469387755,-0.0132911859009215
0.00918367346938775,0.783673469387755,0.0169258558516888
0.0122448979591837,0.783673469387755,0.0468372745135338
0.0153061224489796,0.783673469387755,0.0763883378625076
0.0183673469387755,0.783673469387755,0.105508985865461
0.0214285714285714,0.783673469387755,0.134109460356132
0.0244897959183673,0.783673469387755,0.16207526005397
0.0275510204081633,0.783673469387755,0.189261864994864
0.0306122448979592,0.783673469387755,0.215490293449191
0.0336734693877551,0.783673469387755,0.240545520702144
0.036734693877551,0.783673469387755,0.264180955164535
0.0397959183673469,0.783673469387755,0.286132863678858
0.0428571428571429,0.783673469387755,0.30614746166081
0.0459183673469388,0.783673469387755,0.324018829309568
0.0489795918367347,0.783673469387755,0.339628435534276
0.0520408163265306,0.783673469387755,0.352971559174286
0.0551020408163265,0.783673469387755,0.364158661741413
0.0581632653061225,0.783673469387755,0.373391212829216
0.0612244897959184,0.783673469387755,0.380923218838891
0.0642857142857143,0.783673469387755,0.387023109587081
0.0673469387755102,0.783673469387755,0.391945630588319
0.0704081632653061,0.783673469387755,0.395916116821861
0.073469387755102,0.783673469387755,0.399124814013181
0.076530612244898,0.783673469387755,0.401727525897787
0.0795918367346939,0.783673469387755,0.403849412753671
0.0826530612244898,0.783673469387755,0.405589862378655
0.0857142857142857,0.783673469387755,0.407027304162041
0.0887755102040816,0.783673469387755,0.408223464011113
0.0918367346938776,0.783673469387755,0.409226909565618
0.0948979591836735,0.783673469387755,0.410075906235699
0.0979591836734694,0.783673469387755,0.41080067340051
0.101020408163265,0.783673469387755,0.411425147094109
0.104081632653061,0.783673469387755,0.411968349278335
0.107142857142857,0.783673469387755,0.410276098895445
0.110204081632653,0.783673469387755,0.396791034774511
0.113265306122449,0.783673469387755,0.383585314502217
0.116326530612245,0.783673469387755,0.370648307286729
0.119387755102041,0.783673469387755,0.357969968923993
0.122448979591837,0.783673469387755,0.345540799896444
0.125510204081633,0.783673469387755,0.333351806716164
0.128571428571429,0.783673469387755,0.321394466391982
0.131632653061224,0.783673469387755,0.309660693830399
0.13469387755102,0.783673469387755,0.298142811957342
0.137755102040816,0.783673469387755,0.286833524334855
0.140816326530612,0.783673469387755,0.275725890055138
0.143877551020408,0.783673469387755,0.264813300703804
0.146938775510204,0.783673469387755,0.254089459199276
0.15,0.783673469387755,0.243548360332927
0,0.8,-0.0755236241657855
0.00306122448979592,0.8,-0.0452303923526583
0.00612244897959184,0.8,-0.0151694663295841
0.00918367346938775,0.8,0.0146259529723787
0.0122448979591837,0.8,0.0441143352317743
0.0153061224489796,0.8,0.0732432058589274
0.0183673469387755,0.8,0.101945884687347
0.0214285714285714,0.8,0.130137544205113
0.0244897959183673,0.8,0.157710691863218
0.0275510204081633,0.8,0.184530470222132
0.0306122448979592,0.8,0.210430690876512
0.0336734693877551,0.8,0.235212323710052
0.036734693877551,0.8,0.258647136412727
0.0397959183673469,0.8,0.280489801005006
0.0428571428571429,0.8,0.300500956282504
0.0459183673469388,0.8,0.318480186375586
0.0489795918367347,0.8,0.334301829802953
0.0520408163265306,0.8,0.347941376572847
0.0551020408163265,0.8,0.359481229755816
0.0581632653061225,0.8,0.369093283379799
0.0612244897959184,0.8,0.377006298341046
0.0642857142857143,0.8,0.383470721659454
0.0673469387755102,0.8,0.388730681613156
0.0704081632653061,0.8,0.393006763886643
0.073469387755102,0.8,0.396488429753649
0.076530612244898,0.8,0.39933302357194
0.0795918367346939,0.8,0.40166840089942
0.0826530612244898,0.8,0.403597061410056
0.0857142857142857,0.8,0.405200543109158
0.0887755102040816,0.8,0.4065434643986
0.0918367346938776,0.8,0.407676980098671
0.0948979591836735,0.8,0.408641616931176
0.0979591836734694,0.8,0.40946954418655
0.101020408163265,0.8,0.410186366511951
0.104081632653061,0.8,0.410812528322086
0.107142857142857,0.8,0.410225820582183
0.110204081632653,0.8,0.396735999234867
0.113265306122449,0.8,0.383525939567331
0.116326530612245,0.8,0.370584978297436
0.119387755102041,0.8,0.357903041228327
0.122448979591837,0.8,0.345470601190229
0.125510204081633,0.8,0.333278639221337
0.128571428571429,0.8,0.321318608873825
0.131632653061224,0.8,0.309582403460233
0.13469387755102,0.8,0.298062326027602
0.137755102040816,0.8,0.28675106183622
0.140816326530612,0.8,0.275641653125377
0.143877551020408,0.8,0.264727475957479
0.146938775510204,0.8,0.254002218948356
0.15,0.8,0.243459863706357
