x_nom,f_nom,x_ki,f_ki,x_kp,f_kp
0.334209965756978,-4.16092868524555,0.353167546106136,-1.62611250393979,0.316768038331544,3.9063388448208
0.333895876866326,-4.17756166915021,0.352763036215495,-1.65183763219195,0.317062616172132,3.92091018791847
0.333584570085541,-4.03389843309447,0.352211581637616,-1.47663159240202,0.317265049910008,3.87396971294288
0.333576729430105,-3.85431550976521,0.351818966810416,-1.31984186475101,0.317479093044201,3.90904133593065
0.333106768969141,-3.77170556170204,0.351511183953049,-1.28679631829942,0.317683812451975,3.97627336585281
0.332823874695345,-3.7146584305646,0.35144608107049,-1.33933918930764,0.317904497236349,3.94903577305557
0.332521200240369,-3.69682633678913,0.351124038073196,-1.32064512963583,0.317913674319777,3.96277417140142
0.332191493249411,-3.62667762444237,0.350997497294401,-1.3054505700191,0.318128820513548,3.95240215082782
0.331883700349023,-3.4236137021432,0.350320280231459,-1.07026124343702,0.318319851615543,4.04673128993827
0.331563937636275,-3.2846101488777,0.349914931654569,-0.874762664464767,0.318538382297503,3.9964726556109
0.331252549761747,-3.23305884196439,0.349595330117948,-0.737886181082456,0.318736837075198,3.95093068846712
0.330938288176606,-3.1447273996687,0.349178645411071,-0.626538207881877,0.319062410081436,4.00359348489151
0.330651197714746,-2.96285447243843,0.348597550650343,-0.465978204538827,0.319282975991423,3.97166741072139
0.330176331050888,-2.85518580605746,0.348230555753529,-0.415179182220006,0.319512853257291,4.01032490940498
0.32986046800536,-2.79531882057593,0.347833033063169,-0.32200186385655,0.319731972859015,3.95326296890352
0.329584878924563,-2.7318353642376,0.347443199768682,-0.116179407808096,0.319959521163037,4.09733708803696
0.329281396048381,-2.77621854047093,0.347070001252625,-0.0561236665439979,0.320159328633177,4.08879661255388
0.328977832359221,-2.80128181620918,0.346678504715263,0.0721168783656057,0.320384654000426,4.11975841234061
0.328659704749905,-2.70194823807516,0.346266702299274,0.213325297706889,0.320601555778841,4.09830538179892
0.328345134249613,-2.73171959940874,0.345985567621121,0.272226912000519,0.320831657436729,4.11243970130438
0.328389171962762,-2.62437802301148,0.345903893844521,0.308611460544131,0.321136387440412,4.08550807853681
0.328392241906803,-2.65141176673553,0.345309992684244,0.408057247066066,0.321143583798309,4.07698412384761
0.327787393100494,-2.73129862635446,0.344916001348533,0.481803310506584,0.321357447313306,4.07723783988786
0.327460745166347,-2.7316303540185,0.344503001132866,0.531625644255069,0.321570726422793,4.06771647542828
0.32714874095834,-2.73746493391517,0.344131947258366,0.484028440170865,0.321811372604305,4.11329443793234
0.326733225446673,-2.69426603882096,0.343749327244078,0.432805141114765,0.32202977092892,4.11436953012981
0.326445529965984,-2.65950894866303,0.343333378652038,0.485722308997191,0.322255439642917,4.19401833611651
0.326122592902422,-2.70566718630641,0.342950159825979,0.614795802941923,0.322471804112278,4.12121858753048
0.325855218172457,-2.75009150843397,0.342575909777023,0.775392485665886,0.322685720387279,4.1117751089159
0.325535440567452,-2.70296331385014,0.342164074160088,0.906349471991789,0.322897661043736,4.12253304326551
0.32524126597503,-2.60321887245672,0.341587680265309,0.897293806057079,0.323125225838205,4.17580829858313
0.324947150085405,-2.41790962987996,0.341199867488593,0.975301917281187,0.323352904355626,4.18563602667326
0.32466441298836,-2.48066617670972,0.340799703873625,1.13534183174443,0.323675145026762,4.23948977453264
0.32436882882118,-2.39598922470843,0.340406999994764,1.13237447671852,0.32389100941305,4.19285010868674
0.324057129303636,-2.36377712466251,0.339988125267876,1.25931171280533,0.324149394703568,4.17739767099478
0.323621882937292,-2.30083247417967,0.339577231984459,1.36069399767736,0.324379563727406,4.12576504194725
0.323608651804374,-2.22187277158255,0.339216639707502,1.48010761372938,0.324611653508898,4.10792523442689
0.323088003034734,-2.14043047508489,0.339156231462447,1.49852086407819,0.324839595676888,4.11177983621266
0.323034432894228,-2.10227938308531,0.338755774511833,1.6315142419342,0.32507460064729,4.14846067826539
0.32274786973106,-2.1304235559318,0.338359219510944,1.54236375517014,0.325302362922912,4.16471832037388
0.322448107438822,-1.9936887897075,0.337777421521778,1.67720460271974,0.325520471407744,4.07376612893794
0.322150797594346,-1.9938743297989,0.337378720737817,1.62841377500835,0.325526455529945,4.12454300956231
0.321863117272102,-1.98687429596385,0.336993079690288,1.74598901218871,0.325755791621118,4.121018424108
0.321572112966679,-1.95809088873923,0.336613707412948,1.79861546438019,0.326088670118781,4.07518887444424
0.321292781817791,-1.8694670193532,0.336205728466033,1.75102681426503,0.326318665565941,4.09234074062734
0.32087070905423,-1.84813964074264,0.335823005135862,1.77497671487504,0.326554370445398,4.07946386424967
0.320573369174574,-1.75358501086768,0.335439417927205,1.82514903784446,0.326769266786912,4.06454257090273
0.320281623323364,-1.59522082914133,0.335048415341919,1.86813938605742,0.327004800864558,4.04927872246906
0.319975208205925,-1.57465737211398,0.33460078180275,1.88471268792593,0.327235059427727,3.99270312764778
0.31968257690742,-1.5716775082422,0.334044999530279,1.9732104100391,0.327477775549963,4.02611274825688
0.319390551690992,-1.58566046102993,0.33362986208937,1.93672302226429,0.327689028344681,4.03289672892452
0.319375156096736,-1.53536702261528,0.333236995323374,2.01128600293585,0.328027410985621,4.05800501238754
0.31884871024328,-1.44090142232374,0.332896056116997,2.0378912775979,0.328248087752974,4.0117507350996
0.31880549164514,-1.42085242610337,0.332777582911154,2.00237748767653,0.328513608733378,3.93142551987207
0.31880549164514,-1.33731303432229,0.332070551998786,2.07931946660833,0.328749396717499,3.94471854757293
0.318162829999522,-1.24126181794358,0.332010759102319,2.18684134651048,0.328990750523592,3.87108670726324
0.317842517407742,-1.16645333944756,0.331597276551354,2.25239015480856,0.328991648363794,3.79648181434593
0.317557175728304,-1.11780029399415,0.331207699148695,2.32245688631051,0.328991648363794,3.77584004150426
0.317257787064313,-1.17775443897043,0.330761729424704,2.33529388083349,0.329439903905989,3.76660358080465
0.316974416076816,-1.17424367777628,0.330181111889391,2.4910442623341,0.329699392219922,3.73866251180096
0.31669280472046,-1.16181252577471,0.329781123887135,2.50828720580247,0.330046761516708,3.6709462083743
0.316404818452986,-1.13962913955409,0.329393629726313,2.6356330693772,0.330299670877382,3.64544645385704
0.316114440974355,-1.04144870562419,0.32900175533079,2.62659364051999,0.330535503833517,3.65231758908434
0.315740961125174,-1.07125710925054,0.328598627071168,2.72189953043121,0.330804755744837,3.65941136267969
0.315458217655636,-0.940211551905651,0.328222885248656,2.78805053301393,0.331034496809513,3.56121683352067
0.315185175590619,-0.920889802638719,0.327831953424282,2.71787540254625,0.331300253354001,3.50340513539402
0.3149072363005,-0.938661196711155,0.327445363930172,2.82823117673835,0.331542104707687,3.48525516584624
0.314617993624242,-0.895152933833884,0.32707516827121,2.74975562118594,0.331790631790244,3.39870981709011
0.314359605536664,-0.923692332080814,0.326662388017129,2.91839598915241,0.332029856329235,3.3857713103478
0.314345236225413,-0.89229179222592,0.32616988600827,2.82717620215032,0.332407408296335,3.37830764506787
0.313811772688056,-0.846117263407728,0.326110930310887,3.01470254096322,0.332652983676554,3.35059779948956
0.313784028230473,-0.808778973066625,0.325726174227061,3.01899896895886,0.33291769074214,3.40770271565845
0.313535567265796,-0.761109591929695,0.325349025190581,3.11774301634091,0.332925321264677,3.3929803843148
0.313153888566994,-0.763116198587003,0.324961086966279,3.17103206929203,0.333174595321267,3.32184361304949
0.312882630916364,-0.754066685439449,0.324592709591745,3.1486340501178,0.333181946402192,3.31252980014473
0.312608024625657,-0.791134990727538,0.324225195753788,3.11376650077611,0.333678044699452,3.18129894391857
0.312338063345499,-0.80706434189015,0.323862598401763,3.21339542799801,0.333940311301542,3.17807946219232
0.312064835878068,-0.840535946348237,0.323492001865089,3.21367820994276,0.334187617823151,3.17193734002452
0.311802915886298,-0.667307861684912,0.323151098757446,3.17671767910003,0.334577570410419,3.22318290899783
0.311534421396014,-0.62826238487115,0.322769853566767,3.17911000780525,0.334836135053526,3.21631029367061
0.311275653321854,-0.612352965777593,0.322394125270522,3.17144136468748,0.335112333312054,3.1318271103939
0.311012241523692,-0.578687693473363,0.321872903690594,3.16896353401787,0.335380521568173,3.061285275044
0.310743362277821,-0.491582830982994,0.321529919182481,3.18856128732346,0.335645781383948,3.05391396559353
0.310377313538976,-0.426962956347233,0.321191178371046,3.19721202737391,0.335914529991147,2.99935005741313
0.310128146839988,-0.406721399266193,0.320831609531928,3.20996140328492,0.33618139895096,2.96326380895927
0.309855011181813,-0.455721435236093,0.32052836856122,3.1669892120511,0.336449239802833,2.99596398032523
0.3098394419914,-0.419093383196653,0.320441425165572,3.166599213549,0.336702199674899,2.94270641582546
0.309583392119491,-0.273732322368876,0.31984525849787,3.12274051166874,0.337117542792797,2.95243743891409
0.309334849045952,-0.174112717577018,0.319790358376331,3.19864864347043,0.33738905608646,2.93951587850091
0.309085509995526,-0.098214272176768,0.319434559563151,3.26284521987644,0.33738905608646,2.95661982384707
0.308848109887233,-0.0554888879345579,0.318943485604179,3.23135687357771,0.337973727485644,2.93491908986101
0.308595269348076,-0.0750903474336786,0.318610841406853,3.24589586659476,0.337973727485644,2.93937938606039
0.308351240086849,0.0193136609087208,0.318285482040962,3.28136158916179,0.338244586368692,2.91587022993122
0.308104635653059,0.0348966029081206,0.317979128382533,3.27578738778433,0.338518154678131,2.90869454134177
0.307775221751536,0.138466866502637,0.31764937221428,3.27364317125166,0.33882459185826,2.89266776225166
0.307497573853891,0.172791770823499,0.317334727685419,3.26572762307402,0.339114027200364,2.83997682540587
0.307267696954143,0.217136570202512,0.317004240958387,3.26421154669554,0.339376200164811,2.81667191735488
0.307019126811097,0.193916932848804,0.316705829454529,3.20081138553098,0.339642897907799,2.75482675707715
0.306785521145766,0.33886077782391,0.316406801430555,3.20989610466131,0.340063676185389,2.71931983656908
0.306562905185695,0.357179099698358,0.316088439439781,3.20707305175906,0.340372663008502,2.68549926151717
0.306337774389433,0.417589035707684,0.315669825015787,3.20997688208433,0.340656270723727,2.67362678789576
0.30610361626822,0.400684864386312,0.315379035694249,3.27912522890355,0.340968605176758,2.57063644343995
0.305857149500115,0.429903511379958,0.315115095953053,3.21569609715216,0.341246853670527,2.49193653628903
0.305629334754113,0.467635976129825,0.31507214873915,3.27848695261289,0.341550198979067,2.46307948019759
0.305613440855194,0.479446517118626,0.314772298832511,3.20850927176099,0.341818394506098,2.4970017689325
0.305096550759643,0.492298269840535,0.314473746409883,3.16578470186623,0.342102408506187,2.44895723541356
0.305057721617801,0.586322504249111,0.314187746683718,3.04411333265459,0.34253185243986,2.36555155176204
0.304834036474538,0.535950832691781,0.3139156333663,2.98621660229716,0.342555480489522,2.28543661587444
0.304611179656559,0.663508194463688,0.313654563984035,2.98301585830614,0.342844988459098,2.25901215117063
0.304395337073316,0.70353871301172,0.313366141782991,2.90956582836007,0.343139927690906,2.16596751169953
0.304176881200423,0.703672313114624,0.31299571727179,2.96557556117498,0.343450593481512,2.14596595244584
0.303959248920814,0.757686089205138,0.312730948822114,2.97255188589607,0.343761432419081,2.13600919205441
0.303742103191504,0.766281867220293,0.312489080260362,2.90136064134388,0.344053881208868,2.14708406939525
0.303530609880884,0.825410817107596,0.312238960564433,2.82188128200247,0.344364264391464,2.05712607448113
0.303228044803565,0.806358238646062,0.31198828720859,2.83775575585334,0.344654141670179,2.04581124157845
0.303017343932377,0.854317610634162,0.311722574656625,2.73732409737098,0.344976206525798,1.97695032387261
0.302798716551157,0.864201253612349,0.311498061961218,2.74570032451353,0.345243411391238,1.75279341662563
0.302571274070936,0.894226897199419,0.311249285765591,2.73311887720402,0.345694909179325,1.73213990018658
0.302378531661444,0.934085390272348,0.310944804312274,2.7310466209428,0.34599836899554,1.64205487602087
0.302368258279134,0.965867120366385,0.310750006947795,2.67159505783541,0.346323947790216,1.60335256068847
0.301983980548019,1.019675357064,0.310750006947795,2.63486789613541,0.346607081408026,1.64015927502485
0.301964967456034,1.08777937984005,0.310675079074198,2.6551780722734,0.346919980894729,1.61366745016822
0.301773821102953,1.09587275832559,0.310273518486467,2.58969216279901,0.346921517967069,1.59217503490203
0.301496096577251,1.13877039050419,0.310067357067698,2.55606056763473,0.347505723599249,1.56644545348091
0.301303745206609,1.10275773736169,0.309866868935016,2.51569276764012,0.347518967845929,1.52581335651443
0.301097404235224,1.10658775034181,0.309642822737664,2.50181630743117,0.34782649493146,1.54260649872993
0.300908249721915,1.10975473680285,0.30943788143134,2.42321708716756,0.348255416579071,1.50466230024399
0.30071184519436,1.08842117015929,0.309241986616721,2.52587519497219,0.348565723845811,1.52005314969009
0.300523932331713,1.14950635179929,0.309037974407001,2.38107439375067,0.348875949901304,1.43483613686482
0.30034145542661,1.18341329807616,0.308794022790869,2.3282795301389,0.349175513301946,1.39769673333318
0.300151420197375,1.24446530216062,0.308623669306366,2.27960242342457,0.3494593846618,1.38792928056936
0.299969603070814,1.24212268512803,0.308469356679028,2.25109519832313,0.349810500160433,1.53404071772844
0.299784542476729,1.22723790642234,0.308293529609393,2.17955222037198,0.350106070720075,1.48791975262548
0.299521178073661,1.2736100557049,0.308114098343816,2.00509497488248,0.350422886148011,1.5586515559182
0.299323463735233,1.23600069504241,0.307929777584478,1.9548079765267,0.350710240538462,1.42971765471971
0.299145260553818,1.3407307735154,0.307779488416772,1.81962818686478,0.35116091463094,1.33616621594019
0.298962350108706,1.47220404664688,0.307741404127502,1.8909330833148,0.351453389135336,1.26898527905506
0.298951561478471,1.51095808496644,0.307465348070258,1.88766357854444,0.351764275737489,1.22890439321348
0.298612438704013,1.48564456420732,0.307443297109626,1.90140183197996,0.35207552429873,1.19524907736276
0.298592655624241,1.480185909676,0.307283517832703,1.90022476552142,0.352374067496855,1.1972244673222
0.298430064866981,1.52670071859191,0.307097259583158,1.85205779676068,0.352674365248185,1.24326410164934
0.298255395333635,1.5948960758099,0.306963059139896,1.87563299265877,0.352675850499501,1.17854253931455
0.298086238608974,1.70366670860316,0.306830263400348,1.88279429111845,0.353026872895702,1.00292923873799
0.297914181364529,1.71798188776153,0.306697902081934,1.85095487597166,0.353294184369915,1.05131802289373
0.297691569005097,1.73432776011942,0.306562458610104,1.82586609698677,0.35360087388,1.09772375543326
0.297515313674234,1.72636911302532,0.306440038975696,1.89435402308647,0.353887583517797,1.18016510189045
0.297357506965217,1.78619179420594,0.30631808217301,1.97295050134477,0.354324347290063,1.2601589422123
0.297187792801682,1.8423513631398,0.306205939314163,1.96230185184148,0.354624719580816,1.21136410774031
0.2970373474249,1.88508853839004,0.306101071560139,1.9030368591701,0.354918932513562,1.2004611665403
0.296878601397014,1.89272590371162,0.305994174919221,1.95556413972379,0.355226716777607,1.20184125722107
0.296723098266769,1.9649023290981,0.305867734046046,1.9114582209186,0.355514265926745,1.23167117173317
0.296559084940158,2.03071637451823,0.305779642656317,1.97849759783666,0.355805008178223,1.20712187994197
0.296419415474409,2.05525138629169,0.305704146696971,1.97168365085832,0.356138339014618,1.19004490923457
0.296188699768732,2.14537437251479,0.305704146696971,2.00647984799117,0.356419102211993,1.21382507251531
0.296184489138874,2.33798499881056,0.305657706164832,1.98614127749105,0.356697825382607,1.1310955812843
0.29589769494665,2.4280928098019,0.305432273890211,2.0182303412686,0.356953122401554,1.17317936456851
0.295881955264725,2.5447209297719,0.305418863775776,2.0381487939204,0.357409499957221,1.13372173604995
0.295742368473781,2.79150179010013,0.305341011124666,2.0893932226143,0.357409499957221,1.11314787191899
0.295595471326573,2.8336523109184,0.305261484536903,2.07106723222988,0.357934298731381,1.06985345202153
0.295448345132715,2.90353957131648,0.305183344073683,2.06103757774298,0.357962996629748,1.04848239028529
0.295302741943968,3.01779768567152,0.305118799392707,2.07769171462694,0.358247156236079,1.02581181817397
0.295152900538751,3.16277029960745,0.305057032747475,2.04636383429919,0.35854870198367,0.969550617124422
0.295016064242862,3.39207203305881,0.304995922180187,2.05309845946335,0.358838658206112,0.929479601024546
0.294828113495499,3.58127815491418,0.304940146230655,2.08467670995579,0.359120888565093,0.885430208621795
0.294683948976154,3.64548992064643,0.304879132518949,2.04864691963058,0.359412412075196,0.875917570509888
0.294541580946222,3.68490323758438,0.304829749874947,2.14271597053378,0.359808280343319,0.831749844966824
0.294412302295511,3.77168745100684,0.304783385209638,2.10256498029801,0.36007271398233,0.841969659162087
0.29427929197354,3.91570216678456,0.304745586688944,2.11412192132402,0.360355743345425,0.919564523316169
0.294152495670295,4.09803070221799,0.304703796643049,2.07147131692554,0.360616042701685,0.911604582620014
0.294025858888323,4.5044702314219,0.304669044398076,2.09279448431718,0.360894961897727,0.937468533170944
0.293900983401309,4.54882669804078,0.304633868182984,2.12054240822123,0.361151217383938,1.01630625503755
0.293777754420498,4.60018434135485,0.304628491627719,2.13020924860365,0.361434524803233,0.987815354079707
0.293770140970335,4.65070143949472,0.304597480947522,2.11955049628324,0.361698497440219,0.934214985146874
0.293608813068548,4.66896805886369,0.304568245115107,2.21053120936352,0.361972394654299,0.831127774190155
0.293478751597006,4.77685542977804,0.30453997836549,2.14997050813587,0.362217568549875,0.837951643696719
0.293369950663335,4.87420466516548,0.304505292012751,2.13727775872441,0.362224764301389,0.811941381532849
0.293254274469181,4.90961297976591,0.304479559923323,2.17873873077605,0.362587380071914,0.8302659845494
0.29314837739403,5.10298211927664,0.304456805170221,2.21057453180574,0.362863090536137,0.73831979837968
0.293049570120663,5.19149400426994,0.30444020863732,2.26903957948115,0.363100114497591,0.745027601734526
0.292939762867,5.19384619945807,0.304420411841416,2.33500786950084,0.363365124270364,0.728309403072131
0.29283824465534,5.41565542484454,0.30439769159043,2.36554068558142,0.363596249908861,0.609009558081221
0.292732893512712,5.44742056573841,0.304381789470585,2.40363579091522,0.36385948067434,0.524030285215929
0.292622632924246,5.49596167361882,0.304364675793542,2.40470257239094,0.364116037006315,0.574996175958231
0.292473357881279,5.5154949475924,0.304340400699313,2.48562645479202,0.364369497099835,0.622513160840342
0.29235088316888,5.58384230858082,0.304326322872293,2.45889942723787,0.364585570781128,0.696501811119609
0.292248880025796,5.56272027948159,0.304310953024991,2.53624251176754,0.364818880688499,0.763122766152199
0.292147392863223,5.5506592337174,0.304299963012371,2.55937350840568,0.365176655414886,0.751526806016626
0.292145269620613,5.6143776529206,0.304299208492084,2.55643117469276,0.365409685290211,0.740456573900528
0.291950899036334,5.60723908710947,0.3042945259568,2.63861493616977,0.365635042139867,0.743431940321857
0.291939506991929,5.69573215666631,0.304285965087465,2.75187180126156,0.365877148580003,0.700426414221308
0.291845593992056,5.85381392221567,0.304271012572093,2.73564299974368,0.365878064913007,0.718682570750528
0.291747205615828,6.10827191402091,0.304261301364466,2.76759778052082,0.366326090199423,0.789316120760109
0.291652516492947,6.35116994054481,0.304248579256805,2.81814707635179,0.366333352817913,0.717772043867978
0.291515010099152,6.39769412794053,0.304235855700768,2.85227100181892,0.366554556918536,0.696762808309793
0.291416026915498,6.47582700953847,0.304227639855141,2.86433703275635,0.366751093254423,0.630616109778287
0.291330772195199,6.63863813119652,0.304226347633548,2.90116770524167,0.366962631527436,0.550533860071028
0.291241682506093,6.93381619848575,0.304230390292411,2.83939136171055,0.36717763230974,0.643210170754092
0.291157037810528,7.11923494529632,0.304227877851145,2.89926058275604,0.367490455901619,0.620669691123651
0.291073366009881,7.26907562369345,0.304225220200224,2.95322768700553,0.367692468832512,0.65855602867759
0.290997614719235,7.37916779176651,0.304221310670323,3.01001261711213,0.367893084604148,0.550685550174517
0.290921903071209,7.45211806090736,0.304218537492463,3.05096817908471,0.36809388228938,0.541959488613807
0.290850321204502,7.52533417945195,0.304221149753681,3.02405040032391,0.368288730908867,0.413735666722457
0.290776801860122,7.79272663634913,0.304219739328475,3.04391790068273,0.368494615833793,0.321031479008163
0.290687101818758,7.85271914459705,0.304211991097956,3.06560135294497,0.368679299043722,0.388219385520909
0.290682584796532,8.28238559185174,0.304212081403264,3.05956946582615,0.368851094452072,0.417601533884824
0.290561801865969,8.83672798213031,0.304214690979478,3.09052768910104,0.369142864823515,0.384840083446455
0.290559922690017,10.3366184241663,0.304229176553687,3.11426198676393,0.369334650600776,0.315217221763792
0.290499106652405,10.631107792577,0.304227744867574,3.13421229748963,0.369334650600776,0.349500329958534
0.290441554832285,9.79595688487256,0.30422909598656,3.07041631701584,0.369700007348412,0.393202389417427
0.290392289503396,8.99284810658136,0.304233689328217,3.12863573623679,0.369701063349806,0.412806696739092
0.290344664673813,8.60740054157646,0.304235159353338,3.1529032579132,0.369879447054238,0.380770287096443
0.290297595414488,8.49780743437226,0.304239293071828,3.14482260295712,0.370053915932219,0.311598573858091
0.290260189256989,8.43152044306441,0.304238997147428,3.11730929658903,0.370227975598371,0.228396263196432
0.290212945914858,8.67105468825401,0.304243983349713,3.1784578354119,0.370423252198035,0.222971386887109
0.290165099051351,8.93427078047758,0.304250293897965,3.09906115264578,0.37057942343675,0.174661876524105
0.290119443724197,9.38780878168303,0.304265026863731,3.10632723402845,0.370738724306339,0.237920023547855
0.290084790633546,9.766161430983,0.304261302463086,3.09410070964978,0.370981385802291,0.234971129630364
0.290048300639487,9.86574562339064,0.304261282223738,3.11174684628477,0.371149635562922,0.203636212143778
0.290009591954844,9.6630479997435,0.304264507861462,3.09612660159123,0.371304588238646,0.137449776829771
0.289979241458764,9.53447293035297,0.304264708327261,3.10844494219351,0.371473879471702,0.118986893078532
0.289950923699852,9.45651514148766,0.30426575964619,3.17601845442582,0.371624843703825,0.0629399264646684
0.289925279833912,9.52138602574533,0.304264725991679,3.16027551058857,0.371799724596936,-0.0890210091034238
0.289923623368964,9.73329051091581,0.304262516813706,3.2080936607285,0.371928783427268,-0.144166044880645
0.289899921296074,9.92720508940432,0.304265240553266,3.22739198625102,0.37193467539385,-0.116151495905888
0.289884095427934,10.0285322159837,0.304273742699872,3.24121284049084,0.372292922104137,-0.0714199682507493
0.289866669013144,10.0489804304329,0.304271142431865,3.19411649779607,0.372311066739303,-0.127362060381077
0.289853929778115,10.0278442487146,0.304271863385136,3.17164541727371,0.372582285589501,-0.122698806144915
0.289843739393499,9.96526830758407,0.30426892770699,3.17239640036266,0.372600290520119,-0.191356213651735
0.289839829498781,9.9502126358161,0.304266565796155,3.18883687564959,0.372729270700897,-0.22409177735247
0.289828081375931,10.0298931222909,0.304264363856393,3.13960809859747,0.372883154835481,-0.269403000720587
0.289822698902361,10.0526597898768,0.30426828651838,3.20813277211429,0.373024007167628,-0.236048507767066
0.289819614481431,10.1920696729742,0.304265102110762,3.23784480902857,0.373160178325318,-0.204123044588383
0.289812955506895,10.0594618971864,0.304262464101244,3.2053419644665,0.373269003037611,-0.282510917115278
0.289822695003319,10.0673850234645,0.30427487260873,3.17182311301031,0.373398491950199,-0.291001699773622
0.289827015436354,10.0778453881805,0.304277938553108,3.13819568988911,0.373526699588729,-0.363423631544316
0.289832845593097,10.0867368263129,0.304282567247576,3.16048492727982,0.373661751994731,-0.491727172205066
0.289836903088369,10.0646060036413,0.304284955428263,3.08377507605811,0.373850130881008,-0.522536615569325
0.289844986948805,10.1225910374929,0.304285153738771,3.08915630416662,0.373983846713716,-0.634476307313888
0.289845604519171,10.3086618034998,0.30428636251729,3.08921261969391,0.374116104371122,-0.61930069968822
0.289845606829453,10.4261703088915,0.304287114865877,3.11316439289469,0.374253687854888,-0.664403767279441
0.289872897202385,10.3730697007386,0.30429008295401,3.10692283076574,0.374254202097153,-0.69690869581479
0.289874078375061,10.4174310543512,0.304295387001756,3.15675078590784,0.374254202097153,-0.730656161819306
0.289892009249023,10.5273107364525,0.304302342012618,3.08493300864543,0.374479546183039,-0.760024841801284
0.289908019941822,10.5648318353706,0.304305206894224,3.12686505497924,0.37460261796297,-0.877941871475439
0.289927341051596,10.5741974714046,0.304307847095944,3.02913828585336,0.374711179695761,-0.812930564194454
0.289973024943876,10.739551804749,0.304311368544855,3.05957648419096,0.374826651037131,-0.816256376831137
0.290004240017003,10.6795293997502,0.304318319787833,3.0318891735489,0.375012324550885,-0.880744337445006
0.290038797340473,10.692985727541,0.304322386245964,3.07479661663982,0.375128643116033,-0.89527912728804
0.290072004447944,10.7432400956484,0.304322285559841,3.10295704824362,0.375235273700725,-0.943152279865077
0.290113728404299,10.8018266055651,0.304326035834441,2.99662931605335,0.375346782714389,-0.937173455251414
0.290143832026663,10.8103523646197,0.304331435325533,3.0471502913784,0.375443997087728,-1.02533936718753
0.290186284249526,10.8468326769209,0.304346827798924,2.9817474354414,0.375546381088387,-0.91280174519071
0.290238386790961,10.8620057143517,0.30436589477605,2.99495090852542,0.375657745803246,-0.915570792098509
0.290290286119253,10.964753008368,0.304373051282208,2.93328751393122,0.375764975330778,-0.94868503739073
0.290350089940753,11.0129327371557,0.304373051282208,2.88528047603631,0.375877451440277,-1.05467598722766
0.290441876283709,11.0591211439431,0.304377155630422,2.90375153034786,0.375983696386677,-1.15552658828629
0.290507154676861,11.0852456431013,0.304402651865481,2.8792587645541,0.376084740334241,-1.19797162403234
0.290510975598769,11.1679133120059,0.304418882343152,2.89481261729218,0.376228549705023,-1.23666193723968
0.290645038480323,11.1843469321931,0.304432407355024,2.82551787572683,0.376228979166165,-1.26735082781252
0.290653726585972,11.2266491368568,0.30444321594329,2.8237430056324,0.376318466216898,-1.3338677226942
0.290721108899504,11.3208208586704,0.304461824639206,2.82054684277254,0.376419785579996,-1.27300399287697
0.290789698829308,11.4170314352268,0.30447881723926,2.8092377315515,0.376497720496798,-1.47547562539905
0.290871261717289,11.5532058621942,0.304497288680053,2.78263757937166,0.376586635585957,-1.48615891825269
0.290972535704272,11.5610804723778,0.304534999904777,2.7755859006803,0.376673173059399,-1.50862921156136
0.291067810595571,11.6048492750005,0.304562513383855,2.80864397275759,0.376771688186365,-1.50365878365042
0.291155164910966,11.5495400262903,0.304588106350079,2.77784274984084,0.376858975529917,-1.46996424739207
0.291299085145113,11.5705291352706,0.304620197031982,2.7071758741727,0.37694686495397,-1.50323897260783
0.291408952069117,11.5923605874201,0.30464794688477,2.73821700904645,0.377086713205635,-1.5224381200557
0.291513689038586,11.6526123544483,0.304676723983524,2.67692928421361,0.377172246288549,-1.51298367190563
0.291633474740204,11.7136356544783,0.304709706460883,2.68251412888287,0.377262062923928,-1.54445376440155
0.291741268337706,11.7904160521601,0.304719895753236,2.67422933809081,0.377331535233416,-1.54231377856825
0.291861178221051,11.7846173821491,0.304770202836318,2.67955025385125,0.37741614984762,-1.45710801473263
0.291987237691805,11.7770577115292,0.304779380019122,2.62472476945101,0.377495929523583,-1.48119039656523
0.292128348199618,11.8747797862318,0.304834380033559,2.69318001012497,0.377496112420877,-1.53500908637049
0.292132014523111,11.8402424907967,0.304874742697791,2.64973121481462,0.377656233463217,-1.65383552985173
0.292262895779693,11.8963110607143,0.304914023753392,2.68291998950069,0.377657964858486,-1.66794840004327
0.292392038203868,11.9415612404688,0.304947208808865,2.6716942612952,0.377733471045494,-1.72222672885162
0.292611045467557,11.9877662742522,0.304975614965019,2.69087788409754,0.377853470318011,-1.74741654555276
0.292772619923799,11.9326186026082,0.305020592956487,2.71451293967433,0.377930073795126,-1.77051131310213
0.292901450337939,11.8860732911712,0.305065829288304,2.70770581157213,0.378006387921068,-1.78001118160797
0.293063079712909,11.8677865522493,0.305111143398875,2.64356498006972,0.378067026217948,-1.75908547742882
0.293225784296349,11.8431933660657,0.305159296224676,2.68713332068351,0.378138177558843,-1.91845492610768
0.293402033955646,11.9457400010022,0.305222736778919,2.60983682164639,0.378203010558129,-1.88744636197429
0.293567244070435,11.8879930667943,0.305302790003385,2.64423179973246,0.378267817542348,-1.92398250723464
0.293754529811958,11.9223920064048,0.30536271835565,2.66266987679155,0.378330004718876,-1.89339226757018
0.294024544019793,11.7583579720494,0.305418418522683,2.63556406393896,0.378392944131941,-1.86286484303538
0.294223164728198,11.7845984708457,0.305470572700554,2.59923510008522,0.378457528949417,-1.78620749246159
0.294400594904211,11.8167474112435,0.305486900348404,2.59363351179612,0.378557328748763,-1.92717793868085
0.294580442987202,11.7422677624364,0.305595109120529,2.6048219521338,0.37861848037213,-1.89433845042606
0.294761925563256,11.7141329712484,0.305605128287093,2.55124554140122,0.37868388222009,-1.87614470614146
0.294962524668542,11.6732240465599,0.305678091218094,2.60013723518216,0.378743762486849,-1.86798019145101
0.295210967297213,11.6097374790574,0.305750429210269,2.58739331974683,0.378793232603711,-1.8031754151628
0.295225802338379,11.4038791469209,0.305822468707226,2.58028185890243,0.378842549041551,-1.80927887831086
0.295382934171396,11.3504248686385,0.30588522955214,2.52944756155468,0.378844730495558,-1.81925819812743
0.295583953940458,11.2423499453624,0.305961945262942,2.59190919785886,0.378900285303876,-1.84647884421179
0.295909926627846,11.1918194704231,0.306071203090682,2.62714973203524,0.37894602836598,-1.93159719154233
0.296140380645278,11.1169421700603,0.306150272651219,2.602775531349,0.378991551945845,-1.95846470891305
0.296341346664755,11.095115155152,0.306225011851957,2.63270366984705,0.379067602910288,-2.01933230679868
0.296550792216161,11.0839936093234,0.306309083127969,2.62934768898783,0.379120933713944,-2.01946817825692
0.296778229090756,11.1005934003776,0.306406648811728,2.60895623509961,0.379166523045528,-2.05345642606255
0.297018206125606,10.9622691334878,0.30649769705422,2.57340430383485,0.37922272661701,-2.12233162421706
0.297254079686443,10.8353557321729,0.306580726154727,2.67459653322016,0.37926182578233,-2.13206014704273
0.297504298256742,10.7363046158105,0.306675726301662,2.61598823762318,0.379306169460128,-2.21175339848897
0.297761572460071,10.6486564160761,0.30681999287819,2.60018171820531,0.379347266424226,-2.11163584358458
0.298134484737051,10.6174832199069,0.306920391856291,2.57890459139305,0.379385293301979,-2.03667186215391
0.298397917950804,10.5920812564555,0.306994216766213,2.61499424966584,0.379425799531464,-1.88432580472787
0.298623023645508,10.6942882345597,0.306994216766213,2.60163481183815,0.379478189560201,-1.87584780808079
0.29863565042667,10.6767018929386,0.307027309413438,2.59436763706752,0.379517062633852,-1.80818194240565
0.29913204821332,10.5293879910324,0.307217282088708,2.6200272814193,0.379517208649801,-1.74010139229199
0.299147552527744,10.5164861581744,0.307332009916444,2.54074798668023,0.379517398254344,-1.75239921980281
0.299409080587702,10.401922316699,0.307437790643802,2.64019256145306,0.379571746241761,-1.66653202836513
0.299688680888145,10.3771757341373,0.307536271288713,2.58321033404027,0.379605011966083,-1.59736597133102
0.299968298001925,10.2076131584253,0.307646805126887,2.64480991000728,0.379626834448484,-1.58700593912876
0.300386650162146,10.1941972555594,0.307768131307201,2.70895443315844,0.379657805948178,-1.6210380438484
0.300670923494432,10.215956623824,0.307940810668569,2.63697359321118,0.379691343359705,-1.58481204410653
0.30095948898657,10.2059391336062,0.308058216614909,2.70358213576823,0.37971507588115,-1.58968002915672
0.30123307269221,10.1499393679251,0.308181042221948,2.75371067491843,0.37973204848428,-1.67907051787409
0.301540542120692,10.09066193355,0.308305101505414,2.75941273455158,0.379748289081271,-1.61021970507487
0.301835003183299,10.0089414652581,0.308418243421998,2.79624984182436,0.379763871245448,-1.54042281019967
0.302143274906282,9.96064281785316,0.30853935799618,2.86168559601782,0.379771400580534,-1.51819306761335
0.302438857255426,9.95042364876176,0.308665741768156,2.77574627178666,0.379784582951951,-1.51937011399578
0.302774782875956,9.95787250904158,0.308776931554622,2.87238421950025,0.379791596455392,-1.60022507604094
0.30309642778388,9.9644608170285,0.308824188573881,2.75681496412573,0.379796778446264,-1.59409065140176
0.303595795937926,9.92429203978708,0.30912512021577,2.81213482723039,0.379804400525911,-1.53631580875325
0.303603112329479,9.85324522347977,0.309143470567076,2.84128587357608,0.379804396824697,-1.47076341967527
0.303603112329479,9.78126241319346,0.309271670790455,2.87268242690717,0.379797624679989,-1.38226692872644
0.304217685446627,9.75876760807174,0.309420993452638,2.77637695257273,0.379797501143526,-1.37594570672867
0.30457213811025,9.68926967102944,0.309560818880715,2.82928645044624,0.379795954553748,-1.34850165501713
0.304896926587793,9.7166962546349,0.30969762388396,2.81728605327717,0.379795762457154,-1.39739094149432
0.305276347975043,9.67655905100855,0.309840448049725,2.83372708177421,0.379790821320693,-1.36044689590172
0.305593561527205,9.64884323661793,0.309988324821431,2.87759884194652,0.379791244683257,-1.42361803228915
0.305934148962732,9.68025023767133,0.310141853365349,2.93531247210643,0.379789455285175,-1.36726441438827
0.306276872756689,9.60125527438763,0.310302468938917,2.97930636313521,0.37977782084375,-1.40311505322891
0.306640001095604,9.57787405442606,0.310504802166472,2.97720138170083,0.37977267703251,-1.36862104043828
0.306994476660202,9.6034516069193,0.310656932110909,2.98071359558015,0.379768485842772,-1.39184902861012
0.307364971856465,9.62253017286695,0.310810621162072,3.03396419812897,0.379758862308988,-1.45094947992738
0.307870900127854,9.58858795935626,0.310979906485386,3.07041378735388,0.379751363141262,-1.48684698815795
0.308243703638723,9.45900529768348,0.311139036852391,3.05179566809186,0.379741799732153,-1.58869140772947
0.308603275162107,9.4908207850931,0.311300733287772,3.10881547953647,0.379732019149899,-1.54440461917647
0.308963842856875,9.40690607281229,0.311442923831467,3.03980314191087,0.379718169608238,-1.54298880796741
0.309346148005682,9.41717602935882,0.311466225460181,3.05254717681841,0.379702112476225,-1.56469188648569
0.30973779422167,9.40394298789363,0.311630284252514,3.09392098308713,0.379701963353891,-1.63183104813514
0.309748697871785,9.50662664267121,0.311875965567143,3.09896375469667,0.379661398995521,-1.68160153243105
0.310466313130436,9.51273149373863,0.312041258709207,3.13521034078141,0.379659542820012,-1.59155014062065
0.310514167263697,9.51615345785459,0.312222428341419,3.18024180312218,0.379643374262422,-1.5882724378454
0.310876057466186,9.4729681522183,0.312393610165751,3.22825803834259,0.379621964987561,-1.58810817341401
0.311445673266105,9.50207073390722,0.312555951032328,3.25095050664878,0.3796017305086,-1.59948838600051
0.311809251293395,9.36614509895905,0.31273534442839,3.27513422416698,0.379574569039548,-1.57236115769654
0.312196529111536,9.36092378886801,0.312905523389471,3.25571185188325,0.379547307083606,-1.54665977525302
0.312596628165588,9.2861151349811,0.313090312079963,3.26608510500929,0.379518920306913,-1.52410962262747
0.313020181703006,9.16400301097291,0.313346475681901,3.2914832358575,0.379471970335419,-1.45737207388862
0.313405732186651,9.06092563500361,0.313535741613706,3.24106444618341,0.379437336618629,-1.33596297087387
0.313787666473232,9.06416875888333,0.313715111835342,3.22543758867516,0.379401226601123,-1.38750440237635
0.314172605961375,9.01465472905396,0.313911455522594,3.41298936940785,0.379366517169992,-1.36394792763523
0.3145513463762,8.90670406824338,0.314066417595194,3.39335114955819,0.37933625286214,-1.44870938502518
0.314942549417007,8.90114255365161,0.314119235501867,3.44270921465715,0.37929569167161,-1.50288934725959
0.315536894799579,8.86889849966955,0.314441699928338,3.46384281065564,0.379257813995462,-1.45831138094459
0.315960292416678,8.86196030728744,0.314469648651862,3.49112850622332,0.379218434347444,-1.59905140971811
0.31636492988215,8.84069125067963,0.314661434819751,3.55218204474099,0.379155173554206,-1.54335359868651
0.316777467712995,8.84063620399907,0.314847045696666,3.540948245463,0.379153039467148,-1.59491825089239
0.317171366096803,8.79241515725882,0.315119235861827,3.57600073479018,0.37910789248137,-1.67650044584869
0.317192219548521,8.73973501117922,0.315324842798914,3.60847166845213,0.379070109790306,-1.65998667189559
0.317592358637049,8.77240847130061,0.315512595044017,3.57080955333823,0.37903108780648,-1.73373454064585
0.317988256568462,8.6945756835019,0.31571632826891,3.66481341794199,0.378981107311144,-1.77540041029604
0.318395180589884,8.64245839453405,0.315898560920675,3.68837935445492,0.378940307680466,-1.7571897825543
0.318988009743195,8.59171231746987,0.316109875760425,3.77610597502796,0.378886272007053,-1.65956363428131
0.319420434605043,8.62276067168155,0.316298208083404,3.75706768129961,0.378835113540294,-1.71758809747398
0.31981488518108,8.62286215046538,0.316490362792199,3.79951917241724,0.378763761306397,-1.6753975676965
0.320269436748255,8.6742584658503,0.316690500369525,3.79822651035558,0.378670026228646,-1.72791869312855
0.320649337675682,8.70595131571803,0.316990811834291,3.86348108417434,0.378607885789996,-1.75382547060271
0.321090054319248,8.61938057074121,0.317191972843369,3.84611341498411,0.378550189955327,-1.68806356544188
0.321487751752697,8.54239507025235,0.317386678952382,3.90224864461325,0.378493551491136,-1.65056229980033
0.321923490777231,8.32056048099201,0.317561418955109,3.87879946917726,0.37843768662189,-1.63267448951671
0.322325872593908,8.06726441424832,0.317591596730763,3.9330220346393,0.378378750377924,-1.65879904367664
0.322937230364969,7.75398633936303,0.317800093524676,3.89757428088514,0.378378441915489,-1.75758493508957
0.323365170367442,7.51472472074685,0.318005622262394,3.85740415810345,0.37824861105828,-1.79058962428739
0.323808928074881,7.14128034800781,0.318205693687895,3.8675380444366,0.37824861105828,-1.72587439358777
0.32383931710534,7.08625322241141,0.318414919051028,3.8722333166313,0.37818404763199,-1.78235454524722
0.324247582878996,7.12532701579295,0.318715944916015,3.86423382600397,0.378078671726415,-1.87069911814163
0.324665772404565,7.32389504737099,0.318925188694311,3.92430108615668,0.377999273163279,-1.87447602936716
0.325097241546813,7.49290972279376,0.31913689126011,3.91973178884132,0.377928502731675,-1.93912690287229
0.325507520685322,7.58505005042727,0.319361546326464,3.86118087048201,0.377860148870146,-2.00061602903689
0.325938967313489,7.63166665755961,0.319577880317018,3.94248865591829,0.377789298622153,-2.00316092000525
0.326353380854225,7.53942792719658,0.319792960166608,3.90354429494747,0.377714886711205,-2.08502035049846
0.326945605645709,7.53103836976289,0.320016122007823,3.85970747889147,0.377650994129628,-2.14879068084319
0.327377307378528,7.43150563617941,0.320228354881053,3.86068840544837,0.377568564975994,-2.08023482012825
0.327788446312502,7.32819174288324,0.320461482480429,3.9014291188043,0.377495792134472,-2.11762814354526
0.328203782091745,7.31639771124727,0.32078073022074,3.85644738459835,0.377415908002793,-2.17640360371104
0.328643735172745,7.36184185330713,0.320988968226808,3.95979083235465,0.377338073846004,-2.24662320481151
0.329062381990465,7.41301271827094,0.321208772101189,3.98814196249571,0.377207879244085,-2.26243556610307
0.329486994544484,7.51798578978651,0.321243673794856,4.0476080496034,0.377134247148191,-2.26576105483418
0.329927309306291,7.57140941283328,0.32145919497101,4.06168931295484,0.377134247148191,-2.14718402653971
0.330523437081904,7.59902620295476,0.321687732828431,4.02368332910788,0.377049054387913,-2.25676005991347
0.330962420343699,7.56026493776192,0.321890300926054,3.98903676793052,0.376982275682362,-2.28978611431511
0.330976919902046,7.53091317286435,0.322114396971426,4.01463067351063,0.376902698725026,-2.3661788898488
0.331388174824063,7.54213433567329,0.322331837412139,4.00116495599902,0.376818607110151,-2.47560151028935
0.331828961426375,7.46878286744786,0.322582870469644,4.03148699720062,0.37673757121232,-2.44934996568525
0.332275736738951,7.44285342272231,0.322915254837538,4.01598195759157,0.376655032146844,-2.41696683521838
0.332701941569726,7.38940375303427,0.323135945765187,3.97169891525138,0.376568958532289,-2.42330940256634
0.33314822410553,7.40191299967115,0.323356860601484,3.9674433839311,0.376484939351899,-2.46168483821023
0.333579850571532,7.36293424966826,0.323605878589263,4.00576428913937,0.376350691348035,-2.49231315016833
0.334010134829562,7.36569840687861,0.323845145496676,3.97218572876979,0.37626181859196,-2.61791859794622
0.334635542824607,7.38821138482132,0.324072748973181,3.94854754230555,0.376179591140211,-2.68609322438079
0.335072923365336,7.32882396274926,0.32428924192129,3.94193517976607,0.376096439210953,-2.67769766846554
0.335479143195315,7.29677249826401,0.324504537270097,3.95015138939633,0.376020722414009,-2.65944529237925
0.335900634907575,7.13912495608986,0.324537960884117,3.84227213402599,0.375934147999869,-2.65745289972289
0.33634170087085,7.21276667437428,0.324806374469485,3.7692023307815,0.375849542346273,-2.72999267583917
0.336793380840424,7.22496970757793,0.325153567517277,3.77187186667722,0.375772388405908,-2.75851778849429
0.337231240425478,7.19579329024863,0.325401819649583,3.70036223226174,0.375692021004212,-2.76521450354604
0.337695176892876,7.18937953393049,0.325632070624952,3.67688208198189,0.375688891579294,-2.83489385925527
0.337720915383592,7.00038945854035,0.32587518962657,3.72695088386634,0.37556341994169,-2.797192576189
0.33875732968484,6.98154995783481,0.326144005310873,3.6940433590416,0.375473440853338,-2.72041609184244
0.338815292462958,7.17763890931423,0.32639486710069,3.65376270165247,0.375396568844214,-2.80269087866038
0.339186016315384,7.14348792455608,0.326645651991923,3.60960749870914,0.375305525843608,-2.82565834981071
0.339598187557553,7.11322343143174,0.327003135287126,3.6532474795168,0.375211845411529,-2.87208975076396
0.340015195009113,7.03679028558689,0.327262223826257,3.65620649488691,0.375131413661069,-2.95165563705859
0.340476671053609,6.9554703332425,0.327512673488896,3.61504124934509,0.375068939019494,-2.99955736378095
0.340905911924577,6.8360185873284,0.327794241122081,3.63958587214628,0.374977560565085,-3.02160620066455
0.341351596451654,6.78055691858483,0.328046383805296,3.57094191772882,0.374896406582404,-2.98304711445311
0.341798930118795,6.75972491775332,0.328316813337455,3.5565651699438,0.374818628084691,-2.99345972185387
0.34222341161282,6.68502073477805,0.32854448893661,3.52473848410092,0.374672686318352,-3.13438232924786
0.342655915206404,6.63844705801808,0.328619824579229,3.48238462653195,0.374577665108609,-3.12138142829861
0.343287700152222,6.58421249890434,0.329073586451296,3.46141234074071,0.37449715844835,-3.20853764351793
0.343687396238152,6.55980757096984,0.329143016513049,3.46771785101279,0.374410505886034,-3.12976681444732
0.344130952663082,6.49435796150998,0.329515693301492,3.4358037138988,0.374323222772824,-3.05615195323228
0.344562219598328,6.37592105548211,0.329780175308791,3.33414595898941,0.374239586873048,-3.05530242391981
0.344979692769968,6.3424448120047,0.330062706741402,3.30467673292662,0.374238250965041,-3.10155607811926
0.345003342076571,6.49242001512953,0.330336445169281,3.25374442165323,0.374153805056119,-3.16171654877761
0.345852063481206,6.40700837158803,0.330626345258336,3.26721650641973,0.374078117393819,-3.17873869301051
0.345868873005912,6.3558660842188,0.330915941408613,3.27327941611838,0.373993012114418,-3.22048594527725
0.346295728983648,6.26404753843222,0.331214346140577,3.23444185526154,0.373872898244886,-3.20714704769648
0.346901681520194,6.239833428768,0.331516503710217,3.14307801737274,0.373778471933843,-3.16387395140487
0.347343659495453,6.27125406277052,0.33181483220494,3.12841920835462,0.373686409167597,-3.11786342870691
0.347750039575579,6.25445704744658,0.332242412949468,3.09883337410938,0.373580266643745,-3.15399135476157
0.348188823582501,6.20611073737099,0.332524414442381,3.02203963057566,0.373489046829164,-3.18827682707535
0.348599024146661,6.17107417469138,0.332787386572169,3.00874582680445,0.373385818648713,-3.21410100783673
0.349039767438856,6.1177030125466,0.332870671195579,2.97725871371917,0.373298198789603,-3.25362243054995
0.349481374171517,6.06403113715286,0.333382232980278,2.99276334306998,0.37321685468722,-3.28128221537524
0.349900311583005,6.00572735875846,0.33342222039897,2.93603333088253,0.373137923697048,-3.36060940054282
0.3503220173108,5.99124022893752,0.333733305311948,2.8660256389432,0.372995108898377,-3.34446323479824
0.350947160943976,5.89142004782132,0.334033684218599,2.7912636414,0.372905750382134,-3.34735632993156
0.351400258743751,5.82149032032694,0.334362615908992,2.78233255165589,0.372810621180267,-3.43620780907116
0.351799372244663,5.6210226578303,0.334822125307008,2.80782544861674,0.372807978097333,-3.36143477035208
0.352215535959781,5.66859996272767,0.335129546106601,2.79850475544882,0.372717395502134,-3.34931424136079
0.352646206663701,5.50925723973105,0.335437180397029,2.77155682002463,0.372716625933877,-3.45448344851067
0.352667526978891,5.43660277611053,0.335759942369856,2.74298370168585,0.372547509006411,-3.35459168424827
0.35349907486222,5.39409387694609,0.336082060402516,2.56043821881977,0.372448108240154,-3.34928006514104
0.35353912550408,5.26366505538767,0.336399883174037,2.50053331258328,0.372361581650943,-3.3227159105815
0.353937706301364,5.30675787128096,0.336728059677938,2.49162991835714,0.372209688275421,-3.28817688888666
0.354374498369274,5.20444319244052,0.337045551572791,2.35897878371612,0.372109426144868,-3.26141589071782
0.354975632357709,5.19924016345858,0.337405353624031,2.17941518124561,0.372017683172116,-3.30278461937655
0.3554355057794,5.24112569895927,0.337873688082502,2.15358835553213,0.371919770822308,-3.25545584423774
0.355873770491585,5.1662442719034,0.33821469711119,1.93389496099225,0.371831619280654,-3.21773938885366
0.356246541720509,4.94091408441309,0.338499338228856,1.80452146790941,0.371725498474923,-3.24028529850196
0.356645288018551,4.82776205820228,0.338555328703044,1.71682611222808,0.371624484904064,-3.16237064552504
0.357087606794943,4.94099975359109,0.338835459528218,1.67078256115076,0.37153062143087,-3.25797852341069
0.357482472917337,4.8855786123588,0.338940872633659,1.53873939094667,0.371435497673832,-3.32337198544645
0.357924424388951,4.79260179288597,0.339538340738252,1.39964198475896,0.371435232706444,-3.24702263416383
0.358527514278698,4.63019821110829,0.339887354135719,1.47252059607024,0.371160238574706,-3.2283095297903
0.358970071630269,4.61072993272956,0.340244406781366,1.38421977034654,0.371157843876062,-3.16154968373017
0.35898248492668,4.64638222791446,0.340725626948806,1.31214638990787,0.371057446571436,-3.20820532050316
0.359748179623784,4.58100539492169,0.341080484328702,1.23146491415851,0.370946733055852,-3.25354192293536
0.359789247870785,4.48169654903072,0.341422205607904,1.151967515636,0.370843019067364,-3.16065897933109
0.36020547579545,4.45066409285969,0.341758658431937,1.05854229759137,0.370728521294216,-3.13914382011798
0.360617756689242,4.47228836656393,0.342109906017396,0.990357614344954,0.370622264755573,-3.09270662896252
0.361032712623703,4.29859900018109,0.342454766413128,0.996649694829347,0.370503561988581,-3.04927631554499
0.361458040326126,4.17175954528375,0.342812837844894,1.04099011190415,0.370395908718003,-3.07762973778779
0.36189140178411,4.25712990291212,0.343167952238826,1.03151637709149,0.370284698657469,-2.94947980754382
0.362508648489212,4.20609039041455,0.343561608968313,0.998358000063532,0.370173592358714,-2.95564337486828
0.3629168008054,4.17243987761258,0.344074321540867,0.954761525135801,0.369978128541017,-2.93084745147039
0.363336053877272,4.08092689145859,0.34437350341315,0.954549306738991,0.369857643266311,-2.85258519239661
0.36372331842645,4.21335523720693,0.344423690200193,1.00614300333465,0.369731187816478,-2.79854258424109
0.364103444407335,4.20249936255809,0.344802568049427,1.03460670470584,0.369613197854629,-2.80627565479757
0.364508913292489,4.16302939325875,0.345188812516001,0.997187112224418,0.369483303345769,-2.70039275724992
0.364919437415941,4.09837115988316,0.345540663304444,0.976459712935551,0.369367048316183,-2.72519109983433
0.365349567699074,4.05085092091725,0.345923589076413,0.87498304572722,0.369359926380652,-2.856033788985
0.365822206495263,4.02415936861618,0.346279059319475,0.842575102146017,0.369133158666092,-2.8198649875621
0.366229145083288,3.81975425377911,0.346694652229942,0.777766170872068,0.369126670003743,-2.81675341271961
0.36687963910663,3.759114552347,0.347234586793309,0.683781111975126,0.369001710673623,-2.88546230364155
0.366916814022335,3.65177633493744,0.347613629445148,0.62334285183593,0.36879552959122,-2.8915644763686
0.366916814022335,3.42397834179854,0.347991272322052,0.618155370781363,0.368667174260985,-2.90561229344809
0.367709613448544,3.28306600716402,0.348379765519889,0.685818587865442,0.368528826091102,-3.00233731506539
0.368121647572736,3.02760907423518,0.348769618784554,0.493183823568972,0.368390871957017,-3.04364242783221
0.368517815372387,3.25331957361177,0.349151866274201,0.31885855685627,0.368249260395911,-2.99632829129456
0.368927837153239,3.14740223377734,0.349539267965732,0.250868900552568,0.368122624197629,-2.92312515393386
0.369362619572308,2.87147621694238,0.349941458849487,0.269038463866179,0.367976357250372,-3.01713703413557
0.369752316576284,2.77309691012992,0.350335663376279,0.302479218601778,0.367831544260063,-3.15108967494764
0.370172818872791,2.4650298321738,0.35093288888469,0.28836727048407,0.367594188902142,-3.07676971148855
0.370574886210791,2.43723304635521,0.351264806453466,0.277583455500202,0.367448758370188,-2.96262400907486
0.371179574556305,2.17830798889298,0.351316377698286,0.112106484323044,0.367284640761008,-3.05909725864966
0.371596547997946,2.12174211189033,0.351679332437947,0.0663231634233683,0.367125889006208,-3.10101703336738
0.372005515579207,1.99013812337246,0.35209674481477,0.153918273704631,0.366966190441898,-3.09127669147831
0.372371943584382,2.04284372117634,0.352506099998961,0.340680580313981,0.366965503365385,-3.11994185897462
0.372814853971445,0.937290649838923,0.352898030480902,0.412357858466349,0.366805971079904,-3.11256547159343
0.373204093164792,-0.501542213685821,0.35329545257457,0.383947132510629,0.366664897389903,-3.06291756282741
0.373216524282837,-0.797548169457738,0.353694851594119,0.289105716003842,0.366504821254857,-3.08778975122154
0.374011187088392,-0.158777174400489,0.354099841684785,0.312324371144466,0.366351540606959,-3.07769478101144
0.37402700794137,0.574009443605746,0.354684616485219,0.407463131891537,0.366082406758205,-3.10314870008374
0.374368549572745,0.405335123958907,0.355087123690406,0.52889855142276,0.365910660816925,-3.16972073756044
0.374954729425038,-0.461777324073023,0.355484334121881,0.537278136680184,0.365741321742496,-3.12284716198394
0.375348423273502,-1.43131158578246,0.355892432336999,0.359902724947923,0.365560333817941,-3.13354609540658
0.375745919222194,-1.82550742707229,0.356270254777757,0.203297533163167,0.365377544334957,-3.22097187426105
0.376101125432733,-1.77907386438208,0.356676420159979,0.0720150413179035,0.365206791598733,-3.19899104281319
0.376479174623912,-1.32699958896666,0.357092842193009,0.105820985681539,0.365044607348312,-3.20547201565613
0.376867304565914,-1.13142180221512,0.357495964623679,0.161164176379367,0.364872895423684,-3.11978626150781
0.37725460179818,-1.18894807547198,0.357821834805646,0.13212253617338,0.364680503311268,-3.13024438294975
0.377638278779041,-1.47501271633387,0.357963828794042,0.026222081837048,0.364409542369195,-3.07433379069262
0.378230180650774,-1.67719503485781,0.358850341496464,-0.0215031968523018,0.364228205187233,-3.06547486922351
0.37861147770497,-1.65881369306864,0.358923342766935,-0.0742260583367471,0.36422500322137,-3.03962556125175
0.37899931143366,-1.53469647849509,0.359320526944078,-0.0623724590157866,0.363825837899704,-3.11931800171534
0.379369625544744,-1.43935111892323,0.359704166954637,-0.0211262159654728,0.363811741281544,-2.9867335435352
0.379737579711553,-1.56523828357185,0.360090763446635,-0.0602940665261984,0.363624368284013,-2.94145015206894
0.379804961908553,-1.52202552822806,0.360500683459751,-0.0589435882402316,0.363427781336628,-3.02292780169819
0.379807791492485,-1.63514008600512,0.360902386916088,-0.156702064266557,0.363255648545375,-3.0020448610294
0.380469574766147,-1.77218687145842,0.361333930961734,-0.130912344475884,0.36305609022469,-3.03090072507234
0.380864718879799,-1.79622790948027,0.361736430907462,-0.147073205912033,0.362849728534339,-3.1124619549146
0.381247317075237,-1.97509813329814,0.362139996319327,-0.150983496072746,0.362526876226698,-3.08071574554341
0.381823919824516,-2.19018124447626,0.362553865196366,-0.116237574658368,0.362322991952535,-3.09346726838937
0.382195783330994,-2.26840695287562,0.363144677244507,-0.177963245159878,0.362114984990561,-3.18457560995714
0.382579698063514,-2.39610157849171,0.363495328417213,-0.315294343578165,0.361891013186117,-3.10649345974018
0.382948162345015,-2.27396643823631,0.363913662802814,-0.265542001755436,0.361676816920419,-3.21931442884819
0.383273454956285,-2.36544173066731,0.364323371658296,-0.271848955918237,0.361467141791601,-3.27559020918663
0.383643568778365,-2.49047774523821,0.364692393792224,-0.155025087963097,0.361242099825571,-3.30955998792799
0.384020262102171,-2.61263772720623,0.364801527146593,-0.0866877471197265,0.361237340865824,-3.20612164720908
0.384384035597106,-2.62536926818478,0.365485784720374,-0.158732670063743,0.360856016084358,-3.18344729700821
0.384736280749031,-2.71526086810731,0.365540160991996,-0.187897964453373,0.360840558374504,-3.13293987296952
0.385110334755785,-2.70825765796236,0.365944830497618,-0.236214875672626,0.360497005402543,-3.16753690712141
0.385687848681223,-2.60559750755261,0.366335173769823,-0.337725784171034,0.36026105681242,-3.22160668403392
0.38605392004161,-2.63639427987286,0.366735767022763,-0.280451645337902,0.360052242744303,-3.21949567037713
0.386428888641403,-2.64312412485689,0.367120155730863,-0.198729756977121,0.359821654535975,-3.18252181740483
0.386448371448525,-2.74830101595604,0.367681524152942,-0.0961130096522123,0.359594692987238,-3.071631389462
0.386786208548187,-2.9226377623596,0.368063182444601,-0.0860753625950326,0.3593656885177,-2.98731510411601
0.387123895918299,-2.88235382343635,0.36844686024979,-0.174491826027823,0.359153710314999,-3.02065139475217
0.387478705867889,-2.90742516962378,0.368819982448632,-0.257409406171539,0.358928911246861,-3.04864394505871
0.387841893775005,-2.94928702988715,0.369175608252849,-0.282084420185838,0.358707993670962,-2.99024379368683
0.388219011470242,-3.04017475297796,0.36955856968278,-0.236042106106644,0.358501452016723,-3.11364663326194
0.388568241519108,-3.16694329913146,0.369933905667806,-0.30159853184738,0.358136609363098,-2.9815850441716
0.38910643747341,-3.24318653123137,0.370306443446149,-0.318594293887977,0.357896571595009,-2.93388212689667
0.389484736399046,-3.46244450954967,0.370697215233316,-0.614358069953277,0.357658253822314,-2.99871332364124
0.389810728111817,-3.4071118584442,0.371228185413289,-0.620595071563125,0.357425885384562,-3.06377474871189
0.39016959653072,-3.46525815987416,0.371556388013708,-0.603033672388967,0.357198897175693,-3.15152763826538
0.390490122070011,-3.62483609943119,0.371659018835311,-0.534253820615751,0.356955013174669,-3.14566970719984
0.390828448342733,-3.9675285959022,0.372288983246034,-0.517749215576837,0.356955013174669,-3.09859367191289
0.391184219440017,-4.11787401201449,0.372343825247027,-0.704940882643935,0.356718420755794,-3.03872149679477
0.391508213836668,-4.15502505703109,0.37272737562071,-0.768988727781608,0.356488769962529,-3.07176102049202
0.392023182931474,-4.20523233673114,0.373069357143283,-0.790731787403094,0.356282516085949,-3.08560205801602
0.392384424280834,-4.07446248376637,0.373408509299099,-0.627289069670965,0.355923154872063,-3.09609161717668
0.392400979034937,-4.11292555676052,0.373762862767153,-0.474774270872999,0.355670053625869,-3.01038322549049
0.392713827934518,-4.21102641352722,0.374115638378678,-0.380591685897278,0.355439271267615,-2.95506995176323
0.393035258826963,-4.24382315428369,0.374621332181519,-0.481999436530814,0.355193312185566,-2.92815374546252
0.393361524142348,-4.41861442244742,0.374953574594756,-0.473014339061721,0.354955382380603,-2.82533769502688
0.393727121457931,-4.48828229807546,0.375313763956039,-0.607081032161439,0.354708827226784,-2.85056755472026
0.394011707534779,-4.25935326221113,0.375665309723708,-0.488163271218311,0.354470071247152,-2.88526992487102
0.394317043497694,-4.26207877299558,0.376024350392968,-0.375888169881111,0.354219413483157,-2.86047166918723
0.394806095859875,-4.38776086956165,0.376350496149116,-0.382155507909301,0.353891838016877,-2.84170041788514
0.395118489439129,-4.59052368283741,0.376646458037921,-0.386320936745733,0.353639759694257,-2.96624016822395
0.395429204167001,-4.85239207000973,0.376756289983838,-0.409046914677219,0.353403977135689,-2.91035173104951
0.395729214515883,-4.94050266268361,0.377494051180118,-0.383797876702555,0.353146822521396,-2.99992851561752
0.396038805494807,-4.88011647488253,0.377537990652891,-0.431551103166679,0.353143319581619,-3.00380545758901
0.396341314630494,-4.77921684275295,0.377846711705254,-0.446706504086753,0.352660353811497,-3.06584108091463
0.396660126945783,-4.87657241493301,0.378171096891117,-0.534597288565197,0.352656755333286,-3.11208665728402
0.396911189806486,-5.08715262600211,0.378519785737257,-0.575217074591237,0.352422985491041,-3.24619154254476
0.397191294051614,-5.37877764163156,0.378819874868073,-0.541376378417957,0.35219405342271,-3.31995258740642
0.397205374310393,-5.34653980311165,0.379130867532222,-0.600759329547637,0.351819666420339,-3.24345475380341
0.397894134076895,-5.26908388269893,0.37946219257881,-0.615912012519387,0.351597601077987,-3.23836956622082
0.39793918154809,-5.33890565423701,0.379759693739833,-0.642636942731539,0.351340774244067,-3.21977837758995
0.398198063682983,-5.31977823981714,0.380094918321489,-0.664499552910751,0.351086030437803,-3.23755576460858
0.398468062818006,-5.46353333206937,0.380535636247358,-0.737409148223497,0.350843730867878,-3.2730502204415
0.398725127982601,-5.55162785182264,0.380820881331731,-0.718689943862007,0.350582866357298,-3.25314458523516
0.399003138421718,-5.56314978497394,0.381133491991241,-0.585259705429946,0.350345521782981,-3.31663420781523
0.399258342547056,-5.63506046090794,0.381441962034847,-0.723179938294699,0.35009572706435,-3.30721585177452
0.399540619246015,-5.75948946398455,0.381715553952781,-0.706993461897545,0.349839098456617,-3.32665188100594
0.399743981424574,-5.55599985969268,0.382037074947639,-0.76737947544505,0.349460505834884,-3.37859313906935
0.400126551090145,-5.67624039377777,0.382266125827961,-0.759350974327085,0.34945992268875,-3.30549129646822
0.400383148834177,-5.68533635731865,0.382318614376818,-0.638846988297487,0.349456407774147,-3.40979231984876
0.400626690769115,-5.7246552601097,0.382607532332766,-0.547620104225661,0.348951285825086,-3.4719423076626
0.400857388113759,-5.79769121307628,0.382938852743884,-0.596069171980494,0.348722947795899,-3.52057407800619
0.401097303585843,-5.86069774259924,0.383310325872547,-0.692513793457049,0.348492057405039,-3.5546733494643
0.401330350623038,-6.06729393621784,0.383604530796942,-0.856784596627304,0.348257060836088,-3.56886943173646
0.401591576502913,-6.12473641009832,0.383904617103202,-0.90675105959005,0.347987636465093,-3.44501205708872
0.401596800809424,-6.00804213060202,0.384184540182211,-0.913294581364822,0.347734500306988,-3.4682323826306
0.40182621166238,-6.0767730108238,0.384462200167308,-0.946050626830998,0.34735870678162,-3.51678179839717
0.4021528330609,-6.16772289661468,0.384746697628934,-0.90194706973658,0.347095772919286,-3.69005843003418
0.402357185967064,-6.20228295710318,0.385026024094151,-1.01846211139347,0.346844615548352,-3.71765809214676
0.402587154767834,-6.16226177310894,0.385287548904369,-1.14161391477797,0.346630461714286,-3.65912535090073
0.402816557989715,-6.18353349159159,0.385583379564468,-1.30335632266846,0.346356849836776,-3.51084971144243
0.40300803736376,-6.17960450263123,0.385967568690755,-1.28916349573558,0.346116760003704,-3.53965234504766
0.403212941329099,-6.23487496364973,0.386235927230366,-1.29492013842074,0.345874540890283,-3.56148355322061
0.403421176758225,-6.2429383460747,0.386457960961843,-1.26816590188075,0.345605985538747,-3.5845032095694
0.403635607949074,-6.23760020607039,0.386530632177037,-1.34970373791831,0.345367071152552,-3.53107172017622
0.403845751510986,-6.25877208558942,0.386964787290807,-1.4620178574235,0.344969540926898,-3.5363994366784
0.404133562844301,-6.15956257075086,0.387007750844109,-1.6067713543514,0.344968288756299,-3.46031058256017
0.404305760981292,-6.12285114855325,0.387257869939246,-1.71255845508706,0.344727160272454,-3.46181797885062
0.404490180177937,-6.11428606994964,0.387532131692043,-1.74025402469668,0.344475411783294,-3.49256976470313
0.404682089388094,-6.15525769930608,0.387769532875881,-1.59821830640227,0.344208817673959,-3.48724902440001
0.404852934643324,-6.20425572372406,0.388049086260144,-1.5910012981671,0.344002753448124,-3.52056498031433
0.405024802948836,-6.39631888417602,0.388433653512172,-1.63269555499616,0.343755481427439,-3.50823526814595
0.405194090183318,-6.36233275081141,0.388695598187012,-1.67335041292239,0.343481837289781,-3.4683448706716
0.405207233981469,-6.36592864540844,0.388954828362995,-1.92744324190508,0.343230942353603,-3.49629406502216
0.405521649460407,-6.31354811956133,0.389161048511385,-1.95781063624481,0.34296767204516,-3.55992165640637
0.405542760188672,-6.43821155671142,0.389410594431461,-2.02331026794312,0.342734639276329,-3.62268383333996
0.405699563558474,-6.51662729459218,0.389665096498299,-2.00102688580594,0.342338822112397,-3.53430163060873
0.405821604150199,-6.6440063718747,0.389919331301293,-2.11390611364034,0.342075083040247,-3.52212735144673
0.406050923164815,-6.74500808200492,0.390138924225784,-2.29875994727838,0.341841424079994,-3.48214430092043
0.40620629229531,-6.70851771301143,0.390408023785738,-2.40254402792274,0.341568167296409,-3.45398209019449
0.406347521007834,-6.65301396317385,0.390737548520459,-2.455827596845,0.34131248991067,-3.4212302521263
0.406488207346054,-6.68406432069847,0.390804002738821,-2.53673611743399,0.341058406706725,-3.4494326337982
0.406619092482407,-6.70375740209115,0.391185065012605,-2.64867805462068,0.340813465542224,-3.45859051276147
0.406743606803616,-6.69321450858847,0.391217044454411,-2.65497601962414,0.340803971169678,-3.39514698908748
0.406867318769957,-6.64092631514456,0.391443490535028,-2.67048514405116,0.340299675729662,-3.29290216308335
0.406989943280153,-6.65849613333175,0.391686048880092,-2.70775028298188,0.340297402926145,-3.2472487109305
0.407118308770251,-6.726408861411,0.391925992077676,-2.76794247902905,0.340049658668661,-3.14350378760892
0.407206229195854,-6.49616110563709,0.392163616250601,-2.82278251233162,0.339804944520808,-3.17980139313259
0.407321510330124,-6.57379269741207,0.392411922094224,-2.88925994122064,0.339423907031959,-3.13127205980824
0.407507830221387,-6.60635602639696,0.392736718342817,-2.95930335397924,0.339180720912051,-3.15523904889139
0.407512986203776,-6.7257687241303,0.39296693600196,-2.97178714471598,0.338909117308817,-3.03437344671434
0.407696311875138,-6.89373438151566,0.393164215180829,-3.02320730288672,0.338667518195628,-2.97803538851817
0.407707279906876,-6.96870136282756,0.393390706355384,-3.08344426795686,0.338418756236927,-2.8691353151193
0.407796470210739,-6.92479717751621,0.393617207555539,-3.08857246402464,0.338158014509601,-2.76993900252332
0.407887187066986,-6.98070940173215,0.393839147003927,-3.2466859080973,0.337890783998491,-2.80290090276436
0.407976121244331,-7.11317055696366,0.39406580860149,-3.29982607635551,0.33764205421163,-2.82003791466908
0.408060838936184,-7.24978204876619,0.394273986604704,-3.39042217054376,0.337375374547086,-2.78638309054788
0.408142163282251,-7.3893300959653,0.394486552652483,-3.31086329068165,0.337019454729882,-2.70286053699364
0.408263234990362,-7.29812769856687,0.394663172389103,-3.24369706106458,0.336734523412305,-2.60799632466367
0.408337110717624,-7.26830839268571,0.394725563587464,-3.37989303638133,0.336478961011908,-2.50945141674208
0.408406021529341,-7.3753579736674,0.395191777827608,-3.51179941842345,0.336214123192122,-2.45200003231157
0.408469770817193,-7.34687147090201,0.395229655329289,-3.55611784379697,0.336212396698094,-2.44779390153466
0.40852552551662,-7.28795102393915,0.395440616984416,-3.55409210746713,0.335696913671619,-2.3959788474135
0.408586049998651,-7.34245385727178,0.395650227161015,-3.49923299917585,0.335694274719448,-2.3379909879842
0.408641534637673,-7.26306980590869,0.39585290704304,-3.39384050436497,0.335453132719877,-2.28227076429022
0.408687141224002,-7.30310902132855,0.396052275121598,-3.44501421138988,0.335202236498122,-2.21118277754892
0.408737953574461,-7.45254744508734,0.396246005918125,-3.47382226090843,0.334834982521351,-2.19645643321084
0.408816931301735,-7.24720803624013,0.396455182951793,-3.61033254927854,0.334591886569793,-2.13220616244484
0.408821702565448,-7.35544810815515,0.396652561761488,-3.56513487306813,0.334329540721321,-2.0389361598647
0.408897493867127,-7.44086519957901,0.396876263261024,-3.40538510975533,0.334074253860877,-1.99294859422568
0.408901878839646,-7.36068159524089,0.397150193269839,-3.37766425507766,0.333804794466318,-1.97142799631649
0.40893643438286,-7.50846325292377,0.397356348065286,-3.47100257853857,0.33354506496122,-1.99592493749399
0.408966143425008,-7.62486632158727,0.397563045781552,-3.42480743609682,0.333289744722462,-1.91238881161628
0.408996445568272,-7.64179551548802,0.397734184466297,-3.51289671608016,0.333033874623305,-1.79438819962388
0.409024356243526,-7.62344168336263,0.397783894042871,-3.51568098997591,0.332798169823333,-1.7097352851585
0.409042895339956,-7.57653319222063,0.398125390169229,-3.61278107812886,0.332409573423778,-1.71637917936819
0.409076418248072,-7.59009791718267,0.398151083547405,-3.65586417241036,0.332399308109878,-1.71689069271161
0.409090105379459,-7.87789515288316,0.398349483252923,-3.61928471412477,0.331872790262421,-1.70717605067079
0.409096724902262,-7.81209019174032,0.398563350953277,-3.59528015899339,0.331872790262421,-1.55191732383689
0.40910601969875,-7.79319117611761,0.398854750443151,-3.70378652186126,0.331632540098369,-1.52070153050931
0.409110952105181,-7.72427356291804,0.399039522103592,-3.68227452483008,0.331333526646226,-1.50730601342903
0.409114183985763,-7.67493213714976,0.399223785630877,-3.78099717132325,0.33107813299218,-1.51660043170678
0.409118747083923,-7.57516545021799,0.399412364805154,-3.79200991273859,0.330822465270872,-1.47319344570694
0.40911881648525,-7.60494414547034,0.399602906428376,-3.66860569128278,0.330556094958928,-1.47132177093289
0.409119529808905,-7.66993917530857,0.39979087362409,-3.62459436108136,0.33028970844393,-1.49651543565328
0.409119567917457,-7.70192430624125,0.399982228043972,-3.6780911594663,0.329933649838047,-1.51449493007886
0.409111265249597,-7.77939159382623,0.400162778877201,-3.72208654638121,0.329656216600291,-1.47989449007971
0.409098971725753,-7.60262623227642,0.400350772952118,-3.71341643438734,0.32939485250753,-1.48223347936768
0.409079920629906,-7.73185221107367,0.400565213708323,-3.66728512242193,0.329121989993714,-1.43958249873357
0.409065567464287,-7.74870286283622,0.400796178876366,-3.54223171878058,0.328867152088104,-1.36643288794134
0.409048658887234,-7.91388635218509,0.400980043886319,-3.45048641348359,0.328584863785728,-1.47555388706596
0.409032932191848,-8.11916023917523,0.40112632224755,-3.44889685474531,0.328288378765738,-1.54090195784634
0.40901513613953,-8.28796915815177,0.401154413910516,-3.44819101795487,0.328023960454427,-1.46685171770053
0.409001807338762,-8.39131769623402,0.401469612043085,-3.53926221121138,0.327761660968711,-1.43919692958847
0.408987657489713,-8.44688585004016,0.401490234359649,-3.57101981429613,0.327750386800574,-1.44933547529384
0.408963445418337,-8.49280722708058,0.401667368983235,-3.5829728533434,0.327237754369494,-1.42282881819883
0.408942775359263,-8.58559655694984,0.401849783170726,-3.59325460670486,0.327219740600403,-1.4523506315489
0.408925759801879,-8.77295924801954,0.402018730327284,-3.62273686758044,0.326833784005333,-1.4501122613635
0.408902866813959,-8.86787874503713,0.402182405708593,-3.6031978861113,0.326552766520205,-1.46913013560321
0.4088804930507,-8.89604284217434,0.40241572212641,-3.71545249159376,0.326279500055149,-1.35210552379094
0.408854622851129,-8.83834674768109,0.402569403117076,-3.72607322919405,0.325996560170735,-1.29053929935856
0.408852127492453,-8.88296685461675,0.402716396447502,-3.63677602779272,0.325740802084984,-1.26070713844655
0.408797612089716,-8.85694193504148,0.402867186295433,-3.54010156048416,0.325470119017696,-1.12701943062883
0.40879384326467,-8.83370158592516,0.403021754095942,-3.51056667416948,0.32518844901337,-1.16743477978245
0.408770275771044,-8.80473181250163,0.403185283105329,-3.43647375488887,0.324931600460767,-1.15838155064444
0.408723421854306,-8.86499266568811,0.403332786810664,-3.48970452996293,0.32451323626476,-1.05428891863947
0.408689365235883,-8.90909705641492,0.403444409544273,-3.48526789506853,0.324231275630576,-0.99828672718571
0.408651937256766,-8.75505627880378,0.403479394157199,-3.39627226869736,0.32395526740191,-0.926429048898468
0.408616666832513,-8.7780333184567,0.403720438542999,-3.36027026559196,0.323675023036977,-1.00697953394692
0.4085779621273,-8.79194132936739,0.403743019125003,-3.29818787873157,0.323399365412687,-0.949580115299443
0.408537753225279,-8.86560464903381,0.40392554495521,-3.2055670425449,0.323121243854318,-0.922126333209732
0.408493166096008,-8.93136262071229,0.404055214547809,-3.25785276317918,0.32311142015154,-0.88930674421395
0.408447750842255,-8.93157603515937,0.404189759194219,-3.31995416810366,0.32310717489862,-0.839710428012941
0.408399362700725,-8.92789162495234,0.404319125129083,-3.37713849984766,0.322605599275559,-0.873233779494647
0.408349406765993,-8.89126822948861,0.40443375480185,-3.30824286708318,0.322307096638181,-0.841438569128473
0.408273366245615,-8.91453551209356,0.404549382191426,-3.29743699715836,0.3220479417897,-0.91805516908841
0.40821971309021,-8.88804380417909,0.40465195601936,-3.22128706771232,0.321628599144004,-0.886291524741344
0.408166477488469,-9.08582904616074,0.404761226501404,-3.21900089463583,0.321360126331343,-0.85116496888092
0.408162666806083,-9.02774408667891,0.404853643273647,-3.23136680324061,0.321079579540606,-0.901615433643255
0.408109164034495,-9.0343007902665,0.405027651771743,-3.34988451022708,0.320822369570713,-0.843108991977375
0.408052455408636,-8.92012810181469,0.40512330422174,-3.4473556432829,0.320549301931176,-0.849497136579066
0.407992504463818,-8.8643452915381,0.40522326156581,-3.45466165021548,0.320280565922421,-0.869399266926346
0.407932911744218,-8.80946335325735,0.405316045313627,-3.4147761665818,0.319991194709625,-0.812349455147034
0.407868880440499,-8.7767392611508,0.405402938393956,-3.29780881497652,0.319723261681967,-0.799613755079399
0.407765778802774,-8.75326817723747,0.405494614720542,-3.24523666197266,0.319453065117842,-0.893398301631241
0.407695239649898,-8.74318157127153,0.405585799676343,-3.29151100550595,0.319201639725537,-0.846751256069913
0.407629185137498,-8.68638229011121,0.405636330170011,-3.29901462182216,0.318933293946545,-0.716464618619766
0.407555616642373,-8.53711163500225,0.405662372475918,-3.30551163965114,0.318538690091227,-0.616620001489242
0.407480655601482,-8.5803070111795,0.405739431539262,-3.34177838264823,0.318529647400756,-0.58396516475774
0.407410801182933,-8.62608938348081,0.405819453822469,-3.06487593813213,0.318007032597178,-0.498611492756498
0.4073311763075,-8.64918322518026,0.405884669399667,-3.02630802610132,0.318007032597178,-0.504328878231171
0.407253457520118,-8.71204489202214,0.405960393928112,-2.99318603731567,0.318007032597178,-0.508747304390299
0.40717223419108,-8.77436439381076,0.406051592264235,-2.93125878146792,0.317482332051448,-0.508250519379784
0.407053610044659,-8.7414838957069,0.406109008138657,-3.04554526081837,0.317204513592166,-0.451722033967833
0.40696742299621,-8.79930154573425,0.406165020084108,-3.08004158692592,0.316946065763114,-0.433244200965887
0.406882707548543,-8.68788264072846,0.406218769207943,-3.12440957262317,0.316711489727766,-0.344423915557619
0.406877282707338,-8.64010730790885,0.406268027172857,-3.09741037638619,0.316454975589336,-0.341394247520838
0.406798264580322,-8.95391293947631,0.406303642203848,-3.10923393294961,0.316206969055491,-0.294486984035441
0.406695290009164,-8.89550289083802,0.406344689989245,-3.04469573347759,0.315952121153462,-0.21952125811719
0.406601622538051,-8.78507743023573,0.406386432290616,-3.19051675299599,0.315573005969481,-0.151513658204034
0.406515179146131,-8.76833926251879,0.406422934685311,-3.17555770420793,0.315332382017037,-0.143695043147181
0.406422416341914,-8.76464992693092,0.406452801390325,-3.24954081027757,0.31508707275999,-0.177165753608984
0.406326998137955,-8.75129523079175,0.40649529304261,-3.17010770633911,0.314841638501286,-0.178602104829686
0.406234497938205,-8.68440372697881,0.406510399945965,-3.09015188923148,0.314579459007391,-0.11945650091619
0.406066745339429,-8.68082887753064,0.406511676436833,-3.05592689732918,0.314331654282427,-0.0586394783446769
0.405965283363523,-8.58638004135137,0.406525360263181,-3.00159852806622,0.314092403471905,-0.00780111061303645
0.405860373511018,-8.54912130108111,0.406539084705022,-2.987509740539,0.314088555866446,0.0220556674494723
0.405754940922733,-8.32187575848181,0.406549680987794,-2.94836039064378,0.313643310210648,0.0451023899649445
0.405643502400773,-8.36422159630865,0.406550635211821,-2.92571658413563,0.313629771364258,0.00754794256310243
0.405535279269321,-8.30293602387548,0.406559012152042,-2.84248433902976,0.313273081377361,0.026308702577494
0.405421403974074,-8.39670947173901,0.406565725479503,-2.75519617990536,0.313040044417524,0.108879431634416
0.405413944215423,-8.42921885423464,0.406565737864778,-2.78440958012738,0.312820312243759,0.152997429734581
0.405206613029224,-8.47356156344836,0.406564955610928,-2.78855044756716,0.312574477620349,0.199764312716656
0.405200194937032,-8.49685550688599,0.406563526666411,-2.87387852898499,0.312339454172658,0.245790478206274
0.405018451451101,-8.45170567585902,0.406555737793646,-2.93250151812513,0.312126106421827,0.23088186917025
0.404888113391511,-8.41081495566438,0.40654765879132,-2.97315329802465,0.311908580801478,0.287171207116628
0.40477068429804,-8.4501362642464,0.406542400556049,-2.95515169175338,0.311682093968362,0.298559207240059
0.404641568867337,-8.49589924323832,0.40652982984298,-3.08418260545178,0.311373235043977,0.270498178854247
0.404519924618728,-8.56711769641833,0.40651658061642,-3.09542682789,0.311148152576884,0.303339062831382
0.404381385987158,-8.54006855145848,0.406502640396057,-3.16626166637615,0.310950504263429,0.377453613746786
0.404264611703853,-8.45665630366367,0.406475859533108,-3.15926673914009,0.310717756304136,0.316767638606024
0.404128869751102,-8.32556435444477,0.406473025054179,-3.26394216888371,0.310516566726598,0.320112558232661
0.404009275898527,-8.23182042952496,0.40645292630231,-3.16776698195541,0.310298194753697,0.323216927543656
0.403875760433577,-8.2239104703538,0.406435076523673,-3.15757301323257,0.31010359599464,0.352791350582847
0.403655868794213,-8.24529383919395,0.406410751422397,-3.09137381432762,0.310095220387978,0.407481001273304
0.403503213497122,-8.2699738822904,0.406381844921325,-3.1775118166459,0.309898716642062,0.424825400967939
0.403351146632724,-8.22983618787612,0.406355113209549,-3.18505269379853,0.30988865146956,0.418302128003537
0.403207850773667,-8.07713643310644,0.40632601343665,-3.19268814646553,0.30951678879705,0.446430993477074
0.403199531279178,-8.14001545044201,0.406295441520096,-3.15871259738621,0.309233575911817,0.422180517662839
0.402932090587133,-8.1501469969934,0.406258433817525,-3.15079122592596,0.309042798656911,0.469445380548843
0.402916503170755,-8.23849342139864,0.406216020284968,-3.05802166420568,0.308843960564958,0.455783667866077
0.402780674533921,-8.24806977017739,0.406151425954752,-3.04702663987793,0.308647737169313,0.479606047907459
0.402620549585026,-8.22657571814912,0.40611203611667,-3.08733649126775,0.308470344120411,0.437450189625247
0.402477609259042,-8.20839815320293,0.406067496252885,-3.17689403919886,0.308295085354611,0.472296805989084
0.402319898019554,-8.15697119405258,0.406013151229395,-3.19768771132667,0.308110986994345,0.397561131109047
0.402149459651273,-8.22620341490742,0.40596127797772,-3.19417242018984,0.307929957439428,0.444743431309215
0.401906687386394,-8.16057839149527,0.405922294502736,-3.15224556343312,0.307747895986957,0.531576667738543
0.401715479527788,-8.29591957215186,0.405905876338835,-3.24030129999334,0.307501568384466,0.569578995642824
0.401538229203333,-8.17491847254628,0.405811047327424,-3.17342446337375,0.30732685929855,0.571183902704776
0.401366095156019,-8.20787918340282,0.405796656304993,-3.23763479523979,0.307325687987065,0.49928053567314
0.401224568288198,-8.193912410004,0.405701378549377,-3.34013593549333,0.306997380982437,0.458131359915906
0.401061938885726,-8.15839045698491,0.405633959342113,-3.27354280435509,0.306992653420665,0.436798564445012
0.400885887643833,-8.09770806225521,0.405566600968296,-3.3278366512364,0.3068323999048,0.456948632820203
0.400698840040913,-8.06728815378217,0.405498063335801,-3.23504027745975,0.306686783268935,0.471666885005106
0.400521750320725,-7.97916675469889,0.405421576189766,-3.17530331855354,0.306531572165981,0.481466105942732
0.400237657399544,-7.99814496094721,0.405351960087999,-3.13743846416218,0.306375443582193,0.473894715932603
0.400220283958419,-8.008205085753,0.405289411911322,-3.12881401485548,0.306210969034633,0.456712476724397
0.400049262607138,-7.83025978159566,0.405222445508706,-3.13611159436632,0.306054100061361,0.484986095769134
0.399853791223502,-7.81863329954582,0.405139562546738,-3.15316450068801,0.305908307529229,0.517249250405442
0.399670422898275,-7.7780612247167,0.40503071106431,-2.99307666642992,0.305703012514698,0.502443975458629
0.399501007408012,-7.74177870918844,0.404953095792924,-3.02310659136121,0.30555902042562,0.477599889437097
0.399315611043757,-7.80518651152087,0.404865827154226,-3.01970994046039,0.305421145463829,0.455547405106802
0.399120639510489,-7.83046054248618,0.40477806425219,-3.04785609282012,0.305287570650385,0.42944026279519
0.39892439032799,-7.71827195763489,0.404709325925209,-3.06819316851128,0.305155316515939,0.493208256005824
0.398614521436769,-7.71071351164998,0.404695965306726,-3.15660979146676,0.305027620118778,0.476931650957005
0.398414958286594,-7.651881516491,0.404603365744823,-3.14573571474293,0.30489433923289,0.637289817879006
0.398200941948721,-7.73569457483563,0.404520483399374,-3.17326890368764,0.304767992661082,0.572249032863451
0.397989328717798,-7.92863209092177,0.404432972805181,-3.20984983780516,0.304765432618713,0.562742751466616
0.397796235614793,-7.92764482062516,0.404357832884925,-3.23592654299016,0.304645934253951,0.632376158654705
0.397613974889565,-7.79401321906477,0.404252579752388,-3.4658602627565,0.304462454196861,0.704365933306238
0.39740607131028,-7.79271986426749,0.404106952451109,-3.48123993193297,0.304339379281867,0.752936518170329
0.397395789189264,-7.7560421822297,0.404003877465293,-3.43671038216791,0.304222410742702,0.775991012181221
0.397198082283703,-7.79812948676965,0.403901585163405,-3.37703444747143,0.304104900302341,0.844728953330022
0.396858889092675,-7.75445806001033,0.403801788850697,-3.26046408163419,0.30398945439448,0.810956425354644
0.396631732648396,-7.83483375122273,0.403701450062028,-3.1986825393898,0.303878902605983,0.846052289659631
0.39642362712361,-7.79570272112314,0.403604050557329,-3.23253763165858,0.303775002776979,0.84501066574467
0.396205638949672,-7.84594198761792,0.403513467099406,-3.2561157056201,0.303673905132978,0.855622734729133
0.395990890335771,-7.65689795807091,0.403411242216133,-3.31840180427718,0.303560321000458,0.892798992256529
0.395755352927914,-7.63723659321584,0.403312854966028,-3.36330854677556,0.303428118900902,0.910579621368932
0.395567636268337,-7.62236243514055,0.403216303360904,-3.27018455696395,0.303333203294376,0.894109564130005
0.395355369735897,-7.7459033475823,0.403046932823361,-3.3791008775645,0.303239324499424,0.913196827665311
0.395126560192804,-7.73353177852702,0.402940196411321,-3.34294990957371,0.303149060698687,0.952300934854963
0.394766985593778,-7.71912958973167,0.402925376787773,-3.3813205686337,0.303052606266692,0.977848221254652
0.394524612357299,-7.63689164322157,0.402817855710707,-3.46409270072889,0.302958147471341,1.00896285074415
0.394288151319853,-7.62673990960992,0.402788703698736,-3.51389234587901,0.302954620009848,1.03218814995167
0.394038491148532,-7.56015972781669,0.402594576174826,-3.68191245997593,0.302869599534428,1.12637519152691
0.393855877385131,-7.72886289586927,0.402476986665006,-3.67387081979427,0.302779466834767,1.09075808911081
0.393617356762377,-7.8370520469125,0.402370200555509,-3.77602758989454,0.302685721297335,1.19364963937641
0.393394299669762,-7.79221812211683,0.402254495403497,-3.72593284917155,0.302571831741618,1.20133467199161
0.393379912225182,-7.75875602325026,0.40213887907553,-3.88630334648417,0.302490787879756,1.25581163689407
0.393148692922141,-7.75070785003261,0.402006904448719,-3.89574145772232,0.302414521363547,1.28793743265574
0.392886242982219,-7.74797147010555,0.40183260895462,-3.87141318435225,0.302336765400033,1.32674135619127
0.392528125895505,-7.78554450439527,0.401715131440506,-3.89237551790101,0.302259893985047,1.34813660198614
0.392266636110131,-7.81761767859863,0.401595164380569,-3.85425678998076,0.302184663070971,1.37935974975641
0.392012828760996,-7.85685748985851,0.401486706249079,-3.81626857103615,0.302114469204159,1.41414430146919
0.391769842126752,-7.84341151143954,0.401368164098509,-3.80658694400333,0.302039229068698,1.43826726145428
0.391547360304112,-7.83506156440785,0.40126368631678,-3.78671182299105,0.301955255274934,1.51608690876861
0.391303651511106,-7.62119520719888,0.401230378025923,-3.79218385610354,0.3018871922338,1.59575016212382
0.391060933058674,-7.61589603040891,0.401025044432866,-3.8035804174167,0.301827079182754,1.623654741749
0.390798355346789,-7.58417332011849,0.401000134427776,-3.75198127607516,0.301826690922799,1.61903223733024
0.390535363008923,-7.58632652257734,0.400799665918013,-3.69566942379614,0.301703957976201,1.67192572415629
0.390286167475337,-7.68467603617224,0.400670144338582,-3.71042503980992,0.301702284036235,1.66335939410438
0.389869529000997,-7.59450971985853,0.40054335955531,-3.69136055587672,0.30163817329976,1.67857951841793
0.389604692800183,-7.48902030710118,0.400425526025469,-3.84756033403025,0.301582274361551,1.7581647907434
0.389282136161356,-7.43730627017265,0.400293977658525,-3.85438952282662,0.301513072879226,1.7588087569994
0.389074134107943,-7.38593203904569,0.400160626489557,-3.82545629689901,0.301449046874513,1.79422471156799
0.389062900095489,-7.37052589193368,0.400025679470788,-3.81089118495564,0.301400236264897,1.85552990680024
0.388822118070145,-7.4904106614786,0.399883351403948,-3.86033418820637,0.301348572077614,1.88826025061225
0.38859287523545,-7.50045923040628,0.399675738354527,-3.91392808440924,0.301304805680531,1.83064779074974
0.388357447175073,-7.37711289533382,0.399538492689628,-3.94343103594789,0.301260590810831,1.80527502511827
0.388075171522443,-7.41644058960032,0.399409557391203,-4.06468497239671,0.301217287712407,1.80890884033905
0.387800738935449,-7.20734992414416,0.399285839286943,-4.05946190317799,0.301180770044086,1.9008232416536
0.387398712281511,-7.1175203761333,0.399149610147838,-3.97417995999479,0.301135125631603,1.88412408037142
0.387125530132514,-7.05781778565875,0.399004355488375,-3.91633932921088,0.301097383889653,1.79811714195756
0.386857851281485,-7.02680301829815,0.398891016978611,-3.82072014004006,0.301057682363126,1.83803858764169
0.386587939179669,-7.12807002378587,0.398822164887731,-3.78500140031285,0.301025791156794,1.78893776796435
0.386328677853482,-6.92133082431069,0.398498965180205,-3.81162050980175,0.300994129731795,1.83419510995559
0.386101535163969,-6.66141256551798,0.398476927727829,-3.83947618930262,0.30099305151924,1.83032419745888
0.385830377325116,-6.65034926883455,0.39834338635725,-3.83328761195798,0.300939318261464,1.86563683286917
0.385556521664989,-6.61040038088421,0.3981944807558,-3.71966545511463,0.300938315928328,1.87944248285618
0.385294076518821,-6.64105566375203,0.398049102416107,-3.6556203067983,0.300907672407705,1.88753522011318
0.38486258340536,-6.66927610960488,0.397899875306998,-3.69778140014157,0.300880283374915,1.9643359260722
0.384832848655444,-6.55424029865857,0.39776935298125,-3.72262372939666,0.300848922295594,1.93817372327655
0.384313982092776,-6.40319624776491,0.397615644189933,-3.82156397844832,0.300817247558717,1.97732672460596
0.384269185762061,-6.27626708891199,0.397471667623209,-3.84019371989253,0.300796958270914,1.99252452365596
0.384012952692335,-6.29160517325627,0.397293951524435,-3.75907621818777,0.300768368476497,2.14493760443398
0.383754381103216,-6.29568170311407,0.397037253861062,-3.72167616923484,0.300753270062954,2.1766548015659
0.383527527788196,-6.39347608935978,0.396859748913729,-3.64565837768212,0.300732081082949,2.17115055252036
0.383250415759546,-6.35109465387386,0.396698793593016,-3.57563040844046,0.300713886283254,2.1927985073409
0.38296489807381,-6.25039854339669,0.396555974881985,-3.7504960455574,0.300692583436957,2.2644764515572
0.382678314452077,-6.20026949322308,0.396512290161183,-3.79419177494924,0.30067766594466,2.22662424108346
0.382264033624709,-6.10072549417079,0.396255829656041,-3.79977120508333,0.300664689069718,2.25026584684183
0.381957955668133,-6.07581112048566,0.396232255802658,-3.73719539771586,0.300664552515896,2.2718387197492
0.381676863881312,-5.98414669096665,0.396068467306152,-3.65578534367564,0.300630090176394,2.30964343586095
0.381394512559177,-5.95148542732929,0.39588981189629,-3.62297178082531,0.300629843803185,2.42508360230331
0.381126854405461,-5.95450999749644,0.395705347009361,-3.57264057321323,0.300614992624932,2.50640354440055
0.380830339380782,-5.94969137905328,0.395437446132609,-3.56946932975308,0.300602041056625,2.52799222101912
0.380825664427607,-5.71293870759361,0.395260226241178,-3.57806334770886,0.300591515224425,2.58628432108948
0.380328827635655,-5.72584194728165,0.395079388823091,-3.50222463130627,0.300576461523963,2.5726872406539
0.380319365617239,-5.732622988273,0.394897069563159,-3.39623074213029,0.300568095217967,2.63208881388023
0.379878387121935,-5.68962922524225,0.394710248661603,-3.37147333789356,0.300560991252535,2.69706810678384
0.379591667835483,-5.68313834622784,0.394535503638064,-3.38502740020421,0.30055496264101,2.71182138690261
0.379319237706235,-5.74002273430974,0.394383433117549,-3.41685779045075,0.300550728728494,2.68563194311192
0.378997466635265,-5.79893392917086,0.394184330790217,-3.51181286375592,0.300545858589944,2.78848266093968
0.378718905997941,-5.91896506132289,0.393971657372211,-3.51895672437823,0.30054324735297,2.84261641668642
0.378426611088621,-5.82472158682953,0.393674558280503,-3.41131049538738,0.300535438330048,2.99150367149766
0.378154621431806,-5.81708250803247,0.393500931137664,-3.39190608001556,0.300537245017175,2.93569433251393
0.377854272506328,-6.02483356617951,0.393447995805964,-3.39681043476512,0.300535908458544,2.99017899753663
0.377614288242333,-6.10757361090577,0.393111709327486,-3.50859443286091,0.30053795522316,2.93744209501479
0.377169935089189,-6.21299457580181,0.393083066227238,-3.72581325042538,0.300534568010515,2.94803589537136
0.376875309554363,-6.21251344377576,0.39288990779151,-3.69031241816683,0.300534440520614,2.89446753174869
0.376567230507937,-6.15213888362921,0.392698131446924,-3.62961266470861,0.300548175088362,2.92784735134118
0.376266512074745,-6.09609253488707,0.392498480093012,-3.52159131645458,0.300548785664316,2.97788169862423
0.375959579352513,-6.16092590579791,0.392293898450047,-3.49477470706161,0.300545790701287,2.99007420981703
0.375653300535062,-6.30442562194386,0.392051768076383,-3.45615065179084,0.300548686995736,2.97284207487593
0.375364788548439,-6.45039603212924,0.391725399971065,-3.50205206732591,0.300551738163875,2.91963540895366
0.37508628912465,-6.42914210490685,0.39150747253046,-3.4260916463925,0.300560997729675,2.99164048959103
0.375067282787552,-6.33270991426047,0.39129450599219,-3.43490484690621,0.300563899003022,2.96945045588998
0.374825548097836,-6.37576949515499,0.391073857189788,-3.27763143141357,0.300573308224795,2.9693535017574
0.374393076945701,-6.43362806953713,0.390856246522319,-3.12616990768572,0.300580625769936,3.00466489015512
0.374093472268867,-6.51911216246359,0.390656647799315,-3.13574531055726,0.300596707063689,3.01339492824426
0.373791082286262,-6.53897622318384,0.390440633364281,-3.1403621272236,0.300609894449395,2.97408013598443
0.373497669495746,-6.49747648923586,0.390196014678271,-3.26306915737933,0.300638625412935,2.9359424524662
0.373163006241649,-6.50571323049035,0.389824432086425,-3.32108985688643,0.300642400827702,2.92679673200211
0.37285758326622,-6.65443400279004,0.38962120027929,-3.33433328071549,0.300658339560845,2.9231194668626
0.372546600520369,-6.67305112663655,0.389585161194808,-3.31329003092716,0.300678068568325,2.83420960639473
0.372256144050465,-6.7166471636258,0.38936707205794,-3.21342719356249,0.300696595078934,2.8539193407135
0.372008198727242,-6.8775616839849,0.389110270400055,-3.3275331347403,0.300696778333963,2.86523400003436
0.371706178237398,-6.8110338338334,0.388861911949905,-3.25149337371526,0.30073234568991,2.81585972732492
0.371225801111049,-6.73075131812829,0.388648489797382,-3.37430997605457,0.300732485049982,2.8059091486615
0.370911272257633,-6.71772985090783,0.388393867873952,-3.39722155684963,0.300750587035026,2.81956490459456
0.370601456444448,-6.68675262129221,0.388130626931768,-3.49703617927847,0.300772638769234,2.80864821221006
0.370592799986257,-6.78928766977268,0.387869814630226,-3.42583893792864,0.300812158396999,2.8084876519357
0.369980367947095,-6.75395896242816,0.38747245357993,-3.34832662445148,0.300842231801888,2.78546652463378
0.369948804660899,-6.63697955709302,0.387218972434411,-3.28948244704824,0.300868901683391,2.81454145000354
0.369666823918778,-6.4386971997524,0.386954522799997,-3.20094477156798,0.300900446128535,2.78051955651347
0.369353350751887,-6.44682828128409,0.386700790851078,-3.25225819377769,0.300932278454014,2.76289172535329
0.36903518058535,-6.27508579949787,0.386459707212911,-3.25444406789934,0.300962988420154,2.78449294266176
0.368784659720154,-6.21791770628494,0.386184909189563,-3.27521417769243,0.301000574094211,2.72109282154838
0.368463458887118,-6.15216783695412,0.385947365285081,-3.12599834118226,0.301038958947898,2.73692741416613
0.367982791923447,-6.04502498882305,0.385903397019477,-3.09513711462861,0.301068044163703,2.70494836365092
0.367633765843845,-5.9813323174237,0.385650534637336,-3.08815313712584,0.301101256301038,2.71641566944795
0.36732528740438,-5.9678774312066,0.385354513328483,-3.09855560819433,0.301176114875764,2.70634458749194
0.367008006934838,-5.89892286637513,0.384937418179425,-3.2231783490795,0.301219103106562,2.69808899758867
0.366699586682886,-5.8826341357179,0.384658994492809,-3.34723156841872,0.301269862599294,2.68281893863901
0.36638923208665,-5.7589607161675,0.384374878658655,-3.41717653611728,0.301270250923265,2.60629113487999
0.366074901017272,-5.73074372028297,0.384103873022435,-3.23843761621551,0.301312255061324,2.61010126071539
0.365833355984838,-5.78448034543001,0.383807106497283,-3.24327174952939,0.30136405221863,2.66714150791748
0.365504244139228,-5.68517473890715,0.383549738890161,-3.27119713751821,0.301412235363281,2.5940999249356
0.365016328599467,-5.71366589530288,0.383251265210588,-3.52914165505554,0.301467332277432,2.68144809684324
0.364969002740117,-5.69912279944852,0.382978720700032,-3.56913880080921,0.301520663232832,2.64664313264421
0.364693713039083,-5.48878441592945,0.382646444973862,-3.47366913675136,0.301580052085417,2.63503057957584
0.364371684820066,-5.43785670400918,0.382193652099829,-3.34709337159827,0.301664714105258,2.61491331423269
0.364052255364185,-5.43818719309098,0.381878270122859,-3.30000950230429,0.301722528974412,2.61048351212166
0.363736951798325,-5.33570670322978,0.381584638961322,-3.28092396389798,0.301788377428682,2.55262399845052
0.363427975609891,-5.26282290905171,0.381323916390311,-3.3061697314066,0.301851050435614,2.56384801430592
0.363105866131841,-5.18923792086568,0.381252946657753,-3.26962738007109,0.301914396844018,2.4986188745679
0.362831910393602,-4.98638294494853,0.380741732808507,-3.28834563763117,0.301979630391418,2.52728011108164
0.362508033146411,-4.98268911615356,0.380696945683645,-3.33838792467609,0.302050471510207,2.55527338246199
0.362204640806998,-5.0691548905506,0.380381070878319,-3.13699794543815,0.302121339305168,2.53613674217605
0.361701749161797,-5.1099584099844,0.380074362882435,-3.09638736632231,0.302196674004526,2.56997238765427
0.361393085429934,-5.11527407729573,0.379727193784457,-3.14520834936372,0.302267062858711,2.55779470232539
0.361070157442533,-4.91819901696849,0.379245285227927,-3.16666411642199,0.302267212475112,2.57278340471885
0.360759121064991,-4.83234283727099,0.378917765011173,-3.1803808159761,0.302381810296209,2.63138934977641
0.36045423132519,-4.84509579836728,0.37860189286215,-3.1542985935976,0.302468820062247,2.6380592417199
0.360143543491268,-4.74861887821055,0.378282201934195,-3.23440406412541,0.302549372642237,2.67869781677348
0.359837072287212,-4.6543722016698,0.377947853737381,-3.31026067941587,0.302628589306364,2.59330497119801
0.359820750242002,-4.64556350533056,0.377628746201141,-3.1912094643015,0.302712449856791,2.67574025159227
0.35956886619988,-4.50841897155243,0.377313908307942,-3.0730148340218,0.302802066983441,2.62461174477796
0.359100299564484,-4.54159506029467,0.376975269015153,-3.06145810326907,0.30289269579868,2.67960408533679
0.358731286295996,-4.46032415018117,0.376638915940551,-2.93089560248793,0.302991868454003,2.60038994513045
0.358404953577323,-4.38890928207515,0.376281291431813,-2.97037798549445,0.303093931723897,2.5658254556256
0.358116596730284,-4.07879759517354,0.375806012761793,-3.00315929910526,0.303237989417823,2.59778650327055
0.357803000966062,-4.01933488886018,0.375731943467551,-2.82704435847773,0.303330609453796,2.5760534116015
0.357496755557583,-4.00068158412115,0.375115780300098,-2.71052519440792,0.303414305899038,2.62577952085801
0.357187747908092,-4.00252098034277,0.375070869613173,-2.68077331955832,0.303505169724233,2.59047806717949
0.356887416686591,-4.07880891797284,0.374744768173741,-2.72720011611796,0.303609381276708,2.64324058142914
0.35659354968222,-3.85516613299273,0.374379621374753,-2.68835793602673,0.303734552274057,2.59419876162118
0.356312829952233,-3.76314159798848,0.374071452867807,-2.623072152995,0.303817885502451,2.65917781594456
0.355834168747851,-3.68997334833728,0.373693746694981,-2.51213027404232,0.303820373701922,2.69033739632515
0.355501018825656,-3.59123777292387,0.373325868003034,-2.39562976336942,0.303820373701922,2.65497901422561
0.35519718138538,-3.48574301497997,0.37298928362705,-2.56769443133647,0.304103961778928,2.61038102509496
0.354906507445,-3.46224135798169,0.372591527722272,-2.76526887788154,0.304223848514163,2.62825387283689
0.354600101565612,-3.384513762017,0.372064480390543,-2.79721847534945,0.304340426332443,2.56586624761776
0.35453969980936,-3.34412985701801,0.371715961759967,-2.64230922272462,0.304454626373911,2.59591756861433
0.354537344107621,-3.29747043477507,0.371365263875148,-2.63445379134579,0.304573695361267,2.61168582567338
0.354005906147825,-3.27294915297263,0.371041976999831,-2.6913909057764,0.304686402778616,2.67379962277654
0.353683981477028,-3.28143639791202,0.370695167232953,-2.76153872136106,0.304802058352264,2.65849183587816
0.353372667040679,-3.32916911765446,0.370320545700472,-2.72455790220337,0.30493983126916,2.67383690756893
0.353064486199957,-3.46648212803667,0.369947331229703,-2.67811070164988,0.305141722397427,2.67021582222242
0.352617813718194,-3.61515554513666,0.369646390354529,-2.54692641580932,0.305273474851573,2.64986577648884
0.352287365179917,-3.60016810928305,0.369518756303505,-2.54200640332622,0.305393099733657,2.64126828466012
0.351995868834142,-3.5278109468714,0.368702520904742,-2.58664890877735,0.305525657565869,2.65175292257353
0.351677525552624,-3.63475872251791,0.368639413543732,-2.44399322041238,0.305651226741751,2.63034104676321
0.351375674314422,-3.69390426358228,0.368282311606838,-2.25437609517057,0.305785423169198,2.68268364930575
0.351067476472504,-3.82386085705736,0.367964763542149,-2.19515863259153,0.305790643894228,2.66633738255709
0.350772982702679,-3.8609077822784,0.367583736140577,-2.25135893342586,0.306077540806351,2.63235273740026
0.350466018378713,-3.85826331092096,0.367194841603759,-2.24285078897251,0.30608032951351,2.65309966996238
0.349999763825445,-3.7895793354129,0.366845302116823,-2.26756810421791,0.306298206642121,2.69296280413831
0.349684839978876,-3.75368675417623,0.366463555627015,-2.18382654088925,0.30644192539434,2.72868587536172
0.349658117028002,-3.88233754627101,0.366078794378914,-2.11203557468452,0.306578321306803,2.76384970638266
0.349082515487745,-3.93502530120234,0.365509629938231,-2.07870443540409,0.306704423896608,2.76586329658297
0.349051706286523,-3.94990053813905,0.365149407140262,-2.06331410549361,0.306852573322571,2.80911615847238
0.348743955246123,-3.89261666658246,0.364779250367416,-2.11080769582507,0.307003148247033,2.82872383206043
0.348415119841722,-3.75813473992189,0.364449294150583,-2.12441096682786,0.307154903765863,2.84438429716214
0.348106818808856,-3.82125281244021,0.364075798648141,-2.13449709999528,0.307311394104858,2.87356949405669
0.347756123655491,-3.93915765507495,0.363708575336153,-2.07897467965428,0.307447230165369,2.94036389119603
0.347438078098722,-4.14407644687859,0.363373300240426,-2.01043408729055,0.307686653245403,2.93349451262114
0.347151155859088,-4.04960684369042,0.363319540356309,-1.99261263897073,0.307837775150693,2.92746367123859
0.346667946123908,-3.94820066960671,0.362889608109757,-2.14632402100912,0.307997221031513,2.96490911099047
0.346331932514455,-3.80300606331436,0.362324779402843,-2.13702189030799,0.307998906911747,2.98990788788992
0.346016364473223,-3.83887791174271,0.361920819499629,-2.10772818193242,0.308298803717333,2.9511196876924
0.345704751664354,-3.85113434259473,0.36153398487216,-1.96637200145394,0.308298803717333,2.97312150323211
0.345395116172688,-3.81390629386201,0.361150124010296,-1.84287493526279,0.308464653068524,3.00379076906908
0.345077693747007,-3.69157451629919,0.36079027957733,-1.90154418282418,0.308619072201445,3.12132983457632
0.344769429443727,-3.69279188717242,0.360430110884246,-1.91113083172821,0.308779421217942,3.16339183115666
0.344476836418994,-3.62299970587011,0.360063736741947,-1.83154280105721,0.308946873880304,3.21394475629676
0.344458950096224,-3.69412188821057,0.359669904878554,-1.74075896020539,0.309198864990961,3.22677462305646
0.343645366838349,-3.70526115931606,0.35925125834959,-1.59340357634301,0.309351099554906,3.30795277669691
0.343620636620175,-3.65861155721913,0.358861106480281,-1.45708263224834,0.309521096178749,3.3748712196682
0.343313815652365,-3.69960481268239,0.358246436205278,-1.40733336111404,0.309688846968095,3.33674570569779
0.342952562888097,-3.72113079207203,0.357865779689894,-1.44074926871638,0.309854543020984,3.37176335143503
0.342633238919242,-3.78090058863692,0.357482838247785,-1.37151551754625,0.310028777002275,3.38330211462284
0.342324308448654,-3.79505870139069,0.357098941708941,-1.37966665460227,0.310203912099084,3.31576297412801
0.341987684028455,-3.77978382549808,0.356757785152779,-1.36556161284694,0.310383510453451,3.39420046733844
0.341680585409738,-3.72081715931585,0.356391227272464,-1.2839703946398,0.310556156356857,3.46569626493529
0.341386565755023,-3.75663397439545,0.356298689040762,-1.08133698555766,0.310811034424891,3.43815735164762
0.341061322660742,-3.71222625582576,0.355611242784822,-1.03568475608667,0.310978863855295,3.49759804093118
0.340560369473347,-3.71981465925898,0.355553285794304,-1.02916260682836,0.310984139757664,3.54965776856814
0.340198276431499,-3.62520481519947,0.355154031232011,-1.08658107112174,0.311154344434316,3.51646232613305
0.339908516677233,-3.58365388727235,0.354562638606282,-1.02343814822905,0.311161602887389,3.53489415532226
0.339592042770699,-3.38835447481677,0.354179390340384,-0.943789644266819,0.311661636347326,3.55571789828995
0.339257922900598,-3.21804398202996,0.353765484856743,-0.836114109926408,0.311676804916438,3.57415434313406
0.338942226463681,-3.10092359818911,0.353416282888622,-0.792269131841243,0.311852652875394,3.60040555939313
0.338638283120717,-3.04315066328255,0.353000869260146,-0.937313346175163,0.312040761215056,3.63514450227929
0.338616284426708,-3.07843343538871,0.352592874171574,-0.964213230135947,0.312213557956926,3.59167740361983
0.338325046265389,-3.00657836080313,0.35221326371382,-0.850042383211006,0.312491103225866,3.65419360977931
0.338029208800841,-2.92786544784978,0.351824163469761,-0.703494029690695,0.31266161588189,3.7242785856158
0.337568670634833,-2.74710090457912,0.351417408600783,-0.633085303219949,0.31285018508863,3.81572369317958
0.337203844412158,-2.73598472790915,0.350814577748254,-0.631711963856183,0.313019197626759,3.85489031271537
0.33689001573825,-2.80867847286616,0.350479974746659,-0.587579606012137,0.313215694673278,3.96230339780268
0.336562806360996,-2.83450809208293,0.35037111749055,-0.491814123979357,0.313378680284897,3.94267573580268
0.336279481591801,-2.85941807766341,0.349698079423138,-0.412207296803212,0.313573000340952,4.01152295706802
0.335949940759655,-2.79665544422822,0.349654497598782,-0.339385056218253,0.313759277297029,4.0228140413168
0.335637140173762,-2.7432767730713,0.349296460914947,-0.357168707344155,0.313952173002477,3.98909853484489
0.335349945469004,-2.7428655920541,0.348882770997342,-0.187798112253434,0.313952173002477,3.9766101505289
0.335056847180876,-2.73811451891523,0.348481973761988,-0.0987368514702098,0.31413912406489,4.13205944352549
0.33457720387714,-2.70095164431071,0.348099136699974,-0.0819288704269991,0.314413037901697,4.09987619754988
0.334254914342434,-2.75264178088483,0.347661770054152,0.0185803485361937,0.314603006380717,4.20690196831825
0.333947440729663,-2.67143777120095,0.347082215730548,0.0542842882309118,0.314785747053659,4.25523444959198
0.333620865416505,-2.50157259922991,0.346685669064138,0.151586936873205,0.314982036657803,4.29892052442524
0.333315576298944,-2.45249812267201,0.346274316143963,0.207649934601554,0.31515338222146,4.3351393038266
0.333301619982972,-2.43779738151054,0.345895891338095,0.320483654011707,0.315342266185225,4.39122511584755
0.332973151763198,-2.37877249564464,0.345482504138423,0.328063933940586,0.315534527605164,4.45146518015341
0.332710172332609,-2.32608576032775,0.34509491692522,0.416275670763879,0.315735304710242,4.45003053513025
0.332405041336505,-2.21154713395742,0.344714393019393,0.391969831442874,0.315915688940751,4.46588253952014
0.332091826917812,-2.04574837537766,0.344316498875373,0.361981059448567,0.316205579777102,4.51160985632699
0.331594926842605,-1.91974710252523,0.343999088519731,0.310482946130944,0.31639220935985,4.56569942562261
0.331291942594473,-1.93496733863585,0.343855105459657,0.343908139018265,0.316582451121062,4.55907289820098
0.330973464829154,-1.95402159257975,0.342928552169081,0.419370944623366,0.316768151192678,4.55454106285131
0.330686650184856,-2.01508699357239,0.342597518116747,0.441964304001116,0.316965499702513,4.57388722083711
0.330385338269794,-1.95354304016076,0.342528774472619,0.503747770795571,0.317147063280202,4.56499930239935
0.330112258576842,-1.90846898062463,0.342143575852168,0.517724967870196,0.317338578473142,4.56334098202287
0.329813464119628,-1.87174477278885,0.341744532014836,0.451311861410501,0.317341103686176,4.63370400846032
0.329517258799416,-1.92007184199654,0.341379564278743,0.439129912330346,0.317524939148203,4.56300687698094
0.329047709536736,-1.85177265129788,0.340995392813669,0.499825444957523,0.317753741160016,4.5520067324027
0.328748163479983,-1.83835749912389,0.340609525731935,0.584964263550372,0.318023511132272,4.57460284212058
0.328456797737416,-1.78804430644367,0.340199397271918,0.709955772851077,0.318213875962626,4.52912100690076
0.328434783064407,-1.77770230438937,0.339814099182441,0.807313413227773,0.31841214829236,4.57516621733582
0.327863154790885,-1.77346249080749,0.339399170024846,0.886317721105798,0.318611308098544,4.59572633413732
0.3278301352965,-1.68986254141914,0.338973223134187,0.863496906171447,0.318803486786079,4.59902516227773
0.32754665116655,-1.70281265106969,0.338390813416496,0.887000608576089,0.318998703541133,4.63170141431242
0.327229239271612,-1.60279114562693,0.338012076389913,0.849235160514242,0.319188485252873,4.5825406490258
0.326945905457158,-1.48133501068695,0.337607466266097,0.905807389479965,0.319388972410195,4.59452842672749
0.326686205736247,-1.42567754183308,0.337210858701719,0.962488048305221,0.319703204149376,4.56407878865977
0.326407200106606,-1.24114237971274,0.336936812645754,0.975548690573711,0.319910640012417,4.58445006834211
0.326084006784854,-1.09773379821423,0.336854649564795,1.09596931446485,0.320113514246393,4.59235320220572
0.325786776387106,-1.0880327896632,0.336186979293378,1.11231774122634,0.320322400451386,4.61832699109834
0.325336409105611,-1.08795484913459,0.336135816590423,1.13563081438398,0.320322400451386,4.64397952326493
0.325049229115371,-1.00735967308369,0.335744644680056,1.1534528124826,0.32074457449331,4.62268306080191
0.324761331471256,-0.940783766229973,0.335343165954454,1.14335092164464,0.320758902277926,4.61289535802127
0.324469874497726,-0.985220639505836,0.33480885884779,1.1406902337641,0.320958294144494,4.64779643437365
0.324188019322899,-0.923129825754153,0.334421195401687,1.13817264531377,0.321156312834554,4.63013508850442
0.323922020457062,-0.875385032704747,0.3340384090522,1.21318751199561,0.321444754768297,4.60626562248911
0.323635917640946,-0.798914985130648,0.333668221319427,1.27722650178106,0.321676089922541,4.64821739594145
0.323627798092178,-0.785817547603042,0.333333463844279,1.36329503522852,0.321888049792579,4.67440315651246
0.323355475346951,-0.697579883960087,0.332911872867769,1.41368673581434,0.32212025280162,4.59159391686746
0.32304274386129,-0.736701274554199,0.332553405276873,1.41367236523638,0.322335498579518,4.58471215834419
0.32261697852014,-0.816695362209597,0.332141766421656,1.48991451848365,0.322541554506224,4.56178208355086
0.322328120633707,-0.683215836873333,0.331600627242614,1.52368044130831,0.322727980427722,4.47055950239632
0.322062420905091,-0.73132820970746,0.331235439984554,1.57159025662572,0.322965693631809,4.49737444226416
0.321768698378753,-0.698885416418446,0.330858127716405,1.62383932269533,0.323188981421277,4.51182545889014
0.321506468503127,-0.69475104914653,0.330531301161728,1.63206056348335,0.323404255211647,4.56348932691695
0.321222144052345,-0.728198859120469,0.330524116886621,1.77439072551612,0.32371643154598,4.53538957295493
0.320958417696145,-0.73452382077419,0.330384192271584,1.72656832968995,0.323958604003866,4.49151652241965
0.320643728567468,-0.769749170109798,0.329745060540548,1.8457326063686,0.324185251697955,4.52179561526663
0.32036908508012,-0.786583685054294,0.329387195159636,1.911449789307,0.324193150655501,4.39168525768498
0.319961570615738,-0.75027842051515,0.329024413410072,1.92958497706318,0.324412487236979,4.37289071503628
0.319674028854108,-0.656109782047131,0.328628226782385,1.93119226661559,0.324642936585055,4.40194483469955
0.319379840293169,-0.620082736184348,0.328133438641929,2.01081377103139,0.324861530316531,4.36063072520574
0.319103237355956,-0.619249522783116,0.327767414153399,1.99821964133564,0.325096113291528,4.39897080382122
0.319085972876617,-0.598322592063322,0.327423598249776,2.01853973654166,0.325320066632776,4.25952155483063
0.318842159356223,-0.593003323129994,0.327084751946298,2.03639951394642,0.325567483949749,4.30428916470634
0.318566818267637,-0.594616193928039,0.326757637556179,2.01327413981383,0.325906541860741,4.22562503805403
0.318294104442727,-0.57402090864716,0.326372953982538,2.05996244869862,0.326170405786872,4.17830285510959
0.317998715788335,-0.642938075253417,0.326018783946654,2.10006199257869,0.326379422925674,4.20082928231975
0.317599980840486,-0.713396247483389,0.325668003674508,2.1577627287154,0.326631619774548,4.09057321440809
0.317319903230738,-0.615501959402558,0.325339847749249,2.22065252945276,0.326850681477963,4.02248421915328
0.317047149540788,-0.618643748967644,0.325054682827881,2.22590271208062,0.327082051695959,4.11341221400637
0.316774613603406,-0.695586921088744,0.324962671149316,2.19914551243485,0.327331634260264,4.07854218638039
0.316495645339769,-0.671178699232909,0.324228548616533,2.12172867219869,0.32758115440095,3.99852028380994
0.316252585085031,-0.665899452525547,0.324185017189552,2.1316499910532,0.32758166738508,3.99491431605432
0.315977280256114,-0.713836184969667,0.323846435914658,2.12828916381757,0.328207681706448,4.02695459711645
0.315691542415028,-0.74605649523102,0.323533369284166,2.17240862646028,0.328207681706448,3.92251529542738
0.315400791233268,-0.78227084351818,0.323180355212191,2.16821353547853,0.328463663930654,3.87250181082798
0.315007352824074,-0.720211161283823,0.32285135640042,2.22808258811587,0.328709274596359,3.91985111915449
0.314985354502838,-0.699415494912097,0.322531533597869,2.25883218862406,0.328968798406156,3.91149122624836
0.314450182790557,-0.699041718368821,0.322198954676279,2.37460717154106,0.329218833730939,3.84977015661944
0.314438116908016,-0.830958183237894,0.321884604563168,2.38704153335884,0.32947145380515,3.80787996288139
0.314185256477675,-0.794060269036623,0.321530068033856,2.45301045069533,0.329734632407371,3.74205874118094
0.313928260377133,-0.827755245980459,0.321097344206442,2.49497341280196,0.329979442863911,3.72538847608722
0.313660000449528,-0.73455366090206,0.320779787842745,2.48156666855509,0.330252304554653,3.72322232641327
0.313392847029355,-0.706916692077471,0.32050734025668,2.47808810531137,0.3306671740941,3.71858051841676
0.313123816949579,-0.628139256277977,0.320152626475789,2.49442646266963,0.330937636508319,3.63106465072789
0.312846403702486,-0.626810444697692,0.319860373207256,2.52600929017358,0.331215031768951,3.58330997956953
0.312451398701765,-0.58722919572654,0.319597576828319,2.44846669490002,0.331486693570393,3.52320464264664
0.31217668917945,-0.524757480218461,0.31956223925586,2.50511864199879,0.331734014406529,3.47637822198931
0.311911834078368,-0.438777896423619,0.319246113842329,2.6160686014199,0.33202197914549,3.41682346713664
0.31164441677787,-0.464523214454432,0.318923844158616,2.68947497958172,0.332022972972785,3.38060423833771
0.311393520438869,-0.393198517867873,0.318515446666492,2.70246907483148,0.332301586661473,3.46142839986262
0.311125793880877,-0.344180563805274,0.318232226285514,2.76292224023272,0.332579888465464,3.4792601925275
0.310859186790294,-0.258903239779108,0.317960659945028,2.80324002086022,0.332870786264386,3.34718993466042
0.310618420045434,-0.255630524080163,0.317676953543102,2.89640503115081,0.333319760046846,3.36477941887321
0.310340024642802,-0.24909237566419,0.317376742344231,2.94968805970521,0.333599519227717,3.2763585642137
0.310097413495258,-0.233644990386761,0.317099388189789,2.99106591620336,0.333894965996527,3.29440305635187
0.310088793624226,-0.145434370736772,0.316835066067643,3.0202299480051,0.33419170673805,3.32740389970846
0.310088793624226,-0.0619746814079132,0.316562341488923,3.02173488350954,0.334493305146211,3.26667743001129
0.309483651465053,0.0162073084394936,0.31626783953408,3.09829946459624,0.334778051585,3.34011432344314
0.309201733566541,0.0814202059445411,0.315907305460085,3.11890712322624,0.335075703618516,3.2927863098007
0.308941443043407,0.0537234934569388,0.315645814559991,3.22861734060794,0.335369564889098,3.23208326811859
0.308704335260885,0.119088268662832,0.315416091393779,3.26721187079919,0.335693994066914,3.20934524289649
0.308459528192057,0.184406628904197,0.315185464225107,3.2814286287683,0.335986669577232,3.22643689266727
0.308202431835661,0.230263628573964,0.31511793003206,3.26579577010245,0.336297829226739,3.24302977615021
0.307966662090395,0.269548795779023,0.314662357569936,3.36000173161845,0.336620989826324,3.00636385098187
0.307581776044996,0.352652863710944,0.314631817161585,3.37436305597636,0.337112215627143,3.04114108328063
0.307330179761195,0.405887065210848,0.314390725488432,3.35248810396048,0.337414863457925,3.00746795982244
0.307066730914033,0.370105070862055,0.314142603245599,3.34714697955527,0.337432473175588,2.97296530098756
0.306808646661759,0.523645521329878,0.313790694907431,3.30963462190018,0.338052763421709,3.00934693897009
0.306549448458478,0.648212044994597,0.313562920561111,3.26491322905187,0.338075589573707,3.02685915014228
0.306300651224811,0.71570353792393,0.313328206406234,3.33049836237634,0.338369611238226,3.03120055520305
0.306066732767575,0.748869987744198,0.313097579568687,3.2878555730086,0.338721182010491,2.97569609476431
0.306059314415727,0.766252310847262,0.312876264200445,3.34168478303778,0.339021557256228,2.98372130715741
0.305600865361791,0.878599427730775,0.31263340069299,3.30016168439546,0.339348470010697,2.96697636134467
0.305567342251122,0.901552194307106,0.312406684415384,3.33389203474188,0.339668887149699,2.93303146875317
0.305239079132568,0.977757656350484,0.312198859953329,3.27979401154687,0.340196748349046,2.9355328569523
0.304995708679384,1.06864971996658,0.311971582818318,3.2612577092968,0.34049616035098,2.92496196160131
0.304771636518392,1.16431727650902,0.311700909204889,3.16818118490208,0.340856504241694,2.85249086948573
0.304518873478812,1.21148796952035,0.311640968130822,3.18919536787273,0.341180341218163,2.90551169652485
0.304285247405637,1.3475947477457,0.311298069411642,3.15424703689561,0.341470236140605,2.88478135263651
0.30405728779221,1.44324636945112,0.311268966668573,3.18886787409241,0.341808733241962,2.74501094998921
0.303835803894371,1.56738893703267,0.311070713387529,3.19574160435072,0.342165166045209,2.68213966319776
0.303499240878909,1.6207444361637,0.310883373478041,3.20075955611308,0.342493155585168,2.61502044455312
0.303270245883314,1.69887213090945,0.310684558378624,3.18507701568122,0.342852918702406,2.65832625763478
0.303040074987944,1.77049155134663,0.310487241255884,3.21626377010014,0.342852918702406,2.75529866491156
0.302817184275701,1.81303950491377,0.310290549898458,3.22753243270457,0.343206887070977,2.66195885547719
0.302579349716476,1.86625289854056,0.310104947642709,3.19800281236224,0.343697821889818,2.59974712794409
0.302342795523627,1.95227063871053,0.309873468786756,3.18361361273225,0.34405847207703,2.62044632190253
0.302124612586265,2.00874239822788,0.309692015332644,3.20653082254385,0.344380332309821,2.63929045406313
0.302111764601738,2.0391458745928,0.309522858354855,3.20359252604316,0.344703424229576,2.63363424969183
0.301903111086474,2.09344301276508,0.309352201269064,3.14884508381934,0.34503139549211,2.63761400130874
0.301697703277747,2.11683223026431,0.309184889414019,3.13804691405067,0.345364264938391,2.63360519302704
0.301394843131134,2.18122487692147,0.308999183549065,3.20922430851867,0.345707093581632,2.60895714393157
0.301179459984686,2.27397031269833,0.308838349152573,3.21300756829146,0.346058657495005,2.53156742028544
0.30095857768506,2.37214359713778,0.308668344716014,3.28438512821268,0.346573923421276,2.61965047005933
0.30075317275995,2.52019374944369,0.30848344065453,3.277614690758,0.346939445368823,2.65512950704615
0.300539583953097,2.62283547251983,0.308444445530815,3.26801128456397,0.347269032520926,2.67200568798296
0.300313628035696,2.80894932035859,0.30819621492545,3.21167909573909,0.347616954605747,2.7033899703794
0.300103737631728,2.94142376197803,0.308172714743347,3.21979083477362,0.347972516112461,2.62120718101528
0.299896624654651,2.94189878785196,0.308027356583098,3.22219949178069,0.348301590302413,2.70990535270731
0.299688871196381,2.976246082444,0.307874829237982,3.22538076063284,0.348653955766689,2.68402095356831
0.299417386900473,3.02983873192107,0.307713419971906,3.19924102958051,0.349003069509047,2.65717866449898
0.299206377155913,3.21184852025553,0.307562638548922,3.19287413881691,0.349004679347954,2.63105608017477
0.298998808493558,3.3527010076116,0.307423713868529,3.18006228417854,0.349742935373392,2.60154808732312
0.298793647993581,3.38040596820754,0.307286863721942,3.2721417896471,0.349756168464955,2.57233945613199
0.29878942179497,3.45272103830297,0.307117972422926,3.27587270500421,0.350256712203998,2.58925600552701
0.298594680831187,3.46540638420079,0.306996495418133,3.19828601465077,0.35059602757749,2.5068160941737
0.298403270798291,3.58912353931504,0.30687902893978,3.23641380534585,0.350932122837544,2.44773517538205
0.298179997726351,3.82825009885543,0.306765537897376,3.16363313691682,0.351288394527715,2.4403493776055
0.297995019010056,3.9502282006688,0.306655622831065,3.14517838169736,0.351607112572798,2.38839351558387
0.297792522119796,4.1408109147796,0.306556823897483,3.1476881556056,0.351958002946427,2.40480012303026
0.297540989541709,4.23787041499678,0.306526532636292,3.1168305437007,0.352301943118934,2.35375862930326
0.297353953386392,4.15911999638931,0.306342764977475,3.03782475596468,0.352656495996592,2.37333669052761
0.297162132196007,4.241965201777,0.306324884445025,3.04177122493096,0.353157301645718,2.31495013372914
0.296983368053531,4.2698305436776,0.306188898086721,3.07287110722918,0.3535234680854,2.32520570200175
0.296796398120088,4.26434928112553,0.30609582577682,3.05582405565427,0.353884801862736,2.31020240401395
0.296608435735216,4.35147047020167,0.305999530247715,3.12568102021406,0.354232136537781,2.35890871865469
0.296435886137089,4.34105626214598,0.305908596582527,3.10917488996298,0.354235224615297,2.41792657570312
0.296238954139437,4.32772155144574,0.305816576689555,3.09831299814156,0.354889380807197,2.43775997024367
0.296054107589843,4.41242948563745,0.305728148083843,3.08020322008262,0.354899231287247,2.4221632726771
0.295802996628482,4.42205301815589,0.305632205398943,3.07215416050729,0.35522249632724,2.40140039922048
0.295614301873407,4.5202708250848,0.305516965090789,3.03390100087693,0.355574765262312,2.37826724341983
0.295608825298611,4.50300857445059,0.305442885237162,3.07682643953997,0.355900553664075,2.34854863920074
0.295438761459776,4.55887497094545,0.305369392903353,3.03374496860089,0.356256887015732,2.3539674637791
0.295266586382924,4.63249518695722,0.305295620535927,3.07494453128407,0.356722269700609,2.29443394976144
0.295084293707762,4.5926513334045,0.305226142896823,3.02930397685766,0.357088964674303,2.26682220740345
0.29492739656364,4.63380968094308,0.305164618206741,3.03254704413807,0.357428312153427,2.24355291716736
0.29474101262355,4.6293959386448,0.305106922658217,3.00751982497212,0.357736421633905,2.20396975455266
0.294573109967717,4.65046487625618,0.305055930179356,2.99874370369062,0.358044204318827,2.26789417231512
0.294389662069439,4.68188024266195,0.305041318789724,3.0083677785784,0.358388152049705,2.3126491610114
0.294159054125974,4.80486093663941,0.304943395338588,2.97896936476191,0.358699585950186,2.4526599828138
0.293987849257468,4.80237245571984,0.304933341502265,2.96084209303034,0.35904162088326,2.43276744549321
0.293824305301639,4.83352882003773,0.304860378307168,2.92108363904676,0.359359888119365,2.42726680675838
0.293669968897924,4.7994639223066,0.3048129993379,2.92763940522737,0.359702739021164,2.35084666789737
0.293507673335472,4.82538115050163,0.304770581343647,2.80643651777419,0.360179153636347,2.41812567771086
0.29335079884889,4.80008854713552,0.304729658573943,2.83476436761155,0.360206762046274,2.33269355184603
0.293182530883358,4.85207993957362,0.304693384955999,2.83647342203194,0.360818092157126,2.448828924671
0.293022733102825,4.85957516116584,0.304658142236096,2.80497903204832,0.360826258263889,2.42174306078495
0.293014574870772,4.8318885363326,0.30462589856758,2.83039306702154,0.361136923422034,2.5033696537572
0.292715841632084,4.91577664704193,0.304597552822044,2.76344010154932,0.361463018522197,2.37790991530198
0.292698911641491,4.87618506655318,0.304564472868227,2.71198316407221,0.361765699828583,2.34236936710929
0.292487777771302,4.88436383361018,0.304540021400508,2.71115160308558,0.362091658325438,2.34077663567351
0.292343057994972,4.94378625143397,0.30450634158217,2.67594651732689,0.362402170008845,2.27575751752742
0.292193296992761,4.9164921924953,0.30448253128227,2.63489010508275,0.362709064831411,2.26345251518346
0.292048016618034,4.94440665628957,0.304462424235172,2.62984122328598,0.363015350743755,2.21401821615344
0.291903921349169,4.9427018577594,0.304446028898308,2.66104954006548,0.363493202059401,2.1850124008737
0.291759989348268,4.891366768996,0.304441013149933,2.67410061615175,0.363774716629207,2.14202474306475
0.291618095389684,4.91646021981417,0.304408886128455,2.65406538438296,0.364083125796093,2.0577764179088
0.291475528089438,4.9593723082132,0.304408049923535,2.67579259836866,0.364371129821177,2.00603619610644
0.291334293613352,4.927471906909,0.304398093279794,2.70068541863229,0.364689666552677,2.04519360838909
0.291181396075354,4.95207736650387,0.30437388431104,2.76595045077668,0.364985085506612,2.10322187166877
0.291006914168812,4.96502105344482,0.304352162522351,2.80666075513009,0.365297214439486,2.13648093812838
0.290871557987033,4.91465849450458,0.304341921417885,2.75158777200545,0.365300206245539,2.09974464937324
0.290864949676545,4.82743134092195,0.304331889086374,2.70024680175436,0.365605139202918,2.11145012745945
0.290607142082884,4.84031785476405,0.304325507034275,2.67706732583289,0.365887960384639,2.07553674594211
0.290597379221981,4.88384190017261,0.304323472254901,2.62405022267259,0.366341681491925,2.05285245342978
0.29047614193324,4.83828294414048,0.304320945466583,2.65521836935951,0.366643606945922,2.12599468554952
0.290346593731844,4.86963569623693,0.304318744560208,2.71976947748438,0.366913743595039,2.09368710727147
0.290208311474877,4.88073590746679,0.304328419537091,2.63340186471586,0.367209390263784,2.11636432068957
0.290085632380252,4.95269024790222,0.304330290499527,2.65525406200137,0.367494993392926,2.03682177692334
0.289955429607087,4.95777588993946,0.304320578617161,2.68769771037396,0.367778640198245,2.04578973388151
0.289837439243998,4.95494033216308,0.304330002196768,2.63677304660106,0.368045773055306,2.01166369316551
0.289673223238872,5.03933874574466,0.304333418569346,2.67688220376925,0.368316322975275,2.05022615225511
0.289561297126944,5.03531546223898,0.304333418569346,2.67769578799431,0.368587377150775,1.96863251464657
0.289451346118943,5.08807798696995,0.304337034755298,2.66522414102069,0.369029954843495,1.96130284936213
0.289336964742218,5.17377062583636,0.304356833127018,2.57798123376991,0.369289881152498,1.87670483742843
0.289229907621438,5.2362746462337,0.304369687008928,2.61431390541123,0.36953582171422,1.69841560627039
0.289114890464832,5.31522577351091,0.304401236021495,2.59654602595842,0.369539486205093,1.68470420979131
0.289004582669985,5.3477944008791,0.304413918080368,2.63201697421752,0.370076465846507,1.70647629134729
0.288887597615573,5.39058611713459,0.304422152524151,2.58808645310489,0.370076465846507,1.6870166285693
0.288780717798498,5.38531021271435,0.304439852434456,2.57621806056444,0.370358097799353,1.6762002911404
0.288775385651338,5.4257302553524,0.304463511367757,2.51753659414583,0.370616673850935,1.6520893423277
0.288564235699567,5.51571817509702,0.304486223085337,2.51827062981767,0.370893072707227,1.71375266778339
0.288550693511332,5.51261171535417,0.304509382425896,2.54002332054682,0.371165083802685,1.63792361085468
0.288470949620391,5.53358013350435,0.304538659064489,2.54443444420751,0.371435371458794,1.62437623963307
0.288369951903233,5.60898759776148,0.30458472645412,2.53815207754836,0.371848163220061,1.55734597339582
0.28829281269384,5.63794991436208,0.304612985212444,2.48852917873424,0.372097760153165,1.56276055106705
0.288212464092636,5.60718583204053,0.304632148072314,2.55711872755527,0.372349989986386,1.53320217338235
0.288131516373426,5.67224039531695,0.304659934807234,2.46181691555517,0.372613653283748,1.48274423816495
0.28803324519434,5.71194423975359,0.304668971476854,2.48717537740703,0.372875074597744,1.17437308076903
0.287944206322632,5.80177009500865,0.304722231565667,2.42097362204657,0.373119208697573,1.06211105817807
0.287868881543106,5.93280966908756,0.304727917230002,2.4427582376196,0.37336364871654,0.836018167085246
0.287794283897085,5.99554837411193,0.304764487262721,2.44931817584432,0.373594171482086,0.897437137068027
0.287721519039247,6.01148842074017,0.304799104995111,2.41985362890475,0.373847802769377,0.955732642209106
0.287638459786796,6.07148413225326,0.304866027811882,2.4037574447845,0.37423895573816,0.910885440575013
0.287568338074023,6.1245986149345,0.304906440236046,2.4172799839724,0.37425584913807,0.734335750926247
0.287505902882517,6.16618909187185,0.30494486091545,2.32892188659534,0.374463798901344,0.390473309508801
0.287437221404063,6.1803196321412,0.304983142115361,2.37110682520756,0.374706568143316,0.281660251619237
0.287377462399338,6.37944615314591,0.305027900539716,2.36804815390627,0.37495993363086,0.235641085996776
0.287308550353444,6.49486738979918,0.30508072657131,2.25161814049131,0.375215323348564,0.419986584325211
0.287305988560164,6.58781019388657,0.305128546087161,2.33454738266153,0.375446350963386,0.390389751090674
0.287242536937811,6.64567530386785,0.305187968501871,2.28859295251056,0.37568613089969,0.429252374357662
0.287185652917735,6.69195693472887,0.305235119821581,2.29570605615223,0.375925048961979,0.303684238725058
0.287127653498754,6.75046786889838,0.30531224703285,2.3174653526134,0.376179790853197,0.27200474225612
0.287080215593245,6.80648973253514,0.305324868879111,2.28340530395504,0.376430561440067,0.252692937398503
0.287030804786115,6.86640378980903,0.305407050476497,2.26258592258795,0.376772962796663,0.289972994107573
0.286994319653913,6.91637882364796,0.305411521551937,2.28882690494412,0.377009350872803,0.481345514645189
0.286954120983031,6.97254427760067,0.305453336685707,2.28252585113704,0.377241029932565,0.538176730136656
0.286922574763352,6.93313441857462,0.305513201714521,2.24084188686574,0.377458018691118,0.542119384878548
0.28689523408904,7.04145607312108,0.305565026309362,2.26010517046861,0.377702900562875,0.32496961019015
0.286860828874109,7.08157739550302,0.305626596050515,2.18533420383118,0.377931692517612,0.265545044355756
0.286826298324538,7.16531570049535,0.305684220428448,2.18675953454434,0.378173936492426,0.106299226556209
0.286807961537207,7.17554335900187,0.305747966859081,2.1512091884232,0.378392856699723,-0.0610751149647777
0.286784264267897,7.29047854388835,0.305808497814403,2.15796228330826,0.378402642124624,-0.0315671454575717
0.286762189447337,7.24463549736525,0.305877910297962,2.22557512847671,0.37877930328431,-0.0235566918881396
0.28674965158569,7.28265264857178,0.305966810378168,2.21487710632251,0.37901804076652,-0.0584380470853201
0.286726056636992,7.25898858345341,0.306032880204407,2.20325060837813,0.37920358397255,-0.150834424086364
0.286713075424166,7.27635920732961,0.306099059845873,2.16112202897993,0.379439481657877,-0.272558125969396
0.286712288856743,7.41687518213059,0.306167839884884,2.1171757276211,0.379660129601276,-0.377735562321974
0.286701721023885,7.41662133814318,0.306241118959946,2.1654014894355,0.379888973589777,-0.423256333959905
0.286690513258515,7.48445575783532,0.306306360213536,2.18523036294798,0.380093737304753,-0.38189647622689
0.286661447055667,7.48377488187716,0.306364296323903,2.14923255153063,0.380327791382111,-0.485769068546185
0.286661654024778,7.47302196784084,0.306381075555326,2.14123071541463,0.380539956477343,-0.46741451773486
0.286655139313412,7.49874445083445,0.306490226767752,2.17523100039379,0.380897198145934,-0.545601452335166
0.286652497223784,7.58186962572789,0.306500713534154,2.10962994314696,0.381111796400211,-0.567699038135841
0.286649090900212,7.72692627138324,0.306568247854505,2.12387833111164,0.381304760586821,-0.660558360194697
0.286650958019203,7.6360833846332,0.30667839773848,2.14635459533716,0.381514062981831,-0.555557705971899
0.286650787863281,7.65875040698828,0.306753055094684,2.12266683181154,0.381743927582583,-0.637571760563536
0.286659321378762,7.58113543879343,0.306838328524526,2.08813703764079,0.38174706121013,-0.695741992497952
0.286675576042034,7.57057494880169,0.306915372493885,2.06850032110324,0.382161457218567,-0.793577097304407
0.286664654838062,7.65645030550711,0.30699119940105,2.09969745820428,0.382165873019364,-0.802675552516025
0.286665946708537,7.74418964561363,0.307069851891377,2.08543821102769,0.382371882510559,-0.816607175204445
0.286681945113447,7.77615603358349,0.307145870864753,2.0467987770051,0.382582128352938,-0.843864740376909
0.286682927890061,7.72132575219347,0.307211422710071,2.03938228082796,0.382824685507308,-0.90253366300099
0.286743399411153,7.7731862180768,0.307284419645391,2.04770599913604,0.383142320857262,-1.06382144878804
0.286747215084884,7.77569902675454,0.307368471112523,2.10602745190848,0.38334305144487,-1.06504865342535
0.286769725228213,7.74202824186126,0.307489003705796,2.08352000535145,0.383550591243094,-1.20437353863914
0.286796862256424,7.79462122696789,0.307565625359947,2.10507145631173,0.383758313433619,-1.25525715542098
0.286828913338198,7.87811142279628,0.307638275376782,2.10982066547277,0.383972642538733,-1.29084553196531
0.286846710680628,7.81934491640519,0.307650740594323,2.10173721557324,0.384173755954503,-1.26499825957032
0.286877725504582,7.8798587590084,0.30773597111059,2.13074515757277,0.384376431987424,-1.30158049339918
0.286912843798649,7.87257458157471,0.307818440147821,2.1315658436576,0.384577593682986,-1.41976908317529
0.286990089315389,7.82855911505886,0.307901494012643,2.09237935271723,0.38492024560301,-1.44520776830474
0.287031876470607,7.81992962947834,0.307978507726517,2.05944508082083,0.385113089173165,-1.48623677912345
0.287075066650769,7.81105599662697,0.308064262142824,2.15147855082838,0.385289987940199,-1.5507277545437
0.287117332979956,7.84081533552149,0.308145383357863,2.14385631015146,0.385291501849983,-1.56668101695234
0.28715729383163,7.90173120343261,0.308227517975377,2.14232756203851,0.385494781890644,-1.53908038109085
0.287211675843086,7.82407719336824,0.308310880080769,2.22622877723602,0.38569262688774,-1.51240723235408
0.28725154488194,7.83737344189964,0.308398039265568,2.20117444912039,0.385897642382836,-1.55234195333583
0.287300122051285,7.8737285995067,0.308524604245434,2.22927115034206,0.386092045346338,-1.6508682263129
0.287353818011001,7.89764682612136,0.308607409963378,2.22695583240651,0.386298945488895,-1.74150542460381
0.287357523759782,7.90611040052567,0.308697706995023,2.30663863895468,0.386494961128246,-1.80475755578018
0.287410391707321,7.90300072945553,0.308776696244896,2.27650112464671,0.386775531178973,-1.82891654555484
0.287414350238898,7.86963730490221,0.308865502090024,2.31673826854015,0.386984444861675,-1.84513249531532
0.287576385018292,7.95398379079373,0.30895523785108,2.29329257395069,0.387170788008747,-1.92337575938974
0.28764665110105,7.94738547752256,0.309041486098745,2.34263377715345,0.387366222992997,-1.95777362899111
0.28770668567558,7.99783365401437,0.309114873553052,2.29346090547434,0.387552308532459,-2.07079072054683
0.287778542342091,7.97966329425751,0.309135757762215,2.26490619218835,0.387732119378051,-2.12304507685507
0.287840698879867,8.05000614356624,0.309261363768963,2.35214515304296,0.387909138651664,-1.99124556482968
0.287908604344339,8.05670344938912,0.309286260085587,2.37008377006221,0.388100378664816,-1.9119893529319
0.287963699134463,8.11777639551012,0.309449423467424,2.35271223581443,0.38826947322598,-1.76258352452252
0.288036374197562,8.13019988275583,0.309534661276119,2.36184469587286,0.388484275803774,-1.84829977555718
0.288112687958956,8.17865778890024,0.309625765385898,2.37542465775028,0.388748956875567,-1.96550003277139
0.288186382464024,8.1786496986466,0.309719170736579,2.43566614164143,0.388768280346237,-1.91983919637461
0.288316060324453,8.19411426953429,0.30981546426942,2.33845351051054,0.389049225409538,-1.87390164377083
0.288408124067551,8.13526417916914,0.309913073785301,2.39298813267824,0.389060668660289,-1.90151019128878
0.28841146670025,8.18255575467956,0.310012875877146,2.42786947997705,0.3892338990138,-1.7682294313627
0.288571114068941,8.18037422570206,0.310146654538486,2.48904446373558,0.389395818881238,-1.79825883033782
0.288584011039587,8.09111917780499,0.310243247484068,2.49412697500651,0.389563526920033,-2.02047063139312
0.288661624969538,8.12890864220266,0.310335011467029,2.54556998257585,0.389740382721879,-1.98369279500511
0.288750246096641,8.16247739019836,0.310436982783076,2.56059607628488,0.389898356804413,-2.10509633416844
0.288842147652337,8.17130670241123,0.310522738881227,2.55734005451817,0.39005704746573,-2.01792673097085
0.288936931896601,8.18063383763047,0.310549335617975,2.60038156703109,0.390306054305876,-2.05075243643646
0.289089156742698,8.19283468126076,0.31073382443406,2.63126194871428,0.390473548605813,-2.06090161060896
0.289201784440864,8.25801073493499,0.31074733037168,2.68441387731047,0.390615449340571,-2.05000139723868
0.28930456303192,8.21706367441474,0.310850080312492,2.66270898070294,0.390737540910995,-2.07849351726565
0.289408576844756,8.22858799808053,0.310987482438519,2.70074329351463,0.39087540403557,-2.12863850531283
0.289518013355348,8.31665505360001,0.311089515031027,2.7228733608558,0.391030648774463,-2.20890151103494
0.289626503645184,8.38016141059713,0.311185469180387,2.73379934146017,0.391178384003743,-2.14114858889679
0.289733028056519,8.37822262924506,0.311294495008798,2.71455379114001,0.391320569496333,-2.10172684662824
0.289840521748588,8.39702218023302,0.311411217656848,2.75235794794124,0.3913232847277,-1.91126484849631
0.289952684558505,8.34279563969923,0.31151930992276,2.69658639641949,0.391472601192915,-1.83818886693542
0.290148910182076,8.31475089075475,0.311630359233361,2.65982594673042,0.391671490601241,-1.81825072887075
0.290159394009007,8.33725895593497,0.311731949184213,2.6088290437908,0.391798147542101,-1.80716605680027
0.290159394009007,8.37930304964406,0.311844830119821,2.66664538865512,0.391901103103779,-1.69845208739922
0.290391756289768,8.3860878572352,0.31200331697542,2.66302381973726,0.392017201563947,-1.63374721838678
0.29050690087898,8.4236905972973,0.312110952051638,2.70622443092128,0.392131283203595,-1.54078962342362
0.290633569869168,8.42146206085719,0.31220801383549,2.75820506045461,0.392256633881891,-1.47162804344585
0.290755902889962,8.35951936336357,0.312301934411762,2.73459907771059,0.392374428261165,-1.49379978572993
0.290882418809579,8.42325941166521,0.312307741856151,2.69354714440144,0.39248523040874,-1.53651772531682
0.291015894723337,8.45244340009868,0.312346321158431,2.79066830538421,0.392596160436169,-1.48799216146929
0.291150717123835,8.39737010963341,0.312540278803446,2.81614159868468,0.392715195140382,-1.48362064489547
0.291284441112593,8.43415212246385,0.312647479394011,2.81884330457265,0.392815852428129,-1.49791192479557
0.291500352530881,8.40113637527891,0.312761450640102,2.86635239028088,0.392975318865191,-1.41531968538351
0.291644637609746,8.45026930319805,0.312880522430948,2.83479170449014,0.393074519485871,-1.45623137183814
0.291786605956835,8.44671581302865,0.313043088268796,2.83809634229219,0.393154833480598,-1.48543823692105
0.291928835202771,8.51943365748787,0.313152201594146,2.850913337918,0.393246021860694,-1.53403435097297
0.292077069284864,8.46520243728833,0.313263598295448,2.88277468872573,0.393327487798262,-1.47399126164289
0.29222656473687,8.51710383091706,0.313373115064905,2.80530754161915,0.393328823628769,-1.4935355879601
0.292374551217265,8.5733724510725,0.313492266734173,2.89977902121767,0.39340907557619,-1.45729964450272
0.292515833028872,8.48377623626601,0.313621391561708,2.9166563516312,0.393490612360211,-1.3028459601351
0.292523723930224,8.54002118455588,0.313743889570891,2.94459066734879,0.393570110675692,-1.29885459995491
0.2927541281449,8.51097087156932,0.31387264648138,2.94621775409959,0.393645796130293,-1.30070838252331
0.292766317335703,8.48532995689252,0.314045669085537,2.94362968090517,0.393713974430241,-1.27149738167294
0.293077236472566,8.48535568165558,0.314149351410783,2.82736360069334,0.393824481282543,-1.20095883021316
0.293236659639528,8.57464275947041,0.314166929398907,2.8987058764987,0.393889789725762,-1.15979114509034
0.293407833035255,8.52086412387081,0.31429027975138,2.92754409506711,0.393936628794499,-0.973893561237487
0.293557740406776,8.53919462303324,0.314414337593785,2.98530652317207,0.393995257296015,-0.959848412120872
0.293729286357306,8.53202762676223,0.314536250833623,3.01040900021206,0.394046746948525,-0.986319289218134
0.293899732075633,8.52350216701866,0.314663360047476,3.02522714383286,0.394093318139328,-0.988443841477026
0.29406644281826,8.55149994493488,0.314775210028149,3.06602536879623,0.394137850239964,-0.926994925347005
0.294235746063086,8.59155752128768,0.31490619354919,3.12814037181915,0.394178116101308,-1.00549121952697
0.294412078463751,8.5738745721246,0.315026505976909,3.10813960809677,0.394239026136936,-1.01728852466222
0.294683788186032,8.53375939722095,0.315172585736663,3.08638910286642,0.394239742426307,-1.04661927980994
0.294871274360741,8.56989071300096,0.315364377453998,3.08937140452269,0.394299789036509,-1.09655523651979
0.295045720132129,8.58773069616525,0.315489091760719,3.14967010239219,0.394302302051167,-1.08893121542449
0.295059220795,8.57700141968667,0.31561328427679,3.14462756862138,0.394332155172209,-1.29510060952914
0.295406989088033,8.55753395620087,0.315749827907171,3.16111376598317,0.394361239264745,-1.26620538293263
0.295417590203671,8.61136051244069,0.315886201643835,3.21953735377049,0.394384137356535,-1.28539556754262
0.295604771044686,8.6595476968626,0.316013220519856,3.29004524988029,0.394413766581189,-1.32399702374026
0.295804690516341,8.60980526469138,0.316153922214453,3.18555244011771,0.394430419905666,-1.31070532901888
0.295989581895258,8.54165885616499,0.316268226538826,3.19683133765377,0.394445906321695,-1.24774225841186
0.296272118410555,8.53695424252996,0.31628724536041,3.13928087883418,0.394459270081364,-1.27311982974298
0.296480864686945,8.51699734725486,0.31643539477069,3.21922520933002,0.394468205668257,-1.22997222963777
0.296682196201988,8.53075492509724,0.31662755925496,3.20485368885199,0.394466328557222,-1.22994763624308
0.29688372121864,8.50725914879914,0.316770352579894,3.25649277312434,0.394472493624471,-1.28122898742612
0.297099337563082,8.50639011650769,0.316907776132207,3.24081055969232,0.394469197599261,-1.10835261118655
0.297300149614905,8.4793151071586,0.317051501547835,3.33933526461075,0.394468812660269,-1.21030534326618
0.297519477766586,8.42342132352848,0.317202571019124,3.33738458105274,0.39446778822099,-1.19259642234642
0.297719938507105,8.55776132072163,0.317355007098145,3.22378901211478,0.394463301302844,-1.3400736393423
0.297931611168599,8.50541192747824,0.317507093395505,3.27218130187459,0.394460971796126,-1.44882995736312
0.298248497494841,8.55215113513032,0.317677146852715,3.24967442965522,0.394460825896982,-1.50208438726762
0.298481195697871,8.53169211041246,0.317895660564907,3.27123948251002,0.394446886082768,-1.64083775464116
0.298689531182064,8.58811350613199,0.318047989615239,3.23889319777373,0.394437790258999,-1.71318324003054
0.298909160217266,8.51603274814265,0.318197946309871,3.23611491666321,0.394426036378493,-1.75704544306327
0.299118812027773,8.50963405026035,0.3183608695452,3.2119272498115,0.394411595322718,-1.80002695363699
0.299134324745514,8.54637953967392,0.318512422992934,3.19338296546798,0.394391868976503,-2.03153812507388
0.299354214374375,8.59298830220851,0.318650647301147,3.20711323349475,0.394376899843072,-2.06652067403511
0.299583824098348,8.53613974131131,0.318693043808437,3.22960602623427,0.394356603611566,-2.06837283044038
0.299808067834888,8.52655509126343,0.318977967023501,3.22449589081702,0.394337336060253,-2.06139508948986
0.300035864733748,8.50634543100913,0.319003398743497,3.27818673203977,0.394311476307879,-2.00697910819146
0.300365718494996,8.49447315078697,0.319162486014219,3.27574758983394,0.394275204258726,-1.97454637895898
0.300611860983921,8.39868105102813,0.319403898407992,3.28893838425954,0.394249179149802,-1.95529227684782
0.300841955760734,8.43239890638021,0.319560006732963,3.27613839213145,0.394216140561535,-2.00806174549757
0.301096903705243,8.36024965624025,0.31972650708545,3.32470596359533,0.394191080395545,-2.01775630675323
0.301366319278994,8.33591500762565,0.319891312373934,3.33602780306025,0.39416633184296,-2.04414163627269
0.301581565895367,8.35297623012949,0.32006170191715,3.31431741843959,0.394165941262447,-1.94592574952969
0.301815240399809,8.32319748757427,0.320227019604602,3.26902123174305,0.394106863419796,-2.03724574262573
0.302058342129821,8.31512120303006,0.320402625889008,3.27836717742916,0.394105395984925,-2.07286900427346
0.302307842225837,8.31038827403311,0.320577102666281,3.25648934098244,0.39406426044182,-2.13315795401839
0.302565843954672,8.34560777390791,0.320753316252988,3.24461410803174,0.394006017572049,-2.1710012718314
0.302572234049335,8.37191849981887,0.320935659026207,3.24215151994411,0.393967126401555,-2.21909477648532
0.302939199550302,8.33874205522738,0.321204470797129,3.27183765589813,0.393923419652462,-2.1885923761932
0.30319039589775,8.34211651606289,0.321389194644083,3.23611530256135,0.39387953764047,-2.2446594438403
0.303460141079214,8.319416340087,0.32155414774387,3.24574330162026,0.393824433382594,-2.2762951510783
0.303714066010571,8.32655435997742,0.32157567408737,3.22315290645534,0.393777202211894,-2.34624513096598
0.303971571367143,8.34192597216778,0.32176743002329,3.17636955357611,0.393733163216154,-2.56822955978957
0.304219276170099,8.33961505361228,0.32195241075168,3.09781694421937,0.393680289676171,-2.548160490903
0.304489326833746,8.37329373451065,0.322125751275378,3.13879914347376,0.393632352922514,-2.54211787255691
0.30476184904873,8.31439208114089,0.322301612494744,3.12837323045201,0.393582930264518,-2.52001209021668
0.305031712886413,8.29576664450762,0.322509352370813,3.09222117768984,0.39350957973206,-2.61471450341491
0.30530381989367,8.30139969776411,0.322794218703768,3.01982797667868,0.393455693346889,-2.61829207565356
0.305683613522176,8.26585397744828,0.323000703342649,3.01409054272541,0.393403866251496,-2.66708172445314
0.305963080655738,8.21036742032501,0.323205430149521,3.00296645073304,0.393403235841052,-2.67729801480558
0.306258932475144,8.31021389860149,0.323386763499847,2.99479012341211,0.39335374731123,-2.74657173949636
0.306513744034671,8.27431841485414,0.323577076149147,2.95182344452303,0.39329729873619,-2.72715068523373
0.306796489275873,8.29674877911211,0.323786390675952,2.96768902120224,0.393245999425535,-2.56616871028374
0.307074857725947,8.28285974014579,0.323992872383392,2.97210438327908,0.393185832312066,-2.65552354356478
0.307355371573269,8.15060879746714,0.324192227197266,2.91532527633874,0.39313419481528,-2.69445150233535
0.30737111104409,8.19098128410173,0.324413367183616,2.94303254537213,0.393083414107833,-2.79249694372529
0.307631252220831,8.2072652176611,0.324708858315172,2.96314694652655,0.393024360003928,-2.89598727297621
0.307910688331673,8.24897098868313,0.324938684593925,2.96476672646886,0.392973784523309,-2.94311619111655
0.308313448223734,8.26589918801857,0.325160241296436,2.89309258240522,0.392882690671623,-3.0310098604025
0.308604328778654,8.29330595505167,0.325183825410278,2.90699795954755,0.39282539589526,-3.06441490876145
0.308898566304751,8.31344117608445,0.325377422077916,2.8805467844605,0.392772571602975,-3.19888780184355
0.309175188563096,8.31920053269258,0.325589707679542,2.84382541112978,0.392712038030668,-3.23021945916824
0.309459853161323,8.32498250040382,0.325807821081782,2.81557995767805,0.39266186236504,-3.44650774258286
0.309765273996242,8.2567806628614,0.326038267477735,2.82927453937726,0.392601205392521,-3.46918177865622
0.310037074251476,8.24836427761259,0.326260988707949,2.85949385942567,0.392543573492618,-3.49307331460846
0.310343706135458,8.25339006499505,0.326524932069439,2.75438907977661,0.392486025213326,-3.46255943527951
0.310615132749049,8.22469441569564,0.326852804071965,2.78262257178273,0.392428883871086,-3.48398759915849
0.31092491059124,8.2151077320297,0.327086989932761,2.7132635577979,0.392427309471499,-3.57507328137631
0.311376832764798,8.10710785389129,0.327318707442406,2.76455964023464,0.39237733445636,-3.51297043007809
0.311685268803625,8.0840388947345,0.327554701066035,2.71408368108048,0.392284379913604,-3.69266569305569
0.311987453151922,8.14602655520442,0.327781088104147,2.71629466227964,0.392227996057775,-3.70278209030967
0.312280336318436,8.05171901702144,0.327993041026731,2.70389878559636,0.392172517524422,-3.72504412818595
0.312289886837112,8.03964050710623,0.328059449363892,2.59851342688095,0.392114445857459,-3.58195129516804
0.312843931078443,8.06627785830597,0.328460522017551,2.6235785535595,0.392059445949341,-3.62669511563974
0.312884265231097,8.00972127228312,0.328513202214389,2.62274419929884,0.391997992618173,-3.72585982559869
0.313182239143942,7.98382353198978,0.328878990212058,2.55602720940146,0.391936253406735,-3.7542682619551
0.313475169217284,8.0232946371338,0.329128542979092,2.57045887208345,0.391881998506298,-3.83443057956769
0.313917859633093,7.98674472563377,0.329378693818141,2.58134524745435,0.391821854473881,-3.96262393940293
0.314241850059871,7.95700874820963,0.329631882706232,2.53887651417568,0.391739094059091,-3.9366165850761
0.314555469267169,7.90236704667869,0.32988763247573,2.44546570149927,0.391673843669625,-3.9652149897666
0.314853243834188,7.9520531533535,0.330145516591264,2.40201770086557,0.391619030755556,-3.99017871551946
0.315158335695491,7.83818976147266,0.330404802602291,2.39401829831758,0.391559396825623,-4.05365416222995
0.315463565304784,7.92623073656787,0.33066182402371,2.36302553330531,0.39155932546009,-4.3564813912003
0.315787649091859,7.89361904364947,0.330948766343432,2.25236340006818,0.39143433520704,-4.3283621762933
0.316102388610774,7.85808190082631,0.33133702607606,2.16444957285796,0.39143227900315,-4.3228828331554
0.316572933354032,7.82186871622778,0.331610503622701,2.0035613320515,0.391371362617746,-4.30850460079385
0.316905457218646,7.72384405998562,0.331873953478111,1.9093013199522,0.391305203088524,-4.20520678317749
0.317220800688792,7.73676085961722,0.332151211514423,1.87509475250999,0.391208896191581,-4.28329792274879
0.317238906280973,7.67309323461725,0.332420184212376,1.80552120660583,0.391144975767812,-4.33094412554625
0.317527518398651,7.61517039844924,0.332644890699992,1.76639000971887,0.391078501671738,-4.35440554766539
0.317854178464729,7.61004116081837,0.332733013030966,1.76016394534775,0.391015832870007,-4.40670622940338
0.318194951728705,7.63509150537042,0.333207003078689,1.73457008819901,0.390950410071107,-4.41452073138403
0.318509536333949,7.62500085816609,0.333256889082366,1.62967837986913,0.390893388861683,-4.32953224263503
0.318829946518775,7.58950001781848,0.333535283085213,1.49039037249321,0.390824775141497,-4.2083317763128
0.319155545143579,7.53359592243591,0.333827749201092,1.33634110433653,0.390766258321394,-4.30999235371059
0.319671664262437,7.51338187092343,0.334208855502919,1.42535037010951,0.390702261134347,-4.31762420136192
0.320019934890496,7.52268206833955,0.334509971382929,1.51191774098657,0.390607348682774,-4.37714412691173
0.320331628045269,7.50580761883478,0.33479149196958,1.57052788256029,0.390536645972761,-4.40608216778676
0.320649525419757,7.48936098662763,0.33508028177763,1.55215021333343,0.390470892413644,-4.4715959935265
0.320986464342708,7.45749433355496,0.335348047602821,1.40319443698056,0.390398656609679,-4.4435822828506
0.32134733383834,7.41189259426874,0.335630487917545,1.27120253005319,0.390396120357573,-4.49161915115951
0.321658240060401,7.39423065502052,0.335898988925139,1.15441272438406,0.390329108541132,-4.50171851518505
0.322012683455938,7.32160910356655,0.33620453018764,1.15766665726957,0.390255695911571,-4.64281996756699
0.32234195538168,7.31629860877504,0.336533382271609,1.24612083468652,0.390195031067157,-4.65206293489087
0.32269758657063,7.29057510745466,0.336947668708415,1.25602048456471,0.390119724833774,-4.64395596185683
0.322708073340912,7.13184021329869,0.337242629729953,1.2249221305925,0.390063676909887,-4.63775217319153
0.32322238448262,7.1874114659041,0.337505059202778,1.15290356961308,0.39000181436819,-4.61556072059206
0.323556006797926,7.12064213211449,0.337587301082592,1.05306137358248,0.389878547713719,-4.60240814483592
0.323878485630448,7.17254075707556,0.338100698867176,0.999538631214291,0.389799111532049,-4.52331330720188
0.324230190187786,7.13533628148226,0.338139186558323,0.959071267475389,0.389714677210063,-4.55647359353425
0.32457197744496,7.13987599512815,0.33841778606983,1.04337385556638,0.389632904974049,-4.49801784965789
0.324933579759933,7.10813947180523,0.338732801533024,0.941472045328161,0.389552835900039,-4.44373801057208
0.325259382417153,7.10798446133734,0.339047915485641,0.890243459393635,0.389481662155299,-4.29695911685659
0.325603687337426,6.90436999212294,0.339367094589408,0.795124159133809,0.389391391375932,-4.28957743483557
0.32595743954708,6.72063315535027,0.339790461895817,0.959822539794966,0.38932163194976,-4.32227637801794
0.326311887458435,6.54377031574385,0.340106606935916,0.907870024635718,0.389181415899552,-4.38333534402388
0.326795253313497,6.67083830496729,0.340418000591402,0.938254582600394,0.389100542313466,-4.47785461138924
0.327143774322115,6.65347328816135,0.340721193132367,0.789234964900484,0.389099656152769,-4.39351001850522
0.327483038873918,6.64682415639257,0.341027370956398,0.734231803894282,0.388938833450643,-4.41730000188689
0.32783794926352,6.54060567578491,0.341322590562555,0.677353220178529,0.388927415049953,-4.42601017768247
0.328180738909653,6.56076792062397,0.341627829844544,0.669382212161565,0.388828942587714,-4.43965122810124
0.328203255772258,6.53253362681289,0.342106618355577,0.608601859946138,0.388732115116806,-4.33252776167714
0.328531720726139,6.4149366777827,0.342435499874297,0.598288797871403,0.388616664985977,-4.40546327722327
0.328876727156013,6.32464658026178,0.342707783573674,0.62104032301188,0.388509344343563,-4.35702176491643
0.329206576990323,6.23084405505981,0.342749412778162,0.686817276636889,0.38841443369336,-4.22555224290256
0.329580282305859,6.26440182973585,0.343052483869079,0.721865300989215,0.388305969478515,-4.28294329806969
0.33007375316412,6.26068004662599,0.343386059037944,0.61115870863294,0.388140861379102,-4.2098404846947
0.330442562621987,6.27187790820302,0.343706463198934,0.576283842480248,0.388018794095066,-4.1855435543524
0.330763862986165,6.16195286440836,0.344004265445347,0.64335830219652,0.387899194035785,-4.1314074106838
0.331111996658809,6.10394103090857,0.344304417830205,0.698515626330138,0.38777752027573,-4.08230701781885
0.331447536881406,6.15770369099204,0.34463166095365,0.700142805755493,0.387652763266302,-4.06086523715248
0.331806202901058,6.0200855947345,0.34496660839265,0.69631162827806,0.387530772185323,-3.98793509115728
0.33214916889862,5.9766540078207,0.345321548809151,0.632760638916719,0.387403637977753,-3.88107753094223
0.332517973115513,5.92978647003245,0.345798427995189,0.63831469193235,0.387292437631407,-3.80919976288784
0.332876096448643,5.90701608331858,0.346116774423053,0.569997208398148,0.387156787332506,-3.82247142790416
0.333256280515279,5.85266626684078,0.346455823208208,0.605541564219999,0.387152701180478,-3.73339005148121
0.333763555230738,5.87911936859248,0.346770673391273,0.694899788820181,0.386945181688754,-3.79384432365327
0.334132446303411,5.76947673294997,0.347065586255288,0.677863074011938,0.386800487369056,-3.78596706637801
0.334141152237897,5.83970929262219,0.347388034439783,0.570657370382353,0.386664869648907,-3.75266978240721
0.334799752906524,5.80563948090731,0.347658743622568,0.548538828309964,0.386523117265242,-3.73459429640822
0.334850510096077,5.72519106274433,0.347782407794777,0.500824414443592,0.386381123859683,-3.77134563439354
0.335188619680172,5.60905440692724,0.348483854348799,0.53419833038332,0.386218686901719,-3.71892721884516
0.335552956813204,5.54092988306903,0.348547854325273,0.492482617142262,0.386094668132403,-3.79149082421931
0.335906272148031,5.40184160432687,0.348887707030224,0.398038426271932,0.385939192441658,-3.71164585236341
0.336284919488578,5.33488138865011,0.349195013665025,0.22321714250876,0.385773442203865,-3.74489071445887
0.336645849057619,5.24250608195261,0.349537177112049,0.190114914887979,0.385514795071454,-3.69270263172026
0.337100320652182,5.19266934025029,0.349849200619263,0.191136575122172,0.38534174816877,-3.53910563589555
0.337545356036711,5.15453304797211,0.350171139872072,0.313378201763306,0.385160884214482,-3.42184101798168
0.337913683941727,5.17054277537264,0.350495142778492,0.348135564397037,0.384983708317374,-3.3635674977431
0.338278266618371,5.24305393421743,0.350844215376884,0.234899964224014,0.384803746038554,-3.24984748981162
0.338634808054339,5.215210672399,0.351318098084047,0.162580683696793,0.384802228977294,-3.30729581260592
0.338983798403075,5.10555715120395,0.351635498023413,0.0956159579093604,0.384472406061229,-3.30278493187865
0.339361291568205,5.08701808861749,0.351959175046533,0.0995287212291568,0.384469178116505,-3.02168492667417
0.339735114280245,5.00413505475787,0.352302643787125,0.0853135579176434,0.384281980817465,-3.15339550634547
0.340108059400433,5.03882113199401,0.352644144596682,0.163331032030671,0.38409057636444,-3.10511021580771
0.340450414216177,5.00483343466754,0.352952016813147,0.260884729889995,0.383778127649045,-3.15802680820177
0.340467313790195,4.96495841654223,0.353266409690344,0.252312774663463,0.383584940305491,-3.21190312270501
0.340987057954728,4.95242573045221,0.353581559669375,0.220789079981287,0.38337563151151,-3.27686945498303
0.34135979787549,4.88677491710464,0.353621782304577,0.189010418466061,0.383161362642414,-3.3133057134345
0.341713310896829,4.84162534515571,0.353900781504441,0.155472772738255,0.382965241260132,-3.30155562826285
0.342084742005242,4.89517253887926,0.354264888864475,0.154799880350485,0.382750648114966,-3.34288430894095
0.342439725697159,4.72929109768929,0.35471788475637,0.229838299912986,0.382561769299169,-3.23808215408052
0.342798017964559,4.54706421521379,0.355033972579977,0.178559130347061,0.382343467511829,-3.37357929990566
0.343184050580422,4.37859108642092,0.355347198739951,0.149549505146977,0.3819758224903,-3.3605175807645
0.343707836132449,4.42993664886903,0.355686444696434,0.0744443704883513,0.381742727720695,-3.3239333030696
0.344086558403965,4.35678339728327,0.355984033033677,-0.0405177062904791,0.381742240068347,-3.32948307192779
0.344451678868553,4.47135051405644,0.3563223164314,-0.0757185720970162,0.381290398739957,-3.25826780423958
0.344812828164805,4.36569018340999,0.356620946091075,-0.166437316521285,0.38128122118916,-3.18291713958751
0.345161559413326,4.46712859760834,0.356909126230528,-0.157405213106054,0.38128122118916,-3.18972981302586
0.345169405821877,4.43005344995663,0.357249988329227,-0.172102133000463,0.38080818749905,-3.18284753237652
0.345852960713482,4.37868972459202,0.357708328564694,-0.148674114020812,0.380570959276043,-3.15810673772425
0.345894771225081,4.35625655709827,0.358012826382043,-0.19353867508664,0.380346716555639,-3.25542426072623
0.34626005327951,4.30405139675061,0.358308364636628,-0.289340449656952,0.380092750647995,-3.16784646350844
0.346628202667399,4.30755706337886,0.358384307837452,-0.295598501340768,0.379848290135569,-3.14763598578365
0.347120966735966,4.36811268185226,0.358902519700313,-0.40077283960734,0.379598660880306,-3.1843667961397
0.347489281950497,4.27671703096753,0.358944125317441,-0.359803654696471,0.379163418063975,-3.28797500329877
0.347861441991671,4.23966369771254,0.35925154610431,-0.305307026934887,0.378913417257373,-3.3655595083668
0.348234235190169,4.2905682803438,0.359572923271556,-0.338429199406989,0.378634284634307,-3.30095530562349
0.34859797026722,4.33644459366585,0.359866249419359,-0.335524317018679,0.37836106778711,-3.27652830007271
0.348977904553362,4.29380785593413,0.360200722487045,-0.392814570406381,0.378092138808145,-3.35819535743811
0.349507178395174,4.2091433787648,0.360637557880427,-0.404689506719171,0.377856645535493,-3.41605102556271
0.349904781348299,4.18140296058692,0.360953234080203,-0.561133080389058,0.377569576445943,-3.43394500267072
0.350273959612442,4.09942044189878,0.361239650670311,-0.570952755288764,0.377308315128471,-3.60249331409008
0.350616556690524,4.01241031932367,0.361534650929295,-0.533715938293961,0.37701422283645,-3.54756709030787
0.350977406616877,3.84017091907908,0.361810400070803,-0.583112063737732,0.376571880777272,-3.58106977544749
0.351340480353649,3.7029269919643,0.362109112752717,-0.539749655185952,0.376544196940438,-3.51414306340001
0.35136301964603,3.73564618180136,0.362396052859595,-0.68326431325117,0.376280516355872,-3.59730512636534
0.35136301964603,3.72844012332156,0.362670306273527,-0.661651357459252,0.375992738454564,-3.59107432248806
0.352078730601951,3.41358380929281,0.362961900931648,-0.746095276675796,0.375709658046782,-3.68092379392919
0.352654249440024,3.40349300112039,0.36320797802357,-0.680662651958444,0.375433999925897,-3.63658980061213
0.353035127420263,3.07595780623682,0.363310614612207,-0.653036180234182,0.375170659896292,-3.72310091779876
0.353420456424525,3.07425580034583,0.363966686947538,-0.645014680907189,0.374895237428504,-3.73694460414826
0.353769425422091,2.87596570578233,0.363999191186205,-0.651013880421299,0.374606973379235,-3.74904234025538
0.354064632238849,2.75609715723262,0.364252548936713,-0.627045866869789,0.374120547415088,-3.81068114346058
0.354486816314351,2.85084356532438,0.364540607823496,-0.616796818887266,0.373814164396847,-3.84416212899861
0.354853423102591,2.80778163422879,0.364810723403886,-0.622979368097654,0.373505856600325,-3.84542152397089
0.355216413669393,2.73460511862788,0.365078712303266,-0.594968444322959,0.373218832409982,-3.84784338916951
0.355591146442645,2.58648514933944,0.36535303274834,-0.501026271702233,0.3729100459597,-3.89659869017007
0.355953956037168,2.48328812210907,0.365635767578385,-0.533728835459196,0.372605354566534,-3.9920089728561
0.35645058915602,2.41807211581601,0.365906190920224,-0.566119055353729,0.372324973589749,-4.18835788605718
0.356809068270529,2.26604117019968,0.366182138330507,-0.591733213257649,0.372324973589749,-4.2754974265883
0.357189438764203,2.12857869262153,0.366582177176994,-0.699934131017659,0.37202436449577,-4.3398979482515
0.357202163501794,2.11987270029534,0.366843623904092,-0.724166871334113,0.371731180882993,-4.36522853940169
0.357816824400281,2.03767405232168,0.367089498375155,-0.701184483506662,0.371229050474962,-4.38516550817599
0.357861719101357,2.04946547046586,0.367356707131375,-0.707528001129825,0.37093189873003,-4.52037962652243
0.358191006808014,1.96495902935634,0.367613541353062,-0.702905520624789,0.370607839910241,-4.70477762472265
0.358554055774127,1.90785577473664,0.367862611513666,-0.90317530262739,0.370306535307164,-4.71456770336018
0.358903202555965,1.94503217641629,0.368073144500409,-1.0398368864406,0.369992361454696,-4.57296027171239
0.359258727451909,1.89483605628862,0.368142048992113,-1.10775064265093,0.369691843540699,-4.52523537927844
0.359598960547407,1.87055817265082,0.36859056152529,-1.10844757945749,0.369387542803582,-4.50035377976203
0.360146850080969,1.66976696091163,0.36864709945932,-1.06832849767499,0.369131149711887,-4.66381101669831
0.360489420643784,1.26323051252133,0.369013573462727,-1.12193371866189,0.368776472076025,-4.78975133796416
0.360837457620395,0.910265439470689,0.369258592235428,-1.18835901399874,0.36828338043296,-4.57212712438926
0.361163105768009,0.85902406111656,0.369483915012391,-1.24376409660708,0.367991444490582,-4.46104514205608
0.361482432569513,1.13465657759272,0.369729557150071,-1.35859193476961,0.367682907173183,-4.30279400339697
0.361841004053543,1.2622089151723,0.369960831948216,-1.41902820404704,0.367364389324351,-4.48477170707482
0.362184229524449,1.16950814709926,0.370215944090287,-1.3891746942798,0.36735782334216,-4.61941691652452
0.36249891990081,0.839123363554344,0.370444174031675,-1.50445515854853,0.367056296820346,-4.6899548169295
0.362844086024788,0.549065331527546,0.370696159386884,-1.41180921038968,0.366755720411523,-4.59372633484847
0.363176596882887,0.401029864545814,0.37094294805393,-1.52142090183048,0.366487365667017,-4.48003156659023
0.363695315875069,0.349197511227193,0.371319168780534,-1.43564220536035,0.366169379233137,-4.58454437201138
0.363725304786016,0.439615731984746,0.371551563544945,-1.46816930364282,0.365862128499674,-4.75034412167773
0.364029416756874,0.437020785921926,0.371779084281088,-1.55024057305273,0.365374239721997,-4.93628335289498
0.364318481328679,0.358792259135024,0.371974442571185,-1.54562742797156,0.365062529847834,-4.8472565463248
0.364656677266134,0.302575859487054,0.372175079303842,-1.66834969291621,0.364770170356362,-4.70542474665827
0.364976750002609,0.185377175434082,0.37220650315736,-1.68583345692909,0.364467097544208,-4.65036855067598
0.365321381325021,0.183716233801638,0.372435035303711,-1.79053341566236,0.364143982279875,-4.72204709743113
0.365650637308043,0.259808643713066,0.37265767594488,-1.77083437343591,0.36384415827408,-4.85514212212583
0.365971873434602,0.188200104477218,0.372879383026765,-1.80359232798329,0.363542423426139,-4.91869209685029
0.366304159742773,0.0693512627123487,0.373105330989169,-1.8054578354201,0.363272548776857,-4.81394035576529
0.366645852477205,0.0476003610647115,0.373424766520916,-1.73852877297266,0.362946465414749,-4.74296307712702
0.367124255246953,0.0838369412494582,0.37364397770694,-1.75480345977059,0.362633791634624,-4.84175378357107
0.367452500149111,0.0648961966419801,0.373872837683435,-1.83768010567377,0.36215608926541,-4.94254128663905
0.367780395291083,-0.00544487703277929,0.374090486305666,-2.08904773212283,0.362155630846447,-4.9952120473597
0.368093432643556,-0.0655549207964981,0.374286620763779,-2.06480601231591,0.361554600775724,-4.9182964470668
0.368410338976623,-0.189900404156297,0.374492281614337,-2.17297873490229,0.361547593341487,-4.95196026358985
0.368726879917743,-0.219079207880033,0.374703983079233,-1.98403333212745,0.361256237399711,-4.96302630399138
0.368745356851583,-0.305994871483731,0.374935165943512,-2.04650630456853,0.360957660406964,-5.08359436647973
0.369338988402201,-0.390626673081123,0.375134501691089,-2.08895257949265,0.360656254098115,-5.16779260686239
0.369377082154086,-0.562508414894854,0.375337186790319,-2.27078378673748,0.36035239565394,-5.24468543604671
0.369830103879497,-0.731726287225977,0.375562340458437,-2.29743797090228,0.360100444411927,-5.16452236241666
0.370141782357551,-0.953461459449936,0.375864252289844,-2.32429332452584,0.359767467769587,-5.12937567973258
0.370435877508695,-1.02869141253793,0.376043082593212,-2.31215479846767,0.359475777290661,-5.26252483395755
0.37075106812718,-1.14826171088785,0.376072551375329,-2.46397132505861,0.359025136099224,-5.34257897759834
0.371056863298982,-1.23089072882686,0.376241194256854,-2.36853030241554,0.35873651605438,-5.38295609582804
0.371360622690805,-1.32274149352607,0.376435822707115,-2.36261439356117,0.358415580499776,-5.33586431104118
0.371674896964842,-1.42988429043478,0.376634094996842,-2.38267751172262,0.358123013105363,-5.14117730764721
0.371968019670284,-1.50750656271115,0.376837166221885,-2.46403411235686,0.3578418376809,-5.16159993142546
0.37229563240929,-1.58855732015793,0.37702739601369,-2.48389093665654,0.357594773887932,-5.2291991832478
0.372587205742913,-1.59120320245633,0.37721362044806,-2.54228789976676,0.357272616237226,-5.20209079508701
0.37299547123625,-1.56945864721398,0.377396046802374,-2.48522845922839,0.357006316538239,-5.14175698725505
0.373321239612827,-1.55055639265851,0.377595383383252,-2.45177773773257,0.356997705407414,-5.13022938485483
0.373609578995246,-1.52536831136293,0.377881624095357,-2.54226287270629,0.356290854091317,-5.01384211697716
0.373901024903292,-1.49116316072539,0.378045733309442,-2.55717186261715,0.356262411907611,-5.00315300812539
0.374197686000025,-1.52054551077097,0.378219947832267,-2.66103496875085,0.355975719988955,-5.05941751751706
0.374493364790892,-1.5629449095993,0.378408808261987,-2.67870741974315,0.355675816774157,-4.96271104090302
0.374509085750935,-1.6263944523357,0.378603680711019,-2.54038076165812,0.355385763579772,-4.85579250185467
0.374798574721172,-1.63897179460352,0.378753402103155,-2.54353190247403,0.355090064048456,-4.79173265214497
0.375081023471419,-1.78847024234237,0.378800975447075,-2.59593226972759,0.354848984865839,-4.74884174156094
0.375344755361869,-1.90427522736073,0.379085432958424,-2.69572009258939,0.354546830301503,-4.74799975438029
0.375768167758115,-2.08598166122375,0.379121281845615,-2.79829822720758,0.354263127357772,-4.68753632141789
0.376091307296299,-2.15644897664297,0.379370058960856,-2.79641193216766,0.35395087368216,-4.56354377815187
0.376371044226409,-2.16914682967836,0.379516915794241,-2.78877542808009,0.35352715172612,-4.50957772608854
0.376651702245591,-2.20002581848111,0.379689017071439,-2.86111899936615,0.353237742832611,-4.47215977811726
0.376934355494086,-2.29561133576029,0.379858808774,-2.85229483493873,0.352947743691045,-4.5178684847524
0.377219093344236,-2.29511872604852,0.380022806478859,-2.86161999778665,0.35265798158637,-4.44996806307735
0.377501489259571,-2.56415908020666,0.380179779580823,-2.99488642792332,0.352367456917641,-4.41978546006949
0.377770917010268,-2.61414104075767,0.380345019653752,-2.98805035936364,0.352081774220006,-4.32621828171529
0.378067429536055,-2.59517794682381,0.38050697592643,-3.01405056705291,0.352076840416344,-4.23098900510552
0.378321945812861,-2.5174631519846,0.380671211356447,-3.03406718955482,0.351522673744648,-4.01456036596776
0.378713259516544,-2.52832604229572,0.38087670965696,-2.96914705515618,0.351522673744648,-3.94300181644739
0.378981454441333,-2.60244357493249,0.381025860208174,-2.94238394492477,0.351219209374506,-3.9734253761502
0.379001005554026,-2.6630003230344,0.381172409463968,-2.96120482523646,0.350918488166935,-3.92429040272462
0.379489732209036,-2.69244456098802,0.381316591975406,-2.99422373243678,0.350436616017215,-3.81963105624191
0.379526886537308,-2.6095329760974,0.381465726068326,-3.04120769706279,0.350148746610498,-3.64076750568609
0.379781887818511,-2.65704247195334,0.381465726068326,-3.05493418356436,0.34984246598251,-3.45770716877863
0.380041493439291,-2.79774120334989,0.381633799366602,-2.93136809593114,0.349546656431543,-3.39461038775442
0.380299714406547,-2.89629606260272,0.381777361539824,-2.96281580574733,0.349239764866041,-3.44231296266046
0.380555518623613,-2.96159836014072,0.381939370448838,-2.96541139382981,0.348967617208605,-3.39916520517275
0.380817231745489,-2.99797519213103,0.382147966745415,-3.04587147086598,0.348685498057997,-3.27244828864717
0.381214887839334,-3.0133925514808,0.382283699323029,-3.02540431887774,0.348359925117921,-3.08784175770248
0.381451858120466,-2.98637658306134,0.382401111906015,-3.10993949257898,0.348039234304322,-2.87093706206767
0.381704279458928,-3.02708404777463,0.382539960380408,-3.01050253435343,0.34756919685588,-2.85625213708156
0.381936088600447,-3.08745144492704,0.382678225671454,-3.03004505620958,0.347273328954187,-2.83505338083651
0.382184921509191,-3.18030472344521,0.38282328975265,-3.04370829927004,0.346954453207942,-2.81338612273583
0.382431045167316,-3.19937259348864,0.382959392046871,-3.05200492445963,0.346954453207942,-2.69223354641804
0.382674619141264,-3.16040086435927,0.383097872405771,-3.2637210795025,0.346348044672559,-2.50013184902733
0.382914325824276,-3.15601098269792,0.383278711070806,-3.19747871021554,0.346341068531858,-2.36927845503843
0.383153327006293,-3.1739793116817,0.383405248239309,-3.1673217393857,0.346029329982096,-2.27781253641601
0.383167344994023,-3.28170236519098,0.383519876874099,-3.13077175279902,0.345737788108176,-2.31551025298194
0.383167344994023,-3.24280594966212,0.383625469552082,-3.07261822482105,0.345426265622648,-2.28790085277498
0.38369646296981,-3.36355901552186,0.383648943393314,-3.06251987565826,0.344950108040885,-2.25888144535632
0.383955968525791,-3.34819881882534,0.383846188746382,-3.03709662407297,0.344588342031491,-1.99395363015282
0.384177748855088,-3.28420648001809,0.383859816471966,-3.05141043433212,0.344281661625497,-2.05100305950156
0.384391459415556,-3.34971463175525,0.383977275130016,-2.98661271558972,0.343947134429502,-2.09761352622208
0.384615510546737,-3.43557247843805,0.384094777682419,-2.94811337563108,0.343626821815542,-2.13187692955684
0.38483009296765,-3.47708524722585,0.384212406676429,-2.80105322046295,0.343310266144699,-2.13024279775895
0.385052602761582,-3.46900023317746,0.384368059015074,-2.89596331149854,0.342994981817565,-2.07102070641839
0.385373787619058,-3.58244487971581,0.384473023263579,-2.92512690104475,0.342694957410813,-2.00989190026789
0.385610835297099,-3.57100037180695,0.38457249700321,-2.87610868581931,0.342349617883948,-1.93876393727939
0.385795148624858,-3.5378004903974,0.384674371819123,-2.95044390184305,0.341835272826863,-1.89524868179893
0.3859854469472,-3.62181637944431,0.384765175020799,-2.99800845523845,0.341820948933439,-1.89253512756818
0.386191693027213,-3.68140159259258,0.384873451083783,-2.94785890495101,0.341164962654027,-1.85599794573302
0.386387861905227,-3.77996936759598,0.384973059327799,-3.01123219598351,0.341135267064682,-1.90246428581317
0.386599933738411,-3.84332148773216,0.385059837464809,-3.00295347795829,0.340813636454428,-1.76755978767402
0.386616459213402,-3.934909473573,0.385153897503734,-3.12004199633129,0.340450144243646,-1.70279291838367
0.386802130215715,-3.91764366229984,0.385282253710768,-3.09559954491311,0.340128508304949,-1.63942476192785
0.386810184490791,-3.81282407217178,0.385363670753511,-3.04080658576721,0.339798622594252,-1.5584444379788
0.387175036419798,-3.83545619954422,0.385380727666136,-3.04309909742353,0.339485806657358,-1.45636310421922
0.387492337033625,-3.81929859729696,0.385399310254034,-2.95514317695109,0.339127973798824,-1.36495328101338
0.387692205022464,-3.80420552214513,0.385525479117564,-2.87969761849564,0.338799529255022,-1.25951444005005
0.387869933814174,-3.90231017852344,0.385605712196003,-2.87258782293614,0.338206210019471,-1.27032240080411
0.388046802419473,-3.91658652679657,0.385682418842358,-2.84288225276923,0.337867115964662,-1.26471028419796
0.388221767304473,-3.97416894912528,0.385753129063115,-2.80287238966603,0.337479597477713,-1.32985711312445
0.388387610044833,-3.90358771031062,0.385830039350062,-2.77914348630038,0.337146312135537,-1.3414582348524
0.388567714862307,-3.93787697744966,0.385926672298791,-2.78687646364402,0.336777129033532,-1.29063899148761
0.388739716491956,-4.00005560713015,0.385992435684552,-2.59499409779179,0.336426191728529,-1.21299051084631
0.389026319394411,-4.10086852765906,0.386057273418216,-2.59597554223406,0.336056774429451,-1.23953244340057
0.389206016128371,-4.19930139655122,0.386107835589681,-2.61922629203481,0.335735733069677,-1.32414081259539
0.389355106889295,-4.24545078943622,0.386159807488951,-2.62617680031278,0.335366088237609,-1.38623880342418
0.389362237065824,-4.28138525089428,0.386219419372653,-2.60347463533851,0.335014203107431,-1.3224486224644
0.389654744215149,-4.23186083300191,0.386264074033983,-2.60056011388779,0.334996722760942,-1.20936832561764
0.389661054210802,-4.40226776676236,0.386311990604722,-2.53562329109251,0.334650441514213,-1.32140502053618
0.389814711083975,-4.43296952609651,0.38637715959899,-2.50729448450728,0.334050286999136,-1.34183418830652
0.389964891870212,-4.65947650280691,0.386388013237643,-2.58012782697056,0.333707033926638,-1.34199719825173
0.390133782858754,-4.68480866965085,0.386457619967449,-2.64424132025187,0.333312628501399,-1.29042732859334
0.390274819488775,-4.70145704383124,0.386463224634412,-2.68580751010232,0.332955424941898,-1.20762402045705
0.390503226539608,-4.59653330642133,0.386500919137019,-2.64106415981716,0.332562852725392,-1.18942030540894
0.390660619532524,-4.61581077104874,0.386530965733174,-2.56949832867455,0.332223345797674,-1.13129781534647
0.390803743099277,-4.66934531124183,0.386566359332462,-2.53995159414973,0.33186521036016,-1.1271472841554
0.39094821270688,-4.71360356430189,0.386594772484676,-2.40820299389532,0.33151852137391,-1.04240381512782
0.39104810254315,-4.7032261043201,0.386618085157076,-2.37638433191689,0.330935300614001,-1.06402149755921
0.391169499530091,-4.64619091811824,0.386639405768744,-2.42087450052252,0.330561791914931,-0.975229027255042
0.391296134258288,-4.75961998001145,0.386671841631904,-2.34780727926767,0.330173225378345,-0.909848854939436
0.391434742277999,-4.60655208549738,0.386688894484944,-2.39495862618455,0.329799309272562,-0.974880804553828
0.391559406595644,-4.72774910746804,0.386702214539251,-2.32827226158589,0.329430965916771,-0.852748147998291
0.391684242575224,-4.80990500418434,0.386711024880858,-2.21869363459074,0.329419829986578,-0.806872983984069
0.391870671283338,-4.93057075533815,0.386723146669561,-2.25098643026251,0.328718247856206,-0.81628288640201
0.391882138487638,-4.95961806897822,0.3867264016934,-2.19052504516158,0.328685657611942,-0.778253007130174
0.392096113958331,-5.07135448030231,0.386730791081956,-2.23371043556743,0.328338004603197,-0.829738338021491
0.392109824501174,-5.1364542568521,0.386735980479626,-2.27463339070487,0.327987498892059,-0.853069236573997
0.392216872557779,-5.18117845627474,0.386735980479626,-2.24594072167296,0.327466434273695,-0.854219903658782
0.39231425203655,-5.21272470819975,0.386735539473302,-2.27896622277609,0.327055385577413,-0.802366766991724
0.392419232830612,-5.28208414311411,0.386733618536572,-2.34939603671258,0.326703095437066,-0.822884533721385
0.392524828210111,-5.35755064492875,0.386735146071159,-2.3228789541414,0.326350886832554,-0.779008462607076
0.392624638516206,-5.37310124312909,0.386734221236457,-2.34781699226959,0.325974009733194,-0.724162834690326
0.392719489002581,-5.43763441902441,0.386729838008427,-2.53748934353223,0.325589669086234,-0.660024769939034
0.392862494270922,-5.38353489235706,0.386722198558478,-2.59633060412196,0.325254499636739,-0.596152464367435
0.392946375733074,-5.32720111694431,0.386717323793206,-2.60617869130202,0.324920129967462,-0.526346496626592
0.393033082876235,-5.35352939299926,0.386709968199522,-2.5819750665716,0.324556737478018,-0.508297258294211
0.393120987201443,-5.4038263701816,0.386697154466013,-2.58537833700289,0.324019154573929,-0.507105579642023
0.393215442354384,-5.47252095249397,0.386688105229381,-2.56632626537499,0.324010763795729,-0.47891159443495
0.393287126995055,-5.49460402162196,0.386673520630933,-2.59987871634653,0.323314773087348,-0.37570987499522
0.393368338240671,-5.39552401544428,0.386653861242494,-2.65448843591218,0.323285055706514,-0.337251283355884
0.393438390895068,-5.34107823825619,0.386638696344572,-2.64905856252001,0.322946499773657,-0.333213448728831
0.393442034158702,-5.41239054970007,0.38661880928463,-2.53433455436361,0.322584953980661,-0.280001636207398
0.393516611391832,-5.38836240852793,0.386601526129986,-2.41010025032349,0.322254610990607,-0.282575350325826
0.393621703477057,-5.50654158390311,0.386575458137731,-2.45274199579832,0.321918839366609,-0.216432258267924
0.393703612267586,-5.70765226330391,0.386551205292414,-2.43329761516668,0.321615268430399,-0.154708182483427
0.393766441839936,-5.75180093830889,0.386547129960263,-2.51156501313773,0.321274083781119,-0.108989008855034
0.39383673576321,-5.7773244470318,0.386520425067477,-2.5592311203959,0.320771662258231,-0.135206983103341
0.393901716023555,-5.78901205804595,0.386477997004301,-2.48809489947507,0.320441779213226,-0.1189604573725
0.393962017097424,-5.77577858373807,0.386447023404491,-2.41863648687545,0.320127025366901,-0.0499220011600743
0.394011858498288,-5.92433540229586,0.386411289245067,-2.4232078410537,0.319771356888506,-0.0251886925343272
0.39406769949816,-5.92623283045005,0.386380293823021,-2.32989342012409,0.319457174149203,0.140475206087593
0.394119537097847,-5.93709668427971,0.38634940977261,-2.42804341312944,0.319135055612454,0.177927390256518
0.394165627594167,-5.93914332822707,0.386308053403631,-2.49709341722485,0.318837598170155,0.202065676002344
0.394241456757856,-5.86464086380087,0.386263518896467,-2.46730227784519,0.3185241212282,0.192333227756589
0.394290555513452,-5.78311931949644,0.386221653236142,-2.45066627277087,0.318225609379918,0.245582018331665
0.394332086132619,-5.86201356854589,0.386152965853299,-2.32088305729514,0.318224346090947,0.217143954712954
0.394373984185904,-5.85546607658789,0.386104149065245,-2.30954625409972,0.317519386856492,0.17846470967823
0.394413209196286,-5.86387824238712,0.386059114539968,-2.31704427762856,0.3174743515601,0.279481358037658
0.394440607945644,-5.90870047961339,0.386044976781373,-2.29894738542192,0.31718174735957,0.292019271099018
0.394442042851962,-5.86640592861573,0.385962224007097,-2.30536152742748,0.316886859377442,0.379762020304347
0.394481691423947,-5.91015330059373,0.38595469256094,-2.34185540004605,0.316608375092846,0.423298009646493
0.394484161194542,-5.93461968671818,0.385899172295766,-2.32983125978622,0.316334982523381,0.494247323055775
0.394545054735143,-5.90665087255085,0.385841461530654,-2.18706841636771,0.316052897228481,0.544200598855193
0.394593249712194,-6.01717185423653,0.385787143342429,-2.2221991777137,0.315772723852336,0.547616805780017
0.394617439018338,-6.1017720687354,0.385725190482018,-2.20011180851948,0.315517150062452,0.577833351777439
0.394643981690998,-6.12015383317665,0.385626246508381,-2.15462569288605,0.315111485311197,0.578812902719913
0.394662088153692,-6.17756951236119,0.385562033557552,-2.20518891728447,0.314874300998704,0.637490995187078
0.39467847736995,-6.18610829896489,0.385494706764718,-2.28288114245764,0.314631972054121,0.74320114259614
0.394691641451667,-6.21154609989666,0.385431167361973,-2.21446156144198,0.314362818946049,0.767072757371909
0.394708957441678,-6.2430786083701,0.385364894214725,-2.20276815868305,0.314092670735657,0.741187850386722
0.394724643457906,-6.43800989670923,0.385295879526989,-2.20987000300029,0.313856184599891,0.85867233230733
0.394734820057348,-6.42941616906485,0.385226454440921,-2.2202137557012,0.313620010721859,0.806414127989459
0.39474863471808,-6.41577581635864,0.385158779573765,-2.3761811458526,0.313619076457824,0.821395660633943
0.39475609249415,-6.3251262027976,0.385083218570548,-2.32296792477004,0.313375661152028,0.882994266311669
0.394756360024902,-6.32461206417157,0.384968973081907,-2.32597615952746,0.313146020690252,0.923559752848629
0.394760333144478,-6.30062456819576,0.384907293527269,-2.20865760518547,0.312815420579711,0.96102651661987
0.394760557624081,-6.23253991007323,0.384884128465841,-2.24163867755109,0.312602739018553,1.02055848989347
0.394761386962665,-6.29206013905278,0.384769192346335,-2.22234041153653,0.312379169199071,1.14301493732269
0.39475965618987,-6.41986983226144,0.384756279658153,-2.23521784749444,0.312158622720692,1.19207770997056
0.394755239231732,-6.34719916436568,0.38468281483108,-2.32674325645538,0.311926461692748,1.20044696407519
0.394750426882271,-6.31164380672478,0.384603908284945,-2.29843564671402,0.311723820030342,1.25235986663137
0.394745727953213,-6.379092420446,0.384524777628973,-2.31409821291562,0.311525905346142,1.30196730683508
0.394746084155888,-6.44659736025722,0.384435559342218,-2.26155638944342,0.311320941489776,1.27089267799067
0.394739284236344,-6.5750821218167,0.384322059077854,-2.32430369045,0.311120006209502,1.27121505430854
0.394736542531965,-6.72833593045559,0.384240965298871,-2.30677689767478,0.310850584108621,1.37035972628808
0.394727957051651,-6.81609811594186,0.384157996365168,-2.38640969345933,0.31065249090202,1.41031850162754
0.394721458157789,-6.88767230052508,0.384076888156394,-2.43923928724055,0.310469067321844,1.42982031031983
0.394716796362826,-6.98879036060021,0.383994965197703,-2.51210317202681,0.310468916361499,1.49572558062764
0.3947118357084,-7.02652497404365,0.383912248444498,-2.45827238899373,0.31027539990346,1.51649298738762
0.394699794361823,-7.18797801695084,0.383825778881871,-2.46561567298958,0.31009908059405,1.481156672792
0.394691135255496,-7.20934260015219,0.383746636370278,-2.47918945618393,0.309930645266667,1.58579305943046
0.394679216464271,-7.24380653168637,0.38371460275053,-2.4775716950338,0.309750385513644,1.63143756844525
0.394678080743013,-7.33552613580867,0.383515679029668,-2.63126615576664,0.309581063847499,1.62818719924571
0.394662341410633,-7.29079045305734,0.383502278122028,-2.67451124756025,0.309347163859478,1.69019432414571
0.394661254974814,-7.25452195747239,0.383409210108283,-2.65448744409387,0.309193030416774,1.79000424047457
0.394634574443457,-7.19028260224707,0.383322703655561,-2.53516639095615,0.309056001880079,1.73024201421235
0.394613800561893,-7.34749086876729,0.383227065467136,-2.5823933673171,0.308907489559825,1.76075333122982
0.394599015219031,-7.3529594762847,0.383133477143167,-2.64430030605323,0.308742063092137,1.78245111272707
0.394582268870548,-7.27443638927156,0.383044352119124,-2.69037028843904,0.30858932216175,1.7958279650479
0.394561155678183,-7.16869827082369,0.382948475228605,-2.71640916375345,0.308447329438108,1.77736715118564
0.394543674938046,-7.1106490375857,0.382854790366026,-2.80168587773731,0.308305354407452,1.81627658902119
0.394514734152881,-7.13881870343444,0.382713865532371,-2.71227027742042,0.308167651758447,1.87582021585816
0.394492651721584,-7.16898059766198,0.382624183842067,-2.64121880021576,0.307987980508228,1.90453789822189
0.394471796492705,-7.20832246560506,0.382529001214431,-2.6684232994451,0.307858978097225,1.91493332100583
0.394445748700585,-7.23955862568527,0.38243024664187,-2.71748456117035,0.307742853078516,1.92058389959645
0.394419772340794,-7.20861464667514,0.382334240064948,-2.76792732725852,0.30773893462237,1.90073243457126
0.394397369038319,-7.29417381976203,0.382234985495702,-2.78420271536025,0.307515885517914,1.8748534063306
0.394395676840128,-7.31004502590109,0.382135101874098,-2.71094788485363,0.307507446853333,1.86022309448788
0.394343611594925,-7.28565298816391,0.382053020737636,-2.74509796303602,0.307401810378787,1.92038286721108
0.394342349588212,-7.42572966505607,0.382038765364222,-2.70994958640905,0.307287093457257,1.85289556756808
0.39429820250309,-7.41340934770254,0.381929224782173,-2.75174449261142,0.307195027235134,1.8216992635219
0.394264213012681,-7.33399819537149,0.381786324613355,-2.66548784149849,0.307083315957609,1.82927193572289
0.394229540506947,-7.28656962122734,0.381686168022661,-2.79195895745383,0.30698667657756,1.89905533758553
0.3941932800134,-7.20508651279918,0.381589916184976,-2.8663741999447,0.306849188842948,1.89389184966059
0.394154697598892,-7.13174808872892,0.381485753431145,-2.85353344916588,0.306749540160452,1.87841097927996
0.394113864169762,-7.05366810217885,0.381384579042999,-2.80618517239117,0.306656307653435,1.88262863641814
0.394070175355002,-6.96438655020836,0.381279506306745,-2.73701855659086,0.306560493991273,1.79218479064509
0.394028312448124,-6.89158980300999,0.381165144103048,-2.81120365521804,0.306473481089315,1.8348135546359
0.393987484347133,-6.86509606145027,0.381051303049689,-2.79593929663825,0.306389558412552,1.74995512019769
0.393912230678311,-6.72935258440727,0.380897811505464,-2.84949230561392,0.306310700981827,1.71879249614239
0.393866798041105,-6.65183982807671,0.380803018672,-2.81921252023299,0.306239481214649,1.72417315514426
0.393816920561132,-6.6758337419762,0.380693796244476,-2.86793851180561,0.306160190138492,1.7571788974441
0.393769347257624,-6.62763038009074,0.380587493864894,-2.78202561383799,0.306092047260864,1.74140305339085
0.393717848392365,-6.74598162774969,0.380492064056482,-2.84986489880971,0.306089819290019,1.74362064625308
0.393666416977902,-6.71460714157574,0.380460746484115,-2.84850855892214,0.306005768157943,1.75346950943666
0.393663591634503,-6.71463623029905,0.380276069784768,-2.89742674624389,0.305942507962599,1.72402222043219
0.393608829473954,-6.71249907293674,0.380262917595807,-2.93821809591025,0.305877909486508,1.78445293154075
0.393555204211651,-6.66923484914583,0.380149715964019,-2.92454440735064,0.305817366534287,1.77885911131673
0.393500210787234,-6.72270297110772,0.380015041001161,-2.9457543389026,0.305762787434002,1.85330548865783
0.393407060345343,-6.88709549777036,0.379844845670082,-2.94207219858646,0.305703875884806,1.73681120691162
0.393348486558453,-7.06127253643692,0.37973523757824,-2.92894049690316,0.305655660590987,1.75843974273665
0.393298572864469,-7.00437315959759,0.379628880640519,-3.03981351352025,0.305596924581958,1.76891187140669
0.393237918393791,-7.06220306229344,0.379543576879985,-3.0730053112854,0.305551712737025,1.77547796684417
0.393174008993079,-6.93289111618174,0.379427349803235,-3.09893389209853,0.305504827112841,1.74696657068237
0.393120772273225,-6.84866682975476,0.379306850508317,-3.02755097430851,0.305463173481693,1.73009543137804
0.393045328918882,-6.83933746211409,0.379174563878227,-3.03454474417627,0.305424490405454,1.7765819782405
0.392976147543133,-6.86016006574864,0.379058001787079,-2.92403851987289,0.305387317678747,1.72013817765678
0.392900830573578,-6.82374028325415,0.378926707179479,-2.89761872892289,0.305356548562252,1.73003327134865
0.392768620035357,-6.77627815983636,0.378741107661651,-2.91842677375536,0.305319698053275,1.69418536121266
0.392693705160974,-6.63345581594661,0.37861458082903,-2.90155090447789,0.305319698053275,1.70336773177202
0.392625501295392,-6.49370858729938,0.378509338532599,-2.86585914747094,0.305319528406744,1.74869627932768
0.392545193481145,-6.54091135999816,0.378509338532599,-2.79017723314237,0.305266362558021,1.76164922090296
0.392540784929328,-6.575489501566,0.378465666074721,-2.66681060158332,0.305230311567584,1.76618809321137
0.392463484547873,-6.50269151904722,0.378247382066418,-2.67240085114033,0.305203647733857,1.78702906230982
0.392378421581635,-6.55218808857296,0.378122482162002,-2.69228819372771,0.30518553983474,1.80803612036062
0.392298139180836,-6.49732708144192,0.377987291713792,-2.78414207020513,0.305164804139357,1.77395370951387
0.392203637630475,-6.56802299614943,0.37785373668625,-2.79791944225113,0.305143980244252,1.76248437269733
0.392118969307091,-6.63420336143435,0.377725365449661,-2.82640022240418,0.305122979676709,1.77144203470276
0.392027599044793,-6.62196473561499,0.377585255724925,-2.80045406891398,0.305108389996531,1.81729636276527
0.391898931551498,-6.77335174729421,0.377387574176375,-2.81017616909807,0.305091782945016,1.7789827145304
0.391801699964863,-6.78785863389591,0.37727049318567,-2.86803256008151,0.305073149396918,1.77553671313061
0.391706039118283,-6.80452901624778,0.377140970663407,-2.87850983187474,0.305063865275043,1.79450833242549
0.391612058292182,-6.74946395447571,0.376997144656332,-2.91240265636607,0.305054539830979,1.78243837643856
0.391516314457738,-6.74155733646624,0.37686231616851,-2.87598882644279,0.305043390971781,1.81199731978726
0.39141158210622,-6.67790059435546,0.376713131724632,-2.83806123986464,0.305037686248607,1.79857869913776
0.391316914221929,-6.76299721359468,0.376572336908403,-2.73921906128453,0.305037654815804,1.78670947174323
0.391212794205542,-6.79995105328923,0.37643420317123,-2.73238942458458,0.305029953700191,1.80545032734769
0.391104306146397,-6.78728100084937,0.37630182938651,-2.69088545599149,0.305025444361262,1.83372880495086
0.391097427987451,-6.78370544204429,0.376182443038339,-2.71532478747994,0.305028849081417,1.88849190181664
0.390936525387959,-6.6234840002896,0.376131171196981,-2.75492607030225,0.305022187066716,1.8237041531679
0.390927827217798,-6.60280364148821,0.375803745076908,-2.71754077730894,0.30502112023678,1.8867129835837
0.390738143698597,-6.71940811341072,0.375785034899995,-2.74776713983752,0.305036147242492,1.91846170375593
0.390620240687416,-6.76697746039099,0.375657337196246,-2.58206811941437,0.305035128664022,1.83662053726313
0.390506188929487,-6.82791493792643,0.375526218791106,-2.61638234464927,0.305036476982381,1.90288263512333
0.390386206739716,-6.80001282081827,0.375379777564327,-2.60535597042052,0.305046795743482,1.88568102444642
0.390263951261909,-6.80089664199514,0.375224137144939,-2.72817302005276,0.305056391098672,1.90912419326372
0.390154794631174,-6.78698131138667,0.375079180093399,-2.76950091175984,0.305065596069786,1.93678139043072
0.390029513117867,-6.77710050108523,0.374921207163761,-2.69980736460107,0.305081687589445,1.94137600713478
0.389861854127186,-6.79609976170676,0.374768193231459,-2.69235230890937,0.305096490973245,1.9765314698936
0.38972762678762,-6.98059923352365,0.374609361195527,-2.65130089370327,0.305115394961303,1.96391182423944
0.389592014157583,-6.88222482933863,0.374380833506532,-2.62134984644088,0.305156124423555,1.95620266785945
0.389450008696298,-6.86450766307189,0.374239137746987,-2.73654663623957,0.305169415179509,1.90369341771797
0.389330700712234,-6.79688399936048,0.374084032050353,-2.86862828361819,0.305193743984157,1.95704010196718
0.389204785983643,-6.84745221927461,0.373908300954966,-2.78990184890525,0.305194637513689,1.88199904947046
0.389069299455886,-6.84405816031519,0.373743635197021,-2.69627661520466,0.305217123755547,1.95540600178071
0.389063939183622,-6.89205112297607,0.373596680562517,-2.62529980991771,0.305217951405342,1.87576797912745
0.388808188344417,-6.87761781335659,0.373596680562517,-2.61959019775888,0.305275911477718,1.86508200088774
0.38879162637999,-6.85533752291426,0.37354656302816,-2.63887017105651,0.305307267076314,1.90337194376947
0.388584006066959,-6.81477281799456,0.373230033735329,-2.64599267829836,0.305334193611901,1.86358479028578
0.388439394119473,-6.78378719426846,0.372968985809071,-2.76431842202529,0.305364916518284,1.93757389933306
0.388300188892333,-6.68177958607787,0.372804226975778,-2.65432794654833,0.305386060922677,1.96448536646931
0.388161104602603,-6.67006233027052,0.372625714140281,-2.66112833171372,0.305444822460803,1.91744519679625
0.388014329486834,-6.73660247061129,0.372461979834426,-2.56557685156386,0.305467500538107,1.91599408294385
0.387856872690803,-6.71571443988083,0.372289735634113,-2.58229481803287,0.305506086695875,1.9403429434759
0.38770141127221,-6.76224015781882,0.372114033267505,-2.60584292364784,0.305547619563596,1.91330091700291
0.387545953509028,-6.63031579567208,0.37193495814613,-2.67377757586916,0.305584133655879,1.87468484963528
0.387416821296935,-6.6059600706018,0.371750773648113,-2.65956393540997,0.305626554676606,1.85416790564529
0.387257862315315,-6.72794870330595,0.37155523827302,-2.66383112408385,0.30567462481055,1.86328596053256
0.387112284746971,-6.74802542264626,0.371272063138149,-2.63481155242639,0.305674686284491,1.8924250568171
0.38686168223065,-6.78231359396446,0.371082294358276,-2.62181123338249,0.305756894839266,1.88458349291097
0.386696160524531,-6.64728128830438,0.370929633446381,-2.63975437329631,0.305756894839266,1.88149574520576
0.386536561469971,-6.67543322716279,0.370869359232808,-2.78497541570302,0.305836276439357,1.8089084307874
0.386527349208118,-6.66411264898713,0.370570705861722,-2.87350507949616,0.305884053944152,1.79119769219611
0.386360040189655,-6.57035107536132,0.370570705861722,-2.92375424892588,0.305937264825178,1.79794519966366
0.386201891992784,-6.43951613722802,0.370527343674967,-2.77697953057494,0.305983869646405,1.81108808732245
0.386029973266039,-6.45180151218764,0.370137150603528,-2.62160184647235,0.306036705797116,1.77764889563758
0.385894620879751,-6.47283983702937,0.369905594647187,-2.61512325551959,0.30609138621584,1.80082312467172
0.385722096002123,-6.48026034553619,0.369616755176337,-2.63999642330994,0.306154257698425,1.82370321543545
0.385462982846798,-6.43946698030072,0.36939924537599,-2.60484985684494,0.306191431845529,1.75994037457345
0.385273258076075,-6.29665835198507,0.369193735981914,-2.55810617073985,0.306253206015576,1.76152214771911
0.385307747239105,-6.21953238061773,0.368978743499332,-2.62048767099502,0.306343245530009,1.74190131760472
0.384911251223823,-6.27771467719698,0.368763913299613,-2.52565367363598,0.3063969570652,1.81663831614134
0.384779924013071,-6.33574189690262,0.368570441323021,-2.47860032152747,0.306456501080897,1.85825995321231
0.384607773458668,-6.39753334911604,0.368363723165047,-2.53794580606069,0.306504464187038,1.82610058178194
0.384426654212898,-6.30058537902352,0.36814646674948,-2.54380145822884,0.30655883257428,1.81761585509658
0.384236013112423,-6.23227837837186,0.367931685189553,-2.51537025980247,0.306621718203701,1.81993168682376
0.384055140801134,-6.2541344756507,0.367688659466909,-2.61371983720413,0.306623957678634,1.82044587379113
0.383769089992995,-6.22258110910603,0.367358256929718,-2.66644095159582,0.306682199898041,1.80264652056311
0.383762686909574,-6.27148315474813,0.367134838845047,-2.73298852034465,0.306746069282237,1.82618254458785
0.383423927344945,-6.36321283909202,0.366912076344076,-2.71136853867775,0.306807325485568,1.84657921422726
0.383402945495995,-6.37644071554335,0.366725053139145,-2.63600314004705,0.306917597003338,1.82338817758443
0.383219609657017,-6.38631206043996,0.366662561896147,-2.7130913174165,0.306984314302855,1.79299075520913
0.383041911170672,-6.33104014438653,0.366270013053859,-2.80104987409984,0.307059421423287,1.77138635530473
0.382847631455284,-6.24857521279899,0.366241031362978,-2.83037378841395,0.307121868850721,1.79142984471677
0.382689076423873,-6.36565567812791,0.366016747119021,-2.84136814093663,0.307191499777603,1.82400371999447
0.382504152100557,-6.29324133871554,0.365781311354508,-2.7930063331915,0.307259863745688,1.82026393187882
0.382215399745753,-6.25584525229965,0.365531797247436,-2.71940028888583,0.30733350286233,1.80781283266747
0.382024219773725,-6.26708417346245,0.365177417909173,-2.61452101068701,0.307401749433994,1.7838756700994
0.38182813877536,-6.26566727268158,0.364941781898412,-2.65211913967417,0.307467539595852,1.72726848296526
0.381630243486483,-6.21780527070693,0.36471729657461,-2.63742531232134,0.307536157042656,1.76550555752975
0.381440277926021,-6.14239066027133,0.36446443628809,-2.62378579835918,0.307658312907207,1.79431632116736
0.381274075300664,-6.0025325462791,0.364199693029677,-2.56279967095242,0.307736804062273,1.7638643586081
0.381082533478906,-6.0411711415827,0.363970054369354,-2.55838742256013,0.307810513631815,1.80686724042725
0.380832596947371,-6.13100745061755,0.363730428664109,-2.54509184459357,0.307810947362867,1.82698388028425
0.380675267846951,-6.24487337319034,0.36346594086572,-2.52140325410563,0.307880601862704,1.77690652787061
0.380672208027866,-6.29836133087055,0.363076851056889,-2.52506532522016,0.307957948705827,1.85024496736999
0.380672208027866,-6.19329811525444,0.362823096379849,-2.66096830662728,0.308031417272238,1.8920037493478
0.380189165041893,-6.22981647371554,0.362565045861683,-2.69606007811721,0.308097364941803,1.85686134900835
0.379973880329083,-6.31062723715767,0.362346972103551,-2.78424325101635,0.308165738083282,1.90695165259609
0.379771086898344,-6.520967406069,0.362309473780518,-2.77753325872766,0.308243784352938,1.93481012356596
0.379600996690155,-6.44307822304007,0.362047602861722,-2.75815608598255,0.30835602035306,1.93011749773186
0.379401133667637,-6.39656769670631,0.361777160643157,-2.82154295059396,0.308440081908541,1.88524374440413
0.379201965355558,-6.48558842225658,0.361523842864063,-2.85998459936474,0.30851207102582,1.8834430958811
0.379013729204484,-6.523282962891,0.361278931090099,-2.85678298581565,0.308591362050006,1.94286975143446
0.378790884839552,-6.51731840101396,0.36101458375976,-2.88024668710305,0.308668077514433,1.90440568922852
0.378465588980902,-6.52293947445555,0.360727948627421,-2.8979430804203,0.308749866932995,1.95199687610296
0.37825799695858,-6.42864633803618,0.360331993596554,-2.90467946509178,0.308825149150217,1.94092867521282
0.378052739043842,-6.34938484073474,0.360063076051459,-2.8594100137467,0.308900000897329,1.9754922592999
0.377841826666409,-6.43851402046411,0.359785454859071,-2.82318169082165,0.308983883855735,1.96786476155607
0.377628801232757,-6.38249787779218,0.359514929702868,-2.7582691562278,0.309068075094796,1.99466878696994
0.377418474307204,-6.39309439153539,0.359263473349927,-2.74064595543625,0.309147087660109,2.01046419762025
0.377413151814713,-6.37217474937655,0.359021486504731,-2.76306360555661,0.30914831618497,2.02630596779544
0.377026839816394,-6.32356191711248,0.35872725806787,-2.65305028675328,0.309269393066794,2.12712041362129
0.377012669593759,-6.41920475634243,0.358480370412872,-2.59979208766834,0.309360439200163,2.0966079294315
0.376810853266081,-6.51720353783538,0.35839120743397,-2.48367890291466,0.309432380661483,2.10364873337876
0.376591403538883,-6.54580545012021,0.357774856272706,-2.46869493902259,0.309523754209075,2.09513319274378
0.376248594620645,-6.47278615568257,0.357735778108039,-2.54703608263125,0.30960447804193,2.16462872509247
0.376032451598865,-6.44501363315216,0.357457050561627,-2.58407876379348,0.309678370138578,2.17704194997731
0.375803070834216,-6.49535336992936,0.357167485373746,-2.61400988977232,0.309764582422133,2.19258520389774
0.375579254831755,-6.71210628749152,0.356884929008543,-2.60659528991917,0.3098391711817,2.2697359240014
0.375357488248336,-6.85079915291894,0.356612886567839,-2.63179129671166,0.309920844706673,2.24251145539548
0.375181326355741,-6.79923986840603,0.356325507257754,-2.69147430133165,0.310007840518882,2.30692637903264
0.374973660795337,-6.6621791480089,0.356066450481762,-2.7422155290197,0.310085819647895,2.28812241729028
0.374735981636612,-6.59873083728426,0.355793186645205,-2.77009454481804,0.310214295136553,2.37794772277571
0.37452761365636,-6.70023082916061,0.355496713136938,-2.70932378044405,0.310291317168534,2.46634654458495
0.374317152275298,-6.76233327580198,0.355202013780059,-2.64818520336664,0.310377488131719,2.4973133716104
0.373983524666535,-6.75355739526556,0.354765805681325,-2.57277140365468,0.31046539277722,2.51695955862916
0.373744558362477,-6.67158258686381,0.354482931375159,-2.5279698462228,0.310556167465715,2.55431459825583
0.373737035669274,-6.66510130149214,0.354183501816397,-2.50619895799023,0.310556167465715,2.63284857513416
0.37350205502396,-6.48894956806768,0.353896985272373,-2.51688135168487,0.310647705186385,2.65611732399564
0.373272018230122,-6.33053369962991,0.353597474954567,-2.4309839096513,0.310734047022618,2.68066127150637
0.373066192208956,-6.27343360338025,0.353336237171569,-2.32888248436698,0.310822875880299,2.70059798475447
0.372856202101066,-6.37504709704598,0.353295897375962,-2.32211644516909,0.31094708209806,2.79321014954672
0.372627732759245,-6.42637426775584,0.353013202842299,-2.43732341785602,0.311030255709511,2.80795967791215
0.372405833445227,-6.36261615054725,0.352560403781242,-2.46799482932427,0.311112460426232,2.88466415345934
0.372030588269696,-6.48345991093002,0.352264460261757,-2.51119122604268,0.31120515380731,2.88085159771434
0.371791066542486,-6.40227938282598,0.351966544635162,-2.44088803121894,0.311298620773135,2.92245387825187
0.371561708662043,-6.46607483457344,0.35166899240084,-2.3791174919699,0.31138382040676,2.89866948725677
0.371324924670351,-6.44697082996687,0.351363629867651,-2.37024274606745,0.311478943158114,2.85141971718968
0.371143973109506,-6.45178158854501,0.351073768231318,-2.46224652673487,0.311569806049271,2.92870225600983
0.370907267540343,-6.50804233862878,0.350757756600498,-2.56316097169124,0.311715251795852,2.91020857839777
0.370672535223338,-6.42640976169219,0.350437761210845,-2.57683209443243,0.311800007888511,2.91718627248198
0.370431512235794,-6.4466488088399,0.350131335444582,-2.53670174766432,0.311896595474442,2.93602689887125
0.370193874984408,-6.42726956792547,0.349838472337442,-2.4341126133961,0.311897897722604,2.99180247019836
0.369823310530451,-6.31954855464558,0.34938063857551,-2.34655912580409,0.312079537658965,3.04638746487813
0.369574364968358,-6.21018041181884,0.349095370623398,-2.31696311735541,0.312079929893067,3.01984099635948
0.369558252623682,-6.21606888308078,0.348840782473141,-2.31241891518998,0.312170975577522,3.05991299841993
0.369339041410313,-6.11512940524289,0.348764342452378,-2.27061861736627,0.3122642494075,3.1595424474234
0.369128230202813,-6.16177230437357,0.348208946131125,-2.19955513346754,0.312344582716308,3.16274170252429
0.368882554998725,-6.04484535633188,0.348177483850795,-2.06359824543492,0.312485294377162,3.20535186585434
0.368634536986605,-5.85558136979882,0.347849334222745,-2.00314267579779,0.312586966545534,3.2275260178301
0.368396930143285,-5.80029839881934,0.347535621818916,-1.96280321817807,0.312676229919758,3.34234741411434
0.368146627951041,-5.8421280368166,0.347205967670272,-2.04020032241762,0.312770875126473,3.39449801825065
0.367906723524812,-5.86744454599673,0.346888433944847,-2.00702230909126,0.312866575663504,3.36662645170706
0.36752628006034,-5.75578199341452,0.346435159642092,-1.93935642371475,0.312962302513906,3.38159992450687
0.367281857641825,-5.66565086333769,0.346101824691548,-1.75278363823096,0.313053461560481,3.40699654577944
0.367036601567104,-5.6955575479501,0.34577750192036,-1.88517651362172,0.313137033618232,3.39832336668934
0.366799221268908,-5.75427438522206,0.345458433236586,-1.9744894748367,0.313235779614817,3.40268198059122
0.366579206700172,-5.74827949575171,0.345168242637333,-2.01209306043728,0.313377091627523,3.62073101674899
0.366337322124238,-5.73553153193387,0.344830332260256,-1.93286319545684,0.31347553983899,3.46394841368324
0.366086472290039,-5.73743343302365,0.344505600583555,-1.9481333424858,0.313571089339157,3.51153445136058
0.366082456454181,-5.72583166690336,0.344188403616135,-1.89960420766806,0.313576547292638,3.54599432862913
0.365609379240338,-5.67884042878925,0.343851551013232,-2.0355375535378,0.313771718053146,3.56458737862791
0.365580367656622,-5.51365346651374,0.343588071729886,-2.05337860361818,0.313775831736225,3.54584578500859
0.365196431830432,-5.40313663343351,0.343527725713705,-1.98745349738837,0.313878577248166,3.63917290739945
0.364930158232971,-5.19829403315187,0.343066765038521,-1.85263109094145,0.313979376844587,3.62927915411861
0.364664479974323,-5.1994048126343,0.342737503512365,-1.8159973062294,0.314071253465848,3.55394002212077
0.364435785289634,-5.13250852036373,0.342399801675148,-1.7793615923862,0.314180565649118,3.6590043803068
0.364223134883974,-4.98853507492826,0.34207777291742,-1.6047847341302,0.31432635039906,3.6788669182353
0.363946640160941,-4.79196935344643,0.341742772092096,-1.61678980397241,0.31444208200392,3.79079879139091
0.363688268584251,-4.83434990042382,0.341420040233428,-1.54868357378833,0.314541022928766,3.8676857315643
0.363419817533625,-4.81513595568435,0.341099441954851,-1.4520416185832,0.314641393434282,3.80577087995134
0.363166540703749,-4.79338178791504,0.340776756769236,-1.38476549434343,0.314744910433109,3.7973647274661
0.362773918382611,-4.83960431548884,0.340425079183261,-1.2908562863924,0.314851863096245,3.86024179157232
0.362523349601969,-4.78881635277319,0.339938765344542,-1.17226052458521,0.314956275866312,3.83091842607977
0.362267136308586,-4.79825561447644,0.339615832536577,-1.14164332418191,0.315069768579078,3.90874634737803
0.362042932112322,-4.8253205149659,0.339278895575977,-1.08228872735116,0.315176308023683,3.8579933145008
0.361783204150898,-4.8799866027114,0.338952774538219,-1.07537653006963,0.315344282823255,3.91221750796348
0.361520900603259,-4.84030153138583,0.338601885150732,-0.947122934217018,0.315460715046895,3.95311901708845
0.361504290857025,-4.97489951535481,0.338310145288315,-0.993137978569033,0.31546605849864,3.99212766531426
0.36125354685737,-4.94324740399225,0.338231422477532,-1.00041785282387,0.315577149656223,4.04742747037351
0.361237913087884,-4.92799274065264,0.337657975052717,-1.08860329608802,0.315694430349626,4.00511879949667
0.360768843266109,-4.96179723326379,0.337540913139074,-1.04447824134998,0.315813669083876,3.97458407687415
0.360308921320142,-4.98110944731731,0.336798713408835,-0.890517294823794,0.315927393917563,3.97355560050118
0.360067746567284,-5.07758459920946,0.336742804819118,-0.828233445393242,0.31604541211429,3.96112595023799
0.35979179196877,-5.01042197206966,0.33640899883935,-0.755824466426749,0.316164070761945,3.94188554025212
0.359558527431342,-5.02639361066239,0.33606372001723,-0.795970165744221,0.31628459860598,3.96663392376041
0.359288983850906,-4.99618121831223,0.335720403571909,-0.75788222129738,0.316405745701652,4.00413678867093
0.359033393755042,-5.00030562709191,0.335383738287499,-0.711578015482659,0.316580441197145,4.03038824930964
0.358778132343388,-4.93458095900304,0.335045325252219,-0.517504497922504,0.316709521858036,4.07113929604131
0.358496380901513,-4.96245413613983,0.334708282314008,-0.446430799049757,0.31682903297827,4.14280166037644
0.358212553123612,-4.9597460813199,0.334381299513731,-0.362801160610488,0.316955437306946,4.19353275181988
0.35793857290116,-4.91474170758169,0.334017453138382,-0.422621040986561,0.317080056533087,4.15656218257443
0.357665648410272,-5.06159539132541,0.333503913627425,-0.350445744299027,0.317198825957835,4.23302577227249
0.357660443770054,-5.1558740792214,0.333144881191764,-0.326002109207657,0.31720024131165,4.20632753722323
0.357050676704441,-5.21183503379585,0.332809790496758,-0.240754758604209,0.317333806664007,4.22747761484752
0.357004747689145,-5.25872240844652,0.332512822647255,-0.171515712602541,0.317334570470059,4.22552161503494
0.356743498529418,-5.22890326110604,0.332408721891116,-0.0912735935827258,0.317594445022848,4.24939113768511
0.356483084788205,-5.27827462981901,0.331808625256255,-0.11607557617085,0.317727582123319,4.28434410704681
0.356210471837814,-5.36871752488989,0.331752780449569,-0.0663562209771758,0.317932594927684,4.25567938783372
0.355942980558363,-5.3421465472556,0.33139432233756,-0.021820204558741,0.318067790537524,4.27646137983029
0.355649020204933,-5.33311842598627,0.331080784873421,0.0597722130979628,0.318207327773479,4.27516066101514
0.355370537392182,-5.32428373008786,0.330746625660242,0.0922533026284078,0.318346028574987,4.23875990635002
0.355095800734251,-5.22190801828421,0.330381435495766,0.0722039041881541,0.318487445765724,4.22587605363649
0.354666569513199,-5.25177591881607,0.329885965432846,0.13094001655801,0.318636844358268,4.14711335122571
0.354414576074088,-5.272480972375,0.329551480609776,0.130253385133735,0.31878376538171,4.20395261247196
0.35412769815612,-5.06982766566622,0.329184708990932,0.231151048281176,0.318933696118139,4.21383317994708
0.353856896863848,-5.01258396916445,0.328841154442865,0.317728806057277,0.319092632645946,4.22639973141262
0.353574567898301,-5.03832610220432,0.328509275189123,0.396043372014326,0.319315669905447,4.17807761649814
0.353285890071732,-5.06200793881449,0.328165105325557,0.438664353007257,0.319465636761986,4.2140469812491
0.35300951234431,-5.10642159777798,0.327794389674431,0.419328133758702,0.319628145308093,4.25036485512081
0.352700361221126,-5.20546789499873,0.3274549097816,0.488492475292953,0.319631867238866,4.26265715851475
0.352680803891778,-5.18523241316912,0.327112732855612,0.464616389914859,0.319922111369889,4.36082894669478
0.352409163099137,-5.19935563650174,0.326797537619421,0.576691193658771,0.319937051364606,4.29494004435176
0.351976169478789,-5.11702256308322,0.326797537619421,0.623792659459699,0.32009832921799,4.34882408188187
0.351689835029462,-5.06224727518158,0.326619886517937,0.731682144905901,0.320274139063323,4.35243778689097
0.351390662944495,-5.04310367513259,0.325550107140575,0.784789859496778,0.32043722850871,4.37664827197835
0.351141114717304,-5.08655315534878,0.325497367020423,0.773900968125536,0.320604331216007,4.29613781659744
0.350842448437696,-5.12434210259246,0.325192156041739,0.838031083975111,0.320867418386848,4.38488560206338
0.350551610013183,-5.32581841328409,0.32483592729771,0.850200038830957,0.321034972661062,4.46326200779509
0.350249253951371,-5.27761280415698,0.324462755273272,0.919028829669592,0.321194375201775,4.36557847895154
0.349976284818917,-5.16142605998489,0.324113782885143,0.908298619904308,0.321377823402202,4.41237795422645
0.349660085189882,-5.04967600328659,0.323763702940362,0.931659318822262,0.321538895400743,4.35040097870345
0.34921081390825,-4.93618798806103,0.32339564843551,0.962935995745376,0.321728478167874,4.38885170962165
0.348907331901606,-4.91734838615399,0.322893806916215,0.977213862176378,0.321932492011466,4.35913290014649
0.348657288821394,-4.86489230983125,0.322547461734893,0.995191933739252,0.322104083012133,4.34007752039026
0.3483619118153,-4.89810147763248,0.322213825660918,1.12508978995688,0.322273073159281,4.28557252609876
0.348347623179494,-4.80986012772486,0.321901193094677,1.15446367645434,0.322567278195305,4.24233310822544
0.347770982003425,-4.59643723182856,0.321571318732263,1.18152416415995,0.322568251406248,4.20186478219227
0.347742515209588,-4.55453186395281,0.321175624864669,1.29468587462098,0.322569849192422,4.16390351803333
0.347454240314873,-4.55793001357359,0.320839741583579,1.30822971251122,0.322923281575277,4.14210028136403
0.347019119510729,-4.66903939520342,0.320552207732549,1.35635172877241,0.322955357646808,4.13518252856531
0.346699714909357,-4.57795917811435,0.320478074787517,1.35011466101054,0.323333233076235,4.09604736775658
0.346393875765897,-4.50666591113536,0.319987885799573,1.30977079073643,0.323531725873978,4.09149467500428
0.346096539292362,-4.54538396719671,0.319634342967354,1.36251338977174,0.323729888813364,4.13094969442699
0.345830664045477,-4.64182142037825,0.319291545639385,1.42704730425457,0.323951122660689,4.09319997904735
0.345537735972194,-4.63891376887707,0.31894930547624,1.50407093627231,0.324265692905046,4.07797201419873
0.345248456022449,-4.53011881672469,0.318638397500419,1.57345094015675,0.324473154476198,4.07801994292354
0.344965805602211,-4.45731889136098,0.318296947121413,1.61423611235612,0.324673654680542,4.03620012465373
0.344661941253445,-4.46369116269012,0.31792675404948,1.64256691342404,0.324905135254186,4.0011999895827
0.344361087288096,-4.48985588911692,0.317576188998476,1.65715600440574,0.325122941943274,3.95150656064148
0.344051404924616,-4.57985022108832,0.317236538220139,1.69771313620935,0.325333395912346,3.94066594876137
0.343596536250098,-4.50110177796742,0.316751144484457,1.67863351410505,0.325546852197254,3.93021837555296
0.343280965103814,-4.42971276223516,0.31642366499195,1.71065334031415,0.325797805426408,3.9242985583861
0.343030882516875,-4.35002120939261,0.316102297065743,1.79706758760759,0.326019361273014,3.90855054231747
0.343016607671781,-4.22147500771911,0.31577707292903,1.76401115102229,0.326258917699079,4.00539142314214
0.342467957728121,-4.22509373352973,0.315449099780729,1.78784850465649,0.326259385483003,3.99513237707035
0.342422037769409,-4.07107858525519,0.315198558745371,1.86586707885321,0.326608448866068,3.95346496833915
0.342142111854926,-3.9869009420443,0.315145255480673,1.83403940520796,0.32684001929915,3.99183771137932
0.341852298746507,-3.91251092613483,0.314788366991141,1.91349296759927,0.327076714282062,3.99486416273507
0.341560815043609,-3.86610961264235,0.314312982285803,1.93043829883536,0.327315068271864,3.94736017918638
0.341246742925004,-3.83415507919714,0.313980233399279,1.9337471470918,0.327569115948805,3.90052668932219
0.340949591645869,-3.85227396573143,0.313658941126495,1.92269500487396,0.327781852895907,3.88682382522838
0.340500548093901,-3.85445052292983,0.313351940151188,1.94122099434688,0.328034660651216,3.87288180469464
0.3402402685999,-3.76594543016104,0.313020936797393,1.92569563139088,0.328292872388078,3.89030447177675
0.339941532798309,-3.73830975600259,0.312717596501347,1.99926591689007,0.328657341986477,3.80846397112016
0.339658737305044,-3.73305190777567,0.312411247125564,2.01641644268802,0.328916006787577,3.83126197561663
0.339354181351876,-3.60247342140348,0.312057846416375,2.07019672770508,0.329166045344187,3.85155381625746
0.339064705808136,-3.59156372554654,0.311602960464356,2.05096396208253,0.329440012961115,3.80511948834131
0.338761343314617,-3.57881771189559,0.311301900557464,2.08374460774314,0.329701153120208,3.76184207242482
0.33845294348946,-3.57918867573797,0.310993573518373,2.0428520133107,0.32995950419681,3.78708995243334
0.338035508970612,-3.55421080106454,0.310692829165328,2.12449380850879,0.330216863850256,3.78879131976824
0.338007133316008,-3.58860924760238,0.310393942768201,2.14703442445354,0.330494024637088,3.74139661469134
0.337730788117502,-3.6114840657938,0.310085162435619,2.21390014270433,0.330494024637088,3.72768942321755
0.337432036480481,-3.54711051428597,0.309821298733269,2.17829741678229,0.330773417220776,3.73780723525258
0.337143485752924,-3.4028771946712,0.309722141240183,2.17939493885148,0.331050671962923,3.68700008182482
0.336854145782185,-3.35773025876118,0.309103606720458,2.13774254427373,0.331483675065767,3.73613293649533
0.336571732007491,-3.43464996919022,0.309059038478593,2.24892557382721,0.331757235242673,3.6719038256402
0.336263587219392,-3.44606576575974,0.308742644088514,2.23966682915523,0.332046570734265,3.70832146251343
0.33596195101958,-3.44016592751839,0.308438744741466,2.29422980660551,0.332303849667279,3.61158316899387
0.335664568864073,-3.41628965435573,0.308168852825403,2.35078773297141,0.332571038225646,3.62523260499618
0.335385084605574,-3.32914134341969,0.30788118487782,2.41125840291836,0.332866729704201,3.63575627250402
0.334962318119103,-3.33172078712182,0.307579651605123,2.43353827593896,0.333150654643844,3.60259163018676
0.334661953890899,-3.30585118849765,0.307284286401743,2.39226616443928,0.33346991575567,3.58579147329899
0.334376039369681,-3.40001494563122,0.306997218326177,2.43698394881112,0.333750189798871,3.56983007677579
0.334094986504477,-3.47771175586563,0.306711443981236,2.4505361694019,0.334196957082793,3.52123209076862
0.333796107008421,-3.51977656799877,0.306419930786423,2.53470800218996,0.33449932332886,3.53579246988254
0.333780021455896,-3.47682731665381,0.306033643166551,2.50412656356138,0.334800020948032,3.50589172975555
0.333210941602287,-3.44757556309669,0.305764206555741,2.50481455489153,0.335065261191885,3.48894475716408
0.333175884212403,-3.59022078585411,0.305545337691032,2.49250240557543,0.335071403879999,3.49526878505861
0.333175884212403,-3.61457747607061,0.305468011776176,2.51314008092693,0.335643491103589,3.50697086366881
0.332476529167406,-3.62003099260235,0.305033419278408,2.47202428638447,0.335665829407734,3.4517974942473
0.332185823495013,-3.64888886179043,0.304989233998649,2.54060884460905,0.33599020654977,3.3606182338543
0.331904240603976,-3.65069275653185,0.304736085362518,2.54480647916585,0.336290852244472,3.37237014895385
0.331608012064253,-3.62722372170004,0.304489400640409,2.52534511076874,0.336742304866544,3.35698190570133
0.331309576310233,-3.65371042031686,0.304218933295374,2.48601280664302,0.337068587753955,3.38457853235539
0.331014495955269,-3.54436215206089,0.303868563652106,2.47551003329639,0.337360090575863,3.33897097370837
0.330731750473118,-3.61146560560146,0.303609946985973,2.45010493949819,0.337674189393024,3.40121271852071
0.330414560561582,-3.6402454388713,0.303366878612418,2.49578386264335,0.337963227220317,3.4419220517221
0.329976205714866,-3.72284965291857,0.303126851906198,2.47412044772539,0.338286302076117,3.42657886810002
0.329676953676147,-3.5937440180318,0.302896679175111,2.44920269515047,0.338585488360183,3.48969388455135
0.329367618694583,-3.57406360379914,0.302656857477574,2.44961288117148,0.338895094634091,3.46992650454265
0.329095064942464,-3.507348147433,0.302427744454485,2.43431103777837,0.339237168145981,3.42056277819182
0.328796325935156,-3.5708203423123,0.302209842652086,2.4515006859949,0.33954901199511,3.43422181604939
0.328508022568501,-3.4987641790783,0.301983529044273,2.36010733172196,0.339855769978226,3.38393280510315
0.328500593471175,-3.46848759870028,0.301732681941665,2.44852609687694,0.340333843763347,3.38478933967761
0.328222606833435,-3.41461263687871,0.301425163076494,2.4305861002627,0.340336146274138,3.29717327532048
0.327905878336991,-3.39040884664794,0.301239047460159,2.41659027001277,0.340965929305404,3.37804648223022
0.327592015803074,-3.38111318676031,0.301208734564843,2.41655187434317,0.340965929305404,3.28918258674078
0.327304878219392,-3.34925362455425,0.301029769316832,2.48180977650543,0.341300959689519,3.33251250511741
0.326887885469209,-3.33159681074001,0.300959399388988,2.36124415215438,0.341585266832344,3.33283159539122
0.326590338269935,-3.20192322310382,0.300585250359021,2.31155605750754,0.341902726007329,3.39478506248176
0.326295769147565,-3.22464430227015,0.300375197478815,2.37910239051634,0.34222280151426,3.26983931796424
0.326025846703104,-3.18676280119158,0.30017106257687,2.3790457184801,0.342574858852762,3.21950214808963
0.325712012248035,-3.16143638705552,0.299954744895934,2.33214080464324,0.342891897292604,3.30869548324281
0.325400345199317,-3.13942532811661,0.299763216924496,2.27706824311697,0.343366621872257,3.29092712890612
0.325099831307035,-3.12229285124202,0.299553230187337,2.30893364202347,0.343699494966644,3.27990948986783
0.324799752222705,-3.05413432045884,0.299309646500481,2.33064488784707,0.344020928984294,3.2206829298204
0.324498880865409,-3.10976527307017,0.299125567369691,2.29866059813969,0.344338880450523,3.28416837228007
0.324201979914817,-3.07405068774106,0.298948304523927,2.24060321429133,0.344662280878504,3.27762857888958
0.323900133633237,-3.05676761669493,0.298761368281752,2.25458887702122,0.344964435274839,3.2651670272788
0.323437952472406,-3.01809173901683,0.298591166844092,2.10347509047003,0.345312128832214,3.33703101149267
0.323425643296151,-2.97990770440924,0.298413008925939,2.06899705781326,0.34564591605676,3.29611318363694
0.323153901616572,-2.87187718976254,0.298237894824104,2.12644640564217,0.346114067593724,3.28976379833418
0.322850725619449,-2.79396742055456,0.29808838257531,2.07718686951106,0.346118141348684,3.19511401195694
0.322537007063191,-2.75016741992027,0.298064749572266,2.10862869253167,0.34647011511569,3.25221284236849
0.322248719621576,-2.65154819556428,0.297890425900425,2.12680684868244,0.346475796628636,3.12842755402377
0.321943649406377,-2.61606304162404,0.297680258353225,2.1031845696516,0.347123172126903,3.18338552479192
0.321660769293771,-2.55772400080612,0.297526865807992,2.07062208516524,0.347459091618392,3.08144912687766
0.32135224786962,-2.49994914101794,0.29737317742058,2.05739262111202,0.347779832503745,3.0994380060694
0.321072651139065,-2.44205405990444,0.297223856820645,2.05768724039487,0.348126924182022,3.10704883745051
0.320764776983805,-2.39185523468441,0.297075069515189,2.09830029115273,0.348419690976343,3.08339377973866
0.32033560222353,-2.33825546758757,0.296916329817126,2.08854466060014,0.348770352157485,3.09628284811635
0.320026393772957,-2.29738465861246,0.296759197367177,2.03355637095745,0.349123956235832,3.12038967736885
0.319744458045181,-2.34362752047914,0.296621186861743,2.00594787458999,0.349611239551989,3.12142789672986
0.319447791100453,-2.33276807266901,0.296473239292969,1.99265695074699,0.349935181823814,3.05333971719325
0.319159342930701,-2.23254070317158,0.296296719782066,2.00553062924854,0.350270637072703,3.13853103292514
0.318855507883043,-2.12392882265825,0.296165388625331,2.011336153926,0.350601178545137,3.10135770792626
0.318840658114234,-2.08848540732642,0.296043038937313,1.95686113324992,0.350917876259093,3.17726949604604
0.318330392559838,-1.97526036853041,0.29593833288881,1.96415420175646,0.351250437824246,3.12965449522517
0.318289933244251,-1.93708753180555,0.29593833288881,1.89783639542633,0.351572237684686,3.13761757336251
0.318018961146502,-1.88391422832192,0.295905849991958,1.90509099998747,0.351578016390982,3.09045434296693
0.317579959919398,-1.82235605714323,0.295691240248972,1.92251778895868,0.351850949924497,3.10598659194268
0.317268197080546,-1.87560228944659,0.2956535211725,1.91080142106489,0.352223843196673,3.03593641283848
0.316992609482917,-1.80590354366772,0.295419728013927,1.97818123139757,0.35271213695341,2.98586792566439
0.316707443864581,-1.78256608184921,0.295312134006595,1.91972209398396,0.353022183997201,2.99504868577597
0.31642654517719,-1.65474631102009,0.295172622025546,2.03884881317039,0.353337887705911,3.01455366721965
0.316130632324268,-1.5168743623015,0.295067655908008,2.06281332710652,0.353661835904399,2.94258198912151
0.315840245410245,-1.52023751156166,0.294967166150841,2.02604397651378,0.353961081271156,2.87350587197372
0.315593227435779,-1.41790673669515,0.294864937877512,2.02026315812032,0.354288798704856,2.8800253485285
0.315301148229943,-1.49597250163876,0.294770731899843,2.06742106756121,0.354577117387232,2.95918751249603
0.314995478362486,-1.39970174666314,0.294667672834742,2.06812327681414,0.354906923618284,2.94521589335913
0.314566869948844,-1.35585506399736,0.294577007924927,2.06443018574875,0.355242050527518,3.03600454232406
0.314294974820837,-1.26336694880961,0.29448956831228,2.01453234911731,0.355738774581251,3.04272185891063
0.313999301190614,-1.21239430918564,0.294390171547051,2.05855839766534,0.356046795393899,2.96852608898659
0.313984311246583,-1.13904100228024,0.294301693650275,2.07452357028908,0.356376311775249,2.95540623204765
0.313708229245816,-1.08276355536431,0.294211382276356,2.00185688987569,0.356701746778934,2.88534960619585
0.313418440175139,-1.04118782055961,0.294143484443749,2.0546032386622,0.357012776361819,2.85873828221721
0.313144969529517,-0.989903855297088,0.294121391538267,2.0120445964972,0.357012776361819,2.93162931355271
0.312860194560825,-0.959061895477829,0.293984058166327,2.0247009225282,0.357012776361819,2.96485306227611
0.312591266252082,-0.810600171151455,0.293977378686148,1.94379832171033,0.357601070073904,2.92556789095707
0.31228330896927,-0.637568300935588,0.293910198769333,1.9751623823042,0.357941844450415,2.84151530522059
0.311868369165868,-0.577317546976136,0.293844458163866,1.89859067384319,0.358251344749865,2.86448299044786
0.311566549931603,-0.584752968535945,0.293771609486188,1.93187142937442,0.358737824223042,2.80503107000478
0.311283745967153,-0.538219639719291,0.293706526202632,1.87879726451127,0.359041601084031,2.73540133834488
0.31100633102971,-0.562809604628639,0.29365138119217,1.89021450511888,0.359366119570625,2.74697578389777
0.310707601848526,-0.479999305002473,0.293598644505558,1.89575848334038,0.359687827444546,2.72738103468428
0.310438952350701,-0.374769356023996,0.293544437854508,1.93884735917941,0.360014356938359,2.72070863257937
0.310174413354117,-0.279336675713869,0.293492476876396,1.92468376692082,0.360307133538841,2.56901544110942
0.309914253695672,-0.169917327708385,0.293443643504405,1.91588781464941,0.360607357638065,2.5775658666502
0.309614197045341,-0.144933394869766,0.293390595716839,1.93933103387363,0.360912582132124,2.57169875984098
0.309321473415592,-0.154087934954496,0.293346196599025,2.01369459165806,0.361215399877387,2.55879107148316
0.308932153355107,-0.176163065704478,0.293298301825425,2.02297461209155,0.361712973357888,2.5880189271289
0.308925802079911,-0.157604058336833,0.293259196201409,1.9586291219416,0.362034689545693,2.58594470554411
0.308379155365847,-0.0624121475197623,0.293229399950065,1.9964249920288,0.362035315131913,2.44369064018584
0.308347637036076,0.0472007630884705,0.293224125450869,1.91158323718818,0.362661927523999,2.42745261269958
0.308083768625753,0.0391993249174516,0.293181968722242,2.01452170956569,0.362667273950319,2.41102873996702
0.30781492338453,0.0272853077650193,0.29314878049634,1.94857782178391,0.3629669430417,2.40263518255411
0.307561127727469,0.0269892181531444,0.29311070749005,1.99441006094053,0.36326981209978,2.43838427316782
0.307286104598158,0.00448763330432911,0.293064584671737,1.9836572564633,0.363573428320915,2.37253785582398
0.30700710067222,-0.0240531288791808,0.29303423954282,2.01557079150596,0.36385907429839,2.41887866756637
0.306718193950738,0.0447744598924247,0.293001871753638,1.95090058788704,0.364143843303418,2.3401213545242
0.306329700465589,0.180547761131085,0.292966641971708,2.01488408904248,0.364623810613497,2.27193254465969
0.306055605641007,0.231420197271275,0.292935185437923,1.99207622162297,0.364931529676513,2.25596780414341
0.305790675989736,0.178811049390952,0.292910517623885,2.04709350833107,0.365213691533529,2.24604946191571
0.305509158081574,0.209352138516365,0.292883035878008,2.08305074448099,0.365511940742457,2.1766488654332
0.305251668975802,0.190830247240632,0.292853861942249,2.15342789207178,0.365812053363597,2.21720330595087
0.304980181251091,0.221830303746779,0.29282955934149,2.16355541526007,0.366107246049018,2.04075440491872
0.304717113965488,0.293396902100411,0.292796531305344,2.19435004932268,0.366394677936495,1.99445068240559
0.304443786723731,0.357540074093048,0.292772188855166,2.18726025202196,0.366657005220006,2.00975205753125
0.30443062949706,0.395214688411594,0.292754793385256,2.19629910739474,0.366950882118957,1.96469875595248
0.304164305625943,0.358435305150627,0.292748331215293,2.26567450699571,0.366956433645216,1.94412016933182
0.303804628435488,0.480008112851529,0.292702605563253,2.25013476805201,0.367261766184693,1.93590543242987
0.303511371531145,0.495445896096755,0.292698862816204,2.2744949952511,0.367708714711458,1.93659285724267
0.303248736861295,0.492022221466965,0.292673523795171,2.30456564413822,0.368006731186778,1.91258701391083
0.302975782148423,0.520422830010577,0.292653024572924,2.30670953056988,0.368304182243248,1.94963722230396
0.302726535796996,0.599676057323248,0.292629100618979,2.25740259989741,0.368598383542003,1.95334881014431
0.302452469295565,0.643405146300901,0.292607229628277,2.41208515111869,0.368888270482829,1.96832352933985
0.302197401941426,0.708200024820304,0.292582206883651,2.46630091224569,0.369177857195968,1.95293353924464
0.301943768958569,0.65654176907076,0.292556233351984,2.46400299970785,0.369438236906721,1.93923250466184
0.301690628186847,0.685541861109163,0.292542164433607,2.54090937690734,0.369732253698376,1.90062797832263
0.301295056699919,0.757999011324046,0.292519498403354,2.53132676204226,0.370038211304083,1.8823121569992
0.301023521447558,0.740307644596765,0.292495392242175,2.50061614096096,0.370490248028459,1.81002221818933
0.300769405897778,0.797315547567202,0.292480326373138,2.57339726760453,0.3707885137877,1.74148367808335
0.300514633526563,0.855921739938685,0.292464263982587,2.60030231117597,0.371059671903438,1.63722899275629
0.300247791627871,0.881620885486536,0.292450356345085,2.52916107174954,0.371358892774055,1.58957547742497
0.299979911165176,0.908008258602495,0.29244650741184,2.64436001467408,0.371654578202957,1.48493531036256
0.299742553465806,0.925166127940522,0.292420925990691,2.69929947401192,0.371914467335834,1.30339257669068
0.299726366331594,0.947490802748351,0.292419260129461,2.67323389439933,0.372189300524673,0.992373257213163
0.299488417054334,0.986193817244492,0.292404762918475,2.66531976780163,0.37219930410131,0.864092767312515
0.299232651766936,0.977946014237066,0.29240329987326,2.72359169088825,0.372478729047856,0.938049212159613
0.298874681517282,1.03667972968984,0.292393200369092,2.84254520180491,0.372768553785771,0.890459861229692
0.2986164026048,1.01644080867132,0.292376702814351,2.85046597307804,0.373237700352896,0.884772957926087
0.298370515812948,1.09851690429509,0.292368443082512,2.82732988518758,0.373509005337178,0.804470767397196
0.298109955377476,1.03643565837205,0.292358653604813,2.81765501761199,0.37377683035608,0.793552166738286
0.297873896681675,1.0623460387363,0.292348041368099,2.81449942300314,0.374057758445994,0.784522372401004
0.297627819914718,1.13695649277896,0.292340761029531,2.77118904436267,0.37434047954586,0.815367960317017
0.297394832303829,1.18482962092418,0.292323115454067,2.73309005222734,0.374596877572411,0.731215039571831
0.297145322667073,1.12764887080263,0.292326001892576,2.76946188223731,0.374840981940236,0.840378429729371
0.296897148340125,1.11532781146864,0.29232058246001,2.8022096967471,0.375152685616692,0.777332637503447
0.296546195536773,1.17947371534816,0.292311309911147,2.76583391463213,0.375431668984108,0.863640857388893
0.296302334150744,1.16426017001276,0.29229930549745,2.67825648365512,0.375849822142125,0.738920603449752
0.296051193782217,1.263072575382,0.292288155975374,2.6528969191081,0.376133103166314,0.704363013594101
0.296046781721432,1.29241999389427,0.292285753265751,2.67331447933065,0.376420588415,0.651128238299715
0.295618419679803,1.30221360741821,0.292283251846813,2.64478702332459,0.376690064502729,0.544211240523558
0.295584458608753,1.30224126716075,0.292264387229747,2.7022035745468,0.376698331558131,0.512150929453276
0.295367308282957,1.3205465088196,0.292262389742818,2.70580924699585,0.376977969889174,0.521132956179986
0.295127252347118,1.36288275424766,0.29225428895043,2.74114006937037,0.377246424011625,0.481813466010675
0.294828143817178,1.37222150546953,0.292257358538194,2.7474594901346,0.377509465089699,0.35910128850851
0.294581289760524,1.45196357420427,0.29224612672732,2.72334931291042,0.377788300618832,0.341743220123728
0.294334519179779,1.49577429740978,0.292241700571701,2.7178770431854,0.378060408391705,0.13754245815543
0.294102416588726,1.57391678193224,0.292230883252023,2.76874418434909,0.378347218491589,0.140538816750522
0.293872073335775,1.55712428948821,0.29222987717164,2.81060917763313,0.378606834539009,-0.0404533537652862
0.293651910400724,1.62312518079621,0.292221810970912,2.74441016379629,0.379036921079578,-0.0503383870274146
0.293423744927259,1.64580501401017,0.292220713956711,2.78040533726002,0.379274899974909,0.00482287889263766
0.293198431860369,1.68963890826706,0.292219375655477,2.70844336365128,0.379536878314187,-0.0645863911777904
0.292977631963326,1.73659624882173,0.292207395313907,2.71656746003071,0.379768080659582,-0.109128351281446
0.292674481912862,1.74301176714336,0.292207749498138,2.69692281064626,0.38005107792966,-0.217396135074353
0.292428820813982,1.79970782553117,0.292215621559378,2.71296221642108,0.380314919828597,-0.197271818273969
0.292220022219446,1.88375816081749,0.292210287682516,2.70152164767061,0.380570787113292,-0.339384489897281
0.292006975277102,1.88277524585835,0.292203078121592,2.67898566752505,0.380574321943839,-0.362207621192723
0.291992329974696,1.85942911670039,0.292202665820463,2.62463508797251,0.381081337891004,-0.453145528142181
0.291604071612799,1.89197897889429,0.292201132526219,2.58856861596029,0.381087443540552,-0.557285193184438
0.29157947412713,1.99924305821845,0.292203262294152,2.60113659331008,0.381480107273653,-0.67241817999983
0.291385852214739,2.0087055545496,0.292199876472291,2.58163080938083,0.381724928844422,-0.644785915340694
0.291170540350285,2.00969661396497,0.292198118756777,2.58997423316765,0.381958128930948,-0.67130896592258
0.290960819942118,2.13646970056081,0.292190857760739,2.62578447009529,0.38222522413901,-0.742138956076677
0.290732199568637,2.08867636076802,0.292200383432471,2.62377166790881,0.382474059467612,-0.823940949155131
0.290440202142488,2.18202729657443,0.292201243267208,2.64260368792152,0.382717668362158,-0.889812687177447
0.290240722199247,2.25801394524503,0.292203358338163,2.58702682874159,0.382960895652217,-0.825599246008342
0.290041026981092,2.30628145435646,0.292206858659252,2.62875233925336,0.383217999619474,-0.80614228680958
0.289843154971029,2.33371463847342,0.292206864348739,2.75671293848389,0.383616674723817,-0.884221737417576
0.289648350434446,2.32817375055724,0.292211610084053,2.68094869480249,0.383855442920877,-0.864714452621166
0.289448242657512,2.36616650857599,0.292217827355165,2.64834574192924,0.384105627940158,-0.926130920257533
0.289218093438387,2.42167331694743,0.292217272242553,2.59872117173689,0.384310735996979,-0.99624605886524
0.289035865367328,2.61563935665673,0.292227159590344,2.63050658364628,0.384310735996979,-1.00697760577716
0.289028976554544,2.73115957240056,0.292234646284879,2.58528126431598,0.384807378362482,-1.09931486805284
0.288772033993456,2.72527384295671,0.292238146785411,2.58955524945102,0.384812663799033,-1.0808313880027
0.288590672963645,2.81353811195328,0.292258147783679,2.54978506835574,0.385049332621379,-1.01119838948683
0.288386780484264,2.72529765750312,0.292262157291054,2.51806131908177,0.385291007741512,-1.16129159172598
0.28819898618487,2.83422966230389,0.292293522564301,2.52622054148034,0.385656321367407,-1.14611324413191
0.288016671445518,2.89896212553676,0.292305023105159,2.53437754921921,0.385893777158864,-1.16076779408044
0.287828122685658,3.00577187305563,0.292321822057743,2.44933896068349,0.386132940369551,-1.21703151203101
0.287639656009585,3.24477767437586,0.292341656635039,2.38362078073214,0.386366899679318,-1.2710813211829
0.287463587303954,3.32494154494147,0.292353266711073,2.44519006571159,0.386569195442306,-1.30449471599242
0.287297983126937,3.45217350847253,0.292375235402501,2.47651314818292,0.386808703930103,-1.38562791821894
0.287065365702942,3.43005696417903,0.292408693273228,2.54941544849535,0.387027366537681,-1.3020909098241
0.286901989719067,3.51253934234051,0.292432741854455,2.45345799094638,0.387380547327746,-1.36850235526789
0.286728288122419,3.58784010150299,0.292454191984354,2.47888976412216,0.387594156858404,-1.47271473517746
0.286542757690401,3.6226198317984,0.292485122606857,2.45884792911801,0.387822011558645,-1.48511258051854
0.286369002650997,3.67821981860386,0.292509139921782,2.46149875432188,0.388041703406364,-1.42240487630399
0.286193293093151,3.77866445829474,0.292538260836569,2.53630752536854,0.388231009546319,-1.35333023076087
0.286006417702346,3.81307035374462,0.292568396121088,2.51463561213828,0.38843667706207,-1.2353076052564
0.285854865001096,3.90222229649227,0.292595571188435,2.49146429909687,0.388446795966057,-1.18074195326599
0.285837870580628,3.97209237611128,0.292599950478553,2.49631486580893,0.388878113355236,-1.27920461980027
0.285686797359422,4.0144688798233,0.292641789513327,2.39540477104485,0.388909427283705,-1.27023313235187
0.28546161947198,4.1331810771428,0.292693916972943,2.42723348586202,0.389113767955509,-1.23987853326845
0.285316892866951,4.24181888819246,0.292727381433467,2.37647896224592,0.389315399099213,-1.13631942107787
0.285161478782373,4.32601160848735,0.292766104680899,2.40542987921468,0.389624096855883,-1.15142950862042
0.285008396195299,4.34107570922724,0.292800833666484,2.46249484652118,0.389838384398338,-1.14571884793061
0.284853385042838,4.42643736467605,0.292838710846086,2.40128255473971,0.390046827357635,-1.27762362507635
0.284702395947345,4.4981289778636,0.292883186693946,2.37132471106916,0.390230736811377,-1.30344967600844
0.284554079888299,4.51965223765872,0.292924952831001,2.43946024600602,0.390391994475378,-1.34856551976606
0.28439781392354,4.65580962779026,0.292973869214162,2.44803154004083,0.39059331512152,-1.37133365479089
0.284253250094166,4.70495072083308,0.293022309850763,2.42700211256183,0.390798102409728,-1.29671580300027
0.284065179401535,4.779265592973,0.293104042277823,2.48817850466998,0.390972306393716,-1.34492991100924
0.283915343959158,4.79905459827425,0.293156598506995,2.47062824965179,0.39114679877124,-1.30337593365145
0.283783914162436,4.81954255800947,0.293208443755373,2.45873317505616,0.391340392640747,-1.36345730891004
0.283650971088215,4.86420543945906,0.293266390667454,2.47064298352303,0.391617784321118,-1.37671040754425
0.283640835319604,5.06494136588501,0.29332327563017,2.40162712206811,0.391797316726527,-1.41857674395809
0.283398480800268,5.14071701174143,0.293386032637018,2.46683368762159,0.391802421691247,-1.36840303317412
0.283381831491133,5.16614602485986,0.293440012774993,2.52786836819236,0.391955441713248,-1.29647321573418
0.283261618377725,5.15878139199212,0.293450433572115,2.4696947647926,0.3921230135406,-1.22490640085697
0.283133630784563,5.28227423595473,0.293500623676098,2.4965880714775,0.392302537164217,-1.21295426490589
0.283001969204785,5.35442004860543,0.293529616375906,2.50341028229987,0.392463618449987,-1.2654749430891
0.282839671781536,5.38294489310237,0.293675772470119,2.44722745466924,0.392623471602747,-1.16885698754429
0.282701721033102,5.41985670240749,0.293745143198742,2.45365095860768,0.392785998555554,-1.22463501570506
0.282573927035983,5.37266444536808,0.293813298342672,2.47890943540758,0.392939119392599,-1.19781072281159
0.282457613234472,5.37788128328206,0.293881904641004,2.53956828662566,0.393168690296549,-0.991692793706342
0.282330894035521,5.30780656738368,0.293952935861336,2.49591835602264,0.393329344002031,-0.997883663593933
0.282217704564784,5.335841955272,0.294024574049829,2.47651754536651,0.393457241295421,-1.03497730186942
0.282100210523618,5.32943001688039,0.294093771954352,2.45689845122068,0.39359720621047,-1.11158033045629
0.281984505049062,5.38470162410177,0.294174287002382,2.46967526002571,0.393736290094543,-1.09479149497937
0.281869366439229,5.50880090172244,0.294284718399808,2.50727943391142,0.393869015166803,-1.19033951987973
0.281750392263984,5.46895834551698,0.294368006333544,2.5665345784112,0.394008511299521,-1.19199188023116
0.281600420861487,5.49069763989404,0.294450184999757,2.58346533633615,0.394152087429481,-1.23596414189291
0.281489281340732,5.53199407871325,0.294524629537672,2.54335655447885,0.394154756513712,-1.20216656939334
0.281483889563761,5.592507314826,0.294548796283215,2.557414760883,0.39434314184999,-1.17937729143341
0.281386080102839,5.69763232121651,0.29469977736905,2.58216064911171,0.39446118990263,-1.19061063345798
0.281272680924265,5.91976447478224,0.294711640218048,2.54044171456039,0.394579749733548,-1.26208326403799
0.281170796847611,6.07153038550611,0.294795813231894,2.58468780644489,0.394676555514784,-1.22952777873646
0.281067446886689,6.11502933499993,0.294886587844784,2.57367820839557,0.394797657762397,-1.18937897021942
0.280964649649701,6.04162590790263,0.294983652622694,2.63019981219272,0.394926755638479,-1.04321755583468
0.280853442864022,6.15181017111228,0.295132348406892,2.6146981535687,0.395028141015407,-1.1070385207305
0.280762675441012,6.26415302952957,0.295218107533404,2.59882044480238,0.395123340251917,-1.09105854465848
0.28062532950743,6.38322552028553,0.295317954951922,2.62287295459715,0.395218457796559,-1.1031959195931
0.280541720752895,6.42394085561793,0.295419506964877,2.59315236648362,0.395316830438445,-1.07785077319285
0.280448662956058,6.56863851486395,0.295519003756964,2.54699995446823,0.395456565205032,-1.00716429924694
0.280365056374302,6.79168638130356,0.295625621464585,2.60233845395939,0.39554099560912,-0.89620377306487
0.280282468671952,6.76946939313645,0.295726731865807,2.57345871385882,0.395607040561615,-0.912478776543735
0.280205758578751,6.78376674710433,0.295840130637559,2.63631495197707,0.395699829660872,-0.886875138043963
0.280123099581133,6.93533050198535,0.296003697699156,2.52649455573134,0.395700377556733,-1.03508168238618
0.280121435181473,6.94942438200673,0.296113014150158,2.5958412238388,0.395866013407056,-1.15332437871028
0.279956188425772,7.03307854012169,0.296208039786932,2.62061535312682,0.39587111260807,-1.12643417716837
0.279947412175954,7.14587360652925,0.296208039786932,2.62404211247731,0.395939964500051,-1.10661063176084
0.279880956959647,7.14915070103241,0.296240914068172,2.703071873594,0.396014048088822,-1.09303220879853
0.279815077622356,7.16264661743682,0.296459870892974,2.70639659777332,0.396114336569848,-1.06600098247619
0.279750038077199,7.1807776365395,0.296581358074195,2.70552044898786,0.396186965250323,-1.07118905252033
0.279689443078207,7.29104752250814,0.296700719986836,2.68110996502684,0.396225766378098,-1.20151437954857
0.279615542960391,7.45161112249377,0.296825237605717,2.71534161461992,0.396286078685299,-1.21089756103116
0.279556710770827,7.52618478115888,0.296946341267427,2.71364365814358,0.396348447345373,-1.19066293415929
0.279502488315431,7.68627809014709,0.297069683603859,2.76269040059845,0.396398900021384,-1.21618985828104
0.279439638487137,7.73748533624084,0.297188969041797,2.78681986195982,0.396447592427061,-1.15626530042051
0.279384530005078,7.81706747776357,0.297334552622847,2.75704575880255,0.396494770850223,-1.12685524648918
0.279327772282511,7.76198495879521,0.297508933628641,2.77912417886355,0.396532406105594,-1.16542870323384
0.279282479640782,7.68906731190102,0.297641715791553,2.73532990203284,0.396595713305662,-1.1780074778466
0.279230334941583,7.73379129850816,0.297775040530394,2.73393407419301,0.396629982031427,-1.08185752624714
0.279178315786391,7.76959867509542,0.297907089872522,2.78267825700876,0.396656092927168,-1.09648119668945
0.279132661629977,7.79574660267291,0.29803860798719,2.75995752209195,0.396680269838253,-0.988899260143576
0.279091952173726,7.70275370221788,0.298177529004063,2.80816720762095,0.396682014776374,-0.990370515206796
0.279089214397336,7.78002787260892,0.298317253001284,2.77113952440732,0.396719237579312,-0.996786659569673
0.279031523755222,7.852396590775,0.298433230387401,2.752318077059,0.396744268131458,-1.11109354279331
0.279028306031835,7.88514673191278,0.298453097040757,2.78642594117719,0.396764123237994,-1.2441490119143
0.278990951392935,7.9194926094275,0.298601008122779,2.8487322470985,0.396781504828006,-1.2710097282483
0.278959304446633,7.94885955702359,0.298805073563462,2.86408255853181,0.396796232301264,-1.23461438610271
0.27893064398744,8.04834297434047,0.29895280957536,2.86083940343784,0.396817867864569,-1.32983218677318
0.278905579284754,8.04063058838992,0.299097818871838,2.89684470678491,0.396826622890188,-1.39605607486146
0.278870610206869,8.03139812738803,0.299242822688594,2.89276694068277,0.396833340975033,-1.46708132326189
0.278845647515141,8.0144047809698,0.299397260158799,2.95803353575696,0.396837021829795,-1.5491040216728
0.278824204718559,8.16261028409135,0.299541385474088,2.93417358219239,0.396839349097886,-1.63307457599155
0.278801710805228,8.08665041236101,0.299696365201091,2.97388785312869,0.396839368874016,-1.60548863679392
0.278784938312673,8.05416647277463,0.299841154484732,2.98356606906693,0.396837370445043,-1.58382773524113
0.278767226280053,8.03170936602291,0.300002888122456,3.02208455747144,0.396829878131957,-1.59722525900726
0.278747351302771,8.07391708264961,0.300221036522815,3.05564947889093,0.396826461067442,-1.58200850949397
0.27874674050095,8.01965949576986,0.300375808830403,3.0231185281443,0.3968181558101,-1.60472039366146
0.278739135070621,7.98680128189412,0.300530717954561,3.05851161725259,0.396810374603021,-1.69249013141682
0.278729768738391,8.01354223776987,0.300705320749574,3.0498795097594,0.396810315414835,-1.78847908420705
0.27872927205972,8.0178326777856,0.300867347453994,3.05467328126443,0.396802013092811,-1.77052508831952
0.278708329140117,8.01550653570023,0.301013812393563,3.11249799781942,0.396795551557097,-1.66385887656028
0.278707223132526,7.96909236130343,0.301035933346132,3.12586865322055,0.396790084785785,-1.81727675212343
0.278702658744945,8.00672299161824,0.301193862579461,3.2503629127203,0.396780135868258,-1.93568043540948
0.278703363227637,8.04121066354729,0.301339819180217,3.18778981266375,0.396772474645878,-1.99158641181355
0.278708717480371,8.02727552329537,0.301503194508679,3.22360760104208,0.396764752621217,-2.12348872842854
0.278711176126023,8.07833281809442,0.301672390778327,3.1782140240179,0.396752498375208,-2.20694211957441
0.27874010705067,8.04625510619097,0.301920143554644,3.28857889109884,0.396746717459737,-2.192271839395
0.278750157714629,8.03354078439323,0.302100885151513,3.3236441343081,0.396733364385429,-2.20983659148897
0.278764571410748,8.06310977559184,0.302279429153149,3.28164350662253,0.396725647179016,-2.31430140004451
0.278781697207086,7.95532845709596,0.302460650763318,3.29587948309073,0.396718890811696,-2.41511430027331
0.278787841754644,7.91221324411606,0.302633699800223,3.2732232109865,0.396707431034672,-2.53048961821919
0.278810704986493,8.06362865645843,0.302798378735998,3.326642784597,0.396695317880017,-2.49433533484864
0.278834533805964,8.10201364761591,0.302969308688784,3.29590097223767,0.396683778877518,-2.54349293292014
0.278856488946194,8.03844761535672,0.303155249005878,3.34087256971922,0.396683778877518,-2.52838248880102
0.278876838446841,7.97416089117246,0.303354257032233,3.47418313570597,0.396665311588804,-2.50591928833116
0.278933303611981,7.96692256285617,0.303604662261664,3.4142960737384,0.396649659847064,-2.52515543736083
0.278963946030237,7.93383747187293,0.303776837133851,3.4377556402964,0.396637417182441,-2.50567446983918
0.278965209868924,7.92758156621201,0.303937043781488,3.40990358603622,0.396625351930615,-2.57505689773147
0.27900197953021,7.89033520170716,0.303937043781488,3.34084355302455,0.396611634230593,-2.59083801620225
0.279038085097235,7.89915264638138,0.303994176602305,3.32828801565575,0.396591931522042,-2.57108457526482
0.279060347450617,7.84045784484852,0.304327856817369,3.36553662622594,0.396572982278197,-2.43359225744284
0.27910136033875,7.74283471197526,0.304381863183793,3.41901203248426,0.396554113505646,-2.49547421053166
0.279143300187643,7.75842615363337,0.304732174017315,3.39463185215808,0.396522007997504,-2.63542398434445
0.279192259648133,7.71598146935541,0.304917645523521,3.43705332700837,0.396503746058504,-2.69960536919138
0.279241629620212,7.69852476586761,0.305107373446027,3.41185144286474,0.396480210755789,-2.79667016333043
0.279288150213678,7.70472952190426,0.305291559523835,3.48747266789961,0.396461399308096,-2.83031015583451
0.279378521819515,7.77612807245808,0.305492380797753,3.51691860294353,0.396434775528735,-2.93841605586449
0.27943441393405,7.72877744695951,0.305775142379517,3.57957845064143,0.396416104809603,-2.91714683807449
0.279490227949976,7.67608477510607,0.305975580454015,3.4721559815114,0.396392837118724,-2.93833013286143
0.279530649767123,7.70534227001687,0.306182107051698,3.57693728977008,0.396391684001048,-2.99001447004029
0.279592453964839,7.69182950397461,0.306384576805407,3.47392951540849,0.396337868510754,-3.12424265642625
0.279653869602543,7.71002681639755,0.306584920350411,3.40170740091681,0.396335777747646,-3.20520747091677
0.279720328998104,7.63602898942311,0.306779360316975,3.44050813105975,0.396311248878555,-3.22327270478294
0.279786138003021,7.6774462407855,0.30695118131549,3.47758027404503,0.396288477053854,-3.18621747466954
0.279790324304611,7.62950613608939,0.307010668586886,3.50194757842636,0.39626371083572,-3.09929863334038
0.279856779217798,7.58881922333965,0.307376342612072,3.50292451470328,0.39623336304043,-3.08449591814991
0.279988926324749,7.58506485347868,0.30742261148882,3.49468748595878,0.396207535871152,-3.1364123321046
0.280067258951712,7.631176659072,0.307723135902523,3.42903334323091,0.396177052821999,-3.14857182187604
0.280155312007502,7.62857032231062,0.307913218643776,3.43984537826588,0.396154937844047,-3.10686164050978
0.280218122673887,7.6045865695049,0.308122906459894,3.489355558975,0.396125670800778,-3.14113497898545
0.280309104206315,7.60948177832318,0.308336071924917,3.39394352315912,0.396086276269614,-3.03846169402314
0.280396093399677,7.44031605440363,0.308551223928428,3.39396109509604,0.396058079834895,-3.09037191881978
0.280490152695037,7.39773003753303,0.308763213564264,3.35113851755008,0.396031434267925,-3.14429366909969
0.280584390262134,7.4024894498379,0.308982196344613,3.26782079120811,0.396008419277634,-3.20437076076619
0.280678137371005,7.41150657557797,0.309196259867316,3.24716837364562,0.395981568698939,-3.27301985991885
0.280781078676348,7.40717976452777,0.309419762422825,3.24191104029413,0.395952841436853,-3.26569189270341
0.280942354089488,7.32629393951288,0.309752498278729,3.24023381394233,0.395952825066861,-3.26881948230962
0.281054885898702,7.17037267453672,0.309980212010358,3.24373047101878,0.395887621624043,-3.25125112583013
0.281154311291448,7.09457007996086,0.310203289061211,3.1827887371008,0.395886840788462,-3.26196783080336
0.28115914805047,7.05283678586466,0.310418444720493,3.15624788924134,0.395858256435408,-3.30285310438044
0.281245883283664,6.99538332737928,0.310648413272218,3.14793873794483,0.395811251142471,-3.46729909590397
0.281362597098569,7.08998185141616,0.310853020804366,3.070626345066,0.395777774570995,-3.39996907385608
0.281479007746546,7.08178346525772,0.310888547354839,3.07456640117913,0.395742188216662,-3.51406963183823
0.281610209526252,7.0966262594452,0.311122181702388,3.03922251181335,0.395712727708437,-3.44135538935235
0.281737168568183,7.05191857214113,0.311356897271341,3.00090548819062,0.395682038216186,-3.36456653482398
0.281860031884083,7.03407471459467,0.31167593061044,2.99298376086608,0.395647008627764,-3.37795018868863
0.281970656039583,7.03703565113651,0.31191805512137,2.99539370826417,0.39560732895475,-3.38522998920772
0.28215616728679,7.00416537314303,0.312143900581845,3.05701112099711,0.395572350528966,-3.36519867617005
0.28228142382027,6.88368258954338,0.312388586171049,2.99405995728337,0.395538657586473,-3.3841600767039
0.282398800353294,6.78377184113394,0.312633497945294,3.04261483287633,0.395500387314907,-3.37542796709078
0.28253572242728,6.75176245578594,0.3128833359146,2.98739941779913,0.395443463927953,-3.20159399584937
0.282663135898466,6.64421106340996,0.313116290003731,2.98063262519533,0.395403546578485,-3.22838564934939
0.282806161504684,6.63676313441881,0.313364498296713,2.98945797595441,0.395368513415037,-3.28775895741493
0.282956741897533,6.56302129001212,0.313616282197193,2.90937545793463,0.395332371600055,-3.3860230094332
0.2830972248038,6.52946855266396,0.313960335919474,2.8638158547058,0.395332089291394,-3.44065374875078
0.283223676775776,6.52751495301495,0.314208465192469,2.85440099177646,0.395285455384034,-3.38712636000006
0.283377796950689,6.5999961717824,0.314451179670467,2.87450675293428,0.395245559619991,-3.37419873655828
0.283381452327069,6.57630952287067,0.314679621564446,2.9341750545907,0.395200090715622,-3.40691914129314
0.283733143077452,6.58710165793772,0.314709682942883,2.94913258197464,0.395150165395678,-3.34206255087823
0.283773535808945,6.57313912954375,0.314972853894585,2.98360705206123,0.395083002365811,-3.47754912793051
0.283909292398649,6.56043929246786,0.315225631982614,2.92564407348064,0.395033153077756,-3.40512924901528
0.284066377541749,6.67710107512189,0.315487656976835,2.86247729530759,0.394979999509643,-3.41703576009828
0.284202934873367,6.59156825057894,0.315755325095936,2.91767813667699,0.394924124866277,-3.45282651172225
0.284358043534175,6.5466317992883,0.316124879177502,2.90653256829853,0.394876779441602,-3.34235774938894
0.284533664887435,6.56296944710957,0.316412112795075,2.84889785567458,0.394821136902263,-3.28314096983305
0.284699179319592,6.51855953120678,0.316683879931932,2.77650595714462,0.394763026536289,-3.23029976047992
0.284865887284314,6.51944499404831,0.316946440246997,2.81841347734763,0.39470088176575,-3.24966752605819
0.285116742103562,6.51148474222433,0.317204445483932,2.7194704730273,0.394639193450868,-3.23342727134092
0.285279505045609,6.51904627617859,0.317472204442918,2.69669470125451,0.394575348120276,-3.24041349103392
0.285454405848617,6.56262556153389,0.317755089315858,2.65374240863415,0.394480420844255,-3.1441244769783
0.285633237967699,6.55946899774148,0.318018609837893,2.59245570029893,0.394415475297102,-2.98050648141079
0.285815577706632,6.44881083672492,0.318273734502055,2.55185678617305,0.394415162829097,-3.02255485708904
0.285990644494378,6.43988679313591,0.318583356971535,2.59638666441512,0.394354372328044,-2.93014195272571
0.286179283136657,6.4781208696499,0.318994996370414,2.49880389426673,0.394301277458032,-3.0666177228664
0.28618700743161,6.5544945036516,0.31928135638303,2.47565839247122,0.394240406605883,-3.12021800992782
0.286551788616393,6.4758354978943,0.319513904826209,2.4669211692164,0.394183258709668,-3.13433517973964
0.2865591052715,6.57231209676865,0.319551111313825,2.32505610897104,0.394117883790145,-3.09676565926593
0.286856133154634,6.53797745649184,0.319828567115135,2.34040924325805,0.39404756366037,-3.07270614148652
0.287026388482172,6.51495937038706,0.320110408186569,2.12795519354024,0.393972611529688,-3.01726771172803
0.287225920092585,6.4535900626816,0.320408741394863,2.07314361461948,0.393883408306362,-2.9606635825778
0.287416541840674,6.51676352735822,0.320709952551944,2.02987026819416,0.393755214155545,-3.0834092300121
0.287620515034789,6.662107896624,0.320997016214846,1.92079029775809,0.393686779745588,-3.06403804448326
0.287821318208783,6.67994829033471,0.321299032411526,1.95210695280122,0.393601793727719,-3.11993226301519
0.288003489888975,6.74129893813968,0.321750793078435,1.88059242559566,0.393525751512338,-2.98041365594949
0.288196944127626,6.73448923604262,0.322043142518418,1.85392970808895,0.39344307651827,-2.96501573099077
0.288401314951987,6.66110296391457,0.322328280157781,1.79515379878498,0.393348762524903,-2.88520247506569
0.288709111556873,6.65580399150478,0.322630208202268,1.74016445080632,0.393265289208722,-2.94857060290274
0.288927023328734,6.62470131690356,0.322934708908792,1.59657376104023,0.393170363251424,-2.95899781132234
0.289128115261414,6.63910784677994,0.323228005926764,1.48793682645091,0.393049319725174,-2.91167434028182
0.289328527900058,6.62211920089299,0.323481456472714,1.46503271409299,0.39304697408328,-2.93750804449119
0.289540843172077,6.65165303968491,0.323587658498622,1.50403962745109,0.392919733465208,-2.77294493617431
0.28975597919278,6.63200552166961,0.324241072888491,1.54314151795678,0.392834112114986,-2.80850464200947
0.289768212286163,6.55658298680172,0.32434699262219,1.4896574246144,0.392731327306421,-2.86313375129761
0.289968526186449,6.66822303999626,0.324863897955823,1.48940418565244,0.392631673348257,-2.80682721097142
0.290176131742166,6.71218742902783,0.324909500077089,1.38825864898644,0.392527979165434,-2.85105610229218
0.290486560531001,6.70675962361676,0.32521582132746,1.41441677609588,0.392417862654515,-2.86224729272999
0.290721788858203,6.70205568914144,0.325520094359496,1.33093855411398,0.392309649325639,-2.86786145361443
0.290943182756124,6.7294974750217,0.325851096582144,1.2292502600628,0.392191194199664,-2.8541779989098
0.291174204155844,6.74179443149847,0.326157273271212,1.21450526024369,0.392017403709224,-2.83666817022918
0.291402930159803,6.72181750591275,0.326475614361913,1.25051169780069,0.39188771150245,-2.89146866304367
0.291617897969022,6.78349144555435,0.326815593412309,1.14063979225512,0.391789312587397,-2.9728713296676
0.291835647627089,6.90224626065577,0.327149539623461,1.09587937443584,0.39165348630866,-2.92555144007218
0.292058694463015,6.86412713024181,0.327510042325337,0.998427503089346,0.391530204421876,-2.87704196289679
0.292297041479425,6.90242861549295,0.327944377260134,0.95518072844488,0.391393530921298,-2.81049768717291
0.292525787108042,6.92057710382654,0.32827539955744,0.86886484005069,0.391392821122363,-2.80027856811557
0.292860312935763,6.9467460748269,0.328599741133669,0.850101982067144,0.391138177623318,-2.80000116510017
0.293103837333184,6.99918549413817,0.328922690506183,0.879721162043497,0.391132881944305,-2.79706286458004
0.293116583550252,6.92158371072642,0.329251946772269,0.866276912945116,0.391005110846419,-2.78795249033464
0.293564819124283,6.950041981458,0.329592802324682,0.806229100111999,0.390872340677893,-2.84685571476563
0.293589343103222,6.97732485587994,0.329863964582576,0.76190987143655,0.390723459868795,-2.79624920775309
0.293815957942138,7.03956184834808,0.329920555910319,0.697911459988341,0.390496624110124,-2.67552670392116
0.294055491858288,7.07766787709129,0.330281434505573,0.680027650448467,0.390363843850106,-2.68335874512535
0.294280961685774,7.05311559573243,0.330763575481409,0.705565073105224,0.390221312476923,-2.72974257320742
0.294521742150992,7.07265248717795,0.331072787739739,0.645709281139472,0.390067530769943,-2.83951770539402
0.294763379655971,7.12291706517696,0.331416505120616,0.524470002077323,0.389913365132982,-2.9164954334724
0.295001148602041,7.19422855955682,0.331755192899455,0.50011528807907,0.389760492586273,-2.89814765880597
0.295346346350667,7.17589958420406,0.332102359927527,0.474676923683677,0.389602863027056,-2.87909861847869
0.295602391943707,7.22015359357625,0.332429602725755,0.545873111239647,0.389439091344732,-2.86527928503736
0.295837047595475,7.30139257774439,0.332765123856556,0.564851610482076,0.389200448486643,-2.87732562698416
0.296074720985008,7.33943909245472,0.33313342907303,0.522735718035407,0.389052647738579,-2.99510613071497
0.296308107389636,7.28974197670433,0.333503055631725,0.378672651765453,0.388864526075592,-3.02348201095308
0.296549076802293,7.38456763137772,0.333996001178325,0.236798281576963,0.388862188867855,-3.01155075672447
0.2967923775176,7.40351565728128,0.334318289950656,0.195751156012579,0.388681282682462,-3.01845594371475
0.297027108306845,7.45312602878118,0.334670018466117,0.297417367808308,0.388515613052934,-2.90493908480322
0.297387002277815,7.46927335401229,0.335007977414888,0.328470296093987,0.388338900334268,-2.95601330496805
0.297411192933384,7.49701555512965,0.335365625602747,0.309555606582297,0.388172309036578,-3.08549642735123
0.297660587880701,7.48255491452907,0.335667327936386,0.228493771694786,0.3879985016097,-3.1834357931424
0.297676781474819,7.49422443687683,0.335720858147644,0.1823797847523,0.387726786184598,-3.03530644175893
0.298119736873901,7.53320713905179,0.336039872866089,0.143427698290342,0.387532491664875,-3.0047887789215
0.29837315664323,7.46354934503881,0.336406071765896,0.180772991357564,0.387374600584833,-3.05544891548691
0.298607132708122,7.54356946710278,0.336924053393889,0.22085015315758,0.387179043138499,-2.91306484770602
0.298855651614145,7.52417987787716,0.337302384295215,0.174216839244602,0.386991035298399,-3.0054106052583
0.299098914016296,7.52766489546181,0.337622012868147,0.155542968008656,0.386809788367647,-3.00550096867821
0.299368208402405,7.55225801986564,0.337958893596181,0.0670782843870306,0.386608559966993,-3.04786583047382
0.299732326781273,7.55256124588915,0.338302718067046,0.0760736883228408,0.38643086061596,-3.10306003249265
0.29999525608967,7.61553476972799,0.338667177447454,0.0743390449467607,0.386234070739631,-3.2045786513149
0.300235736628511,7.67792530889692,0.339002569704422,0.0830017646748816,0.38593729919581,-3.21845811226054
0.300481334191668,7.67742809451038,0.339400225148639,0.025628073930255,0.385733472584171,-3.20068334689694
0.300733544856964,7.67761642377728,0.339890235830016,-0.00153804879634856,0.3855442154708,-3.27466802649968
0.300983160465752,7.72012379347446,0.340193046097897,-0.048972700893092,0.385538487075046,-3.23585095754619
0.300991472810506,7.73845765258655,0.340287253356004,-0.145075492485535,0.385367548184623,-3.35391429307366
0.301475591366181,7.75057057325757,0.340889357236056,-0.143365300662688,0.385161548319163,-3.30104656766578
0.301490149672499,7.8179813043943,0.340943114524757,-0.0915447714053141,0.384963282709648,-3.39039398710046
0.301709474162765,7.7473499240538,0.341300529724089,-0.0135770722206641,0.384765429749493,-3.40589738213422
0.302083345141922,7.72993137051832,0.341655350107951,-0.043261968685786,0.384443859917246,-3.46736502135045
0.302345920628191,7.75038535852505,0.342003532832026,-0.105079482081104,0.38423842102608,-3.45930545666973
0.302608576519706,7.77021239988063,0.34234539146947,-0.1113658095336,0.384033991149484,-3.40133197878592
0.302845813851906,7.77010368553419,0.342732628674895,-0.0109639936936847,0.383808628449117,-3.45793165089254
0.303103634667988,7.77808766576991,0.343215590928039,0.0217982651051369,0.383641129011092,-3.54248295303822
0.303348056789811,7.8121440125199,0.34355118474998,0.0112372392087554,0.383412580959311,-3.58680075243507
0.30361072792312,7.77369195796434,0.343912680552252,-0.0486596634599665,0.383206763329845,-3.46026999739792
0.30385405518672,7.67779344195843,0.344268434949417,-0.0209687123516957,0.382989570029174,-3.5190654662276
0.304092100691238,7.78523470695158,0.344635096477407,-0.0159519018115792,0.382777531785356,-3.57383165262346
0.304351318546595,7.75262488904701,0.344969961232188,0.0638972774850743,0.38255537045842,-3.64342886336921
0.304739446394812,7.80396372906944,0.34531691830195,0.111101305363961,0.382350774186371,-3.76721743161794
0.304988535990647,7.89853626029831,0.345655841541474,0.0404245479111616,0.381994357619119,-3.70962740039223
0.305236682080618,7.84014445121177,0.346021449607893,-0.0381174053081741,0.381994357619119,-3.69678580567238
0.305506384933739,7.86522530733826,0.346495239232986,-0.0750846852862372,0.381994357619119,-3.71263609580921
0.305767205441055,7.8394156548706,0.346544445149545,0.0036472752979293,0.381610293513822,-3.81932749210181
0.306011487328745,7.81122492399191,0.346834668801016,0.0357043980990919,0.381378349858074,-3.83704456756983
0.306029461266529,7.90467713089885,0.347181163114781,-0.0656210236741157,0.381160533440109,-3.91881966047532
0.306267996032883,7.95584169058195,0.347532500308714,-0.154922079247017,0.38094248177082,-3.94114590520558
0.306555330607953,7.85049234788011,0.347861821642098,-0.230337069819697,0.380725480804455,-4.01886697062196
0.306797780833422,7.87386102059535,0.348173735607352,-0.335172290481418,0.38049798067996,-3.98935056393981
0.307164053281778,7.91345617560104,0.348531053379238,-0.134977314107221,0.380283095235651,-3.88600237733177
0.307449315445412,7.89931624206042,0.348848048751423,-0.170989696573644,0.380056863909152,-3.8727150568462
0.307703171684072,7.89767343201421,0.349211130505603,-0.207330371328292,0.379858838047332,-3.90465982539473
0.307978676859405,7.85293740858689,0.349654837290082,-0.26367923896489,0.379489915514259,-3.9897134976381
0.308231565714008,7.85122405034344,0.349978880179094,-0.261041792357438,0.379258483581003,-4.03178506993027
0.3084869587009,7.87975380812054,0.35029743985622,-0.34572101391915,0.379051698460492,-3.95336601891285
0.308754306620267,7.86511940916436,0.350617783464434,-0.316703059852213,0.378862595929753,-3.81950307796554
0.309019979210444,7.80682809500968,0.350957305596347,-0.245833220167954,0.378649238193422,-3.81512205080422
0.309293442635679,7.82067993529738,0.351276940515245,-0.20268705673035,0.378395154674585,-3.91986038679654
0.309557208778993,7.81019187957771,0.351588113171142,-0.185657511066443,0.378185675345175,-4.02274558338981
0.309929083287209,7.83748502873338,0.351860135134374,-0.17781175742845,0.378178045224077,-4.0792429410421
0.30995676218411,7.68281984064056,0.351920773186466,-0.225906724271288,0.377747056671464,-3.99614795305883
0.310511681766186,7.69617986784386,0.35235926812855,-0.19431211822633,0.377738441047153,-4.0067707369023
0.310520929146033,7.75167794756949,0.352672459959547,-0.168707288640629,0.377393812626696,-4.07454760034852
0.31077318700859,7.69812505160281,0.3529870328259,-0.209927345813107,0.37716576128172,-4.11787683543128
0.311047226986019,7.66843430361151,0.353298555316243,-0.234402709573618,0.37693602987525,-4.14830856288405
0.311320533833891,7.63961633296321,0.353599744228668,-0.141119857225633,0.376742015432419,-4.14147264620526
0.31159197335389,7.6837112431518,0.35390673893716,-0.332003860027786,0.37653018778083,-4.08168354072243
0.311867050175884,7.61202612392993,0.354211868080867,-0.247908990933184,0.376317246150965,-4.20694338376619
0.312154659971787,7.48399230529385,0.354551261734095,-0.421063664017139,0.376071247567765,-4.23797698148242
0.312558300915788,7.51506990107734,0.354980388152088,-0.449379716226499,0.375862295916786,-4.16612116952673
0.312850293241446,7.44443879897359,0.355286294392042,-0.456516626741481,0.375647997828912,-4.1010228158141
0.313137138481566,7.40078811866801,0.355554751503043,-0.453871689489077,0.37540883593809,-4.10489968785198
0.31342423996127,7.39977913878465,0.355863577386539,-0.537296817140245,0.375055926597475,-4.11610949999033
0.3137003654981,7.26768954284522,0.356157700473737,-0.49916172739867,0.374836297489657,-4.13259486292078
0.313997628328747,7.1991111497758,0.356462822088629,-0.576815315678463,0.374638852437552,-4.13063880647976
0.314268769469189,7.17719875005067,0.356700647698704,-0.609543730933503,0.374449357207402,-3.99666485797423
0.314562636801391,7.15172629472125,0.356735895424111,-0.685945237411514,0.374446547234193,-4.06962157009592
0.314977936408681,7.19585149136525,0.35701785784158,-0.659411253602884,0.373956275247694,-4.01480107225911
0.315004174542,7.12337044043342,0.357465676572704,-0.526566161062201,0.373945940216367,-4.00111480112341
0.315277575178548,7.07914174032378,0.357751031651431,-0.531572096072721,0.373738777035397,-4.05044103957468
0.315574663975567,7.06014086145698,0.358028570725123,-0.583831286471577,0.373513111490262,-4.13096889304554
0.315864694586394,6.93631622919252,0.358309612186566,-0.618728971900839,0.373292753278225,-4.23527076797607
0.316168317463277,6.86881996876034,0.358596508281967,-0.687200883076343,0.372954564380966,-4.25480046162636
0.316458521988528,6.90915817321259,0.358868882992024,-0.746266249646692,0.372723968729393,-4.31452810019611
0.316762094051038,6.7857804153308,0.359139599282404,-0.758172862798416,0.372500684515337,-4.29821095638674
0.317045486402265,6.75391830654232,0.359404796887847,-0.659219690001749,0.372278457787947,-4.48091084510957
0.317340358298267,6.6195459191378,0.359652858565856,-0.663954962852825,0.37206822399632,-4.48466596217637
0.317640819394436,6.3463770263988,0.359934599487921,-0.686522406936394,0.371830016803163,-4.51059552809732
0.318092431996115,6.43503592620084,0.360344423657966,-0.713468907021343,0.371605799737476,-4.53509158270432
0.318410802697753,6.38737615235968,0.360602531632784,-0.785917727913836,0.371396513283843,-4.53533986985728
0.318694330523752,6.41204203389521,0.360854011046393,-0.875016656549696,0.371147521115593,-4.60313299945431
0.319022299209375,6.38921441029704,0.361105362720183,-0.871806161705649,0.370932598481084,-4.70795541137053
0.31932856513111,6.23920433228815,0.361341893653637,-0.756182950765179,0.370559916752293,-4.71605015480648
0.319338674580026,6.11157709011073,0.361376342834623,-0.837297027421806,0.37033044641103,-4.6185290052942
0.319890379633676,5.92230774554822,0.361614631841989,-0.809578271612274,0.370318541373999,-4.54207739993012
0.31991832247167,5.74016930645039,0.361848219697268,-0.908854813810985,0.370104795154782,-4.5380840193316
0.320209316530695,5.67614626401338,0.362115045150117,-0.908172455806243,0.370094745225431,-4.47776708496842
0.320660966475594,5.65406024664961,0.362454463505703,-1.01290787131502,0.369676485844703,-4.49102318657099
0.320958369791753,5.55663960258365,0.362702377784986,-1.07828760856111,0.369425512271968,-4.53052420336764
0.321284469211468,5.52816255125945,0.362949115435902,-1.04292582233689,0.369205004341778,-4.45636401596692
0.321562045665724,5.45231038338205,0.363182562539898,-1.02630223847604,0.368968037283284,-4.41525128404344
0.321869409308977,5.38381360921768,0.363415382126,-1.10887961528078,0.36872241395772,-4.4246438040319
0.322161604253883,5.34371051026211,0.363650475523435,-1.13015000309921,0.368459083645265,-4.49675600018359
0.32248929097654,5.28450048719183,0.363877812741329,-1.21090300955882,0.368115973978153,-4.36895368984767
0.322805358089491,5.31913949590985,0.364114673234167,-1.28835822541513,0.367897047705706,-4.30636598457996
0.323100766693748,5.2966735633189,0.364354388997113,-1.29797825959899,0.367665227964565,-4.3558686092755
0.323573831186398,5.37033980888162,0.364661366025801,-1.32021212325961,0.367406074039501,-4.4453185944294
0.323892485662273,5.27242648728005,0.364901719497086,-1.31471324353716,0.367164579740706,-4.37019085315948
0.324192029535405,5.23767875675465,0.365114858080247,-1.36606612998563,0.366918621618353,-4.30446253639493
0.324526309551109,5.225850745135,0.36514632218238,-1.52172106936598,0.366676109837358,-4.12247232350796
0.324543985737244,5.10975412988471,0.365353799768665,-1.52738143433052,0.366418002393355,-4.1437039585907
0.324543985737244,5.05701453602185,0.365578928921095,-1.64843733185285,0.366417223985431,-4.12569652158732
0.325144794572171,4.94913771356725,0.365801400646997,-1.60654020407901,0.366168585779905,-4.11002808897842
0.325494765888943,4.91844453912219,0.366024847055347,-1.66135816851083,0.365938241923633,-4.04713271303448
0.325812879674647,4.89988951028381,0.366229239913351,-1.64637116166553,0.365561161812064,-3.8798446112922
0.326280794113716,4.94897746700798,0.366435344920764,-1.72401469194264,0.365314076584995,-3.76045422518746
0.326620088697766,4.97446720054685,0.366753749274419,-1.71374794889259,0.365050709155829,-3.73756476435855
0.326961012733424,4.91885944496266,0.366980135062994,-1.81714102742523,0.364811592961589,-3.57340689653664
0.327277258788943,4.9372508198934,0.367182560589966,-1.7422771419137,0.364536781396019,-3.60694782013131
0.327608779952189,4.92602177168484,0.367390497389925,-1.80738032911652,0.364274846342386,-3.59095645193513
0.327950306276908,4.84169872678065,0.367599037775064,-1.90448491606211,0.364018482191859,-3.49623291201309
0.328279209677425,4.71087162300755,0.367803217291402,-1.91117353915281,0.363753759583595,-3.41662456710513
0.328617332937288,4.70927180376734,0.368004727126991,-2.02079853197984,0.363355597988985,-3.37673689482408
0.328951017665697,4.7671611412059,0.368208125328508,-2.17632780588303,0.36310287010378,-3.31510380705672
0.329287074574351,4.82898404157983,0.368412716215678,-2.20366552359172,0.362830615584681,-3.34790286100777
0.329810423297714,4.78159231416728,0.368675207008288,-2.20240993758256,0.362561943056254,-3.35420872358339
0.329832467289444,4.756542037045,0.368707500327461,-2.18941607293205,0.362560982067248,-3.34406637380547
0.330464105092232,4.72373733532788,0.368906683753726,-2.21561678334879,0.362277890846983,-3.2764882569246
0.330501377823545,4.6595529417368,0.369123182785805,-2.45131397550616,0.362016697358173,-3.19399510314641
0.330825850221002,4.69460166947261,0.369316434842556,-2.49645245269944,0.361731167132452,-3.06114419786059
0.331169925444564,4.75897902639527,0.369518106810786,-2.44777865936175,0.361465480759313,-3.09400474788231
0.331531669073951,4.72935253420975,0.369705572813464,-2.50278739491307,0.361205304514797,-3.00945999129399
0.331864592985977,4.64841509975195,0.369899827714394,-2.40129517846052,0.360792276609391,-2.92901666732605
0.332209895443608,4.63271838653509,0.370083236441065,-2.43158063752426,0.360528838215471,-2.87806868559322
0.332560468489608,4.64812365400948,0.370262372917616,-2.50572398469884,0.360236678649602,-2.63592124656882
0.333080260109323,4.65696305699194,0.370542520140246,-2.564142778914,0.359945743250353,-2.4703317426641
0.333437240033468,4.74297012585809,0.370742832119358,-2.58315372059807,0.359645413523859,-2.44242213969407
0.333791055324688,4.6840998257702,0.370927444375756,-2.62683489713145,0.359369836610301,-2.47340993718923
0.334147074623382,4.66297937685283,0.371128975917895,-2.53474825175365,0.359068685731479,-2.45662768402248
0.334494864144966,4.48908244195872,0.371307804144604,-2.60020070774355,0.358785047608193,-2.41336202675991
0.334832422757774,4.37923530154377,0.371489696304443,-2.63909784669584,0.358483741931357,-2.24522942657508
0.335186448537187,4.35606941615236,0.371654865309008,-2.71187773810874,0.358078705072106,-2.14104513134656
0.335545158258867,4.22133964593306,0.371816509489571,-2.77046936353734,0.357773298191157,-2.22355678113171
0.335556357965844,4.23857974845401,0.371840508789854,-2.87065163149372,0.35748998479388,-2.15861923851023
0.335884970931473,4.26267721268829,0.372015434552997,-2.92795106577105,0.357476148047388,-2.07052926344622
0.33638687473891,4.27330279549148,0.37218993224997,-2.92293622236035,0.357172159888001,-2.20476086483759
0.336777060803093,4.09414650423615,0.372423001863166,-2.92372228966709,0.356849234964992,-2.23692064271465
0.337128303318547,3.96689659568113,0.372591199108825,-2.93498367519994,0.356582669750919,-2.19128680554378
0.3375079937419,4.04047484158486,0.372766536228331,-3.02086490988351,0.356274887892181,-2.0611410200544
0.337836979280152,3.90806175593789,0.372927687852232,-3.02903139185048,0.355982292512006,-1.93471513467367
0.338196986210824,3.76247780964683,0.373088302657969,-3.08866401246336,0.355680396785679,-1.84076001114102
0.338521007959291,3.61290090883306,0.37326029236307,-3.15726875886583,0.355262556602908,-1.82525396227279
0.338907824813552,3.58571789018906,0.373431862345962,-3.12025135264532,0.354936353464563,-1.80970826305506
0.339236827098125,3.61190589122601,0.373605687874251,-3.07480643402923,0.354644552499975,-1.78991238951186
0.339598165293584,3.49454873043737,0.373760674583812,-3.07547250242562,0.354314283760526,-1.56395318346614
0.340108082471277,3.46037983369168,0.373978819034394,-3.00449562415854,0.354016898631649,-1.42785169450457
0.340488379064933,3.36112268579189,0.374157145642201,-3.09925585286398,0.353676546853798,-1.38140503229099
0.340852984554863,3.30635767235508,0.374320614374493,-3.1555064911867,0.353359696160509,-1.37011043192114
0.341212199059404,3.26303814853202,0.374449081481529,-3.01840844771044,0.353040967881655,-1.44979267295857
0.34122196182107,3.27592050760993,0.374489432919677,-3.00304749798003,0.352737167848245,-1.55325757066435
0.341827555354908,3.17734334092175,0.374756909297313,-2.94581295798502,0.352278270476793,-1.57159348252036
0.341902305138895,3.09653356535608,0.374779240062615,-2.98754685366987,0.352278270476793,-1.48501417417978
0.342233832971094,3.03073766506337,0.374932196486551,-3.02807429430216,0.352276030810439,-1.43345270893642
0.342580495835943,2.97884901395939,0.375094187643017,-3.08695046248246,0.351657202843229,-1.49412634539568
0.342930034001471,2.96947244224761,0.375253461542978,-3.13260634999385,0.351321823701404,-1.65488333774275
0.343443991541129,2.96925200639529,0.375464246680424,-3.15794280126074,0.350986708358621,-1.77013328432768
0.343795016933646,2.95266894537795,0.37559944996292,-3.05872950434152,0.350663899140522,-1.75888766710473
0.344162303242723,2.97054834048161,0.375745431406925,-3.03090288118347,0.350350736540641,-1.6847974211206
0.344491119248322,2.96043353503131,0.37587847591373,-3.10802566567177,0.350006282928389,-1.58636366346029
0.344843394457481,3.05724023080888,0.37602109509381,-3.16002573534542,0.349550162477125,-1.55423366019407
0.345205930918337,3.12971230766283,0.376156680476538,-3.08418750841072,0.349216247812252,-1.57723599198503
0.345547755866857,3.04731067422514,0.376300385588391,-3.09118117650637,0.348892818137209,-1.60661905421953
0.34589016989121,3.09251423426584,0.376445436533175,-3.09552418154683,0.348546363651716,-1.5192550337521
0.346236176256762,3.11259146316207,0.376647537000718,-3.0337933681218,0.348233506340099,-1.49996524806216
0.346544938950627,3.08768534115922,0.376780407992504,-3.03482933034267,0.347881647208572,-1.47746345296879
0.347078891114441,3.11958451189991,0.376879807606951,-3.05276860728449,0.347556643845634,-1.45770854233101
0.347104178816559,3.14079721982925,0.376898940136818,-3.09223558215783,0.347224350825458,-1.54073012428914
0.347104178816559,3.13075690171048,0.377046906789458,-3.10680995984269,0.347219465643482,-1.47232483167718
0.347764926163738,3.16484447239034,0.377179152625532,-3.00958224804755,0.346473722317261,-1.46878985236601
0.348117327402268,3.12952471434912,0.377306975504668,-3.00790594570388,0.346467861962233,-1.51504975193504
0.348462304588188,3.08215064625954,0.377425077836904,-2.91626421023272,0.346049094029236,-1.60132211005111
0.348798131395073,3.05918699526777,0.377545283426216,-2.96770113042409,0.345738758289501,-1.56163325687381
0.349139532846531,3.10106794085814,0.377671897446819,-2.92116108751611,0.345404652025242,-1.59930775632489
0.349462245069265,3.03795718105805,0.377798821179808,-2.92497256986416,0.345066595005694,-1.63322930719729
0.349803883629775,3.0192623556944,0.377979639311162,-2.89756822191309,0.344746577238953,-1.6510543529078
0.350166704379434,2.98483979791393,0.378087119351482,-2.86051587843501,0.34440371761792,-1.69461234329813
0.350641662304092,2.87324382248964,0.378186989286692,-2.83757511743888,0.34406226908144,-1.73909746377004
0.350986510058501,2.82045240304695,0.378301128255418,-2.78742017399472,0.343695031399574,-1.72841576932202
0.351315904777355,2.75945949351267,0.378420037050343,-2.90732683616185,0.3434254727143,-1.6885313682078
0.351667716201281,2.68752113975825,0.378531270407281,-2.91469691847997,0.342880388995289,-1.75388988798765
0.351983830626302,2.71339583823948,0.378641510113291,-2.89969353336499,0.342536192489892,-1.78741069440965
0.352317142344561,2.68620740712918,0.378750566078457,-2.84389014247802,0.342207376744316,-1.81695779068141
0.352338985787723,2.72261215472004,0.378851953375075,-2.78619505943446,0.341877022300283,-1.90074381344973
0.352960562069554,2.66245498010193,0.378988515999127,-2.74680123174159,0.341552355236971,-1.87215276418402
0.35299503720799,2.69057735143015,0.379012149016729,-2.66267244521238,0.34154884143829,-1.90385956156356
0.353475409981047,2.63188421947135,0.379161341094736,-2.55764298250995,0.341232483954216,-1.86929777889952
0.353804609413885,2.73191838773374,0.379178356555833,-2.54756761161329,0.34090323534716,-1.87031638285335
0.354122415999636,2.6854021642302,0.379276568116872,-2.54336312577046,0.340557213726961,-1.87530025597215
0.354456523418312,2.68070917977246,0.379366071176552,-2.29310553632513,0.340262842455608,-1.86989184304673
0.354778741938719,2.58616150756646,0.379454200582753,-2.25355139815015,0.339963909417031,-1.85875837061786
0.355122377598412,2.57109606668033,0.379536734206717,-2.2475326553977,0.339477743990496,-1.80155173055203
0.355449360678866,2.54221464466621,0.379623213593599,-2.30745163702501,0.339160407720799,-1.70971561658458
0.355747887328353,2.58829104742904,0.379734379674903,-2.23322519061586,0.338842559005681,-1.62766683727152
0.356050440852739,2.46930202345088,0.379810969111845,-2.27754006304152,0.33854402876142,-1.73541529776028
0.356564087481179,2.48890255126541,0.379879091284782,-2.20901995215769,0.338234423921567,-1.82051838171647
0.356877970071313,2.42678899571458,0.379954251226271,-2.18960879395523,0.337935411058348,-1.77497228858744
0.357176587185484,2.36104465873454,0.38003098639018,-2.20608010394135,0.337614736938801,-1.63439005590699
0.357511616709429,2.30573516367281,0.380101727235356,-2.19339154254133,0.337343879085056,-1.5496767366335
0.357829628258463,2.38383825872424,0.380161288322602,-2.26777344457124,0.337024816081328,-1.5289364350139
0.357840314459231,2.31894821393624,0.380180601833527,-2.26711826973093,0.33656318095811,-1.62870335297496
0.358144636207776,2.35375637841096,0.380306858680645,-2.10715954355975,0.336265499323504,-1.66470239703281
0.358449123706394,2.31973951448975,0.380314977468269,-2.08463901714309,0.335974091383437,-1.7474294729426
0.358775198974168,2.28572468890507,0.380370484681452,-2.0163162691418,0.335960758002061,-1.68953620376348
0.35908000676444,2.22689799483462,0.3804112520453,-2.0231097785798,0.335680261119382,-1.64520250830103
0.359545081722391,2.185495100969,0.380467649987618,-2.00341710612091,0.335370904054208,-1.63077016377732
0.359869756910257,2.2139466954824,0.38052108940443,-1.94509061651137,0.335100199052423,-1.64766613033135
0.360172907984077,2.30804837463955,0.380569153222023,-1.896272046926,0.334802853308193,-1.70586416194079
0.360482539892957,2.2440005666523,0.380609814205735,-1.81204903121382,0.334539161032693,-1.72364623416557
0.360798652041017,2.17798251976849,0.38064198792116,-1.6873967715541,0.334257477998067,-1.8028115940754
0.361067725009984,2.18607702281187,0.380691262159061,-1.65093563155397,0.333987974860226,-1.7302478389123
0.361389215196957,2.10819035127045,0.380721241822525,-1.64159096387968,0.333570095845251,-1.64029731669796
0.361685463921225,1.95307940857504,0.380749280251636,-1.6467548597038,0.333320787465437,-1.68834895475991
0.361973313265533,2.0934271110383,0.380779746902346,-1.67882509437543,0.333019832209937,-1.67654003583256
0.362413013021705,1.93739577735854,0.380801786612215,-1.65340109502019,0.332758890284009,-1.65051860037101
0.362745868374997,1.9754454545287,0.380829500946891,-1.66064639381165,0.332494630903368,-1.63988052332168
0.363051735384513,1.9097201465051,0.380847353801566,-1.69952909179681,0.332243042292145,-1.52215248839256
0.363335854163787,1.81162550134643,0.380847353801566,-1.69086219766884,0.331989175346341,-1.45575026796233
0.363354092055221,1.75899789638909,0.38085414270407,-1.68021433106465,0.331983399422651,-1.36047916552595
0.363606308811489,1.64547963789936,0.380891024521165,-1.74058160783091,0.331342425458282,-1.36353850254398
0.363914644066337,1.69069402245114,0.380900832758213,-1.66217011672396,0.331327979015472,-1.32898610037197
0.364200467410862,1.69898256877161,0.380905484959282,-1.6360141382096,0.33108768615706,-1.33143228432148
0.364503347595187,1.53551187054859,0.380913197746305,-1.58869213365052,0.330839068575013,-1.31679052839482
0.364793179917564,1.34084334981185,0.380916680681416,-1.57102248447138,0.330603570654621,-1.25335656569891
0.365112166650121,1.19414885329041,0.380918434901991,-1.49829912448175,0.330352243517066,-1.18655787957537
0.365549093507915,1.015474806077,0.380921216458784,-1.49241309317674,0.330115539797059,-1.11562015113707
0.365861249818455,0.979344087734807,0.380924802715827,-1.4895984314688,0.329892327557816,-1.11851811315612
0.366148824176197,1.06919271652302,0.380918975371012,-1.45499002086092,0.329656120999864,-1.17634429646713
0.366443247057693,0.976065497614567,0.380914187654103,-1.4876979776311,0.329437798814757,-1.19055120188525
0.36668904217374,0.997344845183795,0.380905520655884,-1.42614936457936,0.329212411407783,-1.16679726356312
0.36698141822774,0.887200477445265,0.380894670597169,-1.42138122922625,0.328874777556154,-1.11466119534469
0.367259472575305,0.774917177902612,0.38088995960714,-1.46877971038397,0.328661588128697,-0.988066603407251
0.367534278785323,0.632119438336429,0.380882735049257,-1.46807669507919,0.328452221070214,-0.943447620197773
0.367560581183814,0.602630276234805,0.380879659484743,-1.61080456391266,0.328235673167708,-0.901836128949699
0.368107615350785,0.611462708781046,0.380859070957192,-1.56438722474177,0.328013269911968,-0.914343356314182
0.368143042443725,0.591178780872727,0.380857632588853,-1.5588578589323,0.327800955391398,-0.822563848137134
0.368553038050733,0.597233970589691,0.380846647295938,-1.63617197312722,0.327800955391398,-0.769373648890858
0.3688206351407,0.602094975531359,0.380832540544252,-1.62650084428199,0.327615637215176,-0.65594440224976
0.369115361899551,0.484768486427977,0.380806146721064,-1.68735252135456,0.327398503785957,-0.678198696757425
0.369350430613028,0.461683836625051,0.380785416557908,-1.85958240480448,0.327090094060473,-0.604204106662284
0.369637395589984,0.4123001095349,0.380766621744642,-1.8400537393607,0.326893336231467,-0.474085343348897
0.369900781016843,0.361783603279885,0.380745005610687,-1.68594335989027,0.32669915143372,-0.414074607959851
0.370180094456362,0.363010233838403,0.38071763380379,-1.68854441128461,0.326509675996333,-0.281427839475128
0.370455881562998,0.362909379696053,0.380688448523403,-1.51703568414539,0.326319200917786,-0.193070380876149
0.370887134112722,0.270109517747326,0.380660365948006,-1.54587281392172,0.32614869030853,-0.103016090531692
0.371170269352433,0.16366157873111,0.380636721793451,-1.55658511862042,0.32595905869077,-0.126950442013751
0.371434704224981,0.0426303761418967,0.38060964725148,-1.63082149035423,0.325763153427392,-0.0707636266656924
0.371716311626291,-0.0595746494115021,0.380572943116768,-1.63712079294808,0.325572117099448,-0.041156690850104
0.37197975480255,-0.138297334257979,0.380527585328862,-1.64410370999902,0.325299522415812,0.111054489017057
0.372222217501203,-0.237315346810793,0.380497251775161,-1.45995873938249,0.325124020479148,0.0894083095840316
0.372481180971873,-0.257306757211368,0.380493327304548,-1.58613876955043,0.324945879353774,0.127921431024692
0.372731315160602,-0.380035254355812,0.38045220353377,-1.60437480245562,0.324938602033974,0.116314483204165
0.372777543639231,-0.397511865842284,0.380417572635115,-1.61060794505788,0.324615061529163,0.198898008131713
0.372779557578435,-0.507463757674647,0.38037733237233,-1.71130576017376,0.324590285759044,0.17756555425248
0.37327147864871,-0.609479890757695,0.380339680789585,-1.70291213100037,0.324426551198135,0.26167839023036
0.373685418624761,-0.658442878930225,0.380295207364677,-1.81056169374139,0.324256221782681,0.291854670473647
0.373953419277779,-0.747029839799956,0.380256694532394,-1.75367625816878,0.324097269671085,0.305137850432507
0.374228136204132,-0.880329688441145,0.380208548054835,-1.76243640041192,0.323899957681463,0.353611308523184
0.374491796164559,-0.929596943572626,0.380142565108689,-1.82434095778699,0.323651087495642,0.38393460943733
0.374722166595688,-0.896548309282848,0.380100779441164,-1.99025760356673,0.32347673791799,0.465475405854575
0.374990009914927,-0.942685464649243,0.380059780307076,-2.00995409466152,0.323319395402063,0.507987464847888
0.375253757322742,-1.06971068777548,0.380010213941393,-2.03868131346906,0.323158498937561,0.552288756450617
0.375509812066363,-1.11378755449453,0.379968951691645,-1.99120297186792,0.323007083349021,0.637745232949426
0.375769777806954,-1.17773857198543,0.37991505853189,-1.95251162301006,0.322847635779044,0.693527204355135
0.37616015878867,-1.24913856176215,0.379863638251139,-1.91754059531135,0.322693397582068,0.712885965212669
0.376429493468025,-1.16445556006103,0.379820215838911,-1.88967543776718,0.322536103709691,0.76325232446941
0.376667644869401,-1.1892787440492,0.37980272374577,-1.91329990126166,0.322380153825936,0.910779893153153
0.376939138194702,-1.20159769263466,0.379680410983662,-1.92365871513247,0.322219878494566,0.902922208124563
0.376950921948808,-1.38076508496821,0.37967289033434,-1.89931258852392,0.322216734934696,0.948420413132597
0.377182449974559,-1.58683890611874,0.379620430018981,-1.81720296347591,0.32183182756137,0.976271901365928
0.377425116037053,-1.6748766223085,0.379563082073953,-1.8739436749577,0.321825057674559,1.01697624478194
0.377685963596261,-1.87646987355031,0.379509617767615,-1.89061122366945,0.32167942554056,1.10442860764422
0.377949030331945,-1.85871556284437,0.37945375892226,-1.94479791626663,0.321526696792579,1.20094133154141
0.378331264179536,-2.03751118929622,0.379399854766885,-2.04072879368294,0.321378580913587,1.2236512471528
0.37860005340506,-2.11507854730203,0.379344866186301,-2.06559161564794,0.321235158066999,1.23492917835771
0.378847820649557,-2.20630272066367,0.379287128140831,-2.10621111569981,0.321086421313324,1.25861081769552
0.379091783711606,-2.38072588817037,0.379228243477937,-2.1069043825608,0.320934749681469,1.2884452208755
0.379327462034265,-2.50158152541911,0.379174935617384,-2.17059745458414,0.320781816281129,1.29367406996545
0.379552215949583,-2.58002404102494,0.379088788215615,-2.12822917362683,0.320620716289002,1.30933604391589
0.379784408241501,-2.63935176148068,0.37903268059151,-2.26726011298385,0.32040522982657,1.35865194020752
0.380045373819945,-2.71282379811922,0.378976076479341,-2.32940724517595,0.320261296958372,1.46467116856779
0.380282697327741,-2.81608864794547,0.37892960114064,-2.43633574939998,0.32011037446911,1.41699552554817
0.380667324864907,-2.88293431592194,0.378883217496905,-2.39958819252589,0.319960109039088,1.45443844769153
0.380897404724119,-2.92379523380593,0.378875263274015,-2.37996857160465,0.319815227480032,1.45581652020506
0.381158731854469,-3.03865982757679,0.378821760266692,-2.40428296962129,0.319678494249532,1.42823046851489
0.381401889750482,-3.17924107206429,0.37877546648323,-2.5038978505288,0.31953704109923,1.50651426446908
0.381416451831935,-3.3242076378778,0.378722316722354,-2.4243467029593,0.319533333220991,1.55081542312569
0.38164257064052,-3.19175080216483,0.378663531591292,-2.48549678607974,0.319232498575728,1.61422076479881
0.381878630049544,-3.22912079301577,0.378579718973908,-2.4911046140329,0.319219007946512,1.62493482578047
0.382092778222537,-3.24722487558433,0.378525534184723,-2.41077268000333,0.319094866793519,1.63187631916547
0.382322370596429,-3.38748247203086,0.378459970856944,-2.43430338794725,0.318888764059902,1.65121968761375
0.382583416743107,-3.4923893539576,0.378404187737185,-2.50163708295028,0.318753953600444,1.68434782495893
0.382809516211694,-3.58325558825269,0.378346872263596,-2.49383601891043,0.318612839045171,1.6952135492645
0.383168910460883,-3.7918790017881,0.378286064374471,-2.59059679233185,0.318482415032242,1.66884728310353
0.383401419126247,-3.84207951134134,0.378236428168958,-2.64577397491214,0.318349081539489,1.63427292883161
0.383631524427188,-3.9278555368927,0.378183258373536,-2.72774625376541,0.318222748102556,1.70605628485038
0.383852179075596,-3.94783349366883,0.378099026408908,-2.69025295792634,0.318076760127878,1.71369119293304
0.384083402652828,-4.21302308665836,0.378042539267596,-2.76397779922087,0.317948180397471,1.64395722599989
0.384279478853297,-4.23393919821382,0.377986298292286,-2.71873069684131,0.317817480952315,1.70023709855412
0.384497616603729,-4.34088809487112,0.377931109217744,-2.98968159336186,0.317625540494495,1.73050320504656
0.384737772725281,-4.37152068498499,0.377885473279428,-2.93837260432023,0.317490642590639,1.7579726658631
0.384749755073255,-4.32276865934741,0.377876942055557,-2.96195319914219,0.317358046930437,1.76756053416845
0.385163777038198,-4.43235807135592,0.377818448487606,-2.89010816356849,0.317221261858541,1.70326054402314
0.385184987283302,-4.48490399272857,0.377764481861942,-2.81967364619993,0.317221261858541,1.74524659420037
0.385505573910379,-4.49042969738425,0.377713737748376,-2.8042528449194,0.317106462890975,1.78377811718024
0.385721266871038,-4.60400436192281,0.377654925792627,-2.79951560830838,0.316980103918867,1.75970105058796
0.385931432754383,-4.69107560784528,0.377601290517844,-2.81596758522538,0.316839376886065,1.81235075941053
0.38612310297046,-4.62912476478307,0.377541613978867,-2.8783220871636,0.316716885138874,1.82525994255229
0.386329762986341,-4.64780819199265,0.37746160651897,-2.84751019741075,0.316598989253764,1.82660151130951
0.386537822861968,-4.67331058647242,0.377410979420569,-2.76243425205248,0.316428445363868,1.80293073612624
0.386755170373317,-4.74897043451146,0.377358375045261,-2.74801295138093,0.316315250849828,1.90448171770269
0.386958394063018,-4.79187092873257,0.377308648348743,-2.7636051321766,0.316204908552895,1.82695445188348
0.3871581630397,-4.84759056234737,0.377256906835972,-2.78390138977014,0.316089100432196,1.86814216627572
0.387356840922075,-4.92859023209814,0.377209281858708,-2.97736461590404,0.31597967602867,1.83885802635058
0.387677859768429,-5.03252029039619,0.377162801162467,-2.95044592794547,0.315861071773956,1.89668311039526
0.387895309192441,-5.09137261451665,0.377117800174123,-2.95252374704977,0.315754106162586,1.84495111202544
0.38807671267718,-5.13833748756962,0.377099567965917,-2.9153416646637,0.315642217758114,1.89065797324914
0.388238103135425,-5.24493722595735,0.376983692713239,-2.91145799733072,0.315494584936443,1.90491545897565
0.388430740330063,-5.25855773292157,0.376976312062041,-2.94263103635752,0.315402818493002,1.80960555534256
0.388435172420077,-5.37414453956606,0.376926385843356,-3.05941849530997,0.315300894751741,1.83129010934309
0.388607376326401,-5.47158635476097,0.376876598193064,-3.15121209929664,0.315205450654417,1.85670272450636
0.388824949557866,-5.55994737555302,0.376824139455899,-3.09341060829009,0.31520294454141,1.85409101465754
0.389001455279362,-5.56365781354712,0.376771748331199,-3.05486680476657,0.31511025712118,1.73305196884407
0.389178848506556,-5.53146542350433,0.376713219985123,-2.94841568598565,0.315019468745089,1.74605359390719
0.389435290238945,-5.57204108995913,0.37666687450377,-2.99707239398716,0.31492766496989,1.8033248101276
0.389630686029125,-5.59149335323098,0.376612684331887,-2.9842447534044,0.314828219373908,1.75498683467514
0.389800839500364,-5.72349855829205,0.376555207405084,-3.01052592228352,0.314748304480334,1.74089633830016
0.389966949044489,-5.71056271697484,0.376475401116969,-3.02510879297584,0.31462583499049,1.68500074129047
0.390126525721947,-5.71153035812672,0.376416288093732,-2.9850577358119,0.314545644209123,1.72752411034807
0.390289405162799,-5.80019218758308,0.376365438001042,-2.91434670721789,0.314461268397415,1.75980662911923
0.390462215469399,-5.87841992194134,0.376309527071789,-2.90041106540663,0.314382173027034,1.73800271488703
0.390630142054436,-5.90633835230302,0.376251756176951,-2.94108403569924,0.314299999897781,1.68036168305603
0.390785870647317,-5.98115928888091,0.376205174142424,-2.9416915019597,0.314228436710926,1.72109643745437
0.391030515314311,-5.97906280417874,0.376205174142424,-2.94984826655815,0.314144393660885,1.67628637473466
0.391190731548784,-5.94639436320257,0.376182674688448,-3.00035173851134,0.314073239405309,1.59728010441493
0.391338848686565,-5.9520622265779,0.376071009235205,-2.92631745747137,0.314006333017906,1.57569814892803
0.391350433891703,-5.99513260834398,0.376012637809148,-2.92968783675221,0.314006333017906,1.56242943490195
0.391491118852649,-6.25688040780235,0.375944104088635,-2.91128433615295,0.313865554942635,1.51372895497042
0.391641888950177,-6.2264573752897,0.375868014829428,-2.90094427542185,0.313861886365618,1.43947696072184
0.391817102913492,-6.16499802403292,0.37577138671369,-2.97828186027649,0.313808821771501,1.39866500219076
0.391963118179931,-6.22294739613714,0.375709188554889,-3.0589352102777,0.313757736048879,1.37134468608382
0.392076011983193,-6.21272824218725,0.375650147984151,-3.03577098569442,0.313704350856653,1.36917349521336
0.39222705408796,-6.22138878357137,0.375590869137254,-3.05315140703186,0.313659944984184,1.23277402182412
0.39235369637958,-6.31119169467592,0.375529361614089,-3.00532005813256,0.313603620618198,1.14500115898587
0.392565373429683,-6.32781708139855,0.375464979486545,-2.99888918307358,0.313556311404443,1.17265599285508
0.392696977456764,-6.27330001818201,0.375395241169029,-3.00186924192387,0.313522634116241,1.15216628088634
0.392822304075939,-6.33851593901878,0.375312424795424,-2.9704365756434,0.313487212429843,1.09021713761599
0.3929527124224,-6.29117847628116,0.375198323228091,-2.93902424976617,0.313450175825381,1.00343818928964
0.393091793767789,-6.35779355104756,0.375131597492875,-2.91769765004377,0.313416529937923,0.961555974159502
0.393201345942887,-6.36976394894528,0.375112139805164,-2.80323808346671,0.313385611632072,0.91064532009045
0.393304617031545,-6.39451080336422,0.374987622385597,-2.77467478214309,0.313364200710772,0.959611283067006
0.393310393965943,-6.44909214758981,0.374974141314461,-2.77159577114725,0.31332828687196,0.915955834583502
0.393310393965943,-6.4895479894325,0.374897559006002,-2.80424939171101,0.31329980483481,0.988230321802252
0.393522503172018,-6.55179235928929,0.37482889657431,-2.82306999208881,0.313276940913947,0.961817995687764
0.393700571351335,-6.59713907415641,0.374746981879099,-2.86158917044001,0.313276761772143,0.95074891168001
0.393815516663775,-6.51781802166885,0.374662647399933,-2.85518028569025,0.313252655968829,0.992288714031502
0.393918316290828,-6.55249388729519,0.37457463350054,-2.79622689565269,0.313238960594238,1.01762089580053
0.39401767920998,-6.68455798706344,0.374463068814431,-2.73358382549006,0.313218266260196,1.02131531137289
0.394110015155186,-6.70642439546954,0.374320296368159,-2.70848685456437,0.313206626477629,1.04925948751089
0.39419427379577,-6.71064203870176,0.374228270780937,-2.86193936716604,0.313188541838716,1.07886853924275
0.394285969751352,-6.72705952515757,0.374142488028663,-2.80396741604721,0.313184903437176,1.04176277112058
0.394371159129999,-6.63668093899711,0.374039513206456,-2.7454060308717,0.313172989756226,1.12159790796022
0.394452520796898,-6.55214855036538,0.373942267688391,-2.84094420250132,0.313168450561163,1.10695885958048
0.394575617500518,-6.57252005992149,0.37384394699558,-2.807775408059,0.313167302130961,1.10540934013973
0.394663089074134,-6.52075300825456,0.373745925922629,-2.72660548038508,0.31317956677459,1.15648052348108
0.394740178359318,-6.50776107609269,0.373655665050751,-2.75326065507855,0.313182219288285,1.08270535370062
0.394808442088547,-6.5585241457074,0.373637955046494,-2.78125600970586,0.313181169228549,1.14928539512768
0.394869405138873,-6.3952172694019,0.373526659121721,-2.73657189324729,0.313182481702096,1.17480584352181
0.394935084998931,-6.32787196901645,0.373344928353532,-2.75064729166778,0.313190317320045,1.21305141392489
0.394938709785638,-6.40388354408995,0.373221548413769,-2.672597221036,0.313190480765374,1.22352598633252
0.395042770511849,-6.43126640240662,0.373111353006278,-2.63197708608686,0.31319677633781,1.18917530639402
0.395052323410701,-6.3919057208339,0.373010683450652,-2.62125292862224,0.313196978650251,1.22357815685699
0.395100810289581,-6.47176294591068,0.372891297517805,-2.67235023548679,0.313205914944977,1.21834485804495
0.395187232244136,-6.51690591471763,0.372767731453996,-2.81041154764692,0.31321835110463,1.23281930496856
0.395242059902333,-6.49923426819352,0.372648083685327,-2.80817012132457,0.31325424848336,1.14368574614606
0.395285564523598,-6.51491682866778,0.372516602213221,-2.7927908843889,0.313270662913938,1.11925328984653
0.395324649761792,-6.43613056432619,0.372392542330648,-2.75919016664382,0.313289841101476,1.10055930577011
0.395354132964189,-6.54258360806844,0.372247627156169,-2.72895154822061,0.313313335772698,1.04789924525286
0.395390174095872,-6.58761006114646,0.372035706385831,-2.7568709173567,0.313332615763857,1.06888452564355
0.39542651019627,-6.58233457121632,0.371897952675666,-2.83500714348328,0.31335472260297,1.16620495217869
0.395462055733296,-6.54656099766726,0.371785374616442,-2.84361032661925,0.313378791951424,1.11571937591591
0.395497420036792,-6.46023109184404,0.371634165535353,-2.81615982990756,0.313404875968735,1.1381217530073
0.395524497271168,-6.43150703322326,0.371487845082199,-2.82493265785902,0.313434993529577,1.09748888708614
0.395557777098181,-6.34462638341312,0.371369268881186,-2.81808417107809,0.313492467616892,1.1373303055061
0.395579732657786,-6.37482361116743,0.37134983165375,-2.80524197531919,0.313521975546238,1.1133456274077
0.395592389377544,-6.33272273968641,0.37119379132411,-2.86214820637816,0.313558848561113,1.05576014988919
0.395593124994638,-6.27882749573986,0.371040187115211,-2.87725975650963,0.313590899245123,1.07147417007234
0.395611136312127,-6.1044436272574,0.370875011190156,-2.874535052431,0.313592560585192,1.11270233684193
0.395611623526786,-6.18523181877316,0.370635481893638,-2.7594132434487,0.313627904521719,1.104336228787
0.395618838403245,-6.22320829941768,0.370489162352406,-2.64062087519284,0.313670073149123,1.08570435693567
0.395623862464015,-6.24584252900953,0.37032096370453,-2.69098792525188,0.313699480105567,1.15255802750453
0.395632428962776,-6.26874957605651,0.370153056990557,-2.74752464472873,0.313743939884871,1.17766683514109
0.395635366174566,-6.32182093281361,0.369982426482348,-2.78656541905664,0.31381582477636,1.17716099168444
0.395634223460278,-6.33140174451083,0.369815263917057,-2.80079673002731,0.313867982238301,1.19158619542638
0.395632878145965,-6.38254990973039,0.369627759932222,-2.78285169108175,0.313908147495291,1.22993184906265
0.395627538631741,-6.39486983081501,0.369451336612776,-2.74522522088044,0.313954650379281,1.21268044033162
0.395625744420489,-6.47587269946103,0.369272402422726,-2.7452933060382,0.313999635094027,1.20703145699031
0.395617101390913,-6.71638409376165,0.36907601132866,-2.71523671363051,0.314054336621847,1.22963298523568
0.395610003193236,-6.73299314184392,0.368803336277186,-2.75107372797888,0.314098729348411,1.20258489902794
0.395602853632335,-6.8313557672496,0.368647841438088,-2.81561544249195,0.314151448599352,1.25525642279359
0.395593758547002,-6.82646525828932,0.368492911550729,-2.81595958582771,0.314205710075599,1.20958475411916
0.395582244730591,-6.69383437831069,0.368463454782074,-2.92460275493108,0.314298153289902,1.22671177926681
0.395567021273788,-6.79403495942685,0.368271454993535,-2.95658789085047,0.314299366950413,1.21213235469986
0.395552563332025,-6.7991199819584,0.368080545846706,-2.98922102523092,0.314351681755276,1.23328415674163
0.395551437158093,-6.95768381441422,0.367878204460123,-3.01328210152722,0.314351681755276,1.25330835044376
0.39553472043714,-7.01779896644546,0.36769089139891,-3.02538824737771,0.314456388165164,1.29847466646097
0.395521568609286,-6.98001061429655,0.367483672719755,-2.99605587320763,0.314509522485782,1.33022519899392
0.395502734152739,-6.91218948235967,0.367194970822152,-3.00711314596063,0.314570174333725,1.35878718005495
0.395478190374767,-6.95348461771534,0.367006926287264,-3.04317616632216,0.314623047698427,1.36420034930843
0.39545763029427,-6.94984514325166,0.366810049958133,-2.95408565755324,0.314679465013868,1.37554282781877
0.395415845285452,-6.98085705894431,0.366604960789154,-3.00833875856914,0.314743737212676,1.43284811155662
0.395383015479139,-7.01213245699649,0.366392088443239,-3.02079504151299,0.314802750184224,1.48791401677957
0.395351186312216,-7.05229313614703,0.366191423978317,-2.97317511296978,0.31490062509163,1.50056697599337
0.395314764944198,-7.02594932536185,0.365968683686623,-3.00377528376595,0.314959890884665,1.52622614930618
0.395279417112246,-7.08552224354637,0.365745321422677,-3.02522001667132,0.315017885795774,1.60490533109805
0.395243063071501,-7.08208428579647,0.365508589827674,-3.06838748284135,0.315078295283446,1.63271882529309
0.395201294137937,-7.15155482774861,0.365220105555941,-3.08321197753627,0.315131841434267,1.66132432783854
0.39515999497415,-7.32919882869683,0.365190274359031,-3.05774626308211,0.315192335193071,1.68335112920629
0.395119246296656,-7.31854326007926,0.36498465780311,-3.08066171252702,0.315241914454814,1.74121330965017
0.395116991695959,-7.28963533499805,0.364760968546947,-3.10470090371914,0.315241914454814,1.74607790452298
0.394997968783789,-7.26118137718507,0.364527281265961,-3.0673428257219,0.315298401766436,1.77193677046352
0.394995255891127,-7.27882300970053,0.364306307546941,-3.14025380717014,0.315360018425234,1.78246043567113
0.394956536698055,-7.32492154948292,0.364088021805844,-3.16383892727828,0.315456025808955,1.86208702290189
0.394903441780576,-7.38744791672678,0.363842747631934,-3.26657402177734,0.315515110475352,1.8036199535345
0.394856211732995,-7.39908300411806,0.363587442626294,-3.26060800591464,0.315574524442525,1.88373436676612
0.394805006541431,-7.40086842759341,0.363237916362644,-3.25387522317972,0.315631463856837,1.86137945933986
0.394746855002864,-7.45131017590259,0.363002718805515,-3.32673639612866,0.315683360265002,1.85507365083743
0.394687560825332,-7.32383594876029,0.362767466663525,-3.39199599305664,0.315739907392958,1.95023788089514
0.394595599220425,-7.28940834678847,0.362562805656125,-3.36462979557796,0.315800530271231,2.03966380738697
0.394532338697827,-7.41201860834612,0.362317558421324,-3.28821048548235,0.315848243863466,2.00929787942023
0.394468471771008,-7.44478733811928,0.36206427624948,-3.35781426627319,0.315900345770931,2.03980705279263
0.394409779212802,-7.50780230435841,0.361851419919323,-3.38124741115562,0.315987166499048,2.08651022833639
0.394338836614088,-7.5719300540287,0.361776691701508,-3.33572480948245,0.316041556739352,2.08373876710246
0.394271921580285,-7.57856985683017,0.361347113485955,-3.44007382474308,0.316096625272658,2.11932956141602
0.394202827481949,-7.61195774080948,0.361294655184066,-3.43805850046824,0.316150669151824,2.17098091810926
0.394129854882774,-7.66966117902687,0.360907406661284,-3.39535055025959,0.31620573482269,2.12115199982804
0.394010908161166,-7.69278045547247,0.360672553929368,-3.44510700368681,0.316261474433749,2.18046263135681
0.394000083624897,-7.80996040736617,0.360441661482447,-3.44610588947054,0.31626413003708,2.23468170367207
0.393864288373657,-7.86424220905392,0.360178279998401,-3.52215210071033,0.316313049101678,2.26583521532477
0.393851197856114,-7.88766488466959,0.359937811389798,-3.57815518271961,0.316369550388491,2.27300563438593
0.393771948503902,-7.88122157216772,0.359675558414015,-3.53809191696365,0.316421531242026,2.38775728157705
0.393691685992683,-7.87901605379225,0.359404787675193,-3.55271916725267,0.316508641113886,2.35958652085905
0.3935991888721,-7.83557139827424,0.359139510686358,-3.48608124282601,0.316561993217079,2.50154265493008
0.393512173125935,-7.87662335770275,0.358870497533602,-3.41666342480538,0.316612593364214,2.49217003721589
0.39342575304525,-7.94177200422451,0.358497153000942,-3.43392054326296,0.316665665313157,2.54871809812292
0.393329449462359,-7.94889289092799,0.358215154114965,-3.48399834274833,0.316719394463227,2.54578839585059
0.393243056560631,-7.97592165089764,0.357968488349052,-3.38906938973874,0.316775136419538,2.58398597441788
0.393106632289177,-7.83875937942347,0.35770058455706,-3.35865299188762,0.316824889786678,2.61087612364849
0.393020315494275,-7.9291730984128,0.357427021917779,-3.3685981037659,0.316870914026136,2.65795663798696
0.392918098725994,-7.92428085220829,0.357206934457256,-3.39225423419356,0.316924749316176,2.62192305096209
0.392818645421628,-8.00176450551812,0.357157415274619,-3.39919643276203,0.316963450870675,2.74185440049466
0.392708462896395,-8.1285158812951,0.356916166173976,-3.2903946575093,0.317038804526255,2.79174682437284
0.392588837373602,-8.10741216618108,0.356795591222026,-3.33710778219778,0.317039317391883,2.82099755393314
0.392500574277495,-8.09948698756564,0.356186797549282,-3.33837621829787,0.317139164556277,2.93473207374992
0.392497009886559,-8.11167805622076,0.355914862815268,-3.34905225975385,0.31714149179389,2.95781611925927
0.392397482121866,-8.17640291866611,0.35564206363,-3.35916102650722,0.317184124211662,3.02078222952427
0.3922347367329,-8.25030785000762,0.355382447515914,-3.27900285102493,0.317231274512086,3.06379618483715
0.39213169590653,-8.35898668791628,0.355103493886448,-3.20892237089707,0.317277874080494,3.06998173186703
0.392020244962115,-8.31882614213885,0.354831770096908,-3.13327026944018,0.317319610381242,3.07542023579744
0.391902205349328,-8.32665564541112,0.354556520370574,-3.2261327306013,0.317362032430097,3.06670851680453
0.391787050002488,-8.34285195232354,0.354264990983349,-3.16871185589858,0.317413178983516,3.17541306992212
0.391679842164606,-8.18359065306418,0.353961166344491,-3.18777264779008,0.317479893391394,3.22781743848987
0.391562636558732,-8.22701794426081,0.353522498363273,-3.02093540608444,0.317521912845643,3.22840204680448
0.39145381333531,-8.25295574188,0.353241234543289,-2.90998497322429,0.317565044236617,3.31268035446503
0.391324626051351,-8.17803962001826,0.352950426044429,-2.81034365812188,0.31761154101908,3.42593907922991
0.391220243930859,-8.21913371792068,0.352693963521052,-2.85249614073165,0.317656027014425,3.42120627705161
0.391018843665757,-8.21110784828832,0.352452180252703,-2.83072653768809,0.317700493722295,3.41076391119763
0.39089942131882,-8.03401943770366,0.352426386588398,-2.89333673629976,0.317742456375648,3.48762112378631
0.390774811740361,-8.13500827658638,0.352116372003556,-2.82209062805118,0.317793091944289,3.50698735383164
0.390656119907913,-8.13849231847056,0.351836417785975,-2.69827890544937,0.317836685499743,3.56058498919082
0.390525917619358,-8.16523996604368,0.35150494193137,-2.64921921008202,0.317838720029789,3.6412385064612
0.390518907111955,-8.33178355257955,0.351068979623893,-2.56386648360133,0.317886884698377,3.69895917981604
0.390518907111955,-8.36282934623663,0.350754660615081,-2.60190810120411,0.317960755935491,3.80599778198355
0.390264837767742,-8.34797351966911,0.350460582456705,-2.72347028578781,0.318005887260371,3.8222357188452
0.390125188639968,-8.38935836340562,0.350176581410686,-2.73219115918987,0.318056807214134,3.80923101235763
0.390002792509496,-8.32068090844064,0.349846683540091,-2.73575730345894,0.318104009318639,3.85672519352132
0.389881604603799,-8.44946353876429,0.349578432817776,-2.66605772707742,0.318158056049283,3.96159649682042
0.389755869158045,-8.4939108729296,0.349279452970831,-2.6352709752078,0.318203642379238,3.87043970803807
0.389609702244357,-8.51039608886112,0.348980510398305,-2.54790787433325,0.318252111225193,4.01326506709128
0.389385022884781,-8.49272650753332,0.348674456048573,-2.59015353235725,0.318300572831772,4.04765405990549
0.389233411665501,-8.41898711387382,0.348338525794434,-2.47824372300531,0.318354907183945,4.10152697115875
0.389098993036021,-8.32249487883753,0.347873777043903,-2.33969735726038,0.318434332827513,4.09423243688375
0.388962962905272,-8.36977965652115,0.347562784590623,-2.26851737865968,0.318488072955225,4.15288901192793
0.388805669318493,-8.37582810417197,0.34729050007059,-2.17561344513452,0.318544276703656,4.20469675057321
0.388666285519266,-8.34461107081199,0.347251274415293,-2.07162443216189,0.31860383299456,4.17923408192686
0.388515533707529,-8.1900904340158,0.34693710833479,-2.16370489385343,0.318660554497304,4.16069901270696
0.388366798128129,-8.15288077944109,0.346668185669324,-2.14135505994432,0.318721543827086,4.17529436421845
0.388359727463544,-8.08391377559751,0.346346143770045,-1.99755892970126,0.318721543827086,4.25304502592358
0.388218128195649,-8.12570575699383,0.34603248039855,-1.79535234580279,0.318837058428033,4.1796541173578
0.387986063608338,-8.03195155142294,0.345716485803668,-1.62838111857423,0.31883966368102,4.29066058576039
0.387834128649961,-8.09263814330469,0.34535241421723,-1.64536763298309,0.31890296109961,4.30285322125059
0.387665122004334,-8.1486615719307,0.344892901439408,-1.64613840619221,0.318964893505878,4.35640696775823
0.387494920925658,-8.04110350527795,0.344591549095314,-1.60606043583219,0.319054023832602,4.29675980128967
0.387338625290921,-8.00370971342969,0.344250928549718,-1.5802207454119,0.319132254137519,4.39718403114413
0.387197088076356,-8.04209556595345,0.34393445976173,-1.44357109053671,0.319201952271917,4.46423811175579
0.387028755585544,-8.13215998002316,0.343644433340611,-1.36608995071362,0.319276741618352,4.32218813761943
0.386860099928299,-8.09190110082886,0.343317561643546,-1.41285723783466,0.319340687784311,4.46674028904491
0.386695216148966,-8.09154503775262,0.342993042771549,-1.48049194284631,0.319412287884076,4.43034263744811
0.386527039630901,-8.03213320863084,0.342676638271459,-1.51705260463508,0.319482764018896,4.4813843920055
0.386262015120816,-7.97978584081713,0.342387101346474,-1.48335021967504,0.319560064814698,4.49653804102804
0.386083082612918,-7.9303078432475,0.342261602728225,-1.41603921659225,0.319632204416144,4.52551222968395
0.385903290118431,-7.86200525018012,0.341496584397151,-1.28935864603724,0.319709034106773,4.54493377781745
0.38574977139387,-7.78926662045925,0.341441015949998,-1.25140031776989,0.319830943757886,4.54870665823054
0.385574686855819,-7.76232568403103,0.341119139472408,-1.27151228123211,0.319921850576899,4.58822237199953
0.385399629823978,-7.77516847725749,0.340804106683822,-1.20145989940786,0.320005658158474,4.53881117864939
0.385387606400736,-7.80441463981173,0.340461953439889,-1.19344888423273,0.32000857401184,4.49560374743035
0.385233025470846,-7.78177126776016,0.340125274761442,-1.19824728803511,0.32008393916271,4.5192754208646
0.38522380641908,-7.61913454887484,0.33979366743039,-1.09887251285002,0.320086243551654,4.5627987832793
0.384778022679234,-7.58526890659989,0.339456066843929,-0.997750590876464,0.320257869096128,4.60819250666534
0.384579348743478,-7.61043686610749,0.339134578255926,-0.869353977830985,0.320352328614932,4.67301395747248
0.384398822841889,-7.65892844253893,0.33874311852111,-0.849192890291323,0.320455365568595,4.6256717808311
0.384207461143206,-7.6274772044574,0.338238633555981,-0.760755128770679,0.320550419569217,4.58668129351677
0.384023515034869,-7.54130319290136,0.337871976161905,-0.682215989191396,0.320701192653527,4.54583123059131
0.383852006908929,-7.56995875346308,0.337564048245348,-0.690336533244287,0.320810959581852,4.52135825372968
0.383654202130587,-7.58765045714989,0.337210181200505,-0.725670349708851,0.320907516211054,4.55765534030573
0.383465217737949,-7.6029611824605,0.336852589798595,-0.680998545611012,0.321018631905831,4.49371607805809
0.38326859584588,-7.64451637158483,0.336566312500602,-0.613021491494786,0.32113019085337,4.45000292169923
0.382948932269713,-7.66781500561803,0.336520581047648,-0.552070467852316,0.321242923029214,4.44245519522818
0.382751589134671,-7.68679179553886,0.336150089580701,-0.438710719485355,0.321353920328894,4.52283322395676
0.382537264461094,-7.60826490417449,0.335804642608706,-0.480094912568884,0.321476877340087,4.50891588086595
0.382532868690931,-7.64461990213221,0.335404535031559,-0.498749364640931,0.321477804825667,4.50389352990678
0.382144345971876,-7.63694860219174,0.33487866076831,-0.474660448458965,0.321793088853281,4.48911078181228
0.382120950773106,-7.54129514364858,0.334535924253046,-0.418239520346526,0.321795662788567,4.52252448400055
0.381939454108775,-7.6098500197195,0.334215682864448,-0.435334423067836,0.321922801543163,4.52319001122172
0.38174401105132,-7.57805190784913,0.333852341542371,-0.4223097910322,0.322046765326842,4.5371459087539
0.381530559564788,-7.56900954527241,0.33347605937888,-0.435614750862274,0.322174981218133,4.57150904077049
0.381326701997862,-7.43921819625964,0.333113083286358,-0.379185870387353,0.322316713086908,4.51459961787741
0.381125676718816,-7.25541039895713,0.332769568771936,-0.328307712273084,0.322465127723369,4.55770773426344
0.380793976976044,-7.23629016038411,0.332404560728105,-0.28716555464369,0.322615274120468,4.53353414984149
0.380559653464939,-7.29384883382237,0.332019395164615,-0.195312868350982,0.322767811465109,4.54712092115513
0.380325127068337,-7.39225398477356,0.33146888959882,-0.199287867822527,0.322911762107615,4.619136401333
0.380115226936349,-7.39552218533679,0.331108510361006,-0.173593686491256,0.323139877458013,4.54562695468286
0.379884952718721,-7.25714638790409,0.330775204808248,-0.12122444251457,0.323298206434589,4.57402029471442
0.379693325353765,-7.27625667585591,0.330399776769671,-0.0452859429583803,0.323450674461075,4.54613888848942
0.379477814928574,-7.27332180873589,0.330094013368878,0.0567141298735547,0.323603269013162,4.51243199995467
0.379249966535292,-7.28603502251318,0.330037863718996,0.0828243318456451,0.323769191070614,4.51130813034719
0.379037030970875,-7.19295456443044,0.329659868458182,0.1714202412903,0.323940260828071,4.44619772283406
0.37902180730518,-7.27891562257285,0.329286956155148,0.0860361924014327,0.32394370428874,4.46766271622915
0.378660413037945,-7.29089375110564,0.328938720821719,0.214603944151046,0.324265351136432,4.47295549009201
0.37840408716494,-7.26326911491747,0.328566333531036,0.281989237272844,0.324265351136432,4.52327998187575
0.378174303533565,-7.16939689404289,0.32818290480186,0.290984752929554,0.324547332544827,4.53590162615139
0.377914425442354,-6.96754858377919,0.327766480574135,0.297686099603711,0.32473014158021,4.59214158712711
0.377680438303627,-7.04717039760225,0.327244521192588,0.338852947476791,0.324901869509675,4.60762729273814
0.377474385487151,-7.08827948581081,0.326891872351429,0.31420022418881,0.325085980288215,4.54253967191033
0.377228707077014,-7.11821600554825,0.326521897165729,0.34031375867612,0.325268692445,4.40927177656027
0.376991754661622,-7.11503425302328,0.326144905308972,0.394062696372176,0.325468738669694,4.45457192168226
0.376746230032405,-7.04083561512251,0.325795994195925,0.441531415738033,0.325683364335363,4.43781672913011
0.376497663161083,-6.94561693274829,0.325397403547321,0.597835331188898,0.325889677388926,4.37731798636977
0.376106541924368,-6.92715075525584,0.325033549089685,0.586447372018758,0.326096038315705,4.37837756257507
0.375843475743124,-6.85546658845394,0.324698159344369,0.575128920267048,0.326432296709273,4.42022686768369
0.375601669179209,-6.87961014877545,0.32459329376047,0.530429632867817,0.326636910271253,4.42520028162528
0.375338744171796,-6.91806974199266,0.323770668892508,0.466436497332229,0.32685096066393,4.41267965057569
0.375099629263201,-6.8943386931717,0.323725001623681,0.52799201106343,0.327068553750491,4.37680940168225
0.374864806718218,-7.03579467250173,0.323370641062381,0.5767136049975,0.327290920907693,4.36741642279318
0.374617686718666,-6.95923484970519,0.323007025633639,0.605282480382465,0.32750291770803,4.34893160193656
0.374602970698888,-6.95476815236191,0.322650410518678,0.661487783917251,0.32750862399264,4.24738247008886
0.374352568837634,-6.93944393756237,0.322284797487711,0.715820585338623,0.327971797516274,4.24464602128893
0.373960689800568,-7.01856680238917,0.321918869262253,0.747804041506597,0.327985499475866,4.22022125207285
0.373676264025826,-7.07164868125139,0.321553836786298,0.849466476403345,0.328217880844234,4.33169447334688
0.373408939267015,-7.08604249310884,0.321149944984348,0.827922876873306,0.328465735149074,4.24915280216447
0.373133484050258,-7.14544011411777,0.320780923791449,0.86281945644738,0.328729432904656,4.21283311766563
0.372868462534514,-7.0027595605741,0.320277070327081,0.813401786759652,0.329097105481345,4.25724182413525
0.372624301257241,-6.82516969653809,0.319913303323992,0.880230017066755,0.329330603867499,4.20712565393251
0.372360435319663,-6.87391417020032,0.319550415747863,0.836269629856172,0.329583491811391,4.24179239343444
0.37209400286883,-6.95590723032284,0.319183495999733,0.959305506341278,0.329834532473335,4.27710577916362
0.371653007176862,-7.04143041896029,0.318821414737847,1.00527301556608,0.330102147801164,4.20169184880096
0.371369320186555,-7.06230587927041,0.318459761611722,1.0174478765667,0.330341888499658,4.22116122635247
0.371092661418931,-6.97571765948591,0.318143357470791,1.08463240653884,0.330625980121742,4.19356098249173
0.370821420762475,-6.92797377502754,0.31804203059726,1.139025667419,0.330880227543364,4.13723569519996
0.370532326422157,-6.97017661213183,0.31743552793657,1.15843800179139,0.331321638150906,4.11036003554361
0.370527667144585,-7.07810833298225,0.317349294594489,1.13605913579661,0.331593691230031,4.15452641986737
0.370527667144585,-7.26926420865346,0.316889644713178,1.15267520583518,0.331886975775844,4.12131726504401
0.370036335994954,-7.24355376941581,0.316544011508664,1.16344666028893,0.331886975775844,4.08242204535334
0.369716991363035,-7.15891729472813,0.316211568996297,1.22344934514563,0.332136176258371,4.08635473059931
0.369437656592949,-6.98837389328704,0.315857765681466,1.27745248418914,0.332413257319171,4.02240882260052
0.368998235223007,-6.95532999664613,0.315529946107867,1.24894858976256,0.332697930563802,3.98334716531654
0.368690004169528,-6.97894684522165,0.315172193662298,1.24504270621805,0.33298215395623,3.9883067877143
0.368408272201038,-7.0936925793807,0.314817898281638,1.21328590686782,0.333278293372129,3.96279652394641
0.368087921726082,-7.06156114358225,0.314494841341497,1.34275502853141,0.333562896649912,3.91410290515509
0.367781444023224,-6.97341699700084,0.314139246003205,1.36689991856935,0.333873320652374,3.93468737803977
0.367539987948963,-6.81617150578093,0.313653648707927,1.36601779642241,0.33434082578043,3.92550496564413
0.367242034530901,-6.60038915479229,0.313327374946358,1.34690958959667,0.334653818035996,3.91762653981333
0.366956017962624,-6.59760308838592,0.3130299938735,1.32435132327556,0.334911855198652,3.85424852903574
0.366665985477684,-6.60793150318811,0.312944117969328,1.31489234214983,0.335216028693572,3.82025202405795
0.366357777519965,-6.62823011050982,0.312369593591167,1.37177438442213,0.335533801814237,3.80654334092489
0.365902736577236,-6.57294387654875,0.31232721061125,1.46186685826961,0.335845930089421,3.8042063308009
0.365577667083267,-6.44232765708106,0.311990059690409,1.57226362616485,0.336175736335269,3.8278959410233
0.365258935274768,-6.50774110217945,0.311633039050294,1.54188094483373,0.33647887578639,3.8118262216575
0.365250812049682,-6.62102765642604,0.31131879230605,1.54142770371845,0.336481902347482,3.72471537468612
0.364721640823108,-6.68782267779843,0.310987974070925,1.5710808756326,0.336805825140726,3.70615636661308
0.364681831286428,-6.59197812187935,0.310530787201136,1.59356829113242,0.336811599172151,3.66356288029975
0.364381403758097,-6.54811050857282,0.310215158756985,1.71462819856865,0.337598865386154,3.61190189344387
0.364105510731223,-6.52577825545923,0.309898956736332,1.70580873915179,0.337876063628378,3.49793153120086
0.363795272656078,-6.56766043667674,0.309583708673436,1.77352025349723,0.338188063403466,3.5989704200298
0.363467891853089,-6.62499624833149,0.309273838989834,1.78116839620104,0.338517198552258,3.55298946565854
0.363165056635225,-6.60536970176402,0.308948707736561,1.76574623763491,0.338834708643408,3.48008672426795
0.362678722968931,-6.52022230906992,0.308643358376419,1.81518526702585,0.33916918105446,3.55477307973648
0.362365458482443,-6.6070140576542,0.308332392483684,1.79393109546946,0.339510034000618,3.51929209987947
0.362060426673568,-6.59366564306781,0.308054306522744,1.87713769113618,0.340003589627229,3.49197994823447
0.361784781913023,-6.6430812424675,0.307753403071812,1.84382485041314,0.340337738247084,3.50061650250919
0.361473279567453,-6.58147462204444,0.307360529599849,1.87877605022863,0.340673916229016,3.42253436345148
0.361143257891731,-6.58194037198743,0.307318639171775,1.72942356645568,0.340984022197543,3.40625891263747
0.36084414497592,-6.48781103672936,0.307030918397632,1.53464061256729,0.341297631252639,3.49297859517931
0.360828270269713,-6.50207643911125,0.30673495597161,1.58576014397105,0.341642342191855,3.41754179703497
0.360070685180757,-6.4931278908349,0.30646654432891,1.63322310056806,0.341998468157251,3.38467314856528
0.360029203448488,-6.42658609311697,0.30617860752437,1.64891344386755,0.342002267074245,3.4180699296825
0.359750182014227,-6.32167322860109,0.305885801471556,1.76898760067479,0.342319208722755,3.38104746168387
0.359442931513973,-6.20086835797368,0.305607654786454,1.81843659735313,0.342667747462248,3.36923681920698
0.359141494213295,-6.24996332448324,0.305329410804372,1.82895506407765,0.343171652326462,3.3459717136745
0.358846042506195,-6.30174207057982,0.305060806918524,1.7910392376804,0.343518966606699,3.28143403240965
0.35854338548878,-6.29069317374021,0.304772481576174,1.77384288564839,0.343874287905892,3.25460353141916
0.3582169792819,-6.24059736199024,0.304409977915657,1.75841030708559,0.344220953539364,3.215651054907
0.35788858625656,-6.08308965238425,0.304149336,1.81518911760726,0.344529923633814,3.18646086808719
0.35758925382399,-5.91113127231156,0.303882239419125,1.84030228199801,0.344881084161103,3.12650057944744
0.357266395691842,-6.04649095752321,0.303615964170273,1.90072360551719,0.345200367828697,3.15689933734451
0.356784850956327,-5.98786727431754,0.303339393069993,1.97548826758755,0.34557149347867,3.10472595527719
0.356471008822709,-5.98928005970779,0.303097367924061,1.98764410216548,0.34591498530953,3.09766983293708
0.356160193354749,-6.04998136840756,0.302882083848388,2.07130458505909,0.346449243682466,3.10173212112058
0.355848726359391,-6.09247690879859,0.302811746267877,2.10224658045633,0.346780245864085,3.04857851453119
0.355538194448524,-6.07500206678068,0.302393470346876,2.1238609003972,0.347164687087269,3.11717629005014
0.35522062715495,-5.9594781269803,0.302342759523711,2.15243228482067,0.347461334386423,3.12346158539027
0.355200244020307,-5.80860058281985,0.302009231141878,2.19726406789876,0.347829908332164,3.07851040420364
0.354911477034089,-5.74731260386892,0.301778294794885,2.16783595089795,0.348176590703722,3.09500143394942
0.354580092228987,-5.78339446350166,0.301547055819296,2.11521672736997,0.348184867347748,3.03402977619477
0.354269428411208,-5.78558833084773,0.301306325413113,2.16611426117742,0.348520714591901,2.98586866326595
0.353814622374883,-5.67418525869897,0.3010692367791,2.17655010744051,0.348891847414355,3.05087879418132
0.353486039728276,-5.51098399393773,0.30083309980649,2.17139728138722,0.349244897607725,3.09299604484328
0.353164198985426,-5.3505784413636,0.300616859073766,2.19340067246982,0.349612427821252,3.05371271157661
0.352852316884331,-5.39233166723446,0.300384003042094,2.24039159340452,0.3501100699067,3.02157072672158
0.352536545209988,-5.51562857095939,0.300169988344773,2.20304174165283,0.350481599380413,2.9990799912013
0.352216502451654,-5.64353214141352,0.299923089779788,2.16251662434731,0.350839790576135,2.91695515274777
0.351904646026861,-5.62935119242756,0.299637663738148,2.24350453882723,0.351168492592273,2.87256571009282
0.351582574310971,-5.58486726810909,0.29941704182618,2.24536273092351,0.351507047844973,2.88577497361906
0.351262097644782,-5.4778663143813,0.299213742287412,2.29520469171107,0.351866729238154,2.86312646105775
0.350782389989083,-5.46560682215423,0.299026648218575,2.31855865765397,0.352189714500056,2.87135639145606
0.350485538496207,-5.50106173097885,0.299026648218575,2.37964285133563,0.352540429081644,2.77716727451126
0.35047654497672,-5.61554248441705,0.298962584667536,2.27355509581986,0.352540429081644,2.71472465356155
0.350146854944455,-5.64567111222715,0.298587945788089,2.28263607837333,0.3534133880095,2.6615676049529
0.349854983000702,-5.51482965486212,0.298387132212532,2.25761281220194,0.353415676619943,2.61516238500621
0.34951745631944,-5.37463387349994,0.298193293445261,2.30953440976724,0.353773304571131,2.63914111071276
0.349201450380823,-5.31389802576843,0.297986747064528,2.22948052314981,0.354116030799112,2.63071703604243
0.348871807279666,-5.24354763243528,0.297729891398281,2.24343335954191,0.354434018861204,2.62914394332505
0.34855847955731,-5.24535717287195,0.297552817292273,2.26388206565115,0.354776007667168,2.67958495795923
0.348216469059062,-5.29276808986456,0.297368127141454,2.30206588560796,0.355118418589825,2.61464892674257
0.347709472415902,-5.16723556883185,0.297194137694511,2.30713027392057,0.355465837659846,2.64318817052594
0.347378793660761,-5.17817029019547,0.296996764033769,2.30895896548305,0.355811263878597,2.70286882730903
0.347035192308482,-5.17612602287444,0.29682583702794,2.27491068503438,0.356149895136469,2.71322462379095
0.346746172867669,-5.21261768803244,0.296644234623864,2.21634902781909,0.356698710262387,2.65914108719659
0.346417411564417,-5.1196911023335,0.296477325158421,2.27035171738585,0.35705151956572,2.67052337677516
0.346098171286345,-4.99622706932578,0.29629445635356,2.27019415216426,0.357369025560818,2.54451980163235
0.345766827584106,-4.96733750145974,0.296077051316902,2.26001453021208,0.357690501191378,2.48437344540423
0.345431212604435,-5.10034868810466,0.295922464843009,2.2334114024468,0.358017088467748,2.52357999594065
0.345405397700366,-5.17385048540854,0.2957905886042,2.28282880193544,0.358347415109959,2.50924300663285
0.344527508804253,-5.13263982298411,0.295766713710773,2.36642734958159,0.358347415109959,2.44278534090664
0.344506424929332,-5.00153895322365,0.295626487673252,2.30876375108928,0.358685935799287,2.44417123308993
0.344256714535236,-4.94126425960519,0.29558029379869,2.34281249565012,0.359022562865766,2.36918674163778
0.343983150826639,-4.96829369294336,0.295290716571987,2.32686729094771,0.359352403316776,2.30052731414696
0.343666442822484,-5.00699026791404,0.29514284631994,2.27250622304139,0.359669480461424,2.35127763965949
0.343316041250512,-4.90855526359246,0.29498176855562,2.32731716533673,0.360217877891726,2.27628339524986
0.342999051426143,-4.7600248888707,0.294785613260969,2.35165568523852,0.360536505478639,2.35085582524112
0.342690139550778,-4.69657586245025,0.294636771613325,2.37363571909012,0.360830539253828,2.27746126844496
0.342346786164456,-4.65261927259475,0.294508521239303,2.34355463733686,0.361169890480224,2.30966742044497
0.342017270880856,-4.58496320082429,0.294375817900212,2.38901842357104,0.361492959508984,2.26315241790347
0.341473189600567,-4.558321689426,0.294245812543895,2.35447969116216,0.361823861286995,2.25943562135744
0.341151126879151,-4.49422135515822,0.294101056406396,2.39911574771785,0.362144283131492,2.2492843050609
0.340814387555557,-4.42960138466714,0.29396255827338,2.34087638761106,0.362464907933174,2.25003138952172
0.340523636536365,-4.34457627140056,0.293828324855755,2.3343250440377,0.362966456900035,2.29758228619488
0.34018597444395,-4.35433102778935,0.293714275741578,2.37597468147761,0.363278926320879,2.21025413391277
0.339850887897085,-4.24881366427612,0.293671318658023,2.31941334302845,0.363596568867532,2.20123909203607
0.33983242523356,-4.27101845826685,0.29340400441355,2.27744140116281,0.363892320741112,2.09465820676178
0.339226397248672,-4.16484255765915,0.293387536453292,2.32747143484632,0.364197641889622,2.05821963062102
0.339189551012301,-4.05560840000318,0.293266926611126,2.35863494257113,0.364212910756067,1.97158850103386
0.338877008177399,-3.98692973727975,0.29314693780052,2.34081466261958,0.364774700690743,1.89750307706511
0.338555363082304,-3.8136678112913,0.293024366776746,2.37230160295924,0.364796510635568,1.97099266199114
0.338016228561508,-3.8469916740662,0.292918791745466,2.41445481334932,0.365091450929041,1.92228281191666
0.337680569218914,-3.88680515558266,0.292810694022245,2.36005467609762,0.365396488700458,1.84938806391707
0.337382596837914,-3.86808318524306,0.292699351327149,2.36813403817355,0.365858299527078,1.70154053159855
0.337046923906919,-3.78329300875282,0.292590659605399,2.40134617397044,0.366190844549347,1.62080905404829
0.336730189689054,-3.69329657831247,0.292477343676128,2.44493159123342,0.366474844707262,1.59519636582207
0.33638572497985,-3.60621389909932,0.292348594649278,2.50210065143744,0.3667885566805,1.56109274874294
0.336058894639424,-3.50427170425191,0.292253615397401,2.48086380622835,0.367073301836411,1.49583873267109
0.335750365327467,-3.53154617285198,0.292154447559337,2.45857847957074,0.367356901388227,1.24266194153198
0.335405354844605,-3.43947616353574,0.292045498585054,2.47212929380618,0.367666586512138,0.888872854201444
0.33507611874584,-3.26554961996833,0.291956695960923,2.39767913861301,0.367952319713474,0.903369382113588
0.334549183076072,-3.12848317281373,0.291860132926199,2.45590793204274,0.368261832419883,1.0966648042784
0.334220580200782,-3.04813570981748,0.291784807156762,2.45108730554877,0.368720610375984,1.1815171784522
0.333940864718042,-2.98706516060189,0.29177094412073,2.40716961739282,0.368721057426684,1.21033230899982
0.333920395137223,-3.05368921187058,0.291676752879601,2.42738003994337,0.369281683341936,0.862213145100955
0.333326518419583,-3.04174706090857,0.291592821324492,2.43546200864223,0.369281683341936,0.662774569304128
0.333276443395538,-2.95266477499115,0.291506017098917,2.35865153106122,0.369281683341936,0.390878651216043
0.332961035480419,-2.86266846734075,0.291403685415159,2.35043701878763,0.369800519188361,0.416341180811812
0.33262965135411,-2.84346868393333,0.291327390845039,2.43840048497161,0.370102613288769,0.455449666422129
0.332305776601993,-2.77409370293923,0.291234449117267,2.4732540110039,0.370365937947766,0.436988356904033
0.33182118241173,-2.70366006194901,0.291162356021308,2.45705452451088,0.370662300071696,0.35767436026597
0.331474374290123,-2.65535532138023,0.291085551783985,2.43704378647926,0.371098062930116,0.0971609282051348
0.331162748664292,-2.56634651670384,0.291008285351098,2.40582494843328,0.371375395961729,-0.134461859539717
0.330839399104623,-2.42482403397118,0.290938258120223,2.44297104985151,0.371652007260861,-0.234704823459184
0.330520030330649,-2.47962986954551,0.290871897788464,2.41560827813167,0.371939522155103,-0.172636407713583
0.330210002087347,-2.44923657799871,0.290799503228264,2.46654512393909,0.372209081828681,-0.236853782791186
0.329883738736413,-2.51521005756258,0.290726820101342,2.42307825791947,0.372460954606608,-0.279351970790783
0.329556791479443,-2.32596721226832,0.290672401809444,2.42873016013856,0.372723840489708,-0.320022883005602
0.329065663704658,-2.17899778851799,0.290654076305787,2.4049779944042,0.372989787549214,-0.440293212480306
0.329040926200403,-2.11407714276182,0.290544867554438,2.40026551732396,0.373427864546016,-0.573262984995962
0.328382472648182,-2.17059265623888,0.290537568368577,2.3858818461914,0.373681324002083,-0.633460126085641
0.328367219388821,-2.13113418682328,0.290482830903862,2.32014995271642,0.373943213884798,-0.668517446372132
0.328093152693764,-2.07031186376653,0.290417259696441,2.31905658051529,0.373943213884798,-0.559217795426088
0.327762348463641,-2.05730201819191,0.290363285140802,2.29802407885293,0.373943213884798,-0.574430983213506
0.327436611887977,-2.05834628561851,0.290311652763944,2.3218476427243,0.374454015117283,-0.707954559486878
0.327143719111839,-2.03236511874124,0.290258561932231,2.24389067960063,0.374713617650093,-0.817268449688469
0.326810612707002,-2.02846926230594,0.290203748345869,2.21122978238676,0.37492895343035,-0.978702035877405
0.326476335554042,-2.01865324474174,0.290147233399968,2.22874596642769,0.375191506884474,-1.05919897232644
0.326172490432573,-2.04151917075369,0.290088388630226,2.31085630779319,0.375443558059903,-1.10670416937041
0.325687051602756,-1.90468111367544,0.290039032611953,2.26595581195967,0.375835138383107,-1.20072186236228
0.325337694635181,-1.8357822477175,0.28998895894209,2.33805017164129,0.376086133713699,-1.27297983999544
0.325014586447328,-1.84082186872391,0.289941395130801,2.32737200376949,0.376347554361618,-1.26247241563533
0.324718544244973,-1.81285331278543,0.289890311905716,2.3262983340234,0.376603601663673,-1.46373586997552
0.324407633258925,-1.95064072674811,0.289844084278918,2.37727269980669,0.376857006102182,-1.47892402671118
0.324076686797485,-1.84720851617699,0.289802080832735,2.25153393348761,0.37709501482337,-1.50922396891939
0.323781777391884,-1.77307888650138,0.289762801830201,2.33817100650956,0.377295388874367,-1.52339583373464
0.323445610167466,-1.66132910016193,0.289727335816643,2.37877360189534,0.377526452748856,-1.44279113709624
0.323421424382883,-1.70042474853091,0.289715651805538,2.33214728679162,0.377766057279218,-1.53167209936126
0.322676617877013,-1.72076202524501,0.289706320375031,2.33267302053059,0.377766057279218,-1.61949524669948
0.322622483240737,-1.67376445016837,0.289648392972008,2.3586249608415,0.37801471416535,-1.66925570085768
0.322278603812783,-1.63188212525422,0.289616100203934,2.27293809087609,0.378380272811731,-1.69843714752919
0.321997306945166,-1.68240683491752,0.28957647960847,2.32044864815104,0.378616060967857,-1.72540841532658
0.321682911777673,-1.67562481172339,0.289539518512617,2.26114546662027,0.378834267637132,-1.48105165596167
0.321353120363409,-1.67021025019826,0.289505916326193,2.33963444971745,0.379060232028732,-1.54716358021718
0.321049109085499,-1.57838031875268,0.289474851928025,2.35973760999724,0.379291163505052,-1.64820489373793
0.320731261940904,-1.54291267264326,0.289444535335046,2.27587055862118,0.37948240544148,-1.70504260464603
0.32041258092939,-1.3784219892201,0.289418399955413,2.31100476378023,0.379690196500507,-1.79716574668185
0.319939565953463,-1.28707106125354,0.289384983744065,2.33852905576166,0.379912435910838,-1.96980820810087
0.319621646601893,-1.18079346107283,0.289348396566623,2.32176123043934,0.380139486019585,-1.97241500941968
0.319270888572247,-1.14914262670973,0.289316754587638,2.40691285570827,0.380460694169493,-1.98464686712259
0.318977054149201,-1.13090176482693,0.289286839905362,2.42133923528517,0.380699237181115,-1.98409475156331
0.318668483080866,-1.12378589966663,0.289263268551981,2.42171060958181,0.380912184601519,-1.99027379048364
0.318652123919653,-1.07909703079242,0.289243185625302,2.41077435454798,0.381127145956325,-2.21232606098319
0.318058476264576,-0.992730155074114,0.2892380904724,2.43272274430645,0.381327053695077,-2.27009026923868
0.318034431164705,-1.00475328121046,0.289207115024003,2.36024732808674,0.381540362417485,-2.29800485666399
0.317725395929272,-0.883962038242945,0.289204124432467,2.40604975434742,0.381739104783181,-2.25332422351618
0.317421630543506,-0.883259746246475,0.289184789626038,2.43745944238213,0.381745165567918,-2.20246939862129
0.316969002890317,-0.889037647491462,0.289169137727074,2.45791729632074,0.382114872211947,-2.18216881625763
0.31665402613368,-0.772104386028673,0.289147220511937,2.41845382362412,0.382130185090084,-2.21891643802936
0.316335636563491,-0.607988944879099,0.289129786937132,2.41948166379934,0.38233429850461,-2.21905706439032
0.316049121320064,-0.485204518687224,0.289105587200298,2.3815351386549,0.382641166527153,-2.09037337267487
0.315747503640365,-0.456787704817099,0.289092765598524,2.38452487090333,0.382829303510869,-2.09757474111699
0.315444511825349,-0.379372538674964,0.289077617999819,2.38172405383202,0.383030061566723,-1.97350163360811
0.31513669326426,-0.390920885189137,0.289067701507938,2.35791452538412,0.383208810413704,-2.04229780494927
0.314830875949172,-0.326365221503868,0.289064972329413,2.33195314214971,0.383415528725739,-2.00945066810802
0.314539131336886,-0.205804089200383,0.289058189487344,2.33981551146175,0.3835884347295,-2.10160441768328
0.314104936026628,-0.124075426705075,0.289051674574551,2.25403167201978,0.383775845050591,-2.13956120596461
0.313790603144187,-0.111984878971664,0.289044301271441,2.27455815173372,0.383926263470905,-2.17584634243699
0.313521028366256,-0.041578997601486,0.289034185226341,2.260784323219,0.384218728304665,-2.22265081207452
0.313200989260069,-0.111465570815359,0.289023282845898,2.27184396733325,0.384384122432684,-2.25383110631454
0.313184819607546,-0.0964120496821053,0.289022270945757,2.28847471286632,0.384563134329242,-2.28362517936089
0.312909203011629,-0.122169086589082,0.289017221858366,2.28524104354992,0.384728897266182,-2.25874926113883
0.312884377450233,0.00645100383796793,0.289019856898401,2.27727996002961,0.384898934271122,-2.26858580312135
0.312326179944209,0.208382520288091,0.289020313146199,2.29007735993949,0.384904846238663,-2.342275087688
0.312006025024758,0.363698388173863,0.289031572173331,2.28864416847228,0.385064624334172,-2.44105239918472
0.311720329453681,0.494558828488242,0.289034288315349,2.28410607131221,0.385225915322427,-2.37651540247163
0.3112909360075,0.627032782937097,0.28903225548597,2.26531578060102,0.38536512373518,-2.32439980016329
0.311023766317282,0.714838483959329,0.289029211057312,2.30311966479369,0.385519486129007,-2.25794562271513
0.310726346466986,0.746274565578741,0.289022915861805,2.29776226039923,0.385772518338511,-2.22600660753894
0.310445704505545,0.963271162239688,0.289027565180383,2.31358869284755,0.385916048070431,-2.17929465527097
0.310155232304675,1.01055200379716,0.289038941028309,2.27316151549086,0.386060815969456,-2.10635327872397
0.309886022001277,1.06204586845966,0.289044900033807,2.25598665692545,0.386197503646657,-2.09149823713798
0.30958091902463,1.12671899206389,0.289054218338599,2.28079978272736,0.386340381967529,-1.96345854869208
0.30932243349661,1.19811790043675,0.289080252384084,2.22476950428001,0.38646636216082,-1.87012889563744
0.309049862335853,1.24309603491076,0.289097376480773,2.20892298927191,0.386590455304841,-1.7903638201945
0.309044571115261,1.24268852336155,0.289106088781861,2.19980862531746,0.386711545904936,-1.78136561479069
0.308390720419845,1.30932719590092,0.289116235014222,2.20653284587181,0.386901177462207,-1.76550358102759
0.308359395799395,1.37152336030141,0.289129201388106,2.18604981412981,0.387020537449819,-1.76234816513712
0.308107693687299,1.42102414158498,0.289136330948805,2.21244136821941,0.387023110366077,-1.81545297501299
0.307832611857788,1.38381250960238,0.289172326901432,2.1722136216657,0.387023110366077,-1.78947915775289
0.307571490038444,1.26032413725068,0.289172569584241,2.18691290049502,0.387251960184346,-1.81261792024936
0.30728438748643,1.29813560497272,0.289177058950007,2.22204876950276,0.38735178892659,-1.7833976388868
0.30702964116814,1.38842931573347,0.289200994204674,2.19734045310381,0.387458161766881,-1.81971630073455
0.306763392738894,1.53000836950335,0.289240570474649,2.23845473454968,0.38756436927538,-1.82199096296759
0.306513318149081,1.7565981092282,0.289262358314837,2.17366764981479,0.387651373850265,-1.7788143583947
0.306111810195126,1.81725855171679,0.289286367566565,2.26218736374,0.387732954794131,-1.73661740550588
0.305875647661769,1.88455427763255,0.289306650852445,2.3556495134925,0.387821456751219,-1.69596935760261
0.30559748368684,1.96404198176662,0.289327639844545,2.30141977943487,0.387949890255269,-1.64478224980935
0.305333979725444,2.01283018824802,0.289351152624243,2.29138529071868,0.388035471004066,-1.57373357589822
0.305094267063526,2.06190271686871,0.289369540477068,2.26262139976108,0.388105965209517,-1.45393096174743
0.304839706778348,2.01332787108624,0.289398318352356,2.26107303983374,0.388172497079632,-1.43453756453314
0.30458416673478,2.06519781611871,0.289424161470444,2.29702092144521,0.388233772332454,-1.3376568943505
0.30457161673822,2.11525919455631,0.289450173256297,2.30637827176959,0.388298459915292,-1.24726471922635
0.304331982948534,2.06472988491211,0.289462417163732,2.31763239015539,0.388361389847866,-1.06929860610709
0.304091081450938,2.08402602856367,0.289534659572497,2.31312819347012,0.388417191882901,-1.09063959919669
0.303730949048601,2.04594496505906,0.289539151399731,2.28671789361398,0.388460367413904,-1.06260806138497
0.303475589384261,2.05458535302237,0.289570598881259,2.22798727329658,0.388464629014589,-1.03813185803982
0.303222534635554,2.17381589389869,0.289602307838787,2.2664580115985,0.388553681883079,-1.04407915498517
0.302976153291399,2.30042397208383,0.289632244246485,2.34868308454593,0.388557337086645,-1.10646830851468
0.302746695244185,2.30366798192031,0.289666587907984,2.30787097516949,0.38861804879493,-1.08449754058816
0.302522417217357,2.40255856589294,0.289708317624247,2.31607073494978,0.388652433248822,-1.05263666971598
0.30228181083263,2.47484217783579,0.289754185377448,2.31725066976211,0.388681505207737,-1.06710088220999
0.302043040602946,2.48064025409701,0.28982702034889,2.34015838424112,0.388713055089725,-1.1209835518164
0.301810484931726,2.44489104181165,0.289876323652398,2.3431448718528,0.388731434294375,-1.15791023769541
0.301586884031496,2.4537248781674,0.28992995199799,2.36983951249066,0.388752984771682,-1.05561302581769
0.301229881507642,2.61214660189594,0.289971923987888,2.37474912333951,0.38876552327073,-0.986840333261753
0.301000472797823,2.66590233371438,0.290017295229075,2.36128554481518,0.388777331733837,-0.919044066947277
0.300770822697988,2.59872030183034,0.290051788128433,2.38896181614981,0.388778261318339,-0.887421334448114
0.300766540511735,2.62464043759448,0.290101349327515,2.35126342924344,0.388784554465505,-0.90649767497549
0.30033250508488,2.68933819344793,0.290140736112276,2.39875866524355,0.388777891500003,-0.829886764968924
0.30032124100178,2.74790517212788,0.290180931199902,2.43484699489093,0.388769905180788,-0.912648715240741
0.30011430411471,2.77829369054805,0.290204197090843,2.42570862280853,0.388762283788929,-0.969252999309943
0.299875587388954,2.85876095688542,0.290316594206262,2.3835239508201,0.38875616538828,-0.828807120684265
0.299578487004572,2.90934260176441,0.290326083480604,2.45040471728039,0.388742916031918,-0.850278138789336
0.299363108155818,2.88643107464188,0.290383153862512,2.41909137642793,0.388725662867859,-0.916076104845378
0.299133808237974,2.94352574510571,0.290440904745628,2.38995133362269,0.388724790043932,-0.922333161191305
0.298917798298293,3.00327058106291,0.290494918632351,2.34259880896098,0.388709148732011,-0.98113687795922
0.298708036148916,2.96087774646673,0.29055373162714,2.32612132580706,0.388686992864689,-1.04189137069569
0.298492191242649,2.97961079925083,0.290614764796171,2.35759347654802,0.388647566893759,-1.15572364413194
0.298290957238228,3.03751673078015,0.290675872505278,2.31691372983693,0.388618515265534,-1.12094925981058
0.298072670666555,3.08301457063017,0.290739139197389,2.42477995130142,0.388592833732902,-1.13906986207289
0.297879664800959,3.1651560064641,0.290833299467745,2.53469030388032,0.388557272604097,-1.11983753755272
0.297667400969559,3.14406926711816,0.290893840323542,2.52395630861473,0.388517540172645,-1.22841345814184
0.297402140693187,3.19014134356782,0.290957308582573,2.57617654888257,0.3884808682179,-1.23613756932733
0.297193159467163,3.25086488075647,0.291021105344839,2.58502130276503,0.38844161579455,-1.27249183168532
0.29699748364891,3.22214814612637,0.291086196063641,2.58845265322867,0.388401242909472,-1.22927078493865
0.296779381009912,3.21543324210505,0.291149250165889,2.62837974852356,0.388356776064487,-1.12245250778789
0.296768687833745,3.23923120993712,0.291215870001604,2.658411866496,0.38830856865701,-1.08123464899922
0.296579458669469,3.22292051201626,0.291283455498382,2.68092698207533,0.388232166498676,-1.13965921125909
0.296390685655182,3.30994065825162,0.291338914624121,2.68540336242991,0.388180291532941,-1.13071185026082
0.296204380478392,3.27993307074279,0.291368813646333,2.66847653568091,0.388177527584671,-1.0765744529668
0.296021384767349,3.29098069023711,0.291524682051512,2.63456564607411,0.388177527584671,-1.06432273839015
0.295834962606938,3.32868487287565,0.29153592073592,2.63133269003397,0.388064171350539,-0.998169201018883
0.295593784125862,3.33425482030047,0.291611415893722,2.69290637440684,0.388006827858968,-1.10196677578012
0.295386799472199,3.30890616509509,0.291683012185691,2.67480912597117,0.387946205224229,-1.09604534481323
0.295213557633369,3.2978882153511,0.291753297782738,2.67158736695419,0.387881482608824,-1.08175156685562
0.295035394121761,3.28601687949696,0.291829264719345,2.66633919609378,0.38781231039621,-1.10684436594668
0.294858672701178,3.30967974994662,0.291913574209865,2.65686129251315,0.387744729099143,-1.15907346433126
0.294695966125156,3.29306801279802,0.291986513504291,2.73283596403905,0.387631262749726,-1.19246923561761
0.294530907757577,3.30437755515199,0.292068078927129,2.75119549250894,0.38756511050365,-1.22225958909394
0.294358370837225,3.31225147428344,0.29219272157228,2.76799876840569,0.387488840905884,-1.13922699222496
0.294179548667233,3.32653063951493,0.29227599752643,2.82007692005722,0.387410430693095,-1.1559922899215
0.29401096178457,3.35482293103871,0.292364209258576,2.79834570386803,0.387328965982482,-1.3034218521486
0.29400702002216,3.38525970168718,0.292446178612735,2.84171601602978,0.387249594604607,-1.36004069042418
0.293645239151035,3.36093485704304,0.292523257680144,2.83117395985508,0.387168323810945,-1.34667919054449
0.293617414221795,3.38940628031387,0.292550279141452,2.94264406949007,0.387087750566304,-1.29657042526695
0.293464213313169,3.37491128552454,0.29269301214021,3.00561850255609,0.387087750566304,-1.2389719854464
0.293300144287798,3.38523215092716,0.292706180411078,2.99978010766908,0.386878343268619,-1.2697423057536
0.293148606838314,3.2827126006136,0.292804830764543,3.01546284099986,0.386877889376209,-1.29508986631219
0.292992377371641,3.32771650348665,0.292942011977608,2.93959240940201,0.386798924137958,-1.35278588027402
0.292837778568001,3.37469940229865,0.293037512942489,3.01863682143089,0.386714223538453,-1.38691755399251
0.292687392644707,3.3757228149193,0.293129398637965,2.97664187741148,0.38662890213027,-1.40995288115537
0.292485686493115,3.37524154590833,0.293225740280924,3.01438770325235,0.386556363346341,-1.31601056736791
0.292341944549211,3.36047976308049,0.293326974267019,3.03793954863343,0.386468316714974,-1.27200442522409
0.292200222322971,3.38724792380923,0.293424371147096,3.1010317731721,0.386388381452706,-1.3637538107111
0.292047688679912,3.37285807121786,0.293518299309583,3.02896964574701,0.386298667928716,-1.33522159665074
0.291898708842129,3.36730068505059,0.293622094588483,3.02617091187254,0.386213294099945,-1.49763923085621
0.291756800727352,3.40973932098673,0.293719943175901,3.12788892810395,0.386074590604097,-1.54970557540175
0.291627136297819,3.42133136462762,0.293833314756163,3.11977925277948,0.385984814105313,-1.56945280970365
0.291490014271536,3.36949773538899,0.293987641478092,3.11261810497535,0.38589717948136,-1.58102284834365
0.291483708963785,3.29980479618679,0.294097266064715,3.19341510419834,0.385819390296193,-1.63571966415457
0.291360152676542,3.34622361022113,0.294200338036983,3.16809098365473,0.385731472026839,-1.65499064820982
0.29118529611023,3.37533483960811,0.294294804412915,3.19482115950941,0.385650876832155,-1.76817584518312
0.291059135981021,3.35736159330091,0.294327201265171,3.26508050481265,0.385567947156141,-1.88015341997154
0.290934705129858,3.46834594737466,0.294512381135315,3.27677628289158,0.385563337071182,-1.86480617559929
0.29080634116418,3.51851061453385,0.294528973767976,3.25348745928362,0.385399732191492,-1.87247789011581
0.290691531134235,3.54401334923016,0.294638087825501,3.33155065180691,0.385394519703733,-1.86855507451675
0.290572155526724,3.51844369079648,0.294745527503872,3.39297524084326,0.385265434067773,-1.88996233216357
0.290448173079453,3.48274534700285,0.294862898362059,3.36935479692687,0.385177514630748,-1.87536275096091
0.290331695116797,3.53875805427124,0.295037222318594,3.39589549869535,0.385095234933088,-1.95150855078481
0.290184640011096,3.55524896272461,0.295151436871135,3.38179764413181,0.385009337671536,-1.98191367344612
0.290064575845717,3.61086516120996,0.295271711180889,3.39822403270367,0.384934566843789,-2.03380961248906
0.28994539613808,3.6775882290756,0.295382783374504,3.37221650928202,0.384846823449641,-2.04459836844747
0.289815858070512,3.68489592462811,0.295506892892759,3.42829984574746,0.384769802286589,-2.05532949789905
0.289807955933329,3.70267468973343,0.295622468243281,3.40982852549715,0.384686281465385,-2.04239870049421
0.289603623604334,3.72266276510034,0.295748432894463,3.43770083029709,0.384610346332322,-2.10489096221607
0.289589956282449,3.73870142487081,0.295866498994872,3.49733387635929,0.384534601954761,-2.19838294471439
0.289407067572867,3.83258379113558,0.296006839737051,3.54680543600991,0.384424715465621,-2.35141341330722
0.289386675825168,3.84973224345995,0.296182298552502,3.56029868106158,0.384340791719315,-2.35684569314178
0.289296022659026,3.94006829975717,0.296298773594988,3.5138195090253,0.384277958555455,-2.35641405216919
0.289193157711588,3.99294702198099,0.296317610510072,3.59093265766715,0.38420032286414,-2.44374267436101
0.289067985610115,3.95921614407148,0.296454720235698,3.52052407037292,0.384199110665373,-2.51355041294258
0.288974877245022,4.04085145878696,0.296588080617949,3.51649244764369,0.384129587545256,-2.60496401360462
0.288870410218454,4.18728335721557,0.296720540699792,3.6041881897393,0.384060303346172,-2.63147521099644
0.288776932989047,4.24989835583795,0.296849929409138,3.51023059934409,0.383988354517753,-2.62793495008023
0.288696668950517,4.26995580238631,0.296982916162611,3.63250581417543,0.383925490509592,-2.68484067081181
0.288608863912157,4.27665706875001,0.297130327961439,3.64507934768957,0.383808924801145,-2.66399925104495
0.288525878426701,4.32779323873199,0.2972695072673,3.64973866954836,0.383742455075966,-2.79619564393003
0.288447577656485,4.29498731249781,0.297409937760736,3.74548680782152,0.38367727047567,-2.8464590112286
0.288348893458124,4.31104668473301,0.297560387969885,3.65783974004856,0.383603924206906,-2.89479603327952
0.288257758124299,4.40745242730995,0.297766525728388,3.70291609405484,0.3835394145719,-2.90366467356724
0.288253438282597,4.48112542953258,0.297911485149922,3.62200909441057,0.383477658693703,-2.91939324030505
0.288185040807449,4.51436498198572,0.29805943602124,3.75326563288427,0.383410770952424,-2.99432067646066
0.288114330568613,4.53448531968665,0.298192087227351,3.64117089727201,0.383348966445389,-3.10984162328115
0.288033481641758,4.58677048463767,0.298345888697174,3.7371288690911,0.383278210371021,-3.13885591428401
0.287962304748122,4.51054129286535,0.298477977239386,3.70702956001155,0.383218836250955,-3.17852825612066
0.287891367997934,4.63873005007052,0.298532875414607,3.63460372330717,0.383121840343288,-3.27112276105849
0.287829268116798,4.65839076810295,0.298864253794196,3.68467073646474,0.383056806494975,-3.39480449368466
0.287760954816866,4.75932458443466,0.298885498645132,3.71603103477953,0.383054850986523,-3.48664885406006
0.287696538472037,4.79879238023335,0.299041280222468,3.67722215202779,0.382994983121706,-3.48375627454351
0.287625374883245,4.82257828210761,0.299198943490775,3.6862552413713,0.382937455917864,-3.45858388053674
0.287556809157413,4.9336905386558,0.299355849096571,3.6853966406921,0.382881904088772,-3.42076817582034
0.287502444400623,4.90475282777185,0.299529415454439,3.62003808285032,0.382821667940963,-3.50479934702888
0.287449176258126,4.96650648781549,0.299686599946363,3.5670249559994,0.38277354987323,-3.62114936728531
0.287402400344274,5.03460154584248,0.29985486023998,3.57117504590774,0.382714726549993,-3.58124609149913
0.287351776723224,5.0903939035562,0.300014803782784,3.63630722156631,0.382654576220346,-3.54777126535252
0.287290916567897,5.14184792549257,0.300185679472172,3.66989357163079,0.38259646328782,-3.45837624192502
0.287250233858227,5.10199801450183,0.300448713499524,3.62992821735906,0.382506617219264,-3.49888336041427
0.287204720662749,5.18256831210652,0.300635371648093,3.59914745115217,0.382458002243131,-3.47221780562543
0.287201284457732,5.14287471351685,0.300821393773652,3.57116336495907,0.382407345830377,-3.40459612388859
0.287112077946082,5.09169211632676,0.300967676909715,3.52804870761361,0.382355667909861,-3.37174620394569
0.28710709313004,5.15367720321524,0.301018588119872,3.4978521203755,0.382302538905344,-3.35853961314082
0.28706570412843,5.16780180078158,0.301305415846775,3.53109426945512,0.382254948185431,-3.29111104055863
0.287029162523251,5.12878950206422,0.301332106748544,3.5056866035229,0.382202183310931,-3.24750971402235
0.286994116102494,5.10532123433448,0.301506992227286,3.5397406310631,0.382201819250934,-3.26585374864533
0.286957263445716,5.30892227034204,0.301701510506389,3.40979518446827,0.382075761932421,-3.21000711517708
0.286910991809678,5.45405334450446,0.301977158119694,3.37360266625651,0.382072798951671,-3.25132854055366
0.286874435825054,5.42741998912955,0.302164471601451,3.32446688924975,0.382027944820759,-3.28250601144371
0.286839739002774,5.48827645077526,0.302356211570636,3.28958413194709,0.381981190267407,-3.31295274334339
0.28680757340128,5.48479631774499,0.302550750493728,3.28446281380072,0.381935029999335,-3.24795286310684
0.286775300455743,5.39573950029206,0.302739574057659,3.24971292574372,0.381878245644052,-3.19717215865396
0.286733162863275,5.46157417284658,0.302941254599094,3.24774365151932,0.381829034343492,-3.12634002889756
0.286703640546102,5.4749347895065,0.303144295258264,3.25104678290428,0.381780989740398,-3.27064550532557
0.286676133925858,5.51724962971507,0.303324442998569,3.14781086417988,0.381735624205092,-3.24030868409969
0.286654623705148,5.46786918217716,0.303542132142721,3.11561819373368,0.381651811137578,-3.26698689851242
0.286619492516071,5.44486919447889,0.303849940239259,3.10385888938665,0.381604964832263,-3.12327170311391
0.286618374569428,5.47525391355735,0.304046854567692,3.12879870067659,0.381556945880167,-3.12130396358196
0.28656753242707,5.50171060776653,0.304260960490397,3.06581376444109,0.381518355758879,-3.06921954436162
0.286566570739586,5.43569667881396,0.304441078227834,3.01109268579228,0.381464753722361,-3.04861675814391
0.286546408940272,5.50493093763913,0.30450850385866,2.92738577252721,0.381417738833636,-3.02442075862226
0.286521862813019,5.50492804624134,0.304856925900499,2.93029090121275,0.381359587771551,-2.91887957386492
0.286489192608361,5.63392376259165,0.304890897004597,2.9003490239839,0.381304238015595,-2.8630117532115
0.286469431186397,5.75746948938096,0.305105702392916,2.89435663048227,0.381302661883363,-2.69657760321501
0.286444716906165,5.82740051481553,0.305325789345076,2.90121532390724,0.381242096015805,-2.59687897963097
0.286427392057825,5.90021475271106,0.305540843705653,2.88170872433658,0.381185320180307,-2.62607515243567
0.286400753492315,5.95093124370345,0.305868040543383,2.87473374852325,0.381093372847429,-2.60647404955113
0.286385378869913,6.06845929961994,0.306092873016254,2.75537126457261,0.381034089342811,-2.69444601400697
0.286368049630471,6.21028459280523,0.306333470811279,2.83697845545119,0.380976520641525,-2.71321045068979
0.286354798081486,6.40037937358568,0.30655413832101,2.7255610302711,0.380907779441621,-2.66953288162498
0.286344532943295,6.5312467973251,0.306782945878419,2.77154566434941,0.380853036488229,-2.67311751409459
0.286335077037338,6.6816909301751,0.307024914639301,2.75225807946178,0.380776319922437,-2.64905596516742
0.286319599901465,6.7783838098064,0.307276640364248,2.67741858963129,0.380708942501632,-2.61517613729103
0.28631683874907,6.88805778488141,0.307494724075734,2.68644319864422,0.380636111707683,-2.67011740711735
0.286313793505778,7.0555279255023,0.307759110691898,2.67467008562131,0.38056908374911,-2.6366163500487
0.286313590628523,7.14326237970423,0.308112511932435,2.52005724026484,0.380449379316599,-2.61959699091075
0.286309682124243,7.2043207885307,0.308340320555222,2.53855332271772,0.380374278176123,-2.62490107070695
0.286309444122879,7.237866240264,0.308380280253893,2.38929431417052,0.380293180517509,-2.5433584296029
0.286316179353646,7.2588564396643,0.308620115262109,2.23604436825906,0.380293180517509,-2.54834869813362
0.286326263000067,7.23595519951207,0.308879366215505,1.96248760448201,0.380138847561162,-2.46491549983351
0.286329999619835,7.26129035645408,0.309117357242229,1.88525738233191,0.380137540666089,-2.52327818281768
0.286343150441441,7.31123456238212,0.309381539358848,1.88556170833781,0.38005915853326,-2.5213085782796
0.286370515396824,7.34390731394366,0.309630761240832,1.90958229305885,0.379967677467002,-2.5072814282824
0.286386358327336,7.35347256508908,0.309880324195001,1.80518319491377,0.37988199352438,-2.52367610173042
0.286399471440255,7.39996722649554,0.310154018929059,1.77388540205902,0.379794454461962,-2.51014895706229
0.286416139864743,7.43431837221376,0.310519894173548,1.69091723606489,0.379706884842062,-2.54932013640569
0.286431707989389,7.45319655848797,0.310777395095956,1.64124931977474,0.37956877200869,-2.54594449271508
0.286454715169805,7.48445061219066,0.311042153773437,1.63675748523602,0.37944851154636,-2.56028617095123
0.286477142496499,7.56325858905072,0.31130518545629,1.57766319668919,0.379352842562519,-2.58651337438691
0.28650019555211,7.68613833284695,0.311560223206834,1.66735223771363,0.379256428795786,-2.57379815965408
0.286500758275889,7.83126434996741,0.311835688469405,1.70500982116125,0.379160400496705,-2.53744532615269
0.286564593965834,7.86695385397115,0.312099933294674,1.73228786494419,0.379042907673861,-2.60491457476048
0.286567085695588,7.9258044672253,0.312366564509451,1.72641750585651,0.378932185916691,-2.53625670248053
0.286598102272725,7.98547073104874,0.312601590443908,1.79232795035147,0.37882238242275,-2.60596362156827
0.286625383854788,7.89137253847759,0.312649544029494,1.83172987447872,0.378701948643519,-2.58212897924853
0.286656059422476,7.87354245405876,0.313046833538328,1.84108238197437,0.378684933560493,-2.55431423375146
0.286684865121155,7.86361757756372,0.313334135734673,1.8394177308882,0.378381054276553,-2.58604137954523
0.286727466495663,7.81017359174633,0.31360750356046,1.92991113509511,0.378378800954717,-2.55532758898658
0.286763432647678,7.75671482835886,0.313892585087484,1.92392115737404,0.378251495075045,-2.6147207518201
0.286792429976659,7.83675443781173,0.31417966741902,1.98099345566349,0.378138128257757,-2.63381285919546
0.286858793061559,7.823213232982,0.314488403705361,1.9219129598274,0.378008245485997,-2.64896307706626
0.286899897305427,7.84669075010601,0.314772861492854,1.89670149110564,0.377869128153604,-2.6335455425924
0.286934923772377,7.89662575747074,0.315072290875365,1.84168264793251,0.377731573601028,-2.71005338306052
0.286973855715193,7.94785368113507,0.315369633690713,1.84800160273432,0.377516825901727,-2.66973107548277
0.287021654553911,7.92378850971306,0.315689246417288,1.80442758348844,0.377367777992054,-2.70196152974169
0.287067025602008,7.88819498576111,0.316113385792956,1.65425718509857,0.377224421179747,-2.68291878289776
0.28711402939118,8.01680640380487,0.316410900308769,1.63843462660777,0.377069570794207,-2.72408482533658
0.287161011414437,7.99877041755542,0.316724497447053,1.63104407371693,0.376918369867581,-2.77698373134578
0.287212611742096,8.00465320800081,0.317030302219468,1.62221983252314,0.376777354759438,-2.76877285807295
0.287267502420394,8.00806874637145,0.31731277032317,1.5931591559818,0.376632251277026,-2.73085474425757
0.287270273681824,8.03674213657836,0.317404707211474,1.64700850225568,0.376460768489109,-2.74297339528652
0.287317861089863,8.08852680359979,0.317928267086223,1.61241781243723,0.376303661214022,-2.7665440629026
0.287400339985509,8.13604850314321,0.317969211041501,1.6177797628962,0.376037297337788,-2.78216283754493
0.287445697433832,8.14956476272868,0.318325730345168,1.60237006741336,0.376036139319341,-2.90640486052379
0.287501554507556,8.22501933684263,0.318772422780551,1.59999999998965,0.375706381284178,-3.00012106963154
0.287559849971608,8.26386835072783,0.319066850788599,1.66070415889622,0.375694427052758,-3.00128554678811
0.287617228270216,8.3128002501048,0.319369791623106,1.66668466562288,0.375525574077202,-2.94527341829897
0.287678620912514,8.33551377875989,0.319669344157297,1.65821799886783,0.37535859655915,-2.92141179185075
0.287745014560253,8.27457040649243,0.320002573248729,1.69522028522856,0.375188203989255,-2.94598398622771
0.287808723496918,8.26209821468161,0.320329063263625,1.68239465792077,0.374994620459496,-2.98082312686044
0.28788398455694,8.26882184147233,0.320646771895673,1.60947735785021,0.374810185800949,-2.90066449922718
0.287991693974121,8.26737355542872,0.320998619370566,1.5679119387947,0.374613276332678,-2.98101066391793
0.288063383466485,8.3454063756082,0.321464499569099,1.62133883267203,0.374455347089568,-3.10779063712636
0.288129817703111,8.34673648170878,0.321786197288202,1.59907643885228,0.374134989824055,-3.03349056596657
0.288209718243862,8.29255342752412,0.322106143154687,1.59944942942637,0.373928111215996,-3.03390175184586
0.288213866970844,8.30915228958464,0.322439336602656,1.58835577077392,0.373747594468124,-2.98168894477571
0.288365960236387,8.34316288254966,0.322735168834649,1.49676195653327,0.373550807463227,-3.03888760864173
0.288376547130562,8.3484552257244,0.322780550067513,1.3810606334513,0.373356894343867,-3.13746578272602
0.288458876454086,8.42682612145042,0.323111801828848,1.43762373936211,0.373145161117317,-3.26234501176947
0.288540153499995,8.50074970917628,0.323448549422384,1.40100784006304,0.372941042006685,-3.2916513680155
0.288629401581199,8.46946236575112,0.323795870361603,1.42773681629865,0.372754038234762,-3.31907129490767
0.288771615224737,8.41095589328964,0.324126350016724,1.43314538258718,0.372747482321687,-3.38466459641695
0.288853895851474,8.46676208321653,0.324621298399303,1.43615940123749,0.372544526761188,-3.48143241452678
0.288950233443753,8.48099298558437,0.324950987377371,1.40927277223004,0.372219506791953,-3.63292930296837
0.289049289375424,8.51916198773877,0.325300428388191,1.40793173154161,0.372020423526088,-3.74747031292649
0.289144389512798,8.5720775757408,0.325630380566893,1.35260344350538,0.371836747539305,-3.70647873245775
0.289249932973296,8.55979528650405,0.325950272362018,1.31057471669631,0.371629394864591,-3.69132013869055
0.289348633566057,8.52354147453505,0.326284470055356,1.31734476220424,0.371420798038084,-3.7010640998576
0.289459283579413,8.56467100470378,0.32662638409135,1.32595083537002,0.371191915537847,-3.67217502278464
0.289567777336643,8.54672952956164,0.326966289454741,1.32077963261862,0.370977898623998,-3.8324890926091
0.289681387811744,8.54587714274062,0.327331366339402,1.27997925065171,0.370760976012314,-3.86227171539949
0.289796779755242,8.61171348063127,0.327818872705281,1.28418346296232,0.370417289439891,-3.90298608456244
0.289964962087786,8.53725594677924,0.328106092623275,1.26357011338998,0.370191333529173,-3.90660918743919
0.289975148651508,8.59371448777534,0.32819904199983,1.30539164236761,0.370004729763653,-3.86334208773016
0.290087590682552,8.51267676238469,0.328767390174351,1.37665207159112,0.369770549377456,-3.86105482571433
0.290196001508117,8.51869927411811,0.328817791572698,1.34702480781792,0.369551160668634,-3.94518594423086
0.290322185989129,8.5613297013185,0.329162655844334,1.29044529905179,0.369545893832873,-3.95276747457855
0.290456877622734,8.5097708378876,0.329501983341988,1.21834409350543,0.36910492249122,-4.07424987063644
0.290585570488978,8.53329933637087,0.32982319516563,1.17473077817367,0.369102336398291,-4.12676724846346
0.290727676345704,8.59702804485248,0.330185031093976,1.20686943100866,0.368882275981944,-4.17930537447285
0.290853176658084,8.56825866841382,0.330531610830685,1.21599409935172,0.368653252326646,-4.21361983366996
0.290990139098835,8.62179722280645,0.331030046905993,1.26552628378847,0.36830070295915,-4.28630899992243
0.291184934867631,8.58575645084489,0.331364816635797,1.13766028171077,0.368077047165744,-4.27083576747514
0.291334758184525,8.66918006884677,0.331698123415523,1.09630472733746,0.367876886954985,-4.3529266509559
0.291474083088179,8.65670801081419,0.332019305012628,1.01626127462581,0.367645283131905,-4.48217444216084
0.291633297956993,8.62109735638675,0.332357804979959,1.09265764982338,0.36741256003258,-4.60132644569442
0.291770931315639,8.67907867972085,0.33267750374793,1.03963147568727,0.3671789768895,-4.74506782215479
0.291930415828435,8.63654060154146,0.33301485971111,0.998566973744291,0.366960894840384,-4.60009960305501
0.291933990582296,8.55252486579908,0.333361663261304,0.983856999082694,0.366724104831215,-4.56474056844429
0.292218401786384,8.48055719743736,0.333647957851169,0.873526370922524,0.366500449553859,-4.58431414086102
0.292241664340938,8.59379759454552,0.333716166246478,0.820974633793777,0.366269887711029,-4.6858594942318
0.292381876996427,8.61330430485608,0.334184825230099,0.864652236415718,0.365915431178338,-4.77700128981115
0.292617080069789,8.64274732166711,0.334504853172043,0.949796509213816,0.365707687870675,-4.78523381397885
0.292777504251673,8.61720531362441,0.334817958585082,0.960475176490124,0.365704481466781,-4.76090038163654
0.292941699053072,8.56227176722252,0.335130600823174,0.944873835905265,0.365472455674792,-4.61546756965072
0.293117876290729,8.56894714032267,0.335458288015094,1.00922210747824,0.36523345977286,-4.69650493711439
0.293286309875006,8.57226882266954,0.335772616980183,0.956855262263053,0.36499536187571,-4.72751083533745
0.293461694366421,8.53253187397643,0.336110523512292,0.955938369107598,0.364761415462824,-4.71519575005087
0.293631502066239,8.59937153345932,0.336454706593905,0.948526295076043,0.364548282336901,-4.77342453875019
0.29380632468679,8.51091233976896,0.336909389067652,0.952645521954926,0.364293102264152,-4.92810349184725
0.293969211837618,8.56511349525044,0.337238613578327,0.890856695992112,0.363947690169051,-4.94312451030556
0.294242615973676,8.588875101541,0.337539829832731,0.821009340176779,0.363729969861801,-4.97142287684011
0.294434190898817,8.57370267548383,0.337841015382517,0.834589269907491,0.363498898836702,-4.97400280390096
0.294623513192275,8.60193395133826,0.338161189898111,0.786947090244454,0.363261232993735,-5.06294858163811
0.294814081537012,8.6179156100353,0.338488574080109,0.802697515061494,0.363030441273933,-5.22323917284944
0.295026786176476,8.6173979512422,0.338756803748963,0.808082453609279,0.362785312467098,-5.17338189795197
0.295212304890771,8.55328632427595,0.338799573590803,0.760024654711893,0.362551804488404,-5.18152347226533
0.295218522581031,8.47142372543904,0.339059528655647,0.725344677496695,0.362314112022587,-5.27818353649409
0.295399516765747,8.41520786522777,0.339254248549508,0.611755300841594,0.362074238848565,-5.36645682463152
0.295596920429808,8.47146005189133,0.340182873131278,0.560876251170869,0.362068452074615,-5.36345875422968
0.295795316135271,8.3899111020802,0.340237788755735,0.460818254417349,0.361525652711204,-5.30579798349619
0.296082814547795,8.38257073778938,0.340552340923191,0.522029545483622,0.361491746771576,-5.30557995027638
0.296308038587274,8.46661179162807,0.34086115239101,0.431036011517127,0.36128333769847,-5.35650704766604
0.296514982283764,8.42311012357145,0.341135106378246,0.481635953909663,0.361038286984396,-5.25191714219849
0.29672839921493,8.29412259898413,0.341451105094402,0.373820114402857,0.360792758554472,-5.27161895313618
0.296938726538721,8.33954706803874,0.341753789439592,0.330748360453563,0.360540466755393,-5.32943284417058
0.297153031295387,8.33655058138068,0.342062625898896,0.387045021434929,0.360315530409845,-5.35171322761379
0.297374921656898,8.354236115569,0.342362703116759,0.39088822765764,0.360081767758982,-5.34374778051044
0.297594863171354,8.35311823719298,0.342693330787953,0.435822759852164,0.359835232718652,-5.36006627951513
0.297815010738556,8.39519611358697,0.34303211833585,0.473125703341242,0.359464101438754,-5.32144496579154
0.298136216525168,8.34091501538857,0.343469183588077,0.427946516907302,0.359265295978027,-5.28895853383912
0.298373615338894,8.29839081753988,0.343769941937124,0.31187994069217,0.359041865638138,-5.29299734848517
0.298608344661712,8.36568603609604,0.344028607079419,0.220487594809012,0.358807181071366,-5.18281261063388
0.298613495224791,8.36649431054622,0.344113027642186,0.174220923002486,0.358537448978372,-5.25037921506336
0.299074667517847,8.33025682321956,0.344616673737028,0.24413710533475,0.358224378505886,-5.2142591619498
0.299103755600511,8.32290313427624,0.344657614623114,0.221292003880726,0.358037629408884,-5.1674754908125
0.299324421348338,8.35087219229148,0.344950021494554,0.1062292359169,0.358035710179233,-5.13867698515492
0.299558750400675,8.32073178134537,0.345258501444931,-0.0167810644758903,0.358035710179233,-5.12542867878293
0.299812960285615,8.27856741551354,0.345541781929935,-0.108349171124922,0.357425040825238,-5.04595956754366
0.300049204657084,8.26541026217123,0.345844424927457,-0.117200991625476,0.3571915358209,-4.95803891411323
0.300292003132913,8.26949780973266,0.346277154561382,-0.121789169712103,0.356950867504457,-4.98663722372912
0.300648878540589,8.24036910746794,0.346575599463904,-0.165331988050671,0.356704373383288,-5.09131367015842
0.300926795527018,8.25003784687914,0.346854611088278,-0.160032068364517,0.3564668451124,-5.03490308268299
0.301171926579494,8.30631702873253,0.347151844122725,-0.292270584910233,0.356207478799883,-4.89719416779794
0.30141886218463,8.26116531431794,0.347432550649257,-0.360507659236236,0.355963025982792,-4.79556469352906
0.301680539209205,8.27213586659347,0.347716190831235,-0.429907532785774,0.35568369846526,-4.79097125838495
0.301927870364874,8.2660618171924,0.347997174941318,-0.427671034805404,0.355310474485228,-4.71498975294383
0.302208611691279,8.29017769121862,0.348276031910824,-0.535938935765699,0.355053905786298,-4.71116848683711
0.302456634386961,8.2267798608684,0.348558895278829,-0.502341667975514,0.354832866534956,-4.66272347896344
0.302704660044805,8.2462266208859,0.348856810226053,-0.53184931052676,0.354567150388038,-4.60816634898107
0.302713161730963,8.23533770713157,0.349254480493578,-0.531716345918345,0.354310931738326,-4.49615675756805
0.302740616177419,8.22042880980595,0.349501860031646,-0.6235500129766,0.354036718467953,-4.45848200064889
0.303354421954583,8.22358104458048,0.349540750471971,-0.636217587596541,0.354035077734224,-4.31111579548992
0.303657005700983,8.15454777534475,0.349817342612438,-0.650615636603417,0.353772065776256,-4.29525581147719
0.303920181908974,8.19012756228923,0.350095656686414,-0.755590726298452,0.353770339388997,-4.27705568751383
0.304202523577112,8.27785753351019,0.350351856968697,-0.779468634479185,0.353231577828724,-4.34881128238974
0.304474066729349,8.21005164118237,0.350638100277671,-0.907331968813649,0.352950683139256,-4.31062724286747
0.304745429061812,8.26520170159385,0.350912340990394,-0.94998057221471,0.352534877674719,-4.24544611492676
0.305012367465027,8.21595420251528,0.351185103770819,-0.86727871020514,0.352295528169227,-4.14640405974146
0.305411701774411,8.14404896257953,0.351474498961951,-0.883847643608709,0.352032268394268,-4.06007448736518
0.305723592999017,8.19067101703066,0.351855285313188,-0.910186468238506,0.351740214479498,-4.01322927283614
0.305999275920228,8.16844011728057,0.352129964230945,-0.956312003237141,0.351458198907805,-3.94222064402527
0.306285097207342,8.24369193758349,0.352417533288646,-0.997541781423781,0.351167641845333,-3.84953109166851
0.306592851627795,8.2409172628324,0.352688175187195,-0.96250658620728,0.350858476412106,-3.76710427520595
0.306894349972821,8.15879507120189,0.352961972753404,-0.959234315606203,0.350584974827278,-3.68106227411949
0.307167162397077,8.16080766966675,0.35323862756047,-0.966924769364352,0.350283466944212,-3.60494043449644
0.30718370634899,8.09917206223803,0.353507974087151,-0.973300808070672,0.349840086532475,-3.52292423135859
0.30773031574316,8.02992518564757,0.353736572353632,-0.924619548111157,0.349530301318014,-3.44858472903589
0.307764024672015,8.08450109770192,0.353776633594348,-0.989473105777183,0.349266504251324,-3.36785342226386
0.308174248723296,8.11740792639197,0.354075129550956,-1.07020074330223,0.349264623788993,-3.23725261153178
0.308476598491557,8.06677409309824,0.35443750509642,-1.15919328252597,0.348970219244753,-3.08637316479408
0.308768382187209,7.92742541821667,0.35470929745964,-1.18712717811332,0.348665868989762,-3.02335902574341
0.309077982562747,7.86730771175611,0.355009047407437,-1.21986306247993,0.348362740742313,-2.93117497748031
0.309374172639915,7.8064499857014,0.355275150124556,-1.27085863619898,0.348061158604122,-2.84606133141171
0.309678763483624,7.86704790935341,0.355526026639372,-1.30684180040206,0.347754997482331,-2.74513548721544
0.309979248626271,7.86625351217077,0.355788460130129,-1.29863995594294,0.347238943676013,-2.70866248894424
0.310277558788385,7.82695809362771,0.356063571871119,-1.28367388087904,0.346919748274045,-2.71019603252575
0.31071760301777,7.86127723725635,0.356325448504525,-1.35700738807108,0.346594559747207,-2.5622212414746
0.311052495082866,7.83223395891376,0.35660070972587,-1.38574916059227,0.3462904358539,-2.49659140956299
0.311347726650008,7.82713163147196,0.356856963962202,-1.49418071578041,0.345981866182097,-2.37566809269728
0.311672160559829,7.73452384682283,0.357231419162887,-1.52377840876718,0.34564491663274,-2.42239881378795
0.311685036984292,7.70748212546597,0.357499919573084,-1.49402156402023,0.345332832725461,-2.47034674770769
0.312282282412611,7.74735711915847,0.357767106809818,-1.48263087202314,0.345002239159079,-2.39326042983395
0.312305677834026,7.68101203728124,0.358009115453891,-1.46812210830181,0.344663745999845,-2.13949024023482
0.312622801315421,7.67860704772953,0.358300645241787,-1.51127870196031,0.344142998478429,-2.09623521249908
0.312946614066287,7.62512923853444,0.358521745763834,-1.59741559550202,0.34378536927916,-2.06064155212969
0.313243066720077,7.70290967047338,0.358565100712092,-1.55679690358886,0.343464199211683,-2.17924406266647
0.313703456899874,7.58620426240982,0.358825944076839,-1.5442014807866,0.343452662908874,-2.22490484210117
0.314025911352413,7.65367176611616,0.359079166866263,-1.44571701004146,0.343148396157395,-2.15954673004663
0.314346115170023,7.71040128866122,0.359304182921559,-1.47590041959869,0.342822934107893,-2.01272679157766
0.314675398632237,7.7181058116247,0.359578675935545,-1.55948170429449,0.342468451829897,-1.90229073389888
0.314997661210172,7.72178641433252,0.359946810431252,-1.6404264085253,0.342105505777474,-1.83562774249408
0.315304004204101,7.74728577934143,0.360202344284662,-1.67105324397081,0.341773732425929,-1.82590692192215
0.315643865694035,7.7612700866808,0.360444799479962,-1.72587507114112,0.341403692960051,-1.80277529714588
0.315949193022353,7.72685213924781,0.360690490788921,-1.78693238720401,0.340872435748831,-1.71756350295145
0.31627174284973,7.75562522399745,0.360950813343343,-1.8112389293307,0.34049651276966,-1.67267778144583
0.31673296063322,7.74258146808501,0.361208779720849,-1.78291997418838,0.340115454803603,-1.51243678222549
0.317091942882851,7.7487706613313,0.361459857731868,-1.81403310577667,0.339743313807092,-1.4605106668888
0.31742051885175,7.71312827237605,0.361665267673282,-1.85228179243885,0.339384253024056,-1.3462321829389
0.31743885473764,7.70092591274719,0.361920519523901,-1.81909652492254,0.339050780702337,-1.25791845938982
0.317751594548071,7.72706998948716,0.362270765077746,-1.88849628018836,0.338686268343939,-1.06818123603221
0.318099531285598,7.68091281649625,0.36251325018938,-1.8999202427594,0.338301038664506,-1.02415580226189
0.318440714452318,7.68788590984282,0.362708583866887,-1.94097391797219,0.338300492586165,-1.02584443150607
0.318739198616948,7.59829243090252,0.362775940085348,-1.96382083069338,0.337934840596995,-1.06337702271002
0.319089339766557,7.63248430422298,0.3631981975975,-2.01914189746133,0.337366557093354,-1.11477661553777
0.319457598934912,7.61863421884436,0.363238719765239,-2.00759398750033,0.336964034663867,-1.01782703725085
0.319906724810478,7.68471011801467,0.363470842915243,-1.96206586199759,0.336576554068211,-0.875319800121556
0.320244520586752,7.63568444442881,0.363695701513305,-1.85400491430425,0.336206522916438,-0.840214143901872
0.320593089477344,7.60176505886411,0.363937645012323,-1.88379840997467,0.335883343431325,-0.890225302170626
0.32094883294026,7.54809342888664,0.364268932805598,-1.90370459148917,0.335504031572842,-0.877801389658445
0.321258846871947,7.5591800480844,0.364498748910737,-1.95895582704743,0.335119483959681,-0.819083248029156
0.321618924988745,7.60537723305494,0.364736798298816,-1.98203887649039,0.334733767821069,-0.778246412955155
0.321949522911379,7.56786928801051,0.364958613537027,-2.01550757907275,0.334340839989987,-0.705736254230474
0.322457464382854,7.600997569856,0.365195457079375,-2.03668861720293,0.333961695684453,-0.799166958652584
0.322468356398536,7.51238608127082,0.365422938089714,-1.99685085962636,0.333560001455362,-0.789910219361281
0.323151038010243,7.47313818679889,0.365641461483735,-2.08157252320959,0.33294613275616,-0.764186218060029
0.323173702159253,7.45759738487667,0.365857001480993,-2.04902182103908,0.332551068395056,-0.622781647158619
0.32351390855183,7.39741181346717,0.366031615079725,-2.10562683600197,0.332202453253041,-0.609823956830548
0.323860763290819,7.41883418876971,0.3660746946261,-2.058504781873,0.33179249534131,-0.568695700402542
0.324206837663302,7.3428920846367,0.366398932143542,-1.99043718721899,0.33179249534131,-0.558243159973153
0.324557999455962,7.30492748384577,0.366611505141978,-1.98517399258144,0.331050859782991,-0.471341457104775
0.324913291515424,7.24810186220361,0.366832452818185,-1.98298306861632,0.331050396196344,-0.403077426470881
0.325282641432317,7.2259102804994,0.367055318833398,-1.96777580980215,0.330672285532324,-0.322944880188808
0.32562700209626,7.15853492867949,0.367260306117079,-1.90860062317461,0.330084746935955,-0.352564391365534
0.325998518471933,7.17490259454098,0.367484192190832,-1.93607793075573,0.329703186141831,-0.395551227470599
0.326478672425128,7.10603820050269,0.367685495082923,-1.93324010519379,0.329322173307329,-0.327767558639104
0.326858619602497,7.14583664945248,0.367886115999313,-1.91327753936872,0.328917659279234,-0.312596454229108
0.327200491135732,7.09828692776155,0.368097995700863,-1.82448903417781,0.328549946493469,-0.219919500021227
0.327571935632998,7.08866481924283,0.368391874734873,-1.81638602555233,0.328180685803069,-0.282318873632075
0.327895648804176,7.02796541352233,0.36859123254261,-1.81944415273526,0.327833139913402,-0.219664763565887
0.328267372025756,7.01836020975962,0.368795809274912,-1.83349735568276,0.327468961605432,-0.30709729890998
0.32862090450876,7.02409198660933,0.369001185423618,-1.81996064708383,0.32708378212707,-0.310135349860446
0.328643151085146,7.00392706618011,0.369196883485911,-1.87641257739157,0.326725836763104,-0.294939687061536
0.329466107735064,6.87455682836037,0.369418499083592,-1.88773689223194,0.32615435245161,-0.230757172967309
0.329521005964732,6.934469276179,0.369609951309871,-1.86171598491496,0.325768358335995,-0.150870597095421
0.329863006338611,6.88440706348859,0.369776399553613,-1.82708277778512,0.325402188249651,-0.0845053578173123
0.330209395015946,6.84056710428736,0.369837314960006,-1.86382124385434,0.325023987107735,-0.108942495253232
0.330563082610286,6.72916944984146,0.370128664918777,-1.92594094486567,0.325000394893639,-0.157390923401972
0.330900664980224,6.60222984082012,0.370176543720907,-1.922733892545,0.324643853433593,-0.19597630223828
0.331243483044723,6.55680805741856,0.37044895984897,-1.85437196904601,0.324293902528642,-0.218634271696048
0.331625169683974,6.56528629522924,0.370634953161367,-1.82999839658571,0.323944002067592,-0.26310955956915
0.331962259541152,6.56157860559953,0.37082115639909,-1.84832468977885,0.323579589625138,-0.108766908071022
0.332484804269414,6.54500375345553,0.371008907005754,-1.82715696916216,0.323232814961094,-0.103447234155875
0.332841759457961,6.50516492019176,0.371178614533792,-1.85954494962036,0.322865099688965,-0.069841857050815
0.333203512410145,6.49543470836193,0.371352838905641,-1.77544200921586,0.322358069884521,-0.166411802741089
0.333591468869852,6.475081611319,0.371512099755083,-1.74127721291471,0.321996236273996,-0.111258505464463
0.333937715017486,6.41045868117522,0.37168586294349,-1.70102464211212,0.321631033445014,-0.037356368392943
0.333954600802968,6.29789114007299,0.371837230335727,-1.68470708551752,0.321282253052454,-0.0521817426542452
0.334656694075418,6.28124690900658,0.372004178774893,-1.76018951825144,0.320977632921428,-0.0516632726496067
0.334665873974455,6.19348791134468,0.372235962341136,-1.71815826673027,0.320632010593707,-0.110995847743765
0.335015973057702,6.02553832230508,0.372395947881835,-1.79509841362069,0.320312479843458,-0.150468197993787
0.335560235045162,5.98893487042733,0.372537515396569,-1.83898656648377,0.319956932675349,-0.156750689570438
0.335935866240831,5.90262717957945,0.372660221422285,-1.7646156379697,0.319651070256561,-0.164153706627459
0.336305952431537,5.87073887643609,0.37268339421398,-1.75249020692416,0.319301992085011,-0.0596531741957076
0.3366748888901,5.84751237540387,0.372833465362529,-1.80449832616862,0.319301992085011,-0.0431452841256383
0.337037926194544,5.75971710077178,0.372980766916626,-1.88707155740968,0.319301992085011,0.0386549179999087
0.337394356053654,5.74896126661072,0.373130345282643,-1.95561820376049,0.318498952480437,0.0581694684275227
0.337777219894827,5.71892488817377,0.373274297227657,-2.08639497988887,0.318193034817909,-0.0452097595951808
0.338138209303682,5.7027296751649,0.373418031956229,-1.99707688710624,0.317892521853241,0.0107250871805369
0.338476919581957,5.60797155343239,0.373611023125876,-1.94930968487232,0.317585798201437,-0.0172358482967929
0.3388561491239,5.54714312925752,0.373735162954722,-1.9130019259948,0.317304829057303,-0.0181357520639025
0.339399829410766,5.51072435535284,0.373874412257397,-1.83120372771083,0.31699647703178,-0.107505156594331
0.339750729952653,5.48450565352929,0.374014053349918,-1.88285022873887,0.316721666166925,-0.0378917379640524
0.34012641973732,5.43260515026601,0.374152208883773,-1.85657282971142,0.316434190078367,-0.0636513405545445
0.340512241929885,5.43931870166463,0.374284085315023,-1.7852426489741,0.316155479931847,-0.0344596989458701
0.340531476933731,5.46728637165288,0.374402067902195,-1.83729031779238,0.315742326222462,-0.0821918759349218
0.340863912212192,5.41238072274648,0.374510358309959,-1.78828591185398,0.315485286923296,-0.143425677222886
0.34088565277509,5.37095641757436,0.374631816175007,-1.74546346904218,0.315201583009618,-0.145261223757014
0.341596098196098,5.29111392076824,0.374780672866411,-1.82673180107244,0.31492795700886,-0.158476321577027
0.341986328156178,5.25128471095844,0.374796315964206,-1.75865014534469,0.314679185399139,-0.0904730774615616
0.342357890293769,5.18684363945453,0.374908302865531,-1.79612604996657,0.314678636208264,-0.0911947068774144
0.342741396359321,5.17844474459955,0.375040100779484,-1.91200292775086,0.314180953210765,-0.0695784826830566
0.343282665625799,5.01741058858328,0.375156276886349,-1.93852113312445,0.314169984465906,-0.158716597256546
0.343680357403293,5.02229895903878,0.375262853711981,-1.95161315292026,0.313914724090931,-0.166559378718895
0.344034142953102,4.98402768487651,0.375371413575719,-1.96932542150075,0.313669674295054,-0.186965692170208
0.344427561112852,4.98757921210683,0.375473960760055,-1.92175272681145,0.313434728120543,-0.125956237839866
0.344788753653767,4.88618665062721,0.375562065228202,-2.01243718134154,0.313091896438412,-0.102365340737858
0.345133917426659,4.91072592529884,0.375641105657326,-2.08575327809502,0.312855817647387,-0.074309521265836
0.345517793141147,4.92563635422385,0.3757393249779,-2.1147045159413,0.312636363319113,-0.0441201204063351
0.345901010591568,4.90494324392049,0.375866178710832,-2.13977704542078,0.312414248499534,-0.101359381732486
0.346266278948397,4.8796405987983,0.375956507782486,-2.03373282472576,0.312203518351423,-0.108337710738694
0.346795764521336,4.69167688418826,0.376041459620114,-2.02639526354531,0.311992146729058,-0.134193155869668
0.346831474457028,4.65179458319386,0.376125748102957,-2.11869953625629,0.311778915107647,-0.137262710025362
0.347176201199571,4.59175394760238,0.376209206278935,-2.05538433652621,0.31158359257697,-0.152511796261777
0.347566739115062,4.57721122646364,0.376284501602335,-2.08427294778202,0.311304113671453,-0.120616983517516
0.347939062213355,4.68285121914279,0.376356170455018,-2.11950995625672,0.311112234751366,-0.136873278555932
0.348314443708518,4.56744215241538,0.376379115074178,-2.0494523894675,0.31090059296449,-0.116674081967336
0.348718076868425,4.57255934671696,0.376540413595127,-2.10067883988015,0.31090059296449,-0.0734424658350206
0.349048895796333,4.52341309538085,0.37655342046996,-2.0801464940393,0.310721127797427,0.0165018391610743
0.349440037689939,4.56420209890218,0.3766396197779,-2.14671751569252,0.310527580049513,0.0256811408497477
0.349814539546199,4.47217573226516,0.376713102162579,-2.2644270463027,0.310344106836343,0.0169974958705299
0.350364944170538,4.46468503743201,0.376778903428451,-2.26638887632841,0.310178330814375,0.00687185730348916
0.350765068853254,4.4415998158664,0.376849375964167,-2.26019746825727,0.310011205193873,0.0179292672566154
0.351126164954394,4.48254971675767,0.376913570277582,-2.31649370313755,0.309840206986154,0.097471583822047
0.351511823957635,4.38031162091465,0.376977523085989,-2.33219624383177,0.309632537252809,0.0859222588870465
0.351895101437864,4.25251009704592,0.377043215381495,-2.34390704102381,0.309464971082175,0.147602826775856
0.352305470187762,4.29233174798341,0.377108483931194,-2.37567652317271,0.309299096579677,0.198431076291474
0.352326975171746,4.21364434010964,0.377164018140873,-2.44241158183942,0.309143860741496,0.198314995145243
0.353023019276467,4.22284823675235,0.377224566066377,-2.47952562681824,0.309007163878735,0.215345216634351
0.353072756498133,4.21460975129655,0.377304728060472,-2.44971426361328,0.308878173794829,0.18239738674308
0.353430162848129,4.15347624240517,0.3773554421418,-2.39033035554784,0.308749282154829,0.148990899802267
0.354035131890633,4.05758837319259,0.377404458276996,-2.39231806320895,0.308613283622926,0.15523266140417
0.354417164191028,3.8438739177038,0.377446256803027,-2.38646923439892,0.308611055812121,0.0108246335645625
0.354810778188753,3.87531798365239,0.377453375882417,-2.45854640558996,0.308305559435833,0.105877580435295
0.355196757995559,3.89958771137298,0.377504060765164,-2.42801574903582,0.308173263863314,0.130742175898037
0.355589636794337,3.93106149021906,0.377549947749716,-2.44976937406,0.308167408908081,0.1687219433964
0.355973138273519,3.8544383821217,0.37759219993626,-2.36241676716448,0.308053897901953,0.182776812862268
0.356338498743509,3.57443843718104,0.377628447585835,-2.32706107434339,0.307940699976459,0.204607500905326
0.356733772912386,3.46076437048157,0.377669402623672,-2.40858994052417,0.307831625046753,0.221892837876365
0.357106179774766,3.18287660750529,0.377723737323861,-2.43107019170388,0.307724402297401,0.237307055622742
0.357664360109787,3.09412815680544,0.37776338232968,-2.47035841776616,0.307630423059862,0.218450537471509
0.358065744540075,3.00479780414231,0.37780089199958,-2.42270016507854,0.307526331923835,0.320595909651106
0.358420474162242,2.98189640964333,0.377832806149319,-2.47299552492796,0.307398489671393,0.292962121159148
0.358784801555833,2.94742395573878,0.377863241940754,-2.46135562825364,0.307300539784924,0.243658443918416
0.359181281758734,2.77093600826341,0.377892601881749,-2.55888540958998,0.307202634825673,0.279452954045376
0.359199420748856,2.63231475382245,0.377923014835132,-2.55075718597774,0.307116015000289,0.298500209744315
0.359890422976417,2.47719397758176,0.377949414050799,-2.57928097740594,0.307036923895156,0.369229858618479
0.359934377126199,2.38700610061446,0.377978519955072,-2.6134766108032,0.306952636286896,0.461393305010349
0.360306453000695,2.38342553872475,0.378015786811621,-2.64665414661408,0.306883708995455,0.47262492581921
0.360658870842061,2.31257011183771,0.37804172010973,-2.71764850500907,0.306805431348385,0.489915888395755
0.361024611908711,2.20910349760372,0.378070093351338,-2.65191081045981,0.306805431348385,0.525038567536514
0.361578573524114,2.10644669431743,0.378074192690984,-2.63261075034339,0.306642584563003,0.610567877873239
0.361982609317436,1.62528833425098,0.378101196601121,-2.69427686697929,0.306642584563003,0.695053397023378
0.362332358562343,1.08573259982321,0.37812593775044,-2.70027771996757,0.306541752774554,0.711976549718999
0.362699173566936,1.06033545658177,0.378148859314775,-2.71482128505754,0.306477299363831,0.748027728217475
0.363077073255221,1.2800243043992,0.378171680265892,-2.63175150371642,0.30640538983473,0.785419856118487
0.363456076043695,1.41547234969544,0.37819195059573,-2.75923310826635,0.306329856269402,0.851130376516279
0.363814165524872,1.40916778780423,0.378213945582088,-2.53724404419187,0.306253670713624,0.912083491646387
0.364135320880772,1.07937557414089,0.378230622246391,-2.64092097186132,0.306194501784449,0.957392143939409
0.364515622718013,0.627865285187136,0.378254610488234,-2.59590131979628,0.306127935644985,1.00671468900321
0.364857200571672,0.491505542928484,0.378269357268216,-2.73303303393072,0.306067042710592,0.967866487335919
0.365221169729837,0.529532342600635,0.378283301608572,-2.76687690131698,0.306003869339006,0.995805073020391
0.365241586059273,0.592326559607705,0.378301733475861,-2.76709902277676,0.305942945479294,1.08253122733245
0.365769289452809,0.501069086788197,0.378312167346652,-2.78286769159198,0.305888348257046,1.06014378324002
0.366122512563332,0.46468760460412,0.378320710348824,-2.74157866899703,0.305825887829148,1.13644552535548
0.366526846691282,0.385271763843286,0.378327949986417,-2.70959958386397,0.305773090614914,1.1165582603941
0.366859693932761,0.409328430254309,0.378329489860318,-2.83097452390272,0.305719902449829,1.0035528106755
0.367196933052875,0.453442645416546,0.378341521582001,-2.84331778655826,0.305669139180153,1.04023593569102
0.367542790990964,0.474269261796216,0.378341532671189,-2.84348152061387,0.305668222446401,1.11966259409124
0.367907345054859,0.368724185701738,0.378341712955728,-2.90987503419152,0.305623686571164,1.16155599828166
0.368265146672732,0.352616575635533,0.378342889805376,-2.87857169195671,0.305579487296214,1.24232566286973
0.368784889896547,0.209558967128443,0.378348015176383,-2.86053516230473,0.305531555283769,1.24244865754682
0.369152187589965,0.283768450753042,0.378356240169356,-2.952632079102,0.305482114344096,1.22195282705744
0.369496423558613,0.273587747813268,0.378357769830823,-3.00479776659866,0.305431831320749,1.31250750572397
0.369870315924278,0.229499935133464,0.378363459832692,-2.99007557756623,0.30538874450562,1.30762491168928
0.370226185128197,0.1611754956472,0.378366048129891,-2.99812877270618,0.305332068038636,1.28958216098093
0.370585808509843,-0.043987295339958,0.378367814583281,-3.01290649160385,0.305292902188207,1.38911992996005
0.370876447020966,-0.319722076162638,0.378368844894268,-2.96732916729206,0.305249936203019,1.46007829193687
0.371234569736423,-0.400073553296857,0.378370791719628,-3.01746970609659,0.305200905157017,1.46525058169679
0.37155494071717,-0.57232509923469,0.378368672149054,-3.07671411225579,0.305157774954146,1.5342165590873
0.371580453716267,-0.602308900675157,0.37837112753488,-3.18220960329305,0.305118637305742,1.55375790853986
0.372108533589313,-0.839823964436085,0.378372241842359,-3.24321024640686,0.305081028467676,1.57290068332092
0.372447212809908,-0.90452696076299,0.378375958610546,-3.3109587748957,0.305036990480823,1.57901733153655
0.372762157619058,-0.89407056326266,0.378373411438566,-3.33913160171123,0.305000517899922,1.62839655346745
0.373100479713677,-0.929732481798718,0.378373938394425,-3.31695057505305,0.304964250114513,1.57252489004193
0.373442326391513,-1.01227145280374,0.378376424617796,-3.32808888246404,0.304963208957795,1.59570654604371
0.373790491427991,-1.02671886307135,0.378375909293583,-3.40662509173117,0.304895040535751,1.65128039677516
0.374111372439318,-1.10396829879393,0.378373326030509,-3.47328004655881,0.304890290483754,1.60264691830231
0.374410387616444,-1.06896491330779,0.37837226577588,-3.47083317947328,0.304856281479902,1.64848663143279
0.374748391891525,-1.10425155710463,0.378370490420968,-3.54902623155278,0.304819235903118,1.59702901601599
0.375252623707736,-1.14884792710252,0.378368065904027,-3.43168693092535,0.30478430624769,1.63198824121868
0.375582011686005,-1.24483542401752,0.378362919536007,-3.3870428838132,0.3047414973211,1.66479229549583
0.375917433258351,-1.4603304739892,0.378357618619298,-3.41836046486216,0.304707283945071,1.72746317619522
0.376256844591816,-1.43591221876859,0.378351364829068,-3.46909036848458,0.304655458909957,1.63380923025731
0.376580199664491,-1.35365654112026,0.378339728227713,-3.47759898096762,0.30461809184319,1.73022930162685
0.376918766640591,-1.29712558512225,0.378335799274173,-3.47252483357649,0.304576598412487,1.75332643441822
0.377253665316195,-1.3869575492752,0.378326165006216,-3.37663782843777,0.304539277559853,1.79766808691814
0.377268164228359,-1.50564661591195,0.378317355919237,-3.33189612847844,0.304488359720967,1.84613642497769
0.377560495117609,-1.72505534280645,0.378302558893427,-3.37355709723944,0.304449617939462,1.8720021799088
0.377875878772455,-1.76147841320261,0.378299201142611,-3.3475254645365,0.304403745495025,1.97541187683686
0.378186087825526,-1.72401640579479,0.378276769509077,-3.44897911534461,0.304362458853611,1.9867402397143
0.37865909921337,-1.79757355395657,0.378275056419182,-3.50319472715226,0.304324782780379,2.12086929028461
0.379019919792476,-1.92932459165276,0.378262473355904,-3.51798957546014,0.304324782780379,2.16353697987012
0.379317928027871,-2.15492812086854,0.378245651034011,-3.49201676488257,0.304324782780379,2.16279123380991
0.379638821508145,-2.16091797798033,0.378227394150462,-3.44482067139717,0.304242759813153,2.18732278750997
0.379937183793598,-2.25981340051927,0.378207685021844,-3.44153231144621,0.30420381008784,2.17988423573737
0.380266548237345,-2.32848478401048,0.378187048799903,-3.49003907194731,0.304174039043649,2.19132558129123
0.380561869940582,-2.35909426534213,0.378162383690389,-3.51330669784589,0.304136648803017,2.19952406018217
0.380866103244684,-2.44072405971876,0.378130155486204,-3.49079486094092,0.304097850140067,2.17737748393333
0.38115984487513,-2.46963349307044,0.378106529757689,-3.53129932137725,0.304058191289771,2.23927501023818
0.381608370742254,-2.55272039544296,0.37808124236802,-3.46426309063255,0.304025929040102,2.28253045651764
0.381909666956448,-2.47940952786646,0.378058852564856,-3.4318962353804,0.303988678343622,2.28420155654412
0.382240853007316,-2.46192689851434,0.378029629281363,-3.42588375214741,0.303959156673174,2.31052143297917
0.382257982498368,-2.49732584635614,0.378003343272189,-3.39082627104143,0.303917027226288,2.21969470463818
0.382877739877807,-2.46237601346272,0.377970109757414,-3.4074014760983,0.303881830937902,2.36153421021328
0.382919308309609,-2.45918867895373,0.377933470685727,-3.39849673848136,0.303846837355391,2.29216191648542
0.383143010688758,-2.56450435725159,0.377907039664059,-3.37640041166651,0.303819373616922,2.32476887598025
0.383419610563743,-2.69229600456575,0.377900747957317,-3.22349805981777,0.30378440548367,2.3265465044207
0.383707514339366,-2.72421268794848,0.377853508962652,-3.16150553369362,0.303758022474508,2.35371341404912
0.383965288648322,-2.79795362322925,0.377796196010217,-3.20406710598393,0.303717730679071,2.3499588705772
0.384240223178894,-2.7667633208383,0.377755560246428,-3.15163028025352,0.303716864154806,2.39445744203087
0.384678398809466,-2.82113854478458,0.377710345737795,-3.2525157161369,0.30368083847926,2.35710093110781
0.384962003012462,-2.93140505340032,0.377670455739003,-3.27835006505016,0.303648600255477,2.38371768581243
0.385265412138161,-3.0103673647895,0.377629375902351,-3.27415840451433,0.303626110547385,2.42298840386505
0.385529784816528,-3.07147898884077,0.377580017190015,-3.23183731763009,0.30360470997193,2.36480526219644
0.385806690610994,-3.15713318648096,0.377527211456742,-3.22702807786841,0.303577380319627,2.38503817513182
0.386072463476168,-3.18432971983148,0.377469361244092,-3.33076606771942,0.303560635250283,2.39097712689527
0.386349157275554,-3.24138954757148,0.377387575320217,-3.42897848582156,0.303541114661848,2.38592768576694
0.386391634891881,-3.35002433203156,0.377332149156661,-3.39060957013331,0.303526358891854,2.34202940672824
0.386844022011676,-3.30692607502427,0.377273785405074,-3.42933307456945,0.303504248389302,2.36955957708683
0.386853936582164,-3.36044855156758,0.377225313912364,-3.30705318875888,0.303491611345544,2.32192271757491
0.387248562536263,-3.32687800539422,0.377158010912163,-3.29996524091525,0.303474930395461,2.31142619433821
0.387501228319065,-3.30073446871611,0.377095943906241,-3.25424041086102,0.303460402411313,2.29288883440336
0.387777006439896,-3.22336915787228,0.377040902577434,-3.25344259882046,0.303448230866494,2.29934457990415
0.388053064585945,-3.23838236474733,0.377031039467653,-3.22783060600828,0.303434851122759,2.28428901896513
0.388275820525398,-3.32652261376685,0.376962950867653,-3.17245867749605,0.303434851122759,2.29458089452765
0.388541522278667,-3.39138665776259,0.376882203159822,-3.15637895709389,0.303420487037813,2.34335913658559
0.38879570936567,-3.34815829748783,0.37677363294407,-3.07566686247761,0.303407802771917,2.35686925583834
0.389021532745519,-3.44779533171776,0.376698124687271,-3.13134455297803,0.303385957679957,2.43667988039304
0.389244740845123,-3.65991385716503,0.376622539129796,-3.10890124652905,0.303371681736479,2.41665062313257
0.389631900699987,-3.67642088541881,0.376544205660008,-3.04908676801143,0.303361943239498,2.52002405892831
0.389861575343074,-3.92592781121349,0.376465038102222,-3.03923994555297,0.303351982318047,2.51867300963549
0.390118659186129,-3.86040848585025,0.376386142304708,-3.06922604287973,0.303340188887963,2.48276843190152
0.390352900726294,-3.89589372476785,0.376298666566769,-3.07183902559994,0.303332708361428,2.56613955851615
0.390589165797658,-3.92954255821521,0.376215500368965,-3.08034981666013,0.303321135258353,2.6065347688781
0.390831474265145,-3.98561591063188,0.376126209163917,-3.01412612694564,0.303310567177557,2.54857314224569
0.391063081226926,-3.95979204921162,0.376016387419881,-3.06207074924517,0.303303671775175,2.52643006493125
0.391080989017406,-4.15012189048665,0.375865245697185,-3.05825940877075,0.303287066484526,2.55141049184843
0.391279396113735,-4.16790818203609,0.375781079697935,-3.04996944742877,0.303283302842164,2.53106535138504
0.391515948348081,-4.07374661281376,0.375764702875332,-2.98161356376185,0.303279983728461,2.52832814661771
0.391811976102126,-4.10967631617584,0.375670118994931,-2.99219239230685,0.303275286925448,2.53829493717873
0.392039441795913,-4.02908282286284,0.37557148144105,-2.98619621610065,0.303273686700502,2.50746275734232
0.39227419520281,-4.0842936191941,0.375468975088391,-3.00952539264563,0.303280044253917,2.51695523936494
0.392482955448693,-4.17197420284239,0.375367700494493,-2.95975359885135,0.303280269717791,2.49484223528924
0.392696694110957,-4.15219558692578,0.375259229212568,-2.93724267891412,0.303283310486997,2.38944923628385
0.392889218650018,-4.10494031297945,0.375156618252915,-2.95110203104628,0.303283412980073,2.37856426523859
0.39309180351324,-4.18692202502568,0.375026474605005,-2.87740688435286,0.30328744580734,2.43006721484545
0.393273185993482,-4.37041371358796,0.374846381411811,-2.77360114638648,0.30329416673371,2.37205920237207
0.393462708923992,-4.43832957412454,0.374739432061222,-2.80162476558306,0.303308156395488,2.36131401107455
0.393759661743124,-4.53381210603516,0.374626623186458,-2.7535238681347,0.303316282048694,2.35220136173225
0.3939579565347,-4.43682506815641,0.374503450004749,-2.75396958930342,0.303329473940233,2.34623211094539
0.394158330713146,-4.46895780829945,0.374373029440122,-2.729695327029,0.303345964665838,2.30520716772515
0.394355727370311,-4.65387051601752,0.374240988858424,-2.77715802177288,0.303355193992056,2.22162215473538
0.394359473902903,-4.66877198813752,0.374100219751853,-2.6781174754536,0.303371271711645,2.18673147713457
0.394522170702137,-4.74859766842878,0.373967841725873,-2.76351128918058,0.303383669890369,2.26330159940719
0.394701416849234,-4.84216555146658,0.37382398062928,-2.73401414301716,0.303402326884897,2.1664832707773
0.394855843624776,-4.89613925817232,0.373635702461377,-2.77616053224375,0.303442507672421,2.21173877579767
0.39500527036421,-4.97840095601321,0.373621298942062,-2.7877120697447,0.303455947252451,2.21091762412574
0.39526733882141,-4.99287910247912,0.373505446469424,-2.77906287839455,0.303456099754926,2.20924070985112
0.395440655113488,-4.87205777789992,0.373355051223538,-2.72630240447434,0.303516171399525,2.14410578337007
0.395604807135415,-4.84537398312985,0.373193689361087,-2.62196411089339,0.303516986740398,2.1134210674004
0.395778447623538,-4.86228104421626,0.373035161902402,-2.5358602172151,0.303544008023473,2.14374764415099
0.395937622010193,-4.98933724788031,0.372886390403338,-2.50538228816215,0.30357587179995,2.05866223829468
0.396097482727108,-5.01027924244671,0.372735743296103,-2.61776191016927,0.303617113225366,2.06439619502285
0.396258404994999,-5.01297302312854,0.372586651296533,-2.56425803954771,0.303646377803524,2.04206213828108
0.396403561713278,-4.91124787736766,0.372435338801227,-2.56386684312598,0.303688960216692,1.99633189013221
0.396523293122588,-4.97529401989824,0.372186297804358,-2.48546351576215,0.303750366975207,2.02694828126262
0.396658638932759,-5.01880828302588,0.372021499235555,-2.39902544310005,0.30380128138033,1.98679133544614
0.396667004722598,-5.14928162760123,0.371852235588989,-2.47675125462995,0.303849486835745,1.97797813042469
0.396667004722598,-5.20725085348306,0.371678417005268,-2.52830762552639,0.303904028445415,1.98367780184857
0.397020288842901,-5.25567893310733,0.371504759012485,-2.53743720878068,0.303962673567146,1.97437671243671
0.397038160423084,-5.32405872398412,0.371351294853317,-2.606257290994,0.304007519742461,1.93111713666947
0.397307221943046,-5.45919635286404,0.371311217113254,-2.62694619287787,0.304059266481505,1.9608336422212
0.397452630423213,-5.4243581774237,0.371045626508678,-2.55398492075423,0.304060388440464,1.96757986896735
0.397548054362138,-5.57006476039557,0.371019313999132,-2.61526833558696,0.304060388440464,2.00648044865171
0.397674365234478,-5.71675549595209,0.370824882092256,-2.66790792857337,0.304232568173307,1.93788560318363
0.397797069017212,-5.73024926113106,0.370623906480912,-2.7676989507125,0.304234911399495,1.92662921545387
0.39798544066961,-5.83089682974587,0.370349007925471,-2.76606490936488,0.304301710301694,1.9360044342358
0.398113007690411,-5.75976139632187,0.370155870129327,-2.77574572423991,0.304361011425876,1.89555245204698
0.398217640889006,-5.854519162011,0.369966486907445,-2.80999580089607,0.304424513495677,1.87873915690297
0.398328150676505,-5.84823821029489,0.369775472907337,-2.70323703641892,0.304487729279837,1.86371572086099
0.398438533710614,-5.89535496440464,0.369575996768964,-2.63106230374425,0.304565102742169,1.81054035684127
0.398518430812745,-5.98444358795167,0.369396551431191,-2.61627456974518,0.304635585842204,1.85232164553022
0.398627204716308,-5.9632447871872,0.369222087645628,-2.57306009680815,0.304709144543488,1.79330931728932
0.39863043598512,-5.91818145768641,0.369027989250254,-2.57370328226202,0.304783961243859,1.81592705240767
0.398819340092514,-5.90482108450512,0.36882350745394,-2.57254580331433,0.304857232424272,1.66337104274227
0.398830212191194,-5.95085946052304,0.368511936309237,-2.55741574691186,0.304939143683051,1.74050252623162
0.398977000003541,-6.00543531634133,0.368317071675277,-2.47484634422105,0.305068908102797,1.72187986590857
0.399068820320036,-6.10610297014997,0.368118553803141,-2.4523183199699,0.305152393555907,1.68003532705374
0.399168630847539,-6.1678998511377,0.367941179209843,-2.52984142741475,0.305233604396546,1.71374155280733
0.399259578913047,-6.23182129982321,0.367910684016281,-2.65523047994221,0.305311451563554,1.76246657744891
0.399343190365496,-6.31207056319351,0.367697229664468,-2.7029639281066,0.305312085409268,1.76121906292155
0.399416011136285,-6.31248581788317,0.367491873168651,-2.67947556480903,0.305389489115923,1.73167688221497
0.399489865634283,-6.36186579183149,0.36731425159473,-2.59418704635899,0.305472935336585,1.77714711472738
0.399567550302524,-6.45953387157284,0.367080289482263,-2.58690337333877,0.305568664934906,1.80061632451405
0.399690064079254,-6.59696886681449,0.36675151938293,-2.66987448637736,0.30565427355146,1.76324795032993
0.399763151152626,-6.57842444423084,0.36652494878978,-2.87387231980334,0.305801027703785,1.74778684524383
0.399843808372969,-6.54048016218146,0.366316516080095,-2.98119826009006,0.305904099405869,1.65980994389574
0.399914685685661,-6.5596245986649,0.366088062465645,-3.00015803886475,0.305988694000115,1.63647486125302
0.399978067857949,-6.51351362853097,0.3658793574314,-2.92714033709995,0.306081375918711,1.66642641679855
0.399982934914864,-6.57592533974934,0.365663435443809,-2.91645983805908,0.306180533141323,1.64399987659055
0.400028714925221,-6.67298598221839,0.365459272055334,-3.04965097083848,0.306274735088947,1.66689864247905
0.400093454792639,-6.69526251169415,0.365208963966589,-3.03855405190595,0.306370416356231,1.66267492531338
0.40014769605403,-6.67235281169212,0.364875940104597,-3.0434068106686,0.306476182024518,1.61680892221604
0.400240927857063,-6.63684084071791,0.364643637246642,-3.02453838516324,0.30656960982173,1.61293080784673
0.400288600696279,-6.52562304699821,0.364418793995245,-2.98992277208488,0.306678617132621,1.59113192627792
0.400347083714774,-6.65983095402712,0.364214149929538,-2.87899715379745,0.3068422807137,1.6556109888231
0.400396366528195,-6.69349399007596,0.364181181197208,-2.85215264706464,0.306951303056747,1.70173244990084
0.400443132604012,-6.77118344706963,0.363954469115036,-2.86929496070551,0.307052378709702,1.65981788961947
0.400479922615726,-6.82107044280944,0.363724546870979,-2.90403076415679,0.307057504619539,1.69260405507642
0.400518407901262,-6.81628410097424,0.363486180129594,-2.93255762725336,0.307258958697995,1.73879737281427
0.400558504800386,-6.81300618536303,0.363292413719856,-3.01480947217776,0.307264389758326,1.73733878048286
0.40059928455423,-6.84939092051142,0.363016691661453,-2.99988120692934,0.307368350653391,1.63816060371538
0.400661167069808,-6.86855852958865,0.3626582457324,-2.98317177541028,0.307479545138009,1.77685033545113
0.400697517179321,-6.94803590486897,0.362415556678391,-3.08608851489646,0.307575145703474,1.85441526935231
0.400740884510894,-7.04254395991213,0.362174999706931,-3.06129891542843,0.307696814586118,1.75752360301884
0.400769259722895,-7.09256185654708,0.361926676731322,-3.06826443461349,0.307858684394076,1.77825003140939
0.40076978090719,-7.06724807848779,0.361686801339012,-3.0237350939934,0.307986272040581,1.70693320939157
0.400784661380743,-7.00546832585076,0.361439672799593,-3.181862603952,0.308094069148647,1.75124668248054
0.400809603352742,-7.02693260016563,0.361192226078726,-3.25700914874719,0.308204306376138,1.7374762020511
0.400837963838528,-7.02008383863929,0.360972336793147,-3.23673194631565,0.308320792178024,1.69610769081014
0.400858730408666,-7.03669309127566,0.36076037821999,-3.20893292722023,0.308434138047908,1.78727411387932
0.400877434579865,-7.03490427060908,0.360663578079965,-3.16871564126621,0.308549809050452,1.80192298391436
0.400897147497441,-7.06686744369758,0.360126578106375,-3.16108246820222,0.308671662493773,1.81374150324504
0.4009083005207,-6.98415589113265,0.360048088767075,-3.15940018007003,0.308784585012294,1.83940565851058
0.400926709618273,-6.94045956520963,0.359607873939675,-3.21214424016466,0.308956116354786,1.87905295209992
0.400933611565022,-6.91102508791344,0.359563129741725,-3.15161030539204,0.308957546565679,1.83024635796698
0.400933144096119,-6.94046363899995,0.359311171808905,-3.16438804578844,0.309077702365923,1.90511737205303
0.400929613460838,-6.97240962736721,0.359056251860944,-3.12830880061064,0.309194148336375,1.98580752867165
0.400929560094321,-7.06515983574673,0.358819937804736,-3.11065744716612,0.309322349814207,1.93133742994129
0.40092443415001,-7.08502301860355,0.358591234023377,-3.18699563382305,0.309449312385259,1.93980904306741
0.400920984996532,-7.15289962904864,0.358356125302501,-3.12532426712421,0.309575006236771,1.96938408655765
0.400917640942641,-7.12322924545379,0.358085145681145,-3.17534775379792,0.309694633819871,2.01893116888274
0.400913400485955,-7.14699281922759,0.35780892725336,-3.03139466667433,0.309793368198039,2.09463221520236
0.40090551027706,-7.34499086496228,0.357415262887149,-2.9895258072873,0.30997316418598,2.0779978729403
0.400905100054826,-7.50081566326254,0.357165731810826,-2.94017338819389,0.310092150245978,2.07192501757178
0.400899069053267,-7.46370153536458,0.356896328093711,-3.17493020661131,0.310213055089166,2.05324361676983
0.400891075632465,-7.54280395759296,0.356639648424836,-3.11200251235628,0.310344017195221,2.08987955067136
0.400878165515702,-7.52651641847008,0.356371523615311,-3.1022655873636,0.310465879942274,2.11102526565262
0.400868927463864,-7.63810013092668,0.356128712619341,-3.16629633202797,0.310585203482398,2.10012230870237
0.400856122897651,-7.73006803119333,0.355941654266001,-3.07198733143665,0.310710635390701,2.13885931932897
0.40084665490779,-7.68814761027756,0.355904135008155,-2.98914854716575,0.310710635390701,2.19595872444586
0.400833757360271,-7.75244411590306,0.355645981702112,-2.98195355590148,0.310943346044044,2.14247680148665
0.400822058536087,-7.82311894231204,0.355365864998335,-2.93650619846888,0.310946424810922,2.13146771852403
0.400805845847086,-7.72905369154873,0.354961093254076,-2.87588886489337,0.3110672215924,2.20515233010758
0.400786910234872,-7.67501531909328,0.354712158906383,-2.79634198621904,0.311242724584166,2.23976830014576
0.400771495656096,-7.66366995683844,0.354443983773076,-2.69715681280135,0.311349493900785,2.31385633671191
0.400745653157932,-7.76520950411183,0.354177695752902,-2.61872029291133,0.31147187310504,2.39317724481596
0.400723205226738,-7.84641040853389,0.353916286324821,-2.49867559786585,0.311586889642254,2.42557134927447
0.400701598404944,-7.95026243354388,0.353657761457181,-2.55537683789718,0.311704610047748,2.4610550698628
0.400681130447315,-7.99012904153633,0.353431532764902,-2.52804179610961,0.311818272814487,2.46575666144119
0.400662502527642,-8.00488427766058,0.353154744344457,-2.40446646722519,0.311940401786799,2.51377646995866
0.40066200144127,-8.02891365815578,0.352890699669935,-2.36013148059502,0.312049359390688,2.54745870195168
0.400638629499529,-8.0410537011541,0.352606971264522,-2.36046383967162,0.312229965568662,2.52004150982414
0.400614299922953,-8.15952296030301,0.352187346981951,-2.40860424035342,0.312339854613245,2.58665358578588
0.400588812537292,-8.28221197387353,0.351926033719134,-2.43021409738436,0.312465558290268,2.60867062867363
0.400542447495456,-8.35669810656828,0.351670110753416,-2.50666306622381,0.312581007510561,2.62624572154174
0.400509664896019,-8.29920452330501,0.351391754151917,-2.60205792795056,0.312706710154095,2.68064807861017
0.400480959575376,-8.21857611116862,0.351151506989367,-2.48459772822402,0.312826220067621,2.76482079801552
0.400447972184037,-8.19207559193445,0.351115913288867,-2.42450520663318,0.312826220067621,2.85568199038483
0.400411425198375,-8.14480679383634,0.350869092453916,-2.50351965215249,0.313034717697993,2.90028659464038
0.400377339680533,-8.20286558504713,0.350597182233879,-2.51131365508849,0.313052164107663,3.00094194790979
0.400336521283079,-8.07511102403214,0.350316104102479,-2.49880368443903,0.313167081586865,3.05914016310721
0.400298277090574,-8.08505053848851,0.349896057791532,-2.44907228661302,0.313291350284826,3.11016814317063
0.400234076300087,-8.01128637310656,0.349617869934087,-2.3762574872978,0.313453560655485,3.12970003388593
0.400190146740066,-7.86861870473419,0.349339393192757,-2.26483940916073,0.313573805201542,3.18923440614778
0.40014554695185,-7.88589986731418,0.349066004572872,-2.18769914381035,0.31368156700701,3.21385517537881
0.400100846856649,-7.92292593795687,0.348779874495118,-2.13575938165058,0.313799054598902,3.28599845874917
0.400048446509021,-7.96279365319249,0.348510555397751,-2.0781727698081,0.313912025048215,3.36285387082208
0.400045150561249,-8.05121640066134,0.348246370219455,-1.99004641975516,0.314032867995359,3.42033848099572
0.400005298880364,-7.93471752977374,0.347985471078888,-1.94499765812205,0.314149087410026,3.47881770671432
0.399956499433569,-7.98295610452505,0.347642545501707,-1.94489638563627,0.314266174600784,3.49968911777202
0.399894279862025,-7.97814992560902,0.347245390769169,-1.82170723161402,0.314377624917417,3.61768746364878
0.39984421408862,-7.99249253389396,0.347003784309885,-1.69376914084816,0.314506627323809,3.6837370605249
0.399752735021881,-8.04432010431,0.346963760327711,-1.76261914896319,0.314665964586533,3.65503563238407
0.399683635076947,-8.04790783207804,0.346681232835567,-1.80270253736824,0.314787081024863,3.66611376909464
0.399622871025409,-8.05762768730516,0.346404046752025,-1.82798315903932,0.314787081024863,3.67247679173971
0.399560975948297,-8.12755942105274,0.346108864060332,-1.79673225389977,0.314787081024863,3.68945903391794
0.39949180161635,-8.08381952720097,0.345825747180497,-1.69565552215888,0.315006521385356,3.71327704229906
0.399434536901882,-8.00815986131437,0.345580196808084,-1.71193531180439,0.315131406541894,3.72262766651711
0.399362951149541,-7.96750336601119,0.345275786045414,-1.6869588577727,0.315239751633241,3.7679160398688
0.399290617869642,-8.00865828959425,0.344965922362567,-1.63421295903754,0.315356649740286,3.80016889879714
0.399212296017557,-8.04289481780197,0.344659233618008,-1.65043245250527,0.315466117383785,3.90312132572408
0.399133058609144,-8.03018816392882,0.344226396784835,-1.66180207466804,0.31563233468332,3.97925355788511
0.39900541222311,-7.89432038880397,0.343918994834137,-1.56176727134928,0.315742015693369,3.90784773047273
0.398997492636949,-7.88085849240662,0.343637952907512,-1.53293188622696,0.315856683360092,4.00517296855254
0.398851394917703,-7.92506228805376,0.34333776368628,-1.47647202772879,0.315969938032149,4.00944893099766
0.398836984234137,-7.92356040931154,0.343036713171164,-1.46752794053132,0.31608326518178,4.02351268541755
0.398750562083121,-8.01016626564384,0.342795902476671,-1.48943640055438,0.316194074164078,4.04913330681458
0.39867657268965,-8.12451773728188,0.342694378658345,-1.47026942768672,0.31631442869384,4.06790732236783
0.398588841368553,-8.05709844931859,0.342213231402158,-1.58248805538615,0.316425752060381,4.11384798968257
0.398495231371456,-8.0672094034597,0.342148543900636,-1.49882509332779,0.316541131813765,4.1185878531827
0.398402932494361,-8.15453166813498,0.341690247223788,-1.41571921636079,0.316712909571157,4.10514623967175
0.39831116539477,-8.16644142104448,0.341393010773003,-1.36574748986553,0.316829358429896,4.17258116577249
0.398217341101174,-8.20610366110804,0.34107556705492,-1.42020778982281,0.316830935954715,4.19512589748135
0.398065621042909,-8.25641880050044,0.34077731503764,-1.4331947384376,0.316945298938094,4.16439478276821
0.39796590788123,-8.27093706411635,0.340462085515239,-1.46135198048206,0.316945987124407,4.1940394900926
0.397864031844696,-8.31960511804499,0.340157147912021,-1.42316725168663,0.31718814475572,4.1261688057049
0.397763915292928,-8.13211526286212,0.339856332561448,-1.30835177463661,0.31730100646931,4.10399272636881
0.397664601893064,-8.0354132830536,0.339585762678936,-1.20374569243406,0.317421836854425,4.1905277327514
0.397559547040889,-8.03231882145445,0.339227649056757,-1.1106319647458,0.317533616078272,4.13322727427868
0.397442212601107,-8.04903214025062,0.338760400451009,-0.99953386222257,0.317645837000924,4.19337907339485
0.397338092286894,-8.04012019160278,0.338433191849503,-0.912680246802196,0.317762259230678,4.21270524233679
0.397332346569857,-7.99948458699315,0.33811025150744,-0.758973397053011,0.317932936485997,4.22729196712748
0.397221207144085,-7.92176548125545,0.337785036941276,-0.744501782893217,0.318045032836549,4.16352990337116
0.397025383354047,-7.81547152260507,0.337470386927318,-0.786097270937212,0.318176762123201,4.16792294678522
0.396904376639776,-7.7532553618612,0.337197260029471,-0.709176903832878,0.318289604007251,4.23150825348196
0.396778019770197,-7.75279840254515,0.337110325261519,-0.743384726370801,0.318410755884378,4.27228490964252
0.396649841150039,-7.84318942197502,0.336582773204089,-0.696897016884356,0.318528165938067,4.22524793893095
0.396531449940989,-7.92679876827712,0.336539049968999,-0.634200814529492,0.318531281124451,4.27299577968749
0.396410104349443,-7.90736230293323,0.336221677913832,-0.542790824656379,0.318759430376614,4.27572017622152
0.39627854910364,-7.94939830181155,0.335857036836973,-0.520777219712417,0.318761345937736,4.2295896820146
0.396145738682622,-7.93008828581196,0.335392918207652,-0.566065775082863,0.318937856878462,4.27870871924038
0.396012462664134,-7.88359370539534,0.335046308091691,-0.540538734580959,0.31906910037194,4.26285272599885
0.395793749186542,-7.94884081075644,0.334730217776272,-0.591996035023102,0.319207057253288,4.28961498126938
0.39564716730413,-7.91449972398575,0.334396273023034,-0.537956568630232,0.319343238046114,4.20705230895021
0.39550122264211,-7.8668199679354,0.334068229101821,-0.545638106511894,0.31946694524303,4.1968618799227
0.395391858165143,-7.96738230257766,0.333777673566487,-0.516412100733905,0.319611858649811,4.0867317029187
0.395380570466262,-7.82381684359241,0.333440873025031,-0.490652847930645,0.31973266290618,4.06620208174742
0.395111664132738,-7.74823672976694,0.333104233693114,-0.46214506104266,0.319871532353514,4.01491548462966
0.395095440898756,-7.77992161693866,0.332750504930809,-0.358114526362667,0.32001113045145,3.98017236727584
0.394957967562507,-7.80933253462586,0.332256182074289,-0.378940186482222,0.320226701763945,4.08896236095363
0.394712149757662,-7.69884118375249,0.331937600046437,-0.265001757664669,0.320366099689579,4.02028967763727
0.3945467328171,-7.6241872164555,0.331643995518464,-0.188959697591961,0.320518701441299,4.01991873584443
0.394399827960929,-7.56889992767011,0.331593614482955,-0.172583616971457,0.320654388573781,4.00425338732602
0.394245585429662,-7.44545069409222,0.331248915726596,-0.0602060245294689,0.320812032152825,4.00632836107243
0.394096384715646,-7.52165365792187,0.330930314348674,-0.000967983243342463,0.320954095317827,4.03425621617878
0.393943151718419,-7.56787150889123,0.330615391477813,0.0853249178322972,0.321108879856486,4.05165547778943
0.393770574749514,-7.62264326401473,0.33028051205133,0.133244961340386,0.321264682268333,4.07548915856072
0.393608689881942,-7.66602750824097,0.329953982687395,0.150738632595306,0.321272240537014,4.02742901231123
0.393441986352783,-7.63650281110164,0.329619158702839,0.179940403335919,0.321416457838929,4.01866077627426
0.393187943063302,-7.63127340303524,0.329246519678834,0.235107730735827,0.3216303014336,4.00005117920569
0.392982528251483,-7.59607450175016,0.328754136986884,0.279278413524952,0.321774803236743,3.92103239069593
0.392801508500951,-7.61621319701726,0.328390735748874,0.302285977458839,0.321940414800541,3.9950865582929
0.392627005217692,-7.59877940613743,0.328064727838394,0.368678214862774,0.322104352333284,3.95198497063318
0.392403703614867,-7.66488160842754,0.327738604653238,0.370817296998994,0.322275434464668,3.83659760492716
0.392385971280329,-7.69163035685178,0.327414700293819,0.267217421139674,0.322444970733974,3.77143139129049
0.392288495446253,-7.69546780846968,0.327089588512476,0.283645957123734,0.322614661546203,3.75899640804296
0.392111469881769,-7.65570478731551,0.326756183883301,0.235373211568143,0.322775052250386,3.77171714112181
0.391927456120445,-7.52490039380431,0.326410103520231,0.138634733956091,0.323035659150283,3.77015178054225
0.39174129622402,-7.37121833088319,0.326078213313165,0.254414060948328,0.323202844340774,3.77015274168759
0.391450887316979,-7.4309768442513,0.325807974801798,0.334327261077892,0.323408122161399,3.77624836538354
0.391243974465054,-7.54088071625743,0.325715706131914,0.423378372925584,0.323408122161399,3.71051661732131
0.391070636870357,-7.55733105964518,0.325270885122888,0.43446535747252,0.323791561528403,3.77307073296088
0.390900440400921,-7.37844389604399,0.325160086500945,0.450554283930815,0.323793683919482,3.68332750649708
0.390684580041967,-7.30298072706458,0.324552785057906,0.477369069169604,0.323974494947143,3.65774810354004
0.390504260794419,-7.33647820430246,0.324216411472885,0.500363956855367,0.324157977706144,3.62511402390957
0.390300839023197,-7.43661722217812,0.323889882626351,0.50218669644415,0.324338846389077,3.64004984416762
0.390099909399003,-7.44553942857775,0.323551908684818,0.497336311641108,0.324527523027025,3.57917143528661
0.389782166978118,-7.45481061698473,0.323221661011198,0.494080124892969,0.324739838330022,3.59413481804509
0.38956585676568,-7.4681422323142,0.322895684873837,0.566433956536228,0.325042141786156,3.57982147755008
0.389554586173298,-7.4690360047826,0.322565203428698,0.54603284792069,0.325272283719659,3.52557255908065
0.389114002126951,-7.51262651220446,0.322195218677474,0.569636480026994,0.32547166395368,3.54443863603922
0.389088114115994,-7.55522051760165,0.321718296093075,0.565748465441346,0.325681180055681,3.50028246090797
0.38897194613331,-7.65466247326453,0.321405142822931,0.673641097572297,0.325894434344919,3.59707392472728
0.38877802136575,-7.79004343203704,0.321071057877803,0.662383493931153,0.326106451163982,3.52505204690094
0.388561849870213,-7.77537952856984,0.320795586653134,0.633531642722765,0.326302627315975,3.524804814631
0.388347336593023,-7.72293821621263,0.320710358191691,0.652123844737025,0.326526922175383,3.49971058066858
0.388118955079167,-7.7207373603381,0.320154441817603,0.53369448630179,0.326756268164183,3.41986447563163
0.387772093941221,-7.51134497132459,0.320106269967019,0.465588095572182,0.326759061848887,3.47779726907486
0.387548787323263,-7.49110223083089,0.319782377573125,0.459190419454852,0.327091736782612,3.49762784368697
0.387322691034558,-7.61101764551094,0.319437192127905,0.501415616574269,0.327320158238455,3.48792390185685
0.387108775014788,-7.7060428171419,0.318958907417217,0.557087175944808,0.327587960378474,3.5023094437641
0.386910120401716,-7.6481410901036,0.318635070333616,0.545251999285947,0.327813181794813,3.49987079503205
0.386694720488545,-7.42464071761065,0.318324786818798,0.640259794810189,0.32803786249443,3.60257429227897
0.386458637600689,-7.27815191331845,0.318002892550268,0.658284164988034,0.328249935285821,3.54181725826945
0.386450837278992,-7.31437006735321,0.317699838033347,0.688548223984429,0.328499707811592,3.513041434629
0.386003813106427,-7.36435591138194,0.317377263640306,0.705338242290335,0.328740036991436,3.52404298008453
0.385989300096944,-7.48335052050861,0.317066774573471,0.658108343832673,0.328995162411731,3.46279659904304
0.385623995709325,-7.44223636843348,0.316758045725731,0.65941426244078,0.329365933357647,3.4674366534115
0.385386644406789,-7.40935021543476,0.316425985209268,0.711157278359815,0.329628734212785,3.41650699640663
0.385141561764854,-7.36760889497493,0.31598097779846,0.694560483075113,0.3299033247822,3.37071859021611
0.384911006217234,-7.44064630104443,0.315676513836798,0.71206931680847,0.330172874532802,3.38780004893302
0.384706666520886,-7.45306508060394,0.315368138209783,0.754333457867092,0.330439722483789,3.33452397901379
0.384473863210111,-7.48596768869467,0.315116901714834,0.794717267549372,0.33069080106361,3.35612258047866
0.384241495524004,-7.5635391901383,0.315074899620583,0.799865419268219,0.330957798357401,3.34950140120666
0.383974787782532,-7.5854027778625,0.314782153511204,0.826375618251227,0.331232155250412,3.30333669576966
0.383745679955281,-7.52216283753947,0.314474481121321,0.863102589169432,0.331235662113674,3.36950848462097
0.383350568402961,-7.47121020722917,0.314201190763648,0.805340029633598,0.331880209900938,3.3307651346442
0.383095501661904,-7.4226580391953,0.313860954491147,0.809705994778136,0.331917015903591,3.27026226231883
0.382867799970298,-7.41013039119043,0.313435453572229,0.798255274822282,0.332178703185742,3.31256877228072
0.382594351714997,-7.51243012030354,0.313116555320581,0.791991632080504,0.332492529218578,3.35497047368504
0.382339350805702,-7.57484480452271,0.312819264869923,0.77948337436609,0.332760618516197,3.38032082491611
0.382131584432645,-7.54257315775738,0.312546804008799,0.721975586747732,0.333060471059029,3.24209392662356
0.382118981378452,-7.46187173616911,0.312255775482383,0.683957630447638,0.333331196422745,3.23185220114255
0.381633605228845,-7.38412238896854,0.311969596840095,0.749389751637236,0.333608173405691,3.23240394727482
0.38161114921889,-7.44022139923221,0.311683366648185,0.75882574336176,0.333880257852879,3.14048194550901
0.381211046916898,-7.42216484548426,0.311385735855683,0.767410849728507,0.334175810306219,3.18452222841827
0.380941332306872,-7.56616729273003,0.311095330450848,0.782096451417482,0.334613894884365,3.20649281642136
0.380687204976363,-7.53418246010165,0.310718215930486,0.799629625480488,0.334938764825764,3.18230968779886
0.38043353091751,-7.5618945091129,0.310646461645052,0.776156039599215,0.335224358928155,3.17682423923899
0.380165913048335,-7.59489082831093,0.310171421379948,0.84393964532476,0.335542717721961,3.13385180266919
0.379907454753879,-7.68027607778677,0.310134557174084,0.830590355849213,0.335851419211961,3.11971006320333
0.379672323292779,-7.68229778529566,0.309861079311906,0.87385867871245,0.336164888014985,3.1107421820971
0.379410377207738,-7.65518336732244,0.309581136296475,0.847537669857605,0.336439254393873,3.02115105194075
0.37916792443024,-7.73988999552202,0.309311670105989,0.855976142845517,0.336449349682453,2.99071060238807
0.37886926844524,-7.76709351907104,0.309052009222293,0.90221184183076,0.336724272627797,2.96213135699052
0.378435278328828,-7.86737300086938,0.308779695591378,0.866676768487902,0.337032600753369,3.00457296604936
0.378168792331061,-7.83786068091108,0.308482668047045,0.795520643026431,0.337325668882144,2.98335396469946
0.377892350987144,-7.68795247541747,0.308209687038975,0.763196374818494,0.337789567628291,2.99509143107799
0.377628902924848,-7.63473114671765,0.307851852250206,0.747377013045265,0.338103464990435,2.99265385435507
0.377614645220672,-7.7101511521677,0.307615863404492,0.661849234022094,0.338425751353566,3.0229072773231
0.377121352185383,-7.76520104292572,0.307370185246746,0.776600188333454,0.338742778366335,2.96236000716432
0.377107619260091,-7.87918369235903,0.307111013025234,0.790809457039032,0.339067846304386,3.03570189064024
0.376845828210176,-7.81516441784899,0.306843747092579,0.783662816879532,0.339372827334222,3.01119347375171
0.376564071727701,-7.69761968703949,0.306586509976166,0.778428260113297,0.339664810509341,3.00923092859758
0.37628790318389,-7.62821931892815,0.306334869913357,0.82558882813804,0.339977394378761,2.95268798770272
0.375989813018115,-7.62822244084539,0.306115973087685,0.853123893808592,0.340301183431931,2.98201392301963
0.375568159449613,-7.76522117099842,0.306073398539209,0.816842259557935,0.340757147546086,2.8936120224275
0.375269626897102,-7.81123186731171,0.305805075897683,0.846286834269423,0.341092230882941,2.89881381416215
0.375018275816616,-7.8078685204549,0.305468476614104,0.915040732430805,0.341384549781672,2.9099724656876
0.374718714594696,-7.730651903749,0.305239913688394,0.964378622025002,0.341704272335111,2.89114995665036
0.374442594571457,-7.69532536956232,0.304990494110751,1.01627693283259,0.341706143626436,2.88864792407229
0.374151144020344,-7.75157245765608,0.304765235614787,1.10022771889194,0.342031202189764,2.78539149201949
0.373925917330216,-7.79471660621528,0.304531727275799,1.11044492528573,0.342367025335959,2.83988161661009
0.373610541208235,-7.91914518353414,0.304303052483717,1.07688739628656,0.342650842393359,2.79305474658571
0.373326658072136,-7.81123853084609,0.304071735107191,1.12601551856504,0.342962448942556,2.82249022391418
0.372887080913023,-7.62853289931066,0.303838797762676,1.10094884430022,0.343270273464971,2.82859560922816
0.372580006251375,-7.56407188113848,0.303597656987191,1.11360632938582,0.343580307361091,2.79692173720218
0.372572984941358,-7.6054981794331,0.303295883896742,1.14875201703075,0.344054999519263,2.76150171979999
0.372298109703418,-7.71256758651973,0.303071385643409,1.1643438794185,0.344378977417421,2.69260257025365
0.372278598865656,-7.67701540468872,0.30285943169323,1.21860564493862,0.344695703276438,2.78281023646962
0.371745005445662,-7.68015450070464,0.30264300937661,1.27090785940258,0.345027702810521,2.81287493817677
0.371447250682731,-7.61561217797373,0.302419550945927,1.25271276896601,0.345346081091512,2.83187098530204
0.371182630740461,-7.51363299951171,0.302240491576717,1.27657165525394,0.34564303673821,2.93233151242365
0.370883826469164,-7.41121016916111,0.302207954473516,1.33714300851996,0.345926909500172,2.85397170485978
0.370590953805018,-7.50288543884373,0.301978611270154,1.33305828279738,0.346245399422631,2.87592068976712
0.370290604212907,-7.51552069577837,0.301768160819526,1.36921616023342,0.346248243844506,2.83669097721397
0.369841806469078,-7.46461557492665,0.301542709518443,1.3855293882094,0.346711653241592,2.87338862838904
0.369517921684965,-7.50506540654304,0.301270328101466,1.41351724225906,0.347033502224102,2.82036102103069
0.369233159197177,-7.36443121877676,0.301069136339327,1.48495417469755,0.347335320598467,2.90360628794416
0.368920965135676,-7.22608302317481,0.300858511673222,1.54969584610956,0.347637685397285,2.82998088641271
0.368620371810326,-7.19866370039007,0.300666263291345,1.56020883386104,0.34794670002271,2.90853815699839
0.368351376542691,-7.14446260784858,0.300463500880127,1.63562400351501,0.348279869343101,2.83105747152346
0.368341611056997,-7.23872666900133,0.300266844860655,1.62489598810578,0.348572895360367,2.83566410025237
0.367762057719333,-7.15328704741277,0.300060428485487,1.69147557907346,0.348879806744642,2.85926291479216
0.367724672053479,-7.01160023800443,0.299874674277272,1.77559580491485,0.349330816034414,2.7903167086087
0.367437700209914,-6.89726891023517,0.299679937964521,1.79579941973014,0.349656823590587,2.94260378858991
0.366944370427998,-6.80031040941379,0.299484420429469,1.85426043347954,0.349967548459551,2.84866937905663
0.366654946751283,-6.87364607098965,0.299231232572564,1.87689080762989,0.350278305163189,2.84180091231804
0.366329629793517,-6.87855001350755,0.299045201272695,1.93873605212945,0.350582870270912,2.8937758646405
0.366050304400105,-6.79399443008654,0.298888265571187,1.92500618740354,0.35091075541939,2.84946702214675
0.365757395072401,-6.66401827809182,0.298859399235689,1.99449843992557,0.351203910831021,2.9338211263236
0.365450210623016,-6.60827960633078,0.298690142760395,1.979547828238,0.351512556106522,3.02487336906153
0.365157112757365,-6.58901411099063,0.298516978708581,2.06601793858067,0.351860119900717,2.96671748170285
0.364843350573495,-6.59114436824225,0.29831013356639,2.08429547340154,0.351869908886351,3.01222832261318
0.364409722391062,-6.45345690793027,0.298143667781047,2.0885236057538,0.352277751471821,3.03100345629904
0.364059598997515,-6.29223546340477,0.297953548131995,2.1064783295241,0.352588681469154,2.94770762521341
0.363756122712501,-6.31531011096909,0.297725880756926,2.13106700119762,0.352889464334881,2.89491118012092
0.363431412857913,-6.29410194183173,0.297558131513705,2.16921289319512,0.353189750786804,2.8932052062437
0.363147612832594,-6.29147980970794,0.297393956935626,2.1468143019806,0.353493432381249,2.877384546797
0.362839035712821,-6.22899395042222,0.297226270576861,2.20176870285895,0.353783239656251,2.85451404569129
0.362819282803429,-6.15794383703662,0.297063810244941,2.18748181542634,0.354068151338677,2.86946510573828
0.362505801129463,-6.08402805120604,0.296903981214782,2.2730493007044,0.354373968865673,2.81078965167729
0.36218182862642,-6.23375683675512,0.296739360299152,2.30262654797265,0.354801257018957,2.81034563937629
0.361892939915105,-6.32445683316884,0.296590522726971,2.30852779425229,0.355115985602695,2.86212851748609
0.361396772946852,-6.30314032293063,0.296418573241529,2.34462157621316,0.35539848049983,2.86327861577011
0.361069684820803,-6.22568696664799,0.296288348954895,2.43570628481298,0.355709600489456,2.93501109898901
0.36075668763991,-6.12080598789624,0.29623593501399,2.43105639984077,0.355997263377762,2.93846362887627
0.360445726473026,-6.13381392811594,0.29591631228548,2.46633933715493,0.356312020851174,2.85903325146137
0.360168191040962,-6.13555943452461,0.295894567287679,2.44143463739758,0.356318233731316,2.83498539457686
0.359835857799694,-6.27442522891567,0.295735140860636,2.5315934888267,0.356858546130677,2.81836613023196
0.359503532042488,-6.17663550314498,0.295586237686844,2.58959830685461,0.356863683553485,2.83334956575634
0.359174158852812,-5.98098855341825,0.295429558711074,2.68878328629853,0.357135690574751,2.89104809776358
0.358712218845874,-5.93323425764866,0.295272582091197,2.72860141510595,0.357423952427628,2.84581284990597
0.3583762070191,-5.89548980144253,0.295131655606425,2.7845513993348,0.357854080063976,2.88611572374311
0.358029564103581,-5.90233668293234,0.294979192706909,2.72878688422401,0.358114656217254,2.84301527599792
0.358013283663545,-5.90102362271772,0.294838622924102,2.74081818264787,0.358428530413047,2.76815045160152
0.357421554346668,-5.79036668410415,0.294682069345451,2.82512750530822,0.358716335663049,2.7470557447901
0.357370834797186,-5.86798674494265,0.294499322895686,2.93747627899566,0.358980995365813,2.65205930521431
0.357104759417779,-5.84153901563119,0.294363889741034,3.02004437128717,0.359262142567867,2.64933928918121
0.356771965238599,-5.94562144417664,0.294230075291578,3.04530631433485,0.359560067754899,2.60017207692627
0.356448525310322,-5.97362865016199,0.294089660847782,3.15593506790842,0.359863456843289,2.54977999646643
0.356131331672076,-5.92146305882701,0.293960354470916,3.20251258536841,0.360118880343889,2.38804200969969
0.355622841173259,-5.91194291969586,0.293848871335839,3.1840757759177,0.360537686952278,2.40361539994645
0.355271595332762,-5.91961441022142,0.293806934387071,3.24739644536387,0.360806323752823,2.36735647488985
0.354950117618616,-5.81490298532089,0.293612876310981,3.24278585027204,0.361083498305298,2.40366098184983
0.354602199730039,-5.81097667382528,0.293586922699191,3.24021984669604,0.36108384300188,2.41132316981823
0.354262469230437,-5.82105217471329,0.293413272248722,3.18559588535224,0.361085194885522,2.37162782264135
0.353972697992718,-5.79469324533439,0.293280417409434,3.24267147664172,0.361630696582704,2.32749801900421
0.353622726432127,-5.66530859534395,0.293154190396834,3.31727484602504,0.361916888707543,2.24155249982277
0.353291019499316,-5.64458768127569,0.29303360008397,3.31246858825982,0.36218644985603,2.16176378567152
0.352954964823606,-5.60826107695695,0.292914957359919,3.32767897965605,0.362493024830876,2.15481555874253
0.352602467481495,-5.66589072025694,0.292796375499955,3.34191227724007,0.362745125451527,2.17378204169699
0.352280843843952,-5.78617616734493,0.292673899088948,3.33975646716388,0.3629833674086,2.16441158130191
0.351733469928272,-5.77574479075026,0.292559967263602,3.26279585764408,0.363385098223153,2.08114912541252
0.351716599127291,-5.72243889434722,0.292440412688069,3.25939398851717,0.363658992591501,2.03415794662815
0.351380972724376,-5.58144710750859,0.29228573347849,3.14911358569169,0.363935499261785,1.73505999684529
0.351039727125279,-5.68690628466176,0.292167750971119,3.24301435836923,0.364204648622175,1.45857185804143
0.350694582111412,-5.86254234621775,0.29205231864534,3.29303025647974,0.364485082363758,1.29119407613573
0.350339876352326,-5.9742645149723,0.291936779555476,3.22747152747967,0.364746382522221,1.12502470953694
0.350022347244774,-5.8647121613468,0.291817525589441,3.27506945051783,0.365012759754078,1.37371532607023
0.349699496746522,-5.76930134294411,0.291708185737397,3.32327121827042,0.365261218170482,1.35888975604142
0.34932974577864,-5.73755632153056,0.291693060076039,3.31477851168137,0.365274726862365,1.20768189687341
0.348993024508746,-5.74919310174353,0.291582811194815,3.37450876022467,0.365901771397237,0.86861205218191
0.348448463277955,-5.82279792915805,0.291476292122111,3.35657622908631,0.365924596191811,0.779892208004579
0.348065649794598,-5.6924143312985,0.291368783486685,3.36681755835511,0.366164072279797,0.715601839323759
0.347732650199605,-5.56242809268439,0.291257887188461,3.36850109032332,0.366427943055855,0.808684308606622
0.347386204106921,-5.47775899335894,0.291153092680602,3.37113234957324,0.366671163629842,0.836871773091794
0.346996968955072,-5.57449365716433,0.29101802814228,3.33824218872445,0.366935998124586,0.834283140132335
0.346652315862745,-5.53897259592916,0.290917454016554,3.3473739405951,0.367184524317153,0.754868613023313
0.346285222727762,-5.37277011693289,0.29081959508046,3.29349423617907,0.367425324031762,0.676909256145226
0.346262925899064,-5.36936500016245,0.290719956614908,3.28347767398631,0.367662478312252,0.66244252858959
0.345597444908954,-5.30025643077409,0.290612834944209,3.235138794301,0.367940293384443,0.743305689044261
0.345553696654406,-5.4005182570354,0.290522006517478,3.29850701632784,0.368177811614063,0.633419652428721
0.345055766465914,-5.51563126467257,0.290430585677098,3.23432779760882,0.368555626042281,0.56618863751845
0.344683035958314,-5.42272361153816,0.29034051661034,3.21543552752708,0.368806327358018,0.443424409058606
0.344314027584663,-5.36657545992854,0.29026284674941,3.09202781235571,0.369071618095613,0.227336593518549
0.343933650430843,-5.32722572248135,0.290228569335315,3.16198346774902,0.369306245519252,0.106637532652154
0.343574423266786,-5.45186895426717,0.290054285755964,3.16005929610283,0.369563382032371,0.0281033066096861
0.343191068566717,-5.49316877949691,0.290043579382536,3.20253697475975,0.369813738713905,0.0295067216092559
0.34289045806455,-5.41706291750454,0.289960518304193,3.30207442315767,0.369821964908569,-0.0366974816490582
0.342510623970329,-5.36576135248119,0.289875634730279,3.24642022598658,0.370026199592698,-0.173176641573664
0.34215332297734,-5.23591123354702,0.289789375860357,3.25047972314005,0.370290572981411,-0.36234481716136
0.341600466512978,-5.189345696398,0.289712963541172,3.17798567062958,0.370670171671232,-0.490281232184553
0.341240813921731,-5.23807058104837,0.289637992281451,3.16158384635135,0.37093312389622,-0.540399367675973
0.340857304202134,-5.19011698793246,0.289564523169576,3.13551860776552,0.371175256962186,-0.514589709205415
0.340834554071479,-5.07435658672019,0.289484848654792,3.16329019517278,0.371418069308276,-0.489551994066643
0.340117930462603,-4.85818754213299,0.289397250152496,3.17339543270043,0.371653424739344,-0.546145910103378
0.34010086706342,-4.77989042537283,0.289325684074131,3.14736345980377,0.371916617209807,-0.641893095604708
0.339792876169925,-4.83373028160148,0.289258881628175,3.08209306291458,0.372145591947635,-0.729570377308103
0.339396216951314,-4.85646192140158,0.289184928393314,3.01613925273592,0.372356756873461,-0.759670556317116
0.339049872050988,-4.58030438781595,0.289121450177951,2.99129565718649,0.372581738829876,-0.724398988248851
0.338681265422658,-4.40857437718505,0.289063591254746,2.97274460196752,0.372848276334626,-0.624378238412673
0.33815218541588,-4.27703806775502,0.289005924606908,2.92789941440292,0.373204308190167,-0.661324363345215
0.337766456219256,-4.22869038611702,0.288979265940181,2.90414363444358,0.373455300349375,-0.686207502407287
0.337397889896611,-4.20955442202334,0.288965609479285,2.83708936423561,0.373691566539331,-0.756735319283186
0.337062745029781,-4.1303972627181,0.2888891980442,2.85538192581286,0.373691566539331,-0.882645399894827
0.336696243983421,-3.90540855073265,0.288832382870194,2.77280297454563,0.373691566539331,-0.971332560072695
0.336335628984853,-3.85775155107087,0.288771293795162,2.79116951984214,0.374190190137578,-1.15802751419646
0.335965480901602,-3.85726063428811,0.288718961106778,2.81555464124695,0.374426536904995,-1.24781262155702
0.335423625583771,-3.87389869603487,0.288668154705206,2.86372518538501,0.3746337381036,-1.21932621968894
0.33503389160911,-3.7758945104062,0.288616384127169,2.83920336250957,0.374873040502215,-1.10800930330274
0.335020764176353,-3.59399968687297,0.288580586624057,2.77961855168236,0.375246413480064,-1.2948625973884
0.334338641514123,-3.37859336613002,0.288539556564694,2.74361665494531,0.375486961908978,-1.40259076350501
0.33429127637222,-3.38244356186416,0.288508824784285,2.70950049750737,0.375741609590315,-1.41690882381134
0.333955384602656,-3.37101166200682,0.288476600094322,2.63473344954675,0.375998506119759,-1.47749097565474
0.333631977634697,-3.27727693683534,0.288441092611754,2.69447657361026,0.376236984916167,-1.43796945776601
0.333276369644865,-2.99864128311589,0.288399155751577,2.67409743932271,0.376460985208077,-1.38708205604518
0.332895045265094,-2.80641413632787,0.288372488933107,2.61138576091129,0.376700492956622,-1.30556813593829
0.332534964140596,-2.68549515604286,0.288357607561269,2.61577214490498,0.376899798312756,-1.29468994080079
0.332188202040927,-2.56178195935565,0.288348899829113,2.51518430040462,0.377131055931485,-1.36365825413885
0.331628230410323,-2.53694999723046,0.288301237805661,2.55454766073659,0.377370851114283,-1.32303481784695
0.331262642201957,-2.40388383745887,0.288297852936967,2.51688589097619,0.377370851114283,-1.35084936727208
0.330897494795043,-2.23954411909713,0.288274241683946,2.53125750593706,0.377973920309117,-1.38054990439981
0.330541452238421,-2.16235386885259,0.288255689344531,2.44904054652466,0.377984982020772,-1.31007865871237
0.330187101291595,-2.18639216626757,0.288239941926372,2.40802225504189,0.378210785756112,-1.37770864701603
0.329845232754908,-2.08338437890142,0.288219488313183,2.46033789789817,0.378442251766613,-1.38060900513186
0.329827208391605,-1.96110663877311,0.28819832633668,2.40882311314354,0.378677623176222,-1.41503784569366
0.329176817674185,-1.93045607214765,0.288186787752159,2.45211286610983,0.378864605076336,-1.44557257990908
0.329158416746597,-1.87449427371463,0.28817637850975,2.51595399701528,0.379083087547286,-1.45297243343509
0.328817744212836,-1.85065190514047,0.288175808442031,2.48077682760736,0.379304579649941,-1.42343937857906
0.328308001175436,-1.77809293794282,0.288187320878442,2.43784260703446,0.379517788391413,-1.48504271896867
0.327910577277453,-1.70210770735299,0.288188532423951,2.48826182820802,0.379855680625218,-1.67567117923646
0.327586898343816,-1.60389582004819,0.288189210934869,2.42967778119841,0.380074691789088,-1.67656493065514
0.327221774571173,-1.55465876229436,0.288194566636003,2.42043771812523,0.380294492937402,-1.57102152404553
0.326885253016843,-1.47511554422714,0.28820443330782,2.42664578792896,0.380499460814973,-1.41736690345373
0.326540464556134,-1.36116423334867,0.288216796389972,2.44614723770694,0.38072090958569,-1.49219141756815
0.326224384773602,-1.29111357599363,0.288244986761586,2.33591082747988,0.380887492031262,-1.52564083517053
0.325872796574591,-1.18845476582804,0.288216244840844,2.27105055670156,0.38109678847976,-1.5332917907101
0.325535627155694,-0.968755798650389,0.288218537135977,2.28925981182607,0.381289711733669,-1.48398080068151
0.325186235429003,-0.86116666287807,0.288236226999888,2.21384753983222,0.381306805554312,-1.50131979938701
0.32467188881239,-0.87617678474143,0.288260102549048,2.19997066163121,0.381746404655512,-1.49634319652821
0.324296711901674,-0.823063519949712,0.288309183016808,2.19123484553589,0.381764609177048,-1.38282956907024
0.323965160487348,-0.692520168273401,0.288325996051058,2.17013834093175,0.382040813323978,-1.39386593037522
0.323624632750563,-0.644811308567754,0.288350499914584,2.17698792498092,0.382219428456081,-1.24669927039795
0.323285944161811,-0.558002322939397,0.288372883865548,2.11645258210494,0.382403028377791,-1.23402451725342
0.32294775063012,-0.483910456749952,0.288390499636812,2.14776275816886,0.382614817460357,-1.28520935230478
0.322928273157054,-0.426624905429263,0.288424722439215,2.09252815809759,0.382769022364846,-1.38977925742109
0.322622447186643,-0.328133143879109,0.288457678789501,2.03422393789422,0.382964466404616,-1.29844947615568
0.322283255681679,-0.233005189065346,0.288502823170602,1.983420435433,0.383140293237511,-1.20383709452953
0.321793350147737,-0.194519873333822,0.288569468144271,1.93762546306769,0.383317312242456,-1.14300785822043
0.321435142122736,-0.121964268442877,0.288617890473346,1.87386458445101,0.38358789131112,-1.14619759503663
0.321070591626391,-0.0368147150314417,0.288667501152144,1.83104366222024,0.383767565968025,-1.27142310597736
0.320741603207799,0.0560567943313728,0.288709841157251,1.81829987480992,0.383937109048822,-1.23549914206619
0.320417144408514,-0.00381808392134309,0.288752435904619,1.7637217965493,0.384122319166325,-1.24226946437427
0.32007313687468,0.106015452031795,0.288763383566071,1.66198546804444,0.384123652353141,-1.15200985238976
0.319735367852746,0.209218139937822,0.288837166201619,1.72532192784918,0.38443999522408,-1.01000777061928
0.319392152320106,0.324786170197806,0.288845414415599,1.62783720117966,0.38443999522408,-0.997619813080374
0.319075138081015,0.387241811830352,0.28890131556258,1.5432525759766,0.384575353827384,-1.02802968023065
0.318587833892396,0.516184701000749,0.288962497291237,1.49558395079756,0.384730180436365,-1.02169056121579
0.31824071714325,0.607367681883142,0.289053994589847,1.49903560188886,0.384885286847467,-1.04211350440182
0.317884363981729,0.655649928237972,0.289114997521433,1.39373697863521,0.385110117282677,-0.983043581448797
0.317865177243538,0.676071388416104,0.289174212357842,1.48426319189949,0.385257993099085,-0.849891825699292
0.317238386438416,0.646307418070063,0.289243616619451,1.53116544883907,0.385402526237081,-0.853048127193881
0.317208439783933,0.719584347106052,0.289307086212789,1.47777168527091,0.385552202556817,-0.8342407808041
0.316888272286792,0.824495492105954,0.289371288350651,1.3909812936672,0.385685858705695,-0.857231703800717
0.316585775563954,0.924397431735394,0.28943442080544,1.34430142248412,0.385817817741475,-0.853383017511334
0.316233553094442,0.95187792698293,0.289494600220338,1.37644341536076,0.385927257250834,-0.796505279063903
0.315916481637249,0.890715071478422,0.289579216460935,1.39414729993881,0.386051504131285,-0.747028724424776
0.315591837366233,0.918508275169577,0.28970481183503,1.40718460755115,0.386226516243727,-0.700538387618931
0.315154830549921,1.00035241172789,0.289776840990935,1.41497788412929,0.386334325236595,-0.669790892594075
0.314814760130142,1.13556033870828,0.289853021490027,1.48786717742945,0.386440930070293,-0.618662608964507
0.314481652083151,1.22837832458962,0.289918419894388,1.49035066047527,0.386550018789393,-0.68116094443451
0.314155608375087,1.19136272158937,0.289929653629693,1.48143254067117,0.38655287141475,-0.711180627546075
0.313836401558409,1.24261306985843,0.290004822760156,1.51767566973352,0.386668230624058,-0.695054767274456
0.313517413547241,1.19706345127588,0.290088160753925,1.60662923642739,0.386772216089404,-0.686227663589759
0.313205952438959,1.23942316931952,0.290173866100562,1.56808213486382,0.38686951590238,-0.675974019042408
0.312903031562204,1.28510763523959,0.290258535419393,1.52807166893384,0.386960263955447,-0.654496871881166
0.312453036854525,1.39467639021642,0.290392820235831,1.54965472601943,0.387042158078371,-0.626100692548712
0.312116560238733,1.53163222972615,0.290485635891532,1.47659336316952,0.387127369260203,-0.504903610819267
0.31209435255035,1.62710140812616,0.290572864852243,1.51412536767879,0.387256091187345,-0.481585047104809
0.311479550428727,1.66764877639156,0.290671574379804,1.48119706567679,0.387324001642367,-0.474132426359329
0.311436278202608,1.79859203868912,0.290765453883497,1.56641540018053,0.387397235252931,-0.420279826074374
0.311179984200535,1.79524377243302,0.290855466547802,1.55363265657284,0.387460106003842,-0.38753078824228
0.310866913402864,1.843206837997,0.290954624615795,1.55965976584773,0.387535228417337,-0.316852692612196
0.31057659165211,1.83069861095169,0.291046147187499,1.55882262562129,0.387587471485605,-0.238319076459857
0.310263219745092,1.86369003757023,0.291131611791044,1.61258918897608,0.387639805382409,-0.28659878991568
0.309854670754628,1.95291182786688,0.291238503021273,1.63111598561193,0.387690288206377,-0.311188181210787
0.309512336492282,2.06133144635541,0.291393038773692,1.59010552486952,0.387721755649841,-0.320757500452755
0.309208946275919,2.08746059696535,0.2914789953652,1.72906468285792,0.38778991925784,-0.342646342518643
0.30890227672011,2.12443452159632,0.291509821188916,1.78595148032437,0.38778991925784,-0.329737581205081
0.308616648458155,2.25264342764829,0.29169030742487,1.75092943815736,0.387825356644878,-0.341788324726473
0.308330874503582,2.26098504271094,0.291705809128737,1.77210840282158,0.387864733339856,-0.422469774129319
0.308051791800438,2.32222231198457,0.291812469460545,1.79138854824486,0.387907298440081,-0.400578531158727
0.307729860233998,2.48390290307524,0.291917661924371,1.88124090791894,0.387936431961128,-0.446444403100934
0.307714463502696,2.6399968418102,0.292021737432243,1.94065059676129,0.387962636631781,-0.553682156121754
0.307069247246263,2.60595153466974,0.292126224522775,1.91100637745961,0.387993107498386,-0.543687342577057
0.307009319600927,2.60400008429574,0.292237702154039,1.94652820728824,0.388014890395182,-0.54779797098238
0.306731123877559,2.64491367944577,0.292403995231491,1.90787914479794,0.388028281900353,-0.571331743869628
0.306445926336214,2.69568774796508,0.292510892598962,1.98136515477501,0.388040547259032,-0.538505240246958
0.306169122760875,2.75236874573367,0.292633912125735,1.98391184772349,0.388047849405925,-0.574831485152174
0.305874734610127,2.84231956590209,0.292745596952785,1.98549669581508,0.388056123415706,-0.654395220579298
0.305621310253298,2.92607924072697,0.292867546565102,2.0246921447695,0.388061984342851,-0.480334198648803
0.305325036115328,2.95734914105175,0.292985137048785,2.06553452719808,0.388058801967562,-0.499280994289489
0.305078380877187,3.10852762463998,0.293077985254663,2.10198435218791,0.388056467183524,-0.498484280350859
0.304800250089001,3.0825031376748,0.293094245227343,2.07106249676178,0.388051077806906,-0.727282978540636
0.304436024548334,3.12881915921722,0.293204332396574,2.02733219871827,0.388047205388826,-0.743297506187556
0.304158195173876,3.26088933931634,0.293325916497845,2.10224282436164,0.388037770575128,-0.86457163470903
0.303873658048385,3.33258805352075,0.293484917473428,2.11823885906178,0.388037288140188,-0.855168695397335
0.303629215889203,3.37601038472268,0.293596359915685,2.16439998604932,0.388027803215555,-1.00430954136784
0.303387895782618,3.43004107227929,0.293714268431681,2.1932119537985,0.388027454048012,-0.943865532826612
0.303128494210971,3.51133534399205,0.293834147549422,2.16844976758746,0.388009390456797,-0.973097570886263
0.302876386297795,3.58347462958346,0.29395280049984,2.15653499804775,0.388002810536803,-1.25607351088832
0.302863580018329,3.55134379082982,0.294070877793135,2.20175039208367,0.387994875602831,-1.35180191071819
0.302628208973657,3.59855173877209,0.294189636973879,2.18908759554218,0.387977126327025,-1.36869750854279
0.302377031261946,3.58313881750937,0.294305064792444,2.22158230397162,0.3879659541169,-1.40437707880819
0.302038767181458,3.60818523497992,0.294431584413069,2.2423995920959,0.387951852641029,-1.34597566165688
0.301796527847997,3.60257916800685,0.294590247330885,2.21526928551584,0.387936164085709,-1.43494369762931
0.301525041177058,3.66128375907609,0.294708950444134,2.26681433282953,0.38792235974963,-1.49496628305708
0.301301318204013,3.73207832181997,0.294825318598962,2.16015188840657,0.387906663575832,-1.54044775964695
0.301072783587918,3.7493485936314,0.294939150214554,2.23126343011192,0.387879976016822,-1.62720696945656
0.300837984240335,3.75731981300972,0.295035667310595,2.25948411694602,0.387861170394253,-1.56234500621093
0.30061405166772,3.82454993978904,0.295035667310595,2.30360541561136,0.387838385876391,-1.48629644170107
0.300383764086614,3.84255947347433,0.295074067101871,2.32873680234279,0.387838268719457,-1.4290232569073
0.300164392799238,3.95955113564611,0.295274855690697,2.36606629426447,0.387792246980446,-1.52269975104734
0.299862809926149,3.95317638997102,0.295399826237237,2.37850547042883,0.387792203602367,-1.58658113278757
0.299646136940868,3.9925620592677,0.295559423429115,2.41398594660834,0.387769883258145,-1.70937270463083
0.299416573940257,4.0846654935828,0.295677051686446,2.39930195747305,0.387743118325652,-1.77810754415804
0.299398433164684,4.20775159576216,0.295787568371048,2.50502818969194,0.387716587703694,-1.78696981496387
0.298988462838242,4.20699702488174,0.295903032246729,2.56022071700998,0.387677424753809,-1.81936375551032
0.298968181091326,4.32958718544527,0.296010940974882,2.55692509084322,0.387649827201015,-1.81803469832852
0.298764116379251,4.32125496463628,0.2961271143146,2.61510837556989,0.387622734528529,-1.89733578864883
0.298559040685446,4.50776180600768,0.296237931759761,2.60889288716789,0.387596172091097,-2.13052022723094
0.298346181292725,4.74228683848575,0.296352863590901,2.63485891016153,0.387568643620477,-2.12929228897971
0.298146779204114,4.79091164756405,0.296461737456622,2.65845179963595,0.387537518879326,-2.23830540294672
0.297954879144722,4.77745804943653,0.296584268936719,2.73588506629324,0.387506112910597,-2.14882670603304
0.297685859866153,4.83413150551878,0.296732905873404,2.84219738285449,0.387476274639328,-2.14411795827036
0.297492956787369,4.78344069614023,0.296828497554038,2.8721243338836,0.387445270512577,-2.15741442639674
0.297297719147441,4.74660332125817,0.296844886318352,2.91191002998442,0.387403240753496,-2.19891349555682
0.297109001325141,4.8676317152862,0.296963467260877,2.91535926929626,0.38737405447468,-2.2071683227631
0.296934061645376,4.89599244147792,0.297073865454119,2.87810979499143,0.387373454078595,-2.2844968575939
0.296761270923746,4.96526045106885,0.297187751256538,3.00155606316592,0.387342442926305,-2.30604022494035
0.29658599319261,5.03873472185013,0.297300652036089,3.13702394019923,0.3873157545377,-2.25193834067095
0.296418307114133,5.06170103125366,0.297409942845891,3.20032344304164,0.387286083880997,-2.28907806504521
0.296183455383943,5.09046341410303,0.297570361614424,3.21239652472983,0.387259289426901,-2.34672184616054
0.296011507729633,5.15605902767291,0.29768397733077,3.18510587053119,0.387229439438506,-2.37536178545594
0.296000775208954,5.13845543078474,0.297795855854866,3.20493858517583,0.387195308484369,-2.49722881344299
0.295844781310904,5.25898056315923,0.297905847708647,3.20571744354361,0.387169026001765,-2.51025617345634
0.295834203771422,5.37294010497297,0.298021540485803,3.26449018423028,0.387127156920304,-2.6068799637713
0.295504212726904,5.48207042252513,0.298130983878106,3.37071381541225,0.387105399768904,-2.58168843486636
0.295341827309247,5.49606482682455,0.298244234251734,3.35297566102905,0.387078127632946,-2.5846736239962
0.295189968422842,5.48075417596298,0.298356926255057,3.39313248199051,0.387053082237332,-2.66366841055473
0.295040262126474,5.50997079172902,0.298477050733024,3.39883052699149,0.387025585814385,-2.85427681075643
0.294899239835624,5.5534319403798,0.298600130514669,3.39972346276179,0.387004136747253,-2.8463185573468
0.294691969623813,5.55741848638109,0.298767569295311,3.45800659511123,0.386981003257921,-2.93291732545373
0.294547736577682,5.5001774959114,0.298868337580831,3.53679476090416,0.386963008550254,-2.92573479164845
0.294394413874434,5.52550831540157,0.298884267862461,3.52851528466571,0.386962308664083,-2.9224616289444
0.294258410451168,5.52391419889291,0.299000310887887,3.42614852491846,0.386904066865663,-2.92132006102522
0.294119643174237,5.51681812090957,0.299119413108061,3.50421257340923,0.386902148570378,-2.96870436732829
0.293989442161464,5.50825638875494,0.299230426356076,3.5167796798953,0.386884776258511,-2.98474530200962
0.293864813293346,5.55308619021895,0.299351248510834,3.50755939115589,0.386866853136658,-3.00495001689952
0.293858062155812,5.53117301476304,0.299471214241965,3.51314910524992,0.386849671671901,-3.14003115262893
0.29360171746901,5.5640650461219,0.299589483769477,3.48474957949474,0.386831590706095,-3.05586022423489
0.293567757565504,5.48215112153164,0.299703274142391,3.51901614196422,0.386814426894347,-3.10696698990962
0.293458348849974,5.52140218727732,0.299828009188113,3.53477775065748,0.386793236761282,-3.1428917340112
0.293332189652753,5.54554628927743,0.299993553422371,3.54401907724286,0.386774327577473,-3.14886057931826
0.293214530546396,5.48180859525579,0.300112770881429,3.62046779307605,0.386756426603555,-3.30740730898586
0.293094512198246,5.71707322954162,0.300228728163281,3.59718520171273,0.386727002920926,-3.39134968502296
0.292986414812181,5.8335748691869,0.3003486845439,3.64682806664276,0.386712630130384,-3.42038316057323
0.292865927633797,5.9560861960926,0.300468662031463,3.61729585339672,0.386694252233557,-3.43022374383177
0.292762221084448,5.95721670079816,0.300586239322241,3.66991458626114,0.38668070391181,-3.40255190862648
0.292655805506514,5.948814119888,0.300621726545318,3.65489204670762,0.386663734880703,-3.39822899567999
0.292562457342636,6.05116239894807,0.300850255389689,3.69700718798025,0.38664876797822,-3.65453338260456
0.292434553630923,6.2899067670278,0.300884406903127,3.70059414231899,0.386648372407351,-3.66795346845436
0.292341787373604,6.36186465802228,0.301090429005746,3.73050256504298,0.386631105199893,-3.6904052923357
0.292246729008833,6.37340943064071,0.301115543652665,3.73910162681771,0.38661474286699,-3.66206151235273
0.292163376537662,6.47712806563303,0.301284404147683,3.76660912852472,0.38660108690891,-3.56712102974508
0.292084797409573,6.68262345055147,0.301408496600065,3.73785798742353,0.38658442221833,-3.58073801499611
0.292080904235573,6.83535658068589,0.301534770866419,3.70197203516409,0.386558463254787,-3.56689939831907
0.291924252788636,6.99273039419353,0.301667450378109,3.72108699175069,0.386541425901606,-3.59047851184777
0.291915896497537,7.07057325173072,0.301803529503798,3.72104452612106,0.386523803907957,-3.51964084688656
0.291844293928651,7.12469619844627,0.301938877184648,3.61173422498955,0.386506901733929,-3.46722028527095
0.29177880739006,7.15977216826021,0.302079395877589,3.64414678695126,0.386491340596451,-3.27275081422962
0.291703287344466,7.15134492086262,0.302223757204213,3.66146779755833,0.386470410445939,-3.30912867098163
0.291644346304089,7.13680519759002,0.302371165538562,3.61325018289808,0.386454377716395,-3.29617012956702
0.291589800389596,7.13049606680795,0.302563070894464,3.58635976074342,0.386437119465094,-3.31886228572415
0.291534585937538,7.19933311865544,0.302688196127394,3.5560491999098,0.386417515177019,-3.33844428360416
0.291477221672148,7.25046977353193,0.30281650880203,3.56689554721163,0.38638095573474,-3.26543857438893
0.291418183200822,7.28521849422952,0.30297406455184,3.63348934788071,0.386356877308013,-3.25558967064743
0.2913666601664,7.36376059597428,0.303095289599246,3.62653897654476,0.386337818409532,-3.26546420362021
0.29131891299035,7.43261752982688,0.303115536346347,3.5887961055931,0.38631373337836,-3.26852599677699
0.291269803051341,7.41738360829156,0.303263433720814,3.61402423644956,0.386313387301002,-3.27304168500616
0.29122956774858,7.48580839510149,0.303408093470258,3.58493355624062,0.386294186074074,-3.36448793796003
0.291184189784501,7.56071186664094,0.303551374535484,3.63005692079724,0.386293974103553,-3.35380643187962
0.291145108854163,7.61650466177735,0.30371043044138,3.58087710147855,0.386247819740556,-3.38124177756233
0.291111792847997,7.6630437678991,0.303930400683861,3.5750617816032,0.386222144551376,-3.32220933902547
0.291110732709161,7.71387213683323,0.304097744205762,3.61852421376993,0.386196091416547,-3.1675750270706
0.291080894166073,7.78516309338379,0.304262112218209,3.54540445829428,0.386155726226063,-3.2085364693521
0.291043176742873,7.76727825707482,0.304428292998857,3.53019367722222,0.38612723593017,-3.12539140639042
0.291017862805366,7.79333893421793,0.304577957916208,3.49899743896316,0.38609435805757,-3.11472248270042
0.290991737319212,7.75989043202641,0.304747214259541,3.42421997360685,0.386061475638369,-3.09228057430409
0.290974634319062,7.80108523596353,0.304916123117428,3.43492078431625,0.38602505493091,-3.02045459316449
0.290953793719483,7.75193227444081,0.305083214338618,3.4388343227863,0.38598800360761,-2.90274784445809
0.290937113847819,7.69214666512165,0.305253777171969,3.41840644248409,0.385952749101502,-2.8953656131949
0.290920736325905,7.68183065027061,0.305440672218326,3.3169797454166,0.385914189474024,-2.83320952095821
0.290910904427655,7.6835965945697,0.305670581383711,3.382119669194,0.385853600436542,-2.81392558533343
0.290896788268415,7.76093632702286,0.305720183991145,3.38252393802834,0.385852755264411,-2.84958930053191
0.290880029928829,7.8323163518019,0.306013896892831,3.32099588508074,0.385757020849889,-2.83735180581299
0.290879379543154,7.90029709835481,0.306046260625599,3.27745314614699,0.385755812540861,-2.7997412708425
0.29088108581991,7.94005850811349,0.306230906384357,3.29069141451934,0.385719210391339,-2.75848395527165
0.290877621186329,7.97657032758187,0.306411695683269,3.2537659267526,0.385665515207656,-2.68884544602094
0.290878108758197,7.94042284135167,0.30661267354822,3.24561131632969,0.385613629730579,-2.68539792348895
0.290880892975654,7.90602817394075,0.306800405030133,3.2472441588929,0.385555378870323,-2.8342491862836
0.290881041052736,7.99671152529323,0.306991477555471,3.18957722479548,0.385500501649789,-2.79592942580399
0.290881041052736,8.00383915769201,0.307185911008896,3.22876432165789,0.385447317726206,-2.81842020589451
0.290893851080026,8.05582459708866,0.307407541708328,3.17756932636019,0.385351756648478,-2.71298924724511
0.290898625096257,8.0602723680638,0.307688612893313,3.16058330627759,0.385288718969818,-2.62135048979702
0.29090810363104,8.02175107919274,0.30788052548168,3.22454594839725,0.385227647974343,-2.60778170223716
0.29092415025491,7.99398873388171,0.308082642042731,3.08519038744264,0.385158142390948,-2.58531847780472
0.29092420261687,8.010579910304,0.308292946557929,3.19486704652175,0.38508856210025,-2.62393463519931
0.290955398401511,7.98724000778143,0.308484602177199,3.08028211436592,0.385016284560629,-2.55905671408284
0.290974867343959,7.99961558049472,0.308553652213142,3.07074320613398,0.384945141593629,-2.4671083943127
0.290992096100873,7.98666713919711,0.308914507675757,3.07063103411178,0.384863726857467,-2.37293467552976
0.291023880228428,7.95261608720141,0.308914507675757,2.99324892489043,0.384785815748043,-2.35440258221643
0.291040393811666,7.99403111308123,0.308995994662108,2.96784120563926,0.384783349834684,-2.28530986952294
0.291067323539047,7.97032523733565,0.3095122167301,2.99440084836973,0.384653584999227,-2.37514311420199
0.291097448227223,7.98384003846975,0.309743465992914,2.98334028089676,0.384649304366854,-2.35411778550639
0.291133712912926,8.06112191270573,0.309951199806249,3.01619980488948,0.384495822846066,-2.37883028500855
0.29114940709656,8.05938008459293,0.310183833984615,2.96856204488195,0.384405577474379,-2.44644903002588
0.291218452842079,8.10322414959866,0.310419468761341,2.91259188053294,0.384312901967054,-2.45635101636284
0.291223176329287,8.07102189606237,0.310673033833434,2.87049485881864,0.384210228981673,-2.40321130861837
0.291223176329287,8.14529727793855,0.310935905197322,2.83918949949813,0.384116810418955,-2.37156933944292
0.291295399374192,8.13265419081817,0.311179440250529,2.70652826235354,0.384022609243951,-2.46216294631791
0.291334695002573,8.15061015397217,0.311457047332244,2.56481978496798,0.383858851330766,-2.45289537972126
0.291377720220297,8.20300689549534,0.311810805683993,2.36320991097558,0.383738806774024,-2.36343673689831
0.29142161763078,8.19217625715554,0.312070041908795,2.28214953585677,0.383646369501442,-2.33290013757209
0.291472383684992,8.18953675519403,0.312324797264553,2.27051492566066,0.383535776491395,-2.20780937335703
0.291512428102204,8.19422452149568,0.31258315348438,2.20871875718314,0.383415344223879,-2.15869558200473
0.291599240897481,8.19672458088877,0.312817646727425,2.20248934893897,0.383298554887017,-2.12972349383024
0.291649229668376,8.18488944005136,0.31289379430167,2.11397063655218,0.383297771004966,-2.14421003435361
0.291706637631168,8.16180068086959,0.313344892672744,2.01659128333355,0.38316679256438,-2.14762792819184
0.291766009176446,8.14526727415767,0.313384024732885,1.97951945294453,0.383050623503683,-2.11195581431868
0.291824771488307,8.17941188634611,0.313650432699054,1.9061358275608,0.382839374358044,-2.01760670484512
0.291891526559181,8.18287829145606,0.313947243603375,1.81482498751232,0.382712050844723,-2.08032551551711
0.291962786159237,8.20035750061085,0.314323703894617,1.88829447676324,0.382565520722582,-2.15003535687746
0.292034494380437,8.27722871637928,0.314603971763953,1.94680699073392,0.38245145025386,-2.17316473130373
0.292041216489204,8.24622568870369,0.314868953607087,1.94546348245542,0.382308978877334,-2.24979382874871
0.292094989880646,8.28769831554654,0.31516233883846,1.9909526213442,0.382167271921482,-2.26994766284016
0.292200405171771,8.35894627897994,0.315421453377442,1.9246023490767,0.382011530054706,-2.23272292925179
0.292270249536862,8.37357101870032,0.315723152685497,1.89483494404279,0.381862623547527,-2.13573489559299
0.29234388742032,8.29031487313223,0.316013213638112,1.8590959010582,0.381712453528663,-2.14431845983732
0.292417955398278,8.27109553782722,0.316317760894375,1.82164824668509,0.381565024688844,-2.10079925686703
0.292508228059567,8.26817988516174,0.316617687699727,1.84430079019291,0.381313297299392,-2.23679064757933
0.292595121293675,8.39561694983885,0.317048236647407,1.83554744914609,0.381138714222559,-2.319263398844
0.292677429123972,8.37817390178619,0.317340852241025,1.85881252967395,0.381138714222559,-2.40226289903376
0.292768254969213,8.39855004164552,0.3175910393948,1.87813981140505,0.380991583614179,-2.34313204847959
0.292860254987991,8.31241028660815,0.317679884302835,1.9019300889333,0.380833753110031,-2.25409986416854
0.292958109458361,8.30508591169705,0.31818880831556,1.86919913706686,0.380665445000532,-2.2202777056949
0.293102679487687,8.374816078686,0.3182333080324,1.8289150682204,0.38049849120389,-2.3039924056185
0.293206453599989,8.32227972814628,0.318550463773652,1.88520131906558,0.380327489146328,-2.41795744825738
0.29330210498596,8.28977401549757,0.318879124407879,1.89022903943694,0.38016286542019,-2.37002074047755
0.293411500177702,8.34642813168521,0.319195578081248,1.8254007292587,0.379869637040263,-2.50391213663693
0.293510321484996,8.32051156397141,0.319511297090216,1.79286133705414,0.379685270793319,-2.37730509574665
0.293617542388511,8.24238020349121,0.319831655131108,1.80567905399266,0.379549797280788,-2.35718528530512
0.293623695244615,8.18639204111284,0.3203094564322,1.86039763828867,0.379361539442716,-2.50275076186943
0.293722553237544,8.27820946858489,0.320612555666287,1.87487004771632,0.37916843184447,-2.62210345956617
0.293840143843911,8.28314921335998,0.320902591668923,1.8311291132627,0.378974595811249,-2.71580476894959
0.293998692225199,8.33232241778871,0.32123924024395,1.92300725419264,0.378784723824711,-2.75728386167477
0.294114381875778,8.3161137358489,0.32155587472432,1.76289676722564,0.378599613499753,-2.78836304876979
0.294234235147643,8.3021017072964,0.321878785517163,1.86173775241878,0.378414346251609,-2.76670046257188
0.294353556514006,8.30903437661082,0.322240479802899,1.79930218723275,0.378208241969307,-2.82058398367253
0.294484894684988,8.34523174620006,0.322569551926635,1.7944103636871,0.378024402326442,-2.91109159529697
0.294611366928643,8.32988438197621,0.322937203376933,1.70043570543702,0.378016991745881,-3.11742212114236
0.294738138603331,8.30700083751022,0.323364452579307,1.69556436242286,0.37772838222204,-3.21638953212465
0.294872727558845,8.38809962062696,0.32347724479913,1.69632979469002,0.377503814193799,-3.20869243625923
0.295008199348666,8.36036532508983,0.324046902828355,1.6868440188923,0.377326019398838,-3.23246343405896
0.295205640609446,8.36533030361945,0.324091202244627,1.72199067090685,0.377119833695392,-3.2077586979779
0.295347523142318,8.37021872101604,0.324407115858859,1.6699816259966,0.376925321384505,-3.28244995721606
0.295488511469765,8.26357157155346,0.324759725964908,1.6686788171324,0.376702373957487,-3.25925944159563
0.295494370664435,8.2666127920723,0.325104155192835,1.70954609207854,0.376509268177713,-3.28221841776047
0.295754759288381,8.24413268873207,0.3254802986724,1.67010157132708,0.376308306866325,-3.39611826183167
0.295765660481546,8.27428633371439,0.325806967569453,1.67776456663862,0.376112551910609,-3.47999853178669
0.29592536035659,8.37079578379266,0.326174393782299,1.74272279570744,0.375888663748022,-3.36370907097418
0.296070210847043,8.29520836521899,0.326672246661362,1.73575488459709,0.375600146786542,-3.46526460986755
0.296218099479103,8.27576969391834,0.327028214724865,1.73289702575801,0.375393744230939,-3.49521154975724
0.296448759521567,8.31620913657384,0.327388947465066,1.77425763659299,0.375194630449465,-3.55968263288239
0.296596830101666,8.3073080151101,0.327720566733824,1.78546405180659,0.374968662023747,-3.67913101665498
0.296760278474312,8.34516879130442,0.328060045925177,1.77340437393217,0.37472118450985,-3.73339634634853
0.296915445693921,8.32069887030452,0.328424690036453,1.76908889821953,0.374571883890329,-3.83313293306323
0.297083365793416,8.33403445960113,0.328786374139212,1.7955178580364,0.374570869664387,-3.79312735482595
0.297253500248865,8.40253468928594,0.329101792483802,1.79297498697851,0.374368612258284,-3.87561173164988
0.297412373432151,8.36029075900697,0.329151068421391,1.79016353661755,0.374183316431557,-4.03692004070878
0.297586817805065,8.45422794814372,0.329534004135395,1.77592243012207,0.373848671273978,-4.08939631454392
0.297758237309069,8.43846417804404,0.330038948437017,1.74189909919247,0.373663404420551,-4.04072338601524
0.298022265295817,8.43392475498904,0.330414204456787,1.69666742629374,0.373445434470281,-3.95466257826531
0.298213391147135,8.40295581788512,0.330775740320499,1.72035755351179,0.373243054715082,-3.99930176839155
0.29837532829347,8.34638763725282,0.331143747420499,1.68349693126798,0.373020848016857,-4.08384694636499
0.298384087073715,8.40451533234044,0.331487088619828,1.72326628577933,0.3728200426401,-4.09640688408298
0.298553959753339,8.3757242065706,0.331827742601934,1.71418626612318,0.372603731435929,-4.06836083421587
0.298733311498279,8.46021027872842,0.332199607520367,1.77445066850858,0.372409688092022,-4.09381035888475
0.2989219393105,8.49465982457405,0.332562676136117,1.81700231881427,0.372198643182483,-4.10837279115641
0.299109421341479,8.44371781746453,0.332956162594303,1.91086306408415,0.372004045945487,-4.22160249344435
0.299299665415321,8.4959385417658,0.333462368301412,1.87426974787529,0.371668488836215,-4.33089183025816
0.299490091560508,8.41441289298626,0.333832514155861,1.90258290893662,0.371478207272351,-4.31602852489911
0.299783200381421,8.4494174134451,0.33419462921949,1.86787042491825,0.371280249509621,-4.26875896337217
0.299980086608533,8.50245270740276,0.334534675819129,1.86537003788608,0.371277863023061,-4.39473614940711
0.300170882410465,8.55972848316548,0.33481986606924,1.87985018314799,0.37107793372226,-4.42914723071192
0.300355322163889,8.61950434027374,0.334878442597525,1.89002703803593,0.371076885058748,-4.50378085880097
0.300565602475808,8.60833643330246,0.335230344432766,1.8499239657716,0.370680298885273,-4.55481219087131
0.300770042259646,8.63932242126163,0.335596443243021,1.91285534084266,0.370490750637938,-4.52675694618528
0.300979006649951,8.61276037135474,0.335970553085077,1.96705270643424,0.370275309482535,-4.53159555060278
0.301201905246492,8.57425069410734,0.336367682755896,1.92427105253388,0.370085247372558,-4.55558068124241
0.301206280053525,8.55269363240076,0.336865002907345,1.95858712426645,0.369770424576314,-4.54806181468552
0.301714729254486,8.61423082838269,0.33724077928868,1.89747341032741,0.36958049104405,-4.49810587589424
0.30172773976006,8.67470628269949,0.337572405412982,1.87442769131161,0.369373885157348,-4.54032809213617
0.301933206467853,8.61895220954367,0.33793479420763,1.790748729144,0.369163506080146,-4.58401311652995
0.302154987197485,8.59656669205794,0.33828317103978,1.7308167259766,0.368958404396733,-4.51421664389701
0.302358629554661,8.48250399166325,0.338648131729864,1.75443701203245,0.368752693320545,-4.57375660402476
0.302594199127837,8.51471718171369,0.338997719249708,1.74879317506612,0.368565616305059,-4.5916946087387
0.302787805186547,8.53473483858635,0.339341252267127,1.76992557170589,0.368369322651284,-4.57520490028823
0.30301814694625,8.55584924512137,0.339734873976562,1.72006297397569,0.368369322651284,-4.65053224077696
0.303247017153724,8.54717227058356,0.340120464031514,1.72038604463887,0.367874925489824,-4.65381753549766
0.30359441738142,8.57064685708185,0.340630812098563,1.66750099333658,0.367866305954507,-4.55244808937533
0.303836105408893,8.55291444871326,0.340937684062105,1.61999184898354,0.367691972041048,-4.487240285175
0.304068913432367,8.58798170949111,0.341032272388321,1.45511965992371,0.367499279927139,-4.55378558547516
0.304285989741637,8.58263764113967,0.34162159037717,1.45421123981593,0.367304349372134,-4.61047485796418
0.304504112697632,8.61183992578334,0.34167167841179,1.4872733224564,0.367105978250095,-4.70742463312067
0.304752031804664,8.58836125240054,0.342033390712631,1.41740025842007,0.366914124156045,-4.74139053262318
0.304996572999815,8.60101373783039,0.342365236306399,1.40475103276369,0.366726458694962,-4.6980879005029
0.305235616895876,8.66086623812176,0.342729992146799,1.4165802395294,0.36653299151846,-4.64331084577304
0.305249992259921,8.69772926734747,0.343124869031882,1.39903147661589,0.366209490570973,-4.60204391049373
0.305559184538639,8.68217451399713,0.343622378687973,1.30958903295729,0.366045786418058,-4.6655492147274
0.305576319189667,8.64140416819376,0.343951611485739,1.27799081184413,0.365839637014889,-4.71109541857179
0.306049171138456,8.67153233394258,0.344286814757653,1.15967553805561,0.365647542646963,-4.59157759703486
0.306317080532806,8.6703637207343,0.344612792170522,1.11309498452362,0.365448553352084,-4.59919056235213
0.306557387003213,8.65609528647151,0.3449559665062,1.04742847559059,0.365261766310878,-4.61766886290795
0.306808207853652,8.67165507070466,0.345293162154768,1.08331490981762,0.365056389426154,-4.58898808621505
0.307047482680746,8.69198210198519,0.345625635814212,1.07802562800488,0.36485609672244,-4.49593739749967
0.307307252209672,8.66187894596397,0.34597072097748,0.98797550356297,0.364848116862718,-4.35222900054331
0.307563867226809,8.74395642915774,0.346362594762035,0.955730437901227,0.364667008236654,-4.27136517032727
0.307828115268306,8.75170408970319,0.346845584473187,0.923010232806682,0.364346550504526,-4.291082223871
0.30808552072171,8.75090712347187,0.347164917773698,0.851010646525439,0.364174787644587,-4.27477948240889
0.308470492275711,8.74806614727138,0.347205199752434,0.788703155763494,0.363956476326128,-4.35466978288797
0.308738438728596,8.76063364385152,0.347508865930034,0.736288106324406,0.363752871130512,-4.22500270571884
0.309015634276755,8.76070973199967,0.347846644313705,0.655173691040574,0.363554053011838,-4.20180768229777
0.309026888370023,8.79942145135863,0.348168818184211,0.638973322147414,0.363361083288973,-4.22156209390451
0.30947038502117,8.68061152826469,0.348493546165729,0.62086369381353,0.363145684858029,-4.34562383586404
0.309513763452061,8.75532451835524,0.348827037837357,0.515751044365683,0.362950524252059,-4.41267957656783
0.309769598437684,8.71424386087235,0.349143250817797,0.58855283200668,0.362618481342264,-4.3314175756991
0.310040967798846,8.73121857191309,0.34946640960571,0.390620718408785,0.362428303493918,-4.34984582604465
0.310304117086418,8.67792020457895,0.349827918677453,0.310253747330945,0.362211669237377,-4.34264909706159
0.310706451825674,8.69730395902797,0.350289439090012,0.216944985542964,0.362008757171158,-4.43615322270545
0.310968171530904,8.71418621467214,0.350604738833294,0.127101739996644,0.361794689968526,-4.55861692131425
0.311245669169695,8.72077456086889,0.350935135925622,0.173287761832456,0.361789038437863,-4.51799542052778
0.311523357615356,8.68652265909019,0.351254964836456,0.107400541508213,0.36157118711137,-4.48300099695227
0.311792066790488,8.73460264975767,0.351564369127396,0.113921634857,0.361350875528678,-4.43376702037033
0.31206163162202,8.67441559249779,0.351881700047537,0.0516015464919048,0.361132406097974,-4.39255159569449
0.312336315509167,8.739428008178,0.352202597415343,0.0995081121981977,0.360930703666313,-4.396261576855
0.31261281821683,8.73846745009735,0.352475332990594,0.0431226972046357,0.360688156308559,-4.36367029532981
0.312907492859568,8.75541074615784,0.352519470755321,0.0527000612937714,0.360356192854492,-4.37768179522917
0.313314030767659,8.65383522697785,0.352795887923676,0.0741674641646533,0.360136137427527,-4.34107374946689
0.313600602099043,8.69048714022388,0.352901192697368,-0.00305442795473843,0.359894656121867,-4.19748904010218
0.313894477026194,8.66317599608153,0.353673129843589,-0.00637288192387997,0.359669989285167,-4.14295505226236
0.313917858449408,8.57233929994987,0.353999919500634,-0.0796025809108667,0.359433539358214,-4.06228325621509
0.314197131795128,8.60513653502181,0.354311818646959,-0.137580775405971,0.359203269963835,-4.0061089714991
0.31447407849861,8.56875556401941,0.354644486762714,-0.16716137622781,0.358995004528092,-3.95293959435759
0.314765935623503,8.59935727401323,0.354977341689934,-0.235866516644645,0.358740709084139,-3.99220875645792
0.315046812443355,8.60869491800989,0.355288397136839,-0.316145449798659,0.358503226798807,-3.96253345821402
0.315334021123268,8.65472193696578,0.35557564941842,-0.459566381509332,0.358478831779531,-3.92310230565552
0.315631346709219,8.61904451848694,0.355922374445792,-0.430955226631492,0.358478552257269,-3.82056536563403
0.316072541490198,8.55471593678839,0.356384227536615,-0.433506269079246,0.357874854050565,-3.80978294446847
0.316373750895,8.45984533387155,0.356702281757997,-0.487606615111314,0.357620271881286,-3.78353246433543
0.316672317675113,8.41868875050224,0.357010253476756,-0.603173306897487,0.357370164890707,-3.91599381278709
0.316979579255144,8.40786380611002,0.357351594296426,-0.658437478650309,0.357141372648032,-3.84221053985101
0.317279051064318,8.44019220812681,0.357657282231319,-0.786982242820693,0.356890917629257,-3.84681548866445
0.317569720032736,8.34928759933054,0.357916666346833,-0.76735732389662,0.356626534580573,-3.83968669209648
0.317872130730411,8.32055925929117,0.357964502942838,-0.786998853082996,0.356358891610753,-3.69318037734094
0.318192115946498,8.36218768013109,0.358285591358402,-0.874744552026338,0.356073774700529,-3.61705475964748
0.318209875518414,8.34980554455873,0.358583078976047,-0.993403947739558,0.355699667274061,-3.56635863541668
0.318947050689454,8.36190156126159,0.358899964597341,-0.947160135288951,0.355435718919071,-3.46607922699464
0.318982732601041,8.29585739358006,0.359238345797459,-0.932257583476688,0.355148071356826,-3.30570521594424
0.319274646614761,8.35824583568936,0.359690949487757,-0.979156256121871,0.35489043499296,-3.19620234611574
0.319596412404823,8.29977956770682,0.359998347805743,-1.10413539253892,0.354598509394476,-3.04982822904944
0.319900565144924,8.30236219796386,0.360331272050734,-1.12033927287583,0.354322999589711,-2.99415446767756
0.320216027387651,8.32518297898045,0.360648727239687,-1.19424080187131,0.354050246344102,-2.88037340761457
0.320529253970483,8.2511202882699,0.360958968283751,-1.10941533799119,0.353745780108234,-2.7691342663784
0.320871051656606,8.23180813044197,0.361287579544544,-1.19291727695187,0.353743851030671,-2.66639538441447
0.321171732476786,8.20016169030985,0.361556570809032,-1.29978778113621,0.353188724233514,-2.6906652084745
0.321633352227764,8.19692111850203,0.361865594844142,-1.420256079077,0.353165914843717,-2.73108947990728
0.321960220335916,8.16155174978871,0.362199579193239,-1.43183819728116,0.352902267842085,-2.78993473948278
0.322290644822676,8.11635810314314,0.362632200300553,-1.56271254768586,0.352461560897377,-2.73872356079264
0.322600356396757,8.07554494011401,0.362945619987467,-1.49994752553732,0.352172833305194,-2.62747185037829
0.322933344896909,8.08604861192417,0.363282889938305,-1.49604954107353,0.351859840842809,-2.59285072177073
0.32324633822306,8.05243660600653,0.363530343939949,-1.65387328252289,0.351567369818959,-2.62149506358481
0.323568136276828,7.98361676729336,0.363613957674464,-1.72376575165255,0.351246145990648,-2.56086091639083
0.323904189702372,8.0146180836258,0.36411271789871,-1.98376706615814,0.350934833663333,-2.57228158399742
0.323926522713536,7.94218890890767,0.364158086140253,-1.96342831694589,0.350625556742022,-2.57275130897722
0.324254030119397,7.93852338488597,0.364467226065084,-1.97478930471736,0.350352863236703,-2.56492576439977
0.324564177736422,7.89388285698213,0.364801617508365,-2.03281985550452,0.349855898535511,-2.49611326576383
0.325053675089225,7.87303574805865,0.365243021738206,-2.15479524503247,0.349550512934363,-2.30775555928292
0.325397687957121,7.91300745361864,0.365556492745397,-2.33036490573201,0.349204618378089,-2.25658057340291
0.325714921599278,7.8166040741749,0.365875174446041,-2.29409928139883,0.348927243563157,-2.14154287663259
0.326049064089099,7.83543698551248,0.366198313858674,-2.2896041330882,0.34858710574555,-2.0144985937929
0.326363129838772,7.75999063133623,0.366504525245053,-2.22628651600843,0.348273074611492,-2.00511000003674
0.326709856805058,7.75350418301008,0.366813317188751,-2.22776251571576,0.348259519413793,-1.94041081670292
0.327015831330574,7.66744483577776,0.367085696768464,-2.30371426219899,0.347928220063783,-1.81553341023164
0.327382814656305,7.70580912124303,0.367386619442676,-2.37793428369698,0.347583854087009,-1.85474982706676
0.327699447647818,7.66195301156595,0.367687648910592,-2.4032568709376,0.347081439398357,-2.02137121401628
0.328193533905374,7.65013728860924,0.367946560406013,-2.4032339871837,0.346759225694737,-2.01302242337519
0.328538800760761,7.65537881726768,0.368055968969115,-2.36755571039841,0.34642083921172,-1.98231100711974
0.32886841080313,7.58936657523678,0.368731365719323,-2.40497926542541,0.346069389272521,-1.924857427874
0.328882610369236,7.61150315315831,0.368774652755966,-2.47981074353717,0.345743597522856,-2.00630134417657
0.329510672256651,7.60710848957277,0.369079866025827,-2.63091531149682,0.345384457322936,-2.17222665482918
0.329564834047865,7.53732814667753,0.369385682572572,-2.74232387814133,0.345069072882371,-2.15499367583979
0.329888041690264,7.57570273096744,0.369665741853154,-2.8272919330285,0.344714531036389,-2.11074478064059
0.330255384236558,7.46425200617464,0.369973707261327,-2.80932200486074,0.344365697589093,-2.11095578383585
0.330596444288017,7.50754072520113,0.370279349659383,-2.74399439977238,0.34399979131971,-2.14298717126018
0.331119812014247,7.41948063777258,0.370586518604104,-2.79417283531763,0.343672481088312,-2.29601075161902
0.331480042194791,7.43667325490427,0.370904544068503,-2.81371330988898,0.343179696335792,-2.3553878524647
0.331813158967623,7.35066451955463,0.371325318285041,-2.86580967067111,0.34285073323835,-2.36051969978512
0.332149329534765,7.24282278591397,0.371641260373714,-2.86137163829097,0.342466022495398,-2.32297682467563
0.332503234473116,7.08493536226529,0.371941715960033,-2.81128853668209,0.342463673722469,-2.1944590031793
0.332851573949011,7.03088738615236,0.372209817963778,-2.71018097522441,0.342117305777128,-2.048959378058
0.333208298076309,7.0843898003886,0.372487196930528,-2.66150247864563,0.34176081930837,-2.16687285382796
0.333556833641999,7.03217851346778,0.372776665808398,-2.58378807912109,0.341418032901954,-2.12909495186512
0.33392952134662,7.02434448348245,0.373063628780433,-2.50068310470263,0.341051362923479,-2.15796382120573
0.334442386117145,7.00880651170042,0.373297457431905,-2.63341297071885,0.340672266592795,-2.071883446811
0.334811831441635,6.95509434589715,0.37334132987302,-2.71325000293976,0.340352007306699,-2.06107632961264
0.33483773104728,6.90558626652471,0.373600004561014,-2.70251729682277,0.339806401916712,-2.07108407471585
0.33483773104728,6.79709945468081,0.373922346072917,-2.71308213019347,0.339446641798515,-2.01758089697733
0.335490471168304,6.70398688953299,0.374327459463774,-2.74351861259577,0.339108140960473,-1.95587731624764
0.335891727211915,6.69326101163287,0.374595716657617,-2.80097933957064,0.338746742208207,-1.96265554819638
0.336258831213392,6.66436374553787,0.374850746099041,-2.97242454452575,0.338391543144923,-1.97511563051863
0.336613615508819,6.49558494137192,0.375134459055269,-3.01290484675987,0.338038924195167,-2.04690591775727
0.336972058415641,6.41098703377933,0.375396341269271,-3.02181224988364,0.337684006740513,-2.17388572104368
0.337354397475406,6.30998899702343,0.375663996118411,-3.0281808713904,0.337333137615297,-2.22406855073431
0.337729842235247,5.98289070269708,0.375923381784327,-2.99200346551654,0.337333137615297,-2.19585356982772
0.33825429122467,5.97437104608189,0.376222599772914,-3.02418753955506,0.336486498350969,-2.13606525183063
0.338643021208764,5.88579264061357,0.376599389302823,-3.05872613098292,0.336472246544643,-2.16396870349327
0.33900314343132,5.9143553616164,0.376873300987033,-2.95226326405826,0.336136611913279,-2.20338750917108
0.339335501656501,5.79107628527127,0.377144988215875,-2.89039779950969,0.335779647282207,-2.40303290100108
0.339685358036526,5.77635717499859,0.377358452884675,-2.89568565626768,0.335437200667553,-2.37465089645323
0.340045907507514,5.69554220563946,0.377421590511577,-2.86165204884965,0.335081942331678,-2.21173322036588
0.340413735769032,5.66352158696213,0.377855889996342,-2.76744034660794,0.334739277950276,-2.09616500858712
0.340756968125424,5.58561519525459,0.377888343348932,-2.69610958756483,0.334397198277376,-2.25216249645755
0.341146143438699,5.54764279101647,0.37812720411048,-2.64303820667217,0.334054926470928,-2.38753271323454
0.341168862623552,5.5668266503399,0.378381441440241,-2.68038959364411,0.333535520575597,-2.44962292585222
0.341499826218521,5.46148747879858,0.378610557019212,-2.75986318424924,0.333201681397776,-2.30011389114387
0.34152439848919,5.4410834990084,0.37887842693129,-2.6303782749873,0.33284110074912,-2.26382098240835
0.34237396667677,5.37138386577585,0.379232893393841,-2.72632025241881,0.332513492924494,-2.24921413388527
0.342775664513504,5.40903516815585,0.379480013799835,-2.74635470572645,0.332178950098577,-2.25772542417648
0.343104266649536,5.31340937174935,0.379716480596837,-2.75093966787535,0.33183428685335,-2.29635783747067
0.343467387791445,5.26762018224755,0.379941298679613,-2.80655315993068,0.331483465449045,-2.35740688148614
0.343838401760307,5.24012566976055,0.380141255682338,-2.81523452351652,0.331164692611843,-2.2725213877295
0.344202470922566,5.20030949755512,0.380372199121782,-2.77249079117518,0.331152544656342,-2.25178838321403
0.344590322248394,5.21152328721749,0.380585895048276,-2.85614907545414,0.330364892425292,-2.25880032205287
0.344982603366453,5.20604900900016,0.380818063311123,-2.82571282285398,0.330340132542427,-2.26716685076078
0.345519612558044,5.18026291045857,0.381039045848753,-2.89848740391827,0.33001777887129,-2.20757234743091
0.345909996301236,5.09792303248996,0.381260681870283,-2.70449602920983,0.329690532519451,-2.15945164070383
0.346280492663432,5.13195846637184,0.38157432079932,-2.64564855351287,0.329392304031394,-2.17140124165719
0.346613262023525,5.15492168140302,0.381754769279445,-2.65377642741773,0.329052938435812,-2.20447536519748
0.346629771156867,5.1650143280186,0.381781833049978,-2.62115583232537,0.328739479053408,-2.26270053412783
0.347327513026452,5.11876478816547,0.381994055034717,-2.59168010165981,0.328424746832345,-2.19923603309386
0.347320375763279,5.08289978642946,0.382196383529714,-2.61558880723958,0.328131965715764,-2.10120830878024
0.347316698312709,5.07346016026555,0.382376761849166,-2.56086574414027,0.327671597029628,-2.13199293157797
0.34807325501953,5.06024123219294,0.382560091786746,-2.47437585970702,0.327377973242473,-2.1396384808759
0.348679636949741,5.11035998250977,0.382751217735229,-2.40615165325086,0.327035420143316,-2.24026070689612
0.349071269240166,4.981332555,0.382945599507223,-2.40768912604949,0.326734539927562,-2.19260992955977
0.34943423679593,5.03630206395548,0.383156487418,-2.42269290039213,0.326425351794474,-2.05284366230293
0.349816227706533,4.76410493716595,0.383429988783763,-2.44816156069872,0.326151857468404,-1.91264584974884
0.350210002815659,4.66658676017433,0.383615235190705,-2.53054814503394,0.325853729955351,-1.89869728597263
0.350549937229729,4.6915070559575,0.38378892148422,-2.42759543021979,0.325852186916077,-1.86000228084871
0.350919582961995,4.66799209697017,0.383964572703538,-2.38116958125601,0.325539591909823,-1.89512158512608
0.351312282046256,4.62747244741061,0.384124057668281,-2.40644474287752,0.325252509957309,-1.88211693829739
0.351683741691897,4.59103151955103,0.384277993524841,-2.42317767501648,0.324833548255101,-1.81300535388769
0.35224376802149,4.56095636323117,0.384434166514106,-2.52923225713027,0.324560075283314,-1.82221652600756
0.352656444007239,4.5296725365385,0.384572715781968,-2.48629405393226,0.324261714468842,-1.87922793533276
0.353047621170898,4.5523951056864,0.384621942881072,-2.44482050481608,0.32399032830281,-1.8351776578046
0.353427614504688,4.50952876871491,0.384964943518167,-2.4052897516477,0.323705716072997,-1.77612695389889
0.353817710455088,4.45811369004685,0.384988880558297,-2.34965764431537,0.323437016202631,-1.79630440047317
0.354190643900077,4.47492173776556,0.385131485220496,-2.40145026190583,0.323182196617091,-1.74768381808243
0.354216591222498,4.45015205810516,0.385279000879128,-2.34400488276016,0.322900290912347,-1.71588760739213
0.354560032443265,4.43711399990671,0.385420882907615,-2.28450979529302,0.322636276445655,-1.72189985616576
0.354945967352438,4.41754069187547,0.38555086551895,-2.24892445788846,0.32239266384183,-1.6280365810519
0.355296370256687,4.47590064297123,0.385677172892875,-2.2816861085431,0.32199901619515,-1.6341143248219
0.355874926080969,4.47961805573739,0.385810375708362,-2.17962922085219,0.32174418187974,-1.54212385267053
0.356312736000509,4.43877184715276,0.385934267754847,-2.14592933825834,0.321461098702949,-1.49324947650249
0.356669512422134,4.39804797357629,0.386072369321831,-2.13307169201472,0.321201504075625,-1.38396266638201
0.357046590711435,4.34396159367804,0.386252588479822,-2.23463115246635,0.321201504075625,-1.39342403372495
0.357449169682399,4.35041769481641,0.386368838217808,-2.30434880598826,0.321201504075625,-1.40171979322162
0.357798489615351,4.28141310075939,0.386479611293913,-2.31119704677638,0.320710789381416,-1.33480260021685
0.358189188798404,4.1629006416343,0.386588018342753,-2.26316380094239,0.320469345603813,-1.35596343774612
0.358580173916682,4.11700823031791,0.386691274476658,-2.24232735369789,0.320231786693853,-1.30096038269786
0.358968690154097,3.92284056250784,0.386765540181152,-2.18075320731691,0.319865196292699,-1.34171208473922
0.359541941443298,3.7751658859941,0.386780125738061,-2.13417756525973,0.319643324547242,-1.41452840236016
0.359948978013051,3.74004863058754,0.386888240641231,-2.36635643093981,0.319392858370767,-1.3443361994958
0.359974120314242,3.66965171216299,0.387019182006067,-2.28670470224493,0.319165620818397,-1.21321662096912
0.360743608231606,3.70436805522885,0.387115148745278,-2.30756385837153,0.318931316758979,-1.25343110056925
0.360761371134274,3.51116327218588,0.387208582115619,-2.23326302478779,0.3186971634276,-1.25294691076639
0.361141201759966,3.27424671073756,0.387290336941815,-2.21121528333347,0.318470990110374,-1.33327898944252
0.3615084750441,3.12788490315792,0.387371752358344,-2.20368573437496,0.318248519656605,-1.29325237706228
0.361893083293017,2.97977447077269,0.387448690956816,-2.23006850809163,0.318028316682061,-1.29348113694547
0.362289529667908,2.9895755301564,0.387530612813059,-2.23021625672127,0.317708636390629,-1.24430501341706
0.362651887001244,2.93752262792307,0.387597012231855,-2.21703452679864,0.317488262949568,-1.22520252832684
0.363224866105681,3.00265946002358,0.387670724422487,-2.25639418198029,0.317487757274453,-1.26202444631051
0.363601943660505,2.84525248385183,0.387746762075355,-2.12526353853406,0.317046809028843,-1.25033535001045
0.363982722153293,2.76665227359589,0.387846218227205,-2.18191559878236,0.317026903291665,-1.08397311285912
0.364367415090897,2.52938681707384,0.387922870102745,-2.14030301991278,0.316812308352539,-1.0730297244096
0.364722743418236,2.45749174289079,0.387978857349041,-2.1331492033476,0.31660119319368,-1.05788416513185
0.365090013354194,2.42049103326682,0.388029042701962,-2.18136384701057,0.316398893868469,-1.05923344883341
0.365467266994631,2.3816334271722,0.38803826298602,-2.21213693693008,0.316186895135017,-1.03423797052928
0.365842321371183,2.28203052280479,0.388094253075222,-2.2248864410158,0.315978104726412,-1.03920547781279
0.366368387629628,2.21487670884803,0.388104765297582,-2.23245714692415,0.31568639294807,-0.9926738861401
0.366743871177914,2.08103574512165,0.388162904684142,-2.28903823619909,0.315475961217101,-0.988049938127607
0.366767656888025,2.06437237710879,0.388196282760586,-2.30596634256582,0.315256783729934,-0.959420739409411
0.367120909422104,2.02218188877906,0.388237673940174,-2.44097000530198,0.315063215125288,-0.961090433985394
0.367480869316025,2.03503627334081,0.388289248507178,-2.43025772727153,0.314843412276038,-0.948559375966778
0.36784813442241,2.07174229335648,0.388325042449087,-2.51528915889422,0.314646875981297,-0.865016357333638
0.368198020783491,2.00982181787593,0.388371340806379,-2.52458315862409,0.314438967857648,-0.82200828886166
0.368547031003294,1.89514580775107,0.388405916872241,-2.47617201138531,0.314259025761342,-0.80024621581991
0.36892398116732,1.91031652739164,0.388437379624668,-2.46731843831994,0.3140513398588,-0.75998058454378
0.369282086112459,1.78881877362062,0.388459997563682,-2.43091303571976,0.313846218210431,-0.72805477684428
0.369653993092137,1.76991326628502,0.388482496461713,-2.39419271432018,0.313839194191362,-0.639867449769674
0.370187735620021,1.71757611711634,0.388501884251236,-2.44150560294264,0.313560357628673,-0.632832046604289
0.370581599769748,1.44507807921731,0.38851542114401,-2.43903532782904,0.313350662965792,-0.541367015196664
0.370925861342923,1.19994869293764,0.388521416054445,-2.28235160354409,0.31315628601342,-0.525446192589575
0.371288475333602,1.25766033358499,0.388555091057294,-2.2866894989661,0.312944636904197,-0.52122939235909
0.371627208771906,1.28563253120328,0.38855653045057,-2.31853502818921,0.312753767057008,-0.432846307244061
0.371984098082707,1.34525272479143,0.38856763946731,-2.28885766067172,0.312558782343795,-0.41045125984115
0.37199972869097,1.18874272097995,0.388582505917165,-2.38375798632152,0.31235818306927,-0.297320397127949
0.372658850715063,1.02543333906441,0.388591427200788,-2.45886976826485,0.312164266908744,-0.271360973948363
0.372704746249023,0.785093536745179,0.388603929585927,-2.4315222976766,0.311975239469987,-0.0973040619526588
0.373040955075668,0.746957853972032,0.388609443710316,-2.51855360867173,0.311772865792064,0.0575884218964169
0.373545556627104,0.658856517256574,0.388619083636533,-2.48654411886797,0.311504178875804,0.077198094191218
0.373909181555594,0.791824690709863,0.388627500452482,-2.54524193051471,0.311293410243952,0.0932334281064824
0.374271120851276,0.735532138310593,0.388632363781487,-2.75997192976683,0.31110833237791,0.105516621809883
0.374585402244934,0.753952356003641,0.388633365151045,-2.74268016433113,0.310913729207005,0.102376261513581
0.374943837097228,0.753892756208022,0.38863403228186,-2.84996335667066,0.31071961602,0.215684657583052
0.375276865381612,0.584920266134654,0.388638545863512,-2.86602354949697,0.310535843557909,0.303419410470953
0.375623395080901,0.643494463628783,0.388637038925491,-2.92670316868371,0.310535537548866,0.414647687785031
0.375981558130824,0.577469995923721,0.388633882923286,-2.93035939577256,0.310343671926532,0.524635704846323
0.376320505193035,0.533591078242877,0.388636612232867,-2.99544741119535,0.310143526480545,0.622178028072372
0.376829323162967,0.537997169268538,0.388635949392782,-3.03775882464158,0.309970207439666,0.702287629146143
0.377203875556401,0.580640147118124,0.388634000690397,-3.12568074120341,0.309706135265295,0.745043249032117
0.37723023487193,0.610661440644973,0.388639516284956,-3.08651609467811,0.309517282590194,0.788516098988607
0.37723023487193,0.473172591300262,0.388638232995683,-2.95288148370217,0.309339693580217,0.786276146886845
0.377841376022721,0.331537069196858,0.388631906554759,-3.00996611690697,0.30913217297788,0.824143171272422
0.377869837522191,0.160759212550841,0.388632113196207,-3.04261295180764,0.308935712311195,0.873077280349356
0.378540616416586,0.0387280869510029,0.388624192223846,-3.09088169099163,0.308759338714192,0.854192528981819
0.378861065075467,0.0894257010396158,0.388614962470426,-3.16586373473513,0.308582366118523,1.01255562893017
0.379194628988838,0.0573927091969024,0.388611146049386,-3.18541133729826,0.308415394248368,1.05700128740583
0.379533151560097,-0.0635917021829484,0.388605164768574,-3.19979852333737,0.308226815607394,1.08351890622183
0.379865204168259,-0.185580743743784,0.3885995877366,-3.15123150878948,0.308036398511767,1.1425082830616
0.380388699581209,-0.397988337730107,0.388594647740614,-3.26016339686157,0.307862894214543,1.16519948714982
0.380710233274667,-0.401917504883208,0.388589215053608,-3.39358389006069,0.307862297975189,1.1788068483921
0.380989036140774,-0.400907046010973,0.388584257238057,-3.4521001983781,0.307413710971816,1.2588964146868
0.381302431709515,-0.448937206606443,0.388574467126937,-3.50320405303774,0.307413710971816,1.22249379088596
0.381631913735402,-0.406666216443334,0.388566358255179,-3.58185160579082,0.30725961582071,1.23139380746737
0.381953347312643,-0.632451364280957,0.388556945532673,-3.54866893968246,0.307093856507155,1.29195721298559
0.38225015662697,-0.60609333805609,0.388540955804066,-3.50578860508026,0.306913701615673,1.24399396543382
0.382733262646102,-0.692721659480369,0.388538234038141,-3.63346371655656,0.306736724618259,1.32311670787041
0.383059128041728,-0.674897668828246,0.388521371797538,-3.60145002428107,0.306557885499703,1.27211280010886
0.383069870767611,-0.69499629584156,0.388520117352883,-3.61698191631728,0.3063823876327,1.31671966750057
0.383378855479023,-0.708715320062878,0.388510784112156,-3.69628765012104,0.30613626703818,1.32439506671701
0.383707639178665,-0.778245476215768,0.388498512250078,-3.72752833523228,0.305956575692299,1.34891974844745
0.384036965662543,-0.846161828827238,0.388485309851439,-3.6059330183254,0.305782039897423,1.39633565290043
0.384301662487444,-0.994348192922282,0.388472087760108,-3.69311041755694,0.305617719757393,1.41573758233607
0.384617731737656,-1.05315014663948,0.388457771742624,-3.62962144887422,0.305446794603338,1.44779350073973
0.384931761656674,-1.1753758917686,0.388446078915782,-3.65528112933965,0.305269157905792,1.51234847642004
0.385223869661242,-1.34417348254676,0.388427078944605,-3.77052773242566,0.305108260367423,1.49620327504704
0.385547110701597,-1.36255880306196,0.388403236818581,-3.78589893685814,0.304942779699813,1.54666684819965
0.3858497077822,-1.38221393944214,0.388396220284117,-3.78820719730098,0.304784418294577,1.52256858823196
0.386311288751467,-1.5441661377128,0.38837845602904,-3.86333770280282,0.304545758706076,1.55119417329431
0.386617794271044,-1.74774593494655,0.388368142196383,-3.8303182611952,0.304391239341378,1.61578279213948
0.386931590055635,-1.90425549598612,0.388356554161299,-3.85717552269656,0.304385053419733,1.58295853214078
0.387236644305408,-1.98049845571812,0.388338609435345,-3.98505001263843,0.304235855691401,1.64760303818665
0.387484705907558,-2.05133328489006,0.388318617105679,-3.96927011239736,0.304062453113326,1.7031054002019
0.387765303911644,-1.96790830448928,0.388295596804049,-3.94321307988064,0.303910747335795,1.74558903655209
0.388071916891484,-2.03926958123055,0.388292473623074,-3.91290418298291,0.303765899494969,1.74382977389323
0.388378847326942,-2.07699212111548,0.388276667134157,-3.78594127022093,0.30361291770274,1.8009478979418
0.388395782084432,-2.2131167144755,0.388270315626173,-3.75782665110533,0.303455471083315,1.86866808033679
0.388671794195292,-2.25410245454052,0.388228526205682,-3.79093414807811,0.303308757850638,1.80985831819744
0.389117514189305,-2.3088131622595,0.388198714580927,-3.77479944413058,0.303159465416888,1.77716122435041
0.389429397282741,-2.17009287368806,0.388174580761215,-3.69876259992626,0.302949019512345,1.84016839632383
0.389730351748531,-2.29504110912258,0.388151648656108,-3.71838522002424,0.302800712469353,1.80766705423759
0.389969654969369,-2.46692418643119,0.388129921866437,-3.62264122407151,0.302648035799528,1.95001379109147
0.390259382706227,-2.70019742019676,0.388098896743545,-3.66863628218836,0.302492429664406,1.9508542265258
0.390538319479772,-2.87614887104195,0.388067197275925,-3.71855014852122,0.30236013531226,1.98865762554156
0.390810817308252,-2.96965759089564,0.38803962252067,-3.73369253230512,0.302215519760233,1.93910739493976
0.391093964951418,-3.0798669868162,0.388011509787592,-3.77067986275746,0.30221289808473,1.9757594016807
0.391389475540248,-3.22550058035439,0.387973912456785,-3.77175422071853,0.301939803515845,2.04720760808953
0.391653003864,-3.25802243433169,0.387924773982204,-3.75791301709716,0.301938103678251,2.0068383550687
0.39193261359935,-3.32574852296217,0.387893024457848,-3.70300824948775,0.301803174897574,1.98197008683377
0.392346909477881,-3.68088025860416,0.387861549818988,-3.70868381419333,0.301677273197983,1.92845260078259
0.392576222078109,-3.71600393954786,0.387829598204026,-3.6467707631848,0.301490617217027,1.91858512366483
0.392588224308708,-3.85765719080271,0.387825076013666,-3.80747216228107,0.301362055385822,1.87768694877195
0.393073877608396,-3.95209241979486,0.387793094454492,-3.79117110380485,0.301231798900195,1.857086859461
0.393104822057626,-3.86726079395441,0.387753777031647,-3.77633033346946,0.301108963015955,1.89182701915741
0.39334280741695,-3.95974109268931,0.387717109673789,-3.7875458665898,0.300986171282377,1.92628193394117
0.393603887685068,-4.07180266943409,0.387680597639635,-3.67744011528033,0.300874631045267,1.88164444094586
0.393853933969596,-4.29081952218112,0.387633912568971,-3.57545666015774,0.300755873324928,1.87558754432116
0.39411484108236,-4.28057420883245,0.387570344292834,-3.56791892054345,0.300643486718429,1.82775618426015
0.394363843866961,-4.26272998252799,0.387524297340028,-3.53411823220934,0.300536407545687,1.78805498845764
0.394598360559293,-4.22290688339436,0.387475124271112,-3.48653418489252,0.300428209869185,1.74564877279817
0.394925059271683,-4.27222200499554,0.387426885793948,-3.47598922337348,0.300283385259526,1.6659544806487
0.395161583349041,-4.41507197812959,0.38737366080896,-3.30430408197873,0.300179376240811,1.64170718388061
0.395389516328226,-4.53810285136632,0.387323574572605,-3.34870084425419,0.300072091503742,1.61523578990948
0.395614832207948,-4.62921293323655,0.387272467607027,-3.28771026933346,0.299968524112808,1.70166463624164
0.395837061777636,-4.75386811846626,0.38721983049355,-3.28967787201002,0.299966797192809,1.68959447425808
0.396061498379782,-4.85009799238971,0.387173054757931,-3.34880029681996,0.299872010273913,1.67462546041287
0.396285269324125,-5.00360597850705,0.387144561080876,-3.35120948517453,0.299769034126423,1.63120772211927
0.396528016715467,-4.97788529603881,0.3870107279776,-3.35702012750686,0.299676432067255,1.66064058604027
0.396743298648724,-5.05445929485751,0.38700234603543,-3.25591123353052,0.299585292512023,1.77278798774717
0.397086696480529,-5.26118962386298,0.386938674921602,-3.19728540663506,0.299499706795588,1.75272638540837
0.397109672772127,-5.37225810222913,0.386872790387714,-3.17176982115087,0.29938651390381,1.72574019909057
0.397270097606178,-5.39072978931745,0.38680748588154,-3.29418792272475,0.299308092603115,1.63181159960077
0.397492161587305,-5.37766055300683,0.386739551787907,-3.27879455182183,0.299226954177863,1.62327389719503
0.397701849753429,-5.35702778310056,0.386674387644546,-3.25848019458572,0.299141120603505,1.50328987683463
0.397917882384138,-5.43169719967953,0.386604749549758,-3.20934217902787,0.299077792610237,1.53612523118717
0.398130336053339,-5.50212580886766,0.386525356230187,-3.15685352981645,0.29901100477541,1.58382082928213
0.398346686300936,-5.60350820253033,0.386452375596117,-3.1289241149373,0.298947814217935,1.55745262749136
0.39854580030729,-5.58497756857432,0.386336967951375,-3.1153530808753,0.298888196268974,1.52317610142158
0.398757513720768,-5.66577282910353,0.386256651007013,-3.16929779768921,0.298820393823892,1.39406181933119
0.399054457025912,-5.53536874034159,0.386171486967536,-3.16077082391661,0.298762728417523,1.31802866535938
0.399232981376853,-5.65472109434921,0.386090238493989,-3.12010698792419,0.298761903398444,1.30094321088976
0.399426207494613,-5.68356911950374,0.386004514736312,-2.98753215054127,0.298669302470244,1.23122784855135
0.399630761884594,-5.79013645133385,0.385916225777788,-2.90942687144001,0.298666287994624,1.13765583973717
0.399814181599225,-5.84438373641223,0.385848464111149,-2.98397643761781,0.298616419303894,1.08173717206221
0.400006835440821,-5.96657289492904,0.38582184271317,-2.96300317661498,0.298575699146256,1.14049409262901
0.400205739659318,-5.95067016855969,0.385658690503742,-3.02924826518719,0.298530484991678,1.07123738370629
0.400218100744658,-6.04645456152495,0.385635990485917,-2.99862416792285,0.298489187651491,1.01474733194754
0.400557104784015,-6.11368170527226,0.385483050993273,-3.02064350130447,0.298446280354571,1.02267555098688
0.400580127341405,-6.15141040294358,0.385378998835421,-3.03508072338841,0.298412402361245,1.04477483379363
0.400858597256713,-6.22349383827832,0.385275413673885,-2.98704231344131,0.298377467631035,0.921902865834215
0.401051030966639,-6.28823109235716,0.385171182673329,-2.86366317608401,0.298352207619729,0.821790431675975
0.401211965687256,-6.27936010992548,0.385066052568236,-3.05735813628591,0.298323823003123,0.829099376011988
0.401354420023929,-6.31944138097049,0.384952013625914,-2.9233222134361,0.2982917203647,0.792153816683957
0.401520949380208,-6.29269840985938,0.384840889566285,-2.93860419259627,0.2982661802202,0.815841799993774
0.401689606658881,-6.30422107635969,0.384742273839573,-2.93040108094061,0.29824278622598,0.850177484359113
0.40185627784056,-6.35055578866811,0.384619003936524,-2.8869709152329,0.298224815132424,0.891097648947941
0.402023780208749,-6.37225591139255,0.384489215520224,-2.7582732183268,0.298207830426299,0.846013106248892
0.402182172557231,-6.32999499553891,0.384296141517716,-2.80375875897336,0.298180813877439,0.870051217159075
0.402347899879048,-6.33991938606883,0.384163635092758,-2.74630525633335,0.298179845279691,0.865120748287485
0.402586729049572,-6.22031495869304,0.384037585336236,-2.73956950842691,0.298175098629846,0.903268074748998
0.402759036684451,-6.25741599954604,0.383924895349196,-2.78119656249709,0.298164695811847,0.927904918329155
0.402877363344159,-6.31310317804994,0.383924895349196,-2.61118883648041,0.298153279202888,1.03439836129624
0.403009527487795,-6.34475188653535,0.38388642050953,-2.62920707043791,0.298144521498648,1.07216833379712
0.403014750304302,-6.42055342426559,0.3836468664612,-2.5933820328062,0.298143197733501,1.09928816474344
0.403148675817006,-6.52724677267256,0.383503062523881,-2.55981151500803,0.298138264794435,1.13296678072787
0.403285571594878,-6.56668135807218,0.383353881385042,-2.59358135435172,0.298144237626928,1.0918668677227
0.403429718817956,-6.55154468703179,0.383121319815645,-2.55539347444617,0.298146609128755,1.05423588989892
0.403569898164186,-6.63339500117949,0.382967509651743,-2.54717876126424,0.298136765788386,0.997468093070826
0.403705046206433,-6.64820018707975,0.38280817709909,-2.57808309160683,0.298139342675517,1.03115963315021
0.403908219893381,-6.7677182103983,0.382652554302061,-2.59973605461755,0.298163011329251,1.04267364115784
0.404028899575248,-6.73144395259388,0.382490021766376,-2.61414568616823,0.298172803514654,1.06175164426987
0.404109848316038,-6.71844304901526,0.382336824958368,-2.67800692147445,0.298181535676068,1.06647287401461
0.404222143835549,-6.72325638141941,0.382190197566759,-2.64012606037723,0.298188335014272,1.07825838330703
0.404354098035498,-6.68520452498596,0.382018483191197,-2.62029493529909,0.298188449292754,1.07311178539635
0.40446663498622,-6.64215821225517,0.381846155058814,-2.59866832700192,0.298220439620259,1.0471323521461
0.404590435796166,-6.72663551684344,0.381656385442728,-2.51885511773319,0.298221043760356,1.04310338223571
0.404697594799889,-6.71455173705546,0.381392090337667,-2.43729065649622,0.29822771369963,1.00886034456808
0.404798769751348,-6.76698041037028,0.381206316370447,-2.42259346809505,0.298248568772514,0.975327591129813
0.404893067037765,-6.76638711014794,0.381049164514102,-2.45495569651933,0.298271048506365,0.924820511919855
0.40505325088537,-6.7163984407817,0.381020143215195,-2.49471789890237,0.298320248812609,0.955778214973626
0.405137320728636,-6.66615815798008,0.380829201529759,-2.47273316940643,0.298344016195964,1.01972201918529
0.405143070447122,-6.73901398434594,0.38064109175273,-2.25151460580339,0.298369467862229,1.07820180854664
0.405226944149563,-6.81840379588484,0.380458327850193,-2.28306465903181,0.298400279328644,1.07645003193718
0.405233901383592,-6.81855322943551,0.380285448800806,-2.34961930613878,0.298430179145247,1.00312117399223
0.405402415880463,-6.83604702633873,0.380098366824398,-2.40989891732453,0.298463423837294,1.00726696131398
0.405483267636591,-6.8560160715246,0.379896711110104,-2.5874429122206,0.298483415320553,1.05687655687062
0.405565601168068,-6.96285506323134,0.379696161346866,-2.60477273896871,0.298517162486022,1.04211345502504
0.405645955433435,-7.03445586600583,0.379470474424915,-2.48792198546899,0.298588157296908,1.04151953640452
0.405725377514094,-7.01802378090036,0.379188436633146,-2.52519682508527,0.298628569654578,1.08997729111242
0.40584091854611,-7.1973865368829,0.378967369038978,-2.60752858476848,0.29866868113434,1.07552471976513
0.405886404284196,-7.27131455578481,0.37875824406344,-2.65819704955191,0.29866922295608,1.03599997164291
0.40595434313574,-7.20419114093847,0.378558613333196,-2.75826321070642,0.29871058076017,1.06642771945184
0.406020225173981,-7.15961365862322,0.378371382336751,-2.71177704635879,0.298752024403247,1.05250583340679
0.406079344095658,-7.12928244672513,0.37818297342184,-2.70285601725202,0.298791675458219,1.04054444243821
0.406136453622618,-7.00291351305741,0.378108957368107,-2.72116784993305,0.298837732093289,1.04260579492541
0.406200326045013,-6.96748513363854,0.377757963183018,-2.75968530724301,0.298884320435578,1.03086475305281
0.406203714914891,-7.12882971678865,0.377705389192954,-2.79919384143987,0.29893261201356,1.04751537290734
0.40629752739508,-7.16956668513471,0.377353711510497,-2.82051363953673,0.298979896444771,1.00124359556829
0.406299539773668,-7.0799643239721,0.377143554834252,-2.87245498820961,0.299074609976263,1.08773097643695
0.406375916229626,-6.98928384163165,0.376928095044086,-2.84376116344319,0.299121001896876,1.12156663963788
0.406403206203532,-6.92058934671557,0.3767055062559,-2.85731547037231,0.299172969044515,1.16566707189096
0.406437212806577,-7.00568851815068,0.376484081972143,-2.62206607699532,0.299221886891997,1.17142517051895
0.40647756331849,-7.05677376189724,0.376283266589056,-2.68900862270092,0.299266776270146,1.18628301413629
0.406508532944994,-7.07396598700374,0.376053907523797,-2.74691011209144,0.299321240180301,1.214740764418
0.406544364590038,-7.11332968857052,0.375830161165761,-2.81734623286546,0.299374236696849,1.16690018037601
0.406574488751069,-7.11403192291459,0.375576731356654,-2.98840627545546,0.299428954941067,1.21879520517557
0.40660052959887,-7.16089391019122,0.375226207769356,-3.02386859194425,0.299486279006734,1.25123834982804
0.406620919349492,-7.09833331072837,0.374982453440843,-2.95229827278428,0.299571037736231,1.29084837053763
0.406642837272873,-7.12093071915045,0.374733520039463,-2.93108678031326,0.299574278138812,1.36471205032332
0.406663251753161,-7.36284943510428,0.374500684345043,-2.97756065835875,0.29963212076246,1.34505804307244
0.406675248040567,-7.40436211088798,0.374265851556724,-2.97876386968585,0.299689473748587,1.40400272156019
0.40668275418302,-7.33477044589603,0.374071987869259,-3.2160053347055,0.299741586638407,1.36067733266695
0.406688043906716,-7.28178647768268,0.373991783683275,-3.31432175535785,0.299788938327462,1.38158287491669
0.406691041397261,-7.23608032979557,0.373591439358065,-3.35346209565774,0.299844322420431,1.42685087569132
0.406691310920667,-7.14774961548272,0.373554747720819,-3.29725663911788,0.299901550692322,1.36804404794623
0.406690982911646,-7.14825965714771,0.373305545038851,-3.23378707623389,0.299956209097031,1.43512851204154
0.40668569863323,-7.09588085810567,0.373046330246946,-3.22467757758993,0.300014218827386,1.49386179228995
0.406680405134175,-7.12299989620441,0.372677418566954,-3.26274942121696,0.300097352125835,1.48521976726295
0.40666761171831,-7.16060651043402,0.372421637483786,-3.35570715922659,0.300152157572513,1.46030446949302
0.406650445065244,-6.97571077245037,0.372178607213663,-3.42910369921121,0.300209258979535,1.4703065292263
0.406636633342481,-7.03929432459898,0.371917724004163,-3.49555374298792,0.300265481576718,1.50100483065733
0.406624032720161,-7.16659549312273,0.371668556474727,-3.39177136408279,0.300316341185264,1.53862830691568
0.406615740889897,-7.23446113389748,0.371413963672308,-3.45346388244555,0.30037295159444,1.53888196705481
0.406601484451852,-7.38981694608626,0.371175808893403,-3.45557363571529,0.300424285966932,1.53913880713845
0.406578009686229,-7.44790939563849,0.370923699576346,-3.4661395140837,0.300477142223492,1.6301041956111
0.406560623033025,-7.52556338603624,0.370665981009739,-3.58415322056882,0.300478798455825,1.58542832936064
0.406541839009025,-7.55947580680119,0.370389101005869,-3.71583586916829,0.300527847971348,1.62740340721166
0.406523563351477,-7.57677933188938,0.369995223210378,-3.86324920358874,0.300605456003803,1.71500228989819
0.406490913847591,-7.61855773878692,0.369777439726428,-3.83928435478483,0.300657068986488,1.84337526231503
0.406490345897057,-7.83911140241776,0.369712200859714,-3.77064056855979,0.300703265819181,1.81658739223662
0.406442910028057,-7.87728570092227,0.369239741959307,-3.61850389609759,0.300752400385698,1.8027453150409
0.406440073767067,-7.91470855971358,0.369208280782469,-3.84235114587778,0.300805468695185,1.76805448393233
0.40641439162801,-7.90187279476972,0.368976526775102,-3.89826529088038,0.300852076367639,1.82071357452883
0.406385338795922,-7.80510034512035,0.368695330952035,-3.9475615245733,0.300902894289195,1.81332982029773
0.40635591961716,-7.80710401697346,0.368431468892899,-3.88399079883971,0.300951642015231,1.8640528940355
0.406324870898708,-7.9088615676382,0.368165139091982,-3.7881822933426,0.301001403744683,1.87618862258452
0.406290116850159,-7.86600091754098,0.367896550904004,-3.69187428218092,0.301049133436418,1.98958826021031
0.406250272874468,-7.87093271098052,0.367635307483153,-3.64759238262528,0.301121731327724,2.03746760730624
0.406211710580246,-7.87741864622086,0.367343772541108,-3.71038604213195,0.301173812325826,2.07054837838318
0.406146073699776,-7.72143134943796,0.366944736138803,-3.82754337318892,0.301221706434913,2.15674974332643
0.4061009009161,-7.76246919631195,0.366674939932,-3.92553654908498,0.301225067815098,2.16976707163538
0.406055464654782,-7.77879048738488,0.366422079446608,-3.83873271022977,0.301319732803749,2.19838213079069
0.40600429504647,-7.93549089640669,0.366177957922545,-3.75805795421914,0.301319732803749,2.26009310480724
0.405953503365937,-7.95699506727787,0.365908995649127,-3.69794096303569,0.301369999092011,2.33230945506567
0.405897864636707,-8.01858540085579,0.365621056617107,-3.79758413369386,0.301412072301355,2.3821772939991
0.405838993598165,-8.00419581146384,0.365353807479286,-3.82984193252875,0.301457022331711,2.49813231048562
0.405835855252482,-8.00458843242786,0.365081178270724,-3.92013907894374,0.301501514861429,2.54120553779961
0.405689294432702,-8.02809734732184,0.364846860370791,-3.84946414386908,0.301547965204536,2.57012615029221
0.40568638669544,-8.09961761069763,0.364788315327943,-3.73039624699124,0.301612716910246,2.70772258714922
0.40562631345946,-8.2927484800901,0.364392380185238,-3.67798720331709,0.301659892712836,2.66471105263798
0.40555947043844,-8.25114098327742,0.364153033260151,-3.7190957604543,0.301697142073182,2.70234891605727
0.40550196093942,-8.22841404862522,0.363856458890643,-3.8275905097253,0.301739799373744,2.76079677712988
0.405436723342493,-8.17378849647805,0.363589995831652,-3.867635349262,0.301781096361358,2.73101875198991
0.405365655477148,-8.09737568708877,0.363309419792593,-3.84583257544607,0.301821252756326,2.82139735141549
0.405291890294761,-8.06522373060705,0.363028818897617,-3.81101525365576,0.301865377899076,2.80659459222382
0.405217158563094,-8.07189674457819,0.36276121492815,-3.73098549483679,0.301902381201649,2.82497754190132
0.405143660529862,-8.0517748945257,0.362483240189528,-3.73840782861392,0.301960225044107,2.87161819360645
0.405063385362811,-8.05997758836353,0.362181854818584,-3.76935033474387,0.302000628573379,2.89304651607813
0.404984442254769,-8.10108084929922,0.361778231235238,-3.76873991482093,0.302001647221344,2.89936103817857
0.404858977543658,-7.97074713557177,0.361502744214076,-3.76081174662113,0.302074022689484,2.97664579658947
0.404768362872947,-8.01387440875163,0.361257071370421,-3.7093005775964,0.302076622464199,3.02965817414215
0.404677680440979,-7.96995585863422,0.360982674168716,-3.58738737857378,0.302109067667548,3.08054571992067
0.40458617895485,-8.03858239072685,0.360710604863473,-3.56408023485142,0.302141595436461,3.07908170346397
0.404496665877268,-8.10096098380431,0.36042484738931,-3.52164522225237,0.302179781841885,3.11196055517084
0.404494844273989,-8.23467065542175,0.360142214767938,-3.56621061835882,0.302218493988319,3.22785773316607
0.404321824542887,-8.19579159206437,0.359908045535819,-3.6113176520607,0.302249242786287,3.21892704812658
0.404309281814475,-8.28303966640001,0.359807101474594,-3.56276527044031,0.302300956242489,3.31910737003813
0.404228686492138,-8.30026039648335,0.359308690213492,-3.48704753104369,0.302339224464582,3.30850569566225
0.40412550895262,-8.29305342655286,0.359267153879557,-3.40294778502801,0.302376032670279,3.34051517083763
0.404033769210046,-8.59245494782206,0.358987109792034,-3.46879477695536,0.302415846828218,3.32851257689999
0.403929826205569,-8.49338896828968,0.358694368070189,-3.39949526827117,0.302453590552811,3.40924505512111
0.403757394744993,-8.61977999180209,0.358251649822464,-3.37463896052692,0.302493422651332,3.38125429450116
0.403649833349635,-8.64170083450992,0.35799484932979,-3.15049336302151,0.302531295630875,3.40093054064302
0.403547791504532,-8.530682166846,0.357712697437826,-3.1146146676785,0.302570717523501,3.31188110048556
0.403438926331034,-8.47066568804313,0.357415754803163,-2.94750198541163,0.302613007835952,3.39993615356538
0.403324164306557,-8.5041475232414,0.357135199299505,-3.00665367551712,0.302669966282423,3.39476378733398
0.403196346079177,-8.50927154394311,0.356841633419468,-3.09007272697257,0.302672399247544,3.43123962944219
0.403077700474206,-8.44954993073334,0.356538390334466,-3.0264425343614,0.302707215939045,3.48906811061601
0.402960094785896,-8.5260519793119,0.356248546641081,-2.9483978092165,0.302708703394684,3.54785340693989
0.402852870591775,-8.34789636010076,0.35593410403487,-2.8540086773573,0.302790317634131,3.54506863874395
0.40273099454377,-8.35893475225189,0.355491149877758,-2.7604661918927,0.302834059003185,3.52149463695647
0.402613622352049,-8.40673010518153,0.355228305340747,-2.58810706257476,0.302878510043939,3.56230674047949
0.402606372415236,-8.39354834724534,0.354962046795162,-2.58959568296406,0.302922142469122,3.61257009701739
0.402429800091377,-8.52935776318985,0.354962046795162,-2.43740929095658,0.302970392709534,3.61411468847125
0.40230386231005,-8.60381495252145,0.354872979296737,-2.38149862441935,0.303046911729483,3.64982338943205
0.402166129416505,-8.62792609738145,0.354303994309684,-2.33305900101096,0.303095806263504,3.63592741970217
0.402019951125044,-8.55706938960766,0.353997287767892,-2.24356407775139,0.303139782329318,3.69386978204204
0.401893277484531,-8.59561279315414,0.353695732514809,-2.07997255230346,0.303186455015487,3.73878935349873
0.401757974045631,-8.65247168033065,0.353356935928635,-2.07250810927032,0.303239580711902,3.80971417620099
0.401624749949047,-8.88104437675071,0.35305597935384,-2.04233319389791,0.303284395967591,3.78942820430548
0.401510018478652,-8.94181728816043,0.352747762431436,-2.01657705365836,0.303335108355708,3.80641739331235
0.401297041122652,-8.89843413452295,0.352465169254996,-2.06952041834367,0.303336447263052,3.77479861043962
0.401152509311232,-8.85353301350517,0.352128851017534,-1.9675348095752,0.303421676037307,3.71733379699526
0.400998970892673,-8.76918582209624,0.351655673618045,-1.88302702977196,0.303423627443115,3.72111407977835
0.400856661726179,-8.7563331653349,0.351328857064686,-1.73111796977876,0.303477085762647,3.74408852957413
0.400702358356226,-8.76353295167823,0.351011385256411,-1.63597640833762,0.303558743215645,3.69486957627349
0.400562568058267,-8.67484333228921,0.350702548112781,-1.68414036696767,0.303617588224328,3.71507550103346
0.400403716718313,-8.69077952449579,0.350378879625743,-1.60862524576129,0.303679818868295,3.66499376369954
0.400256876907937,-8.63318656677346,0.350095699181475,-1.54277105443239,0.303739555451425,3.63039948972236
0.400247313510149,-8.50153497817183,0.349986636927622,-1.45688319367836,0.303791546796641,3.65523995901047
0.400102672193722,-8.50487251246385,0.349292905629505,-1.35811233434656,0.303856981589185,3.64092145477943
0.399873868940087,-8.49321931405278,0.349247387211941,-1.15189977509722,0.303922703730335,3.6475233744168
0.399725472897528,-8.56105185877843,0.348929230589645,-1.14277777691575,0.303985951564899,3.69918470373522
0.399577196247629,-8.60728515568617,0.348607422835762,-1.07417805496366,0.304051762931452,3.71029751697163
0.39942313217935,-8.55783232660569,0.348267196633526,-1.07930305089095,0.304115722701059,3.77395999282293
0.39927221676755,-8.60666738872477,0.347921918794593,-1.00748194784457,0.304226764226519,3.73344057490596
0.399111755612964,-8.59592197052536,0.347582904822964,-0.985678437386351,0.304303448162657,3.75217176768306
0.398948317323655,-8.51143947846971,0.347232598636433,-1.02311456169416,0.304378094367592,3.73121339454417
0.398771551196616,-8.54091532692765,0.346868550678495,-1.02685471344121,0.30438374454895,3.74551291423461
0.398603519304402,-8.71467179401765,0.346520794484357,-1.01609441375704,0.30452986707425,3.79722918037983
0.398326096235594,-8.66978177518061,0.346177764561381,-0.937056169197588,0.30452986707425,3.77748581055398
0.39818672886538,-8.61238207086602,0.345657251467682,-0.89925717222535,0.304598179101727,3.84861740268526
0.398016861729215,-8.56098921107159,0.34531460052602,-0.888826857050141,0.304686306915302,3.87642358703763
0.39784623995211,-8.50442024721856,0.344973345077307,-0.883104438865529,0.304750008290842,3.8886881467133
0.39783761034896,-8.4612511297735,0.34461583496153,-0.787498543288676,0.30487745032377,3.9208770321047
0.397666211039013,-8.37234113016075,0.344317917865596,-0.699730204677608,0.30497431259801,3.87464897534585
0.397489607954138,-8.35713719556682,0.344266083131241,-0.659468386874215,0.305071788879778,3.87087866516633
0.397312765635057,-8.25802289593408,0.343888648441194,-0.659507104321787,0.305172205607858,3.85226366193344
0.397108960890299,-8.20566778115087,0.343526856714297,-0.709623182810323,0.305266041295259,3.74793668779759
0.396812388675482,-8.15780386387469,0.343136681889032,-0.65847970476215,0.305361063070934,3.76577104746838
0.396659121433025,-8.09957158321902,0.342640207800477,-0.592370115565205,0.305469437938302,3.6883266859144
0.39646848342182,-8.02609357890487,0.342284372234854,-0.361189632242012,0.30556418174164,3.72576869237108
0.396288219249421,-8.1015093765461,0.341932840235079,-0.355548039031792,0.305675287775084,3.8167244192079
0.396088312927298,-8.13617383900392,0.341562236250904,-0.344306353809446,0.305774359542782,3.73327672729261
0.395897508991634,-8.04892634863096,0.341190323665027,-0.441737779478879,0.305948860203769,3.6874157992384
0.395698436030114,-8.0050392176918,0.340812290498248,-0.390198258626965,0.306071905589454,3.7011105107148
0.395495629781326,-8.00364077152669,0.34042708726813,-0.427467193672602,0.30607664394039,3.70530881823777
0.39519251029824,-7.93474126126976,0.340047379839752,-0.323782374162173,0.306311394267599,3.67240842628257
0.394970132769333,-7.90580636949675,0.339642653559791,-0.180018555574005,0.306319525617778,3.62214895147431
0.394789922594712,-8.04253796102564,0.339228656790872,-0.134787029226002,0.306440097471133,3.6523845268905
0.394596729431295,-7.91169045133632,0.338678774294994,-0.0570739120588948,0.306547856696174,3.64884599058256
0.394586450859802,-7.96925733517846,0.338300951974708,0.0396378681298521,0.306674196630642,3.712363540451
0.394586450859802,-7.89767267680694,0.337912893903574,0.103545225012113,0.306802244133243,3.72899226418338
0.394212053253756,-7.8575289770781,0.337598571001759,0.0430705851375739,0.306932943806489,3.75163095002424
0.393984041761593,-7.82647458719377,0.337473917598463,-0.0462221687486657,0.307139288207078,3.76036366847217
0.393776720459263,-7.73425249104962,0.336737220796398,-0.0524748322023705,0.307280373208012,3.6503542921955
0.393455819338733,-7.8260774078233,0.336689150356648,0.00323705415414621,0.307434785365784,3.69954162275538
0.39322242892858,-7.75563710556238,0.336368092913384,0.0378687687571169,0.307578949001012,3.64824733708718
0.393029402571634,-7.69081110776242,0.3359632016677,0.0340558656412815,0.307721973698071,3.64400603376275
0.392815197683102,-7.51866449575806,0.335363772800464,0.0378440192471212,0.307864567015433,3.59534245901926
0.392588740968368,-7.47256145889716,0.334972941055015,0.13739680814145,0.30802821915035,3.55754305545293
0.392373701249131,-7.58739906398211,0.334608159759853,0.176242116186916,0.308185899139836,3.55776838704147
0.392145614876475,-7.69181002839731,0.334198258389492,0.0764047398343447,0.30835495810276,3.52734285602741
0.391928183066358,-7.64143547823931,0.333825385696786,0.0570289925778784,0.308357686133826,3.56835874853037
0.391555318145544,-7.60708631738389,0.333412240946854,-0.00598678641311445,0.308357686133826,3.60260207583264
0.391318900407967,-7.66188593353291,0.333026035183494,-0.00802194525562627,0.308668366952993,3.60683447526362
0.391124450079429,-7.73837401074681,0.332590865682141,0.0798776654935003,0.30893119087374,3.58365170961909
0.391115732988939,-7.70780283724419,0.332006646994241,0.0309418340110859,0.309112202500193,3.62167241314856
0.390639287230004,-7.75002754447563,0.331647445252414,-0.00134203058982307,0.309279870281107,3.54718744347186
0.390631756576024,-7.87357664090176,0.331587955360719,0.165503013883628,0.309439260158157,3.58461235535779
