kp,ki,zeta
0,0,0.943864787159859
0.00306122448979592,0,0.930119426210496
0.00612244897959184,0,0.918395775812261
0.00918367346938775,0,0.907995237008864
0.0122448979591837,0,0.898483485918441
0.0153061224489796,0,0.889514385295123
0.0183673469387755,0,0.880741994140584
0.0214285714285714,0,0.871752257310289
0.0244897959183673,0,0.861998458376949
0.0275510204081633,0,0.850768907109262
0.0306122448979592,0,0.837292750803055
0.0336734693877551,0,0.8210978741874
0.036734693877551,0,0.802394942087973
0.0397959183673469,0,0.78196839694234
0.0428571428571429,0,0.76068382570501
0.0459183673469388,0,0.739177277131849
0.0489795918367347,0,0.717831104335009
0.0520408163265306,0,0.696851834765663
0.0551020408163265,0,0.676342180709266
0.0581632653061225,0,0.656347037813599
0.0612244897959184,0,0.636879753396769
0.0642857142857143,0,0.617936650804287
0.0673469387755102,0,0.599505041390454
0.0704081632653061,0,0.581567678937572
0.073469387755102,0,0.564105257986859
0.076530612244898,0,0.547097821074804
0.0795918367346939,0,0.530525547480251
0.0826530612244898,0,0.514369186222813
0.0857142857142857,0,0.498610282116871
0.0887755102040816,0,0.483231280684567
0.0918367346938776,0,0.468215562205666
0.0948979591836735,0,0.453547434754495
0.0979591836734694,0,0.439212104128432
0.101020408163265,0,0.425195631473562
0.104081632653061,0,0.411484885130367
0.107142857142857,0,0.398067490618296
0.110204081632653,0,0.384931781074852
0.113265306122449,0,0.37206674947407
0.116326530612245,0,0.359462003338373
0.119387755102041,0,0.34710772227666
0.122448979591837,0,0.334994618454199
0.125510204081633,0,0.323113899958228
0.128571428571429,0,0.311457236945076
0.131632653061224,0,0.30001673041167
0.13469387755102,0,0.288784883413203
0.137755102040816,0,0.277754574543779
0.140816326530612,0,0.26691903349978
0.143877551020408,0,0.256271818552866
0.146938775510204,0,0.245806795771176
0.15,0,0.235518119837089
0,0.0163265306122449,0.113596668954722
0.00306122448979592,0.0163265306122449,0.256427585396033
0.00612244897959184,0.0163265306122449,0.390437704171227
0.00918367346938775,0.0163265306122449,0.513638328749767
0.0122448979591837,0.0163265306122449,0.62435182546299
0.0153061224489796,0.0163265306122449,0.721929483778883
0.0183673469387755,0.0163265306122449,0.8070699896141
0.0214285714285714,0.0163265306122449,0.871640205788623
0.0244897959183673,0.0163265306122449,0.861886199557536
0.0275510204081633,0.0163265306122449,0.850683397093317
0.0306122448979592,0.0163265306122449,0.837262327435136
0.0336734693877551,0.0163265306122449,0.821138214129712
0.036734693877551,0.0163265306122449,0.802498227321464
0.0397959183673469,0.0163265306122449,0.782111522539448
0.0428571428571429,0.0163265306122449,0.760843747983317
0.0459183673469388,0.0163265306122449,0.739337888208542
0.0489795918367347,0.0163265306122449,0.717982960516356
0.0520408163265306,0.0163265306122449,0.696990018847268
0.0551020408163265,0.0163265306122449,0.676464493062409
0.0581632653061225,0.0163265306122449,0.656452828646105
0.0612244897959184,0.0163265306122449,0.636969230691187
0.0642857142857143,0.0163265306122449,0.618010480916538
0.0673469387755102,0.0163265306122449,0.599564119825241
0.0704081632653061,0.0163265306122449,0.581612998825394
0.073469387755102,0.0163265306122449,0.564137834886723
0.076530612244898,0.0163265306122449,0.547118650566107
0.0795918367346939,0.0163265306122449,0.530535582037067
0.0826530612244898,0.0163265306122449,0.514369323508658
0.0857142857142857,0.0163265306122449,0.498601360061037
0.0887755102040816,0.0163265306122449,0.48321407656065
0.0918367346938776,0.0163265306122449,0.4681907940319
0.0948979591836735,0.0163265306122449,0.453515763987746
0.0979591836734694,0.0163265306122449,0.439174139026148
0.101020408163265,0.0163265306122449,0.425151930735886
0.104081632653061,0.0163265306122449,0.411435961591402
0.107142857142857,0.0163265306122449,0.398013814847892
0.110204081632653,0.0163265306122449,0.384873784812002
0.113265306122449,0.0163265306122449,0.372004828851452
0.116326530612245,0.0163265306122449,0.359396521879546
0.119387755102041,0.0163265306122449,0.347039013663556
0.122448979591837,0.0163265306122449,0.334922989069331
0.125510204081633,0.0163265306122449,0.32303963121313
0.128571428571429,0.0163265306122449,0.311380587407664
0.131632653061224,0.0163265306122449,0.299937937747029
0.13469387755102,0.0163265306122449,0.288704166152688
0.137755102040816,0.0163265306122449,0.277672133696613
0.140816326530612,0.0163265306122449,0.266835054020782
0.143877551020408,0.0163265306122449,0.256186470679485
0.146938775510204,0.0163265306122449,0.245720236241375
0.15,0.0163265306122449,0.235430492999204
0,0.0326530612244898,0.139456111356819
0.00306122448979592,0.0326530612244898,0.248052782770361
0.00612244897959184,0.0326530612244898,0.352578091463831
0.00918367346938775,0.0326530612244898,0.451727762537015
0.0122448979591837,0.0326530612244898,0.54363779505672
0.0153061224489796,0.0326530612244898,0.62613695305887
0.0183673469387755,0.0326530612244898,0.697609681963144
0.0214285714285714,0.0326530612244898,0.757986258314497
0.0244897959183673,0.0326530612244898,0.808746143868782
0.0275510204081633,0.0326530612244898,0.850595539892305
0.0306122448979592,0.0326530612244898,0.837228633183474
0.0336734693877551,0.0326530612244898,0.821174895699622
0.036734693877551,0.0326530612244898,0.802598235997401
0.0397959183673469,0.0326530612244898,0.782252124420855
0.0428571428571429,0.0326530612244898,0.761001839908933
0.0459183673469388,0.0326530612244898,0.739497162631853
0.0489795918367347,0.0326530612244898,0.718133796934161
0.0520408163265306,0.0326530612244898,0.697127379155455
0.0551020408163265,0.0326530612244898,0.676586102212866
0.0581632653061225,0.0326530612244898,0.656557991418339
0.0612244897959184,0.0326530612244898,0.637058128082614
0.0642857142857143,0.0326530612244898,0.618083763380694
0.0673469387755102,0.0326530612244898,0.599622673582917
0.0704081632653061,0.0326530612244898,0.581657811668577
0.073469387755102,0.0326530612244898,0.564169919385991
0.076530612244898,0.0326530612244898,0.547139000701596
0.0795918367346939,0.0326530612244898,0.530545149491425
0.0826530612244898,0.0326530612244898,0.514369005610587
0.0857142857142857,0.0326530612244898,0.498591994646944
0.0887755102040816,0.0326530612244898,0.483196440925676
0.0918367346938776,0.0326530612244898,0.468165606253383
0.0948979591836735,0.0326530612244898,0.453483685577383
0.0979591836734694,0.0326530612244898,0.439135778266638
0.101020408163265,0.0326530612244898,0.425107846312848
0.104081632653061,0.0326530612244898,0.4113866662809
0.107142857142857,0.0326530612244898,0.39795977911858
0.110204081632653,0.0326530612244898,0.384815440262295
0.113265306122449,0.0326530612244898,0.371942571437965
0.116326530612245,0.0326530612244898,0.359330714919532
0.119387755102041,0.0326530612244898,0.346969990607005
0.122448979591837,0.0326530612244898,0.334851056046434
0.125510204081633,0.0326530612244898,0.322965069366561
0.128571428571429,0.0326530612244898,0.31130365502402
0.131632653061224,0.0326530612244898,0.299858872201457
0.13469387755102,0.0326530612244898,0.288623185680541
0.137755102040816,0.0326530612244898,0.27758943900795
0.140816326530612,0.0326530612244898,0.266750829770409
0.143877551020408,0.0326530612244898,0.256100886805753
0.146938775510204,0.0326530612244898,0.245633449185441
0.15,0.0326530612244898,0.235342646816526
0,0.0489795918367347,0.149849667200681
0.00306122448979592,0.0489795918367347,0.242008763900067
0.00612244897959184,0.0489795918367347,0.332134834631568
0.00918367346938775,0.0489795918367347,0.419733670379573
0.0122448979591837,0.0489795918367347,0.503918155259712
0.0153061224489796,0.0489795918367347,0.583160119738535
0.0183673469387755,0.0489795918367347,0.655112858790893
0.0214285714285714,0.0489795918367347,0.717095526978608
0.0244897959183673,0.0489795918367347,0.767737519330656
0.0275510204081633,0.0489795918367347,0.808173918299628
0.0306122448979592,0.0489795918367347,0.837191679046406
0.0336734693877551,0.0489795918367347,0.821207910284308
0.036734693877551,0.0489795918367347,0.802694937957313
0.0397959183673469,0.0489795918367347,0.78239016598352
0.0428571428571429,0.0489795918367347,0.761158069236569
0.0459183673469388,0.0489795918367347,0.739655075049686
0.0489795918367347,0.0489795918367347,0.718283594150143
0.0520408163265306,0.0489795918367347,0.697263900602083
0.0551020408163265,0.0489795918367347,0.676706996147823
0.0581632653061225,0.0489795918367347,0.656662516302054
0.0612244897959184,0.0489795918367347,0.637146437331404
0.0642857142857143,0.0489795918367347,0.6181564911516
0.0673469387755102,0.0489795918367347,0.599680696541578
0.0704081632653061,0.0489795918367347,0.581702112083428
0.073469387755102,0.0489795918367347,0.5642015067058
0.076530612244898,0.0489795918367347,0.547158867209255
0.0795918367346939,0.0489795918367347,0.530554246004116
0.0826530612244898,0.0489795918367347,0.514368229063286
0.0857142857142857,0.0489795918367347,0.498582182736899
0.0887755102040816,0.0489795918367347,0.483178370931164
0.0918367346938776,0.0489795918367347,0.468139996279497
0.0948979591836735,0.0489795918367347,0.453451197162626
0.0979591836734694,0.0489795918367347,0.43909701969587
0.101020408163265,0.0489795918367347,0.425063376236769
0.104081632653061,0.0489795918367347,0.411336997399509
0.107142857142857,0.0489795918367347,0.397905381783867
0.110204081632653,0.0489795918367347,0.384756745917654
0.113265306122449,0.0489795918367347,0.371879975851435
0.116326530612245,0.0489795918367347,0.359264581190736
0.119387755102041,0.0489795918367347,0.346900651944013
0.122448979591837,0.0489795918367347,0.334778818317492
0.125510204081633,0.0489795918367347,0.322890213437304
0.128571428571429,0.0489795918367347,0.311226438892542
0.131632653061224,0.0489795918367347,0.299779532945821
0.13469387755102,0.0489795918367347,0.288541941234131
0.137755102040816,0.0489795918367347,0.277506489776167
0.140816326530612,0.0489795918367347,0.266666360102766
0.143877551020408,0.0489795918367347,0.256015066336706
0.146938775510204,0.0489795918367347,0.245546434055375
0.15,0.0489795918367347,0.235254580784158
0,0.0653061224489796,0.154229145751922
0.00306122448979592,0.0653061224489796,0.235522293538019
0.00612244897959184,0.0653061224489796,0.315599249332136
0.00918367346938775,0.0653061224489796,0.394334577392063
0.0122448979591837,0.0653061224489796,0.471462711216319
0.0153061224489796,0.0653061224489796,0.54645149619438
0.0183673469387755,0.0653061224489796,0.618256388919064
0.0214285714285714,0.0653061224489796,0.684904150534524
0.0244897959183673,0.0653061224489796,0.743185855389632
0.0275510204081633,0.0653061224489796,0.789854535429087
0.0306122448979592,0.0653061224489796,0.824755583649929
0.0336734693877551,0.0653061224489796,0.821237249715945
0.036734693877551,0.0653061224489796,0.802788303388678
0.0397959183673469,0.0653061224489796,0.782525610528553
0.0428571428571429,0.0653061224489796,0.761312403398507
0.0459183673469388,0.0653061224489796,0.739811599775841
0.0489795918367347,0.0653061224489796,0.718432332445868
0.0520408163265306,0.0653061224489796,0.697399567877506
0.0551020408163265,0.0653061224489796,0.676827162682328
0.0581632653061225,0.0653061224489796,0.65676639333343
0.0612244897959184,0.0653061224489796,0.63723415009376
0.0642857142857143,0.0653061224489796,0.618228657097159
0.0673469387755102,0.0653061224489796,0.599738182510321
0.0704081632653061,0.0653061224489796,0.581745894628763
0.073469387755102,0.0653061224489796,0.56423259202003
0.076530612244898,0.0653061224489796,0.547178245777243
0.0795918367346939,0.0653061224489796,0.530562867701643
0.0826530612244898,0.0653061224489796,0.514366990372869
0.0857142857142857,0.0653061224489796,0.498571921168879
0.0887755102040816,0.0653061224489796,0.483159863708194
0.0918367346938776,0.0653061224489796,0.468113961501808
0.0948979591836735,0.0653061224489796,0.453418296367895
0.0979591836734694,0.0653061224489796,0.439057861147127
0.101020408163265,0.0653061224489796,0.425018518529167
0.104081632653061,0.0653061224489796,0.411286953138765
0.107142857142857,0.0653061224489796,0.397850621188989
0.110204081632653,0.0653061224489796,0.384697700263056
0.113265306122449,0.0653061224489796,0.371817040703718
0.116326530612245,0.0653061224489796,0.359198119420324
0.119387755102041,0.0653061224489796,0.346830996506681
0.122448979591837,0.0653061224489796,0.334706274810646
0.125510204081633,0.0653061224489796,0.322815062441117
0.128571428571429,0.0653061224489796,0.31114893810876
0.131632653061224,0.0653061224489796,0.299699919148765
0.13469387755102,0.0653061224489796,0.288460432048913
0.137755102040816,0.0653061224489796,0.277423285297685
0.140816326530612,0.0653061224489796,0.266581644370337
0.143877551020408,0.0653061224489796,0.255929008676223
0.146938775510204,0.0653061224489796,0.245459190302066
0.15,0.0653061224489796,0.235166294396141
0,0.0816326530612245,0.156110159145865
0.00306122448979592,0.0816326530612245,0.229413210016326
0.00612244897959184,0.0816326530612245,0.301834122364438
0.00918367346938775,0.0816326530612245,0.373372168611304
0.0122448979591837,0.0816326530612245,0.443982174215144
0.0153061224489796,0.0816326530612245,0.513534327841093
0.0183673469387755,0.0816326530612245,0.581732840455723
0.0214285714285714,0.0816326530612245,0.647944805067079
0.0244897959183673,0.0816326530612245,0.710834488881303
0.0275510204081633,0.0816326530612245,0.767667566241595
0.0306122448979592,0.0816326530612245,0.813908278559831
0.0336734693877551,0.0816326530612245,0.82126290626174
0.036734693877551,0.0816326530612245,0.802878302836894
0.0397959183673469,0.0816326530612245,0.782658421268745
0.0428571428571429,0.0816326530612245,0.761464809512349
0.0459183673469388,0.0816326530612245,0.739966710785087
0.0489795918367347,0.0816326530612245,0.718579991816975
0.0520408163265306,0.0816326530612245,0.697534365447099
0.0551020408163265,0.0816326530612245,0.676946589456252
0.0581632653061225,0.0816326530612245,0.656869612413765
0.0612244897959184,0.0816326530612245,0.637321257915852
0.0642857142857143,0.0816326530612245,0.618300254000276
0.0673469387755102,0.0816326530612245,0.599795125227529
0.0704081632653061,0.0816326530612245,0.581789153806503
0.073469387755102,0.0816326530612245,0.564263170454253
0.076530612244898,0.0816326530612245,0.547197132054413
0.0795918367346939,0.0816326530612245,0.530571010678053
0.0826530612244898,0.0816326530612245,0.514365286017766
0.0857142857142857,0.0816326530612245,0.498561206757582
0.0887755102040816,0.0816326530612245,0.483140916367556
0.0918367346938776,0.0816326530612245,0.468087499294319
0.0948979591836735,0.0816326530612245,0.453384980802451
0.0979591836734694,0.0816326530612245,0.439018300440695
0.101020408163265,0.0816326530612245,0.424973271200254
0.104081632653061,0.0816326530612245,0.411236531680506
0.107142857142857,0.0816326530612245,0.397795495671081
0.110204081632653,0.0816326530612245,0.384638301776326
0.113265306122449,0.0816326530612245,0.371753764600462
0.116326530612245,0.0816326530612245,0.359131328330205
0.119387755102041,0.0816326530612245,0.346761023122865
0.122448979591837,0.0816326530612245,0.334633424450212
0.125510204081633,0.0816326530612245,0.322739615390144
0.128571428571429,0.0816326530612245,0.311071151765144
0.131632653061224,0.0816326530612245,0.299620029976263
0.13469387755102,0.0816326530612245,0.288378657358001
0.137755102040816,0.0816326530612245,0.277339824867159
0.140816326530612,0.0816326530612245,0.266496681923914
0.143877551020408,0.0816326530612245,0.255842713226717
0.146938775510204,0.0816326530612245,0.245371717375182
0.15,0.0816326530612245,0.23507778714548
0,0.0979591836734694,0.156936281024071
0.00306122448979592,0.0979591836734694,0.224051517493017
0.00612244897959184,0.0979591836734694,0.290435307667072
0.00918367346938775,0.0979591836734694,0.356126266731955
0.0122448979591837,0.0979591836734694,0.421148794712506
0.0153061224489796,0.0979591836734694,0.485499432021855
0.0183673469387755,0.0979591836734694,0.549120224060804
0.0214285714285714,0.0979591836734694,0.611845038869426
0.0244897959183673,0.0979591836734694,0.673288183552983
0.0275510204081633,0.0979591836734694,0.732606731515237
0.0306122448979592,0.0979591836734694,0.787974099695062
0.0336734693877551,0.0979591836734694,0.821284872592697
0.036734693877551,0.0979591836734694,0.802964907199088
0.0397959183673469,0.0979591836734694,0.78278856133493
0.0428571428571429,0.0979591836734694,0.761615254380776
0.0459183673469388,0.0979591836734694,0.74012038171151
0.0489795918367347,0.0979591836734694,0.718726551968035
0.0520408163265306,0.0979591836734694,0.697668277547295
0.0551020408163265,0.0979591836734694,0.677065263931579
0.0581632653061225,0.0979591836734694,0.656972163305269
0.0612244897959184,0.0979591836734694,0.637407752234875
0.0642857142857143,0.0979591836734694,0.618371274554392
0.0673469387755102,0.0979591836734694,0.59985151836068
0.0704081632653061,0.0979591836734694,0.581831884059378
0.073469387755102,0.0979591836734694,0.564293237086607
0.076530612244898,0.0979591836734694,0.54721552164803
0.0795918367346939,0.0979591836734694,0.530578670992157
0.0826530612244898,0.0979591836734694,0.514363112446981
0.0857142857142857,0.0979591836734694,0.498550036292688
0.0887755102040816,0.0979591836734694,0.483121525999609
0.0918367346938776,0.0979591836734694,0.468060607013441
0.0948979591836735,0.0979591836734694,0.453351248060523
0.0979591836734694,0.0979591836734694,0.438978335384251
0.101020408163265,0.0979591836734694,0.424927632249525
0.104081632653061,0.0979591836734694,0.41118573119714
0.107142857142857,0.0979591836734694,0.397740003559152
0.110204081632653,0.0979591836734694,0.3845785489283
0.113265306122449,0.0979591836734694,0.371690146141291
0.116326530612245,0.0979591836734694,0.359064206637125
0.119387755102041,0.0979591836734694,0.346690730615725
0.122448979591837,0.0979591836734694,0.334560266156292
0.125510204081633,0.0979591836734694,0.322663871293257
0.128571428571429,0.0979591836734694,0.310993078951371
0.131632653061224,0.0979591836734694,0.299539864591742
0.13469387755102,0.0979591836734694,0.288296616392244
0.137755102040816,0.0979591836734694,0.277256107777242
0.140816326530612,0.0979591836734694,0.266411472112806
0.143877551020408,0.0979591836734694,0.255756179389168
0.146938775510204,0.0979591836734694,0.245284014723217
0.15,0.0979591836734694,0.234989058524196
0,0.114285714285714,0.157335024090533
0.00306122448979592,0.114285714285714,0.21949054234108
0.00612244897959184,0.114285714285714,0.280991527978703
0.00918367346938775,0.114285714285714,0.341888091717993
0.0122448979591837,0.114285714285714,0.402226267639745
0.0153061224489796,0.114285714285714,0.462042775993943
0.0183673469387755,0.114285714285714,0.521354859064432
0.0214285714285714,0.114285714285714,0.5801400357867
0.0244897959183673,0.114285714285714,0.638294981093664
0.0275510204081633,0.114285714285714,0.695551536165726
0.0306122448979592,0.114285714285714,0.751309525855906
0.0336734693877551,0.114285714285714,0.804325569334656
0.036734693877551,0.114285714285714,0.803048087737748
0.0397959183673469,0.114285714285714,0.782915993792067
0.0428571428571429,0.114285714285714,0.761763704495822
0.0459183673469388,0.114285714285714,0.740272585847101
0.0489795918367347,0.114285714285714,0.718871992313518
0.0520408163265306,0.114285714285714,0.697801288183542
0.0551020408163265,0.114285714285714,0.677183173391943
0.0581632653061225,0.114285714285714,0.657074035629682
0.0612244897959184,0.114285714285714,0.637493624378044
0.0642857142857143,0.114285714285714,0.618441711365735
0.0673469387755102,0.114285714285714,0.599907355505424
0.0704081632653061,0.114285714285714,0.581874079772116
0.073469387755102,0.114285714285714,0.564322786945587
0.076530612244898,0.114285714285714,0.547233410126267
0.0795918367346939,0.114285714285714,0.530585844669854
0.0826530612244898,0.114285714285714,0.514360466081413
0.0857142857142857,0.114285714285714,0.498538406539489
0.0887755102040816,0.114285714285714,0.483101689673267
0.0918367346938776,0.114285714285714,0.468033281997988
0.0948979591836735,0.114285714285714,0.453317095721306
0.0979591836734694,0.114285714285714,0.438937963771864
0.101020408163265,0.114285714285714,0.424881599664879
0.104081632653061,0.114285714285714,0.411134549851347
0.107142857142857,0.114285714285714,0.397684143173804
0.110204081632653,0.114285714285714,0.384518440182623
0.113265306122449,0.114285714285714,0.371626183919594
0.116326530612245,0.114285714285714,0.358996753052343
0.119387755102041,0.114285714285714,0.346620117803871
0.122448979591837,0.114285714285714,0.334486798845401
0.125510204081633,0.114285714285714,0.322587829155839
0.128571428571429,0.114285714285714,0.310914718754192
0.131632653061224,0.114285714285714,0.29945942215619
0.13469387755102,0.114285714285714,0.288214308380519
0.137755102040816,0.114285714285714,0.277172133318817
0.140816326530612,0.114285714285714,0.266326014284575
0.143877551020408,0.114285714285714,0.255669406563274
0.146938775510204,0.114285714285714,0.245196081793457
0.15,0.114285714285714,0.234900108023275
0,0.130612244897959,0.157591248436146
0.00306122448979592,0.130612244897959,0.215666175127366
0.00612244897959184,0.130612244897959,0.273130977598814
0.00918367346938775,0.130612244897959,0.330037884088722
0.0122448979591837,0.130612244897959,0.386438740716251
0.0153061224489796,0.130612244897959,0.442382905198825
0.0183673469387755,0.130612244897959,0.497913082484091
0.0214285714285714,0.130612244897959,0.553056892689252
0.0244897959183673,0.130612244897959,0.607809453609149
0.0275510204081633,0.130612244897959,0.662096823378689
0.0306122448979592,0.130612244897959,0.715699302708623
0.0336734693877551,0.130612244897959,0.768098816457104
0.036734693877551,0.130612244897959,0.803127816072604
0.0397959183673469,0.130612244897959,0.783040681638647
0.0428571428571429,0.130612244897959,0.761910126040452
0.0459183673469388,0.130612244897959,0.740423296143294
0.0489795918367347,0.130612244897959,0.719016291971129
0.0520408163265306,0.130612244897959,0.697933381127552
0.0551020408163265,0.130612244897959,0.677300304938347
0.0581632653061225,0.130612244897959,0.657175218867368
0.0612244897959184,0.130612244897959,0.637578865559264
0.0642857142857143,0.130612244897959,0.618511556950338
0.0673469387755102,0.130612244897959,0.599962630184089
0.0704081632653061,0.130612244897959,0.581915735268496
0.073469387755102,0.130612244897959,0.56435181501013
0.076530612244898,0.130612244897959,0.547250793014453
0.0795918367346939,0.130612244897959,0.530592527701695
0.0826530612244898,0.130612244897959,0.514357343312277
0.0857142857142857,0.130612244897959,0.498526314239057
0.0887755102040816,0.130612244897959,0.483081404437019
0.0918367346938776,0.130612244897959,0.468005521568791
0.0948979591836735,0.130612244897959,0.45328252134847
0.0979591836734694,0.130612244897959,0.438897183385277
0.101020408163265,0.130612244897959,0.42483517142324
0.104081632653061,0.130612244897959,0.411082985796424
0.107142857142857,0.130612244897959,0.39762791282729
0.110204081632653,0.130612244897959,0.384457973995877
0.113265306122449,0.130612244897959,0.371561876522744
0.116326530612245,0.130612244897959,0.358928966282009
0.119387755102041,0.130612244897959,0.346549183501511
0.122448979591837,0.130612244897959,0.334413021429875
0.125510204081633,0.130612244897959,0.322511487979942
0.128571428571429,0.130612244897959,0.310836070257351
0.131632653061224,0.130612244897959,0.299378701828031
0.13469387755102,0.130612244897959,0.288131732549476
0.137755102040816,0.130612244897959,0.277087900780831
0.140816326530612,0.130612244897959,0.266240307785298
0.143877551020408,0.130612244897959,0.255582394147263
0.146938775510204,0.130612244897959,0.245107918032003
0.15,0.130612244897959,0.234810935132691
0,0.146938775510204,0.157837417659375
0.00306122448979592,0.146938775510204,0.212484217759389
0.00612244897959184,0.146938775510204,0.266549565715711
0.00918367346938775,0.146938775510204,0.32008457049222
0.0122448979591837,0.146938775510204,0.373141328391808
0.0153061224489796,0.146938775510204,0.425772126603925
0.0183673469387755,0.146938775510204,0.478027790912205
0.0214285714285714,0.146938775510204,0.52995420511009
0.0244897959183673,0.146938775510204,0.581584907416334
0.0275510204081633,0.146938775510204,0.632925106064923
0.0306122448979592,0.146938775510204,0.683916545272025
0.0336734693877551,0.146938775510204,0.734359725666233
0.036734693877551,0.146938775510204,0.783749052081871
0.0397959183673469,0.146938775510204,0.783162587823206
0.0428571428571429,0.146938775510204,0.762054484890071
0.0459183673469388,0.146938775510204,0.740572485198593
0.0489795918367347,0.146938775510204,0.719159429758509
0.0520408163265306,0.146938775510204,0.698064539912361
0.0551020408163265,0.146938775510204,0.677416645486143
0.0581632653061225,0.146938775510204,0.657275702353804
0.0612244897959184,0.146938775510204,0.637663466879373
0.0642857142857143,0.146938775510204,0.618580803732564
0.0673469387755102,0.146938775510204,0.600017335846634
0.0704081632653061,0.146938775510204,0.58195684481273
0.073469387755102,0.146938775510204,0.564380316209902
0.076530612244898,0.146938775510204,0.547267665797205
0.0795918367346939,0.146938775510204,0.530598716043307
0.0826530612244898,0.146938775510204,0.514353740501557
0.0857142857142857,0.146938775510204,0.498513756107409
0.0887755102040816,0.146938775510204,0.483060667317756
0.0918367346938776,0.146938775510204,0.467977323028665
0.0948979591836735,0.146938775510204,0.453247522490549
0.0979591836734694,0.146938775510204,0.438855991992416
0.101020408163265,0.146938775510204,0.424788345490221
0.104081632653061,0.146938775510204,0.411031037175593
0.107142857142857,0.146938775510204,0.397571310823751
0.110204081632653,0.146938775510204,0.384397148817372
0.113265306122449,0.146938775510204,0.371497222531791
0.116326530612245,0.146938775510204,0.358860845026803
0.119387755102041,0.146938775510204,0.346477926517986
0.122448979591837,0.146938775510204,0.334338932818181
0.125510204081633,0.146938775510204,0.322434846764177
0.128571428571429,0.146938775510204,0.310757132541712
0.131632653061224,0.146938775510204,0.299297702763131
0.13469387755102,0.146938775510204,0.288048888123516
0.137755102040816,0.146938775510204,0.277003409450306
0.140816326530612,0.146938775510204,0.266154351959412
0.143877551020408,0.146938775510204,0.255495141537944
0.146938775510204,0.146938775510204,0.245019522883737
0.15,0.146938775510204,0.234721539341465
0,0.163265306122449,0.158134783170911
0.00306122448979592,0.163265306122449,0.209851940977161
0.00612244897959184,0.163265306122449,0.261007999053362
0.00918367346938775,0.163265306122449,0.311651896414116
0.0122448979591837,0.163265306122449,0.361834000627199
0.0153061224489796,0.163265306122449,0.411605885166427
0.0183673469387755,0.163265306122449,0.461019787316666
0.0214285714285714,0.163265306122449,0.510127327769259
0.0244897959183673,0.163265306122449,0.558976591534003
0.0275510204081633,0.163265306122449,0.607605560020005
0.0306122448979592,0.163265306122449,0.656027222078126
0.0336734693877551,0.163265306122449,0.704195120749351
0.036734693877551,0.163265306122449,0.751922125759261
0.0397959183673469,0.163265306122449,0.783281675244183
0.0428571428571429,0.163265306122449,0.762196746615304
0.0459183673469388,0.163265306122449,0.740720125267866
0.0489795918367347,0.163265306122449,0.719301384194194
0.0520408163265306,0.163265306122449,0.698194747831152
0.0551020408163265,0.163265306122449,0.677532181764223
0.0581632653061225,0.163265306122449,0.657375475278191
0.0612244897959184,0.163265306122449,0.637747419323372
0.0642857142857143,0.163265306122449,0.61864944404584
0.0673469387755102,0.163265306122449,0.60007146586586
0.0704081632653061,0.163265306122449,0.58199740260747
0.073469387755102,0.163265306122449,0.56440828542409
0.076530612244898,0.163265306122449,0.547284023917462
0.0795918367346939,0.163265306122449,0.530604405615749
0.0826530612244898,0.163265306122449,0.514349653981755
0.0857142857142857,0.163265306122449,0.498500728834992
0.0887755102040816,0.163265306122449,0.483039475321678
0.0918367346938776,0.163265306122449,0.46794868366236
0.0948979591836735,0.163265306122449,0.453212096680245
0.0979591836734694,0.163265306122449,0.438814387348194
0.101020408163265,0.163265306122449,0.424741119820081
0.104081632653061,0.163265306122449,0.41097870212257
0.107142857142857,0.163265306122449,0.397514335458866
0.110204081632653,0.163265306122449,0.384335963089351
0.113265306122449,0.163265306122449,0.371432220521668
0.116326530612245,0.163265306122449,0.358792387982135
0.119387755102041,0.163265306122449,0.346406345658299
0.122448979591837,0.163265306122449,0.334264531914861
0.125510204081633,0.163265306122449,0.322357904503847
0.128571428571429,0.163265306122449,0.310677904685215
0.131632653061224,0.163265306122449,0.299216424114824
0.13469387755102,0.163265306122449,0.287965774324869
0.137755102040816,0.163265306122449,0.276918658612607
0.140816326530612,0.163265306122449,0.266068146149606
0.143877551020408,0.163265306122449,0.255407648130899
0.146938775510204,0.163265306122449,0.244930895792503
0.15,0.163265306122449,0.234631920137394
0,0.179591836734694,0.158510040039112
0.00306122448979592,0.179591836734694,0.207687684450865
0.00612244897959184,0.179591836734694,0.256319816122599
0.00918367346938775,0.179591836734694,0.304452975495035
0.0122448979591837,0.179591836734694,0.352135181432124
0.0153061224489796,0.179591836734694,0.39941595612358
0.0183673469387755,0.179591836734694,0.446346271496126
0.0214285714285714,0.179591836734694,0.49297824590234
0.0244897959183673,0.179591836734694,0.539364222862042
0.0275510204081633,0.179591836734694,0.585554411968081
0.0306122448979592,0.179591836734694,0.631591188704663
0.0336734693877551,0.179591836734694,0.677495419436353
0.036734693877551,0.179591836734694,0.72323296536703
0.0397959183673469,0.179591836734694,0.76863012115716
0.0428571428571429,0.179591836734694,0.76233687648511
0.0459183673469388,0.179591836734694,0.740866188255308
0.0489795918367347,0.179591836734694,0.719442133488817
0.0520408163265306,0.179591836734694,0.698323987935553
0.0551020408163265,0.179591836734694,0.677646900312046
0.0581632653061225,0.179591836734694,0.657474526682233
0.0612244897959184,0.179591836734694,0.637830713760013
0.0642857142857143,0.179591836734694,0.6187174701285
0.0673469387755102,0.179591836734694,0.600125013542064
0.0704081632653061,0.179591836734694,0.582037402794138
0.073469387755102,0.179591836734694,0.564435717480009
0.076530612244898,0.179591836734694,0.547299862774545
0.0795918367346939,0.179591836734694,0.530609592304023
0.0826530612244898,0.179591836734694,0.51434508005512
0.0857142857142857,0.179591836734694,0.498487229087604
0.0887755102040816,0.179591836734694,0.483017825433061
0.0918367346938776,0.179591836734694,0.467919600736246
0.0948979591836735,0.179591836734694,0.453176241435094
0.0979591836734694,0.179591836734694,0.438772367194358
0.101020408163265,0.179591836734694,0.424693492355556
0.104081632653061,0.179591836734694,0.410925978761305
0.107142857142857,0.179591836734694,0.397456985019877
0.110204081632653,0.179591836734694,0.384274415246639
0.113265306122449,0.179591836734694,0.371366869061068
0.116326530612245,0.179591836734694,0.358723593838074
0.119387755102041,0.179591836734694,0.346334439722659
0.122448979591837,0.179591836734694,0.334189817620317
0.125510204081633,0.179591836734694,0.322280660190475
0.128571428571429,0.179591836734694,0.310598385762753
0.131632653061224,0.179591836734694,0.299134865033972
0.13469387755102,0.179591836734694,0.287882390373634
0.137755102040816,0.179591836734694,0.276833647550931
0.140816326530612,0.179591836734694,0.265981689697089
0.143877551020408,0.179591836734694,0.255319913320157
0.146938775510204,0.179591836734694,0.244842036200681
0.15,0.179591836734694,0.23454207700752
0,0.195918367346939,0.158972716954998
0.00306122448979592,0.195918367346939,0.205922455332197
0.00612244897959184,0.195918367346939,0.252339332483257
0.00918367346938775,0.195918367346939,0.298267575076021
0.0122448979591837,0.195918367346939,0.343752773740088
0.0153061224489796,0.195918367346939,0.388842005102609
0.0183673469387755,0.195918367346939,0.4335839803132
0.0214285714285714,0.195918367346939,0.478029157566145
0.0244897959183673,0.195918367346939,0.522229681027023
0.0275510204081633,0.195918367346939,0.566238835852909
0.0306122448979592,0.195918367346939,0.610109297124997
0.0336734693877551,0.195918367346939,0.653888419463245
0.036734693877551,0.195918367346939,0.697606076020062
0.0397959183673469,0.195918367346939,0.74124280987861
0.0428571428571429,0.195918367346939,0.762474839469233
0.0459183673469388,0.195918367346939,0.74101064571323
0.0489795918367347,0.195918367346939,0.719581655545502
0.0520408163265306,0.195918367346939,0.6984522430264
0.0551020408163265,0.195918367346939,0.677760787476819
0.0581632653061225,0.195918367346939,0.657572845457177
0.0612244897959184,0.195918367346939,0.637913340939913
0.0642857142857143,0.195918367346939,0.618784874125947
0.0673469387755102,0.195918367346939,0.600177972096412
0.0704081632653061,0.195918367346939,0.58207683945086
0.073469387755102,0.195918367346939,0.564462607154468
0.076530612244898,0.195918367346939,0.547315177726163
0.0795918367346939,0.195918367346939,0.530614271957502
0.0826530612244898,0.195918367346939,0.514340014993925
0.0857142857142857,0.195918367346939,0.498473253505188
0.0887755102040816,0.195918367346939,0.482995714614491
0.0918367346938776,0.195918367346939,0.467890071498276
0.0948979591836735,0.195918367346939,0.453139954256712
0.0979591836734694,0.195918367346939,0.438729929259109
0.101020408163265,0.195918367346939,0.424645461028037
0.104081632653061,0.195918367346939,0.410872865205698
0.107142857142857,0.195918367346939,0.39739925778543
0.110204081632653,0.195918367346939,0.384212503716903
0.113265306122449,0.195918367346939,0.37130116671249
0.116326530612245,0.195918367346939,0.358654461279331
0.119387755102041,0.195918367346939,0.346262207506669
0.122448979591837,0.195918367346939,0.334114788831137
0.125510204081633,0.195918367346939,0.322203112812699
0.128571428571429,0.195918367346939,0.310518574846335
0.131632653061224,0.195918367346939,0.299053024668812
0.13469387755102,0.195918367346939,0.287798735487608
0.137755102040816,0.195918367346939,0.276748375546809
0.140816326530612,0.195918367346939,0.265894981941422
0.143877551020408,0.195918367346939,0.255231936498395
0.146938775510204,0.195918367346939,0.244752943549771
0.15,0.195918367346939,0.234452009437753
0,0.212244897959184,0.159523769085344
0.00306122448979592,0.212244897959184,0.204498860898212
0.00612244897959184,0.212244897959184,0.248951811318427
0.00918367346938775,0.212244897959184,0.292924729530281
0.0122448979591837,0.212244897959184,0.336460911515023
0.0153061224489796,0.212244897959184,0.379604989726006
0.0183673469387755,0.212244897959184,0.422403151278222
0.0214285714285714,0.212244897959184,0.464903408241161
0.0244897959183673,0.212244897959184,0.507155879074437
0.0275510204081633,0.212244897959184,0.549212981116711
0.0306122448979592,0.212244897959184,0.591129290271005
0.0336734693877551,0.212244897959184,0.63296046382295
0.036734693877551,0.212244897959184,0.674759673971883
0.0397959183673469,0.212244897959184,0.716567332181427
0.0428571428571429,0.212244897959184,0.758381772923772
0.0459183673469388,0.212244897959184,0.741153468837567
0.0489795918367347,0.212244897959184,0.719719927954969
0.0520408163265306,0.212244897959184,0.698579495657239
0.0551020408163265,0.212244897959184,0.677873829408694
0.0581632653061225,0.212244897959184,0.65767042034228
0.0612244897959184,0.212244897959184,0.637995291492558
0.0642857142857143,0.212244897959184,0.618851648087775
0.0673469387755102,0.212244897959184,0.600230334674874
0.0704081632653061,0.212244897959184,0.582115706593958
0.073469387755102,0.212244897959184,0.564488949171696
0.076530612244898,0.212244897959184,0.547329964085952
0.0795918367346939,0.212244897959184,0.530618440389149
0.0826530612244898,0.212244897959184,0.514334455040294
0.0857142857142857,0.212244897959184,0.498458798702328
0.0887755102040816,0.212244897959184,0.482973139807116
0.0918367346938776,0.212244897959184,0.467860093178063
0.0948979591836735,0.212244897959184,0.453103232631002
0.0979591836734694,0.212244897959184,0.438687071257077
0.101020408163265,0.212244897959184,0.424597023757239
0.104081632653061,0.212244897959184,0.410819359560095
0.107142857142857,0.212244897959184,0.397341152025918
0.110204081632653,0.212244897959184,0.384150226920613
0.113265306122449,0.212244897959184,0.37123511203204
0.116326530612245,0.212244897959184,0.358584988985023
0.119387755102041,0.212244897959184,0.346189647801427
0.122448979591837,0.212244897959184,0.334039444439882
0.125510204081633,0.212244897959184,0.322125261355248
0.128571428571429,0.212244897959184,0.310438471004959
0.131632653061224,0.212244897959184,0.298970902165014
0.13469387755102,0.212244897959184,0.287714808882516
0.137755102040816,0.212244897959184,0.276662841879712
0.140816326530612,0.212244897959184,0.265808022220591
0.143877551020408,0.212244897959184,0.255143717056988
0.146938775510204,0.212244897959184,0.244663617279871
0.15,0.212244897959184,0.23436171691293
0,0.228571428571429,0.160159958789822
0.00306122448979592,0.228571428571429,0.203369354883011
0.00612244897959184,0.228571428571429,0.24606598033978
0.00918367346938775,0.228571428571429,0.288290051513926
0.0122448979591837,0.228571428571429,0.330082778117467
0.0153061224489796,0.228571428571429,0.371486509548556
0.0183673469387755,0.228571428571429,0.412544962968908
0.0214285714285714,0.228571428571429,0.453303534868332
0.0244897959183673,0.228571428571429,0.493809693396218
0.0275510204081633,0.228571428571429,0.53411343398127
0.0306122448979592,0.228571428571429,0.574267739540955
0.0336734693877551,0.228571428571429,0.614328876551349
0.036734693877551,0.228571428571429,0.654356062486203
0.0397959183673469,0.228571428571429,0.69440920778455
0.0428571428571429,0.228571428571429,0.73454093131039
0.0459183673469388,0.228571428571429,0.741294628473483
0.0489795918367347,0.228571428571429,0.719856927994725
0.0520408163265306,0.228571428571429,0.698705728128485
0.0551020408163265,0.228571428571429,0.677986012063005
0.0581632653061225,0.228571428571429,0.657767239922209
0.0612244897959184,0.228571428571429,0.638076555926556
0.0642857142857143,0.228571428571429,0.618917783964621
0.0673469387755102,0.228571428571429,0.60028209434345
0.0704081632653061,0.228571428571429,0.582153998174328
0.073469387755102,0.228571428571429,0.564514738203266
0.076530612244898,0.228571428571429,0.5473442171245
0.0795918367346939,0.228571428571429,0.530622093375462
0.0826530612244898,0.228571428571429,0.514328396405148
0.0857142857142857,0.228571428571429,0.498443861267197
0.0887755102040816,0.228571428571429,0.482950097929867
0.0918367346938776,0.228571428571429,0.467829662986555
0.0948979591836735,0.228571428571429,0.453066074027795
0.0979591836734694,0.228571428571429,0.43864379088939
0.101020408163265,0.228571428571429,0.424548178451358
0.104081632653061,0.228571428571429,0.41076545991854
0.107142857142857,0.228571428571429,0.397282666003027
0.110204081632653,0.228571428571429,0.384087583270718
0.113265306122449,0.228571428571429,0.371168703569673
0.116326530612245,0.228571428571429,0.358515175629086
0.119387755102041,0.228571428571429,0.346116759393144
0.122448979591837,0.228571428571429,0.333963783334992
0.125510204081633,0.228571428571429,0.322047104799542
0.128571428571429,0.228571428571429,0.310358073304714
0.131632653061224,0.228571428571429,0.298888496665801
0.13469387755102,0.228571428571429,0.287630609771835
0.137755102040816,0.228571428571429,0.276577045827389
0.140816326530612,0.228571428571429,0.26572080987087
0.143877551020408,0.228571428571429,0.255055254385878
0.146938775510204,0.228571428571429,0.244574056829981
0.15,0.228571428571429,0.234271198916958
0,0.244897959183673,0.160876136498333
0.00306122448979592,0.244897959183673,0.202494497282975
0.00612244897959184,0.244897959183673,0.243608465036032
0.00918367346938775,0.244897959183673,0.284256582194102
0.0122448979591837,0.244897959183673,0.324478195650303
0.0153061224489796,0.244897959183673,0.364313587218209
0.0183673469387755,0.244897959183673,0.403804186415931
0.0214285714285714,0.244897959183673,0.442992873221984
0.0244897959183673,0.244897959183673,0.481924381390514
0.0275510204081633,0.244897959183673,0.520645814307858
0.0306122448979592,0.244897959183673,0.559207281136761
0.0336734693877551,0.244897959183673,0.59766263963842
0.036734693877551,0.244897959183673,0.636070260976572
0.0397959183673469,0.244897959183673,0.674493512967268
0.0428571428571429,0.244897959183673,0.712999979439609
0.0459183673469388,0.244897959183673,0.741434095106077
0.0489795918367347,0.244897959183673,0.719992632620223
0.0520408163265306,0.244897959183673,0.698830922483858
0.0551020408163265,0.244897959183673,0.678097321192329
0.0581632653061225,0.244897959183673,0.657863292625409
0.0612244897959184,0.244897959183673,0.638157124627282
0.0642857142857143,0.244897959183673,0.61898327361183
0.0673469387755102,0.244897959183673,0.600333244090064
0.0704081632653061,0.244897959183673,0.582191708079626
0.073469387755102,0.244897959183673,0.564539968867949
0.076530612244898,0.244897959183673,0.547357932067551
0.0795918367346939,0.244897959183673,0.530625226656493
0.0826530612244898,0.244897959183673,0.514321835268553
0.0857142857142857,0.244897959183673,0.498428437762283
0.0887755102040816,0.244897959183673,0.482926585879834
0.0918367346938776,0.244897959183673,0.467798778115495
0.0948979591836735,0.244897959183673,0.453028475901106
0.0979591836734694,0.244897959183673,0.438600085843579
0.101020408163265,0.244897959183673,0.42449892300701
0.104081632653061,0.244897959183673,0.410711164365186
0.107142857142857,0.244897959183673,0.397223797970044
0.110204081632653,0.244897959183673,0.384024571172909
0.113265306122449,0.244897959183673,0.371101939868788
0.116326530612245,0.244897959183673,0.358445019879947
0.119387755102041,0.244897959183673,0.346043541063487
0.122448979591837,0.244897959183673,0.333887804400956
0.125510204081633,0.244897959183673,0.321968642123698
0.128571428571429,0.244897959183673,0.310277380808605
0.131632653061224,0.244897959183673,0.298805807311687
0.13469387755102,0.244897959183673,0.287546137366883
0.137755102040816,0.244897959183673,0.276490986665614
0.140816326530612,0.244897959183673,0.265633344226942
0.143877551020408,0.244897959183673,0.254966547873608
0.146938775510204,0.244897959183673,0.244484261637873
0.15,0.244897959183673,0.234180454932749
0,0.261224489795918,0.161666439439644
0.00306122448979592,0.261224489795918,0.201841443107091
0.00612244897959184,0.261224489795918,0.24151966620385
0.00918367346938775,0.261224489795918,0.28073817744227
0.0122448979591837,0.261224489795918,0.319534674195596
0.0153061224489796,0.261224489795918,0.357947593372346
0.0183673469387755,0.261224489795918,0.396016300041542
0.0214285714285714,0.261224489795918,0.433781362282231
0.0244897959183673,0.261224489795918,0.471284925818892
0.0275510204081633,0.261224489795918,0.508571208411074
0.0306122448979592,0.261224489795918,0.545687141512113
0.0336734693877551,0.261224489795918,0.582683193871727
0.036734693877551,0.261224489795918,0.619614412225367
0.0397959183673469,0.261224489795918,0.656541686966197
0.0428571428571429,0.261224489795918,0.693533122735035
0.0459183673469388,0.261224489795918,0.730664908625419
0.0489795918367347,0.261224489795918,0.720127018467971
0.0520408163265306,0.261224489795918,0.698955060507249
0.0551020408163265,0.261224489795918,0.678207742347995
0.0581632653061225,0.261224489795918,0.657958566722473
0.0612244897959184,0.261224489795918,0.63823698785563
0.0642857142857143,0.261224489795918,0.619048108783365
0.0673469387755102,0.261224489795918,0.600383776821931
0.0704081632653061,0.261224489795918,0.582228830131136
0.073469387755102,0.261224489795918,0.564564635729946
0.076530612244898,0.261224489795918,0.547371104096648
0.0795918367346939,0.261224489795918,0.530627835934466
0.0826530612244898,0.261224489795918,0.514314767780044
0.0857142857142857,0.261224489795918,0.498412524723544
0.0887755102040816,0.261224489795918,0.482902600531635
0.0918367346938776,0.261224489795918,0.467767435738424
0.0948979591836735,0.261224489795918,0.452990435688871
0.0979591836734694,0.261224489795918,0.438555953793382
0.101020408163265,0.261224489795918,0.42444925530879
0.104081632653061,0.261224489795918,0.410656470974239
0.107142857142857,0.261224489795918,0.397164546171365
0.110204081632653,0.261224489795918,0.38396118902545
0.113265306122449,0.261224489795918,0.371034819466773
0.116326530612245,0.261224489795918,0.358374520400516
0.119387755102041,0.261224489795918,0.345969991589445
0.122448979591837,0.261224489795918,0.333811506518301
0.125510204081633,0.261224489795918,0.321889872302041
0.128571428571429,0.261224489795918,0.310196392576784
0.131632653061224,0.261224489795918,0.29872283324072
0.13469387755102,0.261224489795918,0.28746139087661
0.137755102040816,0.261224489795918,0.276404663668205
0.140816326530612,0.261224489795918,0.265545624621858
0.143877551020408,0.261224489795918,0.254877596907264
0.146938775510204,0.261224489795918,0.244394231140179
0.15,0.261224489795918,0.234089484442095
0,0.277551020408163,0.162524917959764
0.00306122448979592,0.277551020408163,0.20138269687918
0.00612244897959184,0.277551020408163,0.239750695259527
0.00918367346938775,0.277551020408163,0.27766468584117
0.0122448979591837,0.277551020408163,0.315160910051802
0.0153061224489796,0.277551020408163,0.35227616958197
0.0183673469387755,0.277551020408163,0.38904798948427
0.0214285714285714,0.277551020408163,0.425514860142217
0.0244897959183673,0.277551020408163,0.461716570677369
0.0275510204081633,0.277551020408163,0.497694653570466
0.0306122448979592,0.277551020408163,0.533492970295278
0.0336734693877551,0.277551020408163,0.569158481833115
0.036734693877551,0.277551020408163,0.60474226724849
0.0397959183673469,0.277551020408163,0.640300877954206
0.0428571428571429,0.277551020408163,0.675898136787564
0.0459183673469388,0.277551020408163,0.711607468639727
0.0489795918367347,0.277551020408163,0.720260061849532
0.0520408163265306,0.277551020408163,0.699078123719511
0.0551020408163265,0.277551020408163,0.678317260874644
0.0581632653061225,0.277551020408163,0.658053050322081
0.0612244897959184,0.277551020408163,0.638316135746381
0.0642857142857143,0.277551020408163,0.619112281133629
0.0673469387755102,0.277551020408163,0.600433685366215
0.0704081632653061,0.277551020408163,0.582265358084401
0.073469387755102,0.277551020408163,0.564588733300251
0.076530612244898,0.277551020408163,0.547383728348422
0.0795918367346939,0.277551020408163,0.530629916874524
0.0826530612244898,0.277551020408163,0.514307190056421
0.0857142857142857,0.277551020408163,0.498396118660507
0.0887755102040816,0.277551020408163,0.482878138737565
0.0918367346938776,0.277551020408163,0.467735633009269
0.0948979591836735,0.277551020408163,0.45295195081289
0.0979591836734694,0.277551020408163,0.438511392398883
0.101020408163265,0.277551020408163,0.424399173229768
0.104081632653061,0.277551020408163,0.410601377809783
0.107142857142857,0.277551020408163,0.397104908843068
0.110204081632653,0.277551020408163,0.383897435219218
0.113265306122449,0.277551020408163,0.370967340894277
0.116326530612245,0.277551020408163,0.35830367584828
0.119387755102041,0.277551020408163,0.345896109743255
0.122448979591837,0.277551020408163,0.333734888563329
0.125510204081633,0.277551020408163,0.321810794305777
0.128571428571429,0.277551020408163,0.310115107666286
0.131632653061224,0.277551020408163,0.298639573588402
0.13469387755102,0.277551020408163,0.287376369507998
0.137755102040816,0.277551020408163,0.276318076107261
0.140816326530612,0.277551020408163,0.265457650387165
0.143877551020408,0.277551020408163,0.254788400872681
0.146938775510204,0.277551020408163,0.244303964772311
0.15,0.277551020408163,0.233998286925911
0,0.293877551020408,0.163445853322211
0.00306122448979592,0.293877551020408,0.201095108915935
0.00612244897959184,0.293877551020408,0.238261078242065
0.00918367346938775,0.293877551020408,0.27497839366661
0.0122448979591837,0.293877551020408,0.311282012070331
0.0153061224489796,0.293877551020408,0.347207289094059
0.0183673469387755,0.293877551020408,0.382790118568025
0.0214285714285714,0.293877551020408,0.418067142748978
0.0244897959183673,0.293877551020408,0.453076043690339
0.0275510204081633,0.293877551020408,0.487855932618034
0.0306122448979592,0.293877551020408,0.522447863552561
0.0336734693877551,0.293877551020408,0.55689551124717
0.036734693877551,0.293877551020408,0.591246074439758
0.0397959183673469,0.293877551020408,0.625551497830191
0.0428571428571429,0.293877551020408,0.659870156444197
0.0459183673469388,0.293877551020408,0.694269221998434
0.0489795918367347,0.293877551020408,0.720391738746212
0.0520408163265306,0.293877551020408,0.699200093374286
0.0551020408163265,0.293877551020408,0.678425861907732
0.0581632653061225,0.293877551020408,0.658146731371328
0.0612244897959184,0.293877551020408,0.6383945583056
0.0642857142857143,0.293877551020408,0.619175782213795
0.0673469387755102,0.293877551020408,0.600482962465971
0.0704081632653061,0.293877551020408,0.582301285628072
0.073469387755102,0.293877551020408,0.564612256034197
0.076530612244898,0.293877551020408,0.547395799913858
0.0795918367346939,0.293877551020408,0.530631465103712
0.0826530612244898,0.293877551020408,0.51429909818407
0.0857142857142857,0.293877551020408,0.498379216055962
0.0887755102040816,0.293877551020408,0.482853197327076
0.0918367346938776,0.293877551020408,0.467703367063108
0.0948979591836735,0.293877551020408,0.452913018678139
0.0979591836734694,0.293877551020408,0.438466399305898
0.101020408163265,0.293877551020408,0.424348674631032
0.104081632653061,0.293877551020408,0.41054588292564
0.107142857142857,0.293877551020408,0.397044884212262
0.110204081632653,0.293877551020408,0.383833308137621
0.113265306122449,0.293877551020408,0.370899502675875
0.116326530612245,0.293877551020408,0.358232484875281
0.119387755102041,0.293877551020408,0.345821894292485
0.122448979591837,0.293877551020408,0.333657949408444
0.125510204081633,0.293877551020408,0.321731407102358
0.128571428571429,0.293877551020408,0.310033525131329
0.131632653061224,0.293877551020408,0.298556027487635
0.13469387755102,0.293877551020408,0.287291072465687
0.137755102040816,0.293877551020408,0.276231223252835
0.140816326530612,0.293877551020408,0.265369420852613
0.143877551020408,0.293877551020408,0.254698959154186
0.146938775510204,0.293877551020408,0.244213461968497
0.15,0.293877551020408,0.233906861863958
0,0.310204081632653,0.164423907425888
0.00306122448979592,0.310204081632653,0.20095907353939
0.00612244897959184,0.310204081632653,0.237017019391689
0.00918367346938775,0.310204081632653,0.272631372310263
0.0122448979591837,0.310204081632653,0.307835954553837
0.0153061224489796,0.310204081632653,0.342664842743348
0.0183673469387755,0.310204081632653,0.377152486651999
0.0214285714285714,0.310204081632653,0.411333891224204
0.0244897959183673,0.310204081632653,0.445244869733966
0.0275510204081633,0.310204081632653,0.478922381546628
0.0306122448979592,0.310204081632653,0.512404975809091
0.0336734693877551,0.310204081632653,0.545733374045785
0.036734693877551,0.310204081632653,0.578951242425788
0.0397959183673469,0.310204081632653,0.612106232706868
0.0428571428571429,0.310204081632653,0.645251417179484
0.0459183673469388,0.310204081632653,0.678447321341483
0.0489795918367347,0.310204081632653,0.7117648937879
0.0520408163265306,0.310204081632653,0.69932095045995
0.0551020408163265,0.310204081632653,0.6785335303728
0.0581632653061225,0.310204081632653,0.658239597650153
0.0612244897959184,0.310204081632653,0.638472245408687
0.0642857142857143,0.310204081632653,0.61923860347306
0.0673469387755102,0.310204081632653,0.600531600782742
0.0704081632653061,0.310204081632653,0.582336606384079
0.073469387755102,0.310204081632653,0.564635198331605
0.076530612244898,0.310204081632653,0.547407313837871
0.0795918367346939,0.310204081632653,0.530632476210751
0.0826530612244898,0.310204081632653,0.514290488216152
0.0857142857142857,0.310204081632653,0.498361813365507
0.0887755102040816,0.310204081632653,0.482827773107032
0.0918367346938776,0.310204081632653,0.467670635015535
0.0948979591836735,0.310204081632653,0.452873636674184
0.0979591836734694,0.310204081632653,0.438420972146554
0.101020408163265,0.310204081632653,0.424297757361713
0.104081632653061,0.310204081632653,0.410489984365541
0.107142857142857,0.310204081632653,0.396984470497523
0.110204081632653,0.310204081632653,0.383768806156579
0.113265306122449,0.310204081632653,0.370831303329487
0.116326530612245,0.310204081632653,0.358160946127869
0.119387755102041,0.310204081632653,0.345747343999888
0.122448979591837,0.310204081632653,0.333580687921918
0.125510204081633,0.310204081632653,0.321651709655876
0.128571428571429,0.310204081632653,0.309951644022928
0.131632653061224,0.310204081632653,0.298472194068656
0.13469387755102,0.310204081632653,0.28720549895211
0.137755102040816,0.310204081632653,0.27614410437311
0.140816326530612,0.310204081632653,0.26528093534642
0.143877551020408,0.310204081632653,0.254609271134792
0.146938775510204,0.310204081632653,0.244122722161799
0.15,0.310204081632653,0.233815208735116
0,0.326530612244898,0.165454180855668
0.00306122448979592,0.326530612244898,0.200957889833973
0.00612244897959184,0.326530612244898,0.235990074675344
0.00918367346938775,0.326530612244898,0.270583475140309
0.0122448979591837,0.326530612244898,0.304770909282606
0.0153061224489796,0.326530612244898,0.338585320614897
0.0183673469387755,0.326530612244898,0.372059879505502
0.0214285714285714,0.326530612244898,0.405228141117383
0.0244897959183673,0.326530612244898,0.438124265617632
0.0275510204081633,0.326530612244898,0.470783310977848
0.0306122448979592,0.326530612244898,0.503241615057155
0.0336734693877551,0.326530612244898,0.535537292937614
0.036734693877551,0.326530612244898,0.56771088946616
0.0397959183673469,0.326530612244898,0.599806249007912
0.0428571428571429,0.326530612244898,0.631871700295936
0.0459183673469388,0.326530612244898,0.663961715634906
0.0489795918367347,0.326530612244898,0.696139312374915
0.0520408163265306,0.326530612244898,0.699440675685347
0.0551020408163265,0.326530612244898,0.67864025097922
0.0581632653061225,0.326530612244898,0.658331636774874
0.0612244897959184,0.326530612244898,0.638549186801564
0.0642857142857143,0.326530612244898,0.619300736255111
0.0673469387755102,0.326530612244898,0.600579592893526
0.0704081632653061,0.326530612244898,0.582371313904602
0.073469387755102,0.326530612244898,0.564657554536154
0.076530612244898,0.326530612244898,0.547418265119422
0.0795918367346939,0.326530612244898,0.530632945746125
0.0826530612244898,0.326530612244898,0.514281356174267
0.0857142857142857,0.326530612244898,0.498343907017979
0.0887755102040816,0.326530612244898,0.482801862861408
0.0918367346938776,0.326530612244898,0.467637433962492
0.0948979591836735,0.326530612244898,0.452833802172994
0.0979591836734694,0.326530612244898,0.438375108538993
0.101020408163265,0.326530612244898,0.42424641925904
0.104081632653061,0.326530612244898,0.410433680163023
0.107142857142857,0.326530612244898,0.396923665908537
0.110204081632653,0.326530612244898,0.383703927644546
0.113265306122449,0.326530612244898,0.370762741366658
0.116326530612245,0.326530612244898,0.358089058247139
0.119387755102041,0.326530612244898,0.345672457623555
0.122448979591837,0.326530612244898,0.33350310296802
0.125510204081633,0.326530612244898,0.321571700926883
0.128571428571429,0.326530612244898,0.3098694633892
0.131632653061224,0.326530612244898,0.298388072459204
0.13469387755102,0.326530612244898,0.287119648167464
0.137755102040816,0.326530612244898,0.276056718734413
0.140816326530612,0.326530612244898,0.265192193195179
0.143877551020408,0.326530612244898,0.254519336196141
0.146938775510204,0.326530612244898,0.244031744784017
0.15,0.326530612244898,0.233723327017159
0,0.342857142857143,0.166532221549874
0.00306122448979592,0.342857142857143,0.201077251101677
0.00612244897959184,0.342857142857143,0.23515612821291
0.00918367346938775,0.342857142857143,0.268800807091292
0.0122448979591837,0.342857142857143,0.302043214845282
0.0153061224489796,0.342857142857143,0.33491528873178
0.0183673469387755,0.342857142857143,0.367449063217903
0.0214285714285714,0.342857142857143,0.399676807844237
0.0244897959183673,0.342857142857143,0.431631219791212
0.0275510204081633,0.342857142857143,0.46334567880815
0.0306122448979592,0.342857142857143,0.494854577314279
0.0336734693877551,0.342857142857143,0.526193745706046
0.036734693877551,0.342857142857143,0.557401003668508
0.0397959183673469,0.342857142857143,0.588516884755585
0.0428571428571429,0.342857142857143,0.619585608028911
0.0459183673469388,0.342857142857143,0.650656414731147
0.0489795918367347,0.342857142857143,0.681785465220705
0.0520408163265306,0.342857142857143,0.699559249488544
0.0551020408163265,0.342857142857143,0.67874600822055
0.0581632653061225,0.342857142857143,0.658422836188712
0.0612244897959184,0.342857142857143,0.638625372095296
0.0642857142857143,0.342857142857143,0.61936217179866
0.0673469387755102,0.342857142857143,0.600626931289994
0.0704081632653061,0.342857142857143,0.582405401673265
0.073469387755102,0.342857142857143,0.564679318936177
0.076530612244898,0.342857142857143,0.547428648710301
0.0795918367346939,0.342857142857143,0.530632869220647
0.0826530612244898,0.342857142857143,0.514271698047073
0.0857142857142857,0.342857142857143,0.498325493414348
0.0887755102040816,0.342857142857143,0.482775463350736
0.0918367346938776,0.342857142857143,0.467603760981165
0.0948979591836735,0.342857142857143,0.452793512530603
0.0979591836734694,0.342857142857143,0.438328806086944
0.101020408163265,0.342857142857143,0.42419465814804
0.104081632653061,0.342857142857143,0.410376968340982
0.107142857142857,0.342857142857143,0.39686246864613
0.110204081632653,0.342857142857143,0.383638670962316
0.113265306122449,0.342857142857143,0.370693815292536
0.116326530612245,0.342857142857143,0.358016819868343
0.119387755102041,0.342857142857143,0.345597233916713
0.122448979591837,0.342857142857143,0.333425193406719
0.125510204081633,0.342857142857143,0.321491379872344
0.128571428571429,0.342857142857143,0.309786982275229
0.131632653061224,0.342857142857143,0.298303661784477
0.13469387755102,0.342857142857143,0.287033519309823
0.137755102040816,0.342857142857143,0.275969065601217
0.140816326530612,0.342857142857143,0.265103193723817
0.143877551020408,0.342857142857143,0.254429153718329
0.146938775510204,0.342857142857143,0.243940529265915
0.15,0.342857142857143,0.233631216186937
0,0.359183673469388,0.167654007744024
0.00306122448979592,0.359183673469388,0.201304835563917
0.00612244897959184,0.359183673469388,0.234494594647883
0.00918367346938775,0.359183673469388,0.26725454241677
0.0122448979591837,0.359183673469388,0.29961581345265
0.0153061224489796,0.359183673469388,0.331609448898222
0.0183673469387755,0.359183673469388,0.363266471893942
0.0214285714285714,0.359183673469388,0.394618008955191
0.0244897959183673,0.359183673469388,0.425695459685995
0.0275510204081633,0.359183673469388,0.456530720359396
0.0306122448979592,0.359183673469388,0.487156471033063
0.0336734693877551,0.359183673469388,0.517606541555509
0.036734693877551,0.359183673469388,0.547916379985213
0.0397959183673469,0.359183673469388,0.578123659271697
0.0428571428571429,0.359183673469388,0.608269077175592
0.0459183673469388,0.359183673469388,0.638397435770651
0.0489795918367347,0.359183673469388,0.668559139808441
0.0520408163265306,0.359183673469388,0.698812347881625
0.0551020408163265,0.359183673469388,0.678850786370427
0.0581632653061225,0.359183673469388,0.65851318316496
0.0612244897959184,0.359183673469388,0.63870079076672
0.0642857142857143,0.359183673469388,0.619422901234648
0.0673469387755102,0.359183673469388,0.600673608378715
0.0704081632653061,0.359183673469388,0.582438863104292
0.073469387755102,0.359183673469388,0.564700485760617
0.076530612244898,0.359183673469388,0.547438459515061
0.0795918367346939,0.359183673469388,0.53063224210654
0.0826530612244898,0.359183673469388,0.514261509790651
0.0857142857142857,0.359183673469388,0.498306568928219
0.0887755102040816,0.359183673469388,0.482748571312793
0.0918367346938776,0.359183673469388,0.467569613128132
0.0948979591836735,0.359183673469388,0.452752765085995
0.0979591836734694,0.359183673469388,0.438282062380045
0.101020408163265,0.359183673469388,0.424142471841682
0.104081632653061,0.359183673469388,0.410319846912381
0.107142857142857,0.359183673469388,0.396800876902555
0.110204081632653,0.359183673469388,0.383573034463125
0.113265306122449,0.359183673469388,0.370624523605759
0.116326530612245,0.359183673469388,0.357944229621381
0.119387755102041,0.359183673469388,0.345521671627986
0.122448979591837,0.359183673469388,0.333346958094221
0.125510204081633,0.359183673469388,0.321410745445967
0.128571428571429,0.359183673469388,0.309704199723097
0.131632653061224,0.359183673469388,0.298218961166987
0.13469387755102,0.359183673469388,0.28694711157494
0.137755102040816,0.359183673469388,0.275881144235938
0.140816326530612,0.359183673469388,0.265013936255708
0.143877551020408,0.359183673469388,0.254338723080262
0.146938775510204,0.359183673469388,0.243849075036925
0.15,0.359183673469388,0.233538875720191
0,0.375510204081633,0.168815918488671
0.00306122448979592,0.375510204081633,0.201629976635943
0.00612244897959184,0.375510204081633,0.233987791715184
0.00918367346938775,0.375510204081633,0.265920001822063
0.0122448979591837,0.375510204081633,0.297457034704494
0.0153061224489796,0.375510204081633,0.328629131098721
0.0183673469387755,0.375510204081633,0.359466410878788
0.0214285714285714,0.375510204081633,0.389998981033219
0.0244897959183673,0.375510204081633,0.42025708665808
0.0275510204081633,0.375510204081633,0.450271308805245
0.0306122448979592,0.375510204081633,0.480072816392651
0.0336734693877551,0.375510204081633,0.509693683893015
0.036734693877551,0.375510204081633,0.539167292801897
0.0397959183673469,0.375510204081633,0.568528844067302
0.0428571428571429,0.375510204081633,0.597816022670906
0.0459183673469388,0.375510204081633,0.62706987760479
0.0489795918367347,0.375510204081633,0.656336017001034
0.0520408163265306,0.375510204081633,0.685666280713277
0.0551020408163265,0.375510204081633,0.67895456947882
0.0581632653061225,0.375510204081633,0.658602664802221
0.0612244897959184,0.375510204081633,0.638775432155353
0.0642857142857143,0.375510204081633,0.619482915585355
0.0673469387755102,0.375510204081633,0.600719616477901
0.0704081632653061,0.375510204081633,0.582471691540577
0.073469387755102,0.375510204081633,0.564721049182286
0.076530612244898,0.375510204081633,0.547447692390769
0.0795918367346939,0.375510204081633,0.530631059835853
0.0826530612244898,0.375510204081633,0.514250787327689
0.0857142857142857,0.375510204081633,0.498287129905474
0.0887755102040816,0.375510204081633,0.482721183461458
0.0918367346938776,0.375510204081633,0.467534987440464
0.0948979591836735,0.375510204081633,0.452711557161641
0.0979591836734694,0.375510204081633,0.438234874993779
0.101020408163265,0.375510204081633,0.424089858140976
0.104081632653061,0.375510204081633,0.41026231387955
0.107142857142857,0.375510204081633,0.396738888860659
0.110204081632653,0.375510204081633,0.383507016492676
0.113265306122449,0.375510204081633,0.370554864798293
0.116326530612245,0.375510204081633,0.357871286130444
0.119387755102041,0.375510204081633,0.345445769501038
0.122448979591837,0.375510204081633,0.333268395882324
0.125510204081633,0.375510204081633,0.321329796597512
0.128571428571429,0.375510204081633,0.309621114771815
0.131632653061224,0.375510204081633,0.298133969726714
0.13469387755102,0.375510204081633,0.286860424156413
0.137755102040816,0.375510204081633,0.275792953899257
0.140816326530612,0.375510204081633,0.264924420112516
0.143877551020408,0.375510204081633,0.254248043659374
0.146938775510204,0.375510204081633,0.243757381525341
0.15,0.375510204081633,0.233446305091734
0,0.391836734693878,0.170014699183331
0.00306122448979592,0.391836734693878,0.20204339586083
0.00612244897959184,0.391836734693878,0.233620442265289
0.00918367346938775,0.391836734693878,0.264775924993719
0.0122448979591837,0.391836734693878,0.295539639781906
0.0153061224489796,0.391836734693878,0.32594111029982
0.0183673469387755,0.391836734693878,0.35600964699357
0.0214285714285714,0.391836734693878,0.385774444270139
0.0244897959183673,0.391836734693878,0.415264716244282
0.0275510204081633,0.391836734693878,0.444509873550786
0.0306122448979592,0.391836734693878,0.473539746519785
0.0336734693877551,0.391836734693878,0.502384863639289
0.036734693877551,0.391836734693878,0.531076799110787
0.0397959183673469,0.391836734693878,0.559648610288197
0.0428571428571429,0.391836734693878,0.588135396086651
0.0459183673469388,0.391836734693878,0.616575023259191
0.0489795918367347,0.391836734693878,0.645009092768996
0.0520408163265306,0.391836734693878,0.673484260587814
0.0551020408163265,0.391836734693878,0.679057341370125
0.0581632653061225,0.391836734693878,0.658691268021695
0.0612244897959184,0.391836734693878,0.638849285462665
0.0642857142857143,0.391836734693878,0.619542205763625
0.0673469387755102,0.391836734693878,0.600764947817828
0.0704081632653061,0.391836734693878,0.582503880253819
0.073469387755102,0.391836734693878,0.564741003313848
0.076530612244898,0.391836734693878,0.547456342145682
0.0795918367346939,0.391836734693878,0.530629317800932
0.0826530612244898,0.391836734693878,0.514239526547042
0.0857142857142857,0.391836734693878,0.498267172663679
0.0887755102040816,0.391836734693878,0.482693296486991
0.0918367346938776,0.391836734693878,0.467499880935335
0.0948979591836735,0.391836734693878,0.452669886062784
0.0979591836734694,0.391836734693878,0.438187241488853
0.101020408163265,0.391836734693878,0.424036814834189
0.104081632653061,0.391836734693878,0.410204367234463
0.107142857142857,0.391836734693878,0.396676502694807
0.110204081632653,0.391836734693878,0.383440615389079
0.113265306122449,0.391836734693878,0.370484837355821
0.116326530612245,0.391836734693878,0.357797988014203
0.119387755102041,0.391836734693878,0.34536952627476
0.122448979591837,0.391836734693878,0.333189505618835
0.125510204081633,0.391836734693878,0.321248532273696
0.128571428571429,0.391836734693878,0.309537726457416
0.131632653061224,0.391836734693878,0.29804868658104
0.13469387755102,0.391836734693878,0.286773456245588
0.137755102040816,0.391836734693878,0.275704493849825
0.140816326530612,0.391836734693878,0.264834644614324
0.143877551020408,0.391836734693878,0.25415711483164
0.146938775510204,0.391836734693878,0.243665448158343
0.15,0.391836734693878,0.233353503775312
0,0.408163265306122,0.171247426227773
0.00306122448979592,0.408163265306122,0.202536985369494
0.00612244897959184,0.408163265306122,0.233379275687378
0.00918367346938775,0.408163265306122,0.263803891886471
0.0122448979591837,0.408163265306122,0.293840063236812
0.0153061224489796,0.408163265306122,0.323516669117753
0.0183673469387755,0.408163265306122,0.35286229222589
0.0214285714285714,0.408163265306122,0.381905307145625
0.0244897959183673,0.408163265306122,0.410674003736948
0.0275510204081633,0.408163265306122,0.43919674678897
0.0306122448979592,0.408163265306122,0.467502175748287
0.0336734693877551,0.408163265306122,0.495619451303207
0.036734693877551,0.408163265306122,0.523578559477899
0.0397959183673469,0.408163265306122,0.551410689271307
0.0428571428571429,0.408163265306122,0.579148707569951
0.0459183673469388,0.408163265306122,0.60682776661995
0.0489795918367347,0.408163265306122,0.634486097268106
0.0520408163265306,0.408163265306122,0.662166070020996
0.0551020408163265,0.408163265306122,0.679159085638381
0.0581632653061225,0.408163265306122,0.658778979567854
0.0612244897959184,0.408163265306122,0.638922339748752
0.0642857142857143,0.408163265306122,0.619600762570572
0.0673469387755102,0.408163265306122,0.60080959453988
0.0704081632653061,0.408163265306122,0.582535422443025
0.073469387755102,0.408163265306122,0.564760342210719
0.076530612244898,0.408163265306122,0.547464403539764
0.0795918367346939,0.408163265306122,0.530627011353201
0.0826530612244898,0.408163265306122,0.514227723304749
0.0857142857142857,0.408163265306122,0.49824669349219
0.0887755102040816,0.408163265306122,0.482664907056139
0.0918367346938776,0.408163265306122,0.467464290609701
0.0948979591836735,0.408163265306122,0.452627749077577
0.0979591836734694,0.408163265306122,0.438139159411753
0.101020408163265,0.408163265306122,0.423983339697574
0.104081632653061,0.408163265306122,0.410146004958452
0.107142857142857,0.408163265306122,0.396613716570411
0.110204081632653,0.408163265306122,0.383373829482698
0.113265306122449,0.408163265306122,0.370414439757193
0.116326530612245,0.408163265306122,0.357724333885733
0.119387755102041,0.408163265306122,0.345292940683269
0.122448979591837,0.408163265306122,0.333110286147488
0.125510204081633,0.408163265306122,0.321166951417265
0.128571428571429,0.408163265306122,0.309454033812911
0.131632653061224,0.408163265306122,0.297963110844667
0.13469387755102,0.408163265306122,0.286686207031592
0.137755102040816,0.408163265306122,0.275615763344447
0.140816326530612,0.408163265306122,0.264744609079531
0.143877551020408,0.408163265306122,0.254065935971725
0.146938775510204,0.408163265306122,0.243573274361823
0.15,0.408163265306122,0.233260471243766
0,0.424489795918367,0.172511472967339
0.00306122448979592,0.424489795918367,0.203103629671036
0.00612244897959184,0.424489795918367,0.233252706349953
0.00918367346938775,0.424489795918367,0.262987858398214
0.0122448979591837,0.424489795918367,0.292337806242368
0.0153061224489796,0.424489795918367,0.321330848732874
0.0183673469387755,0.424489795918367,0.349994912120101
0.0214285714285714,0.424489795918367,0.378357631833253
0.0244897959183673,0.424489795918367,0.406446465894532
0.0275510204081633,0.424489795918367,0.434288840587903
0.0306122448979592,0.424489795918367,0.461912331035026
0.0336734693877551,0.424489795918367,0.489344881802972
0.036734693877551,0.424489795918367,0.516615075818605
0.0397959183673469,0.424489795918367,0.543752464051571
0.0428571428571429,0.424489795918367,0.570787974346158
0.0459183673469388,0.424489795918367,0.597754426349795
0.0489795918367347,0.424489795918367,0.624687192439672
0.0520408163265306,0.424489795918367,0.651625064879952
0.0551020408163265,0.424489795918367,0.67861142221013
0.0581632653061225,0.424489795918367,0.658865786002173
0.0612244897959184,0.424489795918367,0.638994583933075
0.0642857142857143,0.424489795918367,0.619658576694343
0.0673469387755102,0.424489795918367,0.600853548694814
0.0704081632653061,0.424489795918367,0.58256631123514
0.073469387755102,0.424489795918367,0.564779059866896
0.076530612244898,0.424489795918367,0.547471871283579
0.0795918367346939,0.424489795918367,0.530624135804221
0.0826530612244898,0.424489795918367,0.514215373422112
0.0857142857142857,0.424489795918367,0.498225688651835
0.0887755102040816,0.424489795918367,0.48263601181107
0.0918367346938776,0.424489795918367,0.467428213440218
0.0948979591836735,0.424489795918367,0.452585143477401
0.0979591836734694,0.424489795918367,0.438090626294495
0.101020408163265,0.424489795918367,0.423929430494858
0.104081632653061,0.424489795918367,0.410087225022376
0.107142857142857,0.424489795918367,0.396550528643444
0.110204081632653,0.424489795918367,0.383306657095996
0.113265306122449,0.424489795918367,0.370343670474803
0.116326530612245,0.424489795918367,0.357650322352289
0.119387755102041,0.424489795918367,0.345216011455895
0.122448979591837,0.424489795918367,0.333030736307635
0.125510204081633,0.424489795918367,0.321085052967692
0.128571428571429,0.424489795918367,0.309370035868232
0.131632653061224,0.424489795918367,0.297877241629827
0.13469387755102,0.424489795918367,0.286598675701338
0.137755102040816,0.424489795918367,0.275526761638044
0.140816326530612,0.424489795918367,0.264654312825004
0.143877551020408,0.424489795918367,0.253974506452924
0.146938775510204,0.424489795918367,0.243480859560529
0.15,0.424489795918367,0.233167206968815
0,0.440816326530612,0.173804478009064
0.00306122448979592,0.440816326530612,0.203737058837412
0.00612244897959184,0.440816326530612,0.233230572232486
0.00918367346938775,0.440816326530612,0.26231378083459
0.0122448979591837,0.440816326530612,0.291014947067021
0.0153061224489796,0.440816326530612,0.319361845309271
0.0183673469387755,0.440816326530612,0.347381807824324
0.0214285714285714,0.440816326530612,0.375101801262626
0.0244897959183673,0.440816326530612,0.402548532079022
0.0275510204081633,0.440816326530612,0.429748580815249
0.0306122448979592,0.440816326530612,0.456728566999308
0.0336734693877551,0.440816326530612,0.483515348513222
0.036734693877551,0.440816326530612,0.510136261864164
0.0397959183673469,0.440816326530612,0.536619413158268
0.0428571428571429,0.440816326530612,0.562994034187212
0.0459183673469388,0.440816326530612,0.589290924509572
0.0489795918367347,0.440816326530612,0.615543010079745
0.0520408163265306,0.440816326530612,0.641786063503416
0.0551020408163265,0.440816326530612,0.668059654058145
0.0581632653061225,0.440816326530612,0.658951673702537
0.0612244897959184,0.440816326530612,0.639066006788899
0.0642857142857143,0.440816326530612,0.619715638709731
0.0673469387755102,0.440816326530612,0.600896802242023
0.0704081632653061,0.440816326530612,0.582596539681225
0.073469387755102,0.440816326530612,0.564797150217607
0.076530612244898,0.440816326530612,0.547478740038318
0.0795918367346939,0.440816326530612,0.530620686423137
0.0826530612244898,0.440816326530612,0.514202472686386
0.0857142857142857,0.440816326530612,0.498204154374874
0.0887755102040816,0.440816326530612,0.482606607370569
0.0918367346938776,0.440816326530612,0.467391646383191
0.0948979591836735,0.440816326530612,0.452542066515667
0.0979591836734694,0.440816326530612,0.438041639654188
0.101020408163265,0.440816326530612,0.423875084977677
0.104081632653061,0.440816326530612,0.410028025386493
0.107142857142857,0.440816326530612,0.396486937061269
0.110204081632653,0.440816326530612,0.383239096544028
0.113265306122449,0.440816326530612,0.370272527974568
0.116326530612245,0.440816326530612,0.357575952015639
0.119387755102041,0.440816326530612,0.345138737316987
0.122448979591837,0.440816326530612,0.33295085493483
0.125510204081633,0.440816326530612,0.32100283586077
0.128571428571429,0.440816326530612,0.309285731650208
0.131632653061224,0.440816326530612,0.297791078045991
0.13469387755102,0.440816326530612,0.286510861439433
0.137755102040816,0.440816326530612,0.275437487983514
0.140816326530612,0.440816326530612,0.264563755165918
0.143877551020408,0.440816326530612,0.253882825647117
0.146938775510204,0.440816326530612,0.243388203178017
0.15,0.440816326530612,0.233073710421212
0,0.457142857142857,0.175124316350052
0.00306122448979592,0.457142857142857,0.204431726886043
0.00612244897959184,0.457142857142857,0.233303920985698
0.00918367346938775,0.457142857142857,0.26176930990889
0.0122448979591837,0.457142857142857,0.289855743094191
0.0153061224489796,0.457142857142857,0.317590519910707
0.0183673469387755,0.457142857142857,0.345000433538158
0.0214285714285714,0.457142857142857,0.372111843467271
0.0244897959183673,0.457142857142857,0.398950774552296
0.0275510204081633,0.457142857142857,0.425543042042259
0.0306122448979592,0.457142857142857,0.451914403631815
0.0336734693877551,0.457142857142857,0.478090741380823
0.036734693877551,0.457142857142857,0.504098278535767
0.0397959183673469,0.457142857142857,0.529963839016596
0.0428571428571429,0.457142857142857,0.555715161002917
0.0459183673469388,0.457142857142857,0.581381281070371
0.0489795918367347,0.457142857142857,0.606993012639612
0.0520408163265306,0.457142857142857,0.632583553251893
0.0551020408163265,0.457142857142857,0.658189271758023
0.0581632653061225,0.457142857142857,0.659036628860736
0.0612244897959184,0.457142857142857,0.639136596945568
0.0642857142857143,0.457142857142857,0.619771939074452
0.0673469387755102,0.457142857142857,0.600939347048662
0.0704081632653061,0.457142857142857,0.582626100759573
0.073469387755102,0.457142857142857,0.564814607135278
0.076530612244898,0.457142857142857,0.547485004414559
0.0795918367346939,0.457142857142857,0.530616658438169
0.0826530612244898,0.457142857142857,0.51418901684983
0.0857142857142857,0.457142857142857,0.498182086864124
0.0887755102040816,0.457142857142857,0.48257669032826
0.0918367346938776,0.457142857142857,0.467354586374402
0.0948979591836735,0.457142857142857,0.452498515429386
0.0979591836734694,0.457142857142857,0.437992196993298
0.101020408163265,0.457142857142857,0.423820300884609
0.104081632653061,0.457142857142857,0.409968404000326
0.107142857142857,0.457142857142857,0.396422939961654
0.110204081632653,0.457142857142857,0.383171146133839
0.113265306122449,0.457142857142857,0.370201010715353
0.116326530612245,0.457142857142857,0.357501221471779
0.119387755102041,0.457142857142857,0.345061116986085
0.122448979591837,0.457142857142857,0.332870640860181
0.125510204081633,0.457142857142857,0.320920299028769
0.128571428571429,0.457142857142857,0.309201120182739
0.131632653061224,0.457142857142857,0.297704619200247
0.13469387755102,0.457142857142857,0.286422763428373
0.137755102040816,0.457142857142857,0.275347941632036
0.140816326530612,0.457142857142857,0.264472935415833
0.143877551020408,0.457142857142857,0.253790892924684
0.146938775510204,0.457142857142857,0.243295304636708
0.15,0.457142857142857,0.23297998107072
0,0.473469387755102,0.176469073410682
0.00306122448979592,0.473469387755102,0.20518271050028
0.00612244897959184,0.473469387755102,0.23346483365454
0.00918367346938775,0.473469387755102,0.261343539651924
0.0122448979591837,0.473469387755102,0.28884630494789
0.0153061224489796,0.473469387755102,0.315999997694765
0.0183673469387755,0.473469387755102,0.3428309204256
0.0214285714285714,0.473469387755102,0.369364879618763
0.0244897959183673,0.473469387755102,0.395627279746451
0.0275510204081633,0.473469387755102,0.421643240814462
0.0306122448979592,0.473469387755102,0.447437739865063
0.0336734693877551,0.473469387755102,0.473035778513883
0.036734693877551,0.473469387755102,0.498462580455675
0.0397959183673469,0.473469387755102,0.523743825145262
0.0428571428571429,0.473469387755102,0.548905926817243
0.0459183673469388,0.473469387755102,0.573976372012095
0.0489795918367347,0.473469387755102,0.598984134359048
0.0520408163265306,0.473469387755102,0.623960193594511
0.0551020408163265,0.473469387755102,0.648938197968571
0.0581632653061225,0.473469387755102,0.659120637481516
0.0612244897959184,0.473469387755102,0.63920634288286
0.0642857142857143,0.473469387755102,0.619827468130923
0.0673469387755102,0.473469387755102,0.600981174888205
0.0704081632653061,0.473469387755102,0.582654987372061
0.073469387755102,0.473469387755102,0.56483142443221
0.076530612244898,0.473469387755102,0.547490658972067
0.0795918367346939,0.473469387755102,0.530612047035903
0.0826530612244898,0.473469387755102,0.514175001630622
0.0857142857142857,0.473469387755102,0.498159482293646
0.0887755102040816,0.473469387755102,0.482546257253922
0.0918367346938776,0.473469387755102,0.467317030328933
0.0948979591836735,0.473469387755102,0.452454487437242
0.0979591836734694,0.473469387755102,0.437942295799558
0.101020408163265,0.473469387755102,0.423765075941869
0.104081632653061,0.473469387755102,0.409908358802796
0.107142857142857,0.473469387755102,0.396358535473972
0.110204081632653,0.473469387755102,0.38310280416489
0.113265306122449,0.473469387755102,0.370129117149824
0.116326530612245,0.473469387755102,0.357426129311108
0.119387755102041,0.473469387755102,0.34498314917795
0.122448979591837,0.473469387755102,0.332790092910744
0.125510204081633,0.473469387755102,0.32083744140029
0.128571428571429,0.473469387755102,0.309116200486561
0.131632653061224,0.473469387755102,0.297617864196777
0.13469387755102,0.473469387755102,0.286334380848315
0.137755102040816,0.473469387755102,0.27525812183279
0.140816326530612,0.473469387755102,0.264381852886657
0.143877551020408,0.473469387755102,0.253698707654816
0.146938775510204,0.473469387755102,0.243202163357812
0.15,0.473469387755102,0.232886018386117
0,0.489795918367347,0.177837021870389
0.00306122448979592,0.489795918367347,0.205985624250797
0.00612244897959184,0.489795918367347,0.23370627853089
0.00918367346938775,0.489795918367347,0.261026800023788
0.0122448979591837,0.489795918367347,0.287974327866382
0.0153061224489796,0.489795918367347,0.314575337902787
0.0183673469387755,0.489795918367347,0.340855684900392
0.0214285714285714,0.489795918367347,0.366840670082626
0.0244897959183673,0.489795918367347,0.392555131309824
0.0275510204081633,0.489795918367347,0.418023554586107
0.0306122448979592,0.489795918367347,0.443270206901308
0.0336734693877551,0.489795918367347,0.468319291871479
0.036734693877551,0.489795918367347,0.493195131245881
0.0397959183673469,0.489795918367347,0.517922377276459
0.0428571428571429,0.489795918367347,0.542526263386303
0.0459183673469388,0.489795918367347,0.567032903766789
0.0489795918367347,0.489795918367347,0.59146965699387
0.0520408163265306,0.489795918367347,0.615865575066584
0.0551020408163265,0.489795918367347,0.640251968488491
0.0581632653061225,0.489795918367347,0.659203685375635
0.0612244897959184,0.489795918367347,0.639275232931199
0.0642857142857143,0.489795918367347,0.619882216102018
0.0673469387755102,0.489795918367347,0.601022277438798
0.0704081632653061,0.489795918367347,0.582683192343677
0.073469387755102,0.489795918367347,0.564847595857633
0.076530612244898,0.489795918367347,0.547495698220274
0.0795918367346939,0.489795918367347,0.530606847359799
0.0826530612244898,0.489795918367347,0.51416042271072
0.0857142857142857,0.489795918367347,0.498136336808104
0.0887755102040816,0.489795918367347,0.482515304692177
0.0918367346938776,0.489795918367347,0.46727897514088
0.0948979591836735,0.489795918367347,0.452409979740575
0.0979591836734694,0.489795918367347,0.437891933545557
0.101020408163265,0.489795918367347,0.423709407863155
0.104081632653061,0.489795918367347,0.409847887721892
0.107142857142857,0.489795918367347,0.396293721717582
0.110204081632653,0.489795918367347,0.383034068928708
0.113265306122449,0.489795918367347,0.370056845723753
0.116326530612245,0.489795918367347,0.357350674118117
0.119387755102041,0.489795918367347,0.344904832602397
0.122448979591837,0.489795918367347,0.332709209909419
0.125510204081633,0.489795918367347,0.320754261900585
0.128571428571429,0.489795918367347,0.309030971579486
0.131632653061224,0.489795918367347,0.297530812137326
0.13469387755102,0.489795918367347,0.28624571287721
0.137755102040816,0.489795918367347,0.275168027832854
0.140816326530612,0.489795918367347,0.264290506888677
0.143877551020408,0.489795918367347,0.253606269205176
0.146938775510204,0.489795918367347,0.243108778761299
0.15,0.489795918367347,0.232791821835121
0,0.506122448979592,0.17922660111234
0.00306122448979592,0.506122448979592,0.206836549284744
0.00612244897959184,0.506122448979592,0.234021989274042
0.00918367346938775,0.506122448979592,0.260810484565276
0.0122448979591837,0.506122448979592,0.2872288688736
0.0153061224489796,0.506122448979592,0.31330326041606
0.0183673469387755,0.506122448979592,0.33905910428666
0.0214285714285714,0.506122448979592,0.364521238724105
0.0244897959183673,0.506122448979592,0.389713982388477
0.0275510204081633,0.506122448979592,0.414661241041144
0.0306122448979592,0.506122448979592,0.439386633289003
0.0336734693877551,0.506122448979592,0.463913636358644
0.036734693877551,0.506122448979592,0.488265754282477
0.0397959183673469,0.506122448979592,0.512466712557049
0.0428571428571429,0.506122448979592,0.536540685332632
0.0459183673469388,0.506122448979592,0.560512563871401
0.0489795918367347,0.506122448979592,0.584408278521612
0.0520408163265306,0.506122448979592,0.608255191489426
0.0551020408163265,0.506122448979592,0.632082584803308
0.0581632653061225,0.506122448979592,0.655922278568895
0.0612244897959184,0.506122448979592,0.639343255268567
0.0642857142857143,0.506122448979592,0.619936173090583
0.0673469387755102,0.506122448979592,0.601062646283834
0.0704081632653061,0.506122448979592,0.582710708422644
0.073469387755102,0.506122448979592,0.564863115097869
0.076530612244898,0.506122448979592,0.547500116616145
0.0795918367346939,0.506122448979592,0.530601054511516
0.0826530612244898,0.506122448979592,0.5141452757371
0.0857142857142857,0.506122448979592,0.498112646522182
0.0887755102040816,0.506122448979592,0.48248382916283
0.0918367346938776,0.506122448979592,0.467240417683744
0.0948979591836735,0.506122448979592,0.452364989523187
0.0979591836734694,0.506122448979592,0.437841107689123
0.101020408163265,0.506122448979592,0.423653294349115
0.104081632653061,0.506122448979592,0.40978698867484
0.107142857142857,0.506122448979592,0.396228496803321
0.110204081632653,0.506122448979592,0.382964938708837
0.113265306122449,0.506122448979592,0.369984194876163
0.116326530612245,0.506122448979592,0.357274854471742
0.119387755102041,0.506122448979592,0.34482616596421
0.122448979591837,0.506122448979592,0.332627990674796
0.125510204081633,0.506122448979592,0.320670759451087
0.128571428571429,0.506122448979592,0.308945432476045
0.131632653061224,0.506122448979592,0.297443462121006
0.13469387755102,0.506122448979592,0.286156758690768
0.137755102040816,0.506122448979592,0.275077658877726
0.140816326530612,0.506122448979592,0.264198896730576
0.143877551020408,0.506122448979592,0.253513576942032
0.146938775510204,0.506122448979592,0.24301515026607
0.15,0.506122448979592,0.232697390884547
0,0.522448979591837,0.180636399039229
0.00306122448979592,0.522448979591837,0.207731973057243
0.00612244897959184,0.522448979591837,0.234406362710712
0.00918367346938775,0.522448979591837,0.260686906337116
0.0122448979591837,0.522448979591837,0.286600160843268
0.0153061224489796,0.522448979591837,0.312171917826496
0.0183673469387755,0.522448979591837,0.337427246654022
0.0214285714285714,0.522448979591837,0.362390560125215
0.0244897959183673,0.522448979591837,0.387085699653722
0.0275510204081633,0.522448979591837,0.411536038140572
0.0306122448979592,0.522448979591837,0.435764599915426
0.0336734693877551,0.522448979591837,0.459794198307538
0.036734693877551,0.522448979591837,0.483647592706929
0.0397959183673469,0.522448979591837,0.507347668392734
0.0428571428571429,0.522448979591837,0.53091764415535
0.0459183673469388,0.522448979591837,0.554381314911435
0.0489795918367347,0.522448979591837,0.577763339437876
0.0520408163265306,0.522448979591837,0.601089587316463
0.0551020408163265,0.522448979591837,0.624387564882504
0.0581632653061225,0.522448979591837,0.647686948170329
0.0612244897959184,0.522448979591837,0.639410397921195
0.0642857142857143,0.522448979591837,0.619989329078032
0.0673469387755102,0.522448979591837,0.601102272908415
0.0704081632653061,0.522448979591837,0.582737528278464
0.073469387755102,0.522448979591837,0.564877975775168
0.076530612244898,0.522448979591837,0.547503908564564
0.0795918367346939,0.522448979591837,0.530594663548903
0.0826530612244898,0.522448979591837,0.514129556321042
0.0857142857142857,0.522448979591837,0.498088407520805
0.0887755102040816,0.522448979591837,0.482451827160654
0.0918367346938776,0.522448979591837,0.467201354809658
0.0948979591836735,0.522448979591837,0.452319513950862
0.0979591836734694,0.522448979591837,0.437789815673081
0.101020408163265,0.522448979591837,0.423596733087968
0.104081632653061,0.522448979591837,0.409725659568128
0.107142857142857,0.522448979591837,0.396162858832264
0.110204081632653,0.522448979591837,0.38289541178107
0.113265306122449,0.522448979591837,0.369911163039338
0.116326530612245,0.522448979591837,0.357198668945181
0.119387755102041,0.522448979591837,0.344747147963364
0.122448979591837,0.522448979591837,0.332546434021326
0.125510204081633,0.522448979591837,0.320586932969735
0.128571428571429,0.522448979591837,0.308859582187956
0.131632653061224,0.522448979591837,0.29735581324423
0.13469387755102,0.522448979591837,0.286067517462503
0.137755102040816,0.522448979591837,0.274987014210772
0.140816326530612,0.522448979591837,0.264107021719353
0.143877551020408,0.522448979591837,0.253420630230406
0.146938775510204,0.522448979591837,0.242921277289759
0.15,0.522448979591837,0.23260272500007
0,0.538775510204082,0.182065136014782
0.00306122448979592,0.538775510204082,0.208668738167226
0.00612244897959184,0.538775510204082,0.234854372687121
0.00918367346938775,0.538775510204082,0.260649176848375
0.0122448979591837,0.538775510204082,0.28607945648639
0.0153061224489796,0.538775510204082,0.311170704380352
0.0183673469387755,0.538775510204082,0.335947644514962
0.0214285714285714,0.538775510204082,0.360434297706476
0.0244897959183673,0.538775510204082,0.38465406537926
0.0275510204081633,0.538775510204082,0.408629829495796
0.0306122448979592,0.538775510204082,0.432384067771663
0.0336734693877551,0.538775510204082,0.455938984436743
0.036734693877551,0.538775510204082,0.479316657955191
0.0397959183673469,0.538775510204082,0.502539208380926
0.0428571428571429,0.538775510204082,0.52562898854061
0.0459183673469388,0.538775510204082,0.548608805040381
0.0489795918367347,0.538775510204082,0.571502177532217
0.0520408163265306,0.538775510204082,0.5943336479298
0.0551020408163265,0.538775510204082,0.61712915577152
0.0581632653061225,0.538775510204082,0.639916502501731
0.0612244897959184,0.538775510204082,0.639476648755877
0.0642857142857143,0.538775510204082,0.620041673922926
0.0673469387755102,0.538775510204082,0.6011411487
0.0704081632653061,0.538775510204082,0.582763644502086
0.073469387755102,0.538775510204082,0.564892171448563
0.076530612244898,0.538775510204082,0.547507068417891
0.0795918367346939,0.538775510204082,0.530587669486297
0.0826530612244898,0.538775510204082,0.514113260037307
0.0857142857142857,0.538775510204082,0.498063615858405
0.0887755102040816,0.538775510204082,0.482419295155254
0.0918367346938776,0.538775510204082,0.467161783349441
0.0948979591836735,0.538775510204082,0.452273550171577
0.0979591836734694,0.538775510204082,0.437738054924659
0.101020408163265,0.538775510204082,0.423539721754851
0.104081632653061,0.538775510204082,0.409663898297056
0.107142857142857,0.538775510204082,0.396096805896462
0.110204081632653,0.538775510204082,0.382825486413186
0.113265306122449,0.538775510204082,0.369837748638857
0.116326530612245,0.538775510204082,0.357122116105629
0.119387755102041,0.538775510204082,0.344667777295072
0.122448979591837,0.538775510204082,0.332464538759317
0.125510204081633,0.538775510204082,0.320502781370924
0.128571428571429,0.538775510204082,0.308773419723578
0.131632653061224,0.538775510204082,0.297267864600927
0.13469387755102,0.538775510204082,0.285977988363547
0.137755102040816,0.538775510204082,0.274896093073487
0.140816326530612,0.538775510204082,0.264014881160432
0.143877551020408,0.538775510204082,0.253327428433725
0.146938775510204,0.538775510204082,0.242827159248827
0.15,0.538775510204082,0.232507823646494
0,0.555102040816327,0.183511650692951
0.00306122448979592,0.555102040816327,0.209643998737029
0.00612244897959184,0.555102040816327,0.235361497098523
0.00918367346938775,0.555102040816327,0.260691103781196
0.0122448979591837,0.555102040816327,0.28565889675708
0.0153061224489796,0.555102040816327,0.310290094980461
0.0183673469387755,0.555102040816327,0.334609104253435
0.0214285714285714,0.555102040816327,0.358639583309167
0.0244897959183673,0.555102040816327,0.382404526781799
0.0275510204081633,0.555102040816327,0.405926362918355
0.0306122448979592,0.555102040816327,0.429227064982919
0.0336734693877551,0.555102040816327,0.452328276361967
0.036734693877551,0.555102040816327,0.475251450423356
0.0397959183673469,0.555102040816327,0.498018007340109
0.0428571428571429,0.555102040816327,0.520649511362361
0.0459183673469388,0.555102040816327,0.543167873615049
0.0489795918367347,0.555102040816327,0.565595587501995
0.0520408163265306,0.555102040816327,0.587956006494169
0.0551020408163265,0.555102040816327,0.610273677771572
0.0581632653061225,0.555102040816327,0.632574750447945
0.0612244897959184,0.555102040816327,0.639541995485917
0.0642857142857143,0.555102040816327,0.620093197358805
0.0673469387755102,0.555102040816327,0.60117926494794
0.0704081632653061,0.555102040816327,0.582789049604087
0.073469387755102,0.555102040816327,0.564905695611383
0.076530612244898,0.555102040816327,0.547509590475024
0.0795918367346939,0.555102040816327,0.530580067294645
0.0826530612244898,0.555102040816327,0.514096382424478
0.0857142857142857,0.555102040816327,0.498038267559818
0.0887755102040816,0.555102040816327,0.48238622959063
0.0918367346938776,0.555102040816327,0.467121700112639
0.0948979591836735,0.555102040816327,0.45222709531521
0.0979591836734694,0.555102040816327,0.437685822856269
0.101020408163265,0.555102040816327,0.423482258011833
0.104081632653061,0.555102040816327,0.409601702746223
0.107142857142857,0.555102040816327,0.396030336078544
0.110204081632653,0.555102040816327,0.382755160865251
0.113265306122449,0.555102040816327,0.369763950093511
0.116326530612245,0.555102040816327,0.357045194514899
0.119387755102041,0.555102040816327,0.344588052649216
0.122448979591837,0.555102040816327,0.332382303694725
0.125510204081633,0.555102040816327,0.320418303565269
0.128571428571429,0.555102040816327,0.308686944088433
0.131632653061224,0.555102040816327,0.297179615282186
0.13469387755102,0.555102040816327,0.285888170562954
0.137755102040816,0.555102040816327,0.274804894705482
0.140816326530612,0.555102040816327,0.263922474357515
0.143877551020408,0.555102040816327,0.253233970914208
0.146938775510204,0.555102040816327,0.24273279555864
0.15,0.555102040816327,0.232412686287548
0,0.571428571428571,0.184974887513916
0.00306122448979592,0.571428571428571,0.210655183067526
0.00612244897959184,0.571428571428571,0.235923655788876
0.00918367346938775,0.571428571428571,0.26080710417498
0.0122448979591837,0.571428571428571,0.285331399308881
0.0153061224489796,0.571428571428571,0.309521508840894
0.0183673469387755,0.571428571428571,0.333401544834032
0.0214285714285714,0.571428571428571,0.356994830738851
0.0244897959183673,0.571428571428571,0.380323984069007
0.0275510204081633,0.571428571428571,0.403411012522407
0.0306122448979592,0.571428571428571,0.426277422346451
0.0336734693877551,0.571428571428571,0.448944338757732
0.036734693877551,0.571428571428571,0.471432639181515
0.0397959183673469,0.571428571428571,0.493763101134286
0.0428571428571429,0.571428571428571,0.515956567670335
0.0459183673469388,0.571428571428571,0.538034134724727
0.0489795918367347,0.571428571428571,0.560017366340184
0.0520408163265306,0.571428571428571,0.581928546055564
0.0551020408163265,0.571428571428571,0.603790975743377
0.0581632653061225,0.571428571428571,0.6256293375075
0.0612244897959184,0.571428571428571,0.639606425660116
0.0642857142857143,0.571428571428571,0.62014388899377
0.0673469387755102,0.571428571428571,0.601216612838341
0.0704081632653061,0.571428571428571,0.582813736013991
0.073469387755102,0.571428571428571,0.564918541691066
0.076530612244898,0.571428571428571,0.547511468981565
0.0795918367346939,0.571428571428571,0.530571851900035
0.0826530612244898,0.571428571428571,0.514078918984286
0.0857142857142857,0.571428571428571,0.498012358618312
0.0887755102040816,0.571428571428571,0.482352626884981
0.0918367346938776,0.571428571428571,0.46708110188722
0.0948979591836735,0.571428571428571,0.452180146493391
0.0979591836734694,0.571428571428571,0.43763311686461
0.101020408163265,0.571428571428571,0.423424339508197
0.104081632653061,0.571428571428571,0.409539070788866
0.107142857142857,0.571428571428571,0.395963447451812
0.110204081632653,0.571428571428571,0.382684433388949
0.113265306122449,0.571428571428571,0.369689765815375
0.116326530612245,0.571428571428571,0.356967902728462
0.119387755102041,0.571428571428571,0.344507972711113
0.122448979591837,0.571428571428571,0.332299727629384
0.125510204081633,0.571428571428571,0.320333498459933
0.128571428571429,0.571428571428571,0.308600154284832
0.131632653061224,0.571428571428571,0.297091064376567
0.13469387755102,0.571428571428571,0.28579806322743
0.137755102040816,0.571428571428571,0.27471341834443
0.140816326530612,0.571428571428571,0.263829800612885
0.143877551020408,0.571428571428571,0.253140257032613
0.146938775510204,0.571428571428571,0.242638185633268
0.15,0.571428571428571,0.232317312386005
0,0.587755102040816,0.186453885664742
0.00306122448979592,0.587755102040816,0.211699961544108
0.00612244897959184,0.587755102040816,0.236537157471333
0.00918367346938775,0.587755102040816,0.260992130394851
0.0122448979591837,0.587755102040816,0.285090563500845
0.0153061224489796,0.587755102040816,0.308857193472307
0.0183673469387755,0.587755102040816,0.33231586065097
0.0214285714285714,0.587755102040816,0.355489577285884
0.0244897959183673,0.587755102040816,0.378400610364411
0.0275510204081633,0.587755102040816,0.401070576678495
0.0306122448979592,0.587755102040816,0.423520548814718
0.0336734693877551,0.587755102040816,0.445771171705749
0.036734693877551,0.587755102040816,0.467842790295656
0.0397959183673469,0.587755102040816,0.489755589800861
0.0428571428571429,0.587755102040816,0.511529751069864
0.0459183673469388,0.587755102040816,0.533185624711047
0.0489795918367347,0.587755102040816,0.554743929151013
0.0520408163265306,0.587755102040816,0.576225979638962
0.0551020408163265,0.587755102040816,0.597653957795651
0.0581632653061225,0.587755102040816,0.619051234784615
0.0612244897959184,0.587755102040816,0.639669926668679
0.0642857142857143,0.587755102040816,0.620193738306427
0.0673469387755102,0.587755102040816,0.601253183458335
0.0704081632653061,0.587755102040816,0.58283769608049
0.073469387755102,0.587755102040816,0.564930703049497
0.076530612244898,0.587755102040816,0.547512698127763
0.0795918367346939,0.587755102040816,0.530563018184065
0.0826530612244898,0.587755102040816,0.514060865181236
0.0857142857142857,0.587755102040816,0.497985884997111
0.0887755102040816,0.587755102040816,0.48231848343121
0.0918367346938776,0.587755102040816,0.46703998543939
0.0948979591836735,0.587755102040816,0.452132700799454
0.0979591836734694,0.587755102040816,0.43757993433135
0.101020408163265,0.587755102040816,0.423365963880228
0.104081632653061,0.587755102040816,0.409476000287394
0.107142857142857,0.587755102040816,0.395896138079922
0.110204081632653,0.587755102040816,0.382613302228253
0.113265306122449,0.587755102040816,0.36961519420936
0.116326530612245,0.587755102040816,0.356890239296432
0.119387755102041,0.587755102040816,0.344427536160761
0.122448979591837,0.587755102040816,0.332216809360776
0.125510204081633,0.587755102040816,0.320248364958368
0.128571428571429,0.587755102040816,0.308513049312056
0.131632653061224,0.587755102040816,0.297002210970013
0.13469387755102,0.587755102040816,0.285707665521467
0.137755102040816,0.587755102040816,0.274621663226086
0.140816326530612,0.587755102040816,0.263736859226879
0.143877551020408,0.587755102040816,0.253046286148219
0.146938775510204,0.587755102040816,0.242543328885716
0.15,0.587755102040816,0.232221701403663
0,0.604081632653061,0.187947769325699
0.00306122448979592,0.604081632653061,0.212776218949202
0.00612244897959184,0.604081632653061,0.237198654168799
0.00918367346938775,0.604081632653061,0.261241606727598
0.0122448979591837,0.604081632653061,0.284930589143079
0.0153061224489796,0.604081632653061,0.308290125527882
0.0183673469387755,0.604081632653061,0.331343804375206
0.0214285714285714,0.604081632653061,0.354114348421613
0.0244897959183673,0.604081632653061,0.376623698025818
0.0275510204081633,0.604081632653061,0.398893105648132
0.0306122448979592,0.604081632653061,0.420943240028681
0.0336734693877551,0.604081632653061,0.442794299578376
0.036734693877551,0.604081632653061,0.464466135338966
0.0397959183673469,0.604081632653061,0.48597838475387
0.0428571428571429,0.604081632653061,0.507350618356622
0.0459183673469388,0.604081632653061,0.528602502571899
0.0489795918367347,0.604081632653061,0.549753983040731
0.0520408163265306,0.604081632653061,0.57082549453328
0.0551020408163265,0.604081632653061,0.591838205602568
0.0581632653061225,0.604081632653061,0.612814309122866
0.0612244897959184,0.604081632653061,0.633777373916784
0.0642857142857143,0.604081632653061,0.620242734648066
0.0673469387755102,0.604081632653061,0.601288967790268
0.0704081632653061,0.604081632653061,0.58286092206781
0.073469387755102,0.604081632653061,0.564942172980165
0.076530612244898,0.604081632653061,0.547513272050336
0.0795918367346939,0.604081632653061,0.530553560983632
0.0826530612244898,0.604081632653061,0.514042216443109
0.0857142857142857,0.604081632653061,0.497958842627646
0.0887755102040816,0.604081632653061,0.482283795595746
0.0918367346938776,0.604081632653061,0.466998347513871
0.0948979591836735,0.604081632653061,0.452084755308788
0.0979591836734694,0.604081632653061,0.437526272622202
0.101020408163265,0.604081632653061,0.423307128750891
0.104081632653061,0.604081632653061,0.4094124890931
0.107142857142857,0.604081632653061,0.395828406017409
0.110204081632653,0.604081632653061,0.382541765618787
0.113265306122449,0.604081632653061,0.369540233674011
0.116326530612245,0.604081632653061,0.356812202762798
0.119387755102041,0.604081632653061,0.344346741673534
0.122448979591837,0.604081632653061,0.332133547682248
0.125510204081633,0.604081632653061,0.320162901960455
0.128571428571429,0.604081632653061,0.308425628166181
0.131632653061224,0.604081632653061,0.296913054145853
0.13469387755102,0.604081632653061,0.285616976607266
0.137755102040816,0.604081632653061,0.274529628584244
0.140816326530612,0.604081632653061,0.263643649498469
0.143877551020408,0.604081632653061,0.252952057619164
0.146938775510204,0.604081632653061,0.242448224727702
0.15,0.604081632653061,0.232125852801235
0,0.620408163265306,0.189455739042752
0.00306122448979592,0.620408163265306,0.213882030492105
0.00612244897959184,0.620408163265306,0.237905101952539
0.00918367346938775,0.620408163265306,0.261551374856159
0.0122448979591837,0.620408163265306,0.284846206700247
0.0153061224489796,0.620408163265306,0.307813925696649
0.0183673469387755,0.620408163265306,0.330477886458416
0.0214285714285714,0.620408163265306,0.352860541783969
0.0244897959183673,0.620408163265306,0.374983526928731
0.0275510204081633,0.620408163265306,0.396867753905464
0.0306122448979592,0.620408163265306,0.418533514342302
0.0336734693877551,0.620408163265306,0.440000590308789
0.036734693877551,0.620408163265306,0.46128837332988
0.0397959183673469,0.620408163265306,0.482415992597623
0.0428571428571429,0.620408163265306,0.503402454208352
0.0459183673469388,0.620408163265306,0.524266794178957
0.0489795918367347,0.620408163265306,0.545028249087664
0.0520408163265306,0.620408163265306,0.565706449561956
0.0551020408163265,0.620408163265306,0.586321643653778
0.0581632653061225,0.620408163265306,0.606894959601627
0.0612244897959184,0.620408163265306,0.62744872089397
0.0642857142857143,0.620408163265306,0.620290867238222
0.0673469387755102,0.620408163265306,0.601323956713171
0.0704081632653061,0.620408163265306,0.582883406158467
0.073469387755102,0.620408163265306,0.56495294471023
0.076530612244898,0.620408163265306,0.547513184830111
0.0795918367346939,0.620408163265306,0.530543475088759
0.0826530612244898,0.620408163265306,0.514022968159012
0.0857142857142857,0.620408163265306,0.497931227410256
0.0887755102040816,0.620408163265306,0.482248559718721
0.0918367346938776,0.620408163265306,0.466956184832616
0.0948979591836735,0.620408163265306,0.452036307077676
0.0979591836734694,0.620408163265306,0.437472129087452
0.101020408163265,0.620408163265306,0.423247831729858
0.104081632653061,0.620408163265306,0.409348535045792
0.107142857142857,0.620408163265306,0.395760249309072
0.110204081632653,0.620408163265306,0.382469821788522
0.113265306122449,0.620408163265306,0.369464882600528
0.116326530612245,0.620408163265306,0.356733791665758
0.119387755102041,0.620408163265306,0.344265587919508
0.122448979591837,0.620408163265306,0.332049941382744
0.125510204081633,0.620408163265306,0.320077108362333
0.128571428571429,0.620408163265306,0.308337889840284
0.131632653061224,0.620408163265306,0.296823592984692
0.13469387755102,0.620408163265306,0.28552599564484
0.137755102040816,0.620408163265306,0.274437313650907
0.140816326530612,0.620408163265306,0.263550170724764
0.143877551020408,0.620408163265306,0.252857570801896
0.146938775510204,0.620408163265306,0.242352872569908
0.15,0.620408163265306,0.23202976603852
0,0.636734693877551,0.190977064085752
0.00306122448979592,0.636734693877551,0.215015640986238
0.00612244897959184,0.636734693877551,0.238653726982811
0.00918367346938775,0.636734693877551,0.261917646785695
0.0122448979591837,0.636734693877551,0.284832617102008
0.0153061224489796,0.636734693877551,0.307422785364796
0.0183673469387755,0.636734693877551,0.329711288579457
0.0214285714285714,0.636734693877551,0.351720327301964
0.0244897959183673,0.636734693877551,0.373471251113498
0.0275510204081633,0.636734693877551,0.394984653098772
0.0306122448979592,0.636734693877551,0.41628047180862
0.0336734693877551,0.636734693877551,0.437378100041596
0.036734693877551,0.636734693877551,0.458296500550019
0.0397959183673469,0.636734693877551,0.479054329500447
0.0428571428571429,0.636734693877551,0.499670069277455
0.0459183673469388,0.636734693877551,0.520162173027335
0.0489795918367347,0.636734693877551,0.540549224303678
0.0520408163265306,0.636734693877551,0.560850116366239
0.0551020408163265,0.636734693877551,0.58108425722142
0.0581632653061225,0.636734693877551,0.601271808592431
0.0612244897959184,0.636734693877551,0.621433969832786
0.0642857142857143,0.636734693877551,0.620338125162705
0.0673469387755102,0.636734693877551,0.601358141000463
0.0704081632653061,0.636734693877551,0.582905140449223
0.073469387755102,0.636734693877551,0.564963011397371
0.076530612244898,0.636734693877551,0.547512430491235
0.0795918367346939,0.636734693877551,0.530532755244925
0.0826530612244898,0.636734693877551,0.514003115680798
0.0857142857142857,0.636734693877551,0.497903035213927
0.0887755102040816,0.636734693877551,0.4822127721145
0.0918367346938776,0.636734693877551,0.466913494096465
0.0948979591836735,0.636734693877551,0.451987353144067
0.0979591836734694,0.636734693877551,0.437417501061804
0.101020408163265,0.636734693877551,0.42318807041379
0.104081632653061,0.636734693877551,0.409284135974275
0.107142857142857,0.636734693877551,0.395691665990213
0.110204081632653,0.636734693877551,0.382397468956987
0.113265306122449,0.636734693877551,0.369389139373476
0.116326530612245,0.636734693877551,0.356655004537754
0.119387755102041,0.636734693877551,0.344184073563891
0.122448979591837,0.636734693877551,0.331965989247141
0.125510204081633,0.636734693877551,0.319990983056701
0.128571428571429,0.636734693877551,0.3082498333243
0.131632653061224,0.636734693877551,0.296733826564509
0.13469387755102,0.636734693877551,0.285434721791792
0.137755102040816,0.636734693877551,0.274344717655996
0.140816326530612,0.636734693877551,0.263456422201531
0.143877551020408,0.636734693877551,0.252762825051734
0.146938775510204,0.636734693877551,0.242257271821691
0.15,0.636734693877551,0.23193344057431
0,0.653061224489796,0.192511075671192
0.00306122448979592,0.653061224489796,0.216175446699938
0.00612244897959184,0.653061224489796,0.239441996029358
0.00918367346938775,0.653061224489796,0.262336964053028
0.0122448979591837,0.653061224489796,0.284885439638702
0.0153061224489796,0.653061224489796,0.307111403174066
0.0183673469387755,0.653061224489796,0.329037788808906
0.0214285714285714,0.653061224489796,0.350686560879366
0.0244897959183673,0.653061224489796,0.372078800861494
0.0275510204081633,0.653061224489796,0.393234802341335
0.0306122448979592,0.653061224489796,0.414174172455011
0.0336734693877551,0.653061224489796,0.434915939076929
0.036734693877551,0.653061224489796,0.455478663767386
0.0397959183673469,0.653061224489796,0.475880561173833
0.0428571428571429,0.653061224489796,0.496139626268149
0.0459183673469388,0.653061224489796,0.516273771528182
0.0489795918367347,0.653061224489796,0.536300977016542
0.0520408163265306,0.653061224489796,0.556239457345039
0.0551020408163265,0.653061224489796,0.576107850840121
0.0581632653061225,0.653061224489796,0.595925437979471
0.0612244897959184,0.653061224489796,0.615712398599895
0.0642857142857143,0.653061224489796,0.620384497374264
0.0673469387755102,0.653061224489796,0.601391511318603
0.0704081632653061,0.653061224489796,0.582926116951675
0.073469387755102,0.653061224489796,0.564972366130498
0.076530612244898,0.653061224489796,0.547511003002669
0.0795918367346939,0.653061224489796,0.530521396150765
0.0826530612244898,0.653061224489796,0.513982654321437
0.0857142857142857,0.653061224489796,0.49787426187519
0.0887755102040816,0.653061224489796,0.482176429069964
0.0918367346938776,0.653061224489796,0.466870271982989
0.0948979591836735,0.653061224489796,0.451937890527115
0.0979591836734694,0.653061224489796,0.437362385864103
0.101020408163265,0.653061224489796,0.423127842385847
0.104081632653061,0.653061224489796,0.40921928969604
0.107142857142857,0.653061224489796,0.395622654086543
0.110204081632653,0.653061224489796,0.382324705335612
0.113265306122449,0.653061224489796,0.369313002370423
0.116326530612245,0.653061224489796,0.356575839905186
0.119387755102041,0.653061224489796,0.344102197266853
0.122448979591837,0.653061224489796,0.331881690055771
0.125510204081633,0.653061224489796,0.319904524932374
0.128571428571429,0.653061224489796,0.30816145760502
0.131632653061224,0.653061224489796,0.296643753960599
0.13469387755102,0.653061224489796,0.285343154203719
0.137755102040816,0.653061224489796,0.274251839827603
0.140816326530612,0.653061224489796,0.26336240322267
0.143877551020408,0.653061224489796,0.252667819722432
0.146938775510204,0.653061224489796,0.242161421891342
0.15,0.653061224489796,0.231836875866409
0,0.669387755102041,0.194057160940816
0.00306122448979592,0.669387755102041,0.217359979489957
0.00612244897959184,0.669387755102041,0.240267590791635
0.00918367346938775,0.669387755102041,0.262806162254587
0.0122448979591837,0.669387755102041,0.285000666698244
0.0153061224489796,0.669387755102041,0.306874929943068
0.0183673469387755,0.669387755102041,0.328451696671342
0.0214285714285714,0.669387755102041,0.349752709525738
0.0244897959183673,0.669387755102041,0.370798797786746
0.0275510204081633,0.669387755102041,0.391609973118374
0.0306122448979592,0.669387755102041,0.412205530810648
0.0336734693877551,0.669387755102041,0.432604155766139
0.036734693877551,0.669387755102041,0.452824033167365
0.0397959183673469,0.669387755102041,0.472882964417183
0.0428571428571429,0.669387755102041,0.492798489547364
0.0459183673469388,0.669387755102041,0.512588017985501
0.0489795918367347,0.669387755102041,0.532268970279256
0.0520408163265306,0.669387755102041,0.551858934296357
0.0551020408163265,0.669387755102041,0.571375840553471
0.0581632653061225,0.669387755102041,0.590838162857147
0.0612244897959184,0.669387755102041,0.610265152437509
0.0642857142857143,0.669387755102041,0.620429972690232
0.0673469387755102,0.669387755102041,0.601424058226577
0.0704081632653061,0.669387755102041,0.582946327590133
0.073469387755102,0.669387755102041,0.564981001928033
0.076530612244898,0.669387755102041,0.5475088962755
0.0795918367346939,0.669387755102041,0.530509392457445
0.0826530612244898,0.669387755102041,0.513961579355684
0.0857142857142857,0.669387755102041,0.497844903199078
0.0887755102040816,0.669387755102041,0.48213952684573
0.0918367346938776,0.669387755102041,0.466826515148137
0.0948979591836735,0.669387755102041,0.451887916227258
0.0979591836734694,0.669387755102041,0.437306780797045
0.101020408163265,0.669387755102041,0.42306714521572
0.104081632653061,0.669387755102041,0.409153994017068
0.107142857142857,0.669387755102041,0.395553211614018
0.110204081632653,0.669387755102041,0.38225152912766
0.113265306122449,0.669387755102041,0.369236469961944
0.116326530612245,0.669387755102041,0.356496296288487
0.119387755102041,0.669387755102041,0.344019957683413
0.122448979591837,0.669387755102041,0.331797042584932
0.125510204081633,0.669387755102041,0.319817732874635
0.128571428571429,0.669387755102041,0.308072761666136
0.131632653061224,0.669387755102041,0.29655337424567
0.13469387755102,0.669387755102041,0.285251292033722
0.137755102040816,0.669387755102041,0.274158679391916
0.140816326530612,0.669387755102041,0.263268113080458
0.143877551020408,0.669387755102041,0.25257255416647
0.146938775510204,0.669387755102041,0.242065322185919
0.15,0.669387755102041,0.231740071371639
0,0.685714285714286,0.195614757604495
0.00306122448979592,0.685714285714286,0.218567892885933
0.00612244897959184,0.685714285714286,0.241128385459064
0.00918367346938775,0.685714285714286,0.263322340096368
0.0122448979591837,0.685714285714286,0.285174624306138
0.0153061224489796,0.685714285714286,0.306708920684438
0.0183673469387755,0.685714285714286,0.327947796602025
0.0214285714285714,0.685714285714286,0.348912786187525
0.0244897959183673,0.685714285714286,0.369624480955472
0.0275510204081633,0.685714285714286,0.390102626572945
0.0306122448979592,0.685714285714286,0.410366224194684
0.0336734693877551,0.685714285714286,0.430433635591422
0.036734693877551,0.685714285714286,0.450322691956522
0.0397959183673469,0.685714285714286,0.470050806890313
0.0428571428571429,0.685714285714286,0.489635094634678
0.0459183673469388,0.685714285714286,0.509092495229262
0.0489795918367347,0.685714285714286,0.528439908910963
0.0520408163265306,0.685714285714286,0.54769434287822
0.0551020408163265,0.685714285714286,0.566873074531696
0.0581632653061225,0.685714285714286,0.585993836576543
0.0612244897959184,0.685714285714286,0.605075031128616
0.0642857142857143,0.685714285714286,0.620474539788701
0.0673469387755102,0.685714285714286,0.601455772173873
0.0704081632653061,0.685714285714286,0.582965764202875
0.073469387755102,0.685714285714286,0.564988911738665
0.076530612244898,0.685714285714286,0.547506104163583
0.0795918367346939,0.685714285714286,0.530496738769832
0.0826530612244898,0.685714285714286,0.513939886019149
0.0857142857142857,0.685714285714286,0.497814954957725
0.0887755102040816,0.685714285714286,0.482102061675471
0.0918367346938776,0.685714285714286,0.466782220224671
0.0948979591836735,0.685714285714286,0.451837427225823
0.0979591836734694,0.685714285714286,0.437250683147646
0.101020408163265,0.685714285714286,0.423005976459759
0.104081632653061,0.685714285714286,0.409088246732048
0.107142857142857,0.685714285714286,0.395483336579295
0.110204081632653,0.685714285714286,0.38217793852835
0.113265306122449,0.685714285714286,0.369159540511927
0.116326530612245,0.685714285714286,0.356416372202314
0.119387755102041,0.685714285714286,0.343937353463713
0.122448979591837,0.685714285714286,0.331712045606363
0.125510204081633,0.685714285714286,0.319730605765079
0.128571428571429,0.685714285714286,0.307983744488308
0.131632653061224,0.685714285714286,0.296462686489736
0.13469387755102,0.685714285714286,0.285159134432778
0.137755102040816,0.685714285714286,0.274065235573139
0.140816326530612,0.685714285714286,0.263173551065695
0.143877551020408,0.685714285714286,0.252477027734882
0.146938775510204,0.685714285714286,0.24196897211136
0.15,0.685714285714286,0.231643026545745
0,0.702040816326531,0.197183349165437
0.00306122448979592,0.702040816326531,0.219797949855013
0.00612244897959184,0.702040816326531,0.242022427039055
0.00918367346938775,0.702040816326531,0.263882832302522
0.0122448979591837,0.702040816326531,0.285403937617536
0.0153061224489796,0.702040816326531,0.306609292664334
0.0183673469387755,0.702040816326531,0.32752129854336
0.0214285714285714,0.702040816326531,0.348161292836393
0.0244897959183673,0.702040816326531,0.368549642388272
0.0275510204081633,0.702040816326531,0.388705841318406
0.0306122448979592,0.702040816326531,0.408648612705411
0.0336734693877551,0.702040816326531,0.428396013156304
0.036734693877551,0.702040816326531,0.447965540117792
0.0397959183673469,0.702040816326531,0.467374242354801
0.0428571428571429,0.702040816326531,0.486638834563335
0.0459183673469388,0.702040816326531,0.50577581761362
0.0489795918367347,0.702040816326531,0.524801606515113
0.0520408163265306,0.702040816326531,0.543732668886764
0.0551020408163265,0.702040816326531,0.562585677563468
0.0581632653061225,0.702040816326531,0.58137768209788
0.0612244897959184,0.702040816326531,0.600126305394981
0.0642857142857143,0.702040816326531,0.618849973760173
0.0673469387755102,0.702040816326531,0.601486643499671
0.0704081632653061,0.702040816326531,0.582984418538571
0.073469387755102,0.702040816326531,0.564996088438625
0.076530612244898,0.702040816326531,0.547502620462458
0.0795918367346939,0.702040816326531,0.530483429644632
0.0826530612244898,0.702040816326531,0.513917569507831
0.0857142857142857,0.702040816326531,0.497784412891203
0.0887755102040816,0.702040816326531,0.482064029765742
0.0918367346938776,0.702040816326531,0.466737383822922
0.0948979591836735,0.702040816326531,0.451786420485008
0.0979591836734694,0.702040816326531,0.437194090186992
0.101020408163265,0.702040816326531,0.422944333660687
0.104081632653061,0.702040816326531,0.409022045624166
0.107142857142857,0.702040816326531,0.395413026978863
0.110204081632653,0.702040816326531,0.382103931724371
0.113265306122449,0.702040816326531,0.369082212376625
0.116326530612245,0.702040816326531,0.35633606615542
0.119387755102041,0.702040816326531,0.343854383252757
0.122448979591837,0.702040816326531,0.331626697887738
0.125510204081633,0.702040816326531,0.319643142481592
0.128571428571429,0.702040816326531,0.307894405048921
0.131632653061224,0.702040816326531,0.296371689760178
0.13469387755102,0.702040816326531,0.285066680549526
0.137755102040816,0.702040816326531,0.273971507593534
0.140816326530612,0.702040816326531,0.26307871646737
0.143877551020408,0.702040816326531,0.252381239777422
0.146938775510204,0.702040816326531,0.241872371072408
0.15,0.702040816326531,0.231545740843653
0,0.718367346938776,0.198762460657523
0.00306122448979592,0.718367346938776,0.221049012009193
0.00612244897959184,0.718367346938776,0.242947918060856
0.00918367346938775,0.718367346938776,0.264485185829907
0.0122448979591837,0.718367346938776,0.285685500643177
0.0153061224489796,0.718367346938776,0.30657228863131
0.0183673469387755,0.718367346938776,0.327167794650905
0.0214285714285714,0.718367346938776,0.347493170606365
0.0244897959183673,0.718367346938776,0.367568570569019
0.0275510204081633,0.718367346938776,0.387413250236398
0.0306122448979592,0.718367346938776,0.407045669190375
0.0336734693877551,0.718367346938776,0.426483595178426
0.036734693877551,0.718367346938776,0.44574421024498
0.0397959183673469,0.718367346938776,0.464844219098744
0.0428571428571429,0.718367346938776,0.483799960584373
0.0459183673469388,0.718367346938776,0.502627523620929
0.0489795918367347,0.718367346938776,0.521342869496986
0.0520408163265306,0.718367346938776,0.539961963018224
0.0551020408163265,0.718367346938776,0.5585009157454
0.0581632653061225,0.718367346938776,0.576976145534874
0.0612244897959184,0.718367346938776,0.59540455784319
0.0642857142857143,0.718367346938776,0.613803756038094
0.0673469387755102,0.718367346938776,0.601516662431019
0.0704081632653061,0.718367346938776,0.583002282257105
0.073469387755102,0.718367346938776,0.565002524832709
0.076530612244898,0.718367346938776,0.547498438908783
0.0795918367346939,0.718367346938776,0.530469459590389
0.0826530612244898,0.718367346938776,0.513894624978529
0.0857142857142857,0.718367346938776,0.497753272706179
0.0887755102040816,0.718367346938776,0.482025427295241
0.0918367346938776,0.718367346938776,0.466692002530395
0.0948979591836735,0.718367346938776,0.45173489294794
0.0979591836734694,0.718367346938776,0.437136999169457
0.101020408163265,0.718367346938776,0.422882214347546
0.104081632653061,0.718367346938776,0.408955388465175
0.107142857142857,0.718367346938776,0.395342280799791
0.110204081632653,0.718367346938776,0.382029506894405
0.113265306122449,0.718367346938776,0.369004483905766
0.116326530612245,0.718367346938776,0.356255376650284
0.119387755102041,0.718367346938776,0.343771045690391
0.122448979591837,0.718367346938776,0.331540998192196
0.125510204081633,0.718367346938776,0.319555341898535
0.128571428571429,0.718367346938776,0.307804742322353
0.131632653061224,0.718367346938776,0.296280383121676
0.13469387755102,0.718367346938776,0.284973929530367
0.137755102040816,0.718367346938776,0.273877494673587
0.140816326530612,0.718367346938776,0.262983608573002
0.143877551020408,0.718367346938776,0.252285189642296
0.146938775510204,0.718367346938776,0.241775518472632
0.15,0.718367346938776,0.231448213719134
0,0.73469387755102,0.200351654833846
0.00306122448979592,0.73469387755102,0.222320030063752
0.00612244897959184,0.73469387755102,0.243903201325281
0.00918367346938775,0.73469387755102,0.265127138921344
0.0122448979591837,0.73469387755102,0.286016449611098
0.0153061224489796,0.73469387755102,0.306594444476809
0.0183673469387755,0.73469387755102,0.326883221232931
0.0214285714285714,0.73469387755102,0.346903755978003
0.0244897959183673,0.73469387755102,0.36667600082103
0.0275510204081633,0.73469387755102,0.386218984968218
0.0306122448979592,0.73469387755102,0.405550917762435
0.0336734693877551,0.73469387755102,0.424689292904859
0.036734693877551,0.73469387755102,0.443650993696903
0.0397959183673469,0.73469387755102,0.462452399631424
0.0428571428571429,0.73469387755102,0.481109495150116
0.0459183673469388,0.73469387755102,0.499637981804576
0.0489795918367347,0.73469387755102,0.518053395543884
0.0520408163265306,0.73469387755102,0.536371231382268
0.0551020408163265,0.73469387755102,0.55460707835671
0.0581632653061225,0.73469387755102,0.57277676849518
0.0612244897959184,0.73469387755102,0.59089654464426
0.0642857142857143,0.73469387755102,0.6089832534684
0.0673469387755102,0.73469387755102,0.601545819081902
0.0704081632653061,0.73469387755102,0.583019346927049
0.073469387755102,0.73469387755102,0.565008213652397
0.076530612244898,0.73469387755102,0.547493553180406
0.0795918367346939,0.73469387755102,0.530454823067319
0.0826530612244898,0.73469387755102,0.513871047547378
0.0857142857142857,0.73469387755102,0.497721530076226
0.0887755102040816,0.73469387755102,0.48198625041546
0.0918367346938776,0.73469387755102,0.466646072911296
0.0948979591836735,0.73469387755102,0.451682841538557
0.0979591836734694,0.73469387755102,0.437079407333781
0.101020408163265,0.73469387755102,0.422819616035715
0.104081632653061,0.73469387755102,0.408888273015112
0.107142857142857,0.73469387755102,0.395271096019089
0.110204081632653,0.73469387755102,0.381954662208527
0.113265306122449,0.73469387755102,0.368926353441966
0.116326530612245,0.73469387755102,0.356174302183606
0.119387755102041,0.73469387755102,0.343687339411459
0.122448979591837,0.73469387755102,0.331454945278789
0.125510204081633,0.73469387755102,0.31946720288638
0.128571428571429,0.73469387755102,0.307714755279793
0.131632653061224,0.73469387755102,0.296188765636242
0.13469387755102,0.73469387755102,0.284880880519497
0.137755102040816,0.73469387755102,0.27378319603165
0.140816326530612,0.73469387755102,0.26288822666835
0.143877551020408,0.73469387755102,0.252188876676431
0.146938775510204,0.73469387755102,0.241678413714477
0.15,0.73469387755102,0.231350444625182
0,0.751020408163265,0.201950528750933
0.00306122448979592,0.751020408163265,0.223610035378253
0.00612244897959184,0.751020408163265,0.244886746421643
0.00918367346938775,0.751020408163265,0.265806602609702
0.0122448979591837,0.751020408163265,0.286394139461171
0.0153061224489796,0.751020408163265,0.306672560714571
0.0183673469387755,0.751020408163265,0.326663825197072
0.0214285714285714,0.751020408163265,0.34638874216275
0.0244897959183673,0.751020408163265,0.365867071583841
0.0275510204081633,0.751020408163265,0.385117627028835
0.0306122448979592,0.751020408163265,0.404158379662655
0.0336734693877551,0.751020408163265,0.423006562624693
0.036734693877551,0.751020408163265,0.441678775620998
0.0397959183673469,0.751020408163265,0.460191090050089
0.0428571428571429,0.751020408163265,0.478559155410863
0.0459183673469388,0.751020408163265,0.496798308148338
0.0489795918367347,0.751020408163265,0.514923684513105
0.0520408163265306,0.751020408163265,0.532950339483287
0.0551020408163265,0.751020408163265,0.550893374367747
0.0581632653061225,0.751020408163265,0.568768076424841
0.0612244897959184,0.751020408163265,0.586590074774483
0.0642857142857143,0.751020408163265,0.604375518168274
0.0673469387755102,0.751020408163265,0.601574103452272
0.0704081632653061,0.751020408163265,0.583035604026791
0.073469387755102,0.751020408163265,0.565013147555297
0.076530612244898,0.751020408163265,0.547487956895114
0.0795918367346939,0.751020408163265,0.530439514486381
0.0826530612244898,0.751020408163265,0.51384683229084
0.0857142857142857,0.751020408163265,0.497689180642023
0.0887755102040816,0.751020408163265,0.481946495249955
0.0918367346938776,0.751020408163265,0.466599591506577
0.0948979591836735,0.751020408163265,0.451630263160841
0.0979591836734694,0.751020408163265,0.437021311901866
0.101020408163265,0.751020408163265,0.422756536226824
0.104081632653061,0.751020408163265,0.408820697022365
0.107142857142857,0.751020408163265,0.39519947060425
0.110204081632653,0.751020408163265,0.381879395828829
0.113265306122449,0.751020408163265,0.368847819320778
0.116326530612245,0.751020408163265,0.356092841246143
0.119387755102041,0.751020408163265,0.34360326304574
0.122448979591837,0.751020408163265,0.331368537901962
0.125510204081633,0.751020408163265,0.319378724311947
0.128571428571429,0.751020408163265,0.307624442889223
0.131632653061224,0.751020408163265,0.296096836363265
0.13469387755102,0.751020408163265,0.284787532658789
0.137755102040816,0.751020408163265,0.273688610884322
0.140816326530612,0.751020408163265,0.262792570037605
0.143877551020408,0.751020408163265,0.252092300225423
0.146938775510204,0.751020408163265,0.241581056199154
0.15,0.751020408163265,0.231252433013528
0,0.76734693877551,0.203558710705632
0.00306122448979592,0.76734693877551,0.224918132439648
0.00612244897959184,0.76734693877551,0.245897137774629
0.00918367346938775,0.76734693877551,0.266521644341848
0.0122448979591837,0.76734693877551,0.286816123047587
0.0153061224489796,0.76734693877551,0.306803677257467
0.0183673469387755,0.76734693877551,0.326506134387008
0.0214285714285714,0.76734693877551,0.345944144974961
0.0244897959183673,0.76734693877551,0.365137285784409
0.0275510204081633,0.76734693877551,0.384104164621144
0.0306122448979592,0.76734693877551,0.402862525457547
0.0336734693877551,0.76734693877551,0.421429353152579
0.036734693877551,0.76734693877551,0.439820977618012
0.0397959183673469,0.76734693877551,0.458053177740342
0.0428571428571429,0.76734693877551,0.476141285769267
0.0459183673469388,0.76734693877551,0.494100293249995
0.0489795918367347,0.76734693877551,0.511944959962284
0.0520408163265306,0.76734693877551,0.529689927732213
0.0551020408163265,0.76734693877551,0.54734984149894
0.0581632653061225,0.76734693877551,0.564939480620984
0.0612244897959184,0.76734693877551,0.582473904236648
0.0642857142857143,0.76734693877551,0.599968615577163
0.0673469387755102,0.76734693877551,0.601601505424708
0.0704081632653061,0.76734693877551,0.583051044941019
0.073469387755102,0.76734693877551,0.565017319125383
0.076530612244898,0.76734693877551,0.5474816436096
0.0795918367346939,0.76734693877551,0.530423528209529
0.0826530612244898,0.76734693877551,0.513821974244289
0.0857142857142857,0.76734693877551,0.497656220009908
0.0887755102040816,0.76734693877551,0.481906157894513
0.0918367346938776,0.76734693877551,0.466552554834386
0.0948979591836735,0.76734693877551,0.451577154699652
0.0979591836734694,0.76734693877551,0.43696271007963
0.101020408163265,0.76734693877551,0.422692972408782
0.104081632653061,0.76734693877551,0.408752658223929
0.107142857142857,0.76734693877551,0.395127402512529
0.110204081632653,0.76734693877551,0.381803705908824
0.113265306122449,0.76734693877551,0.368768879870438
0.116326530612245,0.76734693877551,0.356010992322418
0.119387755102041,0.76734693877551,0.343518815217772
0.122448979591837,0.76734693877551,0.331281774811917
0.125510204081633,0.76734693877551,0.31928990503856
0.128571428571429,0.76734693877551,0.307533804115666
0.131632653061224,0.76734693877551,0.296004594359417
0.13469387755102,0.76734693877551,0.284693885087796
0.137755102040816,0.76734693877551,0.273593738446272
0.140816326530612,0.76734693877551,0.262696637963363
0.143877551020408,0.76734693877551,0.251995459633363
0.146938775510204,0.76734693877551,0.241483445326722
0.15,0.76734693877551,0.231154178335158
0,0.783673469387755,0.205175857480518
0.00306122448979592,0.783673469387755,0.2262434921658
0.00612244897959184,0.783673469387755,0.246933064023421
0.00918367346938775,0.783673469387755,0.267270473440509
0.0122448979591837,0.783673469387755,0.28728013268956
0.0153061224489796,0.783673469387755,0.306985051052582
0.0183673469387755,0.783673469387755,0.326406931290115
0.0214285714285714,0.783673469387755,0.345566272591437
0.0244897959183673,0.783673469387755,0.364482476617148
0.0275510204081633,0.783673469387755,0.383173954394854
0.0306122448979592,0.783673469387755,0.401658232712998
0.0336734693877551,0.783673469387755,0.419952059349613
0.036734693877551,0.783673469387755,0.438071507007867
0.0397959183673469,0.783673469387755,0.456032076268668
0.0428571428571429,0.783673469387755,0.473848798249961
0.0459183673469388,0.783673469387755,0.491536337979597
0.0489795918367347,0.783673469387755,0.509109099855885
0.0520408163265306,0.783673469387755,0.526581336913564
0.0551020408163265,0.783673469387755,0.54396726605678
0.0581632653061225,0.783673469387755,0.561281191966949
0.0612244897959184,0.783673469387755,0.57853764307826
0.0642857142857143,0.783673469387755,0.595751523972459
0.0673469387755102,0.783673469387755,0.601628014767092
0.0704081632653061,0.783673469387755,0.583065660961977
0.073469387755102,0.783673469387755,0.565020720870329
0.076530612244898,0.783673469387755,0.547474606820799
0.0795918367346939,0.783673469387755,0.530406858548076
0.0826530612244898,0.783673469387755,0.513796468402596
0.0857142857142857,0.783673469387755,0.49762264375296
0.0887755102040816,0.783673469387755,0.481865234416664
0.0918367346938776,0.783673469387755,0.466504959388634
0.0948979591836735,0.783673469387755,0.451523513020399
0.0979591836734694,0.783673469387755,0.43690359905606
0.101020408163265,0.783673469387755,0.422628922055145
0.104081632653061,0.783673469387755,0.408684154344754
0.107142857142857,0.783673469387755,0.395054889691543
0.110204081632653,0.783673469387755,0.381727590593686
0.113265306122449,0.783673469387755,0.368689533412445
0.116326530612245,0.783673469387755,0.355928753891248
0.119387755102041,0.783673469387755,0.343433994547038
0.122448979591837,0.783673469387755,0.33119465475462
0.125510204081633,0.783673469387755,0.319200743925522
0.128571428571429,0.783673469387755,0.307442837920782
0.131632653061224,0.783673469387755,0.295912038678775
0.13469387755102,0.783673469387755,0.284599936943845
0.137755102040816,0.783673469387755,0.273498577930049
0.140816326530612,0.783673469387755,0.262600429726456
0.143877551020408,0.783673469387755,0.25189835424309
0.146938775510204,0.783673469387755,0.241385580496163
0.15,0.783673469387755,0.231055680040014
0,0.8,0.206801651863781
0.00306122448979592,0.8,0.227585345928172
0.00612244897959184,0.8,0.247993308558797
0.00918367346938775,0.8,0.268051428167285
0.0122448979591837,0.8,0.287784063763065
0.0153061224489796,0.8,0.307214136199141
0.0183673469387755,0.8,0.326363229673207
0.0214285714285714,0.8,0.345251698686228
0.0244897959183673,0.8,0.363898777150864
0.0275510204081633,0.8,0.382322687488474
0.0306122448979592,0.8,0.400540748424295
0.0336734693877551,0.8,0.418569480873497
0.036734693877551,0.8,0.436424711820621
0.0397959183673469,0.8,0.454121676512811
0.0428571428571429,0.8,0.471675119640585
0.0459183673469388,0.8,0.489099396469383
0.0489795918367347,0.8,0.506408575210043
0.0520408163265306,0.8,0.523616542229272
0.0551020408163265,0.8,0.540737112072776
0.0581632653061225,0.8,0.557784144760726
0.0612244897959184,0.8,0.574771673409701
0.0642857142857143,0.8,0.591714046026784
0.0673469387755102,0.8,0.601653621126525
0.0704081632653061,0.8,0.583079443286456
0.073469387755102,0.8,0.565023345222704
0.076530612244898,0.8,0.547466839962694
0.0795918367346939,0.8,0.53038949976387
0.0826530612244898,0.8,0.51377030971837
0.0857142857142857,0.8,0.497588447409541
0.0887755102040816,0.8,0.481823720855391
0.0918367346938776,0.8,0.466456801640225
0.0948979591836735,0.8,0.451469334968038
0.0979591836734694,0.8,0.436843976003804
0.101020408163265,0.8,0.422564382626183
0.104081632653061,0.8,0.408615183098103
0.107142857142857,0.8,0.394981930078883
0.110204081632653,0.8,0.381651048020105
0.113265306122449,0.8,0.368609778260744
0.116326530612245,0.8,0.355846124424962
0.119387755102041,0.8,0.34334879964787
0.122448979591837,0.8,0.331107176471475
0.125510204081633,0.8,0.319111239828707
0.128571428571429,0.8,0.307351543263254
0.131632653061224,0.8,0.295819168372601
0.13469387755102,0.8,0.284505687362085
0.137755102040816,0.8,0.273403128546529
0.140816326530612,0.8,0.262503944606266
0.143877551020408,0.8,0.25180098339591
0.146938775510204,0.8,0.241287461105167
0.15,0.8,0.230956937577021
